family,domain,screen_id,screen_name,screen_figma_node,widget_id,widget_name,widget_figma_node,parent_section,widget_type,data_behaviour,data_classification,api_command,http_method,live_route,join_status,notes
LO,,PER-LO-S01,Life Operations Setup,353:6809,PER-LO-S01-W001,Runtime Entry Count,1012:12898,Intelligence OS Header,Dynamic Badge,Read / derived,PROJECTION_READ,Personal Runtime Summary,GET,LIVE_READ_FAMILY,WIRED,Live read + client consume
LO,,PER-LO-S01,Life Operations Setup,353:6809,PER-LO-S01-W002,Financials Setup Tab,1012:12957,Setup Category Tabs,Navigation Tab,Local UI state,LOCAL_UI,LOCAL_ONLY,LOCAL,LOCAL,LOCAL_ONLY,UI-only / navigation
LO,,PER-LO-S01,Life Operations Setup,353:6809,PER-LO-S01-W003,Wellbeing Setup Tab,1012:12960,Setup Category Tabs,Navigation Tab,Local UI state,LOCAL_UI,LOCAL_ONLY,LOCAL,LOCAL,LOCAL_ONLY,UI-only / navigation
LO,,PER-LO-S01,Life Operations Setup,353:6809,PER-LO-S01-W004,Routine Setup Tab,1012:12963,Setup Category Tabs,Navigation Tab,Local UI state,LOCAL_UI,LOCAL_ONLY,LOCAL,LOCAL,LOCAL_ONLY,UI-only / navigation
LO,,PER-LO-S01,Life Operations Setup,353:6809,PER-LO-S01-W005,Personal Setup Tab,1012:12966,Setup Category Tabs,Navigation Tab,Local UI state,LOCAL_UI,LOCAL_ONLY,LOCAL,LOCAL,LOCAL_ONLY,UI-only / navigation
LO,,PER-LO-S01,Life Operations Setup,353:6809,PER-LO-S01-W006,Close Setup,1012:12940,Setup Navigation,CTA / Navigation,Local UI state,LOCAL_UI,LOCAL_ONLY,LOCAL,LOCAL,LOCAL_ONLY,UI-only / navigation
LO,,PER-LO-S01,Life Operations Setup,353:6809,PER-LO-S01-W007,Life Focus,1012:12999,Your Foundation,Dropdown / Selector,Form state until submit,CANONICAL_WRITE,LifeOperations.Configure,PATCH,POST /v1/moments + personalSetup,WIRED,Live write + client Quick Add
LO,,PER-LO-S01,Life Operations Setup,353:6809,PER-LO-S01-W008,Current Pressure,1012:13006,Your Foundation,Dropdown / Selector,Form state until submit,CANONICAL_WRITE,LifeOperations.Configure,PATCH,POST /v1/moments + personalSetup,WIRED,Live write + client Quick Add
LO,,PER-LO-S01,Life Operations Setup,353:6809,PER-LO-S01-W009,Primary Need,1012:13013,Your Foundation,Dropdown / Selector,Form state until submit,CANONICAL_WRITE,LifeOperations.Configure,PATCH,POST /v1/moments + personalSetup,WIRED,Live write + client Quick Add
LO,,PER-LO-S01,Life Operations Setup,353:6809,PER-LO-S01-W010,Health & Energy Priority,1012:13023,Your Priorities,Selector / State,Form state until submit,CANONICAL_WRITE,LifeOperations.Configure,PATCH,POST /v1/moments + personalSetup,WIRED,Live write + client Quick Add
LO,,PER-LO-S01,Life Operations Setup,353:6809,PER-LO-S01-W011,Time & Balance Priority,1012:13030,Your Priorities,Selector / State,Form state until submit,CANONICAL_WRITE,LifeOperations.Configure,PATCH,POST /v1/moments + personalSetup,WIRED,Live write + client Quick Add
LO,,PER-LO-S01,Life Operations Setup,353:6809,PER-LO-S01-W012,Life Focus Editable Value,1012:13046,What Shapes Your Days,Editable Input,Form state until submit,CANONICAL_WRITE,LifeOperations.Configure,PATCH,POST /v1/moments + personalSetup,WIRED,Live write + client Quick Add
LO,,PER-LO-S01,Life Operations Setup,353:6809,PER-LO-S01-W013,Current Rhythm,1012:13053,What Shapes Your Days,Editable Input,Form state until submit,CANONICAL_WRITE,LifeOperations.Configure,PATCH,POST /v1/moments + personalSetup,WIRED,Live write + client Quick Add
LO,,PER-LO-S01,Life Operations Setup,353:6809,PER-LO-S01-W014,Main Pressure,1012:13064,Pressure,Dropdown / Selector,Form state until submit,CANONICAL_WRITE,LifeOperations.Configure,PATCH,POST /v1/moments + personalSetup,WIRED,Live write + client Quick Add
LO,,PER-LO-S01,Life Operations Setup,353:6809,PER-LO-S01-W015,Recovery Window,1012:13071,Pressure,Editable Input,Form state until submit,CANONICAL_WRITE,LifeOperations.Configure,PATCH,POST /v1/moments + personalSetup,WIRED,Live write + client Quick Add
LO,,PER-LO-S01,Life Operations Setup,353:6809,PER-LO-S01-W016,Check-in Rhythm,1012:13078,Pressure,Dropdown / Selector,Form state until submit,CANONICAL_WRITE,LifeOperations.Configure,PATCH,POST /v1/moments + personalSetup,WIRED,Live write + client Quick Add
LO,,PER-LO-S01,Life Operations Setup,353:6809,PER-LO-S01-W017,Helpful Support,1012:13089,Support & Recovery,Dropdown / Selector,Form state until submit,CANONICAL_WRITE,LifeOperations.Configure,PATCH,POST /v1/moments + personalSetup,WIRED,Live write + client Quick Add
LO,,PER-LO-S01,Life Operations Setup,353:6809,PER-LO-S01-W018,Recovery Style,1012:13096,Support & Recovery,Dropdown / Selector,Form state until submit,CANONICAL_WRITE,LifeOperations.Configure,PATCH,POST /v1/moments + personalSetup,WIRED,Live write + client Quick Add
LO,,PER-LO-S01,Life Operations Setup,353:6809,PER-LO-S01-W019,Energy Anchor,1012:13107,Energy Anchors,Selector / Entity Row,Form state until submit,CANONICAL_WRITE,LifeOperations.Configure,PATCH,POST /v1/moments + personalSetup,WIRED,Live write + client Quick Add
LO,,PER-LO-S01,Life Operations Setup,353:6809,PER-LO-S01-W020,Add Energy Anchor,1012:13115,Energy Anchors,CTA,Create local editable anchor row; persist with setup save,LOCAL_UI → CANONICAL_WRITE,LifeOperations.Configure,PATCH,LOCAL,LOCAL_ONLY,UI-only / navigation
LO,,PER-LO-S01,Life Operations Setup,353:6809,PER-LO-S01-W021,Current Energy,1012:13127,Wellbeing,Dropdown / Selector,Form state until submit,CANONICAL_WRITE,LifeOperations.Configure,PATCH,POST /v1/moments + personalSetup,WIRED,Live write + client Quick Add
LO,,PER-LO-S01,Life Operations Setup,353:6809,PER-LO-S01-W022,Weekly Reminder,1012:13130,Wellbeing,Toggle,Form state until submit,CANONICAL_WRITE,LifeOperations.Configure,PATCH,POST /v1/moments + personalSetup,WIRED,Live write + client Quick Add
LO,,PER-LO-S01,Life Operations Setup,353:6809,PER-LO-S01-W023,Stress Check-in,1012:13142,Reflection Preferences,Dropdown / State,Form state until submit,CANONICAL_WRITE,LifeOperations.Configure,PATCH,POST /v1/moments + personalSetup,WIRED,Live write + client Quick Add
LO,,PER-LO-S01,Life Operations Setup,353:6809,PER-LO-S01-W024,Recovery Check-in,1012:13149,Reflection Preferences,Dropdown / State,Form state until submit,CANONICAL_WRITE,LifeOperations.Configure,PATCH,POST /v1/moments + personalSetup,WIRED,Live write + client Quick Add
LO,,PER-LO-S01,Life Operations Setup,353:6809,PER-LO-S01-W025,Review Cadence,1012:13156,Reflection Preferences,Editable Dropdown,Form state until submit,CANONICAL_WRITE,LifeOperations.Configure,PATCH,POST /v1/moments + personalSetup,WIRED,Live write + client Quick Add
LO,,PER-LO-S01,Life Operations Setup,353:6809,PER-LO-S01-W026,Summary Life Focus,1012:13167,Life Summary,Summary KPI,Read / derived,PROJECTION_READ,Life Operations Setup Read,GET,POST /v1/personal/setups/:code/activate | POST /moments,WIRED,Live write + client Quick Add
LO,,PER-LO-S01,Life Operations Setup,353:6809,PER-LO-S01-W027,Summary Current Rhythm,1012:13170,Life Summary,Summary KPI,Read / derived,PROJECTION_READ,Life Operations Setup Read,GET,POST /v1/personal/setups/:code/activate | POST /moments,WIRED,Live write + client Quick Add
LO,,PER-LO-S01,Life Operations Setup,353:6809,PER-LO-S01-W028,Summary Energy,1012:13174,Life Summary,Summary KPI,Read / derived,PROJECTION_READ,Life Operations Setup Read,GET,POST /v1/personal/setups/:code/activate | POST /moments,WIRED,Live write + client Quick Add
LO,,PER-LO-S01,Life Operations Setup,353:6809,PER-LO-S01-W029,Today-to-Forward Indicator,1012:13180,Life Summary,Progress / State Indicator,Read / derived,PROJECTION_READ,Life Operations Setup Read,GET,POST /v1/personal/setups/:code/activate | POST /moments,WIRED,Live write + client Quick Add
LO,,PER-LO-S01,Life Operations Setup,353:6809,PER-LO-S01-W030,Setup Completion,1012:13184,Activation,Derived Status,Read / derived,PROJECTION_READ,Life Operations Setup Read,GET,POST /v1/personal/setups/:code/activate | POST /moments,WIRED,Live write + client Quick Add
LO,,PER-LO-S01,Life Operations Setup,353:6809,PER-LO-S01-W031,Life Plan Ready,1012:13186,Activation,State Badge,Read / derived,PROJECTION_READ,Life Operations Setup Read,GET,POST /v1/personal/setups/:code/activate | POST /moments,WIRED,Live write + client Quick Add
LO,,PER-LO-S01,Life Operations Setup,353:6809,PER-LO-S01-W032,Activate Life Operations,1012:13191,Activation,Primary CTA,Create/activate canonical Personal Moment with frozen setup payload,COMMAND,Moment.Create + LifeOperations.Configure,POST,POST /v1/moments + personalSetup,WIRED,Live write + client Quick Add
LO,,PER-LO-S01,Life Operations Setup,353:6809,PER-LO-S01-W033,Privacy Notice,1012:13193,Activation,Informational State,Static informational copy,STATIC,LOCAL_ONLY,LOCAL,LOCAL,LOCAL_ONLY,UI-only / navigation
LO,,PER-LO-S02,Life Operations Pulse,353:8893,PER-LO-S02-W001,Life Operations Domain,763:12270,Domain Selector,Navigation Chip,Read / derived,PROJECTION_READ,Personal Context / Domain List,GET,,DEFERRED,Contract TBD/deferred: Personal Context / Domain List
LO,,PER-LO-S02,Life Operations Pulse,353:8893,PER-LO-S02-W002,Future Building Domain,763:12275,Domain Selector,Navigation Chip,Read / derived,PROJECTION_READ,Personal Context / Domain List,GET,,DEFERRED,Contract TBD/deferred: Personal Context / Domain List
LO,,PER-LO-S02,Life Operations Pulse,353:8893,PER-LO-S02-W003,Lifestyle Domain,763:12281,Domain Selector,Navigation Chip,Read / derived,PROJECTION_READ,Personal Context / Domain List,GET,,DEFERRED,Contract TBD/deferred: Personal Context / Domain List
LO,,PER-LO-S02,Life Operations Pulse,353:8893,PER-LO-S02-W004,Personal Settings,763:12285,Domain Selector,Icon CTA,Local UI state,LOCAL_UI,LOCAL_ONLY,LOCAL,LOCAL,LOCAL_ONLY,UI-only / navigation
LO,,PER-LO-S02,Life Operations Pulse,353:8893,PER-LO-S02-W005,Wellbeing Score,1009:7477,Hero,Derived KPI,Read / derived,PROJECTION_READ,Personal Pulse Read,GET,GET /v1/personal/pulse,WIRED,Live read + client consume
LO,,PER-LO-S02,Life Operations Pulse,353:8893,PER-LO-S02-W006,Rhythm Status,1009:7481,Hero,Derived Status,Read / derived,PROJECTION_READ,Personal Pulse Read,GET,GET /v1/personal/pulse,WIRED,Live read + client consume
LO,,PER-LO-S02,Life Operations Pulse,353:8893,PER-LO-S02-W007,Pulse Date,1009:7483,Hero,Dynamic Display,Read / derived,PROJECTION_READ,Personal Pulse Read,GET,GET /v1/personal/pulse,WIRED,Live read + client consume
LO,,PER-LO-S02,Life Operations Pulse,353:8893,PER-LO-S02-W008,Current Streak,1009:7486,Hero,Derived KPI,Read / derived,PROJECTION_READ,Personal Pulse Read,GET,GET /v1/personal/pulse,WIRED,Live read + client consume
LO,,PER-LO-S02,Life Operations Pulse,353:8893,PER-LO-S02-W009,Pressure Hero Score,1009:7489,Hero,Derived KPI,Read / derived,PROJECTION_READ,Personal Pulse Read,GET,GET /v1/personal/pulse,WIRED,Live read + client consume
LO,,PER-LO-S02,Life Operations Pulse,353:8893,PER-LO-S02-W010,Recovery Hero Score,1009:7492,Hero,Derived KPI,Read / derived,PROJECTION_READ,Personal Pulse Read,GET,GET /v1/personal/pulse,WIRED,Live read + client consume
LO,,PER-LO-S02,Life Operations Pulse,353:8893,PER-LO-S02-W011,Discipline Hero Score,1009:7495,Hero,Derived KPI,Read / derived,PROJECTION_READ,Personal Pulse Read,GET,GET /v1/personal/pulse,WIRED,Live read + client consume
LO,,PER-LO-S02,Life Operations Pulse,353:8893,PER-LO-S02-W012,Attention Hero Score,1009:7498,Hero,Derived KPI,Read / derived,PROJECTION_READ,Personal Pulse Read,GET,GET /v1/personal/pulse,WIRED,Live read + client consume
LO,,PER-LO-S02,Life Operations Pulse,353:8893,PER-LO-S02-W013,Pressure Status,1009:7502,Quick Stats,KPI Tile,Read / derived,PROJECTION_READ,Personal Pulse Read,GET,GET /v1/personal/pulse,WIRED,Live read + client consume
LO,,PER-LO-S02,Life Operations Pulse,353:8893,PER-LO-S02-W014,Recovery Status,1009:7512,Quick Stats,KPI Tile,Read / derived,PROJECTION_READ,Personal Pulse Read,GET,GET /v1/personal/pulse,WIRED,Live read + client consume
LO,,PER-LO-S02,Life Operations Pulse,353:8893,PER-LO-S02-W015,Discipline Status,1009:7522,Quick Stats,KPI Tile,Read / derived,PROJECTION_READ,Personal Pulse Read,GET,GET /v1/personal/pulse,WIRED,Live read + client consume
LO,,PER-LO-S02,Life Operations Pulse,353:8893,PER-LO-S02-W016,Attention Status,1009:7532,Quick Stats,KPI Tile,Read / derived,PROJECTION_READ,Personal Pulse Read,GET,GET /v1/personal/pulse,WIRED,Live read + client consume
LO,,PER-LO-S02,Life Operations Pulse,353:8893,PER-LO-S02-W017,Recovery Momentum,1009:7547,Today's Momentum,Derived Signal,Read / derived,PROJECTION_READ,Personal Pulse Read,GET,GET /v1/personal/pulse,WIRED,Live read + client consume
LO,,PER-LO-S02,Life Operations Pulse,353:8893,PER-LO-S02-W018,Pressure Momentum,1009:7551,Today's Momentum,Derived Signal,Read / derived,PROJECTION_READ,Personal Pulse Read,GET,GET /v1/personal/pulse,WIRED,Live read + client consume
LO,,PER-LO-S02,Life Operations Pulse,353:8893,PER-LO-S02-W019,Mood Momentum,1009:7555,Today's Momentum,Derived Signal,Read / derived,PROJECTION_READ,Personal Pulse Read,GET,GET /v1/personal/pulse,WIRED,Live read + client consume
LO,,PER-LO-S02,Life Operations Pulse,353:8893,PER-LO-S02-W020,Budget Momentum,1009:7559,Today's Momentum,Derived Signal,Read / derived,PROJECTION_READ,Personal Pulse Read,GET,GET /v1/personal/pulse,WIRED,Live read + client consume
LO,,PER-LO-S02,Life Operations Pulse,353:8893,PER-LO-S02-W021,Recovery Driver,1009:7567,Helping vs Hurting,Derived Driver,Read / derived,PROJECTION_READ,Personal Pulse Read,GET,GET /v1/personal/pulse,WIRED,Live read + client consume
LO,,PER-LO-S02,Life Operations Pulse,353:8893,PER-LO-S02-W022,Consistency Driver,1009:7572,Helping vs Hurting,Derived Driver,Read / derived,PROJECTION_READ,Personal Pulse Read,GET,GET /v1/personal/pulse,WIRED,Live read + client consume
LO,,PER-LO-S02,Life Operations Pulse,353:8893,PER-LO-S02-W023,Mood Driver,1009:7577,Helping vs Hurting,Derived Driver,Read / derived,PROJECTION_READ,Personal Pulse Read,GET,GET /v1/personal/pulse,WIRED,Live read + client consume
LO,,PER-LO-S02,Life Operations Pulse,353:8893,PER-LO-S02-W024,Pressure Driver,1009:7584,Helping vs Hurting,Derived Driver,Read / derived,PROJECTION_READ,Personal Pulse Read,GET,GET /v1/personal/pulse,WIRED,Live read + client consume
LO,,PER-LO-S02,Life Operations Pulse,353:8893,PER-LO-S02-W025,View All Recent Activity,1009:7591,Recent Activity,CTA,Local UI state,LOCAL_UI,LOCAL_ONLY,LOCAL,LOCAL,LOCAL_ONLY,UI-only / navigation
LO,,PER-LO-S02,Life Operations Pulse,353:8893,PER-LO-S02-W026,Recovery Recent Activity,1009:7595,Recent Activity,Repeater Row,Read / derived,PROJECTION_READ,Personal Pulse Read,GET,GET /v1/personal/pulse,WIRED,Live read + client consume
LO,,PER-LO-S02,Life Operations Pulse,353:8893,PER-LO-S02-W027,Expense Recent Activity,1009:7603,Recent Activity,Repeater Row,Read / derived,PROJECTION_READ,Personal Pulse Read,GET,GET /v1/personal/pulse,WIRED,Live read + client consume
LO,,PER-LO-S02,Life Operations Pulse,353:8893,PER-LO-S02-W028,Mood Check-in Activity,1009:7611,Recent Activity,Repeater Row,Read / derived,PROJECTION_READ,Personal Pulse Read,GET,GET /v1/personal/pulse,WIRED,Live read + client consume
LO,,PER-LO-S02,Life Operations Pulse,353:8893,PER-LO-S02-W029,Mood Reflection Activity,1009:7619,Recent Activity,Repeater Row,Read / derived,PROJECTION_READ,Personal Pulse Read,GET,GET /v1/personal/pulse,WIRED,Live read + client consume
LO,,PER-LO-S02,Life Operations Pulse,353:8893,PER-LO-S02-W030,Money Snapshot Spend,1009:7627,Money Snapshot,Financial KPI,Read / derived,PROJECTION_READ,Personal Pulse Read,GET,GET /v1/personal/pulse,WIRED,Live read + client consume
LO,,PER-LO-S02,Life Operations Pulse,353:8893,PER-LO-S02-W031,Primary Bank Balance,1009:7632,Money Snapshot,Financial KPI,Read / derived,PROJECTION_READ,Personal Pulse Read,GET,GET /v1/personal/pulse,WIRED,Live read + client consume
LO,,PER-LO-S02,Life Operations Pulse,353:8893,PER-LO-S02-W032,Card Balance,1009:7637,Money Snapshot,Financial KPI,Read / derived,PROJECTION_READ,Personal Pulse Read,GET,GET /v1/personal/pulse,WIRED,Live read + client consume
LO,,PER-LO-S02,Life Operations Pulse,353:8893,PER-LO-S02-W033,Cash Wallet Balance,1009:7643,Money Snapshot,Financial KPI,Read / derived,PROJECTION_READ,Personal Pulse Read,GET,GET /v1/personal/pulse,WIRED,Live read + client consume
LO,,PER-LO-S02,Life Operations Pulse,353:8893,PER-LO-S02-W034,Utilization,1009:7648,Money Snapshot,Financial KPI,Read / derived,PROJECTION_READ,Personal Pulse Read,GET,GET /v1/personal/pulse,WIRED,Live read + client consume
LO,,PER-LO-S02,Life Operations Pulse,353:8893,PER-LO-S02-W035,Smart Nudge,1009:7653,Smart Nudge,Recommendation,Read / derived,PROJECTION_READ,Personal Pulse Read,GET,GET /v1/personal/pulse,WIRED,Live read + client consume
LO,,PER-LO-S02,Life Operations Pulse,353:8893,PER-LO-S02-W036,Stress Impact,1009:7660,Smart Nudge,Derived Forecast,Read / derived,PROJECTION_READ,Personal Pulse Read,GET,GET /v1/personal/pulse,WIRED,Live read + client consume
LO,,PER-LO-S02,Life Operations Pulse,353:8893,PER-LO-S02-W037,Capacity Boost,1009:7662,Smart Nudge,Derived Forecast,Read / derived,PROJECTION_READ,Personal Pulse Read,GET,GET /v1/personal/pulse,WIRED,Live read + client consume
LO,,PER-LO-S02,Life Operations Pulse,353:8893,PER-LO-S02-W038,Log Recovery Now,1009:7664,Smart Nudge,CTA,Availability-aware action launch,PROJECTION_READ + LOCAL_UI,Personal Available Actions,GET,,DEFERRED,Contract TBD/deferred: Personal Available Actions
LO,,PER-LO-S02,Life Operations Pulse,353:8893,PER-LO-S02-W039,AI Insights Availability,1009:7671,AI Insights,State Badge,Read / derived,PROJECTION_READ,Personal Pulse Read,GET,GET /v1/personal/pulse,WIRED,Live read + client consume
LO,,PER-LO-S02,Life Operations Pulse,353:8893,PER-LO-S02-W040,Recovery Quick Action,1009:7675,Quick Actions,Action Button,Availability-aware action launch,PROJECTION_READ + LOCAL_UI,Personal Available Actions,GET,,DEFERRED,Contract TBD/deferred: Personal Available Actions
LO,,PER-LO-S02,Life Operations Pulse,353:8893,PER-LO-S02-W041,Attention Quick Action,1009:7675,Quick Actions,Action Button,Availability-aware action launch,PROJECTION_READ + LOCAL_UI,Personal Available Actions,GET,,DEFERRED,Contract TBD/deferred: Personal Available Actions
LO,,PER-LO-S02,Life Operations Pulse,353:8893,PER-LO-S02-W042,Mood Quick Action,1009:7675,Quick Actions,Action Button,Availability-aware action launch,PROJECTION_READ + LOCAL_UI,Personal Available Actions,GET,,DEFERRED,Contract TBD/deferred: Personal Available Actions
LO,,PER-LO-S02,Life Operations Pulse,353:8893,PER-LO-S02-W043,Money Quick Action,1009:7675,Quick Actions,Action Button,Availability-aware action launch,PROJECTION_READ + LOCAL_UI,Personal Available Actions,GET,,DEFERRED,Contract TBD/deferred: Personal Available Actions
LO,,PER-LO-S02,Life Operations Pulse,353:8893,PER-LO-S02-W044,Adjust Quick Action,1009:7675,Quick Actions,Action Button,Availability-aware action launch,PROJECTION_READ + LOCAL_UI,Personal Available Actions,GET,,DEFERRED,Contract TBD/deferred: Personal Available Actions
LO,,PER-LO-S02,Life Operations Pulse,353:8893,PER-LO-S02-W045,Expense FAB,1035:7751,Floating Action,Floating CTA,Availability-aware action launch,PROJECTION_READ + LOCAL_UI,Personal Available Actions,GET,,DEFERRED,Contract TBD/deferred: Personal Available Actions
LO,,PER-LO-S02,Life Operations Pulse,353:8893,PER-LO-S02-W046,Pulse Navigation,778:5458,Bottom Navigation,Navigation Tab,Local UI state,LOCAL_UI,LOCAL_ONLY,LOCAL,LOCAL,LOCAL_ONLY,UI-only / navigation
LO,,PER-LO-S02,Life Operations Pulse,353:8893,PER-LO-S02-W047,Moments Navigation,778:5458,Bottom Navigation,Navigation Tab,Local UI state,LOCAL_UI,LOCAL_ONLY,LOCAL,LOCAL,LOCAL_ONLY,UI-only / navigation
LO,,PER-LO-S02,Life Operations Pulse,353:8893,PER-LO-S02-W048,Quick Adds Navigation,778:5458,Bottom Navigation,Navigation Tab,Local UI state,LOCAL_UI,LOCAL_ONLY,LOCAL,LOCAL,LOCAL_ONLY,UI-only / navigation
LO,,PER-LO-S02,Life Operations Pulse,353:8893,PER-LO-S02-W049,Life Navigation,778:5458,Bottom Navigation,Navigation Tab,Local UI state,LOCAL_UI,LOCAL_ONLY,LOCAL,LOCAL,LOCAL_ONLY,UI-only / navigation
LO,,PER-LO-S02,Life Operations Pulse,353:8893,PER-LO-S02-W050,Memory Navigation,778:5458,Bottom Navigation,Navigation Tab,Local UI state,LOCAL_UI,LOCAL_ONLY,LOCAL,LOCAL,LOCAL_ONLY,UI-only / navigation
LO,,PER-LO-S03,Attention,353:11361,PER-LO-S03-W001,Entries Today,424:4926,Header,Dynamic Badge,Read / derived,PROJECTION_READ,Personal Runtime Summary,GET,LIVE_READ_FAMILY,WIRED,Live read + client consume
LO,,PER-LO-S03,Attention,353:11361,PER-LO-S03-W002,Close Attention,424:4929,Header,CTA,Local UI state,LOCAL_UI,LOCAL_ONLY,LOCAL,LOCAL,LOCAL_ONLY,UI-only / navigation
LO,,PER-LO-S03,Attention,353:11361,PER-LO-S03-W003,Work Category,499:6372,Attention Category,Selection Control,Local form state; included in submit,CANONICAL_WRITE,LifeOperations.RecordAttention,POST,POST /v1/moments/:id/attention-captures | GET /v1/personal/attention,WIRED,Live write + client Quick Add
LO,,PER-LO-S03,Attention,353:11361,PER-LO-S03-W004,Family Category,499:6375,Attention Category,Selection Control,Local form state; included in submit,CANONICAL_WRITE,LifeOperations.RecordAttention,POST,POST /v1/moments/:id/attention-captures | GET /v1/personal/attention,WIRED,Live write + client Quick Add
LO,,PER-LO-S03,Attention,353:11361,PER-LO-S03-W005,Health Category,499:6379,Attention Category,Selection Control,Local form state; included in submit,CANONICAL_WRITE,LifeOperations.RecordAttention,POST,POST /v1/moments/:id/attention-captures | GET /v1/personal/attention,WIRED,Live write + client Quick Add
LO,,PER-LO-S03,Attention,353:11361,PER-LO-S03-W006,Creative Category,499:6382,Attention Category,Selection Control,Local form state; included in submit,CANONICAL_WRITE,LifeOperations.RecordAttention,POST,POST /v1/moments/:id/attention-captures | GET /v1/personal/attention,WIRED,Live write + client Quick Add
LO,,PER-LO-S03,Attention,353:11361,PER-LO-S03-W007,Learning Category,499:6386,Attention Category,Selection Control,Local form state; included in submit,CANONICAL_WRITE,LifeOperations.RecordAttention,POST,POST /v1/moments/:id/attention-captures | GET /v1/personal/attention,WIRED,Live write + client Quick Add
LO,,PER-LO-S03,Attention,353:11361,PER-LO-S03-W008,Finance Category,499:6389,Attention Category,Selection Control,Local form state; included in submit,CANONICAL_WRITE,LifeOperations.RecordAttention,POST,POST /v1/moments/:id/attention-captures | GET /v1/personal/attention,WIRED,Live write + client Quick Add
LO,,PER-LO-S03,Attention,353:11361,PER-LO-S03-W009,Light Intensity,499:6399,Intensity,Selection Chip,Local form state; included in submit,CANONICAL_WRITE,LifeOperations.RecordAttention,POST,POST /v1/moments/:id/attention-captures | GET /v1/personal/attention,WIRED,Live write + client Quick Add
LO,,PER-LO-S03,Attention,353:11361,PER-LO-S03-W010,Moderate Intensity,499:6401,Intensity,Selection Chip,Local form state; included in submit,CANONICAL_WRITE,LifeOperations.RecordAttention,POST,POST /v1/moments/:id/attention-captures | GET /v1/personal/attention,WIRED,Live write + client Quick Add
LO,,PER-LO-S03,Attention,353:11361,PER-LO-S03-W011,Heavy Intensity,499:6403,Intensity,Selection Chip,Local form state; included in submit,CANONICAL_WRITE,LifeOperations.RecordAttention,POST,POST /v1/moments/:id/attention-captures | GET /v1/personal/attention,WIRED,Live write + client Quick Add
LO,,PER-LO-S03,Attention,353:11361,PER-LO-S03-W012,Morning,499:6408,Time of Day,Selection Chip,Local form state; included in submit,CANONICAL_WRITE,LifeOperations.RecordAttention,POST,POST /v1/moments/:id/attention-captures | GET /v1/personal/attention,WIRED,Live write + client Quick Add
LO,,PER-LO-S03,Attention,353:11361,PER-LO-S03-W013,Afternoon,499:6410,Time of Day,Selection Chip,Local form state; included in submit,CANONICAL_WRITE,LifeOperations.RecordAttention,POST,POST /v1/moments/:id/attention-captures | GET /v1/personal/attention,WIRED,Live write + client Quick Add
LO,,PER-LO-S03,Attention,353:11361,PER-LO-S03-W014,Evening,499:6412,Time of Day,Selection Chip,Local form state; included in submit,CANONICAL_WRITE,LifeOperations.RecordAttention,POST,POST /v1/moments/:id/attention-captures | GET /v1/personal/attention,WIRED,Live write + client Quick Add
LO,,PER-LO-S03,Attention,353:11361,PER-LO-S03-W015,Night,499:6414,Time of Day,Selection Chip,Local form state; included in submit,CANONICAL_WRITE,LifeOperations.RecordAttention,POST,POST /v1/moments/:id/attention-captures | GET /v1/personal/attention,WIRED,Live write + client Quick Add
LO,,PER-LO-S03,Attention,353:11361,PER-LO-S03-W016,Energy Remaining,499:6417,Energy Level,Rating / Input,Local form state; included in submit,CANONICAL_WRITE,LifeOperations.RecordAttention,POST,POST /v1/moments/:id/attention-captures | GET /v1/personal/attention,WIRED,Live write + client Quick Add
LO,,PER-LO-S03,Attention,353:11361,PER-LO-S03-W017,Save Attention,353:11406,Footer,Primary CTA,Validate selected category/intensity/time/energy; persist one canonical capture,COMMAND,LifeOperations.RecordAttention,POST,POST /v1/moments/:id/attention-captures | GET /v1/personal/attention,WIRED,Live write + client Quick Add
LO,,PER-LO-S04,Recovery,353:11408,PER-LO-S04-W001,Runtime Learning Status,424:9905,Header,Dynamic Badge,Read / derived,PROJECTION_READ,Personal Runtime Summary,GET,LIVE_READ_FAMILY,WIRED,Live read + client consume
LO,,PER-LO-S04,Recovery,353:11408,PER-LO-S04-W002,Close Recovery,424:9908,Header,CTA,Local UI state,LOCAL_UI,LOCAL_ONLY,LOCAL,LOCAL,LOCAL_ONLY,UI-only / navigation
LO,,PER-LO-S04,Recovery,353:11408,PER-LO-S04-W003,Rest,424:9923,Activity Type,Selection Chip,Local form state; included in submit,CANONICAL_WRITE,LifeOperations.RecordRecovery,POST,LIVE_WRITE_FAMILY,WIRED,Live write + client Quick Add
LO,,PER-LO-S04,Recovery,353:11408,PER-LO-S04-W004,Sleep,424:9925,Activity Type,Selection Chip,Local form state; included in submit,CANONICAL_WRITE,LifeOperations.RecordRecovery,POST,LIVE_WRITE_FAMILY,WIRED,Live write + client Quick Add
LO,,PER-LO-S04,Recovery,353:11408,PER-LO-S04-W005,Exercise,424:9927,Activity Type,Selection Chip,Local form state; included in submit,CANONICAL_WRITE,LifeOperations.RecordRecovery,POST,LIVE_WRITE_FAMILY,WIRED,Live write + client Quick Add
LO,,PER-LO-S04,Recovery,353:11408,PER-LO-S04-W006,Meditation,424:9929,Activity Type,Selection Chip,Local form state; included in submit,CANONICAL_WRITE,LifeOperations.RecordRecovery,POST,LIVE_WRITE_FAMILY,WIRED,Live write + client Quick Add
LO,,PER-LO-S04,Recovery,353:11408,PER-LO-S04-W007,Social,424:9931,Activity Type,Selection Chip,Local form state; included in submit,CANONICAL_WRITE,LifeOperations.RecordRecovery,POST,LIVE_WRITE_FAMILY,WIRED,Live write + client Quick Add
LO,,PER-LO-S04,Recovery,353:11408,PER-LO-S04-W008,Music,499:6448,Activity Type,Selection Chip,Local form state; included in submit,CANONICAL_WRITE,LifeOperations.RecordRecovery,POST,LIVE_WRITE_FAMILY,WIRED,Live write + client Quick Add
LO,,PER-LO-S04,Recovery,353:11408,PER-LO-S04-W009,Restorative Quality,499:6451,Quality Meter,Rating / Slider,Local form state; included in submit,CANONICAL_WRITE,LifeOperations.RecordRecovery,POST,LIVE_WRITE_FAMILY,WIRED,Live write + client Quick Add
LO,,PER-LO-S04,Recovery,353:11408,PER-LO-S04-W010,Duration,499:6462,Duration,Duration Input / Display,Local form state; included in submit,CANONICAL_WRITE,LifeOperations.RecordRecovery,POST,LIVE_WRITE_FAMILY,WIRED,Live write + client Quick Add
LO,,PER-LO-S04,Recovery,353:11408,PER-LO-S04-W011,Energy Before,499:6473,Body Battery,Numeric Input / Display,Local form state; included in submit,CANONICAL_WRITE,LifeOperations.RecordRecovery,POST,LIVE_WRITE_FAMILY,WIRED,Live write + client Quick Add
LO,,PER-LO-S04,Recovery,353:11408,PER-LO-S04-W012,Energy After,499:6477,Body Battery,Numeric Input / Display,Local form state; included in submit,CANONICAL_WRITE,LifeOperations.RecordRecovery,POST,LIVE_WRITE_FAMILY,WIRED,Live write + client Quick Add
LO,,PER-LO-S04,Recovery,353:11408,PER-LO-S04-W013,Energy Recovered,499:6481,Body Battery,Derived / Input,Derived locally and/or in read projection; not separately persisted,DERIVED,LifeOperations.RecordRecovery,LOCAL/POST,LIVE_READ_FAMILY,WIRED,Live read + client consume
LO,,PER-LO-S04,Recovery,353:11408,PER-LO-S04-W014,Recovery Notes,499:6484,Notes,Text Input,Local form state; included in submit,CANONICAL_WRITE,LifeOperations.RecordRecovery,POST,LIVE_WRITE_FAMILY,WIRED,Live write + client Quick Add
LO,,PER-LO-S04,Recovery,353:11408,PER-LO-S04-W015,Log Recovery,353:11450,Footer,Primary CTA,Validate Recovery form; persist base observation + typed detail atomically,COMMAND,LifeOperations.RecordRecovery,POST,LIVE_WRITE_FAMILY,WIRED,Live write + client Quick Add
LO,,PER-LO-S05,Mood,353:11452,PER-LO-S05-W001,Runtime Learning Status,497:29884,Header,Dynamic Badge,Read / derived,PROJECTION_READ,Personal Runtime Summary,GET,LIVE_READ_FAMILY,WIRED,Live read + client consume
LO,,PER-LO-S05,Mood,353:11452,PER-LO-S05-W002,Close Mood,497:29887,Header,CTA,Local UI state,LOCAL_UI,LOCAL_ONLY,LOCAL,LOCAL,LOCAL_ONLY,UI-only / navigation
LO,,PER-LO-S05,Mood,353:11452,PER-LO-S05-W003,Mood Hero State,499:6522,Mood Hero,State Indicator,Derived from current selected mood state,DERIVED,LOCAL_ONLY,LOCAL,LOCAL,LOCAL_ONLY,UI-only / navigation
LO,,PER-LO-S05,Mood,353:11452,PER-LO-S05-W004,Great Mood,424:9975,Feeling State,Selection Chip,Local form state; included in submit,CANONICAL_WRITE,LifeOperations.RecordMood,POST,LIVE_WRITE_FAMILY,WIRED,Live write + client Quick Add
LO,,PER-LO-S05,Mood,353:11452,PER-LO-S05-W005,Calm Mood,424:9977,Feeling State,Selection Chip,Local form state; included in submit,CANONICAL_WRITE,LifeOperations.RecordMood,POST,LIVE_WRITE_FAMILY,WIRED,Live write + client Quick Add
LO,,PER-LO-S05,Mood,353:11452,PER-LO-S05-W006,Neutral Mood,424:9979,Feeling State,Selection Chip,Local form state; included in submit,CANONICAL_WRITE,LifeOperations.RecordMood,POST,LIVE_WRITE_FAMILY,WIRED,Live write + client Quick Add
LO,,PER-LO-S05,Mood,353:11452,PER-LO-S05-W007,Low Mood,424:9981,Feeling State,Selection Chip,Local form state; included in submit,CANONICAL_WRITE,LifeOperations.RecordMood,POST,LIVE_WRITE_FAMILY,WIRED,Live write + client Quick Add
LO,,PER-LO-S05,Mood,353:11452,PER-LO-S05-W008,Stressed Mood,424:9983,Feeling State,Selection Chip,Local form state; included in submit,CANONICAL_WRITE,LifeOperations.RecordMood,POST,LIVE_WRITE_FAMILY,WIRED,Live write + client Quick Add
LO,,PER-LO-S05,Mood,353:11452,PER-LO-S05-W009,Mood Intensity,428:4832,Mood Intensity,Rating / Slider,Local form state; included in submit,CANONICAL_WRITE,LifeOperations.RecordMood,POST,LIVE_WRITE_FAMILY,WIRED,Live write + client Quick Add
LO,,PER-LO-S05,Mood,353:11452,PER-LO-S05-W010,Mood Driver — Work,424:10014,What Shaped This Mood,Selection Chip,Local form state; included in submit,CANONICAL_WRITE,LifeOperations.RecordMood,POST,LIVE_WRITE_FAMILY,WIRED,Live write + client Quick Add
LO,,PER-LO-S05,Mood,353:11452,PER-LO-S05-W011,Mood Driver — Health,424:10016,What Shaped This Mood,Selection Chip,Local form state; included in submit,CANONICAL_WRITE,LifeOperations.RecordMood,POST,LIVE_WRITE_FAMILY,WIRED,Live write + client Quick Add
LO,,PER-LO-S05,Mood,353:11452,PER-LO-S05-W012,Mood Driver — Relationships,424:10018,What Shaped This Mood,Selection Chip,Local form state; included in submit,CANONICAL_WRITE,LifeOperations.RecordMood,POST,LIVE_WRITE_FAMILY,WIRED,Live write + client Quick Add
LO,,PER-LO-S05,Mood,353:11452,PER-LO-S05-W013,Mood Driver — Money,424:10020,What Shaped This Mood,Selection Chip,Local form state; included in submit,CANONICAL_WRITE,LifeOperations.RecordMood,POST,LIVE_WRITE_FAMILY,WIRED,Live write + client Quick Add
LO,,PER-LO-S05,Mood,353:11452,PER-LO-S05-W014,Mood Driver — Rest,424:10022,What Shaped This Mood,Selection Chip,Local form state; included in submit,CANONICAL_WRITE,LifeOperations.RecordMood,POST,LIVE_WRITE_FAMILY,WIRED,Live write + client Quick Add
LO,,PER-LO-S05,Mood,353:11452,PER-LO-S05-W015,Mood Driver — Weather,424:10024,What Shaped This Mood,Selection Chip,Local form state; included in submit,CANONICAL_WRITE,LifeOperations.RecordMood,POST,LIVE_WRITE_FAMILY,WIRED,Live write + client Quick Add
LO,,PER-LO-S05,Mood,353:11452,PER-LO-S05-W016,Mood History,499:6532,Mood History,Historical Series,Read / derived,PROJECTION_READ,Personal Mood History,GET,LIVE_READ_FAMILY,WIRED,Live read + client consume
LO,,PER-LO-S05,Mood,353:11452,PER-LO-S05-W017,Weekly Mood Average,499:6532,Mood History,Derived KPI,Read / derived,PROJECTION_READ,Personal Mood History,GET,LIVE_READ_FAMILY,WIRED,Live read + client consume
LO,,PER-LO-S05,Mood,353:11452,PER-LO-S05-W018,Mood Trend,499:6556,Mood History,Derived Signal,Read / derived,PROJECTION_READ,Personal Mood History,GET,LIVE_READ_FAMILY,WIRED,Live read + client consume
LO,,PER-LO-S05,Mood,353:11452,PER-LO-S05-W019,Reflection Note,424:10028,Reflection,Text Input,Local form state; included in submit,CANONICAL_WRITE,LifeOperations.RecordMood,POST,LIVE_WRITE_FAMILY,WIRED,Live write + client Quick Add
LO,,PER-LO-S05,Mood,353:11452,PER-LO-S05-W020,Save Reflection,424:10030,Footer,Primary CTA,Validate form and persist base Mood observation + typed detail + selected driver rows atomically,COMMAND,LifeOperations.RecordMood,POST,LIVE_WRITE_FAMILY,WIRED,Live write + client Quick Add
LO,,PER-LO-S06,Adjust,353:11680,PER-LO-S06-W001,Runtime Learning Status,497:29895,Header,Dynamic Badge,Read / derived,PROJECTION_READ,Personal Runtime Summary,GET,LIVE_READ_FAMILY,WIRED,Live read + client consume
LO,,PER-LO-S06,Adjust,353:11680,PER-LO-S06-W002,Close Adjust,497:29898,Header,CTA,Local UI state,LOCAL_UI,LOCAL_ONLY,LOCAL,LOCAL,LOCAL_ONLY,UI-only / navigation
LO,,PER-LO-S06,Adjust,353:11680,PER-LO-S06-W003,Reduce Load,499:11512,Rhythm Action,Selection Card,Local form state; included in submit,CANONICAL_WRITE,LifeOperations.AdjustRhythm,POST,LIVE_WRITE_FAMILY,WIRED,Live write + client Quick Add
LO,,PER-LO-S06,Adjust,353:11680,PER-LO-S06-W004,Increase Intensity,499:11515,Rhythm Action,Selection Card,Local form state; included in submit,CANONICAL_WRITE,LifeOperations.AdjustRhythm,POST,LIVE_WRITE_FAMILY,WIRED,Live write + client Quick Add
LO,,PER-LO-S06,Adjust,353:11680,PER-LO-S06-W005,Pause Rhythm,499:11519,Rhythm Action,Selection Card,Local form state; included in submit,CANONICAL_WRITE,LifeOperations.AdjustRhythm,POST,LIVE_WRITE_FAMILY,WIRED,Live write + client Quick Add
LO,,PER-LO-S06,Adjust,353:11680,PER-LO-S06-W006,Reset Rhythm,499:11522,Rhythm Action,Selection Card,Local form state; included in submit,CANONICAL_WRITE,LifeOperations.AdjustRhythm,POST,LIVE_WRITE_FAMILY,WIRED,Live write + client Quick Add
LO,,PER-LO-S06,Adjust,353:11680,PER-LO-S06-W007,Health & Energy Priority,499:11529,Priorities,Adjustable Priority,Local form state; included in submit,CANONICAL_WRITE,LifeOperations.AdjustRhythm,POST,LIVE_WRITE_FAMILY,WIRED,Live write + client Quick Add
LO,,PER-LO-S06,Adjust,353:11680,PER-LO-S06-W008,Career Priority,499:11535,Priorities,Adjustable Priority,Local form state; included in submit,CANONICAL_WRITE,LifeOperations.AdjustRhythm,POST,LIVE_WRITE_FAMILY,WIRED,Live write + client Quick Add
LO,,PER-LO-S06,Adjust,353:11680,PER-LO-S06-W009,Relationships Priority,499:11541,Priorities,Adjustable Priority,Local form state; included in submit,CANONICAL_WRITE,LifeOperations.AdjustRhythm,POST,LIVE_WRITE_FAMILY,WIRED,Live write + client Quick Add
LO,,PER-LO-S06,Adjust,353:11680,PER-LO-S06-W010,Finance Priority,499:11547,Priorities,Adjustable Priority,Local form state; included in submit,CANONICAL_WRITE,LifeOperations.AdjustRhythm,POST,LIVE_WRITE_FAMILY,WIRED,Live write + client Quick Add
LO,,PER-LO-S06,Adjust,353:11680,PER-LO-S06-W011,Learning Priority,499:11553,Priorities,Adjustable Priority,Local form state; included in submit,CANONICAL_WRITE,LifeOperations.AdjustRhythm,POST,LIVE_WRITE_FAMILY,WIRED,Live write + client Quick Add
LO,,PER-LO-S06,Adjust,353:11680,PER-LO-S06-W012,Decrease Pressure,499:11565,Signal Direction,Selection Control,Local form state; included in submit,CANONICAL_WRITE,LifeOperations.AdjustRhythm,POST,LIVE_WRITE_FAMILY,WIRED,Live write + client Quick Add
LO,,PER-LO-S06,Adjust,353:11680,PER-LO-S06-W013,Maintain Pressure,499:11565,Signal Direction,Selection Control,Local form state; included in submit,CANONICAL_WRITE,LifeOperations.AdjustRhythm,POST,LIVE_WRITE_FAMILY,WIRED,Live write + client Quick Add
LO,,PER-LO-S06,Adjust,353:11680,PER-LO-S06-W014,Increase Pressure,499:11565,Signal Direction,Selection Control,Local form state; included in submit,CANONICAL_WRITE,LifeOperations.AdjustRhythm,POST,LIVE_WRITE_FAMILY,WIRED,Live write + client Quick Add
LO,,PER-LO-S06,Adjust,353:11680,PER-LO-S06-W015,Suggested Adjustment Insight,499:11572,Insight,Derived Insight,Read / derived recommendation,PROJECTION_READ,Personal Adjustment Insight,GET,LIVE_READ_FAMILY,WIRED,Live read + client consume
LO,,PER-LO-S06,Adjust,353:11680,PER-LO-S06-W016,Adjustment Reason / Notes,499:11578,Notes,Text Input,Local form state; included in submit,CANONICAL_WRITE,LifeOperations.AdjustRhythm,POST,LIVE_WRITE_FAMILY,WIRED,Live write + client Quick Add
LO,,PER-LO-S06,Adjust,353:11680,PER-LO-S06-W017,Update Rhythm,424:10109,Footer,Primary CTA,Validate adjustment selection + priority weights; persist adjustment event and changed priorities transactionally,COMMAND,LifeOperations.AdjustRhythm,POST,LIVE_WRITE_FAMILY,WIRED,Live write + client Quick Add
LO,,PER-LO-S07,Add Account,353:21778,PER-LO-S07-W001,Life Operations Context,763:12522,Personal Domain Selector,Navigation Chip,Read / state-driven navigation,PROJECTION_READ,Personal Context / Domain List,GET,,DEFERRED,Contract TBD/deferred: Personal Context / Domain List
LO,,PER-LO-S07,Add Account,353:21778,PER-LO-S07-W002,Future Building Context,763:12527,Personal Domain Selector,Navigation Chip,Read / state-driven navigation,PROJECTION_READ,Personal Context / Domain List,GET,,DEFERRED,Contract TBD/deferred: Personal Context / Domain List
LO,,PER-LO-S07,Add Account,353:21778,PER-LO-S07-W003,Relationships Context,763:12530,Personal Domain Selector,Navigation Chip,Read / state-driven navigation,PROJECTION_READ,Personal Context / Domain List,GET,,DEFERRED,Contract TBD/deferred: Personal Context / Domain List
LO,,PER-LO-S07,Add Account,353:21778,PER-LO-S07-W004,Lifestyle Context,763:12533,Personal Domain Selector,Navigation Chip,Read / state-driven navigation,PROJECTION_READ,Personal Context / Domain List,GET,,DEFERRED,Contract TBD/deferred: Personal Context / Domain List
LO,,PER-LO-S07,Add Account,353:21778,PER-LO-S07-W005,Personal Settings,763:12537,Personal Domain Selector,Icon CTA,Local UI state,LOCAL_UI,LOCAL_ONLY,LOCAL,LOCAL,LOCAL_ONLY,UI-only / navigation
LO,,PER-LO-S07,Add Account,353:21778,PER-LO-S07-W006,Account Type — Bank,353:21793,Account Type,Selection Chip,Local form state until Add Account,CANONICAL_WRITE,FinanceAccount.Create,POST,LIVE_WRITE_FAMILY,WIRED,Live write + client Quick Add
LO,,PER-LO-S07,Add Account,353:21778,PER-LO-S07-W007,Account Type — Cash,353:21795,Account Type,Selection Chip,Local form state until Add Account,CANONICAL_WRITE,FinanceAccount.Create,POST,LIVE_WRITE_FAMILY,WIRED,Live write + client Quick Add
LO,,PER-LO-S07,Add Account,353:21778,PER-LO-S07-W008,Account Type — Credit,353:21797,Account Type,Selection Chip,Local form state until Add Account,CANONICAL_WRITE,FinanceAccount.Create,POST,LIVE_WRITE_FAMILY,WIRED,Live write + client Quick Add
LO,,PER-LO-S07,Add Account,353:21778,PER-LO-S07-W009,Account Name,353:21800,Account Name,Text Input,Local form state until Add Account,CANONICAL_WRITE,FinanceAccount.Create,POST,LIVE_WRITE_FAMILY,WIRED,Live write + client Quick Add
LO,,PER-LO-S07,Add Account,353:21778,PER-LO-S07-W010,Opening Balance,353:21803,Opening Balance,Currency / Numeric Input,Local form state until Add Account,CANONICAL_WRITE,FinanceAccount.Create,POST,LIVE_WRITE_FAMILY,WIRED,Live write + client Quick Add
LO,,PER-LO-S07,Add Account,353:21778,PER-LO-S07-W011,Currency — INR,353:21807,Currency,Selection Chip,Local form state until Add Account,CANONICAL_WRITE,FinanceAccount.Create,POST,LIVE_WRITE_FAMILY,WIRED,Live write + client Quick Add
LO,,PER-LO-S07,Add Account,353:21778,PER-LO-S07-W012,Currency — USD,353:21809,Currency,Selection Chip,Local form state until Add Account,CANONICAL_WRITE,FinanceAccount.Create,POST,LIVE_WRITE_FAMILY,WIRED,Live write + client Quick Add
LO,,PER-LO-S07,Add Account,353:21778,PER-LO-S07-W013,Currency — EUR,353:21811,Currency,Selection Chip,Local form state until Add Account,CANONICAL_WRITE,FinanceAccount.Create,POST,LIVE_WRITE_FAMILY,WIRED,Live write + client Quick Add
LO,,PER-LO-S07,Add Account,353:21778,PER-LO-S07-W014,Set as Default Account,353:21813,Account Preferences,Toggle,Local form state until Add Account; when true preference is written after account creation,CANONICAL_WRITE,FinanceAccount.Create + Set Default Preference,POST,LIVE_WRITE_FAMILY,WIRED,Live write + client Quick Add
LO,,PER-LO-S07,Add Account,353:21778,PER-LO-S07-W015,Add Account,353:21817,Footer,Primary CTA,Validate account fields; create user-owned financial account and optional default preference,COMMAND,FinanceAccount.Create,POST,LIVE_WRITE_FAMILY,WIRED,Live write + client Quick Add
LO,,PER-LO-S08,Account Picker Empty,353:21863,PER-LO-S08-W001,Life Operations Context,763:12438,Personal Domain Selector,Navigation Chip,Read / state-driven navigation,PROJECTION_READ,Personal Context / Domain List,GET,,DEFERRED,Contract TBD/deferred: Personal Context / Domain List
LO,,PER-LO-S08,Account Picker Empty,353:21863,PER-LO-S08-W002,Future Building Context,763:12443,Personal Domain Selector,Navigation Chip,Read / state-driven navigation,PROJECTION_READ,Personal Context / Domain List,GET,,DEFERRED,Contract TBD/deferred: Personal Context / Domain List
LO,,PER-LO-S08,Account Picker Empty,353:21863,PER-LO-S08-W003,Relationships Context,763:12446,Personal Domain Selector,Navigation Chip,Read / state-driven navigation,PROJECTION_READ,Personal Context / Domain List,GET,,DEFERRED,Contract TBD/deferred: Personal Context / Domain List
LO,,PER-LO-S08,Account Picker Empty,353:21863,PER-LO-S08-W004,Lifestyle Context,763:12449,Personal Domain Selector,Navigation Chip,Read / state-driven navigation,PROJECTION_READ,Personal Context / Domain List,GET,,DEFERRED,Contract TBD/deferred: Personal Context / Domain List
LO,,PER-LO-S08,Account Picker Empty,353:21863,PER-LO-S08-W005,Personal Settings,763:12453,Personal Domain Selector,Icon CTA,Local UI state,LOCAL_UI,LOCAL_ONLY,LOCAL,LOCAL,LOCAL_ONLY,UI-only / navigation
LO,,PER-LO-S08,Account Picker Empty,353:21863,PER-LO-S08-W006,Close Account Picker,524:6873,Navigation,CTA,Local UI state,LOCAL_UI,LOCAL_ONLY,LOCAL,LOCAL,LOCAL_ONLY,UI-only / navigation
LO,,PER-LO-S08,Account Picker Empty,353:21863,PER-LO-S08-W007,No Accounts State,524:6874,Empty State,Empty State,Read list result / empty-state derived,PROJECTION_READ,Financial Account Picker,GET,LIVE_READ_FAMILY,WIRED,Live read + client consume
LO,,PER-LO-S08,Account Picker Empty,353:21863,PER-LO-S08-W008,Return-after-create Message,524:6874,Empty State,Informational Text,Read list result / empty-state derived,PROJECTION_READ,Financial Account Picker,GET,LIVE_READ_FAMILY,WIRED,Live read + client consume
LO,,PER-LO-S08,Account Picker Empty,353:21863,PER-LO-S08-W009,Create Account,524:6880,Empty State,Primary CTA,Local route to Add Account; no write until S07 command succeeds,LOCAL_UI,LOCAL_ONLY / FinanceAccount.Create,LOCAL,LOCAL,LOCAL_ONLY,UI-only / navigation
LO,,PER-LO-S09,Expense Subcategory Picker,353:21883,PER-LO-S09-W001,Active Moment Selector,353:21887,Master Expense Header,Selector,Read active/eligible Personal Moments; selection stored in enclosing expense draft,PROJECTION_READ,Personal Context / Domain List,GET,,DEFERRED,Contract TBD/deferred: Personal Context / Domain List
LO,,PER-LO-S09,Expense Subcategory Picker,353:21883,PER-LO-S09-W002,Close Subcategory Picker,524:6885,Navigation,CTA,Local UI state,LOCAL_UI,LOCAL_ONLY,LOCAL,LOCAL,LOCAL_ONLY,UI-only / navigation
LO,,PER-LO-S09,Expense Subcategory Picker,353:21883,PER-LO-S09-W003,Parent Category,353:21890,Navigation,Context Display,Read reference data / current picker context,REFERENCE_READ,FinanceCategory.ListSubcategories,GET,,DEFERRED,No live mapping for command='FinanceCategory.ListSubcategories'
LO,,PER-LO-S09,Expense Subcategory Picker,353:21883,PER-LO-S09-W004,Dining Out,353:21897,Subcategory Options,Selection Row,Local selected taxonomy value; no database write until enclosing expense save,REFERENCE_READ → FORM_STATE,FinanceCategory.ListSubcategories,GET,,DEFERRED,No live mapping for command='FinanceCategory.ListSubcategories'
LO,,PER-LO-S09,Expense Subcategory Picker,353:21883,PER-LO-S09-W005,Groceries,353:21903,Subcategory Options,Selection Row,Local selected taxonomy value; no database write until enclosing expense save,REFERENCE_READ → FORM_STATE,FinanceCategory.ListSubcategories,GET,,DEFERRED,No live mapping for command='FinanceCategory.ListSubcategories'
LO,,PER-LO-S09,Expense Subcategory Picker,353:21883,PER-LO-S09-W006,Coffee & Cafés,353:21908,Subcategory Options,Selection Row,Local selected taxonomy value; no database write until enclosing expense save,REFERENCE_READ → FORM_STATE,FinanceCategory.ListSubcategories,GET,,DEFERRED,No live mapping for command='FinanceCategory.ListSubcategories'
LO,,PER-LO-S09,Expense Subcategory Picker,353:21883,PER-LO-S09-W007,Takeaway,353:21913,Subcategory Options,Selection Row,Local selected taxonomy value; no database write until enclosing expense save,REFERENCE_READ → FORM_STATE,FinanceCategory.ListSubcategories,GET,,DEFERRED,No live mapping for command='FinanceCategory.ListSubcategories'
LO,,PER-LO-S09,Expense Subcategory Picker,353:21883,PER-LO-S09-W008,Celebrations,353:21918,Subcategory Options,Selection Row,Local selected taxonomy value; no database write until enclosing expense save,REFERENCE_READ → FORM_STATE,FinanceCategory.ListSubcategories,GET,,DEFERRED,No live mapping for command='FinanceCategory.ListSubcategories'
LO,,PER-LO-S09,Expense Subcategory Picker,353:21883,PER-LO-S09-W009,Dining Out Selected State,524:6888,Subcategory Options,Selection State,Derived from current local selected subcategory,DERIVED,LOCAL_ONLY,LOCAL,LOCAL,LOCAL_ONLY,UI-only / navigation
LO,,PER-LO-S09,Expense Subcategory Picker,353:21883,PER-LO-S09-W010,Use Selected Subcategory,353:21923,Footer,Primary CTA,Return canonical subcategory code/label to enclosing expense draft,FORM_STATE,FinanceCategory.ListSubcategories / Expense.Create later,LOCAL,LOCAL,LOCAL_ONLY,UI-only / navigation
LO,,PER-LO-S10,Activity Timeline,1006:8434,PER-LO-S10-W001,Personal Context,I1006:8436;688:4219,Navigation,Navigation Chip,Local UI state,LOCAL_UI,LOCAL_ONLY,LOCAL,LOCAL,LOCAL_ONLY,UI-only / navigation
LO,,PER-LO-S10,Activity Timeline,1006:8434,PER-LO-S10-W002,Group Context,I1006:8436;688:4221,Navigation,Navigation Chip,Local UI state,LOCAL_UI,LOCAL_ONLY,LOCAL,LOCAL,LOCAL_ONLY,UI-only / navigation
LO,,PER-LO-S10,Activity Timeline,1006:8434,PER-LO-S10-W003,Business Context,I1006:8436;688:4223,Navigation,Navigation Chip,Local UI state,LOCAL_UI,LOCAL_ONLY,LOCAL,LOCAL,LOCAL_ONLY,UI-only / navigation
LO,,PER-LO-S10,Activity Timeline,1006:8434,PER-LO-S10-W004,Circle Context,I1006:8436;688:4225,Navigation,Navigation Chip,Local UI state,LOCAL_UI,LOCAL_ONLY,LOCAL,LOCAL,LOCAL_ONLY,UI-only / navigation
LO,,PER-LO-S10,Activity Timeline,1006:8434,PER-LO-S10-W005,Life Operations Domain,1006:8439,Navigation,Navigation Chip,Read active Personal contexts; selection navigates locally,PROJECTION_READ,Personal Context / Domain List,GET,,DEFERRED,Contract TBD/deferred: Personal Context / Domain List
LO,,PER-LO-S10,Activity Timeline,1006:8434,PER-LO-S10-W006,Future Building Domain,1006:8444,Navigation,Navigation Chip,Read active Personal contexts; selection navigates locally,PROJECTION_READ,Personal Context / Domain List,GET,,DEFERRED,Contract TBD/deferred: Personal Context / Domain List
LO,,PER-LO-S10,Activity Timeline,1006:8434,PER-LO-S10-W007,Relationships Domain,1006:8447,Navigation,Navigation Chip,Read active Personal contexts; selection navigates locally,PROJECTION_READ,Personal Context / Domain List,GET,,DEFERRED,Contract TBD/deferred: Personal Context / Domain List
LO,,PER-LO-S10,Activity Timeline,1006:8434,PER-LO-S10-W008,Activity Search,1006:8460,Search,Search Input,Query state; filters server-side list,PROJECTION_READ,PersonalActivity.List,GET,GET /v1/personal/activity,WIRED,Live read + client consume
LO,,PER-LO-S10,Activity Timeline,1006:8434,PER-LO-S10-W009,Money Filter,1006:8464,Filters,Filter Chip,Query state; filters activity projection,PROJECTION_READ,PersonalActivity.List,GET,GET /v1/personal/activity,WIRED,Live read + client consume
LO,,PER-LO-S10,Activity Timeline,1006:8434,PER-LO-S10-W010,Attention Filter,1006:8467,Filters,Filter Chip,Query state; filters activity projection,PROJECTION_READ,PersonalActivity.List,GET,GET /v1/personal/activity,WIRED,Live read + client consume
LO,,PER-LO-S10,Activity Timeline,1006:8434,PER-LO-S10-W011,Recovery Filter,1006:8470,Filters,Filter Chip,Query state; filters activity projection,PROJECTION_READ,PersonalActivity.List,GET,GET /v1/personal/activity,WIRED,Live read + client consume
LO,,PER-LO-S10,Activity Timeline,1006:8434,PER-LO-S10-W012,Groceries Filter,1006:8473,Filters,Filter Chip,Query state; filters activity projection,PROJECTION_READ,PersonalActivity.List,GET,GET /v1/personal/activity,WIRED,Live read + client consume
LO,,PER-LO-S10,Activity Timeline,1006:8434,PER-LO-S10-W013,Shopping Filter,1006:8476,Filters,Filter Chip,Query state; filters activity projection,PROJECTION_READ,PersonalActivity.List,GET,GET /v1/personal/activity,WIRED,Live read + client consume
LO,,PER-LO-S10,Activity Timeline,1006:8434,PER-LO-S10-W014,Food Filter,1006:8479,Filters,Filter Chip,Query state; filters activity projection,PROJECTION_READ,PersonalActivity.List,GET,GET /v1/personal/activity,WIRED,Live read + client consume
LO,,PER-LO-S10,Activity Timeline,1006:8434,PER-LO-S10-W015,Housing Filter,1006:8482,Filters,Filter Chip,Query state; filters activity projection,PROJECTION_READ,PersonalActivity.List,GET,GET /v1/personal/activity,WIRED,Live read + client consume
LO,,PER-LO-S10,Activity Timeline,1006:8434,PER-LO-S10-W016,Transport Filter,1006:8485,Filters,Filter Chip,Query state; filters activity projection,PROJECTION_READ,PersonalActivity.List,GET,GET /v1/personal/activity,WIRED,Live read + client consume
LO,,PER-LO-S10,Activity Timeline,1006:8434,PER-LO-S10-W017,Total Logs,1006:8489,Summary,Derived KPI,Read / derived aggregate,PROJECTION_READ,Personal Activity Summary,GET,GET /v1/personal/activity,WIRED,Live read + client consume
LO,,PER-LO-S10,Activity Timeline,1006:8434,PER-LO-S10-W018,This Month Logs,1006:8494,Summary,Derived KPI,Read / derived aggregate,PROJECTION_READ,Personal Activity Summary,GET,GET /v1/personal/activity,WIRED,Live read + client consume
LO,,PER-LO-S10,Activity Timeline,1006:8434,PER-LO-S10-W019,Total Amount,1006:8499,Summary,Derived KPI,Read / derived aggregate,PROJECTION_READ,Personal Activity Summary,GET,GET /v1/personal/activity,WIRED,Live read + client consume
LO,,PER-LO-S10,Activity Timeline,1006:8434,PER-LO-S10-W020,Groceries Activity,1006:8505,Activity Feed,Repeater Row,Read / filtered paginated list,PROJECTION_READ,PersonalActivity.List,GET,GET /v1/personal/activity,WIRED,Live read + client consume
LO,,PER-LO-S10,Activity Timeline,1006:8434,PER-LO-S10-W021,Morning Recovery Activity,1006:8520,Activity Feed,Repeater Row,Read / filtered paginated list,PROJECTION_READ,PersonalActivity.List,GET,GET /v1/personal/activity,WIRED,Live read + client consume
LO,,PER-LO-S10,Activity Timeline,1006:8434,PER-LO-S10-W022,Evening Reflection Activity,1006:8535,Activity Feed,Repeater Row,Read / filtered paginated list,PROJECTION_READ,PersonalActivity.List,GET,GET /v1/personal/activity,WIRED,Live read + client consume
LO,,PER-LO-S10,Activity Timeline,1006:8434,PER-LO-S10-W023,Deep Work Activity,1006:8550,Activity Feed,Repeater Row,Read / filtered paginated list,PROJECTION_READ,PersonalActivity.List,GET,GET /v1/personal/activity,WIRED,Live read + client consume
LO,,PER-LO-S10,Activity Timeline,1006:8434,PER-LO-S10-W024,Rhythm Adjustment Activity,1006:8565,Activity Feed,Repeater Row,Read / filtered paginated list,PROJECTION_READ,PersonalActivity.List,GET,GET /v1/personal/activity,WIRED,Live read + client consume
LO,,PER-LO-S10,Activity Timeline,1006:8434,PER-LO-S10-W025,Transfer Activity,1006:8580,Activity Feed,Repeater Row,Read / filtered paginated list,PROJECTION_READ,PersonalActivity.List,GET,GET /v1/personal/activity,WIRED,Live read + client consume
LO,,PER-LO-S10,Activity Timeline,1006:8434,PER-LO-S10-W026,Coffee Recovery Activity,1006:8595,Activity Feed,Repeater Row,Read / filtered paginated list,PROJECTION_READ,PersonalActivity.List,GET,GET /v1/personal/activity,WIRED,Live read + client consume
LO,,PER-LO-S10,Activity Timeline,1006:8434,PER-LO-S10-W027,Budget Review Activity,1006:8610,Activity Feed,Repeater Row,Read / filtered paginated list,PROJECTION_READ,PersonalActivity.List,GET,GET /v1/personal/activity,WIRED,Live read + client consume
LO,,PER-LO-S10,Activity Timeline,1006:8434,PER-LO-S10-W028,Edit Groceries,1006:8513,Activity Feed,Icon CTA,Resolve underlying activity source then navigate to the correct typed edit flow,LOCAL_UI / SOURCE_ROUTING,PersonalActivity.ResolveEditTarget,LOCAL,LOCAL,LOCAL_ONLY,UI-only / navigation
LO,,PER-LO-S10,Activity Timeline,1006:8434,PER-LO-S10-W029,Edit Morning Recovery,1006:8528,Activity Feed,Icon CTA,Resolve underlying activity source then navigate to the correct typed edit flow,LOCAL_UI / SOURCE_ROUTING,PersonalActivity.ResolveEditTarget,LOCAL,LOCAL,LOCAL_ONLY,UI-only / navigation
LO,,PER-LO-S10,Activity Timeline,1006:8434,PER-LO-S10-W030,Edit Evening Reflection,1006:8543,Activity Feed,Icon CTA,Resolve underlying activity source then navigate to the correct typed edit flow,LOCAL_UI / SOURCE_ROUTING,PersonalActivity.ResolveEditTarget,LOCAL,LOCAL,LOCAL_ONLY,UI-only / navigation
LO,,PER-LO-S10,Activity Timeline,1006:8434,PER-LO-S10-W031,Edit Deep Work,1006:8558,Activity Feed,Icon CTA,Resolve underlying activity source then navigate to the correct typed edit flow,LOCAL_UI / SOURCE_ROUTING,PersonalActivity.ResolveEditTarget,LOCAL,LOCAL,LOCAL_ONLY,UI-only / navigation
LO,,PER-LO-S10,Activity Timeline,1006:8434,PER-LO-S10-W032,Edit Rhythm Adjustment,1006:8573,Activity Feed,Icon CTA,Resolve underlying activity source then navigate to the correct typed edit flow,LOCAL_UI / SOURCE_ROUTING,PersonalActivity.ResolveEditTarget,LOCAL,LOCAL,LOCAL_ONLY,UI-only / navigation
LO,,PER-LO-S10,Activity Timeline,1006:8434,PER-LO-S10-W033,Edit Transfer,1006:8588,Activity Feed,Icon CTA,Resolve underlying activity source then navigate to the correct typed edit flow,LOCAL_UI / SOURCE_ROUTING,PersonalActivity.ResolveEditTarget,LOCAL,LOCAL,LOCAL_ONLY,UI-only / navigation
LO,,PER-LO-S10,Activity Timeline,1006:8434,PER-LO-S10-W034,Edit Coffee Recovery,1006:8603,Activity Feed,Icon CTA,Resolve underlying activity source then navigate to the correct typed edit flow,LOCAL_UI / SOURCE_ROUTING,PersonalActivity.ResolveEditTarget,LOCAL,LOCAL,LOCAL_ONLY,UI-only / navigation
LO,,PER-LO-S10,Activity Timeline,1006:8434,PER-LO-S10-W035,Edit Budget Review,1006:8618,Activity Feed,Icon CTA,Resolve underlying activity source then navigate to the correct typed edit flow,LOCAL_UI / SOURCE_ROUTING,PersonalActivity.ResolveEditTarget,LOCAL,LOCAL,LOCAL_ONLY,UI-only / navigation
LO,,PER-LO-S10,Activity Timeline,1006:8434,PER-LO-S10-W036,Pulse Navigation,1006:8626,Bottom Navigation,Navigation Tab,Local UI state,LOCAL_UI,LOCAL_ONLY,LOCAL,LOCAL,LOCAL_ONLY,UI-only / navigation
LO,,PER-LO-S10,Activity Timeline,1006:8434,PER-LO-S10-W037,Moments Navigation,1006:8626,Bottom Navigation,Navigation Tab,Local UI state,LOCAL_UI,LOCAL_ONLY,LOCAL,LOCAL,LOCAL_ONLY,UI-only / navigation
LO,,PER-LO-S10,Activity Timeline,1006:8434,PER-LO-S10-W038,Quick Adds Navigation,1006:8626,Bottom Navigation,Navigation Tab,Local UI state,LOCAL_UI,LOCAL_ONLY,LOCAL,LOCAL,LOCAL_ONLY,UI-only / navigation
LO,,PER-LO-S10,Activity Timeline,1006:8434,PER-LO-S10-W039,Life Navigation,1006:8626,Bottom Navigation,Navigation Tab,Local UI state,LOCAL_UI,LOCAL_ONLY,LOCAL,LOCAL,LOCAL_ONLY,UI-only / navigation
LO,,PER-LO-S10,Activity Timeline,1006:8434,PER-LO-S10-W040,Memory Navigation,1006:8626,Bottom Navigation,Navigation Tab,Local UI state,LOCAL_UI,LOCAL_ONLY,LOCAL,LOCAL,LOCAL_ONLY,UI-only / navigation
LO,,PER-LO-S11,Edit Transaction,417:8759,PER-LO-S11-W001,Back,417:8766,Top Bar,Navigation CTA,Local UI state,LOCAL_UI,LOCAL_ONLY,LOCAL,LOCAL,LOCAL_ONLY,UI-only / navigation
LO,,PER-LO-S11,Edit Transaction,417:8759,PER-LO-S11-W002,Save Transaction,417:8772,Top Bar,Primary CTA,Validate edited expense and persist mutable fields transactionally,COMMAND,Update Expense / Transaction,PATCH,POST /v1/moments/:id/expenses,WIRED,Live write + client Quick Add
LO,,PER-LO-S11,Edit Transaction,417:8759,PER-LO-S11-W003,Transaction Amount,417:8776,Amount,Currency Input,Local form state; persisted on Save,CANONICAL_WRITE,Update Expense / Transaction,PATCH,POST /v1/moments/:id/expenses,WIRED,Live write + client Quick Add
LO,,PER-LO-S11,Edit Transaction,417:8759,PER-LO-S11-W004,Expense Type,417:8783,Transaction Type,Selection Tab,Client command-router state,LOCAL_UI / COMMAND_ROUTING,Transaction Entry Type Router,CLIENT ROUTER,LOCAL,LOCAL_ONLY,UI-only / navigation
LO,,PER-LO-S11,Edit Transaction,417:8759,PER-LO-S11-W005,Income Type,417:8785,Transaction Type,Selection Tab,Client command-router state,LOCAL_UI / COMMAND_ROUTING,Transaction Entry Type Router,CLIENT ROUTER,LOCAL,LOCAL_ONLY,UI-only / navigation
LO,,PER-LO-S11,Edit Transaction,417:8759,PER-LO-S11-W006,Transaction Title,417:8788,Fields,Text Input,Local form state; persisted on Save,CANONICAL_WRITE,Update Expense / Transaction,PATCH,POST /v1/moments/:id/expenses,WIRED,Live write + client Quick Add
LO,,PER-LO-S11,Edit Transaction,417:8759,PER-LO-S11-W007,Category,417:8793,Fields,Selector,Local form state; persisted on Save,CANONICAL_WRITE,Update Expense / Transaction,PATCH,POST /v1/moments/:id/expenses,WIRED,Live write + client Quick Add
LO,,PER-LO-S11,Edit Transaction,417:8759,PER-LO-S11-W008,Subcategory,417:8857,Fields,Selector,Local form state; persisted on Save,CANONICAL_WRITE,Update Expense / Transaction,PATCH,POST /v1/moments/:id/expenses,WIRED,Live write + client Quick Add
LO,,PER-LO-S11,Edit Transaction,417:8759,PER-LO-S11-W009,Transaction Date,417:8799,Fields,Date Picker,Local form state; persisted on Save,CANONICAL_WRITE,Update Expense / Transaction,PATCH,POST /v1/moments/:id/expenses,WIRED,Live write + client Quick Add
LO,,PER-LO-S11,Edit Transaction,417:8759,PER-LO-S11-W010,Account,417:8805,Fields,Selector,Read account choices; selected ID persists on Save,REFERENCE_READ → CANONICAL_WRITE,Financial Account Picker + Update Expense,GET + PATCH,POST /v1/moments/:id/expenses,WIRED,Live write + client Quick Add
LO,,PER-LO-S11,Edit Transaction,417:8759,PER-LO-S11-W011,Payment Method,417:8811,Fields,Selector,Local form state; persisted on Save,CANONICAL_WRITE,Update Expense / Transaction,PATCH,POST /v1/moments/:id/expenses,WIRED,Live write + client Quick Add
LO,,PER-LO-S11,Edit Transaction,417:8759,PER-LO-S11-W012,Essentials Tag,417:8820,Tags,Tag Chip,Local form state; persisted on Save,CANONICAL_WRITE,Update Expense / Transaction,PATCH,POST /v1/moments/:id/expenses,WIRED,Live write + client Quick Add
LO,,PER-LO-S11,Edit Transaction,417:8759,PER-LO-S11-W013,Weekly Tag,417:8822,Tags,Tag Chip,Local form state; persisted on Save,CANONICAL_WRITE,Update Expense / Transaction,PATCH,POST /v1/moments/:id/expenses,WIRED,Live write + client Quick Add
LO,,PER-LO-S11,Edit Transaction,417:8759,PER-LO-S11-W014,Groceries Tag,417:8824,Tags,Tag Chip,Local form state; persisted on Save,CANONICAL_WRITE,Update Expense / Transaction,PATCH,POST /v1/moments/:id/expenses,WIRED,Live write + client Quick Add
LO,,PER-LO-S11,Edit Transaction,417:8759,PER-LO-S11-W015,Add Tag,417:8826,Tags,CTA / Chip,Adds a tag entry to local draft set,LOCAL_UI → CANONICAL_WRITE_ON_SAVE,Update Expense / Transaction,PATCH,LOCAL,LOCAL_ONLY,UI-only / navigation
LO,,PER-LO-S11,Edit Transaction,417:8759,PER-LO-S11-W016,Notes,417:8831,Notes,Text Input,Local form state; persisted on Save,CANONICAL_WRITE,Update Expense / Transaction,PATCH,POST /v1/moments/:id/expenses,WIRED,Live write + client Quick Add
LO,,PER-LO-S11,Edit Transaction,417:8759,PER-LO-S11-W017,Recurring Transaction,417:8833,Recurrence,Toggle / State,Local recurrence state; persisted on Save,CANONICAL_WRITE,Update Expense / Transaction,PATCH,POST /v1/moments/:id/expenses,WIRED,Live write + client Quick Add
LO,,PER-LO-S11,Edit Transaction,417:8759,PER-LO-S11-W018,Add Attachment,417:8839,Attachments,File CTA,Navigate to attachment source chooser; upload/link only after file chosen,LOCAL_UI → COMMAND,Expense Media Upload + Link,LOCAL then POST,LOCAL,LOCAL_ONLY,UI-only / navigation
LO,,PER-LO-S11,Edit Transaction,417:8759,PER-LO-S11-W019,Delete Transaction,417:8846,Destructive Actions,Destructive CTA,Reverse/void canonical financial record; do not hard-delete posted history,COMMAND,Expense.Reverse,POST,POST /v1/moments/:id/expenses,WIRED,Live write + client Quick Add
LO,,PER-LO-S12,Upload Attachment,417:8863,PER-LO-S12-W001,Back,417:8940,Sheet Header,Navigation CTA,Local UI state,LOCAL_UI,LOCAL_ONLY,LOCAL,LOCAL,LOCAL_ONLY,UI-only / navigation
LO,,PER-LO-S12,Upload Attachment,417:8863,PER-LO-S12-W002,Take Photo,417:8900,Upload Options,Action Row,Choose/capture local file then upload and link,COMMAND,Expense Media Upload + Link,POST,POST /v1/moments/:id/expenses,WIRED,Live write + client Quick Add
LO,,PER-LO-S12,Upload Attachment,417:8863,PER-LO-S12-W003,Photo Library,417:8909,Upload Options,Action Row,Choose/capture local file then upload and link,COMMAND,Expense Media Upload + Link,POST,POST /v1/moments/:id/expenses,WIRED,Live write + client Quick Add
LO,,PER-LO-S12,Upload Attachment,417:8863,PER-LO-S12-W004,Browse Files,417:8918,Upload Options,Action Row,Choose/capture local file then upload and link,COMMAND,Expense Media Upload + Link,POST,POST /v1/moments/:id/expenses,WIRED,Live write + client Quick Add
LO,,PER-LO-S12,Upload Attachment,417:8863,PER-LO-S12-W005,Drag & Drop Upload,417:8891,Upload Area,File Dropzone,Choose/capture local file then upload and link,COMMAND,Expense Media Upload + Link,POST,POST /v1/moments/:id/expenses,WIRED,Live write + client Quick Add
LO,,PER-LO-S13,Life Operations Moments,353:9649,PER-LO-S13-W001,Personal Context,I763:11705;688:4219,Navigation,Navigation Chip,Local UI state,LOCAL_UI,LOCAL_ONLY,LOCAL,LOCAL,LOCAL_ONLY,UI-only / navigation
LO,,PER-LO-S13,Life Operations Moments,353:9649,PER-LO-S13-W002,Group Context,I763:11705;688:4221,Navigation,Navigation Chip,Local UI state,LOCAL_UI,LOCAL_ONLY,LOCAL,LOCAL,LOCAL_ONLY,UI-only / navigation
LO,,PER-LO-S13,Life Operations Moments,353:9649,PER-LO-S13-W003,Business Context,I763:11705;688:4223,Navigation,Navigation Chip,Local UI state,LOCAL_UI,LOCAL_ONLY,LOCAL,LOCAL,LOCAL_ONLY,UI-only / navigation
LO,,PER-LO-S13,Life Operations Moments,353:9649,PER-LO-S13-W004,Circle Context,I763:11705;688:4225,Navigation,Navigation Chip,Local UI state,LOCAL_UI,LOCAL_ONLY,LOCAL,LOCAL,LOCAL_ONLY,UI-only / navigation
LO,,PER-LO-S13,Life Operations Moments,353:9649,PER-LO-S13-W005,Life Operations Domain,763:11718,Navigation,Navigation Chip,Read active Personal contexts; selection navigates locally,PROJECTION_READ,Personal Context / Domain List,GET,,DEFERRED,Contract TBD/deferred: Personal Context / Domain List
LO,,PER-LO-S13,Life Operations Moments,353:9649,PER-LO-S13-W006,Future Building Domain,763:11723,Navigation,Navigation Chip,Read active Personal contexts; selection navigates locally,PROJECTION_READ,Personal Context / Domain List,GET,,DEFERRED,Contract TBD/deferred: Personal Context / Domain List
LO,,PER-LO-S13,Life Operations Moments,353:9649,PER-LO-S13-W007,Relationships Domain,763:11866,Navigation,Navigation Chip,Read active Personal contexts; selection navigates locally,PROJECTION_READ,Personal Context / Domain List,GET,,DEFERRED,Contract TBD/deferred: Personal Context / Domain List
LO,,PER-LO-S13,Life Operations Moments,353:9649,PER-LO-S13-W008,Lifestyle Domain,763:11726,Navigation,Navigation Chip,Read active Personal contexts; selection navigates locally,PROJECTION_READ,Personal Context / Domain List,GET,,DEFERRED,Contract TBD/deferred: Personal Context / Domain List
LO,,PER-LO-S13,Life Operations Moments,353:9649,PER-LO-S13-W009,Journey Score,504:6508,Journey Hero,Derived KPI,Read / derived journey projection,PROJECTION_READ,PersonalMoments.Get,GET,GET /v1/personal/moments,WIRED,Live read + client consume
LO,,PER-LO-S13,Life Operations Moments,353:9649,PER-LO-S13-W010,Journey Band,504:6510,Journey Hero,Derived Status,Read / derived journey projection,PROJECTION_READ,PersonalMoments.Get,GET,GET /v1/personal/moments,WIRED,Live read + client consume
LO,,PER-LO-S13,Life Operations Moments,353:9649,PER-LO-S13-W011,Stabilizing Phase,504:6514,Journey Hero,Phase Indicator,Read / derived journey projection,PROJECTION_READ,PersonalMoments.Get,GET,GET /v1/personal/moments,WIRED,Live read + client consume
LO,,PER-LO-S13,Life Operations Moments,353:9649,PER-LO-S13-W012,Structured Phase,504:6517,Journey Hero,Phase Indicator,Read / derived journey projection,PROJECTION_READ,PersonalMoments.Get,GET,GET /v1/personal/moments,WIRED,Live read + client consume
LO,,PER-LO-S13,Life Operations Moments,353:9649,PER-LO-S13-W013,Thriving Phase,504:6520,Journey Hero,Phase Indicator,Read / derived journey projection,PROJECTION_READ,PersonalMoments.Get,GET,GET /v1/personal/moments,WIRED,Live read + client consume
LO,,PER-LO-S13,Life Operations Moments,353:9649,PER-LO-S13-W014,Days Active,504:6524,Journey Hero,Derived KPI,Read / derived journey projection,PROJECTION_READ,PersonalMoments.Get,GET,GET /v1/personal/moments,WIRED,Live read + client consume
LO,,PER-LO-S13,Life Operations Moments,353:9649,PER-LO-S13-W015,Logs Count,504:6527,Journey Hero,Derived KPI,Read / derived journey projection,PROJECTION_READ,PersonalMoments.Get,GET,GET /v1/personal/moments,WIRED,Live read + client consume
LO,,PER-LO-S13,Life Operations Moments,353:9649,PER-LO-S13-W016,Journey Spend,504:6530,Journey Hero,Derived KPI,Read / derived journey projection,PROJECTION_READ,PersonalMoments.Get,GET,GET /v1/personal/moments,WIRED,Live read + client consume
LO,,PER-LO-S13,Life Operations Moments,353:9649,PER-LO-S13-W017,Journey Recovery,504:6533,Journey Hero,Derived KPI,Read / derived journey projection,PROJECTION_READ,PersonalMoments.Get,GET,GET /v1/personal/moments,WIRED,Live read + client consume
LO,,PER-LO-S13,Life Operations Moments,353:9649,PER-LO-S13-W018,Recovery Timeline Event,504:6538,Journey Timeline,Repeater Row,Read composed journey event,PROJECTION_READ,PersonalMoments.Get / PersonalActivity.List,GET,GET /v1/personal/activity,WIRED,Live read + client consume
LO,,PER-LO-S13,Life Operations Moments,353:9649,PER-LO-S13-W019,Money Timeline Event,504:6543,Journey Timeline,Repeater Row,Read composed journey event,PROJECTION_READ,PersonalMoments.Get / PersonalActivity.List,GET,GET /v1/personal/activity,WIRED,Live read + client consume
LO,,PER-LO-S13,Life Operations Moments,353:9649,PER-LO-S13-W020,Mood Timeline Event,504:6548,Journey Timeline,Repeater Row,Read composed journey event,PROJECTION_READ,PersonalMoments.Get / PersonalActivity.List,GET,GET /v1/personal/activity,WIRED,Live read + client consume
LO,,PER-LO-S13,Life Operations Moments,353:9649,PER-LO-S13-W021,Money Journey Period,521:7158,Money Journey,Filter / Context,Query parameter for financial journey,PROJECTION_READ,Personal Money Journey,GET,LIVE_READ_FAMILY,WIRED,Live read + client consume
LO,,PER-LO-S13,Life Operations Moments,353:9649,PER-LO-S13-W022,Total Spend,504:6559,Money Journey,Derived KPI,Read / derived financial journey,PROJECTION_READ,Personal Money Journey,GET,LIVE_READ_FAMILY,WIRED,Live read + client consume
LO,,PER-LO-S13,Life Operations Moments,353:9649,PER-LO-S13-W023,Highest Spend Month,504:6562,Money Journey,Derived KPI,Read / derived financial journey,PROJECTION_READ,Personal Money Journey,GET,LIVE_READ_FAMILY,WIRED,Live read + client consume
LO,,PER-LO-S13,Life Operations Moments,353:9649,PER-LO-S13-W024,Lowest Spend Month,504:6565,Money Journey,Derived KPI,Read / derived financial journey,PROJECTION_READ,Personal Money Journey,GET,LIVE_READ_FAMILY,WIRED,Live read + client consume
LO,,PER-LO-S13,Life Operations Moments,353:9649,PER-LO-S13-W025,Efficiency Week,504:6571,Best Moments,Highlight Card,Read / derived journey projection,PROJECTION_READ,PersonalMoments.Get,GET,GET /v1/personal/moments,WIRED,Live read + client consume
LO,,PER-LO-S13,Life Operations Moments,353:9649,PER-LO-S13-W026,Balance Month,504:6574,Best Moments,Highlight Card,Read / derived journey projection,PROJECTION_READ,PersonalMoments.Get,GET,GET /v1/personal/moments,WIRED,Live read + client consume
LO,,PER-LO-S13,Life Operations Moments,353:9649,PER-LO-S13-W027,Recovery Streak Turning Point,504:6579,Turning Points,Milestone Row,Read / derived journey projection,PROJECTION_READ,PersonalMoments.Get,GET,GET /v1/personal/moments,WIRED,Live read + client consume
LO,,PER-LO-S13,Life Operations Moments,353:9649,PER-LO-S13-W028,Recovery Streak Progress,1011:12863,Turning Points,Progress Indicator,Read / derived journey projection,PROJECTION_READ,PersonalMoments.Get,GET,GET /v1/personal/moments,WIRED,Live read + client consume
LO,,PER-LO-S13,Life Operations Moments,353:9649,PER-LO-S13-W029,Budget Locked Turning Point,504:6585,Turning Points,Milestone Row,Read / derived journey projection,PROJECTION_READ,PersonalMoments.Get,GET,GET /v1/personal/moments,WIRED,Live read + client consume
LO,,PER-LO-S13,Life Operations Moments,353:9649,PER-LO-S13-W030,Budget Progress,1011:12867,Turning Points,Progress Indicator,Read / derived journey projection,PROJECTION_READ,PersonalMoments.Get,GET,GET /v1/personal/moments,WIRED,Live read + client consume
LO,,PER-LO-S13,Life Operations Moments,353:9649,PER-LO-S13-W031,AI Insights Status,526:11972,AI Insights,State Badge,Static feature-availability state until AI is enabled,STATIC / FEATURE_FLAG,AI Insight availability,LOCAL / FEATURE FLAG,LOCAL,LOCAL_ONLY,UI-only / navigation
LO,,PER-LO-S13,Life Operations Moments,353:9649,PER-LO-S13-W032,Open Quick Add,1011:12875,Capture Moment,Primary CTA,Read available actions then navigate to chosen quick-add form,PROJECTION_READ → LOCAL_UI,Personal Available Actions,GET,,DEFERRED,Contract TBD/deferred: Personal Available Actions
LO,,PER-LO-S13,Life Operations Moments,353:9649,PER-LO-S13-W033,Expense FAB,1035:7753,Floating Action,Floating CTA,Read EXPENSE_CREATE availability then navigate to Money Quick Add,PROJECTION_READ → LOCAL_UI,Personal Available Actions / EXPENSE_CREATE,GET,,DEFERRED,Contract TBD/deferred: Personal Available Actions / EXPENSE_CREATE
LO,,PER-LO-S13,Life Operations Moments,353:9649,PER-LO-S13-W034,Pulse Navigation,778:5488,Bottom Navigation,Navigation Tab,Local UI state,LOCAL_UI,LOCAL_ONLY,LOCAL,LOCAL,LOCAL_ONLY,UI-only / navigation
LO,,PER-LO-S13,Life Operations Moments,353:9649,PER-LO-S13-W035,Moments Navigation,778:5488,Bottom Navigation,Navigation Tab,Local UI state,LOCAL_UI,LOCAL_ONLY,LOCAL,LOCAL,LOCAL_ONLY,UI-only / navigation
LO,,PER-LO-S13,Life Operations Moments,353:9649,PER-LO-S13-W036,Quick Adds Navigation,778:5488,Bottom Navigation,Navigation Tab,Local UI state,LOCAL_UI,LOCAL_ONLY,LOCAL,LOCAL,LOCAL_ONLY,UI-only / navigation
LO,,PER-LO-S13,Life Operations Moments,353:9649,PER-LO-S13-W037,Life Navigation,778:5488,Bottom Navigation,Navigation Tab,Local UI state,LOCAL_UI,LOCAL_ONLY,LOCAL,LOCAL,LOCAL_ONLY,UI-only / navigation
LO,,PER-LO-S13,Life Operations Moments,353:9649,PER-LO-S13-W038,Memory Navigation,778:5488,Bottom Navigation,Navigation Tab,Local UI state,LOCAL_UI,LOCAL_ONLY,LOCAL,LOCAL,LOCAL_ONLY,UI-only / navigation
LO,,PER-LO-S14,Money Quick Add,482:18697,PER-LO-S14-W001,Entries Today,1017:7731,Header,Dynamic Badge,Read / derived runtime count,PROJECTION_READ,Personal Runtime Summary,GET,LIVE_READ_FAMILY,WIRED,Live read + client consume
LO,,PER-LO-S14,Money Quick Add,482:18697,PER-LO-S14-W002,Income Entry Type,1017:7746,Entry Type,Selection Chip,Switch capture flow locally,LOCAL_UI / COMMAND_ROUTING,Finance mode router,CLIENT ROUTER,LOCAL,LOCAL_ONLY,UI-only / navigation
LO,,PER-LO-S14,Money Quick Add,482:18697,PER-LO-S14-W003,Transfer Entry Type,1017:7749,Entry Type,Selection Chip,Switch capture flow locally,LOCAL_UI / COMMAND_ROUTING,Finance mode router,CLIENT ROUTER,LOCAL,LOCAL_ONLY,UI-only / navigation
LO,,PER-LO-S14,Money Quick Add,482:18697,PER-LO-S14-W004,Savings Entry Type,1031:9168,Entry Type,Selection Chip,Switch capture flow locally,LOCAL_UI / COMMAND_ROUTING,Finance mode router,CLIENT ROUTER,LOCAL,LOCAL_ONLY,UI-only / navigation
LO,,PER-LO-S14,Money Quick Add,482:18697,PER-LO-S14-W005,Expense Title,1017:7757,Title,Text Input,Local form state; included in Expense.Create,CANONICAL_WRITE,Create Expense,POST,POST /v1/moments/:id/expenses,WIRED,Live write + client Quick Add
LO,,PER-LO-S14,Money Quick Add,482:18697,PER-LO-S14-W006,Expense Amount,1017:7762,Amount,Currency Input,Local form state; included in Expense.Create,CANONICAL_WRITE,Create Expense,POST,POST /v1/moments/:id/expenses,WIRED,Live write + client Quick Add
LO,,PER-LO-S14,Money Quick Add,482:18697,PER-LO-S14-W007,Add Account,1017:7765,Paid From,CTA,Local UI state,LOCAL_UI,LOCAL_ONLY,LOCAL,LOCAL,LOCAL_ONLY,UI-only / navigation
LO,,PER-LO-S14,Money Quick Add,482:18697,PER-LO-S14-W008,HDFC Savings Account,1017:7770,Paid From,Account Selector,Read active accounts; store selected account ID in draft,REFERENCE_READ → CANONICAL_WRITE,Financial Account Picker + Create Expense,GET + POST,POST /v1/moments/:id/expenses,WIRED,Live write + client Quick Add
LO,,PER-LO-S14,Money Quick Add,482:18697,PER-LO-S14-W009,Cash Account,1017:7778,Paid From,Account Selector,Read active accounts; store selected account ID in draft,REFERENCE_READ → CANONICAL_WRITE,Financial Account Picker + Create Expense,GET + POST,POST /v1/moments/:id/expenses,WIRED,Live write + client Quick Add
LO,,PER-LO-S14,Money Quick Add,482:18697,PER-LO-S14-W010,Food Category,1017:7788,Category,Selection Chip,Local selected taxonomy value; included in Expense.Create,REFERENCE_READ → CANONICAL_WRITE,Finance Expense Taxonomy / Create Expense,GET + POST,POST /v1/moments/:id/expenses,WIRED,Live write + client Quick Add
LO,,PER-LO-S14,Money Quick Add,482:18697,PER-LO-S14-W011,Transport Category,1017:7791,Category,Selection Chip,Local selected taxonomy value; included in Expense.Create,REFERENCE_READ → CANONICAL_WRITE,Finance Expense Taxonomy / Create Expense,GET + POST,POST /v1/moments/:id/expenses,WIRED,Live write + client Quick Add
LO,,PER-LO-S14,Money Quick Add,482:18697,PER-LO-S14-W012,Housing Category,1017:7794,Category,Selection Chip,Local selected taxonomy value; included in Expense.Create,REFERENCE_READ → CANONICAL_WRITE,Finance Expense Taxonomy / Create Expense,GET + POST,POST /v1/moments/:id/expenses,WIRED,Live write + client Quick Add
LO,,PER-LO-S14,Money Quick Add,482:18697,PER-LO-S14-W013,Health Category,1017:7797,Category,Selection Chip,Local selected taxonomy value; included in Expense.Create,REFERENCE_READ → CANONICAL_WRITE,Finance Expense Taxonomy / Create Expense,GET + POST,POST /v1/moments/:id/expenses,WIRED,Live write + client Quick Add
LO,,PER-LO-S14,Money Quick Add,482:18697,PER-LO-S14-W014,Entertainment Category,1017:7800,Category,Selection Chip,Local selected taxonomy value; included in Expense.Create,REFERENCE_READ → CANONICAL_WRITE,Finance Expense Taxonomy / Create Expense,GET + POST,POST /v1/moments/:id/expenses,WIRED,Live write + client Quick Add
LO,,PER-LO-S14,Money Quick Add,482:18697,PER-LO-S14-W015,Other Category,1017:7803,Category,Selection Chip,Local selected taxonomy value; included in Expense.Create,REFERENCE_READ → CANONICAL_WRITE,Finance Expense Taxonomy / Create Expense,GET + POST,POST /v1/moments/:id/expenses,WIRED,Live write + client Quick Add
LO,,PER-LO-S14,Money Quick Add,482:18697,PER-LO-S14-W016,Coffee Subcategory,1017:7809,Subcategory,Selection Chip,Local selected taxonomy value; included in Expense.Create,REFERENCE_READ → CANONICAL_WRITE,Finance Expense Taxonomy / Create Expense,GET + POST,POST /v1/moments/:id/expenses,WIRED,Live write + client Quick Add
LO,,PER-LO-S14,Money Quick Add,482:18697,PER-LO-S14-W017,Groceries Subcategory,1017:7812,Subcategory,Selection Chip,Local selected taxonomy value; included in Expense.Create,REFERENCE_READ → CANONICAL_WRITE,Finance Expense Taxonomy / Create Expense,GET + POST,POST /v1/moments/:id/expenses,WIRED,Live write + client Quick Add
LO,,PER-LO-S14,Money Quick Add,482:18697,PER-LO-S14-W018,Dining Out Subcategory,1017:7815,Subcategory,Selection Chip,Local selected taxonomy value; included in Expense.Create,REFERENCE_READ → CANONICAL_WRITE,Finance Expense Taxonomy / Create Expense,GET + POST,POST /v1/moments/:id/expenses,WIRED,Live write + client Quick Add
LO,,PER-LO-S14,Money Quick Add,482:18697,PER-LO-S14-W019,Essential Impact,1017:7821,Financial Impact,Selection Chip,Local selected planning class; included in Expense.Create,CANONICAL_WRITE,Create Expense,POST,POST /v1/moments/:id/expenses,WIRED,Live write + client Quick Add
LO,,PER-LO-S14,Money Quick Add,482:18697,PER-LO-S14-W020,Planned Impact,1017:7824,Financial Impact,Selection Chip,Local selected planning class; included in Expense.Create,CANONICAL_WRITE,Create Expense,POST,POST /v1/moments/:id/expenses,WIRED,Live write + client Quick Add
LO,,PER-LO-S14,Money Quick Add,482:18697,PER-LO-S14-W021,Unplanned Impact,1017:7827,Financial Impact,Selection Chip,Local selected planning class; included in Expense.Create,CANONICAL_WRITE,Create Expense,POST,POST /v1/moments/:id/expenses,WIRED,Live write + client Quick Add
LO,,PER-LO-S14,Money Quick Add,482:18697,PER-LO-S14-W022,Now Date,1017:7833,When,Selection Chip,Resolve timestamp in local draft; included in Expense.Create,CANONICAL_WRITE,Create Expense,POST,POST /v1/moments/:id/expenses,WIRED,Live write + client Quick Add
LO,,PER-LO-S14,Money Quick Add,482:18697,PER-LO-S14-W023,Today Date,1017:7836,When,Selection Chip,Resolve timestamp in local draft; included in Expense.Create,CANONICAL_WRITE,Create Expense,POST,POST /v1/moments/:id/expenses,WIRED,Live write + client Quick Add
LO,,PER-LO-S14,Money Quick Add,482:18697,PER-LO-S14-W024,Yesterday Date,1017:7839,When,Selection Chip,Resolve timestamp in local draft; included in Expense.Create,CANONICAL_WRITE,Create Expense,POST,POST /v1/moments/:id/expenses,WIRED,Live write + client Quick Add
LO,,PER-LO-S14,Money Quick Add,482:18697,PER-LO-S14-W025,Change Date,1017:7842,When,Date CTA,Open date/time picker; update local effective_at draft,LOCAL_UI → CANONICAL_WRITE_ON_SAVE,Create Expense,POST,LOCAL,LOCAL_ONLY,UI-only / navigation
LO,,PER-LO-S14,Money Quick Add,482:18697,PER-LO-S14-W026,Save Expense,1017:7846,Footer,Primary CTA,Validate and create one canonical Personal expense,COMMAND,Create Expense,POST,POST /v1/moments/:id/expenses,WIRED,Live write + client Quick Add
LO,,PER-LO-S15,Transfer,520:29924,PER-LO-S15-W001,Entries Today,520:29936,Header,Dynamic Badge,Read current-day entry aggregate,PROJECTION_READ,Personal Runtime Summary,GET,LIVE_READ_FAMILY,WIRED,Live read + client consume
LO,,PER-LO-S15,Transfer,520:29924,PER-LO-S15-W002,Income Tab,1204:8317,Entry Type Tabs,Navigation / Selection Tab,Local UI state,LOCAL_UI,LOCAL_ONLY,LOCAL,LOCAL,LOCAL_ONLY,UI-only / navigation
LO,,PER-LO-S15,Transfer,520:29924,PER-LO-S15-W003,Transfer Tab,520:29950,Entry Type Tabs,Navigation / Selection Tab,Local UI state,LOCAL_UI,LOCAL_ONLY,LOCAL,LOCAL,LOCAL_ONLY,UI-only / navigation
LO,,PER-LO-S15,Transfer,520:29924,PER-LO-S15-W004,Savings Tab,520:29952,Entry Type Tabs,Navigation / Selection Tab,Local UI state,LOCAL_UI,LOCAL_ONLY,LOCAL,LOCAL,LOCAL_ONLY,UI-only / navigation
LO,,PER-LO-S15,Transfer,520:29924,PER-LO-S15-W005,From Account,520:29959,From,Account Selector,Read eligible accounts; selection stored in local draft,PROJECTION_READ → COMMAND_INPUT,Financial Account Picker,GET,LIVE_WRITE_FAMILY,WIRED,Live write + client Quick Add
LO,,PER-LO-S15,Transfer,520:29924,PER-LO-S15-W006,Source Available Balance,520:29959,From,Dynamic Display,Read selected account balance state,PROJECTION_READ,Financial Account Picker,GET,LIVE_READ_FAMILY,WIRED,Live read + client consume
LO,,PER-LO-S15,Transfer,520:29924,PER-LO-S15-W007,To Cash Account,520:29970,To,Account Selector,Read eligible accounts; selection stored in local draft,PROJECTION_READ → COMMAND_INPUT,Financial Account Picker,GET,LIVE_WRITE_FAMILY,WIRED,Live write + client Quick Add
LO,,PER-LO-S15,Transfer,520:29924,PER-LO-S15-W008,Cash Destination Balance,520:29970,To,Dynamic Display,Read selected account balance state,PROJECTION_READ,Financial Account Picker,GET,LIVE_READ_FAMILY,WIRED,Live read + client consume
LO,,PER-LO-S15,Transfer,520:29924,PER-LO-S15-W009,To Credit Card,520:29978,To,Account Selector,Read eligible accounts; selection stored in local draft,PROJECTION_READ → COMMAND_INPUT,Financial Account Picker,GET,LIVE_WRITE_FAMILY,WIRED,Live write + client Quick Add
LO,,PER-LO-S15,Transfer,520:29924,PER-LO-S15-W010,Credit Card Due,520:29978,To,Dynamic Display,Read selected account balance state,PROJECTION_READ,Financial Account Picker,GET,LIVE_READ_FAMILY,WIRED,Live read + client consume
LO,,PER-LO-S15,Transfer,520:29924,PER-LO-S15-W011,Transfer Amount,520:29987,Amount,Currency Input,Local form state; canonical write on submit,CANONICAL_WRITE_ON_SUBMIT,Transfer Funds,POST,POST /v1/moments/:id/movements,WIRED,Live write + client Quick Add
LO,,PER-LO-S15,Transfer,520:29924,PER-LO-S15-W012,Transfer Note,520:29994,Note,Text Input,Local form state; canonical write on submit,CANONICAL_WRITE_ON_SUBMIT,Transfer Funds,POST,POST /v1/moments/:id/movements,WIRED,Live write + client Quick Add
LO,,PER-LO-S15,Transfer,520:29924,PER-LO-S15-W013,One-time Transfer,520:30000,Transfer Type,Selection Chip,Local form state; canonical write on submit,CANONICAL_WRITE_ON_SUBMIT,Transfer Funds,POST,POST /v1/moments/:id/movements,WIRED,Live write + client Quick Add
LO,,PER-LO-S15,Transfer,520:29924,PER-LO-S15-W014,Recurring Transfer,520:30002,Transfer Type,Selection Chip,Local form state; canonical write on submit,CANONICAL_WRITE_ON_SUBMIT,Transfer Funds,POST,POST /v1/moments/:id/movements,WIRED,Live write + client Quick Add
LO,,PER-LO-S15,Transfer,520:29924,PER-LO-S15-W015,Transfer Now,520:30007,When,Selection Chip,Local form state; canonical write on submit,CANONICAL_WRITE_ON_SUBMIT,Transfer Funds,POST,POST /v1/moments/:id/movements,WIRED,Live write + client Quick Add
LO,,PER-LO-S15,Transfer,520:29924,PER-LO-S15-W016,Transfer Today,520:30009,When,Selection Chip,Local form state; canonical write on submit,CANONICAL_WRITE_ON_SUBMIT,Transfer Funds,POST,POST /v1/moments/:id/movements,WIRED,Live write + client Quick Add
LO,,PER-LO-S15,Transfer,520:29924,PER-LO-S15-W017,Transfer Yesterday,520:30011,When,Selection Chip,Local form state; canonical write on submit,CANONICAL_WRITE_ON_SUBMIT,Transfer Funds,POST,POST /v1/moments/:id/movements,WIRED,Live write + client Quick Add
LO,,PER-LO-S15,Transfer,520:29924,PER-LO-S15-W018,Change Transfer Date,520:30013,When,Date CTA,Local form state; canonical write on submit,CANONICAL_WRITE_ON_SUBMIT,Transfer Funds,POST,POST /v1/moments/:id/movements,WIRED,Live write + client Quick Add
LO,,PER-LO-S15,Transfer,520:29924,PER-LO-S15-W019,Transfer Now CTA,520:30015,Footer,Primary CTA,Validate and execute transfer command,COMMAND,Transfer Funds,POST,POST /v1/moments/:id/movements,WIRED,Live write + client Quick Add
LO,,PER-LO-S16,Savings,520:30019,PER-LO-S16-W001,Entries Today,520:30033,Header,Dynamic Badge,Read current-day entry aggregate,PROJECTION_READ,Personal Runtime Summary,GET,LIVE_READ_FAMILY,WIRED,Live read + client consume
LO,,PER-LO-S16,Savings,520:30019,PER-LO-S16-W002,Income Tab,520:30042,Entry Type Tabs,Navigation / Selection Tab,Local UI state,LOCAL_UI,LOCAL_ONLY,LOCAL,LOCAL,LOCAL_ONLY,UI-only / navigation
LO,,PER-LO-S16,Savings,520:30019,PER-LO-S16-W003,Transfer Tab,520:30044,Entry Type Tabs,Navigation / Selection Tab,Local UI state,LOCAL_UI,LOCAL_ONLY,LOCAL,LOCAL,LOCAL_ONLY,UI-only / navigation
LO,,PER-LO-S16,Savings,520:30019,PER-LO-S16-W004,Savings Tab,520:30046,Entry Type Tabs,Navigation / Selection Tab,Local UI state,LOCAL_UI,LOCAL_ONLY,LOCAL,LOCAL,LOCAL_ONLY,UI-only / navigation
LO,,PER-LO-S16,Savings,520:30019,PER-LO-S16-W005,House Fund Goal,520:30054,Savings Goal,Goal Selector,Read eligible savings goals and store selected goal_id in local draft,PROJECTION_READ → COMMAND_INPUT,Savings Goal List,GET,POST /v1/moments/:id/movements,WIRED,Live write + client Quick Add
LO,,PER-LO-S16,Savings,520:30019,PER-LO-S16-W006,Travel Fund Goal,520:30061,Savings Goal,Goal Selector,Read eligible savings goals and store selected goal_id in local draft,PROJECTION_READ → COMMAND_INPUT,Savings Goal List,GET,POST /v1/moments/:id/movements,WIRED,Live write + client Quick Add
LO,,PER-LO-S16,Savings,520:30019,PER-LO-S16-W007,Education Goal,520:30068,Savings Goal,Goal Selector,Read eligible savings goals and store selected goal_id in local draft,PROJECTION_READ → COMMAND_INPUT,Savings Goal List,GET,POST /v1/moments/:id/movements,WIRED,Live write + client Quick Add
LO,,PER-LO-S16,Savings,520:30019,PER-LO-S16-W008,Deposit Amount,520:30077,Deposit Amount,Currency Input,Local form state; canonical write on submit,CANONICAL_WRITE_ON_SUBMIT,Record Savings Contribution,POST,POST /v1/moments/:id/movements,WIRED,Live write + client Quick Add
LO,,PER-LO-S16,Savings,520:30019,PER-LO-S16-W009,Deposit From Account,520:30085,Deposit From,Account Selector,Read eligible accounts; selection stored in local draft,PROJECTION_READ → COMMAND_INPUT,Financial Account Picker,GET,LIVE_WRITE_FAMILY,WIRED,Live write + client Quick Add
LO,,PER-LO-S16,Savings,520:30019,PER-LO-S16-W010,Deposit Account Balance,520:30085,Deposit From,Dynamic Display,Read selected account balance state,PROJECTION_READ,Financial Account Picker,GET,LIVE_READ_FAMILY,WIRED,Live read + client consume
LO,,PER-LO-S16,Savings,520:30019,PER-LO-S16-W011,One-time Frequency,520:30092,Frequency,Selection Chip,Local form state; canonical write on submit,CANONICAL_WRITE_ON_SUBMIT,Record Savings Contribution,POST,POST /v1/moments/:id/movements,WIRED,Live write + client Quick Add
LO,,PER-LO-S16,Savings,520:30019,PER-LO-S16-W012,Weekly Frequency,520:30092,Frequency,Selection Chip,Local form state; canonical write on submit,CANONICAL_WRITE_ON_SUBMIT,Record Savings Contribution,POST,POST /v1/moments/:id/movements,WIRED,Live write + client Quick Add
LO,,PER-LO-S16,Savings,520:30019,PER-LO-S16-W013,Monthly Frequency,520:30092,Frequency,Selection Chip,Local form state; canonical write on submit,CANONICAL_WRITE_ON_SUBMIT,Record Savings Contribution,POST,POST /v1/moments/:id/movements,WIRED,Live write + client Quick Add
LO,,PER-LO-S16,Savings,520:30019,PER-LO-S16-W014,Save Now,520:30104,When,Selection Chip,Local form state; canonical write on submit,CANONICAL_WRITE_ON_SUBMIT,Record Savings Contribution,POST,POST /v1/moments/:id/movements,WIRED,Live write + client Quick Add
LO,,PER-LO-S16,Savings,520:30019,PER-LO-S16-W015,Save Today,520:30106,When,Selection Chip,Local form state; canonical write on submit,CANONICAL_WRITE_ON_SUBMIT,Record Savings Contribution,POST,POST /v1/moments/:id/movements,WIRED,Live write + client Quick Add
LO,,PER-LO-S16,Savings,520:30019,PER-LO-S16-W016,Save Yesterday,520:30108,When,Selection Chip,Local form state; canonical write on submit,CANONICAL_WRITE_ON_SUBMIT,Record Savings Contribution,POST,POST /v1/moments/:id/movements,WIRED,Live write + client Quick Add
LO,,PER-LO-S16,Savings,520:30019,PER-LO-S16-W017,Change Savings Date,520:30110,When,Date CTA,Local form state; canonical write on submit,CANONICAL_WRITE_ON_SUBMIT,Record Savings Contribution,POST,POST /v1/moments/:id/movements,WIRED,Live write + client Quick Add
LO,,PER-LO-S16,Savings,520:30019,PER-LO-S16-W018,Save Savings Entry,520:30112,Footer,Primary CTA,Validate and record savings contribution,COMMAND,Record Savings Contribution,POST,POST /v1/moments/:id/movements,WIRED,Live write + client Quick Add
LO,,PER-LO-S17,Life Operations Memory,353:10273,PER-LO-S17-W001,Personal Context,I763:12341;688:4219,Navigation,Navigation Chip,Read available Personal contexts; navigate to chosen app scope,PROJECTION_READ / LOCAL_NAV,Personal Context / Domain List,GET,,DEFERRED,Contract TBD/deferred: Personal Context / Domain List
LO,,PER-LO-S17,Life Operations Memory,353:10273,PER-LO-S17-W002,Group Context,I763:12341;688:4221,Navigation,Navigation Chip,Read available Personal contexts; navigate to chosen app scope,PROJECTION_READ / LOCAL_NAV,Personal Context / Domain List,GET,,DEFERRED,Contract TBD/deferred: Personal Context / Domain List
LO,,PER-LO-S17,Life Operations Memory,353:10273,PER-LO-S17-W003,Business Context,I763:12341;688:4223,Navigation,Navigation Chip,Read available Personal contexts; navigate to chosen app scope,PROJECTION_READ / LOCAL_NAV,Personal Context / Domain List,GET,,DEFERRED,Contract TBD/deferred: Personal Context / Domain List
LO,,PER-LO-S17,Life Operations Memory,353:10273,PER-LO-S17-W004,Circle Context,I763:12341;688:4225,Navigation,Navigation Chip,Read available Personal contexts; navigate to chosen app scope,PROJECTION_READ / LOCAL_NAV,Personal Context / Domain List,GET,,DEFERRED,Contract TBD/deferred: Personal Context / Domain List
LO,,PER-LO-S17,Life Operations Memory,353:10273,PER-LO-S17-W005,Life Operations Domain,763:12354,Navigation,Navigation Chip,Read Personal domain contexts; navigate to selected domain,PROJECTION_READ / LOCAL_NAV,Personal Context / Domain List,GET,,DEFERRED,Contract TBD/deferred: Personal Context / Domain List
LO,,PER-LO-S17,Life Operations Memory,353:10273,PER-LO-S17-W006,Future Building Domain,763:12359,Navigation,Navigation Chip,Read Personal domain contexts; navigate to selected domain,PROJECTION_READ / LOCAL_NAV,Personal Context / Domain List,GET,,DEFERRED,Contract TBD/deferred: Personal Context / Domain List
LO,,PER-LO-S17,Life Operations Memory,353:10273,PER-LO-S17-W007,Relationships Domain,763:12362,Navigation,Navigation Chip,Read Personal domain contexts; navigate to selected domain,PROJECTION_READ / LOCAL_NAV,Personal Context / Domain List,GET,,DEFERRED,Contract TBD/deferred: Personal Context / Domain List
LO,,PER-LO-S17,Life Operations Memory,353:10273,PER-LO-S17-W008,Lifestyle Domain,763:12365,Navigation,Navigation Chip,Read Personal domain contexts; navigate to selected domain,PROJECTION_READ / LOCAL_NAV,Personal Context / Domain List,GET,,DEFERRED,Contract TBD/deferred: Personal Context / Domain List
LO,,PER-LO-S17,Life Operations Memory,353:10273,PER-LO-S17-W009,Identity Type,521:7171,Identity/Core Pattern,Derived Insight,Read derived/durable memory state,PROJECTION_READ,PersonalMemory.Get / GetMemoryPatterns,GET,,DEFERRED,Contract TBD/deferred: PersonalMemory.Get / GetMemoryPatterns
LO,,PER-LO-S17,Life Operations Memory,353:10273,PER-LO-S17-W010,Identity Interpretation,521:7172,Identity/Core Pattern,Derived Insight,Read derived/durable memory state,PROJECTION_READ,PersonalMemory.Get / GetMemoryPatterns,GET,,DEFERRED,Contract TBD/deferred: PersonalMemory.Get / GetMemoryPatterns
LO,,PER-LO-S17,Life Operations Memory,353:10273,PER-LO-S17-W011,Identity Confidence,521:7172,Identity/Core Pattern,Derived KPI,Read derived/durable memory state,PROJECTION_READ,PersonalMemory.Get / GetMemoryPatterns,GET,,DEFERRED,Contract TBD/deferred: PersonalMemory.Get / GetMemoryPatterns
LO,,PER-LO-S17,Life Operations Memory,353:10273,PER-LO-S17-W012,Pressure Peak Pattern,521:7175,Identity/Core Pattern,Derived Insight,Read derived/durable memory state,PROJECTION_READ,PersonalMemory.Get / GetMemoryPatterns,GET,,DEFERRED,Contract TBD/deferred: PersonalMemory.Get / GetMemoryPatterns
LO,,PER-LO-S17,Life Operations Memory,353:10273,PER-LO-S17-W013,Recovery Block Pattern,521:7175,Identity/Core Pattern,Derived Insight,Read derived/durable memory state,PROJECTION_READ,PersonalMemory.Get / GetMemoryPatterns,GET,,DEFERRED,Contract TBD/deferred: PersonalMemory.Get / GetMemoryPatterns
LO,,PER-LO-S17,Life Operations Memory,353:10273,PER-LO-S17-W014,Stability Pattern,521:7175,Identity/Core Pattern,Derived Insight,Read derived/durable memory state,PROJECTION_READ,PersonalMemory.Get / GetMemoryPatterns,GET,,DEFERRED,Contract TBD/deferred: PersonalMemory.Get / GetMemoryPatterns
LO,,PER-LO-S17,Life Operations Memory,353:10273,PER-LO-S17-W015,Pattern Confidence,521:7190,Identity/Core Pattern,Derived KPI,Read derived/durable memory state,PROJECTION_READ,PersonalMemory.Get / GetMemoryPatterns,GET,,DEFERRED,Contract TBD/deferred: PersonalMemory.Get / GetMemoryPatterns
LO,,PER-LO-S17,Life Operations Memory,353:10273,PER-LO-S17-W016,Recovery Logs Driver,505:6648,Drivers,Derived Driver,Read derived/durable memory state,PROJECTION_READ,PersonalMemory.Get / GetMemoryPatterns,GET,,DEFERRED,Contract TBD/deferred: PersonalMemory.Get / GetMemoryPatterns
LO,,PER-LO-S17,Life Operations Memory,353:10273,PER-LO-S17-W017,Consistent Sleep Driver,505:6646,Drivers,Derived Driver,Read derived/durable memory state,PROJECTION_READ,PersonalMemory.Get / GetMemoryPatterns,GET,,DEFERRED,Contract TBD/deferred: PersonalMemory.Get / GetMemoryPatterns
LO,,PER-LO-S17,Life Operations Memory,353:10273,PER-LO-S17-W018,Late Commitments Driver,505:6654,Drivers,Derived Driver,Read derived/durable memory state,PROJECTION_READ,PersonalMemory.Get / GetMemoryPatterns,GET,,DEFERRED,Contract TBD/deferred: PersonalMemory.Get / GetMemoryPatterns
LO,,PER-LO-S17,Life Operations Memory,353:10273,PER-LO-S17-W019,Unplanned Spend Driver,505:6659,Drivers,Derived Driver,Read derived/durable memory state,PROJECTION_READ,PersonalMemory.Get / GetMemoryPatterns,GET,,DEFERRED,Contract TBD/deferred: PersonalMemory.Get / GetMemoryPatterns
LO,,PER-LO-S17,Life Operations Memory,353:10273,PER-LO-S17-W020,Recovery Before Meetings Behavior,505:6664,Return Behaviors,Derived Behavior,Read derived/durable memory state,PROJECTION_READ,PersonalMemory.Get / GetMemoryPatterns,GET,,DEFERRED,Contract TBD/deferred: PersonalMemory.Get / GetMemoryPatterns
LO,,PER-LO-S17,Life Operations Memory,353:10273,PER-LO-S17-W021,Same-day Expense Log Behavior,505:6667,Return Behaviors,Derived Behavior,Read derived/durable memory state,PROJECTION_READ,PersonalMemory.Get / GetMemoryPatterns,GET,,DEFERRED,Contract TBD/deferred: PersonalMemory.Get / GetMemoryPatterns
LO,,PER-LO-S17,Life Operations Memory,353:10273,PER-LO-S17-W022,Sunday Planning Behavior,505:6662,Return Behaviors,Derived Behavior,Read derived/durable memory state,PROJECTION_READ,PersonalMemory.Get / GetMemoryPatterns,GET,,DEFERRED,Contract TBD/deferred: PersonalMemory.Get / GetMemoryPatterns
LO,,PER-LO-S17,Life Operations Memory,353:10273,PER-LO-S17-W023,Calm Emotional DNA,505:6673,Emotional DNA,Derived KPI,Read derived/durable memory state,PROJECTION_READ,PersonalMemory.Get / GetMemoryPatterns,GET,,DEFERRED,Contract TBD/deferred: PersonalMemory.Get / GetMemoryPatterns
LO,,PER-LO-S17,Life Operations Memory,353:10273,PER-LO-S17-W024,Focused Emotional DNA,505:6673,Emotional DNA,Derived KPI,Read derived/durable memory state,PROJECTION_READ,PersonalMemory.Get / GetMemoryPatterns,GET,,DEFERRED,Contract TBD/deferred: PersonalMemory.Get / GetMemoryPatterns
LO,,PER-LO-S17,Life Operations Memory,353:10273,PER-LO-S17-W025,Strained Emotional DNA,505:6673,Emotional DNA,Derived KPI,Read derived/durable memory state,PROJECTION_READ,PersonalMemory.Get / GetMemoryPatterns,GET,,DEFERRED,Contract TBD/deferred: PersonalMemory.Get / GetMemoryPatterns
LO,,PER-LO-S17,Life Operations Memory,353:10273,PER-LO-S17-W026,Lifted Emotional DNA,505:6673,Emotional DNA,Derived KPI,Read derived/durable memory state,PROJECTION_READ,PersonalMemory.Get / GetMemoryPatterns,GET,,DEFERRED,Contract TBD/deferred: PersonalMemory.Get / GetMemoryPatterns
LO,,PER-LO-S17,Life Operations Memory,353:10273,PER-LO-S17-W027,Evolution Period — Aug-Sep,521:7241,Evolution Timeline,Historical / Current State,Read derived/durable memory state,PROJECTION_READ,PersonalMemory.Get / GetMemoryPatterns,GET,,DEFERRED,Contract TBD/deferred: PersonalMemory.Get / GetMemoryPatterns
LO,,PER-LO-S17,Life Operations Memory,353:10273,PER-LO-S17-W028,Stabilizing Evolution State,521:7250,Evolution Timeline,Historical / Current State,Read derived/durable memory state,PROJECTION_READ,PersonalMemory.Get / GetMemoryPatterns,GET,,DEFERRED,Contract TBD/deferred: PersonalMemory.Get / GetMemoryPatterns
LO,,PER-LO-S17,Life Operations Memory,353:10273,PER-LO-S17-W029,Evolution Period — Oct-Nov,521:7241,Evolution Timeline,Historical / Current State,Read derived/durable memory state,PROJECTION_READ,PersonalMemory.Get / GetMemoryPatterns,GET,,DEFERRED,Contract TBD/deferred: PersonalMemory.Get / GetMemoryPatterns
LO,,PER-LO-S17,Life Operations Memory,353:10273,PER-LO-S17-W030,Structured Evolution State,521:7250,Evolution Timeline,Historical / Current State,Read derived/durable memory state,PROJECTION_READ,PersonalMemory.Get / GetMemoryPatterns,GET,,DEFERRED,Contract TBD/deferred: PersonalMemory.Get / GetMemoryPatterns
LO,,PER-LO-S17,Life Operations Memory,353:10273,PER-LO-S17-W031,Evolution Period — Now,521:7241,Evolution Timeline,Historical / Current State,Read derived/durable memory state,PROJECTION_READ,PersonalMemory.Get / GetMemoryPatterns,GET,,DEFERRED,Contract TBD/deferred: PersonalMemory.Get / GetMemoryPatterns
LO,,PER-LO-S17,Life Operations Memory,353:10273,PER-LO-S17-W032,Adaptive Evolution State,521:7250,Evolution Timeline,Historical / Current State,Read derived/durable memory state,PROJECTION_READ,PersonalMemory.Get / GetMemoryPatterns,GET,,DEFERRED,Contract TBD/deferred: PersonalMemory.Get / GetMemoryPatterns
LO,,PER-LO-S17,Life Operations Memory,353:10273,PER-LO-S17-W033,AI Interpretation,505:6698,AI Interpretation,Derived Insight,Read governed AI interpretation linked to Memory,AI_READ / NON_CANONICAL,AIInsight.GetLatest / PersonalMemory.Get,GET,,DEFERRED,Reflect/AI deferred by product
LO,,PER-LO-S17,Life Operations Memory,353:10273,PER-LO-S17-W034,Growth Edge,505:6701,Next Growth Edge,Recommendation,Read derived/durable memory state,PROJECTION_READ,PersonalMemory.Get / GetMemoryPatterns,GET,,DEFERRED,Contract TBD/deferred: PersonalMemory.Get / GetMemoryPatterns
LO,,PER-LO-S17,Life Operations Memory,353:10273,PER-LO-S17-W035,Growth Edge Guidance,505:6701,Next Growth Edge,Recommendation Detail,Read derived/durable memory state,PROJECTION_READ,PersonalMemory.Get / GetMemoryPatterns,GET,,DEFERRED,Contract TBD/deferred: PersonalMemory.Get / GetMemoryPatterns
LO,,PER-LO-S17,Life Operations Memory,353:10273,PER-LO-S17-W036,Protect Recovery Now,521:7253,Next Growth Edge,CTA,Read action availability then navigate to Recovery Quick Add,PROJECTION_READ / LOCAL_NAV,Personal Available Actions,GET,,DEFERRED,Contract TBD/deferred: Personal Available Actions
LO,,PER-LO-S17,Life Operations Memory,353:10273,PER-LO-S17-W037,AI Insights Availability,526:11992,AI Insights,State Badge,Local UI state,LOCAL_UI,LOCAL_ONLY,LOCAL,LOCAL,LOCAL_ONLY,UI-only / navigation
LO,,PER-LO-S17,Life Operations Memory,353:10273,PER-LO-S17-W038,Expense FAB,1035:7755,Floating Action,Floating CTA,Check available action and open Expense Quick Add,PROJECTION_READ / LOCAL_NAV,Personal Available Actions,GET,,DEFERRED,Contract TBD/deferred: Personal Available Actions
LO,,PER-LO-S17,Life Operations Memory,353:10273,PER-LO-S17-W039,Pulse Navigation,981:7661,Bottom Navigation,Navigation Tab,Local UI state,LOCAL_UI,LOCAL_ONLY,LOCAL,LOCAL,LOCAL_ONLY,UI-only / navigation
LO,,PER-LO-S17,Life Operations Memory,353:10273,PER-LO-S17-W040,Moments Navigation,981:7661,Bottom Navigation,Navigation Tab,Local UI state,LOCAL_UI,LOCAL_ONLY,LOCAL,LOCAL,LOCAL_ONLY,UI-only / navigation
LO,,PER-LO-S17,Life Operations Memory,353:10273,PER-LO-S17-W041,Quick Adds Navigation,981:7661,Bottom Navigation,Navigation Tab,Local UI state,LOCAL_UI,LOCAL_ONLY,LOCAL,LOCAL,LOCAL_ONLY,UI-only / navigation
LO,,PER-LO-S17,Life Operations Memory,353:10273,PER-LO-S17-W042,Life Navigation,981:7661,Bottom Navigation,Navigation Tab,Local UI state,LOCAL_UI,LOCAL_ONLY,LOCAL,LOCAL,LOCAL_ONLY,UI-only / navigation
LO,,PER-LO-S17,Life Operations Memory,353:10273,PER-LO-S17-W043,Memory Navigation,981:7661,Bottom Navigation,Navigation Tab,Local UI state,LOCAL_UI,LOCAL_ONLY,LOCAL,LOCAL,LOCAL_ONLY,UI-only / navigation
LO,,PER-LO-S18,Saved Successfully,1006:9042,PER-LO-S18-W001,All Activities Context,1006:9048,Background Quick Add,Filter Chip,Read executable action catalogue; tap navigates to typed flow,PROJECTION_READ / LOCAL_NAV,Personal Available Actions,GET,,DEFERRED,Contract TBD/deferred: Personal Available Actions
LO,,PER-LO-S18,Saved Successfully,1006:9042,PER-LO-S18-W002,Frequent Context,1006:9049,Background Quick Add,Filter Chip,Read executable action catalogue; tap navigates to typed flow,PROJECTION_READ / LOCAL_NAV,Personal Available Actions,GET,,DEFERRED,Contract TBD/deferred: Personal Available Actions
LO,,PER-LO-S18,Saved Successfully,1006:9042,PER-LO-S18-W003,Shared Moment Action,1006:9051,Background Quick Add,Action Tile,Read executable action catalogue; tap navigates to typed flow,PROJECTION_READ / LOCAL_NAV,Personal Available Actions,GET,,DEFERRED,Contract TBD/deferred: Personal Available Actions
LO,,PER-LO-S18,Saved Successfully,1006:9042,PER-LO-S18-W004,Expense Entry Action,1006:9052,Background Quick Add,Action Tile,Read executable action catalogue; tap navigates to typed flow,PROJECTION_READ / LOCAL_NAV,Personal Available Actions,GET,,DEFERRED,Contract TBD/deferred: Personal Available Actions
LO,,PER-LO-S18,Saved Successfully,1006:9042,PER-LO-S18-W005,Save Confirmation Status,1006:9056,Confirmation Popup,Success State,Transport-level success state,COMMAND_RESULT,Standard Mutation Result Envelope,TRANSPORT,LOCAL,LOCAL_ONLY,UI-only / navigation
LO,,PER-LO-S18,Saved Successfully,1006:9042,PER-LO-S18-W006,Save Confirmation Message,1006:9058,Confirmation Popup,Informational State,Static message conditioned on command success,COMMAND_RESULT / LOCAL_UI,Standard Mutation Result Envelope,TRANSPORT,LOCAL,LOCAL_ONLY,UI-only / navigation
LO,,PER-LO-S18,Saved Successfully,1006:9042,PER-LO-S18-W007,Pattern Updated Status,1006:9058,Confirmation Popup,Processing / Success State,Display downstream pattern processing state,COMMAND_RESULT / PROCESSING_STATE,Standard Mutation Result Envelope,TRANSPORT,LOCAL,LOCAL_ONLY,UI-only / navigation
LO,,PER-LO-S18,Saved Successfully,1006:9042,PER-LO-S18-W008,Sync Status,1006:9058,Confirmation Popup,Sync State,Display synchronization/projection state,COMMAND_RESULT / PROCESSING_STATE,Standard Mutation Result Envelope,TRANSPORT,LOCAL,LOCAL_ONLY,UI-only / navigation
LO,,PER-LO-S18,Saved Successfully,1006:9042,PER-LO-S18-W009,Done,1006:9072,Confirmation Popup,Primary CTA,Local UI state,LOCAL_UI,LOCAL_ONLY,LOCAL,LOCAL,LOCAL_ONLY,UI-only / navigation
LO,,PER-LO-S19,Action Center,1122:7929,PER-LO-S19-W001,Personal Space Context,1122:7946,Context Chips,Context Chip,Local UI state,LOCAL_UI,LOCAL_ONLY,LOCAL,LOCAL,LOCAL_ONLY,UI-only / navigation
LO,,PER-LO-S19,Action Center,1122:7929,PER-LO-S19-W002,Introspective Context,1122:7948,Context Chips,Context Chip,Local UI state,LOCAL_UI,LOCAL_ONLY,LOCAL,LOCAL,LOCAL_ONLY,UI-only / navigation
LO,,PER-LO-S19,Action Center,1122:7929,PER-LO-S19-W003,Search Personal Actions,1122:7957,Search,Search Input,Filter loaded available-action catalogue,PROJECTION_READ + LOCAL_FILTER,Personal Available Actions,GET,,DEFERRED,Contract TBD/deferred: Personal Available Actions
LO,,PER-LO-S19,Action Center,1122:7929,PER-LO-S19-W004,Expense Action,1122:7964,Action Grid,Action Card,Read executable action catalogue; tap navigates to typed flow,PROJECTION_READ / LOCAL_NAV,Personal Available Actions,GET,,DEFERRED,Contract TBD/deferred: Personal Available Actions
LO,,PER-LO-S19,Action Center,1122:7929,PER-LO-S19-W005,Recovery Action,1122:7968,Action Grid,Action Card,Read executable action catalogue; tap navigates to typed flow,PROJECTION_READ / LOCAL_NAV,Personal Available Actions,GET,,DEFERRED,Contract TBD/deferred: Personal Available Actions
LO,,PER-LO-S19,Action Center,1122:7929,PER-LO-S19-W006,Mood Action,1122:7972,Action Grid,Action Card,Read executable action catalogue; tap navigates to typed flow,PROJECTION_READ / LOCAL_NAV,Personal Available Actions,GET,,DEFERRED,Contract TBD/deferred: Personal Available Actions
LO,,PER-LO-S19,Action Center,1122:7929,PER-LO-S19-W007,Attention Action,1122:7977,Action Grid,Action Card,Read executable action catalogue; tap navigates to typed flow,PROJECTION_READ / LOCAL_NAV,Personal Available Actions,GET,,DEFERRED,Contract TBD/deferred: Personal Available Actions
LO,,PER-LO-S19,Action Center,1122:7929,PER-LO-S19-W008,Transfer Action,1122:7981,Action Grid,Action Card,Read executable action catalogue; tap navigates to typed flow,PROJECTION_READ / LOCAL_NAV,Personal Available Actions,GET,,DEFERRED,Contract TBD/deferred: Personal Available Actions
LO,,PER-LO-S19,Action Center,1122:7929,PER-LO-S19-W009,Savings Action,1122:7985,Action Grid,Action Card,Read executable action catalogue; tap navigates to typed flow,PROJECTION_READ / LOCAL_NAV,Personal Available Actions,GET,,DEFERRED,Contract TBD/deferred: Personal Available Actions
LO,,PER-LO-S19,Action Center,1122:7929,PER-LO-S19-W010,Adjust Action,1122:7990,Action Grid,Action Card,Read executable action catalogue; tap navigates to typed flow,PROJECTION_READ / LOCAL_NAV,Personal Available Actions,GET,,DEFERRED,Contract TBD/deferred: Personal Available Actions
LO,,PER-LO-S19,Action Center,1122:7929,PER-LO-S19-W011,Reflect Action,1122:7994,Action Grid,Action Card,Read executable action catalogue; tap navigates to typed flow,PROJECTION_READ / LOCAL_NAV,Personal Available Actions,GET,,DEFERRED,Reflect/AI deferred by product
LO,,PER-LO-S19,Action Center,1122:7929,PER-LO-S19-W012,Pulse Navigation,1122:7999,Bottom Navigation,Navigation Tab,Local UI state,LOCAL_UI,LOCAL_ONLY,LOCAL,LOCAL,LOCAL_ONLY,UI-only / navigation
LO,,PER-LO-S19,Action Center,1122:7929,PER-LO-S19-W013,Moments Navigation,1122:7999,Bottom Navigation,Navigation Tab,Local UI state,LOCAL_UI,LOCAL_ONLY,LOCAL,LOCAL,LOCAL_ONLY,UI-only / navigation
LO,,PER-LO-S19,Action Center,1122:7929,PER-LO-S19-W014,Quick Adds Navigation,1122:7999,Bottom Navigation,Navigation Tab,Local UI state,LOCAL_UI,LOCAL_ONLY,LOCAL,LOCAL,LOCAL_ONLY,UI-only / navigation
LO,,PER-LO-S19,Action Center,1122:7929,PER-LO-S19-W015,Life Navigation,1122:7999,Bottom Navigation,Navigation Tab,Local UI state,LOCAL_UI,LOCAL_ONLY,LOCAL,LOCAL,LOCAL_ONLY,UI-only / navigation
LO,,PER-LO-S19,Action Center,1122:7929,PER-LO-S19-W016,Memory Navigation,1122:7999,Bottom Navigation,Navigation Tab,Local UI state,LOCAL_UI,LOCAL_ONLY,LOCAL,LOCAL,LOCAL_ONLY,UI-only / navigation
FB,,PER-FB-S01,Future Building Setup,353:6905,PER-FB-S01-W001,360,763:13002,Application Top Bar,Navigation / Shell,Local UI / navigation,LOCAL_UI,LOCAL_ONLY,LOCAL,LOCAL,LOCAL_ONLY,UI-only / navigation
FB,,PER-FB-S01,Future Building Setup,353:6905,PER-FB-S01-W002,Moments,763:13002,Application Top Bar,Navigation / Shell,Local UI / navigation,LOCAL_UI,LOCAL_ONLY,LOCAL,LOCAL,LOCAL_ONLY,UI-only / navigation
FB,,PER-FB-S01,Future Building Setup,353:6905,PER-FB-S01-W003,profile/avatar,763:13002,Application Top Bar,Navigation / Shell,Bootstrap profile + local navigation,BOOTSTRAP_READ,UserProfile.Get,GET,GET /v1/me,WIRED,Live read + client consume
FB,,PER-FB-S01,Future Building Setup,353:6905,PER-FB-S01-W004,Personal,763:13003,Context Switcher,Selector / Filter / Chip,Local UI / navigation,LOCAL_UI,LOCAL_ONLY,LOCAL,LOCAL,LOCAL_ONLY,UI-only / navigation
FB,,PER-FB-S01,Future Building Setup,353:6905,PER-FB-S01-W005,Group,763:13003,Context Switcher,Selector / Filter / Chip,Local UI / navigation,LOCAL_UI,LOCAL_ONLY,LOCAL,LOCAL,LOCAL_ONLY,UI-only / navigation
FB,,PER-FB-S01,Future Building Setup,353:6905,PER-FB-S01-W006,Business,763:13003,Context Switcher,Selector / Filter / Chip,Local UI / navigation,LOCAL_UI,LOCAL_ONLY,LOCAL,LOCAL,LOCAL_ONLY,UI-only / navigation
FB,,PER-FB-S01,Future Building Setup,353:6905,PER-FB-S01-W007,Circle,763:13003,Context Switcher,Selector / Filter / Chip,Local UI / navigation,LOCAL_UI,LOCAL_ONLY,LOCAL,LOCAL,LOCAL_ONLY,UI-only / navigation
FB,,PER-FB-S01,Future Building Setup,353:6905,PER-FB-S01-W008,Personal Mode,933:7652,Setup Navigation,Navigation / Shell,Local UI / navigation,LOCAL_UI,LOCAL_ONLY,LOCAL,LOCAL,LOCAL_ONLY,UI-only / navigation
FB,,PER-FB-S01,Future Building Setup,353:6905,PER-FB-S01-W009,Close,933:7652,Setup Navigation,CTA / Action,Local UI / navigation,LOCAL_UI,LOCAL_ONLY,LOCAL,LOCAL,LOCAL_ONLY,UI-only / navigation
FB,,PER-FB-S01,Future Building Setup,353:6905,PER-FB-S01-W010,Set up Future Building,933:7658,Setup Hero,Hero / Introduction,Static presentation,STATIC,LOCAL_ONLY,LOCAL,LOCAL,LOCAL_ONLY,UI-only / navigation
FB,,PER-FB-S01,Future Building Setup,353:6905,PER-FB-S01-W011,direction-setting explanation,933:7658,Setup Hero,Hero / Introduction,Static presentation,STATIC,LOCAL_ONLY,LOCAL,LOCAL,LOCAL_ONLY,UI-only / navigation
FB,,PER-FB-S01,Future Building Setup,353:6905,PER-FB-S01-W012,Direction,933:7673,Building Basics,Setup Section,Local form state until submit,CANONICAL_WRITE,FutureBuilding.Configure,PATCH,POST /v1/moments/:id/future-items | GET future-*,WIRED,Live write + client Quick Add
FB,,PER-FB-S01,Future Building Setup,353:6905,PER-FB-S01-W013,current state,933:7673,Building Basics,Setup Section,Local form state until submit,CANONICAL_WRITE,FutureBuilding.Configure,PATCH,POST /v1/moments/:id/future-items | GET future-*,WIRED,Live write + client Quick Add
FB,,PER-FB-S01,Future Building Setup,353:6905,PER-FB-S01-W014,building focus,933:7673,Building Basics,Setup Section,Local form state until submit,CANONICAL_WRITE,FutureBuilding.Configure,PATCH,POST /v1/moments/:id/future-items | GET future-*,WIRED,Live write + client Quick Add
FB,,PER-FB-S01,Future Building Setup,353:6905,PER-FB-S01-W015,primary value,933:7673,Building Basics,Setup Section,Local form state until submit,CANONICAL_WRITE,FutureBuilding.Configure,PATCH,POST /v1/moments/:id/future-items | GET future-*,WIRED,Live write + client Quick Add
FB,,PER-FB-S01,Future Building Setup,353:6905,PER-FB-S01-W016,Growth,933:7673,Building Basics,Setup Section,Local form state until submit,CANONICAL_WRITE,FutureBuilding.Configure,PATCH,POST /v1/moments/:id/future-items | GET future-*,WIRED,Live write + client Quick Add
FB,,PER-FB-S01,Future Building Setup,353:6905,PER-FB-S01-W017,Security,933:7673,Building Basics,Setup Section,Local form state until submit,CANONICAL_WRITE,FutureBuilding.Configure,PATCH,POST /v1/moments/:id/future-items | GET future-*,WIRED,Live write + client Quick Add
FB,,PER-FB-S01,Future Building Setup,353:6905,PER-FB-S01-W018,Future feeling,933:7741,Goals & Friction,Setup Section,Local form state until submit,CANONICAL_WRITE,FutureBuilding.Configure,PATCH,POST /v1/moments/:id/future-items | GET future-*,WIRED,Live write + client Quick Add
FB,,PER-FB-S01,Future Building Setup,353:6905,PER-FB-S01-W019,focus horizon,933:7741,Goals & Friction,Setup Section,Local form state until submit,CANONICAL_WRITE,FutureBuilding.Configure,PATCH,POST /v1/moments/:id/future-items | GET future-*,WIRED,Live write + client Quick Add
FB,,PER-FB-S01,Future Building Setup,353:6905,PER-FB-S01-W020,progress rhythm,933:7741,Goals & Friction,Derived / Dynamic Display,Local form state until submit,CANONICAL_WRITE,FutureBuilding.Configure,PATCH,POST /v1/moments/:id/future-items | GET future-*,WIRED,Live write + client Quick Add
FB,,PER-FB-S01,Future Building Setup,353:6905,PER-FB-S01-W021,main friction,933:7741,Goals & Friction,Setup Section,Local form state until submit,CANONICAL_WRITE,FutureBuilding.Configure,PATCH,POST /v1/moments/:id/future-items | GET future-*,WIRED,Live write + client Quick Add
FB,,PER-FB-S01,Future Building Setup,353:6905,PER-FB-S01-W022,support style,933:7741,Goals & Friction,Setup Section,Local form state until submit,CANONICAL_WRITE,FutureBuilding.Configure,PATCH,POST /v1/moments/:id/future-items | GET future-*,WIRED,Live write + client Quick Add
FB,,PER-FB-S01,Future Building Setup,353:6905,PER-FB-S01-W023,Momentum drivers,933:7811,Momentum & Outlook,Setup Section,Local form state until submit,CANONICAL_WRITE,FutureBuilding.Configure,PATCH,POST /v1/moments/:id/future-items | GET future-*,WIRED,Live write + client Quick Add
FB,,PER-FB-S01,Future Building Setup,353:6905,PER-FB-S01-W024,add driver,933:7811,Momentum & Outlook,CTA / Action,Create local driver row; persist only with valid setup submit,LOCAL_UI → CANONICAL_WRITE,FutureBuilding.Configure,PATCH,LOCAL,LOCAL_ONLY,UI-only / navigation
FB,,PER-FB-S01,Future Building Setup,353:6905,PER-FB-S01-W025,future feeling,933:7811,Momentum & Outlook,Setup Section,Local form state until submit,CANONICAL_WRITE,FutureBuilding.Configure,PATCH,POST /v1/moments/:id/future-items | GET future-*,WIRED,Live write + client Quick Add
FB,,PER-FB-S01,Future Building Setup,353:6905,PER-FB-S01-W026,learning check-in,933:7811,Momentum & Outlook,Setup Section,Local form state until submit,CANONICAL_WRITE,FutureBuilding.Configure,PATCH,POST /v1/moments/:id/future-items | GET future-*,WIRED,Live write + client Quick Add
FB,,PER-FB-S01,Future Building Setup,353:6905,PER-FB-S01-W027,focus-time check-in,933:7811,Momentum & Outlook,Input / Editable Field,Local form state until submit,CANONICAL_WRITE,FutureBuilding.Configure,PATCH,POST /v1/moments/:id/future-items | GET future-*,WIRED,Live write + client Quick Add
FB,,PER-FB-S01,Future Building Setup,353:6905,PER-FB-S01-W028,review cadence,933:7811,Momentum & Outlook,CTA / Action,Local form state until submit,CANONICAL_WRITE,FutureBuilding.Configure,PATCH,POST /v1/moments/:id/future-items | GET future-*,WIRED,Live write + client Quick Add
FB,,PER-FB-S01,Future Building Setup,353:6905,PER-FB-S01-W029,Building focus,933:7876,Future Summary,Summary Card,Derived from local/persisted setup state,DERIVED,FutureBuilding.Configure / Setup Read,GET,POST /v1/moments/:id/future-items | GET future-*,WIRED,Live write + client Quick Add
FB,,PER-FB-S01,Future Building Setup,353:6905,PER-FB-S01-W030,current state,933:7876,Future Summary,Summary Card,Derived from local/persisted setup state,DERIVED,FutureBuilding.Configure / Setup Read,GET,POST /v1/moments/:id/future-items | GET future-*,WIRED,Live write + client Quick Add
FB,,PER-FB-S01,Future Building Setup,353:6905,PER-FB-S01-W031,outlook,933:7876,Future Summary,Summary Card,Derived from local/persisted setup state,DERIVED,FutureBuilding.Configure / Setup Read,GET,POST /v1/moments/:id/future-items | GET future-*,WIRED,Live write + client Quick Add
FB,,PER-FB-S01,Future Building Setup,353:6905,PER-FB-S01-W032,TODAY,933:7876,Future Summary,Summary Card,Derived from local/persisted setup state,DERIVED,FutureBuilding.Configure / Setup Read,GET,POST /v1/moments/:id/future-items | GET future-*,WIRED,Live write + client Quick Add
FB,,PER-FB-S01,Future Building Setup,353:6905,PER-FB-S01-W033,FORWARD,933:7876,Future Summary,Summary Card,Derived from local/persisted setup state,DERIVED,FutureBuilding.Configure / Setup Read,GET,POST /v1/moments/:id/future-items | GET future-*,WIRED,Live write + client Quick Add
FB,,PER-FB-S01,Future Building Setup,353:6905,PER-FB-S01-W034,3 sections configured,933:7903,Activation Status,Derived / Dynamic Display,Derived from local/persisted setup state,DERIVED,FutureBuilding.Configure / Setup Read,GET,POST /v1/moments/:id/future-items | GET future-*,WIRED,Live write + client Quick Add
FB,,PER-FB-S01,Future Building Setup,353:6905,PER-FB-S01-W035,7 answers saved,933:7903,Activation Status,CTA / Action,Derived from local/persisted setup state,DERIVED,FutureBuilding.Configure / Setup Read,GET,POST /v1/moments/:id/future-items | GET future-*,WIRED,Live write + client Quick Add
FB,,PER-FB-S01,Future Building Setup,353:6905,PER-FB-S01-W036,Your future map is ready,933:7903,Activation Status,Derived / Dynamic Display,Derived from local/persisted setup state,DERIVED,FutureBuilding.Configure / Setup Read,GET,POST /v1/moments/:id/future-items | GET future-*,WIRED,Live write + client Quick Add
FB,,PER-FB-S01,Future Building Setup,353:6905,PER-FB-S01-W037,Activate Future Building,933:7911,Activate Future Building,CTA / Action,Validate setup completeness then activate canonical Personal Moment,COMMAND,Moment.Activate + FutureBuilding.Configure,POST,POST /v1/moments/:id/future-items | GET future-*,WIRED,Live write + client Quick Add
FB,,PER-FB-S02,Future Building Pulse,505:12937,PER-FB-S02-W001,360,763:13028,Application Top Bar,Navigation / Shell,Local UI / navigation,LOCAL_UI,LOCAL_ONLY,LOCAL,LOCAL,LOCAL_ONLY,UI-only / navigation
FB,,PER-FB-S02,Future Building Pulse,505:12937,PER-FB-S02-W002,Moments,763:13028,Application Top Bar,Navigation / Shell,Local UI / navigation,LOCAL_UI,LOCAL_ONLY,LOCAL,LOCAL,LOCAL_ONLY,UI-only / navigation
FB,,PER-FB-S02,Future Building Pulse,505:12937,PER-FB-S02-W003,profile/avatar,763:13028,Application Top Bar,Navigation / Shell,Bootstrap profile + local navigation,BOOTSTRAP_READ,UserProfile.Get,GET,GET /v1/me,WIRED,Live read + client consume
FB,,PER-FB-S02,Future Building Pulse,505:12937,PER-FB-S02-W004,Personal,763:13029,Context Switcher,Selector / Filter / Chip,Local UI / navigation,LOCAL_UI,LOCAL_ONLY,LOCAL,LOCAL,LOCAL_ONLY,UI-only / navigation
FB,,PER-FB-S02,Future Building Pulse,505:12937,PER-FB-S02-W005,Group,763:13029,Context Switcher,Selector / Filter / Chip,Local UI / navigation,LOCAL_UI,LOCAL_ONLY,LOCAL,LOCAL,LOCAL_ONLY,UI-only / navigation
FB,,PER-FB-S02,Future Building Pulse,505:12937,PER-FB-S02-W006,Business,763:13029,Context Switcher,Selector / Filter / Chip,Local UI / navigation,LOCAL_UI,LOCAL_ONLY,LOCAL,LOCAL,LOCAL_ONLY,UI-only / navigation
FB,,PER-FB-S02,Future Building Pulse,505:12937,PER-FB-S02-W007,Circle,763:13029,Context Switcher,Selector / Filter / Chip,Local UI / navigation,LOCAL_UI,LOCAL_ONLY,LOCAL,LOCAL,LOCAL_ONLY,UI-only / navigation
FB,,PER-FB-S02,Future Building Pulse,505:12937,PER-FB-S02-W008,Life Operations,763:13040,Personal Domain Selector,Selector / Filter / Chip,Read active Personal contexts then navigate,PROJECTION_READ,Personal Context / Domain List,GET,,DEFERRED,Contract TBD/deferred: Personal Context / Domain List
FB,,PER-FB-S02,Future Building Pulse,505:12937,PER-FB-S02-W009,Future Building,763:13040,Personal Domain Selector,Selector / Filter / Chip,Read active Personal contexts then navigate,PROJECTION_READ,Personal Context / Domain List,GET,,DEFERRED,Contract TBD/deferred: Personal Context / Domain List
FB,,PER-FB-S02,Future Building Pulse,505:12937,PER-FB-S02-W010,Lifestyle,763:13040,Personal Domain Selector,Selector / Filter / Chip,Read active Personal contexts then navigate,PROJECTION_READ,Personal Context / Domain List,GET,,DEFERRED,Contract TBD/deferred: Personal Context / Domain List
FB,,PER-FB-S02,Future Building Pulse,505:12937,PER-FB-S02-W011,Relationships,763:13040,Personal Domain Selector,Selector / Filter / Chip,Read active Personal contexts then navigate,PROJECTION_READ,Personal Context / Domain List,GET,,DEFERRED,Contract TBD/deferred: Personal Context / Domain List
FB,,PER-FB-S02,Future Building Pulse,505:12937,PER-FB-S02-W012,Settings,763:13040,Personal Domain Selector,Selector / Filter / Chip,Read active Personal contexts then navigate,PROJECTION_READ,Personal Context / Domain List,GET,,DEFERRED,Contract TBD/deferred: Personal Context / Domain List
FB,,PER-FB-S02,Future Building Pulse,505:12937,PER-FB-S02-W013,Pulse,984:7406,Bottom Navigation,Navigation / Shell,Local UI / navigation,LOCAL_UI,LOCAL_ONLY,LOCAL,LOCAL,LOCAL_ONLY,UI-only / navigation
FB,,PER-FB-S02,Future Building Pulse,505:12937,PER-FB-S02-W014,Moments,984:7406,Bottom Navigation,Navigation / Shell,Local UI / navigation,LOCAL_UI,LOCAL_ONLY,LOCAL,LOCAL,LOCAL_ONLY,UI-only / navigation
FB,,PER-FB-S02,Future Building Pulse,505:12937,PER-FB-S02-W015,Quick adds,984:7406,Bottom Navigation,CTA / Action,Local UI / navigation,LOCAL_UI,LOCAL_ONLY,LOCAL,LOCAL,LOCAL_ONLY,UI-only / navigation
FB,,PER-FB-S02,Future Building Pulse,505:12937,PER-FB-S02-W016,Life,984:7406,Bottom Navigation,Navigation / Shell,Local UI / navigation,LOCAL_UI,LOCAL_ONLY,LOCAL,LOCAL,LOCAL_ONLY,UI-only / navigation
FB,,PER-FB-S02,Future Building Pulse,505:12937,PER-FB-S02-W017,Memory,984:7406,Bottom Navigation,Navigation / Shell,Local UI / navigation,LOCAL_UI,LOCAL_ONLY,LOCAL,LOCAL,LOCAL_ONLY,UI-only / navigation
FB,,PER-FB-S02,Future Building Pulse,505:12937,PER-FB-S02-W018,Future Score 78/100,505:12942,Future Score Hero,Derived / Dynamic Display,Read / derived,PROJECTION_READ,Personal Pulse Read,GET,GET /v1/personal/pulse,WIRED,Live read + client consume
FB,,PER-FB-S02,Future Building Pulse,505:12937,PER-FB-S02-W019,Vision 82,505:12942,Future Score Hero,Derived / Dynamic Display,Read / derived,PROJECTION_READ,Personal Pulse Read,GET,GET /v1/personal/pulse,WIRED,Live read + client consume
FB,,PER-FB-S02,Future Building Pulse,505:12937,PER-FB-S02-W020,Growth 74,505:12942,Future Score Hero,Derived / Dynamic Display,Read / derived,PROJECTION_READ,Personal Pulse Read,GET,GET /v1/personal/pulse,WIRED,Live read + client consume
FB,,PER-FB-S02,Future Building Pulse,505:12937,PER-FB-S02-W021,Momentum 81,505:12942,Future Score Hero,Derived / Dynamic Display,Read / derived,PROJECTION_READ,Personal Pulse Read,GET,GET /v1/personal/pulse,WIRED,Live read + client consume
FB,,PER-FB-S02,Future Building Pulse,505:12937,PER-FB-S02-W022,Discipline 77,505:12942,Future Score Hero,Derived / Dynamic Display,Read / derived,PROJECTION_READ,Personal Pulse Read,GET,GET /v1/personal/pulse,WIRED,Live read + client consume
FB,,PER-FB-S02,Future Building Pulse,505:12937,PER-FB-S02-W023,trajectory,505:12942,Future Score Hero,Derived / Dynamic Display,Read / derived,PROJECTION_READ,Personal Pulse Read,GET,GET /v1/personal/pulse,WIRED,Live read + client consume
FB,,PER-FB-S02,Future Building Pulse,505:12937,PER-FB-S02-W024,streak,505:12942,Future Score Hero,Derived / Dynamic Display,Read / derived,PROJECTION_READ,Personal Pulse Read,GET,GET /v1/personal/pulse,WIRED,Live read + client consume
FB,,PER-FB-S02,Future Building Pulse,505:12937,PER-FB-S02-W025,Vision,505:12968,Score Grid,Derived / Dynamic Display,Read / derived,PROJECTION_READ,Personal Pulse Read,GET,GET /v1/personal/pulse,WIRED,Live read + client consume
FB,,PER-FB-S02,Future Building Pulse,505:12937,PER-FB-S02-W026,Growth,505:12968,Score Grid,Derived / Dynamic Display,Read / derived,PROJECTION_READ,Personal Pulse Read,GET,GET /v1/personal/pulse,WIRED,Live read + client consume
FB,,PER-FB-S02,Future Building Pulse,505:12937,PER-FB-S02-W027,Momentum,505:12968,Score Grid,Derived / Dynamic Display,Read / derived,PROJECTION_READ,Personal Pulse Read,GET,GET /v1/personal/pulse,WIRED,Live read + client consume
FB,,PER-FB-S02,Future Building Pulse,505:12937,PER-FB-S02-W028,Discipline,505:12968,Score Grid,Derived / Dynamic Display,Read / derived,PROJECTION_READ,Personal Pulse Read,GET,GET /v1/personal/pulse,WIRED,Live read + client consume
FB,,PER-FB-S02,Future Building Pulse,505:12937,PER-FB-S02-W029,score and status,505:12968,Score Grid,Derived / Dynamic Display,Read / derived,PROJECTION_READ,Personal Pulse Read,GET,GET /v1/personal/pulse,WIRED,Live read + client consume
FB,,PER-FB-S02,Future Building Pulse,505:12937,PER-FB-S02-W030,Career Rising,1037:12867,Today's Momentum,Signal Group,Read / derived,PROJECTION_READ,Personal Pulse Read,GET,GET /v1/personal/pulse,WIRED,Live read + client consume
FB,,PER-FB-S02,Future Building Pulse,505:12937,PER-FB-S02-W031,Skills Improving,1037:12867,Today's Momentum,Signal Group,Read / derived,PROJECTION_READ,Personal Pulse Read,GET,GET /v1/personal/pulse,WIRED,Live read + client consume
FB,,PER-FB-S02,Future Building Pulse,505:12937,PER-FB-S02-W032,Savings Strong,1037:12867,Today's Momentum,Signal Group,Read / derived,PROJECTION_READ,Personal Pulse Read,GET,GET /v1/personal/pulse,WIRED,Live read + client consume
FB,,PER-FB-S02,Future Building Pulse,505:12937,PER-FB-S02-W033,Network Growing,1037:12867,Today's Momentum,Signal Group,Read / derived,PROJECTION_READ,Personal Pulse Read,GET,GET /v1/personal/pulse,WIRED,Live read + client consume
FB,,PER-FB-S02,Future Building Pulse,505:12937,PER-FB-S02-W034,Vision +14,1037:12887,Helping vs Hurting,Driver Analysis,Read / derived,PROJECTION_READ,Personal Pulse Read,GET,GET /v1/personal/pulse,WIRED,Live read + client consume
FB,,PER-FB-S02,Future Building Pulse,505:12937,PER-FB-S02-W035,Consistency +11,1037:12887,Helping vs Hurting,Driver Analysis,Read / derived,PROJECTION_READ,Personal Pulse Read,GET,GET /v1/personal/pulse,WIRED,Live read + client consume
FB,,PER-FB-S02,Future Building Pulse,505:12937,PER-FB-S02-W036,Momentum +6,1037:12887,Helping vs Hurting,Driver Analysis,Read / derived,PROJECTION_READ,Personal Pulse Read,GET,GET /v1/personal/pulse,WIRED,Live read + client consume
FB,,PER-FB-S02,Future Building Pulse,505:12937,PER-FB-S02-W037,Pressure -11,1037:12887,Helping vs Hurting,Driver Analysis,Read / derived,PROJECTION_READ,Personal Pulse Read,GET,GET /v1/personal/pulse,WIRED,Live read + client consume
FB,,PER-FB-S02,Future Building Pulse,505:12937,PER-FB-S02-W038,Portfolio review,505:13048,Recent Activity,CTA / Action,Read recent activity projection,PROJECTION_READ,Personal Activity Read,GET,GET /v1/personal/activity,WIRED,Live read + client consume
FB,,PER-FB-S02,Future Building Pulse,505:12937,PER-FB-S02-W039,Skill session,505:13048,Recent Activity,Activity Feed,Read recent activity projection,PROJECTION_READ,Personal Activity Read,GET,GET /v1/personal/activity,WIRED,Live read + client consume
FB,,PER-FB-S02,Future Building Pulse,505:12937,PER-FB-S02-W040,Networking event,505:13048,Recent Activity,Activity Feed,Read recent activity projection,PROJECTION_READ,Personal Activity Read,GET,GET /v1/personal/activity,WIRED,Live read + client consume
FB,,PER-FB-S02,Future Building Pulse,505:12937,PER-FB-S02-W041,Goal reflection,505:13048,Recent Activity,Activity Feed,Read recent activity projection,PROJECTION_READ,Personal Activity Read,GET,GET /v1/personal/activity,WIRED,Live read + client consume
FB,,PER-FB-S02,Future Building Pulse,505:12937,PER-FB-S02-W042,timestamps,505:13048,Recent Activity,Input / Editable Field,Read recent activity projection,PROJECTION_READ,Personal Activity Read,GET,GET /v1/personal/activity,WIRED,Live read + client consume
FB,,PER-FB-S02,Future Building Pulse,505:12937,PER-FB-S02-W043,impacts,505:13048,Recent Activity,Activity Feed,Read recent activity projection,PROJECTION_READ,Personal Activity Read,GET,GET /v1/personal/activity,WIRED,Live read + client consume
FB,,PER-FB-S02,Future Building Pulse,505:12937,PER-FB-S02-W044,View All,505:13048,Recent Activity,CTA / Action,Read recent activity projection,PROJECTION_READ,Personal Activity Read,GET,GET /v1/personal/activity,WIRED,Live read + client consume
FB,,PER-FB-S02,Future Building Pulse,505:12937,PER-FB-S02-W045,"Portfolio Value ₹1,54,980",1037:12932,Investment Snapshot,Investment Snapshot,Read derived finance snapshot,PROJECTION_READ,Finance Personal Snapshot,GET,LIVE_READ_FAMILY,WIRED,Live read + client consume
FB,,PER-FB-S02,Future Building Pulse,505:12937,PER-FB-S02-W046,"Monthly Contribution ₹15,240",1037:12932,Investment Snapshot,Investment Snapshot,Read derived finance snapshot,PROJECTION_READ,Finance Personal Snapshot,GET,LIVE_READ_FAMILY,WIRED,Live read + client consume
FB,,PER-FB-S02,Future Building Pulse,505:12937,PER-FB-S02-W047,Returns +12.4%,1037:12932,Investment Snapshot,Investment Snapshot,Read derived finance snapshot,PROJECTION_READ,Finance Personal Snapshot,GET,LIVE_READ_FAMILY,WIRED,Live read + client consume
FB,,PER-FB-S02,Future Building Pulse,505:12937,PER-FB-S02-W048,Allocation 38%,1037:12932,Investment Snapshot,Investment Snapshot,Read derived finance snapshot,PROJECTION_READ,Finance Personal Snapshot,GET,LIVE_READ_FAMILY,WIRED,Live read + client consume
FB,,PER-FB-S02,Future Building Pulse,505:12937,PER-FB-S02-W049,Accelerate Growth,1037:12957,Smart Nudge,CTA / Action,Read / derived,PROJECTION_READ,Personal Pulse Read,GET,GET /v1/personal/pulse,WIRED,Live read + client consume
FB,,PER-FB-S02,Future Building Pulse,505:12937,PER-FB-S02-W050,Log Skill Session,1037:12957,Smart Nudge,CTA / Action,Read / derived,PROJECTION_READ,Personal Pulse Read,GET,GET /v1/personal/pulse,WIRED,Live read + client consume
FB,,PER-FB-S02,Future Building Pulse,505:12937,PER-FB-S02-W051,impact indicators,1037:12957,Smart Nudge,CTA / Action,Read / derived,PROJECTION_READ,Personal Pulse Read,GET,GET /v1/personal/pulse,WIRED,Live read + client consume
FB,,PER-FB-S02,Future Building Pulse,505:12937,PER-FB-S02-W052,Future-building pattern explanation,505:13116,AI Insights,AI Insight Card,AI / governed derived read,AI_READ,AIInsight.GetLatest,GET,,DEFERRED,Reflect/AI deferred by product
FB,,PER-FB-S02,Future Building Pulse,505:12937,PER-FB-S02-W053,AI Insights,505:13116,AI Insights,AI Insight Card,AI / governed derived read,AI_READ,AIInsight.GetLatest,GET,,DEFERRED,Reflect/AI deferred by product
FB,,PER-FB-S02,Future Building Pulse,505:12937,PER-FB-S02-W054,Coming Soon,505:13116,AI Insights,AI Insight Card,AI / governed derived read,AI_READ,AIInsight.GetLatest,GET,,DEFERRED,Reflect/AI deferred by product
FB,,PER-FB-S02,Future Building Pulse,505:12937,PER-FB-S02-W055,Milestone,1037:12973,Quick Add Launcher,Action Launcher,Read allowed action then navigate; command re-authorizes on submit,PROJECTION_READ,Personal Available Actions,GET,,DEFERRED,Contract TBD/deferred: Personal Available Actions
FB,,PER-FB-S02,Future Building Pulse,505:12937,PER-FB-S02-W056,Opportunity,1037:12973,Quick Add Launcher,Action Launcher,Read allowed action then navigate; command re-authorizes on submit,PROJECTION_READ,Personal Available Actions,GET,,DEFERRED,Contract TBD/deferred: Personal Available Actions
FB,,PER-FB-S02,Future Building Pulse,505:12937,PER-FB-S02-W057,Pivot,1037:12973,Quick Add Launcher,Action Launcher,Read allowed action then navigate; command re-authorizes on submit,PROJECTION_READ,Personal Available Actions,GET,,DEFERRED,Contract TBD/deferred: Personal Available Actions
FB,,PER-FB-S02,Future Building Pulse,505:12937,PER-FB-S02-W058,Progress,1037:12973,Quick Add Launcher,Derived / Dynamic Display,Read allowed action then navigate; command re-authorizes on submit,PROJECTION_READ,Personal Available Actions,GET,,DEFERRED,Contract TBD/deferred: Personal Available Actions
FB,,PER-FB-S03,Future Building Pulse — Alternate,1148:7983,PER-FB-S03-W001,360,1148:7990,Application Top Bar,Navigation / Shell,Local UI / navigation,LOCAL_UI,LOCAL_ONLY,LOCAL,LOCAL,LOCAL_ONLY,UI-only / navigation
FB,,PER-FB-S03,Future Building Pulse — Alternate,1148:7983,PER-FB-S03-W002,Moments,1148:7990,Application Top Bar,Navigation / Shell,Local UI / navigation,LOCAL_UI,LOCAL_ONLY,LOCAL,LOCAL,LOCAL_ONLY,UI-only / navigation
FB,,PER-FB-S03,Future Building Pulse — Alternate,1148:7983,PER-FB-S03-W003,profile/avatar,1148:7990,Application Top Bar,Navigation / Shell,Bootstrap profile + local navigation,BOOTSTRAP_READ,UserProfile.Get,GET,GET /v1/me,WIRED,Live read + client consume
FB,,PER-FB-S03,Future Building Pulse — Alternate,1148:7983,PER-FB-S03-W004,Personal,1148:7991,Context Switcher,Selector / Filter / Chip,Local UI / navigation,LOCAL_UI,LOCAL_ONLY,LOCAL,LOCAL,LOCAL_ONLY,UI-only / navigation
FB,,PER-FB-S03,Future Building Pulse — Alternate,1148:7983,PER-FB-S03-W005,Group,1148:7991,Context Switcher,Selector / Filter / Chip,Local UI / navigation,LOCAL_UI,LOCAL_ONLY,LOCAL,LOCAL,LOCAL_ONLY,UI-only / navigation
FB,,PER-FB-S03,Future Building Pulse — Alternate,1148:7983,PER-FB-S03-W006,Business,1148:7991,Context Switcher,Selector / Filter / Chip,Local UI / navigation,LOCAL_UI,LOCAL_ONLY,LOCAL,LOCAL,LOCAL_ONLY,UI-only / navigation
FB,,PER-FB-S03,Future Building Pulse — Alternate,1148:7983,PER-FB-S03-W007,Circle,1148:7991,Context Switcher,Selector / Filter / Chip,Local UI / navigation,LOCAL_UI,LOCAL_ONLY,LOCAL,LOCAL,LOCAL_ONLY,UI-only / navigation
FB,,PER-FB-S03,Future Building Pulse — Alternate,1148:7983,PER-FB-S03-W008,Life Operations,1148:8001,Personal Domain Selector,Selector / Filter / Chip,Read active Personal contexts then navigate,PROJECTION_READ,Personal Context / Domain List,GET,,DEFERRED,Contract TBD/deferred: Personal Context / Domain List
FB,,PER-FB-S03,Future Building Pulse — Alternate,1148:7983,PER-FB-S03-W009,Future Building,1148:8001,Personal Domain Selector,Selector / Filter / Chip,Read active Personal contexts then navigate,PROJECTION_READ,Personal Context / Domain List,GET,,DEFERRED,Contract TBD/deferred: Personal Context / Domain List
FB,,PER-FB-S03,Future Building Pulse — Alternate,1148:7983,PER-FB-S03-W010,Lifestyle,1148:8001,Personal Domain Selector,Selector / Filter / Chip,Read active Personal contexts then navigate,PROJECTION_READ,Personal Context / Domain List,GET,,DEFERRED,Contract TBD/deferred: Personal Context / Domain List
FB,,PER-FB-S03,Future Building Pulse — Alternate,1148:7983,PER-FB-S03-W011,Relationships,1148:8001,Personal Domain Selector,Selector / Filter / Chip,Read active Personal contexts then navigate,PROJECTION_READ,Personal Context / Domain List,GET,,DEFERRED,Contract TBD/deferred: Personal Context / Domain List
FB,,PER-FB-S03,Future Building Pulse — Alternate,1148:7983,PER-FB-S03-W012,Settings,1148:8001,Personal Domain Selector,Selector / Filter / Chip,Read active Personal contexts then navigate,PROJECTION_READ,Personal Context / Domain List,GET,,DEFERRED,Contract TBD/deferred: Personal Context / Domain List
FB,,PER-FB-S03,Future Building Pulse — Alternate,1148:7983,PER-FB-S03-W013,Pulse,1148:8273,Bottom Navigation,Navigation / Shell,Local UI / navigation,LOCAL_UI,LOCAL_ONLY,LOCAL,LOCAL,LOCAL_ONLY,UI-only / navigation
FB,,PER-FB-S03,Future Building Pulse — Alternate,1148:7983,PER-FB-S03-W014,Moments,1148:8273,Bottom Navigation,Navigation / Shell,Local UI / navigation,LOCAL_UI,LOCAL_ONLY,LOCAL,LOCAL,LOCAL_ONLY,UI-only / navigation
FB,,PER-FB-S03,Future Building Pulse — Alternate,1148:7983,PER-FB-S03-W015,Quick adds,1148:8273,Bottom Navigation,CTA / Action,Local UI / navigation,LOCAL_UI,LOCAL_ONLY,LOCAL,LOCAL,LOCAL_ONLY,UI-only / navigation
FB,,PER-FB-S03,Future Building Pulse — Alternate,1148:7983,PER-FB-S03-W016,Life,1148:8273,Bottom Navigation,Navigation / Shell,Local UI / navigation,LOCAL_UI,LOCAL_ONLY,LOCAL,LOCAL,LOCAL_ONLY,UI-only / navigation
FB,,PER-FB-S03,Future Building Pulse — Alternate,1148:7983,PER-FB-S03-W017,Memory,1148:8273,Bottom Navigation,Navigation / Shell,Local UI / navigation,LOCAL_UI,LOCAL_ONLY,LOCAL,LOCAL,LOCAL_ONLY,UI-only / navigation
FB,,PER-FB-S03,Future Building Pulse — Alternate,1148:7983,PER-FB-S03-W018,Future Score,1148:8022,Future Score Hero,Derived / Dynamic Display,Read / derived,PROJECTION_READ,Personal Pulse Read,GET,GET /v1/personal/pulse,WIRED,Live read + client consume
FB,,PER-FB-S03,Future Building Pulse — Alternate,1148:7983,PER-FB-S03-W019,Vision,1148:8022,Future Score Hero,Derived / Dynamic Display,Read / derived,PROJECTION_READ,Personal Pulse Read,GET,GET /v1/personal/pulse,WIRED,Live read + client consume
FB,,PER-FB-S03,Future Building Pulse — Alternate,1148:7983,PER-FB-S03-W020,Growth,1148:8022,Future Score Hero,Derived / Dynamic Display,Read / derived,PROJECTION_READ,Personal Pulse Read,GET,GET /v1/personal/pulse,WIRED,Live read + client consume
FB,,PER-FB-S03,Future Building Pulse — Alternate,1148:7983,PER-FB-S03-W021,Momentum,1148:8022,Future Score Hero,Derived / Dynamic Display,Read / derived,PROJECTION_READ,Personal Pulse Read,GET,GET /v1/personal/pulse,WIRED,Live read + client consume
FB,,PER-FB-S03,Future Building Pulse — Alternate,1148:7983,PER-FB-S03-W022,Discipline,1148:8022,Future Score Hero,Derived / Dynamic Display,Read / derived,PROJECTION_READ,Personal Pulse Read,GET,GET /v1/personal/pulse,WIRED,Live read + client consume
FB,,PER-FB-S03,Future Building Pulse — Alternate,1148:7983,PER-FB-S03-W023,trajectory,1148:8022,Future Score Hero,Derived / Dynamic Display,Read / derived,PROJECTION_READ,Personal Pulse Read,GET,GET /v1/personal/pulse,WIRED,Live read + client consume
FB,,PER-FB-S03,Future Building Pulse — Alternate,1148:7983,PER-FB-S03-W024,streak,1148:8022,Future Score Hero,Derived / Dynamic Display,Read / derived,PROJECTION_READ,Personal Pulse Read,GET,GET /v1/personal/pulse,WIRED,Live read + client consume
FB,,PER-FB-S03,Future Building Pulse — Alternate,1148:7983,PER-FB-S03-W025,Today’s Momentum,1148:8021,Pulse Content,Composite Dashboard,Read / derived,PROJECTION_READ,Personal Pulse Read,GET,GET /v1/personal/pulse,WIRED,Live read + client consume
FB,,PER-FB-S03,Future Building Pulse — Alternate,1148:7983,PER-FB-S03-W026,Helping/Hurting,1148:8021,Pulse Content,Composite Dashboard,Read / derived,PROJECTION_READ,Personal Pulse Read,GET,GET /v1/personal/pulse,WIRED,Live read + client consume
FB,,PER-FB-S03,Future Building Pulse — Alternate,1148:7983,PER-FB-S03-W027,Recent Activity,1148:8021,Pulse Content,Composite Dashboard,Read / derived,PROJECTION_READ,Personal Pulse Read,GET,GET /v1/personal/pulse,WIRED,Live read + client consume
FB,,PER-FB-S03,Future Building Pulse — Alternate,1148:7983,PER-FB-S03-W028,Investment Snapshot,1148:8021,Pulse Content,Composite Dashboard,Read / derived,PROJECTION_READ,Personal Pulse Read,GET,GET /v1/personal/pulse,WIRED,Live read + client consume
FB,,PER-FB-S03,Future Building Pulse — Alternate,1148:7983,PER-FB-S03-W029,Smart Nudge,1148:8021,Pulse Content,Composite Dashboard,Read / derived,PROJECTION_READ,Personal Pulse Read,GET,GET /v1/personal/pulse,WIRED,Live read + client consume
FB,,PER-FB-S03,Future Building Pulse — Alternate,1148:7983,PER-FB-S03-W030,AI Insights,1148:8021,Pulse Content,Composite Dashboard,Read / derived,PROJECTION_READ,Personal Pulse Read,GET,GET /v1/personal/pulse,WIRED,Live read + client consume
FB,,PER-FB-S03,Future Building Pulse — Alternate,1148:7983,PER-FB-S03-W031,Quick Add Launcher,1148:8021,Pulse Content,CTA / Action,Read / derived,PROJECTION_READ,Personal Pulse Read,GET,GET /v1/personal/pulse,WIRED,Live read + client consume
FB,,PER-FB-S03,Future Building Pulse — Alternate,1148:7983,PER-FB-S03-W032,Future Building Pulse — Alternate — Zero-Gap Field/Control 01,1148:7983,Zero-Gap Additions / Live Figma,UI Field / Control — exact semantic type pending,Read / derived,PROJECTION_READ,Personal Pulse Read,GET,GET /v1/personal/pulse,WIRED,Live read + client consume
FB,,PER-FB-S03,Future Building Pulse — Alternate,1148:7983,PER-FB-S03-W033,Future Building Pulse — Alternate — Zero-Gap Field/Control 02,1148:7983,Zero-Gap Additions / Live Figma,UI Field / Control — exact semantic type pending,Read / derived,PROJECTION_READ,Personal Pulse Read,GET,GET /v1/personal/pulse,WIRED,Live read + client consume
FB,,PER-FB-S03,Future Building Pulse — Alternate,1148:7983,PER-FB-S03-W034,Future Building Pulse — Alternate — Zero-Gap Field/Control 03,1148:7983,Zero-Gap Additions / Live Figma,UI Field / Control — exact semantic type pending,Read / derived,PROJECTION_READ,Personal Pulse Read,GET,GET /v1/personal/pulse,WIRED,Live read + client consume
FB,,PER-FB-S03,Future Building Pulse — Alternate,1148:7983,PER-FB-S03-W035,Future Building Pulse — Alternate — Zero-Gap Field/Control 04,1148:7983,Zero-Gap Additions / Live Figma,UI Field / Control — exact semantic type pending,Read / derived,PROJECTION_READ,Personal Pulse Read,GET,GET /v1/personal/pulse,WIRED,Live read + client consume
FB,,PER-FB-S03,Future Building Pulse — Alternate,1148:7983,PER-FB-S03-W036,Future Building Pulse — Alternate — Zero-Gap Field/Control 05,1148:7983,Zero-Gap Additions / Live Figma,UI Field / Control — exact semantic type pending,Read / derived,PROJECTION_READ,Personal Pulse Read,GET,GET /v1/personal/pulse,WIRED,Live read + client consume
FB,,PER-FB-S03,Future Building Pulse — Alternate,1148:7983,PER-FB-S03-W037,Future Building Pulse — Alternate — Zero-Gap Field/Control 06,1148:7983,Zero-Gap Additions / Live Figma,UI Field / Control — exact semantic type pending,Read / derived,PROJECTION_READ,Personal Pulse Read,GET,GET /v1/personal/pulse,WIRED,Live read + client consume
FB,,PER-FB-S03,Future Building Pulse — Alternate,1148:7983,PER-FB-S03-W038,Future Building Pulse — Alternate — Zero-Gap Field/Control 07,1148:7983,Zero-Gap Additions / Live Figma,UI Field / Control — exact semantic type pending,Read / derived,PROJECTION_READ,Personal Pulse Read,GET,GET /v1/personal/pulse,WIRED,Live read + client consume
FB,,PER-FB-S03,Future Building Pulse — Alternate,1148:7983,PER-FB-S03-W039,Future Building Pulse — Alternate — Zero-Gap Field/Control 08,1148:7983,Zero-Gap Additions / Live Figma,UI Field / Control — exact semantic type pending,Read / derived,PROJECTION_READ,Personal Pulse Read,GET,GET /v1/personal/pulse,WIRED,Live read + client consume
FB,,PER-FB-S03,Future Building Pulse — Alternate,1148:7983,PER-FB-S03-W040,Future Building Pulse — Alternate — Zero-Gap Field/Control 09,1148:7983,Zero-Gap Additions / Live Figma,UI Field / Control — exact semantic type pending,Read / derived,PROJECTION_READ,Personal Pulse Read,GET,GET /v1/personal/pulse,WIRED,Live read + client consume
FB,,PER-FB-S03,Future Building Pulse — Alternate,1148:7983,PER-FB-S03-W041,Future Building Pulse — Alternate — Zero-Gap Field/Control 10,1148:7983,Zero-Gap Additions / Live Figma,UI Field / Control — exact semantic type pending,Read / derived,PROJECTION_READ,Personal Pulse Read,GET,GET /v1/personal/pulse,WIRED,Live read + client consume
FB,,PER-FB-S03,Future Building Pulse — Alternate,1148:7983,PER-FB-S03-W042,Future Building Pulse — Alternate — Zero-Gap Field/Control 11,1148:7983,Zero-Gap Additions / Live Figma,UI Field / Control — exact semantic type pending,Read / derived,PROJECTION_READ,Personal Pulse Read,GET,GET /v1/personal/pulse,WIRED,Live read + client consume
FB,,PER-FB-S03,Future Building Pulse — Alternate,1148:7983,PER-FB-S03-W043,Future Building Pulse — Alternate — Zero-Gap Field/Control 12,1148:7983,Zero-Gap Additions / Live Figma,UI Field / Control — exact semantic type pending,Read / derived,PROJECTION_READ,Personal Pulse Read,GET,GET /v1/personal/pulse,WIRED,Live read + client consume
FB,,PER-FB-S03,Future Building Pulse — Alternate,1148:7983,PER-FB-S03-W044,Future Building Pulse — Alternate — Zero-Gap Field/Control 13,1148:7983,Zero-Gap Additions / Live Figma,UI Field / Control — exact semantic type pending,Read / derived,PROJECTION_READ,Personal Pulse Read,GET,GET /v1/personal/pulse,WIRED,Live read + client consume
FB,,PER-FB-S03,Future Building Pulse — Alternate,1148:7983,PER-FB-S03-W045,Future Building Pulse — Alternate — Zero-Gap Field/Control 14,1148:7983,Zero-Gap Additions / Live Figma,UI Field / Control — exact semantic type pending,Read / derived,PROJECTION_READ,Personal Pulse Read,GET,GET /v1/personal/pulse,WIRED,Live read + client consume
FB,,PER-FB-S03,Future Building Pulse — Alternate,1148:7983,PER-FB-S03-W046,Future Building Pulse — Alternate — Zero-Gap Field/Control 15,1148:7983,Zero-Gap Additions / Live Figma,UI Field / Control — exact semantic type pending,Read / derived,PROJECTION_READ,Personal Pulse Read,GET,GET /v1/personal/pulse,WIRED,Live read + client consume
FB,,PER-FB-S03,Future Building Pulse — Alternate,1148:7983,PER-FB-S03-W047,Future Building Pulse — Alternate — Zero-Gap Field/Control 16,1148:7983,Zero-Gap Additions / Live Figma,UI Field / Control — exact semantic type pending,Read / derived,PROJECTION_READ,Personal Pulse Read,GET,GET /v1/personal/pulse,WIRED,Live read + client consume
FB,,PER-FB-S03,Future Building Pulse — Alternate,1148:7983,PER-FB-S03-W048,Future Building Pulse — Alternate — Zero-Gap Field/Control 17,1148:7983,Zero-Gap Additions / Live Figma,UI Field / Control — exact semantic type pending,Read / derived,PROJECTION_READ,Personal Pulse Read,GET,GET /v1/personal/pulse,WIRED,Live read + client consume
FB,,PER-FB-S03,Future Building Pulse — Alternate,1148:7983,PER-FB-S03-W049,Future Building Pulse — Alternate — Zero-Gap Field/Control 18,1148:7983,Zero-Gap Additions / Live Figma,UI Field / Control — exact semantic type pending,Read / derived,PROJECTION_READ,Personal Pulse Read,GET,GET /v1/personal/pulse,WIRED,Live read + client consume
FB,,PER-FB-S03,Future Building Pulse — Alternate,1148:7983,PER-FB-S03-W050,Future Building Pulse — Alternate — Zero-Gap Field/Control 19,1148:7983,Zero-Gap Additions / Live Figma,UI Field / Control — exact semantic type pending,Read / derived,PROJECTION_READ,Personal Pulse Read,GET,GET /v1/personal/pulse,WIRED,Live read + client consume
FB,,PER-FB-S03,Future Building Pulse — Alternate,1148:7983,PER-FB-S03-W051,Future Building Pulse — Alternate — Zero-Gap Field/Control 20,1148:7983,Zero-Gap Additions / Live Figma,UI Field / Control — exact semantic type pending,Read / derived,PROJECTION_READ,Personal Pulse Read,GET,GET /v1/personal/pulse,WIRED,Live read + client consume
FB,,PER-FB-S03,Future Building Pulse — Alternate,1148:7983,PER-FB-S03-W052,Future Building Pulse — Alternate — Zero-Gap Field/Control 21,1148:7983,Zero-Gap Additions / Live Figma,UI Field / Control — exact semantic type pending,Read / derived,PROJECTION_READ,Personal Pulse Read,GET,GET /v1/personal/pulse,WIRED,Live read + client consume
FB,,PER-FB-S03,Future Building Pulse — Alternate,1148:7983,PER-FB-S03-W053,Future Building Pulse — Alternate — Zero-Gap Field/Control 22,1148:7983,Zero-Gap Additions / Live Figma,UI Field / Control — exact semantic type pending,Read / derived,PROJECTION_READ,Personal Pulse Read,GET,GET /v1/personal/pulse,WIRED,Live read + client consume
FB,,PER-FB-S03,Future Building Pulse — Alternate,1148:7983,PER-FB-S03-W054,Future Building Pulse — Alternate — Zero-Gap Field/Control 23,1148:7983,Zero-Gap Additions / Live Figma,UI Field / Control — exact semantic type pending,Read / derived,PROJECTION_READ,Personal Pulse Read,GET,GET /v1/personal/pulse,WIRED,Live read + client consume
FB,,PER-FB-S03,Future Building Pulse — Alternate,1148:7983,PER-FB-S03-W055,Future Building Pulse — Alternate — Zero-Gap Field/Control 24,1148:7983,Zero-Gap Additions / Live Figma,UI Field / Control — exact semantic type pending,Read / derived,PROJECTION_READ,Personal Pulse Read,GET,GET /v1/personal/pulse,WIRED,Live read + client consume
FB,,PER-FB-S03,Future Building Pulse — Alternate,1148:7983,PER-FB-S03-W056,Future Building Pulse — Alternate — Zero-Gap Field/Control 25,1148:7983,Zero-Gap Additions / Live Figma,UI Field / Control — exact semantic type pending,Read / derived,PROJECTION_READ,Personal Pulse Read,GET,GET /v1/personal/pulse,WIRED,Live read + client consume
FB,,PER-FB-S03,Future Building Pulse — Alternate,1148:7983,PER-FB-S03-W057,Future Building Pulse — Alternate — Zero-Gap Field/Control 26,1148:7983,Zero-Gap Additions / Live Figma,UI Field / Control — exact semantic type pending,Read / derived,PROJECTION_READ,Personal Pulse Read,GET,GET /v1/personal/pulse,WIRED,Live read + client consume
FB,,PER-FB-S03,Future Building Pulse — Alternate,1148:7983,PER-FB-S03-W058,Future Building Pulse — Alternate — Zero-Gap Field/Control 27,1148:7983,Zero-Gap Additions / Live Figma,UI Field / Control — exact semantic type pending,Read / derived,PROJECTION_READ,Personal Pulse Read,GET,GET /v1/personal/pulse,WIRED,Live read + client consume
FB,,PER-FB-S04,Future Building Moments,505:13146,PER-FB-S04-W001,360,763:13118,Application Top Bar,Navigation / Shell,Local UI / navigation,LOCAL_UI,LOCAL_ONLY,LOCAL,LOCAL,LOCAL_ONLY,UI-only / navigation
FB,,PER-FB-S04,Future Building Moments,505:13146,PER-FB-S04-W002,Moments,763:13118,Application Top Bar,Navigation / Shell,Local UI / navigation,LOCAL_UI,LOCAL_ONLY,LOCAL,LOCAL,LOCAL_ONLY,UI-only / navigation
FB,,PER-FB-S04,Future Building Moments,505:13146,PER-FB-S04-W003,profile/avatar,763:13118,Application Top Bar,Navigation / Shell,Bootstrap profile + local navigation,BOOTSTRAP_READ,UserProfile.Get,GET,GET /v1/me,WIRED,Live read + client consume
FB,,PER-FB-S04,Future Building Moments,505:13146,PER-FB-S04-W004,Personal,763:13119,Context Switcher,Selector / Filter / Chip,Local UI / navigation,LOCAL_UI,LOCAL_ONLY,LOCAL,LOCAL,LOCAL_ONLY,UI-only / navigation
FB,,PER-FB-S04,Future Building Moments,505:13146,PER-FB-S04-W005,Group,763:13119,Context Switcher,Selector / Filter / Chip,Local UI / navigation,LOCAL_UI,LOCAL_ONLY,LOCAL,LOCAL,LOCAL_ONLY,UI-only / navigation
FB,,PER-FB-S04,Future Building Moments,505:13146,PER-FB-S04-W006,Business,763:13119,Context Switcher,Selector / Filter / Chip,Local UI / navigation,LOCAL_UI,LOCAL_ONLY,LOCAL,LOCAL,LOCAL_ONLY,UI-only / navigation
FB,,PER-FB-S04,Future Building Moments,505:13146,PER-FB-S04-W007,Circle,763:13119,Context Switcher,Selector / Filter / Chip,Local UI / navigation,LOCAL_UI,LOCAL_ONLY,LOCAL,LOCAL,LOCAL_ONLY,UI-only / navigation
FB,,PER-FB-S04,Future Building Moments,505:13146,PER-FB-S04-W008,Life Operations,984:7435,Personal Domain Selector,Selector / Filter / Chip,Read active Personal contexts then navigate,PROJECTION_READ,Personal Context / Domain List,GET,,DEFERRED,Contract TBD/deferred: Personal Context / Domain List
FB,,PER-FB-S04,Future Building Moments,505:13146,PER-FB-S04-W009,Future Building,984:7435,Personal Domain Selector,Selector / Filter / Chip,Read active Personal contexts then navigate,PROJECTION_READ,Personal Context / Domain List,GET,,DEFERRED,Contract TBD/deferred: Personal Context / Domain List
FB,,PER-FB-S04,Future Building Moments,505:13146,PER-FB-S04-W010,Lifestyle,984:7435,Personal Domain Selector,Selector / Filter / Chip,Read active Personal contexts then navigate,PROJECTION_READ,Personal Context / Domain List,GET,,DEFERRED,Contract TBD/deferred: Personal Context / Domain List
FB,,PER-FB-S04,Future Building Moments,505:13146,PER-FB-S04-W011,Relationships,984:7435,Personal Domain Selector,Selector / Filter / Chip,Read active Personal contexts then navigate,PROJECTION_READ,Personal Context / Domain List,GET,,DEFERRED,Contract TBD/deferred: Personal Context / Domain List
FB,,PER-FB-S04,Future Building Moments,505:13146,PER-FB-S04-W012,Settings,984:7435,Personal Domain Selector,Selector / Filter / Chip,Read active Personal contexts then navigate,PROJECTION_READ,Personal Context / Domain List,GET,,DEFERRED,Contract TBD/deferred: Personal Context / Domain List
FB,,PER-FB-S04,Future Building Moments,505:13146,PER-FB-S04-W013,Pulse,984:7467,Bottom Navigation,Navigation / Shell,Local UI / navigation,LOCAL_UI,LOCAL_ONLY,LOCAL,LOCAL,LOCAL_ONLY,UI-only / navigation
FB,,PER-FB-S04,Future Building Moments,505:13146,PER-FB-S04-W014,Moments,984:7467,Bottom Navigation,Navigation / Shell,Local UI / navigation,LOCAL_UI,LOCAL_ONLY,LOCAL,LOCAL,LOCAL_ONLY,UI-only / navigation
FB,,PER-FB-S04,Future Building Moments,505:13146,PER-FB-S04-W015,Quick adds,984:7467,Bottom Navigation,CTA / Action,Local UI / navigation,LOCAL_UI,LOCAL_ONLY,LOCAL,LOCAL,LOCAL_ONLY,UI-only / navigation
FB,,PER-FB-S04,Future Building Moments,505:13146,PER-FB-S04-W016,Life,984:7467,Bottom Navigation,Navigation / Shell,Local UI / navigation,LOCAL_UI,LOCAL_ONLY,LOCAL,LOCAL,LOCAL_ONLY,UI-only / navigation
FB,,PER-FB-S04,Future Building Moments,505:13146,PER-FB-S04-W017,Memory,984:7467,Bottom Navigation,Navigation / Shell,Local UI / navigation,LOCAL_UI,LOCAL_ONLY,LOCAL,LOCAL,LOCAL_ONLY,UI-only / navigation
FB,,PER-FB-S04,Future Building Moments,505:13146,PER-FB-S04-W018,Future Journey,505:13151,Journey Hero,Journey Summary,Read journey projection,PROJECTION_READ,PersonalMoments.Get,GET,GET /v1/personal/moments,WIRED,Live read + client consume
FB,,PER-FB-S04,Future Building Moments,505:13146,PER-FB-S04-W019,Score 82,505:13151,Journey Hero,Derived / Dynamic Display,Read journey projection,PROJECTION_READ,PersonalMoments.Get,GET,GET /v1/personal/moments,WIRED,Live read + client consume
FB,,PER-FB-S04,Future Building Moments,505:13146,PER-FB-S04-W020,Stable and Improving,505:13151,Journey Hero,Selector / Filter / Chip,Read journey projection,PROJECTION_READ,PersonalMoments.Get,GET,GET /v1/personal/moments,WIRED,Live read + client consume
FB,,PER-FB-S04,Future Building Moments,505:13146,PER-FB-S04-W021,phases,505:13151,Journey Hero,Journey Summary,Read journey projection,PROJECTION_READ,PersonalMoments.Get,GET,GET /v1/personal/moments,WIRED,Live read + client consume
FB,,PER-FB-S04,Future Building Moments,505:13146,PER-FB-S04-W022,Milestones 126,505:13151,Journey Hero,Journey Summary,Read journey projection,PROJECTION_READ,PersonalMoments.Get,GET,GET /v1/personal/moments,WIRED,Live read + client consume
FB,,PER-FB-S04,Future Building Moments,505:13146,PER-FB-S04-W023,Learning 150,505:13151,Journey Hero,Journey Summary,Read journey projection,PROJECTION_READ,PersonalMoments.Get,GET,GET /v1/personal/moments,WIRED,Live read + client consume
FB,,PER-FB-S04,Future Building Moments,505:13146,PER-FB-S04-W024,Invested 952.4K,505:13151,Journey Hero,Journey Summary,Read journey projection,PROJECTION_READ,PersonalMoments.Get,GET,GET /v1/personal/moments,WIRED,Live read + client consume
FB,,PER-FB-S04,Future Building Moments,505:13146,PER-FB-S04-W025,Progress 74,505:13151,Journey Hero,Derived / Dynamic Display,Read journey projection,PROJECTION_READ,PersonalMoments.Get,GET,GET /v1/personal/moments,WIRED,Live read + client consume
FB,,PER-FB-S04,Future Building Moments,505:13146,PER-FB-S04-W026,Progress,505:13181,Journey Timeline,Input / Editable Field,Read recent activity projection,PROJECTION_READ,Personal Activity Read,GET,GET /v1/personal/activity,WIRED,Live read + client consume
FB,,PER-FB-S04,Future Building Moments,505:13146,PER-FB-S04-W027,Money,505:13181,Journey Timeline,Input / Editable Field,Read recent activity projection,PROJECTION_READ,Personal Activity Read,GET,GET /v1/personal/activity,WIRED,Live read + client consume
FB,,PER-FB-S04,Future Building Moments,505:13146,PER-FB-S04-W028,Mood activities,505:13181,Journey Timeline,Input / Editable Field,Read recent activity projection,PROJECTION_READ,Personal Activity Read,GET,GET /v1/personal/activity,WIRED,Live read + client consume
FB,,PER-FB-S04,Future Building Moments,505:13146,PER-FB-S04-W029,timestamps,505:13181,Journey Timeline,Input / Editable Field,Read recent activity projection,PROJECTION_READ,Personal Activity Read,GET,GET /v1/personal/activity,WIRED,Live read + client consume
FB,,PER-FB-S04,Future Building Moments,505:13146,PER-FB-S04-W030,Last 90 days,505:13198,Capital Journey,Financial / Capital Journey,Read bounded capital/progress series,PROJECTION_READ,RP-06 Future Building Capital Journey,GET,POST /v1/moments/:id/future-items | GET future-*,WIRED,Live write + client Quick Add
FB,,PER-FB-S04,Future Building Moments,505:13146,PER-FB-S04-W031,Total Invested ₹952.4K,505:13198,Capital Journey,Financial / Capital Journey,Read bounded capital/progress series,PROJECTION_READ,RP-06 Future Building Capital Journey,GET,POST /v1/moments/:id/future-items | GET future-*,WIRED,Live write + client Quick Add
FB,,PER-FB-S04,Future Building Moments,505:13146,PER-FB-S04-W032,Highest Month,505:13198,Capital Journey,Financial / Capital Journey,Read bounded capital/progress series,PROJECTION_READ,RP-06 Future Building Capital Journey,GET,POST /v1/moments/:id/future-items | GET future-*,WIRED,Live write + client Quick Add
FB,,PER-FB-S04,Future Building Moments,505:13146,PER-FB-S04-W033,Lowest Month,505:13198,Capital Journey,Financial / Capital Journey,Read bounded capital/progress series,PROJECTION_READ,RP-06 Future Building Capital Journey,GET,POST /v1/moments/:id/future-items | GET future-*,WIRED,Live write + client Quick Add
FB,,PER-FB-S04,Future Building Moments,505:13146,PER-FB-S04-W034,chart,505:13198,Capital Journey,Derived / Dynamic Display,Read bounded capital/progress series,PROJECTION_READ,RP-06 Future Building Capital Journey,GET,POST /v1/moments/:id/future-items | GET future-*,WIRED,Live write + client Quick Add
FB,,PER-FB-S04,Future Building Moments,505:13146,PER-FB-S04-W035,Efficiency Week,505:13213,Best Breakthroughs,Highlight Cards,Read journey projection,PROJECTION_READ,PersonalMoments.Get,GET,GET /v1/personal/moments,WIRED,Live read + client consume
FB,,PER-FB-S04,Future Building Moments,505:13146,PER-FB-S04-W036,Balance month,505:13213,Best Breakthroughs,Highlight Cards,Read journey projection,PROJECTION_READ,PersonalMoments.Get,GET,GET /v1/personal/moments,WIRED,Live read + client consume
FB,,PER-FB-S04,Future Building Moments,505:13146,PER-FB-S04-W037,+3 streak,505:13213,Best Breakthroughs,Highlight Cards,Read journey projection,PROJECTION_READ,PersonalMoments.Get,GET,GET /v1/personal/moments,WIRED,Live read + client consume
FB,,PER-FB-S04,Future Building Moments,505:13146,PER-FB-S04-W038,"₹92,640 saved",505:13213,Best Breakthroughs,CTA / Action,Read journey projection,PROJECTION_READ,PersonalMoments.Get,GET,GET /v1/personal/moments,WIRED,Live read + client consume
FB,,PER-FB-S04,Future Building Moments,505:13146,PER-FB-S04-W039,First recovery streak,505:13222,Turning Points,Turning Point List,Read journey projection,PROJECTION_READ,PersonalMoments.Get,GET,GET /v1/personal/moments,WIRED,Live read + client consume
FB,,PER-FB-S04,Future Building Moments,505:13146,PER-FB-S04-W040,Budget locked,505:13222,Turning Points,Turning Point List,Read journey projection,PROJECTION_READ,PersonalMoments.Get,GET,GET /v1/personal/moments,WIRED,Live read + client consume
FB,,PER-FB-S04,Future Building Moments,505:13146,PER-FB-S04-W041,values/statuses,505:13222,Turning Points,Derived / Dynamic Display,Read journey projection,PROJECTION_READ,PersonalMoments.Get,GET,GET /v1/personal/moments,WIRED,Live read + client consume
FB,,PER-FB-S04,Future Building Moments,505:13146,PER-FB-S04-W042,Deeper journey story,527:6956,AI Insights,AI Insight Card,AI / governed derived read,AI_READ,AIInsight.GetLatest,GET,,DEFERRED,Reflect/AI deferred by product
FB,,PER-FB-S04,Future Building Moments,505:13146,PER-FB-S04-W043,AI Insights,527:6956,AI Insights,AI Insight Card,AI / governed derived read,AI_READ,AIInsight.GetLatest,GET,,DEFERRED,Reflect/AI deferred by product
FB,,PER-FB-S04,Future Building Moments,505:13146,PER-FB-S04-W044,Coming Soon,527:6956,AI Insights,AI Insight Card,AI / governed derived read,AI_READ,AIInsight.GetLatest,GET,,DEFERRED,Reflect/AI deferred by product
FB,,PER-FB-S04,Future Building Moments,505:13146,PER-FB-S04-W045,Future Building Moments — Zero-Gap Field/Control 01,505:13146,Zero-Gap Additions / Live Figma,UI Field / Control — exact semantic type pending,Read from existing Future Building Moments composition,PROJECTION_READ,PersonalMoments.Get / RP-06 / AIInsight.GetLatest,GET,,DEFERRED,Contract TBD/deferred: PersonalMoments.Get / RP-06 / AIInsight.GetLatest
FB,,PER-FB-S04,Future Building Moments,505:13146,PER-FB-S04-W046,Future Building Moments — Zero-Gap Field/Control 02,505:13146,Zero-Gap Additions / Live Figma,UI Field / Control — exact semantic type pending,Read from existing Future Building Moments composition,PROJECTION_READ,PersonalMoments.Get / RP-06 / AIInsight.GetLatest,GET,,DEFERRED,Contract TBD/deferred: PersonalMoments.Get / RP-06 / AIInsight.GetLatest
FB,,PER-FB-S04,Future Building Moments,505:13146,PER-FB-S04-W047,Future Building Moments — Zero-Gap Field/Control 03,505:13146,Zero-Gap Additions / Live Figma,UI Field / Control — exact semantic type pending,Read from existing Future Building Moments composition,PROJECTION_READ,PersonalMoments.Get / RP-06 / AIInsight.GetLatest,GET,,DEFERRED,Contract TBD/deferred: PersonalMoments.Get / RP-06 / AIInsight.GetLatest
FB,,PER-FB-S05,Future Building Memory,505:13237,PER-FB-S05-W001,Life 360,763:13202,Application Top Bar,Navigation / Shell,Local navigation/state,LOCAL_UI,LOCAL_ONLY,LOCAL,LOCAL,LOCAL_ONLY,UI-only / navigation
FB,,PER-FB-S05,Future Building Memory,505:13237,PER-FB-S05-W002,Moments,763:13202,Application Top Bar,Navigation / Shell,Local navigation/state,LOCAL_UI,LOCAL_ONLY,LOCAL,LOCAL,LOCAL_ONLY,UI-only / navigation
FB,,PER-FB-S05,Future Building Memory,505:13237,PER-FB-S05-W003,Profile,763:13202,Application Top Bar,Avatar CTA,Read authenticated user bootstrap,PROFILE_READ,UserProfile.Get,GET,,DEFERRED,No live mapping for command='UserProfile.Get'
FB,,PER-FB-S05,Future Building Memory,505:13237,PER-FB-S05-W004,Personal Context,763:13203,Context Switcher,Navigation Chip,Local navigation/state,LOCAL_UI,LOCAL_ONLY,LOCAL,LOCAL,LOCAL_ONLY,UI-only / navigation
FB,,PER-FB-S05,Future Building Memory,505:13237,PER-FB-S05-W005,Group Context,763:13203,Context Switcher,Navigation Chip,Local navigation/state,LOCAL_UI,LOCAL_ONLY,LOCAL,LOCAL,LOCAL_ONLY,UI-only / navigation
FB,,PER-FB-S05,Future Building Memory,505:13237,PER-FB-S05-W006,Business Context,763:13203,Context Switcher,Navigation Chip,Local navigation/state,LOCAL_UI,LOCAL_ONLY,LOCAL,LOCAL,LOCAL_ONLY,UI-only / navigation
FB,,PER-FB-S05,Future Building Memory,505:13237,PER-FB-S05-W007,Circle Context,763:13203,Context Switcher,Navigation Chip,Local navigation/state,LOCAL_UI,LOCAL_ONLY,LOCAL,LOCAL,LOCAL_ONLY,UI-only / navigation
FB,,PER-FB-S05,Future Building Memory,505:13237,PER-FB-S05-W008,Future Building Domain,984:7498,Domain Selector,Navigation Chip,Local navigation/state,LOCAL_UI,LOCAL_ONLY,LOCAL,LOCAL,LOCAL_ONLY,UI-only / navigation
FB,,PER-FB-S05,Future Building Memory,505:13237,PER-FB-S05-W009,Life Operations Domain,984:7501,Domain Selector,Navigation Chip,Local navigation/state,LOCAL_UI,LOCAL_ONLY,LOCAL,LOCAL,LOCAL_ONLY,UI-only / navigation
FB,,PER-FB-S05,Future Building Memory,505:13237,PER-FB-S05-W010,Relationships Domain,984:7506,Domain Selector,Navigation Chip,Local navigation/state,LOCAL_UI,LOCAL_ONLY,LOCAL,LOCAL,LOCAL_ONLY,UI-only / navigation
FB,,PER-FB-S05,Future Building Memory,505:13237,PER-FB-S05-W011,Lifestyle Domain,984:7509,Domain Selector,Navigation Chip,Local navigation/state,LOCAL_UI,LOCAL_ONLY,LOCAL,LOCAL,LOCAL_ONLY,UI-only / navigation
FB,,PER-FB-S05,Future Building Memory,505:13237,PER-FB-S05-W012,Settings,984:7513,Domain Selector,Icon CTA,Local navigation/state,LOCAL_UI,LOCAL_ONLY,LOCAL,LOCAL,LOCAL_ONLY,UI-only / navigation
FB,,PER-FB-S05,Future Building Memory,505:13237,PER-FB-S05-W013,Learned Identity,505:13242,Identity Snapshot,Derived Insight,Derived read,PROJECTION_READ,PersonalMemory.Get,GET,GET /v1/personal/memory,WIRED,Live read + client consume
FB,,PER-FB-S05,Future Building Memory,505:13237,PER-FB-S05-W014,Identity Confidence,1015:7542,Identity Snapshot,Derived KPI,Derived read,PROJECTION_READ,PersonalMemory.Get,GET,GET /v1/personal/memory,WIRED,Live read + client consume
FB,,PER-FB-S05,Future Building Memory,505:13237,PER-FB-S05-W015,Identity Interpretation,1015:7547,Identity Snapshot,Derived Insight,Derived read,PROJECTION_READ,PersonalMemory.Get,GET,GET /v1/personal/memory,WIRED,Live read + client consume
FB,,PER-FB-S05,Future Building Memory,505:13237,PER-FB-S05-W016,Core Pattern Confidence,1015:7558,Core Pattern,Derived KPI,Derived read,PROJECTION_READ,PersonalMemory.Get,GET,GET /v1/personal/memory,WIRED,Live read + client consume
FB,,PER-FB-S05,Future Building Memory,505:13237,PER-FB-S05-W017,Pressure Peak Pattern,1015:7564,Core Pattern,Pattern Step,Derived read,PROJECTION_READ,PersonalMemory.Get,GET,GET /v1/personal/memory,WIRED,Live read + client consume
FB,,PER-FB-S05,Future Building Memory,505:13237,PER-FB-S05-W018,Recovery Block Pattern,1015:7567,Core Pattern,Pattern Step,Derived read,PROJECTION_READ,PersonalMemory.Get,GET,GET /v1/personal/memory,WIRED,Live read + client consume
FB,,PER-FB-S05,Future Building Memory,505:13237,PER-FB-S05-W019,Stability Pattern,1015:7570,Core Pattern,Pattern Step,Derived read,PROJECTION_READ,PersonalMemory.Get,GET,GET /v1/personal/memory,WIRED,Live read + client consume
FB,,PER-FB-S05,Future Building Memory,505:13237,PER-FB-S05-W020,Recovery Logs Driver,1015:7579,Best Drivers,Derived Driver,Derived read,PROJECTION_READ,PersonalMemory.Get,GET,GET /v1/personal/memory,WIRED,Live read + client consume
FB,,PER-FB-S05,Future Building Memory,505:13237,PER-FB-S05-W021,Consistent Sleep Driver,1015:7588,Best Drivers,Derived Driver,Derived read,PROJECTION_READ,PersonalMemory.Get,GET,GET /v1/personal/memory,WIRED,Live read + client consume
FB,,PER-FB-S05,Future Building Memory,505:13237,PER-FB-S05-W022,Late Commitments Driver,1015:7602,Lowest Drivers,Derived Driver,Derived read,PROJECTION_READ,PersonalMemory.Get,GET,GET /v1/personal/memory,WIRED,Live read + client consume
FB,,PER-FB-S05,Future Building Memory,505:13237,PER-FB-S05-W023,Unplanned Spend Driver,1015:7611,Lowest Drivers,Derived Driver,Derived read,PROJECTION_READ,PersonalMemory.Get,GET,GET /v1/personal/memory,WIRED,Live read + client consume
FB,,PER-FB-S05,Future Building Memory,505:13237,PER-FB-S05-W024,Recovery Before Meetings,1015:7625,Return Behaviors,Derived Behavior,Derived read,PROJECTION_READ,PersonalMemory.Get,GET,GET /v1/personal/memory,WIRED,Live read + client consume
FB,,PER-FB-S05,Future Building Memory,505:13237,PER-FB-S05-W025,Same-day Expense Log,1015:7631,Return Behaviors,Derived Behavior,Derived read,PROJECTION_READ,PersonalMemory.Get,GET,GET /v1/personal/memory,WIRED,Live read + client consume
FB,,PER-FB-S05,Future Building Memory,505:13237,PER-FB-S05-W026,Sunday Planning,1015:7637,Return Behaviors,Derived Behavior,Derived read,PROJECTION_READ,PersonalMemory.Get,GET,GET /v1/personal/memory,WIRED,Live read + client consume
FB,,PER-FB-S05,Future Building Memory,505:13237,PER-FB-S05-W027,Calm Emotional DNA,1015:7649,Emotional DNA,Derived Distribution,Derived read,PROJECTION_READ,PersonalMemory.Get,GET,GET /v1/personal/memory,WIRED,Live read + client consume
FB,,PER-FB-S05,Future Building Memory,505:13237,PER-FB-S05-W028,Focused Emotional DNA,1015:7656,Emotional DNA,Derived Distribution,Derived read,PROJECTION_READ,PersonalMemory.Get,GET,GET /v1/personal/memory,WIRED,Live read + client consume
FB,,PER-FB-S05,Future Building Memory,505:13237,PER-FB-S05-W029,Strained Emotional DNA,1015:7663,Emotional DNA,Derived Distribution,Derived read,PROJECTION_READ,PersonalMemory.Get,GET,GET /v1/personal/memory,WIRED,Live read + client consume
FB,,PER-FB-S05,Future Building Memory,505:13237,PER-FB-S05-W030,Lifted Emotional DNA,1015:7670,Emotional DNA,Derived Distribution,Derived read,PROJECTION_READ,PersonalMemory.Get,GET,GET /v1/personal/memory,WIRED,Live read + client consume
FB,,PER-FB-S05,Future Building Memory,505:13237,PER-FB-S05-W031,Stabilizing Evolution,1015:7687,Evolution Timeline,Historical State,Derived read,PROJECTION_READ,PersonalMemory.Get,GET,GET /v1/personal/memory,WIRED,Live read + client consume
FB,,PER-FB-S05,Future Building Memory,505:13237,PER-FB-S05-W032,Structured Evolution,1015:7695,Evolution Timeline,Historical State,Derived read,PROJECTION_READ,PersonalMemory.Get,GET,GET /v1/personal/memory,WIRED,Live read + client consume
FB,,PER-FB-S05,Future Building Memory,505:13237,PER-FB-S05-W033,Adaptive Evolution,1015:7703,Evolution Timeline,Derived State,Derived read,PROJECTION_READ,PersonalMemory.Get,GET,GET /v1/personal/memory,WIRED,Live read + client consume
FB,,PER-FB-S05,Future Building Memory,505:13237,PER-FB-S05-W034,AI Interpretation,1015:7717,AI Interpretation,Derived Insight,Derived read,AI_READ,AIInsight.GetLatest,GET,,DEFERRED,Reflect/AI deferred by product
FB,,PER-FB-S05,Future Building Memory,505:13237,PER-FB-S05-W035,Next Growth Edge,505:13315,Next Growth Edge,Recommendation,Derived read,PROJECTION_READ,PersonalMemory.Get,GET,GET /v1/personal/memory,WIRED,Live read + client consume
FB,,PER-FB-S05,Future Building Memory,505:13237,PER-FB-S05-W036,Growth Edge Guidance,505:13315,Next Growth Edge,Recommendation Detail,Derived read,PROJECTION_READ,PersonalMemory.Get,GET,GET /v1/personal/memory,WIRED,Live read + client consume
FB,,PER-FB-S05,Future Building Memory,505:13237,PER-FB-S05-W037,AI Insights Availability,1015:7733,AI Insights,State Badge,Derived read,AI_READ,AIInsight.GetLatest,GET,,DEFERRED,Reflect/AI deferred by product
FB,,PER-FB-S05,Future Building Memory,505:13237,PER-FB-S05-W038,Pulse Navigation,984:7529,Bottom Navigation,Navigation Tab,Local navigation/state,LOCAL_UI,LOCAL_ONLY,LOCAL,LOCAL,LOCAL_ONLY,UI-only / navigation
FB,,PER-FB-S05,Future Building Memory,505:13237,PER-FB-S05-W039,Moments Navigation,984:7529,Bottom Navigation,Navigation Tab,Local navigation/state,LOCAL_UI,LOCAL_ONLY,LOCAL,LOCAL,LOCAL_ONLY,UI-only / navigation
FB,,PER-FB-S05,Future Building Memory,505:13237,PER-FB-S05-W040,Quick Adds Navigation,984:7529,Bottom Navigation,Navigation Tab,Local navigation/state,LOCAL_UI,LOCAL_ONLY,LOCAL,LOCAL,LOCAL_ONLY,UI-only / navigation
FB,,PER-FB-S05,Future Building Memory,505:13237,PER-FB-S05-W041,Life Navigation,984:7529,Bottom Navigation,Navigation Tab,Local navigation/state,LOCAL_UI,LOCAL_ONLY,LOCAL,LOCAL,LOCAL_ONLY,UI-only / navigation
FB,,PER-FB-S05,Future Building Memory,505:13237,PER-FB-S05-W042,Memory Navigation,984:7529,Bottom Navigation,Navigation Tab,Local navigation/state,LOCAL_UI,LOCAL_ONLY,LOCAL,LOCAL,LOCAL_ONLY,UI-only / navigation
FB,,PER-FB-S06,Future Building Action Center,1006:7741,PER-FB-S06-W001,Future Building Context,1006:7752,Context Chips,Context Chip,Local state/navigation,LOCAL_UI,LOCAL_ONLY,LOCAL,LOCAL,LOCAL_ONLY,UI-only / navigation
FB,,PER-FB-S06,Future Building Action Center,1006:7741,PER-FB-S06-W002,Growth Mindset Context,1006:7753,Context Chips,Context Chip,Local state/navigation,LOCAL_UI,LOCAL_ONLY,LOCAL,LOCAL,LOCAL_ONLY,UI-only / navigation
FB,,PER-FB-S06,Future Building Action Center,1006:7741,PER-FB-S06-W003,Search Future Actions,1006:7761,Search,Search Input,Filter already-loaded available actions locally,LOCAL_UI,LOCAL_ONLY,LOCAL,LOCAL,LOCAL_ONLY,UI-only / navigation
FB,,PER-FB-S06,Future Building Action Center,1006:7741,PER-FB-S06-W004,Milestone Action,1006:7768,Action Grid,Action Card,Read server-allowed action then navigate; submit re-authorizes,PROJECTION_READ,PersonalQuickAdd.ListAvailable,GET,,DEFERRED,Contract TBD/deferred: PersonalQuickAdd.ListAvailable
FB,,PER-FB-S06,Future Building Action Center,1006:7741,PER-FB-S06-W005,Opportunity Action,1006:7773,Action Grid,Action Card,Read server-allowed action then navigate; submit re-authorizes,PROJECTION_READ,PersonalQuickAdd.ListAvailable,GET,,DEFERRED,Contract TBD/deferred: PersonalQuickAdd.ListAvailable
FB,,PER-FB-S06,Future Building Action Center,1006:7741,PER-FB-S06-W006,Pivot Action,1006:7778,Action Grid,Action Card,Read server-allowed action then navigate; submit re-authorizes,PROJECTION_READ,PersonalQuickAdd.ListAvailable,GET,,DEFERRED,Contract TBD/deferred: PersonalQuickAdd.ListAvailable
FB,,PER-FB-S06,Future Building Action Center,1006:7741,PER-FB-S06-W007,Progress Action,1006:7784,Action Grid,Action Card,Read server-allowed action then navigate; submit re-authorizes,PROJECTION_READ,PersonalQuickAdd.ListAvailable,GET,,DEFERRED,Contract TBD/deferred: PersonalQuickAdd.ListAvailable
FB,,PER-FB-S06,Future Building Action Center,1006:7741,PER-FB-S06-W008,Learning Action,1006:7792,Action Grid,Action Card,Read server-allowed action then navigate; submit re-authorizes,PROJECTION_READ,PersonalQuickAdd.ListAvailable,GET,,DEFERRED,Contract TBD/deferred: PersonalQuickAdd.ListAvailable
FB,,PER-FB-S06,Future Building Action Center,1006:7741,PER-FB-S06-W009,Pulse Navigation,1006:7813,Bottom Navigation,Navigation Tab,Local state/navigation,LOCAL_UI,LOCAL_ONLY,LOCAL,LOCAL,LOCAL_ONLY,UI-only / navigation
FB,,PER-FB-S06,Future Building Action Center,1006:7741,PER-FB-S06-W010,Moments Navigation,1006:7813,Bottom Navigation,Navigation Tab,Local state/navigation,LOCAL_UI,LOCAL_ONLY,LOCAL,LOCAL,LOCAL_ONLY,UI-only / navigation
FB,,PER-FB-S06,Future Building Action Center,1006:7741,PER-FB-S06-W011,Quick Adds Navigation,1006:7813,Bottom Navigation,Navigation Tab,Local state/navigation,LOCAL_UI,LOCAL_ONLY,LOCAL,LOCAL,LOCAL_ONLY,UI-only / navigation
FB,,PER-FB-S06,Future Building Action Center,1006:7741,PER-FB-S06-W012,Life Navigation,1006:7813,Bottom Navigation,Navigation Tab,Local state/navigation,LOCAL_UI,LOCAL_ONLY,LOCAL,LOCAL,LOCAL_ONLY,UI-only / navigation
FB,,PER-FB-S06,Future Building Action Center,1006:7741,PER-FB-S06-W013,Memory Navigation,1006:7813,Bottom Navigation,Navigation Tab,Local state/navigation,LOCAL_UI,LOCAL_ONLY,LOCAL,LOCAL,LOCAL_ONLY,UI-only / navigation
FB,,PER-FB-S07,Milestone Quick Add,353:11724,PER-FB-S07-W001,Close Milestone,1017:7663,Sheet Header,CTA,Discard/close local draft,LOCAL_UI,LOCAL_ONLY,LOCAL,LOCAL,LOCAL_ONLY,UI-only / navigation
FB,,PER-FB-S07,Milestone Quick Add,353:11724,PER-FB-S07-W002,Achievement Description,1017:7468,What Did You Achieve?,Text Input,Populate milestone create request,CANONICAL_WRITE,FutureBuilding.RecordMilestone,POST,POST /v1/moments/:id/future-items | GET future-*,WIRED,Live write + client Quick Add
FB,,PER-FB-S07,Milestone Quick Add,353:11724,PER-FB-S07-W003,Achievement Type,1017:7676,Milestone Type,Selection Chip,Populate milestone kind in request,CANONICAL_WRITE,FutureBuilding.RecordMilestone,POST,POST /v1/moments/:id/future-items | GET future-*,WIRED,Live write + client Quick Add
FB,,PER-FB-S07,Milestone Quick Add,353:11724,PER-FB-S07-W004,Recognition Type,1017:7678,Milestone Type,Selection Chip,Populate milestone kind in request,CANONICAL_WRITE,FutureBuilding.RecordMilestone,POST,POST /v1/moments/:id/future-items | GET future-*,WIRED,Live write + client Quick Add
FB,,PER-FB-S07,Milestone Quick Add,353:11724,PER-FB-S07-W005,Completion Type,1017:7680,Milestone Type,Selection Chip,Populate milestone kind in request,CANONICAL_WRITE,FutureBuilding.RecordMilestone,POST,POST /v1/moments/:id/future-items | GET future-*,WIRED,Live write + client Quick Add
FB,,PER-FB-S07,Milestone Quick Add,353:11724,PER-FB-S07-W006,Launch Type,1017:7682,Milestone Type,Selection Chip,Populate milestone kind in request,CANONICAL_WRITE,FutureBuilding.RecordMilestone,POST,POST /v1/moments/:id/future-items | GET future-*,WIRED,Live write + client Quick Add
FB,,PER-FB-S07,Milestone Quick Add,353:11724,PER-FB-S07-W007,Certification Type,1017:7684,Milestone Type,Selection Chip,Populate milestone kind in request,CANONICAL_WRITE,FutureBuilding.RecordMilestone,POST,POST /v1/moments/:id/future-items | GET future-*,WIRED,Live write + client Quick Add
FB,,PER-FB-S07,Milestone Quick Add,353:11724,PER-FB-S07-W008,Promotion Type,1017:7686,Milestone Type,Selection Chip,Populate milestone kind in request,CANONICAL_WRITE,FutureBuilding.RecordMilestone,POST,POST /v1/moments/:id/future-items | GET future-*,WIRED,Live write + client Quick Add
FB,,PER-FB-S07,Milestone Quick Add,353:11724,PER-FB-S07-W009,Breakthrough Type,1017:7688,Milestone Type,Selection Chip,Populate milestone kind in request,CANONICAL_WRITE,FutureBuilding.RecordMilestone,POST,POST /v1/moments/:id/future-items | GET future-*,WIRED,Live write + client Quick Add
FB,,PER-FB-S07,Milestone Quick Add,353:11724,PER-FB-S07-W010,Revenue Event Type,1017:7690,Milestone Type,Selection Chip,Populate milestone kind in request,CANONICAL_WRITE,FutureBuilding.RecordMilestone,POST,POST /v1/moments/:id/future-items | GET future-*,WIRED,Live write + client Quick Add
FB,,PER-FB-S07,Milestone Quick Add,353:11724,PER-FB-S07-W011,Personal Win Size,1017:7692,Milestone Size,Selection Chip,Populate milestone significance,CANONICAL_WRITE,FutureBuilding.RecordMilestone,POST,POST /v1/moments/:id/future-items | GET future-*,WIRED,Live write + client Quick Add
FB,,PER-FB-S07,Milestone Quick Add,353:11724,PER-FB-S07-W012,Shared Win Size,1017:7694,Milestone Size,Selection Chip,Populate milestone significance,CANONICAL_WRITE,FutureBuilding.RecordMilestone,POST,POST /v1/moments/:id/future-items | GET future-*,WIRED,Live write + client Quick Add
FB,,PER-FB-S07,Milestone Quick Add,353:11724,PER-FB-S07-W013,Life Moment Size,1017:7696,Milestone Size,Selection Chip,Populate milestone significance,CANONICAL_WRITE,FutureBuilding.RecordMilestone,POST,POST /v1/moments/:id/future-items | GET future-*,WIRED,Live write + client Quick Add
FB,,PER-FB-S07,Milestone Quick Add,353:11724,PER-FB-S07-W014,Income Increase Outcome,1017:7698,Measurable Outcome,Selection Chip,Populate milestone measurable-outcome classification,CANONICAL_WRITE,FutureBuilding.RecordMilestone,POST,POST /v1/moments/:id/future-items | GET future-*,WIRED,Live write + client Quick Add
FB,,PER-FB-S07,Milestone Quick Add,353:11724,PER-FB-S07-W015,Saving Increase Outcome,1017:7700,Measurable Outcome,Selection Chip,Populate milestone measurable-outcome classification,CANONICAL_WRITE,FutureBuilding.RecordMilestone,POST,POST /v1/moments/:id/future-items | GET future-*,WIRED,Live write + client Quick Add
FB,,PER-FB-S07,Milestone Quick Add,353:11724,PER-FB-S07-W016,Revenue Increase Outcome,1017:7702,Measurable Outcome,Selection Chip,Populate milestone measurable-outcome classification,CANONICAL_WRITE,FutureBuilding.RecordMilestone,POST,POST /v1/moments/:id/future-items | GET future-*,WIRED,Live write + client Quick Add
FB,,PER-FB-S07,Milestone Quick Add,353:11724,PER-FB-S07-W017,Cost Reduction Outcome,1017:7704,Measurable Outcome,Selection Chip,Populate milestone measurable-outcome classification,CANONICAL_WRITE,FutureBuilding.RecordMilestone,POST,POST /v1/moments/:id/future-items | GET future-*,WIRED,Live write + client Quick Add
FB,,PER-FB-S07,Milestone Quick Add,353:11724,PER-FB-S07-W018,No Financial Impact Outcome,1017:7706,Measurable Outcome,Selection Chip,Populate milestone measurable-outcome classification,CANONICAL_WRITE,FutureBuilding.RecordMilestone,POST,POST /v1/moments/:id/future-items | GET future-*,WIRED,Live write + client Quick Add
FB,,PER-FB-S07,Milestone Quick Add,353:11724,PER-FB-S07-W019,Save Milestone,1017:7708,Footer,Primary CTA,Validate and create milestone,COMMAND,FutureBuilding.RecordMilestone,POST,POST /v1/moments/:id/future-items | GET future-*,WIRED,Live write + client Quick Add
FB,,PER-FB-S08,Opportunity Quick Add,353:11768,PER-FB-S08-W001,Close Opportunity,1015:7836,Header,CTA,Close local form,LOCAL_UI,LOCAL_ONLY,LOCAL,LOCAL,LOCAL_ONLY,UI-only / navigation
FB,,PER-FB-S08,Opportunity Quick Add,353:11768,PER-FB-S08-W002,Opportunity Description,1015:7864,What Did You Spot?,Text Input,Populate opportunity title/description,CANONICAL_WRITE,FutureBuilding.RecordOpportunity,POST,POST /v1/moments/:id/future-items | GET future-*,WIRED,Live write + client Quick Add
FB,,PER-FB-S08,Opportunity Quick Add,353:11768,PER-FB-S08-W003,New Connection,1015:7870,Opportunity Type,Selection Card,Populate opportunity_type,CANONICAL_WRITE,FutureBuilding.RecordOpportunity,POST,POST /v1/moments/:id/future-items | GET future-*,WIRED,Live write + client Quick Add
FB,,PER-FB-S08,Opportunity Quick Add,353:11768,PER-FB-S08-W004,New Skill,1015:7873,Opportunity Type,Selection Card,Populate opportunity_type,CANONICAL_WRITE,FutureBuilding.RecordOpportunity,POST,POST /v1/moments/:id/future-items | GET future-*,WIRED,Live write + client Quick Add
FB,,PER-FB-S08,Opportunity Quick Add,353:11768,PER-FB-S08-W005,New Resource,1015:7877,Opportunity Type,Selection Card,Populate opportunity_type,CANONICAL_WRITE,FutureBuilding.RecordOpportunity,POST,POST /v1/moments/:id/future-items | GET future-*,WIRED,Live write + client Quick Add
FB,,PER-FB-S08,Opportunity Quick Add,353:11768,PER-FB-S08-W006,New Idea,1015:7880,Opportunity Type,Selection Card,Populate opportunity_type,CANONICAL_WRITE,FutureBuilding.RecordOpportunity,POST,POST /v1/moments/:id/future-items | GET future-*,WIRED,Live write + client Quick Add
FB,,PER-FB-S08,Opportunity Quick Add,353:11768,PER-FB-S08-W007,New Funding,1015:7884,Opportunity Type,Selection Card,Populate opportunity_type,CANONICAL_WRITE,FutureBuilding.RecordOpportunity,POST,POST /v1/moments/:id/future-items | GET future-*,WIRED,Live write + client Quick Add
FB,,PER-FB-S08,Opportunity Quick Add,353:11768,PER-FB-S08-W008,New Role,1015:7887,Opportunity Type,Selection Card,Populate opportunity_type,CANONICAL_WRITE,FutureBuilding.RecordOpportunity,POST,POST /v1/moments/:id/future-items | GET future-*,WIRED,Live write + client Quick Add
FB,,PER-FB-S08,Opportunity Quick Add,353:11768,PER-FB-S08-W009,New Client,1015:7891,Opportunity Type,Selection Card,Populate opportunity_type,CANONICAL_WRITE,FutureBuilding.RecordOpportunity,POST,POST /v1/moments/:id/future-items | GET future-*,WIRED,Live write + client Quick Add
FB,,PER-FB-S08,Opportunity Quick Add,353:11768,PER-FB-S08-W010,Partnership,1015:7894,Opportunity Type,Selection Card,Populate opportunity_type,CANONICAL_WRITE,FutureBuilding.RecordOpportunity,POST,POST /v1/moments/:id/future-items | GET future-*,WIRED,Live write + client Quick Add
FB,,PER-FB-S08,Opportunity Quick Add,353:11768,PER-FB-S08-W011,Exploring Status,1015:7900,Status Funnel,Selection Step,Populate lifecycle status,CANONICAL_WRITE,FutureBuilding.RecordOpportunity,POST,POST /v1/moments/:id/future-items | GET future-*,WIRED,Live write + client Quick Add
FB,,PER-FB-S08,Opportunity Quick Add,353:11768,PER-FB-S08-W012,Considering Status,1015:7905,Status Funnel,Selection Step,Populate lifecycle status,CANONICAL_WRITE,FutureBuilding.RecordOpportunity,POST,POST /v1/moments/:id/future-items | GET future-*,WIRED,Live write + client Quick Add
FB,,PER-FB-S08,Opportunity Quick Add,353:11768,PER-FB-S08-W013,Acting Status,1015:7910,Status Funnel,Selection Step,Populate lifecycle status,CANONICAL_WRITE,FutureBuilding.RecordOpportunity,POST,POST /v1/moments/:id/future-items | GET future-*,WIRED,Live write + client Quick Add
FB,,PER-FB-S08,Opportunity Quick Add,353:11768,PER-FB-S08-W014,Captured Status,1015:7915,Status Funnel,Selection Step,Populate lifecycle status,CANONICAL_WRITE,FutureBuilding.RecordOpportunity,POST,POST /v1/moments/:id/future-items | GET future-*,WIRED,Live write + client Quick Add
FB,,PER-FB-S08,Opportunity Quick Add,353:11768,PER-FB-S08-W015,Low Potential Impact,1015:7928,Potential Impact,Impact Selection,Populate categorical potential-impact signal,CANONICAL_WRITE,FutureBuilding.RecordOpportunity,POST,POST /v1/moments/:id/future-items | GET future-*,WIRED,Live write + client Quick Add
FB,,PER-FB-S08,Opportunity Quick Add,353:11768,PER-FB-S08-W016,Moderate Potential Impact,1015:7930,Potential Impact,Impact Selection,Populate categorical potential-impact signal,CANONICAL_WRITE,FutureBuilding.RecordOpportunity,POST,POST /v1/moments/:id/future-items | GET future-*,WIRED,Live write + client Quick Add
FB,,PER-FB-S08,Opportunity Quick Add,353:11768,PER-FB-S08-W017,High Potential Impact,1015:7932,Potential Impact,Impact Selection,Populate categorical potential-impact signal,CANONICAL_WRITE,FutureBuilding.RecordOpportunity,POST,POST /v1/moments/:id/future-items | GET future-*,WIRED,Live write + client Quick Add
FB,,PER-FB-S08,Opportunity Quick Add,353:11768,PER-FB-S08-W018,Game Changer Impact,1015:7934,Potential Impact,Impact Selection,Populate categorical potential-impact signal,CANONICAL_WRITE,FutureBuilding.RecordOpportunity,POST,POST /v1/moments/:id/future-items | GET future-*,WIRED,Live write + client Quick Add
FB,,PER-FB-S08,Opportunity Quick Add,353:11768,PER-FB-S08-W019,Opportunity Notes,1015:7938,Notes,Text Input,Populate descriptive notes,CANONICAL_WRITE,FutureBuilding.RecordOpportunity,POST,POST /v1/moments/:id/future-items | GET future-*,WIRED,Live write + client Quick Add
FB,,PER-FB-S08,Opportunity Quick Add,353:11768,PER-FB-S08-W020,Save Opportunity,1015:7941,Footer,Primary CTA,Validate and create persistent Future opportunity,COMMAND,FutureBuilding.RecordOpportunity,POST,POST /v1/moments/:id/future-items | GET future-*,WIRED,Live write + client Quick Add
FB,,PER-FB-S09,Pivot Quick Add,353:11812,PER-FB-S09-W001,Close Pivot,1015:7955,Header,CTA,Close local form,LOCAL_UI,LOCAL_ONLY,LOCAL,LOCAL,LOCAL_ONLY,UI-only / navigation
FB,,PER-FB-S09,Pivot Quick Add,353:11812,PER-FB-S09-W002,Direction Changed,1015:7979,Direction Change,Text Input,Populate pivot activity description/new direction,CANONICAL_WRITE,FutureBuilding.RecordPivot,POST,POST /v1/moments/:id/future-items | GET future-*,WIRED,Live write + client Quick Add
FB,,PER-FB-S09,Pivot Quick Add,353:11812,PER-FB-S09-W003,New Priority Change,1015:7984,What Changed?,Selection Chip,Populate pivot change classification,CANONICAL_WRITE,FutureBuilding.RecordPivot,POST,POST /v1/moments/:id/future-items | GET future-*,WIRED,Live write + client Quick Add
FB,,PER-FB-S09,Pivot Quick Add,353:11812,PER-FB-S09-W004,New Goal Change,1015:7987,What Changed?,Selection Chip,Populate pivot change classification,CANONICAL_WRITE,FutureBuilding.RecordPivot,POST,POST /v1/moments/:id/future-items | GET future-*,WIRED,Live write + client Quick Add
FB,,PER-FB-S09,Pivot Quick Add,353:11812,PER-FB-S09-W005,Reduce Scope Change,1015:7990,What Changed?,Selection Chip,Populate pivot change classification,CANONICAL_WRITE,FutureBuilding.RecordPivot,POST,POST /v1/moments/:id/future-items | GET future-*,WIRED,Live write + client Quick Add
FB,,PER-FB-S09,Pivot Quick Add,353:11812,PER-FB-S09-W006,Increase Focus Change,1015:7993,What Changed?,Selection Chip,Populate pivot change classification,CANONICAL_WRITE,FutureBuilding.RecordPivot,POST,POST /v1/moments/:id/future-items | GET future-*,WIRED,Live write + client Quick Add
FB,,PER-FB-S09,Pivot Quick Add,353:11812,PER-FB-S09-W007,Change Timeline,1015:7996,What Changed?,Selection Chip,Populate pivot change classification,CANONICAL_WRITE,FutureBuilding.RecordPivot,POST,POST /v1/moments/:id/future-items | GET future-*,WIRED,Live write + client Quick Add
FB,,PER-FB-S09,Pivot Quick Add,353:11812,PER-FB-S09-W008,Change Direction,1015:7999,What Changed?,Selection Chip,Populate pivot change classification,CANONICAL_WRITE,FutureBuilding.RecordPivot,POST,POST /v1/moments/:id/future-items | GET future-*,WIRED,Live write + client Quick Add
FB,,PER-FB-S09,Pivot Quick Add,353:11812,PER-FB-S09-W009,New Information Reason,1015:8005,Why Did You Change Direction?,Selection Chip,Populate pivot reason,CANONICAL_WRITE,FutureBuilding.RecordPivot,POST,POST /v1/moments/:id/future-items | GET future-*,WIRED,Live write + client Quick Add
FB,,PER-FB-S09,Pivot Quick Add,353:11812,PER-FB-S09-W010,Opportunity Reason,1015:8008,Why Did You Change Direction?,Selection Chip,Populate pivot reason,CANONICAL_WRITE,FutureBuilding.RecordPivot,POST,POST /v1/moments/:id/future-items | GET future-*,WIRED,Live write + client Quick Add
FB,,PER-FB-S09,Pivot Quick Add,353:11812,PER-FB-S09-W011,Constraint Reason,1015:8011,Why Did You Change Direction?,Selection Chip,Populate pivot reason,CANONICAL_WRITE,FutureBuilding.RecordPivot,POST,POST /v1/moments/:id/future-items | GET future-*,WIRED,Live write + client Quick Add
FB,,PER-FB-S09,Pivot Quick Add,353:11812,PER-FB-S09-W012,Personal Decision Reason,1015:8014,Why Did You Change Direction?,Selection Chip,Populate pivot reason,CANONICAL_WRITE,FutureBuilding.RecordPivot,POST,POST /v1/moments/:id/future-items | GET future-*,WIRED,Live write + client Quick Add
FB,,PER-FB-S09,Pivot Quick Add,353:11812,PER-FB-S09-W013,Market Change Reason,1015:8017,Why Did You Change Direction?,Selection Chip,Populate pivot reason,CANONICAL_WRITE,FutureBuilding.RecordPivot,POST,POST /v1/moments/:id/future-items | GET future-*,WIRED,Live write + client Quick Add
FB,,PER-FB-S09,Pivot Quick Add,353:11812,PER-FB-S09-W014,Pivot Confidence,1015:8022,Confidence,Slider / Rating,Populate confidence rating,CANONICAL_WRITE,FutureBuilding.RecordPivot,POST,POST /v1/moments/:id/future-items | GET future-*,WIRED,Live write + client Quick Add
FB,,PER-FB-S09,Pivot Quick Add,353:11812,PER-FB-S09-W015,Pivot Notes,1015:8030,Notes,Text Input,Populate activity notes,CANONICAL_WRITE,FutureBuilding.RecordPivot,POST,POST /v1/moments/:id/future-items | GET future-*,WIRED,Live write + client Quick Add
FB,,PER-FB-S09,Pivot Quick Add,353:11812,PER-FB-S09-W016,Save Pivot,1015:8033,Footer,Primary CTA,Validate and create FUTURE_PIVOT activity,COMMAND,FutureBuilding.RecordPivot,POST,POST /v1/moments/:id/future-items | GET future-*,WIRED,Live write + client Quick Add
FB,,PER-FB-S10,Progress Quick Add,353:11856,PER-FB-S10-W001,Close Progress,1017:7538,Header,CTA,Local close/navigation,LOCAL_UI,LOCAL_ONLY,LOCAL,LOCAL,LOCAL_ONLY,UI-only / navigation
FB,,PER-FB-S10,Progress Quick Add,353:11856,PER-FB-S10-W002,Progress Description,1017:7560,What Moved Forward?,Text Input,Local form state until submit,USER_INPUT,FutureBuilding.RecordProgress,POST on Save,POST /v1/moments/:id/future-items | GET future-*,WIRED,Live write + client Quick Add
FB,,PER-FB-S10,Progress Quick Add,353:11856,PER-FB-S10-W003,Small Step Progress,1017:7565,Progress Type,Selection Step,Local form state until submit,USER_INPUT,FutureBuilding.RecordProgress,POST on Save,POST /v1/moments/:id/future-items | GET future-*,WIRED,Live write + client Quick Add
FB,,PER-FB-S10,Progress Quick Add,353:11856,PER-FB-S10-W004,Moderate Progress,1017:7569,Progress Type,Selection Step,Local form state until submit,USER_INPUT,FutureBuilding.RecordProgress,POST on Save,POST /v1/moments/:id/future-items | GET future-*,WIRED,Live write + client Quick Add
FB,,PER-FB-S10,Progress Quick Add,353:11856,PER-FB-S10-W005,Major Progress,1017:7573,Progress Type,Selection Step,Local form state until submit,USER_INPUT,FutureBuilding.RecordProgress,POST on Save,POST /v1/moments/:id/future-items | GET future-*,WIRED,Live write + client Quick Add
FB,,PER-FB-S10,Progress Quick Add,353:11856,PER-FB-S10-W006,Breakthrough Progress,1017:7577,Progress Type,Selection Step,Local form state until submit,USER_INPUT,FutureBuilding.RecordProgress,POST on Save,POST /v1/moments/:id/future-items | GET future-*,WIRED,Live write + client Quick Add
FB,,PER-FB-S10,Progress Quick Add,353:11856,PER-FB-S10-W007,Time Invested Display,1017:7584,Time Invested,Dynamic / Selected Value,Derived from current time selection,LOCAL_DERIVED,LOCAL_ONLY,LOCAL,LOCAL,LOCAL_ONLY,UI-only / navigation
FB,,PER-FB-S10,Progress Quick Add,353:11856,PER-FB-S10-W008,15 Minutes,1017:7590,Time Invested,Selection Chip,Local form state until submit,USER_INPUT,FutureBuilding.RecordProgress,POST on Save,POST /v1/moments/:id/future-items | GET future-*,WIRED,Live write + client Quick Add
FB,,PER-FB-S10,Progress Quick Add,353:11856,PER-FB-S10-W009,30 Minutes,1017:7592,Time Invested,Selection Chip,Local form state until submit,USER_INPUT,FutureBuilding.RecordProgress,POST on Save,POST /v1/moments/:id/future-items | GET future-*,WIRED,Live write + client Quick Add
FB,,PER-FB-S10,Progress Quick Add,353:11856,PER-FB-S10-W010,1 Hour,1017:7594,Time Invested,Selection Chip,Local form state until submit,USER_INPUT,FutureBuilding.RecordProgress,POST on Save,POST /v1/moments/:id/future-items | GET future-*,WIRED,Live write + client Quick Add
FB,,PER-FB-S10,Progress Quick Add,353:11856,PER-FB-S10-W011,2 Hours,1017:7596,Time Invested,Selection Chip,Local form state until submit,USER_INPUT,FutureBuilding.RecordProgress,POST on Save,POST /v1/moments/:id/future-items | GET future-*,WIRED,Live write + client Quick Add
FB,,PER-FB-S10,Progress Quick Add,353:11856,PER-FB-S10-W012,More Than 2 Hours,1017:7598,Time Invested,Selection Chip,Local form state until submit,USER_INPUT,FutureBuilding.RecordProgress,POST on Save,POST /v1/moments/:id/future-items | GET future-*,WIRED,Live write + client Quick Add
FB,,PER-FB-S10,Progress Quick Add,353:11856,PER-FB-S10-W013,Low Effort,1017:7603,Effort Level,Effort Selector,Local form state until submit,USER_INPUT,FutureBuilding.RecordProgress,POST on Save,POST /v1/moments/:id/future-items | GET future-*,WIRED,Live write + client Quick Add
FB,,PER-FB-S10,Progress Quick Add,353:11856,PER-FB-S10-W014,Medium Effort,1017:7610,Effort Level,Effort Selector,Local form state until submit,USER_INPUT,FutureBuilding.RecordProgress,POST on Save,POST /v1/moments/:id/future-items | GET future-*,WIRED,Live write + client Quick Add
FB,,PER-FB-S10,Progress Quick Add,353:11856,PER-FB-S10-W015,High Effort,1017:7617,Effort Level,Effort Selector,Local form state until submit,USER_INPUT,FutureBuilding.RecordProgress,POST on Save,POST /v1/moments/:id/future-items | GET future-*,WIRED,Live write + client Quick Add
FB,,PER-FB-S10,Progress Quick Add,353:11856,PER-FB-S10-W016,Exceptional Effort,1017:7624,Effort Level,Effort Selector,Local form state until submit,USER_INPUT,FutureBuilding.RecordProgress,POST on Save,POST /v1/moments/:id/future-items | GET future-*,WIRED,Live write + client Quick Add
FB,,PER-FB-S10,Progress Quick Add,353:11856,PER-FB-S10-W017,Progress Notes,1017:7633,Notes,Text Input,Local form state until submit,USER_INPUT,FutureBuilding.RecordProgress,POST on Save,POST /v1/moments/:id/future-items | GET future-*,WIRED,Live write + client Quick Add
FB,,PER-FB-S10,Progress Quick Add,353:11856,PER-FB-S10-W018,Save Progress,1017:7636,Footer,Primary CTA,Validate and persist progress observation,CANONICAL_COMMAND,FutureBuilding.RecordProgress,POST,POST /v1/moments/:id/future-items | GET future-*,WIRED,Live write + client Quick Add
FB,,PER-FB-S11,Learning Quick Add,353:11900,PER-FB-S11-W001,Close Learning,353:11908,Header,CTA,Local close/navigation,LOCAL_UI,LOCAL_ONLY,LOCAL,LOCAL,LOCAL_ONLY,UI-only / navigation
FB,,PER-FB-S11,Learning Quick Add,353:11900,PER-FB-S11-W002,Learning Description,506:7314,What Did You Learn?,Text Input,Local form state until submit,USER_INPUT,FutureBuilding.RecordLearning,POST on Save,POST /v1/moments/:id/future-items | GET future-*,WIRED,Live write + client Quick Add
FB,,PER-FB-S11,Learning Quick Add,353:11900,PER-FB-S11-W003,Skill Learning Type,506:7319,Type of Learning,Selection Card,Local form state until submit,USER_INPUT,FutureBuilding.RecordLearning,POST on Save,POST /v1/moments/:id/future-items | GET future-*,WIRED,Live write + client Quick Add
FB,,PER-FB-S11,Learning Quick Add,353:11900,PER-FB-S11-W004,Knowledge Learning Type,506:7322,Type of Learning,Selection Card,Local form state until submit,USER_INPUT,FutureBuilding.RecordLearning,POST on Save,POST /v1/moments/:id/future-items | GET future-*,WIRED,Live write + client Quick Add
FB,,PER-FB-S11,Learning Quick Add,353:11900,PER-FB-S11-W005,Insight Learning Type,506:7325,Type of Learning,Selection Card,Local form state until submit,USER_INPUT,FutureBuilding.RecordLearning,POST on Save,POST /v1/moments/:id/future-items | GET future-*,WIRED,Live write + client Quick Add
FB,,PER-FB-S11,Learning Quick Add,353:11900,PER-FB-S11-W006,Experience Learning Type,506:7329,Type of Learning,Selection Card,Local form state until submit,USER_INPUT,FutureBuilding.RecordLearning,POST on Save,POST /v1/moments/:id/future-items | GET future-*,WIRED,Live write + client Quick Add
FB,,PER-FB-S11,Learning Quick Add,353:11900,PER-FB-S11-W007,Mentorship Learning Type,506:7332,Type of Learning,Selection Card,Local form state until submit,USER_INPUT,FutureBuilding.RecordLearning,POST on Save,POST /v1/moments/:id/future-items | GET future-*,WIRED,Live write + client Quick Add
FB,,PER-FB-S11,Learning Quick Add,353:11900,PER-FB-S11-W008,Mistakes Learning Type,506:7335,Type of Learning,Selection Card,Local form state until submit,USER_INPUT,FutureBuilding.RecordLearning,POST on Save,POST /v1/moments/:id/future-items | GET future-*,WIRED,Live write + client Quick Add
FB,,PER-FB-S11,Learning Quick Add,353:11900,PER-FB-S11-W009,Learning Topic,506:7339,Topic,Text Input,Local form state until submit,USER_INPUT,FutureBuilding.RecordLearning,POST on Save,POST /v1/moments/:id/future-items | GET future-*,WIRED,Live write + client Quick Add
FB,,PER-FB-S11,Learning Quick Add,353:11900,PER-FB-S11-W010,Usefulness Rating 1,506:7361,Usefulness,Rating Control,Local form state until submit,USER_INPUT,FutureBuilding.RecordLearning,POST on Save,POST /v1/moments/:id/future-items | GET future-*,WIRED,Live write + client Quick Add
FB,,PER-FB-S11,Learning Quick Add,353:11900,PER-FB-S11-W011,Usefulness Rating 2,506:7364,Usefulness,Rating Control,Local form state until submit,USER_INPUT,FutureBuilding.RecordLearning,POST on Save,POST /v1/moments/:id/future-items | GET future-*,WIRED,Live write + client Quick Add
FB,,PER-FB-S11,Learning Quick Add,353:11900,PER-FB-S11-W012,Usefulness Rating 3,506:7367,Usefulness,Rating Control,Local form state until submit,USER_INPUT,FutureBuilding.RecordLearning,POST on Save,POST /v1/moments/:id/future-items | GET future-*,WIRED,Live write + client Quick Add
FB,,PER-FB-S11,Learning Quick Add,353:11900,PER-FB-S11-W013,Usefulness Rating 4,506:7370,Usefulness,Rating Control,Local form state until submit,USER_INPUT,FutureBuilding.RecordLearning,POST on Save,POST /v1/moments/:id/future-items | GET future-*,WIRED,Live write + client Quick Add
FB,,PER-FB-S11,Learning Quick Add,353:11900,PER-FB-S11-W014,Usefulness Rating 5,506:7373,Usefulness,Rating Control,Local form state until submit,USER_INPUT,FutureBuilding.RecordLearning,POST on Save,POST /v1/moments/:id/future-items | GET future-*,WIRED,Live write + client Quick Add
FB,,PER-FB-S11,Learning Quick Add,353:11900,PER-FB-S11-W015,Usefulness Interpretation,1015:8146,Usefulness,Dynamic Status,Derived locally from selected usefulness rating,LOCAL_DERIVED,LOCAL_ONLY,LOCAL,LOCAL,LOCAL_ONLY,UI-only / navigation
FB,,PER-FB-S11,Learning Quick Add,353:11900,PER-FB-S11-W016,Application Plan,506:7351,Application,Text Input,Local form state until submit,USER_INPUT,FutureBuilding.RecordLearning,POST on Save,POST /v1/moments/:id/future-items | GET future-*,WIRED,Live write + client Quick Add
FB,,PER-FB-S11,Learning Quick Add,353:11900,PER-FB-S11-W017,Learning Notes,506:7355,Notes,Text Input,Local form state until submit,USER_INPUT,FutureBuilding.RecordLearning,POST on Save,POST /v1/moments/:id/future-items | GET future-*,WIRED,Live write + client Quick Add
FB,,PER-FB-S11,Learning Quick Add,353:11900,PER-FB-S11-W018,Save Learning,429:9967,Footer,Primary CTA,Validate and persist learning activity,CANONICAL_COMMAND,FutureBuilding.RecordLearning,POST,POST /v1/moments/:id/future-items | GET future-*,WIRED,Live write + client Quick Add
FB,,PER-FB-S12,Future Building Recent Activity,1036:7482,PER-FB-S12-W001,Back from Recent Activity,1036:7494,Header,Navigation CTA,Local navigation/state,LOCAL_UI,LOCAL_ONLY,LOCAL,LOCAL,LOCAL_ONLY,UI-only / navigation
FB,,PER-FB-S12,Future Building Recent Activity,1036:7482,PER-FB-S12-W002,Notifications,1036:7499,Header,Icon CTA,Local navigation/state,LOCAL_UI,LOCAL_ONLY,LOCAL,LOCAL,LOCAL_ONLY,UI-only / navigation
FB,,PER-FB-S12,Future Building Recent Activity,1036:7482,PER-FB-S12-W003,All Filter,1036:7503,Filters,Filter Chip,Query/local filter state,PROJECTION_QUERY,PersonalActivity.List,GET,GET /v1/personal/activity,WIRED,Live read + client consume
FB,,PER-FB-S12,Future Building Recent Activity,1036:7482,PER-FB-S12-W004,Exercise Filter,1036:7504,Filters,Filter Chip,Query/local filter state,PROJECTION_QUERY,PersonalActivity.List,GET,GET /v1/personal/activity,WIRED,Live read + client consume
FB,,PER-FB-S12,Future Building Recent Activity,1036:7482,PER-FB-S12-W005,Recovery Filter,1036:7505,Filters,Filter Chip,Query/local filter state,PROJECTION_QUERY,PersonalActivity.List,GET,GET /v1/personal/activity,WIRED,Live read + client consume
FB,,PER-FB-S12,Future Building Recent Activity,1036:7482,PER-FB-S12-W006,Focus Filter,1036:7506,Filters,Filter Chip,Query/local filter state,PROJECTION_QUERY,PersonalActivity.List,GET,GET /v1/personal/activity,WIRED,Live read + client consume
FB,,PER-FB-S12,Future Building Recent Activity,1036:7482,PER-FB-S12-W007,Mind Filter,1036:7507,Filters,Filter Chip,Query/local filter state,PROJECTION_QUERY,PersonalActivity.List,GET,GET /v1/personal/activity,WIRED,Live read + client consume
FB,,PER-FB-S12,Future Building Recent Activity,1036:7482,PER-FB-S12-W008,Portfolio Review Activity,1063:12484,Activity List,Repeater Row,Derived projection read,PROJECTION_READ,PersonalActivity.List,GET,GET /v1/personal/activity,WIRED,Live read + client consume
FB,,PER-FB-S12,Future Building Recent Activity,1036:7482,PER-FB-S12-W009,Portfolio Review Timestamp,1063:12489,Portfolio Review,Dynamic Display,Derived projection read,PROJECTION_READ,PersonalActivity.List,GET,GET /v1/personal/activity,WIRED,Live read + client consume
FB,,PER-FB-S12,Future Building Recent Activity,1036:7482,PER-FB-S12-W010,Portfolio Review Impact,1063:12490,Portfolio Review,Dynamic Badge,Derived projection read,PROJECTION_READ,PersonalActivity.List,GET,GET /v1/personal/activity,WIRED,Live read + client consume
FB,,PER-FB-S12,Future Building Recent Activity,1036:7482,PER-FB-S12-W011,Edit Portfolio Review,1063:12549,Portfolio Review,Icon CTA,Resolve projection row to source resource and open edit sheet,LOCAL_NAV_WITH_SOURCE_REF,FutureBuilding.Activity.Resolve,LOCAL,LOCAL,LOCAL_ONLY,UI-only / navigation
FB,,PER-FB-S12,Future Building Recent Activity,1036:7482,PER-FB-S12-W012,Delete Portfolio Review,1063:12551,Portfolio Review,Destructive Icon CTA,Cancel/delete underlying canonical resource,CANONICAL_COMMAND_ROUTER,FutureBuilding.Activity.Cancel,POST,POST /v1/moments/:id/future-items | GET future-*,WIRED,Live write + client Quick Add
FB,,PER-FB-S12,Future Building Recent Activity,1036:7482,PER-FB-S12-W013,Skill Session Activity,1063:12492,Activity List,Repeater Row,Derived projection read,PROJECTION_READ,PersonalActivity.List,GET,GET /v1/personal/activity,WIRED,Live read + client consume
FB,,PER-FB-S12,Future Building Recent Activity,1036:7482,PER-FB-S12-W014,Skill Session Timestamp,1063:12497,Skill Session,Dynamic Display,Derived projection read,PROJECTION_READ,PersonalActivity.List,GET,GET /v1/personal/activity,WIRED,Live read + client consume
FB,,PER-FB-S12,Future Building Recent Activity,1036:7482,PER-FB-S12-W015,Skill Session Impact,1063:12498,Skill Session,Dynamic Badge,Derived projection read,PROJECTION_READ,PersonalActivity.List,GET,GET /v1/personal/activity,WIRED,Live read + client consume
FB,,PER-FB-S12,Future Building Recent Activity,1036:7482,PER-FB-S12-W016,Edit Skill Session,1063:12554,Skill Session,Icon CTA,Resolve projection row to source resource and open edit sheet,LOCAL_NAV_WITH_SOURCE_REF,FutureBuilding.Activity.Resolve,LOCAL,LOCAL,LOCAL_ONLY,UI-only / navigation
FB,,PER-FB-S12,Future Building Recent Activity,1036:7482,PER-FB-S12-W017,Delete Skill Session,1063:12556,Skill Session,Destructive Icon CTA,Cancel/delete underlying canonical resource,CANONICAL_COMMAND_ROUTER,FutureBuilding.Activity.Cancel,POST,POST /v1/moments/:id/future-items | GET future-*,WIRED,Live write + client Quick Add
FB,,PER-FB-S12,Future Building Recent Activity,1036:7482,PER-FB-S12-W018,Networking Event Activity,1063:12500,Activity List,Repeater Row,Derived projection read,PROJECTION_READ,PersonalActivity.List,GET,GET /v1/personal/activity,WIRED,Live read + client consume
FB,,PER-FB-S12,Future Building Recent Activity,1036:7482,PER-FB-S12-W019,Networking Event Timestamp,1063:12505,Networking Event,Dynamic Display,Derived projection read,PROJECTION_READ,PersonalActivity.List,GET,GET /v1/personal/activity,WIRED,Live read + client consume
FB,,PER-FB-S12,Future Building Recent Activity,1036:7482,PER-FB-S12-W020,Networking Event Status,1063:12506,Networking Event,Dynamic Badge,Derived projection read,PROJECTION_READ,PersonalActivity.List,GET,GET /v1/personal/activity,WIRED,Live read + client consume
FB,,PER-FB-S12,Future Building Recent Activity,1036:7482,PER-FB-S12-W021,Edit Networking Event,1063:12559,Networking Event,Icon CTA,Resolve projection row to source resource and open edit sheet,LOCAL_NAV_WITH_SOURCE_REF,FutureBuilding.Activity.Resolve,LOCAL,LOCAL,LOCAL_ONLY,UI-only / navigation
FB,,PER-FB-S12,Future Building Recent Activity,1036:7482,PER-FB-S12-W022,Delete Networking Event,1063:12561,Networking Event,Destructive Icon CTA,Cancel/delete underlying canonical resource,CANONICAL_COMMAND_ROUTER,FutureBuilding.Activity.Cancel,POST,POST /v1/moments/:id/future-items | GET future-*,WIRED,Live write + client Quick Add
FB,,PER-FB-S12,Future Building Recent Activity,1036:7482,PER-FB-S12-W023,Goal Reflection Activity,1063:12508,Activity List,Repeater Row,Derived projection read,PROJECTION_READ,PersonalActivity.List,GET,GET /v1/personal/activity,WIRED,Live read + client consume
FB,,PER-FB-S12,Future Building Recent Activity,1036:7482,PER-FB-S12-W024,Goal Reflection Timestamp,1063:12513,Goal Reflection,Dynamic Display,Derived projection read,PROJECTION_READ,PersonalActivity.List,GET,GET /v1/personal/activity,WIRED,Live read + client consume
FB,,PER-FB-S12,Future Building Recent Activity,1036:7482,PER-FB-S12-W025,Goal Reflection Status,1063:12514,Goal Reflection,Dynamic Badge,Derived projection read,PROJECTION_READ,PersonalActivity.List,GET,GET /v1/personal/activity,WIRED,Live read + client consume
FB,,PER-FB-S12,Future Building Recent Activity,1036:7482,PER-FB-S12-W026,Edit Goal Reflection,1063:12564,Goal Reflection,Icon CTA,Resolve projection row to source resource and open edit sheet,LOCAL_NAV_WITH_SOURCE_REF,FutureBuilding.Activity.Resolve,LOCAL,LOCAL,LOCAL_ONLY,UI-only / navigation
FB,,PER-FB-S12,Future Building Recent Activity,1036:7482,PER-FB-S12-W027,Delete Goal Reflection,1063:12566,Goal Reflection,Destructive Icon CTA,Cancel/delete underlying canonical resource,CANONICAL_COMMAND_ROUTER,FutureBuilding.Activity.Cancel,POST,POST /v1/moments/:id/future-items | GET future-*,WIRED,Live write + client Quick Add
FB,,PER-FB-S12,Future Building Recent Activity,1036:7482,PER-FB-S12-W028,Morning Run Activity,1063:12516,Activity List,Repeater Row,Derived projection read,PROJECTION_READ,PersonalActivity.List,GET,GET /v1/personal/activity,WIRED,Live read + client consume
FB,,PER-FB-S12,Future Building Recent Activity,1036:7482,PER-FB-S12-W029,Morning Run Timestamp,1063:12521,Morning Run,Dynamic Display,Derived projection read,PROJECTION_READ,PersonalActivity.List,GET,GET /v1/personal/activity,WIRED,Live read + client consume
FB,,PER-FB-S12,Future Building Recent Activity,1036:7482,PER-FB-S12-W030,Morning Run Impact,1063:12522,Morning Run,Dynamic Badge,Derived projection read,PROJECTION_READ,PersonalActivity.List,GET,GET /v1/personal/activity,WIRED,Live read + client consume
FB,,PER-FB-S12,Future Building Recent Activity,1036:7482,PER-FB-S12-W031,Edit Morning Run,1063:12569,Morning Run,Icon CTA,Resolve projection row to source resource and open edit sheet,LOCAL_NAV_WITH_SOURCE_REF,FutureBuilding.Activity.Resolve,LOCAL,LOCAL,LOCAL_ONLY,UI-only / navigation
FB,,PER-FB-S12,Future Building Recent Activity,1036:7482,PER-FB-S12-W032,Delete Morning Run,1063:12571,Morning Run,Destructive Icon CTA,Cancel/delete underlying canonical resource,CANONICAL_COMMAND_ROUTER,FutureBuilding.Activity.Cancel,POST,POST /v1/moments/:id/future-items | GET future-*,WIRED,Live write + client Quick Add
FB,,PER-FB-S12,Future Building Recent Activity,1036:7482,PER-FB-S12-W033,Journaling Activity,1036:7482,Activity List,Repeater Row,Derived projection read,PROJECTION_READ,PersonalActivity.List,GET,GET /v1/personal/activity,WIRED,Live read + client consume
FB,,PER-FB-S12,Future Building Recent Activity,1036:7482,PER-FB-S12-W034,Journaling Timestamp,1036:7482,Journaling,Dynamic Display,Derived projection read,PROJECTION_READ,PersonalActivity.List,GET,GET /v1/personal/activity,WIRED,Live read + client consume
FB,,PER-FB-S12,Future Building Recent Activity,1036:7482,PER-FB-S12-W035,Journaling Impact,1036:7482,Journaling,Dynamic Badge,Derived projection read,PROJECTION_READ,PersonalActivity.List,GET,GET /v1/personal/activity,WIRED,Live read + client consume
FB,,PER-FB-S12,Future Building Recent Activity,1036:7482,PER-FB-S12-W036,Edit Journaling,1036:7482,Journaling,Icon CTA,Resolve projection row to source resource and open edit sheet,LOCAL_NAV_WITH_SOURCE_REF,FutureBuilding.Activity.Resolve,LOCAL,LOCAL,LOCAL_ONLY,UI-only / navigation
FB,,PER-FB-S12,Future Building Recent Activity,1036:7482,PER-FB-S12-W037,Delete Journaling,1036:7482,Journaling,Destructive Icon CTA,Cancel/delete underlying canonical resource,CANONICAL_COMMAND_ROUTER,FutureBuilding.Activity.Cancel,POST,POST /v1/moments/:id/future-items | GET future-*,WIRED,Live write + client Quick Add
FB,,PER-FB-S12,Future Building Recent Activity,1036:7482,PER-FB-S12-W038,Deep Work Block Activity,1036:7482,Activity List,Repeater Row,Derived projection read,PROJECTION_READ,PersonalActivity.List,GET,GET /v1/personal/activity,WIRED,Live read + client consume
FB,,PER-FB-S12,Future Building Recent Activity,1036:7482,PER-FB-S12-W039,Deep Work Block Timestamp,1036:7482,Deep Work Block,Dynamic Display,Derived projection read,PROJECTION_READ,PersonalActivity.List,GET,GET /v1/personal/activity,WIRED,Live read + client consume
FB,,PER-FB-S12,Future Building Recent Activity,1036:7482,PER-FB-S12-W040,Deep Work Block Impact,1036:7482,Deep Work Block,Dynamic Badge,Derived projection read,PROJECTION_READ,PersonalActivity.List,GET,GET /v1/personal/activity,WIRED,Live read + client consume
FB,,PER-FB-S12,Future Building Recent Activity,1036:7482,PER-FB-S12-W041,Edit Deep Work Block,1036:7482,Deep Work Block,Icon CTA,Resolve projection row to source resource and open edit sheet,LOCAL_NAV_WITH_SOURCE_REF,FutureBuilding.Activity.Resolve,LOCAL,LOCAL,LOCAL_ONLY,UI-only / navigation
FB,,PER-FB-S12,Future Building Recent Activity,1036:7482,PER-FB-S12-W042,Delete Deep Work Block,1036:7482,Deep Work Block,Destructive Icon CTA,Cancel/delete underlying canonical resource,CANONICAL_COMMAND_ROUTER,FutureBuilding.Activity.Cancel,POST,POST /v1/moments/:id/future-items | GET future-*,WIRED,Live write + client Quick Add
FB,,PER-FB-S12,Future Building Recent Activity,1036:7482,PER-FB-S12-W043,Meditation Activity,1036:7482,Activity List,Repeater Row,Derived projection read,PROJECTION_READ,PersonalActivity.List,GET,GET /v1/personal/activity,WIRED,Live read + client consume
FB,,PER-FB-S12,Future Building Recent Activity,1036:7482,PER-FB-S12-W044,Meditation Timestamp,1036:7482,Meditation,Dynamic Display,Derived projection read,PROJECTION_READ,PersonalActivity.List,GET,GET /v1/personal/activity,WIRED,Live read + client consume
FB,,PER-FB-S12,Future Building Recent Activity,1036:7482,PER-FB-S12-W045,Meditation Impact,1036:7482,Meditation,Dynamic Badge,Derived projection read,PROJECTION_READ,PersonalActivity.List,GET,GET /v1/personal/activity,WIRED,Live read + client consume
FB,,PER-FB-S12,Future Building Recent Activity,1036:7482,PER-FB-S12-W046,Edit Meditation,1036:7482,Meditation,Icon CTA,Resolve projection row to source resource and open edit sheet,LOCAL_NAV_WITH_SOURCE_REF,FutureBuilding.Activity.Resolve,LOCAL,LOCAL,LOCAL_ONLY,UI-only / navigation
FB,,PER-FB-S12,Future Building Recent Activity,1036:7482,PER-FB-S12-W047,Delete Meditation,1036:7482,Meditation,Destructive Icon CTA,Cancel/delete underlying canonical resource,CANONICAL_COMMAND_ROUTER,FutureBuilding.Activity.Cancel,POST,POST /v1/moments/:id/future-items | GET future-*,WIRED,Live write + client Quick Add
FB,,PER-FB-S13,Edit Future Building Activity,1036:7512,PER-FB-S13-W001,Close Edit Activity,I1036:7530;463:4516,Sheet Header,CTA,Close without persistence,LOCAL_UI,LOCAL_ONLY,LOCAL,LOCAL,LOCAL_ONLY,UI-only / navigation
FB,,PER-FB-S13,Edit Future Building Activity,1036:7512,PER-FB-S13-W002,Activity Name,1036:7532,Form Fields,Text Input,Local edit state until Save,USER_INPUT,FutureBuilding.Activity.Update,PATCH on Save,POST /v1/moments/:id/future-items | GET future-*,WIRED,Live write + client Quick Add
FB,,PER-FB-S13,Edit Future Building Activity,1036:7512,PER-FB-S13-W003,Duration,1036:7534,Form Fields,Duration Input,Local edit state until Save,USER_INPUT,FutureBuilding.Activity.Update,PATCH on Save,POST /v1/moments/:id/future-items | GET future-*,WIRED,Live write + client Quick Add
FB,,PER-FB-S13,Edit Future Building Activity,1036:7512,PER-FB-S13-W004,Intensity,1036:7538,Form Fields,Dropdown / Selector,Local edit state until Save,USER_INPUT,FutureBuilding.Activity.Update,PATCH on Save,POST /v1/moments/:id/future-items | GET future-*,WIRED,Live write + client Quick Add
FB,,PER-FB-S13,Edit Future Building Activity,1036:7512,PER-FB-S13-W005,Date & Time,1036:7543,Form Fields,Date/Time Input,Local edit state until Save,USER_INPUT,FutureBuilding.Activity.Update,PATCH on Save,POST /v1/moments/:id/future-items | GET future-*,WIRED,Live write + client Quick Add
FB,,PER-FB-S13,Edit Future Building Activity,1036:7512,PER-FB-S13-W006,Activity Notes,1036:7546,Notes,Text Area,Local edit state until Save,USER_INPUT,FutureBuilding.Activity.Update,PATCH on Save,POST /v1/moments/:id/future-items | GET future-*,WIRED,Live write + client Quick Add
FB,,PER-FB-S13,Edit Future Building Activity,1036:7512,PER-FB-S13-W007,Notes Character Limit,1036:7548,Notes,Validation Hint,Client validation/derived display,LOCAL_DERIVED,LOCAL_ONLY,LOCAL,LOCAL,LOCAL_ONLY,UI-only / navigation
FB,,PER-FB-S13,Edit Future Building Activity,1036:7512,PER-FB-S13-W008,Notes Character Count,1036:7549,Notes,Dynamic Validation,Client validation/derived display,LOCAL_DERIVED,LOCAL_ONLY,LOCAL,LOCAL,LOCAL_ONLY,UI-only / navigation
FB,,PER-FB-S13,Edit Future Building Activity,1036:7512,PER-FB-S13-W009,Intense Tag,1036:7551,Tags,Tag Chip,Local edit state until Save,USER_INPUT,FutureBuilding.Activity.Update,PATCH on Save,POST /v1/moments/:id/future-items | GET future-*,WIRED,Live write + client Quick Add
FB,,PER-FB-S13,Edit Future Building Activity,1036:7512,PER-FB-S13-W010,Moderate Tag,1036:7553,Tags,Tag Chip,Local edit state until Save,USER_INPUT,FutureBuilding.Activity.Update,PATCH on Save,POST /v1/moments/:id/future-items | GET future-*,WIRED,Live write + client Quick Add
FB,,PER-FB-S13,Edit Future Building Activity,1036:7512,PER-FB-S13-W011,Calm Tag,1036:7555,Tags,Tag Chip,Local edit state until Save,USER_INPUT,FutureBuilding.Activity.Update,PATCH on Save,POST /v1/moments/:id/future-items | GET future-*,WIRED,Live write + client Quick Add
FB,,PER-FB-S13,Edit Future Building Activity,1036:7512,PER-FB-S13-W012,Outdoor Tag,1036:7557,Tags,Tag Chip,Local edit state until Save,USER_INPUT,FutureBuilding.Activity.Update,PATCH on Save,POST /v1/moments/:id/future-items | GET future-*,WIRED,Live write + client Quick Add
FB,,PER-FB-S13,Edit Future Building Activity,1036:7512,PER-FB-S13-W013,Focus Tag,1036:7559,Tags,Tag Chip,Local edit state until Save,USER_INPUT,FutureBuilding.Activity.Update,PATCH on Save,POST /v1/moments/:id/future-items | GET future-*,WIRED,Live write + client Quick Add
FB,,PER-FB-S13,Edit Future Building Activity,1036:7512,PER-FB-S13-W014,Save Changes,1036:7562,Actions,Primary CTA,Update underlying Future resource represented by activity row,CANONICAL_COMMAND_ROUTER,FutureBuilding.Activity.Update,PATCH,POST /v1/moments/:id/future-items | GET future-*,WIRED,Live write + client Quick Add
FB,,PER-FB-S13,Edit Future Building Activity,1036:7512,PER-FB-S13-W015,Delete Activity,1036:7563,Actions,Destructive CTA,Cancel/archive underlying Future resource,CANONICAL_COMMAND_ROUTER,FutureBuilding.Activity.Cancel,POST,POST /v1/moments/:id/future-items | GET future-*,WIRED,Live write + client Quick Add
LS,,PER-LS-S01,Lifestyle Setup,353:7075,PER-LS-S01-W001,360,763:13914,Application Top Bar,Navigation / Shell,Navigation / state,LOCAL_OR_BOOTSTRAP,PersonalShell.Navigate,LOCAL/GET,LOCAL,LOCAL_ONLY,UI-only / navigation
LS,,PER-LS-S01,Lifestyle Setup,353:7075,PER-LS-S01-W002,Moments,763:13914,Application Top Bar,Navigation / Shell,Navigation / state,LOCAL_OR_BOOTSTRAP,PersonalShell.Navigate,LOCAL/GET,LOCAL,LOCAL_ONLY,UI-only / navigation
LS,,PER-LS-S01,Lifestyle Setup,353:7075,PER-LS-S01-W003,profile/avatar,763:13914,Application Top Bar,Navigation / Shell,Navigation / state,LOCAL_OR_BOOTSTRAP,PersonalShell.Navigate,LOCAL/GET,LOCAL,LOCAL_ONLY,UI-only / navigation
LS,,PER-LS-S01,Lifestyle Setup,353:7075,PER-LS-S01-W004,Personal,763:13915,Context Switcher,Selector / Filter / Chip,Navigation / state,LOCAL_OR_BOOTSTRAP,PersonalShell.Navigate,LOCAL/GET,LOCAL,LOCAL_ONLY,UI-only / navigation
LS,,PER-LS-S01,Lifestyle Setup,353:7075,PER-LS-S01-W005,Group,763:13915,Context Switcher,Selector / Filter / Chip,Navigation / state,LOCAL_OR_BOOTSTRAP,PersonalShell.Navigate,LOCAL/GET,LOCAL,LOCAL_ONLY,UI-only / navigation
LS,,PER-LS-S01,Lifestyle Setup,353:7075,PER-LS-S01-W006,Business,763:13915,Context Switcher,Selector / Filter / Chip,Navigation / state,LOCAL_OR_BOOTSTRAP,PersonalShell.Navigate,LOCAL/GET,LOCAL,LOCAL_ONLY,UI-only / navigation
LS,,PER-LS-S01,Lifestyle Setup,353:7075,PER-LS-S01-W007,Circle,763:13915,Context Switcher,Selector / Filter / Chip,Navigation / state,LOCAL_OR_BOOTSTRAP,PersonalShell.Navigate,LOCAL/GET,LOCAL,LOCAL_ONLY,UI-only / navigation
LS,,PER-LS-S01,Lifestyle Setup,353:7075,PER-LS-S01-W008,Set up My Lifestyle,936:387,Setup Hero,Hero / Introduction,Static or derived setup state,STATIC_OR_DERIVED,LifestyleSetup.Get,GET,LOCAL,LOCAL_ONLY,UI-only / navigation
LS,,PER-LS-S01,Lifestyle Setup,353:7075,PER-LS-S01-W009,lifestyle setup explanation,936:387,Setup Hero,Hero / Introduction,Static or derived setup state,STATIC_OR_DERIVED,LifestyleSetup.Get,GET,LOCAL,LOCAL_ONLY,UI-only / navigation
LS,,PER-LS-S01,Lifestyle Setup,353:7075,PER-LS-S01-W010,Lifestyle vision,936:403,Lifestyle Basics,Setup Section,User input,CANONICAL_WRITE,Lifestyle.Configure,PUT/PATCH,POST /v1/moments/:id/lifestyle-activities | GET lifestyle-*,WIRED,Live write + client Quick Add
LS,,PER-LS-S01,Lifestyle Setup,353:7075,PER-LS-S01-W011,current lifestyle,936:403,Lifestyle Basics,Setup Section,User input,CANONICAL_WRITE,Lifestyle.Configure,PUT/PATCH,POST /v1/moments/:id/lifestyle-activities | GET lifestyle-*,WIRED,Live write + client Quick Add
LS,,PER-LS-S01,Lifestyle Setup,353:7075,PER-LS-S01-W012,work-life balance,936:403,Lifestyle Basics,Setup Section,User input,CANONICAL_WRITE,Lifestyle.Configure,PUT/PATCH,POST /v1/moments/:id/lifestyle-activities | GET lifestyle-*,WIRED,Live write + client Quick Add
LS,,PER-LS-S01,Lifestyle Setup,353:7075,PER-LS-S01-W013,home environment,936:403,Lifestyle Basics,Setup Section,User input,CANONICAL_WRITE,Lifestyle.Configure,PUT/PATCH,POST /v1/moments/:id/lifestyle-activities | GET lifestyle-*,WIRED,Live write + client Quick Add
LS,,PER-LS-S01,Lifestyle Setup,353:7075,PER-LS-S01-W014,Lifestyle vision,936:471,Preferences & Balance,Setup Section,User input,CANONICAL_WRITE,Lifestyle.Configure,PUT/PATCH,POST /v1/moments/:id/lifestyle-activities | GET lifestyle-*,WIRED,Live write + client Quick Add
LS,,PER-LS-S01,Lifestyle Setup,353:7075,PER-LS-S01-W015,current lifestyle,936:471,Preferences & Balance,Setup Section,User input,CANONICAL_WRITE,Lifestyle.Configure,PUT/PATCH,POST /v1/moments/:id/lifestyle-activities | GET lifestyle-*,WIRED,Live write + client Quick Add
LS,,PER-LS-S01,Lifestyle Setup,353:7075,PER-LS-S01-W016,health & energy,936:471,Preferences & Balance,Setup Section,User input,CANONICAL_WRITE,Lifestyle.Configure,PUT/PATCH,POST /v1/moments/:id/lifestyle-activities | GET lifestyle-*,WIRED,Live write + client Quick Add
LS,,PER-LS-S01,Lifestyle Setup,353:7075,PER-LS-S01-W017,social rhythm,936:471,Preferences & Balance,Setup Section,User input,CANONICAL_WRITE,Lifestyle.Configure,PUT/PATCH,POST /v1/moments/:id/lifestyle-activities | GET lifestyle-*,WIRED,Live write + client Quick Add
LS,,PER-LS-S01,Lifestyle Setup,353:7075,PER-LS-S01-W018,top priority,936:471,Preferences & Balance,Setup Section,User input,CANONICAL_WRITE,Lifestyle.Configure,PUT/PATCH,POST /v1/moments/:id/lifestyle-activities | GET lifestyle-*,WIRED,Live write + client Quick Add
LS,,PER-LS-S01,Lifestyle Setup,353:7075,PER-LS-S01-W019,neglected area,936:471,Preferences & Balance,Setup Section,User input,CANONICAL_WRITE,Lifestyle.Configure,PUT/PATCH,POST /v1/moments/:id/lifestyle-activities | GET lifestyle-*,WIRED,Live write + client Quick Add
LS,,PER-LS-S01,Lifestyle Setup,353:7075,PER-LS-S01-W020,Lifestyle anchors,936:541,Habits & Outlook,Setup Section,User input,CANONICAL_WRITE,Lifestyle.Configure,PUT/PATCH,POST /v1/moments/:id/lifestyle-activities | GET lifestyle-*,WIRED,Live write + client Quick Add
LS,,PER-LS-S01,Lifestyle Setup,353:7075,PER-LS-S01-W021,add habit,936:541,Habits & Outlook,CTA / Action,User input,CANONICAL_WRITE,Lifestyle.Configure,PUT/PATCH,POST /v1/moments/:id/lifestyle-activities | GET lifestyle-*,WIRED,Live write + client Quick Add
LS,,PER-LS-S01,Lifestyle Setup,353:7075,PER-LS-S01-W022,remind weekly,936:541,Habits & Outlook,Setup Section,User input,CANONICAL_WRITE,Lifestyle.Configure,PUT/PATCH,POST /v1/moments/:id/lifestyle-activities | GET lifestyle-*,WIRED,Live write + client Quick Add
LS,,PER-LS-S01,Lifestyle Setup,353:7075,PER-LS-S01-W023,desired feeling,936:541,Habits & Outlook,Setup Section,User input,CANONICAL_WRITE,Lifestyle.Configure,PUT/PATCH,POST /v1/moments/:id/lifestyle-activities | GET lifestyle-*,WIRED,Live write + client Quick Add
LS,,PER-LS-S01,Lifestyle Setup,353:7075,PER-LS-S01-W024,energy check-in,936:541,Habits & Outlook,Setup Section,User input,CANONICAL_WRITE,Lifestyle.Configure,PUT/PATCH,POST /v1/moments/:id/lifestyle-activities | GET lifestyle-*,WIRED,Live write + client Quick Add
LS,,PER-LS-S01,Lifestyle Setup,353:7075,PER-LS-S01-W025,balance check-in,936:541,Habits & Outlook,Setup Section,User input,CANONICAL_WRITE,Lifestyle.Configure,PUT/PATCH,POST /v1/moments/:id/lifestyle-activities | GET lifestyle-*,WIRED,Live write + client Quick Add
LS,,PER-LS-S01,Lifestyle Setup,353:7075,PER-LS-S01-W026,Lifestyle vision,936:606,Lifestyle Summary,Summary Card,Derived setup summary,DERIVED_READ,LifestyleSetup.Get,GET,POST /v1/moments/:id/lifestyle-activities | GET lifestyle-*,WIRED,Live write + client Quick Add
LS,,PER-LS-S01,Lifestyle Setup,353:7075,PER-LS-S01-W027,current lifestyle,936:606,Lifestyle Summary,Summary Card,Derived setup summary,DERIVED_READ,LifestyleSetup.Get,GET,POST /v1/moments/:id/lifestyle-activities | GET lifestyle-*,WIRED,Live write + client Quick Add
LS,,PER-LS-S01,Lifestyle Setup,353:7075,PER-LS-S01-W028,priority,936:606,Lifestyle Summary,Summary Card,Derived setup summary,DERIVED_READ,LifestyleSetup.Get,GET,POST /v1/moments/:id/lifestyle-activities | GET lifestyle-*,WIRED,Live write + client Quick Add
LS,,PER-LS-S01,Lifestyle Setup,353:7075,PER-LS-S01-W029,TODAY,936:606,Lifestyle Summary,Summary Card,Derived setup summary,DERIVED_READ,LifestyleSetup.Get,GET,POST /v1/moments/:id/lifestyle-activities | GET lifestyle-*,WIRED,Live write + client Quick Add
LS,,PER-LS-S01,Lifestyle Setup,353:7075,PER-LS-S01-W030,FORWARD,936:606,Lifestyle Summary,Summary Card,Derived setup summary,DERIVED_READ,LifestyleSetup.Get,GET,POST /v1/moments/:id/lifestyle-activities | GET lifestyle-*,WIRED,Live write + client Quick Add
LS,,PER-LS-S01,Lifestyle Setup,353:7075,PER-LS-S01-W031,3 sections configured,936:632,Activation Status,Derived / Dynamic Display,Static or derived setup state,STATIC_OR_DERIVED,LifestyleSetup.Get,GET,LOCAL,LOCAL_ONLY,UI-only / navigation
LS,,PER-LS-S01,Lifestyle Setup,353:7075,PER-LS-S01-W032,9 answers saved,936:632,Activation Status,CTA / Action,Static or derived setup state,STATIC_OR_DERIVED,LifestyleSetup.Get,GET,LOCAL,LOCAL_ONLY,UI-only / navigation
LS,,PER-LS-S01,Lifestyle Setup,353:7075,PER-LS-S01-W033,Your lifestyle plan is ready,936:632,Activation Status,Derived / Dynamic Display,Static or derived setup state,STATIC_OR_DERIVED,LifestyleSetup.Get,GET,LOCAL,LOCAL_ONLY,UI-only / navigation
LS,,PER-LS-S01,Lifestyle Setup,353:7075,PER-LS-S01-W034,privacy notice,936:632,Activation Status,Derived / Dynamic Display,Static or derived setup state,STATIC_OR_DERIVED,LifestyleSetup.Get,GET,LOCAL,LOCAL_ONLY,UI-only / navigation
LS,,PER-LS-S01,Lifestyle Setup,353:7075,PER-LS-S01-W035,Activate My Lifestyle,936:640,Activate My Lifestyle,CTA / Action,Command,CANONICAL_WRITE,Moment.Activate,POST/PATCH,POST /v1/personal/setups/:code/activate | POST /moments,WIRED,Live write + client Quick Add
LS,,PER-LS-S01,Lifestyle Setup,353:7075,PER-LS-S01-W036,Lifestyle Setup — Zero-Gap Field/Control 01,353:7075,Zero-Gap Additions / Live Figma,UI Field / Control — exact semantic type pending,Derived read,PROJECTION_READ,,GET,LIVE_READ_FAMILY,WIRED,Live read + client consume
LS,,PER-LS-S01,Lifestyle Setup,353:7075,PER-LS-S01-W037,Lifestyle Setup — Zero-Gap Field/Control 02,353:7075,Zero-Gap Additions / Live Figma,UI Field / Control — exact semantic type pending,Derived read,PROJECTION_READ,,GET,LIVE_READ_FAMILY,WIRED,Live read + client consume
LS,,PER-LS-S01,Lifestyle Setup,353:7075,PER-LS-S01-W038,Lifestyle Setup — Zero-Gap Field/Control 03,353:7075,Zero-Gap Additions / Live Figma,UI Field / Control — exact semantic type pending,Derived read,PROJECTION_READ,,GET,LIVE_READ_FAMILY,WIRED,Live read + client consume
LS,,PER-LS-S01,Lifestyle Setup,353:7075,PER-LS-S01-W039,Lifestyle Setup — Zero-Gap Field/Control 04,353:7075,Zero-Gap Additions / Live Figma,UI Field / Control — exact semantic type pending,Derived read,PROJECTION_READ,,GET,LIVE_READ_FAMILY,WIRED,Live read + client consume
LS,,PER-LS-S01,Lifestyle Setup,353:7075,PER-LS-S01-W040,Lifestyle Setup — Zero-Gap Field/Control 05,353:7075,Zero-Gap Additions / Live Figma,UI Field / Control — exact semantic type pending,Derived read,PROJECTION_READ,,GET,LIVE_READ_FAMILY,WIRED,Live read + client consume
LS,,PER-LS-S01,Lifestyle Setup,353:7075,PER-LS-S01-W041,Lifestyle Setup — Zero-Gap Field/Control 06,353:7075,Zero-Gap Additions / Live Figma,UI Field / Control — exact semantic type pending,Derived read,PROJECTION_READ,,GET,LIVE_READ_FAMILY,WIRED,Live read + client consume
LS,,PER-LS-S01,Lifestyle Setup,353:7075,PER-LS-S01-W042,Lifestyle Setup — Zero-Gap Field/Control 07,353:7075,Zero-Gap Additions / Live Figma,UI Field / Control — exact semantic type pending,Derived read,PROJECTION_READ,,GET,LIVE_READ_FAMILY,WIRED,Live read + client consume
LS,,PER-LS-S02,Lifestyle Pulse,505:12365,PER-LS-S02-W001,360,763:13660,Application Top Bar,Navigation / Shell,Navigation / state,LOCAL_OR_BOOTSTRAP,PersonalShell.Navigate,LOCAL/GET,LOCAL,LOCAL_ONLY,UI-only / navigation
LS,,PER-LS-S02,Lifestyle Pulse,505:12365,PER-LS-S02-W002,Moments,763:13660,Application Top Bar,Navigation / Shell,Navigation / state,LOCAL_OR_BOOTSTRAP,PersonalShell.Navigate,LOCAL/GET,LOCAL,LOCAL_ONLY,UI-only / navigation
LS,,PER-LS-S02,Lifestyle Pulse,505:12365,PER-LS-S02-W003,profile/avatar,763:13660,Application Top Bar,Navigation / Shell,Navigation / state,LOCAL_OR_BOOTSTRAP,PersonalShell.Navigate,LOCAL/GET,LOCAL,LOCAL_ONLY,UI-only / navigation
LS,,PER-LS-S02,Lifestyle Pulse,505:12365,PER-LS-S02-W004,Personal,763:13661,Context Switcher,Selector / Filter / Chip,Navigation / state,LOCAL_OR_BOOTSTRAP,PersonalShell.Navigate,LOCAL/GET,LOCAL,LOCAL_ONLY,UI-only / navigation
LS,,PER-LS-S02,Lifestyle Pulse,505:12365,PER-LS-S02-W005,Group,763:13661,Context Switcher,Selector / Filter / Chip,Navigation / state,LOCAL_OR_BOOTSTRAP,PersonalShell.Navigate,LOCAL/GET,LOCAL,LOCAL_ONLY,UI-only / navigation
LS,,PER-LS-S02,Lifestyle Pulse,505:12365,PER-LS-S02-W006,Business,763:13661,Context Switcher,Selector / Filter / Chip,Navigation / state,LOCAL_OR_BOOTSTRAP,PersonalShell.Navigate,LOCAL/GET,LOCAL,LOCAL_ONLY,UI-only / navigation
LS,,PER-LS-S02,Lifestyle Pulse,505:12365,PER-LS-S02-W007,Circle,763:13661,Context Switcher,Selector / Filter / Chip,Navigation / state,LOCAL_OR_BOOTSTRAP,PersonalShell.Navigate,LOCAL/GET,LOCAL,LOCAL_ONLY,UI-only / navigation
LS,,PER-LS-S02,Lifestyle Pulse,505:12365,PER-LS-S02-W008,Life Operations,763:13672,Personal Domain Selector,Selector / Filter / Chip,Navigation / state,LOCAL_OR_BOOTSTRAP,PersonalShell.Navigate,LOCAL/GET,LOCAL,LOCAL_ONLY,UI-only / navigation
LS,,PER-LS-S02,Lifestyle Pulse,505:12365,PER-LS-S02-W009,Future Building,763:13672,Personal Domain Selector,Selector / Filter / Chip,Navigation / state,LOCAL_OR_BOOTSTRAP,PersonalShell.Navigate,LOCAL/GET,LOCAL,LOCAL_ONLY,UI-only / navigation
LS,,PER-LS-S02,Lifestyle Pulse,505:12365,PER-LS-S02-W010,Lifestyle,763:13672,Personal Domain Selector,Selector / Filter / Chip,Navigation / state,LOCAL_OR_BOOTSTRAP,PersonalShell.Navigate,LOCAL/GET,LOCAL,LOCAL_ONLY,UI-only / navigation
LS,,PER-LS-S02,Lifestyle Pulse,505:12365,PER-LS-S02-W011,Relationships,763:13672,Personal Domain Selector,Selector / Filter / Chip,Navigation / state,LOCAL_OR_BOOTSTRAP,PersonalShell.Navigate,LOCAL/GET,LOCAL,LOCAL_ONLY,UI-only / navigation
LS,,PER-LS-S02,Lifestyle Pulse,505:12365,PER-LS-S02-W012,Settings,763:13672,Personal Domain Selector,Selector / Filter / Chip,Navigation / state,LOCAL_OR_BOOTSTRAP,PersonalShell.Navigate,LOCAL/GET,LOCAL,LOCAL_ONLY,UI-only / navigation
LS,,PER-LS-S02,Lifestyle Pulse,505:12365,PER-LS-S02-W013,Expense FAB,1035:7757,Expense FAB,CTA / Action,Server-authorized action launch,PROJECTION_READ,AvailableAction.Get,GET,,DEFERRED,Contract TBD/deferred: AvailableAction.Get
LS,,PER-LS-S02,Lifestyle Pulse,505:12365,PER-LS-S02-W014,Pulse,778:5517,Bottom Navigation,Navigation / Shell,Navigation / state,LOCAL_OR_BOOTSTRAP,PersonalShell.Navigate,LOCAL/GET,LOCAL,LOCAL_ONLY,UI-only / navigation
LS,,PER-LS-S02,Lifestyle Pulse,505:12365,PER-LS-S02-W015,Moments,778:5517,Bottom Navigation,Navigation / Shell,Navigation / state,LOCAL_OR_BOOTSTRAP,PersonalShell.Navigate,LOCAL/GET,LOCAL,LOCAL_ONLY,UI-only / navigation
LS,,PER-LS-S02,Lifestyle Pulse,505:12365,PER-LS-S02-W016,Quick adds,778:5517,Bottom Navigation,CTA / Action,Navigation / state,LOCAL_OR_BOOTSTRAP,PersonalShell.Navigate,LOCAL/GET,LOCAL,LOCAL_ONLY,UI-only / navigation
LS,,PER-LS-S02,Lifestyle Pulse,505:12365,PER-LS-S02-W017,Life,778:5517,Bottom Navigation,Navigation / Shell,Navigation / state,LOCAL_OR_BOOTSTRAP,PersonalShell.Navigate,LOCAL/GET,LOCAL,LOCAL_ONLY,UI-only / navigation
LS,,PER-LS-S02,Lifestyle Pulse,505:12365,PER-LS-S02-W018,Memory,778:5517,Bottom Navigation,Navigation / Shell,Navigation / state,LOCAL_OR_BOOTSTRAP,PersonalShell.Navigate,LOCAL/GET,LOCAL,LOCAL_ONLY,UI-only / navigation
LS,,PER-LS-S02,Lifestyle Pulse,505:12365,PER-LS-S02-W019,Vitality Index,505:12370,Lifestyle Vitality Hero,Derived / Dynamic Display,Derived read,PROJECTION_READ,PersonalPulse.Get,GET,GET /v1/personal/pulse,WIRED,Live read + client consume
LS,,PER-LS-S02,Lifestyle Pulse,505:12365,PER-LS-S02-W020,Network Stability,505:12370,Lifestyle Vitality Hero,Selector / Filter / Chip,Derived read,PROJECTION_READ,PersonalPulse.Get,GET,GET /v1/personal/pulse,WIRED,Live read + client consume
LS,,PER-LS-S02,Lifestyle Pulse,505:12365,PER-LS-S02-W021,Flourishing,505:12370,Lifestyle Vitality Hero,Derived / Dynamic Display,Derived read,PROJECTION_READ,PersonalPulse.Get,GET,GET /v1/personal/pulse,WIRED,Live read + client consume
LS,,PER-LS-S02,Lifestyle Pulse,505:12365,PER-LS-S02-W022,Joy,505:12370,Lifestyle Vitality Hero,Derived / Dynamic Display,Derived read,PROJECTION_READ,PersonalPulse.Get,GET,GET /v1/personal/pulse,WIRED,Live read + client consume
LS,,PER-LS-S02,Lifestyle Pulse,505:12365,PER-LS-S02-W023,Fulfillment,505:12370,Lifestyle Vitality Hero,Derived / Dynamic Display,Derived read,PROJECTION_READ,PersonalPulse.Get,GET,GET /v1/personal/pulse,WIRED,Live read + client consume
LS,,PER-LS-S02,Lifestyle Pulse,505:12365,PER-LS-S02-W024,Vitality,505:12370,Lifestyle Vitality Hero,Derived / Dynamic Display,Derived read,PROJECTION_READ,PersonalPulse.Get,GET,GET /v1/personal/pulse,WIRED,Live read + client consume
LS,,PER-LS-S02,Lifestyle Pulse,505:12365,PER-LS-S02-W025,78 /100,505:12372,Vitality Index,Derived / Dynamic Display,Derived read,PROJECTION_READ,PersonalPulse.Get,GET,GET /v1/personal/pulse,WIRED,Live read + client consume
LS,,PER-LS-S02,Lifestyle Pulse,505:12365,PER-LS-S02-W026,Vitality Index,505:12372,Vitality Index,Derived / Dynamic Display,Derived read,PROJECTION_READ,PersonalPulse.Get,GET,GET /v1/personal/pulse,WIRED,Live read + client consume
LS,,PER-LS-S02,Lifestyle Pulse,505:12365,PER-LS-S02-W027,"Lifestyle Spend ₹84,000",505:12402,Lifestyle Spend & Experience Summary,Derived / Dynamic Display,Derived read,PROJECTION_READ,PersonalPulse.Get,GET,GET /v1/personal/pulse,WIRED,Live read + client consume
LS,,PER-LS-S02,Lifestyle Pulse,505:12365,PER-LS-S02-W028,Experiences 14,505:12402,Lifestyle Spend & Experience Summary,Derived / Dynamic Display,Derived read,PROJECTION_READ,PersonalPulse.Get,GET,GET /v1/personal/pulse,WIRED,Live read + client consume
LS,,PER-LS-S02,Lifestyle Pulse,505:12365,PER-LS-S02-W029,Recovery ↑,505:12412,Live Signals,Signal Card,Derived read,PROJECTION_READ,PersonalPulse.Get,GET,GET /v1/personal/pulse,WIRED,Live read + client consume
LS,,PER-LS-S02,Lifestyle Pulse,505:12365,PER-LS-S02-W030,Pressure →,505:12412,Live Signals,Signal Card,Derived read,PROJECTION_READ,PersonalPulse.Get,GET,GET /v1/personal/pulse,WIRED,Live read + client consume
LS,,PER-LS-S02,Lifestyle Pulse,505:12365,PER-LS-S02-W031,Recovery +14,505:12422,Score Drivers Impact,Driver Analysis,Derived read,PROJECTION_READ,PersonalPulse.Get,GET,GET /v1/personal/pulse,WIRED,Live read + client consume
LS,,PER-LS-S02,Lifestyle Pulse,505:12365,PER-LS-S02-W032,Consistency +11,505:12422,Score Drivers Impact,Driver Analysis,Derived read,PROJECTION_READ,PersonalPulse.Get,GET,GET /v1/personal/pulse,WIRED,Live read + client consume
LS,,PER-LS-S02,Lifestyle Pulse,505:12365,PER-LS-S02-W033,Mood +6,505:12422,Score Drivers Impact,Driver Analysis,Derived read,PROJECTION_READ,PersonalPulse.Get,GET,GET /v1/personal/pulse,WIRED,Live read + client consume
LS,,PER-LS-S02,Lifestyle Pulse,505:12365,PER-LS-S02-W034,Pressure,505:12422,Score Drivers Impact,Driver Analysis,Derived read,PROJECTION_READ,PersonalPulse.Get,GET,GET /v1/personal/pulse,WIRED,Live read + client consume
LS,,PER-LS-S02,Lifestyle Pulse,505:12365,PER-LS-S02-W035,Stress 62%,505:12444,Current State Snapshot,Derived / Dynamic Display,Derived read,PROJECTION_READ,PersonalPulse.Get,GET,GET /v1/personal/pulse,WIRED,Live read + client consume
LS,,PER-LS-S02,Lifestyle Pulse,505:12365,PER-LS-S02-W036,Capacity 14,505:12444,Current State Snapshot,Derived / Dynamic Display,Derived read,PROJECTION_READ,PersonalPulse.Get,GET,GET /v1/personal/pulse,WIRED,Live read + client consume
LS,,PER-LS-S02,Lifestyle Pulse,505:12365,PER-LS-S02-W037,Vitality 81%,505:12444,Current State Snapshot,Derived / Dynamic Display,Derived read,PROJECTION_READ,PersonalPulse.Get,GET,GET /v1/personal/pulse,WIRED,Live read + client consume
LS,,PER-LS-S02,Lifestyle Pulse,505:12365,PER-LS-S02-W038,other state metrics,505:12444,Current State Snapshot,Derived / Dynamic Display,Derived read,PROJECTION_READ,PersonalPulse.Get,GET,GET /v1/personal/pulse,WIRED,Live read + client consume
LS,,PER-LS-S02,Lifestyle Pulse,505:12365,PER-LS-S02-W039,Recovery block,505:12465,Recent Activity Feed,Activity Feed,Derived read,PROJECTION_READ,PersonalPulse.Get,GET,GET /v1/personal/pulse,WIRED,Live read + client consume
LS,,PER-LS-S02,Lifestyle Pulse,505:12365,PER-LS-S02-W040,Groceries,505:12465,Recent Activity Feed,Activity Feed,Derived read,PROJECTION_READ,PersonalPulse.Get,GET,GET /v1/personal/pulse,WIRED,Live read + client consume
LS,,PER-LS-S02,Lifestyle Pulse,505:12365,PER-LS-S02-W041,Mood reflection,505:12465,Recent Activity Feed,Activity Feed,Derived read,PROJECTION_READ,PersonalPulse.Get,GET,GET /v1/personal/pulse,WIRED,Live read + client consume
LS,,PER-LS-S02,Lifestyle Pulse,505:12365,PER-LS-S02-W042,timestamps,505:12465,Recent Activity Feed,Input / Editable Field,Derived read,PROJECTION_READ,PersonalPulse.Get,GET,GET /v1/personal/pulse,WIRED,Live read + client consume
LS,,PER-LS-S02,Lifestyle Pulse,505:12365,PER-LS-S02-W043,impacts,505:12465,Recent Activity Feed,Activity Feed,Derived read,PROJECTION_READ,PersonalPulse.Get,GET,GET /v1/personal/pulse,WIRED,Live read + client consume
LS,,PER-LS-S02,Lifestyle Pulse,505:12365,PER-LS-S02-W044,View All,505:12465,Recent Activity Feed,CTA / Action,Server-authorized action launch,PROJECTION_READ,AvailableAction.Get,GET,,DEFERRED,Contract TBD/deferred: AvailableAction.Get
LS,,PER-LS-S02,Lifestyle Pulse,505:12365,PER-LS-S02-W045,Housing 34%,505:12485,Spend Intelligence,Financial Breakdown,Derived read,PROJECTION_READ,PersonalPulse.Get,GET,GET /v1/personal/pulse,WIRED,Live read + client consume
LS,,PER-LS-S02,Lifestyle Pulse,505:12365,PER-LS-S02-W046,Food & Dining 23%,505:12485,Spend Intelligence,Financial Breakdown,Derived read,PROJECTION_READ,PersonalPulse.Get,GET,GET /v1/personal/pulse,WIRED,Live read + client consume
LS,,PER-LS-S02,Lifestyle Pulse,505:12365,PER-LS-S02-W047,Transport 14%,505:12485,Spend Intelligence,Financial Breakdown,Derived read,PROJECTION_READ,PersonalPulse.Get,GET,GET /v1/personal/pulse,WIRED,Live read + client consume
LS,,PER-LS-S02,Lifestyle Pulse,505:12365,PER-LS-S02-W048,+ Add Account,505:12508,Accounts,CTA / Action,Server-authorized action launch,PROJECTION_READ,AvailableAction.Get,GET,,DEFERRED,Contract TBD/deferred: AvailableAction.Get
LS,,PER-LS-S02,Lifestyle Pulse,505:12365,PER-LS-S02-W049,Primary Bank,505:12508,Accounts,Derived / Dynamic Display,Derived read,PROJECTION_READ,PersonalPulse.Get,GET,GET /v1/personal/pulse,WIRED,Live read + client consume
LS,,PER-LS-S02,Lifestyle Pulse,505:12365,PER-LS-S02-W050,Everyday Card,505:12508,Accounts,Derived / Dynamic Display,Derived read,PROJECTION_READ,PersonalPulse.Get,GET,GET /v1/personal/pulse,WIRED,Live read + client consume
LS,,PER-LS-S02,Lifestyle Pulse,505:12365,PER-LS-S02-W051,Cash Wallet,505:12508,Accounts,Derived / Dynamic Display,Derived read,PROJECTION_READ,PersonalPulse.Get,GET,GET /v1/personal/pulse,WIRED,Live read + client consume
LS,,PER-LS-S02,Lifestyle Pulse,505:12365,PER-LS-S02-W052,balances,505:12508,Accounts,Derived / Dynamic Display,Derived read,PROJECTION_READ,PersonalPulse.Get,GET,GET /v1/personal/pulse,WIRED,Live read + client consume
LS,,PER-LS-S02,Lifestyle Pulse,505:12365,PER-LS-S02-W053,Recovery 50→74,505:12521,Current Trends — 30 Days,Derived / Dynamic Display,Derived read,PROJECTION_READ,PersonalPulse.Get,GET,GET /v1/personal/pulse,WIRED,Live read + client consume
LS,,PER-LS-S02,Lifestyle Pulse,505:12365,PER-LS-S02-W054,Pressure 78→62,505:12521,Current Trends — 30 Days,Derived / Dynamic Display,Derived read,PROJECTION_READ,PersonalPulse.Get,GET,GET /v1/personal/pulse,WIRED,Live read + client consume
LS,,PER-LS-S02,Lifestyle Pulse,505:12365,PER-LS-S02-W055,+12%,505:12521,Current Trends — 30 Days,Derived / Dynamic Display,Derived read,PROJECTION_READ,PersonalPulse.Get,GET,GET /v1/personal/pulse,WIRED,Live read + client consume
LS,,PER-LS-S02,Lifestyle Pulse,505:12365,PER-LS-S02-W056,dates,505:12521,Current Trends — 30 Days,Input / Editable Field,Derived read,PROJECTION_READ,PersonalPulse.Get,GET,GET /v1/personal/pulse,WIRED,Live read + client consume
LS,,PER-LS-S02,Lifestyle Pulse,505:12365,PER-LS-S02-W057,Growth/Risk,505:12521,Current Trends — 30 Days,Derived / Dynamic Display,Derived read,PROJECTION_READ,PersonalPulse.Get,GET,GET /v1/personal/pulse,WIRED,Live read + client consume
LS,,PER-LS-S02,Lifestyle Pulse,505:12365,PER-LS-S02-W058,Protect a ritual,505:12530,High Priority Opportunity,CTA / Action,Server-authorized action launch,PROJECTION_READ,AvailableAction.Get,GET,,DEFERRED,Contract TBD/deferred: AvailableAction.Get
LS,,PER-LS-S02,Lifestyle Pulse,505:12365,PER-LS-S02-W059,recommendation,505:12530,High Priority Opportunity,CTA / Action,Server-authorized action launch,PROJECTION_READ,AvailableAction.Get,GET,,DEFERRED,Contract TBD/deferred: AvailableAction.Get
LS,,PER-LS-S02,Lifestyle Pulse,505:12365,PER-LS-S02-W060,-11 Stress Impact,505:12530,High Priority Opportunity,CTA / Action,Server-authorized action launch,PROJECTION_READ,AvailableAction.Get,GET,,DEFERRED,Contract TBD/deferred: AvailableAction.Get
LS,,PER-LS-S02,Lifestyle Pulse,505:12365,PER-LS-S02-W061,+14 Capacity Boost,505:12530,High Priority Opportunity,CTA / Action,Server-authorized action launch,PROJECTION_READ,AvailableAction.Get,GET,,DEFERRED,Contract TBD/deferred: AvailableAction.Get
LS,,PER-LS-S02,Lifestyle Pulse,505:12365,PER-LS-S02-W062,Log Experience,505:12530,High Priority Opportunity,CTA / Action,Server-authorized action launch,PROJECTION_READ,AvailableAction.Get,GET,,DEFERRED,Contract TBD/deferred: AvailableAction.Get
LS,,PER-LS-S02,Lifestyle Pulse,505:12365,PER-LS-S02-W063,Intelligence Insight Active,505:12550,Intelligence Insight,AI / Insight Card,Derived read,PROJECTION_READ,PersonalPulse.Get,GET,GET /v1/personal/pulse,WIRED,Live read + client consume
LS,,PER-LS-S02,Lifestyle Pulse,505:12365,PER-LS-S02-W064,neural-analysis statement,505:12550,Intelligence Insight,AI / Insight Card,Derived read,PROJECTION_READ,PersonalPulse.Get,GET,GET /v1/personal/pulse,WIRED,Live read + client consume
LS,,PER-LS-S02,Lifestyle Pulse,505:12365,PER-LS-S02-W065,AI Insights,541:7041,AI Insights — Coming Soon,AI Feature Card,Derived read,PROJECTION_READ,PersonalPulse.Get,GET,GET /v1/personal/pulse,WIRED,Live read + client consume
LS,,PER-LS-S02,Lifestyle Pulse,505:12365,PER-LS-S02-W066,Coming Soon,541:7041,AI Insights — Coming Soon,AI Feature Card,Derived read,PROJECTION_READ,PersonalPulse.Get,GET,GET /v1/personal/pulse,WIRED,Live read + client consume
LS,,PER-LS-S02,Lifestyle Pulse,505:12365,PER-LS-S02-W067,explanation,541:7041,AI Insights — Coming Soon,AI Feature Card,Derived read,PROJECTION_READ,PersonalPulse.Get,GET,GET /v1/personal/pulse,WIRED,Live read + client consume
LS,,PER-LS-S02,Lifestyle Pulse,505:12365,PER-LS-S02-W068,Recovery,505:12555,Quick Add Launcher,Action Launcher,Server-authorized action launch,PROJECTION_READ,AvailableAction.Get,GET,,DEFERRED,Contract TBD/deferred: AvailableAction.Get
LS,,PER-LS-S02,Lifestyle Pulse,505:12365,PER-LS-S02-W069,Attention,505:12555,Quick Add Launcher,Action Launcher,Server-authorized action launch,PROJECTION_READ,AvailableAction.Get,GET,,DEFERRED,Contract TBD/deferred: AvailableAction.Get
LS,,PER-LS-S02,Lifestyle Pulse,505:12365,PER-LS-S02-W070,Mood,505:12555,Quick Add Launcher,Action Launcher,Server-authorized action launch,PROJECTION_READ,AvailableAction.Get,GET,,DEFERRED,Contract TBD/deferred: AvailableAction.Get
LS,,PER-LS-S02,Lifestyle Pulse,505:12365,PER-LS-S02-W071,Money,505:12555,Quick Add Launcher,Action Launcher,Server-authorized action launch,PROJECTION_READ,AvailableAction.Get,GET,,DEFERRED,Contract TBD/deferred: AvailableAction.Get
LS,,PER-LS-S02,Lifestyle Pulse,505:12365,PER-LS-S02-W072,Adjust,505:12555,Quick Add Launcher,Action Launcher,Server-authorized action launch,PROJECTION_READ,AvailableAction.Get,GET,,DEFERRED,Contract TBD/deferred: AvailableAction.Get
LS,,PER-LS-S02,Lifestyle Pulse,505:12365,PER-LS-S02-W073,Lifestyle Pulse — Zero-Gap Field/Control 01,505:12365,Zero-Gap Additions / Live Figma,UI Field / Control — exact semantic type pending,Derived read,PROJECTION_READ,PersonalPulse.Get,GET,GET /v1/personal/pulse,WIRED,Live read + client consume
LS,,PER-LS-S02,Lifestyle Pulse,505:12365,PER-LS-S02-W074,Lifestyle Pulse — Zero-Gap Field/Control 02,505:12365,Zero-Gap Additions / Live Figma,UI Field / Control — exact semantic type pending,Derived read,PROJECTION_READ,PersonalPulse.Get,GET,GET /v1/personal/pulse,WIRED,Live read + client consume
LS,,PER-LS-S02,Lifestyle Pulse,505:12365,PER-LS-S02-W075,Lifestyle Pulse — Zero-Gap Field/Control 03,505:12365,Zero-Gap Additions / Live Figma,UI Field / Control — exact semantic type pending,Derived read,PROJECTION_READ,PersonalPulse.Get,GET,GET /v1/personal/pulse,WIRED,Live read + client consume
LS,,PER-LS-S02,Lifestyle Pulse,505:12365,PER-LS-S02-W076,Lifestyle Pulse — Zero-Gap Field/Control 04,505:12365,Zero-Gap Additions / Live Figma,UI Field / Control — exact semantic type pending,Derived read,PROJECTION_READ,PersonalPulse.Get,GET,GET /v1/personal/pulse,WIRED,Live read + client consume
LS,,PER-LS-S02,Lifestyle Pulse,505:12365,PER-LS-S02-W077,Lifestyle Pulse — Zero-Gap Field/Control 05,505:12365,Zero-Gap Additions / Live Figma,UI Field / Control — exact semantic type pending,Derived read,PROJECTION_READ,PersonalPulse.Get,GET,GET /v1/personal/pulse,WIRED,Live read + client consume
LS,,PER-LS-S02,Lifestyle Pulse,505:12365,PER-LS-S02-W078,Lifestyle Pulse — Zero-Gap Field/Control 06,505:12365,Zero-Gap Additions / Live Figma,UI Field / Control — exact semantic type pending,Derived read,PROJECTION_READ,PersonalPulse.Get,GET,GET /v1/personal/pulse,WIRED,Live read + client consume
LS,,PER-LS-S03,Lifestyle Moments,505:12574,PER-LS-S03-W001,360,763:13748,Application Top Bar,Navigation / Shell,Navigation / state,LOCAL_OR_BOOTSTRAP,PersonalShell.Navigate,LOCAL/GET,LOCAL,LOCAL_ONLY,UI-only / navigation
LS,,PER-LS-S03,Lifestyle Moments,505:12574,PER-LS-S03-W002,Moments,763:13748,Application Top Bar,Navigation / Shell,Navigation / state,LOCAL_OR_BOOTSTRAP,PersonalShell.Navigate,LOCAL/GET,LOCAL,LOCAL_ONLY,UI-only / navigation
LS,,PER-LS-S03,Lifestyle Moments,505:12574,PER-LS-S03-W003,profile/avatar,763:13748,Application Top Bar,Navigation / Shell,Navigation / state,LOCAL_OR_BOOTSTRAP,PersonalShell.Navigate,LOCAL/GET,LOCAL,LOCAL_ONLY,UI-only / navigation
LS,,PER-LS-S03,Lifestyle Moments,505:12574,PER-LS-S03-W004,Personal,763:13749,Context Switcher,Selector / Filter / Chip,Navigation / state,LOCAL_OR_BOOTSTRAP,PersonalShell.Navigate,LOCAL/GET,LOCAL,LOCAL_ONLY,UI-only / navigation
LS,,PER-LS-S03,Lifestyle Moments,505:12574,PER-LS-S03-W005,Group,763:13749,Context Switcher,Selector / Filter / Chip,Navigation / state,LOCAL_OR_BOOTSTRAP,PersonalShell.Navigate,LOCAL/GET,LOCAL,LOCAL_ONLY,UI-only / navigation
LS,,PER-LS-S03,Lifestyle Moments,505:12574,PER-LS-S03-W006,Business,763:13749,Context Switcher,Selector / Filter / Chip,Navigation / state,LOCAL_OR_BOOTSTRAP,PersonalShell.Navigate,LOCAL/GET,LOCAL,LOCAL_ONLY,UI-only / navigation
LS,,PER-LS-S03,Lifestyle Moments,505:12574,PER-LS-S03-W007,Circle,763:13749,Context Switcher,Selector / Filter / Chip,Navigation / state,LOCAL_OR_BOOTSTRAP,PersonalShell.Navigate,LOCAL/GET,LOCAL,LOCAL_ONLY,UI-only / navigation
LS,,PER-LS-S03,Lifestyle Moments,505:12574,PER-LS-S03-W008,Life Operations,763:13760,Personal Domain Selector,Selector / Filter / Chip,Navigation / state,LOCAL_OR_BOOTSTRAP,PersonalShell.Navigate,LOCAL/GET,LOCAL,LOCAL_ONLY,UI-only / navigation
LS,,PER-LS-S03,Lifestyle Moments,505:12574,PER-LS-S03-W009,Future Building,763:13760,Personal Domain Selector,Selector / Filter / Chip,Navigation / state,LOCAL_OR_BOOTSTRAP,PersonalShell.Navigate,LOCAL/GET,LOCAL,LOCAL_ONLY,UI-only / navigation
LS,,PER-LS-S03,Lifestyle Moments,505:12574,PER-LS-S03-W010,Lifestyle,763:13760,Personal Domain Selector,Selector / Filter / Chip,Navigation / state,LOCAL_OR_BOOTSTRAP,PersonalShell.Navigate,LOCAL/GET,LOCAL,LOCAL_ONLY,UI-only / navigation
LS,,PER-LS-S03,Lifestyle Moments,505:12574,PER-LS-S03-W011,Relationships,763:13760,Personal Domain Selector,Selector / Filter / Chip,Navigation / state,LOCAL_OR_BOOTSTRAP,PersonalShell.Navigate,LOCAL/GET,LOCAL,LOCAL_ONLY,UI-only / navigation
LS,,PER-LS-S03,Lifestyle Moments,505:12574,PER-LS-S03-W012,Settings,763:13760,Personal Domain Selector,Selector / Filter / Chip,Navigation / state,LOCAL_OR_BOOTSTRAP,PersonalShell.Navigate,LOCAL/GET,LOCAL,LOCAL_ONLY,UI-only / navigation
LS,,PER-LS-S03,Lifestyle Moments,505:12574,PER-LS-S03-W013,Expense FAB,1035:7759,Expense FAB,CTA / Action,Derived read,PROJECTION_READ,PersonalMoments.Get,GET,GET /v1/personal/moments,WIRED,Live read + client consume
LS,,PER-LS-S03,Lifestyle Moments,505:12574,PER-LS-S03-W014,Pulse,983:7491,Bottom Navigation,Navigation / Shell,Navigation / state,LOCAL_OR_BOOTSTRAP,PersonalShell.Navigate,LOCAL/GET,LOCAL,LOCAL_ONLY,UI-only / navigation
LS,,PER-LS-S03,Lifestyle Moments,505:12574,PER-LS-S03-W015,Moments,983:7491,Bottom Navigation,Navigation / Shell,Navigation / state,LOCAL_OR_BOOTSTRAP,PersonalShell.Navigate,LOCAL/GET,LOCAL,LOCAL_ONLY,UI-only / navigation
LS,,PER-LS-S03,Lifestyle Moments,505:12574,PER-LS-S03-W016,Quick adds,983:7491,Bottom Navigation,CTA / Action,Navigation / state,LOCAL_OR_BOOTSTRAP,PersonalShell.Navigate,LOCAL/GET,LOCAL,LOCAL_ONLY,UI-only / navigation
LS,,PER-LS-S03,Lifestyle Moments,505:12574,PER-LS-S03-W017,Life,983:7491,Bottom Navigation,Navigation / Shell,Navigation / state,LOCAL_OR_BOOTSTRAP,PersonalShell.Navigate,LOCAL/GET,LOCAL,LOCAL_ONLY,UI-only / navigation
LS,,PER-LS-S03,Lifestyle Moments,505:12574,PER-LS-S03-W018,Memory,983:7491,Bottom Navigation,Navigation / Shell,Navigation / state,LOCAL_OR_BOOTSTRAP,PersonalShell.Navigate,LOCAL/GET,LOCAL,LOCAL_ONLY,UI-only / navigation
LS,,PER-LS-S03,Lifestyle Moments,505:12574,PER-LS-S03-W019,Score 82,505:12579,Journey Hero,Derived / Dynamic Display,Derived read,PROJECTION_READ,LifestyleJourneyStats.Get,GET,POST /v1/moments/:id/lifestyle-activities | GET lifestyle-*,WIRED,Live write + client Quick Add
LS,,PER-LS-S03,Lifestyle Moments,505:12574,PER-LS-S03-W020,Stable and Improving,505:12579,Journey Hero,Selector / Filter / Chip,Derived read,PROJECTION_READ,LifestyleJourneyStats.Get,GET,POST /v1/moments/:id/lifestyle-activities | GET lifestyle-*,WIRED,Live write + client Quick Add
LS,,PER-LS-S03,Lifestyle Moments,505:12574,PER-LS-S03-W021,phases,505:12579,Journey Hero,Journey Summary,Derived read,PROJECTION_READ,LifestyleJourneyStats.Get,GET,POST /v1/moments/:id/lifestyle-activities | GET lifestyle-*,WIRED,Live write + client Quick Add
LS,,PER-LS-S03,Lifestyle Moments,505:12574,PER-LS-S03-W022,Experiences 126,505:12596,Journey Stats,Derived / Dynamic Display,Derived read,PROJECTION_READ,LifestyleJourneyStats.Get,GET,POST /v1/moments/:id/lifestyle-activities | GET lifestyle-*,WIRED,Live write + client Quick Add
LS,,PER-LS-S03,Lifestyle Moments,505:12574,PER-LS-S03-W023,Discoveries 38,505:12596,Journey Stats,Derived / Dynamic Display,Derived read,PROJECTION_READ,LifestyleDiscoveryHighlights.Get,GET,POST /v1/moments/:id/lifestyle-activities | GET lifestyle-*,WIRED,Live write + client Quick Add
LS,,PER-LS-S03,Lifestyle Moments,505:12574,PER-LS-S03-W024,Lifestyle Spend ₹32.4K,505:12596,Journey Stats,Derived / Dynamic Display,Derived read,PROJECTION_READ,LifestyleSpendJourney.Get,GET,POST /v1/moments/:id/lifestyle-activities | GET lifestyle-*,WIRED,Live write + client Quick Add
LS,,PER-LS-S03,Lifestyle Moments,505:12574,PER-LS-S03-W025,Recovery,505:12611,Journey Timeline,Input / Editable Field,Derived read,PROJECTION_READ,LifestyleJourneyStats.Get,GET,POST /v1/moments/:id/lifestyle-activities | GET lifestyle-*,WIRED,Live write + client Quick Add
LS,,PER-LS-S03,Lifestyle Moments,505:12574,PER-LS-S03-W026,Money,505:12611,Journey Timeline,Input / Editable Field,Derived read,PROJECTION_READ,LifestyleJourneyStats.Get,GET,POST /v1/moments/:id/lifestyle-activities | GET lifestyle-*,WIRED,Live write + client Quick Add
LS,,PER-LS-S03,Lifestyle Moments,505:12574,PER-LS-S03-W027,Mood activities with timestamps,505:12611,Journey Timeline,Input / Editable Field,Derived read,PROJECTION_READ,LifestyleJourneyStats.Get,GET,POST /v1/moments/:id/lifestyle-activities | GET lifestyle-*,WIRED,Live write + client Quick Add
LS,,PER-LS-S03,Lifestyle Moments,505:12574,PER-LS-S03-W028,Lifestyle Spend,505:12626,Lifestyle Spend Journey,Derived / Dynamic Display,Derived read,PROJECTION_READ,LifestyleSpendJourney.Get,GET,POST /v1/moments/:id/lifestyle-activities | GET lifestyle-*,WIRED,Live write + client Quick Add
LS,,PER-LS-S03,Lifestyle Moments,505:12574,PER-LS-S03-W029,last 90 days,505:12626,Lifestyle Spend Journey,Derived / Dynamic Display,Derived read,PROJECTION_READ,LifestyleSpendJourney.Get,GET,POST /v1/moments/:id/lifestyle-activities | GET lifestyle-*,WIRED,Live write + client Quick Add
LS,,PER-LS-S03,Lifestyle Moments,505:12574,PER-LS-S03-W030,Sep-Dec,505:12626,Lifestyle Spend Journey,Derived / Dynamic Display,Derived read,PROJECTION_READ,LifestyleSpendJourney.Get,GET,POST /v1/moments/:id/lifestyle-activities | GET lifestyle-*,WIRED,Live write + client Quick Add
LS,,PER-LS-S03,Lifestyle Moments,505:12574,PER-LS-S03-W031,"Total Creative ₹96,400",505:12626,Lifestyle Spend Journey,Derived / Dynamic Display,Derived read,PROJECTION_READ,LifestyleSpendJourney.Get,GET,POST /v1/moments/:id/lifestyle-activities | GET lifestyle-*,WIRED,Live write + client Quick Add
LS,,PER-LS-S03,Lifestyle Moments,505:12574,PER-LS-S03-W032,Efficiency Week,505:12641,Best Discoveries,Highlight Cards,Derived read,PROJECTION_READ,PersonalMoments.Get,GET,GET /v1/personal/moments,WIRED,Live read + client consume
LS,,PER-LS-S03,Lifestyle Moments,505:12574,PER-LS-S03-W033,Balance month,505:12641,Best Discoveries,Highlight Cards,Derived read,PROJECTION_READ,PersonalMoments.Get,GET,GET /v1/personal/moments,WIRED,Live read + client consume
LS,,PER-LS-S03,Lifestyle Moments,505:12574,PER-LS-S03-W034,+3 recovery,505:12641,Best Discoveries,Highlight Cards,Derived read,PROJECTION_READ,PersonalMoments.Get,GET,GET /v1/personal/moments,WIRED,Live read + client consume
LS,,PER-LS-S03,Lifestyle Moments,505:12574,PER-LS-S03-W035,"₹92,640 saved",505:12641,Best Discoveries,CTA / Action,Derived read,PROJECTION_READ,PersonalMoments.Get,GET,GET /v1/personal/moments,WIRED,Live read + client consume
LS,,PER-LS-S03,Lifestyle Moments,505:12574,PER-LS-S03-W036,First recovery streak,505:12650,Turning Points,Turning Point List,Derived read,PROJECTION_READ,PersonalMoments.Get,GET,GET /v1/personal/moments,WIRED,Live read + client consume
LS,,PER-LS-S03,Lifestyle Moments,505:12574,PER-LS-S03-W037,Budget locked,505:12650,Turning Points,Turning Point List,Derived read,PROJECTION_READ,PersonalMoments.Get,GET,GET /v1/personal/moments,WIRED,Live read + client consume
LS,,PER-LS-S03,Lifestyle Moments,505:12574,PER-LS-S03-W038,details/status,505:12650,Turning Points,Derived / Dynamic Display,Derived read,PROJECTION_READ,PersonalMoments.Get,GET,GET /v1/personal/moments,WIRED,Live read + client consume
LS,,PER-LS-S03,Lifestyle Moments,505:12574,PER-LS-S03-W039,Deeper journey story,544:6919,AI Insights,AI Insight Card,Derived read,PROJECTION_READ,PersonalMoments.Get,GET,GET /v1/personal/moments,WIRED,Live read + client consume
LS,,PER-LS-S03,Lifestyle Moments,505:12574,PER-LS-S03-W040,AI Insights,544:6919,AI Insights,AI Insight Card,Derived read,PROJECTION_READ,PersonalMoments.Get,GET,GET /v1/personal/moments,WIRED,Live read + client consume
LS,,PER-LS-S03,Lifestyle Moments,505:12574,PER-LS-S03-W041,Coming Soon,544:6919,AI Insights,AI Insight Card,Derived read,PROJECTION_READ,PersonalMoments.Get,GET,GET /v1/personal/moments,WIRED,Live read + client consume
LS,,PER-LS-S03,Lifestyle Moments,505:12574,PER-LS-S03-W042,Capture a new moment,1028:7628,Capture Moment CTA,CTA / Action,Derived read,PROJECTION_READ,PersonalMoments.Get,GET,GET /v1/personal/moments,WIRED,Live read + client consume
LS,,PER-LS-S03,Lifestyle Moments,505:12574,PER-LS-S03-W043,Open Quick Add,1028:7628,Capture Moment CTA,CTA / Action,Derived read,PROJECTION_READ,PersonalMoments.Get,GET,GET /v1/personal/moments,WIRED,Live read + client consume
LS,,PER-LS-S03,Lifestyle Moments,505:12574,PER-LS-S03-W044,Lifestyle Moments — Zero-Gap Field/Control 01,505:12574,Zero-Gap Additions / Live Figma,UI Field / Control — exact semantic type pending,Derived read,PROJECTION_READ,PersonalMoments.Get,GET,GET /v1/personal/moments,WIRED,Live read + client consume
LS,,PER-LS-S03,Lifestyle Moments,505:12574,PER-LS-S03-W045,Lifestyle Moments — Zero-Gap Field/Control 02,505:12574,Zero-Gap Additions / Live Figma,UI Field / Control — exact semantic type pending,Derived read,PROJECTION_READ,PersonalMoments.Get,GET,GET /v1/personal/moments,WIRED,Live read + client consume
LS,,PER-LS-S03,Lifestyle Moments,505:12574,PER-LS-S03-W046,Lifestyle Moments — Zero-Gap Field/Control 03,505:12574,Zero-Gap Additions / Live Figma,UI Field / Control — exact semantic type pending,Derived read,PROJECTION_READ,PersonalMoments.Get,GET,GET /v1/personal/moments,WIRED,Live read + client consume
LS,,PER-LS-S03,Lifestyle Moments,505:12574,PER-LS-S03-W047,Lifestyle Moments — Zero-Gap Field/Control 04,505:12574,Zero-Gap Additions / Live Figma,UI Field / Control — exact semantic type pending,Derived read,PROJECTION_READ,PersonalMoments.Get,GET,GET /v1/personal/moments,WIRED,Live read + client consume
LS,,PER-LS-S03,Lifestyle Moments,505:12574,PER-LS-S03-W048,Lifestyle Moments — Zero-Gap Field/Control 05,505:12574,Zero-Gap Additions / Live Figma,UI Field / Control — exact semantic type pending,Derived read,PROJECTION_READ,PersonalMoments.Get,GET,GET /v1/personal/moments,WIRED,Live read + client consume
LS,,PER-LS-S03,Lifestyle Moments,505:12574,PER-LS-S03-W049,Lifestyle Moments — Zero-Gap Field/Control 06,505:12574,Zero-Gap Additions / Live Figma,UI Field / Control — exact semantic type pending,Derived read,PROJECTION_READ,PersonalMoments.Get,GET,GET /v1/personal/moments,WIRED,Live read + client consume
LS,,PER-LS-S03,Lifestyle Moments,505:12574,PER-LS-S03-W050,Lifestyle Moments — Zero-Gap Field/Control 07,505:12574,Zero-Gap Additions / Live Figma,UI Field / Control — exact semantic type pending,Derived read,PROJECTION_READ,PersonalMoments.Get,GET,GET /v1/personal/moments,WIRED,Live read + client consume
LS,,PER-LS-S03,Lifestyle Moments,505:12574,PER-LS-S03-W051,Lifestyle Moments — Zero-Gap Field/Control 08,505:12574,Zero-Gap Additions / Live Figma,UI Field / Control — exact semantic type pending,Derived read,PROJECTION_READ,PersonalMoments.Get,GET,GET /v1/personal/moments,WIRED,Live read + client consume
LS,,PER-LS-S03,Lifestyle Moments,505:12574,PER-LS-S03-W052,Lifestyle Moments — Zero-Gap Field/Control 09,505:12574,Zero-Gap Additions / Live Figma,UI Field / Control — exact semantic type pending,Derived read,PROJECTION_READ,PersonalMoments.Get,GET,GET /v1/personal/moments,WIRED,Live read + client consume
LS,,PER-LS-S03,Lifestyle Moments,505:12574,PER-LS-S03-W053,Lifestyle Moments — Zero-Gap Field/Control 10,505:12574,Zero-Gap Additions / Live Figma,UI Field / Control — exact semantic type pending,Derived read,PROJECTION_READ,PersonalMoments.Get,GET,GET /v1/personal/moments,WIRED,Live read + client consume
LS,,PER-LS-S03,Lifestyle Moments,505:12574,PER-LS-S03-W054,Lifestyle Moments — Zero-Gap Field/Control 11,505:12574,Zero-Gap Additions / Live Figma,UI Field / Control — exact semantic type pending,Derived read,PROJECTION_READ,PersonalMoments.Get,GET,GET /v1/personal/moments,WIRED,Live read + client consume
LS,,PER-LS-S03,Lifestyle Moments,505:12574,PER-LS-S03-W055,Lifestyle Moments — Zero-Gap Field/Control 12,505:12574,Zero-Gap Additions / Live Figma,UI Field / Control — exact semantic type pending,Derived read,PROJECTION_READ,PersonalMoments.Get,GET,GET /v1/personal/moments,WIRED,Live read + client consume
LS,,PER-LS-S04,Lifestyle Memory,505:12665,PER-LS-S04-W001,360,763:13831,Application Top Bar,Navigation / Shell,Navigation / state,LOCAL_OR_BOOTSTRAP,PersonalShell.Navigate,LOCAL/GET,LOCAL,LOCAL_ONLY,UI-only / navigation
LS,,PER-LS-S04,Lifestyle Memory,505:12665,PER-LS-S04-W002,Moments,763:13831,Application Top Bar,Navigation / Shell,Navigation / state,LOCAL_OR_BOOTSTRAP,PersonalShell.Navigate,LOCAL/GET,LOCAL,LOCAL_ONLY,UI-only / navigation
LS,,PER-LS-S04,Lifestyle Memory,505:12665,PER-LS-S04-W003,profile/avatar,763:13831,Application Top Bar,Navigation / Shell,Navigation / state,LOCAL_OR_BOOTSTRAP,PersonalShell.Navigate,LOCAL/GET,LOCAL,LOCAL_ONLY,UI-only / navigation
LS,,PER-LS-S04,Lifestyle Memory,505:12665,PER-LS-S04-W004,Personal,763:13832,Context Switcher,Selector / Filter / Chip,Navigation / state,LOCAL_OR_BOOTSTRAP,PersonalShell.Navigate,LOCAL/GET,LOCAL,LOCAL_ONLY,UI-only / navigation
LS,,PER-LS-S04,Lifestyle Memory,505:12665,PER-LS-S04-W005,Group,763:13832,Context Switcher,Selector / Filter / Chip,Navigation / state,LOCAL_OR_BOOTSTRAP,PersonalShell.Navigate,LOCAL/GET,LOCAL,LOCAL_ONLY,UI-only / navigation
LS,,PER-LS-S04,Lifestyle Memory,505:12665,PER-LS-S04-W006,Business,763:13832,Context Switcher,Selector / Filter / Chip,Navigation / state,LOCAL_OR_BOOTSTRAP,PersonalShell.Navigate,LOCAL/GET,LOCAL,LOCAL_ONLY,UI-only / navigation
LS,,PER-LS-S04,Lifestyle Memory,505:12665,PER-LS-S04-W007,Circle,763:13832,Context Switcher,Selector / Filter / Chip,Navigation / state,LOCAL_OR_BOOTSTRAP,PersonalShell.Navigate,LOCAL/GET,LOCAL,LOCAL_ONLY,UI-only / navigation
LS,,PER-LS-S04,Lifestyle Memory,505:12665,PER-LS-S04-W008,Life Operations,763:13843,Personal Domain Selector,Selector / Filter / Chip,Navigation / state,LOCAL_OR_BOOTSTRAP,PersonalShell.Navigate,LOCAL/GET,LOCAL,LOCAL_ONLY,UI-only / navigation
LS,,PER-LS-S04,Lifestyle Memory,505:12665,PER-LS-S04-W009,Future Building,763:13843,Personal Domain Selector,Selector / Filter / Chip,Navigation / state,LOCAL_OR_BOOTSTRAP,PersonalShell.Navigate,LOCAL/GET,LOCAL,LOCAL_ONLY,UI-only / navigation
LS,,PER-LS-S04,Lifestyle Memory,505:12665,PER-LS-S04-W010,Lifestyle,763:13843,Personal Domain Selector,Selector / Filter / Chip,Navigation / state,LOCAL_OR_BOOTSTRAP,PersonalShell.Navigate,LOCAL/GET,LOCAL,LOCAL_ONLY,UI-only / navigation
LS,,PER-LS-S04,Lifestyle Memory,505:12665,PER-LS-S04-W011,Relationships,763:13843,Personal Domain Selector,Selector / Filter / Chip,Navigation / state,LOCAL_OR_BOOTSTRAP,PersonalShell.Navigate,LOCAL/GET,LOCAL,LOCAL_ONLY,UI-only / navigation
LS,,PER-LS-S04,Lifestyle Memory,505:12665,PER-LS-S04-W012,Settings,763:13843,Personal Domain Selector,Selector / Filter / Chip,Navigation / state,LOCAL_OR_BOOTSTRAP,PersonalShell.Navigate,LOCAL/GET,LOCAL,LOCAL_ONLY,UI-only / navigation
LS,,PER-LS-S04,Lifestyle Memory,505:12665,PER-LS-S04-W013,Expense FAB,1035:7761,Expense FAB,CTA / Action,Derived read,PROJECTION_READ,PersonalMemory.Get,GET,GET /v1/personal/memory,WIRED,Live read + client consume
LS,,PER-LS-S04,Lifestyle Memory,505:12665,PER-LS-S04-W014,Pulse,778:5547,Bottom Navigation,Navigation / Shell,Navigation / state,LOCAL_OR_BOOTSTRAP,PersonalShell.Navigate,LOCAL/GET,LOCAL,LOCAL_ONLY,UI-only / navigation
LS,,PER-LS-S04,Lifestyle Memory,505:12665,PER-LS-S04-W015,Moments,778:5547,Bottom Navigation,Navigation / Shell,Navigation / state,LOCAL_OR_BOOTSTRAP,PersonalShell.Navigate,LOCAL/GET,LOCAL,LOCAL_ONLY,UI-only / navigation
LS,,PER-LS-S04,Lifestyle Memory,505:12665,PER-LS-S04-W016,Quick adds,778:5547,Bottom Navigation,CTA / Action,Navigation / state,LOCAL_OR_BOOTSTRAP,PersonalShell.Navigate,LOCAL/GET,LOCAL,LOCAL_ONLY,UI-only / navigation
LS,,PER-LS-S04,Lifestyle Memory,505:12665,PER-LS-S04-W017,Life,778:5547,Bottom Navigation,Navigation / Shell,Navigation / state,LOCAL_OR_BOOTSTRAP,PersonalShell.Navigate,LOCAL/GET,LOCAL,LOCAL_ONLY,UI-only / navigation
LS,,PER-LS-S04,Lifestyle Memory,505:12665,PER-LS-S04-W018,Memory,778:5547,Bottom Navigation,Navigation / Shell,Navigation / state,LOCAL_OR_BOOTSTRAP,PersonalShell.Navigate,LOCAL/GET,LOCAL,LOCAL_ONLY,UI-only / navigation
LS,,PER-LS-S04,Lifestyle Memory,505:12665,PER-LS-S04-W019,Energized Explorer,505:12670,Identity Snapshot,Identity Card,Derived read,PROJECTION_READ,PersonalMemory.Get,GET,GET /v1/personal/memory,WIRED,Live read + client consume
LS,,PER-LS-S04,Lifestyle Memory,505:12665,PER-LS-S04-W020,identity statement,505:12670,Identity Snapshot,Identity Card,Derived read,PROJECTION_READ,PersonalMemory.Get,GET,GET /v1/personal/memory,WIRED,Live read + client consume
LS,,PER-LS-S04,Lifestyle Memory,505:12665,PER-LS-S04-W021,84% confidence,505:12670,Identity Snapshot,Identity Card,Derived read,PROJECTION_READ,PersonalMemory.Get,GET,GET /v1/personal/memory,WIRED,Live read + client consume
LS,,PER-LS-S04,Lifestyle Memory,505:12665,PER-LS-S04-W022,Pressure peak → Recovery block → Stability,505:12675,Core Pattern,Selector / Filter / Chip,Derived read,PROJECTION_READ,PersonalMemory.Get,GET,GET /v1/personal/memory,WIRED,Live read + client consume
LS,,PER-LS-S04,Lifestyle Memory,505:12665,PER-LS-S04-W023,pattern confidence,505:12675,Core Pattern,Pattern Card,Derived read,PROJECTION_READ,PersonalMemory.Get,GET,GET /v1/personal/memory,WIRED,Live read + client consume
LS,,PER-LS-S04,Lifestyle Memory,505:12665,PER-LS-S04-W024,Recovery logs +18,1028:7753,Best Drivers,CTA / Action,Derived read,PROJECTION_READ,PersonalMemory.Get,GET,GET /v1/personal/memory,WIRED,Live read + client consume
LS,,PER-LS-S04,Lifestyle Memory,505:12665,PER-LS-S04-W025,Consistent sleep +11,1028:7753,Best Drivers,Driver Card,Derived read,PROJECTION_READ,PersonalMemory.Get,GET,GET /v1/personal/memory,WIRED,Live read + client consume
LS,,PER-LS-S04,Lifestyle Memory,505:12665,PER-LS-S04-W026,Late commitments -9,1028:7768,Lowest Drivers,Driver Card,Derived read,PROJECTION_READ,PersonalMemory.Get,GET,GET /v1/personal/memory,WIRED,Live read + client consume
LS,,PER-LS-S04,Lifestyle Memory,505:12665,PER-LS-S04-W027,Unplanned spend -7,1028:7768,Lowest Drivers,Driver Card,Derived read,PROJECTION_READ,PersonalMemory.Get,GET,GET /v1/personal/memory,WIRED,Live read + client consume
LS,,PER-LS-S04,Lifestyle Memory,505:12665,PER-LS-S04-W028,Recovery before meetings,1028:7783,Return Behaviors,Behavior List,Derived read,PROJECTION_READ,PersonalMemory.Get,GET,GET /v1/personal/memory,WIRED,Live read + client consume
LS,,PER-LS-S04,Lifestyle Memory,505:12665,PER-LS-S04-W029,Same-day expense log,1028:7783,Return Behaviors,CTA / Action,Derived read,PROJECTION_READ,PersonalMemory.Get,GET,GET /v1/personal/memory,WIRED,Live read + client consume
LS,,PER-LS-S04,Lifestyle Memory,505:12665,PER-LS-S04-W030,other recurring behaviors,1028:7783,Return Behaviors,Behavior List,Derived read,PROJECTION_READ,PersonalMemory.Get,GET,GET /v1/personal/memory,WIRED,Live read + client consume
LS,,PER-LS-S04,Lifestyle Memory,505:12665,PER-LS-S04-W031,Calm,1028:7804,Emotional DNA,Distribution / Profile,Derived read,PROJECTION_READ,PersonalMemory.Get,GET,GET /v1/personal/memory,WIRED,Live read + client consume
LS,,PER-LS-S04,Lifestyle Memory,505:12665,PER-LS-S04-W032,Focused,1028:7804,Emotional DNA,Distribution / Profile,Derived read,PROJECTION_READ,PersonalMemory.Get,GET,GET /v1/personal/memory,WIRED,Live read + client consume
LS,,PER-LS-S04,Lifestyle Memory,505:12665,PER-LS-S04-W033,Strained,1028:7804,Emotional DNA,Distribution / Profile,Derived read,PROJECTION_READ,PersonalMemory.Get,GET,GET /v1/personal/memory,WIRED,Live read + client consume
LS,,PER-LS-S04,Lifestyle Memory,505:12665,PER-LS-S04-W034,percentages,1028:7804,Emotional DNA,Distribution / Profile,Derived read,PROJECTION_READ,PersonalMemory.Get,GET,GET /v1/personal/memory,WIRED,Live read + client consume
LS,,PER-LS-S04,Lifestyle Memory,505:12665,PER-LS-S04-W035,Stabilizing,1028:7850,Evolution Timeline,Selector / Filter / Chip,Derived read,PROJECTION_READ,PersonalMemory.Get,GET,GET /v1/personal/memory,WIRED,Live read + client consume
LS,,PER-LS-S04,Lifestyle Memory,505:12665,PER-LS-S04-W036,Structured,1028:7850,Evolution Timeline,Input / Editable Field,Derived read,PROJECTION_READ,PersonalMemory.Get,GET,GET /v1/personal/memory,WIRED,Live read + client consume
LS,,PER-LS-S04,Lifestyle Memory,505:12665,PER-LS-S04-W037,Adaptive,1028:7850,Evolution Timeline,Input / Editable Field,Derived read,PROJECTION_READ,PersonalMemory.Get,GET,GET /v1/personal/memory,WIRED,Live read + client consume
LS,,PER-LS-S04,Lifestyle Memory,505:12665,PER-LS-S04-W038,date ranges,1028:7850,Evolution Timeline,Input / Editable Field,Derived read,PROJECTION_READ,PersonalMemory.Get,GET,GET /v1/personal/memory,WIRED,Live read + client consume
LS,,PER-LS-S04,Lifestyle Memory,505:12665,PER-LS-S04-W039,AI Interpretation,1028:7860,AI Interpretation,AI Interpretation,Derived read,PROJECTION_READ,PersonalMemory.Get,GET,GET /v1/personal/memory,WIRED,Live read + client consume
LS,,PER-LS-S04,Lifestyle Memory,505:12665,PER-LS-S04-W040,Next Growth Edge,505:12665,Next Growth Edge,Recommendation,Derived read,PROJECTION_READ,PersonalMemory.Get,GET,GET /v1/personal/memory,WIRED,Live read + client consume
LS,,PER-LS-S04,Lifestyle Memory,505:12665,PER-LS-S04-W041,Lifestyle Memory — Zero-Gap Field/Control 01,505:12665,Zero-Gap Additions / Live Figma,UI Field / Control — exact semantic type pending,Derived read,PROJECTION_READ,PersonalMemory.Get,GET,GET /v1/personal/memory,WIRED,Live read + client consume
LS,,PER-LS-S04,Lifestyle Memory,505:12665,PER-LS-S04-W042,Lifestyle Memory — Zero-Gap Field/Control 02,505:12665,Zero-Gap Additions / Live Figma,UI Field / Control — exact semantic type pending,Derived read,PROJECTION_READ,PersonalMemory.Get,GET,GET /v1/personal/memory,WIRED,Live read + client consume
LS,,PER-LS-S04,Lifestyle Memory,505:12665,PER-LS-S04-W043,Lifestyle Memory — Zero-Gap Field/Control 03,505:12665,Zero-Gap Additions / Live Figma,UI Field / Control — exact semantic type pending,Derived read,PROJECTION_READ,PersonalMemory.Get,GET,GET /v1/personal/memory,WIRED,Live read + client consume
LS,,PER-LS-S04,Lifestyle Memory,505:12665,PER-LS-S04-W044,Lifestyle Memory — Zero-Gap Field/Control 04,505:12665,Zero-Gap Additions / Live Figma,UI Field / Control — exact semantic type pending,Derived read,PROJECTION_READ,PersonalMemory.Get,GET,GET /v1/personal/memory,WIRED,Live read + client consume
LS,,PER-LS-S04,Lifestyle Memory,505:12665,PER-LS-S04-W045,Lifestyle Memory — Zero-Gap Field/Control 05,505:12665,Zero-Gap Additions / Live Figma,UI Field / Control — exact semantic type pending,Derived read,PROJECTION_READ,PersonalMemory.Get,GET,GET /v1/personal/memory,WIRED,Live read + client consume
LS,,PER-LS-S04,Lifestyle Memory,505:12665,PER-LS-S04-W046,Lifestyle Memory — Zero-Gap Field/Control 06,505:12665,Zero-Gap Additions / Live Figma,UI Field / Control — exact semantic type pending,Derived read,PROJECTION_READ,PersonalMemory.Get,GET,GET /v1/personal/memory,WIRED,Live read + client consume
LS,,PER-LS-S05,Lifestyle Action Center,1006:8074,PER-LS-S05-W001,Lifestyle Action List,1006:8075,Lifestyle Action List,Selector / Filter / Chip,READ,PROJECTION,Lifestyle.GetAvailableActions,GET,,DEFERRED,Contract TBD/deferred: Lifestyle.GetAvailableActions
LS,,PER-LS-S05,Lifestyle Action Center,1006:8074,PER-LS-S05-W002,Bottom Navigation,1006:8139,Bottom Navigation,CTA / Action,LOCAL_NAVIGATION,LOCAL_UI,LOCAL_ONLY,LOCAL,LOCAL,LOCAL_ONLY,UI-only / navigation
LS,,PER-LS-S05,Lifestyle Action Center,1006:8074,PER-LS-S05-W003,Lifestyle Action Center — Zero-Gap Field/Control 01,1006:8074,Zero-Gap Additions / Live Figma,UI Field / Control — exact semantic type pending,READ,PROJECTION,Lifestyle.GetAvailableActions,GET,,DEFERRED,Contract TBD/deferred: Lifestyle.GetAvailableActions
LS,,PER-LS-S05,Lifestyle Action Center,1006:8074,PER-LS-S05-W004,Lifestyle Action Center — Zero-Gap Field/Control 02,1006:8074,Zero-Gap Additions / Live Figma,UI Field / Control — exact semantic type pending,READ,PROJECTION,Lifestyle.GetAvailableActions,GET,,DEFERRED,Contract TBD/deferred: Lifestyle.GetAvailableActions
LS,,PER-LS-S05,Lifestyle Action Center,1006:8074,PER-LS-S05-W005,Lifestyle Action Center — Zero-Gap Field/Control 03,1006:8074,Zero-Gap Additions / Live Figma,UI Field / Control — exact semantic type pending,READ,PROJECTION,Lifestyle.GetAvailableActions,GET,,DEFERRED,Contract TBD/deferred: Lifestyle.GetAvailableActions
LS,,PER-LS-S05,Lifestyle Action Center,1006:8074,PER-LS-S05-W006,Lifestyle Action Center — Zero-Gap Field/Control 04,1006:8074,Zero-Gap Additions / Live Figma,UI Field / Control — exact semantic type pending,READ,PROJECTION,Lifestyle.GetAvailableActions,GET,,DEFERRED,Contract TBD/deferred: Lifestyle.GetAvailableActions
LS,,PER-LS-S05,Lifestyle Action Center,1006:8074,PER-LS-S05-W007,Lifestyle Action Center — Zero-Gap Field/Control 05,1006:8074,Zero-Gap Additions / Live Figma,UI Field / Control — exact semantic type pending,READ,PROJECTION,Lifestyle.GetAvailableActions,GET,,DEFERRED,Contract TBD/deferred: Lifestyle.GetAvailableActions
LS,,PER-LS-S05,Lifestyle Action Center,1006:8074,PER-LS-S05-W008,Lifestyle Action Center — Zero-Gap Field/Control 06,1006:8074,Zero-Gap Additions / Live Figma,UI Field / Control — exact semantic type pending,READ,PROJECTION,Lifestyle.GetAvailableActions,GET,,DEFERRED,Contract TBD/deferred: Lifestyle.GetAvailableActions
LS,,PER-LS-S05,Lifestyle Action Center,1006:8074,PER-LS-S05-W009,Lifestyle Action Center — Zero-Gap Field/Control 07,1006:8074,Zero-Gap Additions / Live Figma,UI Field / Control — exact semantic type pending,READ,PROJECTION,Lifestyle.GetAvailableActions,GET,,DEFERRED,Contract TBD/deferred: Lifestyle.GetAvailableActions
LS,,PER-LS-S05,Lifestyle Action Center,1006:8074,PER-LS-S05-W010,Lifestyle Action Center — Zero-Gap Field/Control 08,1006:8074,Zero-Gap Additions / Live Figma,UI Field / Control — exact semantic type pending,READ,PROJECTION,Lifestyle.GetAvailableActions,GET,,DEFERRED,Contract TBD/deferred: Lifestyle.GetAvailableActions
LS,,PER-LS-S05,Lifestyle Action Center,1006:8074,PER-LS-S05-W011,Lifestyle Action Center — Zero-Gap Field/Control 09,1006:8074,Zero-Gap Additions / Live Figma,UI Field / Control — exact semantic type pending,READ,PROJECTION,Lifestyle.GetAvailableActions,GET,,DEFERRED,Contract TBD/deferred: Lifestyle.GetAvailableActions
LS,,PER-LS-S05,Lifestyle Action Center,1006:8074,PER-LS-S05-W012,Lifestyle Action Center — Zero-Gap Field/Control 10,1006:8074,Zero-Gap Additions / Live Figma,UI Field / Control — exact semantic type pending,READ,PROJECTION,Lifestyle.GetAvailableActions,GET,,DEFERRED,Contract TBD/deferred: Lifestyle.GetAvailableActions
LS,,PER-LS-S05,Lifestyle Action Center,1006:8074,PER-LS-S05-W013,Lifestyle Action Center — Zero-Gap Field/Control 11,1006:8074,Zero-Gap Additions / Live Figma,UI Field / Control — exact semantic type pending,READ,PROJECTION,Lifestyle.GetAvailableActions,GET,,DEFERRED,Contract TBD/deferred: Lifestyle.GetAvailableActions
LS,,PER-LS-S05,Lifestyle Action Center,1006:8074,PER-LS-S05-W014,Lifestyle Action Center — Zero-Gap Field/Control 12,1006:8074,Zero-Gap Additions / Live Figma,UI Field / Control — exact semantic type pending,READ,PROJECTION,Lifestyle.GetAvailableActions,GET,,DEFERRED,Contract TBD/deferred: Lifestyle.GetAvailableActions
LS,,PER-LS-S05,Lifestyle Action Center,1006:8074,PER-LS-S05-W015,Lifestyle Action Center — Zero-Gap Field/Control 13,1006:8074,Zero-Gap Additions / Live Figma,UI Field / Control — exact semantic type pending,READ,PROJECTION,Lifestyle.GetAvailableActions,GET,,DEFERRED,Contract TBD/deferred: Lifestyle.GetAvailableActions
LS,,PER-LS-S06,Experience Quick Add,433:9723,PER-LS-S06-W001,Adjustment Details,431:14573,Adjustment Details,Input / Editable Field,WRITE_INPUT,CANONICAL,Lifestyle.RecordExperience,POST,POST /v1/moments/:id/lifestyle-activities | GET lifestyle-*,WIRED,Live write + client Quick Add
LS,,PER-LS-S06,Experience Quick Add,433:9723,PER-LS-S06-W002,More Rest,433:9662,Adjustment Area,Selector / Filter / Chip,WRITE_INPUT,CANONICAL,Lifestyle.RecordExperience,POST,POST /v1/moments/:id/lifestyle-activities | GET lifestyle-*,WIRED,Live write + client Quick Add
LS,,PER-LS-S06,Experience Quick Add,433:9723,PER-LS-S06-W003,More Travel,433:9662,Adjustment Area,Selector / Filter / Chip,WRITE_INPUT,CANONICAL,Lifestyle.RecordExperience,POST,POST /v1/moments/:id/lifestyle-activities | GET lifestyle-*,WIRED,Live write + client Quick Add
LS,,PER-LS-S06,Experience Quick Add,433:9723,PER-LS-S06-W004,More Creativity,433:9662,Adjustment Area,Selector / Filter / Chip,WRITE_INPUT,CANONICAL,Lifestyle.RecordExperience,POST,POST /v1/moments/:id/lifestyle-activities | GET lifestyle-*,WIRED,Live write + client Quick Add
LS,,PER-LS-S06,Experience Quick Add,433:9723,PER-LS-S06-W005,More Social Time,433:9662,Adjustment Area,Selector / Filter / Chip,WRITE_INPUT,CANONICAL,Lifestyle.RecordExperience,POST,POST /v1/moments/:id/lifestyle-activities | GET lifestyle-*,WIRED,Live write + client Quick Add
LS,,PER-LS-S06,Experience Quick Add,433:9723,PER-LS-S06-W006,etc.,433:9662,Adjustment Area,Selector / Filter / Chip,WRITE_INPUT,CANONICAL,Lifestyle.RecordExperience,POST,POST /v1/moments/:id/lifestyle-activities | GET lifestyle-*,WIRED,Live write + client Quick Add
LS,,PER-LS-S06,Experience Quick Add,433:9723,PER-LS-S06-W007,Importance,433:9681,Importance & Confidence,Selector / Filter / Chip,WRITE_INPUT,CANONICAL,Lifestyle.RecordExperience,POST,POST /v1/moments/:id/lifestyle-activities | GET lifestyle-*,WIRED,Live write + client Quick Add
LS,,PER-LS-S06,Experience Quick Add,433:9723,PER-LS-S06-W008,Confidence,433:9681,Importance & Confidence,Selector / Filter / Chip,WRITE_INPUT,CANONICAL,Lifestyle.RecordExperience,POST,POST /v1/moments/:id/lifestyle-activities | GET lifestyle-*,WIRED,Live write + client Quick Add
LS,,PER-LS-S06,Experience Quick Add,433:9723,PER-LS-S06-W009,Update Lifestyle CTA,433:9702,Update Lifestyle CTA,CTA / Action,COMMAND,CANONICAL,Lifestyle.RecordExperience,POST,POST /v1/moments/:id/lifestyle-activities | GET lifestyle-*,WIRED,Live write + client Quick Add
LS,,PER-LS-S06,Experience Quick Add,433:9723,PER-LS-S06-W010,Experience Quick Add — Zero-Gap Field/Control 01,433:9723,Zero-Gap Additions / Live Figma,UI Field / Control — exact semantic type pending,WRITE_INPUT,CANONICAL,Lifestyle.RecordExperience,POST,POST /v1/moments/:id/lifestyle-activities | GET lifestyle-*,WIRED,Live write + client Quick Add
LS,,PER-LS-S06,Experience Quick Add,433:9723,PER-LS-S06-W011,Experience Quick Add — Zero-Gap Field/Control 02,433:9723,Zero-Gap Additions / Live Figma,UI Field / Control — exact semantic type pending,WRITE_INPUT,CANONICAL,Lifestyle.RecordExperience,POST,POST /v1/moments/:id/lifestyle-activities | GET lifestyle-*,WIRED,Live write + client Quick Add
LS,,PER-LS-S06,Experience Quick Add,433:9723,PER-LS-S06-W012,Experience Quick Add — Zero-Gap Field/Control 03,433:9723,Zero-Gap Additions / Live Figma,UI Field / Control — exact semantic type pending,WRITE_INPUT,CANONICAL,Lifestyle.RecordExperience,POST,POST /v1/moments/:id/lifestyle-activities | GET lifestyle-*,WIRED,Live write + client Quick Add
LS,,PER-LS-S06,Experience Quick Add,433:9723,PER-LS-S06-W013,Experience Quick Add — Zero-Gap Field/Control 04,433:9723,Zero-Gap Additions / Live Figma,UI Field / Control — exact semantic type pending,WRITE_INPUT,CANONICAL,Lifestyle.RecordExperience,POST,POST /v1/moments/:id/lifestyle-activities | GET lifestyle-*,WIRED,Live write + client Quick Add
LS,,PER-LS-S06,Experience Quick Add,433:9723,PER-LS-S06-W014,Experience Quick Add — Zero-Gap Field/Control 05,433:9723,Zero-Gap Additions / Live Figma,UI Field / Control — exact semantic type pending,WRITE_INPUT,CANONICAL,Lifestyle.RecordExperience,POST,POST /v1/moments/:id/lifestyle-activities | GET lifestyle-*,WIRED,Live write + client Quick Add
LS,,PER-LS-S06,Experience Quick Add,433:9723,PER-LS-S06-W015,Experience Quick Add — Zero-Gap Field/Control 06,433:9723,Zero-Gap Additions / Live Figma,UI Field / Control — exact semantic type pending,WRITE_INPUT,CANONICAL,Lifestyle.RecordExperience,POST,POST /v1/moments/:id/lifestyle-activities | GET lifestyle-*,WIRED,Live write + client Quick Add
LS,,PER-LS-S06,Experience Quick Add,433:9723,PER-LS-S06-W016,Experience Quick Add — Zero-Gap Field/Control 07,433:9723,Zero-Gap Additions / Live Figma,UI Field / Control — exact semantic type pending,WRITE_INPUT,CANONICAL,Lifestyle.RecordExperience,POST,POST /v1/moments/:id/lifestyle-activities | GET lifestyle-*,WIRED,Live write + client Quick Add
LS,,PER-LS-S06,Experience Quick Add,433:9723,PER-LS-S06-W017,Experience Quick Add — Zero-Gap Field/Control 08,433:9723,Zero-Gap Additions / Live Figma,UI Field / Control — exact semantic type pending,WRITE_INPUT,CANONICAL,Lifestyle.RecordExperience,POST,POST /v1/moments/:id/lifestyle-activities | GET lifestyle-*,WIRED,Live write + client Quick Add
LS,,PER-LS-S06,Experience Quick Add,433:9723,PER-LS-S06-W018,Experience Quick Add — Zero-Gap Field/Control 09,433:9723,Zero-Gap Additions / Live Figma,UI Field / Control — exact semantic type pending,WRITE_INPUT,CANONICAL,Lifestyle.RecordExperience,POST,POST /v1/moments/:id/lifestyle-activities | GET lifestyle-*,WIRED,Live write + client Quick Add
LS,,PER-LS-S06,Experience Quick Add,433:9723,PER-LS-S06-W019,Experience Quick Add — Zero-Gap Field/Control 10,433:9723,Zero-Gap Additions / Live Figma,UI Field / Control — exact semantic type pending,WRITE_INPUT,CANONICAL,Lifestyle.RecordExperience,POST,POST /v1/moments/:id/lifestyle-activities | GET lifestyle-*,WIRED,Live write + client Quick Add
LS,,PER-LS-S06,Experience Quick Add,433:9723,PER-LS-S06-W020,Experience Quick Add — Zero-Gap Field/Control 11,433:9723,Zero-Gap Additions / Live Figma,UI Field / Control — exact semantic type pending,WRITE_INPUT,CANONICAL,Lifestyle.RecordExperience,POST,POST /v1/moments/:id/lifestyle-activities | GET lifestyle-*,WIRED,Live write + client Quick Add
LS,,PER-LS-S06,Experience Quick Add,433:9723,PER-LS-S06-W021,Experience Quick Add — Zero-Gap Field/Control 12,433:9723,Zero-Gap Additions / Live Figma,UI Field / Control — exact semantic type pending,WRITE_INPUT,CANONICAL,Lifestyle.RecordExperience,POST,POST /v1/moments/:id/lifestyle-activities | GET lifestyle-*,WIRED,Live write + client Quick Add
LS,,PER-LS-S06,Experience Quick Add,433:9723,PER-LS-S06-W022,Experience Quick Add — Zero-Gap Field/Control 13,433:9723,Zero-Gap Additions / Live Figma,UI Field / Control — exact semantic type pending,WRITE_INPUT,CANONICAL,Lifestyle.RecordExperience,POST,POST /v1/moments/:id/lifestyle-activities | GET lifestyle-*,WIRED,Live write + client Quick Add
LS,,PER-LS-S06,Experience Quick Add,433:9723,PER-LS-S06-W023,Experience Quick Add — Zero-Gap Field/Control 14,433:9723,Zero-Gap Additions / Live Figma,UI Field / Control — exact semantic type pending,WRITE_INPUT,CANONICAL,Lifestyle.RecordExperience,POST,POST /v1/moments/:id/lifestyle-activities | GET lifestyle-*,WIRED,Live write + client Quick Add
LS,,PER-LS-S06,Experience Quick Add,433:9723,PER-LS-S06-W024,Experience Quick Add — Zero-Gap Field/Control 15,433:9723,Zero-Gap Additions / Live Figma,UI Field / Control — exact semantic type pending,WRITE_INPUT,CANONICAL,Lifestyle.RecordExperience,POST,POST /v1/moments/:id/lifestyle-activities | GET lifestyle-*,WIRED,Live write + client Quick Add
LS,,PER-LS-S06,Experience Quick Add,433:9723,PER-LS-S06-W025,Experience Quick Add — Zero-Gap Field/Control 16,433:9723,Zero-Gap Additions / Live Figma,UI Field / Control — exact semantic type pending,WRITE_INPUT,CANONICAL,Lifestyle.RecordExperience,POST,POST /v1/moments/:id/lifestyle-activities | GET lifestyle-*,WIRED,Live write + client Quick Add
LS,,PER-LS-S06,Experience Quick Add,433:9723,PER-LS-S06-W026,Experience Quick Add — Zero-Gap Field/Control 17,433:9723,Zero-Gap Additions / Live Figma,UI Field / Control — exact semantic type pending,WRITE_INPUT,CANONICAL,Lifestyle.RecordExperience,POST,POST /v1/moments/:id/lifestyle-activities | GET lifestyle-*,WIRED,Live write + client Quick Add
LS,,PER-LS-S06,Experience Quick Add,433:9723,PER-LS-S06-W027,Experience Quick Add — Zero-Gap Field/Control 18,433:9723,Zero-Gap Additions / Live Figma,UI Field / Control — exact semantic type pending,WRITE_INPUT,CANONICAL,Lifestyle.RecordExperience,POST,POST /v1/moments/:id/lifestyle-activities | GET lifestyle-*,WIRED,Live write + client Quick Add
LS,,PER-LS-S06,Experience Quick Add,433:9723,PER-LS-S06-W028,Experience Quick Add — Zero-Gap Field/Control 19,433:9723,Zero-Gap Additions / Live Figma,UI Field / Control — exact semantic type pending,WRITE_INPUT,CANONICAL,Lifestyle.RecordExperience,POST,POST /v1/moments/:id/lifestyle-activities | GET lifestyle-*,WIRED,Live write + client Quick Add
LS,,PER-LS-S06,Experience Quick Add,433:9723,PER-LS-S06-W029,Experience Quick Add — Zero-Gap Field/Control 20,433:9723,Zero-Gap Additions / Live Figma,UI Field / Control — exact semantic type pending,WRITE_INPUT,CANONICAL,Lifestyle.RecordExperience,POST,POST /v1/moments/:id/lifestyle-activities | GET lifestyle-*,WIRED,Live write + client Quick Add
LS,,PER-LS-S06,Experience Quick Add,433:9723,PER-LS-S06-W030,Experience Quick Add — Zero-Gap Field/Control 21,433:9723,Zero-Gap Additions / Live Figma,UI Field / Control — exact semantic type pending,WRITE_INPUT,CANONICAL,Lifestyle.RecordExperience,POST,POST /v1/moments/:id/lifestyle-activities | GET lifestyle-*,WIRED,Live write + client Quick Add
LS,,PER-LS-S06,Experience Quick Add,433:9723,PER-LS-S06-W031,Experience Quick Add — Zero-Gap Field/Control 22,433:9723,Zero-Gap Additions / Live Figma,UI Field / Control — exact semantic type pending,WRITE_INPUT,CANONICAL,Lifestyle.RecordExperience,POST,POST /v1/moments/:id/lifestyle-activities | GET lifestyle-*,WIRED,Live write + client Quick Add
LS,,PER-LS-S06,Experience Quick Add,433:9723,PER-LS-S06-W032,Experience Quick Add — Zero-Gap Field/Control 23,433:9723,Zero-Gap Additions / Live Figma,UI Field / Control — exact semantic type pending,WRITE_INPUT,CANONICAL,Lifestyle.RecordExperience,POST,POST /v1/moments/:id/lifestyle-activities | GET lifestyle-*,WIRED,Live write + client Quick Add
LS,,PER-LS-S06,Experience Quick Add,433:9723,PER-LS-S06-W033,Experience Quick Add — Zero-Gap Field/Control 24,433:9723,Zero-Gap Additions / Live Figma,UI Field / Control — exact semantic type pending,WRITE_INPUT,CANONICAL,Lifestyle.RecordExperience,POST,POST /v1/moments/:id/lifestyle-activities | GET lifestyle-*,WIRED,Live write + client Quick Add
LS,,PER-LS-S07,Wellbeing Quick Add,433:9852,PER-LS-S07-W001,Discovery,1028:7897,Discovery Form,Form,WRITE_INPUT,CANONICAL,Lifestyle.RecordWellbeing,POST,POST /v1/moments/:id/lifestyle-activities | GET lifestyle-*,WIRED,Live write + client Quick Add
LS,,PER-LS-S07,Wellbeing Quick Add,433:9852,PER-LS-S07-W002,type,1028:7897,Discovery Form,Form,WRITE_INPUT,CANONICAL,Lifestyle.RecordWellbeing,POST,POST /v1/moments/:id/lifestyle-activities | GET lifestyle-*,WIRED,Live write + client Quick Add
LS,,PER-LS-S07,Wellbeing Quick Add,433:9852,PER-LS-S07-W003,interesting rating,1028:7897,Discovery Form,Form,WRITE_INPUT,CANONICAL,Lifestyle.RecordWellbeing,POST,POST /v1/moments/:id/lifestyle-activities | GET lifestyle-*,WIRED,Live write + client Quick Add
LS,,PER-LS-S07,Wellbeing Quick Add,433:9852,PER-LS-S07-W004,explore further,1028:7897,Discovery Form,Form,WRITE_INPUT,CANONICAL,Lifestyle.RecordWellbeing,POST,POST /v1/moments/:id/lifestyle-activities | GET lifestyle-*,WIRED,Live write + client Quick Add
LS,,PER-LS-S07,Wellbeing Quick Add,433:9852,PER-LS-S07-W005,note,1028:7897,Discovery Form,Input / Editable Field,WRITE_INPUT,CANONICAL,Lifestyle.RecordWellbeing,POST,POST /v1/moments/:id/lifestyle-activities | GET lifestyle-*,WIRED,Live write + client Quick Add
LS,,PER-LS-S07,Wellbeing Quick Add,433:9852,PER-LS-S07-W006,Save Discovery CTA,1028:7898,Save Discovery CTA,CTA / Action,COMMAND,CANONICAL,Lifestyle.RecordWellbeing,POST,POST /v1/moments/:id/lifestyle-activities | GET lifestyle-*,WIRED,Live write + client Quick Add
LS,,PER-LS-S07,Wellbeing Quick Add,433:9852,PER-LS-S07-W007,Wellbeing Quick Add — Zero-Gap Field/Control 01,433:9852,Zero-Gap Additions / Live Figma,UI Field / Control — exact semantic type pending,WRITE_INPUT,CANONICAL,Lifestyle.RecordWellbeing,POST,POST /v1/moments/:id/lifestyle-activities | GET lifestyle-*,WIRED,Live write + client Quick Add
LS,,PER-LS-S07,Wellbeing Quick Add,433:9852,PER-LS-S07-W008,Wellbeing Quick Add — Zero-Gap Field/Control 02,433:9852,Zero-Gap Additions / Live Figma,UI Field / Control — exact semantic type pending,WRITE_INPUT,CANONICAL,Lifestyle.RecordWellbeing,POST,POST /v1/moments/:id/lifestyle-activities | GET lifestyle-*,WIRED,Live write + client Quick Add
LS,,PER-LS-S07,Wellbeing Quick Add,433:9852,PER-LS-S07-W009,Wellbeing Quick Add — Zero-Gap Field/Control 03,433:9852,Zero-Gap Additions / Live Figma,UI Field / Control — exact semantic type pending,WRITE_INPUT,CANONICAL,Lifestyle.RecordWellbeing,POST,POST /v1/moments/:id/lifestyle-activities | GET lifestyle-*,WIRED,Live write + client Quick Add
LS,,PER-LS-S07,Wellbeing Quick Add,433:9852,PER-LS-S07-W010,Wellbeing Quick Add — Zero-Gap Field/Control 04,433:9852,Zero-Gap Additions / Live Figma,UI Field / Control — exact semantic type pending,WRITE_INPUT,CANONICAL,Lifestyle.RecordWellbeing,POST,POST /v1/moments/:id/lifestyle-activities | GET lifestyle-*,WIRED,Live write + client Quick Add
LS,,PER-LS-S07,Wellbeing Quick Add,433:9852,PER-LS-S07-W011,Wellbeing Quick Add — Zero-Gap Field/Control 05,433:9852,Zero-Gap Additions / Live Figma,UI Field / Control — exact semantic type pending,WRITE_INPUT,CANONICAL,Lifestyle.RecordWellbeing,POST,POST /v1/moments/:id/lifestyle-activities | GET lifestyle-*,WIRED,Live write + client Quick Add
LS,,PER-LS-S07,Wellbeing Quick Add,433:9852,PER-LS-S07-W012,Wellbeing Quick Add — Zero-Gap Field/Control 06,433:9852,Zero-Gap Additions / Live Figma,UI Field / Control — exact semantic type pending,WRITE_INPUT,CANONICAL,Lifestyle.RecordWellbeing,POST,POST /v1/moments/:id/lifestyle-activities | GET lifestyle-*,WIRED,Live write + client Quick Add
LS,,PER-LS-S07,Wellbeing Quick Add,433:9852,PER-LS-S07-W013,Wellbeing Quick Add — Zero-Gap Field/Control 07,433:9852,Zero-Gap Additions / Live Figma,UI Field / Control — exact semantic type pending,WRITE_INPUT,CANONICAL,Lifestyle.RecordWellbeing,POST,POST /v1/moments/:id/lifestyle-activities | GET lifestyle-*,WIRED,Live write + client Quick Add
LS,,PER-LS-S07,Wellbeing Quick Add,433:9852,PER-LS-S07-W014,Wellbeing Quick Add — Zero-Gap Field/Control 08,433:9852,Zero-Gap Additions / Live Figma,UI Field / Control — exact semantic type pending,WRITE_INPUT,CANONICAL,Lifestyle.RecordWellbeing,POST,POST /v1/moments/:id/lifestyle-activities | GET lifestyle-*,WIRED,Live write + client Quick Add
LS,,PER-LS-S07,Wellbeing Quick Add,433:9852,PER-LS-S07-W015,Wellbeing Quick Add — Zero-Gap Field/Control 09,433:9852,Zero-Gap Additions / Live Figma,UI Field / Control — exact semantic type pending,WRITE_INPUT,CANONICAL,Lifestyle.RecordWellbeing,POST,POST /v1/moments/:id/lifestyle-activities | GET lifestyle-*,WIRED,Live write + client Quick Add
LS,,PER-LS-S07,Wellbeing Quick Add,433:9852,PER-LS-S07-W016,Wellbeing Quick Add — Zero-Gap Field/Control 10,433:9852,Zero-Gap Additions / Live Figma,UI Field / Control — exact semantic type pending,WRITE_INPUT,CANONICAL,Lifestyle.RecordWellbeing,POST,POST /v1/moments/:id/lifestyle-activities | GET lifestyle-*,WIRED,Live write + client Quick Add
LS,,PER-LS-S07,Wellbeing Quick Add,433:9852,PER-LS-S07-W017,Wellbeing Quick Add — Zero-Gap Field/Control 11,433:9852,Zero-Gap Additions / Live Figma,UI Field / Control — exact semantic type pending,WRITE_INPUT,CANONICAL,Lifestyle.RecordWellbeing,POST,POST /v1/moments/:id/lifestyle-activities | GET lifestyle-*,WIRED,Live write + client Quick Add
LS,,PER-LS-S07,Wellbeing Quick Add,433:9852,PER-LS-S07-W018,Wellbeing Quick Add — Zero-Gap Field/Control 12,433:9852,Zero-Gap Additions / Live Figma,UI Field / Control — exact semantic type pending,WRITE_INPUT,CANONICAL,Lifestyle.RecordWellbeing,POST,POST /v1/moments/:id/lifestyle-activities | GET lifestyle-*,WIRED,Live write + client Quick Add
LS,,PER-LS-S07,Wellbeing Quick Add,433:9852,PER-LS-S07-W019,Wellbeing Quick Add — Zero-Gap Field/Control 13,433:9852,Zero-Gap Additions / Live Figma,UI Field / Control — exact semantic type pending,WRITE_INPUT,CANONICAL,Lifestyle.RecordWellbeing,POST,POST /v1/moments/:id/lifestyle-activities | GET lifestyle-*,WIRED,Live write + client Quick Add
LS,,PER-LS-S07,Wellbeing Quick Add,433:9852,PER-LS-S07-W020,Wellbeing Quick Add — Zero-Gap Field/Control 14,433:9852,Zero-Gap Additions / Live Figma,UI Field / Control — exact semantic type pending,WRITE_INPUT,CANONICAL,Lifestyle.RecordWellbeing,POST,POST /v1/moments/:id/lifestyle-activities | GET lifestyle-*,WIRED,Live write + client Quick Add
LS,,PER-LS-S07,Wellbeing Quick Add,433:9852,PER-LS-S07-W021,Wellbeing Quick Add — Zero-Gap Field/Control 15,433:9852,Zero-Gap Additions / Live Figma,UI Field / Control — exact semantic type pending,WRITE_INPUT,CANONICAL,Lifestyle.RecordWellbeing,POST,POST /v1/moments/:id/lifestyle-activities | GET lifestyle-*,WIRED,Live write + client Quick Add
LS,,PER-LS-S07,Wellbeing Quick Add,433:9852,PER-LS-S07-W022,Wellbeing Quick Add — Zero-Gap Field/Control 16,433:9852,Zero-Gap Additions / Live Figma,UI Field / Control — exact semantic type pending,WRITE_INPUT,CANONICAL,Lifestyle.RecordWellbeing,POST,POST /v1/moments/:id/lifestyle-activities | GET lifestyle-*,WIRED,Live write + client Quick Add
LS,,PER-LS-S07,Wellbeing Quick Add,433:9852,PER-LS-S07-W023,Wellbeing Quick Add — Zero-Gap Field/Control 17,433:9852,Zero-Gap Additions / Live Figma,UI Field / Control — exact semantic type pending,WRITE_INPUT,CANONICAL,Lifestyle.RecordWellbeing,POST,POST /v1/moments/:id/lifestyle-activities | GET lifestyle-*,WIRED,Live write + client Quick Add
LS,,PER-LS-S07,Wellbeing Quick Add,433:9852,PER-LS-S07-W024,Wellbeing Quick Add — Zero-Gap Field/Control 18,433:9852,Zero-Gap Additions / Live Figma,UI Field / Control — exact semantic type pending,WRITE_INPUT,CANONICAL,Lifestyle.RecordWellbeing,POST,POST /v1/moments/:id/lifestyle-activities | GET lifestyle-*,WIRED,Live write + client Quick Add
LS,,PER-LS-S08,Discovery Quick Add,433:10057,PER-LS-S08-W001,Experience,506:12425,Experience Form,Form,WRITE_INPUT,CANONICAL,Lifestyle.RecordDiscovery,POST,POST /v1/moments/:id/lifestyle-activities | GET lifestyle-*,WIRED,Live write + client Quick Add
LS,,PER-LS-S08,Discovery Quick Add,433:10057,PER-LS-S08-W002,type,506:12425,Experience Form,Form,WRITE_INPUT,CANONICAL,Lifestyle.RecordDiscovery,POST,POST /v1/moments/:id/lifestyle-activities | GET lifestyle-*,WIRED,Live write + client Quick Add
LS,,PER-LS-S08,Discovery Quick Add,433:10057,PER-LS-S08-W003,rating,506:12425,Experience Form,Form,WRITE_INPUT,CANONICAL,Lifestyle.RecordDiscovery,POST,POST /v1/moments/:id/lifestyle-activities | GET lifestyle-*,WIRED,Live write + client Quick Add
LS,,PER-LS-S08,Discovery Quick Add,433:10057,PER-LS-S08-W004,energy impact,506:12425,Experience Form,Form,WRITE_INPUT,CANONICAL,Lifestyle.RecordDiscovery,POST,POST /v1/moments/:id/lifestyle-activities | GET lifestyle-*,WIRED,Live write + client Quick Add
LS,,PER-LS-S08,Discovery Quick Add,433:10057,PER-LS-S08-W005,who with,506:12425,Experience Form,Form,WRITE_INPUT,CANONICAL,Lifestyle.RecordDiscovery,POST,POST /v1/moments/:id/lifestyle-activities | GET lifestyle-*,WIRED,Live write + client Quick Add
LS,,PER-LS-S08,Discovery Quick Add,433:10057,PER-LS-S08-W006,outcome,506:12425,Experience Form,Form,WRITE_INPUT,CANONICAL,Lifestyle.RecordDiscovery,POST,POST /v1/moments/:id/lifestyle-activities | GET lifestyle-*,WIRED,Live write + client Quick Add
LS,,PER-LS-S08,Discovery Quick Add,433:10057,PER-LS-S08-W007,note,506:12425,Experience Form,Input / Editable Field,WRITE_INPUT,CANONICAL,Lifestyle.RecordDiscovery,POST,POST /v1/moments/:id/lifestyle-activities | GET lifestyle-*,WIRED,Live write + client Quick Add
LS,,PER-LS-S08,Discovery Quick Add,433:10057,PER-LS-S08-W008,Discovery Quick Add — Zero-Gap Field/Control 01,433:10057,Zero-Gap Additions / Live Figma,UI Field / Control — exact semantic type pending,WRITE_INPUT,CANONICAL,Lifestyle.RecordDiscovery,POST,POST /v1/moments/:id/lifestyle-activities | GET lifestyle-*,WIRED,Live write + client Quick Add
LS,,PER-LS-S08,Discovery Quick Add,433:10057,PER-LS-S08-W009,Discovery Quick Add — Zero-Gap Field/Control 02,433:10057,Zero-Gap Additions / Live Figma,UI Field / Control — exact semantic type pending,WRITE_INPUT,CANONICAL,Lifestyle.RecordDiscovery,POST,POST /v1/moments/:id/lifestyle-activities | GET lifestyle-*,WIRED,Live write + client Quick Add
LS,,PER-LS-S08,Discovery Quick Add,433:10057,PER-LS-S08-W010,Discovery Quick Add — Zero-Gap Field/Control 03,433:10057,Zero-Gap Additions / Live Figma,UI Field / Control — exact semantic type pending,WRITE_INPUT,CANONICAL,Lifestyle.RecordDiscovery,POST,POST /v1/moments/:id/lifestyle-activities | GET lifestyle-*,WIRED,Live write + client Quick Add
LS,,PER-LS-S08,Discovery Quick Add,433:10057,PER-LS-S08-W011,Discovery Quick Add — Zero-Gap Field/Control 04,433:10057,Zero-Gap Additions / Live Figma,UI Field / Control — exact semantic type pending,WRITE_INPUT,CANONICAL,Lifestyle.RecordDiscovery,POST,POST /v1/moments/:id/lifestyle-activities | GET lifestyle-*,WIRED,Live write + client Quick Add
LS,,PER-LS-S08,Discovery Quick Add,433:10057,PER-LS-S08-W012,Discovery Quick Add — Zero-Gap Field/Control 05,433:10057,Zero-Gap Additions / Live Figma,UI Field / Control — exact semantic type pending,WRITE_INPUT,CANONICAL,Lifestyle.RecordDiscovery,POST,POST /v1/moments/:id/lifestyle-activities | GET lifestyle-*,WIRED,Live write + client Quick Add
LS,,PER-LS-S08,Discovery Quick Add,433:10057,PER-LS-S08-W013,Discovery Quick Add — Zero-Gap Field/Control 06,433:10057,Zero-Gap Additions / Live Figma,UI Field / Control — exact semantic type pending,WRITE_INPUT,CANONICAL,Lifestyle.RecordDiscovery,POST,POST /v1/moments/:id/lifestyle-activities | GET lifestyle-*,WIRED,Live write + client Quick Add
LS,,PER-LS-S08,Discovery Quick Add,433:10057,PER-LS-S08-W014,Discovery Quick Add — Zero-Gap Field/Control 07,433:10057,Zero-Gap Additions / Live Figma,UI Field / Control — exact semantic type pending,WRITE_INPUT,CANONICAL,Lifestyle.RecordDiscovery,POST,POST /v1/moments/:id/lifestyle-activities | GET lifestyle-*,WIRED,Live write + client Quick Add
LS,,PER-LS-S08,Discovery Quick Add,433:10057,PER-LS-S08-W015,Discovery Quick Add — Zero-Gap Field/Control 08,433:10057,Zero-Gap Additions / Live Figma,UI Field / Control — exact semantic type pending,WRITE_INPUT,CANONICAL,Lifestyle.RecordDiscovery,POST,POST /v1/moments/:id/lifestyle-activities | GET lifestyle-*,WIRED,Live write + client Quick Add
LS,,PER-LS-S08,Discovery Quick Add,433:10057,PER-LS-S08-W016,Discovery Quick Add — Zero-Gap Field/Control 09,433:10057,Zero-Gap Additions / Live Figma,UI Field / Control — exact semantic type pending,WRITE_INPUT,CANONICAL,Lifestyle.RecordDiscovery,POST,POST /v1/moments/:id/lifestyle-activities | GET lifestyle-*,WIRED,Live write + client Quick Add
LS,,PER-LS-S08,Discovery Quick Add,433:10057,PER-LS-S08-W017,Discovery Quick Add — Zero-Gap Field/Control 10,433:10057,Zero-Gap Additions / Live Figma,UI Field / Control — exact semantic type pending,WRITE_INPUT,CANONICAL,Lifestyle.RecordDiscovery,POST,POST /v1/moments/:id/lifestyle-activities | GET lifestyle-*,WIRED,Live write + client Quick Add
LS,,PER-LS-S08,Discovery Quick Add,433:10057,PER-LS-S08-W018,Discovery Quick Add — Zero-Gap Field/Control 11,433:10057,Zero-Gap Additions / Live Figma,UI Field / Control — exact semantic type pending,WRITE_INPUT,CANONICAL,Lifestyle.RecordDiscovery,POST,POST /v1/moments/:id/lifestyle-activities | GET lifestyle-*,WIRED,Live write + client Quick Add
LS,,PER-LS-S08,Discovery Quick Add,433:10057,PER-LS-S08-W019,Discovery Quick Add — Zero-Gap Field/Control 12,433:10057,Zero-Gap Additions / Live Figma,UI Field / Control — exact semantic type pending,WRITE_INPUT,CANONICAL,Lifestyle.RecordDiscovery,POST,POST /v1/moments/:id/lifestyle-activities | GET lifestyle-*,WIRED,Live write + client Quick Add
LS,,PER-LS-S08,Discovery Quick Add,433:10057,PER-LS-S08-W020,Discovery Quick Add — Zero-Gap Field/Control 13,433:10057,Zero-Gap Additions / Live Figma,UI Field / Control — exact semantic type pending,WRITE_INPUT,CANONICAL,Lifestyle.RecordDiscovery,POST,POST /v1/moments/:id/lifestyle-activities | GET lifestyle-*,WIRED,Live write + client Quick Add
LS,,PER-LS-S09,Create / Expression Quick Add,433:9969,PER-LS-S09-W001,Close Create,433:9978,Header,CTA,LOCAL_NAVIGATION,LOCAL_UI,LOCAL_ONLY,LOCAL,LOCAL,LOCAL_ONLY,UI-only / navigation
LS,,PER-LS-S09,Create / Expression Quick Add,433:9969,PER-LS-S09-W002,Creation Description,433:9994,What Did You Create?,Text Input,WRITE_DRAFT,CANONICAL_WRITE,Lifestyle.RecordCreation,POST,POST /v1/moments/:id/lifestyle-activities | GET lifestyle-*,WIRED,Live write + client Quick Add
LS,,PER-LS-S09,Create / Expression Quick Add,433:9969,PER-LS-S09-W003,Writing Type,433:9999,Creation Type,Selection Chip,WRITE_DRAFT,CANONICAL_WRITE,Lifestyle.RecordCreation,POST,POST /v1/moments/:id/lifestyle-activities | GET lifestyle-*,WIRED,Live write + client Quick Add
LS,,PER-LS-S09,Create / Expression Quick Add,433:9969,PER-LS-S09-W004,Art Type,433:10001,Creation Type,Selection Chip,WRITE_DRAFT,CANONICAL_WRITE,Lifestyle.RecordCreation,POST,POST /v1/moments/:id/lifestyle-activities | GET lifestyle-*,WIRED,Live write + client Quick Add
LS,,PER-LS-S09,Create / Expression Quick Add,433:9969,PER-LS-S09-W005,Music Type,433:10003,Creation Type,Selection Chip,WRITE_DRAFT,CANONICAL_WRITE,Lifestyle.RecordCreation,POST,POST /v1/moments/:id/lifestyle-activities | GET lifestyle-*,WIRED,Live write + client Quick Add
LS,,PER-LS-S09,Create / Expression Quick Add,433:9969,PER-LS-S09-W006,Design Type,433:10005,Creation Type,Selection Chip,WRITE_DRAFT,CANONICAL_WRITE,Lifestyle.RecordCreation,POST,POST /v1/moments/:id/lifestyle-activities | GET lifestyle-*,WIRED,Live write + client Quick Add
LS,,PER-LS-S09,Create / Expression Quick Add,433:9969,PER-LS-S09-W007,Photography Type,433:10009,Creation Type,Selection Chip,WRITE_DRAFT,CANONICAL_WRITE,Lifestyle.RecordCreation,POST,POST /v1/moments/:id/lifestyle-activities | GET lifestyle-*,WIRED,Live write + client Quick Add
LS,,PER-LS-S09,Create / Expression Quick Add,433:9969,PER-LS-S09-W008,Problem Solving Type,433:10011,Creation Type,Selection Chip,WRITE_DRAFT,CANONICAL_WRITE,Lifestyle.RecordCreation,POST,POST /v1/moments/:id/lifestyle-activities | GET lifestyle-*,WIRED,Live write + client Quick Add
LS,,PER-LS-S09,Create / Expression Quick Add,433:9969,PER-LS-S09-W009,Planning Type,433:10013,Creation Type,Selection Chip,WRITE_DRAFT,CANONICAL_WRITE,Lifestyle.RecordCreation,POST,POST /v1/moments/:id/lifestyle-activities | GET lifestyle-*,WIRED,Live write + client Quick Add
LS,,PER-LS-S09,Create / Expression Quick Add,433:9969,PER-LS-S09-W010,Content Type,433:10007,Creation Type,Selection Chip,WRITE_DRAFT,CANONICAL_WRITE,Lifestyle.RecordCreation,POST,POST /v1/moments/:id/lifestyle-activities | GET lifestyle-*,WIRED,Live write + client Quick Add
LS,,PER-LS-S09,Create / Expression Quick Add,433:9969,PER-LS-S09-W011,Other Creation Type,433:10015,Creation Type,Selection Chip,WRITE_DRAFT,CANONICAL_WRITE,Lifestyle.RecordCreation,POST,POST /v1/moments/:id/lifestyle-activities | GET lifestyle-*,WIRED,Live write + client Quick Add
LS,,PER-LS-S09,Create / Expression Quick Add,433:9969,PER-LS-S09-W012,Satisfaction Rating,506:12648,Satisfaction,Rating Control,WRITE_DRAFT,CANONICAL_WRITE,Lifestyle.RecordCreation,POST,POST /v1/moments/:id/lifestyle-activities | GET lifestyle-*,WIRED,Live write + client Quick Add
LS,,PER-LS-S09,Create / Expression Quick Add,433:9969,PER-LS-S09-W013,Satisfaction Display,506:12655,Satisfaction,Dynamic State,DERIVED_LOCAL,DERIVED_UI,LOCAL_ONLY,LOCAL,LOCAL,LOCAL_ONLY,UI-only / navigation
LS,,PER-LS-S09,Create / Expression Quick Add,433:9969,PER-LS-S09-W014,Under 30 Minutes,433:10031,Time Invested,Selection Chip,WRITE_DRAFT,CANONICAL_WRITE,Lifestyle.RecordCreation,POST,POST /v1/moments/:id/lifestyle-activities | GET lifestyle-*,WIRED,Live write + client Quick Add
LS,,PER-LS-S09,Create / Expression Quick Add,433:9969,PER-LS-S09-W015,30–60 Minutes,433:10033,Time Invested,Selection Chip,WRITE_DRAFT,CANONICAL_WRITE,Lifestyle.RecordCreation,POST,POST /v1/moments/:id/lifestyle-activities | GET lifestyle-*,WIRED,Live write + client Quick Add
LS,,PER-LS-S09,Create / Expression Quick Add,433:9969,PER-LS-S09-W016,1–2 Hours,433:10035,Time Invested,Selection Chip,WRITE_DRAFT,CANONICAL_WRITE,Lifestyle.RecordCreation,POST,POST /v1/moments/:id/lifestyle-activities | GET lifestyle-*,WIRED,Live write + client Quick Add
LS,,PER-LS-S09,Create / Expression Quick Add,433:9969,PER-LS-S09-W017,2+ Hours,433:10037,Time Invested,Selection Chip,WRITE_DRAFT,CANONICAL_WRITE,Lifestyle.RecordCreation,POST,POST /v1/moments/:id/lifestyle-activities | GET lifestyle-*,WIRED,Live write + client Quick Add
LS,,PER-LS-S09,Create / Expression Quick Add,433:9969,PER-LS-S09-W018,No Flow State,506:12660,Flow State,Selection Chip,WRITE_DRAFT,CANONICAL_WRITE,Lifestyle.RecordCreation,POST,POST /v1/moments/:id/lifestyle-activities | GET lifestyle-*,WIRED,Live write + client Quick Add
LS,,PER-LS-S09,Create / Expression Quick Add,433:9969,PER-LS-S09-W019,Partial Flow State,506:12662,Flow State,Selection Chip,WRITE_DRAFT,CANONICAL_WRITE,Lifestyle.RecordCreation,POST,POST /v1/moments/:id/lifestyle-activities | GET lifestyle-*,WIRED,Live write + client Quick Add
LS,,PER-LS-S09,Create / Expression Quick Add,433:9969,PER-LS-S09-W020,Creation Note,506:12666,Notes,Text Input / Expandable Field,WRITE_DRAFT,CANONICAL_WRITE,Lifestyle.RecordCreation,POST,POST /v1/moments/:id/lifestyle-activities | GET lifestyle-*,WIRED,Live write + client Quick Add
LS,,PER-LS-S09,Create / Expression Quick Add,433:9969,PER-LS-S09-W021,Save Creation,433:10041,Footer,Primary CTA,COMMAND,CANONICAL_WRITE,Lifestyle.RecordCreation,POST,POST /v1/moments/:id/lifestyle-activities | GET lifestyle-*,WIRED,Live write + client Quick Add
LS,,PER-LS-S10,Adjust Lifestyle Quick Add,433:9637,PER-LS-S10-W001,Close Adjust,433:9646,Header,CTA,LOCAL_NAVIGATION,LOCAL_UI,LOCAL_ONLY,LOCAL,LOCAL,LOCAL_ONLY,UI-only / navigation
LS,,PER-LS-S10,Adjust Lifestyle Quick Add,433:9637,PER-LS-S10-W002,Lifestyle Change Description,431:14575,What to Change?,Text Input,WRITE_DRAFT,CANONICAL_WRITE,Lifestyle.AdjustPriorities,POST,POST /v1/moments/:id/lifestyle-activities | GET lifestyle-*,WIRED,Live write + client Quick Add
LS,,PER-LS-S10,Adjust Lifestyle Quick Add,433:9637,PER-LS-S10-W003,More Rest,433:9663,Area to Adjust,Selection Chip,WRITE_DRAFT,CANONICAL_WRITE,Lifestyle.AdjustPriorities,POST,POST /v1/moments/:id/lifestyle-activities | GET lifestyle-*,WIRED,Live write + client Quick Add
LS,,PER-LS-S10,Adjust Lifestyle Quick Add,433:9637,PER-LS-S10-W004,More Travel,433:9665,Area to Adjust,Selection Chip,WRITE_DRAFT,CANONICAL_WRITE,Lifestyle.AdjustPriorities,POST,POST /v1/moments/:id/lifestyle-activities | GET lifestyle-*,WIRED,Live write + client Quick Add
LS,,PER-LS-S10,Adjust Lifestyle Quick Add,433:9637,PER-LS-S10-W005,More Creativity,433:9667,Area to Adjust,Selection Chip,WRITE_DRAFT,CANONICAL_WRITE,Lifestyle.AdjustPriorities,POST,POST /v1/moments/:id/lifestyle-activities | GET lifestyle-*,WIRED,Live write + client Quick Add
LS,,PER-LS-S10,Adjust Lifestyle Quick Add,433:9637,PER-LS-S10-W006,More Social Time,433:9669,Area to Adjust,Selection Chip,WRITE_DRAFT,CANONICAL_WRITE,Lifestyle.AdjustPriorities,POST,POST /v1/moments/:id/lifestyle-activities | GET lifestyle-*,WIRED,Live write + client Quick Add
LS,,PER-LS-S10,Adjust Lifestyle Quick Add,433:9637,PER-LS-S10-W007,More Exercise,433:9671,Area to Adjust,Selection Chip,WRITE_DRAFT,CANONICAL_WRITE,Lifestyle.AdjustPriorities,POST,POST /v1/moments/:id/lifestyle-activities | GET lifestyle-*,WIRED,Live write + client Quick Add
LS,,PER-LS-S10,Adjust Lifestyle Quick Add,433:9637,PER-LS-S10-W008,More Personal Time,433:9673,Area to Adjust,Selection Chip,WRITE_DRAFT,CANONICAL_WRITE,Lifestyle.AdjustPriorities,POST,POST /v1/moments/:id/lifestyle-activities | GET lifestyle-*,WIRED,Live write + client Quick Add
LS,,PER-LS-S10,Adjust Lifestyle Quick Add,433:9637,PER-LS-S10-W009,More Exploration,433:9675,Area to Adjust,Selection Chip,WRITE_DRAFT,CANONICAL_WRITE,Lifestyle.AdjustPriorities,POST,POST /v1/moments/:id/lifestyle-activities | GET lifestyle-*,WIRED,Live write + client Quick Add
LS,,PER-LS-S10,Adjust Lifestyle Quick Add,433:9637,PER-LS-S10-W010,More Balance,433:9677,Area to Adjust,Selection Chip,WRITE_DRAFT,CANONICAL_WRITE,Lifestyle.AdjustPriorities,POST,POST /v1/moments/:id/lifestyle-activities | GET lifestyle-*,WIRED,Live write + client Quick Add
LS,,PER-LS-S10,Adjust Lifestyle Quick Add,433:9637,PER-LS-S10-W011,Low Importance,433:9684,Importance,Rating Choice,WRITE_DRAFT,CANONICAL_WRITE,Lifestyle.AdjustPriorities,POST,POST /v1/moments/:id/lifestyle-activities | GET lifestyle-*,WIRED,Live write + client Quick Add
LS,,PER-LS-S10,Adjust Lifestyle Quick Add,433:9637,PER-LS-S10-W012,Medium Importance,433:9686,Importance,Rating Choice,WRITE_DRAFT,CANONICAL_WRITE,Lifestyle.AdjustPriorities,POST,POST /v1/moments/:id/lifestyle-activities | GET lifestyle-*,WIRED,Live write + client Quick Add
LS,,PER-LS-S10,Adjust Lifestyle Quick Add,433:9637,PER-LS-S10-W013,High Importance,433:9688,Importance,Rating Choice,WRITE_DRAFT,CANONICAL_WRITE,Lifestyle.AdjustPriorities,POST,POST /v1/moments/:id/lifestyle-activities | GET lifestyle-*,WIRED,Live write + client Quick Add
LS,,PER-LS-S10,Adjust Lifestyle Quick Add,433:9637,PER-LS-S10-W014,Not Sure Confidence,433:9693,Confidence,Rating Choice,WRITE_DRAFT,CANONICAL_WRITE,Lifestyle.AdjustPriorities,POST,POST /v1/moments/:id/lifestyle-activities | GET lifestyle-*,WIRED,Live write + client Quick Add
LS,,PER-LS-S10,Adjust Lifestyle Quick Add,433:9637,PER-LS-S10-W015,Somewhat Sure Confidence,433:9695,Confidence,Rating Choice,WRITE_DRAFT,CANONICAL_WRITE,Lifestyle.AdjustPriorities,POST,POST /v1/moments/:id/lifestyle-activities | GET lifestyle-*,WIRED,Live write + client Quick Add
LS,,PER-LS-S10,Adjust Lifestyle Quick Add,433:9637,PER-LS-S10-W016,Very Sure Confidence,433:9697,Confidence,Rating Choice,WRITE_DRAFT,CANONICAL_WRITE,Lifestyle.AdjustPriorities,POST,POST /v1/moments/:id/lifestyle-activities | GET lifestyle-*,WIRED,Live write + client Quick Add
LS,,PER-LS-S10,Adjust Lifestyle Quick Add,433:9637,PER-LS-S10-W017,Adjustment Note,433:9699,Notes,Text Input,WRITE_DRAFT,CANONICAL_WRITE,Lifestyle.AdjustPriorities,POST,POST /v1/moments/:id/lifestyle-activities | GET lifestyle-*,WIRED,Live write + client Quick Add
LS,,PER-LS-S10,Adjust Lifestyle Quick Add,433:9637,PER-LS-S10-W018,Update Lifestyle,433:9702,Footer,Primary CTA,COMMAND,CANONICAL_WRITE,Lifestyle.AdjustPriorities,POST,POST /v1/moments/:id/lifestyle-activities | GET lifestyle-*,WIRED,Live write + client Quick Add
LS,,PER-LS-S11,Lifestyle Recent Activity,1036:7590,PER-LS-S11-W001,Back from Recent Activity,1036:7602,Header,Navigation CTA,LOCAL_NAVIGATION,LOCAL_UI,LOCAL_ONLY,LOCAL,LOCAL,LOCAL_ONLY,UI-only / navigation
LS,,PER-LS-S11,Lifestyle Recent Activity,1036:7590,PER-LS-S11-W002,Notifications,1036:7607,Header,Icon CTA,LOCAL_NAVIGATION,LOCAL_UI,LOCAL_ONLY,LOCAL,LOCAL,LOCAL_ONLY,UI-only / navigation
LS,,PER-LS-S11,Lifestyle Recent Activity,1036:7590,PER-LS-S11-W003,All Filter,1036:7611,Filters,Filter Chip,READ_FILTER,PROJECTION,PersonalActivity.List,GET,GET /v1/personal/activity,WIRED,Live read + client consume
LS,,PER-LS-S11,Lifestyle Recent Activity,1036:7590,PER-LS-S11-W004,Finance Filter,1036:7612,Filters,Filter Chip,READ_FILTER,PROJECTION,PersonalActivity.List,GET,GET /v1/personal/activity,WIRED,Live read + client consume
LS,,PER-LS-S11,Lifestyle Recent Activity,1036:7590,PER-LS-S11-W005,Wellness Filter,1036:7613,Filters,Filter Chip,READ_FILTER,PROJECTION,PersonalActivity.List,GET,GET /v1/personal/activity,WIRED,Live read + client consume
LS,,PER-LS-S11,Lifestyle Recent Activity,1036:7590,PER-LS-S11-W006,Errands Filter,1036:7614,Filters,Filter Chip,READ_FILTER,PROJECTION,PersonalActivity.List,GET,GET /v1/personal/activity,WIRED,Live read + client consume
LS,,PER-LS-S11,Lifestyle Recent Activity,1036:7590,PER-LS-S11-W007,Social Filter,1036:7615,Filters,Filter Chip,READ_FILTER,PROJECTION,PersonalActivity.List,GET,GET /v1/personal/activity,WIRED,Live read + client consume
LS,,PER-LS-S11,Lifestyle Recent Activity,1036:7590,PER-LS-S11-W008,Groceries Activity,1037:12618,Activity List,Repeater Row,READ,PROJECTION,PersonalActivity.List,GET,GET /v1/personal/activity,WIRED,Live read + client consume
LS,,PER-LS-S11,Lifestyle Recent Activity,1036:7590,PER-LS-S11-W009,Groceries Timestamp,1037:12618,Activity Row,Dynamic Display,READ,PROJECTION,PersonalActivity.List,GET,GET /v1/personal/activity,WIRED,Live read + client consume
LS,,PER-LS-S11,Lifestyle Recent Activity,1036:7590,PER-LS-S11-W010,Groceries Result / Impact,1037:12618,Activity Row,Dynamic Display,READ,PROJECTION,PersonalActivity.List,GET,GET /v1/personal/activity,WIRED,Live read + client consume
LS,,PER-LS-S11,Lifestyle Recent Activity,1036:7590,PER-LS-S11-W011,Edit Groceries,1065:7522,Activity Row,Icon CTA,COMMAND_DISPATCH,SOURCE_DEPENDENT,Activity.ResolveAndEdit,PATCH,,DEFERRED,Unresolved canonical — review
LS,,PER-LS-S11,Lifestyle Recent Activity,1036:7590,PER-LS-S11-W012,Delete Groceries,1065:7524,Activity Row,Destructive CTA,COMMAND_DISPATCH,SOURCE_DEPENDENT,Activity.ResolveAndCancel,POST,,DEFERRED,Unresolved canonical — review
LS,,PER-LS-S11,Lifestyle Recent Activity,1036:7590,PER-LS-S11-W013,Recovery Block Activity,1037:12626,Activity List,Repeater Row,READ,PROJECTION,PersonalActivity.List,GET,GET /v1/personal/activity,WIRED,Live read + client consume
LS,,PER-LS-S11,Lifestyle Recent Activity,1036:7590,PER-LS-S11-W014,Recovery Block Timestamp,1037:12626,Activity Row,Dynamic Display,READ,PROJECTION,PersonalActivity.List,GET,GET /v1/personal/activity,WIRED,Live read + client consume
LS,,PER-LS-S11,Lifestyle Recent Activity,1036:7590,PER-LS-S11-W015,Recovery Block Result / Impact,1037:12626,Activity Row,Dynamic Display,READ,PROJECTION,PersonalActivity.List,GET,GET /v1/personal/activity,WIRED,Live read + client consume
LS,,PER-LS-S11,Lifestyle Recent Activity,1036:7590,PER-LS-S11-W016,Edit Recovery Block,1065:7527,Activity Row,Icon CTA,COMMAND_DISPATCH,SOURCE_DEPENDENT,Activity.ResolveAndEdit,PATCH,,DEFERRED,Unresolved canonical — review
LS,,PER-LS-S11,Lifestyle Recent Activity,1036:7590,PER-LS-S11-W017,Delete Recovery Block,1065:7529,Activity Row,Destructive CTA,COMMAND_DISPATCH,SOURCE_DEPENDENT,Activity.ResolveAndCancel,POST,,DEFERRED,Unresolved canonical — review
LS,,PER-LS-S11,Lifestyle Recent Activity,1036:7590,PER-LS-S11-W018,Mood Reflection Activity,1037:12634,Activity List,Repeater Row,READ,PROJECTION,PersonalActivity.List,GET,GET /v1/personal/activity,WIRED,Live read + client consume
LS,,PER-LS-S11,Lifestyle Recent Activity,1036:7590,PER-LS-S11-W019,Mood Reflection Timestamp,1037:12634,Activity Row,Dynamic Display,READ,PROJECTION,PersonalActivity.List,GET,GET /v1/personal/activity,WIRED,Live read + client consume
LS,,PER-LS-S11,Lifestyle Recent Activity,1036:7590,PER-LS-S11-W020,Mood Reflection Result / Impact,1037:12634,Activity Row,Dynamic Display,READ,PROJECTION,PersonalActivity.List,GET,GET /v1/personal/activity,WIRED,Live read + client consume
LS,,PER-LS-S11,Lifestyle Recent Activity,1036:7590,PER-LS-S11-W021,Edit Mood Reflection,1065:7532,Activity Row,Icon CTA,COMMAND_DISPATCH,SOURCE_DEPENDENT,Activity.ResolveAndEdit,PATCH,,DEFERRED,Unresolved canonical — review
LS,,PER-LS-S11,Lifestyle Recent Activity,1036:7590,PER-LS-S11-W022,Delete Mood Reflection,1065:7534,Activity Row,Destructive CTA,COMMAND_DISPATCH,SOURCE_DEPENDENT,Activity.ResolveAndCancel,POST,,DEFERRED,Unresolved canonical — review
LS,,PER-LS-S11,Lifestyle Recent Activity,1036:7590,PER-LS-S11-W023,Coffee with Sarah Activity,1037:12642,Activity List,Repeater Row,READ,PROJECTION,PersonalActivity.List,GET,GET /v1/personal/activity,WIRED,Live read + client consume
LS,,PER-LS-S11,Lifestyle Recent Activity,1036:7590,PER-LS-S11-W024,Coffee with Sarah Timestamp,1037:12642,Activity Row,Dynamic Display,READ,PROJECTION,PersonalActivity.List,GET,GET /v1/personal/activity,WIRED,Live read + client consume
LS,,PER-LS-S11,Lifestyle Recent Activity,1036:7590,PER-LS-S11-W025,Coffee with Sarah Result / Impact,1037:12642,Activity Row,Dynamic Display,READ,PROJECTION,PersonalActivity.List,GET,GET /v1/personal/activity,WIRED,Live read + client consume
LS,,PER-LS-S11,Lifestyle Recent Activity,1036:7590,PER-LS-S11-W026,Edit Coffee with Sarah,1065:7537,Activity Row,Icon CTA,COMMAND_DISPATCH,SOURCE_DEPENDENT,Activity.ResolveAndEdit,PATCH,,DEFERRED,Unresolved canonical — review
LS,,PER-LS-S11,Lifestyle Recent Activity,1036:7590,PER-LS-S11-W027,Delete Coffee with Sarah,1065:7539,Activity Row,Destructive CTA,COMMAND_DISPATCH,SOURCE_DEPENDENT,Activity.ResolveAndCancel,POST,,DEFERRED,Unresolved canonical — review
LS,,PER-LS-S11,Lifestyle Recent Activity,1036:7590,PER-LS-S11-W028,Budgeting Session Activity,1037:12650,Activity List,Repeater Row,READ,PROJECTION,PersonalActivity.List,GET,GET /v1/personal/activity,WIRED,Live read + client consume
LS,,PER-LS-S11,Lifestyle Recent Activity,1036:7590,PER-LS-S11-W029,Budgeting Session Timestamp,1037:12650,Activity Row,Dynamic Display,READ,PROJECTION,PersonalActivity.List,GET,GET /v1/personal/activity,WIRED,Live read + client consume
LS,,PER-LS-S11,Lifestyle Recent Activity,1036:7590,PER-LS-S11-W030,Budgeting Session Result / Impact,1037:12650,Activity Row,Dynamic Display,READ,PROJECTION,PersonalActivity.List,GET,GET /v1/personal/activity,WIRED,Live read + client consume
LS,,PER-LS-S11,Lifestyle Recent Activity,1036:7590,PER-LS-S11-W031,Edit Budgeting Session,1065:7542,Activity Row,Icon CTA,COMMAND_DISPATCH,SOURCE_DEPENDENT,Activity.ResolveAndEdit,PATCH,,DEFERRED,Unresolved canonical — review
LS,,PER-LS-S11,Lifestyle Recent Activity,1036:7590,PER-LS-S11-W032,Delete Budgeting Session,1065:7544,Activity Row,Destructive CTA,COMMAND_DISPATCH,SOURCE_DEPENDENT,Activity.ResolveAndCancel,POST,,DEFERRED,Unresolved canonical — review
LS,,PER-LS-S11,Lifestyle Recent Activity,1036:7590,PER-LS-S11-W033,Meditation Activity,1037:12658,Activity List,Repeater Row,READ,PROJECTION,PersonalActivity.List,GET,GET /v1/personal/activity,WIRED,Live read + client consume
LS,,PER-LS-S11,Lifestyle Recent Activity,1036:7590,PER-LS-S11-W034,Meditation Timestamp,1037:12658,Activity Row,Dynamic Display,READ,PROJECTION,PersonalActivity.List,GET,GET /v1/personal/activity,WIRED,Live read + client consume
LS,,PER-LS-S11,Lifestyle Recent Activity,1036:7590,PER-LS-S11-W035,Meditation Result / Impact,1037:12658,Activity Row,Dynamic Display,READ,PROJECTION,PersonalActivity.List,GET,GET /v1/personal/activity,WIRED,Live read + client consume
LS,,PER-LS-S11,Lifestyle Recent Activity,1036:7590,PER-LS-S11-W036,Edit Meditation,1065:7547,Activity Row,Icon CTA,COMMAND_DISPATCH,SOURCE_DEPENDENT,Activity.ResolveAndEdit,PATCH,,DEFERRED,Unresolved canonical — review
LS,,PER-LS-S11,Lifestyle Recent Activity,1036:7590,PER-LS-S11-W037,Delete Meditation,1065:7549,Activity Row,Destructive CTA,COMMAND_DISPATCH,SOURCE_DEPENDENT,Activity.ResolveAndCancel,POST,,DEFERRED,Unresolved canonical — review
LS,,PER-LS-S11,Lifestyle Recent Activity,1036:7590,PER-LS-S11-W038,Laundry & Cleaning Activity,1037:12666,Activity List,Repeater Row,READ,PROJECTION,PersonalActivity.List,GET,GET /v1/personal/activity,WIRED,Live read + client consume
LS,,PER-LS-S11,Lifestyle Recent Activity,1036:7590,PER-LS-S11-W039,Laundry & Cleaning Timestamp,1037:12666,Activity Row,Dynamic Display,READ,PROJECTION,PersonalActivity.List,GET,GET /v1/personal/activity,WIRED,Live read + client consume
LS,,PER-LS-S11,Lifestyle Recent Activity,1036:7590,PER-LS-S11-W040,Laundry & Cleaning Result / Impact,1037:12666,Activity Row,Dynamic Display,READ,PROJECTION,PersonalActivity.List,GET,GET /v1/personal/activity,WIRED,Live read + client consume
LS,,PER-LS-S11,Lifestyle Recent Activity,1036:7590,PER-LS-S11-W041,Edit Laundry & Cleaning,1065:7552,Activity Row,Icon CTA,COMMAND_DISPATCH,SOURCE_DEPENDENT,Activity.ResolveAndEdit,PATCH,,DEFERRED,Unresolved canonical — review
LS,,PER-LS-S11,Lifestyle Recent Activity,1036:7590,PER-LS-S11-W042,Delete Laundry & Cleaning,1065:7554,Activity Row,Destructive CTA,COMMAND_DISPATCH,SOURCE_DEPENDENT,Activity.ResolveAndCancel,POST,,DEFERRED,Unresolved canonical — review
LS,,PER-LS-S11,Lifestyle Recent Activity,1036:7590,PER-LS-S11-W043,Book Club Meetup Activity,1037:12674,Activity List,Repeater Row,READ,PROJECTION,PersonalActivity.List,GET,GET /v1/personal/activity,WIRED,Live read + client consume
LS,,PER-LS-S11,Lifestyle Recent Activity,1036:7590,PER-LS-S11-W044,Book Club Meetup Timestamp,1037:12674,Activity Row,Dynamic Display,READ,PROJECTION,PersonalActivity.List,GET,GET /v1/personal/activity,WIRED,Live read + client consume
LS,,PER-LS-S11,Lifestyle Recent Activity,1036:7590,PER-LS-S11-W045,Book Club Meetup Result / Impact,1037:12674,Activity Row,Dynamic Display,READ,PROJECTION,PersonalActivity.List,GET,GET /v1/personal/activity,WIRED,Live read + client consume
LS,,PER-LS-S11,Lifestyle Recent Activity,1036:7590,PER-LS-S11-W046,Edit Book Club Meetup,1065:7557,Activity Row,Icon CTA,COMMAND_DISPATCH,SOURCE_DEPENDENT,Activity.ResolveAndEdit,PATCH,,DEFERRED,Unresolved canonical — review
LS,,PER-LS-S11,Lifestyle Recent Activity,1036:7590,PER-LS-S11-W047,Delete Book Club Meetup,1065:7559,Activity Row,Destructive CTA,COMMAND_DISPATCH,SOURCE_DEPENDENT,Activity.ResolveAndCancel,POST,,DEFERRED,Unresolved canonical — review
LS,,PER-LS-S11,Lifestyle Recent Activity,1036:7590,PER-LS-S11-W048,Meal Prep Activity,1037:12682,Activity List,Repeater Row,READ,PROJECTION,PersonalActivity.List,GET,GET /v1/personal/activity,WIRED,Live read + client consume
LS,,PER-LS-S11,Lifestyle Recent Activity,1036:7590,PER-LS-S11-W049,Meal Prep Timestamp,1037:12682,Activity Row,Dynamic Display,READ,PROJECTION,PersonalActivity.List,GET,GET /v1/personal/activity,WIRED,Live read + client consume
LS,,PER-LS-S11,Lifestyle Recent Activity,1036:7590,PER-LS-S11-W050,Meal Prep Result / Impact,1037:12682,Activity Row,Dynamic Display,READ,PROJECTION,PersonalActivity.List,GET,GET /v1/personal/activity,WIRED,Live read + client consume
LS,,PER-LS-S11,Lifestyle Recent Activity,1036:7590,PER-LS-S11-W051,Edit Meal Prep,1065:7562,Activity Row,Icon CTA,COMMAND_DISPATCH,SOURCE_DEPENDENT,Activity.ResolveAndEdit,PATCH,,DEFERRED,Unresolved canonical — review
LS,,PER-LS-S11,Lifestyle Recent Activity,1036:7590,PER-LS-S11-W052,Delete Meal Prep,1065:7564,Activity Row,Destructive CTA,COMMAND_DISPATCH,SOURCE_DEPENDENT,Activity.ResolveAndCancel,POST,,DEFERRED,Unresolved canonical — review
LS,,PER-LS-S11,Lifestyle Recent Activity,1036:7590,PER-LS-S11-W053,Evening Walk Activity,1037:12690,Activity List,Repeater Row,READ,PROJECTION,PersonalActivity.List,GET,GET /v1/personal/activity,WIRED,Live read + client consume
LS,,PER-LS-S11,Lifestyle Recent Activity,1036:7590,PER-LS-S11-W054,Evening Walk Timestamp,1037:12690,Activity Row,Dynamic Display,READ,PROJECTION,PersonalActivity.List,GET,GET /v1/personal/activity,WIRED,Live read + client consume
LS,,PER-LS-S11,Lifestyle Recent Activity,1036:7590,PER-LS-S11-W055,Evening Walk Result / Impact,1037:12690,Activity Row,Dynamic Display,READ,PROJECTION,PersonalActivity.List,GET,GET /v1/personal/activity,WIRED,Live read + client consume
LS,,PER-LS-S11,Lifestyle Recent Activity,1036:7590,PER-LS-S11-W056,Edit Evening Walk,1065:7567,Activity Row,Icon CTA,COMMAND_DISPATCH,SOURCE_DEPENDENT,Activity.ResolveAndEdit,PATCH,,DEFERRED,Unresolved canonical — review
LS,,PER-LS-S11,Lifestyle Recent Activity,1036:7590,PER-LS-S11-W057,Delete Evening Walk,1065:7569,Activity Row,Destructive CTA,COMMAND_DISPATCH,SOURCE_DEPENDENT,Activity.ResolveAndCancel,POST,,DEFERRED,Unresolved canonical — review
LS,,PER-LS-S12,Edit Lifestyle Activity,1036:7620,PER-LS-S12-W001,Close Edit Activity,I1036:7638;463:4516,Sheet Header,CTA,LOCAL_NAVIGATION,LOCAL_UI,LOCAL_ONLY,LOCAL,LOCAL,LOCAL_ONLY,UI-only / navigation
LS,,PER-LS-S12,Edit Lifestyle Activity,1036:7620,PER-LS-S12-W002,Activity Name,I1036:7640;463:4501,Entry Details,Text Input,WRITE_DRAFT,SOURCE_DEPENDENT,Lifestyle.UpdateActivity / source resolver,PATCH,POST /v1/moments/:id/lifestyle-activities | GET lifestyle-*,WIRED,Live write + client Quick Add
LS,,PER-LS-S12,Edit Lifestyle Activity,1036:7620,PER-LS-S12-W003,Activity Amount,1036:7644,Entry Details,Currency Input,WRITE_DRAFT,SOURCE_DEPENDENT,Activity.ResolveAndEdit,PATCH,,DEFERRED,Unresolved canonical — review
LS,,PER-LS-S12,Edit Lifestyle Activity,1036:7620,PER-LS-S12-W004,Activity Category,1036:7648,Entry Details,Dropdown / Selector,WRITE_DRAFT,SOURCE_DEPENDENT,Activity.ResolveAndEdit,PATCH,,DEFERRED,Unresolved canonical — review
LS,,PER-LS-S12,Edit Lifestyle Activity,1036:7620,PER-LS-S12-W005,Category Dropdown,1036:7650,Entry Details,Selector CTA,WRITE_DRAFT,SOURCE_DEPENDENT,Activity.ResolveAndEdit,PATCH,,DEFERRED,Unresolved canonical — review
LS,,PER-LS-S12,Edit Lifestyle Activity,1036:7620,PER-LS-S12-W006,Date & Time,I1036:7651;463:4501,Entry Details,Date/Time Input,WRITE_DRAFT,SOURCE_DEPENDENT,Activity.ResolveAndEdit,PATCH,,DEFERRED,Unresolved canonical — review
LS,,PER-LS-S12,Edit Lifestyle Activity,1036:7620,PER-LS-S12-W007,Activity Notes,1036:7654,Notes,Text Area,WRITE_DRAFT,SOURCE_DEPENDENT,Activity.ResolveAndEdit,PATCH,,DEFERRED,Unresolved canonical — review
LS,,PER-LS-S12,Edit Lifestyle Activity,1036:7620,PER-LS-S12-W008,Notes Character Limit,1036:7656,Notes,Validation Hint,DERIVED_LOCAL,LOCAL_UI,LOCAL_ONLY,LOCAL,LOCAL,LOCAL_ONLY,UI-only / navigation
LS,,PER-LS-S12,Edit Lifestyle Activity,1036:7620,PER-LS-S12-W009,Notes Character Count,1036:7657,Notes,Dynamic Validation,DERIVED_LOCAL,LOCAL_UI,LOCAL_ONLY,LOCAL,LOCAL,LOCAL_ONLY,UI-only / navigation
LS,,PER-LS-S12,Edit Lifestyle Activity,1036:7620,PER-LS-S12-W010,Essential Tag,1036:7659,Tags,Tag Chip,WRITE_DRAFT,SOURCE_DEPENDENT,Activity.ResolveAndEdit,PATCH,,DEFERRED,Unresolved canonical — review
LS,,PER-LS-S12,Edit Lifestyle Activity,1036:7620,PER-LS-S12-W011,Planned Tag,1036:7661,Tags,Tag Chip,WRITE_DRAFT,SOURCE_DEPENDENT,Activity.ResolveAndEdit,PATCH,,DEFERRED,Unresolved canonical — review
LS,,PER-LS-S12,Edit Lifestyle Activity,1036:7620,PER-LS-S12-W012,Impulse Tag,1036:7663,Tags,Tag Chip,WRITE_DRAFT,SOURCE_DEPENDENT,Activity.ResolveAndEdit,PATCH,,DEFERRED,Unresolved canonical — review
LS,,PER-LS-S12,Edit Lifestyle Activity,1036:7620,PER-LS-S12-W013,Budget Tag,1036:7665,Tags,Tag Chip,WRITE_DRAFT,SOURCE_DEPENDENT,Activity.ResolveAndEdit,PATCH,,DEFERRED,Unresolved canonical — review
LS,,PER-LS-S12,Edit Lifestyle Activity,1036:7620,PER-LS-S12-W014,Weekly Tag,1036:7667,Tags,Tag Chip,WRITE_DRAFT,SOURCE_DEPENDENT,Activity.ResolveAndEdit,PATCH,,DEFERRED,Unresolved canonical — review
LS,,PER-LS-S12,Edit Lifestyle Activity,1036:7620,PER-LS-S12-W015,Save Changes,I1036:7670;848:6683,Actions,Primary CTA,COMMAND_DISPATCH,SOURCE_DEPENDENT,Lifestyle.UpdateActivity / Activity.ResolveAndEdit,PATCH,POST /v1/moments/:id/lifestyle-activities | GET lifestyle-*,WIRED,Live write + client Quick Add
LS,,PER-LS-S12,Edit Lifestyle Activity,1036:7620,PER-LS-S12-W016,Delete Activity,1036:7671,Actions,Destructive CTA,COMMAND_DISPATCH,SOURCE_DEPENDENT,Lifestyle.CancelActivity / Activity.ResolveAndCancel,POST,POST /v1/moments/:id/lifestyle-activities | GET lifestyle-*,WIRED,Live write + client Quick Add
REL,,PER-REL-S01,Relationships Setup,353:7217,PER-REL-S01-W001,Relationship Basics,936:729,Setup Form / Configuration,Form / Wizard,WRITE_DRAFT,CANONICAL_WRITE,Relationships.Configure,PATCH,POST /v1/moments/:id/relationship-activities | GET relationships-*,WIRED,Live write + client Quick Add
REL,,PER-REL-S01,Relationships Setup,353:7217,PER-REL-S01-W002,People & Circles,936:729,Setup Form / Configuration,Form / Wizard,WRITE_DRAFT,CANONICAL_WRITE,Relationships.Configure,PATCH,POST /v1/moments/:id/relationship-activities | GET relationships-*,WIRED,Live write + client Quick Add
REL,,PER-REL-S01,Relationships Setup,353:7217,PER-REL-S01-W003,Care & Outlook,936:729,Setup Form / Configuration,Form / Wizard,WRITE_DRAFT,CANONICAL_WRITE,Relationships.Configure,PATCH,POST /v1/moments/:id/relationship-activities | GET relationships-*,WIRED,Live write + client Quick Add
REL,,PER-REL-S01,Relationships Setup,353:7217,PER-REL-S01-W004,Relationship Summary,936:729,Setup Form / Configuration,Form / Wizard,DERIVED,DERIVED_UI,Relationships.Setup.Get,GET,POST /v1/moments/:id/relationship-activities | GET relationships-*,WIRED,Live write + client Quick Add
REL,,PER-REL-S01,Relationships Setup,353:7217,PER-REL-S01-W005,Activate My Relationships,936:729,Setup Form / Configuration,CTA / Action,COMMAND,CANONICAL_WRITE,Moment.Activate / Relationships.Configure,PATCH,POST /v1/moments/:id/relationship-activities | GET relationships-*,WIRED,Live write + client Quick Add
REL,,PER-REL-S01,Relationships Setup,353:7217,PER-REL-S01-W006,Relationships Setup — Zero-Gap Field/Control 01,353:7217,Zero-Gap Additions / Live Figma,UI Field / Control — exact semantic type pending,SOURCE_REVIEW_REQUIRED,CANONICAL_WRITE / LOCAL_UI TBD,Relationships.Configure (logical),TBD,,DEFERRED,Contract TBD/deferred: Relationships.Configure (logical)
REL,,PER-REL-S01,Relationships Setup,353:7217,PER-REL-S01-W007,Relationships Setup — Zero-Gap Field/Control 02,353:7217,Zero-Gap Additions / Live Figma,UI Field / Control — exact semantic type pending,SOURCE_REVIEW_REQUIRED,CANONICAL_WRITE / LOCAL_UI TBD,Relationships.Configure (logical),TBD,,DEFERRED,Contract TBD/deferred: Relationships.Configure (logical)
REL,,PER-REL-S01,Relationships Setup,353:7217,PER-REL-S01-W008,Relationships Setup — Zero-Gap Field/Control 03,353:7217,Zero-Gap Additions / Live Figma,UI Field / Control — exact semantic type pending,SOURCE_REVIEW_REQUIRED,CANONICAL_WRITE / LOCAL_UI TBD,Relationships.Configure (logical),TBD,,DEFERRED,Contract TBD/deferred: Relationships.Configure (logical)
REL,,PER-REL-S01,Relationships Setup,353:7217,PER-REL-S01-W009,Relationships Setup — Zero-Gap Field/Control 04,353:7217,Zero-Gap Additions / Live Figma,UI Field / Control — exact semantic type pending,SOURCE_REVIEW_REQUIRED,CANONICAL_WRITE / LOCAL_UI TBD,Relationships.Configure (logical),TBD,,DEFERRED,Contract TBD/deferred: Relationships.Configure (logical)
REL,,PER-REL-S01,Relationships Setup,353:7217,PER-REL-S01-W010,Relationships Setup — Zero-Gap Field/Control 05,353:7217,Zero-Gap Additions / Live Figma,UI Field / Control — exact semantic type pending,SOURCE_REVIEW_REQUIRED,CANONICAL_WRITE / LOCAL_UI TBD,Relationships.Configure (logical),TBD,,DEFERRED,Contract TBD/deferred: Relationships.Configure (logical)
REL,,PER-REL-S01,Relationships Setup,353:7217,PER-REL-S01-W011,Relationships Setup — Zero-Gap Field/Control 06,353:7217,Zero-Gap Additions / Live Figma,UI Field / Control — exact semantic type pending,SOURCE_REVIEW_REQUIRED,CANONICAL_WRITE / LOCAL_UI TBD,Relationships.Configure (logical),TBD,,DEFERRED,Contract TBD/deferred: Relationships.Configure (logical)
REL,,PER-REL-S01,Relationships Setup,353:7217,PER-REL-S01-W012,Relationships Setup — Zero-Gap Field/Control 07,353:7217,Zero-Gap Additions / Live Figma,UI Field / Control — exact semantic type pending,SOURCE_REVIEW_REQUIRED,CANONICAL_WRITE / LOCAL_UI TBD,Relationships.Configure (logical),TBD,,DEFERRED,Contract TBD/deferred: Relationships.Configure (logical)
REL,,PER-REL-S01,Relationships Setup,353:7217,PER-REL-S01-W013,Relationships Setup — Zero-Gap Field/Control 08,353:7217,Zero-Gap Additions / Live Figma,UI Field / Control — exact semantic type pending,SOURCE_REVIEW_REQUIRED,CANONICAL_WRITE / LOCAL_UI TBD,Relationships.Configure (logical),TBD,,DEFERRED,Contract TBD/deferred: Relationships.Configure (logical)
REL,,PER-REL-S01,Relationships Setup,353:7217,PER-REL-S01-W014,Relationships Setup — Zero-Gap Field/Control 09,353:7217,Zero-Gap Additions / Live Figma,UI Field / Control — exact semantic type pending,SOURCE_REVIEW_REQUIRED,CANONICAL_WRITE / LOCAL_UI TBD,Relationships.Configure (logical),TBD,,DEFERRED,Contract TBD/deferred: Relationships.Configure (logical)
REL,,PER-REL-S01,Relationships Setup,353:7217,PER-REL-S01-W015,Relationships Setup — Zero-Gap Field/Control 10,353:7217,Zero-Gap Additions / Live Figma,UI Field / Control — exact semantic type pending,SOURCE_REVIEW_REQUIRED,CANONICAL_WRITE / LOCAL_UI TBD,Relationships.Configure (logical),TBD,,DEFERRED,Contract TBD/deferred: Relationships.Configure (logical)
REL,,PER-REL-S01,Relationships Setup,353:7217,PER-REL-S01-W016,Relationships Setup — Zero-Gap Field/Control 11,353:7217,Zero-Gap Additions / Live Figma,UI Field / Control — exact semantic type pending,SOURCE_REVIEW_REQUIRED,CANONICAL_WRITE / LOCAL_UI TBD,Relationships.Configure (logical),TBD,,DEFERRED,Contract TBD/deferred: Relationships.Configure (logical)
REL,,PER-REL-S01,Relationships Setup,353:7217,PER-REL-S01-W017,Relationships Setup — Zero-Gap Field/Control 12,353:7217,Zero-Gap Additions / Live Figma,UI Field / Control — exact semantic type pending,SOURCE_REVIEW_REQUIRED,CANONICAL_WRITE / LOCAL_UI TBD,Relationships.Configure (logical),TBD,,DEFERRED,Contract TBD/deferred: Relationships.Configure (logical)
REL,,PER-REL-S01,Relationships Setup,353:7217,PER-REL-S01-W018,Relationships Setup — Zero-Gap Field/Control 13,353:7217,Zero-Gap Additions / Live Figma,UI Field / Control — exact semantic type pending,SOURCE_REVIEW_REQUIRED,CANONICAL_WRITE / LOCAL_UI TBD,Relationships.Configure (logical),TBD,,DEFERRED,Contract TBD/deferred: Relationships.Configure (logical)
REL,,PER-REL-S01,Relationships Setup,353:7217,PER-REL-S01-W019,Relationships Setup — Zero-Gap Field/Control 14,353:7217,Zero-Gap Additions / Live Figma,UI Field / Control — exact semantic type pending,SOURCE_REVIEW_REQUIRED,CANONICAL_WRITE / LOCAL_UI TBD,Relationships.Configure (logical),TBD,,DEFERRED,Contract TBD/deferred: Relationships.Configure (logical)
REL,,PER-REL-S01,Relationships Setup,353:7217,PER-REL-S01-W020,Relationships Setup — Zero-Gap Field/Control 15,353:7217,Zero-Gap Additions / Live Figma,UI Field / Control — exact semantic type pending,SOURCE_REVIEW_REQUIRED,CANONICAL_WRITE / LOCAL_UI TBD,Relationships.Configure (logical),TBD,,DEFERRED,Contract TBD/deferred: Relationships.Configure (logical)
REL,,PER-REL-S01,Relationships Setup,353:7217,PER-REL-S01-W021,Relationships Setup — Zero-Gap Field/Control 16,353:7217,Zero-Gap Additions / Live Figma,UI Field / Control — exact semantic type pending,SOURCE_REVIEW_REQUIRED,CANONICAL_WRITE / LOCAL_UI TBD,Relationships.Configure (logical),TBD,,DEFERRED,Contract TBD/deferred: Relationships.Configure (logical)
REL,,PER-REL-S01,Relationships Setup,353:7217,PER-REL-S01-W022,Relationships Setup — Zero-Gap Field/Control 17,353:7217,Zero-Gap Additions / Live Figma,UI Field / Control — exact semantic type pending,SOURCE_REVIEW_REQUIRED,CANONICAL_WRITE / LOCAL_UI TBD,Relationships.Configure (logical),TBD,,DEFERRED,Contract TBD/deferred: Relationships.Configure (logical)
REL,,PER-REL-S01,Relationships Setup,353:7217,PER-REL-S01-W023,Relationships Setup — Zero-Gap Field/Control 18,353:7217,Zero-Gap Additions / Live Figma,UI Field / Control — exact semantic type pending,SOURCE_REVIEW_REQUIRED,CANONICAL_WRITE / LOCAL_UI TBD,Relationships.Configure (logical),TBD,,DEFERRED,Contract TBD/deferred: Relationships.Configure (logical)
REL,,PER-REL-S01,Relationships Setup,353:7217,PER-REL-S01-W024,Relationships Setup — Zero-Gap Field/Control 19,353:7217,Zero-Gap Additions / Live Figma,UI Field / Control — exact semantic type pending,SOURCE_REVIEW_REQUIRED,CANONICAL_WRITE / LOCAL_UI TBD,Relationships.Configure (logical),TBD,,DEFERRED,Contract TBD/deferred: Relationships.Configure (logical)
REL,,PER-REL-S01,Relationships Setup,353:7217,PER-REL-S01-W025,Relationships Setup — Zero-Gap Field/Control 20,353:7217,Zero-Gap Additions / Live Figma,UI Field / Control — exact semantic type pending,SOURCE_REVIEW_REQUIRED,CANONICAL_WRITE / LOCAL_UI TBD,Relationships.Configure (logical),TBD,,DEFERRED,Contract TBD/deferred: Relationships.Configure (logical)
REL,,PER-REL-S01,Relationships Setup,353:7217,PER-REL-S01-W026,Relationships Setup — Zero-Gap Field/Control 21,353:7217,Zero-Gap Additions / Live Figma,UI Field / Control — exact semantic type pending,SOURCE_REVIEW_REQUIRED,CANONICAL_WRITE / LOCAL_UI TBD,Relationships.Configure (logical),TBD,,DEFERRED,Contract TBD/deferred: Relationships.Configure (logical)
REL,,PER-REL-S01,Relationships Setup,353:7217,PER-REL-S01-W027,Relationships Setup — Zero-Gap Field/Control 22,353:7217,Zero-Gap Additions / Live Figma,UI Field / Control — exact semantic type pending,SOURCE_REVIEW_REQUIRED,CANONICAL_WRITE / LOCAL_UI TBD,Relationships.Configure (logical),TBD,,DEFERRED,Contract TBD/deferred: Relationships.Configure (logical)
REL,,PER-REL-S01,Relationships Setup,353:7217,PER-REL-S01-W028,Relationships Setup — Zero-Gap Field/Control 23,353:7217,Zero-Gap Additions / Live Figma,UI Field / Control — exact semantic type pending,SOURCE_REVIEW_REQUIRED,CANONICAL_WRITE / LOCAL_UI TBD,Relationships.Configure (logical),TBD,,DEFERRED,Contract TBD/deferred: Relationships.Configure (logical)
REL,,PER-REL-S01,Relationships Setup,353:7217,PER-REL-S01-W029,Relationships Setup — Zero-Gap Field/Control 24,353:7217,Zero-Gap Additions / Live Figma,UI Field / Control — exact semantic type pending,SOURCE_REVIEW_REQUIRED,CANONICAL_WRITE / LOCAL_UI TBD,Relationships.Configure (logical),TBD,,DEFERRED,Contract TBD/deferred: Relationships.Configure (logical)
REL,,PER-REL-S01,Relationships Setup,353:7217,PER-REL-S01-W030,Relationships Setup — Zero-Gap Field/Control 25,353:7217,Zero-Gap Additions / Live Figma,UI Field / Control — exact semantic type pending,SOURCE_REVIEW_REQUIRED,CANONICAL_WRITE / LOCAL_UI TBD,Relationships.Configure (logical),TBD,,DEFERRED,Contract TBD/deferred: Relationships.Configure (logical)
REL,,PER-REL-S01,Relationships Setup,353:7217,PER-REL-S01-W031,Relationships Setup — Zero-Gap Field/Control 26,353:7217,Zero-Gap Additions / Live Figma,UI Field / Control — exact semantic type pending,SOURCE_REVIEW_REQUIRED,CANONICAL_WRITE / LOCAL_UI TBD,Relationships.Configure (logical),TBD,,DEFERRED,Contract TBD/deferred: Relationships.Configure (logical)
REL,,PER-REL-S01,Relationships Setup,353:7217,PER-REL-S01-W032,Relationships Setup — Zero-Gap Field/Control 27,353:7217,Zero-Gap Additions / Live Figma,UI Field / Control — exact semantic type pending,SOURCE_REVIEW_REQUIRED,CANONICAL_WRITE / LOCAL_UI TBD,Relationships.Configure (logical),TBD,,DEFERRED,Contract TBD/deferred: Relationships.Configure (logical)
REL,,PER-REL-S01,Relationships Setup,353:7217,PER-REL-S01-W033,Relationships Setup — Zero-Gap Field/Control 28,353:7217,Zero-Gap Additions / Live Figma,UI Field / Control — exact semantic type pending,SOURCE_REVIEW_REQUIRED,CANONICAL_WRITE / LOCAL_UI TBD,Relationships.Configure (logical),TBD,,DEFERRED,Contract TBD/deferred: Relationships.Configure (logical)
REL,,PER-REL-S01,Relationships Setup,353:7217,PER-REL-S01-W034,Relationships Setup — Zero-Gap Field/Control 29,353:7217,Zero-Gap Additions / Live Figma,UI Field / Control — exact semantic type pending,SOURCE_REVIEW_REQUIRED,CANONICAL_WRITE / LOCAL_UI TBD,Relationships.Configure (logical),TBD,,DEFERRED,Contract TBD/deferred: Relationships.Configure (logical)
REL,,PER-REL-S01,Relationships Setup,353:7217,PER-REL-S01-W035,Relationships Setup — Zero-Gap Field/Control 30,353:7217,Zero-Gap Additions / Live Figma,UI Field / Control — exact semantic type pending,SOURCE_REVIEW_REQUIRED,CANONICAL_WRITE / LOCAL_UI TBD,Relationships.Configure (logical),TBD,,DEFERRED,Contract TBD/deferred: Relationships.Configure (logical)
REL,,PER-REL-S01,Relationships Setup,353:7217,PER-REL-S01-W036,Relationships Setup — Zero-Gap Field/Control 31,353:7217,Zero-Gap Additions / Live Figma,UI Field / Control — exact semantic type pending,SOURCE_REVIEW_REQUIRED,CANONICAL_WRITE / LOCAL_UI TBD,Relationships.Configure (logical),TBD,,DEFERRED,Contract TBD/deferred: Relationships.Configure (logical)
REL,,PER-REL-S01,Relationships Setup,353:7217,PER-REL-S01-W037,Relationships Setup — Zero-Gap Field/Control 32,353:7217,Zero-Gap Additions / Live Figma,UI Field / Control — exact semantic type pending,SOURCE_REVIEW_REQUIRED,CANONICAL_WRITE / LOCAL_UI TBD,Relationships.Configure (logical),TBD,,DEFERRED,Contract TBD/deferred: Relationships.Configure (logical)
REL,,PER-REL-S01,Relationships Setup,353:7217,PER-REL-S01-W038,Relationships Setup — Zero-Gap Field/Control 33,353:7217,Zero-Gap Additions / Live Figma,UI Field / Control — exact semantic type pending,SOURCE_REVIEW_REQUIRED,CANONICAL_WRITE / LOCAL_UI TBD,Relationships.Configure (logical),TBD,,DEFERRED,Contract TBD/deferred: Relationships.Configure (logical)
REL,,PER-REL-S01,Relationships Setup,353:7217,PER-REL-S01-W039,Relationships Setup — Zero-Gap Field/Control 34,353:7217,Zero-Gap Additions / Live Figma,UI Field / Control — exact semantic type pending,SOURCE_REVIEW_REQUIRED,CANONICAL_WRITE / LOCAL_UI TBD,Relationships.Configure (logical),TBD,,DEFERRED,Contract TBD/deferred: Relationships.Configure (logical)
REL,,PER-REL-S01,Relationships Setup,353:7217,PER-REL-S01-W040,Relationships Setup — Zero-Gap Field/Control 35,353:7217,Zero-Gap Additions / Live Figma,UI Field / Control — exact semantic type pending,SOURCE_REVIEW_REQUIRED,CANONICAL_WRITE / LOCAL_UI TBD,Relationships.Configure (logical),TBD,,DEFERRED,Contract TBD/deferred: Relationships.Configure (logical)
REL,,PER-REL-S01,Relationships Setup,353:7217,PER-REL-S01-W041,Relationships Setup — Zero-Gap Field/Control 36,353:7217,Zero-Gap Additions / Live Figma,UI Field / Control — exact semantic type pending,SOURCE_REVIEW_REQUIRED,CANONICAL_WRITE / LOCAL_UI TBD,Relationships.Configure (logical),TBD,,DEFERRED,Contract TBD/deferred: Relationships.Configure (logical)
REL,,PER-REL-S02,Relationships Pulse,505:11793,PER-REL-S02-W001,360,763:14131,Application Top Bar,Navigation / Shell,LOCAL_NAVIGATION,LOCAL_UI,LOCAL_ONLY,LOCAL,LOCAL,LOCAL_ONLY,UI-only / navigation
REL,,PER-REL-S02,Relationships Pulse,505:11793,PER-REL-S02-W002,Moments,763:14131,Application Top Bar,Navigation / Shell,LOCAL_NAVIGATION,LOCAL_UI,LOCAL_ONLY,LOCAL,LOCAL,LOCAL_ONLY,UI-only / navigation
REL,,PER-REL-S02,Relationships Pulse,505:11793,PER-REL-S02-W003,profile/avatar,763:14131,Application Top Bar,Navigation / Shell,BOOTSTRAP_READ,BOOTSTRAP,UserProfile.Get,GET,GET /v1/me,WIRED,Live read + client consume
REL,,PER-REL-S02,Relationships Pulse,505:11793,PER-REL-S02-W004,Personal,763:14132,Context Switcher,Selector / Filter / Chip,CONTEXT_NAVIGATION,LOCAL_UI / SERVER_RESOLVED_CONTEXT,Context.Switch,LOCAL,LOCAL,LOCAL_ONLY,UI-only / navigation
REL,,PER-REL-S02,Relationships Pulse,505:11793,PER-REL-S02-W005,Group,763:14132,Context Switcher,Selector / Filter / Chip,CONTEXT_NAVIGATION,LOCAL_UI / SERVER_RESOLVED_CONTEXT,Context.Switch,LOCAL,LOCAL,LOCAL_ONLY,UI-only / navigation
REL,,PER-REL-S02,Relationships Pulse,505:11793,PER-REL-S02-W006,Business,763:14132,Context Switcher,Selector / Filter / Chip,CONTEXT_NAVIGATION,LOCAL_UI / SERVER_RESOLVED_CONTEXT,Context.Switch,LOCAL,LOCAL,LOCAL_ONLY,UI-only / navigation
REL,,PER-REL-S02,Relationships Pulse,505:11793,PER-REL-S02-W007,Circle,763:14132,Context Switcher,Selector / Filter / Chip,CONTEXT_NAVIGATION,LOCAL_UI / SERVER_RESOLVED_CONTEXT,Context.Switch,LOCAL,LOCAL,LOCAL_ONLY,UI-only / navigation
REL,,PER-REL-S02,Relationships Pulse,505:11793,PER-REL-S02-W008,Life Operations,763:14143,Personal Domain Selector,Selector / Filter / Chip,CONTEXT_READ / NAVIGATION,CANONICAL_CONTEXT_READ,PersonalDomain.GetContext,GET,,DEFERRED,Contract TBD/deferred: PersonalDomain.GetContext
REL,,PER-REL-S02,Relationships Pulse,505:11793,PER-REL-S02-W009,Future Building,763:14143,Personal Domain Selector,Selector / Filter / Chip,CONTEXT_READ / NAVIGATION,CANONICAL_CONTEXT_READ,PersonalDomain.GetContext,GET,,DEFERRED,Contract TBD/deferred: PersonalDomain.GetContext
REL,,PER-REL-S02,Relationships Pulse,505:11793,PER-REL-S02-W010,Lifestyle,763:14143,Personal Domain Selector,Selector / Filter / Chip,CONTEXT_READ / NAVIGATION,CANONICAL_CONTEXT_READ,PersonalDomain.GetContext,GET,,DEFERRED,Contract TBD/deferred: PersonalDomain.GetContext
REL,,PER-REL-S02,Relationships Pulse,505:11793,PER-REL-S02-W011,Relationships,763:14143,Personal Domain Selector,Selector / Filter / Chip,CONTEXT_READ / NAVIGATION,CANONICAL_CONTEXT_READ,PersonalDomain.GetContext,GET,,DEFERRED,Contract TBD/deferred: PersonalDomain.GetContext
REL,,PER-REL-S02,Relationships Pulse,505:11793,PER-REL-S02-W012,Settings,763:14143,Personal Domain Selector,Selector / Filter / Chip,CONTEXT_READ / NAVIGATION,CANONICAL_CONTEXT_READ,PersonalDomain.GetContext,GET,,DEFERRED,Contract TBD/deferred: PersonalDomain.GetContext
REL,,PER-REL-S02,Relationships Pulse,505:11793,PER-REL-S02-W013,Expense FAB,1035:7763,Expense FAB,CTA / Action,ACTION_LAUNCH,CAPABILITY_READ,PersonalQuickAdd.ListAvailable / EXPENSE_CREATE,GET,,DEFERRED,Contract TBD/deferred: PersonalQuickAdd.ListAvailable / EXPENSE_CREATE
REL,,PER-REL-S02,Relationships Pulse,505:11793,PER-REL-S02-W014,Pulse,778:5577,Bottom Navigation,Navigation / Shell,LOCAL_NAVIGATION,LOCAL_UI,LOCAL_ONLY,LOCAL,LOCAL,LOCAL_ONLY,UI-only / navigation
REL,,PER-REL-S02,Relationships Pulse,505:11793,PER-REL-S02-W015,Moments,778:5577,Bottom Navigation,Navigation / Shell,LOCAL_NAVIGATION,LOCAL_UI,LOCAL_ONLY,LOCAL,LOCAL,LOCAL_ONLY,UI-only / navigation
REL,,PER-REL-S02,Relationships Pulse,505:11793,PER-REL-S02-W016,Quick adds,778:5577,Bottom Navigation,CTA / Action,LOCAL_NAVIGATION,LOCAL_UI,LOCAL_ONLY,LOCAL,LOCAL,LOCAL_ONLY,UI-only / navigation
REL,,PER-REL-S02,Relationships Pulse,505:11793,PER-REL-S02-W017,Life,778:5577,Bottom Navigation,Navigation / Shell,LOCAL_NAVIGATION,LOCAL_UI,LOCAL_ONLY,LOCAL,LOCAL,LOCAL_ONLY,UI-only / navigation
REL,,PER-REL-S02,Relationships Pulse,505:11793,PER-REL-S02-W018,Memory,778:5577,Bottom Navigation,Navigation / Shell,LOCAL_NAVIGATION,LOCAL_UI,LOCAL_ONLY,LOCAL,LOCAL,LOCAL_ONLY,UI-only / navigation
REL,,PER-REL-S02,Relationships Pulse,505:11793,PER-REL-S02-W019,Bond Index 78/100,505:11798,Bond Index Hero,Derived / Dynamic Display,DERIVED,PROJECTION_READ / ANALYTICS,PersonalPulse.Get / Metric.Get / Analytics.GetDrivers,GET,,DEFERRED,Contract TBD/deferred: PersonalPulse.Get / Metric.Get / Analytics.GetDrivers
REL,,PER-REL-S02,Relationships Pulse,505:11793,PER-REL-S02-W020,Network Stability,505:11798,Bond Index Hero,Selector / Filter / Chip,DERIVED,PROJECTION_READ / ANALYTICS,PersonalPulse.Get / Metric.Get / Analytics.GetDrivers,GET,,DEFERRED,Contract TBD/deferred: PersonalPulse.Get / Metric.Get / Analytics.GetDrivers
REL,,PER-REL-S02,Relationships Pulse,505:11793,PER-REL-S02-W021,Trust 62,505:11798,Bond Index Hero,Derived / Dynamic Display,DERIVED,PROJECTION_READ / ANALYTICS,PersonalPulse.Get / Metric.Get / Analytics.GetDrivers,GET,,DEFERRED,Contract TBD/deferred: PersonalPulse.Get / Metric.Get / Analytics.GetDrivers
REL,,PER-REL-S02,Relationships Pulse,505:11793,PER-REL-S02-W022,Support 74,505:11798,Bond Index Hero,Derived / Dynamic Display,DERIVED,PROJECTION_READ / ANALYTICS,PersonalPulse.Get / Metric.Get / Analytics.GetDrivers,GET,,DEFERRED,Contract TBD/deferred: PersonalPulse.Get / Metric.Get / Analytics.GetDrivers
REL,,PER-REL-S02,Relationships Pulse,505:11793,PER-REL-S02-W023,Presence 81,505:11798,Bond Index Hero,Derived / Dynamic Display,DERIVED,PROJECTION_READ / ANALYTICS,PersonalPulse.Get / Metric.Get / Analytics.GetDrivers,GET,,DEFERRED,Contract TBD/deferred: PersonalPulse.Get / Metric.Get / Analytics.GetDrivers
REL,,PER-REL-S02,Relationships Pulse,505:11793,PER-REL-S02-W024,Care 77,505:11798,Bond Index Hero,Derived / Dynamic Display,DERIVED,PROJECTION_READ / ANALYTICS,PersonalPulse.Get / Metric.Get / Analytics.GetDrivers,GET,,DEFERRED,Contract TBD/deferred: PersonalPulse.Get / Metric.Get / Analytics.GetDrivers
REL,,PER-REL-S02,Relationships Pulse,505:11793,PER-REL-S02-W025,Capacity 8 connections,505:11830,Relationship Capacity Summary,Derived / Dynamic Display,DERIVED,PROJECTION_READ / ANALYTICS,PersonalPulse.Get / Metric.Get / Analytics.GetDrivers,GET,,DEFERRED,Contract TBD/deferred: PersonalPulse.Get / Metric.Get / Analytics.GetDrivers
REL,,PER-REL-S02,Relationships Pulse,505:11793,PER-REL-S02-W026,Support 12,505:11830,Relationship Capacity Summary,Derived / Dynamic Display,DERIVED,PROJECTION_READ / ANALYTICS,PersonalPulse.Get / Metric.Get / Analytics.GetDrivers,GET,,DEFERRED,Contract TBD/deferred: PersonalPulse.Get / Metric.Get / Analytics.GetDrivers
REL,,PER-REL-S02,Relationships Pulse,505:11793,PER-REL-S02-W027,Trust ↑,505:11840,Live Signals,Signal Card,DERIVED,PROJECTION_READ / ANALYTICS,PersonalPulse.Get / Metric.Get / Analytics.GetDrivers,GET,,DEFERRED,Contract TBD/deferred: PersonalPulse.Get / Metric.Get / Analytics.GetDrivers
REL,,PER-REL-S02,Relationships Pulse,505:11793,PER-REL-S02-W028,Care →,505:11840,Live Signals,Signal Card,DERIVED,PROJECTION_READ / ANALYTICS,PersonalPulse.Get / Metric.Get / Analytics.GetDrivers,GET,,DEFERRED,Contract TBD/deferred: PersonalPulse.Get / Metric.Get / Analytics.GetDrivers
REL,,PER-REL-S02,Relationships Pulse,505:11793,PER-REL-S02-W029,Trust +14,505:11850,Score Drivers Impact,Driver Analysis,DERIVED,PROJECTION_READ / ANALYTICS,PersonalPulse.Get / Metric.Get / Analytics.GetDrivers,GET,,DEFERRED,Contract TBD/deferred: PersonalPulse.Get / Metric.Get / Analytics.GetDrivers
REL,,PER-REL-S02,Relationships Pulse,505:11793,PER-REL-S02-W030,Consistency +11,505:11850,Score Drivers Impact,Driver Analysis,DERIVED,PROJECTION_READ / ANALYTICS,PersonalPulse.Get / Metric.Get / Analytics.GetDrivers,GET,,DEFERRED,Contract TBD/deferred: PersonalPulse.Get / Metric.Get / Analytics.GetDrivers
REL,,PER-REL-S02,Relationships Pulse,505:11793,PER-REL-S02-W031,Mood +6,505:11850,Score Drivers Impact,Driver Analysis,DERIVED,PROJECTION_READ / ANALYTICS,PersonalPulse.Get / Metric.Get / Analytics.GetDrivers,GET,,DEFERRED,Contract TBD/deferred: PersonalPulse.Get / Metric.Get / Analytics.GetDrivers
REL,,PER-REL-S02,Relationships Pulse,505:11793,PER-REL-S02-W032,Care -11,505:11850,Score Drivers Impact,Driver Analysis,DERIVED,PROJECTION_READ / ANALYTICS,PersonalPulse.Get / Metric.Get / Analytics.GetDrivers,GET,,DEFERRED,Contract TBD/deferred: PersonalPulse.Get / Metric.Get / Analytics.GetDrivers
REL,,PER-REL-S02,Relationships Pulse,505:11793,PER-REL-S02-W033,Stress 62%,505:11872,Current State Snapshot,Derived / Dynamic Display,DERIVED,PROJECTION_READ / ANALYTICS,PersonalPulse.Get / Metric.Get / Analytics.GetDrivers,GET,,DEFERRED,Contract TBD/deferred: PersonalPulse.Get / Metric.Get / Analytics.GetDrivers
REL,,PER-REL-S02,Relationships Pulse,505:11793,PER-REL-S02-W034,Capacity 12,505:11872,Current State Snapshot,Derived / Dynamic Display,DERIVED,PROJECTION_READ / ANALYTICS,PersonalPulse.Get / Metric.Get / Analytics.GetDrivers,GET,,DEFERRED,Contract TBD/deferred: PersonalPulse.Get / Metric.Get / Analytics.GetDrivers
REL,,PER-REL-S02,Relationships Pulse,505:11793,PER-REL-S02-W035,Presence 81%,505:11872,Current State Snapshot,Derived / Dynamic Display,DERIVED,PROJECTION_READ / ANALYTICS,PersonalPulse.Get / Metric.Get / Analytics.GetDrivers,GET,,DEFERRED,Contract TBD/deferred: PersonalPulse.Get / Metric.Get / Analytics.GetDrivers
REL,,PER-REL-S02,Relationships Pulse,505:11793,PER-REL-S02-W036,Stability 74%,505:11872,Current State Snapshot,Selector / Filter / Chip,DERIVED,PROJECTION_READ / ANALYTICS,PersonalPulse.Get / Metric.Get / Analytics.GetDrivers,GET,,DEFERRED,Contract TBD/deferred: PersonalPulse.Get / Metric.Get / Analytics.GetDrivers
REL,,PER-REL-S02,Relationships Pulse,505:11793,PER-REL-S02-W037,Connection block,505:11893,Recent Activity Feed,Activity Feed,READ_LIST,PROJECTION_READ,PersonalActivity.List,GET,GET /v1/personal/activity,WIRED,Live read + client consume
REL,,PER-REL-S02,Relationships Pulse,505:11793,PER-REL-S02-W038,Conflict,505:11893,Recent Activity Feed,Activity Feed,READ_LIST,PROJECTION_READ,PersonalActivity.List,GET,GET /v1/personal/activity,WIRED,Live read + client consume
REL,,PER-REL-S02,Relationships Pulse,505:11793,PER-REL-S02-W039,Quality time,505:11893,Recent Activity Feed,Input / Editable Field,READ_LIST,PROJECTION_READ,PersonalActivity.List,GET,GET /v1/personal/activity,WIRED,Live read + client consume
REL,,PER-REL-S02,Relationships Pulse,505:11793,PER-REL-S02-W040,timestamps,505:11893,Recent Activity Feed,Input / Editable Field,READ_LIST,PROJECTION_READ,PersonalActivity.List,GET,GET /v1/personal/activity,WIRED,Live read + client consume
REL,,PER-REL-S02,Relationships Pulse,505:11793,PER-REL-S02-W041,impacts,505:11893,Recent Activity Feed,Activity Feed,READ_LIST,PROJECTION_READ,PersonalActivity.List,GET,GET /v1/personal/activity,WIRED,Live read + client consume
REL,,PER-REL-S02,Relationships Pulse,505:11793,PER-REL-S02-W042,View All,505:11893,Recent Activity Feed,CTA / Action,READ_LIST,PROJECTION_READ,PersonalActivity.List,GET,GET /v1/personal/activity,WIRED,Live read + client consume
REL,,PER-REL-S02,Relationships Pulse,505:11793,PER-REL-S02-W043,Housing 34%,505:11913,Shared Spend Breakdown,Financial Breakdown,DERIVED,PROJECTION_READ / FINANCE,Finance.GetPersonalSnapshot / PersonalPulse.Get,GET,GET /v1/personal/pulse,WIRED,Live read + client consume
REL,,PER-REL-S02,Relationships Pulse,505:11793,PER-REL-S02-W044,Food & Dining 23%,505:11913,Shared Spend Breakdown,Financial Breakdown,DERIVED,PROJECTION_READ / FINANCE,Finance.GetPersonalSnapshot / PersonalPulse.Get,GET,GET /v1/personal/pulse,WIRED,Live read + client consume
REL,,PER-REL-S02,Relationships Pulse,505:11793,PER-REL-S02-W045,Transport 14%,505:11913,Shared Spend Breakdown,Financial Breakdown,DERIVED,PROJECTION_READ / FINANCE,Finance.GetPersonalSnapshot / PersonalPulse.Get,GET,GET /v1/personal/pulse,WIRED,Live read + client consume
REL,,PER-REL-S02,Relationships Pulse,505:11793,PER-REL-S02-W046,Other 29%,505:11913,Shared Spend Breakdown,Financial Breakdown,DERIVED,PROJECTION_READ / FINANCE,Finance.GetPersonalSnapshot / PersonalPulse.Get,GET,GET /v1/personal/pulse,WIRED,Live read + client consume
REL,,PER-REL-S02,Relationships Pulse,505:11793,PER-REL-S02-W047,Family Bond 84,505:11936,Relationship Accounts / Bonds,Relationship List,DERIVED,CANONICAL_READ + ANALYTICS,Relationships.ConnectionList / Metric.Get,GET,,DEFERRED,Contract TBD/deferred: Relationships.ConnectionList / Metric.Get
REL,,PER-REL-S02,Relationships Pulse,505:11793,PER-REL-S02-W048,Friend Circle 72,505:11936,Relationship Accounts / Bonds,Relationship List,DERIVED,CANONICAL_READ + ANALYTICS,Relationships.ConnectionList / Metric.Get,GET,,DEFERRED,Contract TBD/deferred: Relationships.ConnectionList / Metric.Get
REL,,PER-REL-S02,Relationships Pulse,505:11793,PER-REL-S02-W049,Close Bond 91,505:11936,Relationship Accounts / Bonds,CTA / Action,DERIVED,CANONICAL_READ + ANALYTICS,Relationships.ConnectionList / Metric.Get,GET,,DEFERRED,Contract TBD/deferred: Relationships.ConnectionList / Metric.Get
REL,,PER-REL-S02,Relationships Pulse,505:11793,PER-REL-S02-W050,+ Add Account,505:11936,Relationship Accounts / Bonds,CTA / Action,ACTION_LAUNCH,CANONICAL_WRITE_FLOW,Relationships.RecordConnection,POST,POST /v1/moments/:id/relationship-activities | GET relationships-*,WIRED,Live write + client Quick Add
REL,,PER-REL-S02,Relationships Pulse,505:11793,PER-REL-S02-W051,Trust 50→74,505:11949,Current Trends — 30 Days,Derived / Dynamic Display,DERIVED,PROJECTION_READ / ANALYTICS,PersonalPulse.Get / Metric.Get / Analytics.GetDrivers,GET,,DEFERRED,Contract TBD/deferred: PersonalPulse.Get / Metric.Get / Analytics.GetDrivers
REL,,PER-REL-S02,Relationships Pulse,505:11793,PER-REL-S02-W052,Care 78→62,505:11949,Current Trends — 30 Days,Derived / Dynamic Display,DERIVED,PROJECTION_READ / ANALYTICS,PersonalPulse.Get / Metric.Get / Analytics.GetDrivers,GET,,DEFERRED,Contract TBD/deferred: PersonalPulse.Get / Metric.Get / Analytics.GetDrivers
REL,,PER-REL-S02,Relationships Pulse,505:11793,PER-REL-S02-W053,+12%,505:11949,Current Trends — 30 Days,Derived / Dynamic Display,DERIVED,PROJECTION_READ / ANALYTICS,PersonalPulse.Get / Metric.Get / Analytics.GetDrivers,GET,,DEFERRED,Contract TBD/deferred: PersonalPulse.Get / Metric.Get / Analytics.GetDrivers
REL,,PER-REL-S02,Relationships Pulse,505:11793,PER-REL-S02-W054,dates,505:11949,Current Trends — 30 Days,Input / Editable Field,DERIVED,PROJECTION_READ / ANALYTICS,PersonalPulse.Get / Metric.Get / Analytics.GetDrivers,GET,,DEFERRED,Contract TBD/deferred: PersonalPulse.Get / Metric.Get / Analytics.GetDrivers
REL,,PER-REL-S02,Relationships Pulse,505:11793,PER-REL-S02-W055,Connection/Tension,505:11949,Current Trends — 30 Days,Derived / Dynamic Display,DERIVED,PROJECTION_READ / ANALYTICS,PersonalPulse.Get / Metric.Get / Analytics.GetDrivers,GET,,DEFERRED,Contract TBD/deferred: PersonalPulse.Get / Metric.Get / Analytics.GetDrivers
REL,,PER-REL-S02,Relationships Pulse,505:11793,PER-REL-S02-W056,Protect Connection,505:11958,High Priority Opportunity,CTA / Action,DERIVED,PROJECTION_READ / ANALYTICS,PersonalPulse.Get,GET,GET /v1/personal/pulse,WIRED,Live read + client consume
REL,,PER-REL-S02,Relationships Pulse,505:11793,PER-REL-S02-W057,Log Connection,505:11958,High Priority Opportunity,CTA / Action,ACTION_LAUNCH,CAPABILITY_READ,PersonalQuickAdd.ListAvailable / Relationships.RecordConnection,GET/POST,,DEFERRED,Contract TBD/deferred: PersonalQuickAdd.ListAvailable / Relationships.RecordConnection
REL,,PER-REL-S02,Relationships Pulse,505:11793,PER-REL-S02-W058,-11 Stress Impact,505:11958,High Priority Opportunity,CTA / Action,DERIVED,PROJECTION_READ / ANALYTICS,PersonalPulse.Get,GET,GET /v1/personal/pulse,WIRED,Live read + client consume
REL,,PER-REL-S02,Relationships Pulse,505:11793,PER-REL-S02-W059,+14 Capacity Boost,505:11958,High Priority Opportunity,CTA / Action,DERIVED,PROJECTION_READ / ANALYTICS,PersonalPulse.Get,GET,GET /v1/personal/pulse,WIRED,Live read + client consume
REL,,PER-REL-S02,Relationships Pulse,505:11793,PER-REL-S02-W060,Trust Rising,505:11969,Status Signals,Selector / Filter / Chip,DERIVED,PROJECTION_READ / ANALYTICS,PersonalPulse.Get / Metric.Get / Analytics.GetDrivers,GET,,DEFERRED,Contract TBD/deferred: PersonalPulse.Get / Metric.Get / Analytics.GetDrivers
REL,,PER-REL-S02,Relationships Pulse,505:11793,PER-REL-S02-W061,Care Stable,505:11969,Status Signals,Selector / Filter / Chip,DERIVED,PROJECTION_READ / ANALYTICS,PersonalPulse.Get / Metric.Get / Analytics.GetDrivers,GET,,DEFERRED,Contract TBD/deferred: PersonalPulse.Get / Metric.Get / Analytics.GetDrivers
REL,,PER-REL-S02,Relationships Pulse,505:11793,PER-REL-S02-W062,Mood Improving,505:11969,Status Signals,Selector / Filter / Chip,DERIVED,PROJECTION_READ / ANALYTICS,PersonalPulse.Get / Metric.Get / Analytics.GetDrivers,GET,,DEFERRED,Contract TBD/deferred: PersonalPulse.Get / Metric.Get / Analytics.GetDrivers
REL,,PER-REL-S02,Relationships Pulse,505:11793,PER-REL-S02-W063,Budget Strong,505:11969,Status Signals,Selector / Filter / Chip,DERIVED,PROJECTION_READ / ANALYTICS,PersonalPulse.Get / Metric.Get / Analytics.GetDrivers,GET,,DEFERRED,Contract TBD/deferred: PersonalPulse.Get / Metric.Get / Analytics.GetDrivers
REL,,PER-REL-S02,Relationships Pulse,505:11793,PER-REL-S02-W064,Intelligence Insight,505:11978,Intelligence Insight,Selector / Filter / Chip,DERIVED,PROJECTION_READ / ANALYTICS,PersonalPulse.Get,GET,GET /v1/personal/pulse,WIRED,Live read + client consume
REL,,PER-REL-S02,Relationships Pulse,505:11793,PER-REL-S02-W065,AI Insights,547:6934,AI Insights — Coming Soon,AI Feature Card,STATIC / FEATURE_STATE,STATIC_UI,LOCAL_ONLY,LOCAL,LOCAL,LOCAL_ONLY,UI-only / navigation
REL,,PER-REL-S02,Relationships Pulse,505:11793,PER-REL-S02-W066,Coming Soon,547:6934,AI Insights — Coming Soon,AI Feature Card,STATIC / FEATURE_STATE,STATIC_UI,LOCAL_ONLY,LOCAL,LOCAL,LOCAL_ONLY,UI-only / navigation
REL,,PER-REL-S02,Relationships Pulse,505:11793,PER-REL-S02-W067,explanation,547:6934,AI Insights — Coming Soon,AI Feature Card,STATIC / FEATURE_STATE,STATIC_UI,LOCAL_ONLY,LOCAL,LOCAL,LOCAL_ONLY,UI-only / navigation
REL,,PER-REL-S02,Relationships Pulse,505:11793,PER-REL-S02-W068,Chat,505:11983,Quick Add Launcher,Action Launcher,ACTION_LAUNCH,CAPABILITY_READ,PersonalQuickAdd.ListAvailable,GET,,DEFERRED,Contract TBD/deferred: PersonalQuickAdd.ListAvailable
REL,,PER-REL-S02,Relationships Pulse,505:11793,PER-REL-S02-W069,Check-in,505:11983,Quick Add Launcher,Action Launcher,ACTION_LAUNCH,CAPABILITY_READ,PersonalQuickAdd.ListAvailable,GET,,DEFERRED,Contract TBD/deferred: PersonalQuickAdd.ListAvailable
REL,,PER-REL-S02,Relationships Pulse,505:11793,PER-REL-S02-W070,Plan,505:11983,Quick Add Launcher,Action Launcher,ACTION_LAUNCH,CAPABILITY_READ,PersonalQuickAdd.ListAvailable,GET,,DEFERRED,Contract TBD/deferred: PersonalQuickAdd.ListAvailable
REL,,PER-REL-S02,Relationships Pulse,505:11793,PER-REL-S02-W071,Support,505:11983,Quick Add Launcher,Action Launcher,ACTION_LAUNCH,CAPABILITY_READ,PersonalQuickAdd.ListAvailable,GET,,DEFERRED,Contract TBD/deferred: PersonalQuickAdd.ListAvailable
REL,,PER-REL-S02,Relationships Pulse,505:11793,PER-REL-S02-W072,Reflect,505:11983,Quick Add Launcher,Action Launcher,ACTION_LAUNCH,CAPABILITY_READ,PersonalQuickAdd.ListAvailable,GET,,DEFERRED,Reflect/AI deferred by product
REL,,PER-REL-S02,Relationships Pulse,505:11793,PER-REL-S02-W073,Relationships Pulse — Zero-Gap Field/Control 01,505:11793,Zero-Gap Additions / Live Figma,UI Field / Control — exact semantic type pending,SOURCE_REVIEW_REQUIRED,PROJECTION_READ / LOCAL_UI TBD,PersonalPulse.Get,GET,GET /v1/personal/pulse,WIRED,Live read + client consume
REL,,PER-REL-S02,Relationships Pulse,505:11793,PER-REL-S02-W074,Relationships Pulse — Zero-Gap Field/Control 02,505:11793,Zero-Gap Additions / Live Figma,UI Field / Control — exact semantic type pending,SOURCE_REVIEW_REQUIRED,PROJECTION_READ / LOCAL_UI TBD,PersonalPulse.Get,GET,GET /v1/personal/pulse,WIRED,Live read + client consume
REL,,PER-REL-S02,Relationships Pulse,505:11793,PER-REL-S02-W075,Relationships Pulse — Zero-Gap Field/Control 03,505:11793,Zero-Gap Additions / Live Figma,UI Field / Control — exact semantic type pending,SOURCE_REVIEW_REQUIRED,PROJECTION_READ / LOCAL_UI TBD,PersonalPulse.Get,GET,GET /v1/personal/pulse,WIRED,Live read + client consume
REL,,PER-REL-S02,Relationships Pulse,505:11793,PER-REL-S02-W076,Relationships Pulse — Zero-Gap Field/Control 04,505:11793,Zero-Gap Additions / Live Figma,UI Field / Control — exact semantic type pending,SOURCE_REVIEW_REQUIRED,PROJECTION_READ / LOCAL_UI TBD,PersonalPulse.Get,GET,GET /v1/personal/pulse,WIRED,Live read + client consume
REL,,PER-REL-S02,Relationships Pulse,505:11793,PER-REL-S02-W077,Relationships Pulse — Zero-Gap Field/Control 05,505:11793,Zero-Gap Additions / Live Figma,UI Field / Control — exact semantic type pending,SOURCE_REVIEW_REQUIRED,PROJECTION_READ / LOCAL_UI TBD,PersonalPulse.Get,GET,GET /v1/personal/pulse,WIRED,Live read + client consume
REL,,PER-REL-S02,Relationships Pulse,505:11793,PER-REL-S02-W078,Relationships Pulse — Zero-Gap Field/Control 06,505:11793,Zero-Gap Additions / Live Figma,UI Field / Control — exact semantic type pending,SOURCE_REVIEW_REQUIRED,PROJECTION_READ / LOCAL_UI TBD,PersonalPulse.Get,GET,GET /v1/personal/pulse,WIRED,Live read + client consume
REL,,PER-REL-S02,Relationships Pulse,505:11793,PER-REL-S02-W079,Relationships Pulse — Zero-Gap Field/Control 07,505:11793,Zero-Gap Additions / Live Figma,UI Field / Control — exact semantic type pending,SOURCE_REVIEW_REQUIRED,PROJECTION_READ / LOCAL_UI TBD,PersonalPulse.Get,GET,GET /v1/personal/pulse,WIRED,Live read + client consume
REL,,PER-REL-S02,Relationships Pulse,505:11793,PER-REL-S02-W080,Relationships Pulse — Zero-Gap Field/Control 08,505:11793,Zero-Gap Additions / Live Figma,UI Field / Control — exact semantic type pending,SOURCE_REVIEW_REQUIRED,PROJECTION_READ / LOCAL_UI TBD,PersonalPulse.Get,GET,GET /v1/personal/pulse,WIRED,Live read + client consume
REL,,PER-REL-S03,Relationships Moments,505:12002,PER-REL-S03-W001,360,763:14220,Application Top Bar,Navigation / Shell,LOCAL_NAVIGATION,LOCAL_UI,LOCAL_ONLY,LOCAL,LOCAL,LOCAL_ONLY,UI-only / navigation
REL,,PER-REL-S03,Relationships Moments,505:12002,PER-REL-S03-W002,Moments,763:14220,Application Top Bar,Navigation / Shell,LOCAL_NAVIGATION,LOCAL_UI,LOCAL_ONLY,LOCAL,LOCAL,LOCAL_ONLY,UI-only / navigation
REL,,PER-REL-S03,Relationships Moments,505:12002,PER-REL-S03-W003,profile/avatar,763:14220,Application Top Bar,Navigation / Shell,BOOTSTRAP_READ,BOOTSTRAP,UserProfile.Get,GET,GET /v1/me,WIRED,Live read + client consume
REL,,PER-REL-S03,Relationships Moments,505:12002,PER-REL-S03-W004,Personal,763:14221,Context Switcher,Selector / Filter / Chip,CONTEXT_NAVIGATION,LOCAL_UI / SERVER_RESOLVED_CONTEXT,Context.Switch,LOCAL,LOCAL,LOCAL_ONLY,UI-only / navigation
REL,,PER-REL-S03,Relationships Moments,505:12002,PER-REL-S03-W005,Group,763:14221,Context Switcher,Selector / Filter / Chip,CONTEXT_NAVIGATION,LOCAL_UI / SERVER_RESOLVED_CONTEXT,Context.Switch,LOCAL,LOCAL,LOCAL_ONLY,UI-only / navigation
REL,,PER-REL-S03,Relationships Moments,505:12002,PER-REL-S03-W006,Business,763:14221,Context Switcher,Selector / Filter / Chip,CONTEXT_NAVIGATION,LOCAL_UI / SERVER_RESOLVED_CONTEXT,Context.Switch,LOCAL,LOCAL,LOCAL_ONLY,UI-only / navigation
REL,,PER-REL-S03,Relationships Moments,505:12002,PER-REL-S03-W007,Circle,763:14221,Context Switcher,Selector / Filter / Chip,CONTEXT_NAVIGATION,LOCAL_UI / SERVER_RESOLVED_CONTEXT,Context.Switch,LOCAL,LOCAL,LOCAL_ONLY,UI-only / navigation
REL,,PER-REL-S03,Relationships Moments,505:12002,PER-REL-S03-W008,Life Operations,763:14232,Personal Domain Selector,Selector / Filter / Chip,CONTEXT_READ / NAVIGATION,CANONICAL_CONTEXT_READ,PersonalDomain.GetContext,GET,,DEFERRED,Contract TBD/deferred: PersonalDomain.GetContext
REL,,PER-REL-S03,Relationships Moments,505:12002,PER-REL-S03-W009,Future Building,763:14232,Personal Domain Selector,Selector / Filter / Chip,CONTEXT_READ / NAVIGATION,CANONICAL_CONTEXT_READ,PersonalDomain.GetContext,GET,,DEFERRED,Contract TBD/deferred: PersonalDomain.GetContext
REL,,PER-REL-S03,Relationships Moments,505:12002,PER-REL-S03-W010,Lifestyle,763:14232,Personal Domain Selector,Selector / Filter / Chip,CONTEXT_READ / NAVIGATION,CANONICAL_CONTEXT_READ,PersonalDomain.GetContext,GET,,DEFERRED,Contract TBD/deferred: PersonalDomain.GetContext
REL,,PER-REL-S03,Relationships Moments,505:12002,PER-REL-S03-W011,Relationships,763:14232,Personal Domain Selector,Selector / Filter / Chip,CONTEXT_READ / NAVIGATION,CANONICAL_CONTEXT_READ,PersonalDomain.GetContext,GET,,DEFERRED,Contract TBD/deferred: PersonalDomain.GetContext
REL,,PER-REL-S03,Relationships Moments,505:12002,PER-REL-S03-W012,Settings,763:14232,Personal Domain Selector,Selector / Filter / Chip,CONTEXT_READ / NAVIGATION,CANONICAL_CONTEXT_READ,PersonalDomain.GetContext,GET,,DEFERRED,Contract TBD/deferred: PersonalDomain.GetContext
REL,,PER-REL-S03,Relationships Moments,505:12002,PER-REL-S03-W013,Expense FAB,1035:7765,Expense FAB,CTA / Action,ACTION_LAUNCH,CAPABILITY_READ,PersonalQuickAdd.ListAvailable / EXPENSE_CREATE,GET,,DEFERRED,Contract TBD/deferred: PersonalQuickAdd.ListAvailable / EXPENSE_CREATE
REL,,PER-REL-S03,Relationships Moments,505:12002,PER-REL-S03-W014,Pulse,778:5607,Bottom Navigation,Navigation / Shell,LOCAL_NAVIGATION,LOCAL_UI,LOCAL_ONLY,LOCAL,LOCAL,LOCAL_ONLY,UI-only / navigation
REL,,PER-REL-S03,Relationships Moments,505:12002,PER-REL-S03-W015,Moments,778:5607,Bottom Navigation,Navigation / Shell,LOCAL_NAVIGATION,LOCAL_UI,LOCAL_ONLY,LOCAL,LOCAL,LOCAL_ONLY,UI-only / navigation
REL,,PER-REL-S03,Relationships Moments,505:12002,PER-REL-S03-W016,Quick adds,778:5607,Bottom Navigation,CTA / Action,LOCAL_NAVIGATION,LOCAL_UI,LOCAL_ONLY,LOCAL,LOCAL,LOCAL_ONLY,UI-only / navigation
REL,,PER-REL-S03,Relationships Moments,505:12002,PER-REL-S03-W017,Life,778:5607,Bottom Navigation,Navigation / Shell,LOCAL_NAVIGATION,LOCAL_UI,LOCAL_ONLY,LOCAL,LOCAL,LOCAL_ONLY,UI-only / navigation
REL,,PER-REL-S03,Relationships Moments,505:12002,PER-REL-S03-W018,Memory,778:5607,Bottom Navigation,Navigation / Shell,LOCAL_NAVIGATION,LOCAL_UI,LOCAL_ONLY,LOCAL,LOCAL,LOCAL_ONLY,UI-only / navigation
REL,,PER-REL-S03,Relationships Moments,505:12002,PER-REL-S03-W019,Score 82,505:12007,Journey Hero,Derived / Dynamic Display,DERIVED,PROJECTION_READ / ANALYTICS,PersonalMoments.Get,GET,GET /v1/personal/moments,WIRED,Live read + client consume
REL,,PER-REL-S03,Relationships Moments,505:12002,PER-REL-S03-W020,Stable and Improving,505:12007,Journey Hero,Selector / Filter / Chip,DERIVED,PROJECTION_READ / ANALYTICS,PersonalMoments.Get,GET,GET /v1/personal/moments,WIRED,Live read + client consume
REL,,PER-REL-S03,Relationships Moments,505:12002,PER-REL-S03-W021,phases,505:12007,Journey Hero,Journey Summary,DERIVED,PROJECTION_READ / ANALYTICS,PersonalMoments.Get,GET,GET /v1/personal/moments,WIRED,Live read + client consume
REL,,PER-REL-S03,Relationships Moments,505:12002,PER-REL-S03-W022,Connections 126,505:12007,Journey Hero,Journey Summary,DERIVED,PROJECTION_READ / ANALYTICS,PersonalMoments.Get,GET,GET /v1/personal/moments,WIRED,Live read + client consume
REL,,PER-REL-S03,Relationships Moments,505:12002,PER-REL-S03-W023,Support 38,505:12007,Journey Hero,Journey Summary,DERIVED,PROJECTION_READ / ANALYTICS,PersonalMoments.Get,GET,GET /v1/personal/moments,WIRED,Live read + client consume
REL,,PER-REL-S03,Relationships Moments,505:12002,PER-REL-S03-W024,Experiences ₹32.4K,505:12007,Journey Hero,Journey Summary,DERIVED,PROJECTION_READ / ANALYTICS,PersonalMoments.Get,GET,GET /v1/personal/moments,WIRED,Live read + client consume
REL,,PER-REL-S03,Relationships Moments,505:12002,PER-REL-S03-W025,Care 74,505:12007,Journey Hero,Journey Summary,DERIVED,PROJECTION_READ / ANALYTICS,PersonalMoments.Get,GET,GET /v1/personal/moments,WIRED,Live read + client consume
REL,,PER-REL-S03,Relationships Moments,505:12002,PER-REL-S03-W026,Care,505:12037,Journey Timeline,Input / Editable Field,READ_LIST,PROJECTION_READ,PersonalMoments.Get / PersonalActivity.List,GET,GET /v1/personal/activity,WIRED,Live read + client consume
REL,,PER-REL-S03,Relationships Moments,505:12002,PER-REL-S03-W027,Money,505:12037,Journey Timeline,Input / Editable Field,READ_LIST,PROJECTION_READ,PersonalMoments.Get / PersonalActivity.List,GET,GET /v1/personal/activity,WIRED,Live read + client consume
REL,,PER-REL-S03,Relationships Moments,505:12002,PER-REL-S03-W028,Mood activities,505:12037,Journey Timeline,Input / Editable Field,READ_LIST,PROJECTION_READ,PersonalMoments.Get / PersonalActivity.List,GET,GET /v1/personal/activity,WIRED,Live read + client consume
REL,,PER-REL-S03,Relationships Moments,505:12002,PER-REL-S03-W029,timestamps,505:12037,Journey Timeline,Input / Editable Field,READ_LIST,PROJECTION_READ,PersonalMoments.Get / PersonalActivity.List,GET,GET /v1/personal/activity,WIRED,Live read + client consume
REL,,PER-REL-S03,Relationships Moments,505:12002,PER-REL-S03-W030,Shared Spend,505:12054,Shared Spend Journey,Derived / Dynamic Display,DERIVED,PROJECTION_READ / FINANCE,PersonalMoments.Get + Finance.GetPersonalSnapshot,GET,LIVE_READ_FAMILY,WIRED,Live read + client consume
REL,,PER-REL-S03,Relationships Moments,505:12002,PER-REL-S03-W031,last 90 days,505:12054,Shared Spend Journey,Derived / Dynamic Display,DERIVED,PROJECTION_READ / FINANCE,PersonalMoments.Get + Finance.GetPersonalSnapshot,GET,LIVE_READ_FAMILY,WIRED,Live read + client consume
REL,,PER-REL-S03,Relationships Moments,505:12002,PER-REL-S03-W032,"Total Experiences ₹96,400",505:12054,Shared Spend Journey,Derived / Dynamic Display,DERIVED,PROJECTION_READ / FINANCE,PersonalMoments.Get + Finance.GetPersonalSnapshot,GET,LIVE_READ_FAMILY,WIRED,Live read + client consume
REL,,PER-REL-S03,Relationships Moments,505:12002,PER-REL-S03-W033,highest/lowest month,505:12054,Shared Spend Journey,Derived / Dynamic Display,DERIVED,PROJECTION_READ / FINANCE,PersonalMoments.Get + Finance.GetPersonalSnapshot,GET,LIVE_READ_FAMILY,WIRED,Live read + client consume
REL,,PER-REL-S03,Relationships Moments,505:12002,PER-REL-S03-W034,Weekend together,505:12069,Best Connections,Highlight Cards,DERIVED,PROJECTION_READ / MEMORY_ANALYTICS,PersonalMoments.Get,GET,GET /v1/personal/moments,WIRED,Live read + client consume
REL,,PER-REL-S03,Relationships Moments,505:12002,PER-REL-S03-W035,Support streak,505:12069,Best Connections,Highlight Cards,DERIVED,PROJECTION_READ / MEMORY_ANALYTICS,PersonalMoments.Get,GET,GET /v1/personal/moments,WIRED,Live read + client consume
REL,,PER-REL-S03,Relationships Moments,505:12002,PER-REL-S03-W036,impacts,505:12069,Best Connections,Highlight Cards,DERIVED,PROJECTION_READ / MEMORY_ANALYTICS,PersonalMoments.Get,GET,GET /v1/personal/moments,WIRED,Live read + client consume
REL,,PER-REL-S03,Relationships Moments,505:12002,PER-REL-S03-W037,First recovery streak,505:12078,Turning Points,Turning Point List,DERIVED,PROJECTION_READ / MEMORY_ANALYTICS,PersonalMoments.Get,GET,GET /v1/personal/moments,WIRED,Live read + client consume
REL,,PER-REL-S03,Relationships Moments,505:12002,PER-REL-S03-W038,Budget locked,505:12078,Turning Points,Turning Point List,DERIVED,PROJECTION_READ / MEMORY_ANALYTICS,PersonalMoments.Get,GET,GET /v1/personal/moments,WIRED,Live read + client consume
REL,,PER-REL-S03,Relationships Moments,505:12002,PER-REL-S03-W039,values,505:12078,Turning Points,Turning Point List,DERIVED,PROJECTION_READ / MEMORY_ANALYTICS,PersonalMoments.Get,GET,GET /v1/personal/moments,WIRED,Live read + client consume
REL,,PER-REL-S03,Relationships Moments,505:12002,PER-REL-S03-W040,AI Insights,547:11986,AI Insights,AI Insight Card,DERIVED / STATIC_FEATURE,AI_EXPLANATION / STATIC_UI,PersonalMoments.Get / AIInsight.Get,GET,,DEFERRED,Reflect/AI deferred by product
REL,,PER-REL-S03,Relationships Moments,505:12002,PER-REL-S03-W041,Coming Soon,547:11986,AI Insights,AI Insight Card,DERIVED / STATIC_FEATURE,AI_EXPLANATION / STATIC_UI,PersonalMoments.Get / AIInsight.Get,GET,,DEFERRED,Reflect/AI deferred by product
REL,,PER-REL-S03,Relationships Moments,505:12002,PER-REL-S03-W042,relationship narrative explanation,547:11986,AI Insights,AI Insight Card,DERIVED / STATIC_FEATURE,AI_EXPLANATION / STATIC_UI,PersonalMoments.Get / AIInsight.Get,GET,,DEFERRED,Reflect/AI deferred by product
REL,,PER-REL-S03,Relationships Moments,505:12002,PER-REL-S03-W043,Relationships Moments — Zero-Gap Field/Control 01,505:12002,Zero-Gap Additions / Live Figma,UI Field / Control — exact semantic type pending,SOURCE_REVIEW_REQUIRED,PROJECTION_READ / LOCAL_UI TBD,PersonalMoments.Get,GET,GET /v1/personal/moments,WIRED,Live read + client consume
REL,,PER-REL-S03,Relationships Moments,505:12002,PER-REL-S03-W044,Relationships Moments — Zero-Gap Field/Control 02,505:12002,Zero-Gap Additions / Live Figma,UI Field / Control — exact semantic type pending,SOURCE_REVIEW_REQUIRED,PROJECTION_READ / LOCAL_UI TBD,PersonalMoments.Get,GET,GET /v1/personal/moments,WIRED,Live read + client consume
REL,,PER-REL-S03,Relationships Moments,505:12002,PER-REL-S03-W045,Relationships Moments — Zero-Gap Field/Control 03,505:12002,Zero-Gap Additions / Live Figma,UI Field / Control — exact semantic type pending,SOURCE_REVIEW_REQUIRED,PROJECTION_READ / LOCAL_UI TBD,PersonalMoments.Get,GET,GET /v1/personal/moments,WIRED,Live read + client consume
REL,,PER-REL-S03,Relationships Moments,505:12002,PER-REL-S03-W046,Relationships Moments — Zero-Gap Field/Control 04,505:12002,Zero-Gap Additions / Live Figma,UI Field / Control — exact semantic type pending,SOURCE_REVIEW_REQUIRED,PROJECTION_READ / LOCAL_UI TBD,PersonalMoments.Get,GET,GET /v1/personal/moments,WIRED,Live read + client consume
REL,,PER-REL-S03,Relationships Moments,505:12002,PER-REL-S03-W047,Relationships Moments — Zero-Gap Field/Control 05,505:12002,Zero-Gap Additions / Live Figma,UI Field / Control — exact semantic type pending,SOURCE_REVIEW_REQUIRED,PROJECTION_READ / LOCAL_UI TBD,PersonalMoments.Get,GET,GET /v1/personal/moments,WIRED,Live read + client consume
REL,,PER-REL-S03,Relationships Moments,505:12002,PER-REL-S03-W048,Relationships Moments — Zero-Gap Field/Control 06,505:12002,Zero-Gap Additions / Live Figma,UI Field / Control — exact semantic type pending,SOURCE_REVIEW_REQUIRED,PROJECTION_READ / LOCAL_UI TBD,PersonalMoments.Get,GET,GET /v1/personal/moments,WIRED,Live read + client consume
REL,,PER-REL-S03,Relationships Moments,505:12002,PER-REL-S03-W049,Relationships Moments — Zero-Gap Field/Control 07,505:12002,Zero-Gap Additions / Live Figma,UI Field / Control — exact semantic type pending,SOURCE_REVIEW_REQUIRED,PROJECTION_READ / LOCAL_UI TBD,PersonalMoments.Get,GET,GET /v1/personal/moments,WIRED,Live read + client consume
REL,,PER-REL-S03,Relationships Moments,505:12002,PER-REL-S03-W050,Relationships Moments — Zero-Gap Field/Control 08,505:12002,Zero-Gap Additions / Live Figma,UI Field / Control — exact semantic type pending,SOURCE_REVIEW_REQUIRED,PROJECTION_READ / LOCAL_UI TBD,PersonalMoments.Get,GET,GET /v1/personal/moments,WIRED,Live read + client consume
REL,,PER-REL-S03,Relationships Moments,505:12002,PER-REL-S03-W051,Relationships Moments — Zero-Gap Field/Control 09,505:12002,Zero-Gap Additions / Live Figma,UI Field / Control — exact semantic type pending,SOURCE_REVIEW_REQUIRED,PROJECTION_READ / LOCAL_UI TBD,PersonalMoments.Get,GET,GET /v1/personal/moments,WIRED,Live read + client consume
REL,,PER-REL-S03,Relationships Moments,505:12002,PER-REL-S03-W052,Relationships Moments — Zero-Gap Field/Control 10,505:12002,Zero-Gap Additions / Live Figma,UI Field / Control — exact semantic type pending,SOURCE_REVIEW_REQUIRED,PROJECTION_READ / LOCAL_UI TBD,PersonalMoments.Get,GET,GET /v1/personal/moments,WIRED,Live read + client consume
REL,,PER-REL-S03,Relationships Moments,505:12002,PER-REL-S03-W053,Relationships Moments — Zero-Gap Field/Control 11,505:12002,Zero-Gap Additions / Live Figma,UI Field / Control — exact semantic type pending,SOURCE_REVIEW_REQUIRED,PROJECTION_READ / LOCAL_UI TBD,PersonalMoments.Get,GET,GET /v1/personal/moments,WIRED,Live read + client consume
REL,,PER-REL-S03,Relationships Moments,505:12002,PER-REL-S03-W054,Relationships Moments — Zero-Gap Field/Control 12,505:12002,Zero-Gap Additions / Live Figma,UI Field / Control — exact semantic type pending,SOURCE_REVIEW_REQUIRED,PROJECTION_READ / LOCAL_UI TBD,PersonalMoments.Get,GET,GET /v1/personal/moments,WIRED,Live read + client consume
REL,,PER-REL-S03,Relationships Moments,505:12002,PER-REL-S03-W055,Relationships Moments — Zero-Gap Field/Control 13,505:12002,Zero-Gap Additions / Live Figma,UI Field / Control — exact semantic type pending,SOURCE_REVIEW_REQUIRED,PROJECTION_READ / LOCAL_UI TBD,PersonalMoments.Get,GET,GET /v1/personal/moments,WIRED,Live read + client consume
REL,,PER-REL-S04,Relationships Memory,505:12093,PER-REL-S04-W001,360,763:14302,Application Top Bar,Navigation / Shell,LOCAL_NAVIGATION,LOCAL_UI,LOCAL_ONLY,LOCAL,LOCAL,LOCAL_ONLY,UI-only / navigation
REL,,PER-REL-S04,Relationships Memory,505:12093,PER-REL-S04-W002,Moments,763:14302,Application Top Bar,Navigation / Shell,LOCAL_NAVIGATION,LOCAL_UI,LOCAL_ONLY,LOCAL,LOCAL,LOCAL_ONLY,UI-only / navigation
REL,,PER-REL-S04,Relationships Memory,505:12093,PER-REL-S04-W003,profile/avatar,763:14302,Application Top Bar,Navigation / Shell,BOOTSTRAP_READ,BOOTSTRAP,UserProfile.Get,GET,GET /v1/me,WIRED,Live read + client consume
REL,,PER-REL-S04,Relationships Memory,505:12093,PER-REL-S04-W004,Personal,763:14303,Context Switcher,Selector / Filter / Chip,CONTEXT_NAVIGATION,LOCAL_UI / SERVER_RESOLVED_CONTEXT,Context.Switch,LOCAL,LOCAL,LOCAL_ONLY,UI-only / navigation
REL,,PER-REL-S04,Relationships Memory,505:12093,PER-REL-S04-W005,Group,763:14303,Context Switcher,Selector / Filter / Chip,CONTEXT_NAVIGATION,LOCAL_UI / SERVER_RESOLVED_CONTEXT,Context.Switch,LOCAL,LOCAL,LOCAL_ONLY,UI-only / navigation
REL,,PER-REL-S04,Relationships Memory,505:12093,PER-REL-S04-W006,Business,763:14303,Context Switcher,Selector / Filter / Chip,CONTEXT_NAVIGATION,LOCAL_UI / SERVER_RESOLVED_CONTEXT,Context.Switch,LOCAL,LOCAL,LOCAL_ONLY,UI-only / navigation
REL,,PER-REL-S04,Relationships Memory,505:12093,PER-REL-S04-W007,Circle,763:14303,Context Switcher,Selector / Filter / Chip,CONTEXT_NAVIGATION,LOCAL_UI / SERVER_RESOLVED_CONTEXT,Context.Switch,LOCAL,LOCAL,LOCAL_ONLY,UI-only / navigation
REL,,PER-REL-S04,Relationships Memory,505:12093,PER-REL-S04-W008,Life Operations,763:14314,Personal Domain Selector,Selector / Filter / Chip,CONTEXT_READ / NAVIGATION,CANONICAL_CONTEXT_READ,PersonalDomain.GetContext,GET,,DEFERRED,Contract TBD/deferred: PersonalDomain.GetContext
REL,,PER-REL-S04,Relationships Memory,505:12093,PER-REL-S04-W009,Future Building,763:14314,Personal Domain Selector,Selector / Filter / Chip,CONTEXT_READ / NAVIGATION,CANONICAL_CONTEXT_READ,PersonalDomain.GetContext,GET,,DEFERRED,Contract TBD/deferred: PersonalDomain.GetContext
REL,,PER-REL-S04,Relationships Memory,505:12093,PER-REL-S04-W010,Lifestyle,763:14314,Personal Domain Selector,Selector / Filter / Chip,CONTEXT_READ / NAVIGATION,CANONICAL_CONTEXT_READ,PersonalDomain.GetContext,GET,,DEFERRED,Contract TBD/deferred: PersonalDomain.GetContext
REL,,PER-REL-S04,Relationships Memory,505:12093,PER-REL-S04-W011,Relationships,763:14314,Personal Domain Selector,Selector / Filter / Chip,CONTEXT_READ / NAVIGATION,CANONICAL_CONTEXT_READ,PersonalDomain.GetContext,GET,,DEFERRED,Contract TBD/deferred: PersonalDomain.GetContext
REL,,PER-REL-S04,Relationships Memory,505:12093,PER-REL-S04-W012,Settings,763:14314,Personal Domain Selector,Selector / Filter / Chip,CONTEXT_READ / NAVIGATION,CANONICAL_CONTEXT_READ,PersonalDomain.GetContext,GET,,DEFERRED,Contract TBD/deferred: PersonalDomain.GetContext
REL,,PER-REL-S04,Relationships Memory,505:12093,PER-REL-S04-W013,Expense FAB,1035:7767,Expense FAB,CTA / Action,ACTION_LAUNCH,CAPABILITY_READ,PersonalQuickAdd.ListAvailable / EXPENSE_CREATE,GET,,DEFERRED,Contract TBD/deferred: PersonalQuickAdd.ListAvailable / EXPENSE_CREATE
REL,,PER-REL-S04,Relationships Memory,505:12093,PER-REL-S04-W014,Pulse,778:5637,Bottom Navigation,Navigation / Shell,LOCAL_NAVIGATION,LOCAL_UI,LOCAL_ONLY,LOCAL,LOCAL,LOCAL_ONLY,UI-only / navigation
REL,,PER-REL-S04,Relationships Memory,505:12093,PER-REL-S04-W015,Moments,778:5637,Bottom Navigation,Navigation / Shell,LOCAL_NAVIGATION,LOCAL_UI,LOCAL_ONLY,LOCAL,LOCAL,LOCAL_ONLY,UI-only / navigation
REL,,PER-REL-S04,Relationships Memory,505:12093,PER-REL-S04-W016,Quick adds,778:5637,Bottom Navigation,CTA / Action,LOCAL_NAVIGATION,LOCAL_UI,LOCAL_ONLY,LOCAL,LOCAL,LOCAL_ONLY,UI-only / navigation
REL,,PER-REL-S04,Relationships Memory,505:12093,PER-REL-S04-W017,Life,778:5637,Bottom Navigation,Navigation / Shell,LOCAL_NAVIGATION,LOCAL_UI,LOCAL_ONLY,LOCAL,LOCAL,LOCAL_ONLY,UI-only / navigation
REL,,PER-REL-S04,Relationships Memory,505:12093,PER-REL-S04-W018,Memory,778:5637,Bottom Navigation,Navigation / Shell,LOCAL_NAVIGATION,LOCAL_UI,LOCAL_ONLY,LOCAL,LOCAL,LOCAL_ONLY,UI-only / navigation
REL,,PER-REL-S04,Relationships Memory,505:12093,PER-REL-S04-W019,Trusted Presence,505:12098,Identity Snapshot,Identity Card,DERIVED_DURABLE_KNOWLEDGE,PROJECTION_READ / MEMORY_ANALYTICS,PersonalMemory.Get / GetMemoryPatterns,GET,,DEFERRED,Contract TBD/deferred: PersonalMemory.Get / GetMemoryPatterns
REL,,PER-REL-S04,Relationships Memory,505:12093,PER-REL-S04-W020,identity statement,505:12098,Identity Snapshot,Identity Card,DERIVED_DURABLE_KNOWLEDGE,PROJECTION_READ / MEMORY_ANALYTICS,PersonalMemory.Get / GetMemoryPatterns,GET,,DEFERRED,Contract TBD/deferred: PersonalMemory.Get / GetMemoryPatterns
REL,,PER-REL-S04,Relationships Memory,505:12093,PER-REL-S04-W021,84% confidence,505:12098,Identity Snapshot,Identity Card,DERIVED_DURABLE_KNOWLEDGE,PROJECTION_READ / MEMORY_ANALYTICS,PersonalMemory.Get / GetMemoryPatterns,GET,,DEFERRED,Contract TBD/deferred: PersonalMemory.Get / GetMemoryPatterns
REL,,PER-REL-S04,Relationships Memory,505:12093,PER-REL-S04-W022,Core relationship pattern,505:12103,Core Pattern,Pattern Card,DERIVED_DURABLE_KNOWLEDGE,PROJECTION_READ / MEMORY_ANALYTICS,PersonalMemory.Get / GetMemoryPatterns,GET,,DEFERRED,Contract TBD/deferred: PersonalMemory.Get / GetMemoryPatterns
REL,,PER-REL-S04,Relationships Memory,505:12093,PER-REL-S04-W023,pattern confidence,505:12103,Core Pattern,Pattern Card,DERIVED_DURABLE_KNOWLEDGE,PROJECTION_READ / MEMORY_ANALYTICS,PersonalMemory.Get / GetMemoryPatterns,GET,,DEFERRED,Contract TBD/deferred: PersonalMemory.Get / GetMemoryPatterns
REL,,PER-REL-S04,Relationships Memory,505:12093,PER-REL-S04-W024,Best Drivers,505:12097,Best Drivers,Driver Card,DERIVED_DURABLE_KNOWLEDGE,PROJECTION_READ / MEMORY_ANALYTICS,PersonalMemory.Get / GetMemoryPatterns,GET,,DEFERRED,Contract TBD/deferred: PersonalMemory.Get / GetMemoryPatterns
REL,,PER-REL-S04,Relationships Memory,505:12093,PER-REL-S04-W025,Lowest Drivers,505:12097,Lowest Drivers,Driver Card,DERIVED_DURABLE_KNOWLEDGE,PROJECTION_READ / MEMORY_ANALYTICS,PersonalMemory.Get / GetMemoryPatterns,GET,,DEFERRED,Contract TBD/deferred: PersonalMemory.Get / GetMemoryPatterns
REL,,PER-REL-S04,Relationships Memory,505:12093,PER-REL-S04-W026,Return Behaviors,505:12097,Return Behaviors,Behavior List,DERIVED_DURABLE_KNOWLEDGE,PROJECTION_READ / MEMORY_ANALYTICS,PersonalMemory.Get / GetMemoryPatterns,GET,,DEFERRED,Contract TBD/deferred: PersonalMemory.Get / GetMemoryPatterns
REL,,PER-REL-S04,Relationships Memory,505:12093,PER-REL-S04-W027,Emotional DNA,505:12097,Emotional DNA,Distribution / Profile,DERIVED_DURABLE_KNOWLEDGE,PROJECTION_READ / MEMORY_ANALYTICS,PersonalMemory.Get / GetMemoryPatterns,GET,,DEFERRED,Contract TBD/deferred: PersonalMemory.Get / GetMemoryPatterns
REL,,PER-REL-S04,Relationships Memory,505:12093,PER-REL-S04-W028,Stabilizing,505:12097,Evolution Timeline,Selector / Filter / Chip,DERIVED_DURABLE_KNOWLEDGE,PROJECTION_READ / MEMORY_ANALYTICS,PersonalMemory.Get / GetMemoryPatterns,GET,,DEFERRED,Contract TBD/deferred: PersonalMemory.Get / GetMemoryPatterns
REL,,PER-REL-S04,Relationships Memory,505:12093,PER-REL-S04-W029,Structured,505:12097,Evolution Timeline,Input / Editable Field,DERIVED_DURABLE_KNOWLEDGE,PROJECTION_READ / MEMORY_ANALYTICS,PersonalMemory.Get / GetMemoryPatterns,GET,,DEFERRED,Contract TBD/deferred: PersonalMemory.Get / GetMemoryPatterns
REL,,PER-REL-S04,Relationships Memory,505:12093,PER-REL-S04-W030,Adaptive periods,505:12097,Evolution Timeline,Input / Editable Field,DERIVED_DURABLE_KNOWLEDGE,PROJECTION_READ / MEMORY_ANALYTICS,PersonalMemory.Get / GetMemoryPatterns,GET,,DEFERRED,Contract TBD/deferred: PersonalMemory.Get / GetMemoryPatterns
REL,,PER-REL-S04,Relationships Memory,505:12093,PER-REL-S04-W031,AI Interpretation,505:12097,AI Interpretation,AI Interpretation,DERIVED_EXPLANATION,AI_EXPLANATION,PersonalMemory.Get / AIInsight.Get,GET,,DEFERRED,Reflect/AI deferred by product
REL,,PER-REL-S04,Relationships Memory,505:12093,PER-REL-S04-W032,Next Growth Edge,505:12097,Next Growth Edge,CTA / Action,DERIVED_RECOMMENDATION / ACTION_LAUNCH,MEMORY_ANALYTICS + CAPABILITY_READ,PersonalMemory.Get / PersonalQuickAdd.ListAvailable,GET,,DEFERRED,Contract TBD/deferred: PersonalMemory.Get / PersonalQuickAdd.ListAvailable
REL,,PER-REL-S04,Relationships Memory,505:12093,PER-REL-S04-W033,Relationships Memory — Zero-Gap Field/Control 01,505:12093,Zero-Gap Additions / Live Figma,UI Field / Control — exact semantic type pending,SOURCE_REVIEW_REQUIRED,PROJECTION_READ / LOCAL_UI TBD,PersonalMemory.Get,GET,GET /v1/personal/memory,WIRED,Live read + client consume
REL,,PER-REL-S04,Relationships Memory,505:12093,PER-REL-S04-W034,Relationships Memory — Zero-Gap Field/Control 02,505:12093,Zero-Gap Additions / Live Figma,UI Field / Control — exact semantic type pending,SOURCE_REVIEW_REQUIRED,PROJECTION_READ / LOCAL_UI TBD,PersonalMemory.Get,GET,GET /v1/personal/memory,WIRED,Live read + client consume
REL,,PER-REL-S04,Relationships Memory,505:12093,PER-REL-S04-W035,Relationships Memory — Zero-Gap Field/Control 03,505:12093,Zero-Gap Additions / Live Figma,UI Field / Control — exact semantic type pending,SOURCE_REVIEW_REQUIRED,PROJECTION_READ / LOCAL_UI TBD,PersonalMemory.Get,GET,GET /v1/personal/memory,WIRED,Live read + client consume
REL,,PER-REL-S04,Relationships Memory,505:12093,PER-REL-S04-W036,Relationships Memory — Zero-Gap Field/Control 04,505:12093,Zero-Gap Additions / Live Figma,UI Field / Control — exact semantic type pending,SOURCE_REVIEW_REQUIRED,PROJECTION_READ / LOCAL_UI TBD,PersonalMemory.Get,GET,GET /v1/personal/memory,WIRED,Live read + client consume
REL,,PER-REL-S04,Relationships Memory,505:12093,PER-REL-S04-W037,Relationships Memory — Zero-Gap Field/Control 05,505:12093,Zero-Gap Additions / Live Figma,UI Field / Control — exact semantic type pending,SOURCE_REVIEW_REQUIRED,PROJECTION_READ / LOCAL_UI TBD,PersonalMemory.Get,GET,GET /v1/personal/memory,WIRED,Live read + client consume
REL,,PER-REL-S04,Relationships Memory,505:12093,PER-REL-S04-W038,Relationships Memory — Zero-Gap Field/Control 06,505:12093,Zero-Gap Additions / Live Figma,UI Field / Control — exact semantic type pending,SOURCE_REVIEW_REQUIRED,PROJECTION_READ / LOCAL_UI TBD,PersonalMemory.Get,GET,GET /v1/personal/memory,WIRED,Live read + client consume
REL,,PER-REL-S04,Relationships Memory,505:12093,PER-REL-S04-W039,Relationships Memory — Zero-Gap Field/Control 07,505:12093,Zero-Gap Additions / Live Figma,UI Field / Control — exact semantic type pending,SOURCE_REVIEW_REQUIRED,PROJECTION_READ / LOCAL_UI TBD,PersonalMemory.Get,GET,GET /v1/personal/memory,WIRED,Live read + client consume
REL,,PER-REL-S04,Relationships Memory,505:12093,PER-REL-S04-W040,Relationships Memory — Zero-Gap Field/Control 08,505:12093,Zero-Gap Additions / Live Figma,UI Field / Control — exact semantic type pending,SOURCE_REVIEW_REQUIRED,PROJECTION_READ / LOCAL_UI TBD,PersonalMemory.Get,GET,GET /v1/personal/memory,WIRED,Live read + client consume
REL,,PER-REL-S04,Relationships Memory,505:12093,PER-REL-S04-W041,Relationships Memory — Zero-Gap Field/Control 09,505:12093,Zero-Gap Additions / Live Figma,UI Field / Control — exact semantic type pending,SOURCE_REVIEW_REQUIRED,PROJECTION_READ / LOCAL_UI TBD,PersonalMemory.Get,GET,GET /v1/personal/memory,WIRED,Live read + client consume
REL,,PER-REL-S04,Relationships Memory,505:12093,PER-REL-S04-W042,Relationships Memory — Zero-Gap Field/Control 10,505:12093,Zero-Gap Additions / Live Figma,UI Field / Control — exact semantic type pending,SOURCE_REVIEW_REQUIRED,PROJECTION_READ / LOCAL_UI TBD,PersonalMemory.Get,GET,GET /v1/personal/memory,WIRED,Live read + client consume
REL,,PER-REL-S04,Relationships Memory,505:12093,PER-REL-S04-W043,Relationships Memory — Zero-Gap Field/Control 11,505:12093,Zero-Gap Additions / Live Figma,UI Field / Control — exact semantic type pending,SOURCE_REVIEW_REQUIRED,PROJECTION_READ / LOCAL_UI TBD,PersonalMemory.Get,GET,GET /v1/personal/memory,WIRED,Live read + client consume
REL,,PER-REL-S04,Relationships Memory,505:12093,PER-REL-S04-W044,Relationships Memory — Zero-Gap Field/Control 12,505:12093,Zero-Gap Additions / Live Figma,UI Field / Control — exact semantic type pending,SOURCE_REVIEW_REQUIRED,PROJECTION_READ / LOCAL_UI TBD,PersonalMemory.Get,GET,GET /v1/personal/memory,WIRED,Live read + client consume
REL,,PER-REL-S04,Relationships Memory,505:12093,PER-REL-S04-W045,Relationships Memory — Zero-Gap Field/Control 13,505:12093,Zero-Gap Additions / Live Figma,UI Field / Control — exact semantic type pending,SOURCE_REVIEW_REQUIRED,PROJECTION_READ / LOCAL_UI TBD,PersonalMemory.Get,GET,GET /v1/personal/memory,WIRED,Live read + client consume
REL,,PER-REL-S04,Relationships Memory,505:12093,PER-REL-S04-W046,Relationships Memory — Zero-Gap Field/Control 14,505:12093,Zero-Gap Additions / Live Figma,UI Field / Control — exact semantic type pending,SOURCE_REVIEW_REQUIRED,PROJECTION_READ / LOCAL_UI TBD,PersonalMemory.Get,GET,GET /v1/personal/memory,WIRED,Live read + client consume
REL,,PER-REL-S04,Relationships Memory,505:12093,PER-REL-S04-W047,Relationships Memory — Zero-Gap Field/Control 15,505:12093,Zero-Gap Additions / Live Figma,UI Field / Control — exact semantic type pending,SOURCE_REVIEW_REQUIRED,PROJECTION_READ / LOCAL_UI TBD,PersonalMemory.Get,GET,GET /v1/personal/memory,WIRED,Live read + client consume
REL,,PER-REL-S04,Relationships Memory,505:12093,PER-REL-S04-W048,Relationships Memory — Zero-Gap Field/Control 16,505:12093,Zero-Gap Additions / Live Figma,UI Field / Control — exact semantic type pending,SOURCE_REVIEW_REQUIRED,PROJECTION_READ / LOCAL_UI TBD,PersonalMemory.Get,GET,GET /v1/personal/memory,WIRED,Live read + client consume
REL,,PER-REL-S04,Relationships Memory,505:12093,PER-REL-S04-W049,Relationships Memory — Zero-Gap Field/Control 17,505:12093,Zero-Gap Additions / Live Figma,UI Field / Control — exact semantic type pending,SOURCE_REVIEW_REQUIRED,PROJECTION_READ / LOCAL_UI TBD,PersonalMemory.Get,GET,GET /v1/personal/memory,WIRED,Live read + client consume
REL,,PER-REL-S05,Relationships Action Center,1006:8274,PER-REL-S05-W001,Relationships Action List,1006:8275,Relationships Action List,Selector / Filter / Chip,READ + NAVIGATE,PROJECTION_READ,Relationships.AvailableActions.Get,GET,,DEFERRED,Contract TBD/deferred: Relationships.AvailableActions.Get
REL,,PER-REL-S05,Relationships Action Center,1006:8274,PER-REL-S05-W002,Bottom Navigation,1006:8346,Bottom Navigation,CTA / Action,NAVIGATION,LOCAL_UI,LOCAL_ONLY,LOCAL,LOCAL,LOCAL_ONLY,UI-only / navigation
REL,,PER-REL-S05,Relationships Action Center,1006:8274,PER-REL-S05-W003,Relationships Action Center — Zero-Gap Field/Control 01,1006:8274,Zero-Gap Additions / Live Figma,UI Field / Control — exact semantic type pending,SOURCE_REVIEW_REQUIRED,PROJECTION_READ / LOCAL_UI TBD,Relationships.AvailableActions.Get (logical),GET/LOCAL TBD,,DEFERRED,Contract TBD/deferred: Relationships.AvailableActions.Get (logical)
REL,,PER-REL-S05,Relationships Action Center,1006:8274,PER-REL-S05-W004,Relationships Action Center — Zero-Gap Field/Control 02,1006:8274,Zero-Gap Additions / Live Figma,UI Field / Control — exact semantic type pending,SOURCE_REVIEW_REQUIRED,PROJECTION_READ / LOCAL_UI TBD,Relationships.AvailableActions.Get (logical),GET/LOCAL TBD,,DEFERRED,Contract TBD/deferred: Relationships.AvailableActions.Get (logical)
REL,,PER-REL-S05,Relationships Action Center,1006:8274,PER-REL-S05-W005,Relationships Action Center — Zero-Gap Field/Control 03,1006:8274,Zero-Gap Additions / Live Figma,UI Field / Control — exact semantic type pending,SOURCE_REVIEW_REQUIRED,PROJECTION_READ / LOCAL_UI TBD,Relationships.AvailableActions.Get (logical),GET/LOCAL TBD,,DEFERRED,Contract TBD/deferred: Relationships.AvailableActions.Get (logical)
REL,,PER-REL-S05,Relationships Action Center,1006:8274,PER-REL-S05-W006,Relationships Action Center — Zero-Gap Field/Control 04,1006:8274,Zero-Gap Additions / Live Figma,UI Field / Control — exact semantic type pending,SOURCE_REVIEW_REQUIRED,PROJECTION_READ / LOCAL_UI TBD,Relationships.AvailableActions.Get (logical),GET/LOCAL TBD,,DEFERRED,Contract TBD/deferred: Relationships.AvailableActions.Get (logical)
REL,,PER-REL-S05,Relationships Action Center,1006:8274,PER-REL-S05-W007,Relationships Action Center — Zero-Gap Field/Control 05,1006:8274,Zero-Gap Additions / Live Figma,UI Field / Control — exact semantic type pending,SOURCE_REVIEW_REQUIRED,PROJECTION_READ / LOCAL_UI TBD,Relationships.AvailableActions.Get (logical),GET/LOCAL TBD,,DEFERRED,Contract TBD/deferred: Relationships.AvailableActions.Get (logical)
REL,,PER-REL-S05,Relationships Action Center,1006:8274,PER-REL-S05-W008,Relationships Action Center — Zero-Gap Field/Control 06,1006:8274,Zero-Gap Additions / Live Figma,UI Field / Control — exact semantic type pending,SOURCE_REVIEW_REQUIRED,PROJECTION_READ / LOCAL_UI TBD,Relationships.AvailableActions.Get (logical),GET/LOCAL TBD,,DEFERRED,Contract TBD/deferred: Relationships.AvailableActions.Get (logical)
REL,,PER-REL-S05,Relationships Action Center,1006:8274,PER-REL-S05-W009,Relationships Action Center — Zero-Gap Field/Control 07,1006:8274,Zero-Gap Additions / Live Figma,UI Field / Control — exact semantic type pending,SOURCE_REVIEW_REQUIRED,PROJECTION_READ / LOCAL_UI TBD,Relationships.AvailableActions.Get (logical),GET/LOCAL TBD,,DEFERRED,Contract TBD/deferred: Relationships.AvailableActions.Get (logical)
REL,,PER-REL-S05,Relationships Action Center,1006:8274,PER-REL-S05-W010,Relationships Action Center — Zero-Gap Field/Control 08,1006:8274,Zero-Gap Additions / Live Figma,UI Field / Control — exact semantic type pending,SOURCE_REVIEW_REQUIRED,PROJECTION_READ / LOCAL_UI TBD,Relationships.AvailableActions.Get (logical),GET/LOCAL TBD,,DEFERRED,Contract TBD/deferred: Relationships.AvailableActions.Get (logical)
REL,,PER-REL-S05,Relationships Action Center,1006:8274,PER-REL-S05-W011,Relationships Action Center — Zero-Gap Field/Control 09,1006:8274,Zero-Gap Additions / Live Figma,UI Field / Control — exact semantic type pending,SOURCE_REVIEW_REQUIRED,PROJECTION_READ / LOCAL_UI TBD,Relationships.AvailableActions.Get (logical),GET/LOCAL TBD,,DEFERRED,Contract TBD/deferred: Relationships.AvailableActions.Get (logical)
REL,,PER-REL-S05,Relationships Action Center,1006:8274,PER-REL-S05-W012,Relationships Action Center — Zero-Gap Field/Control 10,1006:8274,Zero-Gap Additions / Live Figma,UI Field / Control — exact semantic type pending,SOURCE_REVIEW_REQUIRED,PROJECTION_READ / LOCAL_UI TBD,Relationships.AvailableActions.Get (logical),GET/LOCAL TBD,,DEFERRED,Contract TBD/deferred: Relationships.AvailableActions.Get (logical)
REL,,PER-REL-S05,Relationships Action Center,1006:8274,PER-REL-S05-W013,Relationships Action Center — Zero-Gap Field/Control 11,1006:8274,Zero-Gap Additions / Live Figma,UI Field / Control — exact semantic type pending,SOURCE_REVIEW_REQUIRED,PROJECTION_READ / LOCAL_UI TBD,Relationships.AvailableActions.Get (logical),GET/LOCAL TBD,,DEFERRED,Contract TBD/deferred: Relationships.AvailableActions.Get (logical)
REL,,PER-REL-S05,Relationships Action Center,1006:8274,PER-REL-S05-W014,Relationships Action Center — Zero-Gap Field/Control 12,1006:8274,Zero-Gap Additions / Live Figma,UI Field / Control — exact semantic type pending,SOURCE_REVIEW_REQUIRED,PROJECTION_READ / LOCAL_UI TBD,Relationships.AvailableActions.Get (logical),GET/LOCAL TBD,,DEFERRED,Contract TBD/deferred: Relationships.AvailableActions.Get (logical)
REL,,PER-REL-S05,Relationships Action Center,1006:8274,PER-REL-S05-W015,Relationships Action Center — Zero-Gap Field/Control 13,1006:8274,Zero-Gap Additions / Live Figma,UI Field / Control — exact semantic type pending,SOURCE_REVIEW_REQUIRED,PROJECTION_READ / LOCAL_UI TBD,Relationships.AvailableActions.Get (logical),GET/LOCAL TBD,,DEFERRED,Contract TBD/deferred: Relationships.AvailableActions.Get (logical)
REL,,PER-REL-S06,Adjust Relationship Quick Add,439:9468,PER-REL-S06-W001,What to change,439:9475,Relationship Adjustment Form,Form,WRITE_DRAFT,CANONICAL_WRITE,RelationshipAdjustment.Create,POST,POST /v1/moments/:id/relationship-activities | GET relationships-*,WIRED,Live write + client Quick Add
REL,,PER-REL-S06,Adjust Relationship Quick Add,439:9468,PER-REL-S06-W002,adjustment area,439:9475,Relationship Adjustment Form,Form,WRITE_DRAFT / COMMAND,CANONICAL_WRITE,RelationshipAdjustment.Create,POST,POST /v1/moments/:id/relationship-activities | GET relationships-*,WIRED,Live write + client Quick Add
REL,,PER-REL-S06,Adjust Relationship Quick Add,439:9468,PER-REL-S06-W003,who needs attention,439:9475,Relationship Adjustment Form,Form,WRITE_DRAFT / COMMAND,CANONICAL_WRITE,RelationshipAdjustment.Create,POST,POST /v1/moments/:id/relationship-activities | GET relationships-*,WIRED,Live write + client Quick Add
REL,,PER-REL-S06,Adjust Relationship Quick Add,439:9468,PER-REL-S06-W004,importance,439:9475,Relationship Adjustment Form,Form,WRITE_DRAFT / COMMAND,CANONICAL_WRITE,RelationshipAdjustment.Create,POST,POST /v1/moments/:id/relationship-activities | GET relationships-*,WIRED,Live write + client Quick Add
REL,,PER-REL-S06,Adjust Relationship Quick Add,439:9468,PER-REL-S06-W005,confidence,439:9475,Relationship Adjustment Form,Form,WRITE_DRAFT / COMMAND,CANONICAL_WRITE,RelationshipAdjustment.Create,POST,POST /v1/moments/:id/relationship-activities | GET relationships-*,WIRED,Live write + client Quick Add
REL,,PER-REL-S06,Adjust Relationship Quick Add,439:9468,PER-REL-S06-W006,notes,439:9475,Relationship Adjustment Form,Input / Editable Field,WRITE_DRAFT / COMMAND,CANONICAL_WRITE,RelationshipAdjustment.Create,POST,POST /v1/moments/:id/relationship-activities | GET relationships-*,WIRED,Live write + client Quick Add
REL,,PER-REL-S06,Adjust Relationship Quick Add,439:9468,PER-REL-S06-W007,Adjust Relationship Quick Add — Zero-Gap Field/Control 01,439:9468,Zero-Gap Additions / Live Figma,UI Field / Control — exact semantic type pending,WRITE_DRAFT / COMMAND,CANONICAL_WRITE,RelationshipAdjustment.Create,POST,POST /v1/moments/:id/relationship-activities | GET relationships-*,WIRED,Live write + client Quick Add
REL,,PER-REL-S06,Adjust Relationship Quick Add,439:9468,PER-REL-S06-W008,Adjust Relationship Quick Add — Zero-Gap Field/Control 02,439:9468,Zero-Gap Additions / Live Figma,UI Field / Control — exact semantic type pending,WRITE_DRAFT / COMMAND,CANONICAL_WRITE,RelationshipAdjustment.Create,POST,POST /v1/moments/:id/relationship-activities | GET relationships-*,WIRED,Live write + client Quick Add
REL,,PER-REL-S06,Adjust Relationship Quick Add,439:9468,PER-REL-S06-W009,Adjust Relationship Quick Add — Zero-Gap Field/Control 03,439:9468,Zero-Gap Additions / Live Figma,UI Field / Control — exact semantic type pending,WRITE_DRAFT / COMMAND,CANONICAL_WRITE,RelationshipAdjustment.Create,POST,POST /v1/moments/:id/relationship-activities | GET relationships-*,WIRED,Live write + client Quick Add
REL,,PER-REL-S06,Adjust Relationship Quick Add,439:9468,PER-REL-S06-W010,Adjust Relationship Quick Add — Zero-Gap Field/Control 04,439:9468,Zero-Gap Additions / Live Figma,UI Field / Control — exact semantic type pending,WRITE_DRAFT / COMMAND,CANONICAL_WRITE,RelationshipAdjustment.Create,POST,POST /v1/moments/:id/relationship-activities | GET relationships-*,WIRED,Live write + client Quick Add
REL,,PER-REL-S06,Adjust Relationship Quick Add,439:9468,PER-REL-S06-W011,Adjust Relationship Quick Add — Zero-Gap Field/Control 05,439:9468,Zero-Gap Additions / Live Figma,UI Field / Control — exact semantic type pending,WRITE_DRAFT / COMMAND,CANONICAL_WRITE,RelationshipAdjustment.Create,POST,POST /v1/moments/:id/relationship-activities | GET relationships-*,WIRED,Live write + client Quick Add
REL,,PER-REL-S06,Adjust Relationship Quick Add,439:9468,PER-REL-S06-W012,Adjust Relationship Quick Add — Zero-Gap Field/Control 06,439:9468,Zero-Gap Additions / Live Figma,UI Field / Control — exact semantic type pending,WRITE_DRAFT / COMMAND,CANONICAL_WRITE,RelationshipAdjustment.Create,POST,POST /v1/moments/:id/relationship-activities | GET relationships-*,WIRED,Live write + client Quick Add
REL,,PER-REL-S06,Adjust Relationship Quick Add,439:9468,PER-REL-S06-W013,Adjust Relationship Quick Add — Zero-Gap Field/Control 07,439:9468,Zero-Gap Additions / Live Figma,UI Field / Control — exact semantic type pending,WRITE_DRAFT / COMMAND,CANONICAL_WRITE,RelationshipAdjustment.Create,POST,POST /v1/moments/:id/relationship-activities | GET relationships-*,WIRED,Live write + client Quick Add
REL,,PER-REL-S06,Adjust Relationship Quick Add,439:9468,PER-REL-S06-W014,Adjust Relationship Quick Add — Zero-Gap Field/Control 08,439:9468,Zero-Gap Additions / Live Figma,UI Field / Control — exact semantic type pending,WRITE_DRAFT / COMMAND,CANONICAL_WRITE,RelationshipAdjustment.Create,POST,POST /v1/moments/:id/relationship-activities | GET relationships-*,WIRED,Live write + client Quick Add
REL,,PER-REL-S06,Adjust Relationship Quick Add,439:9468,PER-REL-S06-W015,Adjust Relationship Quick Add — Zero-Gap Field/Control 09,439:9468,Zero-Gap Additions / Live Figma,UI Field / Control — exact semantic type pending,WRITE_DRAFT / COMMAND,CANONICAL_WRITE,RelationshipAdjustment.Create,POST,POST /v1/moments/:id/relationship-activities | GET relationships-*,WIRED,Live write + client Quick Add
REL,,PER-REL-S06,Adjust Relationship Quick Add,439:9468,PER-REL-S06-W016,Adjust Relationship Quick Add — Zero-Gap Field/Control 10,439:9468,Zero-Gap Additions / Live Figma,UI Field / Control — exact semantic type pending,WRITE_DRAFT / COMMAND,CANONICAL_WRITE,RelationshipAdjustment.Create,POST,POST /v1/moments/:id/relationship-activities | GET relationships-*,WIRED,Live write + client Quick Add
REL,,PER-REL-S06,Adjust Relationship Quick Add,439:9468,PER-REL-S06-W017,Adjust Relationship Quick Add — Zero-Gap Field/Control 11,439:9468,Zero-Gap Additions / Live Figma,UI Field / Control — exact semantic type pending,WRITE_DRAFT / COMMAND,CANONICAL_WRITE,RelationshipAdjustment.Create,POST,POST /v1/moments/:id/relationship-activities | GET relationships-*,WIRED,Live write + client Quick Add
REL,,PER-REL-S06,Adjust Relationship Quick Add,439:9468,PER-REL-S06-W018,Adjust Relationship Quick Add — Zero-Gap Field/Control 12,439:9468,Zero-Gap Additions / Live Figma,UI Field / Control — exact semantic type pending,WRITE_DRAFT / COMMAND,CANONICAL_WRITE,RelationshipAdjustment.Create,POST,POST /v1/moments/:id/relationship-activities | GET relationships-*,WIRED,Live write + client Quick Add
REL,,PER-REL-S06,Adjust Relationship Quick Add,439:9468,PER-REL-S06-W019,Adjust Relationship Quick Add — Zero-Gap Field/Control 13,439:9468,Zero-Gap Additions / Live Figma,UI Field / Control — exact semantic type pending,WRITE_DRAFT / COMMAND,CANONICAL_WRITE,RelationshipAdjustment.Create,POST,POST /v1/moments/:id/relationship-activities | GET relationships-*,WIRED,Live write + client Quick Add
REL,,PER-REL-S06,Adjust Relationship Quick Add,439:9468,PER-REL-S06-W020,Adjust Relationship Quick Add — Zero-Gap Field/Control 14,439:9468,Zero-Gap Additions / Live Figma,UI Field / Control — exact semantic type pending,WRITE_DRAFT / COMMAND,CANONICAL_WRITE,RelationshipAdjustment.Create,POST,POST /v1/moments/:id/relationship-activities | GET relationships-*,WIRED,Live write + client Quick Add
REL,,PER-REL-S06,Adjust Relationship Quick Add,439:9468,PER-REL-S06-W021,Adjust Relationship Quick Add — Zero-Gap Field/Control 15,439:9468,Zero-Gap Additions / Live Figma,UI Field / Control — exact semantic type pending,WRITE_DRAFT / COMMAND,CANONICAL_WRITE,RelationshipAdjustment.Create,POST,POST /v1/moments/:id/relationship-activities | GET relationships-*,WIRED,Live write + client Quick Add
REL,,PER-REL-S06,Adjust Relationship Quick Add,439:9468,PER-REL-S06-W022,Adjust Relationship Quick Add — Zero-Gap Field/Control 16,439:9468,Zero-Gap Additions / Live Figma,UI Field / Control — exact semantic type pending,WRITE_DRAFT / COMMAND,CANONICAL_WRITE,RelationshipAdjustment.Create,POST,POST /v1/moments/:id/relationship-activities | GET relationships-*,WIRED,Live write + client Quick Add
REL,,PER-REL-S06,Adjust Relationship Quick Add,439:9468,PER-REL-S06-W023,Adjust Relationship Quick Add — Zero-Gap Field/Control 17,439:9468,Zero-Gap Additions / Live Figma,UI Field / Control — exact semantic type pending,WRITE_DRAFT / COMMAND,CANONICAL_WRITE,RelationshipAdjustment.Create,POST,POST /v1/moments/:id/relationship-activities | GET relationships-*,WIRED,Live write + client Quick Add
REL,,PER-REL-S06,Adjust Relationship Quick Add,439:9468,PER-REL-S06-W024,Adjust Relationship Quick Add — Zero-Gap Field/Control 18,439:9468,Zero-Gap Additions / Live Figma,UI Field / Control — exact semantic type pending,WRITE_DRAFT / COMMAND,CANONICAL_WRITE,RelationshipAdjustment.Create,POST,POST /v1/moments/:id/relationship-activities | GET relationships-*,WIRED,Live write + client Quick Add
REL,,PER-REL-S07,Support Quick Add,439:9574,PER-REL-S07-W001,What happened,1028:7909,Support Form,Form,WRITE_DRAFT,CANONICAL_WRITE,RelationshipActivity.Create,POST,POST /v1/moments/:id/relationship-activities | GET relationships-*,WIRED,Live write + client Quick Add
REL,,PER-REL-S07,Support Quick Add,439:9574,PER-REL-S07-W002,support type,1028:7909,Support Form,Form,COMMAND,CANONICAL_WRITE,RelationshipActivity.Create,POST,POST /v1/moments/:id/relationship-activities | GET relationships-*,WIRED,Live write + client Quick Add
REL,,PER-REL-S07,Support Quick Add,439:9574,PER-REL-S07-W003,direction,1028:7909,Support Form,Form,WRITE_DRAFT,CANONICAL_WRITE,RelationshipActivity.Create,POST,POST /v1/moments/:id/relationship-activities | GET relationships-*,WIRED,Live write + client Quick Add
REL,,PER-REL-S07,Support Quick Add,439:9574,PER-REL-S07-W004,helpfulness,1028:7909,Support Form,Form,WRITE_DRAFT,CANONICAL_WRITE,RelationshipActivity.Create,POST,POST /v1/moments/:id/relationship-activities | GET relationships-*,WIRED,Live write + client Quick Add
REL,,PER-REL-S07,Support Quick Add,439:9574,PER-REL-S07-W005,note,1028:7909,Support Form,Input / Editable Field,WRITE_DRAFT,CANONICAL_WRITE,RelationshipActivity.Create,POST,POST /v1/moments/:id/relationship-activities | GET relationships-*,WIRED,Live write + client Quick Add
REL,,PER-REL-S07,Support Quick Add,439:9574,PER-REL-S07-W006,Save Support CTA,1028:7910,Save Support CTA,CTA / Action,WRITE_DRAFT,CANONICAL_WRITE,RelationshipActivity.Create,POST,POST /v1/moments/:id/relationship-activities | GET relationships-*,WIRED,Live write + client Quick Add
REL,,PER-REL-S07,Support Quick Add,439:9574,PER-REL-S07-W007,Support Quick Add — Zero-Gap Field/Control 01,439:9574,Zero-Gap Additions / Live Figma,UI Field / Control — exact semantic type pending,WRITE_DRAFT,CANONICAL_WRITE,RelationshipActivity.Create,POST,POST /v1/moments/:id/relationship-activities | GET relationships-*,WIRED,Live write + client Quick Add
REL,,PER-REL-S07,Support Quick Add,439:9574,PER-REL-S07-W008,Support Quick Add — Zero-Gap Field/Control 02,439:9574,Zero-Gap Additions / Live Figma,UI Field / Control — exact semantic type pending,WRITE_DRAFT,CANONICAL_WRITE,RelationshipActivity.Create,POST,POST /v1/moments/:id/relationship-activities | GET relationships-*,WIRED,Live write + client Quick Add
REL,,PER-REL-S07,Support Quick Add,439:9574,PER-REL-S07-W009,Support Quick Add — Zero-Gap Field/Control 03,439:9574,Zero-Gap Additions / Live Figma,UI Field / Control — exact semantic type pending,WRITE_DRAFT,CANONICAL_WRITE,RelationshipActivity.Create,POST,POST /v1/moments/:id/relationship-activities | GET relationships-*,WIRED,Live write + client Quick Add
REL,,PER-REL-S07,Support Quick Add,439:9574,PER-REL-S07-W010,Support Quick Add — Zero-Gap Field/Control 04,439:9574,Zero-Gap Additions / Live Figma,UI Field / Control — exact semantic type pending,WRITE_DRAFT,CANONICAL_WRITE,RelationshipActivity.Create,POST,POST /v1/moments/:id/relationship-activities | GET relationships-*,WIRED,Live write + client Quick Add
REL,,PER-REL-S07,Support Quick Add,439:9574,PER-REL-S07-W011,Support Quick Add — Zero-Gap Field/Control 05,439:9574,Zero-Gap Additions / Live Figma,UI Field / Control — exact semantic type pending,WRITE_DRAFT,CANONICAL_WRITE,RelationshipActivity.Create,POST,POST /v1/moments/:id/relationship-activities | GET relationships-*,WIRED,Live write + client Quick Add
REL,,PER-REL-S07,Support Quick Add,439:9574,PER-REL-S07-W012,Support Quick Add — Zero-Gap Field/Control 06,439:9574,Zero-Gap Additions / Live Figma,UI Field / Control — exact semantic type pending,WRITE_DRAFT,CANONICAL_WRITE,RelationshipActivity.Create,POST,POST /v1/moments/:id/relationship-activities | GET relationships-*,WIRED,Live write + client Quick Add
REL,,PER-REL-S07,Support Quick Add,439:9574,PER-REL-S07-W013,Support Quick Add — Zero-Gap Field/Control 07,439:9574,Zero-Gap Additions / Live Figma,UI Field / Control — exact semantic type pending,WRITE_DRAFT,CANONICAL_WRITE,RelationshipActivity.Create,POST,POST /v1/moments/:id/relationship-activities | GET relationships-*,WIRED,Live write + client Quick Add
REL,,PER-REL-S07,Support Quick Add,439:9574,PER-REL-S07-W014,Support Quick Add — Zero-Gap Field/Control 08,439:9574,Zero-Gap Additions / Live Figma,UI Field / Control — exact semantic type pending,WRITE_DRAFT,CANONICAL_WRITE,RelationshipActivity.Create,POST,POST /v1/moments/:id/relationship-activities | GET relationships-*,WIRED,Live write + client Quick Add
REL,,PER-REL-S07,Support Quick Add,439:9574,PER-REL-S07-W015,Support Quick Add — Zero-Gap Field/Control 09,439:9574,Zero-Gap Additions / Live Figma,UI Field / Control — exact semantic type pending,WRITE_DRAFT,CANONICAL_WRITE,RelationshipActivity.Create,POST,POST /v1/moments/:id/relationship-activities | GET relationships-*,WIRED,Live write + client Quick Add
REL,,PER-REL-S07,Support Quick Add,439:9574,PER-REL-S07-W016,Support Quick Add — Zero-Gap Field/Control 10,439:9574,Zero-Gap Additions / Live Figma,UI Field / Control — exact semantic type pending,WRITE_DRAFT,CANONICAL_WRITE,RelationshipActivity.Create,POST,POST /v1/moments/:id/relationship-activities | GET relationships-*,WIRED,Live write + client Quick Add
REL,,PER-REL-S07,Support Quick Add,439:9574,PER-REL-S07-W017,Support Quick Add — Zero-Gap Field/Control 11,439:9574,Zero-Gap Additions / Live Figma,UI Field / Control — exact semantic type pending,WRITE_DRAFT,CANONICAL_WRITE,RelationshipActivity.Create,POST,POST /v1/moments/:id/relationship-activities | GET relationships-*,WIRED,Live write + client Quick Add
REL,,PER-REL-S07,Support Quick Add,439:9574,PER-REL-S07-W018,Support Quick Add — Zero-Gap Field/Control 12,439:9574,Zero-Gap Additions / Live Figma,UI Field / Control — exact semantic type pending,WRITE_DRAFT,CANONICAL_WRITE,RelationshipActivity.Create,POST,POST /v1/moments/:id/relationship-activities | GET relationships-*,WIRED,Live write + client Quick Add
REL,,PER-REL-S07,Support Quick Add,439:9574,PER-REL-S07-W019,Support Quick Add — Zero-Gap Field/Control 13,439:9574,Zero-Gap Additions / Live Figma,UI Field / Control — exact semantic type pending,WRITE_DRAFT,CANONICAL_WRITE,RelationshipActivity.Create,POST,POST /v1/moments/:id/relationship-activities | GET relationships-*,WIRED,Live write + client Quick Add
REL,,PER-REL-S08,Connection Quick Add,439:9666,PER-REL-S08-W001,Who,439:9691,Connection Form,Form,WRITE_DRAFT,CANONICAL_WRITE,RelationshipConnection.Create + RelationshipActivity.Create,POST,POST /v1/moments/:id/relationship-activities | GET relationships-*,WIRED,Live write + client Quick Add
REL,,PER-REL-S08,Connection Quick Add,439:9666,PER-REL-S08-W002,connection type,439:9691,Connection Form,Form,WRITE_DRAFT / COMMAND,CANONICAL_WRITE,RelationshipConnection.Create / RelationshipActivity.Create,POST/PATCH,POST /v1/moments/:id/relationship-activities | GET relationships-*,WIRED,Live write + client Quick Add
REL,,PER-REL-S08,Connection Quick Add,439:9666,PER-REL-S08-W003,relationship type,439:9691,Connection Form,Form,WRITE_DRAFT / COMMAND,CANONICAL_WRITE,RelationshipConnection.Create / RelationshipActivity.Create,POST/PATCH,POST /v1/moments/:id/relationship-activities | GET relationships-*,WIRED,Live write + client Quick Add
REL,,PER-REL-S08,Connection Quick Add,439:9666,PER-REL-S08-W004,connectedness,439:9691,Connection Form,Form,WRITE_DRAFT / COMMAND,CANONICAL_WRITE,RelationshipConnection.Create / RelationshipActivity.Create,POST/PATCH,POST /v1/moments/:id/relationship-activities | GET relationships-*,WIRED,Live write + client Quick Add
REL,,PER-REL-S08,Connection Quick Add,439:9666,PER-REL-S08-W005,tone,439:9691,Connection Form,Form,WRITE_DRAFT / COMMAND,CANONICAL_WRITE,RelationshipConnection.Create / RelationshipActivity.Create,POST/PATCH,POST /v1/moments/:id/relationship-activities | GET relationships-*,WIRED,Live write + client Quick Add
REL,,PER-REL-S08,Connection Quick Add,439:9666,PER-REL-S08-W006,time invested,439:9691,Connection Form,Input / Editable Field,WRITE_DRAFT / COMMAND,CANONICAL_WRITE,RelationshipConnection.Create / RelationshipActivity.Create,POST/PATCH,POST /v1/moments/:id/relationship-activities | GET relationships-*,WIRED,Live write + client Quick Add
REL,,PER-REL-S08,Connection Quick Add,439:9666,PER-REL-S08-W007,notes,439:9691,Connection Form,Input / Editable Field,WRITE_DRAFT / COMMAND,CANONICAL_WRITE,RelationshipConnection.Create / RelationshipActivity.Create,POST/PATCH,POST /v1/moments/:id/relationship-activities | GET relationships-*,WIRED,Live write + client Quick Add
REL,,PER-REL-S08,Connection Quick Add,439:9666,PER-REL-S08-W008,Connection Quick Add — Zero-Gap Field/Control 01,439:9666,Zero-Gap Additions / Live Figma,UI Field / Control — exact semantic type pending,WRITE_DRAFT / COMMAND,CANONICAL_WRITE,RelationshipConnection.Create / RelationshipActivity.Create,POST/PATCH,POST /v1/moments/:id/relationship-activities | GET relationships-*,WIRED,Live write + client Quick Add
REL,,PER-REL-S08,Connection Quick Add,439:9666,PER-REL-S08-W009,Connection Quick Add — Zero-Gap Field/Control 02,439:9666,Zero-Gap Additions / Live Figma,UI Field / Control — exact semantic type pending,WRITE_DRAFT / COMMAND,CANONICAL_WRITE,RelationshipConnection.Create / RelationshipActivity.Create,POST/PATCH,POST /v1/moments/:id/relationship-activities | GET relationships-*,WIRED,Live write + client Quick Add
REL,,PER-REL-S08,Connection Quick Add,439:9666,PER-REL-S08-W010,Connection Quick Add — Zero-Gap Field/Control 03,439:9666,Zero-Gap Additions / Live Figma,UI Field / Control — exact semantic type pending,WRITE_DRAFT / COMMAND,CANONICAL_WRITE,RelationshipConnection.Create / RelationshipActivity.Create,POST/PATCH,POST /v1/moments/:id/relationship-activities | GET relationships-*,WIRED,Live write + client Quick Add
REL,,PER-REL-S08,Connection Quick Add,439:9666,PER-REL-S08-W011,Connection Quick Add — Zero-Gap Field/Control 04,439:9666,Zero-Gap Additions / Live Figma,UI Field / Control — exact semantic type pending,WRITE_DRAFT / COMMAND,CANONICAL_WRITE,RelationshipConnection.Create / RelationshipActivity.Create,POST/PATCH,POST /v1/moments/:id/relationship-activities | GET relationships-*,WIRED,Live write + client Quick Add
REL,,PER-REL-S08,Connection Quick Add,439:9666,PER-REL-S08-W012,Connection Quick Add — Zero-Gap Field/Control 05,439:9666,Zero-Gap Additions / Live Figma,UI Field / Control — exact semantic type pending,WRITE_DRAFT / COMMAND,CANONICAL_WRITE,RelationshipConnection.Create / RelationshipActivity.Create,POST/PATCH,POST /v1/moments/:id/relationship-activities | GET relationships-*,WIRED,Live write + client Quick Add
REL,,PER-REL-S08,Connection Quick Add,439:9666,PER-REL-S08-W013,Connection Quick Add — Zero-Gap Field/Control 06,439:9666,Zero-Gap Additions / Live Figma,UI Field / Control — exact semantic type pending,WRITE_DRAFT / COMMAND,CANONICAL_WRITE,RelationshipConnection.Create / RelationshipActivity.Create,POST/PATCH,POST /v1/moments/:id/relationship-activities | GET relationships-*,WIRED,Live write + client Quick Add
REL,,PER-REL-S08,Connection Quick Add,439:9666,PER-REL-S08-W014,Connection Quick Add — Zero-Gap Field/Control 07,439:9666,Zero-Gap Additions / Live Figma,UI Field / Control — exact semantic type pending,WRITE_DRAFT / COMMAND,CANONICAL_WRITE,RelationshipConnection.Create / RelationshipActivity.Create,POST/PATCH,POST /v1/moments/:id/relationship-activities | GET relationships-*,WIRED,Live write + client Quick Add
REL,,PER-REL-S08,Connection Quick Add,439:9666,PER-REL-S08-W015,Connection Quick Add — Zero-Gap Field/Control 08,439:9666,Zero-Gap Additions / Live Figma,UI Field / Control — exact semantic type pending,WRITE_DRAFT / COMMAND,CANONICAL_WRITE,RelationshipConnection.Create / RelationshipActivity.Create,POST/PATCH,POST /v1/moments/:id/relationship-activities | GET relationships-*,WIRED,Live write + client Quick Add
REL,,PER-REL-S08,Connection Quick Add,439:9666,PER-REL-S08-W016,Connection Quick Add — Zero-Gap Field/Control 09,439:9666,Zero-Gap Additions / Live Figma,UI Field / Control — exact semantic type pending,WRITE_DRAFT / COMMAND,CANONICAL_WRITE,RelationshipConnection.Create / RelationshipActivity.Create,POST/PATCH,POST /v1/moments/:id/relationship-activities | GET relationships-*,WIRED,Live write + client Quick Add
REL,,PER-REL-S08,Connection Quick Add,439:9666,PER-REL-S08-W017,Connection Quick Add — Zero-Gap Field/Control 10,439:9666,Zero-Gap Additions / Live Figma,UI Field / Control — exact semantic type pending,WRITE_DRAFT / COMMAND,CANONICAL_WRITE,RelationshipConnection.Create / RelationshipActivity.Create,POST/PATCH,POST /v1/moments/:id/relationship-activities | GET relationships-*,WIRED,Live write + client Quick Add
REL,,PER-REL-S08,Connection Quick Add,439:9666,PER-REL-S08-W018,Connection Quick Add — Zero-Gap Field/Control 11,439:9666,Zero-Gap Additions / Live Figma,UI Field / Control — exact semantic type pending,WRITE_DRAFT / COMMAND,CANONICAL_WRITE,RelationshipConnection.Create / RelationshipActivity.Create,POST/PATCH,POST /v1/moments/:id/relationship-activities | GET relationships-*,WIRED,Live write + client Quick Add
REL,,PER-REL-S08,Connection Quick Add,439:9666,PER-REL-S08-W019,Connection Quick Add — Zero-Gap Field/Control 12,439:9666,Zero-Gap Additions / Live Figma,UI Field / Control — exact semantic type pending,WRITE_DRAFT / COMMAND,CANONICAL_WRITE,RelationshipConnection.Create / RelationshipActivity.Create,POST/PATCH,POST /v1/moments/:id/relationship-activities | GET relationships-*,WIRED,Live write + client Quick Add
REL,,PER-REL-S08,Connection Quick Add,439:9666,PER-REL-S08-W020,Connection Quick Add — Zero-Gap Field/Control 13,439:9666,Zero-Gap Additions / Live Figma,UI Field / Control — exact semantic type pending,WRITE_DRAFT / COMMAND,CANONICAL_WRITE,RelationshipConnection.Create / RelationshipActivity.Create,POST/PATCH,POST /v1/moments/:id/relationship-activities | GET relationships-*,WIRED,Live write + client Quick Add
REL,,PER-REL-S08,Connection Quick Add,439:9666,PER-REL-S08-W021,Connection Quick Add — Zero-Gap Field/Control 14,439:9666,Zero-Gap Additions / Live Figma,UI Field / Control — exact semantic type pending,WRITE_DRAFT / COMMAND,CANONICAL_WRITE,RelationshipConnection.Create / RelationshipActivity.Create,POST/PATCH,POST /v1/moments/:id/relationship-activities | GET relationships-*,WIRED,Live write + client Quick Add
REL,,PER-REL-S08,Connection Quick Add,439:9666,PER-REL-S08-W022,Connection Quick Add — Zero-Gap Field/Control 15,439:9666,Zero-Gap Additions / Live Figma,UI Field / Control — exact semantic type pending,WRITE_DRAFT / COMMAND,CANONICAL_WRITE,RelationshipConnection.Create / RelationshipActivity.Create,POST/PATCH,POST /v1/moments/:id/relationship-activities | GET relationships-*,WIRED,Live write + client Quick Add
REL,,PER-REL-S08,Connection Quick Add,439:9666,PER-REL-S08-W023,Connection Quick Add — Zero-Gap Field/Control 16,439:9666,Zero-Gap Additions / Live Figma,UI Field / Control — exact semantic type pending,WRITE_DRAFT / COMMAND,CANONICAL_WRITE,RelationshipConnection.Create / RelationshipActivity.Create,POST/PATCH,POST /v1/moments/:id/relationship-activities | GET relationships-*,WIRED,Live write + client Quick Add
REL,,PER-REL-S08,Connection Quick Add,439:9666,PER-REL-S08-W024,Connection Quick Add — Zero-Gap Field/Control 17,439:9666,Zero-Gap Additions / Live Figma,UI Field / Control — exact semantic type pending,WRITE_DRAFT / COMMAND,CANONICAL_WRITE,RelationshipConnection.Create / RelationshipActivity.Create,POST/PATCH,POST /v1/moments/:id/relationship-activities | GET relationships-*,WIRED,Live write + client Quick Add
REL,,PER-REL-S08,Connection Quick Add,439:9666,PER-REL-S08-W025,Connection Quick Add — Zero-Gap Field/Control 18,439:9666,Zero-Gap Additions / Live Figma,UI Field / Control — exact semantic type pending,WRITE_DRAFT / COMMAND,CANONICAL_WRITE,RelationshipConnection.Create / RelationshipActivity.Create,POST/PATCH,POST /v1/moments/:id/relationship-activities | GET relationships-*,WIRED,Live write + client Quick Add
REL,,PER-REL-S08,Connection Quick Add,439:9666,PER-REL-S08-W026,Connection Quick Add — Zero-Gap Field/Control 19,439:9666,Zero-Gap Additions / Live Figma,UI Field / Control — exact semantic type pending,WRITE_DRAFT / COMMAND,CANONICAL_WRITE,RelationshipConnection.Create / RelationshipActivity.Create,POST/PATCH,POST /v1/moments/:id/relationship-activities | GET relationships-*,WIRED,Live write + client Quick Add
REL,,PER-REL-S08,Connection Quick Add,439:9666,PER-REL-S08-W027,Connection Quick Add — Zero-Gap Field/Control 20,439:9666,Zero-Gap Additions / Live Figma,UI Field / Control — exact semantic type pending,WRITE_DRAFT / COMMAND,CANONICAL_WRITE,RelationshipConnection.Create / RelationshipActivity.Create,POST/PATCH,POST /v1/moments/:id/relationship-activities | GET relationships-*,WIRED,Live write + client Quick Add
REL,,PER-REL-S08,Connection Quick Add,439:9666,PER-REL-S08-W028,Connection Quick Add — Zero-Gap Field/Control 21,439:9666,Zero-Gap Additions / Live Figma,UI Field / Control — exact semantic type pending,WRITE_DRAFT / COMMAND,CANONICAL_WRITE,RelationshipConnection.Create / RelationshipActivity.Create,POST/PATCH,POST /v1/moments/:id/relationship-activities | GET relationships-*,WIRED,Live write + client Quick Add
REL,,PER-REL-S08,Connection Quick Add,439:9666,PER-REL-S08-W029,Connection Quick Add — Zero-Gap Field/Control 22,439:9666,Zero-Gap Additions / Live Figma,UI Field / Control — exact semantic type pending,WRITE_DRAFT / COMMAND,CANONICAL_WRITE,RelationshipConnection.Create / RelationshipActivity.Create,POST/PATCH,POST /v1/moments/:id/relationship-activities | GET relationships-*,WIRED,Live write + client Quick Add
REL,,PER-REL-S08,Connection Quick Add,439:9666,PER-REL-S08-W030,Connection Quick Add — Zero-Gap Field/Control 23,439:9666,Zero-Gap Additions / Live Figma,UI Field / Control — exact semantic type pending,WRITE_DRAFT / COMMAND,CANONICAL_WRITE,RelationshipConnection.Create / RelationshipActivity.Create,POST/PATCH,POST /v1/moments/:id/relationship-activities | GET relationships-*,WIRED,Live write + client Quick Add
REL,,PER-REL-S08,Connection Quick Add,439:9666,PER-REL-S08-W031,Connection Quick Add — Zero-Gap Field/Control 24,439:9666,Zero-Gap Additions / Live Figma,UI Field / Control — exact semantic type pending,WRITE_DRAFT / COMMAND,CANONICAL_WRITE,RelationshipConnection.Create / RelationshipActivity.Create,POST/PATCH,POST /v1/moments/:id/relationship-activities | GET relationships-*,WIRED,Live write + client Quick Add
REL,,PER-REL-S08,Connection Quick Add,439:9666,PER-REL-S08-W032,Connection Quick Add — Zero-Gap Field/Control 25,439:9666,Zero-Gap Additions / Live Figma,UI Field / Control — exact semantic type pending,WRITE_DRAFT / COMMAND,CANONICAL_WRITE,RelationshipConnection.Create / RelationshipActivity.Create,POST/PATCH,POST /v1/moments/:id/relationship-activities | GET relationships-*,WIRED,Live write + client Quick Add
REL,,PER-REL-S08,Connection Quick Add,439:9666,PER-REL-S08-W033,Connection Quick Add — Zero-Gap Field/Control 26,439:9666,Zero-Gap Additions / Live Figma,UI Field / Control — exact semantic type pending,WRITE_DRAFT / COMMAND,CANONICAL_WRITE,RelationshipConnection.Create / RelationshipActivity.Create,POST/PATCH,POST /v1/moments/:id/relationship-activities | GET relationships-*,WIRED,Live write + client Quick Add
REL,,PER-REL-S08,Connection Quick Add,439:9666,PER-REL-S08-W034,Connection Quick Add — Zero-Gap Field/Control 27,439:9666,Zero-Gap Additions / Live Figma,UI Field / Control — exact semantic type pending,WRITE_DRAFT / COMMAND,CANONICAL_WRITE,RelationshipConnection.Create / RelationshipActivity.Create,POST/PATCH,POST /v1/moments/:id/relationship-activities | GET relationships-*,WIRED,Live write + client Quick Add
REL,,PER-REL-S08,Connection Quick Add,439:9666,PER-REL-S08-W035,Connection Quick Add — Zero-Gap Field/Control 28,439:9666,Zero-Gap Additions / Live Figma,UI Field / Control — exact semantic type pending,WRITE_DRAFT / COMMAND,CANONICAL_WRITE,RelationshipConnection.Create / RelationshipActivity.Create,POST/PATCH,POST /v1/moments/:id/relationship-activities | GET relationships-*,WIRED,Live write + client Quick Add
REL,,PER-REL-S08,Connection Quick Add,439:9666,PER-REL-S08-W036,Connection Quick Add — Zero-Gap Field/Control 29,439:9666,Zero-Gap Additions / Live Figma,UI Field / Control — exact semantic type pending,WRITE_DRAFT / COMMAND,CANONICAL_WRITE,RelationshipConnection.Create / RelationshipActivity.Create,POST/PATCH,POST /v1/moments/:id/relationship-activities | GET relationships-*,WIRED,Live write + client Quick Add
REL,,PER-REL-S08,Connection Quick Add,439:9666,PER-REL-S08-W037,Connection Quick Add — Zero-Gap Field/Control 30,439:9666,Zero-Gap Additions / Live Figma,UI Field / Control — exact semantic type pending,WRITE_DRAFT / COMMAND,CANONICAL_WRITE,RelationshipConnection.Create / RelationshipActivity.Create,POST/PATCH,POST /v1/moments/:id/relationship-activities | GET relationships-*,WIRED,Live write + client Quick Add
REL,,PER-REL-S09,Shared Experience Quick Add,439:9798,PER-REL-S09-W001,Close Shared Experience,439:9817,Header,CTA,NAVIGATION,LOCAL_UI,LOCAL_ONLY,—,LOCAL,LOCAL_ONLY,UI-only / navigation
REL,,PER-REL-S09,Shared Experience Quick Add,439:9798,PER-REL-S09-W002,Shared Experience Hero,439:9835,Hero,Informational,STATIC,STATIC_UI,NONE,—,LOCAL,LOCAL_ONLY,UI-only / navigation
REL,,PER-REL-S09,Shared Experience Quick Add,439:9798,PER-REL-S09-W003,Experience Description,1028:7942,What Did You Do?,Text Input,WRITE_DRAFT,CANONICAL_WRITE,Relationships.RecordSharedExperience,POST,POST /v1/moments/:id/relationship-activities | GET relationships-*,WIRED,Live write + client Quick Add
REL,,PER-REL-S09,Shared Experience Quick Add,439:9798,PER-REL-S09-W004,Adventure Type,1028:7948,Experience Type,Selection Card,WRITE_DRAFT,CANONICAL_WRITE,Relationships.RecordSharedExperience,POST,POST /v1/moments/:id/relationship-activities | GET relationships-*,WIRED,Live write + client Quick Add
REL,,PER-REL-S09,Shared Experience Quick Add,439:9798,PER-REL-S09-W005,Celebration Type,1028:7951,Experience Type,Selection Card,WRITE_DRAFT,CANONICAL_WRITE,Relationships.RecordSharedExperience,POST,POST /v1/moments/:id/relationship-activities | GET relationships-*,WIRED,Live write + client Quick Add
REL,,PER-REL-S09,Shared Experience Quick Add,439:9798,PER-REL-S09-W006,Conversation Type,1028:7955,Experience Type,Selection Card,WRITE_DRAFT,CANONICAL_WRITE,Relationships.RecordSharedExperience,POST,POST /v1/moments/:id/relationship-activities | GET relationships-*,WIRED,Live write + client Quick Add
REL,,PER-REL-S09,Shared Experience Quick Add,439:9798,PER-REL-S09-W007,Creative Type,1028:7958,Experience Type,Selection Card,WRITE_DRAFT,CANONICAL_WRITE,Relationships.RecordSharedExperience,POST,POST /v1/moments/:id/relationship-activities | GET relationships-*,WIRED,Live write + client Quick Add
REL,,PER-REL-S09,Shared Experience Quick Add,439:9798,PER-REL-S09-W008,Meal Type,1028:7962,Experience Type,Selection Card,WRITE_DRAFT,CANONICAL_WRITE,Relationships.RecordSharedExperience,POST,POST /v1/moments/:id/relationship-activities | GET relationships-*,WIRED,Live write + client Quick Add
REL,,PER-REL-S09,Shared Experience Quick Add,439:9798,PER-REL-S09-W009,Outing Type,1028:7965,Experience Type,Selection Card,WRITE_DRAFT,CANONICAL_WRITE,Relationships.RecordSharedExperience,POST,POST /v1/moments/:id/relationship-activities | GET relationships-*,WIRED,Live write + client Quick Add
REL,,PER-REL-S09,Shared Experience Quick Add,439:9798,PER-REL-S09-W010,Quality Time Type,1028:7969,Experience Type,Selection Card,WRITE_DRAFT,CANONICAL_WRITE,Relationships.RecordSharedExperience,POST,POST /v1/moments/:id/relationship-activities | GET relationships-*,WIRED,Live write + client Quick Add
REL,,PER-REL-S09,Shared Experience Quick Add,439:9798,PER-REL-S09-W011,Sport Type,1028:7972,Experience Type,Selection Card,WRITE_DRAFT,CANONICAL_WRITE,Relationships.RecordSharedExperience,POST,POST /v1/moments/:id/relationship-activities | GET relationships-*,WIRED,Live write + client Quick Add
REL,,PER-REL-S09,Shared Experience Quick Add,439:9798,PER-REL-S09-W012,Travel Type,1028:7976,Experience Type,Selection Card,WRITE_DRAFT,CANONICAL_WRITE,Relationships.RecordSharedExperience,POST,POST /v1/moments/:id/relationship-activities | GET relationships-*,WIRED,Live write + client Quick Add
REL,,PER-REL-S09,Shared Experience Quick Add,439:9798,PER-REL-S09-W013,Other Experience Type,1028:7979,Experience Type,Selection Card,WRITE_DRAFT,CANONICAL_WRITE,Relationships.RecordSharedExperience,POST,POST /v1/moments/:id/relationship-activities | GET relationships-*,WIRED,Live write + client Quick Add
REL,,PER-REL-S09,Shared Experience Quick Add,439:9798,PER-REL-S09-W014,Child Companion,1028:7985,Who Was It With?,Selection Chip,WRITE_DRAFT,CANONICAL_WRITE,RelationshipConnection.Resolve + Relationships.RecordSharedExperience,GET/POST,POST /v1/moments/:id/relationship-activities | GET relationships-*,WIRED,Live write + client Quick Add
REL,,PER-REL-S09,Shared Experience Quick Add,439:9798,PER-REL-S09-W015,Community Companion,1028:7987,Who Was It With?,Selection Chip,WRITE_DRAFT,CANONICAL_WRITE,RelationshipConnection.Resolve + Relationships.RecordSharedExperience,GET/POST,POST /v1/moments/:id/relationship-activities | GET relationships-*,WIRED,Live write + client Quick Add
REL,,PER-REL-S09,Shared Experience Quick Add,439:9798,PER-REL-S09-W016,Family Companion,1028:7989,Who Was It With?,Selection Chip,WRITE_DRAFT,CANONICAL_WRITE,RelationshipConnection.Resolve + Relationships.RecordSharedExperience,GET/POST,POST /v1/moments/:id/relationship-activities | GET relationships-*,WIRED,Live write + client Quick Add
REL,,PER-REL-S09,Shared Experience Quick Add,439:9798,PER-REL-S09-W017,Friend Companion,1028:7991,Who Was It With?,Selection Chip,WRITE_DRAFT,CANONICAL_WRITE,RelationshipConnection.Resolve + Relationships.RecordSharedExperience,GET/POST,POST /v1/moments/:id/relationship-activities | GET relationships-*,WIRED,Live write + client Quick Add
REL,,PER-REL-S09,Shared Experience Quick Add,439:9798,PER-REL-S09-W018,Mentor Companion,1028:7993,Who Was It With?,Selection Chip,WRITE_DRAFT,CANONICAL_WRITE,RelationshipConnection.Resolve + Relationships.RecordSharedExperience,GET/POST,POST /v1/moments/:id/relationship-activities | GET relationships-*,WIRED,Live write + client Quick Add
REL,,PER-REL-S09,Shared Experience Quick Add,439:9798,PER-REL-S09-W019,Parent Companion,1028:7995,Who Was It With?,Selection Chip,WRITE_DRAFT,CANONICAL_WRITE,RelationshipConnection.Resolve + Relationships.RecordSharedExperience,GET/POST,POST /v1/moments/:id/relationship-activities | GET relationships-*,WIRED,Live write + client Quick Add
REL,,PER-REL-S09,Shared Experience Quick Add,439:9798,PER-REL-S09-W020,Partner Companion,1028:7997,Who Was It With?,Selection Chip,WRITE_DRAFT,CANONICAL_WRITE,RelationshipConnection.Resolve + Relationships.RecordSharedExperience,GET/POST,POST /v1/moments/:id/relationship-activities | GET relationships-*,WIRED,Live write + client Quick Add
REL,,PER-REL-S09,Shared Experience Quick Add,439:9798,PER-REL-S09-W021,Ordinary Experience,1028:8001,How Did It Feel?,Rating Choice,WRITE_DRAFT,CANONICAL_WRITE,Relationships.RecordSharedExperience,POST,POST /v1/moments/:id/relationship-activities | GET relationships-*,WIRED,Live write + client Quick Add
REL,,PER-REL-S09,Shared Experience Quick Add,439:9798,PER-REL-S09-W022,Enjoyable Experience,1028:8003,How Did It Feel?,Rating Choice,WRITE_DRAFT,CANONICAL_WRITE,Relationships.RecordSharedExperience,POST,POST /v1/moments/:id/relationship-activities | GET relationships-*,WIRED,Live write + client Quick Add
REL,,PER-REL-S09,Shared Experience Quick Add,439:9798,PER-REL-S09-W023,Memorable Experience,1028:8007,How Did It Feel?,Rating Choice,WRITE_DRAFT,CANONICAL_WRITE,Relationships.RecordSharedExperience,POST,POST /v1/moments/:id/relationship-activities | GET relationships-*,WIRED,Live write + client Quick Add
REL,,PER-REL-S09,Shared Experience Quick Add,439:9798,PER-REL-S09-W024,Exceptional Experience,1028:8011,How Did It Feel?,Rating Choice,WRITE_DRAFT,CANONICAL_WRITE,Relationships.RecordSharedExperience,POST,POST /v1/moments/:id/relationship-activities | GET relationships-*,WIRED,Live write + client Quick Add
REL,,PER-REL-S09,Shared Experience Quick Add,439:9798,PER-REL-S09-W025,Neutral Emotional Impact,1028:8018,Emotional Impact,Selection Chip,WRITE_DRAFT,CANONICAL_WRITE,Relationships.RecordSharedExperience,POST,POST /v1/moments/:id/relationship-activities | GET relationships-*,WIRED,Live write + client Quick Add
REL,,PER-REL-S09,Shared Experience Quick Add,439:9798,PER-REL-S09-W026,Warm Emotional Impact,1028:8020,Emotional Impact,Selection Chip,WRITE_DRAFT,CANONICAL_WRITE,Relationships.RecordSharedExperience,POST,POST /v1/moments/:id/relationship-activities | GET relationships-*,WIRED,Live write + client Quick Add
REL,,PER-REL-S09,Shared Experience Quick Add,439:9798,PER-REL-S09-W027,Uplifting Emotional Impact,1028:8022,Emotional Impact,Selection Chip,WRITE_DRAFT,CANONICAL_WRITE,Relationships.RecordSharedExperience,POST,POST /v1/moments/:id/relationship-activities | GET relationships-*,WIRED,Live write + client Quick Add
REL,,PER-REL-S09,Shared Experience Quick Add,439:9798,PER-REL-S09-W028,Deeply Meaningful Impact,1028:8024,Emotional Impact,Selection Chip,WRITE_DRAFT,CANONICAL_WRITE,Relationships.RecordSharedExperience,POST,POST /v1/moments/:id/relationship-activities | GET relationships-*,WIRED,Live write + client Quick Add
REL,,PER-REL-S09,Shared Experience Quick Add,439:9798,PER-REL-S09-W029,Shared Experience Notes,1028:8028,Notes,Text Input,WRITE_DRAFT,CANONICAL_WRITE,Relationships.RecordSharedExperience,POST,POST /v1/moments/:id/relationship-activities | GET relationships-*,WIRED,Live write + client Quick Add
REL,,PER-REL-S09,Shared Experience Quick Add,439:9798,PER-REL-S09-W030,Save Shared Experience,1028:8031,Footer,Primary CTA,COMMAND,CANONICAL_WRITE,Relationships.RecordSharedExperience,POST,POST /v1/moments/:id/relationship-activities | GET relationships-*,WIRED,Live write + client Quick Add
REL,,PER-REL-S10,Relationship Investment Quick Add,439:9907,PER-REL-S10-W001,Close Investment,439:9915,Header,CTA,NAVIGATION,LOCAL_UI,LOCAL_ONLY,—,LOCAL,LOCAL_ONLY,UI-only / navigation
REL,,PER-REL-S10,Relationship Investment Quick Add,439:9907,PER-REL-S10-W002,Investment Hero,506:13107,Hero,Informational,STATIC,STATIC_UI,NONE,—,LOCAL,LOCAL_ONLY,UI-only / navigation
REL,,PER-REL-S10,Relationship Investment Quick Add,439:9907,PER-REL-S10-W003,Investment Description,439:9940,What Did You Invest?,Text Input,WRITE_DRAFT,CANONICAL_WRITE,Relationships.RecordInvestment,POST,POST /v1/moments/:id/relationship-activities | GET relationships-*,WIRED,Live write + client Quick Add
REL,,PER-REL-S10,Relationship Investment Quick Add,439:9907,PER-REL-S10-W004,Quality Time Investment,439:9945,Investment Area,Selection Chip,WRITE_DRAFT,CANONICAL_WRITE,Relationships.RecordInvestment,POST,POST /v1/moments/:id/relationship-activities | GET relationships-*,WIRED,Live write + client Quick Add
REL,,PER-REL-S10,Relationship Investment Quick Add,439:9907,PER-REL-S10-W005,Emotional Support Investment,439:9947,Investment Area,Selection Chip,WRITE_DRAFT,CANONICAL_WRITE,Relationships.RecordInvestment,POST,POST /v1/moments/:id/relationship-activities | GET relationships-*,WIRED,Live write + client Quick Add
REL,,PER-REL-S10,Relationship Investment Quick Add,439:9907,PER-REL-S10-W006,Financial Investment,439:9949,Investment Area,Selection Chip,WRITE_DRAFT,CANONICAL_WRITE,Relationships.RecordInvestment,POST,POST /v1/moments/:id/relationship-activities | GET relationships-*,WIRED,Live write + client Quick Add
REL,,PER-REL-S10,Relationship Investment Quick Add,439:9907,PER-REL-S10-W007,Gift Investment,439:9951,Investment Area,Selection Chip,WRITE_DRAFT,CANONICAL_WRITE,Relationships.RecordInvestment,POST,POST /v1/moments/:id/relationship-activities | GET relationships-*,WIRED,Live write + client Quick Add
REL,,PER-REL-S10,Relationship Investment Quick Add,439:9907,PER-REL-S10-W008,Effort Investment,439:9953,Investment Area,Selection Chip,WRITE_DRAFT,CANONICAL_WRITE,Relationships.RecordInvestment,POST,POST /v1/moments/:id/relationship-activities | GET relationships-*,WIRED,Live write + client Quick Add
REL,,PER-REL-S10,Relationship Investment Quick Add,439:9907,PER-REL-S10-W009,Listening Investment,439:9955,Investment Area,Selection Chip,WRITE_DRAFT,CANONICAL_WRITE,Relationships.RecordInvestment,POST,POST /v1/moments/:id/relationship-activities | GET relationships-*,WIRED,Live write + client Quick Add
REL,,PER-REL-S10,Relationship Investment Quick Add,439:9907,PER-REL-S10-W010,Planning Investment,439:9957,Investment Area,Selection Chip,WRITE_DRAFT,CANONICAL_WRITE,Relationships.RecordInvestment,POST,POST /v1/moments/:id/relationship-activities | GET relationships-*,WIRED,Live write + client Quick Add
REL,,PER-REL-S10,Relationship Investment Quick Add,439:9907,PER-REL-S10-W011,Other Investment,439:9959,Investment Area,Selection Chip,WRITE_DRAFT,CANONICAL_WRITE,Relationships.RecordInvestment,POST,POST /v1/moments/:id/relationship-activities | GET relationships-*,WIRED,Live write + client Quick Add
REL,,PER-REL-S10,Relationship Investment Quick Add,439:9907,PER-REL-S10-W012,Child Investment Target,439:9964,Who Did You Invest In?,Selection Chip,WRITE_DRAFT,CANONICAL_WRITE,RelationshipConnection.Resolve + Relationships.RecordInvestment,GET/POST,POST /v1/moments/:id/relationship-activities | GET relationships-*,WIRED,Live write + client Quick Add
REL,,PER-REL-S10,Relationship Investment Quick Add,439:9907,PER-REL-S10-W013,Family Investment Target,439:9966,Who Did You Invest In?,Selection Chip,WRITE_DRAFT,CANONICAL_WRITE,RelationshipConnection.Resolve + Relationships.RecordInvestment,GET/POST,POST /v1/moments/:id/relationship-activities | GET relationships-*,WIRED,Live write + client Quick Add
REL,,PER-REL-S10,Relationship Investment Quick Add,439:9907,PER-REL-S10-W014,Friend Investment Target,439:9968,Who Did You Invest In?,Selection Chip,WRITE_DRAFT,CANONICAL_WRITE,RelationshipConnection.Resolve + Relationships.RecordInvestment,GET/POST,POST /v1/moments/:id/relationship-activities | GET relationships-*,WIRED,Live write + client Quick Add
REL,,PER-REL-S10,Relationship Investment Quick Add,439:9907,PER-REL-S10-W015,Mentor Investment Target,439:9970,Who Did You Invest In?,Selection Chip,WRITE_DRAFT,CANONICAL_WRITE,RelationshipConnection.Resolve + Relationships.RecordInvestment,GET/POST,POST /v1/moments/:id/relationship-activities | GET relationships-*,WIRED,Live write + client Quick Add
REL,,PER-REL-S10,Relationship Investment Quick Add,439:9907,PER-REL-S10-W016,Parent Investment Target,439:9972,Who Did You Invest In?,Selection Chip,WRITE_DRAFT,CANONICAL_WRITE,RelationshipConnection.Resolve + Relationships.RecordInvestment,GET/POST,POST /v1/moments/:id/relationship-activities | GET relationships-*,WIRED,Live write + client Quick Add
REL,,PER-REL-S10,Relationship Investment Quick Add,439:9907,PER-REL-S10-W017,Partner Investment Target,439:9974,Who Did You Invest In?,Selection Chip,WRITE_DRAFT,CANONICAL_WRITE,RelationshipConnection.Resolve + Relationships.RecordInvestment,GET/POST,POST /v1/moments/:id/relationship-activities | GET relationships-*,WIRED,Live write + client Quick Add
REL,,PER-REL-S10,Relationship Investment Quick Add,439:9907,PER-REL-S10-W018,Professional Investment Target,439:9976,Who Did You Invest In?,Selection Chip,WRITE_DRAFT,CANONICAL_WRITE,RelationshipConnection.Resolve + Relationships.RecordInvestment,GET/POST,POST /v1/moments/:id/relationship-activities | GET relationships-*,WIRED,Live write + client Quick Add
REL,,PER-REL-S10,Relationship Investment Quick Add,439:9907,PER-REL-S10-W019,15 Minute Investment,439:9981,Time Invested,Selection Chip,WRITE_DRAFT,CANONICAL_WRITE,Relationships.RecordInvestment,POST,POST /v1/moments/:id/relationship-activities | GET relationships-*,WIRED,Live write + client Quick Add
REL,,PER-REL-S10,Relationship Investment Quick Add,439:9907,PER-REL-S10-W020,30 Minute Investment,439:9983,Time Invested,Selection Chip,WRITE_DRAFT,CANONICAL_WRITE,Relationships.RecordInvestment,POST,POST /v1/moments/:id/relationship-activities | GET relationships-*,WIRED,Live write + client Quick Add
REL,,PER-REL-S10,Relationship Investment Quick Add,439:9907,PER-REL-S10-W021,1 Hour Investment,439:9985,Time Invested,Selection Chip,WRITE_DRAFT,CANONICAL_WRITE,Relationships.RecordInvestment,POST,POST /v1/moments/:id/relationship-activities | GET relationships-*,WIRED,Live write + client Quick Add
REL,,PER-REL-S10,Relationship Investment Quick Add,439:9907,PER-REL-S10-W022,2 Hour Investment,439:9987,Time Invested,Selection Chip,WRITE_DRAFT,CANONICAL_WRITE,Relationships.RecordInvestment,POST,POST /v1/moments/:id/relationship-activities | GET relationships-*,WIRED,Live write + client Quick Add
REL,,PER-REL-S10,Relationship Investment Quick Add,439:9907,PER-REL-S10-W023,Half Day Investment,439:9989,Time Invested,Selection Chip,WRITE_DRAFT,CANONICAL_WRITE,Relationships.RecordInvestment,POST,POST /v1/moments/:id/relationship-activities | GET relationships-*,WIRED,Live write + client Quick Add
REL,,PER-REL-S10,Relationship Investment Quick Add,439:9907,PER-REL-S10-W024,Full Day Investment,439:9991,Time Invested,Selection Chip,WRITE_DRAFT,CANONICAL_WRITE,Relationships.RecordInvestment,POST,POST /v1/moments/:id/relationship-activities | GET relationships-*,WIRED,Live write + client Quick Add
REL,,PER-REL-S10,Relationship Investment Quick Add,439:9907,PER-REL-S10-W025,Small Meaningfulness,506:13118,Meaningfulness,Rating Choice,WRITE_DRAFT,CANONICAL_WRITE,Relationships.RecordInvestment,POST,POST /v1/moments/:id/relationship-activities | GET relationships-*,WIRED,Live write + client Quick Add
REL,,PER-REL-S10,Relationship Investment Quick Add,439:9907,PER-REL-S10-W026,Moderate Meaningfulness,506:13120,Meaningfulness,Rating Choice,WRITE_DRAFT,CANONICAL_WRITE,Relationships.RecordInvestment,POST,POST /v1/moments/:id/relationship-activities | GET relationships-*,WIRED,Live write + client Quick Add
REL,,PER-REL-S10,Relationship Investment Quick Add,439:9907,PER-REL-S10-W027,Significant Meaningfulness,506:13122,Meaningfulness,Rating Choice,WRITE_DRAFT,CANONICAL_WRITE,Relationships.RecordInvestment,POST,POST /v1/moments/:id/relationship-activities | GET relationships-*,WIRED,Live write + client Quick Add
REL,,PER-REL-S10,Relationship Investment Quick Add,439:9907,PER-REL-S10-W028,Transformational Meaningfulness,506:13124,Meaningfulness,Rating Choice,WRITE_DRAFT,CANONICAL_WRITE,Relationships.RecordInvestment,POST,POST /v1/moments/:id/relationship-activities | GET relationships-*,WIRED,Live write + client Quick Add
REL,,PER-REL-S10,Relationship Investment Quick Add,439:9907,PER-REL-S10-W029,Investment Note,439:10004,Notes,Text Input,WRITE_DRAFT,CANONICAL_WRITE,Relationships.RecordInvestment,POST,POST /v1/moments/:id/relationship-activities | GET relationships-*,WIRED,Live write + client Quick Add
REL,,PER-REL-S10,Relationship Investment Quick Add,439:9907,PER-REL-S10-W030,Save Relationship Investment,439:10007,Footer,Primary CTA,COMMAND,CANONICAL_WRITE,Relationships.RecordInvestment,POST,POST /v1/moments/:id/relationship-activities | GET relationships-*,WIRED,Live write + client Quick Add
REL,,PER-REL-S11,Relationships Recent Activity,1036:7697,PER-REL-S11-W001,Back from Recent Activity,1036:7709,Header,Navigation CTA,NAVIGATION,LOCAL_UI,LOCAL_ONLY,—,LOCAL,LOCAL_ONLY,UI-only / navigation
REL,,PER-REL-S11,Relationships Recent Activity,1036:7697,PER-REL-S11-W002,Notifications,1036:7714,Header,Icon CTA,NAVIGATION,LOCAL_UI,LOCAL_ONLY,—,LOCAL,LOCAL_ONLY,UI-only / navigation
REL,,PER-REL-S11,Relationships Recent Activity,1036:7697,PER-REL-S11-W003,All Filter,1036:7718,Filters,Filter Chip,READ_FILTER,PROJECTION_READ,PersonalActivity.List,GET,GET /v1/personal/activity,WIRED,Live read + client consume
REL,,PER-REL-S11,Relationships Recent Activity,1036:7697,PER-REL-S11-W004,Partner Filter,1036:7719,Filters,Filter Chip,READ_FILTER,PROJECTION_READ,PersonalActivity.List,GET,GET /v1/personal/activity,WIRED,Live read + client consume
REL,,PER-REL-S11,Relationships Recent Activity,1036:7697,PER-REL-S11-W005,Family Filter,1036:7720,Filters,Filter Chip,READ_FILTER,PROJECTION_READ,PersonalActivity.List,GET,GET /v1/personal/activity,WIRED,Live read + client consume
REL,,PER-REL-S11,Relationships Recent Activity,1036:7697,PER-REL-S11-W006,Friends Filter,1036:7721,Filters,Filter Chip,READ_FILTER,PROJECTION_READ,PersonalActivity.List,GET,GET /v1/personal/activity,WIRED,Live read + client consume
REL,,PER-REL-S11,Relationships Recent Activity,1036:7697,PER-REL-S11-W007,Self Filter,1036:7722,Filters,Filter Chip,READ_FILTER,PROJECTION_READ,PersonalActivity.List,GET,GET /v1/personal/activity,WIRED,Live read + client consume
REL,,PER-REL-S11,Relationships Recent Activity,1036:7697,PER-REL-S11-W008,Connection Block Activity,1037:12700,Activity List,Repeater Row,READ,PROJECTION_READ,PersonalActivity.List,GET,GET /v1/personal/activity,WIRED,Live read + client consume
REL,,PER-REL-S11,Relationships Recent Activity,1036:7697,PER-REL-S11-W009,Connection Block Timestamp,1037:12699,Connection Block,Dynamic Display,READ,PROJECTION_READ,PersonalActivity.List,GET,GET /v1/personal/activity,WIRED,Live read + client consume
REL,,PER-REL-S11,Relationships Recent Activity,1036:7697,PER-REL-S11-W010,Connection Block Impact,1037:12705,Connection Block,Dynamic Badge,READ,DERIVED_ANALYTICS,PersonalActivity.List + Relationship metric projection,GET,GET /v1/personal/activity,WIRED,Live read + client consume
REL,,PER-REL-S11,Relationships Recent Activity,1036:7697,PER-REL-S11-W011,Edit Connection Block,1066:7522,Connection Block,Icon CTA,COMMAND_DISPATCH,SOURCE_DEPENDENT,Activity.ResolveAndEdit,PATCH,,DEFERRED,Unresolved canonical — review
REL,,PER-REL-S11,Relationships Recent Activity,1036:7697,PER-REL-S11-W012,Delete Connection Block,1066:7524,Connection Block,Destructive CTA,COMMAND_DISPATCH,SOURCE_DEPENDENT,Activity.ResolveAndCancel,POST,,DEFERRED,Unresolved canonical — review
REL,,PER-REL-S11,Relationships Recent Activity,1036:7697,PER-REL-S11-W013,Conflict Activity,1037:12709,Activity List,Repeater Row,READ,PROJECTION_READ,PersonalActivity.List,GET,GET /v1/personal/activity,WIRED,Live read + client consume
REL,,PER-REL-S11,Relationships Recent Activity,1036:7697,PER-REL-S11-W014,Conflict Timestamp,1037:12708,Conflict,Dynamic Display,READ,PROJECTION_READ,PersonalActivity.List,GET,GET /v1/personal/activity,WIRED,Live read + client consume
REL,,PER-REL-S11,Relationships Recent Activity,1036:7697,PER-REL-S11-W015,Conflict Impact,1037:12714,Conflict,Dynamic Badge,READ,DERIVED_ANALYTICS,PersonalActivity.List + Relationship metric projection,GET,GET /v1/personal/activity,WIRED,Live read + client consume
REL,,PER-REL-S11,Relationships Recent Activity,1036:7697,PER-REL-S11-W016,Edit Conflict,1066:7527,Conflict,Icon CTA,COMMAND_DISPATCH,SOURCE_DEPENDENT,Activity.ResolveAndEdit,PATCH,,DEFERRED,Unresolved canonical — review
REL,,PER-REL-S11,Relationships Recent Activity,1036:7697,PER-REL-S11-W017,Delete Conflict,1066:7529,Conflict,Destructive CTA,COMMAND_DISPATCH,SOURCE_DEPENDENT,Activity.ResolveAndCancel,POST,,DEFERRED,Unresolved canonical — review
REL,,PER-REL-S11,Relationships Recent Activity,1036:7697,PER-REL-S11-W018,Quality Time Activity,1037:12718,Activity List,Repeater Row,READ,PROJECTION_READ,PersonalActivity.List,GET,GET /v1/personal/activity,WIRED,Live read + client consume
REL,,PER-REL-S11,Relationships Recent Activity,1036:7697,PER-REL-S11-W019,Quality Time Timestamp,1037:12717,Quality Time,Dynamic Display,READ,PROJECTION_READ,PersonalActivity.List,GET,GET /v1/personal/activity,WIRED,Live read + client consume
REL,,PER-REL-S11,Relationships Recent Activity,1036:7697,PER-REL-S11-W020,Quality Time Impact,1037:12723,Quality Time,Dynamic Badge,READ,DERIVED_ANALYTICS,PersonalActivity.List + Relationship metric projection,GET,GET /v1/personal/activity,WIRED,Live read + client consume
REL,,PER-REL-S11,Relationships Recent Activity,1036:7697,PER-REL-S11-W021,Edit Quality Time,1066:7532,Quality Time,Icon CTA,COMMAND_DISPATCH,SOURCE_DEPENDENT,Activity.ResolveAndEdit,PATCH,,DEFERRED,Unresolved canonical — review
REL,,PER-REL-S11,Relationships Recent Activity,1036:7697,PER-REL-S11-W022,Delete Quality Time,1066:7534,Quality Time,Destructive CTA,COMMAND_DISPATCH,SOURCE_DEPENDENT,Activity.ResolveAndCancel,POST,,DEFERRED,Unresolved canonical — review
REL,,PER-REL-S11,Relationships Recent Activity,1036:7697,PER-REL-S11-W023,Date Night Activity,1037:12727,Activity List,Repeater Row,READ,PROJECTION_READ,PersonalActivity.List,GET,GET /v1/personal/activity,WIRED,Live read + client consume
REL,,PER-REL-S11,Relationships Recent Activity,1036:7697,PER-REL-S11-W024,Date Night Timestamp,1037:12726,Date Night,Dynamic Display,READ,PROJECTION_READ,PersonalActivity.List,GET,GET /v1/personal/activity,WIRED,Live read + client consume
REL,,PER-REL-S11,Relationships Recent Activity,1036:7697,PER-REL-S11-W025,Date Night Impact,1037:12732,Date Night,Dynamic Badge,READ,DERIVED_ANALYTICS,PersonalActivity.List + Relationship metric projection,GET,GET /v1/personal/activity,WIRED,Live read + client consume
REL,,PER-REL-S11,Relationships Recent Activity,1036:7697,PER-REL-S11-W026,Edit Date Night,1066:7537,Date Night,Icon CTA,COMMAND_DISPATCH,SOURCE_DEPENDENT,Activity.ResolveAndEdit,PATCH,,DEFERRED,Unresolved canonical — review
REL,,PER-REL-S11,Relationships Recent Activity,1036:7697,PER-REL-S11-W027,Delete Date Night,1066:7539,Date Night,Destructive CTA,COMMAND_DISPATCH,SOURCE_DEPENDENT,Activity.ResolveAndCancel,POST,,DEFERRED,Unresolved canonical — review
REL,,PER-REL-S11,Relationships Recent Activity,1036:7697,PER-REL-S11-W028,Family Call Activity,1037:12736,Activity List,Repeater Row,READ,PROJECTION_READ,PersonalActivity.List,GET,GET /v1/personal/activity,WIRED,Live read + client consume
REL,,PER-REL-S11,Relationships Recent Activity,1036:7697,PER-REL-S11-W029,Family Call Timestamp,1037:12735,Family Call,Dynamic Display,READ,PROJECTION_READ,PersonalActivity.List,GET,GET /v1/personal/activity,WIRED,Live read + client consume
REL,,PER-REL-S11,Relationships Recent Activity,1036:7697,PER-REL-S11-W030,Family Call Impact,1037:12741,Family Call,Dynamic Badge,READ,DERIVED_ANALYTICS,PersonalActivity.List + Relationship metric projection,GET,GET /v1/personal/activity,WIRED,Live read + client consume
REL,,PER-REL-S11,Relationships Recent Activity,1036:7697,PER-REL-S11-W031,Edit Family Call,1066:7542,Family Call,Icon CTA,COMMAND_DISPATCH,SOURCE_DEPENDENT,Activity.ResolveAndEdit,PATCH,,DEFERRED,Unresolved canonical — review
REL,,PER-REL-S11,Relationships Recent Activity,1036:7697,PER-REL-S11-W032,Delete Family Call,1066:7544,Family Call,Destructive CTA,COMMAND_DISPATCH,SOURCE_DEPENDENT,Activity.ResolveAndCancel,POST,,DEFERRED,Unresolved canonical — review
REL,,PER-REL-S11,Relationships Recent Activity,1036:7697,PER-REL-S11-W033,Deep Conversation Activity,1037:12745,Activity List,Repeater Row,READ,PROJECTION_READ,PersonalActivity.List,GET,GET /v1/personal/activity,WIRED,Live read + client consume
REL,,PER-REL-S11,Relationships Recent Activity,1036:7697,PER-REL-S11-W034,Deep Conversation Timestamp,1037:12744,Deep Conversation,Dynamic Display,READ,PROJECTION_READ,PersonalActivity.List,GET,GET /v1/personal/activity,WIRED,Live read + client consume
REL,,PER-REL-S11,Relationships Recent Activity,1036:7697,PER-REL-S11-W035,Deep Conversation Impact,1037:12750,Deep Conversation,Dynamic Badge,READ,DERIVED_ANALYTICS,PersonalActivity.List + Relationship metric projection,GET,GET /v1/personal/activity,WIRED,Live read + client consume
REL,,PER-REL-S11,Relationships Recent Activity,1036:7697,PER-REL-S11-W036,Edit Deep Conversation,1066:7547,Deep Conversation,Icon CTA,COMMAND_DISPATCH,SOURCE_DEPENDENT,Activity.ResolveAndEdit,PATCH,,DEFERRED,Unresolved canonical — review
REL,,PER-REL-S11,Relationships Recent Activity,1036:7697,PER-REL-S11-W037,Delete Deep Conversation,1066:7549,Deep Conversation,Destructive CTA,COMMAND_DISPATCH,SOURCE_DEPENDENT,Activity.ResolveAndCancel,POST,,DEFERRED,Unresolved canonical — review
REL,,PER-REL-S11,Relationships Recent Activity,1036:7697,PER-REL-S11-W038,Apology Given Activity,1037:12754,Activity List,Repeater Row,READ,PROJECTION_READ,PersonalActivity.List,GET,GET /v1/personal/activity,WIRED,Live read + client consume
REL,,PER-REL-S11,Relationships Recent Activity,1036:7697,PER-REL-S11-W039,Apology Given Timestamp,1037:12753,Apology Given,Dynamic Display,READ,PROJECTION_READ,PersonalActivity.List,GET,GET /v1/personal/activity,WIRED,Live read + client consume
REL,,PER-REL-S11,Relationships Recent Activity,1036:7697,PER-REL-S11-W040,Apology Given Impact,1037:12759,Apology Given,Dynamic Badge,READ,DERIVED_ANALYTICS,PersonalActivity.List + Relationship metric projection,GET,GET /v1/personal/activity,WIRED,Live read + client consume
REL,,PER-REL-S11,Relationships Recent Activity,1036:7697,PER-REL-S11-W041,Edit Apology Given,1066:7552,Apology Given,Icon CTA,COMMAND_DISPATCH,SOURCE_DEPENDENT,Activity.ResolveAndEdit,PATCH,,DEFERRED,Unresolved canonical — review
REL,,PER-REL-S11,Relationships Recent Activity,1036:7697,PER-REL-S11-W042,Delete Apology Given,1066:7554,Apology Given,Destructive CTA,COMMAND_DISPATCH,SOURCE_DEPENDENT,Activity.ResolveAndCancel,POST,,DEFERRED,Unresolved canonical — review
REL,,PER-REL-S11,Relationships Recent Activity,1036:7697,PER-REL-S11-W043,Boundary Set Activity,1037:12763,Activity List,Repeater Row,READ,PROJECTION_READ,PersonalActivity.List,GET,GET /v1/personal/activity,WIRED,Live read + client consume
REL,,PER-REL-S11,Relationships Recent Activity,1036:7697,PER-REL-S11-W044,Boundary Set Timestamp,1037:12762,Boundary Set,Dynamic Display,READ,PROJECTION_READ,PersonalActivity.List,GET,GET /v1/personal/activity,WIRED,Live read + client consume
REL,,PER-REL-S11,Relationships Recent Activity,1036:7697,PER-REL-S11-W045,Boundary Set Impact,1037:12768,Boundary Set,Dynamic Badge,READ,DERIVED_ANALYTICS,PersonalActivity.List + Relationship metric projection,GET,GET /v1/personal/activity,WIRED,Live read + client consume
REL,,PER-REL-S11,Relationships Recent Activity,1036:7697,PER-REL-S11-W046,Edit Boundary Set,1066:7557,Boundary Set,Icon CTA,COMMAND_DISPATCH,SOURCE_DEPENDENT,Activity.ResolveAndEdit,PATCH,,DEFERRED,Unresolved canonical — review
REL,,PER-REL-S11,Relationships Recent Activity,1036:7697,PER-REL-S11-W047,Delete Boundary Set,1066:7559,Boundary Set,Destructive CTA,COMMAND_DISPATCH,SOURCE_DEPENDENT,Activity.ResolveAndCancel,POST,,DEFERRED,Unresolved canonical — review
REL,,PER-REL-S11,Relationships Recent Activity,1036:7697,PER-REL-S11-W048,Gift Surprise Activity,1037:12772,Activity List,Repeater Row,READ,PROJECTION_READ,PersonalActivity.List,GET,GET /v1/personal/activity,WIRED,Live read + client consume
REL,,PER-REL-S11,Relationships Recent Activity,1036:7697,PER-REL-S11-W049,Gift Surprise Timestamp,1037:12771,Gift Surprise,Dynamic Display,READ,PROJECTION_READ,PersonalActivity.List,GET,GET /v1/personal/activity,WIRED,Live read + client consume
REL,,PER-REL-S11,Relationships Recent Activity,1036:7697,PER-REL-S11-W050,Gift Surprise Impact,1037:12777,Gift Surprise,Dynamic Badge,READ,DERIVED_ANALYTICS,PersonalActivity.List + Relationship metric projection,GET,GET /v1/personal/activity,WIRED,Live read + client consume
REL,,PER-REL-S11,Relationships Recent Activity,1036:7697,PER-REL-S11-W051,Edit Gift Surprise,1066:7562,Gift Surprise,Icon CTA,COMMAND_DISPATCH,SOURCE_DEPENDENT,Activity.ResolveAndEdit,PATCH,,DEFERRED,Unresolved canonical — review
REL,,PER-REL-S11,Relationships Recent Activity,1036:7697,PER-REL-S11-W052,Delete Gift Surprise,1066:7564,Gift Surprise,Destructive CTA,COMMAND_DISPATCH,SOURCE_DEPENDENT,Activity.ResolveAndCancel,POST,,DEFERRED,Unresolved canonical — review
REL,,PER-REL-S11,Relationships Recent Activity,1036:7697,PER-REL-S11-W053,Couples Workout Activity,1037:12781,Activity List,Repeater Row,READ,PROJECTION_READ,PersonalActivity.List,GET,GET /v1/personal/activity,WIRED,Live read + client consume
REL,,PER-REL-S11,Relationships Recent Activity,1036:7697,PER-REL-S11-W054,Couples Workout Timestamp,1037:12780,Couples Workout,Dynamic Display,READ,PROJECTION_READ,PersonalActivity.List,GET,GET /v1/personal/activity,WIRED,Live read + client consume
REL,,PER-REL-S11,Relationships Recent Activity,1036:7697,PER-REL-S11-W055,Couples Workout Impact,1037:12786,Couples Workout,Dynamic Badge,READ,DERIVED_ANALYTICS,PersonalActivity.List + Relationship metric projection,GET,GET /v1/personal/activity,WIRED,Live read + client consume
REL,,PER-REL-S11,Relationships Recent Activity,1036:7697,PER-REL-S11-W056,Edit Couples Workout,1066:7567,Couples Workout,Icon CTA,COMMAND_DISPATCH,SOURCE_DEPENDENT,Activity.ResolveAndEdit,PATCH,,DEFERRED,Unresolved canonical — review
REL,,PER-REL-S11,Relationships Recent Activity,1036:7697,PER-REL-S11-W057,Delete Couples Workout,1066:7569,Couples Workout,Destructive CTA,COMMAND_DISPATCH,SOURCE_DEPENDENT,Activity.ResolveAndCancel,POST,,DEFERRED,Unresolved canonical — review
REL,,PER-REL-S12,Edit Relationship Activity,1036:7727,PER-REL-S12-W001,Back to Recent Activity,1036:7738,Background/Header,Navigation CTA,NAVIGATION,LOCAL_UI,LOCAL_ONLY,—,LOCAL,LOCAL_ONLY,UI-only / navigation
REL,,PER-REL-S12,Edit Relationship Activity,1036:7727,PER-REL-S12-W002,Close Edit Activity,I1036:7745;463:4516,Sheet Header,CTA,NAVIGATION,LOCAL_UI,LOCAL_ONLY,—,LOCAL,LOCAL_ONLY,UI-only / navigation
REL,,PER-REL-S12,Edit Relationship Activity,1036:7727,PER-REL-S12-W003,Edit Activity Title,I1036:7745;463:4518,Sheet Header,Informational,STATIC,STATIC_UI,NONE,—,LOCAL,LOCAL_ONLY,UI-only / navigation
REL,,PER-REL-S12,Edit Relationship Activity,1036:7727,PER-REL-S12-W004,Activity Name,1036:7747,Entry Details,Text Input,WRITE_DRAFT,CANONICAL_WRITE,Relationships.UpdateActivity,PATCH,POST /v1/moments/:id/relationship-activities | GET relationships-*,WIRED,Live write + client Quick Add
REL,,PER-REL-S12,Edit Relationship Activity,1036:7727,PER-REL-S12-W005,Impact,1036:7749,Entry Details,Dynamic / Editable Value,READ,DERIVED_ANALYTICS,RelationshipActivity.Get / PersonalActivity.List,GET,GET /v1/personal/activity,WIRED,Live read + client consume
REL,,PER-REL-S12,Edit Relationship Activity,1036:7727,PER-REL-S12-W006,Relationship,1036:7753,Entry Details,Dropdown / Selector,WRITE_DRAFT,CANONICAL_WRITE,Relationships.UpdateActivity,PATCH,POST /v1/moments/:id/relationship-activities | GET relationships-*,WIRED,Live write + client Quick Add
REL,,PER-REL-S12,Edit Relationship Activity,1036:7727,PER-REL-S12-W007,Relationship Dropdown,1036:7755,Relationship,Selector CTA,LOCAL_SELECT,LOCAL_UI,RelationshipConnection.List/Resolve,GET,LOCAL,LOCAL_ONLY,UI-only / navigation
REL,,PER-REL-S12,Edit Relationship Activity,1036:7727,PER-REL-S12-W008,Date & Time,1036:7758,Entry Details,Date/Time Input,WRITE_DRAFT,CANONICAL_WRITE,Relationships.UpdateActivity,PATCH,POST /v1/moments/:id/relationship-activities | GET relationships-*,WIRED,Live write + client Quick Add
REL,,PER-REL-S12,Edit Relationship Activity,1036:7727,PER-REL-S12-W009,Activity Notes,1036:7759,Notes,Text Area,WRITE_DRAFT,CANONICAL_WRITE,Relationships.UpdateActivity,PATCH,POST /v1/moments/:id/relationship-activities | GET relationships-*,WIRED,Live write + client Quick Add
REL,,PER-REL-S12,Edit Relationship Activity,1036:7727,PER-REL-S12-W010,Notes Character Limit,1036:7762,Notes,Validation Hint,LOCAL_DERIVED,LOCAL_UI,LOCAL_ONLY,LOCAL,LOCAL,LOCAL_ONLY,UI-only / navigation
REL,,PER-REL-S12,Edit Relationship Activity,1036:7727,PER-REL-S12-W011,Notes Character Count,1036:7762,Notes,Dynamic Validation,LOCAL_DERIVED,LOCAL_UI,LOCAL_ONLY,LOCAL,LOCAL,LOCAL_ONLY,UI-only / navigation
REL,,PER-REL-S12,Edit Relationship Activity,1036:7727,PER-REL-S12-W012,Romantic Tag,1036:7766,Tags,Tag Chip,WRITE_DRAFT,UNRESOLVED_CANONICAL,Relationships.UpdateActivity,PATCH,POST /v1/moments/:id/relationship-activities | GET relationships-*,WIRED,Live write + client Quick Add
REL,,PER-REL-S12,Edit Relationship Activity,1036:7727,PER-REL-S12-W013,Supportive Tag,1036:7768,Tags,Tag Chip,WRITE_DRAFT,UNRESOLVED_CANONICAL,Relationships.UpdateActivity,PATCH,POST /v1/moments/:id/relationship-activities | GET relationships-*,WIRED,Live write + client Quick Add
REL,,PER-REL-S12,Edit Relationship Activity,1036:7727,PER-REL-S12-W014,Playful Tag,1036:7770,Tags,Tag Chip,WRITE_DRAFT,UNRESOLVED_CANONICAL,Relationships.UpdateActivity,PATCH,POST /v1/moments/:id/relationship-activities | GET relationships-*,WIRED,Live write + client Quick Add
REL,,PER-REL-S12,Edit Relationship Activity,1036:7727,PER-REL-S12-W015,Vulnerable Tag,1036:7772,Tags,Tag Chip,WRITE_DRAFT,UNRESOLVED_CANONICAL,Relationships.UpdateActivity,PATCH,POST /v1/moments/:id/relationship-activities | GET relationships-*,WIRED,Live write + client Quick Add
REL,,PER-REL-S12,Edit Relationship Activity,1036:7727,PER-REL-S12-W016,Intentional Tag,1036:7774,Tags,Tag Chip,WRITE_DRAFT,UNRESOLVED_CANONICAL,Relationships.UpdateActivity,PATCH,POST /v1/moments/:id/relationship-activities | GET relationships-*,WIRED,Live write + client Quick Add
REL,,PER-REL-S12,Edit Relationship Activity,1036:7727,PER-REL-S12-W017,Save Changes,I1036:7777;848:6683,Actions,Primary CTA,COMMAND,CANONICAL_WRITE,Relationships.UpdateActivity,PATCH,POST /v1/moments/:id/relationship-activities | GET relationships-*,WIRED,Live write + client Quick Add
REL,,PER-REL-S12,Edit Relationship Activity,1036:7727,PER-REL-S12-W018,Delete Activity,1036:7778,Actions,Destructive CTA,COMMAND,CANONICAL_LIFECYCLE,Relationships.CancelActivity,POST,POST /v1/moments/:id/relationship-activities | GET relationships-*,WIRED,Live write + client Quick Add
GL,,PER-GL-S01,Personal Pulse — Empty,353:317,PER-GL-S01-W001,App Header / Context Shell,763:12760,App Header / Context Shell,Input / Editable Field,Render empty state when the authoritative Personal read model has insufficient/zero qualifying data; CTA navigates to creation/capture.,Derived / Empty-state,GET /v1/me + local navigation,GET / LOCAL,LIVE_READ_FAMILY,WIRED,Live read + client consume
GL,,PER-GL-S01,Personal Pulse — Empty,353:317,PER-GL-S01-W002,Bottom Navigation,549:6616,Bottom Navigation,CTA / Action,Render empty state when the authoritative Personal read model has insufficient/zero qualifying data; CTA navigates to creation/capture.,Derived / Empty-state,GET /v1/me + local navigation,GET / LOCAL,LIVE_READ_FAMILY,WIRED,Live read + client consume
GL,,PER-GL-S01,Personal Pulse — Empty,353:317,PER-GL-S01-W003,Personal OS explanation,353:320,Personal Pulse Empty Content,Empty State / Onboarding,Render empty state when the authoritative Personal read model has insufficient/zero qualifying data; CTA navigates to creation/capture.,Derived / Empty-state,PersonalPulse.Get,GET,GET /v1/personal/pulse,WIRED,Live read + client consume
GL,,PER-GL-S01,Personal Pulse — Empty,353:317,PER-GL-S01-W004,Start Journey,353:320,Personal Pulse Empty Content,CTA / Action,Render empty state when the authoritative Personal read model has insufficient/zero qualifying data; CTA navigates to creation/capture.,Derived / Empty-state,PersonalPulse.Get,GET,GET /v1/personal/pulse,WIRED,Live read + client consume
GL,,PER-GL-S01,Personal Pulse — Empty,353:317,PER-GL-S01-W005,Create My First Moment,353:320,Personal Pulse Empty Content,Empty State / Onboarding,Render empty state when the authoritative Personal read model has insufficient/zero qualifying data; CTA navigates to creation/capture.,Derived / Empty-state,PersonalPulse.Get,GET,GET /v1/personal/pulse,WIRED,Live read + client consume
GL,,PER-GL-S01,Personal Pulse — Empty,353:317,PER-GL-S01-W006,operational signals preview,353:320,Personal Pulse Empty Content,CTA / Action,Render empty state when the authoritative Personal read model has insufficient/zero qualifying data; CTA navigates to creation/capture.,Derived / Empty-state,PersonalPulse.Get,GET,GET /v1/personal/pulse,WIRED,Live read + client consume
GL,,PER-GL-S01,Personal Pulse — Empty,353:317,PER-GL-S01-W007,Personal Pulse — Empty — Zero-Gap Field/Control 01,353:317,Zero-Gap Additions / Live Figma,UI Field / Control — exact semantic type pending,Render empty state when the authoritative Personal read model has insufficient/zero qualifying data; CTA navigates to creation/capture.,Derived / Empty-state,PersonalPulse.Get,GET,GET /v1/personal/pulse,WIRED,Live read + client consume
GL,,PER-GL-S01,Personal Pulse — Empty,353:317,PER-GL-S01-W008,Personal Pulse — Empty — Zero-Gap Field/Control 02,353:317,Zero-Gap Additions / Live Figma,UI Field / Control — exact semantic type pending,Render empty state when the authoritative Personal read model has insufficient/zero qualifying data; CTA navigates to creation/capture.,Derived / Empty-state,PersonalPulse.Get,GET,GET /v1/personal/pulse,WIRED,Live read + client consume
GL,,PER-GL-S01,Personal Pulse — Empty,353:317,PER-GL-S01-W009,Personal Pulse — Empty — Zero-Gap Field/Control 03,353:317,Zero-Gap Additions / Live Figma,UI Field / Control — exact semantic type pending,Render empty state when the authoritative Personal read model has insufficient/zero qualifying data; CTA navigates to creation/capture.,Derived / Empty-state,PersonalPulse.Get,GET,GET /v1/personal/pulse,WIRED,Live read + client consume
GL,,PER-GL-S01,Personal Pulse — Empty,353:317,PER-GL-S01-W010,Personal Pulse — Empty — Zero-Gap Field/Control 04,353:317,Zero-Gap Additions / Live Figma,UI Field / Control — exact semantic type pending,Render empty state when the authoritative Personal read model has insufficient/zero qualifying data; CTA navigates to creation/capture.,Derived / Empty-state,PersonalPulse.Get,GET,GET /v1/personal/pulse,WIRED,Live read + client consume
GL,,PER-GL-S01,Personal Pulse — Empty,353:317,PER-GL-S01-W011,Personal Pulse — Empty — Zero-Gap Field/Control 05,353:317,Zero-Gap Additions / Live Figma,UI Field / Control — exact semantic type pending,Render empty state when the authoritative Personal read model has insufficient/zero qualifying data; CTA navigates to creation/capture.,Derived / Empty-state,PersonalPulse.Get,GET,GET /v1/personal/pulse,WIRED,Live read + client consume
GL,,PER-GL-S01,Personal Pulse — Empty,353:317,PER-GL-S01-W012,Personal Pulse — Empty — Zero-Gap Field/Control 06,353:317,Zero-Gap Additions / Live Figma,UI Field / Control — exact semantic type pending,Render empty state when the authoritative Personal read model has insufficient/zero qualifying data; CTA navigates to creation/capture.,Derived / Empty-state,PersonalPulse.Get,GET,GET /v1/personal/pulse,WIRED,Live read + client consume
GL,,PER-GL-S01,Personal Pulse — Empty,353:317,PER-GL-S01-W013,Personal Pulse — Empty — Zero-Gap Field/Control 07,353:317,Zero-Gap Additions / Live Figma,UI Field / Control — exact semantic type pending,Render empty state when the authoritative Personal read model has insufficient/zero qualifying data; CTA navigates to creation/capture.,Derived / Empty-state,PersonalPulse.Get,GET,GET /v1/personal/pulse,WIRED,Live read + client consume
GL,,PER-GL-S01,Personal Pulse — Empty,353:317,PER-GL-S01-W014,Personal Pulse — Empty — Zero-Gap Field/Control 08,353:317,Zero-Gap Additions / Live Figma,UI Field / Control — exact semantic type pending,Render empty state when the authoritative Personal read model has insufficient/zero qualifying data; CTA navigates to creation/capture.,Derived / Empty-state,PersonalPulse.Get,GET,GET /v1/personal/pulse,WIRED,Live read + client consume
GL,,PER-GL-S01,Personal Pulse — Empty,353:317,PER-GL-S01-W015,Personal Pulse — Empty — Zero-Gap Field/Control 09,353:317,Zero-Gap Additions / Live Figma,UI Field / Control — exact semantic type pending,Render empty state when the authoritative Personal read model has insufficient/zero qualifying data; CTA navigates to creation/capture.,Derived / Empty-state,PersonalPulse.Get,GET,GET /v1/personal/pulse,WIRED,Live read + client consume
GL,,PER-GL-S01,Personal Pulse — Empty,353:317,PER-GL-S01-W016,Personal Pulse — Empty — Zero-Gap Field/Control 10,353:317,Zero-Gap Additions / Live Figma,UI Field / Control — exact semantic type pending,Render empty state when the authoritative Personal read model has insufficient/zero qualifying data; CTA navigates to creation/capture.,Derived / Empty-state,PersonalPulse.Get,GET,GET /v1/personal/pulse,WIRED,Live read + client consume
GL,,PER-GL-S01,Personal Pulse — Empty,353:317,PER-GL-S01-W017,Personal Pulse — Empty — Zero-Gap Field/Control 11,353:317,Zero-Gap Additions / Live Figma,UI Field / Control — exact semantic type pending,Render empty state when the authoritative Personal read model has insufficient/zero qualifying data; CTA navigates to creation/capture.,Derived / Empty-state,PersonalPulse.Get,GET,GET /v1/personal/pulse,WIRED,Live read + client consume
GL,,PER-GL-S01,Personal Pulse — Empty,353:317,PER-GL-S01-W018,Personal Pulse — Empty — Zero-Gap Field/Control 12,353:317,Zero-Gap Additions / Live Figma,UI Field / Control — exact semantic type pending,Render empty state when the authoritative Personal read model has insufficient/zero qualifying data; CTA navigates to creation/capture.,Derived / Empty-state,PersonalPulse.Get,GET,GET /v1/personal/pulse,WIRED,Live read + client consume
GL,,PER-GL-S01,Personal Pulse — Empty,353:317,PER-GL-S01-W019,Personal Pulse — Empty — Zero-Gap Field/Control 13,353:317,Zero-Gap Additions / Live Figma,UI Field / Control — exact semantic type pending,Render empty state when the authoritative Personal read model has insufficient/zero qualifying data; CTA navigates to creation/capture.,Derived / Empty-state,PersonalPulse.Get,GET,GET /v1/personal/pulse,WIRED,Live read + client consume
GL,,PER-GL-S01,Personal Pulse — Empty,353:317,PER-GL-S01-W020,Personal Pulse — Empty — Zero-Gap Field/Control 14,353:317,Zero-Gap Additions / Live Figma,UI Field / Control — exact semantic type pending,Render empty state when the authoritative Personal read model has insufficient/zero qualifying data; CTA navigates to creation/capture.,Derived / Empty-state,PersonalPulse.Get,GET,GET /v1/personal/pulse,WIRED,Live read + client consume
GL,,PER-GL-S01,Personal Pulse — Empty,353:317,PER-GL-S01-W021,Personal Pulse — Empty — Zero-Gap Field/Control 15,353:317,Zero-Gap Additions / Live Figma,UI Field / Control — exact semantic type pending,Render empty state when the authoritative Personal read model has insufficient/zero qualifying data; CTA navigates to creation/capture.,Derived / Empty-state,PersonalPulse.Get,GET,GET /v1/personal/pulse,WIRED,Live read + client consume
GL,,PER-GL-S01,Personal Pulse — Empty,353:317,PER-GL-S01-W022,Personal Pulse — Empty — Zero-Gap Field/Control 16,353:317,Zero-Gap Additions / Live Figma,UI Field / Control — exact semantic type pending,Render empty state when the authoritative Personal read model has insufficient/zero qualifying data; CTA navigates to creation/capture.,Derived / Empty-state,PersonalPulse.Get,GET,GET /v1/personal/pulse,WIRED,Live read + client consume
GL,,PER-GL-S01,Personal Pulse — Empty,353:317,PER-GL-S01-W023,Personal Pulse — Empty — Zero-Gap Field/Control 17,353:317,Zero-Gap Additions / Live Figma,UI Field / Control — exact semantic type pending,Render empty state when the authoritative Personal read model has insufficient/zero qualifying data; CTA navigates to creation/capture.,Derived / Empty-state,PersonalPulse.Get,GET,GET /v1/personal/pulse,WIRED,Live read + client consume
GL,,PER-GL-S01,Personal Pulse — Empty,353:317,PER-GL-S01-W024,Personal Pulse — Empty — Zero-Gap Field/Control 18,353:317,Zero-Gap Additions / Live Figma,UI Field / Control — exact semantic type pending,Render empty state when the authoritative Personal read model has insufficient/zero qualifying data; CTA navigates to creation/capture.,Derived / Empty-state,PersonalPulse.Get,GET,GET /v1/personal/pulse,WIRED,Live read + client consume
GL,,PER-GL-S01,Personal Pulse — Empty,353:317,PER-GL-S01-W025,Personal Pulse — Empty — Zero-Gap Field/Control 19,353:317,Zero-Gap Additions / Live Figma,UI Field / Control — exact semantic type pending,Render empty state when the authoritative Personal read model has insufficient/zero qualifying data; CTA navigates to creation/capture.,Derived / Empty-state,PersonalPulse.Get,GET,GET /v1/personal/pulse,WIRED,Live read + client consume
GL,,PER-GL-S01,Personal Pulse — Empty,353:317,PER-GL-S01-W026,Personal Pulse — Empty — Zero-Gap Field/Control 20,353:317,Zero-Gap Additions / Live Figma,UI Field / Control — exact semantic type pending,Render empty state when the authoritative Personal read model has insufficient/zero qualifying data; CTA navigates to creation/capture.,Derived / Empty-state,PersonalPulse.Get,GET,GET /v1/personal/pulse,WIRED,Live read + client consume
GL,,PER-GL-S01,Personal Pulse — Empty,353:317,PER-GL-S01-W027,Personal Pulse — Empty — Zero-Gap Field/Control 21,353:317,Zero-Gap Additions / Live Figma,UI Field / Control — exact semantic type pending,Render empty state when the authoritative Personal read model has insufficient/zero qualifying data; CTA navigates to creation/capture.,Derived / Empty-state,PersonalPulse.Get,GET,GET /v1/personal/pulse,WIRED,Live read + client consume
GL,,PER-GL-S02,Personal Moments — Empty,353:391,PER-GL-S02-W001,App Header / Context Shell,763:12844,App Header / Context Shell,Input / Editable Field,Render empty state when the authoritative Personal read model has insufficient/zero qualifying data; CTA navigates to creation/capture.,Derived / Empty-state,GET /v1/me + local navigation,GET / LOCAL,LIVE_READ_FAMILY,WIRED,Live read + client consume
GL,,PER-GL-S02,Personal Moments — Empty,353:391,PER-GL-S02-W002,Bottom Navigation,778:5337,Bottom Navigation,CTA / Action,Render empty state when the authoritative Personal read model has insufficient/zero qualifying data; CTA navigates to creation/capture.,Derived / Empty-state,GET /v1/me + local navigation,GET / LOCAL,LIVE_READ_FAMILY,WIRED,Live read + client consume
GL,,PER-GL-S02,Personal Moments — Empty,353:391,PER-GL-S02-W003,Story starts here,353:394,Personal Moments Empty Story,CTA / Action,Render empty state when the authoritative Personal read model has insufficient/zero qualifying data; CTA navigates to creation/capture.,Derived / Empty-state,PersonalMoments.Get,GET,GET /v1/personal/moments,WIRED,Live read + client consume
GL,,PER-GL-S02,Personal Moments — Empty,353:391,PER-GL-S02-W004,milestones,353:394,Personal Moments Empty Story,Empty State / Education,Render empty state when the authoritative Personal read model has insufficient/zero qualifying data; CTA navigates to creation/capture.,Derived / Empty-state,PersonalMoments.Get,GET,GET /v1/personal/moments,WIRED,Live read + client consume
GL,,PER-GL-S02,Personal Moments — Empty,353:391,PER-GL-S02-W005,educational copy,353:394,Personal Moments Empty Story,Empty State / Education,Render empty state when the authoritative Personal read model has insufficient/zero qualifying data; CTA navigates to creation/capture.,Derived / Empty-state,PersonalMoments.Get,GET,GET /v1/personal/moments,WIRED,Live read + client consume
GL,,PER-GL-S02,Personal Moments — Empty,353:391,PER-GL-S02-W006,Personal Moments — Empty — Zero-Gap Field/Control 01,353:391,Zero-Gap Additions / Live Figma,UI Field / Control — exact semantic type pending,Render empty state when the authoritative Personal read model has insufficient/zero qualifying data; CTA navigates to creation/capture.,Derived / Empty-state,PersonalMoments.Get,GET,GET /v1/personal/moments,WIRED,Live read + client consume
GL,,PER-GL-S02,Personal Moments — Empty,353:391,PER-GL-S02-W007,Personal Moments — Empty — Zero-Gap Field/Control 02,353:391,Zero-Gap Additions / Live Figma,UI Field / Control — exact semantic type pending,Render empty state when the authoritative Personal read model has insufficient/zero qualifying data; CTA navigates to creation/capture.,Derived / Empty-state,PersonalMoments.Get,GET,GET /v1/personal/moments,WIRED,Live read + client consume
GL,,PER-GL-S02,Personal Moments — Empty,353:391,PER-GL-S02-W008,Personal Moments — Empty — Zero-Gap Field/Control 03,353:391,Zero-Gap Additions / Live Figma,UI Field / Control — exact semantic type pending,Render empty state when the authoritative Personal read model has insufficient/zero qualifying data; CTA navigates to creation/capture.,Derived / Empty-state,PersonalMoments.Get,GET,GET /v1/personal/moments,WIRED,Live read + client consume
GL,,PER-GL-S02,Personal Moments — Empty,353:391,PER-GL-S02-W009,Personal Moments — Empty — Zero-Gap Field/Control 04,353:391,Zero-Gap Additions / Live Figma,UI Field / Control — exact semantic type pending,Render empty state when the authoritative Personal read model has insufficient/zero qualifying data; CTA navigates to creation/capture.,Derived / Empty-state,PersonalMoments.Get,GET,GET /v1/personal/moments,WIRED,Live read + client consume
GL,,PER-GL-S02,Personal Moments — Empty,353:391,PER-GL-S02-W010,Personal Moments — Empty — Zero-Gap Field/Control 05,353:391,Zero-Gap Additions / Live Figma,UI Field / Control — exact semantic type pending,Render empty state when the authoritative Personal read model has insufficient/zero qualifying data; CTA navigates to creation/capture.,Derived / Empty-state,PersonalMoments.Get,GET,GET /v1/personal/moments,WIRED,Live read + client consume
GL,,PER-GL-S02,Personal Moments — Empty,353:391,PER-GL-S02-W011,Personal Moments — Empty — Zero-Gap Field/Control 06,353:391,Zero-Gap Additions / Live Figma,UI Field / Control — exact semantic type pending,Render empty state when the authoritative Personal read model has insufficient/zero qualifying data; CTA navigates to creation/capture.,Derived / Empty-state,PersonalMoments.Get,GET,GET /v1/personal/moments,WIRED,Live read + client consume
GL,,PER-GL-S02,Personal Moments — Empty,353:391,PER-GL-S02-W012,Personal Moments — Empty — Zero-Gap Field/Control 07,353:391,Zero-Gap Additions / Live Figma,UI Field / Control — exact semantic type pending,Render empty state when the authoritative Personal read model has insufficient/zero qualifying data; CTA navigates to creation/capture.,Derived / Empty-state,PersonalMoments.Get,GET,GET /v1/personal/moments,WIRED,Live read + client consume
GL,,PER-GL-S02,Personal Moments — Empty,353:391,PER-GL-S02-W013,Personal Moments — Empty — Zero-Gap Field/Control 08,353:391,Zero-Gap Additions / Live Figma,UI Field / Control — exact semantic type pending,Render empty state when the authoritative Personal read model has insufficient/zero qualifying data; CTA navigates to creation/capture.,Derived / Empty-state,PersonalMoments.Get,GET,GET /v1/personal/moments,WIRED,Live read + client consume
GL,,PER-GL-S02,Personal Moments — Empty,353:391,PER-GL-S02-W014,Personal Moments — Empty — Zero-Gap Field/Control 09,353:391,Zero-Gap Additions / Live Figma,UI Field / Control — exact semantic type pending,Render empty state when the authoritative Personal read model has insufficient/zero qualifying data; CTA navigates to creation/capture.,Derived / Empty-state,PersonalMoments.Get,GET,GET /v1/personal/moments,WIRED,Live read + client consume
GL,,PER-GL-S02,Personal Moments — Empty,353:391,PER-GL-S02-W015,Personal Moments — Empty — Zero-Gap Field/Control 10,353:391,Zero-Gap Additions / Live Figma,UI Field / Control — exact semantic type pending,Render empty state when the authoritative Personal read model has insufficient/zero qualifying data; CTA navigates to creation/capture.,Derived / Empty-state,PersonalMoments.Get,GET,GET /v1/personal/moments,WIRED,Live read + client consume
GL,,PER-GL-S02,Personal Moments — Empty,353:391,PER-GL-S02-W016,Personal Moments — Empty — Zero-Gap Field/Control 11,353:391,Zero-Gap Additions / Live Figma,UI Field / Control — exact semantic type pending,Render empty state when the authoritative Personal read model has insufficient/zero qualifying data; CTA navigates to creation/capture.,Derived / Empty-state,PersonalMoments.Get,GET,GET /v1/personal/moments,WIRED,Live read + client consume
GL,,PER-GL-S02,Personal Moments — Empty,353:391,PER-GL-S02-W017,Personal Moments — Empty — Zero-Gap Field/Control 12,353:391,Zero-Gap Additions / Live Figma,UI Field / Control — exact semantic type pending,Render empty state when the authoritative Personal read model has insufficient/zero qualifying data; CTA navigates to creation/capture.,Derived / Empty-state,PersonalMoments.Get,GET,GET /v1/personal/moments,WIRED,Live read + client consume
GL,,PER-GL-S02,Personal Moments — Empty,353:391,PER-GL-S02-W018,Personal Moments — Empty — Zero-Gap Field/Control 13,353:391,Zero-Gap Additions / Live Figma,UI Field / Control — exact semantic type pending,Render empty state when the authoritative Personal read model has insufficient/zero qualifying data; CTA navigates to creation/capture.,Derived / Empty-state,PersonalMoments.Get,GET,GET /v1/personal/moments,WIRED,Live read + client consume
GL,,PER-GL-S02,Personal Moments — Empty,353:391,PER-GL-S02-W019,Personal Moments — Empty — Zero-Gap Field/Control 14,353:391,Zero-Gap Additions / Live Figma,UI Field / Control — exact semantic type pending,Render empty state when the authoritative Personal read model has insufficient/zero qualifying data; CTA navigates to creation/capture.,Derived / Empty-state,PersonalMoments.Get,GET,GET /v1/personal/moments,WIRED,Live read + client consume
GL,,PER-GL-S02,Personal Moments — Empty,353:391,PER-GL-S02-W020,Personal Moments — Empty — Zero-Gap Field/Control 15,353:391,Zero-Gap Additions / Live Figma,UI Field / Control — exact semantic type pending,Render empty state when the authoritative Personal read model has insufficient/zero qualifying data; CTA navigates to creation/capture.,Derived / Empty-state,PersonalMoments.Get,GET,GET /v1/personal/moments,WIRED,Live read + client consume
GL,,PER-GL-S02,Personal Moments — Empty,353:391,PER-GL-S02-W021,Personal Moments — Empty — Zero-Gap Field/Control 16,353:391,Zero-Gap Additions / Live Figma,UI Field / Control — exact semantic type pending,Render empty state when the authoritative Personal read model has insufficient/zero qualifying data; CTA navigates to creation/capture.,Derived / Empty-state,PersonalMoments.Get,GET,GET /v1/personal/moments,WIRED,Live read + client consume
GL,,PER-GL-S02,Personal Moments — Empty,353:391,PER-GL-S02-W022,Personal Moments — Empty — Zero-Gap Field/Control 17,353:391,Zero-Gap Additions / Live Figma,UI Field / Control — exact semantic type pending,Render empty state when the authoritative Personal read model has insufficient/zero qualifying data; CTA navigates to creation/capture.,Derived / Empty-state,PersonalMoments.Get,GET,GET /v1/personal/moments,WIRED,Live read + client consume
GL,,PER-GL-S02,Personal Moments — Empty,353:391,PER-GL-S02-W023,Personal Moments — Empty — Zero-Gap Field/Control 18,353:391,Zero-Gap Additions / Live Figma,UI Field / Control — exact semantic type pending,Render empty state when the authoritative Personal read model has insufficient/zero qualifying data; CTA navigates to creation/capture.,Derived / Empty-state,PersonalMoments.Get,GET,GET /v1/personal/moments,WIRED,Live read + client consume
GL,,PER-GL-S02,Personal Moments — Empty,353:391,PER-GL-S02-W024,Personal Moments — Empty — Zero-Gap Field/Control 19,353:391,Zero-Gap Additions / Live Figma,UI Field / Control — exact semantic type pending,Render empty state when the authoritative Personal read model has insufficient/zero qualifying data; CTA navigates to creation/capture.,Derived / Empty-state,PersonalMoments.Get,GET,GET /v1/personal/moments,WIRED,Live read + client consume
GL,,PER-GL-S02,Personal Moments — Empty,353:391,PER-GL-S02-W025,Personal Moments — Empty — Zero-Gap Field/Control 20,353:391,Zero-Gap Additions / Live Figma,UI Field / Control — exact semantic type pending,Render empty state when the authoritative Personal read model has insufficient/zero qualifying data; CTA navigates to creation/capture.,Derived / Empty-state,PersonalMoments.Get,GET,GET /v1/personal/moments,WIRED,Live read + client consume
GL,,PER-GL-S03,Personal Life — Empty,353:5780,PER-GL-S03-W001,App Header / Context Shell,763:12896,App Header / Context Shell,Input / Editable Field,Render empty state when the authoritative Personal read model has insufficient/zero qualifying data; CTA navigates to creation/capture.,Derived / Empty-state,GET /v1/me + local navigation,GET / LOCAL,LIVE_READ_FAMILY,WIRED,Live read + client consume
GL,,PER-GL-S03,Personal Life — Empty,353:5780,PER-GL-S03-W002,Bottom Navigation,778:5397,Bottom Navigation,CTA / Action,Render empty state when the authoritative Personal read model has insufficient/zero qualifying data; CTA navigates to creation/capture.,Derived / Empty-state,GET /v1/me + local navigation,GET / LOCAL,LIVE_READ_FAMILY,WIRED,Live read + client consume
GL,,PER-GL-S03,Personal Life — Empty,353:5780,PER-GL-S03-W003,Life graph,353:5783,Personal Life Empty Content,Empty State / Education,Render empty state when the authoritative Personal read model has insufficient/zero qualifying data; CTA navigates to creation/capture.,Derived / Empty-state,PersonalLife.Get,GET,GET /v1/personal/life,WIRED,Live read + client consume
GL,,PER-GL-S03,Personal Life — Empty,353:5780,PER-GL-S03-W004,4 life pillars,353:5783,Personal Life Empty Content,Selector / Filter / Chip,Render empty state when the authoritative Personal read model has insufficient/zero qualifying data; CTA navigates to creation/capture.,Derived / Empty-state,PersonalLife.Get,GET,GET /v1/personal/life,WIRED,Live read + client consume
GL,,PER-GL-S03,Personal Life — Empty,353:5780,PER-GL-S03-W005,0 of 4 active,353:5783,Personal Life Empty Content,Empty State / Education,Render empty state when the authoritative Personal read model has insufficient/zero qualifying data; CTA navigates to creation/capture.,Derived / Empty-state,PersonalLife.Get,GET,GET /v1/personal/life,WIRED,Live read + client consume
GL,,PER-GL-S03,Personal Life — Empty,353:5780,PER-GL-S03-W006,Start Building,353:5783,Personal Life Empty Content,CTA / Action,Render empty state when the authoritative Personal read model has insufficient/zero qualifying data; CTA navigates to creation/capture.,Derived / Empty-state,PersonalLife.Get,GET,GET /v1/personal/life,WIRED,Live read + client consume
GL,,PER-GL-S03,Personal Life — Empty,353:5780,PER-GL-S03-W007,Personal Life — Empty — Zero-Gap Field/Control 01,353:5780,Zero-Gap Additions / Live Figma,UI Field / Control — exact semantic type pending,Render empty state when the authoritative Personal read model has insufficient/zero qualifying data; CTA navigates to creation/capture.,Derived / Empty-state,PersonalLife.Get,GET,GET /v1/personal/life,WIRED,Live read + client consume
GL,,PER-GL-S03,Personal Life — Empty,353:5780,PER-GL-S03-W008,Personal Life — Empty — Zero-Gap Field/Control 02,353:5780,Zero-Gap Additions / Live Figma,UI Field / Control — exact semantic type pending,Render empty state when the authoritative Personal read model has insufficient/zero qualifying data; CTA navigates to creation/capture.,Derived / Empty-state,PersonalLife.Get,GET,GET /v1/personal/life,WIRED,Live read + client consume
GL,,PER-GL-S03,Personal Life — Empty,353:5780,PER-GL-S03-W009,Personal Life — Empty — Zero-Gap Field/Control 03,353:5780,Zero-Gap Additions / Live Figma,UI Field / Control — exact semantic type pending,Render empty state when the authoritative Personal read model has insufficient/zero qualifying data; CTA navigates to creation/capture.,Derived / Empty-state,PersonalLife.Get,GET,GET /v1/personal/life,WIRED,Live read + client consume
GL,,PER-GL-S03,Personal Life — Empty,353:5780,PER-GL-S03-W010,Personal Life — Empty — Zero-Gap Field/Control 04,353:5780,Zero-Gap Additions / Live Figma,UI Field / Control — exact semantic type pending,Render empty state when the authoritative Personal read model has insufficient/zero qualifying data; CTA navigates to creation/capture.,Derived / Empty-state,PersonalLife.Get,GET,GET /v1/personal/life,WIRED,Live read + client consume
GL,,PER-GL-S03,Personal Life — Empty,353:5780,PER-GL-S03-W011,Personal Life — Empty — Zero-Gap Field/Control 05,353:5780,Zero-Gap Additions / Live Figma,UI Field / Control — exact semantic type pending,Render empty state when the authoritative Personal read model has insufficient/zero qualifying data; CTA navigates to creation/capture.,Derived / Empty-state,PersonalLife.Get,GET,GET /v1/personal/life,WIRED,Live read + client consume
GL,,PER-GL-S03,Personal Life — Empty,353:5780,PER-GL-S03-W012,Personal Life — Empty — Zero-Gap Field/Control 06,353:5780,Zero-Gap Additions / Live Figma,UI Field / Control — exact semantic type pending,Render empty state when the authoritative Personal read model has insufficient/zero qualifying data; CTA navigates to creation/capture.,Derived / Empty-state,PersonalLife.Get,GET,GET /v1/personal/life,WIRED,Live read + client consume
GL,,PER-GL-S03,Personal Life — Empty,353:5780,PER-GL-S03-W013,Personal Life — Empty — Zero-Gap Field/Control 07,353:5780,Zero-Gap Additions / Live Figma,UI Field / Control — exact semantic type pending,Render empty state when the authoritative Personal read model has insufficient/zero qualifying data; CTA navigates to creation/capture.,Derived / Empty-state,PersonalLife.Get,GET,GET /v1/personal/life,WIRED,Live read + client consume
GL,,PER-GL-S03,Personal Life — Empty,353:5780,PER-GL-S03-W014,Personal Life — Empty — Zero-Gap Field/Control 08,353:5780,Zero-Gap Additions / Live Figma,UI Field / Control — exact semantic type pending,Render empty state when the authoritative Personal read model has insufficient/zero qualifying data; CTA navigates to creation/capture.,Derived / Empty-state,PersonalLife.Get,GET,GET /v1/personal/life,WIRED,Live read + client consume
GL,,PER-GL-S03,Personal Life — Empty,353:5780,PER-GL-S03-W015,Personal Life — Empty — Zero-Gap Field/Control 09,353:5780,Zero-Gap Additions / Live Figma,UI Field / Control — exact semantic type pending,Render empty state when the authoritative Personal read model has insufficient/zero qualifying data; CTA navigates to creation/capture.,Derived / Empty-state,PersonalLife.Get,GET,GET /v1/personal/life,WIRED,Live read + client consume
GL,,PER-GL-S03,Personal Life — Empty,353:5780,PER-GL-S03-W016,Personal Life — Empty — Zero-Gap Field/Control 10,353:5780,Zero-Gap Additions / Live Figma,UI Field / Control — exact semantic type pending,Render empty state when the authoritative Personal read model has insufficient/zero qualifying data; CTA navigates to creation/capture.,Derived / Empty-state,PersonalLife.Get,GET,GET /v1/personal/life,WIRED,Live read + client consume
GL,,PER-GL-S03,Personal Life — Empty,353:5780,PER-GL-S03-W017,Personal Life — Empty — Zero-Gap Field/Control 11,353:5780,Zero-Gap Additions / Live Figma,UI Field / Control — exact semantic type pending,Render empty state when the authoritative Personal read model has insufficient/zero qualifying data; CTA navigates to creation/capture.,Derived / Empty-state,PersonalLife.Get,GET,GET /v1/personal/life,WIRED,Live read + client consume
GL,,PER-GL-S03,Personal Life — Empty,353:5780,PER-GL-S03-W018,Personal Life — Empty — Zero-Gap Field/Control 12,353:5780,Zero-Gap Additions / Live Figma,UI Field / Control — exact semantic type pending,Render empty state when the authoritative Personal read model has insufficient/zero qualifying data; CTA navigates to creation/capture.,Derived / Empty-state,PersonalLife.Get,GET,GET /v1/personal/life,WIRED,Live read + client consume
GL,,PER-GL-S03,Personal Life — Empty,353:5780,PER-GL-S03-W019,Personal Life — Empty — Zero-Gap Field/Control 13,353:5780,Zero-Gap Additions / Live Figma,UI Field / Control — exact semantic type pending,Render empty state when the authoritative Personal read model has insufficient/zero qualifying data; CTA navigates to creation/capture.,Derived / Empty-state,PersonalLife.Get,GET,GET /v1/personal/life,WIRED,Live read + client consume
GL,,PER-GL-S03,Personal Life — Empty,353:5780,PER-GL-S03-W020,Personal Life — Empty — Zero-Gap Field/Control 14,353:5780,Zero-Gap Additions / Live Figma,UI Field / Control — exact semantic type pending,Render empty state when the authoritative Personal read model has insufficient/zero qualifying data; CTA navigates to creation/capture.,Derived / Empty-state,PersonalLife.Get,GET,GET /v1/personal/life,WIRED,Live read + client consume
GL,,PER-GL-S03,Personal Life — Empty,353:5780,PER-GL-S03-W021,Personal Life — Empty — Zero-Gap Field/Control 15,353:5780,Zero-Gap Additions / Live Figma,UI Field / Control — exact semantic type pending,Render empty state when the authoritative Personal read model has insufficient/zero qualifying data; CTA navigates to creation/capture.,Derived / Empty-state,PersonalLife.Get,GET,GET /v1/personal/life,WIRED,Live read + client consume
GL,,PER-GL-S03,Personal Life — Empty,353:5780,PER-GL-S03-W022,Personal Life — Empty — Zero-Gap Field/Control 16,353:5780,Zero-Gap Additions / Live Figma,UI Field / Control — exact semantic type pending,Render empty state when the authoritative Personal read model has insufficient/zero qualifying data; CTA navigates to creation/capture.,Derived / Empty-state,PersonalLife.Get,GET,GET /v1/personal/life,WIRED,Live read + client consume
GL,,PER-GL-S03,Personal Life — Empty,353:5780,PER-GL-S03-W023,Personal Life — Empty — Zero-Gap Field/Control 17,353:5780,Zero-Gap Additions / Live Figma,UI Field / Control — exact semantic type pending,Render empty state when the authoritative Personal read model has insufficient/zero qualifying data; CTA navigates to creation/capture.,Derived / Empty-state,PersonalLife.Get,GET,GET /v1/personal/life,WIRED,Live read + client consume
GL,,PER-GL-S03,Personal Life — Empty,353:5780,PER-GL-S03-W024,Personal Life — Empty — Zero-Gap Field/Control 18,353:5780,Zero-Gap Additions / Live Figma,UI Field / Control — exact semantic type pending,Render empty state when the authoritative Personal read model has insufficient/zero qualifying data; CTA navigates to creation/capture.,Derived / Empty-state,PersonalLife.Get,GET,GET /v1/personal/life,WIRED,Live read + client consume
GL,,PER-GL-S03,Personal Life — Empty,353:5780,PER-GL-S03-W025,Personal Life — Empty — Zero-Gap Field/Control 19,353:5780,Zero-Gap Additions / Live Figma,UI Field / Control — exact semantic type pending,Render empty state when the authoritative Personal read model has insufficient/zero qualifying data; CTA navigates to creation/capture.,Derived / Empty-state,PersonalLife.Get,GET,GET /v1/personal/life,WIRED,Live read + client consume
GL,,PER-GL-S04,Personal Memory — Empty,353:5875,PER-GL-S04-W001,App Header / Context Shell,763:12922,App Header / Context Shell,Input / Editable Field,Render empty state when the authoritative Personal read model has insufficient/zero qualifying data; CTA navigates to creation/capture.,Derived / Empty-state,GET /v1/me + local navigation,GET / LOCAL,LIVE_READ_FAMILY,WIRED,Live read + client consume
GL,,PER-GL-S04,Personal Memory — Empty,353:5875,PER-GL-S04-W002,Bottom Navigation,778:5427,Bottom Navigation,CTA / Action,Render empty state when the authoritative Personal read model has insufficient/zero qualifying data; CTA navigates to creation/capture.,Derived / Empty-state,GET /v1/me + local navigation,GET / LOCAL,LIVE_READ_FAMILY,WIRED,Live read + client consume
GL,,PER-GL-S04,Personal Memory — Empty,353:5875,PER-GL-S04-W003,Memory forming,353:5878,Personal Memory Empty Content,Empty State / Education,Render empty state when the authoritative Personal read model has insufficient/zero qualifying data; CTA navigates to creation/capture.,Derived / Empty-state,PersonalMemory.Get,GET,GET /v1/personal/memory,WIRED,Live read + client consume
GL,,PER-GL-S04,Personal Memory — Empty,353:5875,PER-GL-S04-W004,modules awaiting data,353:5878,Personal Memory Empty Content,Empty State / Education,Render empty state when the authoritative Personal read model has insufficient/zero qualifying data; CTA navigates to creation/capture.,Derived / Empty-state,PersonalMemory.Get,GET,GET /v1/personal/memory,WIRED,Live read + client consume
GL,,PER-GL-S04,Personal Memory — Empty,353:5875,PER-GL-S04-W005,Initialize/Capture,353:5878,Personal Memory Empty Content,Empty State / Education,Render empty state when the authoritative Personal read model has insufficient/zero qualifying data; CTA navigates to creation/capture.,Derived / Empty-state,PersonalMemory.Get,GET,GET /v1/personal/memory,WIRED,Live read + client consume
GL,,PER-GL-S04,Personal Memory — Empty,353:5875,PER-GL-S04-W006,Personal Memory — Empty — Zero-Gap Field/Control 01,353:5875,Zero-Gap Additions / Live Figma,UI Field / Control — exact semantic type pending,Render empty state when the authoritative Personal read model has insufficient/zero qualifying data; CTA navigates to creation/capture.,Derived / Empty-state,PersonalMemory.Get,GET,GET /v1/personal/memory,WIRED,Live read + client consume
GL,,PER-GL-S04,Personal Memory — Empty,353:5875,PER-GL-S04-W007,Personal Memory — Empty — Zero-Gap Field/Control 02,353:5875,Zero-Gap Additions / Live Figma,UI Field / Control — exact semantic type pending,Render empty state when the authoritative Personal read model has insufficient/zero qualifying data; CTA navigates to creation/capture.,Derived / Empty-state,PersonalMemory.Get,GET,GET /v1/personal/memory,WIRED,Live read + client consume
GL,,PER-GL-S04,Personal Memory — Empty,353:5875,PER-GL-S04-W008,Personal Memory — Empty — Zero-Gap Field/Control 03,353:5875,Zero-Gap Additions / Live Figma,UI Field / Control — exact semantic type pending,Render empty state when the authoritative Personal read model has insufficient/zero qualifying data; CTA navigates to creation/capture.,Derived / Empty-state,PersonalMemory.Get,GET,GET /v1/personal/memory,WIRED,Live read + client consume
GL,,PER-GL-S04,Personal Memory — Empty,353:5875,PER-GL-S04-W009,Personal Memory — Empty — Zero-Gap Field/Control 04,353:5875,Zero-Gap Additions / Live Figma,UI Field / Control — exact semantic type pending,Render empty state when the authoritative Personal read model has insufficient/zero qualifying data; CTA navigates to creation/capture.,Derived / Empty-state,PersonalMemory.Get,GET,GET /v1/personal/memory,WIRED,Live read + client consume
GL,,PER-GL-S04,Personal Memory — Empty,353:5875,PER-GL-S04-W010,Personal Memory — Empty — Zero-Gap Field/Control 05,353:5875,Zero-Gap Additions / Live Figma,UI Field / Control — exact semantic type pending,Render empty state when the authoritative Personal read model has insufficient/zero qualifying data; CTA navigates to creation/capture.,Derived / Empty-state,PersonalMemory.Get,GET,GET /v1/personal/memory,WIRED,Live read + client consume
GL,,PER-GL-S04,Personal Memory — Empty,353:5875,PER-GL-S04-W011,Personal Memory — Empty — Zero-Gap Field/Control 06,353:5875,Zero-Gap Additions / Live Figma,UI Field / Control — exact semantic type pending,Render empty state when the authoritative Personal read model has insufficient/zero qualifying data; CTA navigates to creation/capture.,Derived / Empty-state,PersonalMemory.Get,GET,GET /v1/personal/memory,WIRED,Live read + client consume
GL,,PER-GL-S04,Personal Memory — Empty,353:5875,PER-GL-S04-W012,Personal Memory — Empty — Zero-Gap Field/Control 07,353:5875,Zero-Gap Additions / Live Figma,UI Field / Control — exact semantic type pending,Render empty state when the authoritative Personal read model has insufficient/zero qualifying data; CTA navigates to creation/capture.,Derived / Empty-state,PersonalMemory.Get,GET,GET /v1/personal/memory,WIRED,Live read + client consume
GL,,PER-GL-S04,Personal Memory — Empty,353:5875,PER-GL-S04-W013,Personal Memory — Empty — Zero-Gap Field/Control 08,353:5875,Zero-Gap Additions / Live Figma,UI Field / Control — exact semantic type pending,Render empty state when the authoritative Personal read model has insufficient/zero qualifying data; CTA navigates to creation/capture.,Derived / Empty-state,PersonalMemory.Get,GET,GET /v1/personal/memory,WIRED,Live read + client consume
GL,,PER-GL-S04,Personal Memory — Empty,353:5875,PER-GL-S04-W014,Personal Memory — Empty — Zero-Gap Field/Control 09,353:5875,Zero-Gap Additions / Live Figma,UI Field / Control — exact semantic type pending,Render empty state when the authoritative Personal read model has insufficient/zero qualifying data; CTA navigates to creation/capture.,Derived / Empty-state,PersonalMemory.Get,GET,GET /v1/personal/memory,WIRED,Live read + client consume
GL,,PER-GL-S04,Personal Memory — Empty,353:5875,PER-GL-S04-W015,Personal Memory — Empty — Zero-Gap Field/Control 10,353:5875,Zero-Gap Additions / Live Figma,UI Field / Control — exact semantic type pending,Render empty state when the authoritative Personal read model has insufficient/zero qualifying data; CTA navigates to creation/capture.,Derived / Empty-state,PersonalMemory.Get,GET,GET /v1/personal/memory,WIRED,Live read + client consume
GL,,PER-GL-S04,Personal Memory — Empty,353:5875,PER-GL-S04-W016,Personal Memory — Empty — Zero-Gap Field/Control 11,353:5875,Zero-Gap Additions / Live Figma,UI Field / Control — exact semantic type pending,Render empty state when the authoritative Personal read model has insufficient/zero qualifying data; CTA navigates to creation/capture.,Derived / Empty-state,PersonalMemory.Get,GET,GET /v1/personal/memory,WIRED,Live read + client consume
GL,,PER-GL-S04,Personal Memory — Empty,353:5875,PER-GL-S04-W017,Personal Memory — Empty — Zero-Gap Field/Control 12,353:5875,Zero-Gap Additions / Live Figma,UI Field / Control — exact semantic type pending,Render empty state when the authoritative Personal read model has insufficient/zero qualifying data; CTA navigates to creation/capture.,Derived / Empty-state,PersonalMemory.Get,GET,GET /v1/personal/memory,WIRED,Live read + client consume
GL,,PER-GL-S04,Personal Memory — Empty,353:5875,PER-GL-S04-W018,Personal Memory — Empty — Zero-Gap Field/Control 13,353:5875,Zero-Gap Additions / Live Figma,UI Field / Control — exact semantic type pending,Render empty state when the authoritative Personal read model has insufficient/zero qualifying data; CTA navigates to creation/capture.,Derived / Empty-state,PersonalMemory.Get,GET,GET /v1/personal/memory,WIRED,Live read + client consume
GL,,PER-GL-S04,Personal Memory — Empty,353:5875,PER-GL-S04-W019,Personal Memory — Empty — Zero-Gap Field/Control 14,353:5875,Zero-Gap Additions / Live Figma,UI Field / Control — exact semantic type pending,Render empty state when the authoritative Personal read model has insufficient/zero qualifying data; CTA navigates to creation/capture.,Derived / Empty-state,PersonalMemory.Get,GET,GET /v1/personal/memory,WIRED,Live read + client consume
GL,,PER-GL-S04,Personal Memory — Empty,353:5875,PER-GL-S04-W020,Personal Memory — Empty — Zero-Gap Field/Control 15,353:5875,Zero-Gap Additions / Live Figma,UI Field / Control — exact semantic type pending,Render empty state when the authoritative Personal read model has insufficient/zero qualifying data; CTA navigates to creation/capture.,Derived / Empty-state,PersonalMemory.Get,GET,GET /v1/personal/memory,WIRED,Live read + client consume
GL,,PER-GL-S04,Personal Memory — Empty,353:5875,PER-GL-S04-W021,Personal Memory — Empty — Zero-Gap Field/Control 16,353:5875,Zero-Gap Additions / Live Figma,UI Field / Control — exact semantic type pending,Render empty state when the authoritative Personal read model has insufficient/zero qualifying data; CTA navigates to creation/capture.,Derived / Empty-state,PersonalMemory.Get,GET,GET /v1/personal/memory,WIRED,Live read + client consume
GL,,PER-GL-S04,Personal Memory — Empty,353:5875,PER-GL-S04-W022,Personal Memory — Empty — Zero-Gap Field/Control 17,353:5875,Zero-Gap Additions / Live Figma,UI Field / Control — exact semantic type pending,Render empty state when the authoritative Personal read model has insufficient/zero qualifying data; CTA navigates to creation/capture.,Derived / Empty-state,PersonalMemory.Get,GET,GET /v1/personal/memory,WIRED,Live read + client consume
GL,,PER-GL-S04,Personal Memory — Empty,353:5875,PER-GL-S04-W023,Personal Memory — Empty — Zero-Gap Field/Control 18,353:5875,Zero-Gap Additions / Live Figma,UI Field / Control — exact semantic type pending,Render empty state when the authoritative Personal read model has insufficient/zero qualifying data; CTA navigates to creation/capture.,Derived / Empty-state,PersonalMemory.Get,GET,GET /v1/personal/memory,WIRED,Live read + client consume
GL,,PER-GL-S04,Personal Memory — Empty,353:5875,PER-GL-S04-W024,Personal Memory — Empty — Zero-Gap Field/Control 19,353:5875,Zero-Gap Additions / Live Figma,UI Field / Control — exact semantic type pending,Render empty state when the authoritative Personal read model has insufficient/zero qualifying data; CTA navigates to creation/capture.,Derived / Empty-state,PersonalMemory.Get,GET,GET /v1/personal/memory,WIRED,Live read + client consume
GL,,PER-GL-S04,Personal Memory — Empty,353:5875,PER-GL-S04-W025,Personal Memory — Empty — Zero-Gap Field/Control 20,353:5875,Zero-Gap Additions / Live Figma,UI Field / Control — exact semantic type pending,Render empty state when the authoritative Personal read model has insufficient/zero qualifying data; CTA navigates to creation/capture.,Derived / Empty-state,PersonalMemory.Get,GET,GET /v1/personal/memory,WIRED,Live read + client consume
GL,,PER-GL-S04,Personal Memory — Empty,353:5875,PER-GL-S04-W026,Personal Memory — Empty — Zero-Gap Field/Control 21,353:5875,Zero-Gap Additions / Live Figma,UI Field / Control — exact semantic type pending,Render empty state when the authoritative Personal read model has insufficient/zero qualifying data; CTA navigates to creation/capture.,Derived / Empty-state,PersonalMemory.Get,GET,GET /v1/personal/memory,WIRED,Live read + client consume
GL,,PER-GL-S04,Personal Memory — Empty,353:5875,PER-GL-S04-W027,Personal Memory — Empty — Zero-Gap Field/Control 22,353:5875,Zero-Gap Additions / Live Figma,UI Field / Control — exact semantic type pending,Render empty state when the authoritative Personal read model has insufficient/zero qualifying data; CTA navigates to creation/capture.,Derived / Empty-state,PersonalMemory.Get,GET,GET /v1/personal/memory,WIRED,Live read + client consume
GL,,PER-GL-S04,Personal Memory — Empty,353:5875,PER-GL-S04-W028,Personal Memory — Empty — Zero-Gap Field/Control 23,353:5875,Zero-Gap Additions / Live Figma,UI Field / Control — exact semantic type pending,Render empty state when the authoritative Personal read model has insufficient/zero qualifying data; CTA navigates to creation/capture.,Derived / Empty-state,PersonalMemory.Get,GET,GET /v1/personal/memory,WIRED,Live read + client consume
GL,,PER-GL-S05,Create Personal Moment,353:452,PER-GL-S05-W001,App Header / Context Shell,763:12870,App Header / Context Shell,Input / Editable Field,"Create canonical Moment identity and Personal context, then route to domain-specific setup.",User input / Command,GET /v1/me + local navigation,GET / LOCAL,,DEFERRED,No live mapping for command='GET /v1/me + local navigation'
GL,,PER-GL-S05,Create Personal Moment,353:452,PER-GL-S05-W002,Bottom Navigation,778:5367,Bottom Navigation,CTA / Action,"Create canonical Moment identity and Personal context, then route to domain-specific setup.",User input / Command,GET /v1/me + local navigation,GET / LOCAL,,DEFERRED,No live mapping for command='GET /v1/me + local navigation'
GL,,PER-GL-S05,Create Personal Moment,353:452,PER-GL-S05-W003,Life Operations,353:459,Moment Type / Life System Selector,Selector / Filter / Chip,"Create canonical Moment identity and Personal context, then route to domain-specific setup.",User input / Command,PersonalMoment.Create,POST,POST /v1/moments,WIRED,Live write + client Quick Add
GL,,PER-GL-S05,Create Personal Moment,353:452,PER-GL-S05-W004,Future Building,353:459,Moment Type / Life System Selector,Selector / Filter / Chip,"Create canonical Moment identity and Personal context, then route to domain-specific setup.",User input / Command,PersonalMoment.Create,POST,POST /v1/moments,WIRED,Live write + client Quick Add
GL,,PER-GL-S05,Create Personal Moment,353:452,PER-GL-S05-W005,Lifestyle,353:459,Moment Type / Life System Selector,Selector / Filter / Chip,"Create canonical Moment identity and Personal context, then route to domain-specific setup.",User input / Command,PersonalMoment.Create,POST,POST /v1/moments,WIRED,Live write + client Quick Add
GL,,PER-GL-S05,Create Personal Moment,353:452,PER-GL-S05-W006,Relationships,353:459,Moment Type / Life System Selector,Selector / Filter / Chip,"Create canonical Moment identity and Personal context, then route to domain-specific setup.",User input / Command,PersonalMoment.Create,POST,POST /v1/moments,WIRED,Live write + client Quick Add
GL,,PER-GL-S05,Create Personal Moment,353:452,PER-GL-S05-W007,Quick Start,353:459,Moment Type / Life System Selector,CTA / Action,"Create canonical Moment identity and Personal context, then route to domain-specific setup.",User input / Command,PersonalMoment.Create,POST,POST /v1/moments,WIRED,Live write + client Quick Add
GL,,PER-GL-S05,Create Personal Moment,353:452,PER-GL-S05-W008,Create Personal Moment — Zero-Gap Field/Control 01,353:452,Zero-Gap Additions / Live Figma,UI Field / Control — exact semantic type pending,"Create canonical Moment identity and Personal context, then route to domain-specific setup.",User input / Command,PersonalMoment.Create,POST,POST /v1/moments,WIRED,Live write + client Quick Add
GL,,PER-GL-S05,Create Personal Moment,353:452,PER-GL-S05-W009,Create Personal Moment — Zero-Gap Field/Control 02,353:452,Zero-Gap Additions / Live Figma,UI Field / Control — exact semantic type pending,"Create canonical Moment identity and Personal context, then route to domain-specific setup.",User input / Command,PersonalMoment.Create,POST,POST /v1/moments,WIRED,Live write + client Quick Add
GL,,PER-GL-S05,Create Personal Moment,353:452,PER-GL-S05-W010,Create Personal Moment — Zero-Gap Field/Control 03,353:452,Zero-Gap Additions / Live Figma,UI Field / Control — exact semantic type pending,"Create canonical Moment identity and Personal context, then route to domain-specific setup.",User input / Command,PersonalMoment.Create,POST,POST /v1/moments,WIRED,Live write + client Quick Add
GL,,PER-GL-S05,Create Personal Moment,353:452,PER-GL-S05-W011,Create Personal Moment — Zero-Gap Field/Control 04,353:452,Zero-Gap Additions / Live Figma,UI Field / Control — exact semantic type pending,"Create canonical Moment identity and Personal context, then route to domain-specific setup.",User input / Command,PersonalMoment.Create,POST,POST /v1/moments,WIRED,Live write + client Quick Add
GL,,PER-GL-S05,Create Personal Moment,353:452,PER-GL-S05-W012,Create Personal Moment — Zero-Gap Field/Control 05,353:452,Zero-Gap Additions / Live Figma,UI Field / Control — exact semantic type pending,"Create canonical Moment identity and Personal context, then route to domain-specific setup.",User input / Command,PersonalMoment.Create,POST,POST /v1/moments,WIRED,Live write + client Quick Add
GL,,PER-GL-S05,Create Personal Moment,353:452,PER-GL-S05-W013,Create Personal Moment — Zero-Gap Field/Control 06,353:452,Zero-Gap Additions / Live Figma,UI Field / Control — exact semantic type pending,"Create canonical Moment identity and Personal context, then route to domain-specific setup.",User input / Command,PersonalMoment.Create,POST,POST /v1/moments,WIRED,Live write + client Quick Add
GL,,PER-GL-S05,Create Personal Moment,353:452,PER-GL-S05-W014,Create Personal Moment — Zero-Gap Field/Control 07,353:452,Zero-Gap Additions / Live Figma,UI Field / Control — exact semantic type pending,"Create canonical Moment identity and Personal context, then route to domain-specific setup.",User input / Command,PersonalMoment.Create,POST,POST /v1/moments,WIRED,Live write + client Quick Add
GL,,PER-GL-S05,Create Personal Moment,353:452,PER-GL-S05-W015,Create Personal Moment — Zero-Gap Field/Control 08,353:452,Zero-Gap Additions / Live Figma,UI Field / Control — exact semantic type pending,"Create canonical Moment identity and Personal context, then route to domain-specific setup.",User input / Command,PersonalMoment.Create,POST,POST /v1/moments,WIRED,Live write + client Quick Add
GL,,PER-GL-S05,Create Personal Moment,353:452,PER-GL-S05-W016,Create Personal Moment — Zero-Gap Field/Control 09,353:452,Zero-Gap Additions / Live Figma,UI Field / Control — exact semantic type pending,"Create canonical Moment identity and Personal context, then route to domain-specific setup.",User input / Command,PersonalMoment.Create,POST,POST /v1/moments,WIRED,Live write + client Quick Add
GL,,PER-GL-S05,Create Personal Moment,353:452,PER-GL-S05-W017,Create Personal Moment — Zero-Gap Field/Control 10,353:452,Zero-Gap Additions / Live Figma,UI Field / Control — exact semantic type pending,"Create canonical Moment identity and Personal context, then route to domain-specific setup.",User input / Command,PersonalMoment.Create,POST,POST /v1/moments,WIRED,Live write + client Quick Add
GL,,PER-GL-S05,Create Personal Moment,353:452,PER-GL-S05-W018,Create Personal Moment — Zero-Gap Field/Control 11,353:452,Zero-Gap Additions / Live Figma,UI Field / Control — exact semantic type pending,"Create canonical Moment identity and Personal context, then route to domain-specific setup.",User input / Command,PersonalMoment.Create,POST,POST /v1/moments,WIRED,Live write + client Quick Add
GL,,PER-GL-S05,Create Personal Moment,353:452,PER-GL-S05-W019,Create Personal Moment — Zero-Gap Field/Control 12,353:452,Zero-Gap Additions / Live Figma,UI Field / Control — exact semantic type pending,"Create canonical Moment identity and Personal context, then route to domain-specific setup.",User input / Command,PersonalMoment.Create,POST,POST /v1/moments,WIRED,Live write + client Quick Add
GL,,PER-GL-S05,Create Personal Moment,353:452,PER-GL-S05-W020,Create Personal Moment — Zero-Gap Field/Control 13,353:452,Zero-Gap Additions / Live Figma,UI Field / Control — exact semantic type pending,"Create canonical Moment identity and Personal context, then route to domain-specific setup.",User input / Command,PersonalMoment.Create,POST,POST /v1/moments,WIRED,Live write + client Quick Add
GL,,PER-GL-S05,Create Personal Moment,353:452,PER-GL-S05-W021,Create Personal Moment — Zero-Gap Field/Control 14,353:452,Zero-Gap Additions / Live Figma,UI Field / Control — exact semantic type pending,"Create canonical Moment identity and Personal context, then route to domain-specific setup.",User input / Command,PersonalMoment.Create,POST,POST /v1/moments,WIRED,Live write + client Quick Add
GL,,PER-GL-S05,Create Personal Moment,353:452,PER-GL-S05-W022,Create Personal Moment — Zero-Gap Field/Control 15,353:452,Zero-Gap Additions / Live Figma,UI Field / Control — exact semantic type pending,"Create canonical Moment identity and Personal context, then route to domain-specific setup.",User input / Command,PersonalMoment.Create,POST,POST /v1/moments,WIRED,Live write + client Quick Add
GL,,PER-GL-S06,Master Expense,453:9376,PER-GL-S06-W001,Master Expense,453:9383,Master Expense Header,Header,Create one shared canonical Finance expense. Cross-life impacts may emit/link Personal domain events only where explicit typed contracts exist.,User input / Finance command,Expense.Create,POST,POST /v1/moments/:id/expenses,WIRED,Live write + client Quick Add
GL,,PER-GL-S06,Master Expense,453:9376,PER-GL-S06-W002,Clear All,453:9383,Master Expense Header,Header,Create one shared canonical Finance expense. Cross-life impacts may emit/link Personal domain events only where explicit typed contracts exist.,User input / Finance command,Expense.Create,POST,POST /v1/moments/:id/expenses,WIRED,Live write + client Quick Add
GL,,PER-GL-S06,Master Expense,453:9376,PER-GL-S06-W003,explainer,453:9383,Master Expense Header,Header,Create one shared canonical Finance expense. Cross-life impacts may emit/link Personal domain events only where explicit typed contracts exist.,User input / Finance command,Expense.Create,POST,POST /v1/moments/:id/expenses,WIRED,Live write + client Quick Add
GL,,PER-GL-S06,Master Expense,453:9376,PER-GL-S06-W004,Cross-Life Impact Banner,453:9394,Cross-Life Impact Banner,Input / Editable Field,Create one shared canonical Finance expense. Cross-life impacts may emit/link Personal domain events only where explicit typed contracts exist.,User input / Finance command,Expense.Create,POST,POST /v1/moments/:id/expenses,WIRED,Live write + client Quick Add
GL,,PER-GL-S06,Master Expense,453:9376,PER-GL-S06-W005,Description,453:9398,Expense Basic Details,Form,Create one shared canonical Finance expense. Cross-life impacts may emit/link Personal domain events only where explicit typed contracts exist.,User input / Finance command,Expense.Create,POST,POST /v1/moments/:id/expenses,WIRED,Live write + client Quick Add
GL,,PER-GL-S06,Master Expense,453:9376,PER-GL-S06-W006,amount,453:9398,Expense Basic Details,Input / Editable Field,Create one shared canonical Finance expense. Cross-life impacts may emit/link Personal domain events only where explicit typed contracts exist.,User input / Finance command,Expense.Create,POST,POST /v1/moments/:id/expenses,WIRED,Live write + client Quick Add
GL,,PER-GL-S06,Master Expense,453:9376,PER-GL-S06-W007,category,453:9398,Expense Basic Details,Form,Create one shared canonical Finance expense. Cross-life impacts may emit/link Personal domain events only where explicit typed contracts exist.,User input / Finance command,Expense.Create,POST,POST /v1/moments/:id/expenses,WIRED,Live write + client Quick Add
GL,,PER-GL-S06,Master Expense,453:9376,PER-GL-S06-W008,paid from,453:9398,Expense Basic Details,Form,Create one shared canonical Finance expense. Cross-life impacts may emit/link Personal domain events only where explicit typed contracts exist.,User input / Finance command,Expense.Create,POST,POST /v1/moments/:id/expenses,WIRED,Live write + client Quick Add
GL,,PER-GL-S06,Master Expense,453:9376,PER-GL-S06-W009,when,453:9398,Expense Basic Details,Form,Create one shared canonical Finance expense. Cross-life impacts may emit/link Personal domain events only where explicit typed contracts exist.,User input / Finance command,Expense.Create,POST,POST /v1/moments/:id/expenses,WIRED,Live write + client Quick Add
GL,,PER-GL-S06,Master Expense,453:9376,PER-GL-S06-W010,Feeling,453:9455,Expense Experience Details,Form / Ratings,Create one shared canonical Finance expense. Cross-life impacts may emit/link Personal domain events only where explicit typed contracts exist.,User input / Finance command,Expense.Create,POST,POST /v1/moments/:id/expenses,WIRED,Live write + client Quick Add
GL,,PER-GL-S06,Master Expense,453:9376,PER-GL-S06-W011,meaningfulness,453:9455,Expense Experience Details,Form / Ratings,Create one shared canonical Finance expense. Cross-life impacts may emit/link Personal domain events only where explicit typed contracts exist.,User input / Finance command,Expense.Create,POST,POST /v1/moments/:id/expenses,WIRED,Live write + client Quick Add
GL,,PER-GL-S06,Master Expense,453:9376,PER-GL-S06-W012,memorability,453:9455,Expense Experience Details,Form / Ratings,Create one shared canonical Finance expense. Cross-life impacts may emit/link Personal domain events only where explicit typed contracts exist.,User input / Finance command,Expense.Create,POST,POST /v1/moments/:id/expenses,WIRED,Live write + client Quick Add
GL,,PER-GL-S06,Master Expense,453:9376,PER-GL-S06-W013,more details,453:9455,Expense Experience Details,Form / Ratings,Create one shared canonical Finance expense. Cross-life impacts may emit/link Personal domain events only where explicit typed contracts exist.,User input / Finance command,Expense.Create,POST,POST /v1/moments/:id/expenses,WIRED,Live write + client Quick Add
GL,,PER-GL-S06,Master Expense,453:9376,PER-GL-S06-W014,Shared with,453:9507,Shared Relationship Impact,Form,Create one shared canonical Finance expense. Cross-life impacts may emit/link Personal domain events only where explicit typed contracts exist.,User input / Finance command,Expense.Create,POST,POST /v1/moments/:id/expenses,WIRED,Live write + client Quick Add
GL,,PER-GL-S06,Master Expense,453:9376,PER-GL-S06-W015,relationship impact,453:9507,Shared Relationship Impact,Form,Create one shared canonical Finance expense. Cross-life impacts may emit/link Personal domain events only where explicit typed contracts exist.,User input / Finance command,Expense.Create,POST,POST /v1/moments/:id/expenses,WIRED,Live write + client Quick Add
GL,,PER-GL-S06,Master Expense,453:9376,PER-GL-S06-W016,reason,453:9507,Shared Relationship Impact,Form,Create one shared canonical Finance expense. Cross-life impacts may emit/link Personal domain events only where explicit typed contracts exist.,User input / Finance command,Expense.Create,POST,POST /v1/moments/:id/expenses,WIRED,Live write + client Quick Add
GL,,PER-GL-S06,Master Expense,453:9376,PER-GL-S06-W017,Notes,453:9547,Expense Notes,Input / Editable Field,Create one shared canonical Finance expense. Cross-life impacts may emit/link Personal domain events only where explicit typed contracts exist.,User input / Finance command,Expense.Create,POST,POST /v1/moments/:id/expenses,WIRED,Live write + client Quick Add
GL,,PER-GL-S06,Master Expense,453:9376,PER-GL-S06-W018,0/200,453:9547,Expense Notes,Input / Editable Field,Create one shared canonical Finance expense. Cross-life impacts may emit/link Personal domain events only where explicit typed contracts exist.,User input / Finance command,Expense.Create,POST,POST /v1/moments/:id/expenses,WIRED,Live write + client Quick Add
GL,,PER-GL-S06,Master Expense,453:9376,PER-GL-S06-W019,Cancel,453:9553,Confirm Expense,CTA / Action,Create one shared canonical Finance expense. Cross-life impacts may emit/link Personal domain events only where explicit typed contracts exist.,User input / Finance command,Expense.Create,POST,POST /v1/moments/:id/expenses,WIRED,Live write + client Quick Add
GL,,PER-GL-S06,Master Expense,453:9376,PER-GL-S06-W020,Confirm Expense,453:9553,Confirm Expense,CTA / Action,Create one shared canonical Finance expense. Cross-life impacts may emit/link Personal domain events only where explicit typed contracts exist.,User input / Finance command,Expense.Create,POST,POST /v1/moments/:id/expenses,WIRED,Live write + client Quick Add
GL,,PER-GL-S06,Master Expense,453:9376,PER-GL-S06-W021,privacy copy,453:9553,Confirm Expense,CTA / Action,Create one shared canonical Finance expense. Cross-life impacts may emit/link Personal domain events only where explicit typed contracts exist.,User input / Finance command,Expense.Create,POST,POST /v1/moments/:id/expenses,WIRED,Live write + client Quick Add
GL,,PER-GL-S06,Master Expense,453:9376,PER-GL-S06-W022,Master Expense — Zero-Gap Field/Control 01,453:9376,Zero-Gap Additions / Live Figma,UI Field / Control — exact semantic type pending,Create one shared canonical Finance expense. Cross-life impacts may emit/link Personal domain events only where explicit typed contracts exist.,User input / Finance command,Expense.Create,POST,POST /v1/moments/:id/expenses,WIRED,Live write + client Quick Add
GL,,PER-GL-S06,Master Expense,453:9376,PER-GL-S06-W023,Master Expense — Zero-Gap Field/Control 02,453:9376,Zero-Gap Additions / Live Figma,UI Field / Control — exact semantic type pending,Create one shared canonical Finance expense. Cross-life impacts may emit/link Personal domain events only where explicit typed contracts exist.,User input / Finance command,Expense.Create,POST,POST /v1/moments/:id/expenses,WIRED,Live write + client Quick Add
GL,,PER-GL-S06,Master Expense,453:9376,PER-GL-S06-W024,Master Expense — Zero-Gap Field/Control 03,453:9376,Zero-Gap Additions / Live Figma,UI Field / Control — exact semantic type pending,Create one shared canonical Finance expense. Cross-life impacts may emit/link Personal domain events only where explicit typed contracts exist.,User input / Finance command,Expense.Create,POST,POST /v1/moments/:id/expenses,WIRED,Live write + client Quick Add
GL,,PER-GL-S06,Master Expense,453:9376,PER-GL-S06-W025,Master Expense — Zero-Gap Field/Control 04,453:9376,Zero-Gap Additions / Live Figma,UI Field / Control — exact semantic type pending,Create one shared canonical Finance expense. Cross-life impacts may emit/link Personal domain events only where explicit typed contracts exist.,User input / Finance command,Expense.Create,POST,POST /v1/moments/:id/expenses,WIRED,Live write + client Quick Add
GL,,PER-GL-S06,Master Expense,453:9376,PER-GL-S06-W026,Master Expense — Zero-Gap Field/Control 05,453:9376,Zero-Gap Additions / Live Figma,UI Field / Control — exact semantic type pending,Create one shared canonical Finance expense. Cross-life impacts may emit/link Personal domain events only where explicit typed contracts exist.,User input / Finance command,Expense.Create,POST,POST /v1/moments/:id/expenses,WIRED,Live write + client Quick Add
GL,,PER-GL-S06,Master Expense,453:9376,PER-GL-S06-W027,Master Expense — Zero-Gap Field/Control 06,453:9376,Zero-Gap Additions / Live Figma,UI Field / Control — exact semantic type pending,Create one shared canonical Finance expense. Cross-life impacts may emit/link Personal domain events only where explicit typed contracts exist.,User input / Finance command,Expense.Create,POST,POST /v1/moments/:id/expenses,WIRED,Live write + client Quick Add
GL,,PER-GL-S06,Master Expense,453:9376,PER-GL-S06-W028,Master Expense — Zero-Gap Field/Control 07,453:9376,Zero-Gap Additions / Live Figma,UI Field / Control — exact semantic type pending,Create one shared canonical Finance expense. Cross-life impacts may emit/link Personal domain events only where explicit typed contracts exist.,User input / Finance command,Expense.Create,POST,POST /v1/moments/:id/expenses,WIRED,Live write + client Quick Add
GL,,PER-GL-S06,Master Expense,453:9376,PER-GL-S06-W029,Master Expense — Zero-Gap Field/Control 08,453:9376,Zero-Gap Additions / Live Figma,UI Field / Control — exact semantic type pending,Create one shared canonical Finance expense. Cross-life impacts may emit/link Personal domain events only where explicit typed contracts exist.,User input / Finance command,Expense.Create,POST,POST /v1/moments/:id/expenses,WIRED,Live write + client Quick Add
GL,,PER-GL-S06,Master Expense,453:9376,PER-GL-S06-W030,Master Expense — Zero-Gap Field/Control 09,453:9376,Zero-Gap Additions / Live Figma,UI Field / Control — exact semantic type pending,Create one shared canonical Finance expense. Cross-life impacts may emit/link Personal domain events only where explicit typed contracts exist.,User input / Finance command,Expense.Create,POST,POST /v1/moments/:id/expenses,WIRED,Live write + client Quick Add
GL,,PER-GL-S06,Master Expense,453:9376,PER-GL-S06-W031,Master Expense — Zero-Gap Field/Control 10,453:9376,Zero-Gap Additions / Live Figma,UI Field / Control — exact semantic type pending,Create one shared canonical Finance expense. Cross-life impacts may emit/link Personal domain events only where explicit typed contracts exist.,User input / Finance command,Expense.Create,POST,POST /v1/moments/:id/expenses,WIRED,Live write + client Quick Add
GL,,PER-GL-S06,Master Expense,453:9376,PER-GL-S06-W032,Master Expense — Zero-Gap Field/Control 11,453:9376,Zero-Gap Additions / Live Figma,UI Field / Control — exact semantic type pending,Create one shared canonical Finance expense. Cross-life impacts may emit/link Personal domain events only where explicit typed contracts exist.,User input / Finance command,Expense.Create,POST,POST /v1/moments/:id/expenses,WIRED,Live write + client Quick Add
GL,,PER-GL-S06,Master Expense,453:9376,PER-GL-S06-W033,Master Expense — Zero-Gap Field/Control 12,453:9376,Zero-Gap Additions / Live Figma,UI Field / Control — exact semantic type pending,Create one shared canonical Finance expense. Cross-life impacts may emit/link Personal domain events only where explicit typed contracts exist.,User input / Finance command,Expense.Create,POST,POST /v1/moments/:id/expenses,WIRED,Live write + client Quick Add
GL,,PER-GL-S06,Master Expense,453:9376,PER-GL-S06-W034,Master Expense — Zero-Gap Field/Control 13,453:9376,Zero-Gap Additions / Live Figma,UI Field / Control — exact semantic type pending,Create one shared canonical Finance expense. Cross-life impacts may emit/link Personal domain events only where explicit typed contracts exist.,User input / Finance command,Expense.Create,POST,POST /v1/moments/:id/expenses,WIRED,Live write + client Quick Add
GL,,PER-GL-S06,Master Expense,453:9376,PER-GL-S06-W035,Master Expense — Zero-Gap Field/Control 14,453:9376,Zero-Gap Additions / Live Figma,UI Field / Control — exact semantic type pending,Create one shared canonical Finance expense. Cross-life impacts may emit/link Personal domain events only where explicit typed contracts exist.,User input / Finance command,Expense.Create,POST,POST /v1/moments/:id/expenses,WIRED,Live write + client Quick Add
GL,,PER-GL-S06,Master Expense,453:9376,PER-GL-S06-W036,Master Expense — Zero-Gap Field/Control 15,453:9376,Zero-Gap Additions / Live Figma,UI Field / Control — exact semantic type pending,Create one shared canonical Finance expense. Cross-life impacts may emit/link Personal domain events only where explicit typed contracts exist.,User input / Finance command,Expense.Create,POST,POST /v1/moments/:id/expenses,WIRED,Live write + client Quick Add
GL,,PER-GL-S06,Master Expense,453:9376,PER-GL-S06-W037,Master Expense — Zero-Gap Field/Control 16,453:9376,Zero-Gap Additions / Live Figma,UI Field / Control — exact semantic type pending,Create one shared canonical Finance expense. Cross-life impacts may emit/link Personal domain events only where explicit typed contracts exist.,User input / Finance command,Expense.Create,POST,POST /v1/moments/:id/expenses,WIRED,Live write + client Quick Add
GL,,PER-GL-S06,Master Expense,453:9376,PER-GL-S06-W038,Master Expense — Zero-Gap Field/Control 17,453:9376,Zero-Gap Additions / Live Figma,UI Field / Control — exact semantic type pending,Create one shared canonical Finance expense. Cross-life impacts may emit/link Personal domain events only where explicit typed contracts exist.,User input / Finance command,Expense.Create,POST,POST /v1/moments/:id/expenses,WIRED,Live write + client Quick Add
GL,,PER-GL-S06,Master Expense,453:9376,PER-GL-S06-W039,Master Expense — Zero-Gap Field/Control 18,453:9376,Zero-Gap Additions / Live Figma,UI Field / Control — exact semantic type pending,Create one shared canonical Finance expense. Cross-life impacts may emit/link Personal domain events only where explicit typed contracts exist.,User input / Finance command,Expense.Create,POST,POST /v1/moments/:id/expenses,WIRED,Live write + client Quick Add
GL,,PER-GL-S06,Master Expense,453:9376,PER-GL-S06-W040,Master Expense — Zero-Gap Field/Control 19,453:9376,Zero-Gap Additions / Live Figma,UI Field / Control — exact semantic type pending,Create one shared canonical Finance expense. Cross-life impacts may emit/link Personal domain events only where explicit typed contracts exist.,User input / Finance command,Expense.Create,POST,POST /v1/moments/:id/expenses,WIRED,Live write + client Quick Add
GL,,PER-GL-S06,Master Expense,453:9376,PER-GL-S06-W041,Master Expense — Zero-Gap Field/Control 20,453:9376,Zero-Gap Additions / Live Figma,UI Field / Control — exact semantic type pending,Create one shared canonical Finance expense. Cross-life impacts may emit/link Personal domain events only where explicit typed contracts exist.,User input / Finance command,Expense.Create,POST,POST /v1/moments/:id/expenses,WIRED,Live write + client Quick Add
GL,,PER-GL-S06,Master Expense,453:9376,PER-GL-S06-W042,Master Expense — Zero-Gap Field/Control 21,453:9376,Zero-Gap Additions / Live Figma,UI Field / Control — exact semantic type pending,Create one shared canonical Finance expense. Cross-life impacts may emit/link Personal domain events only where explicit typed contracts exist.,User input / Finance command,Expense.Create,POST,POST /v1/moments/:id/expenses,WIRED,Live write + client Quick Add
GL,,PER-GL-S06,Master Expense,453:9376,PER-GL-S06-W043,Master Expense — Zero-Gap Field/Control 22,453:9376,Zero-Gap Additions / Live Figma,UI Field / Control — exact semantic type pending,Create one shared canonical Finance expense. Cross-life impacts may emit/link Personal domain events only where explicit typed contracts exist.,User input / Finance command,Expense.Create,POST,POST /v1/moments/:id/expenses,WIRED,Live write + client Quick Add
GL,,PER-GL-S06,Master Expense,453:9376,PER-GL-S06-W044,Master Expense — Zero-Gap Field/Control 23,453:9376,Zero-Gap Additions / Live Figma,UI Field / Control — exact semantic type pending,Create one shared canonical Finance expense. Cross-life impacts may emit/link Personal domain events only where explicit typed contracts exist.,User input / Finance command,Expense.Create,POST,POST /v1/moments/:id/expenses,WIRED,Live write + client Quick Add
GL,,PER-GL-S06,Master Expense,453:9376,PER-GL-S06-W045,Master Expense — Zero-Gap Field/Control 24,453:9376,Zero-Gap Additions / Live Figma,UI Field / Control — exact semantic type pending,Create one shared canonical Finance expense. Cross-life impacts may emit/link Personal domain events only where explicit typed contracts exist.,User input / Finance command,Expense.Create,POST,POST /v1/moments/:id/expenses,WIRED,Live write + client Quick Add
GL,,PER-GL-S06,Master Expense,453:9376,PER-GL-S06-W046,Master Expense — Zero-Gap Field/Control 25,453:9376,Zero-Gap Additions / Live Figma,UI Field / Control — exact semantic type pending,Create one shared canonical Finance expense. Cross-life impacts may emit/link Personal domain events only where explicit typed contracts exist.,User input / Finance command,Expense.Create,POST,POST /v1/moments/:id/expenses,WIRED,Live write + client Quick Add
GL,,PER-GL-S06,Master Expense,453:9376,PER-GL-S06-W047,Master Expense — Zero-Gap Field/Control 26,453:9376,Zero-Gap Additions / Live Figma,UI Field / Control — exact semantic type pending,Create one shared canonical Finance expense. Cross-life impacts may emit/link Personal domain events only where explicit typed contracts exist.,User input / Finance command,Expense.Create,POST,POST /v1/moments/:id/expenses,WIRED,Live write + client Quick Add
GL,,PER-GL-S06,Master Expense,453:9376,PER-GL-S06-W048,Master Expense — Zero-Gap Field/Control 27,453:9376,Zero-Gap Additions / Live Figma,UI Field / Control — exact semantic type pending,Create one shared canonical Finance expense. Cross-life impacts may emit/link Personal domain events only where explicit typed contracts exist.,User input / Finance command,Expense.Create,POST,POST /v1/moments/:id/expenses,WIRED,Live write + client Quick Add
GL,,PER-GL-S06,Master Expense,453:9376,PER-GL-S06-W049,Master Expense — Zero-Gap Field/Control 28,453:9376,Zero-Gap Additions / Live Figma,UI Field / Control — exact semantic type pending,Create one shared canonical Finance expense. Cross-life impacts may emit/link Personal domain events only where explicit typed contracts exist.,User input / Finance command,Expense.Create,POST,POST /v1/moments/:id/expenses,WIRED,Live write + client Quick Add
GL,,PER-GL-S06,Master Expense,453:9376,PER-GL-S06-W050,Master Expense — Zero-Gap Field/Control 29,453:9376,Zero-Gap Additions / Live Figma,UI Field / Control — exact semantic type pending,Create one shared canonical Finance expense. Cross-life impacts may emit/link Personal domain events only where explicit typed contracts exist.,User input / Finance command,Expense.Create,POST,POST /v1/moments/:id/expenses,WIRED,Live write + client Quick Add
GL,,PER-GL-S06,Master Expense,453:9376,PER-GL-S06-W051,Master Expense — Zero-Gap Field/Control 30,453:9376,Zero-Gap Additions / Live Figma,UI Field / Control — exact semantic type pending,Create one shared canonical Finance expense. Cross-life impacts may emit/link Personal domain events only where explicit typed contracts exist.,User input / Finance command,Expense.Create,POST,POST /v1/moments/:id/expenses,WIRED,Live write + client Quick Add
GL,,PER-GL-S07,Personal Life,1047:7689,PER-GL-S07-W001,App Header / Context Shell,1047:7952,App Header / Context Shell,Input / Editable Field,"Read a projection combining Life Operations, Future Building, Lifestyle and Relationships plus governed analytics/AI references.",Derived / Cross-domain projection,GET /v1/me + local navigation,GET / LOCAL,LIVE_READ_FAMILY,WIRED,Live read + client consume
GL,,PER-GL-S07,Personal Life,1047:7689,PER-GL-S07-W002,Personal Domain Selector,1047:7692,Personal Domain Selector,Navigation / Shell,"Read a projection combining Life Operations, Future Building, Lifestyle and Relationships plus governed analytics/AI references.",Derived / Cross-domain projection,PersonalLife.Get,GET,GET /v1/personal/life,WIRED,Live read + client consume
GL,,PER-GL-S07,Personal Life,1047:7689,PER-GL-S07-W003,Bottom Navigation,1047:7892,Bottom Navigation,CTA / Action,"Read a projection combining Life Operations, Future Building, Lifestyle and Relationships plus governed analytics/AI references.",Derived / Cross-domain projection,GET /v1/me + local navigation,GET / LOCAL,LIVE_READ_FAMILY,WIRED,Live read + client consume
GL,,PER-GL-S07,Personal Life,1047:7689,PER-GL-S07-W004,Life Health,1047:7707,Personal Life Intelligence,Cross-Domain Life Dashboard,"Read a projection combining Life Operations, Future Building, Lifestyle and Relationships plus governed analytics/AI references.",Derived / Cross-domain projection,PersonalLife.Get,GET,GET /v1/personal/life,WIRED,Live read + client consume
GL,,PER-GL-S07,Personal Life,1047:7689,PER-GL-S07-W005,Growth/Fulfillment,1047:7707,Personal Life Intelligence,Cross-Domain Life Dashboard,"Read a projection combining Life Operations, Future Building, Lifestyle and Relationships plus governed analytics/AI references.",Derived / Cross-domain projection,PersonalLife.Get,GET,GET /v1/personal/life,WIRED,Live read + client consume
GL,,PER-GL-S07,Personal Life,1047:7689,PER-GL-S07-W006,drift alert,1047:7707,Personal Life Intelligence,Cross-Domain Life Dashboard,"Read a projection combining Life Operations, Future Building, Lifestyle and Relationships plus governed analytics/AI references.",Derived / Cross-domain projection,PersonalLife.Get,GET,GET /v1/personal/life,WIRED,Live read + client consume
GL,,PER-GL-S07,Personal Life,1047:7689,PER-GL-S07-W007,suggestions,1047:7707,Personal Life Intelligence,Cross-Domain Life Dashboard,"Read a projection combining Life Operations, Future Building, Lifestyle and Relationships plus governed analytics/AI references.",Derived / Cross-domain projection,PersonalLife.Get,GET,GET /v1/personal/life,WIRED,Live read + client consume
GL,,PER-GL-S07,Personal Life,1047:7689,PER-GL-S07-W008,leverage,1047:7707,Personal Life Intelligence,Cross-Domain Life Dashboard,"Read a projection combining Life Operations, Future Building, Lifestyle and Relationships plus governed analytics/AI references.",Derived / Cross-domain projection,PersonalLife.Get,GET,GET /v1/personal/life,WIRED,Live read + client consume
GL,,PER-GL-S07,Personal Life,1047:7689,PER-GL-S07-W009,expected impact,1047:7707,Personal Life Intelligence,Cross-Domain Life Dashboard,"Read a projection combining Life Operations, Future Building, Lifestyle and Relationships plus governed analytics/AI references.",Derived / Cross-domain projection,PersonalLife.Get,GET,GET /v1/personal/life,WIRED,Live read + client consume
GL,,PER-GL-S07,Personal Life,1047:7689,PER-GL-S07-W010,Personal Life — Zero-Gap Field/Control 01,1047:7689,Zero-Gap Additions / Live Figma,UI Field / Control — exact semantic type pending,"Read a projection combining Life Operations, Future Building, Lifestyle and Relationships plus governed analytics/AI references.",Derived / Cross-domain projection,PersonalLife.Get,GET,GET /v1/personal/life,WIRED,Live read + client consume
GL,,PER-GL-S07,Personal Life,1047:7689,PER-GL-S07-W011,Personal Life — Zero-Gap Field/Control 02,1047:7689,Zero-Gap Additions / Live Figma,UI Field / Control — exact semantic type pending,"Read a projection combining Life Operations, Future Building, Lifestyle and Relationships plus governed analytics/AI references.",Derived / Cross-domain projection,PersonalLife.Get,GET,GET /v1/personal/life,WIRED,Live read + client consume
GL,,PER-GL-S07,Personal Life,1047:7689,PER-GL-S07-W012,Personal Life — Zero-Gap Field/Control 03,1047:7689,Zero-Gap Additions / Live Figma,UI Field / Control — exact semantic type pending,"Read a projection combining Life Operations, Future Building, Lifestyle and Relationships plus governed analytics/AI references.",Derived / Cross-domain projection,PersonalLife.Get,GET,GET /v1/personal/life,WIRED,Live read + client consume
GL,,PER-GL-S07,Personal Life,1047:7689,PER-GL-S07-W013,Personal Life — Zero-Gap Field/Control 04,1047:7689,Zero-Gap Additions / Live Figma,UI Field / Control — exact semantic type pending,"Read a projection combining Life Operations, Future Building, Lifestyle and Relationships plus governed analytics/AI references.",Derived / Cross-domain projection,PersonalLife.Get,GET,GET /v1/personal/life,WIRED,Live read + client consume
GL,,PER-GL-S07,Personal Life,1047:7689,PER-GL-S07-W014,Personal Life — Zero-Gap Field/Control 05,1047:7689,Zero-Gap Additions / Live Figma,UI Field / Control — exact semantic type pending,"Read a projection combining Life Operations, Future Building, Lifestyle and Relationships plus governed analytics/AI references.",Derived / Cross-domain projection,PersonalLife.Get,GET,GET /v1/personal/life,WIRED,Live read + client consume
GL,,PER-GL-S07,Personal Life,1047:7689,PER-GL-S07-W015,Personal Life — Zero-Gap Field/Control 06,1047:7689,Zero-Gap Additions / Live Figma,UI Field / Control — exact semantic type pending,"Read a projection combining Life Operations, Future Building, Lifestyle and Relationships plus governed analytics/AI references.",Derived / Cross-domain projection,PersonalLife.Get,GET,GET /v1/personal/life,WIRED,Live read + client consume
GL,,PER-GL-S07,Personal Life,1047:7689,PER-GL-S07-W016,Personal Life — Zero-Gap Field/Control 07,1047:7689,Zero-Gap Additions / Live Figma,UI Field / Control — exact semantic type pending,"Read a projection combining Life Operations, Future Building, Lifestyle and Relationships plus governed analytics/AI references.",Derived / Cross-domain projection,PersonalLife.Get,GET,GET /v1/personal/life,WIRED,Live read + client consume
GL,,PER-GL-S07,Personal Life,1047:7689,PER-GL-S07-W017,Personal Life — Zero-Gap Field/Control 08,1047:7689,Zero-Gap Additions / Live Figma,UI Field / Control — exact semantic type pending,"Read a projection combining Life Operations, Future Building, Lifestyle and Relationships plus governed analytics/AI references.",Derived / Cross-domain projection,PersonalLife.Get,GET,GET /v1/personal/life,WIRED,Live read + client consume
GL,,PER-GL-S07,Personal Life,1047:7689,PER-GL-S07-W018,Personal Life — Zero-Gap Field/Control 09,1047:7689,Zero-Gap Additions / Live Figma,UI Field / Control — exact semantic type pending,"Read a projection combining Life Operations, Future Building, Lifestyle and Relationships plus governed analytics/AI references.",Derived / Cross-domain projection,PersonalLife.Get,GET,GET /v1/personal/life,WIRED,Live read + client consume
GL,,PER-GL-S07,Personal Life,1047:7689,PER-GL-S07-W019,Personal Life — Zero-Gap Field/Control 10,1047:7689,Zero-Gap Additions / Live Figma,UI Field / Control — exact semantic type pending,"Read a projection combining Life Operations, Future Building, Lifestyle and Relationships plus governed analytics/AI references.",Derived / Cross-domain projection,PersonalLife.Get,GET,GET /v1/personal/life,WIRED,Live read + client consume
GL,,PER-GL-S07,Personal Life,1047:7689,PER-GL-S07-W020,Personal Life — Zero-Gap Field/Control 11,1047:7689,Zero-Gap Additions / Live Figma,UI Field / Control — exact semantic type pending,"Read a projection combining Life Operations, Future Building, Lifestyle and Relationships plus governed analytics/AI references.",Derived / Cross-domain projection,PersonalLife.Get,GET,GET /v1/personal/life,WIRED,Live read + client consume
GL,,PER-GL-S07,Personal Life,1047:7689,PER-GL-S07-W021,Personal Life — Zero-Gap Field/Control 12,1047:7689,Zero-Gap Additions / Live Figma,UI Field / Control — exact semantic type pending,"Read a projection combining Life Operations, Future Building, Lifestyle and Relationships plus governed analytics/AI references.",Derived / Cross-domain projection,PersonalLife.Get,GET,GET /v1/personal/life,WIRED,Live read + client consume
GL,,PER-GL-S07,Personal Life,1047:7689,PER-GL-S07-W022,Personal Life — Zero-Gap Field/Control 13,1047:7689,Zero-Gap Additions / Live Figma,UI Field / Control — exact semantic type pending,"Read a projection combining Life Operations, Future Building, Lifestyle and Relationships plus governed analytics/AI references.",Derived / Cross-domain projection,PersonalLife.Get,GET,GET /v1/personal/life,WIRED,Live read + client consume
GL,,PER-GL-S07,Personal Life,1047:7689,PER-GL-S07-W023,Personal Life — Zero-Gap Field/Control 14,1047:7689,Zero-Gap Additions / Live Figma,UI Field / Control — exact semantic type pending,"Read a projection combining Life Operations, Future Building, Lifestyle and Relationships plus governed analytics/AI references.",Derived / Cross-domain projection,PersonalLife.Get,GET,GET /v1/personal/life,WIRED,Live read + client consume
GL,,PER-GL-S07,Personal Life,1047:7689,PER-GL-S07-W024,Personal Life — Zero-Gap Field/Control 15,1047:7689,Zero-Gap Additions / Live Figma,UI Field / Control — exact semantic type pending,"Read a projection combining Life Operations, Future Building, Lifestyle and Relationships plus governed analytics/AI references.",Derived / Cross-domain projection,PersonalLife.Get,GET,GET /v1/personal/life,WIRED,Live read + client consume
GL,,PER-GL-S07,Personal Life,1047:7689,PER-GL-S07-W025,Personal Life — Zero-Gap Field/Control 16,1047:7689,Zero-Gap Additions / Live Figma,UI Field / Control — exact semantic type pending,"Read a projection combining Life Operations, Future Building, Lifestyle and Relationships plus governed analytics/AI references.",Derived / Cross-domain projection,PersonalLife.Get,GET,GET /v1/personal/life,WIRED,Live read + client consume
GL,,PER-GL-S07,Personal Life,1047:7689,PER-GL-S07-W026,Personal Life — Zero-Gap Field/Control 17,1047:7689,Zero-Gap Additions / Live Figma,UI Field / Control — exact semantic type pending,"Read a projection combining Life Operations, Future Building, Lifestyle and Relationships plus governed analytics/AI references.",Derived / Cross-domain projection,PersonalLife.Get,GET,GET /v1/personal/life,WIRED,Live read + client consume
GL,,PER-GL-S07,Personal Life,1047:7689,PER-GL-S07-W027,Personal Life — Zero-Gap Field/Control 18,1047:7689,Zero-Gap Additions / Live Figma,UI Field / Control — exact semantic type pending,"Read a projection combining Life Operations, Future Building, Lifestyle and Relationships plus governed analytics/AI references.",Derived / Cross-domain projection,PersonalLife.Get,GET,GET /v1/personal/life,WIRED,Live read + client consume
GL,,PER-GL-S07,Personal Life,1047:7689,PER-GL-S07-W028,Personal Life — Zero-Gap Field/Control 19,1047:7689,Zero-Gap Additions / Live Figma,UI Field / Control — exact semantic type pending,"Read a projection combining Life Operations, Future Building, Lifestyle and Relationships plus governed analytics/AI references.",Derived / Cross-domain projection,PersonalLife.Get,GET,GET /v1/personal/life,WIRED,Live read + client consume
GL,,PER-GL-S07,Personal Life,1047:7689,PER-GL-S07-W029,Personal Life — Zero-Gap Field/Control 20,1047:7689,Zero-Gap Additions / Live Figma,UI Field / Control — exact semantic type pending,"Read a projection combining Life Operations, Future Building, Lifestyle and Relationships plus governed analytics/AI references.",Derived / Cross-domain projection,PersonalLife.Get,GET,GET /v1/personal/life,WIRED,Live read + client consume
GL,,PER-GL-S07,Personal Life,1047:7689,PER-GL-S07-W030,Personal Life — Zero-Gap Field/Control 21,1047:7689,Zero-Gap Additions / Live Figma,UI Field / Control — exact semantic type pending,"Read a projection combining Life Operations, Future Building, Lifestyle and Relationships plus governed analytics/AI references.",Derived / Cross-domain projection,PersonalLife.Get,GET,GET /v1/personal/life,WIRED,Live read + client consume
GL,,PER-GL-S07,Personal Life,1047:7689,PER-GL-S07-W031,Personal Life — Zero-Gap Field/Control 22,1047:7689,Zero-Gap Additions / Live Figma,UI Field / Control — exact semantic type pending,"Read a projection combining Life Operations, Future Building, Lifestyle and Relationships plus governed analytics/AI references.",Derived / Cross-domain projection,PersonalLife.Get,GET,GET /v1/personal/life,WIRED,Live read + client consume
GL,,PER-GL-S07,Personal Life,1047:7689,PER-GL-S07-W032,Personal Life — Zero-Gap Field/Control 23,1047:7689,Zero-Gap Additions / Live Figma,UI Field / Control — exact semantic type pending,"Read a projection combining Life Operations, Future Building, Lifestyle and Relationships plus governed analytics/AI references.",Derived / Cross-domain projection,PersonalLife.Get,GET,GET /v1/personal/life,WIRED,Live read + client consume
GL,,PER-GL-S07,Personal Life,1047:7689,PER-GL-S07-W033,Personal Life — Zero-Gap Field/Control 24,1047:7689,Zero-Gap Additions / Live Figma,UI Field / Control — exact semantic type pending,"Read a projection combining Life Operations, Future Building, Lifestyle and Relationships plus governed analytics/AI references.",Derived / Cross-domain projection,PersonalLife.Get,GET,GET /v1/personal/life,WIRED,Live read + client consume
GL,,PER-GL-S07,Personal Life,1047:7689,PER-GL-S07-W034,Personal Life — Zero-Gap Field/Control 25,1047:7689,Zero-Gap Additions / Live Figma,UI Field / Control — exact semantic type pending,"Read a projection combining Life Operations, Future Building, Lifestyle and Relationships plus governed analytics/AI references.",Derived / Cross-domain projection,PersonalLife.Get,GET,GET /v1/personal/life,WIRED,Live read + client consume
GL,,PER-GL-S07,Personal Life,1047:7689,PER-GL-S07-W035,Personal Life — Zero-Gap Field/Control 26,1047:7689,Zero-Gap Additions / Live Figma,UI Field / Control — exact semantic type pending,"Read a projection combining Life Operations, Future Building, Lifestyle and Relationships plus governed analytics/AI references.",Derived / Cross-domain projection,PersonalLife.Get,GET,GET /v1/personal/life,WIRED,Live read + client consume
GL,,PER-GL-S07,Personal Life,1047:7689,PER-GL-S07-W036,Personal Life — Zero-Gap Field/Control 27,1047:7689,Zero-Gap Additions / Live Figma,UI Field / Control — exact semantic type pending,"Read a projection combining Life Operations, Future Building, Lifestyle and Relationships plus governed analytics/AI references.",Derived / Cross-domain projection,PersonalLife.Get,GET,GET /v1/personal/life,WIRED,Live read + client consume
GL,,PER-GL-S07,Personal Life,1047:7689,PER-GL-S07-W037,Personal Life — Zero-Gap Field/Control 28,1047:7689,Zero-Gap Additions / Live Figma,UI Field / Control — exact semantic type pending,"Read a projection combining Life Operations, Future Building, Lifestyle and Relationships plus governed analytics/AI references.",Derived / Cross-domain projection,PersonalLife.Get,GET,GET /v1/personal/life,WIRED,Live read + client consume
GL,,PER-GL-S07,Personal Life,1047:7689,PER-GL-S07-W038,Personal Life — Zero-Gap Field/Control 29,1047:7689,Zero-Gap Additions / Live Figma,UI Field / Control — exact semantic type pending,"Read a projection combining Life Operations, Future Building, Lifestyle and Relationships plus governed analytics/AI references.",Derived / Cross-domain projection,PersonalLife.Get,GET,GET /v1/personal/life,WIRED,Live read + client consume
GL,,PER-GL-S07,Personal Life,1047:7689,PER-GL-S07-W039,Personal Life — Zero-Gap Field/Control 30,1047:7689,Zero-Gap Additions / Live Figma,UI Field / Control — exact semantic type pending,"Read a projection combining Life Operations, Future Building, Lifestyle and Relationships plus governed analytics/AI references.",Derived / Cross-domain projection,PersonalLife.Get,GET,GET /v1/personal/life,WIRED,Live read + client consume
GL,,PER-GL-S07,Personal Life,1047:7689,PER-GL-S07-W040,Personal Life — Zero-Gap Field/Control 31,1047:7689,Zero-Gap Additions / Live Figma,UI Field / Control — exact semantic type pending,"Read a projection combining Life Operations, Future Building, Lifestyle and Relationships plus governed analytics/AI references.",Derived / Cross-domain projection,PersonalLife.Get,GET,GET /v1/personal/life,WIRED,Live read + client consume
GL,,PER-GL-S07,Personal Life,1047:7689,PER-GL-S07-W041,Personal Life — Zero-Gap Field/Control 32,1047:7689,Zero-Gap Additions / Live Figma,UI Field / Control — exact semantic type pending,"Read a projection combining Life Operations, Future Building, Lifestyle and Relationships plus governed analytics/AI references.",Derived / Cross-domain projection,PersonalLife.Get,GET,GET /v1/personal/life,WIRED,Live read + client consume
GL,,PER-GL-S07,Personal Life,1047:7689,PER-GL-S07-W042,Personal Life — Zero-Gap Field/Control 33,1047:7689,Zero-Gap Additions / Live Figma,UI Field / Control — exact semantic type pending,"Read a projection combining Life Operations, Future Building, Lifestyle and Relationships plus governed analytics/AI references.",Derived / Cross-domain projection,PersonalLife.Get,GET,GET /v1/personal/life,WIRED,Live read + client consume
GL,,PER-GL-S07,Personal Life,1047:7689,PER-GL-S07-W043,Personal Life — Zero-Gap Field/Control 34,1047:7689,Zero-Gap Additions / Live Figma,UI Field / Control — exact semantic type pending,"Read a projection combining Life Operations, Future Building, Lifestyle and Relationships plus governed analytics/AI references.",Derived / Cross-domain projection,PersonalLife.Get,GET,GET /v1/personal/life,WIRED,Live read + client consume
GL,,PER-GL-S07,Personal Life,1047:7689,PER-GL-S07-W044,Personal Life — Zero-Gap Field/Control 35,1047:7689,Zero-Gap Additions / Live Figma,UI Field / Control — exact semantic type pending,"Read a projection combining Life Operations, Future Building, Lifestyle and Relationships plus governed analytics/AI references.",Derived / Cross-domain projection,PersonalLife.Get,GET,GET /v1/personal/life,WIRED,Live read + client consume
GL,,PER-GL-S07,Personal Life,1047:7689,PER-GL-S07-W045,Personal Life — Zero-Gap Field/Control 36,1047:7689,Zero-Gap Additions / Live Figma,UI Field / Control — exact semantic type pending,"Read a projection combining Life Operations, Future Building, Lifestyle and Relationships plus governed analytics/AI references.",Derived / Cross-domain projection,PersonalLife.Get,GET,GET /v1/personal/life,WIRED,Live read + client consume
GL,,PER-GL-S07,Personal Life,1047:7689,PER-GL-S07-W046,Personal Life — Zero-Gap Field/Control 37,1047:7689,Zero-Gap Additions / Live Figma,UI Field / Control — exact semantic type pending,"Read a projection combining Life Operations, Future Building, Lifestyle and Relationships plus governed analytics/AI references.",Derived / Cross-domain projection,PersonalLife.Get,GET,GET /v1/personal/life,WIRED,Live read + client consume
GL,,PER-GL-S07,Personal Life,1047:7689,PER-GL-S07-W047,Personal Life — Zero-Gap Field/Control 38,1047:7689,Zero-Gap Additions / Live Figma,UI Field / Control — exact semantic type pending,"Read a projection combining Life Operations, Future Building, Lifestyle and Relationships plus governed analytics/AI references.",Derived / Cross-domain projection,PersonalLife.Get,GET,GET /v1/personal/life,WIRED,Live read + client consume
GL,,PER-GL-S07,Personal Life,1047:7689,PER-GL-S07-W048,Personal Life — Zero-Gap Field/Control 39,1047:7689,Zero-Gap Additions / Live Figma,UI Field / Control — exact semantic type pending,"Read a projection combining Life Operations, Future Building, Lifestyle and Relationships plus governed analytics/AI references.",Derived / Cross-domain projection,PersonalLife.Get,GET,GET /v1/personal/life,WIRED,Live read + client consume
GL,,PER-GL-S07,Personal Life,1047:7689,PER-GL-S07-W049,Personal Life — Zero-Gap Field/Control 40,1047:7689,Zero-Gap Additions / Live Figma,UI Field / Control — exact semantic type pending,"Read a projection combining Life Operations, Future Building, Lifestyle and Relationships plus governed analytics/AI references.",Derived / Cross-domain projection,PersonalLife.Get,GET,GET /v1/personal/life,WIRED,Live read + client consume
GL,,PER-GL-S07,Personal Life,1047:7689,PER-GL-S07-W050,Personal Life — Zero-Gap Field/Control 41,1047:7689,Zero-Gap Additions / Live Figma,UI Field / Control — exact semantic type pending,"Read a projection combining Life Operations, Future Building, Lifestyle and Relationships plus governed analytics/AI references.",Derived / Cross-domain projection,PersonalLife.Get,GET,GET /v1/personal/life,WIRED,Live read + client consume
GL,,PER-GL-S07,Personal Life,1047:7689,PER-GL-S07-W051,Personal Life — Zero-Gap Field/Control 42,1047:7689,Zero-Gap Additions / Live Figma,UI Field / Control — exact semantic type pending,"Read a projection combining Life Operations, Future Building, Lifestyle and Relationships plus governed analytics/AI references.",Derived / Cross-domain projection,PersonalLife.Get,GET,GET /v1/personal/life,WIRED,Live read + client consume
GL,,PER-GL-S07,Personal Life,1047:7689,PER-GL-S07-W052,Personal Life — Zero-Gap Field/Control 43,1047:7689,Zero-Gap Additions / Live Figma,UI Field / Control — exact semantic type pending,"Read a projection combining Life Operations, Future Building, Lifestyle and Relationships plus governed analytics/AI references.",Derived / Cross-domain projection,PersonalLife.Get,GET,GET /v1/personal/life,WIRED,Live read + client consume
GL,,PER-GL-S07,Personal Life,1047:7689,PER-GL-S07-W053,Personal Life — Zero-Gap Field/Control 44,1047:7689,Zero-Gap Additions / Live Figma,UI Field / Control — exact semantic type pending,"Read a projection combining Life Operations, Future Building, Lifestyle and Relationships plus governed analytics/AI references.",Derived / Cross-domain projection,PersonalLife.Get,GET,GET /v1/personal/life,WIRED,Live read + client consume
GL,,PER-GL-S07,Personal Life,1047:7689,PER-GL-S07-W054,Personal Life — Zero-Gap Field/Control 45,1047:7689,Zero-Gap Additions / Live Figma,UI Field / Control — exact semantic type pending,"Read a projection combining Life Operations, Future Building, Lifestyle and Relationships plus governed analytics/AI references.",Derived / Cross-domain projection,PersonalLife.Get,GET,GET /v1/personal/life,WIRED,Live read + client consume
GL,,PER-GL-S07,Personal Life,1047:7689,PER-GL-S07-W055,Personal Life — Zero-Gap Field/Control 46,1047:7689,Zero-Gap Additions / Live Figma,UI Field / Control — exact semantic type pending,"Read a projection combining Life Operations, Future Building, Lifestyle and Relationships plus governed analytics/AI references.",Derived / Cross-domain projection,PersonalLife.Get,GET,GET /v1/personal/life,WIRED,Live read + client consume
GL,,PER-GL-S08,Manage Moment,353:22147,PER-GL-S08-W001,App Header / Context Shell,763:13286,App Header / Context Shell,Input / Editable Field,Load current Moment and management actions; management availability is advisory and commands re-authorize.,State-driven / Management,GET /v1/me + local navigation,GET / LOCAL,,DEFERRED,No live mapping for command='GET /v1/me + local navigation'
GL,,PER-GL-S08,Manage Moment,353:22147,PER-GL-S08-W002,Edit setup,353:22159,Moment Controls,CTA / Action,Load current Moment and management actions; management availability is advisory and commands re-authorize.,State-driven / Management,PersonalMoment.GetManagement,GET,PATCH|POST /v1/moments/:id|/archive|/cancel,CLIENT_FIX,Moment PATCH/archive/cancel live; Manage screens unbound
GL,,PER-GL-S08,Manage Moment,353:22147,PER-GL-S08-W003,edit moment name,353:22159,Moment Controls,CTA / Action,Load current Moment and management actions; management availability is advisory and commands re-authorize.,State-driven / Management,PersonalMoment.GetManagement,GET,PATCH|POST /v1/moments/:id|/archive|/cancel,CLIENT_FIX,Moment PATCH/archive/cancel live; Manage screens unbound
GL,,PER-GL-S08,Manage Moment,353:22147,PER-GL-S08-W004,other controls shown,353:22159,Moment Controls,Settings / Action List,Load current Moment and management actions; management availability is advisory and commands re-authorize.,State-driven / Management,PersonalMoment.GetManagement,GET,PATCH|POST /v1/moments/:id|/archive|/cancel,CLIENT_FIX,Moment PATCH/archive/cancel live; Manage screens unbound
GL,,PER-GL-S08,Manage Moment,353:22147,PER-GL-S08-W005,Manage Moment — Zero-Gap Field/Control 01,353:22147,Zero-Gap Additions / Live Figma,UI Field / Control — exact semantic type pending,Load current Moment and management actions; management availability is advisory and commands re-authorize.,State-driven / Management,PersonalMoment.GetManagement,GET,PATCH|POST /v1/moments/:id|/archive|/cancel,CLIENT_FIX,Moment PATCH/archive/cancel live; Manage screens unbound
GL,,PER-GL-S08,Manage Moment,353:22147,PER-GL-S08-W006,Manage Moment — Zero-Gap Field/Control 02,353:22147,Zero-Gap Additions / Live Figma,UI Field / Control — exact semantic type pending,Load current Moment and management actions; management availability is advisory and commands re-authorize.,State-driven / Management,PersonalMoment.GetManagement,GET,PATCH|POST /v1/moments/:id|/archive|/cancel,CLIENT_FIX,Moment PATCH/archive/cancel live; Manage screens unbound
GL,,PER-GL-S08,Manage Moment,353:22147,PER-GL-S08-W007,Manage Moment — Zero-Gap Field/Control 03,353:22147,Zero-Gap Additions / Live Figma,UI Field / Control — exact semantic type pending,Load current Moment and management actions; management availability is advisory and commands re-authorize.,State-driven / Management,PersonalMoment.GetManagement,GET,PATCH|POST /v1/moments/:id|/archive|/cancel,CLIENT_FIX,Moment PATCH/archive/cancel live; Manage screens unbound
GL,,PER-GL-S08,Manage Moment,353:22147,PER-GL-S08-W008,Manage Moment — Zero-Gap Field/Control 04,353:22147,Zero-Gap Additions / Live Figma,UI Field / Control — exact semantic type pending,Load current Moment and management actions; management availability is advisory and commands re-authorize.,State-driven / Management,PersonalMoment.GetManagement,GET,PATCH|POST /v1/moments/:id|/archive|/cancel,CLIENT_FIX,Moment PATCH/archive/cancel live; Manage screens unbound
GL,,PER-GL-S08,Manage Moment,353:22147,PER-GL-S08-W009,Manage Moment — Zero-Gap Field/Control 05,353:22147,Zero-Gap Additions / Live Figma,UI Field / Control — exact semantic type pending,Load current Moment and management actions; management availability is advisory and commands re-authorize.,State-driven / Management,PersonalMoment.GetManagement,GET,PATCH|POST /v1/moments/:id|/archive|/cancel,CLIENT_FIX,Moment PATCH/archive/cancel live; Manage screens unbound
GL,,PER-GL-S08,Manage Moment,353:22147,PER-GL-S08-W010,Manage Moment — Zero-Gap Field/Control 06,353:22147,Zero-Gap Additions / Live Figma,UI Field / Control — exact semantic type pending,Load current Moment and management actions; management availability is advisory and commands re-authorize.,State-driven / Management,PersonalMoment.GetManagement,GET,PATCH|POST /v1/moments/:id|/archive|/cancel,CLIENT_FIX,Moment PATCH/archive/cancel live; Manage screens unbound
GL,,PER-GL-S08,Manage Moment,353:22147,PER-GL-S08-W011,Manage Moment — Zero-Gap Field/Control 07,353:22147,Zero-Gap Additions / Live Figma,UI Field / Control — exact semantic type pending,Load current Moment and management actions; management availability is advisory and commands re-authorize.,State-driven / Management,PersonalMoment.GetManagement,GET,PATCH|POST /v1/moments/:id|/archive|/cancel,CLIENT_FIX,Moment PATCH/archive/cancel live; Manage screens unbound
GL,,PER-GL-S08,Manage Moment,353:22147,PER-GL-S08-W012,Manage Moment — Zero-Gap Field/Control 08,353:22147,Zero-Gap Additions / Live Figma,UI Field / Control — exact semantic type pending,Load current Moment and management actions; management availability is advisory and commands re-authorize.,State-driven / Management,PersonalMoment.GetManagement,GET,PATCH|POST /v1/moments/:id|/archive|/cancel,CLIENT_FIX,Moment PATCH/archive/cancel live; Manage screens unbound
GL,,PER-GL-S08,Manage Moment,353:22147,PER-GL-S08-W013,Manage Moment — Zero-Gap Field/Control 09,353:22147,Zero-Gap Additions / Live Figma,UI Field / Control — exact semantic type pending,Load current Moment and management actions; management availability is advisory and commands re-authorize.,State-driven / Management,PersonalMoment.GetManagement,GET,PATCH|POST /v1/moments/:id|/archive|/cancel,CLIENT_FIX,Moment PATCH/archive/cancel live; Manage screens unbound
GL,,PER-GL-S08,Manage Moment,353:22147,PER-GL-S08-W014,Manage Moment — Zero-Gap Field/Control 10,353:22147,Zero-Gap Additions / Live Figma,UI Field / Control — exact semantic type pending,Load current Moment and management actions; management availability is advisory and commands re-authorize.,State-driven / Management,PersonalMoment.GetManagement,GET,PATCH|POST /v1/moments/:id|/archive|/cancel,CLIENT_FIX,Moment PATCH/archive/cancel live; Manage screens unbound
GL,,PER-GL-S09,Rename Moment,353:22196,PER-GL-S09-W001,App Header / Context Shell,763:13370,App Header / Context Shell,Input / Editable Field,Update canonical core.moment title/name using optimistic concurrency.,User input / Command,GET /v1/me + local navigation,GET / LOCAL,,DEFERRED,No live mapping for command='GET /v1/me + local navigation'
GL,,PER-GL-S09,Rename Moment,353:22196,PER-GL-S09-W002,Moment name,353:22209,Rename Moment Form,Input / Editable Field,Update canonical core.moment title/name using optimistic concurrency.,User input / Command,PersonalMoment.Rename,PATCH,,DEFERRED,No live mapping for command='PersonalMoment.Rename'
GL,,PER-GL-S09,Rename Moment,353:22196,PER-GL-S09-W003,Save,353:22209,Rename Moment Form,CTA / Action,Update canonical core.moment title/name using optimistic concurrency.,User input / Command,PersonalMoment.Rename,PATCH,,DEFERRED,No live mapping for command='PersonalMoment.Rename'
GL,,PER-GL-S09,Rename Moment,353:22196,PER-GL-S09-W004,Cancel,353:22209,Rename Moment Form,CTA / Action,Update canonical core.moment title/name using optimistic concurrency.,User input / Command,PersonalMoment.Rename,PATCH,,DEFERRED,No live mapping for command='PersonalMoment.Rename'
GL,,PER-GL-S09,Rename Moment,353:22196,PER-GL-S09-W005,Rename Moment — Zero-Gap Field/Control 01,353:22196,Zero-Gap Additions / Live Figma,UI Field / Control — exact semantic type pending,Update canonical core.moment title/name using optimistic concurrency.,User input / Command,PersonalMoment.Rename,PATCH,,DEFERRED,No live mapping for command='PersonalMoment.Rename'
GL,,PER-GL-S09,Rename Moment,353:22196,PER-GL-S09-W006,Rename Moment — Zero-Gap Field/Control 02,353:22196,Zero-Gap Additions / Live Figma,UI Field / Control — exact semantic type pending,Update canonical core.moment title/name using optimistic concurrency.,User input / Command,PersonalMoment.Rename,PATCH,,DEFERRED,No live mapping for command='PersonalMoment.Rename'
GL,,PER-GL-S09,Rename Moment,353:22196,PER-GL-S09-W007,Rename Moment — Zero-Gap Field/Control 03,353:22196,Zero-Gap Additions / Live Figma,UI Field / Control — exact semantic type pending,Update canonical core.moment title/name using optimistic concurrency.,User input / Command,PersonalMoment.Rename,PATCH,,DEFERRED,No live mapping for command='PersonalMoment.Rename'
GL,,PER-GL-S09,Rename Moment,353:22196,PER-GL-S09-W008,Rename Moment — Zero-Gap Field/Control 04,353:22196,Zero-Gap Additions / Live Figma,UI Field / Control — exact semantic type pending,Update canonical core.moment title/name using optimistic concurrency.,User input / Command,PersonalMoment.Rename,PATCH,,DEFERRED,No live mapping for command='PersonalMoment.Rename'
GL,,PER-GL-S09,Rename Moment,353:22196,PER-GL-S09-W009,Rename Moment — Zero-Gap Field/Control 05,353:22196,Zero-Gap Additions / Live Figma,UI Field / Control — exact semantic type pending,Update canonical core.moment title/name using optimistic concurrency.,User input / Command,PersonalMoment.Rename,PATCH,,DEFERRED,No live mapping for command='PersonalMoment.Rename'
GL,,PER-GL-S09,Rename Moment,353:22196,PER-GL-S09-W010,Rename Moment — Zero-Gap Field/Control 06,353:22196,Zero-Gap Additions / Live Figma,UI Field / Control — exact semantic type pending,Update canonical core.moment title/name using optimistic concurrency.,User input / Command,PersonalMoment.Rename,PATCH,,DEFERRED,No live mapping for command='PersonalMoment.Rename'
GL,,PER-GL-S09,Rename Moment,353:22196,PER-GL-S09-W011,Rename Moment — Zero-Gap Field/Control 07,353:22196,Zero-Gap Additions / Live Figma,UI Field / Control — exact semantic type pending,Update canonical core.moment title/name using optimistic concurrency.,User input / Command,PersonalMoment.Rename,PATCH,,DEFERRED,No live mapping for command='PersonalMoment.Rename'
GL,,PER-GL-S09,Rename Moment,353:22196,PER-GL-S09-W012,Rename Moment — Zero-Gap Field/Control 08,353:22196,Zero-Gap Additions / Live Figma,UI Field / Control — exact semantic type pending,Update canonical core.moment title/name using optimistic concurrency.,User input / Command,PersonalMoment.Rename,PATCH,,DEFERRED,No live mapping for command='PersonalMoment.Rename'
GL,,PER-GL-S10,Delete Moment,353:22239,PER-GL-S10-W001,App Header / Context Shell,763:13538,App Header / Context Shell,Input / Editable Field,Apply frozen lifecycle policy. Prefer archive/status transition; do not hard-delete shared canonical truth unless policy explicitly permits.,Destructive command / Lifecycle,GET /v1/me + local navigation,GET / LOCAL,,DEFERRED,No live mapping for command='GET /v1/me + local navigation'
GL,,PER-GL-S10,Delete Moment,353:22239,PER-GL-S10-W002,Delete Permanently,353:22252,Delete Moment Confirmation,Destructive CTA,Apply frozen lifecycle policy. Prefer archive/status transition; do not hard-delete shared canonical truth unless policy explicitly permits.,Destructive command / Lifecycle,PersonalMoment.Archive,POST,PATCH|POST /v1/moments/:id|/archive|/cancel,CLIENT_FIX,Moment PATCH/archive/cancel live; Manage screens unbound
GL,,PER-GL-S10,Delete Moment,353:22239,PER-GL-S10-W003,warning,353:22252,Delete Moment Confirmation,Destructive CTA,Apply frozen lifecycle policy. Prefer archive/status transition; do not hard-delete shared canonical truth unless policy explicitly permits.,Destructive command / Lifecycle,PersonalMoment.Archive,POST,PATCH|POST /v1/moments/:id|/archive|/cancel,CLIENT_FIX,Moment PATCH/archive/cancel live; Manage screens unbound
GL,,PER-GL-S10,Delete Moment,353:22239,PER-GL-S10-W004,Delete,353:22252,Delete Moment Confirmation,Destructive CTA,Apply frozen lifecycle policy. Prefer archive/status transition; do not hard-delete shared canonical truth unless policy explicitly permits.,Destructive command / Lifecycle,PersonalMoment.Archive,POST,PATCH|POST /v1/moments/:id|/archive|/cancel,CLIENT_FIX,Moment PATCH/archive/cancel live; Manage screens unbound
GL,,PER-GL-S10,Delete Moment,353:22239,PER-GL-S10-W005,Cancel,353:22252,Delete Moment Confirmation,Destructive CTA,Apply frozen lifecycle policy. Prefer archive/status transition; do not hard-delete shared canonical truth unless policy explicitly permits.,Destructive command / Lifecycle,PersonalMoment.Archive,POST,PATCH|POST /v1/moments/:id|/archive|/cancel,CLIENT_FIX,Moment PATCH/archive/cancel live; Manage screens unbound
GL,,PER-GL-S10,Delete Moment,353:22239,PER-GL-S10-W006,Delete Moment — Zero-Gap Field/Control 01,353:22239,Zero-Gap Additions / Live Figma,UI Field / Control — exact semantic type pending,Apply frozen lifecycle policy. Prefer archive/status transition; do not hard-delete shared canonical truth unless policy explicitly permits.,Destructive command / Lifecycle,PersonalMoment.Archive,POST,PATCH|POST /v1/moments/:id|/archive|/cancel,CLIENT_FIX,Moment PATCH/archive/cancel live; Manage screens unbound
GL,,PER-GL-S10,Delete Moment,353:22239,PER-GL-S10-W007,Delete Moment — Zero-Gap Field/Control 02,353:22239,Zero-Gap Additions / Live Figma,UI Field / Control — exact semantic type pending,Apply frozen lifecycle policy. Prefer archive/status transition; do not hard-delete shared canonical truth unless policy explicitly permits.,Destructive command / Lifecycle,PersonalMoment.Archive,POST,PATCH|POST /v1/moments/:id|/archive|/cancel,CLIENT_FIX,Moment PATCH/archive/cancel live; Manage screens unbound
GL,,PER-GL-S10,Delete Moment,353:22239,PER-GL-S10-W008,Delete Moment — Zero-Gap Field/Control 03,353:22239,Zero-Gap Additions / Live Figma,UI Field / Control — exact semantic type pending,Apply frozen lifecycle policy. Prefer archive/status transition; do not hard-delete shared canonical truth unless policy explicitly permits.,Destructive command / Lifecycle,PersonalMoment.Archive,POST,PATCH|POST /v1/moments/:id|/archive|/cancel,CLIENT_FIX,Moment PATCH/archive/cancel live; Manage screens unbound
GL,,PER-GL-S10,Delete Moment,353:22239,PER-GL-S10-W009,Delete Moment — Zero-Gap Field/Control 04,353:22239,Zero-Gap Additions / Live Figma,UI Field / Control — exact semantic type pending,Apply frozen lifecycle policy. Prefer archive/status transition; do not hard-delete shared canonical truth unless policy explicitly permits.,Destructive command / Lifecycle,PersonalMoment.Archive,POST,PATCH|POST /v1/moments/:id|/archive|/cancel,CLIENT_FIX,Moment PATCH/archive/cancel live; Manage screens unbound
GL,,PER-GL-S10,Delete Moment,353:22239,PER-GL-S10-W010,Delete Moment — Zero-Gap Field/Control 05,353:22239,Zero-Gap Additions / Live Figma,UI Field / Control — exact semantic type pending,Apply frozen lifecycle policy. Prefer archive/status transition; do not hard-delete shared canonical truth unless policy explicitly permits.,Destructive command / Lifecycle,PersonalMoment.Archive,POST,PATCH|POST /v1/moments/:id|/archive|/cancel,CLIENT_FIX,Moment PATCH/archive/cancel live; Manage screens unbound
GL,,PER-GL-S10,Delete Moment,353:22239,PER-GL-S10-W011,Delete Moment — Zero-Gap Field/Control 06,353:22239,Zero-Gap Additions / Live Figma,UI Field / Control — exact semantic type pending,Apply frozen lifecycle policy. Prefer archive/status transition; do not hard-delete shared canonical truth unless policy explicitly permits.,Destructive command / Lifecycle,PersonalMoment.Archive,POST,PATCH|POST /v1/moments/:id|/archive|/cancel,CLIENT_FIX,Moment PATCH/archive/cancel live; Manage screens unbound
GL,,PER-GL-S10,Delete Moment,353:22239,PER-GL-S10-W012,Delete Moment — Zero-Gap Field/Control 07,353:22239,Zero-Gap Additions / Live Figma,UI Field / Control — exact semantic type pending,Apply frozen lifecycle policy. Prefer archive/status transition; do not hard-delete shared canonical truth unless policy explicitly permits.,Destructive command / Lifecycle,PersonalMoment.Archive,POST,PATCH|POST /v1/moments/:id|/archive|/cancel,CLIENT_FIX,Moment PATCH/archive/cancel live; Manage screens unbound
GL,,PER-GL-S10,Delete Moment,353:22239,PER-GL-S10-W013,Delete Moment — Zero-Gap Field/Control 08,353:22239,Zero-Gap Additions / Live Figma,UI Field / Control — exact semantic type pending,Apply frozen lifecycle policy. Prefer archive/status transition; do not hard-delete shared canonical truth unless policy explicitly permits.,Destructive command / Lifecycle,PersonalMoment.Archive,POST,PATCH|POST /v1/moments/:id|/archive|/cancel,CLIENT_FIX,Moment PATCH/archive/cancel live; Manage screens unbound
