Sequence,Txn_ID,Mode,Family,Moment,Quick_Add,Semantic_Type,Txn_Date,Txn_Time,Timestamp,Amount,Currency,Expected_Signed_Amount,Paid_By,Participant_Count,Split_Method,Description,Device_Target,Run_Batch,Backend_Load_Band,Expected_Status,Idempotency_Key,Platform,catalog_moment_id,catalog_moment_type,catalog_quick_add,catalog_id,catalog_status,tile_maestro_id,amount_maestro_id,note_maestro_id,submit_maestro_id,split_maestro_id,category_value,correlation_note,join_status,join_notes
3,MTR-APK-0003,Business,Business,Team Operations,Payroll,Expense,2026-02-28,00:36:32,2026-02-28 00:36:32,150101.63,INR,-150101.63,APK Owner,,,MAESTRO-APK-BUSINESS-TEAM_OPERATIONS-0003 | Payroll | 150101.63,Android,B01,BASELINE_1_500,CREATED,idem-20260902-apk-0003,android,B01,TEAM_OPERATIONS,Team Update,B01:Team Update,ACTIVE,,business.expense.amount,business.expense.note,business.expense.submit,,Payroll,MAESTRO-APK-BUSINESS-TEAM_OPERATIONS-0003 | Payroll | 150101.63,JOINED,Team Ops hub has no Expense; Team meal/travel etc. use Team Update until Spend path wired — prefer B03 Spend for ops expenses
6,MTR-APK-0006,Business,Business,Team Operations,Contractor,Expense,2025-12-11,17:06:03,2025-12-11 17:06:03,179977.7,INR,-179977.7,APK Owner,,,MAESTRO-APK-BUSINESS-TEAM_OPERATIONS-0006 | Contractor | 179977.70,Android,B01,BASELINE_1_500,CREATED,idem-20260902-apk-0006,android,B01,TEAM_OPERATIONS,Team Update,B01:Team Update,ACTIVE,,business.expense.amount,business.expense.note,business.expense.submit,,Contractor,MAESTRO-APK-BUSINESS-TEAM_OPERATIONS-0006 | Contractor | 179977.70,JOINED,Team Ops hub has no Expense; Team meal/travel etc. use Team Update until Spend path wired — prefer B03 Spend for ops expenses
9,MTR-APK-0009,Business,Business,Team Operations,Hiring,Expense,2025-12-10,13:41:38,2025-12-10 13:41:38,6140.41,INR,-6140.41,APK Owner,,,MAESTRO-APK-BUSINESS-TEAM_OPERATIONS-0009 | Hiring | 6140.41,Android,B01,BASELINE_1_500,CREATED,idem-20260902-apk-0009,android,B01,TEAM_OPERATIONS,Team Update,B01:Team Update,ACTIVE,,business.expense.amount,business.expense.note,business.expense.submit,,Hiring,MAESTRO-APK-BUSINESS-TEAM_OPERATIONS-0009 | Hiring | 6140.41,JOINED,Team Ops hub has no Expense; Team meal/travel etc. use Team Update until Spend path wired — prefer B03 Spend for ops expenses
12,MTR-APK-0012,Business,Business,Team Operations,Team Meal,Expense,2026-02-07,08:47:46,2026-02-07 08:47:46,57087.93,INR,-57087.93,APK Owner,,,MAESTRO-APK-BUSINESS-TEAM_OPERATIONS-0012 | Team Meal | 57087.93,Android,B01,BASELINE_1_500,CREATED,idem-20260902-apk-0012,android,B01,TEAM_OPERATIONS,Team Update,B01:Team Update,ACTIVE,,business.expense.amount,business.expense.note,business.expense.submit,,Team Meal,MAESTRO-APK-BUSINESS-TEAM_OPERATIONS-0012 | Team Meal | 57087.93,JOINED,Team Ops hub has no Expense; Team meal/travel etc. use Team Update until Spend path wired — prefer B03 Spend for ops expenses
15,MTR-APK-0015,Business,Business,Team Operations,Travel,Expense,2026-06-22,05:54:54,2026-06-22 05:54:54,31854.41,INR,-31854.41,APK Owner,,,MAESTRO-APK-BUSINESS-TEAM_OPERATIONS-0015 | Travel | 31854.41,Android,B01,BASELINE_1_500,CREATED,idem-20260902-apk-0015,android,B01,TEAM_OPERATIONS,Team Update,B01:Team Update,ACTIVE,,business.expense.amount,business.expense.note,business.expense.submit,,Travel,MAESTRO-APK-BUSINESS-TEAM_OPERATIONS-0015 | Travel | 31854.41,JOINED,Team Ops hub has no Expense; Team meal/travel etc. use Team Update until Spend path wired — prefer B03 Spend for ops expenses
18,MTR-APK-0018,Business,Business,Team Operations,Training,Expense,2025-09-20,14:39:54,2025-09-20 14:39:54,160903.22,INR,-160903.22,APK Owner,,,MAESTRO-APK-BUSINESS-TEAM_OPERATIONS-0018 | Training | 160903.22,Android,B01,BASELINE_1_500,CREATED,idem-20260902-apk-0018,android,B01,TEAM_OPERATIONS,Team Update,B01:Team Update,ACTIVE,,business.expense.amount,business.expense.note,business.expense.submit,,Training,MAESTRO-APK-BUSINESS-TEAM_OPERATIONS-0018 | Training | 160903.22,JOINED,Team Ops hub has no Expense; Team meal/travel etc. use Team Update until Spend path wired — prefer B03 Spend for ops expenses
21,MTR-APK-0021,Business,Business,Team Operations,Tools,Expense,2026-01-08,20:54:57,2026-01-08 20:54:57,102478.06,INR,-102478.06,APK Owner,,,MAESTRO-APK-BUSINESS-TEAM_OPERATIONS-0021 | Tools | 102478.06,Android,B01,BASELINE_1_500,CREATED,idem-20260902-apk-0021,android,B01,TEAM_OPERATIONS,Team Update,B01:Team Update,ACTIVE,,business.expense.amount,business.expense.note,business.expense.submit,,Tools,MAESTRO-APK-BUSINESS-TEAM_OPERATIONS-0021 | Tools | 102478.06,JOINED,Team Ops hub has no Expense; Team meal/travel etc. use Team Update until Spend path wired — prefer B03 Spend for ops expenses
24,MTR-APK-0024,Business,Business,Business Runway,Funding,Income,2025-11-06,15:46:33,2025-11-06 15:46:33,23613.48,INR,23613.48,APK Owner,,,MAESTRO-APK-BUSINESS-BUSINESS_RUNWAY-0024 | Funding | 23613.48,Android,B01,BASELINE_1_500,CREATED,idem-20260902-apk-0024,android,B02,BUSINESS_RUNWAY,Revenue,B02:Revenue,ACTIVE,qa.tile.revenue,business.revenue.amount,,business.revenue.submit,,Funding,MAESTRO-APK-BUSINESS-BUSINESS_RUNWAY-0024 | Funding | 23613.48,JOINED,Funding/Investment/Loan/Revenue → Runway Revenue
27,MTR-APK-0027,Business,Business,Business Runway,Revenue,Income,2026-05-25,13:21:34,2026-05-25 13:21:34,109992.93,INR,109992.93,APK Owner,,,MAESTRO-APK-BUSINESS-BUSINESS_RUNWAY-0027 | Revenue | 109992.93,Android,B01,BASELINE_1_500,CREATED,idem-20260902-apk-0027,android,B02,BUSINESS_RUNWAY,Revenue,B02:Revenue,ACTIVE,qa.tile.revenue,business.revenue.amount,,business.revenue.submit,,Revenue,MAESTRO-APK-BUSINESS-BUSINESS_RUNWAY-0027 | Revenue | 109992.93,JOINED,Funding/Investment/Loan/Revenue → Runway Revenue
30,MTR-APK-0030,Business,Business,Business Runway,Burn,Expense,2026-07-12,00:27:21,2026-07-12 00:27:21,140589.77,INR,-140589.77,APK Owner,,,MAESTRO-APK-BUSINESS-BUSINESS_RUNWAY-0030 | Burn | 140589.77,Android,B01,BASELINE_1_500,CREATED,idem-20260902-apk-0030,android,B02,BUSINESS_RUNWAY,Expense,B02:Expense,ACTIVE,qa.tile.expense,business.expense.amount,business.expense.note,business.expense.submit,,Burn,MAESTRO-APK-BUSINESS-BUSINESS_RUNWAY-0030 | Burn | 140589.77,JOINED,Runway Log Expense
33,MTR-APK-0033,Business,Business,Business Runway,Reserve,Transfer,2026-08-22,00:20:13,2026-08-22 00:20:13,74089.67,INR,0.0,APK Owner,,,MAESTRO-APK-BUSINESS-BUSINESS_RUNWAY-0033 | Reserve | 74089.67,Android,B01,BASELINE_1_500,CREATED,idem-20260902-apk-0033,android,B02,BUSINESS_RUNWAY,Expense,B02:Expense,ACTIVE,qa.tile.expense,,,,,Reserve,MAESTRO-APK-BUSINESS-BUSINESS_RUNWAY-0033 | Reserve | 74089.67,JOINED_REVIEW,Reserve transfer → Runway expense/movement proxy — REVIEW
36,MTR-APK-0036,Business,Business,Business Runway,Loan,Income,2025-11-02,18:03:39,2025-11-02 18:03:39,127583.08,INR,127583.08,APK Owner,,,MAESTRO-APK-BUSINESS-BUSINESS_RUNWAY-0036 | Loan | 127583.08,Android,B01,BASELINE_1_500,CREATED,idem-20260902-apk-0036,android,B02,BUSINESS_RUNWAY,Revenue,B02:Revenue,ACTIVE,qa.tile.revenue,business.revenue.amount,,business.revenue.submit,,Loan,MAESTRO-APK-BUSINESS-BUSINESS_RUNWAY-0036 | Loan | 127583.08,JOINED,Funding/Investment/Loan/Revenue → Runway Revenue
39,MTR-APK-0039,Business,Business,Business Runway,Investment,Income,2026-01-07,00:33:30,2026-01-07 00:33:30,173716.92,INR,173716.92,APK Owner,,,MAESTRO-APK-BUSINESS-BUSINESS_RUNWAY-0039 | Investment | 173716.92,Android,B01,BASELINE_1_500,CREATED,idem-20260902-apk-0039,android,B02,BUSINESS_RUNWAY,Revenue,B02:Revenue,ACTIVE,qa.tile.revenue,business.revenue.amount,,business.revenue.submit,,Investment,MAESTRO-APK-BUSINESS-BUSINESS_RUNWAY-0039 | Investment | 173716.92,JOINED,Funding/Investment/Loan/Revenue → Runway Revenue
42,MTR-APK-0042,Business,Business,Business Operations,Software,Expense,2026-07-31,20:59:50,2026-07-31 20:59:50,94837.63,INR,-94837.63,APK Owner,,,MAESTRO-APK-BUSINESS-BUSINESS_OPERATIONS-0042 | Software | 94837.63,Android,B01,BASELINE_1_500,CREATED,idem-20260902-apk-0042,android,B03,BUSINESS_OPERATIONS,Spend Entry,B03:Spend Entry,ACTIVE,,business.expense.amount,business.expense.note,business.expense.submit,,Software,MAESTRO-APK-BUSINESS-BUSINESS_OPERATIONS-0042 | Software | 94837.63,JOINED,Ops Log Spend Entry; amount ID business.expense.amount
45,MTR-APK-0045,Business,Business,Business Operations,Rent,Expense,2026-04-19,14:18:48,2026-04-19 14:18:48,5270.11,INR,-5270.11,APK Owner,,,MAESTRO-APK-BUSINESS-BUSINESS_OPERATIONS-0045 | Rent | 5270.11,Android,B01,BASELINE_1_500,CREATED,idem-20260902-apk-0045,android,B03,BUSINESS_OPERATIONS,Spend Entry,B03:Spend Entry,ACTIVE,,business.expense.amount,business.expense.note,business.expense.submit,,Rent,MAESTRO-APK-BUSINESS-BUSINESS_OPERATIONS-0045 | Rent | 5270.11,JOINED,Ops Log Spend Entry; amount ID business.expense.amount
48,MTR-APK-0048,Business,Business,Business Operations,Marketing,Expense,2026-01-20,04:43:33,2026-01-20 04:43:33,2624.6,INR,-2624.6,APK Owner,,,MAESTRO-APK-BUSINESS-BUSINESS_OPERATIONS-0048 | Marketing | 2624.60,Android,B01,BASELINE_1_500,CREATED,idem-20260902-apk-0048,android,B03,BUSINESS_OPERATIONS,Spend Entry,B03:Spend Entry,ACTIVE,,business.expense.amount,business.expense.note,business.expense.submit,,Marketing,MAESTRO-APK-BUSINESS-BUSINESS_OPERATIONS-0048 | Marketing | 2624.60,JOINED,Ops Log Spend Entry; amount ID business.expense.amount
51,MTR-APK-0051,Business,Business,Business Operations,Legal,Expense,2026-08-22,20:48:43,2026-08-22 20:48:43,107443.48,INR,-107443.48,APK Owner,,,MAESTRO-APK-BUSINESS-BUSINESS_OPERATIONS-0051 | Legal | 107443.48,Android,B02,BASELINE_1_500,CREATED,idem-20260902-apk-0051,android,B03,BUSINESS_OPERATIONS,Spend Entry,B03:Spend Entry,ACTIVE,,business.expense.amount,business.expense.note,business.expense.submit,,Legal,MAESTRO-APK-BUSINESS-BUSINESS_OPERATIONS-0051 | Legal | 107443.48,JOINED,Ops Log Spend Entry; amount ID business.expense.amount
54,MTR-APK-0054,Business,Business,Business Operations,Accounting,Expense,2025-12-22,02:58:38,2025-12-22 02:58:38,110391.35,INR,-110391.35,APK Owner,,,MAESTRO-APK-BUSINESS-BUSINESS_OPERATIONS-0054 | Accounting | 110391.35,Android,B02,BASELINE_1_500,CREATED,idem-20260902-apk-0054,android,B03,BUSINESS_OPERATIONS,Spend Entry,B03:Spend Entry,ACTIVE,,business.expense.amount,business.expense.note,business.expense.submit,,Accounting,MAESTRO-APK-BUSINESS-BUSINESS_OPERATIONS-0054 | Accounting | 110391.35,JOINED,Ops Log Spend Entry; amount ID business.expense.amount
57,MTR-APK-0057,Business,Business,Business Operations,Equipment,Expense,2026-01-13,17:57:32,2026-01-13 17:57:32,109239.85,INR,-109239.85,APK Owner,,,MAESTRO-APK-BUSINESS-BUSINESS_OPERATIONS-0057 | Equipment | 109239.85,Android,B02,BASELINE_1_500,CREATED,idem-20260902-apk-0057,android,B03,BUSINESS_OPERATIONS,Spend Entry,B03:Spend Entry,ACTIVE,,business.expense.amount,business.expense.note,business.expense.submit,,Equipment,MAESTRO-APK-BUSINESS-BUSINESS_OPERATIONS-0057 | Equipment | 109239.85,JOINED,Ops Log Spend Entry; amount ID business.expense.amount
60,MTR-APK-0060,Business,Business,Business Operations,Vendor,Expense,2026-03-28,17:15:52,2026-03-28 17:15:52,131027.34,INR,-131027.34,APK Owner,,,MAESTRO-APK-BUSINESS-BUSINESS_OPERATIONS-0060 | Vendor | 131027.34,Android,B02,BASELINE_1_500,CREATED,idem-20260902-apk-0060,android,B03,BUSINESS_OPERATIONS,Spend Entry,B03:Spend Entry,ACTIVE,,business.expense.amount,business.expense.note,business.expense.submit,,Vendor,MAESTRO-APK-BUSINESS-BUSINESS_OPERATIONS-0060 | Vendor | 131027.34,JOINED,Ops Log Spend Entry; amount ID business.expense.amount
63,MTR-APK-0063,Business,Business,Business Operations,Tax,Expense,2026-04-27,07:47:25,2026-04-27 07:47:25,95718.07,INR,-95718.07,APK Owner,,,MAESTRO-APK-BUSINESS-BUSINESS_OPERATIONS-0063 | Tax | 95718.07,Android,B02,BASELINE_1_500,CREATED,idem-20260902-apk-0063,android,B03,BUSINESS_OPERATIONS,Spend Entry,B03:Spend Entry,ACTIVE,,business.expense.amount,business.expense.note,business.expense.submit,,Tax,MAESTRO-APK-BUSINESS-BUSINESS_OPERATIONS-0063 | Tax | 95718.07,JOINED,Ops Log Spend Entry; amount ID business.expense.amount
66,MTR-APK-0066,Business,Business,Team Operations,Payroll,Expense,2025-10-31,18:45:19,2025-10-31 18:45:19,23122.72,INR,-23122.72,APK Owner,,,MAESTRO-APK-BUSINESS-TEAM_OPERATIONS-0066 | Payroll | 23122.72,Android,B02,BASELINE_1_500,CREATED,idem-20260902-apk-0066,android,B01,TEAM_OPERATIONS,Team Update,B01:Team Update,ACTIVE,,business.expense.amount,business.expense.note,business.expense.submit,,Payroll,MAESTRO-APK-BUSINESS-TEAM_OPERATIONS-0066 | Payroll | 23122.72,JOINED,Team Ops hub has no Expense; Team meal/travel etc. use Team Update until Spend path wired — prefer B03 Spend for ops expenses
69,MTR-APK-0069,Business,Business,Team Operations,Contractor,Expense,2026-05-13,17:27:47,2026-05-13 17:27:47,120446.8,INR,-120446.8,APK Owner,,,MAESTRO-APK-BUSINESS-TEAM_OPERATIONS-0069 | Contractor | 120446.80,Android,B02,BASELINE_1_500,CREATED,idem-20260902-apk-0069,android,B01,TEAM_OPERATIONS,Team Update,B01:Team Update,ACTIVE,,business.expense.amount,business.expense.note,business.expense.submit,,Contractor,MAESTRO-APK-BUSINESS-TEAM_OPERATIONS-0069 | Contractor | 120446.80,JOINED,Team Ops hub has no Expense; Team meal/travel etc. use Team Update until Spend path wired — prefer B03 Spend for ops expenses
72,MTR-APK-0072,Business,Business,Team Operations,Hiring,Expense,2026-07-13,01:10:33,2026-07-13 01:10:33,67719.91,INR,-67719.91,APK Owner,,,MAESTRO-APK-BUSINESS-TEAM_OPERATIONS-0072 | Hiring | 67719.91,Android,B02,BASELINE_1_500,CREATED,idem-20260902-apk-0072,android,B01,TEAM_OPERATIONS,Team Update,B01:Team Update,ACTIVE,,business.expense.amount,business.expense.note,business.expense.submit,,Hiring,MAESTRO-APK-BUSINESS-TEAM_OPERATIONS-0072 | Hiring | 67719.91,JOINED,Team Ops hub has no Expense; Team meal/travel etc. use Team Update until Spend path wired — prefer B03 Spend for ops expenses
75,MTR-APK-0075,Business,Business,Team Operations,Team Meal,Expense,2026-02-28,18:14:55,2026-02-28 18:14:55,65179.98,INR,-65179.98,APK Owner,,,MAESTRO-APK-BUSINESS-TEAM_OPERATIONS-0075 | Team Meal | 65179.98,Android,B02,BASELINE_1_500,CREATED,idem-20260902-apk-0075,android,B01,TEAM_OPERATIONS,Team Update,B01:Team Update,ACTIVE,,business.expense.amount,business.expense.note,business.expense.submit,,Team Meal,MAESTRO-APK-BUSINESS-TEAM_OPERATIONS-0075 | Team Meal | 65179.98,JOINED,Team Ops hub has no Expense; Team meal/travel etc. use Team Update until Spend path wired — prefer B03 Spend for ops expenses
78,MTR-APK-0078,Business,Business,Team Operations,Travel,Expense,2026-02-01,08:52:19,2026-02-01 08:52:19,115262.49,INR,-115262.49,APK Owner,,,MAESTRO-APK-BUSINESS-TEAM_OPERATIONS-0078 | Travel | 115262.49,Android,B02,BASELINE_1_500,CREATED,idem-20260902-apk-0078,android,B01,TEAM_OPERATIONS,Team Update,B01:Team Update,ACTIVE,,business.expense.amount,business.expense.note,business.expense.submit,,Travel,MAESTRO-APK-BUSINESS-TEAM_OPERATIONS-0078 | Travel | 115262.49,JOINED,Team Ops hub has no Expense; Team meal/travel etc. use Team Update until Spend path wired — prefer B03 Spend for ops expenses
81,MTR-APK-0081,Business,Business,Team Operations,Training,Expense,2026-08-15,04:07:15,2026-08-15 04:07:15,32182.44,INR,-32182.44,APK Owner,,,MAESTRO-APK-BUSINESS-TEAM_OPERATIONS-0081 | Training | 32182.44,Android,B02,BASELINE_1_500,CREATED,idem-20260902-apk-0081,android,B01,TEAM_OPERATIONS,Team Update,B01:Team Update,ACTIVE,,business.expense.amount,business.expense.note,business.expense.submit,,Training,MAESTRO-APK-BUSINESS-TEAM_OPERATIONS-0081 | Training | 32182.44,JOINED,Team Ops hub has no Expense; Team meal/travel etc. use Team Update until Spend path wired — prefer B03 Spend for ops expenses
84,MTR-APK-0084,Business,Business,Team Operations,Tools,Expense,2026-03-17,05:28:56,2026-03-17 05:28:56,152613.88,INR,-152613.88,APK Owner,,,MAESTRO-APK-BUSINESS-TEAM_OPERATIONS-0084 | Tools | 152613.88,Android,B02,BASELINE_1_500,CREATED,idem-20260902-apk-0084,android,B01,TEAM_OPERATIONS,Team Update,B01:Team Update,ACTIVE,,business.expense.amount,business.expense.note,business.expense.submit,,Tools,MAESTRO-APK-BUSINESS-TEAM_OPERATIONS-0084 | Tools | 152613.88,JOINED,Team Ops hub has no Expense; Team meal/travel etc. use Team Update until Spend path wired — prefer B03 Spend for ops expenses
87,MTR-APK-0087,Business,Business,Business Runway,Funding,Income,2026-04-06,07:00:13,2026-04-06 07:00:13,158770.17,INR,158770.17,APK Owner,,,MAESTRO-APK-BUSINESS-BUSINESS_RUNWAY-0087 | Funding | 158770.17,Android,B02,BASELINE_1_500,CREATED,idem-20260902-apk-0087,android,B02,BUSINESS_RUNWAY,Revenue,B02:Revenue,ACTIVE,qa.tile.revenue,business.revenue.amount,,business.revenue.submit,,Funding,MAESTRO-APK-BUSINESS-BUSINESS_RUNWAY-0087 | Funding | 158770.17,JOINED,Funding/Investment/Loan/Revenue → Runway Revenue
90,MTR-APK-0090,Business,Business,Business Runway,Revenue,Income,2026-07-02,23:20:52,2026-07-02 23:20:52,45774.39,INR,45774.39,APK Owner,,,MAESTRO-APK-BUSINESS-BUSINESS_RUNWAY-0090 | Revenue | 45774.39,Android,B02,BASELINE_1_500,CREATED,idem-20260902-apk-0090,android,B02,BUSINESS_RUNWAY,Revenue,B02:Revenue,ACTIVE,qa.tile.revenue,business.revenue.amount,,business.revenue.submit,,Revenue,MAESTRO-APK-BUSINESS-BUSINESS_RUNWAY-0090 | Revenue | 45774.39,JOINED,Funding/Investment/Loan/Revenue → Runway Revenue
93,MTR-APK-0093,Business,Business,Business Runway,Burn,Expense,2025-12-23,01:34:08,2025-12-23 01:34:08,140443.67,INR,-140443.67,APK Owner,,,MAESTRO-APK-BUSINESS-BUSINESS_RUNWAY-0093 | Burn | 140443.67,Android,B02,BASELINE_1_500,CREATED,idem-20260902-apk-0093,android,B02,BUSINESS_RUNWAY,Expense,B02:Expense,ACTIVE,qa.tile.expense,business.expense.amount,business.expense.note,business.expense.submit,,Burn,MAESTRO-APK-BUSINESS-BUSINESS_RUNWAY-0093 | Burn | 140443.67,JOINED,Runway Log Expense
96,MTR-APK-0096,Business,Business,Business Runway,Reserve,Transfer,2026-01-16,03:32:21,2026-01-16 03:32:21,17759.52,INR,0.0,APK Owner,,,MAESTRO-APK-BUSINESS-BUSINESS_RUNWAY-0096 | Reserve | 17759.52,Android,B02,BASELINE_1_500,CREATED,idem-20260902-apk-0096,android,B02,BUSINESS_RUNWAY,Expense,B02:Expense,ACTIVE,qa.tile.expense,,,,,Reserve,MAESTRO-APK-BUSINESS-BUSINESS_RUNWAY-0096 | Reserve | 17759.52,JOINED_REVIEW,Reserve transfer → Runway expense/movement proxy — REVIEW
99,MTR-APK-0099,Business,Business,Business Runway,Loan,Income,2026-06-19,08:25:07,2026-06-19 08:25:07,33444.89,INR,33444.89,APK Owner,,,MAESTRO-APK-BUSINESS-BUSINESS_RUNWAY-0099 | Loan | 33444.89,Android,B02,BASELINE_1_500,CREATED,idem-20260902-apk-0099,android,B02,BUSINESS_RUNWAY,Revenue,B02:Revenue,ACTIVE,qa.tile.revenue,business.revenue.amount,,business.revenue.submit,,Loan,MAESTRO-APK-BUSINESS-BUSINESS_RUNWAY-0099 | Loan | 33444.89,JOINED,Funding/Investment/Loan/Revenue → Runway Revenue
102,MTR-APK-0102,Business,Business,Business Runway,Investment,Income,2026-07-04,08:55:03,2026-07-04 08:55:03,54834.4,INR,54834.4,APK Owner,,,MAESTRO-APK-BUSINESS-BUSINESS_RUNWAY-0102 | Investment | 54834.40,Android,B03,BASELINE_1_500,CREATED,idem-20260902-apk-0102,android,B02,BUSINESS_RUNWAY,Revenue,B02:Revenue,ACTIVE,qa.tile.revenue,business.revenue.amount,,business.revenue.submit,,Investment,MAESTRO-APK-BUSINESS-BUSINESS_RUNWAY-0102 | Investment | 54834.40,JOINED,Funding/Investment/Loan/Revenue → Runway Revenue
105,MTR-APK-0105,Business,Business,Business Operations,Software,Expense,2026-02-03,11:46:48,2026-02-03 11:46:48,21375.77,INR,-21375.77,APK Owner,,,MAESTRO-APK-BUSINESS-BUSINESS_OPERATIONS-0105 | Software | 21375.77,Android,B03,BASELINE_1_500,CREATED,idem-20260902-apk-0105,android,B03,BUSINESS_OPERATIONS,Spend Entry,B03:Spend Entry,ACTIVE,,business.expense.amount,business.expense.note,business.expense.submit,,Software,MAESTRO-APK-BUSINESS-BUSINESS_OPERATIONS-0105 | Software | 21375.77,JOINED,Ops Log Spend Entry; amount ID business.expense.amount
108,MTR-APK-0108,Business,Business,Business Operations,Rent,Expense,2025-09-20,22:02:36,2025-09-20 22:02:36,158994.59,INR,-158994.59,APK Owner,,,MAESTRO-APK-BUSINESS-BUSINESS_OPERATIONS-0108 | Rent | 158994.59,Android,B03,BASELINE_1_500,CREATED,idem-20260902-apk-0108,android,B03,BUSINESS_OPERATIONS,Spend Entry,B03:Spend Entry,ACTIVE,,business.expense.amount,business.expense.note,business.expense.submit,,Rent,MAESTRO-APK-BUSINESS-BUSINESS_OPERATIONS-0108 | Rent | 158994.59,JOINED,Ops Log Spend Entry; amount ID business.expense.amount
111,MTR-APK-0111,Business,Business,Business Operations,Marketing,Expense,2026-02-04,14:26:37,2026-02-04 14:26:37,100.0,INR,-100.0,APK Owner,,,MAESTRO-APK-BUSINESS-BUSINESS_OPERATIONS-0111 | Marketing | 100.00,Android,B03,BASELINE_1_500,CREATED,idem-20260902-apk-0111,android,B03,BUSINESS_OPERATIONS,Spend Entry,B03:Spend Entry,ACTIVE,,business.expense.amount,business.expense.note,business.expense.submit,,Marketing,MAESTRO-APK-BUSINESS-BUSINESS_OPERATIONS-0111 | Marketing | 100.00,JOINED,Ops Log Spend Entry; amount ID business.expense.amount
114,MTR-APK-0114,Business,Business,Business Operations,Legal,Expense,2025-12-06,08:07:41,2025-12-06 08:07:41,155336.59,INR,-155336.59,APK Owner,,,MAESTRO-APK-BUSINESS-BUSINESS_OPERATIONS-0114 | Legal | 155336.59,Android,B03,BASELINE_1_500,CREATED,idem-20260902-apk-0114,android,B03,BUSINESS_OPERATIONS,Spend Entry,B03:Spend Entry,ACTIVE,,business.expense.amount,business.expense.note,business.expense.submit,,Legal,MAESTRO-APK-BUSINESS-BUSINESS_OPERATIONS-0114 | Legal | 155336.59,JOINED,Ops Log Spend Entry; amount ID business.expense.amount
117,MTR-APK-0117,Business,Business,Business Operations,Accounting,Expense,2026-02-02,03:03:18,2026-02-02 03:03:18,42150.33,INR,-42150.33,APK Owner,,,MAESTRO-APK-BUSINESS-BUSINESS_OPERATIONS-0117 | Accounting | 42150.33,Android,B03,BASELINE_1_500,CREATED,idem-20260902-apk-0117,android,B03,BUSINESS_OPERATIONS,Spend Entry,B03:Spend Entry,ACTIVE,,business.expense.amount,business.expense.note,business.expense.submit,,Accounting,MAESTRO-APK-BUSINESS-BUSINESS_OPERATIONS-0117 | Accounting | 42150.33,JOINED,Ops Log Spend Entry; amount ID business.expense.amount
120,MTR-APK-0120,Business,Business,Business Operations,Equipment,Expense,2025-11-13,11:28:31,2025-11-13 11:28:31,126732.22,INR,-126732.22,APK Owner,,,MAESTRO-APK-BUSINESS-BUSINESS_OPERATIONS-0120 | Equipment | 126732.22,Android,B03,BASELINE_1_500,CREATED,idem-20260902-apk-0120,android,B03,BUSINESS_OPERATIONS,Spend Entry,B03:Spend Entry,ACTIVE,,business.expense.amount,business.expense.note,business.expense.submit,,Equipment,MAESTRO-APK-BUSINESS-BUSINESS_OPERATIONS-0120 | Equipment | 126732.22,JOINED,Ops Log Spend Entry; amount ID business.expense.amount
123,MTR-APK-0123,Business,Business,Business Operations,Vendor,Expense,2026-01-30,11:40:38,2026-01-30 11:40:38,38992.21,INR,-38992.21,APK Owner,,,MAESTRO-APK-BUSINESS-BUSINESS_OPERATIONS-0123 | Vendor | 38992.21,Android,B03,BASELINE_1_500,CREATED,idem-20260902-apk-0123,android,B03,BUSINESS_OPERATIONS,Spend Entry,B03:Spend Entry,ACTIVE,,business.expense.amount,business.expense.note,business.expense.submit,,Vendor,MAESTRO-APK-BUSINESS-BUSINESS_OPERATIONS-0123 | Vendor | 38992.21,JOINED,Ops Log Spend Entry; amount ID business.expense.amount
126,MTR-APK-0126,Business,Business,Business Operations,Tax,Expense,2025-12-31,23:31:24,2025-12-31 23:31:24,64813.64,INR,-64813.64,APK Owner,,,MAESTRO-APK-BUSINESS-BUSINESS_OPERATIONS-0126 | Tax | 64813.64,Android,B03,BASELINE_1_500,CREATED,idem-20260902-apk-0126,android,B03,BUSINESS_OPERATIONS,Spend Entry,B03:Spend Entry,ACTIVE,,business.expense.amount,business.expense.note,business.expense.submit,,Tax,MAESTRO-APK-BUSINESS-BUSINESS_OPERATIONS-0126 | Tax | 64813.64,JOINED,Ops Log Spend Entry; amount ID business.expense.amount
129,MTR-APK-0129,Business,Business,Team Operations,Payroll,Expense,2026-03-07,14:41:42,2026-03-07 14:41:42,107088.79,INR,-107088.79,APK Owner,,,MAESTRO-APK-BUSINESS-TEAM_OPERATIONS-0129 | Payroll | 107088.79,Android,B03,BASELINE_1_500,CREATED,idem-20260902-apk-0129,android,B01,TEAM_OPERATIONS,Team Update,B01:Team Update,ACTIVE,,business.expense.amount,business.expense.note,business.expense.submit,,Payroll,MAESTRO-APK-BUSINESS-TEAM_OPERATIONS-0129 | Payroll | 107088.79,JOINED,Team Ops hub has no Expense; Team meal/travel etc. use Team Update until Spend path wired — prefer B03 Spend for ops expenses
132,MTR-APK-0132,Business,Business,Team Operations,Contractor,Expense,2025-12-27,08:04:10,2025-12-27 08:04:10,5799.18,INR,-5799.18,APK Owner,,,MAESTRO-APK-BUSINESS-TEAM_OPERATIONS-0132 | Contractor | 5799.18,Android,B03,BASELINE_1_500,CREATED,idem-20260902-apk-0132,android,B01,TEAM_OPERATIONS,Team Update,B01:Team Update,ACTIVE,,business.expense.amount,business.expense.note,business.expense.submit,,Contractor,MAESTRO-APK-BUSINESS-TEAM_OPERATIONS-0132 | Contractor | 5799.18,JOINED,Team Ops hub has no Expense; Team meal/travel etc. use Team Update until Spend path wired — prefer B03 Spend for ops expenses
135,MTR-APK-0135,Business,Business,Team Operations,Hiring,Expense,2025-12-31,20:15:56,2025-12-31 20:15:56,49779.4,INR,-49779.4,APK Owner,,,MAESTRO-APK-BUSINESS-TEAM_OPERATIONS-0135 | Hiring | 49779.40,Android,B03,BASELINE_1_500,CREATED,idem-20260902-apk-0135,android,B01,TEAM_OPERATIONS,Team Update,B01:Team Update,ACTIVE,,business.expense.amount,business.expense.note,business.expense.submit,,Hiring,MAESTRO-APK-BUSINESS-TEAM_OPERATIONS-0135 | Hiring | 49779.40,JOINED,Team Ops hub has no Expense; Team meal/travel etc. use Team Update until Spend path wired — prefer B03 Spend for ops expenses
138,MTR-APK-0138,Business,Business,Team Operations,Team Meal,Expense,2025-12-28,20:50:42,2025-12-28 20:50:42,147143.45,INR,-147143.45,APK Owner,,,MAESTRO-APK-BUSINESS-TEAM_OPERATIONS-0138 | Team Meal | 147143.45,Android,B03,BASELINE_1_500,CREATED,idem-20260902-apk-0138,android,B01,TEAM_OPERATIONS,Team Update,B01:Team Update,ACTIVE,,business.expense.amount,business.expense.note,business.expense.submit,,Team Meal,MAESTRO-APK-BUSINESS-TEAM_OPERATIONS-0138 | Team Meal | 147143.45,JOINED,Team Ops hub has no Expense; Team meal/travel etc. use Team Update until Spend path wired — prefer B03 Spend for ops expenses
141,MTR-APK-0141,Business,Business,Team Operations,Travel,Expense,2026-07-30,02:59:53,2026-07-30 02:59:53,76519.47,INR,-76519.47,APK Owner,,,MAESTRO-APK-BUSINESS-TEAM_OPERATIONS-0141 | Travel | 76519.47,Android,B03,BASELINE_1_500,CREATED,idem-20260902-apk-0141,android,B01,TEAM_OPERATIONS,Team Update,B01:Team Update,ACTIVE,,business.expense.amount,business.expense.note,business.expense.submit,,Travel,MAESTRO-APK-BUSINESS-TEAM_OPERATIONS-0141 | Travel | 76519.47,JOINED,Team Ops hub has no Expense; Team meal/travel etc. use Team Update until Spend path wired — prefer B03 Spend for ops expenses
144,MTR-APK-0144,Business,Business,Team Operations,Training,Expense,2025-10-07,01:36:45,2025-10-07 01:36:45,135872.93,INR,-135872.93,APK Owner,,,MAESTRO-APK-BUSINESS-TEAM_OPERATIONS-0144 | Training | 135872.93,Android,B03,BASELINE_1_500,CREATED,idem-20260902-apk-0144,android,B01,TEAM_OPERATIONS,Team Update,B01:Team Update,ACTIVE,,business.expense.amount,business.expense.note,business.expense.submit,,Training,MAESTRO-APK-BUSINESS-TEAM_OPERATIONS-0144 | Training | 135872.93,JOINED,Team Ops hub has no Expense; Team meal/travel etc. use Team Update until Spend path wired — prefer B03 Spend for ops expenses
147,MTR-APK-0147,Business,Business,Team Operations,Tools,Expense,2025-11-05,08:16:09,2025-11-05 08:16:09,101243.74,INR,-101243.74,APK Owner,,,MAESTRO-APK-BUSINESS-TEAM_OPERATIONS-0147 | Tools | 101243.74,Android,B03,BASELINE_1_500,CREATED,idem-20260902-apk-0147,android,B01,TEAM_OPERATIONS,Team Update,B01:Team Update,ACTIVE,,business.expense.amount,business.expense.note,business.expense.submit,,Tools,MAESTRO-APK-BUSINESS-TEAM_OPERATIONS-0147 | Tools | 101243.74,JOINED,Team Ops hub has no Expense; Team meal/travel etc. use Team Update until Spend path wired — prefer B03 Spend for ops expenses
150,MTR-APK-0150,Business,Business,Business Runway,Funding,Income,2026-01-19,22:16:19,2026-01-19 22:16:19,18132.16,INR,18132.16,APK Owner,,,MAESTRO-APK-BUSINESS-BUSINESS_RUNWAY-0150 | Funding | 18132.16,Android,B03,BASELINE_1_500,CREATED,idem-20260902-apk-0150,android,B02,BUSINESS_RUNWAY,Revenue,B02:Revenue,ACTIVE,qa.tile.revenue,business.revenue.amount,,business.revenue.submit,,Funding,MAESTRO-APK-BUSINESS-BUSINESS_RUNWAY-0150 | Funding | 18132.16,JOINED,Funding/Investment/Loan/Revenue → Runway Revenue
153,MTR-APK-0153,Business,Business,Business Runway,Revenue,Income,2025-11-05,00:21:54,2025-11-05 00:21:54,92816.57,INR,92816.57,APK Owner,,,MAESTRO-APK-BUSINESS-BUSINESS_RUNWAY-0153 | Revenue | 92816.57,Android,B04,BASELINE_1_500,CREATED,idem-20260902-apk-0153,android,B02,BUSINESS_RUNWAY,Revenue,B02:Revenue,ACTIVE,qa.tile.revenue,business.revenue.amount,,business.revenue.submit,,Revenue,MAESTRO-APK-BUSINESS-BUSINESS_RUNWAY-0153 | Revenue | 92816.57,JOINED,Funding/Investment/Loan/Revenue → Runway Revenue
156,MTR-APK-0156,Business,Business,Business Runway,Burn,Expense,2026-02-12,06:37:25,2026-02-12 06:37:25,167537.91,INR,-167537.91,APK Owner,,,MAESTRO-APK-BUSINESS-BUSINESS_RUNWAY-0156 | Burn | 167537.91,Android,B04,BASELINE_1_500,CREATED,idem-20260902-apk-0156,android,B02,BUSINESS_RUNWAY,Expense,B02:Expense,ACTIVE,qa.tile.expense,business.expense.amount,business.expense.note,business.expense.submit,,Burn,MAESTRO-APK-BUSINESS-BUSINESS_RUNWAY-0156 | Burn | 167537.91,JOINED,Runway Log Expense
159,MTR-APK-0159,Business,Business,Business Runway,Reserve,Transfer,2026-01-26,19:05:48,2026-01-26 19:05:48,50553.65,INR,0.0,APK Owner,,,MAESTRO-APK-BUSINESS-BUSINESS_RUNWAY-0159 | Reserve | 50553.65,Android,B04,BASELINE_1_500,CREATED,idem-20260902-apk-0159,android,B02,BUSINESS_RUNWAY,Expense,B02:Expense,ACTIVE,qa.tile.expense,,,,,Reserve,MAESTRO-APK-BUSINESS-BUSINESS_RUNWAY-0159 | Reserve | 50553.65,JOINED_REVIEW,Reserve transfer → Runway expense/movement proxy — REVIEW
162,MTR-APK-0162,Business,Business,Business Runway,Loan,Income,2026-01-16,16:22:04,2026-01-16 16:22:04,22549.2,INR,22549.2,APK Owner,,,MAESTRO-APK-BUSINESS-BUSINESS_RUNWAY-0162 | Loan | 22549.20,Android,B04,BASELINE_1_500,CREATED,idem-20260902-apk-0162,android,B02,BUSINESS_RUNWAY,Revenue,B02:Revenue,ACTIVE,qa.tile.revenue,business.revenue.amount,,business.revenue.submit,,Loan,MAESTRO-APK-BUSINESS-BUSINESS_RUNWAY-0162 | Loan | 22549.20,JOINED,Funding/Investment/Loan/Revenue → Runway Revenue
165,MTR-APK-0165,Business,Business,Business Runway,Investment,Income,2026-07-01,19:23:54,2026-07-01 19:23:54,21141.27,INR,21141.27,APK Owner,,,MAESTRO-APK-BUSINESS-BUSINESS_RUNWAY-0165 | Investment | 21141.27,Android,B04,BASELINE_1_500,CREATED,idem-20260902-apk-0165,android,B02,BUSINESS_RUNWAY,Revenue,B02:Revenue,ACTIVE,qa.tile.revenue,business.revenue.amount,,business.revenue.submit,,Investment,MAESTRO-APK-BUSINESS-BUSINESS_RUNWAY-0165 | Investment | 21141.27,JOINED,Funding/Investment/Loan/Revenue → Runway Revenue
168,MTR-APK-0168,Business,Business,Business Operations,Software,Expense,2026-03-27,12:13:27,2026-03-27 12:13:27,38578.27,INR,-38578.27,APK Owner,,,MAESTRO-APK-BUSINESS-BUSINESS_OPERATIONS-0168 | Software | 38578.27,Android,B04,BASELINE_1_500,CREATED,idem-20260902-apk-0168,android,B03,BUSINESS_OPERATIONS,Spend Entry,B03:Spend Entry,ACTIVE,,business.expense.amount,business.expense.note,business.expense.submit,,Software,MAESTRO-APK-BUSINESS-BUSINESS_OPERATIONS-0168 | Software | 38578.27,JOINED,Ops Log Spend Entry; amount ID business.expense.amount
171,MTR-APK-0171,Business,Business,Business Operations,Rent,Expense,2026-08-03,15:45:47,2026-08-03 15:45:47,6934.75,INR,-6934.75,APK Owner,,,MAESTRO-APK-BUSINESS-BUSINESS_OPERATIONS-0171 | Rent | 6934.75,Android,B04,BASELINE_1_500,CREATED,idem-20260902-apk-0171,android,B03,BUSINESS_OPERATIONS,Spend Entry,B03:Spend Entry,ACTIVE,,business.expense.amount,business.expense.note,business.expense.submit,,Rent,MAESTRO-APK-BUSINESS-BUSINESS_OPERATIONS-0171 | Rent | 6934.75,JOINED,Ops Log Spend Entry; amount ID business.expense.amount
174,MTR-APK-0174,Business,Business,Business Operations,Marketing,Expense,2025-10-27,22:04:55,2025-10-27 22:04:55,146934.41,INR,-146934.41,APK Owner,,,MAESTRO-APK-BUSINESS-BUSINESS_OPERATIONS-0174 | Marketing | 146934.41,Android,B04,BASELINE_1_500,CREATED,idem-20260902-apk-0174,android,B03,BUSINESS_OPERATIONS,Spend Entry,B03:Spend Entry,ACTIVE,,business.expense.amount,business.expense.note,business.expense.submit,,Marketing,MAESTRO-APK-BUSINESS-BUSINESS_OPERATIONS-0174 | Marketing | 146934.41,JOINED,Ops Log Spend Entry; amount ID business.expense.amount
177,MTR-APK-0177,Business,Business,Business Operations,Legal,Expense,2026-08-19,15:50:28,2026-08-19 15:50:28,146197.37,INR,-146197.37,APK Owner,,,MAESTRO-APK-BUSINESS-BUSINESS_OPERATIONS-0177 | Legal | 146197.37,Android,B04,BASELINE_1_500,CREATED,idem-20260902-apk-0177,android,B03,BUSINESS_OPERATIONS,Spend Entry,B03:Spend Entry,ACTIVE,,business.expense.amount,business.expense.note,business.expense.submit,,Legal,MAESTRO-APK-BUSINESS-BUSINESS_OPERATIONS-0177 | Legal | 146197.37,JOINED,Ops Log Spend Entry; amount ID business.expense.amount
180,MTR-APK-0180,Business,Business,Business Operations,Accounting,Expense,2025-10-04,07:30:10,2025-10-04 07:30:10,126345.62,INR,-126345.62,APK Owner,,,MAESTRO-APK-BUSINESS-BUSINESS_OPERATIONS-0180 | Accounting | 126345.62,Android,B04,BASELINE_1_500,CREATED,idem-20260902-apk-0180,android,B03,BUSINESS_OPERATIONS,Spend Entry,B03:Spend Entry,ACTIVE,,business.expense.amount,business.expense.note,business.expense.submit,,Accounting,MAESTRO-APK-BUSINESS-BUSINESS_OPERATIONS-0180 | Accounting | 126345.62,JOINED,Ops Log Spend Entry; amount ID business.expense.amount
183,MTR-APK-0183,Business,Business,Business Operations,Equipment,Expense,2025-10-05,18:42:38,2025-10-05 18:42:38,28864.72,INR,-28864.72,APK Owner,,,MAESTRO-APK-BUSINESS-BUSINESS_OPERATIONS-0183 | Equipment | 28864.72,Android,B04,BASELINE_1_500,CREATED,idem-20260902-apk-0183,android,B03,BUSINESS_OPERATIONS,Spend Entry,B03:Spend Entry,ACTIVE,,business.expense.amount,business.expense.note,business.expense.submit,,Equipment,MAESTRO-APK-BUSINESS-BUSINESS_OPERATIONS-0183 | Equipment | 28864.72,JOINED,Ops Log Spend Entry; amount ID business.expense.amount
186,MTR-APK-0186,Business,Business,Business Operations,Vendor,Expense,2026-04-25,04:09:11,2026-04-25 04:09:11,7924.5,INR,-7924.5,APK Owner,,,MAESTRO-APK-BUSINESS-BUSINESS_OPERATIONS-0186 | Vendor | 7924.50,Android,B04,BASELINE_1_500,CREATED,idem-20260902-apk-0186,android,B03,BUSINESS_OPERATIONS,Spend Entry,B03:Spend Entry,ACTIVE,,business.expense.amount,business.expense.note,business.expense.submit,,Vendor,MAESTRO-APK-BUSINESS-BUSINESS_OPERATIONS-0186 | Vendor | 7924.50,JOINED,Ops Log Spend Entry; amount ID business.expense.amount
189,MTR-APK-0189,Business,Business,Business Operations,Tax,Expense,2026-03-27,12:40:26,2026-03-27 12:40:26,141708.15,INR,-141708.15,APK Owner,,,MAESTRO-APK-BUSINESS-BUSINESS_OPERATIONS-0189 | Tax | 141708.15,Android,B04,BASELINE_1_500,CREATED,idem-20260902-apk-0189,android,B03,BUSINESS_OPERATIONS,Spend Entry,B03:Spend Entry,ACTIVE,,business.expense.amount,business.expense.note,business.expense.submit,,Tax,MAESTRO-APK-BUSINESS-BUSINESS_OPERATIONS-0189 | Tax | 141708.15,JOINED,Ops Log Spend Entry; amount ID business.expense.amount
192,MTR-APK-0192,Business,Business,Team Operations,Payroll,Expense,2025-11-23,05:02:14,2025-11-23 05:02:14,63303.28,INR,-63303.28,APK Owner,,,MAESTRO-APK-BUSINESS-TEAM_OPERATIONS-0192 | Payroll | 63303.28,Android,B04,BASELINE_1_500,CREATED,idem-20260902-apk-0192,android,B01,TEAM_OPERATIONS,Team Update,B01:Team Update,ACTIVE,,business.expense.amount,business.expense.note,business.expense.submit,,Payroll,MAESTRO-APK-BUSINESS-TEAM_OPERATIONS-0192 | Payroll | 63303.28,JOINED,Team Ops hub has no Expense; Team meal/travel etc. use Team Update until Spend path wired — prefer B03 Spend for ops expenses
195,MTR-APK-0195,Business,Business,Team Operations,Contractor,Expense,2026-05-09,05:40:29,2026-05-09 05:40:29,59519.38,INR,-59519.38,APK Owner,,,MAESTRO-APK-BUSINESS-TEAM_OPERATIONS-0195 | Contractor | 59519.38,Android,B04,BASELINE_1_500,CREATED,idem-20260902-apk-0195,android,B01,TEAM_OPERATIONS,Team Update,B01:Team Update,ACTIVE,,business.expense.amount,business.expense.note,business.expense.submit,,Contractor,MAESTRO-APK-BUSINESS-TEAM_OPERATIONS-0195 | Contractor | 59519.38,JOINED,Team Ops hub has no Expense; Team meal/travel etc. use Team Update until Spend path wired — prefer B03 Spend for ops expenses
198,MTR-APK-0198,Business,Business,Team Operations,Hiring,Expense,2026-02-27,07:37:29,2026-02-27 07:37:29,6912.13,INR,-6912.13,APK Owner,,,MAESTRO-APK-BUSINESS-TEAM_OPERATIONS-0198 | Hiring | 6912.13,Android,B04,BASELINE_1_500,CREATED,idem-20260902-apk-0198,android,B01,TEAM_OPERATIONS,Team Update,B01:Team Update,ACTIVE,,business.expense.amount,business.expense.note,business.expense.submit,,Hiring,MAESTRO-APK-BUSINESS-TEAM_OPERATIONS-0198 | Hiring | 6912.13,JOINED,Team Ops hub has no Expense; Team meal/travel etc. use Team Update until Spend path wired — prefer B03 Spend for ops expenses
201,MTR-APK-0201,Business,Business,Team Operations,Team Meal,Expense,2026-01-12,18:46:55,2026-01-12 18:46:55,174474.2,INR,-174474.2,APK Owner,,,MAESTRO-APK-BUSINESS-TEAM_OPERATIONS-0201 | Team Meal | 174474.20,Android,B05,BASELINE_1_500,CREATED,idem-20260902-apk-0201,android,B01,TEAM_OPERATIONS,Team Update,B01:Team Update,ACTIVE,,business.expense.amount,business.expense.note,business.expense.submit,,Team Meal,MAESTRO-APK-BUSINESS-TEAM_OPERATIONS-0201 | Team Meal | 174474.20,JOINED,Team Ops hub has no Expense; Team meal/travel etc. use Team Update until Spend path wired — prefer B03 Spend for ops expenses
204,MTR-APK-0204,Business,Business,Team Operations,Travel,Expense,2026-06-09,15:43:30,2026-06-09 15:43:30,61035.9,INR,-61035.9,APK Owner,,,MAESTRO-APK-BUSINESS-TEAM_OPERATIONS-0204 | Travel | 61035.90,Android,B05,BASELINE_1_500,CREATED,idem-20260902-apk-0204,android,B01,TEAM_OPERATIONS,Team Update,B01:Team Update,ACTIVE,,business.expense.amount,business.expense.note,business.expense.submit,,Travel,MAESTRO-APK-BUSINESS-TEAM_OPERATIONS-0204 | Travel | 61035.90,JOINED,Team Ops hub has no Expense; Team meal/travel etc. use Team Update until Spend path wired — prefer B03 Spend for ops expenses
207,MTR-APK-0207,Business,Business,Team Operations,Training,Expense,2026-02-07,11:24:13,2026-02-07 11:24:13,160049.99,INR,-160049.99,APK Owner,,,MAESTRO-APK-BUSINESS-TEAM_OPERATIONS-0207 | Training | 160049.99,Android,B05,BASELINE_1_500,CREATED,idem-20260902-apk-0207,android,B01,TEAM_OPERATIONS,Team Update,B01:Team Update,ACTIVE,,business.expense.amount,business.expense.note,business.expense.submit,,Training,MAESTRO-APK-BUSINESS-TEAM_OPERATIONS-0207 | Training | 160049.99,JOINED,Team Ops hub has no Expense; Team meal/travel etc. use Team Update until Spend path wired — prefer B03 Spend for ops expenses
210,MTR-APK-0210,Business,Business,Team Operations,Tools,Expense,2026-01-18,08:39:44,2026-01-18 08:39:44,41360.54,INR,-41360.54,APK Owner,,,MAESTRO-APK-BUSINESS-TEAM_OPERATIONS-0210 | Tools | 41360.54,Android,B05,BASELINE_1_500,CREATED,idem-20260902-apk-0210,android,B01,TEAM_OPERATIONS,Team Update,B01:Team Update,ACTIVE,,business.expense.amount,business.expense.note,business.expense.submit,,Tools,MAESTRO-APK-BUSINESS-TEAM_OPERATIONS-0210 | Tools | 41360.54,JOINED,Team Ops hub has no Expense; Team meal/travel etc. use Team Update until Spend path wired — prefer B03 Spend for ops expenses
213,MTR-APK-0213,Business,Business,Business Runway,Funding,Income,2026-02-08,15:31:31,2026-02-08 15:31:31,6800.79,INR,6800.79,APK Owner,,,MAESTRO-APK-BUSINESS-BUSINESS_RUNWAY-0213 | Funding | 6800.79,Android,B05,BASELINE_1_500,CREATED,idem-20260902-apk-0213,android,B02,BUSINESS_RUNWAY,Revenue,B02:Revenue,ACTIVE,qa.tile.revenue,business.revenue.amount,,business.revenue.submit,,Funding,MAESTRO-APK-BUSINESS-BUSINESS_RUNWAY-0213 | Funding | 6800.79,JOINED,Funding/Investment/Loan/Revenue → Runway Revenue
216,MTR-APK-0216,Business,Business,Business Runway,Revenue,Income,2025-11-22,00:46:04,2025-11-22 00:46:04,158946.92,INR,158946.92,APK Owner,,,MAESTRO-APK-BUSINESS-BUSINESS_RUNWAY-0216 | Revenue | 158946.92,Android,B05,BASELINE_1_500,CREATED,idem-20260902-apk-0216,android,B02,BUSINESS_RUNWAY,Revenue,B02:Revenue,ACTIVE,qa.tile.revenue,business.revenue.amount,,business.revenue.submit,,Revenue,MAESTRO-APK-BUSINESS-BUSINESS_RUNWAY-0216 | Revenue | 158946.92,JOINED,Funding/Investment/Loan/Revenue → Runway Revenue
219,MTR-APK-0219,Business,Business,Business Runway,Burn,Expense,2026-08-31,23:13:09,2026-08-31 23:13:09,19749.86,INR,-19749.86,APK Owner,,,MAESTRO-APK-BUSINESS-BUSINESS_RUNWAY-0219 | Burn | 19749.86,Android,B05,BASELINE_1_500,CREATED,idem-20260902-apk-0219,android,B02,BUSINESS_RUNWAY,Expense,B02:Expense,ACTIVE,qa.tile.expense,business.expense.amount,business.expense.note,business.expense.submit,,Burn,MAESTRO-APK-BUSINESS-BUSINESS_RUNWAY-0219 | Burn | 19749.86,JOINED,Runway Log Expense
222,MTR-APK-0222,Business,Business,Business Runway,Reserve,Transfer,2025-12-10,21:35:17,2025-12-10 21:35:17,0.01,INR,0.0,APK Owner,,,MAESTRO-APK-BUSINESS-BUSINESS_RUNWAY-0222 | Reserve | 0.01,Android,B05,BASELINE_1_500,CREATED,idem-20260902-apk-0222,android,B02,BUSINESS_RUNWAY,Expense,B02:Expense,ACTIVE,qa.tile.expense,,,,,Reserve,MAESTRO-APK-BUSINESS-BUSINESS_RUNWAY-0222 | Reserve | 0.01,JOINED_REVIEW,Reserve transfer → Runway expense/movement proxy — REVIEW
225,MTR-APK-0225,Business,Business,Business Runway,Loan,Income,2025-11-18,10:12:52,2025-11-18 10:12:52,21563.35,INR,21563.35,APK Owner,,,MAESTRO-APK-BUSINESS-BUSINESS_RUNWAY-0225 | Loan | 21563.35,Android,B05,BASELINE_1_500,CREATED,idem-20260902-apk-0225,android,B02,BUSINESS_RUNWAY,Revenue,B02:Revenue,ACTIVE,qa.tile.revenue,business.revenue.amount,,business.revenue.submit,,Loan,MAESTRO-APK-BUSINESS-BUSINESS_RUNWAY-0225 | Loan | 21563.35,JOINED,Funding/Investment/Loan/Revenue → Runway Revenue
228,MTR-APK-0228,Business,Business,Business Runway,Investment,Income,2026-01-28,15:25:51,2026-01-28 15:25:51,77098.16,INR,77098.16,APK Owner,,,MAESTRO-APK-BUSINESS-BUSINESS_RUNWAY-0228 | Investment | 77098.16,Android,B05,BASELINE_1_500,CREATED,idem-20260902-apk-0228,android,B02,BUSINESS_RUNWAY,Revenue,B02:Revenue,ACTIVE,qa.tile.revenue,business.revenue.amount,,business.revenue.submit,,Investment,MAESTRO-APK-BUSINESS-BUSINESS_RUNWAY-0228 | Investment | 77098.16,JOINED,Funding/Investment/Loan/Revenue → Runway Revenue
231,MTR-APK-0231,Business,Business,Business Operations,Software,Expense,2026-02-27,04:55:16,2026-02-27 04:55:16,177635.06,INR,-177635.06,APK Owner,,,MAESTRO-APK-BUSINESS-BUSINESS_OPERATIONS-0231 | Software | 177635.06,Android,B05,BASELINE_1_500,CREATED,idem-20260902-apk-0231,android,B03,BUSINESS_OPERATIONS,Spend Entry,B03:Spend Entry,ACTIVE,,business.expense.amount,business.expense.note,business.expense.submit,,Software,MAESTRO-APK-BUSINESS-BUSINESS_OPERATIONS-0231 | Software | 177635.06,JOINED,Ops Log Spend Entry; amount ID business.expense.amount
234,MTR-APK-0234,Business,Business,Business Operations,Rent,Expense,2026-04-18,06:10:27,2026-04-18 06:10:27,102103.73,INR,-102103.73,APK Owner,,,MAESTRO-APK-BUSINESS-BUSINESS_OPERATIONS-0234 | Rent | 102103.73,Android,B05,BASELINE_1_500,CREATED,idem-20260902-apk-0234,android,B03,BUSINESS_OPERATIONS,Spend Entry,B03:Spend Entry,ACTIVE,,business.expense.amount,business.expense.note,business.expense.submit,,Rent,MAESTRO-APK-BUSINESS-BUSINESS_OPERATIONS-0234 | Rent | 102103.73,JOINED,Ops Log Spend Entry; amount ID business.expense.amount
237,MTR-APK-0237,Business,Business,Business Operations,Marketing,Expense,2026-07-08,23:47:34,2026-07-08 23:47:34,113310.73,INR,-113310.73,APK Owner,,,MAESTRO-APK-BUSINESS-BUSINESS_OPERATIONS-0237 | Marketing | 113310.73,Android,B05,BASELINE_1_500,CREATED,idem-20260902-apk-0237,android,B03,BUSINESS_OPERATIONS,Spend Entry,B03:Spend Entry,ACTIVE,,business.expense.amount,business.expense.note,business.expense.submit,,Marketing,MAESTRO-APK-BUSINESS-BUSINESS_OPERATIONS-0237 | Marketing | 113310.73,JOINED,Ops Log Spend Entry; amount ID business.expense.amount
240,MTR-APK-0240,Business,Business,Business Operations,Legal,Expense,2025-12-13,06:16:24,2025-12-13 06:16:24,11133.25,INR,-11133.25,APK Owner,,,MAESTRO-APK-BUSINESS-BUSINESS_OPERATIONS-0240 | Legal | 11133.25,Android,B05,BASELINE_1_500,CREATED,idem-20260902-apk-0240,android,B03,BUSINESS_OPERATIONS,Spend Entry,B03:Spend Entry,ACTIVE,,business.expense.amount,business.expense.note,business.expense.submit,,Legal,MAESTRO-APK-BUSINESS-BUSINESS_OPERATIONS-0240 | Legal | 11133.25,JOINED,Ops Log Spend Entry; amount ID business.expense.amount
243,MTR-APK-0243,Business,Business,Business Operations,Accounting,Expense,2025-11-13,09:20:28,2025-11-13 09:20:28,64523.13,INR,-64523.13,APK Owner,,,MAESTRO-APK-BUSINESS-BUSINESS_OPERATIONS-0243 | Accounting | 64523.13,Android,B05,BASELINE_1_500,CREATED,idem-20260902-apk-0243,android,B03,BUSINESS_OPERATIONS,Spend Entry,B03:Spend Entry,ACTIVE,,business.expense.amount,business.expense.note,business.expense.submit,,Accounting,MAESTRO-APK-BUSINESS-BUSINESS_OPERATIONS-0243 | Accounting | 64523.13,JOINED,Ops Log Spend Entry; amount ID business.expense.amount
246,MTR-APK-0246,Business,Business,Business Operations,Equipment,Expense,2026-07-22,16:11:08,2026-07-22 16:11:08,32706.91,INR,-32706.91,APK Owner,,,MAESTRO-APK-BUSINESS-BUSINESS_OPERATIONS-0246 | Equipment | 32706.91,Android,B05,BASELINE_1_500,CREATED,idem-20260902-apk-0246,android,B03,BUSINESS_OPERATIONS,Spend Entry,B03:Spend Entry,ACTIVE,,business.expense.amount,business.expense.note,business.expense.submit,,Equipment,MAESTRO-APK-BUSINESS-BUSINESS_OPERATIONS-0246 | Equipment | 32706.91,JOINED,Ops Log Spend Entry; amount ID business.expense.amount
249,MTR-APK-0249,Business,Business,Business Operations,Vendor,Expense,2026-08-21,16:01:28,2026-08-21 16:01:28,5314.17,INR,-5314.17,APK Owner,,,MAESTRO-APK-BUSINESS-BUSINESS_OPERATIONS-0249 | Vendor | 5314.17,Android,B05,BASELINE_1_500,CREATED,idem-20260902-apk-0249,android,B03,BUSINESS_OPERATIONS,Spend Entry,B03:Spend Entry,ACTIVE,,business.expense.amount,business.expense.note,business.expense.submit,,Vendor,MAESTRO-APK-BUSINESS-BUSINESS_OPERATIONS-0249 | Vendor | 5314.17,JOINED,Ops Log Spend Entry; amount ID business.expense.amount
252,MTR-APK-0252,Business,Business,Business Operations,Tax,Expense,2025-09-05,20:04:02,2025-09-05 20:04:02,146319.96,INR,-146319.96,APK Owner,,,MAESTRO-APK-BUSINESS-BUSINESS_OPERATIONS-0252 | Tax | 146319.96,Android,B06,BASELINE_1_500,CREATED,idem-20260902-apk-0252,android,B03,BUSINESS_OPERATIONS,Spend Entry,B03:Spend Entry,ACTIVE,,business.expense.amount,business.expense.note,business.expense.submit,,Tax,MAESTRO-APK-BUSINESS-BUSINESS_OPERATIONS-0252 | Tax | 146319.96,JOINED,Ops Log Spend Entry; amount ID business.expense.amount
255,MTR-APK-0255,Business,Business,Team Operations,Payroll,Expense,2025-10-27,22:21:10,2025-10-27 22:21:10,42288.77,INR,-42288.77,APK Owner,,,MAESTRO-APK-BUSINESS-TEAM_OPERATIONS-0255 | Payroll | 42288.77,Android,B06,BASELINE_1_500,CREATED,idem-20260902-apk-0255,android,B01,TEAM_OPERATIONS,Team Update,B01:Team Update,ACTIVE,,business.expense.amount,business.expense.note,business.expense.submit,,Payroll,MAESTRO-APK-BUSINESS-TEAM_OPERATIONS-0255 | Payroll | 42288.77,JOINED,Team Ops hub has no Expense; Team meal/travel etc. use Team Update until Spend path wired — prefer B03 Spend for ops expenses
258,MTR-APK-0258,Business,Business,Team Operations,Contractor,Expense,2025-11-23,01:42:53,2025-11-23 01:42:53,128414.17,INR,-128414.17,APK Owner,,,MAESTRO-APK-BUSINESS-TEAM_OPERATIONS-0258 | Contractor | 128414.17,Android,B06,BASELINE_1_500,CREATED,idem-20260902-apk-0258,android,B01,TEAM_OPERATIONS,Team Update,B01:Team Update,ACTIVE,,business.expense.amount,business.expense.note,business.expense.submit,,Contractor,MAESTRO-APK-BUSINESS-TEAM_OPERATIONS-0258 | Contractor | 128414.17,JOINED,Team Ops hub has no Expense; Team meal/travel etc. use Team Update until Spend path wired — prefer B03 Spend for ops expenses
261,MTR-APK-0261,Business,Business,Team Operations,Hiring,Expense,2026-06-02,21:10:51,2026-06-02 21:10:51,122201.81,INR,-122201.81,APK Owner,,,MAESTRO-APK-BUSINESS-TEAM_OPERATIONS-0261 | Hiring | 122201.81,Android,B06,BASELINE_1_500,CREATED,idem-20260902-apk-0261,android,B01,TEAM_OPERATIONS,Team Update,B01:Team Update,ACTIVE,,business.expense.amount,business.expense.note,business.expense.submit,,Hiring,MAESTRO-APK-BUSINESS-TEAM_OPERATIONS-0261 | Hiring | 122201.81,JOINED,Team Ops hub has no Expense; Team meal/travel etc. use Team Update until Spend path wired — prefer B03 Spend for ops expenses
264,MTR-APK-0264,Business,Business,Team Operations,Team Meal,Expense,2026-08-06,00:41:39,2026-08-06 00:41:39,87865.06,INR,-87865.06,APK Owner,,,MAESTRO-APK-BUSINESS-TEAM_OPERATIONS-0264 | Team Meal | 87865.06,Android,B06,BASELINE_1_500,CREATED,idem-20260902-apk-0264,android,B01,TEAM_OPERATIONS,Team Update,B01:Team Update,ACTIVE,,business.expense.amount,business.expense.note,business.expense.submit,,Team Meal,MAESTRO-APK-BUSINESS-TEAM_OPERATIONS-0264 | Team Meal | 87865.06,JOINED,Team Ops hub has no Expense; Team meal/travel etc. use Team Update until Spend path wired — prefer B03 Spend for ops expenses
267,MTR-APK-0267,Business,Business,Team Operations,Travel,Expense,2026-02-23,23:15:20,2026-02-23 23:15:20,177731.99,INR,-177731.99,APK Owner,,,MAESTRO-APK-BUSINESS-TEAM_OPERATIONS-0267 | Travel | 177731.99,Android,B06,BASELINE_1_500,CREATED,idem-20260902-apk-0267,android,B01,TEAM_OPERATIONS,Team Update,B01:Team Update,ACTIVE,,business.expense.amount,business.expense.note,business.expense.submit,,Travel,MAESTRO-APK-BUSINESS-TEAM_OPERATIONS-0267 | Travel | 177731.99,JOINED,Team Ops hub has no Expense; Team meal/travel etc. use Team Update until Spend path wired — prefer B03 Spend for ops expenses
270,MTR-APK-0270,Business,Business,Team Operations,Training,Expense,2026-06-29,19:48:35,2026-06-29 19:48:35,168094.35,INR,-168094.35,APK Owner,,,MAESTRO-APK-BUSINESS-TEAM_OPERATIONS-0270 | Training | 168094.35,Android,B06,BASELINE_1_500,CREATED,idem-20260902-apk-0270,android,B01,TEAM_OPERATIONS,Team Update,B01:Team Update,ACTIVE,,business.expense.amount,business.expense.note,business.expense.submit,,Training,MAESTRO-APK-BUSINESS-TEAM_OPERATIONS-0270 | Training | 168094.35,JOINED,Team Ops hub has no Expense; Team meal/travel etc. use Team Update until Spend path wired — prefer B03 Spend for ops expenses
273,MTR-APK-0273,Business,Business,Team Operations,Tools,Expense,2026-01-04,19:03:19,2026-01-04 19:03:19,134298.15,INR,-134298.15,APK Owner,,,MAESTRO-APK-BUSINESS-TEAM_OPERATIONS-0273 | Tools | 134298.15,Android,B06,BASELINE_1_500,CREATED,idem-20260902-apk-0273,android,B01,TEAM_OPERATIONS,Team Update,B01:Team Update,ACTIVE,,business.expense.amount,business.expense.note,business.expense.submit,,Tools,MAESTRO-APK-BUSINESS-TEAM_OPERATIONS-0273 | Tools | 134298.15,JOINED,Team Ops hub has no Expense; Team meal/travel etc. use Team Update until Spend path wired — prefer B03 Spend for ops expenses
276,MTR-APK-0276,Business,Business,Business Runway,Funding,Income,2026-02-12,17:41:44,2026-02-12 17:41:44,86039.28,INR,86039.28,APK Owner,,,MAESTRO-APK-BUSINESS-BUSINESS_RUNWAY-0276 | Funding | 86039.28,Android,B06,BASELINE_1_500,CREATED,idem-20260902-apk-0276,android,B02,BUSINESS_RUNWAY,Revenue,B02:Revenue,ACTIVE,qa.tile.revenue,business.revenue.amount,,business.revenue.submit,,Funding,MAESTRO-APK-BUSINESS-BUSINESS_RUNWAY-0276 | Funding | 86039.28,JOINED,Funding/Investment/Loan/Revenue → Runway Revenue
279,MTR-APK-0279,Business,Business,Business Runway,Revenue,Income,2026-08-31,13:21:30,2026-08-31 13:21:30,142654.2,INR,142654.2,APK Owner,,,MAESTRO-APK-BUSINESS-BUSINESS_RUNWAY-0279 | Revenue | 142654.20,Android,B06,BASELINE_1_500,CREATED,idem-20260902-apk-0279,android,B02,BUSINESS_RUNWAY,Revenue,B02:Revenue,ACTIVE,qa.tile.revenue,business.revenue.amount,,business.revenue.submit,,Revenue,MAESTRO-APK-BUSINESS-BUSINESS_RUNWAY-0279 | Revenue | 142654.20,JOINED,Funding/Investment/Loan/Revenue → Runway Revenue
282,MTR-APK-0282,Business,Business,Business Runway,Burn,Expense,2026-07-26,12:25:12,2026-07-26 12:25:12,33838.02,INR,-33838.02,APK Owner,,,MAESTRO-APK-BUSINESS-BUSINESS_RUNWAY-0282 | Burn | 33838.02,Android,B06,BASELINE_1_500,CREATED,idem-20260902-apk-0282,android,B02,BUSINESS_RUNWAY,Expense,B02:Expense,ACTIVE,qa.tile.expense,business.expense.amount,business.expense.note,business.expense.submit,,Burn,MAESTRO-APK-BUSINESS-BUSINESS_RUNWAY-0282 | Burn | 33838.02,JOINED,Runway Log Expense
285,MTR-APK-0285,Business,Business,Business Runway,Reserve,Transfer,2026-03-07,08:52:41,2026-03-07 08:52:41,53855.38,INR,0.0,APK Owner,,,MAESTRO-APK-BUSINESS-BUSINESS_RUNWAY-0285 | Reserve | 53855.38,Android,B06,BASELINE_1_500,CREATED,idem-20260902-apk-0285,android,B02,BUSINESS_RUNWAY,Expense,B02:Expense,ACTIVE,qa.tile.expense,,,,,Reserve,MAESTRO-APK-BUSINESS-BUSINESS_RUNWAY-0285 | Reserve | 53855.38,JOINED_REVIEW,Reserve transfer → Runway expense/movement proxy — REVIEW
288,MTR-APK-0288,Business,Business,Business Runway,Loan,Income,2026-07-20,10:40:33,2026-07-20 10:40:33,63008.32,INR,63008.32,APK Owner,,,MAESTRO-APK-BUSINESS-BUSINESS_RUNWAY-0288 | Loan | 63008.32,Android,B06,BASELINE_1_500,CREATED,idem-20260902-apk-0288,android,B02,BUSINESS_RUNWAY,Revenue,B02:Revenue,ACTIVE,qa.tile.revenue,business.revenue.amount,,business.revenue.submit,,Loan,MAESTRO-APK-BUSINESS-BUSINESS_RUNWAY-0288 | Loan | 63008.32,JOINED,Funding/Investment/Loan/Revenue → Runway Revenue
291,MTR-APK-0291,Business,Business,Business Runway,Investment,Income,2026-08-25,23:43:37,2026-08-25 23:43:37,165205.44,INR,165205.44,APK Owner,,,MAESTRO-APK-BUSINESS-BUSINESS_RUNWAY-0291 | Investment | 165205.44,Android,B06,BASELINE_1_500,CREATED,idem-20260902-apk-0291,android,B02,BUSINESS_RUNWAY,Revenue,B02:Revenue,ACTIVE,qa.tile.revenue,business.revenue.amount,,business.revenue.submit,,Investment,MAESTRO-APK-BUSINESS-BUSINESS_RUNWAY-0291 | Investment | 165205.44,JOINED,Funding/Investment/Loan/Revenue → Runway Revenue
294,MTR-APK-0294,Business,Business,Business Operations,Software,Expense,2026-04-16,18:52:11,2026-04-16 18:52:11,56620.58,INR,-56620.58,APK Owner,,,MAESTRO-APK-BUSINESS-BUSINESS_OPERATIONS-0294 | Software | 56620.58,Android,B06,BASELINE_1_500,CREATED,idem-20260902-apk-0294,android,B03,BUSINESS_OPERATIONS,Spend Entry,B03:Spend Entry,ACTIVE,,business.expense.amount,business.expense.note,business.expense.submit,,Software,MAESTRO-APK-BUSINESS-BUSINESS_OPERATIONS-0294 | Software | 56620.58,JOINED,Ops Log Spend Entry; amount ID business.expense.amount
297,MTR-APK-0297,Business,Business,Business Operations,Rent,Expense,2026-02-17,06:41:37,2026-02-17 06:41:37,27779.53,INR,-27779.53,APK Owner,,,MAESTRO-APK-BUSINESS-BUSINESS_OPERATIONS-0297 | Rent | 27779.53,Android,B06,BASELINE_1_500,CREATED,idem-20260902-apk-0297,android,B03,BUSINESS_OPERATIONS,Spend Entry,B03:Spend Entry,ACTIVE,,business.expense.amount,business.expense.note,business.expense.submit,,Rent,MAESTRO-APK-BUSINESS-BUSINESS_OPERATIONS-0297 | Rent | 27779.53,JOINED,Ops Log Spend Entry; amount ID business.expense.amount
300,MTR-APK-0300,Business,Business,Business Operations,Marketing,Expense,2026-06-28,00:38:01,2026-06-28 00:38:01,15747.51,INR,-15747.51,APK Owner,,,MAESTRO-APK-BUSINESS-BUSINESS_OPERATIONS-0300 | Marketing | 15747.51,Android,B06,BASELINE_1_500,CREATED,idem-20260902-apk-0300,android,B03,BUSINESS_OPERATIONS,Spend Entry,B03:Spend Entry,ACTIVE,,business.expense.amount,business.expense.note,business.expense.submit,,Marketing,MAESTRO-APK-BUSINESS-BUSINESS_OPERATIONS-0300 | Marketing | 15747.51,JOINED,Ops Log Spend Entry; amount ID business.expense.amount
303,MTR-APK-0303,Business,Business,Business Operations,Legal,Expense,2026-08-28,01:59:23,2026-08-28 01:59:23,108559.28,INR,-108559.28,APK Owner,,,MAESTRO-APK-BUSINESS-BUSINESS_OPERATIONS-0303 | Legal | 108559.28,Android,B07,BASELINE_1_500,CREATED,idem-20260902-apk-0303,android,B03,BUSINESS_OPERATIONS,Spend Entry,B03:Spend Entry,ACTIVE,,business.expense.amount,business.expense.note,business.expense.submit,,Legal,MAESTRO-APK-BUSINESS-BUSINESS_OPERATIONS-0303 | Legal | 108559.28,JOINED,Ops Log Spend Entry; amount ID business.expense.amount
306,MTR-APK-0306,Business,Business,Business Operations,Accounting,Expense,2025-12-10,06:26:03,2025-12-10 06:26:03,35930.12,INR,-35930.12,APK Owner,,,MAESTRO-APK-BUSINESS-BUSINESS_OPERATIONS-0306 | Accounting | 35930.12,Android,B07,BASELINE_1_500,CREATED,idem-20260902-apk-0306,android,B03,BUSINESS_OPERATIONS,Spend Entry,B03:Spend Entry,ACTIVE,,business.expense.amount,business.expense.note,business.expense.submit,,Accounting,MAESTRO-APK-BUSINESS-BUSINESS_OPERATIONS-0306 | Accounting | 35930.12,JOINED,Ops Log Spend Entry; amount ID business.expense.amount
309,MTR-APK-0309,Business,Business,Business Operations,Equipment,Expense,2026-02-21,08:20:00,2026-02-21 08:20:00,100819.24,INR,-100819.24,APK Owner,,,MAESTRO-APK-BUSINESS-BUSINESS_OPERATIONS-0309 | Equipment | 100819.24,Android,B07,BASELINE_1_500,CREATED,idem-20260902-apk-0309,android,B03,BUSINESS_OPERATIONS,Spend Entry,B03:Spend Entry,ACTIVE,,business.expense.amount,business.expense.note,business.expense.submit,,Equipment,MAESTRO-APK-BUSINESS-BUSINESS_OPERATIONS-0309 | Equipment | 100819.24,JOINED,Ops Log Spend Entry; amount ID business.expense.amount
312,MTR-APK-0312,Business,Business,Business Operations,Vendor,Expense,2025-09-17,12:22:53,2025-09-17 12:22:53,13554.59,INR,-13554.59,APK Owner,,,MAESTRO-APK-BUSINESS-BUSINESS_OPERATIONS-0312 | Vendor | 13554.59,Android,B07,BASELINE_1_500,CREATED,idem-20260902-apk-0312,android,B03,BUSINESS_OPERATIONS,Spend Entry,B03:Spend Entry,ACTIVE,,business.expense.amount,business.expense.note,business.expense.submit,,Vendor,MAESTRO-APK-BUSINESS-BUSINESS_OPERATIONS-0312 | Vendor | 13554.59,JOINED,Ops Log Spend Entry; amount ID business.expense.amount
315,MTR-APK-0315,Business,Business,Business Operations,Tax,Expense,2026-01-06,21:47:41,2026-01-06 21:47:41,123326.78,INR,-123326.78,APK Owner,,,MAESTRO-APK-BUSINESS-BUSINESS_OPERATIONS-0315 | Tax | 123326.78,Android,B07,BASELINE_1_500,CREATED,idem-20260902-apk-0315,android,B03,BUSINESS_OPERATIONS,Spend Entry,B03:Spend Entry,ACTIVE,,business.expense.amount,business.expense.note,business.expense.submit,,Tax,MAESTRO-APK-BUSINESS-BUSINESS_OPERATIONS-0315 | Tax | 123326.78,JOINED,Ops Log Spend Entry; amount ID business.expense.amount
318,MTR-APK-0318,Business,Business,Team Operations,Payroll,Expense,2026-05-02,18:24:58,2026-05-02 18:24:58,25545.43,INR,-25545.43,APK Owner,,,MAESTRO-APK-BUSINESS-TEAM_OPERATIONS-0318 | Payroll | 25545.43,Android,B07,BASELINE_1_500,CREATED,idem-20260902-apk-0318,android,B01,TEAM_OPERATIONS,Team Update,B01:Team Update,ACTIVE,,business.expense.amount,business.expense.note,business.expense.submit,,Payroll,MAESTRO-APK-BUSINESS-TEAM_OPERATIONS-0318 | Payroll | 25545.43,JOINED,Team Ops hub has no Expense; Team meal/travel etc. use Team Update until Spend path wired — prefer B03 Spend for ops expenses
321,MTR-APK-0321,Business,Business,Team Operations,Contractor,Expense,2026-08-02,17:53:56,2026-08-02 17:53:56,11160.43,INR,-11160.43,APK Owner,,,MAESTRO-APK-BUSINESS-TEAM_OPERATIONS-0321 | Contractor | 11160.43,Android,B07,BASELINE_1_500,CREATED,idem-20260902-apk-0321,android,B01,TEAM_OPERATIONS,Team Update,B01:Team Update,ACTIVE,,business.expense.amount,business.expense.note,business.expense.submit,,Contractor,MAESTRO-APK-BUSINESS-TEAM_OPERATIONS-0321 | Contractor | 11160.43,JOINED,Team Ops hub has no Expense; Team meal/travel etc. use Team Update until Spend path wired — prefer B03 Spend for ops expenses
324,MTR-APK-0324,Business,Business,Team Operations,Hiring,Expense,2025-11-02,18:02:50,2025-11-02 18:02:50,169841.17,INR,-169841.17,APK Owner,,,MAESTRO-APK-BUSINESS-TEAM_OPERATIONS-0324 | Hiring | 169841.17,Android,B07,BASELINE_1_500,CREATED,idem-20260902-apk-0324,android,B01,TEAM_OPERATIONS,Team Update,B01:Team Update,ACTIVE,,business.expense.amount,business.expense.note,business.expense.submit,,Hiring,MAESTRO-APK-BUSINESS-TEAM_OPERATIONS-0324 | Hiring | 169841.17,JOINED,Team Ops hub has no Expense; Team meal/travel etc. use Team Update until Spend path wired — prefer B03 Spend for ops expenses
327,MTR-APK-0327,Business,Business,Team Operations,Team Meal,Expense,2025-11-17,22:52:54,2025-11-17 22:52:54,87739.14,INR,-87739.14,APK Owner,,,MAESTRO-APK-BUSINESS-TEAM_OPERATIONS-0327 | Team Meal | 87739.14,Android,B07,BASELINE_1_500,CREATED,idem-20260902-apk-0327,android,B01,TEAM_OPERATIONS,Team Update,B01:Team Update,ACTIVE,,business.expense.amount,business.expense.note,business.expense.submit,,Team Meal,MAESTRO-APK-BUSINESS-TEAM_OPERATIONS-0327 | Team Meal | 87739.14,JOINED,Team Ops hub has no Expense; Team meal/travel etc. use Team Update until Spend path wired — prefer B03 Spend for ops expenses
330,MTR-APK-0330,Business,Business,Team Operations,Travel,Expense,2026-07-28,21:00:33,2026-07-28 21:00:33,53913.78,INR,-53913.78,APK Owner,,,MAESTRO-APK-BUSINESS-TEAM_OPERATIONS-0330 | Travel | 53913.78,Android,B07,BASELINE_1_500,CREATED,idem-20260902-apk-0330,android,B01,TEAM_OPERATIONS,Team Update,B01:Team Update,ACTIVE,,business.expense.amount,business.expense.note,business.expense.submit,,Travel,MAESTRO-APK-BUSINESS-TEAM_OPERATIONS-0330 | Travel | 53913.78,JOINED,Team Ops hub has no Expense; Team meal/travel etc. use Team Update until Spend path wired — prefer B03 Spend for ops expenses
333,MTR-APK-0333,Business,Business,Team Operations,Training,Expense,2026-03-30,04:46:56,2026-03-30 04:46:56,100.0,INR,-100.0,APK Owner,,,MAESTRO-APK-BUSINESS-TEAM_OPERATIONS-0333 | Training | 100.00,Android,B07,BASELINE_1_500,CREATED,idem-20260902-apk-0333,android,B01,TEAM_OPERATIONS,Team Update,B01:Team Update,ACTIVE,,business.expense.amount,business.expense.note,business.expense.submit,,Training,MAESTRO-APK-BUSINESS-TEAM_OPERATIONS-0333 | Training | 100.00,JOINED,Team Ops hub has no Expense; Team meal/travel etc. use Team Update until Spend path wired — prefer B03 Spend for ops expenses
336,MTR-APK-0336,Business,Business,Team Operations,Tools,Expense,2025-10-17,11:53:49,2025-10-17 11:53:49,47252.54,INR,-47252.54,APK Owner,,,MAESTRO-APK-BUSINESS-TEAM_OPERATIONS-0336 | Tools | 47252.54,Android,B07,BASELINE_1_500,CREATED,idem-20260902-apk-0336,android,B01,TEAM_OPERATIONS,Team Update,B01:Team Update,ACTIVE,,business.expense.amount,business.expense.note,business.expense.submit,,Tools,MAESTRO-APK-BUSINESS-TEAM_OPERATIONS-0336 | Tools | 47252.54,JOINED,Team Ops hub has no Expense; Team meal/travel etc. use Team Update until Spend path wired — prefer B03 Spend for ops expenses
339,MTR-APK-0339,Business,Business,Business Runway,Funding,Income,2026-03-19,09:45:13,2026-03-19 09:45:13,178843.22,INR,178843.22,APK Owner,,,MAESTRO-APK-BUSINESS-BUSINESS_RUNWAY-0339 | Funding | 178843.22,Android,B07,BASELINE_1_500,CREATED,idem-20260902-apk-0339,android,B02,BUSINESS_RUNWAY,Revenue,B02:Revenue,ACTIVE,qa.tile.revenue,business.revenue.amount,,business.revenue.submit,,Funding,MAESTRO-APK-BUSINESS-BUSINESS_RUNWAY-0339 | Funding | 178843.22,JOINED,Funding/Investment/Loan/Revenue → Runway Revenue
342,MTR-APK-0342,Business,Business,Business Runway,Revenue,Income,2025-09-11,20:35:11,2025-09-11 20:35:11,168662.19,INR,168662.19,APK Owner,,,MAESTRO-APK-BUSINESS-BUSINESS_RUNWAY-0342 | Revenue | 168662.19,Android,B07,BASELINE_1_500,CREATED,idem-20260902-apk-0342,android,B02,BUSINESS_RUNWAY,Revenue,B02:Revenue,ACTIVE,qa.tile.revenue,business.revenue.amount,,business.revenue.submit,,Revenue,MAESTRO-APK-BUSINESS-BUSINESS_RUNWAY-0342 | Revenue | 168662.19,JOINED,Funding/Investment/Loan/Revenue → Runway Revenue
345,MTR-APK-0345,Business,Business,Business Runway,Burn,Expense,2026-07-23,17:42:09,2026-07-23 17:42:09,40911.26,INR,-40911.26,APK Owner,,,MAESTRO-APK-BUSINESS-BUSINESS_RUNWAY-0345 | Burn | 40911.26,Android,B07,BASELINE_1_500,CREATED,idem-20260902-apk-0345,android,B02,BUSINESS_RUNWAY,Expense,B02:Expense,ACTIVE,qa.tile.expense,business.expense.amount,business.expense.note,business.expense.submit,,Burn,MAESTRO-APK-BUSINESS-BUSINESS_RUNWAY-0345 | Burn | 40911.26,JOINED,Runway Log Expense
348,MTR-APK-0348,Business,Business,Business Runway,Reserve,Transfer,2026-03-12,12:32:20,2026-03-12 12:32:20,52678.73,INR,0.0,APK Owner,,,MAESTRO-APK-BUSINESS-BUSINESS_RUNWAY-0348 | Reserve | 52678.73,Android,B07,BASELINE_1_500,CREATED,idem-20260902-apk-0348,android,B02,BUSINESS_RUNWAY,Expense,B02:Expense,ACTIVE,qa.tile.expense,,,,,Reserve,MAESTRO-APK-BUSINESS-BUSINESS_RUNWAY-0348 | Reserve | 52678.73,JOINED_REVIEW,Reserve transfer → Runway expense/movement proxy — REVIEW
351,MTR-APK-0351,Business,Business,Business Runway,Loan,Income,2026-07-01,10:23:09,2026-07-01 10:23:09,10887.87,INR,10887.87,APK Owner,,,MAESTRO-APK-BUSINESS-BUSINESS_RUNWAY-0351 | Loan | 10887.87,Android,B08,BASELINE_1_500,CREATED,idem-20260902-apk-0351,android,B02,BUSINESS_RUNWAY,Revenue,B02:Revenue,ACTIVE,qa.tile.revenue,business.revenue.amount,,business.revenue.submit,,Loan,MAESTRO-APK-BUSINESS-BUSINESS_RUNWAY-0351 | Loan | 10887.87,JOINED,Funding/Investment/Loan/Revenue → Runway Revenue
354,MTR-APK-0354,Business,Business,Business Runway,Investment,Income,2026-08-16,15:23:30,2026-08-16 15:23:30,86736.53,INR,86736.53,APK Owner,,,MAESTRO-APK-BUSINESS-BUSINESS_RUNWAY-0354 | Investment | 86736.53,Android,B08,BASELINE_1_500,CREATED,idem-20260902-apk-0354,android,B02,BUSINESS_RUNWAY,Revenue,B02:Revenue,ACTIVE,qa.tile.revenue,business.revenue.amount,,business.revenue.submit,,Investment,MAESTRO-APK-BUSINESS-BUSINESS_RUNWAY-0354 | Investment | 86736.53,JOINED,Funding/Investment/Loan/Revenue → Runway Revenue
357,MTR-APK-0357,Business,Business,Business Operations,Software,Expense,2025-12-30,03:52:10,2025-12-30 03:52:10,150295.77,INR,-150295.77,APK Owner,,,MAESTRO-APK-BUSINESS-BUSINESS_OPERATIONS-0357 | Software | 150295.77,Android,B08,BASELINE_1_500,CREATED,idem-20260902-apk-0357,android,B03,BUSINESS_OPERATIONS,Spend Entry,B03:Spend Entry,ACTIVE,,business.expense.amount,business.expense.note,business.expense.submit,,Software,MAESTRO-APK-BUSINESS-BUSINESS_OPERATIONS-0357 | Software | 150295.77,JOINED,Ops Log Spend Entry; amount ID business.expense.amount
360,MTR-APK-0360,Business,Business,Business Operations,Rent,Expense,2026-07-06,19:58:59,2026-07-06 19:58:59,164955.51,INR,-164955.51,APK Owner,,,MAESTRO-APK-BUSINESS-BUSINESS_OPERATIONS-0360 | Rent | 164955.51,Android,B08,BASELINE_1_500,CREATED,idem-20260902-apk-0360,android,B03,BUSINESS_OPERATIONS,Spend Entry,B03:Spend Entry,ACTIVE,,business.expense.amount,business.expense.note,business.expense.submit,,Rent,MAESTRO-APK-BUSINESS-BUSINESS_OPERATIONS-0360 | Rent | 164955.51,JOINED,Ops Log Spend Entry; amount ID business.expense.amount
363,MTR-APK-0363,Business,Business,Business Operations,Marketing,Expense,2026-02-27,22:39:01,2026-02-27 22:39:01,36544.7,INR,-36544.7,APK Owner,,,MAESTRO-APK-BUSINESS-BUSINESS_OPERATIONS-0363 | Marketing | 36544.70,Android,B08,BASELINE_1_500,CREATED,idem-20260902-apk-0363,android,B03,BUSINESS_OPERATIONS,Spend Entry,B03:Spend Entry,ACTIVE,,business.expense.amount,business.expense.note,business.expense.submit,,Marketing,MAESTRO-APK-BUSINESS-BUSINESS_OPERATIONS-0363 | Marketing | 36544.70,JOINED,Ops Log Spend Entry; amount ID business.expense.amount
366,MTR-APK-0366,Business,Business,Business Operations,Legal,Expense,2025-10-09,19:21:08,2025-10-09 19:21:08,11987.1,INR,-11987.1,APK Owner,,,MAESTRO-APK-BUSINESS-BUSINESS_OPERATIONS-0366 | Legal | 11987.10,Android,B08,BASELINE_1_500,CREATED,idem-20260902-apk-0366,android,B03,BUSINESS_OPERATIONS,Spend Entry,B03:Spend Entry,ACTIVE,,business.expense.amount,business.expense.note,business.expense.submit,,Legal,MAESTRO-APK-BUSINESS-BUSINESS_OPERATIONS-0366 | Legal | 11987.10,JOINED,Ops Log Spend Entry; amount ID business.expense.amount
369,MTR-APK-0369,Business,Business,Business Operations,Accounting,Expense,2026-07-03,14:44:15,2026-07-03 14:44:15,111330.13,INR,-111330.13,APK Owner,,,MAESTRO-APK-BUSINESS-BUSINESS_OPERATIONS-0369 | Accounting | 111330.13,Android,B08,BASELINE_1_500,CREATED,idem-20260902-apk-0369,android,B03,BUSINESS_OPERATIONS,Spend Entry,B03:Spend Entry,ACTIVE,,business.expense.amount,business.expense.note,business.expense.submit,,Accounting,MAESTRO-APK-BUSINESS-BUSINESS_OPERATIONS-0369 | Accounting | 111330.13,JOINED,Ops Log Spend Entry; amount ID business.expense.amount
372,MTR-APK-0372,Business,Business,Business Operations,Equipment,Expense,2025-09-01,22:44:29,2025-09-01 22:44:29,112862.36,INR,-112862.36,APK Owner,,,MAESTRO-APK-BUSINESS-BUSINESS_OPERATIONS-0372 | Equipment | 112862.36,Android,B08,BASELINE_1_500,CREATED,idem-20260902-apk-0372,android,B03,BUSINESS_OPERATIONS,Spend Entry,B03:Spend Entry,ACTIVE,,business.expense.amount,business.expense.note,business.expense.submit,,Equipment,MAESTRO-APK-BUSINESS-BUSINESS_OPERATIONS-0372 | Equipment | 112862.36,JOINED,Ops Log Spend Entry; amount ID business.expense.amount
375,MTR-APK-0375,Business,Business,Business Operations,Vendor,Expense,2025-12-03,07:01:56,2025-12-03 07:01:56,11946.93,INR,-11946.93,APK Owner,,,MAESTRO-APK-BUSINESS-BUSINESS_OPERATIONS-0375 | Vendor | 11946.93,Android,B08,BASELINE_1_500,CREATED,idem-20260902-apk-0375,android,B03,BUSINESS_OPERATIONS,Spend Entry,B03:Spend Entry,ACTIVE,,business.expense.amount,business.expense.note,business.expense.submit,,Vendor,MAESTRO-APK-BUSINESS-BUSINESS_OPERATIONS-0375 | Vendor | 11946.93,JOINED,Ops Log Spend Entry; amount ID business.expense.amount
378,MTR-APK-0378,Business,Business,Business Operations,Tax,Expense,2026-06-29,10:15:18,2026-06-29 10:15:18,6030.71,INR,-6030.71,APK Owner,,,MAESTRO-APK-BUSINESS-BUSINESS_OPERATIONS-0378 | Tax | 6030.71,Android,B08,BASELINE_1_500,CREATED,idem-20260902-apk-0378,android,B03,BUSINESS_OPERATIONS,Spend Entry,B03:Spend Entry,ACTIVE,,business.expense.amount,business.expense.note,business.expense.submit,,Tax,MAESTRO-APK-BUSINESS-BUSINESS_OPERATIONS-0378 | Tax | 6030.71,JOINED,Ops Log Spend Entry; amount ID business.expense.amount
381,MTR-APK-0381,Business,Business,Team Operations,Payroll,Expense,2026-01-30,17:16:49,2026-01-30 17:16:49,147536.19,INR,-147536.19,APK Owner,,,MAESTRO-APK-BUSINESS-TEAM_OPERATIONS-0381 | Payroll | 147536.19,Android,B08,BASELINE_1_500,CREATED,idem-20260902-apk-0381,android,B01,TEAM_OPERATIONS,Team Update,B01:Team Update,ACTIVE,,business.expense.amount,business.expense.note,business.expense.submit,,Payroll,MAESTRO-APK-BUSINESS-TEAM_OPERATIONS-0381 | Payroll | 147536.19,JOINED,Team Ops hub has no Expense; Team meal/travel etc. use Team Update until Spend path wired — prefer B03 Spend for ops expenses
384,MTR-APK-0384,Business,Business,Team Operations,Contractor,Expense,2025-09-21,16:51:02,2025-09-21 16:51:02,172585.2,INR,-172585.2,APK Owner,,,MAESTRO-APK-BUSINESS-TEAM_OPERATIONS-0384 | Contractor | 172585.20,Android,B08,BASELINE_1_500,CREATED,idem-20260902-apk-0384,android,B01,TEAM_OPERATIONS,Team Update,B01:Team Update,ACTIVE,,business.expense.amount,business.expense.note,business.expense.submit,,Contractor,MAESTRO-APK-BUSINESS-TEAM_OPERATIONS-0384 | Contractor | 172585.20,JOINED,Team Ops hub has no Expense; Team meal/travel etc. use Team Update until Spend path wired — prefer B03 Spend for ops expenses
387,MTR-APK-0387,Business,Business,Team Operations,Hiring,Expense,2025-10-20,20:53:12,2025-10-20 20:53:12,133556.56,INR,-133556.56,APK Owner,,,MAESTRO-APK-BUSINESS-TEAM_OPERATIONS-0387 | Hiring | 133556.56,Android,B08,BASELINE_1_500,CREATED,idem-20260902-apk-0387,android,B01,TEAM_OPERATIONS,Team Update,B01:Team Update,ACTIVE,,business.expense.amount,business.expense.note,business.expense.submit,,Hiring,MAESTRO-APK-BUSINESS-TEAM_OPERATIONS-0387 | Hiring | 133556.56,JOINED,Team Ops hub has no Expense; Team meal/travel etc. use Team Update until Spend path wired — prefer B03 Spend for ops expenses
390,MTR-APK-0390,Business,Business,Team Operations,Team Meal,Expense,2026-04-07,19:32:17,2026-04-07 19:32:17,50557.73,INR,-50557.73,APK Owner,,,MAESTRO-APK-BUSINESS-TEAM_OPERATIONS-0390 | Team Meal | 50557.73,Android,B08,BASELINE_1_500,CREATED,idem-20260902-apk-0390,android,B01,TEAM_OPERATIONS,Team Update,B01:Team Update,ACTIVE,,business.expense.amount,business.expense.note,business.expense.submit,,Team Meal,MAESTRO-APK-BUSINESS-TEAM_OPERATIONS-0390 | Team Meal | 50557.73,JOINED,Team Ops hub has no Expense; Team meal/travel etc. use Team Update until Spend path wired — prefer B03 Spend for ops expenses
393,MTR-APK-0393,Business,Business,Team Operations,Travel,Expense,2026-04-01,06:28:57,2026-04-01 06:28:57,90865.33,INR,-90865.33,APK Owner,,,MAESTRO-APK-BUSINESS-TEAM_OPERATIONS-0393 | Travel | 90865.33,Android,B08,BASELINE_1_500,CREATED,idem-20260902-apk-0393,android,B01,TEAM_OPERATIONS,Team Update,B01:Team Update,ACTIVE,,business.expense.amount,business.expense.note,business.expense.submit,,Travel,MAESTRO-APK-BUSINESS-TEAM_OPERATIONS-0393 | Travel | 90865.33,JOINED,Team Ops hub has no Expense; Team meal/travel etc. use Team Update until Spend path wired — prefer B03 Spend for ops expenses
396,MTR-APK-0396,Business,Business,Team Operations,Training,Expense,2025-09-18,14:19:14,2025-09-18 14:19:14,146255.8,INR,-146255.8,APK Owner,,,MAESTRO-APK-BUSINESS-TEAM_OPERATIONS-0396 | Training | 146255.80,Android,B08,BASELINE_1_500,CREATED,idem-20260902-apk-0396,android,B01,TEAM_OPERATIONS,Team Update,B01:Team Update,ACTIVE,,business.expense.amount,business.expense.note,business.expense.submit,,Training,MAESTRO-APK-BUSINESS-TEAM_OPERATIONS-0396 | Training | 146255.80,JOINED,Team Ops hub has no Expense; Team meal/travel etc. use Team Update until Spend path wired — prefer B03 Spend for ops expenses
399,MTR-APK-0399,Business,Business,Team Operations,Tools,Expense,2026-07-21,07:43:07,2026-07-21 07:43:07,15180.28,INR,-15180.28,APK Owner,,,MAESTRO-APK-BUSINESS-TEAM_OPERATIONS-0399 | Tools | 15180.28,Android,B08,BASELINE_1_500,CREATED,idem-20260902-apk-0399,android,B01,TEAM_OPERATIONS,Team Update,B01:Team Update,ACTIVE,,business.expense.amount,business.expense.note,business.expense.submit,,Tools,MAESTRO-APK-BUSINESS-TEAM_OPERATIONS-0399 | Tools | 15180.28,JOINED,Team Ops hub has no Expense; Team meal/travel etc. use Team Update until Spend path wired — prefer B03 Spend for ops expenses
402,MTR-APK-0402,Business,Business,Business Runway,Funding,Income,2025-09-13,20:04:03,2025-09-13 20:04:03,165869.02,INR,165869.02,APK Owner,,,MAESTRO-APK-BUSINESS-BUSINESS_RUNWAY-0402 | Funding | 165869.02,Android,B09,BASELINE_1_500,CREATED,idem-20260902-apk-0402,android,B02,BUSINESS_RUNWAY,Revenue,B02:Revenue,ACTIVE,qa.tile.revenue,business.revenue.amount,,business.revenue.submit,,Funding,MAESTRO-APK-BUSINESS-BUSINESS_RUNWAY-0402 | Funding | 165869.02,JOINED,Funding/Investment/Loan/Revenue → Runway Revenue
405,MTR-APK-0405,Business,Business,Business Runway,Revenue,Income,2025-10-21,22:25:14,2025-10-21 22:25:14,107841.9,INR,107841.9,APK Owner,,,MAESTRO-APK-BUSINESS-BUSINESS_RUNWAY-0405 | Revenue | 107841.90,Android,B09,BASELINE_1_500,CREATED,idem-20260902-apk-0405,android,B02,BUSINESS_RUNWAY,Revenue,B02:Revenue,ACTIVE,qa.tile.revenue,business.revenue.amount,,business.revenue.submit,,Revenue,MAESTRO-APK-BUSINESS-BUSINESS_RUNWAY-0405 | Revenue | 107841.90,JOINED,Funding/Investment/Loan/Revenue → Runway Revenue
408,MTR-APK-0408,Business,Business,Business Runway,Burn,Expense,2026-01-24,10:22:17,2026-01-24 10:22:17,84655.42,INR,-84655.42,APK Owner,,,MAESTRO-APK-BUSINESS-BUSINESS_RUNWAY-0408 | Burn | 84655.42,Android,B09,BASELINE_1_500,CREATED,idem-20260902-apk-0408,android,B02,BUSINESS_RUNWAY,Expense,B02:Expense,ACTIVE,qa.tile.expense,business.expense.amount,business.expense.note,business.expense.submit,,Burn,MAESTRO-APK-BUSINESS-BUSINESS_RUNWAY-0408 | Burn | 84655.42,JOINED,Runway Log Expense
411,MTR-APK-0411,Business,Business,Business Runway,Reserve,Transfer,2025-12-17,15:56:02,2025-12-17 15:56:02,53455.08,INR,0.0,APK Owner,,,MAESTRO-APK-BUSINESS-BUSINESS_RUNWAY-0411 | Reserve | 53455.08,Android,B09,BASELINE_1_500,CREATED,idem-20260902-apk-0411,android,B02,BUSINESS_RUNWAY,Expense,B02:Expense,ACTIVE,qa.tile.expense,,,,,Reserve,MAESTRO-APK-BUSINESS-BUSINESS_RUNWAY-0411 | Reserve | 53455.08,JOINED_REVIEW,Reserve transfer → Runway expense/movement proxy — REVIEW
414,MTR-APK-0414,Business,Business,Business Runway,Loan,Income,2026-06-21,20:44:42,2026-06-21 20:44:42,165363.19,INR,165363.19,APK Owner,,,MAESTRO-APK-BUSINESS-BUSINESS_RUNWAY-0414 | Loan | 165363.19,Android,B09,BASELINE_1_500,CREATED,idem-20260902-apk-0414,android,B02,BUSINESS_RUNWAY,Revenue,B02:Revenue,ACTIVE,qa.tile.revenue,business.revenue.amount,,business.revenue.submit,,Loan,MAESTRO-APK-BUSINESS-BUSINESS_RUNWAY-0414 | Loan | 165363.19,JOINED,Funding/Investment/Loan/Revenue → Runway Revenue
417,MTR-APK-0417,Business,Business,Business Runway,Investment,Income,2025-10-05,09:29:06,2025-10-05 09:29:06,150927.58,INR,150927.58,APK Owner,,,MAESTRO-APK-BUSINESS-BUSINESS_RUNWAY-0417 | Investment | 150927.58,Android,B09,BASELINE_1_500,CREATED,idem-20260902-apk-0417,android,B02,BUSINESS_RUNWAY,Revenue,B02:Revenue,ACTIVE,qa.tile.revenue,business.revenue.amount,,business.revenue.submit,,Investment,MAESTRO-APK-BUSINESS-BUSINESS_RUNWAY-0417 | Investment | 150927.58,JOINED,Funding/Investment/Loan/Revenue → Runway Revenue
420,MTR-APK-0420,Business,Business,Business Operations,Software,Expense,2026-08-10,01:15:28,2026-08-10 01:15:28,97323.51,INR,-97323.51,APK Owner,,,MAESTRO-APK-BUSINESS-BUSINESS_OPERATIONS-0420 | Software | 97323.51,Android,B09,BASELINE_1_500,CREATED,idem-20260902-apk-0420,android,B03,BUSINESS_OPERATIONS,Spend Entry,B03:Spend Entry,ACTIVE,,business.expense.amount,business.expense.note,business.expense.submit,,Software,MAESTRO-APK-BUSINESS-BUSINESS_OPERATIONS-0420 | Software | 97323.51,JOINED,Ops Log Spend Entry; amount ID business.expense.amount
423,MTR-APK-0423,Business,Business,Business Operations,Rent,Expense,2025-11-02,04:09:22,2025-11-02 04:09:22,73132.72,INR,-73132.72,APK Owner,,,MAESTRO-APK-BUSINESS-BUSINESS_OPERATIONS-0423 | Rent | 73132.72,Android,B09,BASELINE_1_500,CREATED,idem-20260902-apk-0423,android,B03,BUSINESS_OPERATIONS,Spend Entry,B03:Spend Entry,ACTIVE,,business.expense.amount,business.expense.note,business.expense.submit,,Rent,MAESTRO-APK-BUSINESS-BUSINESS_OPERATIONS-0423 | Rent | 73132.72,JOINED,Ops Log Spend Entry; amount ID business.expense.amount
426,MTR-APK-0426,Business,Business,Business Operations,Marketing,Expense,2026-02-06,08:40:35,2026-02-06 08:40:35,156897.83,INR,-156897.83,APK Owner,,,MAESTRO-APK-BUSINESS-BUSINESS_OPERATIONS-0426 | Marketing | 156897.83,Android,B09,BASELINE_1_500,CREATED,idem-20260902-apk-0426,android,B03,BUSINESS_OPERATIONS,Spend Entry,B03:Spend Entry,ACTIVE,,business.expense.amount,business.expense.note,business.expense.submit,,Marketing,MAESTRO-APK-BUSINESS-BUSINESS_OPERATIONS-0426 | Marketing | 156897.83,JOINED,Ops Log Spend Entry; amount ID business.expense.amount
429,MTR-APK-0429,Business,Business,Business Operations,Legal,Expense,2026-08-17,05:13:37,2026-08-17 05:13:37,93280.48,INR,-93280.48,APK Owner,,,MAESTRO-APK-BUSINESS-BUSINESS_OPERATIONS-0429 | Legal | 93280.48,Android,B09,BASELINE_1_500,CREATED,idem-20260902-apk-0429,android,B03,BUSINESS_OPERATIONS,Spend Entry,B03:Spend Entry,ACTIVE,,business.expense.amount,business.expense.note,business.expense.submit,,Legal,MAESTRO-APK-BUSINESS-BUSINESS_OPERATIONS-0429 | Legal | 93280.48,JOINED,Ops Log Spend Entry; amount ID business.expense.amount
432,MTR-APK-0432,Business,Business,Business Operations,Accounting,Expense,2025-11-29,13:35:13,2025-11-29 13:35:13,24736.84,INR,-24736.84,APK Owner,,,MAESTRO-APK-BUSINESS-BUSINESS_OPERATIONS-0432 | Accounting | 24736.84,Android,B09,BASELINE_1_500,CREATED,idem-20260902-apk-0432,android,B03,BUSINESS_OPERATIONS,Spend Entry,B03:Spend Entry,ACTIVE,,business.expense.amount,business.expense.note,business.expense.submit,,Accounting,MAESTRO-APK-BUSINESS-BUSINESS_OPERATIONS-0432 | Accounting | 24736.84,JOINED,Ops Log Spend Entry; amount ID business.expense.amount
435,MTR-APK-0435,Business,Business,Business Operations,Equipment,Expense,2026-06-15,22:47:20,2026-06-15 22:47:20,173892.97,INR,-173892.97,APK Owner,,,MAESTRO-APK-BUSINESS-BUSINESS_OPERATIONS-0435 | Equipment | 173892.97,Android,B09,BASELINE_1_500,CREATED,idem-20260902-apk-0435,android,B03,BUSINESS_OPERATIONS,Spend Entry,B03:Spend Entry,ACTIVE,,business.expense.amount,business.expense.note,business.expense.submit,,Equipment,MAESTRO-APK-BUSINESS-BUSINESS_OPERATIONS-0435 | Equipment | 173892.97,JOINED,Ops Log Spend Entry; amount ID business.expense.amount
438,MTR-APK-0438,Business,Business,Business Operations,Vendor,Expense,2026-01-24,05:35:48,2026-01-24 05:35:48,115554.35,INR,-115554.35,APK Owner,,,MAESTRO-APK-BUSINESS-BUSINESS_OPERATIONS-0438 | Vendor | 115554.35,Android,B09,BASELINE_1_500,CREATED,idem-20260902-apk-0438,android,B03,BUSINESS_OPERATIONS,Spend Entry,B03:Spend Entry,ACTIVE,,business.expense.amount,business.expense.note,business.expense.submit,,Vendor,MAESTRO-APK-BUSINESS-BUSINESS_OPERATIONS-0438 | Vendor | 115554.35,JOINED,Ops Log Spend Entry; amount ID business.expense.amount
441,MTR-APK-0441,Business,Business,Business Operations,Tax,Expense,2025-10-28,18:06:31,2025-10-28 18:06:31,78074.39,INR,-78074.39,APK Owner,,,MAESTRO-APK-BUSINESS-BUSINESS_OPERATIONS-0441 | Tax | 78074.39,Android,B09,BASELINE_1_500,CREATED,idem-20260902-apk-0441,android,B03,BUSINESS_OPERATIONS,Spend Entry,B03:Spend Entry,ACTIVE,,business.expense.amount,business.expense.note,business.expense.submit,,Tax,MAESTRO-APK-BUSINESS-BUSINESS_OPERATIONS-0441 | Tax | 78074.39,JOINED,Ops Log Spend Entry; amount ID business.expense.amount
444,MTR-APK-0444,Business,Business,Team Operations,Payroll,Expense,2026-02-03,10:15:20,2026-02-03 10:15:20,0.01,INR,-0.01,APK Owner,,,MAESTRO-APK-BUSINESS-TEAM_OPERATIONS-0444 | Payroll | 0.01,Android,B09,BASELINE_1_500,CREATED,idem-20260902-apk-0444,android,B01,TEAM_OPERATIONS,Team Update,B01:Team Update,ACTIVE,,business.expense.amount,business.expense.note,business.expense.submit,,Payroll,MAESTRO-APK-BUSINESS-TEAM_OPERATIONS-0444 | Payroll | 0.01,JOINED,Team Ops hub has no Expense; Team meal/travel etc. use Team Update until Spend path wired — prefer B03 Spend for ops expenses
447,MTR-APK-0447,Business,Business,Team Operations,Contractor,Expense,2025-11-12,13:38:32,2025-11-12 13:38:32,100302.92,INR,-100302.92,APK Owner,,,MAESTRO-APK-BUSINESS-TEAM_OPERATIONS-0447 | Contractor | 100302.92,Android,B09,BASELINE_1_500,CREATED,idem-20260902-apk-0447,android,B01,TEAM_OPERATIONS,Team Update,B01:Team Update,ACTIVE,,business.expense.amount,business.expense.note,business.expense.submit,,Contractor,MAESTRO-APK-BUSINESS-TEAM_OPERATIONS-0447 | Contractor | 100302.92,JOINED,Team Ops hub has no Expense; Team meal/travel etc. use Team Update until Spend path wired — prefer B03 Spend for ops expenses
450,MTR-APK-0450,Business,Business,Team Operations,Hiring,Expense,2025-12-15,23:25:04,2025-12-15 23:25:04,12378.08,INR,-12378.08,APK Owner,,,MAESTRO-APK-BUSINESS-TEAM_OPERATIONS-0450 | Hiring | 12378.08,Android,B09,BASELINE_1_500,CREATED,idem-20260902-apk-0450,android,B01,TEAM_OPERATIONS,Team Update,B01:Team Update,ACTIVE,,business.expense.amount,business.expense.note,business.expense.submit,,Hiring,MAESTRO-APK-BUSINESS-TEAM_OPERATIONS-0450 | Hiring | 12378.08,JOINED,Team Ops hub has no Expense; Team meal/travel etc. use Team Update until Spend path wired — prefer B03 Spend for ops expenses
453,MTR-APK-0453,Business,Business,Team Operations,Team Meal,Expense,2025-12-26,08:00:35,2025-12-26 08:00:35,92042.11,INR,-92042.11,APK Owner,,,MAESTRO-APK-BUSINESS-TEAM_OPERATIONS-0453 | Team Meal | 92042.11,Android,B10,BASELINE_1_500,CREATED,idem-20260902-apk-0453,android,B01,TEAM_OPERATIONS,Team Update,B01:Team Update,ACTIVE,,business.expense.amount,business.expense.note,business.expense.submit,,Team Meal,MAESTRO-APK-BUSINESS-TEAM_OPERATIONS-0453 | Team Meal | 92042.11,JOINED,Team Ops hub has no Expense; Team meal/travel etc. use Team Update until Spend path wired — prefer B03 Spend for ops expenses
456,MTR-APK-0456,Business,Business,Team Operations,Travel,Expense,2026-03-04,03:00:43,2026-03-04 03:00:43,94941.07,INR,-94941.07,APK Owner,,,MAESTRO-APK-BUSINESS-TEAM_OPERATIONS-0456 | Travel | 94941.07,Android,B10,BASELINE_1_500,CREATED,idem-20260902-apk-0456,android,B01,TEAM_OPERATIONS,Team Update,B01:Team Update,ACTIVE,,business.expense.amount,business.expense.note,business.expense.submit,,Travel,MAESTRO-APK-BUSINESS-TEAM_OPERATIONS-0456 | Travel | 94941.07,JOINED,Team Ops hub has no Expense; Team meal/travel etc. use Team Update until Spend path wired — prefer B03 Spend for ops expenses
459,MTR-APK-0459,Business,Business,Team Operations,Training,Expense,2026-04-12,18:48:22,2026-04-12 18:48:22,49033.17,INR,-49033.17,APK Owner,,,MAESTRO-APK-BUSINESS-TEAM_OPERATIONS-0459 | Training | 49033.17,Android,B10,BASELINE_1_500,CREATED,idem-20260902-apk-0459,android,B01,TEAM_OPERATIONS,Team Update,B01:Team Update,ACTIVE,,business.expense.amount,business.expense.note,business.expense.submit,,Training,MAESTRO-APK-BUSINESS-TEAM_OPERATIONS-0459 | Training | 49033.17,JOINED,Team Ops hub has no Expense; Team meal/travel etc. use Team Update until Spend path wired — prefer B03 Spend for ops expenses
462,MTR-APK-0462,Business,Business,Team Operations,Tools,Expense,2026-06-15,04:20:36,2026-06-15 04:20:36,133446.12,INR,-133446.12,APK Owner,,,MAESTRO-APK-BUSINESS-TEAM_OPERATIONS-0462 | Tools | 133446.12,Android,B10,BASELINE_1_500,CREATED,idem-20260902-apk-0462,android,B01,TEAM_OPERATIONS,Team Update,B01:Team Update,ACTIVE,,business.expense.amount,business.expense.note,business.expense.submit,,Tools,MAESTRO-APK-BUSINESS-TEAM_OPERATIONS-0462 | Tools | 133446.12,JOINED,Team Ops hub has no Expense; Team meal/travel etc. use Team Update until Spend path wired — prefer B03 Spend for ops expenses
465,MTR-APK-0465,Business,Business,Business Runway,Funding,Income,2026-07-31,19:14:09,2026-07-31 19:14:09,138274.86,INR,138274.86,APK Owner,,,MAESTRO-APK-BUSINESS-BUSINESS_RUNWAY-0465 | Funding | 138274.86,Android,B10,BASELINE_1_500,CREATED,idem-20260902-apk-0465,android,B02,BUSINESS_RUNWAY,Revenue,B02:Revenue,ACTIVE,qa.tile.revenue,business.revenue.amount,,business.revenue.submit,,Funding,MAESTRO-APK-BUSINESS-BUSINESS_RUNWAY-0465 | Funding | 138274.86,JOINED,Funding/Investment/Loan/Revenue → Runway Revenue
468,MTR-APK-0468,Business,Business,Business Runway,Revenue,Income,2025-10-15,20:38:50,2025-10-15 20:38:50,47361.17,INR,47361.17,APK Owner,,,MAESTRO-APK-BUSINESS-BUSINESS_RUNWAY-0468 | Revenue | 47361.17,Android,B10,BASELINE_1_500,CREATED,idem-20260902-apk-0468,android,B02,BUSINESS_RUNWAY,Revenue,B02:Revenue,ACTIVE,qa.tile.revenue,business.revenue.amount,,business.revenue.submit,,Revenue,MAESTRO-APK-BUSINESS-BUSINESS_RUNWAY-0468 | Revenue | 47361.17,JOINED,Funding/Investment/Loan/Revenue → Runway Revenue
471,MTR-APK-0471,Business,Business,Business Runway,Burn,Expense,2026-01-17,23:22:05,2026-01-17 23:22:05,62668.74,INR,-62668.74,APK Owner,,,MAESTRO-APK-BUSINESS-BUSINESS_RUNWAY-0471 | Burn | 62668.74,Android,B10,BASELINE_1_500,CREATED,idem-20260902-apk-0471,android,B02,BUSINESS_RUNWAY,Expense,B02:Expense,ACTIVE,qa.tile.expense,business.expense.amount,business.expense.note,business.expense.submit,,Burn,MAESTRO-APK-BUSINESS-BUSINESS_RUNWAY-0471 | Burn | 62668.74,JOINED,Runway Log Expense
474,MTR-APK-0474,Business,Business,Business Runway,Reserve,Transfer,2026-03-25,06:00:56,2026-03-25 06:00:56,123313.01,INR,0.0,APK Owner,,,MAESTRO-APK-BUSINESS-BUSINESS_RUNWAY-0474 | Reserve | 123313.01,Android,B10,BASELINE_1_500,CREATED,idem-20260902-apk-0474,android,B02,BUSINESS_RUNWAY,Expense,B02:Expense,ACTIVE,qa.tile.expense,,,,,Reserve,MAESTRO-APK-BUSINESS-BUSINESS_RUNWAY-0474 | Reserve | 123313.01,JOINED_REVIEW,Reserve transfer → Runway expense/movement proxy — REVIEW
477,MTR-APK-0477,Business,Business,Business Runway,Loan,Income,2025-10-08,21:36:25,2025-10-08 21:36:25,25761.06,INR,25761.06,APK Owner,,,MAESTRO-APK-BUSINESS-BUSINESS_RUNWAY-0477 | Loan | 25761.06,Android,B10,BASELINE_1_500,CREATED,idem-20260902-apk-0477,android,B02,BUSINESS_RUNWAY,Revenue,B02:Revenue,ACTIVE,qa.tile.revenue,business.revenue.amount,,business.revenue.submit,,Loan,MAESTRO-APK-BUSINESS-BUSINESS_RUNWAY-0477 | Loan | 25761.06,JOINED,Funding/Investment/Loan/Revenue → Runway Revenue
480,MTR-APK-0480,Business,Business,Business Runway,Investment,Income,2026-06-18,20:20:47,2026-06-18 20:20:47,28032.28,INR,28032.28,APK Owner,,,MAESTRO-APK-BUSINESS-BUSINESS_RUNWAY-0480 | Investment | 28032.28,Android,B10,BASELINE_1_500,CREATED,idem-20260902-apk-0480,android,B02,BUSINESS_RUNWAY,Revenue,B02:Revenue,ACTIVE,qa.tile.revenue,business.revenue.amount,,business.revenue.submit,,Investment,MAESTRO-APK-BUSINESS-BUSINESS_RUNWAY-0480 | Investment | 28032.28,JOINED,Funding/Investment/Loan/Revenue → Runway Revenue
483,MTR-APK-0483,Business,Business,Business Operations,Software,Expense,2025-12-12,12:04:21,2025-12-12 12:04:21,83512.33,INR,-83512.33,APK Owner,,,MAESTRO-APK-BUSINESS-BUSINESS_OPERATIONS-0483 | Software | 83512.33,Android,B10,BASELINE_1_500,CREATED,idem-20260902-apk-0483,android,B03,BUSINESS_OPERATIONS,Spend Entry,B03:Spend Entry,ACTIVE,,business.expense.amount,business.expense.note,business.expense.submit,,Software,MAESTRO-APK-BUSINESS-BUSINESS_OPERATIONS-0483 | Software | 83512.33,JOINED,Ops Log Spend Entry; amount ID business.expense.amount
486,MTR-APK-0486,Business,Business,Business Operations,Rent,Expense,2025-09-17,04:24:09,2025-09-17 04:24:09,81284.47,INR,-81284.47,APK Owner,,,MAESTRO-APK-BUSINESS-BUSINESS_OPERATIONS-0486 | Rent | 81284.47,Android,B10,BASELINE_1_500,CREATED,idem-20260902-apk-0486,android,B03,BUSINESS_OPERATIONS,Spend Entry,B03:Spend Entry,ACTIVE,,business.expense.amount,business.expense.note,business.expense.submit,,Rent,MAESTRO-APK-BUSINESS-BUSINESS_OPERATIONS-0486 | Rent | 81284.47,JOINED,Ops Log Spend Entry; amount ID business.expense.amount
489,MTR-APK-0489,Business,Business,Business Operations,Marketing,Expense,2025-12-27,19:18:10,2025-12-27 19:18:10,4544.39,INR,-4544.39,APK Owner,,,MAESTRO-APK-BUSINESS-BUSINESS_OPERATIONS-0489 | Marketing | 4544.39,Android,B10,BASELINE_1_500,CREATED,idem-20260902-apk-0489,android,B03,BUSINESS_OPERATIONS,Spend Entry,B03:Spend Entry,ACTIVE,,business.expense.amount,business.expense.note,business.expense.submit,,Marketing,MAESTRO-APK-BUSINESS-BUSINESS_OPERATIONS-0489 | Marketing | 4544.39,JOINED,Ops Log Spend Entry; amount ID business.expense.amount
492,MTR-APK-0492,Business,Business,Business Operations,Legal,Expense,2025-11-04,07:57:12,2025-11-04 07:57:12,152418.42,INR,-152418.42,APK Owner,,,MAESTRO-APK-BUSINESS-BUSINESS_OPERATIONS-0492 | Legal | 152418.42,Android,B10,BASELINE_1_500,CREATED,idem-20260902-apk-0492,android,B03,BUSINESS_OPERATIONS,Spend Entry,B03:Spend Entry,ACTIVE,,business.expense.amount,business.expense.note,business.expense.submit,,Legal,MAESTRO-APK-BUSINESS-BUSINESS_OPERATIONS-0492 | Legal | 152418.42,JOINED,Ops Log Spend Entry; amount ID business.expense.amount
495,MTR-APK-0495,Business,Business,Business Operations,Accounting,Expense,2026-07-29,04:29:21,2026-07-29 04:29:21,134184.16,INR,-134184.16,APK Owner,,,MAESTRO-APK-BUSINESS-BUSINESS_OPERATIONS-0495 | Accounting | 134184.16,Android,B10,BASELINE_1_500,CREATED,idem-20260902-apk-0495,android,B03,BUSINESS_OPERATIONS,Spend Entry,B03:Spend Entry,ACTIVE,,business.expense.amount,business.expense.note,business.expense.submit,,Accounting,MAESTRO-APK-BUSINESS-BUSINESS_OPERATIONS-0495 | Accounting | 134184.16,JOINED,Ops Log Spend Entry; amount ID business.expense.amount
498,MTR-APK-0498,Business,Business,Business Operations,Equipment,Expense,2025-10-13,13:42:04,2025-10-13 13:42:04,138739.77,INR,-138739.77,APK Owner,,,MAESTRO-APK-BUSINESS-BUSINESS_OPERATIONS-0498 | Equipment | 138739.77,Android,B10,BASELINE_1_500,CREATED,idem-20260902-apk-0498,android,B03,BUSINESS_OPERATIONS,Spend Entry,B03:Spend Entry,ACTIVE,,business.expense.amount,business.expense.note,business.expense.submit,,Equipment,MAESTRO-APK-BUSINESS-BUSINESS_OPERATIONS-0498 | Equipment | 138739.77,JOINED,Ops Log Spend Entry; amount ID business.expense.amount
501,MTR-APK-0501,Business,Business,Business Operations,Vendor,Expense,2025-10-23,13:06:59,2025-10-23 13:06:59,76677.71,INR,-76677.71,APK Owner,,,MAESTRO-APK-BUSINESS-BUSINESS_OPERATIONS-0501 | Vendor | 76677.71,Android,B11,RAMP_501_1500,CREATED,idem-20260902-apk-0501,android,B03,BUSINESS_OPERATIONS,Spend Entry,B03:Spend Entry,ACTIVE,,business.expense.amount,business.expense.note,business.expense.submit,,Vendor,MAESTRO-APK-BUSINESS-BUSINESS_OPERATIONS-0501 | Vendor | 76677.71,JOINED,Ops Log Spend Entry; amount ID business.expense.amount
504,MTR-APK-0504,Business,Business,Business Operations,Tax,Expense,2025-10-02,14:40:18,2025-10-02 14:40:18,148659.07,INR,-148659.07,APK Owner,,,MAESTRO-APK-BUSINESS-BUSINESS_OPERATIONS-0504 | Tax | 148659.07,Android,B11,RAMP_501_1500,CREATED,idem-20260902-apk-0504,android,B03,BUSINESS_OPERATIONS,Spend Entry,B03:Spend Entry,ACTIVE,,business.expense.amount,business.expense.note,business.expense.submit,,Tax,MAESTRO-APK-BUSINESS-BUSINESS_OPERATIONS-0504 | Tax | 148659.07,JOINED,Ops Log Spend Entry; amount ID business.expense.amount
507,MTR-APK-0507,Business,Business,Team Operations,Payroll,Expense,2025-10-08,06:01:01,2025-10-08 06:01:01,43070.77,INR,-43070.77,APK Owner,,,MAESTRO-APK-BUSINESS-TEAM_OPERATIONS-0507 | Payroll | 43070.77,Android,B11,RAMP_501_1500,CREATED,idem-20260902-apk-0507,android,B01,TEAM_OPERATIONS,Team Update,B01:Team Update,ACTIVE,,business.expense.amount,business.expense.note,business.expense.submit,,Payroll,MAESTRO-APK-BUSINESS-TEAM_OPERATIONS-0507 | Payroll | 43070.77,JOINED,Team Ops hub has no Expense; Team meal/travel etc. use Team Update until Spend path wired — prefer B03 Spend for ops expenses
510,MTR-APK-0510,Business,Business,Team Operations,Contractor,Expense,2025-12-17,04:39:22,2025-12-17 04:39:22,1847.9,INR,-1847.9,APK Owner,,,MAESTRO-APK-BUSINESS-TEAM_OPERATIONS-0510 | Contractor | 1847.90,Android,B11,RAMP_501_1500,CREATED,idem-20260902-apk-0510,android,B01,TEAM_OPERATIONS,Team Update,B01:Team Update,ACTIVE,,business.expense.amount,business.expense.note,business.expense.submit,,Contractor,MAESTRO-APK-BUSINESS-TEAM_OPERATIONS-0510 | Contractor | 1847.90,JOINED,Team Ops hub has no Expense; Team meal/travel etc. use Team Update until Spend path wired — prefer B03 Spend for ops expenses
513,MTR-APK-0513,Business,Business,Team Operations,Hiring,Expense,2026-07-17,08:21:44,2026-07-17 08:21:44,138029.28,INR,-138029.28,APK Owner,,,MAESTRO-APK-BUSINESS-TEAM_OPERATIONS-0513 | Hiring | 138029.28,Android,B11,RAMP_501_1500,CREATED,idem-20260902-apk-0513,android,B01,TEAM_OPERATIONS,Team Update,B01:Team Update,ACTIVE,,business.expense.amount,business.expense.note,business.expense.submit,,Hiring,MAESTRO-APK-BUSINESS-TEAM_OPERATIONS-0513 | Hiring | 138029.28,JOINED,Team Ops hub has no Expense; Team meal/travel etc. use Team Update until Spend path wired — prefer B03 Spend for ops expenses
516,MTR-APK-0516,Business,Business,Team Operations,Team Meal,Expense,2025-10-21,15:07:08,2025-10-21 15:07:08,47848.03,INR,-47848.03,APK Owner,,,MAESTRO-APK-BUSINESS-TEAM_OPERATIONS-0516 | Team Meal | 47848.03,Android,B11,RAMP_501_1500,CREATED,idem-20260902-apk-0516,android,B01,TEAM_OPERATIONS,Team Update,B01:Team Update,ACTIVE,,business.expense.amount,business.expense.note,business.expense.submit,,Team Meal,MAESTRO-APK-BUSINESS-TEAM_OPERATIONS-0516 | Team Meal | 47848.03,JOINED,Team Ops hub has no Expense; Team meal/travel etc. use Team Update until Spend path wired — prefer B03 Spend for ops expenses
519,MTR-APK-0519,Business,Business,Team Operations,Travel,Expense,2026-01-13,06:59:06,2026-01-13 06:59:06,120693.85,INR,-120693.85,APK Owner,,,MAESTRO-APK-BUSINESS-TEAM_OPERATIONS-0519 | Travel | 120693.85,Android,B11,RAMP_501_1500,CREATED,idem-20260902-apk-0519,android,B01,TEAM_OPERATIONS,Team Update,B01:Team Update,ACTIVE,,business.expense.amount,business.expense.note,business.expense.submit,,Travel,MAESTRO-APK-BUSINESS-TEAM_OPERATIONS-0519 | Travel | 120693.85,JOINED,Team Ops hub has no Expense; Team meal/travel etc. use Team Update until Spend path wired — prefer B03 Spend for ops expenses
522,MTR-APK-0522,Business,Business,Team Operations,Training,Expense,2026-03-13,11:22:07,2026-03-13 11:22:07,56804.0,INR,-56804.0,APK Owner,,,MAESTRO-APK-BUSINESS-TEAM_OPERATIONS-0522 | Training | 56804.00,Android,B11,RAMP_501_1500,CREATED,idem-20260902-apk-0522,android,B01,TEAM_OPERATIONS,Team Update,B01:Team Update,ACTIVE,,business.expense.amount,business.expense.note,business.expense.submit,,Training,MAESTRO-APK-BUSINESS-TEAM_OPERATIONS-0522 | Training | 56804.00,JOINED,Team Ops hub has no Expense; Team meal/travel etc. use Team Update until Spend path wired — prefer B03 Spend for ops expenses
525,MTR-APK-0525,Business,Business,Team Operations,Tools,Expense,2025-10-19,05:56:21,2025-10-19 05:56:21,19401.04,INR,-19401.04,APK Owner,,,MAESTRO-APK-BUSINESS-TEAM_OPERATIONS-0525 | Tools | 19401.04,Android,B11,RAMP_501_1500,CREATED,idem-20260902-apk-0525,android,B01,TEAM_OPERATIONS,Team Update,B01:Team Update,ACTIVE,,business.expense.amount,business.expense.note,business.expense.submit,,Tools,MAESTRO-APK-BUSINESS-TEAM_OPERATIONS-0525 | Tools | 19401.04,JOINED,Team Ops hub has no Expense; Team meal/travel etc. use Team Update until Spend path wired — prefer B03 Spend for ops expenses
528,MTR-APK-0528,Business,Business,Business Runway,Funding,Income,2025-09-02,22:41:57,2025-09-02 22:41:57,10682.02,INR,10682.02,APK Owner,,,MAESTRO-APK-BUSINESS-BUSINESS_RUNWAY-0528 | Funding | 10682.02,Android,B11,RAMP_501_1500,CREATED,idem-20260902-apk-0528,android,B02,BUSINESS_RUNWAY,Revenue,B02:Revenue,ACTIVE,qa.tile.revenue,business.revenue.amount,,business.revenue.submit,,Funding,MAESTRO-APK-BUSINESS-BUSINESS_RUNWAY-0528 | Funding | 10682.02,JOINED,Funding/Investment/Loan/Revenue → Runway Revenue
531,MTR-APK-0531,Business,Business,Business Runway,Revenue,Income,2026-03-21,01:06:34,2026-03-21 01:06:34,41595.1,INR,41595.1,APK Owner,,,MAESTRO-APK-BUSINESS-BUSINESS_RUNWAY-0531 | Revenue | 41595.10,Android,B11,RAMP_501_1500,CREATED,idem-20260902-apk-0531,android,B02,BUSINESS_RUNWAY,Revenue,B02:Revenue,ACTIVE,qa.tile.revenue,business.revenue.amount,,business.revenue.submit,,Revenue,MAESTRO-APK-BUSINESS-BUSINESS_RUNWAY-0531 | Revenue | 41595.10,JOINED,Funding/Investment/Loan/Revenue → Runway Revenue
534,MTR-APK-0534,Business,Business,Business Runway,Burn,Expense,2026-07-28,02:05:44,2026-07-28 02:05:44,13214.74,INR,-13214.74,APK Owner,,,MAESTRO-APK-BUSINESS-BUSINESS_RUNWAY-0534 | Burn | 13214.74,Android,B11,RAMP_501_1500,CREATED,idem-20260902-apk-0534,android,B02,BUSINESS_RUNWAY,Expense,B02:Expense,ACTIVE,qa.tile.expense,business.expense.amount,business.expense.note,business.expense.submit,,Burn,MAESTRO-APK-BUSINESS-BUSINESS_RUNWAY-0534 | Burn | 13214.74,JOINED,Runway Log Expense
537,MTR-APK-0537,Business,Business,Business Runway,Reserve,Transfer,2026-06-19,07:39:23,2026-06-19 07:39:23,120222.95,INR,0.0,APK Owner,,,MAESTRO-APK-BUSINESS-BUSINESS_RUNWAY-0537 | Reserve | 120222.95,Android,B11,RAMP_501_1500,CREATED,idem-20260902-apk-0537,android,B02,BUSINESS_RUNWAY,Expense,B02:Expense,ACTIVE,qa.tile.expense,,,,,Reserve,MAESTRO-APK-BUSINESS-BUSINESS_RUNWAY-0537 | Reserve | 120222.95,JOINED_REVIEW,Reserve transfer → Runway expense/movement proxy — REVIEW
540,MTR-APK-0540,Business,Business,Business Runway,Loan,Income,2026-08-15,09:28:09,2026-08-15 09:28:09,46350.11,INR,46350.11,APK Owner,,,MAESTRO-APK-BUSINESS-BUSINESS_RUNWAY-0540 | Loan | 46350.11,Android,B11,RAMP_501_1500,CREATED,idem-20260902-apk-0540,android,B02,BUSINESS_RUNWAY,Revenue,B02:Revenue,ACTIVE,qa.tile.revenue,business.revenue.amount,,business.revenue.submit,,Loan,MAESTRO-APK-BUSINESS-BUSINESS_RUNWAY-0540 | Loan | 46350.11,JOINED,Funding/Investment/Loan/Revenue → Runway Revenue
543,MTR-APK-0543,Business,Business,Business Runway,Investment,Income,2025-12-11,07:10:38,2025-12-11 07:10:38,136187.31,INR,136187.31,APK Owner,,,MAESTRO-APK-BUSINESS-BUSINESS_RUNWAY-0543 | Investment | 136187.31,Android,B11,RAMP_501_1500,CREATED,idem-20260902-apk-0543,android,B02,BUSINESS_RUNWAY,Revenue,B02:Revenue,ACTIVE,qa.tile.revenue,business.revenue.amount,,business.revenue.submit,,Investment,MAESTRO-APK-BUSINESS-BUSINESS_RUNWAY-0543 | Investment | 136187.31,JOINED,Funding/Investment/Loan/Revenue → Runway Revenue
546,MTR-APK-0546,Business,Business,Business Operations,Software,Expense,2026-07-01,21:24:09,2026-07-01 21:24:09,80801.27,INR,-80801.27,APK Owner,,,MAESTRO-APK-BUSINESS-BUSINESS_OPERATIONS-0546 | Software | 80801.27,Android,B11,RAMP_501_1500,CREATED,idem-20260902-apk-0546,android,B03,BUSINESS_OPERATIONS,Spend Entry,B03:Spend Entry,ACTIVE,,business.expense.amount,business.expense.note,business.expense.submit,,Software,MAESTRO-APK-BUSINESS-BUSINESS_OPERATIONS-0546 | Software | 80801.27,JOINED,Ops Log Spend Entry; amount ID business.expense.amount
549,MTR-APK-0549,Business,Business,Business Operations,Rent,Expense,2026-08-16,18:48:39,2026-08-16 18:48:39,173741.08,INR,-173741.08,APK Owner,,,MAESTRO-APK-BUSINESS-BUSINESS_OPERATIONS-0549 | Rent | 173741.08,Android,B11,RAMP_501_1500,CREATED,idem-20260902-apk-0549,android,B03,BUSINESS_OPERATIONS,Spend Entry,B03:Spend Entry,ACTIVE,,business.expense.amount,business.expense.note,business.expense.submit,,Rent,MAESTRO-APK-BUSINESS-BUSINESS_OPERATIONS-0549 | Rent | 173741.08,JOINED,Ops Log Spend Entry; amount ID business.expense.amount
552,MTR-APK-0552,Business,Business,Business Operations,Marketing,Expense,2025-11-20,17:08:23,2025-11-20 17:08:23,126992.23,INR,-126992.23,APK Owner,,,MAESTRO-APK-BUSINESS-BUSINESS_OPERATIONS-0552 | Marketing | 126992.23,Android,B12,RAMP_501_1500,CREATED,idem-20260902-apk-0552,android,B03,BUSINESS_OPERATIONS,Spend Entry,B03:Spend Entry,ACTIVE,,business.expense.amount,business.expense.note,business.expense.submit,,Marketing,MAESTRO-APK-BUSINESS-BUSINESS_OPERATIONS-0552 | Marketing | 126992.23,JOINED,Ops Log Spend Entry; amount ID business.expense.amount
555,MTR-APK-0555,Business,Business,Business Operations,Legal,Expense,2026-03-06,18:31:04,2026-03-06 18:31:04,100.0,INR,-100.0,APK Owner,,,MAESTRO-APK-BUSINESS-BUSINESS_OPERATIONS-0555 | Legal | 100.00,Android,B12,RAMP_501_1500,CREATED,idem-20260902-apk-0555,android,B03,BUSINESS_OPERATIONS,Spend Entry,B03:Spend Entry,ACTIVE,,business.expense.amount,business.expense.note,business.expense.submit,,Legal,MAESTRO-APK-BUSINESS-BUSINESS_OPERATIONS-0555 | Legal | 100.00,JOINED,Ops Log Spend Entry; amount ID business.expense.amount
558,MTR-APK-0558,Business,Business,Business Operations,Accounting,Expense,2026-04-20,21:35:45,2026-04-20 21:35:45,58522.05,INR,-58522.05,APK Owner,,,MAESTRO-APK-BUSINESS-BUSINESS_OPERATIONS-0558 | Accounting | 58522.05,Android,B12,RAMP_501_1500,CREATED,idem-20260902-apk-0558,android,B03,BUSINESS_OPERATIONS,Spend Entry,B03:Spend Entry,ACTIVE,,business.expense.amount,business.expense.note,business.expense.submit,,Accounting,MAESTRO-APK-BUSINESS-BUSINESS_OPERATIONS-0558 | Accounting | 58522.05,JOINED,Ops Log Spend Entry; amount ID business.expense.amount
561,MTR-APK-0561,Business,Business,Business Operations,Equipment,Expense,2026-04-20,07:54:07,2026-04-20 07:54:07,44950.96,INR,-44950.96,APK Owner,,,MAESTRO-APK-BUSINESS-BUSINESS_OPERATIONS-0561 | Equipment | 44950.96,Android,B12,RAMP_501_1500,CREATED,idem-20260902-apk-0561,android,B03,BUSINESS_OPERATIONS,Spend Entry,B03:Spend Entry,ACTIVE,,business.expense.amount,business.expense.note,business.expense.submit,,Equipment,MAESTRO-APK-BUSINESS-BUSINESS_OPERATIONS-0561 | Equipment | 44950.96,JOINED,Ops Log Spend Entry; amount ID business.expense.amount
564,MTR-APK-0564,Business,Business,Business Operations,Vendor,Expense,2025-12-02,16:02:55,2025-12-02 16:02:55,79902.16,INR,-79902.16,APK Owner,,,MAESTRO-APK-BUSINESS-BUSINESS_OPERATIONS-0564 | Vendor | 79902.16,Android,B12,RAMP_501_1500,CREATED,idem-20260902-apk-0564,android,B03,BUSINESS_OPERATIONS,Spend Entry,B03:Spend Entry,ACTIVE,,business.expense.amount,business.expense.note,business.expense.submit,,Vendor,MAESTRO-APK-BUSINESS-BUSINESS_OPERATIONS-0564 | Vendor | 79902.16,JOINED,Ops Log Spend Entry; amount ID business.expense.amount
567,MTR-APK-0567,Business,Business,Business Operations,Tax,Expense,2026-07-10,14:23:01,2026-07-10 14:23:01,147329.72,INR,-147329.72,APK Owner,,,MAESTRO-APK-BUSINESS-BUSINESS_OPERATIONS-0567 | Tax | 147329.72,Android,B12,RAMP_501_1500,CREATED,idem-20260902-apk-0567,android,B03,BUSINESS_OPERATIONS,Spend Entry,B03:Spend Entry,ACTIVE,,business.expense.amount,business.expense.note,business.expense.submit,,Tax,MAESTRO-APK-BUSINESS-BUSINESS_OPERATIONS-0567 | Tax | 147329.72,JOINED,Ops Log Spend Entry; amount ID business.expense.amount
570,MTR-APK-0570,Business,Business,Team Operations,Payroll,Expense,2026-01-18,02:10:43,2026-01-18 02:10:43,81847.67,INR,-81847.67,APK Owner,,,MAESTRO-APK-BUSINESS-TEAM_OPERATIONS-0570 | Payroll | 81847.67,Android,B12,RAMP_501_1500,CREATED,idem-20260902-apk-0570,android,B01,TEAM_OPERATIONS,Team Update,B01:Team Update,ACTIVE,,business.expense.amount,business.expense.note,business.expense.submit,,Payroll,MAESTRO-APK-BUSINESS-TEAM_OPERATIONS-0570 | Payroll | 81847.67,JOINED,Team Ops hub has no Expense; Team meal/travel etc. use Team Update until Spend path wired — prefer B03 Spend for ops expenses
573,MTR-APK-0573,Business,Business,Team Operations,Contractor,Expense,2026-07-26,13:02:10,2026-07-26 13:02:10,50825.39,INR,-50825.39,APK Owner,,,MAESTRO-APK-BUSINESS-TEAM_OPERATIONS-0573 | Contractor | 50825.39,Android,B12,RAMP_501_1500,CREATED,idem-20260902-apk-0573,android,B01,TEAM_OPERATIONS,Team Update,B01:Team Update,ACTIVE,,business.expense.amount,business.expense.note,business.expense.submit,,Contractor,MAESTRO-APK-BUSINESS-TEAM_OPERATIONS-0573 | Contractor | 50825.39,JOINED,Team Ops hub has no Expense; Team meal/travel etc. use Team Update until Spend path wired — prefer B03 Spend for ops expenses
576,MTR-APK-0576,Business,Business,Team Operations,Hiring,Expense,2026-06-07,17:19:57,2026-06-07 17:19:57,96463.26,INR,-96463.26,APK Owner,,,MAESTRO-APK-BUSINESS-TEAM_OPERATIONS-0576 | Hiring | 96463.26,Android,B12,RAMP_501_1500,CREATED,idem-20260902-apk-0576,android,B01,TEAM_OPERATIONS,Team Update,B01:Team Update,ACTIVE,,business.expense.amount,business.expense.note,business.expense.submit,,Hiring,MAESTRO-APK-BUSINESS-TEAM_OPERATIONS-0576 | Hiring | 96463.26,JOINED,Team Ops hub has no Expense; Team meal/travel etc. use Team Update until Spend path wired — prefer B03 Spend for ops expenses
579,MTR-APK-0579,Business,Business,Team Operations,Team Meal,Expense,2026-05-31,07:31:53,2026-05-31 07:31:53,169339.59,INR,-169339.59,APK Owner,,,MAESTRO-APK-BUSINESS-TEAM_OPERATIONS-0579 | Team Meal | 169339.59,Android,B12,RAMP_501_1500,CREATED,idem-20260902-apk-0579,android,B01,TEAM_OPERATIONS,Team Update,B01:Team Update,ACTIVE,,business.expense.amount,business.expense.note,business.expense.submit,,Team Meal,MAESTRO-APK-BUSINESS-TEAM_OPERATIONS-0579 | Team Meal | 169339.59,JOINED,Team Ops hub has no Expense; Team meal/travel etc. use Team Update until Spend path wired — prefer B03 Spend for ops expenses
582,MTR-APK-0582,Business,Business,Team Operations,Travel,Expense,2026-01-31,07:28:14,2026-01-31 07:28:14,150955.69,INR,-150955.69,APK Owner,,,MAESTRO-APK-BUSINESS-TEAM_OPERATIONS-0582 | Travel | 150955.69,Android,B12,RAMP_501_1500,CREATED,idem-20260902-apk-0582,android,B01,TEAM_OPERATIONS,Team Update,B01:Team Update,ACTIVE,,business.expense.amount,business.expense.note,business.expense.submit,,Travel,MAESTRO-APK-BUSINESS-TEAM_OPERATIONS-0582 | Travel | 150955.69,JOINED,Team Ops hub has no Expense; Team meal/travel etc. use Team Update until Spend path wired — prefer B03 Spend for ops expenses
585,MTR-APK-0585,Business,Business,Team Operations,Training,Expense,2026-05-07,00:34:31,2026-05-07 00:34:31,48707.4,INR,-48707.4,APK Owner,,,MAESTRO-APK-BUSINESS-TEAM_OPERATIONS-0585 | Training | 48707.40,Android,B12,RAMP_501_1500,CREATED,idem-20260902-apk-0585,android,B01,TEAM_OPERATIONS,Team Update,B01:Team Update,ACTIVE,,business.expense.amount,business.expense.note,business.expense.submit,,Training,MAESTRO-APK-BUSINESS-TEAM_OPERATIONS-0585 | Training | 48707.40,JOINED,Team Ops hub has no Expense; Team meal/travel etc. use Team Update until Spend path wired — prefer B03 Spend for ops expenses
588,MTR-APK-0588,Business,Business,Team Operations,Tools,Expense,2026-05-20,14:15:05,2026-05-20 14:15:05,111209.31,INR,-111209.31,APK Owner,,,MAESTRO-APK-BUSINESS-TEAM_OPERATIONS-0588 | Tools | 111209.31,Android,B12,RAMP_501_1500,CREATED,idem-20260902-apk-0588,android,B01,TEAM_OPERATIONS,Team Update,B01:Team Update,ACTIVE,,business.expense.amount,business.expense.note,business.expense.submit,,Tools,MAESTRO-APK-BUSINESS-TEAM_OPERATIONS-0588 | Tools | 111209.31,JOINED,Team Ops hub has no Expense; Team meal/travel etc. use Team Update until Spend path wired — prefer B03 Spend for ops expenses
591,MTR-APK-0591,Business,Business,Business Runway,Funding,Income,2025-09-22,15:46:50,2025-09-22 15:46:50,80847.53,INR,80847.53,APK Owner,,,MAESTRO-APK-BUSINESS-BUSINESS_RUNWAY-0591 | Funding | 80847.53,Android,B12,RAMP_501_1500,CREATED,idem-20260902-apk-0591,android,B02,BUSINESS_RUNWAY,Revenue,B02:Revenue,ACTIVE,qa.tile.revenue,business.revenue.amount,,business.revenue.submit,,Funding,MAESTRO-APK-BUSINESS-BUSINESS_RUNWAY-0591 | Funding | 80847.53,JOINED,Funding/Investment/Loan/Revenue → Runway Revenue
594,MTR-APK-0594,Business,Business,Business Runway,Revenue,Income,2026-02-02,20:18:02,2026-02-02 20:18:02,20523.69,INR,20523.69,APK Owner,,,MAESTRO-APK-BUSINESS-BUSINESS_RUNWAY-0594 | Revenue | 20523.69,Android,B12,RAMP_501_1500,CREATED,idem-20260902-apk-0594,android,B02,BUSINESS_RUNWAY,Revenue,B02:Revenue,ACTIVE,qa.tile.revenue,business.revenue.amount,,business.revenue.submit,,Revenue,MAESTRO-APK-BUSINESS-BUSINESS_RUNWAY-0594 | Revenue | 20523.69,JOINED,Funding/Investment/Loan/Revenue → Runway Revenue
597,MTR-APK-0597,Business,Business,Business Runway,Burn,Expense,2026-05-01,06:36:20,2026-05-01 06:36:20,62527.42,INR,-62527.42,APK Owner,,,MAESTRO-APK-BUSINESS-BUSINESS_RUNWAY-0597 | Burn | 62527.42,Android,B12,RAMP_501_1500,CREATED,idem-20260902-apk-0597,android,B02,BUSINESS_RUNWAY,Expense,B02:Expense,ACTIVE,qa.tile.expense,business.expense.amount,business.expense.note,business.expense.submit,,Burn,MAESTRO-APK-BUSINESS-BUSINESS_RUNWAY-0597 | Burn | 62527.42,JOINED,Runway Log Expense
600,MTR-APK-0600,Business,Business,Business Runway,Reserve,Transfer,2026-02-13,17:52:45,2026-02-13 17:52:45,146767.37,INR,0.0,APK Owner,,,MAESTRO-APK-BUSINESS-BUSINESS_RUNWAY-0600 | Reserve | 146767.37,Android,B12,RAMP_501_1500,CREATED,idem-20260902-apk-0600,android,B02,BUSINESS_RUNWAY,Expense,B02:Expense,ACTIVE,qa.tile.expense,,,,,Reserve,MAESTRO-APK-BUSINESS-BUSINESS_RUNWAY-0600 | Reserve | 146767.37,JOINED_REVIEW,Reserve transfer → Runway expense/movement proxy — REVIEW
603,MTR-APK-0603,Business,Business,Business Runway,Loan,Income,2026-06-13,03:04:56,2026-06-13 03:04:56,53461.46,INR,53461.46,APK Owner,,,MAESTRO-APK-BUSINESS-BUSINESS_RUNWAY-0603 | Loan | 53461.46,Android,B13,RAMP_501_1500,CREATED,idem-20260902-apk-0603,android,B02,BUSINESS_RUNWAY,Revenue,B02:Revenue,ACTIVE,qa.tile.revenue,business.revenue.amount,,business.revenue.submit,,Loan,MAESTRO-APK-BUSINESS-BUSINESS_RUNWAY-0603 | Loan | 53461.46,JOINED,Funding/Investment/Loan/Revenue → Runway Revenue
606,MTR-APK-0606,Business,Business,Business Runway,Investment,Income,2026-01-12,01:18:39,2026-01-12 01:18:39,8854.75,INR,8854.75,APK Owner,,,MAESTRO-APK-BUSINESS-BUSINESS_RUNWAY-0606 | Investment | 8854.75,Android,B13,RAMP_501_1500,CREATED,idem-20260902-apk-0606,android,B02,BUSINESS_RUNWAY,Revenue,B02:Revenue,ACTIVE,qa.tile.revenue,business.revenue.amount,,business.revenue.submit,,Investment,MAESTRO-APK-BUSINESS-BUSINESS_RUNWAY-0606 | Investment | 8854.75,JOINED,Funding/Investment/Loan/Revenue → Runway Revenue
609,MTR-APK-0609,Business,Business,Business Operations,Software,Expense,2026-03-10,13:27:32,2026-03-10 13:27:32,120530.78,INR,-120530.78,APK Owner,,,MAESTRO-APK-BUSINESS-BUSINESS_OPERATIONS-0609 | Software | 120530.78,Android,B13,RAMP_501_1500,CREATED,idem-20260902-apk-0609,android,B03,BUSINESS_OPERATIONS,Spend Entry,B03:Spend Entry,ACTIVE,,business.expense.amount,business.expense.note,business.expense.submit,,Software,MAESTRO-APK-BUSINESS-BUSINESS_OPERATIONS-0609 | Software | 120530.78,JOINED,Ops Log Spend Entry; amount ID business.expense.amount
612,MTR-APK-0612,Business,Business,Business Operations,Rent,Expense,2025-11-01,11:46:14,2025-11-01 11:46:14,165668.6,INR,-165668.6,APK Owner,,,MAESTRO-APK-BUSINESS-BUSINESS_OPERATIONS-0612 | Rent | 165668.60,Android,B13,RAMP_501_1500,CREATED,idem-20260902-apk-0612,android,B03,BUSINESS_OPERATIONS,Spend Entry,B03:Spend Entry,ACTIVE,,business.expense.amount,business.expense.note,business.expense.submit,,Rent,MAESTRO-APK-BUSINESS-BUSINESS_OPERATIONS-0612 | Rent | 165668.60,JOINED,Ops Log Spend Entry; amount ID business.expense.amount
615,MTR-APK-0615,Business,Business,Business Operations,Marketing,Expense,2025-10-21,09:08:36,2025-10-21 09:08:36,83659.81,INR,-83659.81,APK Owner,,,MAESTRO-APK-BUSINESS-BUSINESS_OPERATIONS-0615 | Marketing | 83659.81,Android,B13,RAMP_501_1500,CREATED,idem-20260902-apk-0615,android,B03,BUSINESS_OPERATIONS,Spend Entry,B03:Spend Entry,ACTIVE,,business.expense.amount,business.expense.note,business.expense.submit,,Marketing,MAESTRO-APK-BUSINESS-BUSINESS_OPERATIONS-0615 | Marketing | 83659.81,JOINED,Ops Log Spend Entry; amount ID business.expense.amount
618,MTR-APK-0618,Business,Business,Business Operations,Legal,Expense,2026-04-08,15:35:27,2026-04-08 15:35:27,86141.08,INR,-86141.08,APK Owner,,,MAESTRO-APK-BUSINESS-BUSINESS_OPERATIONS-0618 | Legal | 86141.08,Android,B13,RAMP_501_1500,CREATED,idem-20260902-apk-0618,android,B03,BUSINESS_OPERATIONS,Spend Entry,B03:Spend Entry,ACTIVE,,business.expense.amount,business.expense.note,business.expense.submit,,Legal,MAESTRO-APK-BUSINESS-BUSINESS_OPERATIONS-0618 | Legal | 86141.08,JOINED,Ops Log Spend Entry; amount ID business.expense.amount
621,MTR-APK-0621,Business,Business,Business Operations,Accounting,Expense,2026-07-08,13:40:23,2026-07-08 13:40:23,15434.18,INR,-15434.18,APK Owner,,,MAESTRO-APK-BUSINESS-BUSINESS_OPERATIONS-0621 | Accounting | 15434.18,Android,B13,RAMP_501_1500,CREATED,idem-20260902-apk-0621,android,B03,BUSINESS_OPERATIONS,Spend Entry,B03:Spend Entry,ACTIVE,,business.expense.amount,business.expense.note,business.expense.submit,,Accounting,MAESTRO-APK-BUSINESS-BUSINESS_OPERATIONS-0621 | Accounting | 15434.18,JOINED,Ops Log Spend Entry; amount ID business.expense.amount
624,MTR-APK-0624,Business,Business,Business Operations,Equipment,Expense,2026-05-13,16:43:35,2026-05-13 16:43:35,148995.62,INR,-148995.62,APK Owner,,,MAESTRO-APK-BUSINESS-BUSINESS_OPERATIONS-0624 | Equipment | 148995.62,Android,B13,RAMP_501_1500,CREATED,idem-20260902-apk-0624,android,B03,BUSINESS_OPERATIONS,Spend Entry,B03:Spend Entry,ACTIVE,,business.expense.amount,business.expense.note,business.expense.submit,,Equipment,MAESTRO-APK-BUSINESS-BUSINESS_OPERATIONS-0624 | Equipment | 148995.62,JOINED,Ops Log Spend Entry; amount ID business.expense.amount
627,MTR-APK-0627,Business,Business,Business Operations,Vendor,Expense,2026-01-12,00:05:00,2026-01-12 00:05:00,59306.13,INR,-59306.13,APK Owner,,,MAESTRO-APK-BUSINESS-BUSINESS_OPERATIONS-0627 | Vendor | 59306.13,Android,B13,RAMP_501_1500,CREATED,idem-20260902-apk-0627,android,B03,BUSINESS_OPERATIONS,Spend Entry,B03:Spend Entry,ACTIVE,,business.expense.amount,business.expense.note,business.expense.submit,,Vendor,MAESTRO-APK-BUSINESS-BUSINESS_OPERATIONS-0627 | Vendor | 59306.13,JOINED,Ops Log Spend Entry; amount ID business.expense.amount
630,MTR-APK-0630,Business,Business,Business Operations,Tax,Expense,2025-12-07,04:52:02,2025-12-07 04:52:02,40457.77,INR,-40457.77,APK Owner,,,MAESTRO-APK-BUSINESS-BUSINESS_OPERATIONS-0630 | Tax | 40457.77,Android,B13,RAMP_501_1500,CREATED,idem-20260902-apk-0630,android,B03,BUSINESS_OPERATIONS,Spend Entry,B03:Spend Entry,ACTIVE,,business.expense.amount,business.expense.note,business.expense.submit,,Tax,MAESTRO-APK-BUSINESS-BUSINESS_OPERATIONS-0630 | Tax | 40457.77,JOINED,Ops Log Spend Entry; amount ID business.expense.amount
633,MTR-APK-0633,Business,Business,Team Operations,Payroll,Expense,2026-04-10,07:45:22,2026-04-10 07:45:22,84547.66,INR,-84547.66,APK Owner,,,MAESTRO-APK-BUSINESS-TEAM_OPERATIONS-0633 | Payroll | 84547.66,Android,B13,RAMP_501_1500,CREATED,idem-20260902-apk-0633,android,B01,TEAM_OPERATIONS,Team Update,B01:Team Update,ACTIVE,,business.expense.amount,business.expense.note,business.expense.submit,,Payroll,MAESTRO-APK-BUSINESS-TEAM_OPERATIONS-0633 | Payroll | 84547.66,JOINED,Team Ops hub has no Expense; Team meal/travel etc. use Team Update until Spend path wired — prefer B03 Spend for ops expenses
636,MTR-APK-0636,Business,Business,Team Operations,Contractor,Expense,2025-10-04,15:53:20,2025-10-04 15:53:20,109696.37,INR,-109696.37,APK Owner,,,MAESTRO-APK-BUSINESS-TEAM_OPERATIONS-0636 | Contractor | 109696.37,Android,B13,RAMP_501_1500,CREATED,idem-20260902-apk-0636,android,B01,TEAM_OPERATIONS,Team Update,B01:Team Update,ACTIVE,,business.expense.amount,business.expense.note,business.expense.submit,,Contractor,MAESTRO-APK-BUSINESS-TEAM_OPERATIONS-0636 | Contractor | 109696.37,JOINED,Team Ops hub has no Expense; Team meal/travel etc. use Team Update until Spend path wired — prefer B03 Spend for ops expenses
639,MTR-APK-0639,Business,Business,Team Operations,Hiring,Expense,2025-12-19,08:18:19,2025-12-19 08:18:19,22938.07,INR,-22938.07,APK Owner,,,MAESTRO-APK-BUSINESS-TEAM_OPERATIONS-0639 | Hiring | 22938.07,Android,B13,RAMP_501_1500,CREATED,idem-20260902-apk-0639,android,B01,TEAM_OPERATIONS,Team Update,B01:Team Update,ACTIVE,,business.expense.amount,business.expense.note,business.expense.submit,,Hiring,MAESTRO-APK-BUSINESS-TEAM_OPERATIONS-0639 | Hiring | 22938.07,JOINED,Team Ops hub has no Expense; Team meal/travel etc. use Team Update until Spend path wired — prefer B03 Spend for ops expenses
642,MTR-APK-0642,Business,Business,Team Operations,Team Meal,Expense,2025-12-01,19:05:57,2025-12-01 19:05:57,169284.67,INR,-169284.67,APK Owner,,,MAESTRO-APK-BUSINESS-TEAM_OPERATIONS-0642 | Team Meal | 169284.67,Android,B13,RAMP_501_1500,CREATED,idem-20260902-apk-0642,android,B01,TEAM_OPERATIONS,Team Update,B01:Team Update,ACTIVE,,business.expense.amount,business.expense.note,business.expense.submit,,Team Meal,MAESTRO-APK-BUSINESS-TEAM_OPERATIONS-0642 | Team Meal | 169284.67,JOINED,Team Ops hub has no Expense; Team meal/travel etc. use Team Update until Spend path wired — prefer B03 Spend for ops expenses
645,MTR-APK-0645,Business,Business,Team Operations,Travel,Expense,2026-03-20,17:03:16,2026-03-20 17:03:16,87937.24,INR,-87937.24,APK Owner,,,MAESTRO-APK-BUSINESS-TEAM_OPERATIONS-0645 | Travel | 87937.24,Android,B13,RAMP_501_1500,CREATED,idem-20260902-apk-0645,android,B01,TEAM_OPERATIONS,Team Update,B01:Team Update,ACTIVE,,business.expense.amount,business.expense.note,business.expense.submit,,Travel,MAESTRO-APK-BUSINESS-TEAM_OPERATIONS-0645 | Travel | 87937.24,JOINED,Team Ops hub has no Expense; Team meal/travel etc. use Team Update until Spend path wired — prefer B03 Spend for ops expenses
648,MTR-APK-0648,Business,Business,Team Operations,Training,Expense,2025-10-26,15:04:58,2025-10-26 15:04:58,136667.98,INR,-136667.98,APK Owner,,,MAESTRO-APK-BUSINESS-TEAM_OPERATIONS-0648 | Training | 136667.98,Android,B13,RAMP_501_1500,CREATED,idem-20260902-apk-0648,android,B01,TEAM_OPERATIONS,Team Update,B01:Team Update,ACTIVE,,business.expense.amount,business.expense.note,business.expense.submit,,Training,MAESTRO-APK-BUSINESS-TEAM_OPERATIONS-0648 | Training | 136667.98,JOINED,Team Ops hub has no Expense; Team meal/travel etc. use Team Update until Spend path wired — prefer B03 Spend for ops expenses
651,MTR-APK-0651,Business,Business,Team Operations,Tools,Expense,2025-12-21,18:39:55,2025-12-21 18:39:55,73867.0,INR,-73867.0,APK Owner,,,MAESTRO-APK-BUSINESS-TEAM_OPERATIONS-0651 | Tools | 73867.00,Android,B14,RAMP_501_1500,CREATED,idem-20260902-apk-0651,android,B01,TEAM_OPERATIONS,Team Update,B01:Team Update,ACTIVE,,business.expense.amount,business.expense.note,business.expense.submit,,Tools,MAESTRO-APK-BUSINESS-TEAM_OPERATIONS-0651 | Tools | 73867.00,JOINED,Team Ops hub has no Expense; Team meal/travel etc. use Team Update until Spend path wired — prefer B03 Spend for ops expenses
654,MTR-APK-0654,Business,Business,Business Runway,Funding,Income,2025-12-01,10:24:00,2025-12-01 10:24:00,77899.64,INR,77899.64,APK Owner,,,MAESTRO-APK-BUSINESS-BUSINESS_RUNWAY-0654 | Funding | 77899.64,Android,B14,RAMP_501_1500,CREATED,idem-20260902-apk-0654,android,B02,BUSINESS_RUNWAY,Revenue,B02:Revenue,ACTIVE,qa.tile.revenue,business.revenue.amount,,business.revenue.submit,,Funding,MAESTRO-APK-BUSINESS-BUSINESS_RUNWAY-0654 | Funding | 77899.64,JOINED,Funding/Investment/Loan/Revenue → Runway Revenue
657,MTR-APK-0657,Business,Business,Business Runway,Revenue,Income,2026-03-03,13:44:02,2026-03-03 13:44:02,62863.47,INR,62863.47,APK Owner,,,MAESTRO-APK-BUSINESS-BUSINESS_RUNWAY-0657 | Revenue | 62863.47,Android,B14,RAMP_501_1500,CREATED,idem-20260902-apk-0657,android,B02,BUSINESS_RUNWAY,Revenue,B02:Revenue,ACTIVE,qa.tile.revenue,business.revenue.amount,,business.revenue.submit,,Revenue,MAESTRO-APK-BUSINESS-BUSINESS_RUNWAY-0657 | Revenue | 62863.47,JOINED,Funding/Investment/Loan/Revenue → Runway Revenue
660,MTR-APK-0660,Business,Business,Business Runway,Burn,Expense,2025-09-28,15:53:01,2025-09-28 15:53:01,170377.39,INR,-170377.39,APK Owner,,,MAESTRO-APK-BUSINESS-BUSINESS_RUNWAY-0660 | Burn | 170377.39,Android,B14,RAMP_501_1500,CREATED,idem-20260902-apk-0660,android,B02,BUSINESS_RUNWAY,Expense,B02:Expense,ACTIVE,qa.tile.expense,business.expense.amount,business.expense.note,business.expense.submit,,Burn,MAESTRO-APK-BUSINESS-BUSINESS_RUNWAY-0660 | Burn | 170377.39,JOINED,Runway Log Expense
663,MTR-APK-0663,Business,Business,Business Runway,Reserve,Transfer,2026-04-30,04:26:41,2026-04-30 04:26:41,21901.4,INR,0.0,APK Owner,,,MAESTRO-APK-BUSINESS-BUSINESS_RUNWAY-0663 | Reserve | 21901.40,Android,B14,RAMP_501_1500,CREATED,idem-20260902-apk-0663,android,B02,BUSINESS_RUNWAY,Expense,B02:Expense,ACTIVE,qa.tile.expense,,,,,Reserve,MAESTRO-APK-BUSINESS-BUSINESS_RUNWAY-0663 | Reserve | 21901.40,JOINED_REVIEW,Reserve transfer → Runway expense/movement proxy — REVIEW
666,MTR-APK-0666,Business,Business,Business Runway,Loan,Income,2026-05-14,11:11:49,2026-05-14 11:11:49,0.01,INR,0.01,APK Owner,,,MAESTRO-APK-BUSINESS-BUSINESS_RUNWAY-0666 | Loan | 0.01,Android,B14,RAMP_501_1500,CREATED,idem-20260902-apk-0666,android,B02,BUSINESS_RUNWAY,Revenue,B02:Revenue,ACTIVE,qa.tile.revenue,business.revenue.amount,,business.revenue.submit,,Loan,MAESTRO-APK-BUSINESS-BUSINESS_RUNWAY-0666 | Loan | 0.01,JOINED,Funding/Investment/Loan/Revenue → Runway Revenue
669,MTR-APK-0669,Business,Business,Business Runway,Investment,Income,2026-07-08,02:41:41,2026-07-08 02:41:41,90978.17,INR,90978.17,APK Owner,,,MAESTRO-APK-BUSINESS-BUSINESS_RUNWAY-0669 | Investment | 90978.17,Android,B14,RAMP_501_1500,CREATED,idem-20260902-apk-0669,android,B02,BUSINESS_RUNWAY,Revenue,B02:Revenue,ACTIVE,qa.tile.revenue,business.revenue.amount,,business.revenue.submit,,Investment,MAESTRO-APK-BUSINESS-BUSINESS_RUNWAY-0669 | Investment | 90978.17,JOINED,Funding/Investment/Loan/Revenue → Runway Revenue
672,MTR-APK-0672,Business,Business,Business Operations,Software,Expense,2026-04-10,14:31:04,2026-04-10 14:31:04,29368.96,INR,-29368.96,APK Owner,,,MAESTRO-APK-BUSINESS-BUSINESS_OPERATIONS-0672 | Software | 29368.96,Android,B14,RAMP_501_1500,CREATED,idem-20260902-apk-0672,android,B03,BUSINESS_OPERATIONS,Spend Entry,B03:Spend Entry,ACTIVE,,business.expense.amount,business.expense.note,business.expense.submit,,Software,MAESTRO-APK-BUSINESS-BUSINESS_OPERATIONS-0672 | Software | 29368.96,JOINED,Ops Log Spend Entry; amount ID business.expense.amount
675,MTR-APK-0675,Business,Business,Business Operations,Rent,Expense,2026-02-18,19:03:15,2026-02-18 19:03:15,178786.25,INR,-178786.25,APK Owner,,,MAESTRO-APK-BUSINESS-BUSINESS_OPERATIONS-0675 | Rent | 178786.25,Android,B14,RAMP_501_1500,CREATED,idem-20260902-apk-0675,android,B03,BUSINESS_OPERATIONS,Spend Entry,B03:Spend Entry,ACTIVE,,business.expense.amount,business.expense.note,business.expense.submit,,Rent,MAESTRO-APK-BUSINESS-BUSINESS_OPERATIONS-0675 | Rent | 178786.25,JOINED,Ops Log Spend Entry; amount ID business.expense.amount
678,MTR-APK-0678,Business,Business,Business Operations,Marketing,Expense,2026-03-14,01:50:20,2026-03-14 01:50:20,37372.57,INR,-37372.57,APK Owner,,,MAESTRO-APK-BUSINESS-BUSINESS_OPERATIONS-0678 | Marketing | 37372.57,Android,B14,RAMP_501_1500,CREATED,idem-20260902-apk-0678,android,B03,BUSINESS_OPERATIONS,Spend Entry,B03:Spend Entry,ACTIVE,,business.expense.amount,business.expense.note,business.expense.submit,,Marketing,MAESTRO-APK-BUSINESS-BUSINESS_OPERATIONS-0678 | Marketing | 37372.57,JOINED,Ops Log Spend Entry; amount ID business.expense.amount
681,MTR-APK-0681,Business,Business,Business Operations,Legal,Expense,2026-05-10,11:36:02,2026-05-10 11:36:02,142938.61,INR,-142938.61,APK Owner,,,MAESTRO-APK-BUSINESS-BUSINESS_OPERATIONS-0681 | Legal | 142938.61,Android,B14,RAMP_501_1500,CREATED,idem-20260902-apk-0681,android,B03,BUSINESS_OPERATIONS,Spend Entry,B03:Spend Entry,ACTIVE,,business.expense.amount,business.expense.note,business.expense.submit,,Legal,MAESTRO-APK-BUSINESS-BUSINESS_OPERATIONS-0681 | Legal | 142938.61,JOINED,Ops Log Spend Entry; amount ID business.expense.amount
684,MTR-APK-0684,Business,Business,Business Operations,Accounting,Expense,2026-01-31,04:43:09,2026-01-31 04:43:09,166200.09,INR,-166200.09,APK Owner,,,MAESTRO-APK-BUSINESS-BUSINESS_OPERATIONS-0684 | Accounting | 166200.09,Android,B14,RAMP_501_1500,CREATED,idem-20260902-apk-0684,android,B03,BUSINESS_OPERATIONS,Spend Entry,B03:Spend Entry,ACTIVE,,business.expense.amount,business.expense.note,business.expense.submit,,Accounting,MAESTRO-APK-BUSINESS-BUSINESS_OPERATIONS-0684 | Accounting | 166200.09,JOINED,Ops Log Spend Entry; amount ID business.expense.amount
687,MTR-APK-0687,Business,Business,Business Operations,Equipment,Expense,2025-11-09,07:01:37,2025-11-09 07:01:37,152013.94,INR,-152013.94,APK Owner,,,MAESTRO-APK-BUSINESS-BUSINESS_OPERATIONS-0687 | Equipment | 152013.94,Android,B14,RAMP_501_1500,CREATED,idem-20260902-apk-0687,android,B03,BUSINESS_OPERATIONS,Spend Entry,B03:Spend Entry,ACTIVE,,business.expense.amount,business.expense.note,business.expense.submit,,Equipment,MAESTRO-APK-BUSINESS-BUSINESS_OPERATIONS-0687 | Equipment | 152013.94,JOINED,Ops Log Spend Entry; amount ID business.expense.amount
690,MTR-APK-0690,Business,Business,Business Operations,Vendor,Expense,2026-06-05,04:26:43,2026-06-05 04:26:43,32362.95,INR,-32362.95,APK Owner,,,MAESTRO-APK-BUSINESS-BUSINESS_OPERATIONS-0690 | Vendor | 32362.95,Android,B14,RAMP_501_1500,CREATED,idem-20260902-apk-0690,android,B03,BUSINESS_OPERATIONS,Spend Entry,B03:Spend Entry,ACTIVE,,business.expense.amount,business.expense.note,business.expense.submit,,Vendor,MAESTRO-APK-BUSINESS-BUSINESS_OPERATIONS-0690 | Vendor | 32362.95,JOINED,Ops Log Spend Entry; amount ID business.expense.amount
693,MTR-APK-0693,Business,Business,Business Operations,Tax,Expense,2026-04-28,14:41:14,2026-04-28 14:41:14,90635.57,INR,-90635.57,APK Owner,,,MAESTRO-APK-BUSINESS-BUSINESS_OPERATIONS-0693 | Tax | 90635.57,Android,B14,RAMP_501_1500,CREATED,idem-20260902-apk-0693,android,B03,BUSINESS_OPERATIONS,Spend Entry,B03:Spend Entry,ACTIVE,,business.expense.amount,business.expense.note,business.expense.submit,,Tax,MAESTRO-APK-BUSINESS-BUSINESS_OPERATIONS-0693 | Tax | 90635.57,JOINED,Ops Log Spend Entry; amount ID business.expense.amount
696,MTR-APK-0696,Business,Business,Team Operations,Payroll,Expense,2026-01-02,14:08:02,2026-01-02 14:08:02,46770.63,INR,-46770.63,APK Owner,,,MAESTRO-APK-BUSINESS-TEAM_OPERATIONS-0696 | Payroll | 46770.63,Android,B14,RAMP_501_1500,CREATED,idem-20260902-apk-0696,android,B01,TEAM_OPERATIONS,Team Update,B01:Team Update,ACTIVE,,business.expense.amount,business.expense.note,business.expense.submit,,Payroll,MAESTRO-APK-BUSINESS-TEAM_OPERATIONS-0696 | Payroll | 46770.63,JOINED,Team Ops hub has no Expense; Team meal/travel etc. use Team Update until Spend path wired — prefer B03 Spend for ops expenses
699,MTR-APK-0699,Business,Business,Team Operations,Contractor,Expense,2025-12-04,09:25:03,2025-12-04 09:25:03,60932.37,INR,-60932.37,APK Owner,,,MAESTRO-APK-BUSINESS-TEAM_OPERATIONS-0699 | Contractor | 60932.37,Android,B14,RAMP_501_1500,CREATED,idem-20260902-apk-0699,android,B01,TEAM_OPERATIONS,Team Update,B01:Team Update,ACTIVE,,business.expense.amount,business.expense.note,business.expense.submit,,Contractor,MAESTRO-APK-BUSINESS-TEAM_OPERATIONS-0699 | Contractor | 60932.37,JOINED,Team Ops hub has no Expense; Team meal/travel etc. use Team Update until Spend path wired — prefer B03 Spend for ops expenses
702,MTR-APK-0702,Business,Business,Team Operations,Hiring,Expense,2025-12-12,21:08:06,2025-12-12 21:08:06,178939.03,INR,-178939.03,APK Owner,,,MAESTRO-APK-BUSINESS-TEAM_OPERATIONS-0702 | Hiring | 178939.03,Android,B15,RAMP_501_1500,CREATED,idem-20260902-apk-0702,android,B01,TEAM_OPERATIONS,Team Update,B01:Team Update,ACTIVE,,business.expense.amount,business.expense.note,business.expense.submit,,Hiring,MAESTRO-APK-BUSINESS-TEAM_OPERATIONS-0702 | Hiring | 178939.03,JOINED,Team Ops hub has no Expense; Team meal/travel etc. use Team Update until Spend path wired — prefer B03 Spend for ops expenses
705,MTR-APK-0705,Business,Business,Team Operations,Team Meal,Expense,2026-08-31,11:23:21,2026-08-31 11:23:21,13952.25,INR,-13952.25,APK Owner,,,MAESTRO-APK-BUSINESS-TEAM_OPERATIONS-0705 | Team Meal | 13952.25,Android,B15,RAMP_501_1500,CREATED,idem-20260902-apk-0705,android,B01,TEAM_OPERATIONS,Team Update,B01:Team Update,ACTIVE,,business.expense.amount,business.expense.note,business.expense.submit,,Team Meal,MAESTRO-APK-BUSINESS-TEAM_OPERATIONS-0705 | Team Meal | 13952.25,JOINED,Team Ops hub has no Expense; Team meal/travel etc. use Team Update until Spend path wired — prefer B03 Spend for ops expenses
708,MTR-APK-0708,Business,Business,Team Operations,Travel,Expense,2025-11-16,16:21:42,2025-11-16 16:21:42,131502.3,INR,-131502.3,APK Owner,,,MAESTRO-APK-BUSINESS-TEAM_OPERATIONS-0708 | Travel | 131502.30,Android,B15,RAMP_501_1500,CREATED,idem-20260902-apk-0708,android,B01,TEAM_OPERATIONS,Team Update,B01:Team Update,ACTIVE,,business.expense.amount,business.expense.note,business.expense.submit,,Travel,MAESTRO-APK-BUSINESS-TEAM_OPERATIONS-0708 | Travel | 131502.30,JOINED,Team Ops hub has no Expense; Team meal/travel etc. use Team Update until Spend path wired — prefer B03 Spend for ops expenses
711,MTR-APK-0711,Business,Business,Team Operations,Training,Expense,2025-11-18,16:36:07,2025-11-18 16:36:07,35265.39,INR,-35265.39,APK Owner,,,MAESTRO-APK-BUSINESS-TEAM_OPERATIONS-0711 | Training | 35265.39,Android,B15,RAMP_501_1500,CREATED,idem-20260902-apk-0711,android,B01,TEAM_OPERATIONS,Team Update,B01:Team Update,ACTIVE,,business.expense.amount,business.expense.note,business.expense.submit,,Training,MAESTRO-APK-BUSINESS-TEAM_OPERATIONS-0711 | Training | 35265.39,JOINED,Team Ops hub has no Expense; Team meal/travel etc. use Team Update until Spend path wired — prefer B03 Spend for ops expenses
714,MTR-APK-0714,Business,Business,Team Operations,Tools,Expense,2025-09-24,18:10:57,2025-09-24 18:10:57,122849.71,INR,-122849.71,APK Owner,,,MAESTRO-APK-BUSINESS-TEAM_OPERATIONS-0714 | Tools | 122849.71,Android,B15,RAMP_501_1500,CREATED,idem-20260902-apk-0714,android,B01,TEAM_OPERATIONS,Team Update,B01:Team Update,ACTIVE,,business.expense.amount,business.expense.note,business.expense.submit,,Tools,MAESTRO-APK-BUSINESS-TEAM_OPERATIONS-0714 | Tools | 122849.71,JOINED,Team Ops hub has no Expense; Team meal/travel etc. use Team Update until Spend path wired — prefer B03 Spend for ops expenses
717,MTR-APK-0717,Business,Business,Business Runway,Funding,Income,2026-03-13,19:08:40,2026-03-13 19:08:40,15683.95,INR,15683.95,APK Owner,,,MAESTRO-APK-BUSINESS-BUSINESS_RUNWAY-0717 | Funding | 15683.95,Android,B15,RAMP_501_1500,CREATED,idem-20260902-apk-0717,android,B02,BUSINESS_RUNWAY,Revenue,B02:Revenue,ACTIVE,qa.tile.revenue,business.revenue.amount,,business.revenue.submit,,Funding,MAESTRO-APK-BUSINESS-BUSINESS_RUNWAY-0717 | Funding | 15683.95,JOINED,Funding/Investment/Loan/Revenue → Runway Revenue
720,MTR-APK-0720,Business,Business,Business Runway,Revenue,Income,2025-12-26,00:50:04,2025-12-26 00:50:04,147844.42,INR,147844.42,APK Owner,,,MAESTRO-APK-BUSINESS-BUSINESS_RUNWAY-0720 | Revenue | 147844.42,Android,B15,RAMP_501_1500,CREATED,idem-20260902-apk-0720,android,B02,BUSINESS_RUNWAY,Revenue,B02:Revenue,ACTIVE,qa.tile.revenue,business.revenue.amount,,business.revenue.submit,,Revenue,MAESTRO-APK-BUSINESS-BUSINESS_RUNWAY-0720 | Revenue | 147844.42,JOINED,Funding/Investment/Loan/Revenue → Runway Revenue
723,MTR-APK-0723,Business,Business,Business Runway,Burn,Expense,2025-12-30,12:38:42,2025-12-30 12:38:42,116975.24,INR,-116975.24,APK Owner,,,MAESTRO-APK-BUSINESS-BUSINESS_RUNWAY-0723 | Burn | 116975.24,Android,B15,RAMP_501_1500,CREATED,idem-20260902-apk-0723,android,B02,BUSINESS_RUNWAY,Expense,B02:Expense,ACTIVE,qa.tile.expense,business.expense.amount,business.expense.note,business.expense.submit,,Burn,MAESTRO-APK-BUSINESS-BUSINESS_RUNWAY-0723 | Burn | 116975.24,JOINED,Runway Log Expense
726,MTR-APK-0726,Business,Business,Business Runway,Reserve,Transfer,2026-06-09,19:52:44,2026-06-09 19:52:44,147536.77,INR,0.0,APK Owner,,,MAESTRO-APK-BUSINESS-BUSINESS_RUNWAY-0726 | Reserve | 147536.77,Android,B15,RAMP_501_1500,CREATED,idem-20260902-apk-0726,android,B02,BUSINESS_RUNWAY,Expense,B02:Expense,ACTIVE,qa.tile.expense,,,,,Reserve,MAESTRO-APK-BUSINESS-BUSINESS_RUNWAY-0726 | Reserve | 147536.77,JOINED_REVIEW,Reserve transfer → Runway expense/movement proxy — REVIEW
729,MTR-APK-0729,Business,Business,Business Runway,Loan,Income,2025-10-20,01:06:02,2025-10-20 01:06:02,166638.06,INR,166638.06,APK Owner,,,MAESTRO-APK-BUSINESS-BUSINESS_RUNWAY-0729 | Loan | 166638.06,Android,B15,RAMP_501_1500,CREATED,idem-20260902-apk-0729,android,B02,BUSINESS_RUNWAY,Revenue,B02:Revenue,ACTIVE,qa.tile.revenue,business.revenue.amount,,business.revenue.submit,,Loan,MAESTRO-APK-BUSINESS-BUSINESS_RUNWAY-0729 | Loan | 166638.06,JOINED,Funding/Investment/Loan/Revenue → Runway Revenue
732,MTR-APK-0732,Business,Business,Business Runway,Investment,Income,2026-06-19,05:51:10,2026-06-19 05:51:10,162282.84,INR,162282.84,APK Owner,,,MAESTRO-APK-BUSINESS-BUSINESS_RUNWAY-0732 | Investment | 162282.84,Android,B15,RAMP_501_1500,CREATED,idem-20260902-apk-0732,android,B02,BUSINESS_RUNWAY,Revenue,B02:Revenue,ACTIVE,qa.tile.revenue,business.revenue.amount,,business.revenue.submit,,Investment,MAESTRO-APK-BUSINESS-BUSINESS_RUNWAY-0732 | Investment | 162282.84,JOINED,Funding/Investment/Loan/Revenue → Runway Revenue
735,MTR-APK-0735,Business,Business,Business Operations,Software,Expense,2026-05-23,12:35:32,2026-05-23 12:35:32,83433.01,INR,-83433.01,APK Owner,,,MAESTRO-APK-BUSINESS-BUSINESS_OPERATIONS-0735 | Software | 83433.01,Android,B15,RAMP_501_1500,CREATED,idem-20260902-apk-0735,android,B03,BUSINESS_OPERATIONS,Spend Entry,B03:Spend Entry,ACTIVE,,business.expense.amount,business.expense.note,business.expense.submit,,Software,MAESTRO-APK-BUSINESS-BUSINESS_OPERATIONS-0735 | Software | 83433.01,JOINED,Ops Log Spend Entry; amount ID business.expense.amount
738,MTR-APK-0738,Business,Business,Business Operations,Rent,Expense,2025-10-27,20:53:48,2025-10-27 20:53:48,18502.85,INR,-18502.85,APK Owner,,,MAESTRO-APK-BUSINESS-BUSINESS_OPERATIONS-0738 | Rent | 18502.85,Android,B15,RAMP_501_1500,CREATED,idem-20260902-apk-0738,android,B03,BUSINESS_OPERATIONS,Spend Entry,B03:Spend Entry,ACTIVE,,business.expense.amount,business.expense.note,business.expense.submit,,Rent,MAESTRO-APK-BUSINESS-BUSINESS_OPERATIONS-0738 | Rent | 18502.85,JOINED,Ops Log Spend Entry; amount ID business.expense.amount
741,MTR-APK-0741,Business,Business,Business Operations,Marketing,Expense,2025-10-12,07:56:19,2025-10-12 07:56:19,163024.35,INR,-163024.35,APK Owner,,,MAESTRO-APK-BUSINESS-BUSINESS_OPERATIONS-0741 | Marketing | 163024.35,Android,B15,RAMP_501_1500,CREATED,idem-20260902-apk-0741,android,B03,BUSINESS_OPERATIONS,Spend Entry,B03:Spend Entry,ACTIVE,,business.expense.amount,business.expense.note,business.expense.submit,,Marketing,MAESTRO-APK-BUSINESS-BUSINESS_OPERATIONS-0741 | Marketing | 163024.35,JOINED,Ops Log Spend Entry; amount ID business.expense.amount
744,MTR-APK-0744,Business,Business,Business Operations,Legal,Expense,2026-04-10,05:24:42,2026-04-10 05:24:42,174716.49,INR,-174716.49,APK Owner,,,MAESTRO-APK-BUSINESS-BUSINESS_OPERATIONS-0744 | Legal | 174716.49,Android,B15,RAMP_501_1500,CREATED,idem-20260902-apk-0744,android,B03,BUSINESS_OPERATIONS,Spend Entry,B03:Spend Entry,ACTIVE,,business.expense.amount,business.expense.note,business.expense.submit,,Legal,MAESTRO-APK-BUSINESS-BUSINESS_OPERATIONS-0744 | Legal | 174716.49,JOINED,Ops Log Spend Entry; amount ID business.expense.amount
747,MTR-APK-0747,Business,Business,Business Operations,Accounting,Expense,2026-04-17,22:54:08,2026-04-17 22:54:08,53968.69,INR,-53968.69,APK Owner,,,MAESTRO-APK-BUSINESS-BUSINESS_OPERATIONS-0747 | Accounting | 53968.69,Android,B15,RAMP_501_1500,CREATED,idem-20260902-apk-0747,android,B03,BUSINESS_OPERATIONS,Spend Entry,B03:Spend Entry,ACTIVE,,business.expense.amount,business.expense.note,business.expense.submit,,Accounting,MAESTRO-APK-BUSINESS-BUSINESS_OPERATIONS-0747 | Accounting | 53968.69,JOINED,Ops Log Spend Entry; amount ID business.expense.amount
750,MTR-APK-0750,Business,Business,Business Operations,Equipment,Expense,2025-11-12,14:05:21,2025-11-12 14:05:21,149764.02,INR,-149764.02,APK Owner,,,MAESTRO-APK-BUSINESS-BUSINESS_OPERATIONS-0750 | Equipment | 149764.02,Android,B15,RAMP_501_1500,CREATED,idem-20260902-apk-0750,android,B03,BUSINESS_OPERATIONS,Spend Entry,B03:Spend Entry,ACTIVE,,business.expense.amount,business.expense.note,business.expense.submit,,Equipment,MAESTRO-APK-BUSINESS-BUSINESS_OPERATIONS-0750 | Equipment | 149764.02,JOINED,Ops Log Spend Entry; amount ID business.expense.amount
753,MTR-APK-0753,Business,Business,Business Operations,Vendor,Expense,2026-07-18,20:33:13,2026-07-18 20:33:13,124698.88,INR,-124698.88,APK Owner,,,MAESTRO-APK-BUSINESS-BUSINESS_OPERATIONS-0753 | Vendor | 124698.88,Android,B16,RAMP_501_1500,CREATED,idem-20260902-apk-0753,android,B03,BUSINESS_OPERATIONS,Spend Entry,B03:Spend Entry,ACTIVE,,business.expense.amount,business.expense.note,business.expense.submit,,Vendor,MAESTRO-APK-BUSINESS-BUSINESS_OPERATIONS-0753 | Vendor | 124698.88,JOINED,Ops Log Spend Entry; amount ID business.expense.amount
756,MTR-APK-0756,Business,Business,Business Operations,Tax,Expense,2025-11-22,19:17:39,2025-11-22 19:17:39,124103.31,INR,-124103.31,APK Owner,,,MAESTRO-APK-BUSINESS-BUSINESS_OPERATIONS-0756 | Tax | 124103.31,Android,B16,RAMP_501_1500,CREATED,idem-20260902-apk-0756,android,B03,BUSINESS_OPERATIONS,Spend Entry,B03:Spend Entry,ACTIVE,,business.expense.amount,business.expense.note,business.expense.submit,,Tax,MAESTRO-APK-BUSINESS-BUSINESS_OPERATIONS-0756 | Tax | 124103.31,JOINED,Ops Log Spend Entry; amount ID business.expense.amount
759,MTR-APK-0759,Business,Business,Team Operations,Payroll,Expense,2025-12-01,12:46:25,2025-12-01 12:46:25,25063.25,INR,-25063.25,APK Owner,,,MAESTRO-APK-BUSINESS-TEAM_OPERATIONS-0759 | Payroll | 25063.25,Android,B16,RAMP_501_1500,CREATED,idem-20260902-apk-0759,android,B01,TEAM_OPERATIONS,Team Update,B01:Team Update,ACTIVE,,business.expense.amount,business.expense.note,business.expense.submit,,Payroll,MAESTRO-APK-BUSINESS-TEAM_OPERATIONS-0759 | Payroll | 25063.25,JOINED,Team Ops hub has no Expense; Team meal/travel etc. use Team Update until Spend path wired — prefer B03 Spend for ops expenses
762,MTR-APK-0762,Business,Business,Team Operations,Contractor,Expense,2026-08-15,05:56:58,2026-08-15 05:56:58,68080.12,INR,-68080.12,APK Owner,,,MAESTRO-APK-BUSINESS-TEAM_OPERATIONS-0762 | Contractor | 68080.12,Android,B16,RAMP_501_1500,CREATED,idem-20260902-apk-0762,android,B01,TEAM_OPERATIONS,Team Update,B01:Team Update,ACTIVE,,business.expense.amount,business.expense.note,business.expense.submit,,Contractor,MAESTRO-APK-BUSINESS-TEAM_OPERATIONS-0762 | Contractor | 68080.12,JOINED,Team Ops hub has no Expense; Team meal/travel etc. use Team Update until Spend path wired — prefer B03 Spend for ops expenses
765,MTR-APK-0765,Business,Business,Team Operations,Hiring,Expense,2026-02-02,09:52:26,2026-02-02 09:52:26,103795.82,INR,-103795.82,APK Owner,,,MAESTRO-APK-BUSINESS-TEAM_OPERATIONS-0765 | Hiring | 103795.82,Android,B16,RAMP_501_1500,CREATED,idem-20260902-apk-0765,android,B01,TEAM_OPERATIONS,Team Update,B01:Team Update,ACTIVE,,business.expense.amount,business.expense.note,business.expense.submit,,Hiring,MAESTRO-APK-BUSINESS-TEAM_OPERATIONS-0765 | Hiring | 103795.82,JOINED,Team Ops hub has no Expense; Team meal/travel etc. use Team Update until Spend path wired — prefer B03 Spend for ops expenses
768,MTR-APK-0768,Business,Business,Team Operations,Team Meal,Expense,2025-12-08,17:31:04,2025-12-08 17:31:04,139744.32,INR,-139744.32,APK Owner,,,MAESTRO-APK-BUSINESS-TEAM_OPERATIONS-0768 | Team Meal | 139744.32,Android,B16,RAMP_501_1500,CREATED,idem-20260902-apk-0768,android,B01,TEAM_OPERATIONS,Team Update,B01:Team Update,ACTIVE,,business.expense.amount,business.expense.note,business.expense.submit,,Team Meal,MAESTRO-APK-BUSINESS-TEAM_OPERATIONS-0768 | Team Meal | 139744.32,JOINED,Team Ops hub has no Expense; Team meal/travel etc. use Team Update until Spend path wired — prefer B03 Spend for ops expenses
771,MTR-APK-0771,Business,Business,Team Operations,Travel,Expense,2025-12-13,08:00:31,2025-12-13 08:00:31,55584.91,INR,-55584.91,APK Owner,,,MAESTRO-APK-BUSINESS-TEAM_OPERATIONS-0771 | Travel | 55584.91,Android,B16,RAMP_501_1500,CREATED,idem-20260902-apk-0771,android,B01,TEAM_OPERATIONS,Team Update,B01:Team Update,ACTIVE,,business.expense.amount,business.expense.note,business.expense.submit,,Travel,MAESTRO-APK-BUSINESS-TEAM_OPERATIONS-0771 | Travel | 55584.91,JOINED,Team Ops hub has no Expense; Team meal/travel etc. use Team Update until Spend path wired — prefer B03 Spend for ops expenses
774,MTR-APK-0774,Business,Business,Team Operations,Training,Expense,2026-04-14,15:38:00,2026-04-14 15:38:00,38558.0,INR,-38558.0,APK Owner,,,MAESTRO-APK-BUSINESS-TEAM_OPERATIONS-0774 | Training | 38558.00,Android,B16,RAMP_501_1500,CREATED,idem-20260902-apk-0774,android,B01,TEAM_OPERATIONS,Team Update,B01:Team Update,ACTIVE,,business.expense.amount,business.expense.note,business.expense.submit,,Training,MAESTRO-APK-BUSINESS-TEAM_OPERATIONS-0774 | Training | 38558.00,JOINED,Team Ops hub has no Expense; Team meal/travel etc. use Team Update until Spend path wired — prefer B03 Spend for ops expenses
777,MTR-APK-0777,Business,Business,Team Operations,Tools,Expense,2026-08-05,22:44:30,2026-08-05 22:44:30,100.0,INR,-100.0,APK Owner,,,MAESTRO-APK-BUSINESS-TEAM_OPERATIONS-0777 | Tools | 100.00,Android,B16,RAMP_501_1500,CREATED,idem-20260902-apk-0777,android,B01,TEAM_OPERATIONS,Team Update,B01:Team Update,ACTIVE,,business.expense.amount,business.expense.note,business.expense.submit,,Tools,MAESTRO-APK-BUSINESS-TEAM_OPERATIONS-0777 | Tools | 100.00,JOINED,Team Ops hub has no Expense; Team meal/travel etc. use Team Update until Spend path wired — prefer B03 Spend for ops expenses
780,MTR-APK-0780,Business,Business,Business Runway,Funding,Income,2026-01-23,10:17:23,2026-01-23 10:17:23,89472.62,INR,89472.62,APK Owner,,,MAESTRO-APK-BUSINESS-BUSINESS_RUNWAY-0780 | Funding | 89472.62,Android,B16,RAMP_501_1500,CREATED,idem-20260902-apk-0780,android,B02,BUSINESS_RUNWAY,Revenue,B02:Revenue,ACTIVE,qa.tile.revenue,business.revenue.amount,,business.revenue.submit,,Funding,MAESTRO-APK-BUSINESS-BUSINESS_RUNWAY-0780 | Funding | 89472.62,JOINED,Funding/Investment/Loan/Revenue → Runway Revenue
783,MTR-APK-0783,Business,Business,Business Runway,Revenue,Income,2026-08-10,21:46:15,2026-08-10 21:46:15,175116.66,INR,175116.66,APK Owner,,,MAESTRO-APK-BUSINESS-BUSINESS_RUNWAY-0783 | Revenue | 175116.66,Android,B16,RAMP_501_1500,CREATED,idem-20260902-apk-0783,android,B02,BUSINESS_RUNWAY,Revenue,B02:Revenue,ACTIVE,qa.tile.revenue,business.revenue.amount,,business.revenue.submit,,Revenue,MAESTRO-APK-BUSINESS-BUSINESS_RUNWAY-0783 | Revenue | 175116.66,JOINED,Funding/Investment/Loan/Revenue → Runway Revenue
786,MTR-APK-0786,Business,Business,Business Runway,Burn,Expense,2025-09-26,22:01:29,2025-09-26 22:01:29,113568.16,INR,-113568.16,APK Owner,,,MAESTRO-APK-BUSINESS-BUSINESS_RUNWAY-0786 | Burn | 113568.16,Android,B16,RAMP_501_1500,CREATED,idem-20260902-apk-0786,android,B02,BUSINESS_RUNWAY,Expense,B02:Expense,ACTIVE,qa.tile.expense,business.expense.amount,business.expense.note,business.expense.submit,,Burn,MAESTRO-APK-BUSINESS-BUSINESS_RUNWAY-0786 | Burn | 113568.16,JOINED,Runway Log Expense
789,MTR-APK-0789,Business,Business,Business Runway,Reserve,Transfer,2026-05-30,15:15:11,2026-05-30 15:15:11,13152.35,INR,0.0,APK Owner,,,MAESTRO-APK-BUSINESS-BUSINESS_RUNWAY-0789 | Reserve | 13152.35,Android,B16,RAMP_501_1500,CREATED,idem-20260902-apk-0789,android,B02,BUSINESS_RUNWAY,Expense,B02:Expense,ACTIVE,qa.tile.expense,,,,,Reserve,MAESTRO-APK-BUSINESS-BUSINESS_RUNWAY-0789 | Reserve | 13152.35,JOINED_REVIEW,Reserve transfer → Runway expense/movement proxy — REVIEW
792,MTR-APK-0792,Business,Business,Business Runway,Loan,Income,2026-02-18,10:40:15,2026-02-18 10:40:15,117968.11,INR,117968.11,APK Owner,,,MAESTRO-APK-BUSINESS-BUSINESS_RUNWAY-0792 | Loan | 117968.11,Android,B16,RAMP_501_1500,CREATED,idem-20260902-apk-0792,android,B02,BUSINESS_RUNWAY,Revenue,B02:Revenue,ACTIVE,qa.tile.revenue,business.revenue.amount,,business.revenue.submit,,Loan,MAESTRO-APK-BUSINESS-BUSINESS_RUNWAY-0792 | Loan | 117968.11,JOINED,Funding/Investment/Loan/Revenue → Runway Revenue
795,MTR-APK-0795,Business,Business,Business Runway,Investment,Income,2026-07-13,07:24:48,2026-07-13 07:24:48,32302.97,INR,32302.97,APK Owner,,,MAESTRO-APK-BUSINESS-BUSINESS_RUNWAY-0795 | Investment | 32302.97,Android,B16,RAMP_501_1500,CREATED,idem-20260902-apk-0795,android,B02,BUSINESS_RUNWAY,Revenue,B02:Revenue,ACTIVE,qa.tile.revenue,business.revenue.amount,,business.revenue.submit,,Investment,MAESTRO-APK-BUSINESS-BUSINESS_RUNWAY-0795 | Investment | 32302.97,JOINED,Funding/Investment/Loan/Revenue → Runway Revenue
798,MTR-APK-0798,Business,Business,Business Operations,Software,Expense,2025-09-30,10:59:26,2025-09-30 10:59:26,55205.52,INR,-55205.52,APK Owner,,,MAESTRO-APK-BUSINESS-BUSINESS_OPERATIONS-0798 | Software | 55205.52,Android,B16,RAMP_501_1500,CREATED,idem-20260902-apk-0798,android,B03,BUSINESS_OPERATIONS,Spend Entry,B03:Spend Entry,ACTIVE,,business.expense.amount,business.expense.note,business.expense.submit,,Software,MAESTRO-APK-BUSINESS-BUSINESS_OPERATIONS-0798 | Software | 55205.52,JOINED,Ops Log Spend Entry; amount ID business.expense.amount
801,MTR-APK-0801,Business,Business,Business Operations,Rent,Expense,2026-02-13,21:18:02,2026-02-13 21:18:02,56679.45,INR,-56679.45,APK Owner,,,MAESTRO-APK-BUSINESS-BUSINESS_OPERATIONS-0801 | Rent | 56679.45,Android,B17,RAMP_501_1500,CREATED,idem-20260902-apk-0801,android,B03,BUSINESS_OPERATIONS,Spend Entry,B03:Spend Entry,ACTIVE,,business.expense.amount,business.expense.note,business.expense.submit,,Rent,MAESTRO-APK-BUSINESS-BUSINESS_OPERATIONS-0801 | Rent | 56679.45,JOINED,Ops Log Spend Entry; amount ID business.expense.amount
804,MTR-APK-0804,Business,Business,Business Operations,Marketing,Expense,2026-05-11,19:42:10,2026-05-11 19:42:10,138392.77,INR,-138392.77,APK Owner,,,MAESTRO-APK-BUSINESS-BUSINESS_OPERATIONS-0804 | Marketing | 138392.77,Android,B17,RAMP_501_1500,CREATED,idem-20260902-apk-0804,android,B03,BUSINESS_OPERATIONS,Spend Entry,B03:Spend Entry,ACTIVE,,business.expense.amount,business.expense.note,business.expense.submit,,Marketing,MAESTRO-APK-BUSINESS-BUSINESS_OPERATIONS-0804 | Marketing | 138392.77,JOINED,Ops Log Spend Entry; amount ID business.expense.amount
807,MTR-APK-0807,Business,Business,Business Operations,Legal,Expense,2025-11-24,16:00:36,2025-11-24 16:00:36,123768.19,INR,-123768.19,APK Owner,,,MAESTRO-APK-BUSINESS-BUSINESS_OPERATIONS-0807 | Legal | 123768.19,Android,B17,RAMP_501_1500,CREATED,idem-20260902-apk-0807,android,B03,BUSINESS_OPERATIONS,Spend Entry,B03:Spend Entry,ACTIVE,,business.expense.amount,business.expense.note,business.expense.submit,,Legal,MAESTRO-APK-BUSINESS-BUSINESS_OPERATIONS-0807 | Legal | 123768.19,JOINED,Ops Log Spend Entry; amount ID business.expense.amount
810,MTR-APK-0810,Business,Business,Business Operations,Accounting,Expense,2026-01-21,16:48:41,2026-01-21 16:48:41,73772.2,INR,-73772.2,APK Owner,,,MAESTRO-APK-BUSINESS-BUSINESS_OPERATIONS-0810 | Accounting | 73772.20,Android,B17,RAMP_501_1500,CREATED,idem-20260902-apk-0810,android,B03,BUSINESS_OPERATIONS,Spend Entry,B03:Spend Entry,ACTIVE,,business.expense.amount,business.expense.note,business.expense.submit,,Accounting,MAESTRO-APK-BUSINESS-BUSINESS_OPERATIONS-0810 | Accounting | 73772.20,JOINED,Ops Log Spend Entry; amount ID business.expense.amount
813,MTR-APK-0813,Business,Business,Business Operations,Equipment,Expense,2026-03-27,05:51:07,2026-03-27 05:51:07,164975.73,INR,-164975.73,APK Owner,,,MAESTRO-APK-BUSINESS-BUSINESS_OPERATIONS-0813 | Equipment | 164975.73,Android,B17,RAMP_501_1500,CREATED,idem-20260902-apk-0813,android,B03,BUSINESS_OPERATIONS,Spend Entry,B03:Spend Entry,ACTIVE,,business.expense.amount,business.expense.note,business.expense.submit,,Equipment,MAESTRO-APK-BUSINESS-BUSINESS_OPERATIONS-0813 | Equipment | 164975.73,JOINED,Ops Log Spend Entry; amount ID business.expense.amount
816,MTR-APK-0816,Business,Business,Business Operations,Vendor,Expense,2025-11-15,00:36:25,2025-11-15 00:36:25,58181.3,INR,-58181.3,APK Owner,,,MAESTRO-APK-BUSINESS-BUSINESS_OPERATIONS-0816 | Vendor | 58181.30,Android,B17,RAMP_501_1500,CREATED,idem-20260902-apk-0816,android,B03,BUSINESS_OPERATIONS,Spend Entry,B03:Spend Entry,ACTIVE,,business.expense.amount,business.expense.note,business.expense.submit,,Vendor,MAESTRO-APK-BUSINESS-BUSINESS_OPERATIONS-0816 | Vendor | 58181.30,JOINED,Ops Log Spend Entry; amount ID business.expense.amount
819,MTR-APK-0819,Business,Business,Business Operations,Tax,Expense,2025-10-10,20:31:02,2025-10-10 20:31:02,19363.9,INR,-19363.9,APK Owner,,,MAESTRO-APK-BUSINESS-BUSINESS_OPERATIONS-0819 | Tax | 19363.90,Android,B17,RAMP_501_1500,CREATED,idem-20260902-apk-0819,android,B03,BUSINESS_OPERATIONS,Spend Entry,B03:Spend Entry,ACTIVE,,business.expense.amount,business.expense.note,business.expense.submit,,Tax,MAESTRO-APK-BUSINESS-BUSINESS_OPERATIONS-0819 | Tax | 19363.90,JOINED,Ops Log Spend Entry; amount ID business.expense.amount
822,MTR-APK-0822,Business,Business,Team Operations,Payroll,Expense,2026-02-17,12:42:51,2026-02-17 12:42:51,144792.31,INR,-144792.31,APK Owner,,,MAESTRO-APK-BUSINESS-TEAM_OPERATIONS-0822 | Payroll | 144792.31,Android,B17,RAMP_501_1500,CREATED,idem-20260902-apk-0822,android,B01,TEAM_OPERATIONS,Team Update,B01:Team Update,ACTIVE,,business.expense.amount,business.expense.note,business.expense.submit,,Payroll,MAESTRO-APK-BUSINESS-TEAM_OPERATIONS-0822 | Payroll | 144792.31,JOINED,Team Ops hub has no Expense; Team meal/travel etc. use Team Update until Spend path wired — prefer B03 Spend for ops expenses
825,MTR-APK-0825,Business,Business,Team Operations,Contractor,Expense,2025-10-04,16:01:52,2025-10-04 16:01:52,93749.17,INR,-93749.17,APK Owner,,,MAESTRO-APK-BUSINESS-TEAM_OPERATIONS-0825 | Contractor | 93749.17,Android,B17,RAMP_501_1500,CREATED,idem-20260902-apk-0825,android,B01,TEAM_OPERATIONS,Team Update,B01:Team Update,ACTIVE,,business.expense.amount,business.expense.note,business.expense.submit,,Contractor,MAESTRO-APK-BUSINESS-TEAM_OPERATIONS-0825 | Contractor | 93749.17,JOINED,Team Ops hub has no Expense; Team meal/travel etc. use Team Update until Spend path wired — prefer B03 Spend for ops expenses
828,MTR-APK-0828,Business,Business,Team Operations,Hiring,Expense,2025-09-01,00:35:02,2025-09-01 00:35:02,13289.86,INR,-13289.86,APK Owner,,,MAESTRO-APK-BUSINESS-TEAM_OPERATIONS-0828 | Hiring | 13289.86,Android,B17,RAMP_501_1500,CREATED,idem-20260902-apk-0828,android,B01,TEAM_OPERATIONS,Team Update,B01:Team Update,ACTIVE,,business.expense.amount,business.expense.note,business.expense.submit,,Hiring,MAESTRO-APK-BUSINESS-TEAM_OPERATIONS-0828 | Hiring | 13289.86,JOINED,Team Ops hub has no Expense; Team meal/travel etc. use Team Update until Spend path wired — prefer B03 Spend for ops expenses
831,MTR-APK-0831,Business,Business,Team Operations,Team Meal,Expense,2026-04-06,10:42:54,2026-04-06 10:42:54,51716.0,INR,-51716.0,APK Owner,,,MAESTRO-APK-BUSINESS-TEAM_OPERATIONS-0831 | Team Meal | 51716.00,Android,B17,RAMP_501_1500,CREATED,idem-20260902-apk-0831,android,B01,TEAM_OPERATIONS,Team Update,B01:Team Update,ACTIVE,,business.expense.amount,business.expense.note,business.expense.submit,,Team Meal,MAESTRO-APK-BUSINESS-TEAM_OPERATIONS-0831 | Team Meal | 51716.00,JOINED,Team Ops hub has no Expense; Team meal/travel etc. use Team Update until Spend path wired — prefer B03 Spend for ops expenses
834,MTR-APK-0834,Business,Business,Team Operations,Travel,Expense,2026-01-06,01:24:14,2026-01-06 01:24:14,126617.51,INR,-126617.51,APK Owner,,,MAESTRO-APK-BUSINESS-TEAM_OPERATIONS-0834 | Travel | 126617.51,Android,B17,RAMP_501_1500,CREATED,idem-20260902-apk-0834,android,B01,TEAM_OPERATIONS,Team Update,B01:Team Update,ACTIVE,,business.expense.amount,business.expense.note,business.expense.submit,,Travel,MAESTRO-APK-BUSINESS-TEAM_OPERATIONS-0834 | Travel | 126617.51,JOINED,Team Ops hub has no Expense; Team meal/travel etc. use Team Update until Spend path wired — prefer B03 Spend for ops expenses
837,MTR-APK-0837,Business,Business,Team Operations,Training,Expense,2025-10-18,03:06:13,2025-10-18 03:06:13,138528.66,INR,-138528.66,APK Owner,,,MAESTRO-APK-BUSINESS-TEAM_OPERATIONS-0837 | Training | 138528.66,Android,B17,RAMP_501_1500,CREATED,idem-20260902-apk-0837,android,B01,TEAM_OPERATIONS,Team Update,B01:Team Update,ACTIVE,,business.expense.amount,business.expense.note,business.expense.submit,,Training,MAESTRO-APK-BUSINESS-TEAM_OPERATIONS-0837 | Training | 138528.66,JOINED,Team Ops hub has no Expense; Team meal/travel etc. use Team Update until Spend path wired — prefer B03 Spend for ops expenses
840,MTR-APK-0840,Business,Business,Team Operations,Tools,Expense,2026-03-05,07:44:36,2026-03-05 07:44:36,30053.84,INR,-30053.84,APK Owner,,,MAESTRO-APK-BUSINESS-TEAM_OPERATIONS-0840 | Tools | 30053.84,Android,B17,RAMP_501_1500,CREATED,idem-20260902-apk-0840,android,B01,TEAM_OPERATIONS,Team Update,B01:Team Update,ACTIVE,,business.expense.amount,business.expense.note,business.expense.submit,,Tools,MAESTRO-APK-BUSINESS-TEAM_OPERATIONS-0840 | Tools | 30053.84,JOINED,Team Ops hub has no Expense; Team meal/travel etc. use Team Update until Spend path wired — prefer B03 Spend for ops expenses
843,MTR-APK-0843,Business,Business,Business Runway,Funding,Income,2026-08-19,13:48:34,2026-08-19 13:48:34,172424.94,INR,172424.94,APK Owner,,,MAESTRO-APK-BUSINESS-BUSINESS_RUNWAY-0843 | Funding | 172424.94,Android,B17,RAMP_501_1500,CREATED,idem-20260902-apk-0843,android,B02,BUSINESS_RUNWAY,Revenue,B02:Revenue,ACTIVE,qa.tile.revenue,business.revenue.amount,,business.revenue.submit,,Funding,MAESTRO-APK-BUSINESS-BUSINESS_RUNWAY-0843 | Funding | 172424.94,JOINED,Funding/Investment/Loan/Revenue → Runway Revenue
846,MTR-APK-0846,Business,Business,Business Runway,Revenue,Income,2026-07-11,21:48:35,2026-07-11 21:48:35,126331.32,INR,126331.32,APK Owner,,,MAESTRO-APK-BUSINESS-BUSINESS_RUNWAY-0846 | Revenue | 126331.32,Android,B17,RAMP_501_1500,CREATED,idem-20260902-apk-0846,android,B02,BUSINESS_RUNWAY,Revenue,B02:Revenue,ACTIVE,qa.tile.revenue,business.revenue.amount,,business.revenue.submit,,Revenue,MAESTRO-APK-BUSINESS-BUSINESS_RUNWAY-0846 | Revenue | 126331.32,JOINED,Funding/Investment/Loan/Revenue → Runway Revenue
849,MTR-APK-0849,Business,Business,Business Runway,Burn,Expense,2026-04-08,06:32:05,2026-04-08 06:32:05,29107.43,INR,-29107.43,APK Owner,,,MAESTRO-APK-BUSINESS-BUSINESS_RUNWAY-0849 | Burn | 29107.43,Android,B17,RAMP_501_1500,CREATED,idem-20260902-apk-0849,android,B02,BUSINESS_RUNWAY,Expense,B02:Expense,ACTIVE,qa.tile.expense,business.expense.amount,business.expense.note,business.expense.submit,,Burn,MAESTRO-APK-BUSINESS-BUSINESS_RUNWAY-0849 | Burn | 29107.43,JOINED,Runway Log Expense
852,MTR-APK-0852,Business,Business,Business Runway,Reserve,Transfer,2026-03-02,15:23:57,2026-03-02 15:23:57,91323.18,INR,0.0,APK Owner,,,MAESTRO-APK-BUSINESS-BUSINESS_RUNWAY-0852 | Reserve | 91323.18,Android,B18,RAMP_501_1500,CREATED,idem-20260902-apk-0852,android,B02,BUSINESS_RUNWAY,Expense,B02:Expense,ACTIVE,qa.tile.expense,,,,,Reserve,MAESTRO-APK-BUSINESS-BUSINESS_RUNWAY-0852 | Reserve | 91323.18,JOINED_REVIEW,Reserve transfer → Runway expense/movement proxy — REVIEW
855,MTR-APK-0855,Business,Business,Business Runway,Loan,Income,2026-01-05,09:52:59,2026-01-05 09:52:59,133587.44,INR,133587.44,APK Owner,,,MAESTRO-APK-BUSINESS-BUSINESS_RUNWAY-0855 | Loan | 133587.44,Android,B18,RAMP_501_1500,CREATED,idem-20260902-apk-0855,android,B02,BUSINESS_RUNWAY,Revenue,B02:Revenue,ACTIVE,qa.tile.revenue,business.revenue.amount,,business.revenue.submit,,Loan,MAESTRO-APK-BUSINESS-BUSINESS_RUNWAY-0855 | Loan | 133587.44,JOINED,Funding/Investment/Loan/Revenue → Runway Revenue
858,MTR-APK-0858,Business,Business,Business Runway,Investment,Income,2025-09-16,04:14:01,2025-09-16 04:14:01,33155.26,INR,33155.26,APK Owner,,,MAESTRO-APK-BUSINESS-BUSINESS_RUNWAY-0858 | Investment | 33155.26,Android,B18,RAMP_501_1500,CREATED,idem-20260902-apk-0858,android,B02,BUSINESS_RUNWAY,Revenue,B02:Revenue,ACTIVE,qa.tile.revenue,business.revenue.amount,,business.revenue.submit,,Investment,MAESTRO-APK-BUSINESS-BUSINESS_RUNWAY-0858 | Investment | 33155.26,JOINED,Funding/Investment/Loan/Revenue → Runway Revenue
861,MTR-APK-0861,Business,Business,Business Operations,Software,Expense,2025-10-31,12:32:33,2025-10-31 12:32:33,125756.19,INR,-125756.19,APK Owner,,,MAESTRO-APK-BUSINESS-BUSINESS_OPERATIONS-0861 | Software | 125756.19,Android,B18,RAMP_501_1500,CREATED,idem-20260902-apk-0861,android,B03,BUSINESS_OPERATIONS,Spend Entry,B03:Spend Entry,ACTIVE,,business.expense.amount,business.expense.note,business.expense.submit,,Software,MAESTRO-APK-BUSINESS-BUSINESS_OPERATIONS-0861 | Software | 125756.19,JOINED,Ops Log Spend Entry; amount ID business.expense.amount
864,MTR-APK-0864,Business,Business,Business Operations,Rent,Expense,2025-10-31,00:13:20,2025-10-31 00:13:20,131076.55,INR,-131076.55,APK Owner,,,MAESTRO-APK-BUSINESS-BUSINESS_OPERATIONS-0864 | Rent | 131076.55,Android,B18,RAMP_501_1500,CREATED,idem-20260902-apk-0864,android,B03,BUSINESS_OPERATIONS,Spend Entry,B03:Spend Entry,ACTIVE,,business.expense.amount,business.expense.note,business.expense.submit,,Rent,MAESTRO-APK-BUSINESS-BUSINESS_OPERATIONS-0864 | Rent | 131076.55,JOINED,Ops Log Spend Entry; amount ID business.expense.amount
867,MTR-APK-0867,Business,Business,Business Operations,Marketing,Expense,2026-07-29,12:53:22,2026-07-29 12:53:22,160759.62,INR,-160759.62,APK Owner,,,MAESTRO-APK-BUSINESS-BUSINESS_OPERATIONS-0867 | Marketing | 160759.62,Android,B18,RAMP_501_1500,CREATED,idem-20260902-apk-0867,android,B03,BUSINESS_OPERATIONS,Spend Entry,B03:Spend Entry,ACTIVE,,business.expense.amount,business.expense.note,business.expense.submit,,Marketing,MAESTRO-APK-BUSINESS-BUSINESS_OPERATIONS-0867 | Marketing | 160759.62,JOINED,Ops Log Spend Entry; amount ID business.expense.amount
870,MTR-APK-0870,Business,Business,Business Operations,Legal,Expense,2026-02-19,15:47:56,2026-02-19 15:47:56,96738.66,INR,-96738.66,APK Owner,,,MAESTRO-APK-BUSINESS-BUSINESS_OPERATIONS-0870 | Legal | 96738.66,Android,B18,RAMP_501_1500,CREATED,idem-20260902-apk-0870,android,B03,BUSINESS_OPERATIONS,Spend Entry,B03:Spend Entry,ACTIVE,,business.expense.amount,business.expense.note,business.expense.submit,,Legal,MAESTRO-APK-BUSINESS-BUSINESS_OPERATIONS-0870 | Legal | 96738.66,JOINED,Ops Log Spend Entry; amount ID business.expense.amount
873,MTR-APK-0873,Business,Business,Business Operations,Accounting,Expense,2026-05-23,23:21:23,2026-05-23 23:21:23,116681.87,INR,-116681.87,APK Owner,,,MAESTRO-APK-BUSINESS-BUSINESS_OPERATIONS-0873 | Accounting | 116681.87,Android,B18,RAMP_501_1500,CREATED,idem-20260902-apk-0873,android,B03,BUSINESS_OPERATIONS,Spend Entry,B03:Spend Entry,ACTIVE,,business.expense.amount,business.expense.note,business.expense.submit,,Accounting,MAESTRO-APK-BUSINESS-BUSINESS_OPERATIONS-0873 | Accounting | 116681.87,JOINED,Ops Log Spend Entry; amount ID business.expense.amount
876,MTR-APK-0876,Business,Business,Business Operations,Equipment,Expense,2026-04-07,10:28:19,2026-04-07 10:28:19,155107.4,INR,-155107.4,APK Owner,,,MAESTRO-APK-BUSINESS-BUSINESS_OPERATIONS-0876 | Equipment | 155107.40,Android,B18,RAMP_501_1500,CREATED,idem-20260902-apk-0876,android,B03,BUSINESS_OPERATIONS,Spend Entry,B03:Spend Entry,ACTIVE,,business.expense.amount,business.expense.note,business.expense.submit,,Equipment,MAESTRO-APK-BUSINESS-BUSINESS_OPERATIONS-0876 | Equipment | 155107.40,JOINED,Ops Log Spend Entry; amount ID business.expense.amount
879,MTR-APK-0879,Business,Business,Business Operations,Vendor,Expense,2026-02-21,05:59:03,2026-02-21 05:59:03,179749.26,INR,-179749.26,APK Owner,,,MAESTRO-APK-BUSINESS-BUSINESS_OPERATIONS-0879 | Vendor | 179749.26,Android,B18,RAMP_501_1500,CREATED,idem-20260902-apk-0879,android,B03,BUSINESS_OPERATIONS,Spend Entry,B03:Spend Entry,ACTIVE,,business.expense.amount,business.expense.note,business.expense.submit,,Vendor,MAESTRO-APK-BUSINESS-BUSINESS_OPERATIONS-0879 | Vendor | 179749.26,JOINED,Ops Log Spend Entry; amount ID business.expense.amount
882,MTR-APK-0882,Business,Business,Business Operations,Tax,Expense,2025-11-11,23:42:05,2025-11-11 23:42:05,41933.18,INR,-41933.18,APK Owner,,,MAESTRO-APK-BUSINESS-BUSINESS_OPERATIONS-0882 | Tax | 41933.18,Android,B18,RAMP_501_1500,CREATED,idem-20260902-apk-0882,android,B03,BUSINESS_OPERATIONS,Spend Entry,B03:Spend Entry,ACTIVE,,business.expense.amount,business.expense.note,business.expense.submit,,Tax,MAESTRO-APK-BUSINESS-BUSINESS_OPERATIONS-0882 | Tax | 41933.18,JOINED,Ops Log Spend Entry; amount ID business.expense.amount
885,MTR-APK-0885,Business,Business,Team Operations,Payroll,Expense,2025-10-20,10:09:32,2025-10-20 10:09:32,94733.7,INR,-94733.7,APK Owner,,,MAESTRO-APK-BUSINESS-TEAM_OPERATIONS-0885 | Payroll | 94733.70,Android,B18,RAMP_501_1500,CREATED,idem-20260902-apk-0885,android,B01,TEAM_OPERATIONS,Team Update,B01:Team Update,ACTIVE,,business.expense.amount,business.expense.note,business.expense.submit,,Payroll,MAESTRO-APK-BUSINESS-TEAM_OPERATIONS-0885 | Payroll | 94733.70,JOINED,Team Ops hub has no Expense; Team meal/travel etc. use Team Update until Spend path wired — prefer B03 Spend for ops expenses
888,MTR-APK-0888,Business,Business,Team Operations,Contractor,Expense,2025-12-14,04:01:23,2025-12-14 04:01:23,0.01,INR,-0.01,APK Owner,,,MAESTRO-APK-BUSINESS-TEAM_OPERATIONS-0888 | Contractor | 0.01,Android,B18,RAMP_501_1500,CREATED,idem-20260902-apk-0888,android,B01,TEAM_OPERATIONS,Team Update,B01:Team Update,ACTIVE,,business.expense.amount,business.expense.note,business.expense.submit,,Contractor,MAESTRO-APK-BUSINESS-TEAM_OPERATIONS-0888 | Contractor | 0.01,JOINED,Team Ops hub has no Expense; Team meal/travel etc. use Team Update until Spend path wired — prefer B03 Spend for ops expenses
891,MTR-APK-0891,Business,Business,Team Operations,Hiring,Expense,2026-01-24,09:18:26,2026-01-24 09:18:26,116062.86,INR,-116062.86,APK Owner,,,MAESTRO-APK-BUSINESS-TEAM_OPERATIONS-0891 | Hiring | 116062.86,Android,B18,RAMP_501_1500,CREATED,idem-20260902-apk-0891,android,B01,TEAM_OPERATIONS,Team Update,B01:Team Update,ACTIVE,,business.expense.amount,business.expense.note,business.expense.submit,,Hiring,MAESTRO-APK-BUSINESS-TEAM_OPERATIONS-0891 | Hiring | 116062.86,JOINED,Team Ops hub has no Expense; Team meal/travel etc. use Team Update until Spend path wired — prefer B03 Spend for ops expenses
894,MTR-APK-0894,Business,Business,Team Operations,Team Meal,Expense,2025-11-29,13:28:17,2025-11-29 13:28:17,136725.86,INR,-136725.86,APK Owner,,,MAESTRO-APK-BUSINESS-TEAM_OPERATIONS-0894 | Team Meal | 136725.86,Android,B18,RAMP_501_1500,CREATED,idem-20260902-apk-0894,android,B01,TEAM_OPERATIONS,Team Update,B01:Team Update,ACTIVE,,business.expense.amount,business.expense.note,business.expense.submit,,Team Meal,MAESTRO-APK-BUSINESS-TEAM_OPERATIONS-0894 | Team Meal | 136725.86,JOINED,Team Ops hub has no Expense; Team meal/travel etc. use Team Update until Spend path wired — prefer B03 Spend for ops expenses
897,MTR-APK-0897,Business,Business,Team Operations,Travel,Expense,2026-05-04,23:05:03,2026-05-04 23:05:03,363.6,INR,-363.6,APK Owner,,,MAESTRO-APK-BUSINESS-TEAM_OPERATIONS-0897 | Travel | 363.60,Android,B18,RAMP_501_1500,CREATED,idem-20260902-apk-0897,android,B01,TEAM_OPERATIONS,Team Update,B01:Team Update,ACTIVE,,business.expense.amount,business.expense.note,business.expense.submit,,Travel,MAESTRO-APK-BUSINESS-TEAM_OPERATIONS-0897 | Travel | 363.60,JOINED,Team Ops hub has no Expense; Team meal/travel etc. use Team Update until Spend path wired — prefer B03 Spend for ops expenses
900,MTR-APK-0900,Business,Business,Team Operations,Training,Expense,2026-04-02,06:51:31,2026-04-02 06:51:31,140485.2,INR,-140485.2,APK Owner,,,MAESTRO-APK-BUSINESS-TEAM_OPERATIONS-0900 | Training | 140485.20,Android,B18,RAMP_501_1500,CREATED,idem-20260902-apk-0900,android,B01,TEAM_OPERATIONS,Team Update,B01:Team Update,ACTIVE,,business.expense.amount,business.expense.note,business.expense.submit,,Training,MAESTRO-APK-BUSINESS-TEAM_OPERATIONS-0900 | Training | 140485.20,JOINED,Team Ops hub has no Expense; Team meal/travel etc. use Team Update until Spend path wired — prefer B03 Spend for ops expenses
903,MTR-APK-0903,Business,Business,Team Operations,Tools,Expense,2025-09-30,03:08:41,2025-09-30 03:08:41,138721.87,INR,-138721.87,APK Owner,,,MAESTRO-APK-BUSINESS-TEAM_OPERATIONS-0903 | Tools | 138721.87,Android,B19,RAMP_501_1500,CREATED,idem-20260902-apk-0903,android,B01,TEAM_OPERATIONS,Team Update,B01:Team Update,ACTIVE,,business.expense.amount,business.expense.note,business.expense.submit,,Tools,MAESTRO-APK-BUSINESS-TEAM_OPERATIONS-0903 | Tools | 138721.87,JOINED,Team Ops hub has no Expense; Team meal/travel etc. use Team Update until Spend path wired — prefer B03 Spend for ops expenses
906,MTR-APK-0906,Business,Business,Business Runway,Funding,Income,2025-10-15,20:41:40,2025-10-15 20:41:40,114193.82,INR,114193.82,APK Owner,,,MAESTRO-APK-BUSINESS-BUSINESS_RUNWAY-0906 | Funding | 114193.82,Android,B19,RAMP_501_1500,CREATED,idem-20260902-apk-0906,android,B02,BUSINESS_RUNWAY,Revenue,B02:Revenue,ACTIVE,qa.tile.revenue,business.revenue.amount,,business.revenue.submit,,Funding,MAESTRO-APK-BUSINESS-BUSINESS_RUNWAY-0906 | Funding | 114193.82,JOINED,Funding/Investment/Loan/Revenue → Runway Revenue
909,MTR-APK-0909,Business,Business,Business Runway,Revenue,Income,2026-03-31,19:23:33,2026-03-31 19:23:33,72645.11,INR,72645.11,APK Owner,,,MAESTRO-APK-BUSINESS-BUSINESS_RUNWAY-0909 | Revenue | 72645.11,Android,B19,RAMP_501_1500,CREATED,idem-20260902-apk-0909,android,B02,BUSINESS_RUNWAY,Revenue,B02:Revenue,ACTIVE,qa.tile.revenue,business.revenue.amount,,business.revenue.submit,,Revenue,MAESTRO-APK-BUSINESS-BUSINESS_RUNWAY-0909 | Revenue | 72645.11,JOINED,Funding/Investment/Loan/Revenue → Runway Revenue
912,MTR-APK-0912,Business,Business,Business Runway,Burn,Expense,2026-03-25,01:35:08,2026-03-25 01:35:08,172636.6,INR,-172636.6,APK Owner,,,MAESTRO-APK-BUSINESS-BUSINESS_RUNWAY-0912 | Burn | 172636.60,Android,B19,RAMP_501_1500,CREATED,idem-20260902-apk-0912,android,B02,BUSINESS_RUNWAY,Expense,B02:Expense,ACTIVE,qa.tile.expense,business.expense.amount,business.expense.note,business.expense.submit,,Burn,MAESTRO-APK-BUSINESS-BUSINESS_RUNWAY-0912 | Burn | 172636.60,JOINED,Runway Log Expense
915,MTR-APK-0915,Business,Business,Business Runway,Reserve,Transfer,2026-08-12,10:26:30,2026-08-12 10:26:30,75066.95,INR,0.0,APK Owner,,,MAESTRO-APK-BUSINESS-BUSINESS_RUNWAY-0915 | Reserve | 75066.95,Android,B19,RAMP_501_1500,CREATED,idem-20260902-apk-0915,android,B02,BUSINESS_RUNWAY,Expense,B02:Expense,ACTIVE,qa.tile.expense,,,,,Reserve,MAESTRO-APK-BUSINESS-BUSINESS_RUNWAY-0915 | Reserve | 75066.95,JOINED_REVIEW,Reserve transfer → Runway expense/movement proxy — REVIEW
918,MTR-APK-0918,Business,Business,Business Runway,Loan,Income,2026-04-28,12:47:16,2026-04-28 12:47:16,122465.09,INR,122465.09,APK Owner,,,MAESTRO-APK-BUSINESS-BUSINESS_RUNWAY-0918 | Loan | 122465.09,Android,B19,RAMP_501_1500,CREATED,idem-20260902-apk-0918,android,B02,BUSINESS_RUNWAY,Revenue,B02:Revenue,ACTIVE,qa.tile.revenue,business.revenue.amount,,business.revenue.submit,,Loan,MAESTRO-APK-BUSINESS-BUSINESS_RUNWAY-0918 | Loan | 122465.09,JOINED,Funding/Investment/Loan/Revenue → Runway Revenue
921,MTR-APK-0921,Business,Business,Business Runway,Investment,Income,2025-10-24,12:59:11,2025-10-24 12:59:11,65960.54,INR,65960.54,APK Owner,,,MAESTRO-APK-BUSINESS-BUSINESS_RUNWAY-0921 | Investment | 65960.54,Android,B19,RAMP_501_1500,CREATED,idem-20260902-apk-0921,android,B02,BUSINESS_RUNWAY,Revenue,B02:Revenue,ACTIVE,qa.tile.revenue,business.revenue.amount,,business.revenue.submit,,Investment,MAESTRO-APK-BUSINESS-BUSINESS_RUNWAY-0921 | Investment | 65960.54,JOINED,Funding/Investment/Loan/Revenue → Runway Revenue
924,MTR-APK-0924,Business,Business,Business Operations,Software,Expense,2026-08-06,05:37:50,2026-08-06 05:37:50,8266.51,INR,-8266.51,APK Owner,,,MAESTRO-APK-BUSINESS-BUSINESS_OPERATIONS-0924 | Software | 8266.51,Android,B19,RAMP_501_1500,CREATED,idem-20260902-apk-0924,android,B03,BUSINESS_OPERATIONS,Spend Entry,B03:Spend Entry,ACTIVE,,business.expense.amount,business.expense.note,business.expense.submit,,Software,MAESTRO-APK-BUSINESS-BUSINESS_OPERATIONS-0924 | Software | 8266.51,JOINED,Ops Log Spend Entry; amount ID business.expense.amount
927,MTR-APK-0927,Business,Business,Business Operations,Rent,Expense,2026-04-01,20:55:40,2026-04-01 20:55:40,127058.0,INR,-127058.0,APK Owner,,,MAESTRO-APK-BUSINESS-BUSINESS_OPERATIONS-0927 | Rent | 127058.00,Android,B19,RAMP_501_1500,CREATED,idem-20260902-apk-0927,android,B03,BUSINESS_OPERATIONS,Spend Entry,B03:Spend Entry,ACTIVE,,business.expense.amount,business.expense.note,business.expense.submit,,Rent,MAESTRO-APK-BUSINESS-BUSINESS_OPERATIONS-0927 | Rent | 127058.00,JOINED,Ops Log Spend Entry; amount ID business.expense.amount
930,MTR-APK-0930,Business,Business,Business Operations,Marketing,Expense,2026-07-17,19:11:02,2026-07-17 19:11:02,10793.41,INR,-10793.41,APK Owner,,,MAESTRO-APK-BUSINESS-BUSINESS_OPERATIONS-0930 | Marketing | 10793.41,Android,B19,RAMP_501_1500,CREATED,idem-20260902-apk-0930,android,B03,BUSINESS_OPERATIONS,Spend Entry,B03:Spend Entry,ACTIVE,,business.expense.amount,business.expense.note,business.expense.submit,,Marketing,MAESTRO-APK-BUSINESS-BUSINESS_OPERATIONS-0930 | Marketing | 10793.41,JOINED,Ops Log Spend Entry; amount ID business.expense.amount
933,MTR-APK-0933,Business,Business,Business Operations,Legal,Expense,2026-08-10,01:01:42,2026-08-10 01:01:42,102817.49,INR,-102817.49,APK Owner,,,MAESTRO-APK-BUSINESS-BUSINESS_OPERATIONS-0933 | Legal | 102817.49,Android,B19,RAMP_501_1500,CREATED,idem-20260902-apk-0933,android,B03,BUSINESS_OPERATIONS,Spend Entry,B03:Spend Entry,ACTIVE,,business.expense.amount,business.expense.note,business.expense.submit,,Legal,MAESTRO-APK-BUSINESS-BUSINESS_OPERATIONS-0933 | Legal | 102817.49,JOINED,Ops Log Spend Entry; amount ID business.expense.amount
936,MTR-APK-0936,Business,Business,Business Operations,Accounting,Expense,2025-12-27,08:52:19,2025-12-27 08:52:19,159256.14,INR,-159256.14,APK Owner,,,MAESTRO-APK-BUSINESS-BUSINESS_OPERATIONS-0936 | Accounting | 159256.14,Android,B19,RAMP_501_1500,CREATED,idem-20260902-apk-0936,android,B03,BUSINESS_OPERATIONS,Spend Entry,B03:Spend Entry,ACTIVE,,business.expense.amount,business.expense.note,business.expense.submit,,Accounting,MAESTRO-APK-BUSINESS-BUSINESS_OPERATIONS-0936 | Accounting | 159256.14,JOINED,Ops Log Spend Entry; amount ID business.expense.amount
939,MTR-APK-0939,Business,Business,Business Operations,Equipment,Expense,2026-03-31,19:22:50,2026-03-31 19:22:50,38467.24,INR,-38467.24,APK Owner,,,MAESTRO-APK-BUSINESS-BUSINESS_OPERATIONS-0939 | Equipment | 38467.24,Android,B19,RAMP_501_1500,CREATED,idem-20260902-apk-0939,android,B03,BUSINESS_OPERATIONS,Spend Entry,B03:Spend Entry,ACTIVE,,business.expense.amount,business.expense.note,business.expense.submit,,Equipment,MAESTRO-APK-BUSINESS-BUSINESS_OPERATIONS-0939 | Equipment | 38467.24,JOINED,Ops Log Spend Entry; amount ID business.expense.amount
942,MTR-APK-0942,Business,Business,Business Operations,Vendor,Expense,2025-10-06,18:59:16,2025-10-06 18:59:16,61584.9,INR,-61584.9,APK Owner,,,MAESTRO-APK-BUSINESS-BUSINESS_OPERATIONS-0942 | Vendor | 61584.90,Android,B19,RAMP_501_1500,CREATED,idem-20260902-apk-0942,android,B03,BUSINESS_OPERATIONS,Spend Entry,B03:Spend Entry,ACTIVE,,business.expense.amount,business.expense.note,business.expense.submit,,Vendor,MAESTRO-APK-BUSINESS-BUSINESS_OPERATIONS-0942 | Vendor | 61584.90,JOINED,Ops Log Spend Entry; amount ID business.expense.amount
945,MTR-APK-0945,Business,Business,Business Operations,Tax,Expense,2026-04-29,01:25:32,2026-04-29 01:25:32,49752.17,INR,-49752.17,APK Owner,,,MAESTRO-APK-BUSINESS-BUSINESS_OPERATIONS-0945 | Tax | 49752.17,Android,B19,RAMP_501_1500,CREATED,idem-20260902-apk-0945,android,B03,BUSINESS_OPERATIONS,Spend Entry,B03:Spend Entry,ACTIVE,,business.expense.amount,business.expense.note,business.expense.submit,,Tax,MAESTRO-APK-BUSINESS-BUSINESS_OPERATIONS-0945 | Tax | 49752.17,JOINED,Ops Log Spend Entry; amount ID business.expense.amount
948,MTR-APK-0948,Business,Business,Team Operations,Payroll,Expense,2025-09-04,21:44:20,2025-09-04 21:44:20,103489.12,INR,-103489.12,APK Owner,,,MAESTRO-APK-BUSINESS-TEAM_OPERATIONS-0948 | Payroll | 103489.12,Android,B19,RAMP_501_1500,CREATED,idem-20260902-apk-0948,android,B01,TEAM_OPERATIONS,Team Update,B01:Team Update,ACTIVE,,business.expense.amount,business.expense.note,business.expense.submit,,Payroll,MAESTRO-APK-BUSINESS-TEAM_OPERATIONS-0948 | Payroll | 103489.12,JOINED,Team Ops hub has no Expense; Team meal/travel etc. use Team Update until Spend path wired — prefer B03 Spend for ops expenses
951,MTR-APK-0951,Business,Business,Team Operations,Contractor,Expense,2026-05-09,12:56:12,2026-05-09 12:56:12,64886.9,INR,-64886.9,APK Owner,,,MAESTRO-APK-BUSINESS-TEAM_OPERATIONS-0951 | Contractor | 64886.90,Android,B20,RAMP_501_1500,CREATED,idem-20260902-apk-0951,android,B01,TEAM_OPERATIONS,Team Update,B01:Team Update,ACTIVE,,business.expense.amount,business.expense.note,business.expense.submit,,Contractor,MAESTRO-APK-BUSINESS-TEAM_OPERATIONS-0951 | Contractor | 64886.90,JOINED,Team Ops hub has no Expense; Team meal/travel etc. use Team Update until Spend path wired — prefer B03 Spend for ops expenses
954,MTR-APK-0954,Business,Business,Team Operations,Hiring,Expense,2026-04-10,07:46:28,2026-04-10 07:46:28,101615.14,INR,-101615.14,APK Owner,,,MAESTRO-APK-BUSINESS-TEAM_OPERATIONS-0954 | Hiring | 101615.14,Android,B20,RAMP_501_1500,CREATED,idem-20260902-apk-0954,android,B01,TEAM_OPERATIONS,Team Update,B01:Team Update,ACTIVE,,business.expense.amount,business.expense.note,business.expense.submit,,Hiring,MAESTRO-APK-BUSINESS-TEAM_OPERATIONS-0954 | Hiring | 101615.14,JOINED,Team Ops hub has no Expense; Team meal/travel etc. use Team Update until Spend path wired — prefer B03 Spend for ops expenses
957,MTR-APK-0957,Business,Business,Team Operations,Team Meal,Expense,2025-11-04,12:00:36,2025-11-04 12:00:36,14021.4,INR,-14021.4,APK Owner,,,MAESTRO-APK-BUSINESS-TEAM_OPERATIONS-0957 | Team Meal | 14021.40,Android,B20,RAMP_501_1500,CREATED,idem-20260902-apk-0957,android,B01,TEAM_OPERATIONS,Team Update,B01:Team Update,ACTIVE,,business.expense.amount,business.expense.note,business.expense.submit,,Team Meal,MAESTRO-APK-BUSINESS-TEAM_OPERATIONS-0957 | Team Meal | 14021.40,JOINED,Team Ops hub has no Expense; Team meal/travel etc. use Team Update until Spend path wired — prefer B03 Spend for ops expenses
960,MTR-APK-0960,Business,Business,Team Operations,Travel,Expense,2025-11-29,08:02:39,2025-11-29 08:02:39,19529.39,INR,-19529.39,APK Owner,,,MAESTRO-APK-BUSINESS-TEAM_OPERATIONS-0960 | Travel | 19529.39,Android,B20,RAMP_501_1500,CREATED,idem-20260902-apk-0960,android,B01,TEAM_OPERATIONS,Team Update,B01:Team Update,ACTIVE,,business.expense.amount,business.expense.note,business.expense.submit,,Travel,MAESTRO-APK-BUSINESS-TEAM_OPERATIONS-0960 | Travel | 19529.39,JOINED,Team Ops hub has no Expense; Team meal/travel etc. use Team Update until Spend path wired — prefer B03 Spend for ops expenses
963,MTR-APK-0963,Business,Business,Team Operations,Training,Expense,2026-04-06,17:10:04,2026-04-06 17:10:04,136640.68,INR,-136640.68,APK Owner,,,MAESTRO-APK-BUSINESS-TEAM_OPERATIONS-0963 | Training | 136640.68,Android,B20,RAMP_501_1500,CREATED,idem-20260902-apk-0963,android,B01,TEAM_OPERATIONS,Team Update,B01:Team Update,ACTIVE,,business.expense.amount,business.expense.note,business.expense.submit,,Training,MAESTRO-APK-BUSINESS-TEAM_OPERATIONS-0963 | Training | 136640.68,JOINED,Team Ops hub has no Expense; Team meal/travel etc. use Team Update until Spend path wired — prefer B03 Spend for ops expenses
966,MTR-APK-0966,Business,Business,Team Operations,Tools,Expense,2026-07-25,19:22:00,2026-07-25 19:22:00,120070.32,INR,-120070.32,APK Owner,,,MAESTRO-APK-BUSINESS-TEAM_OPERATIONS-0966 | Tools | 120070.32,Android,B20,RAMP_501_1500,CREATED,idem-20260902-apk-0966,android,B01,TEAM_OPERATIONS,Team Update,B01:Team Update,ACTIVE,,business.expense.amount,business.expense.note,business.expense.submit,,Tools,MAESTRO-APK-BUSINESS-TEAM_OPERATIONS-0966 | Tools | 120070.32,JOINED,Team Ops hub has no Expense; Team meal/travel etc. use Team Update until Spend path wired — prefer B03 Spend for ops expenses
969,MTR-APK-0969,Business,Business,Business Runway,Funding,Income,2025-10-24,23:46:10,2025-10-24 23:46:10,67739.49,INR,67739.49,APK Owner,,,MAESTRO-APK-BUSINESS-BUSINESS_RUNWAY-0969 | Funding | 67739.49,Android,B20,RAMP_501_1500,CREATED,idem-20260902-apk-0969,android,B02,BUSINESS_RUNWAY,Revenue,B02:Revenue,ACTIVE,qa.tile.revenue,business.revenue.amount,,business.revenue.submit,,Funding,MAESTRO-APK-BUSINESS-BUSINESS_RUNWAY-0969 | Funding | 67739.49,JOINED,Funding/Investment/Loan/Revenue → Runway Revenue
972,MTR-APK-0972,Business,Business,Business Runway,Revenue,Income,2025-10-28,03:22:02,2025-10-28 03:22:02,47395.91,INR,47395.91,APK Owner,,,MAESTRO-APK-BUSINESS-BUSINESS_RUNWAY-0972 | Revenue | 47395.91,Android,B20,RAMP_501_1500,CREATED,idem-20260902-apk-0972,android,B02,BUSINESS_RUNWAY,Revenue,B02:Revenue,ACTIVE,qa.tile.revenue,business.revenue.amount,,business.revenue.submit,,Revenue,MAESTRO-APK-BUSINESS-BUSINESS_RUNWAY-0972 | Revenue | 47395.91,JOINED,Funding/Investment/Loan/Revenue → Runway Revenue
975,MTR-APK-0975,Business,Business,Business Runway,Burn,Expense,2026-03-04,02:15:04,2026-03-04 02:15:04,176965.25,INR,-176965.25,APK Owner,,,MAESTRO-APK-BUSINESS-BUSINESS_RUNWAY-0975 | Burn | 176965.25,Android,B20,RAMP_501_1500,CREATED,idem-20260902-apk-0975,android,B02,BUSINESS_RUNWAY,Expense,B02:Expense,ACTIVE,qa.tile.expense,business.expense.amount,business.expense.note,business.expense.submit,,Burn,MAESTRO-APK-BUSINESS-BUSINESS_RUNWAY-0975 | Burn | 176965.25,JOINED,Runway Log Expense
978,MTR-APK-0978,Business,Business,Business Runway,Reserve,Transfer,2025-12-26,06:55:45,2025-12-26 06:55:45,4478.06,INR,0.0,APK Owner,,,MAESTRO-APK-BUSINESS-BUSINESS_RUNWAY-0978 | Reserve | 4478.06,Android,B20,RAMP_501_1500,CREATED,idem-20260902-apk-0978,android,B02,BUSINESS_RUNWAY,Expense,B02:Expense,ACTIVE,qa.tile.expense,,,,,Reserve,MAESTRO-APK-BUSINESS-BUSINESS_RUNWAY-0978 | Reserve | 4478.06,JOINED_REVIEW,Reserve transfer → Runway expense/movement proxy — REVIEW
981,MTR-APK-0981,Business,Business,Business Runway,Loan,Income,2026-08-22,19:34:00,2026-08-22 19:34:00,33229.46,INR,33229.46,APK Owner,,,MAESTRO-APK-BUSINESS-BUSINESS_RUNWAY-0981 | Loan | 33229.46,Android,B20,RAMP_501_1500,CREATED,idem-20260902-apk-0981,android,B02,BUSINESS_RUNWAY,Revenue,B02:Revenue,ACTIVE,qa.tile.revenue,business.revenue.amount,,business.revenue.submit,,Loan,MAESTRO-APK-BUSINESS-BUSINESS_RUNWAY-0981 | Loan | 33229.46,JOINED,Funding/Investment/Loan/Revenue → Runway Revenue
984,MTR-APK-0984,Business,Business,Business Runway,Investment,Income,2026-01-09,02:08:03,2026-01-09 02:08:03,169582.93,INR,169582.93,APK Owner,,,MAESTRO-APK-BUSINESS-BUSINESS_RUNWAY-0984 | Investment | 169582.93,Android,B20,RAMP_501_1500,CREATED,idem-20260902-apk-0984,android,B02,BUSINESS_RUNWAY,Revenue,B02:Revenue,ACTIVE,qa.tile.revenue,business.revenue.amount,,business.revenue.submit,,Investment,MAESTRO-APK-BUSINESS-BUSINESS_RUNWAY-0984 | Investment | 169582.93,JOINED,Funding/Investment/Loan/Revenue → Runway Revenue
987,MTR-APK-0987,Business,Business,Business Operations,Software,Expense,2026-07-31,14:48:20,2026-07-31 14:48:20,68312.17,INR,-68312.17,APK Owner,,,MAESTRO-APK-BUSINESS-BUSINESS_OPERATIONS-0987 | Software | 68312.17,Android,B20,RAMP_501_1500,CREATED,idem-20260902-apk-0987,android,B03,BUSINESS_OPERATIONS,Spend Entry,B03:Spend Entry,ACTIVE,,business.expense.amount,business.expense.note,business.expense.submit,,Software,MAESTRO-APK-BUSINESS-BUSINESS_OPERATIONS-0987 | Software | 68312.17,JOINED,Ops Log Spend Entry; amount ID business.expense.amount
990,MTR-APK-0990,Business,Business,Business Operations,Rent,Expense,2026-05-03,03:13:14,2026-05-03 03:13:14,128033.15,INR,-128033.15,APK Owner,,,MAESTRO-APK-BUSINESS-BUSINESS_OPERATIONS-0990 | Rent | 128033.15,Android,B20,RAMP_501_1500,CREATED,idem-20260902-apk-0990,android,B03,BUSINESS_OPERATIONS,Spend Entry,B03:Spend Entry,ACTIVE,,business.expense.amount,business.expense.note,business.expense.submit,,Rent,MAESTRO-APK-BUSINESS-BUSINESS_OPERATIONS-0990 | Rent | 128033.15,JOINED,Ops Log Spend Entry; amount ID business.expense.amount
993,MTR-APK-0993,Business,Business,Business Operations,Marketing,Expense,2026-07-31,17:27:15,2026-07-31 17:27:15,89500.53,INR,-89500.53,APK Owner,,,MAESTRO-APK-BUSINESS-BUSINESS_OPERATIONS-0993 | Marketing | 89500.53,Android,B20,RAMP_501_1500,CREATED,idem-20260902-apk-0993,android,B03,BUSINESS_OPERATIONS,Spend Entry,B03:Spend Entry,ACTIVE,,business.expense.amount,business.expense.note,business.expense.submit,,Marketing,MAESTRO-APK-BUSINESS-BUSINESS_OPERATIONS-0993 | Marketing | 89500.53,JOINED,Ops Log Spend Entry; amount ID business.expense.amount
996,MTR-APK-0996,Business,Business,Business Operations,Legal,Expense,2026-03-19,17:56:54,2026-03-19 17:56:54,87732.12,INR,-87732.12,APK Owner,,,MAESTRO-APK-BUSINESS-BUSINESS_OPERATIONS-0996 | Legal | 87732.12,Android,B20,RAMP_501_1500,CREATED,idem-20260902-apk-0996,android,B03,BUSINESS_OPERATIONS,Spend Entry,B03:Spend Entry,ACTIVE,,business.expense.amount,business.expense.note,business.expense.submit,,Legal,MAESTRO-APK-BUSINESS-BUSINESS_OPERATIONS-0996 | Legal | 87732.12,JOINED,Ops Log Spend Entry; amount ID business.expense.amount
999,MTR-APK-0999,Business,Business,Business Operations,Accounting,Expense,2026-03-01,15:33:46,2026-03-01 15:33:46,100.0,INR,-100.0,APK Owner,,,MAESTRO-APK-BUSINESS-BUSINESS_OPERATIONS-0999 | Accounting | 100.00,Android,B20,RAMP_501_1500,CREATED,idem-20260902-apk-0999,android,B03,BUSINESS_OPERATIONS,Spend Entry,B03:Spend Entry,ACTIVE,,business.expense.amount,business.expense.note,business.expense.submit,,Accounting,MAESTRO-APK-BUSINESS-BUSINESS_OPERATIONS-0999 | Accounting | 100.00,JOINED,Ops Log Spend Entry; amount ID business.expense.amount
1002,MTR-APK-1002,Business,Business,Business Operations,Equipment,Expense,2026-02-21,23:25:24,2026-02-21 23:25:24,46474.27,INR,-46474.27,APK Owner,,,MAESTRO-APK-BUSINESS-BUSINESS_OPERATIONS-1002 | Equipment | 46474.27,Android,B21,RAMP_501_1500,CREATED,idem-20260902-apk-1002,android,B03,BUSINESS_OPERATIONS,Spend Entry,B03:Spend Entry,ACTIVE,,business.expense.amount,business.expense.note,business.expense.submit,,Equipment,MAESTRO-APK-BUSINESS-BUSINESS_OPERATIONS-1002 | Equipment | 46474.27,JOINED,Ops Log Spend Entry; amount ID business.expense.amount
1005,MTR-APK-1005,Business,Business,Business Operations,Vendor,Expense,2025-09-09,14:04:22,2025-09-09 14:04:22,151590.4,INR,-151590.4,APK Owner,,,MAESTRO-APK-BUSINESS-BUSINESS_OPERATIONS-1005 | Vendor | 151590.40,Android,B21,RAMP_501_1500,CREATED,idem-20260902-apk-1005,android,B03,BUSINESS_OPERATIONS,Spend Entry,B03:Spend Entry,ACTIVE,,business.expense.amount,business.expense.note,business.expense.submit,,Vendor,MAESTRO-APK-BUSINESS-BUSINESS_OPERATIONS-1005 | Vendor | 151590.40,JOINED,Ops Log Spend Entry; amount ID business.expense.amount
1008,MTR-APK-1008,Business,Business,Business Operations,Tax,Expense,2025-09-22,18:49:07,2025-09-22 18:49:07,130871.08,INR,-130871.08,APK Owner,,,MAESTRO-APK-BUSINESS-BUSINESS_OPERATIONS-1008 | Tax | 130871.08,Android,B21,RAMP_501_1500,CREATED,idem-20260902-apk-1008,android,B03,BUSINESS_OPERATIONS,Spend Entry,B03:Spend Entry,ACTIVE,,business.expense.amount,business.expense.note,business.expense.submit,,Tax,MAESTRO-APK-BUSINESS-BUSINESS_OPERATIONS-1008 | Tax | 130871.08,JOINED,Ops Log Spend Entry; amount ID business.expense.amount
1011,MTR-APK-1011,Business,Business,Team Operations,Payroll,Expense,2026-06-30,14:17:14,2026-06-30 14:17:14,38523.51,INR,-38523.51,APK Owner,,,MAESTRO-APK-BUSINESS-TEAM_OPERATIONS-1011 | Payroll | 38523.51,Android,B21,RAMP_501_1500,CREATED,idem-20260902-apk-1011,android,B01,TEAM_OPERATIONS,Team Update,B01:Team Update,ACTIVE,,business.expense.amount,business.expense.note,business.expense.submit,,Payroll,MAESTRO-APK-BUSINESS-TEAM_OPERATIONS-1011 | Payroll | 38523.51,JOINED,Team Ops hub has no Expense; Team meal/travel etc. use Team Update until Spend path wired — prefer B03 Spend for ops expenses
1014,MTR-APK-1014,Business,Business,Team Operations,Contractor,Expense,2026-06-06,22:10:49,2026-06-06 22:10:49,90710.84,INR,-90710.84,APK Owner,,,MAESTRO-APK-BUSINESS-TEAM_OPERATIONS-1014 | Contractor | 90710.84,Android,B21,RAMP_501_1500,CREATED,idem-20260902-apk-1014,android,B01,TEAM_OPERATIONS,Team Update,B01:Team Update,ACTIVE,,business.expense.amount,business.expense.note,business.expense.submit,,Contractor,MAESTRO-APK-BUSINESS-TEAM_OPERATIONS-1014 | Contractor | 90710.84,JOINED,Team Ops hub has no Expense; Team meal/travel etc. use Team Update until Spend path wired — prefer B03 Spend for ops expenses
1017,MTR-APK-1017,Business,Business,Team Operations,Hiring,Expense,2026-01-02,10:56:25,2026-01-02 10:56:25,49741.5,INR,-49741.5,APK Owner,,,MAESTRO-APK-BUSINESS-TEAM_OPERATIONS-1017 | Hiring | 49741.50,Android,B21,RAMP_501_1500,CREATED,idem-20260902-apk-1017,android,B01,TEAM_OPERATIONS,Team Update,B01:Team Update,ACTIVE,,business.expense.amount,business.expense.note,business.expense.submit,,Hiring,MAESTRO-APK-BUSINESS-TEAM_OPERATIONS-1017 | Hiring | 49741.50,JOINED,Team Ops hub has no Expense; Team meal/travel etc. use Team Update until Spend path wired — prefer B03 Spend for ops expenses
1020,MTR-APK-1020,Business,Business,Team Operations,Team Meal,Expense,2025-12-14,08:28:50,2025-12-14 08:28:50,106099.56,INR,-106099.56,APK Owner,,,MAESTRO-APK-BUSINESS-TEAM_OPERATIONS-1020 | Team Meal | 106099.56,Android,B21,RAMP_501_1500,CREATED,idem-20260902-apk-1020,android,B01,TEAM_OPERATIONS,Team Update,B01:Team Update,ACTIVE,,business.expense.amount,business.expense.note,business.expense.submit,,Team Meal,MAESTRO-APK-BUSINESS-TEAM_OPERATIONS-1020 | Team Meal | 106099.56,JOINED,Team Ops hub has no Expense; Team meal/travel etc. use Team Update until Spend path wired — prefer B03 Spend for ops expenses
1023,MTR-APK-1023,Business,Business,Team Operations,Travel,Expense,2025-12-26,08:55:49,2025-12-26 08:55:49,116655.18,INR,-116655.18,APK Owner,,,MAESTRO-APK-BUSINESS-TEAM_OPERATIONS-1023 | Travel | 116655.18,Android,B21,RAMP_501_1500,CREATED,idem-20260902-apk-1023,android,B01,TEAM_OPERATIONS,Team Update,B01:Team Update,ACTIVE,,business.expense.amount,business.expense.note,business.expense.submit,,Travel,MAESTRO-APK-BUSINESS-TEAM_OPERATIONS-1023 | Travel | 116655.18,JOINED,Team Ops hub has no Expense; Team meal/travel etc. use Team Update until Spend path wired — prefer B03 Spend for ops expenses
1026,MTR-APK-1026,Business,Business,Team Operations,Training,Expense,2026-03-24,07:29:42,2026-03-24 07:29:42,153622.72,INR,-153622.72,APK Owner,,,MAESTRO-APK-BUSINESS-TEAM_OPERATIONS-1026 | Training | 153622.72,Android,B21,RAMP_501_1500,CREATED,idem-20260902-apk-1026,android,B01,TEAM_OPERATIONS,Team Update,B01:Team Update,ACTIVE,,business.expense.amount,business.expense.note,business.expense.submit,,Training,MAESTRO-APK-BUSINESS-TEAM_OPERATIONS-1026 | Training | 153622.72,JOINED,Team Ops hub has no Expense; Team meal/travel etc. use Team Update until Spend path wired — prefer B03 Spend for ops expenses
1029,MTR-APK-1029,Business,Business,Team Operations,Tools,Expense,2026-04-29,08:21:22,2026-04-29 08:21:22,118501.38,INR,-118501.38,APK Owner,,,MAESTRO-APK-BUSINESS-TEAM_OPERATIONS-1029 | Tools | 118501.38,Android,B21,RAMP_501_1500,CREATED,idem-20260902-apk-1029,android,B01,TEAM_OPERATIONS,Team Update,B01:Team Update,ACTIVE,,business.expense.amount,business.expense.note,business.expense.submit,,Tools,MAESTRO-APK-BUSINESS-TEAM_OPERATIONS-1029 | Tools | 118501.38,JOINED,Team Ops hub has no Expense; Team meal/travel etc. use Team Update until Spend path wired — prefer B03 Spend for ops expenses
1032,MTR-APK-1032,Business,Business,Business Runway,Funding,Income,2026-05-03,12:02:03,2026-05-03 12:02:03,54146.06,INR,54146.06,APK Owner,,,MAESTRO-APK-BUSINESS-BUSINESS_RUNWAY-1032 | Funding | 54146.06,Android,B21,RAMP_501_1500,CREATED,idem-20260902-apk-1032,android,B02,BUSINESS_RUNWAY,Revenue,B02:Revenue,ACTIVE,qa.tile.revenue,business.revenue.amount,,business.revenue.submit,,Funding,MAESTRO-APK-BUSINESS-BUSINESS_RUNWAY-1032 | Funding | 54146.06,JOINED,Funding/Investment/Loan/Revenue → Runway Revenue
1035,MTR-APK-1035,Business,Business,Business Runway,Revenue,Income,2025-12-10,04:51:24,2025-12-10 04:51:24,75548.72,INR,75548.72,APK Owner,,,MAESTRO-APK-BUSINESS-BUSINESS_RUNWAY-1035 | Revenue | 75548.72,Android,B21,RAMP_501_1500,CREATED,idem-20260902-apk-1035,android,B02,BUSINESS_RUNWAY,Revenue,B02:Revenue,ACTIVE,qa.tile.revenue,business.revenue.amount,,business.revenue.submit,,Revenue,MAESTRO-APK-BUSINESS-BUSINESS_RUNWAY-1035 | Revenue | 75548.72,JOINED,Funding/Investment/Loan/Revenue → Runway Revenue
1038,MTR-APK-1038,Business,Business,Business Runway,Burn,Expense,2025-11-01,23:30:31,2025-11-01 23:30:31,152430.8,INR,-152430.8,APK Owner,,,MAESTRO-APK-BUSINESS-BUSINESS_RUNWAY-1038 | Burn | 152430.80,Android,B21,RAMP_501_1500,CREATED,idem-20260902-apk-1038,android,B02,BUSINESS_RUNWAY,Expense,B02:Expense,ACTIVE,qa.tile.expense,business.expense.amount,business.expense.note,business.expense.submit,,Burn,MAESTRO-APK-BUSINESS-BUSINESS_RUNWAY-1038 | Burn | 152430.80,JOINED,Runway Log Expense
1041,MTR-APK-1041,Business,Business,Business Runway,Reserve,Transfer,2025-09-10,15:52:13,2025-09-10 15:52:13,68433.96,INR,0.0,APK Owner,,,MAESTRO-APK-BUSINESS-BUSINESS_RUNWAY-1041 | Reserve | 68433.96,Android,B21,RAMP_501_1500,CREATED,idem-20260902-apk-1041,android,B02,BUSINESS_RUNWAY,Expense,B02:Expense,ACTIVE,qa.tile.expense,,,,,Reserve,MAESTRO-APK-BUSINESS-BUSINESS_RUNWAY-1041 | Reserve | 68433.96,JOINED_REVIEW,Reserve transfer → Runway expense/movement proxy — REVIEW
1044,MTR-APK-1044,Business,Business,Business Runway,Loan,Income,2025-12-06,09:39:09,2025-12-06 09:39:09,4804.69,INR,4804.69,APK Owner,,,MAESTRO-APK-BUSINESS-BUSINESS_RUNWAY-1044 | Loan | 4804.69,Android,B21,RAMP_501_1500,CREATED,idem-20260902-apk-1044,android,B02,BUSINESS_RUNWAY,Revenue,B02:Revenue,ACTIVE,qa.tile.revenue,business.revenue.amount,,business.revenue.submit,,Loan,MAESTRO-APK-BUSINESS-BUSINESS_RUNWAY-1044 | Loan | 4804.69,JOINED,Funding/Investment/Loan/Revenue → Runway Revenue
1047,MTR-APK-1047,Business,Business,Business Runway,Investment,Income,2026-04-21,09:56:03,2026-04-21 09:56:03,26230.67,INR,26230.67,APK Owner,,,MAESTRO-APK-BUSINESS-BUSINESS_RUNWAY-1047 | Investment | 26230.67,Android,B21,RAMP_501_1500,CREATED,idem-20260902-apk-1047,android,B02,BUSINESS_RUNWAY,Revenue,B02:Revenue,ACTIVE,qa.tile.revenue,business.revenue.amount,,business.revenue.submit,,Investment,MAESTRO-APK-BUSINESS-BUSINESS_RUNWAY-1047 | Investment | 26230.67,JOINED,Funding/Investment/Loan/Revenue → Runway Revenue
1050,MTR-APK-1050,Business,Business,Business Operations,Software,Expense,2025-10-07,22:30:24,2025-10-07 22:30:24,161985.28,INR,-161985.28,APK Owner,,,MAESTRO-APK-BUSINESS-BUSINESS_OPERATIONS-1050 | Software | 161985.28,Android,B21,RAMP_501_1500,CREATED,idem-20260902-apk-1050,android,B03,BUSINESS_OPERATIONS,Spend Entry,B03:Spend Entry,ACTIVE,,business.expense.amount,business.expense.note,business.expense.submit,,Software,MAESTRO-APK-BUSINESS-BUSINESS_OPERATIONS-1050 | Software | 161985.28,JOINED,Ops Log Spend Entry; amount ID business.expense.amount
1053,MTR-APK-1053,Business,Business,Business Operations,Rent,Expense,2026-02-26,04:44:57,2026-02-26 04:44:57,19913.01,INR,-19913.01,APK Owner,,,MAESTRO-APK-BUSINESS-BUSINESS_OPERATIONS-1053 | Rent | 19913.01,Android,B22,RAMP_501_1500,CREATED,idem-20260902-apk-1053,android,B03,BUSINESS_OPERATIONS,Spend Entry,B03:Spend Entry,ACTIVE,,business.expense.amount,business.expense.note,business.expense.submit,,Rent,MAESTRO-APK-BUSINESS-BUSINESS_OPERATIONS-1053 | Rent | 19913.01,JOINED,Ops Log Spend Entry; amount ID business.expense.amount
1056,MTR-APK-1056,Business,Business,Business Operations,Marketing,Expense,2026-06-09,18:57:11,2026-06-09 18:57:11,97223.44,INR,-97223.44,APK Owner,,,MAESTRO-APK-BUSINESS-BUSINESS_OPERATIONS-1056 | Marketing | 97223.44,Android,B22,RAMP_501_1500,CREATED,idem-20260902-apk-1056,android,B03,BUSINESS_OPERATIONS,Spend Entry,B03:Spend Entry,ACTIVE,,business.expense.amount,business.expense.note,business.expense.submit,,Marketing,MAESTRO-APK-BUSINESS-BUSINESS_OPERATIONS-1056 | Marketing | 97223.44,JOINED,Ops Log Spend Entry; amount ID business.expense.amount
1059,MTR-APK-1059,Business,Business,Business Operations,Legal,Expense,2026-05-16,14:35:25,2026-05-16 14:35:25,19392.83,INR,-19392.83,APK Owner,,,MAESTRO-APK-BUSINESS-BUSINESS_OPERATIONS-1059 | Legal | 19392.83,Android,B22,RAMP_501_1500,CREATED,idem-20260902-apk-1059,android,B03,BUSINESS_OPERATIONS,Spend Entry,B03:Spend Entry,ACTIVE,,business.expense.amount,business.expense.note,business.expense.submit,,Legal,MAESTRO-APK-BUSINESS-BUSINESS_OPERATIONS-1059 | Legal | 19392.83,JOINED,Ops Log Spend Entry; amount ID business.expense.amount
1062,MTR-APK-1062,Business,Business,Business Operations,Accounting,Expense,2026-05-27,00:41:11,2026-05-27 00:41:11,121740.15,INR,-121740.15,APK Owner,,,MAESTRO-APK-BUSINESS-BUSINESS_OPERATIONS-1062 | Accounting | 121740.15,Android,B22,RAMP_501_1500,CREATED,idem-20260902-apk-1062,android,B03,BUSINESS_OPERATIONS,Spend Entry,B03:Spend Entry,ACTIVE,,business.expense.amount,business.expense.note,business.expense.submit,,Accounting,MAESTRO-APK-BUSINESS-BUSINESS_OPERATIONS-1062 | Accounting | 121740.15,JOINED,Ops Log Spend Entry; amount ID business.expense.amount
1065,MTR-APK-1065,Business,Business,Business Operations,Equipment,Expense,2026-07-04,03:43:57,2026-07-04 03:43:57,31604.1,INR,-31604.1,APK Owner,,,MAESTRO-APK-BUSINESS-BUSINESS_OPERATIONS-1065 | Equipment | 31604.10,Android,B22,RAMP_501_1500,CREATED,idem-20260902-apk-1065,android,B03,BUSINESS_OPERATIONS,Spend Entry,B03:Spend Entry,ACTIVE,,business.expense.amount,business.expense.note,business.expense.submit,,Equipment,MAESTRO-APK-BUSINESS-BUSINESS_OPERATIONS-1065 | Equipment | 31604.10,JOINED,Ops Log Spend Entry; amount ID business.expense.amount
1068,MTR-APK-1068,Business,Business,Business Operations,Vendor,Expense,2026-05-01,21:17:25,2026-05-01 21:17:25,98805.45,INR,-98805.45,APK Owner,,,MAESTRO-APK-BUSINESS-BUSINESS_OPERATIONS-1068 | Vendor | 98805.45,Android,B22,RAMP_501_1500,CREATED,idem-20260902-apk-1068,android,B03,BUSINESS_OPERATIONS,Spend Entry,B03:Spend Entry,ACTIVE,,business.expense.amount,business.expense.note,business.expense.submit,,Vendor,MAESTRO-APK-BUSINESS-BUSINESS_OPERATIONS-1068 | Vendor | 98805.45,JOINED,Ops Log Spend Entry; amount ID business.expense.amount
1071,MTR-APK-1071,Business,Business,Business Operations,Tax,Expense,2026-03-22,04:12:02,2026-03-22 04:12:02,56390.3,INR,-56390.3,APK Owner,,,MAESTRO-APK-BUSINESS-BUSINESS_OPERATIONS-1071 | Tax | 56390.30,Android,B22,RAMP_501_1500,CREATED,idem-20260902-apk-1071,android,B03,BUSINESS_OPERATIONS,Spend Entry,B03:Spend Entry,ACTIVE,,business.expense.amount,business.expense.note,business.expense.submit,,Tax,MAESTRO-APK-BUSINESS-BUSINESS_OPERATIONS-1071 | Tax | 56390.30,JOINED,Ops Log Spend Entry; amount ID business.expense.amount
1074,MTR-APK-1074,Business,Business,Team Operations,Payroll,Expense,2025-10-29,21:31:59,2025-10-29 21:31:59,98311.69,INR,-98311.69,APK Owner,,,MAESTRO-APK-BUSINESS-TEAM_OPERATIONS-1074 | Payroll | 98311.69,Android,B22,RAMP_501_1500,CREATED,idem-20260902-apk-1074,android,B01,TEAM_OPERATIONS,Team Update,B01:Team Update,ACTIVE,,business.expense.amount,business.expense.note,business.expense.submit,,Payroll,MAESTRO-APK-BUSINESS-TEAM_OPERATIONS-1074 | Payroll | 98311.69,JOINED,Team Ops hub has no Expense; Team meal/travel etc. use Team Update until Spend path wired — prefer B03 Spend for ops expenses
1077,MTR-APK-1077,Business,Business,Team Operations,Contractor,Expense,2026-06-02,22:36:36,2026-06-02 22:36:36,139473.21,INR,-139473.21,APK Owner,,,MAESTRO-APK-BUSINESS-TEAM_OPERATIONS-1077 | Contractor | 139473.21,Android,B22,RAMP_501_1500,CREATED,idem-20260902-apk-1077,android,B01,TEAM_OPERATIONS,Team Update,B01:Team Update,ACTIVE,,business.expense.amount,business.expense.note,business.expense.submit,,Contractor,MAESTRO-APK-BUSINESS-TEAM_OPERATIONS-1077 | Contractor | 139473.21,JOINED,Team Ops hub has no Expense; Team meal/travel etc. use Team Update until Spend path wired — prefer B03 Spend for ops expenses
1080,MTR-APK-1080,Business,Business,Team Operations,Hiring,Expense,2026-05-07,00:26:46,2026-05-07 00:26:46,23420.15,INR,-23420.15,APK Owner,,,MAESTRO-APK-BUSINESS-TEAM_OPERATIONS-1080 | Hiring | 23420.15,Android,B22,RAMP_501_1500,CREATED,idem-20260902-apk-1080,android,B01,TEAM_OPERATIONS,Team Update,B01:Team Update,ACTIVE,,business.expense.amount,business.expense.note,business.expense.submit,,Hiring,MAESTRO-APK-BUSINESS-TEAM_OPERATIONS-1080 | Hiring | 23420.15,JOINED,Team Ops hub has no Expense; Team meal/travel etc. use Team Update until Spend path wired — prefer B03 Spend for ops expenses
1083,MTR-APK-1083,Business,Business,Team Operations,Team Meal,Expense,2026-03-01,19:01:09,2026-03-01 19:01:09,115234.98,INR,-115234.98,APK Owner,,,MAESTRO-APK-BUSINESS-TEAM_OPERATIONS-1083 | Team Meal | 115234.98,Android,B22,RAMP_501_1500,CREATED,idem-20260902-apk-1083,android,B01,TEAM_OPERATIONS,Team Update,B01:Team Update,ACTIVE,,business.expense.amount,business.expense.note,business.expense.submit,,Team Meal,MAESTRO-APK-BUSINESS-TEAM_OPERATIONS-1083 | Team Meal | 115234.98,JOINED,Team Ops hub has no Expense; Team meal/travel etc. use Team Update until Spend path wired — prefer B03 Spend for ops expenses
1086,MTR-APK-1086,Business,Business,Team Operations,Travel,Expense,2025-12-27,17:06:47,2025-12-27 17:06:47,52531.66,INR,-52531.66,APK Owner,,,MAESTRO-APK-BUSINESS-TEAM_OPERATIONS-1086 | Travel | 52531.66,Android,B22,RAMP_501_1500,CREATED,idem-20260902-apk-1086,android,B01,TEAM_OPERATIONS,Team Update,B01:Team Update,ACTIVE,,business.expense.amount,business.expense.note,business.expense.submit,,Travel,MAESTRO-APK-BUSINESS-TEAM_OPERATIONS-1086 | Travel | 52531.66,JOINED,Team Ops hub has no Expense; Team meal/travel etc. use Team Update until Spend path wired — prefer B03 Spend for ops expenses
1089,MTR-APK-1089,Business,Business,Team Operations,Training,Expense,2026-02-21,03:47:59,2026-02-21 03:47:59,12876.67,INR,-12876.67,APK Owner,,,MAESTRO-APK-BUSINESS-TEAM_OPERATIONS-1089 | Training | 12876.67,Android,B22,RAMP_501_1500,CREATED,idem-20260902-apk-1089,android,B01,TEAM_OPERATIONS,Team Update,B01:Team Update,ACTIVE,,business.expense.amount,business.expense.note,business.expense.submit,,Training,MAESTRO-APK-BUSINESS-TEAM_OPERATIONS-1089 | Training | 12876.67,JOINED,Team Ops hub has no Expense; Team meal/travel etc. use Team Update until Spend path wired — prefer B03 Spend for ops expenses
1092,MTR-APK-1092,Business,Business,Team Operations,Tools,Expense,2025-10-12,18:18:19,2025-10-12 18:18:19,114050.1,INR,-114050.1,APK Owner,,,MAESTRO-APK-BUSINESS-TEAM_OPERATIONS-1092 | Tools | 114050.10,Android,B22,RAMP_501_1500,CREATED,idem-20260902-apk-1092,android,B01,TEAM_OPERATIONS,Team Update,B01:Team Update,ACTIVE,,business.expense.amount,business.expense.note,business.expense.submit,,Tools,MAESTRO-APK-BUSINESS-TEAM_OPERATIONS-1092 | Tools | 114050.10,JOINED,Team Ops hub has no Expense; Team meal/travel etc. use Team Update until Spend path wired — prefer B03 Spend for ops expenses
1095,MTR-APK-1095,Business,Business,Business Runway,Funding,Income,2026-04-03,11:21:49,2026-04-03 11:21:49,137514.71,INR,137514.71,APK Owner,,,MAESTRO-APK-BUSINESS-BUSINESS_RUNWAY-1095 | Funding | 137514.71,Android,B22,RAMP_501_1500,CREATED,idem-20260902-apk-1095,android,B02,BUSINESS_RUNWAY,Revenue,B02:Revenue,ACTIVE,qa.tile.revenue,business.revenue.amount,,business.revenue.submit,,Funding,MAESTRO-APK-BUSINESS-BUSINESS_RUNWAY-1095 | Funding | 137514.71,JOINED,Funding/Investment/Loan/Revenue → Runway Revenue
1098,MTR-APK-1098,Business,Business,Business Runway,Revenue,Income,2026-01-15,21:56:43,2026-01-15 21:56:43,134877.98,INR,134877.98,APK Owner,,,MAESTRO-APK-BUSINESS-BUSINESS_RUNWAY-1098 | Revenue | 134877.98,Android,B22,RAMP_501_1500,CREATED,idem-20260902-apk-1098,android,B02,BUSINESS_RUNWAY,Revenue,B02:Revenue,ACTIVE,qa.tile.revenue,business.revenue.amount,,business.revenue.submit,,Revenue,MAESTRO-APK-BUSINESS-BUSINESS_RUNWAY-1098 | Revenue | 134877.98,JOINED,Funding/Investment/Loan/Revenue → Runway Revenue
1101,MTR-APK-1101,Business,Business,Business Runway,Burn,Expense,2026-05-15,06:41:53,2026-05-15 06:41:53,30643.83,INR,-30643.83,APK Owner,,,MAESTRO-APK-BUSINESS-BUSINESS_RUNWAY-1101 | Burn | 30643.83,Android,B23,RAMP_501_1500,CREATED,idem-20260902-apk-1101,android,B02,BUSINESS_RUNWAY,Expense,B02:Expense,ACTIVE,qa.tile.expense,business.expense.amount,business.expense.note,business.expense.submit,,Burn,MAESTRO-APK-BUSINESS-BUSINESS_RUNWAY-1101 | Burn | 30643.83,JOINED,Runway Log Expense
1104,MTR-APK-1104,Business,Business,Business Runway,Reserve,Transfer,2026-06-23,21:09:47,2026-06-23 21:09:47,17186.32,INR,0.0,APK Owner,,,MAESTRO-APK-BUSINESS-BUSINESS_RUNWAY-1104 | Reserve | 17186.32,Android,B23,RAMP_501_1500,CREATED,idem-20260902-apk-1104,android,B02,BUSINESS_RUNWAY,Expense,B02:Expense,ACTIVE,qa.tile.expense,,,,,Reserve,MAESTRO-APK-BUSINESS-BUSINESS_RUNWAY-1104 | Reserve | 17186.32,JOINED_REVIEW,Reserve transfer → Runway expense/movement proxy — REVIEW
1107,MTR-APK-1107,Business,Business,Business Runway,Loan,Income,2026-07-25,20:03:04,2026-07-25 20:03:04,177377.98,INR,177377.98,APK Owner,,,MAESTRO-APK-BUSINESS-BUSINESS_RUNWAY-1107 | Loan | 177377.98,Android,B23,RAMP_501_1500,CREATED,idem-20260902-apk-1107,android,B02,BUSINESS_RUNWAY,Revenue,B02:Revenue,ACTIVE,qa.tile.revenue,business.revenue.amount,,business.revenue.submit,,Loan,MAESTRO-APK-BUSINESS-BUSINESS_RUNWAY-1107 | Loan | 177377.98,JOINED,Funding/Investment/Loan/Revenue → Runway Revenue
1110,MTR-APK-1110,Business,Business,Business Runway,Investment,Income,2026-05-24,05:12:17,2026-05-24 05:12:17,0.01,INR,0.01,APK Owner,,,MAESTRO-APK-BUSINESS-BUSINESS_RUNWAY-1110 | Investment | 0.01,Android,B23,RAMP_501_1500,CREATED,idem-20260902-apk-1110,android,B02,BUSINESS_RUNWAY,Revenue,B02:Revenue,ACTIVE,qa.tile.revenue,business.revenue.amount,,business.revenue.submit,,Investment,MAESTRO-APK-BUSINESS-BUSINESS_RUNWAY-1110 | Investment | 0.01,JOINED,Funding/Investment/Loan/Revenue → Runway Revenue
1113,MTR-APK-1113,Business,Business,Business Operations,Software,Expense,2026-06-30,21:49:43,2026-06-30 21:49:43,7440.59,INR,-7440.59,APK Owner,,,MAESTRO-APK-BUSINESS-BUSINESS_OPERATIONS-1113 | Software | 7440.59,Android,B23,RAMP_501_1500,CREATED,idem-20260902-apk-1113,android,B03,BUSINESS_OPERATIONS,Spend Entry,B03:Spend Entry,ACTIVE,,business.expense.amount,business.expense.note,business.expense.submit,,Software,MAESTRO-APK-BUSINESS-BUSINESS_OPERATIONS-1113 | Software | 7440.59,JOINED,Ops Log Spend Entry; amount ID business.expense.amount
1116,MTR-APK-1116,Business,Business,Business Operations,Rent,Expense,2025-12-05,14:56:05,2025-12-05 14:56:05,6907.36,INR,-6907.36,APK Owner,,,MAESTRO-APK-BUSINESS-BUSINESS_OPERATIONS-1116 | Rent | 6907.36,Android,B23,RAMP_501_1500,CREATED,idem-20260902-apk-1116,android,B03,BUSINESS_OPERATIONS,Spend Entry,B03:Spend Entry,ACTIVE,,business.expense.amount,business.expense.note,business.expense.submit,,Rent,MAESTRO-APK-BUSINESS-BUSINESS_OPERATIONS-1116 | Rent | 6907.36,JOINED,Ops Log Spend Entry; amount ID business.expense.amount
1119,MTR-APK-1119,Business,Business,Business Operations,Marketing,Expense,2026-05-19,09:37:12,2026-05-19 09:37:12,13699.62,INR,-13699.62,APK Owner,,,MAESTRO-APK-BUSINESS-BUSINESS_OPERATIONS-1119 | Marketing | 13699.62,Android,B23,RAMP_501_1500,CREATED,idem-20260902-apk-1119,android,B03,BUSINESS_OPERATIONS,Spend Entry,B03:Spend Entry,ACTIVE,,business.expense.amount,business.expense.note,business.expense.submit,,Marketing,MAESTRO-APK-BUSINESS-BUSINESS_OPERATIONS-1119 | Marketing | 13699.62,JOINED,Ops Log Spend Entry; amount ID business.expense.amount
1122,MTR-APK-1122,Business,Business,Business Operations,Legal,Expense,2025-11-03,00:43:12,2025-11-03 00:43:12,15337.65,INR,-15337.65,APK Owner,,,MAESTRO-APK-BUSINESS-BUSINESS_OPERATIONS-1122 | Legal | 15337.65,Android,B23,RAMP_501_1500,CREATED,idem-20260902-apk-1122,android,B03,BUSINESS_OPERATIONS,Spend Entry,B03:Spend Entry,ACTIVE,,business.expense.amount,business.expense.note,business.expense.submit,,Legal,MAESTRO-APK-BUSINESS-BUSINESS_OPERATIONS-1122 | Legal | 15337.65,JOINED,Ops Log Spend Entry; amount ID business.expense.amount
1125,MTR-APK-1125,Business,Business,Business Operations,Accounting,Expense,2025-10-12,16:36:04,2025-10-12 16:36:04,158668.85,INR,-158668.85,APK Owner,,,MAESTRO-APK-BUSINESS-BUSINESS_OPERATIONS-1125 | Accounting | 158668.85,Android,B23,RAMP_501_1500,CREATED,idem-20260902-apk-1125,android,B03,BUSINESS_OPERATIONS,Spend Entry,B03:Spend Entry,ACTIVE,,business.expense.amount,business.expense.note,business.expense.submit,,Accounting,MAESTRO-APK-BUSINESS-BUSINESS_OPERATIONS-1125 | Accounting | 158668.85,JOINED,Ops Log Spend Entry; amount ID business.expense.amount
1128,MTR-APK-1128,Business,Business,Business Operations,Equipment,Expense,2025-10-17,09:02:17,2025-10-17 09:02:17,45436.03,INR,-45436.03,APK Owner,,,MAESTRO-APK-BUSINESS-BUSINESS_OPERATIONS-1128 | Equipment | 45436.03,Android,B23,RAMP_501_1500,CREATED,idem-20260902-apk-1128,android,B03,BUSINESS_OPERATIONS,Spend Entry,B03:Spend Entry,ACTIVE,,business.expense.amount,business.expense.note,business.expense.submit,,Equipment,MAESTRO-APK-BUSINESS-BUSINESS_OPERATIONS-1128 | Equipment | 45436.03,JOINED,Ops Log Spend Entry; amount ID business.expense.amount
1131,MTR-APK-1131,Business,Business,Business Operations,Vendor,Expense,2025-10-18,16:32:27,2025-10-18 16:32:27,39142.79,INR,-39142.79,APK Owner,,,MAESTRO-APK-BUSINESS-BUSINESS_OPERATIONS-1131 | Vendor | 39142.79,Android,B23,RAMP_501_1500,CREATED,idem-20260902-apk-1131,android,B03,BUSINESS_OPERATIONS,Spend Entry,B03:Spend Entry,ACTIVE,,business.expense.amount,business.expense.note,business.expense.submit,,Vendor,MAESTRO-APK-BUSINESS-BUSINESS_OPERATIONS-1131 | Vendor | 39142.79,JOINED,Ops Log Spend Entry; amount ID business.expense.amount
1134,MTR-APK-1134,Business,Business,Business Operations,Tax,Expense,2026-07-21,05:31:57,2026-07-21 05:31:57,2676.79,INR,-2676.79,APK Owner,,,MAESTRO-APK-BUSINESS-BUSINESS_OPERATIONS-1134 | Tax | 2676.79,Android,B23,RAMP_501_1500,CREATED,idem-20260902-apk-1134,android,B03,BUSINESS_OPERATIONS,Spend Entry,B03:Spend Entry,ACTIVE,,business.expense.amount,business.expense.note,business.expense.submit,,Tax,MAESTRO-APK-BUSINESS-BUSINESS_OPERATIONS-1134 | Tax | 2676.79,JOINED,Ops Log Spend Entry; amount ID business.expense.amount
1137,MTR-APK-1137,Business,Business,Team Operations,Payroll,Expense,2026-01-02,15:49:56,2026-01-02 15:49:56,99581.77,INR,-99581.77,APK Owner,,,MAESTRO-APK-BUSINESS-TEAM_OPERATIONS-1137 | Payroll | 99581.77,Android,B23,RAMP_501_1500,CREATED,idem-20260902-apk-1137,android,B01,TEAM_OPERATIONS,Team Update,B01:Team Update,ACTIVE,,business.expense.amount,business.expense.note,business.expense.submit,,Payroll,MAESTRO-APK-BUSINESS-TEAM_OPERATIONS-1137 | Payroll | 99581.77,JOINED,Team Ops hub has no Expense; Team meal/travel etc. use Team Update until Spend path wired — prefer B03 Spend for ops expenses
1140,MTR-APK-1140,Business,Business,Team Operations,Contractor,Expense,2026-08-14,05:07:48,2026-08-14 05:07:48,154429.74,INR,-154429.74,APK Owner,,,MAESTRO-APK-BUSINESS-TEAM_OPERATIONS-1140 | Contractor | 154429.74,Android,B23,RAMP_501_1500,CREATED,idem-20260902-apk-1140,android,B01,TEAM_OPERATIONS,Team Update,B01:Team Update,ACTIVE,,business.expense.amount,business.expense.note,business.expense.submit,,Contractor,MAESTRO-APK-BUSINESS-TEAM_OPERATIONS-1140 | Contractor | 154429.74,JOINED,Team Ops hub has no Expense; Team meal/travel etc. use Team Update until Spend path wired — prefer B03 Spend for ops expenses
1143,MTR-APK-1143,Business,Business,Team Operations,Hiring,Expense,2026-07-11,04:25:25,2026-07-11 04:25:25,12999.62,INR,-12999.62,APK Owner,,,MAESTRO-APK-BUSINESS-TEAM_OPERATIONS-1143 | Hiring | 12999.62,Android,B23,RAMP_501_1500,CREATED,idem-20260902-apk-1143,android,B01,TEAM_OPERATIONS,Team Update,B01:Team Update,ACTIVE,,business.expense.amount,business.expense.note,business.expense.submit,,Hiring,MAESTRO-APK-BUSINESS-TEAM_OPERATIONS-1143 | Hiring | 12999.62,JOINED,Team Ops hub has no Expense; Team meal/travel etc. use Team Update until Spend path wired — prefer B03 Spend for ops expenses
1146,MTR-APK-1146,Business,Business,Team Operations,Team Meal,Expense,2025-11-26,09:32:01,2025-11-26 09:32:01,155943.16,INR,-155943.16,APK Owner,,,MAESTRO-APK-BUSINESS-TEAM_OPERATIONS-1146 | Team Meal | 155943.16,Android,B23,RAMP_501_1500,CREATED,idem-20260902-apk-1146,android,B01,TEAM_OPERATIONS,Team Update,B01:Team Update,ACTIVE,,business.expense.amount,business.expense.note,business.expense.submit,,Team Meal,MAESTRO-APK-BUSINESS-TEAM_OPERATIONS-1146 | Team Meal | 155943.16,JOINED,Team Ops hub has no Expense; Team meal/travel etc. use Team Update until Spend path wired — prefer B03 Spend for ops expenses
1149,MTR-APK-1149,Business,Business,Team Operations,Travel,Expense,2026-01-25,01:23:07,2026-01-25 01:23:07,129890.48,INR,-129890.48,APK Owner,,,MAESTRO-APK-BUSINESS-TEAM_OPERATIONS-1149 | Travel | 129890.48,Android,B23,RAMP_501_1500,CREATED,idem-20260902-apk-1149,android,B01,TEAM_OPERATIONS,Team Update,B01:Team Update,ACTIVE,,business.expense.amount,business.expense.note,business.expense.submit,,Travel,MAESTRO-APK-BUSINESS-TEAM_OPERATIONS-1149 | Travel | 129890.48,JOINED,Team Ops hub has no Expense; Team meal/travel etc. use Team Update until Spend path wired — prefer B03 Spend for ops expenses
1152,MTR-APK-1152,Business,Business,Team Operations,Training,Expense,2025-10-31,01:38:36,2025-10-31 01:38:36,101496.44,INR,-101496.44,APK Owner,,,MAESTRO-APK-BUSINESS-TEAM_OPERATIONS-1152 | Training | 101496.44,Android,B24,RAMP_501_1500,CREATED,idem-20260902-apk-1152,android,B01,TEAM_OPERATIONS,Team Update,B01:Team Update,ACTIVE,,business.expense.amount,business.expense.note,business.expense.submit,,Training,MAESTRO-APK-BUSINESS-TEAM_OPERATIONS-1152 | Training | 101496.44,JOINED,Team Ops hub has no Expense; Team meal/travel etc. use Team Update until Spend path wired — prefer B03 Spend for ops expenses
1155,MTR-APK-1155,Business,Business,Team Operations,Tools,Expense,2026-03-14,05:27:33,2026-03-14 05:27:33,70479.95,INR,-70479.95,APK Owner,,,MAESTRO-APK-BUSINESS-TEAM_OPERATIONS-1155 | Tools | 70479.95,Android,B24,RAMP_501_1500,CREATED,idem-20260902-apk-1155,android,B01,TEAM_OPERATIONS,Team Update,B01:Team Update,ACTIVE,,business.expense.amount,business.expense.note,business.expense.submit,,Tools,MAESTRO-APK-BUSINESS-TEAM_OPERATIONS-1155 | Tools | 70479.95,JOINED,Team Ops hub has no Expense; Team meal/travel etc. use Team Update until Spend path wired — prefer B03 Spend for ops expenses
1158,MTR-APK-1158,Business,Business,Business Runway,Funding,Income,2025-11-03,12:59:54,2025-11-03 12:59:54,81071.21,INR,81071.21,APK Owner,,,MAESTRO-APK-BUSINESS-BUSINESS_RUNWAY-1158 | Funding | 81071.21,Android,B24,RAMP_501_1500,CREATED,idem-20260902-apk-1158,android,B02,BUSINESS_RUNWAY,Revenue,B02:Revenue,ACTIVE,qa.tile.revenue,business.revenue.amount,,business.revenue.submit,,Funding,MAESTRO-APK-BUSINESS-BUSINESS_RUNWAY-1158 | Funding | 81071.21,JOINED,Funding/Investment/Loan/Revenue → Runway Revenue
1161,MTR-APK-1161,Business,Business,Business Runway,Revenue,Income,2025-11-21,08:18:00,2025-11-21 08:18:00,5127.02,INR,5127.02,APK Owner,,,MAESTRO-APK-BUSINESS-BUSINESS_RUNWAY-1161 | Revenue | 5127.02,Android,B24,RAMP_501_1500,CREATED,idem-20260902-apk-1161,android,B02,BUSINESS_RUNWAY,Revenue,B02:Revenue,ACTIVE,qa.tile.revenue,business.revenue.amount,,business.revenue.submit,,Revenue,MAESTRO-APK-BUSINESS-BUSINESS_RUNWAY-1161 | Revenue | 5127.02,JOINED,Funding/Investment/Loan/Revenue → Runway Revenue
1164,MTR-APK-1164,Business,Business,Business Runway,Burn,Expense,2026-08-14,06:19:54,2026-08-14 06:19:54,65586.81,INR,-65586.81,APK Owner,,,MAESTRO-APK-BUSINESS-BUSINESS_RUNWAY-1164 | Burn | 65586.81,Android,B24,RAMP_501_1500,CREATED,idem-20260902-apk-1164,android,B02,BUSINESS_RUNWAY,Expense,B02:Expense,ACTIVE,qa.tile.expense,business.expense.amount,business.expense.note,business.expense.submit,,Burn,MAESTRO-APK-BUSINESS-BUSINESS_RUNWAY-1164 | Burn | 65586.81,JOINED,Runway Log Expense
1167,MTR-APK-1167,Business,Business,Business Runway,Reserve,Transfer,2026-01-16,06:38:19,2026-01-16 06:38:19,177685.58,INR,0.0,APK Owner,,,MAESTRO-APK-BUSINESS-BUSINESS_RUNWAY-1167 | Reserve | 177685.58,Android,B24,RAMP_501_1500,CREATED,idem-20260902-apk-1167,android,B02,BUSINESS_RUNWAY,Expense,B02:Expense,ACTIVE,qa.tile.expense,,,,,Reserve,MAESTRO-APK-BUSINESS-BUSINESS_RUNWAY-1167 | Reserve | 177685.58,JOINED_REVIEW,Reserve transfer → Runway expense/movement proxy — REVIEW
1170,MTR-APK-1170,Business,Business,Business Runway,Loan,Income,2026-08-26,08:25:20,2026-08-26 08:25:20,163869.8,INR,163869.8,APK Owner,,,MAESTRO-APK-BUSINESS-BUSINESS_RUNWAY-1170 | Loan | 163869.80,Android,B24,RAMP_501_1500,CREATED,idem-20260902-apk-1170,android,B02,BUSINESS_RUNWAY,Revenue,B02:Revenue,ACTIVE,qa.tile.revenue,business.revenue.amount,,business.revenue.submit,,Loan,MAESTRO-APK-BUSINESS-BUSINESS_RUNWAY-1170 | Loan | 163869.80,JOINED,Funding/Investment/Loan/Revenue → Runway Revenue
1173,MTR-APK-1173,Business,Business,Business Runway,Investment,Income,2026-07-08,22:02:05,2026-07-08 22:02:05,166764.17,INR,166764.17,APK Owner,,,MAESTRO-APK-BUSINESS-BUSINESS_RUNWAY-1173 | Investment | 166764.17,Android,B24,RAMP_501_1500,CREATED,idem-20260902-apk-1173,android,B02,BUSINESS_RUNWAY,Revenue,B02:Revenue,ACTIVE,qa.tile.revenue,business.revenue.amount,,business.revenue.submit,,Investment,MAESTRO-APK-BUSINESS-BUSINESS_RUNWAY-1173 | Investment | 166764.17,JOINED,Funding/Investment/Loan/Revenue → Runway Revenue
1176,MTR-APK-1176,Business,Business,Business Operations,Software,Expense,2025-10-07,20:51:02,2025-10-07 20:51:02,118342.12,INR,-118342.12,APK Owner,,,MAESTRO-APK-BUSINESS-BUSINESS_OPERATIONS-1176 | Software | 118342.12,Android,B24,RAMP_501_1500,CREATED,idem-20260902-apk-1176,android,B03,BUSINESS_OPERATIONS,Spend Entry,B03:Spend Entry,ACTIVE,,business.expense.amount,business.expense.note,business.expense.submit,,Software,MAESTRO-APK-BUSINESS-BUSINESS_OPERATIONS-1176 | Software | 118342.12,JOINED,Ops Log Spend Entry; amount ID business.expense.amount
1179,MTR-APK-1179,Business,Business,Business Operations,Rent,Expense,2026-06-06,14:34:17,2026-06-06 14:34:17,108701.51,INR,-108701.51,APK Owner,,,MAESTRO-APK-BUSINESS-BUSINESS_OPERATIONS-1179 | Rent | 108701.51,Android,B24,RAMP_501_1500,CREATED,idem-20260902-apk-1179,android,B03,BUSINESS_OPERATIONS,Spend Entry,B03:Spend Entry,ACTIVE,,business.expense.amount,business.expense.note,business.expense.submit,,Rent,MAESTRO-APK-BUSINESS-BUSINESS_OPERATIONS-1179 | Rent | 108701.51,JOINED,Ops Log Spend Entry; amount ID business.expense.amount
1182,MTR-APK-1182,Business,Business,Business Operations,Marketing,Expense,2026-02-11,23:06:28,2026-02-11 23:06:28,148223.91,INR,-148223.91,APK Owner,,,MAESTRO-APK-BUSINESS-BUSINESS_OPERATIONS-1182 | Marketing | 148223.91,Android,B24,RAMP_501_1500,CREATED,idem-20260902-apk-1182,android,B03,BUSINESS_OPERATIONS,Spend Entry,B03:Spend Entry,ACTIVE,,business.expense.amount,business.expense.note,business.expense.submit,,Marketing,MAESTRO-APK-BUSINESS-BUSINESS_OPERATIONS-1182 | Marketing | 148223.91,JOINED,Ops Log Spend Entry; amount ID business.expense.amount
1185,MTR-APK-1185,Business,Business,Business Operations,Legal,Expense,2026-03-04,21:14:08,2026-03-04 21:14:08,144616.46,INR,-144616.46,APK Owner,,,MAESTRO-APK-BUSINESS-BUSINESS_OPERATIONS-1185 | Legal | 144616.46,Android,B24,RAMP_501_1500,CREATED,idem-20260902-apk-1185,android,B03,BUSINESS_OPERATIONS,Spend Entry,B03:Spend Entry,ACTIVE,,business.expense.amount,business.expense.note,business.expense.submit,,Legal,MAESTRO-APK-BUSINESS-BUSINESS_OPERATIONS-1185 | Legal | 144616.46,JOINED,Ops Log Spend Entry; amount ID business.expense.amount
1188,MTR-APK-1188,Business,Business,Business Operations,Accounting,Expense,2026-04-15,12:28:14,2026-04-15 12:28:14,166759.89,INR,-166759.89,APK Owner,,,MAESTRO-APK-BUSINESS-BUSINESS_OPERATIONS-1188 | Accounting | 166759.89,Android,B24,RAMP_501_1500,CREATED,idem-20260902-apk-1188,android,B03,BUSINESS_OPERATIONS,Spend Entry,B03:Spend Entry,ACTIVE,,business.expense.amount,business.expense.note,business.expense.submit,,Accounting,MAESTRO-APK-BUSINESS-BUSINESS_OPERATIONS-1188 | Accounting | 166759.89,JOINED,Ops Log Spend Entry; amount ID business.expense.amount
1191,MTR-APK-1191,Business,Business,Business Operations,Equipment,Expense,2026-01-21,04:34:24,2026-01-21 04:34:24,10696.25,INR,-10696.25,APK Owner,,,MAESTRO-APK-BUSINESS-BUSINESS_OPERATIONS-1191 | Equipment | 10696.25,Android,B24,RAMP_501_1500,CREATED,idem-20260902-apk-1191,android,B03,BUSINESS_OPERATIONS,Spend Entry,B03:Spend Entry,ACTIVE,,business.expense.amount,business.expense.note,business.expense.submit,,Equipment,MAESTRO-APK-BUSINESS-BUSINESS_OPERATIONS-1191 | Equipment | 10696.25,JOINED,Ops Log Spend Entry; amount ID business.expense.amount
1194,MTR-APK-1194,Business,Business,Business Operations,Vendor,Expense,2026-08-01,12:05:54,2026-08-01 12:05:54,83704.02,INR,-83704.02,APK Owner,,,MAESTRO-APK-BUSINESS-BUSINESS_OPERATIONS-1194 | Vendor | 83704.02,Android,B24,RAMP_501_1500,CREATED,idem-20260902-apk-1194,android,B03,BUSINESS_OPERATIONS,Spend Entry,B03:Spend Entry,ACTIVE,,business.expense.amount,business.expense.note,business.expense.submit,,Vendor,MAESTRO-APK-BUSINESS-BUSINESS_OPERATIONS-1194 | Vendor | 83704.02,JOINED,Ops Log Spend Entry; amount ID business.expense.amount
1197,MTR-APK-1197,Business,Business,Business Operations,Tax,Expense,2026-05-16,09:05:23,2026-05-16 09:05:23,83686.27,INR,-83686.27,APK Owner,,,MAESTRO-APK-BUSINESS-BUSINESS_OPERATIONS-1197 | Tax | 83686.27,Android,B24,RAMP_501_1500,CREATED,idem-20260902-apk-1197,android,B03,BUSINESS_OPERATIONS,Spend Entry,B03:Spend Entry,ACTIVE,,business.expense.amount,business.expense.note,business.expense.submit,,Tax,MAESTRO-APK-BUSINESS-BUSINESS_OPERATIONS-1197 | Tax | 83686.27,JOINED,Ops Log Spend Entry; amount ID business.expense.amount
1200,MTR-APK-1200,Business,Business,Team Operations,Payroll,Expense,2025-12-31,21:46:26,2025-12-31 21:46:26,91227.67,INR,-91227.67,APK Owner,,,MAESTRO-APK-BUSINESS-TEAM_OPERATIONS-1200 | Payroll | 91227.67,Android,B24,RAMP_501_1500,CREATED,idem-20260902-apk-1200,android,B01,TEAM_OPERATIONS,Team Update,B01:Team Update,ACTIVE,,business.expense.amount,business.expense.note,business.expense.submit,,Payroll,MAESTRO-APK-BUSINESS-TEAM_OPERATIONS-1200 | Payroll | 91227.67,JOINED,Team Ops hub has no Expense; Team meal/travel etc. use Team Update until Spend path wired — prefer B03 Spend for ops expenses
1203,MTR-APK-1203,Business,Business,Team Operations,Contractor,Expense,2025-11-26,08:17:48,2025-11-26 08:17:48,66698.34,INR,-66698.34,APK Owner,,,MAESTRO-APK-BUSINESS-TEAM_OPERATIONS-1203 | Contractor | 66698.34,Android,B25,RAMP_501_1500,CREATED,idem-20260902-apk-1203,android,B01,TEAM_OPERATIONS,Team Update,B01:Team Update,ACTIVE,,business.expense.amount,business.expense.note,business.expense.submit,,Contractor,MAESTRO-APK-BUSINESS-TEAM_OPERATIONS-1203 | Contractor | 66698.34,JOINED,Team Ops hub has no Expense; Team meal/travel etc. use Team Update until Spend path wired — prefer B03 Spend for ops expenses
1206,MTR-APK-1206,Business,Business,Team Operations,Hiring,Expense,2026-06-08,20:38:00,2026-06-08 20:38:00,66994.49,INR,-66994.49,APK Owner,,,MAESTRO-APK-BUSINESS-TEAM_OPERATIONS-1206 | Hiring | 66994.49,Android,B25,RAMP_501_1500,CREATED,idem-20260902-apk-1206,android,B01,TEAM_OPERATIONS,Team Update,B01:Team Update,ACTIVE,,business.expense.amount,business.expense.note,business.expense.submit,,Hiring,MAESTRO-APK-BUSINESS-TEAM_OPERATIONS-1206 | Hiring | 66994.49,JOINED,Team Ops hub has no Expense; Team meal/travel etc. use Team Update until Spend path wired — prefer B03 Spend for ops expenses
1209,MTR-APK-1209,Business,Business,Team Operations,Team Meal,Expense,2026-04-07,03:43:34,2026-04-07 03:43:34,100759.49,INR,-100759.49,APK Owner,,,MAESTRO-APK-BUSINESS-TEAM_OPERATIONS-1209 | Team Meal | 100759.49,Android,B25,RAMP_501_1500,CREATED,idem-20260902-apk-1209,android,B01,TEAM_OPERATIONS,Team Update,B01:Team Update,ACTIVE,,business.expense.amount,business.expense.note,business.expense.submit,,Team Meal,MAESTRO-APK-BUSINESS-TEAM_OPERATIONS-1209 | Team Meal | 100759.49,JOINED,Team Ops hub has no Expense; Team meal/travel etc. use Team Update until Spend path wired — prefer B03 Spend for ops expenses
1212,MTR-APK-1212,Business,Business,Team Operations,Travel,Expense,2026-03-23,14:34:46,2026-03-23 14:34:46,171843.43,INR,-171843.43,APK Owner,,,MAESTRO-APK-BUSINESS-TEAM_OPERATIONS-1212 | Travel | 171843.43,Android,B25,RAMP_501_1500,CREATED,idem-20260902-apk-1212,android,B01,TEAM_OPERATIONS,Team Update,B01:Team Update,ACTIVE,,business.expense.amount,business.expense.note,business.expense.submit,,Travel,MAESTRO-APK-BUSINESS-TEAM_OPERATIONS-1212 | Travel | 171843.43,JOINED,Team Ops hub has no Expense; Team meal/travel etc. use Team Update until Spend path wired — prefer B03 Spend for ops expenses
1215,MTR-APK-1215,Business,Business,Team Operations,Training,Expense,2026-01-14,14:11:39,2026-01-14 14:11:39,123164.05,INR,-123164.05,APK Owner,,,MAESTRO-APK-BUSINESS-TEAM_OPERATIONS-1215 | Training | 123164.05,Android,B25,RAMP_501_1500,CREATED,idem-20260902-apk-1215,android,B01,TEAM_OPERATIONS,Team Update,B01:Team Update,ACTIVE,,business.expense.amount,business.expense.note,business.expense.submit,,Training,MAESTRO-APK-BUSINESS-TEAM_OPERATIONS-1215 | Training | 123164.05,JOINED,Team Ops hub has no Expense; Team meal/travel etc. use Team Update until Spend path wired — prefer B03 Spend for ops expenses
1218,MTR-APK-1218,Business,Business,Team Operations,Tools,Expense,2026-01-15,18:07:50,2026-01-15 18:07:50,105311.07,INR,-105311.07,APK Owner,,,MAESTRO-APK-BUSINESS-TEAM_OPERATIONS-1218 | Tools | 105311.07,Android,B25,RAMP_501_1500,CREATED,idem-20260902-apk-1218,android,B01,TEAM_OPERATIONS,Team Update,B01:Team Update,ACTIVE,,business.expense.amount,business.expense.note,business.expense.submit,,Tools,MAESTRO-APK-BUSINESS-TEAM_OPERATIONS-1218 | Tools | 105311.07,JOINED,Team Ops hub has no Expense; Team meal/travel etc. use Team Update until Spend path wired — prefer B03 Spend for ops expenses
1221,MTR-APK-1221,Business,Business,Business Runway,Funding,Income,2025-12-27,16:47:47,2025-12-27 16:47:47,100.0,INR,100.0,APK Owner,,,MAESTRO-APK-BUSINESS-BUSINESS_RUNWAY-1221 | Funding | 100.00,Android,B25,RAMP_501_1500,CREATED,idem-20260902-apk-1221,android,B02,BUSINESS_RUNWAY,Revenue,B02:Revenue,ACTIVE,qa.tile.revenue,business.revenue.amount,,business.revenue.submit,,Funding,MAESTRO-APK-BUSINESS-BUSINESS_RUNWAY-1221 | Funding | 100.00,JOINED,Funding/Investment/Loan/Revenue → Runway Revenue
1224,MTR-APK-1224,Business,Business,Business Runway,Revenue,Income,2025-10-04,13:51:19,2025-10-04 13:51:19,68835.52,INR,68835.52,APK Owner,,,MAESTRO-APK-BUSINESS-BUSINESS_RUNWAY-1224 | Revenue | 68835.52,Android,B25,RAMP_501_1500,CREATED,idem-20260902-apk-1224,android,B02,BUSINESS_RUNWAY,Revenue,B02:Revenue,ACTIVE,qa.tile.revenue,business.revenue.amount,,business.revenue.submit,,Revenue,MAESTRO-APK-BUSINESS-BUSINESS_RUNWAY-1224 | Revenue | 68835.52,JOINED,Funding/Investment/Loan/Revenue → Runway Revenue
1227,MTR-APK-1227,Business,Business,Business Runway,Burn,Expense,2026-04-17,01:53:17,2026-04-17 01:53:17,71594.91,INR,-71594.91,APK Owner,,,MAESTRO-APK-BUSINESS-BUSINESS_RUNWAY-1227 | Burn | 71594.91,Android,B25,RAMP_501_1500,CREATED,idem-20260902-apk-1227,android,B02,BUSINESS_RUNWAY,Expense,B02:Expense,ACTIVE,qa.tile.expense,business.expense.amount,business.expense.note,business.expense.submit,,Burn,MAESTRO-APK-BUSINESS-BUSINESS_RUNWAY-1227 | Burn | 71594.91,JOINED,Runway Log Expense
1230,MTR-APK-1230,Business,Business,Business Runway,Reserve,Transfer,2026-05-19,22:00:50,2026-05-19 22:00:50,58690.9,INR,0.0,APK Owner,,,MAESTRO-APK-BUSINESS-BUSINESS_RUNWAY-1230 | Reserve | 58690.90,Android,B25,RAMP_501_1500,CREATED,idem-20260902-apk-1230,android,B02,BUSINESS_RUNWAY,Expense,B02:Expense,ACTIVE,qa.tile.expense,,,,,Reserve,MAESTRO-APK-BUSINESS-BUSINESS_RUNWAY-1230 | Reserve | 58690.90,JOINED_REVIEW,Reserve transfer → Runway expense/movement proxy — REVIEW
1233,MTR-APK-1233,Business,Business,Business Runway,Loan,Income,2026-05-01,08:53:15,2026-05-01 08:53:15,130057.44,INR,130057.44,APK Owner,,,MAESTRO-APK-BUSINESS-BUSINESS_RUNWAY-1233 | Loan | 130057.44,Android,B25,RAMP_501_1500,CREATED,idem-20260902-apk-1233,android,B02,BUSINESS_RUNWAY,Revenue,B02:Revenue,ACTIVE,qa.tile.revenue,business.revenue.amount,,business.revenue.submit,,Loan,MAESTRO-APK-BUSINESS-BUSINESS_RUNWAY-1233 | Loan | 130057.44,JOINED,Funding/Investment/Loan/Revenue → Runway Revenue
1236,MTR-APK-1236,Business,Business,Business Runway,Investment,Income,2026-01-18,04:29:32,2026-01-18 04:29:32,126232.23,INR,126232.23,APK Owner,,,MAESTRO-APK-BUSINESS-BUSINESS_RUNWAY-1236 | Investment | 126232.23,Android,B25,RAMP_501_1500,CREATED,idem-20260902-apk-1236,android,B02,BUSINESS_RUNWAY,Revenue,B02:Revenue,ACTIVE,qa.tile.revenue,business.revenue.amount,,business.revenue.submit,,Investment,MAESTRO-APK-BUSINESS-BUSINESS_RUNWAY-1236 | Investment | 126232.23,JOINED,Funding/Investment/Loan/Revenue → Runway Revenue
1239,MTR-APK-1239,Business,Business,Business Operations,Software,Expense,2025-09-11,16:52:55,2025-09-11 16:52:55,99117.48,INR,-99117.48,APK Owner,,,MAESTRO-APK-BUSINESS-BUSINESS_OPERATIONS-1239 | Software | 99117.48,Android,B25,RAMP_501_1500,CREATED,idem-20260902-apk-1239,android,B03,BUSINESS_OPERATIONS,Spend Entry,B03:Spend Entry,ACTIVE,,business.expense.amount,business.expense.note,business.expense.submit,,Software,MAESTRO-APK-BUSINESS-BUSINESS_OPERATIONS-1239 | Software | 99117.48,JOINED,Ops Log Spend Entry; amount ID business.expense.amount
1242,MTR-APK-1242,Business,Business,Business Operations,Rent,Expense,2026-08-11,06:29:22,2026-08-11 06:29:22,164026.32,INR,-164026.32,APK Owner,,,MAESTRO-APK-BUSINESS-BUSINESS_OPERATIONS-1242 | Rent | 164026.32,Android,B25,RAMP_501_1500,CREATED,idem-20260902-apk-1242,android,B03,BUSINESS_OPERATIONS,Spend Entry,B03:Spend Entry,ACTIVE,,business.expense.amount,business.expense.note,business.expense.submit,,Rent,MAESTRO-APK-BUSINESS-BUSINESS_OPERATIONS-1242 | Rent | 164026.32,JOINED,Ops Log Spend Entry; amount ID business.expense.amount
1245,MTR-APK-1245,Business,Business,Business Operations,Marketing,Expense,2026-07-31,16:45:43,2026-07-31 16:45:43,7348.2,INR,-7348.2,APK Owner,,,MAESTRO-APK-BUSINESS-BUSINESS_OPERATIONS-1245 | Marketing | 7348.20,Android,B25,RAMP_501_1500,CREATED,idem-20260902-apk-1245,android,B03,BUSINESS_OPERATIONS,Spend Entry,B03:Spend Entry,ACTIVE,,business.expense.amount,business.expense.note,business.expense.submit,,Marketing,MAESTRO-APK-BUSINESS-BUSINESS_OPERATIONS-1245 | Marketing | 7348.20,JOINED,Ops Log Spend Entry; amount ID business.expense.amount
1248,MTR-APK-1248,Business,Business,Business Operations,Legal,Expense,2025-12-20,04:49:50,2025-12-20 04:49:50,98765.91,INR,-98765.91,APK Owner,,,MAESTRO-APK-BUSINESS-BUSINESS_OPERATIONS-1248 | Legal | 98765.91,Android,B25,RAMP_501_1500,CREATED,idem-20260902-apk-1248,android,B03,BUSINESS_OPERATIONS,Spend Entry,B03:Spend Entry,ACTIVE,,business.expense.amount,business.expense.note,business.expense.submit,,Legal,MAESTRO-APK-BUSINESS-BUSINESS_OPERATIONS-1248 | Legal | 98765.91,JOINED,Ops Log Spend Entry; amount ID business.expense.amount
1251,MTR-APK-1251,Business,Business,Business Operations,Accounting,Expense,2026-06-12,20:58:33,2026-06-12 20:58:33,76472.3,INR,-76472.3,APK Owner,,,MAESTRO-APK-BUSINESS-BUSINESS_OPERATIONS-1251 | Accounting | 76472.30,Android,B26,RAMP_501_1500,CREATED,idem-20260902-apk-1251,android,B03,BUSINESS_OPERATIONS,Spend Entry,B03:Spend Entry,ACTIVE,,business.expense.amount,business.expense.note,business.expense.submit,,Accounting,MAESTRO-APK-BUSINESS-BUSINESS_OPERATIONS-1251 | Accounting | 76472.30,JOINED,Ops Log Spend Entry; amount ID business.expense.amount
1254,MTR-APK-1254,Business,Business,Business Operations,Equipment,Expense,2025-09-28,15:58:48,2025-09-28 15:58:48,45615.85,INR,-45615.85,APK Owner,,,MAESTRO-APK-BUSINESS-BUSINESS_OPERATIONS-1254 | Equipment | 45615.85,Android,B26,RAMP_501_1500,CREATED,idem-20260902-apk-1254,android,B03,BUSINESS_OPERATIONS,Spend Entry,B03:Spend Entry,ACTIVE,,business.expense.amount,business.expense.note,business.expense.submit,,Equipment,MAESTRO-APK-BUSINESS-BUSINESS_OPERATIONS-1254 | Equipment | 45615.85,JOINED,Ops Log Spend Entry; amount ID business.expense.amount
1257,MTR-APK-1257,Business,Business,Business Operations,Vendor,Expense,2025-10-06,05:15:28,2025-10-06 05:15:28,172391.72,INR,-172391.72,APK Owner,,,MAESTRO-APK-BUSINESS-BUSINESS_OPERATIONS-1257 | Vendor | 172391.72,Android,B26,RAMP_501_1500,CREATED,idem-20260902-apk-1257,android,B03,BUSINESS_OPERATIONS,Spend Entry,B03:Spend Entry,ACTIVE,,business.expense.amount,business.expense.note,business.expense.submit,,Vendor,MAESTRO-APK-BUSINESS-BUSINESS_OPERATIONS-1257 | Vendor | 172391.72,JOINED,Ops Log Spend Entry; amount ID business.expense.amount
1260,MTR-APK-1260,Business,Business,Business Operations,Tax,Expense,2026-05-27,16:24:17,2026-05-27 16:24:17,50696.1,INR,-50696.1,APK Owner,,,MAESTRO-APK-BUSINESS-BUSINESS_OPERATIONS-1260 | Tax | 50696.10,Android,B26,RAMP_501_1500,CREATED,idem-20260902-apk-1260,android,B03,BUSINESS_OPERATIONS,Spend Entry,B03:Spend Entry,ACTIVE,,business.expense.amount,business.expense.note,business.expense.submit,,Tax,MAESTRO-APK-BUSINESS-BUSINESS_OPERATIONS-1260 | Tax | 50696.10,JOINED,Ops Log Spend Entry; amount ID business.expense.amount
1263,MTR-APK-1263,Business,Business,Team Operations,Payroll,Expense,2026-05-26,22:39:44,2026-05-26 22:39:44,51661.2,INR,-51661.2,APK Owner,,,MAESTRO-APK-BUSINESS-TEAM_OPERATIONS-1263 | Payroll | 51661.20,Android,B26,RAMP_501_1500,CREATED,idem-20260902-apk-1263,android,B01,TEAM_OPERATIONS,Team Update,B01:Team Update,ACTIVE,,business.expense.amount,business.expense.note,business.expense.submit,,Payroll,MAESTRO-APK-BUSINESS-TEAM_OPERATIONS-1263 | Payroll | 51661.20,JOINED,Team Ops hub has no Expense; Team meal/travel etc. use Team Update until Spend path wired — prefer B03 Spend for ops expenses
1266,MTR-APK-1266,Business,Business,Team Operations,Contractor,Expense,2026-07-11,18:41:26,2026-07-11 18:41:26,119303.33,INR,-119303.33,APK Owner,,,MAESTRO-APK-BUSINESS-TEAM_OPERATIONS-1266 | Contractor | 119303.33,Android,B26,RAMP_501_1500,CREATED,idem-20260902-apk-1266,android,B01,TEAM_OPERATIONS,Team Update,B01:Team Update,ACTIVE,,business.expense.amount,business.expense.note,business.expense.submit,,Contractor,MAESTRO-APK-BUSINESS-TEAM_OPERATIONS-1266 | Contractor | 119303.33,JOINED,Team Ops hub has no Expense; Team meal/travel etc. use Team Update until Spend path wired — prefer B03 Spend for ops expenses
1269,MTR-APK-1269,Business,Business,Team Operations,Hiring,Expense,2026-02-23,10:32:13,2026-02-23 10:32:13,96712.95,INR,-96712.95,APK Owner,,,MAESTRO-APK-BUSINESS-TEAM_OPERATIONS-1269 | Hiring | 96712.95,Android,B26,RAMP_501_1500,CREATED,idem-20260902-apk-1269,android,B01,TEAM_OPERATIONS,Team Update,B01:Team Update,ACTIVE,,business.expense.amount,business.expense.note,business.expense.submit,,Hiring,MAESTRO-APK-BUSINESS-TEAM_OPERATIONS-1269 | Hiring | 96712.95,JOINED,Team Ops hub has no Expense; Team meal/travel etc. use Team Update until Spend path wired — prefer B03 Spend for ops expenses
1272,MTR-APK-1272,Business,Business,Team Operations,Team Meal,Expense,2026-03-21,09:49:18,2026-03-21 09:49:18,164964.63,INR,-164964.63,APK Owner,,,MAESTRO-APK-BUSINESS-TEAM_OPERATIONS-1272 | Team Meal | 164964.63,Android,B26,RAMP_501_1500,CREATED,idem-20260902-apk-1272,android,B01,TEAM_OPERATIONS,Team Update,B01:Team Update,ACTIVE,,business.expense.amount,business.expense.note,business.expense.submit,,Team Meal,MAESTRO-APK-BUSINESS-TEAM_OPERATIONS-1272 | Team Meal | 164964.63,JOINED,Team Ops hub has no Expense; Team meal/travel etc. use Team Update until Spend path wired — prefer B03 Spend for ops expenses
1275,MTR-APK-1275,Business,Business,Team Operations,Travel,Expense,2026-01-30,22:53:58,2026-01-30 22:53:58,168566.14,INR,-168566.14,APK Owner,,,MAESTRO-APK-BUSINESS-TEAM_OPERATIONS-1275 | Travel | 168566.14,Android,B26,RAMP_501_1500,CREATED,idem-20260902-apk-1275,android,B01,TEAM_OPERATIONS,Team Update,B01:Team Update,ACTIVE,,business.expense.amount,business.expense.note,business.expense.submit,,Travel,MAESTRO-APK-BUSINESS-TEAM_OPERATIONS-1275 | Travel | 168566.14,JOINED,Team Ops hub has no Expense; Team meal/travel etc. use Team Update until Spend path wired — prefer B03 Spend for ops expenses
1278,MTR-APK-1278,Business,Business,Team Operations,Training,Expense,2026-02-15,00:10:41,2026-02-15 00:10:41,19286.1,INR,-19286.1,APK Owner,,,MAESTRO-APK-BUSINESS-TEAM_OPERATIONS-1278 | Training | 19286.10,Android,B26,RAMP_501_1500,CREATED,idem-20260902-apk-1278,android,B01,TEAM_OPERATIONS,Team Update,B01:Team Update,ACTIVE,,business.expense.amount,business.expense.note,business.expense.submit,,Training,MAESTRO-APK-BUSINESS-TEAM_OPERATIONS-1278 | Training | 19286.10,JOINED,Team Ops hub has no Expense; Team meal/travel etc. use Team Update until Spend path wired — prefer B03 Spend for ops expenses
1281,MTR-APK-1281,Business,Business,Team Operations,Tools,Expense,2026-04-20,16:17:00,2026-04-20 16:17:00,114592.13,INR,-114592.13,APK Owner,,,MAESTRO-APK-BUSINESS-TEAM_OPERATIONS-1281 | Tools | 114592.13,Android,B26,RAMP_501_1500,CREATED,idem-20260902-apk-1281,android,B01,TEAM_OPERATIONS,Team Update,B01:Team Update,ACTIVE,,business.expense.amount,business.expense.note,business.expense.submit,,Tools,MAESTRO-APK-BUSINESS-TEAM_OPERATIONS-1281 | Tools | 114592.13,JOINED,Team Ops hub has no Expense; Team meal/travel etc. use Team Update until Spend path wired — prefer B03 Spend for ops expenses
1284,MTR-APK-1284,Business,Business,Business Runway,Funding,Income,2026-06-03,12:26:23,2026-06-03 12:26:23,68751.41,INR,68751.41,APK Owner,,,MAESTRO-APK-BUSINESS-BUSINESS_RUNWAY-1284 | Funding | 68751.41,Android,B26,RAMP_501_1500,CREATED,idem-20260902-apk-1284,android,B02,BUSINESS_RUNWAY,Revenue,B02:Revenue,ACTIVE,qa.tile.revenue,business.revenue.amount,,business.revenue.submit,,Funding,MAESTRO-APK-BUSINESS-BUSINESS_RUNWAY-1284 | Funding | 68751.41,JOINED,Funding/Investment/Loan/Revenue → Runway Revenue
1287,MTR-APK-1287,Business,Business,Business Runway,Revenue,Income,2026-07-27,03:01:45,2026-07-27 03:01:45,136404.63,INR,136404.63,APK Owner,,,MAESTRO-APK-BUSINESS-BUSINESS_RUNWAY-1287 | Revenue | 136404.63,Android,B26,RAMP_501_1500,CREATED,idem-20260902-apk-1287,android,B02,BUSINESS_RUNWAY,Revenue,B02:Revenue,ACTIVE,qa.tile.revenue,business.revenue.amount,,business.revenue.submit,,Revenue,MAESTRO-APK-BUSINESS-BUSINESS_RUNWAY-1287 | Revenue | 136404.63,JOINED,Funding/Investment/Loan/Revenue → Runway Revenue
1290,MTR-APK-1290,Business,Business,Business Runway,Burn,Expense,2025-12-14,11:51:17,2025-12-14 11:51:17,87232.28,INR,-87232.28,APK Owner,,,MAESTRO-APK-BUSINESS-BUSINESS_RUNWAY-1290 | Burn | 87232.28,Android,B26,RAMP_501_1500,CREATED,idem-20260902-apk-1290,android,B02,BUSINESS_RUNWAY,Expense,B02:Expense,ACTIVE,qa.tile.expense,business.expense.amount,business.expense.note,business.expense.submit,,Burn,MAESTRO-APK-BUSINESS-BUSINESS_RUNWAY-1290 | Burn | 87232.28,JOINED,Runway Log Expense
1293,MTR-APK-1293,Business,Business,Business Runway,Reserve,Transfer,2026-04-28,22:10:59,2026-04-28 22:10:59,21798.79,INR,0.0,APK Owner,,,MAESTRO-APK-BUSINESS-BUSINESS_RUNWAY-1293 | Reserve | 21798.79,Android,B26,RAMP_501_1500,CREATED,idem-20260902-apk-1293,android,B02,BUSINESS_RUNWAY,Expense,B02:Expense,ACTIVE,qa.tile.expense,,,,,Reserve,MAESTRO-APK-BUSINESS-BUSINESS_RUNWAY-1293 | Reserve | 21798.79,JOINED_REVIEW,Reserve transfer → Runway expense/movement proxy — REVIEW
1296,MTR-APK-1296,Business,Business,Business Runway,Loan,Income,2026-07-02,10:37:25,2026-07-02 10:37:25,22211.18,INR,22211.18,APK Owner,,,MAESTRO-APK-BUSINESS-BUSINESS_RUNWAY-1296 | Loan | 22211.18,Android,B26,RAMP_501_1500,CREATED,idem-20260902-apk-1296,android,B02,BUSINESS_RUNWAY,Revenue,B02:Revenue,ACTIVE,qa.tile.revenue,business.revenue.amount,,business.revenue.submit,,Loan,MAESTRO-APK-BUSINESS-BUSINESS_RUNWAY-1296 | Loan | 22211.18,JOINED,Funding/Investment/Loan/Revenue → Runway Revenue
1299,MTR-APK-1299,Business,Business,Business Runway,Investment,Income,2026-05-07,18:10:56,2026-05-07 18:10:56,142741.21,INR,142741.21,APK Owner,,,MAESTRO-APK-BUSINESS-BUSINESS_RUNWAY-1299 | Investment | 142741.21,Android,B26,RAMP_501_1500,CREATED,idem-20260902-apk-1299,android,B02,BUSINESS_RUNWAY,Revenue,B02:Revenue,ACTIVE,qa.tile.revenue,business.revenue.amount,,business.revenue.submit,,Investment,MAESTRO-APK-BUSINESS-BUSINESS_RUNWAY-1299 | Investment | 142741.21,JOINED,Funding/Investment/Loan/Revenue → Runway Revenue
1302,MTR-APK-1302,Business,Business,Business Operations,Software,Expense,2026-03-25,13:54:45,2026-03-25 13:54:45,123387.1,INR,-123387.1,APK Owner,,,MAESTRO-APK-BUSINESS-BUSINESS_OPERATIONS-1302 | Software | 123387.10,Android,B27,RAMP_501_1500,CREATED,idem-20260902-apk-1302,android,B03,BUSINESS_OPERATIONS,Spend Entry,B03:Spend Entry,ACTIVE,,business.expense.amount,business.expense.note,business.expense.submit,,Software,MAESTRO-APK-BUSINESS-BUSINESS_OPERATIONS-1302 | Software | 123387.10,JOINED,Ops Log Spend Entry; amount ID business.expense.amount
1305,MTR-APK-1305,Business,Business,Business Operations,Rent,Expense,2026-07-31,05:26:31,2026-07-31 05:26:31,61009.23,INR,-61009.23,APK Owner,,,MAESTRO-APK-BUSINESS-BUSINESS_OPERATIONS-1305 | Rent | 61009.23,Android,B27,RAMP_501_1500,CREATED,idem-20260902-apk-1305,android,B03,BUSINESS_OPERATIONS,Spend Entry,B03:Spend Entry,ACTIVE,,business.expense.amount,business.expense.note,business.expense.submit,,Rent,MAESTRO-APK-BUSINESS-BUSINESS_OPERATIONS-1305 | Rent | 61009.23,JOINED,Ops Log Spend Entry; amount ID business.expense.amount
1308,MTR-APK-1308,Business,Business,Business Operations,Marketing,Expense,2026-03-03,21:46:18,2026-03-03 21:46:18,122892.5,INR,-122892.5,APK Owner,,,MAESTRO-APK-BUSINESS-BUSINESS_OPERATIONS-1308 | Marketing | 122892.50,Android,B27,RAMP_501_1500,CREATED,idem-20260902-apk-1308,android,B03,BUSINESS_OPERATIONS,Spend Entry,B03:Spend Entry,ACTIVE,,business.expense.amount,business.expense.note,business.expense.submit,,Marketing,MAESTRO-APK-BUSINESS-BUSINESS_OPERATIONS-1308 | Marketing | 122892.50,JOINED,Ops Log Spend Entry; amount ID business.expense.amount
1311,MTR-APK-1311,Business,Business,Business Operations,Legal,Expense,2026-03-01,03:42:42,2026-03-01 03:42:42,770.06,INR,-770.06,APK Owner,,,MAESTRO-APK-BUSINESS-BUSINESS_OPERATIONS-1311 | Legal | 770.06,Android,B27,RAMP_501_1500,CREATED,idem-20260902-apk-1311,android,B03,BUSINESS_OPERATIONS,Spend Entry,B03:Spend Entry,ACTIVE,,business.expense.amount,business.expense.note,business.expense.submit,,Legal,MAESTRO-APK-BUSINESS-BUSINESS_OPERATIONS-1311 | Legal | 770.06,JOINED,Ops Log Spend Entry; amount ID business.expense.amount
1314,MTR-APK-1314,Business,Business,Business Operations,Accounting,Expense,2025-12-12,22:34:14,2025-12-12 22:34:14,104365.62,INR,-104365.62,APK Owner,,,MAESTRO-APK-BUSINESS-BUSINESS_OPERATIONS-1314 | Accounting | 104365.62,Android,B27,RAMP_501_1500,CREATED,idem-20260902-apk-1314,android,B03,BUSINESS_OPERATIONS,Spend Entry,B03:Spend Entry,ACTIVE,,business.expense.amount,business.expense.note,business.expense.submit,,Accounting,MAESTRO-APK-BUSINESS-BUSINESS_OPERATIONS-1314 | Accounting | 104365.62,JOINED,Ops Log Spend Entry; amount ID business.expense.amount
1317,MTR-APK-1317,Business,Business,Business Operations,Equipment,Expense,2025-12-23,18:58:02,2025-12-23 18:58:02,153241.38,INR,-153241.38,APK Owner,,,MAESTRO-APK-BUSINESS-BUSINESS_OPERATIONS-1317 | Equipment | 153241.38,Android,B27,RAMP_501_1500,CREATED,idem-20260902-apk-1317,android,B03,BUSINESS_OPERATIONS,Spend Entry,B03:Spend Entry,ACTIVE,,business.expense.amount,business.expense.note,business.expense.submit,,Equipment,MAESTRO-APK-BUSINESS-BUSINESS_OPERATIONS-1317 | Equipment | 153241.38,JOINED,Ops Log Spend Entry; amount ID business.expense.amount
1320,MTR-APK-1320,Business,Business,Business Operations,Vendor,Expense,2026-08-22,02:01:36,2026-08-22 02:01:36,108422.66,INR,-108422.66,APK Owner,,,MAESTRO-APK-BUSINESS-BUSINESS_OPERATIONS-1320 | Vendor | 108422.66,Android,B27,RAMP_501_1500,CREATED,idem-20260902-apk-1320,android,B03,BUSINESS_OPERATIONS,Spend Entry,B03:Spend Entry,ACTIVE,,business.expense.amount,business.expense.note,business.expense.submit,,Vendor,MAESTRO-APK-BUSINESS-BUSINESS_OPERATIONS-1320 | Vendor | 108422.66,JOINED,Ops Log Spend Entry; amount ID business.expense.amount
1323,MTR-APK-1323,Business,Business,Business Operations,Tax,Expense,2026-06-25,13:44:13,2026-06-25 13:44:13,80003.53,INR,-80003.53,APK Owner,,,MAESTRO-APK-BUSINESS-BUSINESS_OPERATIONS-1323 | Tax | 80003.53,Android,B27,RAMP_501_1500,CREATED,idem-20260902-apk-1323,android,B03,BUSINESS_OPERATIONS,Spend Entry,B03:Spend Entry,ACTIVE,,business.expense.amount,business.expense.note,business.expense.submit,,Tax,MAESTRO-APK-BUSINESS-BUSINESS_OPERATIONS-1323 | Tax | 80003.53,JOINED,Ops Log Spend Entry; amount ID business.expense.amount
1326,MTR-APK-1326,Business,Business,Team Operations,Payroll,Expense,2026-03-23,02:35:54,2026-03-23 02:35:54,13666.84,INR,-13666.84,APK Owner,,,MAESTRO-APK-BUSINESS-TEAM_OPERATIONS-1326 | Payroll | 13666.84,Android,B27,RAMP_501_1500,CREATED,idem-20260902-apk-1326,android,B01,TEAM_OPERATIONS,Team Update,B01:Team Update,ACTIVE,,business.expense.amount,business.expense.note,business.expense.submit,,Payroll,MAESTRO-APK-BUSINESS-TEAM_OPERATIONS-1326 | Payroll | 13666.84,JOINED,Team Ops hub has no Expense; Team meal/travel etc. use Team Update until Spend path wired — prefer B03 Spend for ops expenses
1329,MTR-APK-1329,Business,Business,Team Operations,Contractor,Expense,2025-09-16,08:00:23,2025-09-16 08:00:23,18482.55,INR,-18482.55,APK Owner,,,MAESTRO-APK-BUSINESS-TEAM_OPERATIONS-1329 | Contractor | 18482.55,Android,B27,RAMP_501_1500,CREATED,idem-20260902-apk-1329,android,B01,TEAM_OPERATIONS,Team Update,B01:Team Update,ACTIVE,,business.expense.amount,business.expense.note,business.expense.submit,,Contractor,MAESTRO-APK-BUSINESS-TEAM_OPERATIONS-1329 | Contractor | 18482.55,JOINED,Team Ops hub has no Expense; Team meal/travel etc. use Team Update until Spend path wired — prefer B03 Spend for ops expenses
1332,MTR-APK-1332,Business,Business,Team Operations,Hiring,Expense,2026-08-04,11:08:25,2026-08-04 11:08:25,0.01,INR,-0.01,APK Owner,,,MAESTRO-APK-BUSINESS-TEAM_OPERATIONS-1332 | Hiring | 0.01,Android,B27,RAMP_501_1500,CREATED,idem-20260902-apk-1332,android,B01,TEAM_OPERATIONS,Team Update,B01:Team Update,ACTIVE,,business.expense.amount,business.expense.note,business.expense.submit,,Hiring,MAESTRO-APK-BUSINESS-TEAM_OPERATIONS-1332 | Hiring | 0.01,JOINED,Team Ops hub has no Expense; Team meal/travel etc. use Team Update until Spend path wired — prefer B03 Spend for ops expenses
1335,MTR-APK-1335,Business,Business,Team Operations,Team Meal,Expense,2025-10-01,07:28:55,2025-10-01 07:28:55,81355.53,INR,-81355.53,APK Owner,,,MAESTRO-APK-BUSINESS-TEAM_OPERATIONS-1335 | Team Meal | 81355.53,Android,B27,RAMP_501_1500,CREATED,idem-20260902-apk-1335,android,B01,TEAM_OPERATIONS,Team Update,B01:Team Update,ACTIVE,,business.expense.amount,business.expense.note,business.expense.submit,,Team Meal,MAESTRO-APK-BUSINESS-TEAM_OPERATIONS-1335 | Team Meal | 81355.53,JOINED,Team Ops hub has no Expense; Team meal/travel etc. use Team Update until Spend path wired — prefer B03 Spend for ops expenses
1338,MTR-APK-1338,Business,Business,Team Operations,Travel,Expense,2026-07-15,22:58:05,2026-07-15 22:58:05,111800.85,INR,-111800.85,APK Owner,,,MAESTRO-APK-BUSINESS-TEAM_OPERATIONS-1338 | Travel | 111800.85,Android,B27,RAMP_501_1500,CREATED,idem-20260902-apk-1338,android,B01,TEAM_OPERATIONS,Team Update,B01:Team Update,ACTIVE,,business.expense.amount,business.expense.note,business.expense.submit,,Travel,MAESTRO-APK-BUSINESS-TEAM_OPERATIONS-1338 | Travel | 111800.85,JOINED,Team Ops hub has no Expense; Team meal/travel etc. use Team Update until Spend path wired — prefer B03 Spend for ops expenses
1341,MTR-APK-1341,Business,Business,Team Operations,Training,Expense,2026-04-04,11:08:56,2026-04-04 11:08:56,91184.38,INR,-91184.38,APK Owner,,,MAESTRO-APK-BUSINESS-TEAM_OPERATIONS-1341 | Training | 91184.38,Android,B27,RAMP_501_1500,CREATED,idem-20260902-apk-1341,android,B01,TEAM_OPERATIONS,Team Update,B01:Team Update,ACTIVE,,business.expense.amount,business.expense.note,business.expense.submit,,Training,MAESTRO-APK-BUSINESS-TEAM_OPERATIONS-1341 | Training | 91184.38,JOINED,Team Ops hub has no Expense; Team meal/travel etc. use Team Update until Spend path wired — prefer B03 Spend for ops expenses
1344,MTR-APK-1344,Business,Business,Team Operations,Tools,Expense,2025-10-23,03:55:16,2025-10-23 03:55:16,59605.26,INR,-59605.26,APK Owner,,,MAESTRO-APK-BUSINESS-TEAM_OPERATIONS-1344 | Tools | 59605.26,Android,B27,RAMP_501_1500,CREATED,idem-20260902-apk-1344,android,B01,TEAM_OPERATIONS,Team Update,B01:Team Update,ACTIVE,,business.expense.amount,business.expense.note,business.expense.submit,,Tools,MAESTRO-APK-BUSINESS-TEAM_OPERATIONS-1344 | Tools | 59605.26,JOINED,Team Ops hub has no Expense; Team meal/travel etc. use Team Update until Spend path wired — prefer B03 Spend for ops expenses
1347,MTR-APK-1347,Business,Business,Business Runway,Funding,Income,2026-03-12,19:04:06,2026-03-12 19:04:06,131071.29,INR,131071.29,APK Owner,,,MAESTRO-APK-BUSINESS-BUSINESS_RUNWAY-1347 | Funding | 131071.29,Android,B27,RAMP_501_1500,CREATED,idem-20260902-apk-1347,android,B02,BUSINESS_RUNWAY,Revenue,B02:Revenue,ACTIVE,qa.tile.revenue,business.revenue.amount,,business.revenue.submit,,Funding,MAESTRO-APK-BUSINESS-BUSINESS_RUNWAY-1347 | Funding | 131071.29,JOINED,Funding/Investment/Loan/Revenue → Runway Revenue
1350,MTR-APK-1350,Business,Business,Business Runway,Revenue,Income,2026-04-23,05:54:39,2026-04-23 05:54:39,24004.47,INR,24004.47,APK Owner,,,MAESTRO-APK-BUSINESS-BUSINESS_RUNWAY-1350 | Revenue | 24004.47,Android,B27,RAMP_501_1500,CREATED,idem-20260902-apk-1350,android,B02,BUSINESS_RUNWAY,Revenue,B02:Revenue,ACTIVE,qa.tile.revenue,business.revenue.amount,,business.revenue.submit,,Revenue,MAESTRO-APK-BUSINESS-BUSINESS_RUNWAY-1350 | Revenue | 24004.47,JOINED,Funding/Investment/Loan/Revenue → Runway Revenue
1353,MTR-APK-1353,Business,Business,Business Runway,Burn,Expense,2025-09-22,06:11:22,2025-09-22 06:11:22,26095.0,INR,-26095.0,APK Owner,,,MAESTRO-APK-BUSINESS-BUSINESS_RUNWAY-1353 | Burn | 26095.00,Android,B28,RAMP_501_1500,CREATED,idem-20260902-apk-1353,android,B02,BUSINESS_RUNWAY,Expense,B02:Expense,ACTIVE,qa.tile.expense,business.expense.amount,business.expense.note,business.expense.submit,,Burn,MAESTRO-APK-BUSINESS-BUSINESS_RUNWAY-1353 | Burn | 26095.00,JOINED,Runway Log Expense
1356,MTR-APK-1356,Business,Business,Business Runway,Reserve,Transfer,2025-11-07,20:22:09,2025-11-07 20:22:09,121294.23,INR,0.0,APK Owner,,,MAESTRO-APK-BUSINESS-BUSINESS_RUNWAY-1356 | Reserve | 121294.23,Android,B28,RAMP_501_1500,CREATED,idem-20260902-apk-1356,android,B02,BUSINESS_RUNWAY,Expense,B02:Expense,ACTIVE,qa.tile.expense,,,,,Reserve,MAESTRO-APK-BUSINESS-BUSINESS_RUNWAY-1356 | Reserve | 121294.23,JOINED_REVIEW,Reserve transfer → Runway expense/movement proxy — REVIEW
1359,MTR-APK-1359,Business,Business,Business Runway,Loan,Income,2025-12-31,22:49:15,2025-12-31 22:49:15,97968.33,INR,97968.33,APK Owner,,,MAESTRO-APK-BUSINESS-BUSINESS_RUNWAY-1359 | Loan | 97968.33,Android,B28,RAMP_501_1500,CREATED,idem-20260902-apk-1359,android,B02,BUSINESS_RUNWAY,Revenue,B02:Revenue,ACTIVE,qa.tile.revenue,business.revenue.amount,,business.revenue.submit,,Loan,MAESTRO-APK-BUSINESS-BUSINESS_RUNWAY-1359 | Loan | 97968.33,JOINED,Funding/Investment/Loan/Revenue → Runway Revenue
1362,MTR-APK-1362,Business,Business,Business Runway,Investment,Income,2026-04-23,06:17:27,2026-04-23 06:17:27,2615.62,INR,2615.62,APK Owner,,,MAESTRO-APK-BUSINESS-BUSINESS_RUNWAY-1362 | Investment | 2615.62,Android,B28,RAMP_501_1500,CREATED,idem-20260902-apk-1362,android,B02,BUSINESS_RUNWAY,Revenue,B02:Revenue,ACTIVE,qa.tile.revenue,business.revenue.amount,,business.revenue.submit,,Investment,MAESTRO-APK-BUSINESS-BUSINESS_RUNWAY-1362 | Investment | 2615.62,JOINED,Funding/Investment/Loan/Revenue → Runway Revenue
1365,MTR-APK-1365,Business,Business,Business Operations,Software,Expense,2026-08-05,10:53:21,2026-08-05 10:53:21,53444.59,INR,-53444.59,APK Owner,,,MAESTRO-APK-BUSINESS-BUSINESS_OPERATIONS-1365 | Software | 53444.59,Android,B28,RAMP_501_1500,CREATED,idem-20260902-apk-1365,android,B03,BUSINESS_OPERATIONS,Spend Entry,B03:Spend Entry,ACTIVE,,business.expense.amount,business.expense.note,business.expense.submit,,Software,MAESTRO-APK-BUSINESS-BUSINESS_OPERATIONS-1365 | Software | 53444.59,JOINED,Ops Log Spend Entry; amount ID business.expense.amount
1368,MTR-APK-1368,Business,Business,Business Operations,Rent,Expense,2026-01-08,20:26:02,2026-01-08 20:26:02,167560.08,INR,-167560.08,APK Owner,,,MAESTRO-APK-BUSINESS-BUSINESS_OPERATIONS-1368 | Rent | 167560.08,Android,B28,RAMP_501_1500,CREATED,idem-20260902-apk-1368,android,B03,BUSINESS_OPERATIONS,Spend Entry,B03:Spend Entry,ACTIVE,,business.expense.amount,business.expense.note,business.expense.submit,,Rent,MAESTRO-APK-BUSINESS-BUSINESS_OPERATIONS-1368 | Rent | 167560.08,JOINED,Ops Log Spend Entry; amount ID business.expense.amount
1371,MTR-APK-1371,Business,Business,Business Operations,Marketing,Expense,2026-01-15,00:04:49,2026-01-15 00:04:49,24556.14,INR,-24556.14,APK Owner,,,MAESTRO-APK-BUSINESS-BUSINESS_OPERATIONS-1371 | Marketing | 24556.14,Android,B28,RAMP_501_1500,CREATED,idem-20260902-apk-1371,android,B03,BUSINESS_OPERATIONS,Spend Entry,B03:Spend Entry,ACTIVE,,business.expense.amount,business.expense.note,business.expense.submit,,Marketing,MAESTRO-APK-BUSINESS-BUSINESS_OPERATIONS-1371 | Marketing | 24556.14,JOINED,Ops Log Spend Entry; amount ID business.expense.amount
1374,MTR-APK-1374,Business,Business,Business Operations,Legal,Expense,2026-05-26,13:15:57,2026-05-26 13:15:57,43580.82,INR,-43580.82,APK Owner,,,MAESTRO-APK-BUSINESS-BUSINESS_OPERATIONS-1374 | Legal | 43580.82,Android,B28,RAMP_501_1500,CREATED,idem-20260902-apk-1374,android,B03,BUSINESS_OPERATIONS,Spend Entry,B03:Spend Entry,ACTIVE,,business.expense.amount,business.expense.note,business.expense.submit,,Legal,MAESTRO-APK-BUSINESS-BUSINESS_OPERATIONS-1374 | Legal | 43580.82,JOINED,Ops Log Spend Entry; amount ID business.expense.amount
1377,MTR-APK-1377,Business,Business,Business Operations,Accounting,Expense,2026-01-24,19:16:02,2026-01-24 19:16:02,33155.85,INR,-33155.85,APK Owner,,,MAESTRO-APK-BUSINESS-BUSINESS_OPERATIONS-1377 | Accounting | 33155.85,Android,B28,RAMP_501_1500,CREATED,idem-20260902-apk-1377,android,B03,BUSINESS_OPERATIONS,Spend Entry,B03:Spend Entry,ACTIVE,,business.expense.amount,business.expense.note,business.expense.submit,,Accounting,MAESTRO-APK-BUSINESS-BUSINESS_OPERATIONS-1377 | Accounting | 33155.85,JOINED,Ops Log Spend Entry; amount ID business.expense.amount
1380,MTR-APK-1380,Business,Business,Business Operations,Equipment,Expense,2026-05-27,03:24:51,2026-05-27 03:24:51,146907.26,INR,-146907.26,APK Owner,,,MAESTRO-APK-BUSINESS-BUSINESS_OPERATIONS-1380 | Equipment | 146907.26,Android,B28,RAMP_501_1500,CREATED,idem-20260902-apk-1380,android,B03,BUSINESS_OPERATIONS,Spend Entry,B03:Spend Entry,ACTIVE,,business.expense.amount,business.expense.note,business.expense.submit,,Equipment,MAESTRO-APK-BUSINESS-BUSINESS_OPERATIONS-1380 | Equipment | 146907.26,JOINED,Ops Log Spend Entry; amount ID business.expense.amount
1383,MTR-APK-1383,Business,Business,Business Operations,Vendor,Expense,2026-08-19,20:42:41,2026-08-19 20:42:41,18134.49,INR,-18134.49,APK Owner,,,MAESTRO-APK-BUSINESS-BUSINESS_OPERATIONS-1383 | Vendor | 18134.49,Android,B28,RAMP_501_1500,CREATED,idem-20260902-apk-1383,android,B03,BUSINESS_OPERATIONS,Spend Entry,B03:Spend Entry,ACTIVE,,business.expense.amount,business.expense.note,business.expense.submit,,Vendor,MAESTRO-APK-BUSINESS-BUSINESS_OPERATIONS-1383 | Vendor | 18134.49,JOINED,Ops Log Spend Entry; amount ID business.expense.amount
1386,MTR-APK-1386,Business,Business,Business Operations,Tax,Expense,2025-09-30,02:33:45,2025-09-30 02:33:45,86779.84,INR,-86779.84,APK Owner,,,MAESTRO-APK-BUSINESS-BUSINESS_OPERATIONS-1386 | Tax | 86779.84,Android,B28,RAMP_501_1500,CREATED,idem-20260902-apk-1386,android,B03,BUSINESS_OPERATIONS,Spend Entry,B03:Spend Entry,ACTIVE,,business.expense.amount,business.expense.note,business.expense.submit,,Tax,MAESTRO-APK-BUSINESS-BUSINESS_OPERATIONS-1386 | Tax | 86779.84,JOINED,Ops Log Spend Entry; amount ID business.expense.amount
1389,MTR-APK-1389,Business,Business,Team Operations,Payroll,Expense,2026-04-07,20:32:33,2026-04-07 20:32:33,72380.85,INR,-72380.85,APK Owner,,,MAESTRO-APK-BUSINESS-TEAM_OPERATIONS-1389 | Payroll | 72380.85,Android,B28,RAMP_501_1500,CREATED,idem-20260902-apk-1389,android,B01,TEAM_OPERATIONS,Team Update,B01:Team Update,ACTIVE,,business.expense.amount,business.expense.note,business.expense.submit,,Payroll,MAESTRO-APK-BUSINESS-TEAM_OPERATIONS-1389 | Payroll | 72380.85,JOINED,Team Ops hub has no Expense; Team meal/travel etc. use Team Update until Spend path wired — prefer B03 Spend for ops expenses
1392,MTR-APK-1392,Business,Business,Team Operations,Contractor,Expense,2026-05-27,11:11:48,2026-05-27 11:11:48,147385.51,INR,-147385.51,APK Owner,,,MAESTRO-APK-BUSINESS-TEAM_OPERATIONS-1392 | Contractor | 147385.51,Android,B28,RAMP_501_1500,CREATED,idem-20260902-apk-1392,android,B01,TEAM_OPERATIONS,Team Update,B01:Team Update,ACTIVE,,business.expense.amount,business.expense.note,business.expense.submit,,Contractor,MAESTRO-APK-BUSINESS-TEAM_OPERATIONS-1392 | Contractor | 147385.51,JOINED,Team Ops hub has no Expense; Team meal/travel etc. use Team Update until Spend path wired — prefer B03 Spend for ops expenses
1395,MTR-APK-1395,Business,Business,Team Operations,Hiring,Expense,2026-07-02,10:08:49,2026-07-02 10:08:49,145346.22,INR,-145346.22,APK Owner,,,MAESTRO-APK-BUSINESS-TEAM_OPERATIONS-1395 | Hiring | 145346.22,Android,B28,RAMP_501_1500,CREATED,idem-20260902-apk-1395,android,B01,TEAM_OPERATIONS,Team Update,B01:Team Update,ACTIVE,,business.expense.amount,business.expense.note,business.expense.submit,,Hiring,MAESTRO-APK-BUSINESS-TEAM_OPERATIONS-1395 | Hiring | 145346.22,JOINED,Team Ops hub has no Expense; Team meal/travel etc. use Team Update until Spend path wired — prefer B03 Spend for ops expenses
1398,MTR-APK-1398,Business,Business,Team Operations,Team Meal,Expense,2025-10-19,12:02:13,2025-10-19 12:02:13,96563.11,INR,-96563.11,APK Owner,,,MAESTRO-APK-BUSINESS-TEAM_OPERATIONS-1398 | Team Meal | 96563.11,Android,B28,RAMP_501_1500,CREATED,idem-20260902-apk-1398,android,B01,TEAM_OPERATIONS,Team Update,B01:Team Update,ACTIVE,,business.expense.amount,business.expense.note,business.expense.submit,,Team Meal,MAESTRO-APK-BUSINESS-TEAM_OPERATIONS-1398 | Team Meal | 96563.11,JOINED,Team Ops hub has no Expense; Team meal/travel etc. use Team Update until Spend path wired — prefer B03 Spend for ops expenses
1401,MTR-APK-1401,Business,Business,Team Operations,Travel,Expense,2025-10-22,15:55:05,2025-10-22 15:55:05,77404.44,INR,-77404.44,APK Owner,,,MAESTRO-APK-BUSINESS-TEAM_OPERATIONS-1401 | Travel | 77404.44,Android,B29,RAMP_501_1500,CREATED,idem-20260902-apk-1401,android,B01,TEAM_OPERATIONS,Team Update,B01:Team Update,ACTIVE,,business.expense.amount,business.expense.note,business.expense.submit,,Travel,MAESTRO-APK-BUSINESS-TEAM_OPERATIONS-1401 | Travel | 77404.44,JOINED,Team Ops hub has no Expense; Team meal/travel etc. use Team Update until Spend path wired — prefer B03 Spend for ops expenses
1404,MTR-APK-1404,Business,Business,Team Operations,Training,Expense,2026-05-30,01:21:25,2026-05-30 01:21:25,45299.24,INR,-45299.24,APK Owner,,,MAESTRO-APK-BUSINESS-TEAM_OPERATIONS-1404 | Training | 45299.24,Android,B29,RAMP_501_1500,CREATED,idem-20260902-apk-1404,android,B01,TEAM_OPERATIONS,Team Update,B01:Team Update,ACTIVE,,business.expense.amount,business.expense.note,business.expense.submit,,Training,MAESTRO-APK-BUSINESS-TEAM_OPERATIONS-1404 | Training | 45299.24,JOINED,Team Ops hub has no Expense; Team meal/travel etc. use Team Update until Spend path wired — prefer B03 Spend for ops expenses
1407,MTR-APK-1407,Business,Business,Team Operations,Tools,Expense,2026-05-12,17:39:25,2026-05-12 17:39:25,35073.29,INR,-35073.29,APK Owner,,,MAESTRO-APK-BUSINESS-TEAM_OPERATIONS-1407 | Tools | 35073.29,Android,B29,RAMP_501_1500,CREATED,idem-20260902-apk-1407,android,B01,TEAM_OPERATIONS,Team Update,B01:Team Update,ACTIVE,,business.expense.amount,business.expense.note,business.expense.submit,,Tools,MAESTRO-APK-BUSINESS-TEAM_OPERATIONS-1407 | Tools | 35073.29,JOINED,Team Ops hub has no Expense; Team meal/travel etc. use Team Update until Spend path wired — prefer B03 Spend for ops expenses
1410,MTR-APK-1410,Business,Business,Business Runway,Funding,Income,2025-11-12,21:34:29,2025-11-12 21:34:29,94885.9,INR,94885.9,APK Owner,,,MAESTRO-APK-BUSINESS-BUSINESS_RUNWAY-1410 | Funding | 94885.90,Android,B29,RAMP_501_1500,CREATED,idem-20260902-apk-1410,android,B02,BUSINESS_RUNWAY,Revenue,B02:Revenue,ACTIVE,qa.tile.revenue,business.revenue.amount,,business.revenue.submit,,Funding,MAESTRO-APK-BUSINESS-BUSINESS_RUNWAY-1410 | Funding | 94885.90,JOINED,Funding/Investment/Loan/Revenue → Runway Revenue
1413,MTR-APK-1413,Business,Business,Business Runway,Revenue,Income,2025-10-17,08:52:58,2025-10-17 08:52:58,35025.96,INR,35025.96,APK Owner,,,MAESTRO-APK-BUSINESS-BUSINESS_RUNWAY-1413 | Revenue | 35025.96,Android,B29,RAMP_501_1500,CREATED,idem-20260902-apk-1413,android,B02,BUSINESS_RUNWAY,Revenue,B02:Revenue,ACTIVE,qa.tile.revenue,business.revenue.amount,,business.revenue.submit,,Revenue,MAESTRO-APK-BUSINESS-BUSINESS_RUNWAY-1413 | Revenue | 35025.96,JOINED,Funding/Investment/Loan/Revenue → Runway Revenue
1416,MTR-APK-1416,Business,Business,Business Runway,Burn,Expense,2026-06-26,07:19:33,2026-06-26 07:19:33,157379.69,INR,-157379.69,APK Owner,,,MAESTRO-APK-BUSINESS-BUSINESS_RUNWAY-1416 | Burn | 157379.69,Android,B29,RAMP_501_1500,CREATED,idem-20260902-apk-1416,android,B02,BUSINESS_RUNWAY,Expense,B02:Expense,ACTIVE,qa.tile.expense,business.expense.amount,business.expense.note,business.expense.submit,,Burn,MAESTRO-APK-BUSINESS-BUSINESS_RUNWAY-1416 | Burn | 157379.69,JOINED,Runway Log Expense
1419,MTR-APK-1419,Business,Business,Business Runway,Reserve,Transfer,2026-02-03,19:29:09,2026-02-03 19:29:09,60518.73,INR,0.0,APK Owner,,,MAESTRO-APK-BUSINESS-BUSINESS_RUNWAY-1419 | Reserve | 60518.73,Android,B29,RAMP_501_1500,CREATED,idem-20260902-apk-1419,android,B02,BUSINESS_RUNWAY,Expense,B02:Expense,ACTIVE,qa.tile.expense,,,,,Reserve,MAESTRO-APK-BUSINESS-BUSINESS_RUNWAY-1419 | Reserve | 60518.73,JOINED_REVIEW,Reserve transfer → Runway expense/movement proxy — REVIEW
1422,MTR-APK-1422,Business,Business,Business Runway,Loan,Income,2026-08-26,06:31:01,2026-08-26 06:31:01,25723.06,INR,25723.06,APK Owner,,,MAESTRO-APK-BUSINESS-BUSINESS_RUNWAY-1422 | Loan | 25723.06,Android,B29,RAMP_501_1500,CREATED,idem-20260902-apk-1422,android,B02,BUSINESS_RUNWAY,Revenue,B02:Revenue,ACTIVE,qa.tile.revenue,business.revenue.amount,,business.revenue.submit,,Loan,MAESTRO-APK-BUSINESS-BUSINESS_RUNWAY-1422 | Loan | 25723.06,JOINED,Funding/Investment/Loan/Revenue → Runway Revenue
1425,MTR-APK-1425,Business,Business,Business Runway,Investment,Income,2026-05-24,10:15:34,2026-05-24 10:15:34,167637.98,INR,167637.98,APK Owner,,,MAESTRO-APK-BUSINESS-BUSINESS_RUNWAY-1425 | Investment | 167637.98,Android,B29,RAMP_501_1500,CREATED,idem-20260902-apk-1425,android,B02,BUSINESS_RUNWAY,Revenue,B02:Revenue,ACTIVE,qa.tile.revenue,business.revenue.amount,,business.revenue.submit,,Investment,MAESTRO-APK-BUSINESS-BUSINESS_RUNWAY-1425 | Investment | 167637.98,JOINED,Funding/Investment/Loan/Revenue → Runway Revenue
1428,MTR-APK-1428,Business,Business,Business Operations,Software,Expense,2025-11-03,02:19:45,2025-11-03 02:19:45,138277.82,INR,-138277.82,APK Owner,,,MAESTRO-APK-BUSINESS-BUSINESS_OPERATIONS-1428 | Software | 138277.82,Android,B29,RAMP_501_1500,CREATED,idem-20260902-apk-1428,android,B03,BUSINESS_OPERATIONS,Spend Entry,B03:Spend Entry,ACTIVE,,business.expense.amount,business.expense.note,business.expense.submit,,Software,MAESTRO-APK-BUSINESS-BUSINESS_OPERATIONS-1428 | Software | 138277.82,JOINED,Ops Log Spend Entry; amount ID business.expense.amount
1431,MTR-APK-1431,Business,Business,Business Operations,Rent,Expense,2025-12-22,04:36:34,2025-12-22 04:36:34,130142.17,INR,-130142.17,APK Owner,,,MAESTRO-APK-BUSINESS-BUSINESS_OPERATIONS-1431 | Rent | 130142.17,Android,B29,RAMP_501_1500,CREATED,idem-20260902-apk-1431,android,B03,BUSINESS_OPERATIONS,Spend Entry,B03:Spend Entry,ACTIVE,,business.expense.amount,business.expense.note,business.expense.submit,,Rent,MAESTRO-APK-BUSINESS-BUSINESS_OPERATIONS-1431 | Rent | 130142.17,JOINED,Ops Log Spend Entry; amount ID business.expense.amount
1434,MTR-APK-1434,Business,Business,Business Operations,Marketing,Expense,2026-03-04,20:03:34,2026-03-04 20:03:34,32421.93,INR,-32421.93,APK Owner,,,MAESTRO-APK-BUSINESS-BUSINESS_OPERATIONS-1434 | Marketing | 32421.93,Android,B29,RAMP_501_1500,CREATED,idem-20260902-apk-1434,android,B03,BUSINESS_OPERATIONS,Spend Entry,B03:Spend Entry,ACTIVE,,business.expense.amount,business.expense.note,business.expense.submit,,Marketing,MAESTRO-APK-BUSINESS-BUSINESS_OPERATIONS-1434 | Marketing | 32421.93,JOINED,Ops Log Spend Entry; amount ID business.expense.amount
1437,MTR-APK-1437,Business,Business,Business Operations,Legal,Expense,2026-03-04,09:19:40,2026-03-04 09:19:40,142724.07,INR,-142724.07,APK Owner,,,MAESTRO-APK-BUSINESS-BUSINESS_OPERATIONS-1437 | Legal | 142724.07,Android,B29,RAMP_501_1500,CREATED,idem-20260902-apk-1437,android,B03,BUSINESS_OPERATIONS,Spend Entry,B03:Spend Entry,ACTIVE,,business.expense.amount,business.expense.note,business.expense.submit,,Legal,MAESTRO-APK-BUSINESS-BUSINESS_OPERATIONS-1437 | Legal | 142724.07,JOINED,Ops Log Spend Entry; amount ID business.expense.amount
1440,MTR-APK-1440,Business,Business,Business Operations,Accounting,Expense,2026-04-19,06:19:47,2026-04-19 06:19:47,54128.73,INR,-54128.73,APK Owner,,,MAESTRO-APK-BUSINESS-BUSINESS_OPERATIONS-1440 | Accounting | 54128.73,Android,B29,RAMP_501_1500,CREATED,idem-20260902-apk-1440,android,B03,BUSINESS_OPERATIONS,Spend Entry,B03:Spend Entry,ACTIVE,,business.expense.amount,business.expense.note,business.expense.submit,,Accounting,MAESTRO-APK-BUSINESS-BUSINESS_OPERATIONS-1440 | Accounting | 54128.73,JOINED,Ops Log Spend Entry; amount ID business.expense.amount
1443,MTR-APK-1443,Business,Business,Business Operations,Equipment,Expense,2026-06-22,00:36:39,2026-06-22 00:36:39,100.0,INR,-100.0,APK Owner,,,MAESTRO-APK-BUSINESS-BUSINESS_OPERATIONS-1443 | Equipment | 100.00,Android,B29,RAMP_501_1500,CREATED,idem-20260902-apk-1443,android,B03,BUSINESS_OPERATIONS,Spend Entry,B03:Spend Entry,ACTIVE,,business.expense.amount,business.expense.note,business.expense.submit,,Equipment,MAESTRO-APK-BUSINESS-BUSINESS_OPERATIONS-1443 | Equipment | 100.00,JOINED,Ops Log Spend Entry; amount ID business.expense.amount
1446,MTR-APK-1446,Business,Business,Business Operations,Vendor,Expense,2026-04-30,06:06:08,2026-04-30 06:06:08,45145.44,INR,-45145.44,APK Owner,,,MAESTRO-APK-BUSINESS-BUSINESS_OPERATIONS-1446 | Vendor | 45145.44,Android,B29,RAMP_501_1500,CREATED,idem-20260902-apk-1446,android,B03,BUSINESS_OPERATIONS,Spend Entry,B03:Spend Entry,ACTIVE,,business.expense.amount,business.expense.note,business.expense.submit,,Vendor,MAESTRO-APK-BUSINESS-BUSINESS_OPERATIONS-1446 | Vendor | 45145.44,JOINED,Ops Log Spend Entry; amount ID business.expense.amount
1449,MTR-APK-1449,Business,Business,Business Operations,Tax,Expense,2026-06-10,21:17:08,2026-06-10 21:17:08,83483.32,INR,-83483.32,APK Owner,,,MAESTRO-APK-BUSINESS-BUSINESS_OPERATIONS-1449 | Tax | 83483.32,Android,B29,RAMP_501_1500,CREATED,idem-20260902-apk-1449,android,B03,BUSINESS_OPERATIONS,Spend Entry,B03:Spend Entry,ACTIVE,,business.expense.amount,business.expense.note,business.expense.submit,,Tax,MAESTRO-APK-BUSINESS-BUSINESS_OPERATIONS-1449 | Tax | 83483.32,JOINED,Ops Log Spend Entry; amount ID business.expense.amount
1452,MTR-APK-1452,Business,Business,Team Operations,Payroll,Expense,2026-05-19,15:52:30,2026-05-19 15:52:30,36290.48,INR,-36290.48,APK Owner,,,MAESTRO-APK-BUSINESS-TEAM_OPERATIONS-1452 | Payroll | 36290.48,Android,B30,RAMP_501_1500,CREATED,idem-20260902-apk-1452,android,B01,TEAM_OPERATIONS,Team Update,B01:Team Update,ACTIVE,,business.expense.amount,business.expense.note,business.expense.submit,,Payroll,MAESTRO-APK-BUSINESS-TEAM_OPERATIONS-1452 | Payroll | 36290.48,JOINED,Team Ops hub has no Expense; Team meal/travel etc. use Team Update until Spend path wired — prefer B03 Spend for ops expenses
1455,MTR-APK-1455,Business,Business,Team Operations,Contractor,Expense,2026-01-02,22:11:01,2026-01-02 22:11:01,52551.26,INR,-52551.26,APK Owner,,,MAESTRO-APK-BUSINESS-TEAM_OPERATIONS-1455 | Contractor | 52551.26,Android,B30,RAMP_501_1500,CREATED,idem-20260902-apk-1455,android,B01,TEAM_OPERATIONS,Team Update,B01:Team Update,ACTIVE,,business.expense.amount,business.expense.note,business.expense.submit,,Contractor,MAESTRO-APK-BUSINESS-TEAM_OPERATIONS-1455 | Contractor | 52551.26,JOINED,Team Ops hub has no Expense; Team meal/travel etc. use Team Update until Spend path wired — prefer B03 Spend for ops expenses
1458,MTR-APK-1458,Business,Business,Team Operations,Hiring,Expense,2025-11-26,00:37:39,2025-11-26 00:37:39,133931.09,INR,-133931.09,APK Owner,,,MAESTRO-APK-BUSINESS-TEAM_OPERATIONS-1458 | Hiring | 133931.09,Android,B30,RAMP_501_1500,CREATED,idem-20260902-apk-1458,android,B01,TEAM_OPERATIONS,Team Update,B01:Team Update,ACTIVE,,business.expense.amount,business.expense.note,business.expense.submit,,Hiring,MAESTRO-APK-BUSINESS-TEAM_OPERATIONS-1458 | Hiring | 133931.09,JOINED,Team Ops hub has no Expense; Team meal/travel etc. use Team Update until Spend path wired — prefer B03 Spend for ops expenses
1461,MTR-APK-1461,Business,Business,Team Operations,Team Meal,Expense,2026-02-23,16:57:32,2026-02-23 16:57:32,169621.06,INR,-169621.06,APK Owner,,,MAESTRO-APK-BUSINESS-TEAM_OPERATIONS-1461 | Team Meal | 169621.06,Android,B30,RAMP_501_1500,CREATED,idem-20260902-apk-1461,android,B01,TEAM_OPERATIONS,Team Update,B01:Team Update,ACTIVE,,business.expense.amount,business.expense.note,business.expense.submit,,Team Meal,MAESTRO-APK-BUSINESS-TEAM_OPERATIONS-1461 | Team Meal | 169621.06,JOINED,Team Ops hub has no Expense; Team meal/travel etc. use Team Update until Spend path wired — prefer B03 Spend for ops expenses
1464,MTR-APK-1464,Business,Business,Team Operations,Travel,Expense,2026-04-13,03:29:56,2026-04-13 03:29:56,32624.78,INR,-32624.78,APK Owner,,,MAESTRO-APK-BUSINESS-TEAM_OPERATIONS-1464 | Travel | 32624.78,Android,B30,RAMP_501_1500,CREATED,idem-20260902-apk-1464,android,B01,TEAM_OPERATIONS,Team Update,B01:Team Update,ACTIVE,,business.expense.amount,business.expense.note,business.expense.submit,,Travel,MAESTRO-APK-BUSINESS-TEAM_OPERATIONS-1464 | Travel | 32624.78,JOINED,Team Ops hub has no Expense; Team meal/travel etc. use Team Update until Spend path wired — prefer B03 Spend for ops expenses
1467,MTR-APK-1467,Business,Business,Team Operations,Training,Expense,2026-06-26,11:04:15,2026-06-26 11:04:15,4592.89,INR,-4592.89,APK Owner,,,MAESTRO-APK-BUSINESS-TEAM_OPERATIONS-1467 | Training | 4592.89,Android,B30,RAMP_501_1500,CREATED,idem-20260902-apk-1467,android,B01,TEAM_OPERATIONS,Team Update,B01:Team Update,ACTIVE,,business.expense.amount,business.expense.note,business.expense.submit,,Training,MAESTRO-APK-BUSINESS-TEAM_OPERATIONS-1467 | Training | 4592.89,JOINED,Team Ops hub has no Expense; Team meal/travel etc. use Team Update until Spend path wired — prefer B03 Spend for ops expenses
1470,MTR-APK-1470,Business,Business,Team Operations,Tools,Expense,2026-07-19,08:07:33,2026-07-19 08:07:33,9865.15,INR,-9865.15,APK Owner,,,MAESTRO-APK-BUSINESS-TEAM_OPERATIONS-1470 | Tools | 9865.15,Android,B30,RAMP_501_1500,CREATED,idem-20260902-apk-1470,android,B01,TEAM_OPERATIONS,Team Update,B01:Team Update,ACTIVE,,business.expense.amount,business.expense.note,business.expense.submit,,Tools,MAESTRO-APK-BUSINESS-TEAM_OPERATIONS-1470 | Tools | 9865.15,JOINED,Team Ops hub has no Expense; Team meal/travel etc. use Team Update until Spend path wired — prefer B03 Spend for ops expenses
1473,MTR-APK-1473,Business,Business,Business Runway,Funding,Income,2025-10-23,16:13:33,2025-10-23 16:13:33,167852.15,INR,167852.15,APK Owner,,,MAESTRO-APK-BUSINESS-BUSINESS_RUNWAY-1473 | Funding | 167852.15,Android,B30,RAMP_501_1500,CREATED,idem-20260902-apk-1473,android,B02,BUSINESS_RUNWAY,Revenue,B02:Revenue,ACTIVE,qa.tile.revenue,business.revenue.amount,,business.revenue.submit,,Funding,MAESTRO-APK-BUSINESS-BUSINESS_RUNWAY-1473 | Funding | 167852.15,JOINED,Funding/Investment/Loan/Revenue → Runway Revenue
1476,MTR-APK-1476,Business,Business,Business Runway,Revenue,Income,2026-05-28,21:16:35,2026-05-28 21:16:35,178445.63,INR,178445.63,APK Owner,,,MAESTRO-APK-BUSINESS-BUSINESS_RUNWAY-1476 | Revenue | 178445.63,Android,B30,RAMP_501_1500,CREATED,idem-20260902-apk-1476,android,B02,BUSINESS_RUNWAY,Revenue,B02:Revenue,ACTIVE,qa.tile.revenue,business.revenue.amount,,business.revenue.submit,,Revenue,MAESTRO-APK-BUSINESS-BUSINESS_RUNWAY-1476 | Revenue | 178445.63,JOINED,Funding/Investment/Loan/Revenue → Runway Revenue
1479,MTR-APK-1479,Business,Business,Business Runway,Burn,Expense,2026-01-30,17:12:17,2026-01-30 17:12:17,367.85,INR,-367.85,APK Owner,,,MAESTRO-APK-BUSINESS-BUSINESS_RUNWAY-1479 | Burn | 367.85,Android,B30,RAMP_501_1500,CREATED,idem-20260902-apk-1479,android,B02,BUSINESS_RUNWAY,Expense,B02:Expense,ACTIVE,qa.tile.expense,business.expense.amount,business.expense.note,business.expense.submit,,Burn,MAESTRO-APK-BUSINESS-BUSINESS_RUNWAY-1479 | Burn | 367.85,JOINED,Runway Log Expense
1482,MTR-APK-1482,Business,Business,Business Runway,Reserve,Transfer,2025-11-23,19:32:35,2025-11-23 19:32:35,166434.95,INR,0.0,APK Owner,,,MAESTRO-APK-BUSINESS-BUSINESS_RUNWAY-1482 | Reserve | 166434.95,Android,B30,RAMP_501_1500,CREATED,idem-20260902-apk-1482,android,B02,BUSINESS_RUNWAY,Expense,B02:Expense,ACTIVE,qa.tile.expense,,,,,Reserve,MAESTRO-APK-BUSINESS-BUSINESS_RUNWAY-1482 | Reserve | 166434.95,JOINED_REVIEW,Reserve transfer → Runway expense/movement proxy — REVIEW
1485,MTR-APK-1485,Business,Business,Business Runway,Loan,Income,2025-12-27,05:03:51,2025-12-27 05:03:51,105253.24,INR,105253.24,APK Owner,,,MAESTRO-APK-BUSINESS-BUSINESS_RUNWAY-1485 | Loan | 105253.24,Android,B30,RAMP_501_1500,CREATED,idem-20260902-apk-1485,android,B02,BUSINESS_RUNWAY,Revenue,B02:Revenue,ACTIVE,qa.tile.revenue,business.revenue.amount,,business.revenue.submit,,Loan,MAESTRO-APK-BUSINESS-BUSINESS_RUNWAY-1485 | Loan | 105253.24,JOINED,Funding/Investment/Loan/Revenue → Runway Revenue
1488,MTR-APK-1488,Business,Business,Business Runway,Investment,Income,2026-06-27,22:27:25,2026-06-27 22:27:25,34246.13,INR,34246.13,APK Owner,,,MAESTRO-APK-BUSINESS-BUSINESS_RUNWAY-1488 | Investment | 34246.13,Android,B30,RAMP_501_1500,CREATED,idem-20260902-apk-1488,android,B02,BUSINESS_RUNWAY,Revenue,B02:Revenue,ACTIVE,qa.tile.revenue,business.revenue.amount,,business.revenue.submit,,Investment,MAESTRO-APK-BUSINESS-BUSINESS_RUNWAY-1488 | Investment | 34246.13,JOINED,Funding/Investment/Loan/Revenue → Runway Revenue
1491,MTR-APK-1491,Business,Business,Business Operations,Software,Expense,2026-04-20,16:11:51,2026-04-20 16:11:51,19429.78,INR,-19429.78,APK Owner,,,MAESTRO-APK-BUSINESS-BUSINESS_OPERATIONS-1491 | Software | 19429.78,Android,B30,RAMP_501_1500,CREATED,idem-20260902-apk-1491,android,B03,BUSINESS_OPERATIONS,Spend Entry,B03:Spend Entry,ACTIVE,,business.expense.amount,business.expense.note,business.expense.submit,,Software,MAESTRO-APK-BUSINESS-BUSINESS_OPERATIONS-1491 | Software | 19429.78,JOINED,Ops Log Spend Entry; amount ID business.expense.amount
1494,MTR-APK-1494,Business,Business,Business Operations,Rent,Expense,2026-02-02,11:19:31,2026-02-02 11:19:31,174682.83,INR,-174682.83,APK Owner,,,MAESTRO-APK-BUSINESS-BUSINESS_OPERATIONS-1494 | Rent | 174682.83,Android,B30,RAMP_501_1500,CREATED,idem-20260902-apk-1494,android,B03,BUSINESS_OPERATIONS,Spend Entry,B03:Spend Entry,ACTIVE,,business.expense.amount,business.expense.note,business.expense.submit,,Rent,MAESTRO-APK-BUSINESS-BUSINESS_OPERATIONS-1494 | Rent | 174682.83,JOINED,Ops Log Spend Entry; amount ID business.expense.amount
1497,MTR-APK-1497,Business,Business,Business Operations,Marketing,Expense,2026-06-14,06:09:00,2026-06-14 06:09:00,123941.14,INR,-123941.14,APK Owner,,,MAESTRO-APK-BUSINESS-BUSINESS_OPERATIONS-1497 | Marketing | 123941.14,Android,B30,RAMP_501_1500,CREATED,idem-20260902-apk-1497,android,B03,BUSINESS_OPERATIONS,Spend Entry,B03:Spend Entry,ACTIVE,,business.expense.amount,business.expense.note,business.expense.submit,,Marketing,MAESTRO-APK-BUSINESS-BUSINESS_OPERATIONS-1497 | Marketing | 123941.14,JOINED,Ops Log Spend Entry; amount ID business.expense.amount
1500,MTR-APK-1500,Business,Business,Business Operations,Legal,Expense,2026-06-23,00:36:42,2026-06-23 00:36:42,140022.72,INR,-140022.72,APK Owner,,,MAESTRO-APK-BUSINESS-BUSINESS_OPERATIONS-1500 | Legal | 140022.72,Android,B30,RAMP_501_1500,CREATED,idem-20260902-apk-1500,android,B03,BUSINESS_OPERATIONS,Spend Entry,B03:Spend Entry,ACTIVE,,business.expense.amount,business.expense.note,business.expense.submit,,Legal,MAESTRO-APK-BUSINESS-BUSINESS_OPERATIONS-1500 | Legal | 140022.72,JOINED,Ops Log Spend Entry; amount ID business.expense.amount
1503,MTR-APK-1503,Business,Business,Business Operations,Accounting,Expense,2026-03-19,20:22:13,2026-03-19 20:22:13,102557.62,INR,-102557.62,APK Owner,,,MAESTRO-APK-BUSINESS-BUSINESS_OPERATIONS-1503 | Accounting | 102557.62,Android,B31,RAMP_1501_2500,CREATED,idem-20260902-apk-1503,android,B03,BUSINESS_OPERATIONS,Spend Entry,B03:Spend Entry,ACTIVE,,business.expense.amount,business.expense.note,business.expense.submit,,Accounting,MAESTRO-APK-BUSINESS-BUSINESS_OPERATIONS-1503 | Accounting | 102557.62,JOINED,Ops Log Spend Entry; amount ID business.expense.amount
1506,MTR-APK-1506,Business,Business,Business Operations,Equipment,Expense,2025-11-05,16:41:51,2025-11-05 16:41:51,130436.79,INR,-130436.79,APK Owner,,,MAESTRO-APK-BUSINESS-BUSINESS_OPERATIONS-1506 | Equipment | 130436.79,Android,B31,RAMP_1501_2500,CREATED,idem-20260902-apk-1506,android,B03,BUSINESS_OPERATIONS,Spend Entry,B03:Spend Entry,ACTIVE,,business.expense.amount,business.expense.note,business.expense.submit,,Equipment,MAESTRO-APK-BUSINESS-BUSINESS_OPERATIONS-1506 | Equipment | 130436.79,JOINED,Ops Log Spend Entry; amount ID business.expense.amount
1509,MTR-APK-1509,Business,Business,Business Operations,Vendor,Expense,2026-05-21,05:36:12,2026-05-21 05:36:12,101254.14,INR,-101254.14,APK Owner,,,MAESTRO-APK-BUSINESS-BUSINESS_OPERATIONS-1509 | Vendor | 101254.14,Android,B31,RAMP_1501_2500,CREATED,idem-20260902-apk-1509,android,B03,BUSINESS_OPERATIONS,Spend Entry,B03:Spend Entry,ACTIVE,,business.expense.amount,business.expense.note,business.expense.submit,,Vendor,MAESTRO-APK-BUSINESS-BUSINESS_OPERATIONS-1509 | Vendor | 101254.14,JOINED,Ops Log Spend Entry; amount ID business.expense.amount
1512,MTR-APK-1512,Business,Business,Business Operations,Tax,Expense,2025-10-29,17:11:30,2025-10-29 17:11:30,116554.58,INR,-116554.58,APK Owner,,,MAESTRO-APK-BUSINESS-BUSINESS_OPERATIONS-1512 | Tax | 116554.58,Android,B31,RAMP_1501_2500,CREATED,idem-20260902-apk-1512,android,B03,BUSINESS_OPERATIONS,Spend Entry,B03:Spend Entry,ACTIVE,,business.expense.amount,business.expense.note,business.expense.submit,,Tax,MAESTRO-APK-BUSINESS-BUSINESS_OPERATIONS-1512 | Tax | 116554.58,JOINED,Ops Log Spend Entry; amount ID business.expense.amount
1515,MTR-APK-1515,Business,Business,Team Operations,Payroll,Expense,2026-07-16,10:58:29,2026-07-16 10:58:29,43739.8,INR,-43739.8,APK Owner,,,MAESTRO-APK-BUSINESS-TEAM_OPERATIONS-1515 | Payroll | 43739.80,Android,B31,RAMP_1501_2500,CREATED,idem-20260902-apk-1515,android,B01,TEAM_OPERATIONS,Team Update,B01:Team Update,ACTIVE,,business.expense.amount,business.expense.note,business.expense.submit,,Payroll,MAESTRO-APK-BUSINESS-TEAM_OPERATIONS-1515 | Payroll | 43739.80,JOINED,Team Ops hub has no Expense; Team meal/travel etc. use Team Update until Spend path wired — prefer B03 Spend for ops expenses
1518,MTR-APK-1518,Business,Business,Team Operations,Contractor,Expense,2026-07-16,11:52:27,2026-07-16 11:52:27,140563.45,INR,-140563.45,APK Owner,,,MAESTRO-APK-BUSINESS-TEAM_OPERATIONS-1518 | Contractor | 140563.45,Android,B31,RAMP_1501_2500,CREATED,idem-20260902-apk-1518,android,B01,TEAM_OPERATIONS,Team Update,B01:Team Update,ACTIVE,,business.expense.amount,business.expense.note,business.expense.submit,,Contractor,MAESTRO-APK-BUSINESS-TEAM_OPERATIONS-1518 | Contractor | 140563.45,JOINED,Team Ops hub has no Expense; Team meal/travel etc. use Team Update until Spend path wired — prefer B03 Spend for ops expenses
1521,MTR-APK-1521,Business,Business,Team Operations,Hiring,Expense,2026-02-26,22:15:43,2026-02-26 22:15:43,8559.17,INR,-8559.17,APK Owner,,,MAESTRO-APK-BUSINESS-TEAM_OPERATIONS-1521 | Hiring | 8559.17,Android,B31,RAMP_1501_2500,CREATED,idem-20260902-apk-1521,android,B01,TEAM_OPERATIONS,Team Update,B01:Team Update,ACTIVE,,business.expense.amount,business.expense.note,business.expense.submit,,Hiring,MAESTRO-APK-BUSINESS-TEAM_OPERATIONS-1521 | Hiring | 8559.17,JOINED,Team Ops hub has no Expense; Team meal/travel etc. use Team Update until Spend path wired — prefer B03 Spend for ops expenses
1524,MTR-APK-1524,Business,Business,Team Operations,Team Meal,Expense,2026-07-11,11:48:53,2026-07-11 11:48:53,156721.85,INR,-156721.85,APK Owner,,,MAESTRO-APK-BUSINESS-TEAM_OPERATIONS-1524 | Team Meal | 156721.85,Android,B31,RAMP_1501_2500,CREATED,idem-20260902-apk-1524,android,B01,TEAM_OPERATIONS,Team Update,B01:Team Update,ACTIVE,,business.expense.amount,business.expense.note,business.expense.submit,,Team Meal,MAESTRO-APK-BUSINESS-TEAM_OPERATIONS-1524 | Team Meal | 156721.85,JOINED,Team Ops hub has no Expense; Team meal/travel etc. use Team Update until Spend path wired — prefer B03 Spend for ops expenses
1527,MTR-APK-1527,Business,Business,Team Operations,Travel,Expense,2026-01-30,05:38:01,2026-01-30 05:38:01,42723.08,INR,-42723.08,APK Owner,,,MAESTRO-APK-BUSINESS-TEAM_OPERATIONS-1527 | Travel | 42723.08,Android,B31,RAMP_1501_2500,CREATED,idem-20260902-apk-1527,android,B01,TEAM_OPERATIONS,Team Update,B01:Team Update,ACTIVE,,business.expense.amount,business.expense.note,business.expense.submit,,Travel,MAESTRO-APK-BUSINESS-TEAM_OPERATIONS-1527 | Travel | 42723.08,JOINED,Team Ops hub has no Expense; Team meal/travel etc. use Team Update until Spend path wired — prefer B03 Spend for ops expenses
1530,MTR-APK-1530,Business,Business,Team Operations,Training,Expense,2026-07-12,09:01:01,2026-07-12 09:01:01,119379.62,INR,-119379.62,APK Owner,,,MAESTRO-APK-BUSINESS-TEAM_OPERATIONS-1530 | Training | 119379.62,Android,B31,RAMP_1501_2500,CREATED,idem-20260902-apk-1530,android,B01,TEAM_OPERATIONS,Team Update,B01:Team Update,ACTIVE,,business.expense.amount,business.expense.note,business.expense.submit,,Training,MAESTRO-APK-BUSINESS-TEAM_OPERATIONS-1530 | Training | 119379.62,JOINED,Team Ops hub has no Expense; Team meal/travel etc. use Team Update until Spend path wired — prefer B03 Spend for ops expenses
1533,MTR-APK-1533,Business,Business,Team Operations,Tools,Expense,2026-07-26,02:00:14,2026-07-26 02:00:14,179976.83,INR,-179976.83,APK Owner,,,MAESTRO-APK-BUSINESS-TEAM_OPERATIONS-1533 | Tools | 179976.83,Android,B31,RAMP_1501_2500,CREATED,idem-20260902-apk-1533,android,B01,TEAM_OPERATIONS,Team Update,B01:Team Update,ACTIVE,,business.expense.amount,business.expense.note,business.expense.submit,,Tools,MAESTRO-APK-BUSINESS-TEAM_OPERATIONS-1533 | Tools | 179976.83,JOINED,Team Ops hub has no Expense; Team meal/travel etc. use Team Update until Spend path wired — prefer B03 Spend for ops expenses
1536,MTR-APK-1536,Business,Business,Business Runway,Funding,Income,2025-12-24,04:26:39,2025-12-24 04:26:39,88930.55,INR,88930.55,APK Owner,,,MAESTRO-APK-BUSINESS-BUSINESS_RUNWAY-1536 | Funding | 88930.55,Android,B31,RAMP_1501_2500,CREATED,idem-20260902-apk-1536,android,B02,BUSINESS_RUNWAY,Revenue,B02:Revenue,ACTIVE,qa.tile.revenue,business.revenue.amount,,business.revenue.submit,,Funding,MAESTRO-APK-BUSINESS-BUSINESS_RUNWAY-1536 | Funding | 88930.55,JOINED,Funding/Investment/Loan/Revenue → Runway Revenue
1539,MTR-APK-1539,Business,Business,Business Runway,Revenue,Income,2025-12-20,10:09:29,2025-12-20 10:09:29,135392.72,INR,135392.72,APK Owner,,,MAESTRO-APK-BUSINESS-BUSINESS_RUNWAY-1539 | Revenue | 135392.72,Android,B31,RAMP_1501_2500,CREATED,idem-20260902-apk-1539,android,B02,BUSINESS_RUNWAY,Revenue,B02:Revenue,ACTIVE,qa.tile.revenue,business.revenue.amount,,business.revenue.submit,,Revenue,MAESTRO-APK-BUSINESS-BUSINESS_RUNWAY-1539 | Revenue | 135392.72,JOINED,Funding/Investment/Loan/Revenue → Runway Revenue
1542,MTR-APK-1542,Business,Business,Business Runway,Burn,Expense,2026-02-21,11:45:05,2026-02-21 11:45:05,100165.2,INR,-100165.2,APK Owner,,,MAESTRO-APK-BUSINESS-BUSINESS_RUNWAY-1542 | Burn | 100165.20,Android,B31,RAMP_1501_2500,CREATED,idem-20260902-apk-1542,android,B02,BUSINESS_RUNWAY,Expense,B02:Expense,ACTIVE,qa.tile.expense,business.expense.amount,business.expense.note,business.expense.submit,,Burn,MAESTRO-APK-BUSINESS-BUSINESS_RUNWAY-1542 | Burn | 100165.20,JOINED,Runway Log Expense
1545,MTR-APK-1545,Business,Business,Business Runway,Reserve,Transfer,2026-07-19,05:22:08,2026-07-19 05:22:08,141683.56,INR,0.0,APK Owner,,,MAESTRO-APK-BUSINESS-BUSINESS_RUNWAY-1545 | Reserve | 141683.56,Android,B31,RAMP_1501_2500,CREATED,idem-20260902-apk-1545,android,B02,BUSINESS_RUNWAY,Expense,B02:Expense,ACTIVE,qa.tile.expense,,,,,Reserve,MAESTRO-APK-BUSINESS-BUSINESS_RUNWAY-1545 | Reserve | 141683.56,JOINED_REVIEW,Reserve transfer → Runway expense/movement proxy — REVIEW
1548,MTR-APK-1548,Business,Business,Business Runway,Loan,Income,2025-10-09,16:13:18,2025-10-09 16:13:18,161476.12,INR,161476.12,APK Owner,,,MAESTRO-APK-BUSINESS-BUSINESS_RUNWAY-1548 | Loan | 161476.12,Android,B31,RAMP_1501_2500,CREATED,idem-20260902-apk-1548,android,B02,BUSINESS_RUNWAY,Revenue,B02:Revenue,ACTIVE,qa.tile.revenue,business.revenue.amount,,business.revenue.submit,,Loan,MAESTRO-APK-BUSINESS-BUSINESS_RUNWAY-1548 | Loan | 161476.12,JOINED,Funding/Investment/Loan/Revenue → Runway Revenue
1551,MTR-APK-1551,Business,Business,Business Runway,Investment,Income,2025-10-20,09:42:54,2025-10-20 09:42:54,7986.59,INR,7986.59,APK Owner,,,MAESTRO-APK-BUSINESS-BUSINESS_RUNWAY-1551 | Investment | 7986.59,Android,B32,RAMP_1501_2500,CREATED,idem-20260902-apk-1551,android,B02,BUSINESS_RUNWAY,Revenue,B02:Revenue,ACTIVE,qa.tile.revenue,business.revenue.amount,,business.revenue.submit,,Investment,MAESTRO-APK-BUSINESS-BUSINESS_RUNWAY-1551 | Investment | 7986.59,JOINED,Funding/Investment/Loan/Revenue → Runway Revenue
1554,MTR-APK-1554,Business,Business,Business Operations,Software,Expense,2026-03-22,00:30:28,2026-03-22 00:30:28,0.01,INR,-0.01,APK Owner,,,MAESTRO-APK-BUSINESS-BUSINESS_OPERATIONS-1554 | Software | 0.01,Android,B32,RAMP_1501_2500,CREATED,idem-20260902-apk-1554,android,B03,BUSINESS_OPERATIONS,Spend Entry,B03:Spend Entry,ACTIVE,,business.expense.amount,business.expense.note,business.expense.submit,,Software,MAESTRO-APK-BUSINESS-BUSINESS_OPERATIONS-1554 | Software | 0.01,JOINED,Ops Log Spend Entry; amount ID business.expense.amount
1557,MTR-APK-1557,Business,Business,Business Operations,Rent,Expense,2026-08-19,11:12:21,2026-08-19 11:12:21,14684.26,INR,-14684.26,APK Owner,,,MAESTRO-APK-BUSINESS-BUSINESS_OPERATIONS-1557 | Rent | 14684.26,Android,B32,RAMP_1501_2500,CREATED,idem-20260902-apk-1557,android,B03,BUSINESS_OPERATIONS,Spend Entry,B03:Spend Entry,ACTIVE,,business.expense.amount,business.expense.note,business.expense.submit,,Rent,MAESTRO-APK-BUSINESS-BUSINESS_OPERATIONS-1557 | Rent | 14684.26,JOINED,Ops Log Spend Entry; amount ID business.expense.amount
1560,MTR-APK-1560,Business,Business,Business Operations,Marketing,Expense,2026-07-20,18:33:31,2026-07-20 18:33:31,156582.34,INR,-156582.34,APK Owner,,,MAESTRO-APK-BUSINESS-BUSINESS_OPERATIONS-1560 | Marketing | 156582.34,Android,B32,RAMP_1501_2500,CREATED,idem-20260902-apk-1560,android,B03,BUSINESS_OPERATIONS,Spend Entry,B03:Spend Entry,ACTIVE,,business.expense.amount,business.expense.note,business.expense.submit,,Marketing,MAESTRO-APK-BUSINESS-BUSINESS_OPERATIONS-1560 | Marketing | 156582.34,JOINED,Ops Log Spend Entry; amount ID business.expense.amount
1563,MTR-APK-1563,Business,Business,Business Operations,Legal,Expense,2026-03-15,16:52:19,2026-03-15 16:52:19,35755.81,INR,-35755.81,APK Owner,,,MAESTRO-APK-BUSINESS-BUSINESS_OPERATIONS-1563 | Legal | 35755.81,Android,B32,RAMP_1501_2500,CREATED,idem-20260902-apk-1563,android,B03,BUSINESS_OPERATIONS,Spend Entry,B03:Spend Entry,ACTIVE,,business.expense.amount,business.expense.note,business.expense.submit,,Legal,MAESTRO-APK-BUSINESS-BUSINESS_OPERATIONS-1563 | Legal | 35755.81,JOINED,Ops Log Spend Entry; amount ID business.expense.amount
1566,MTR-APK-1566,Business,Business,Business Operations,Accounting,Expense,2025-10-30,19:29:00,2025-10-30 19:29:00,55509.22,INR,-55509.22,APK Owner,,,MAESTRO-APK-BUSINESS-BUSINESS_OPERATIONS-1566 | Accounting | 55509.22,Android,B32,RAMP_1501_2500,CREATED,idem-20260902-apk-1566,android,B03,BUSINESS_OPERATIONS,Spend Entry,B03:Spend Entry,ACTIVE,,business.expense.amount,business.expense.note,business.expense.submit,,Accounting,MAESTRO-APK-BUSINESS-BUSINESS_OPERATIONS-1566 | Accounting | 55509.22,JOINED,Ops Log Spend Entry; amount ID business.expense.amount
1569,MTR-APK-1569,Business,Business,Business Operations,Equipment,Expense,2025-10-28,12:36:56,2025-10-28 12:36:56,2207.07,INR,-2207.07,APK Owner,,,MAESTRO-APK-BUSINESS-BUSINESS_OPERATIONS-1569 | Equipment | 2207.07,Android,B32,RAMP_1501_2500,CREATED,idem-20260902-apk-1569,android,B03,BUSINESS_OPERATIONS,Spend Entry,B03:Spend Entry,ACTIVE,,business.expense.amount,business.expense.note,business.expense.submit,,Equipment,MAESTRO-APK-BUSINESS-BUSINESS_OPERATIONS-1569 | Equipment | 2207.07,JOINED,Ops Log Spend Entry; amount ID business.expense.amount
1572,MTR-APK-1572,Business,Business,Business Operations,Vendor,Expense,2026-04-20,05:12:00,2026-04-20 05:12:00,132879.64,INR,-132879.64,APK Owner,,,MAESTRO-APK-BUSINESS-BUSINESS_OPERATIONS-1572 | Vendor | 132879.64,Android,B32,RAMP_1501_2500,CREATED,idem-20260902-apk-1572,android,B03,BUSINESS_OPERATIONS,Spend Entry,B03:Spend Entry,ACTIVE,,business.expense.amount,business.expense.note,business.expense.submit,,Vendor,MAESTRO-APK-BUSINESS-BUSINESS_OPERATIONS-1572 | Vendor | 132879.64,JOINED,Ops Log Spend Entry; amount ID business.expense.amount
1575,MTR-APK-1575,Business,Business,Business Operations,Tax,Expense,2025-12-30,00:57:19,2025-12-30 00:57:19,8806.5,INR,-8806.5,APK Owner,,,MAESTRO-APK-BUSINESS-BUSINESS_OPERATIONS-1575 | Tax | 8806.50,Android,B32,RAMP_1501_2500,CREATED,idem-20260902-apk-1575,android,B03,BUSINESS_OPERATIONS,Spend Entry,B03:Spend Entry,ACTIVE,,business.expense.amount,business.expense.note,business.expense.submit,,Tax,MAESTRO-APK-BUSINESS-BUSINESS_OPERATIONS-1575 | Tax | 8806.50,JOINED,Ops Log Spend Entry; amount ID business.expense.amount
1578,MTR-APK-1578,Business,Business,Team Operations,Payroll,Expense,2025-12-24,06:11:32,2025-12-24 06:11:32,107519.75,INR,-107519.75,APK Owner,,,MAESTRO-APK-BUSINESS-TEAM_OPERATIONS-1578 | Payroll | 107519.75,Android,B32,RAMP_1501_2500,CREATED,idem-20260902-apk-1578,android,B01,TEAM_OPERATIONS,Team Update,B01:Team Update,ACTIVE,,business.expense.amount,business.expense.note,business.expense.submit,,Payroll,MAESTRO-APK-BUSINESS-TEAM_OPERATIONS-1578 | Payroll | 107519.75,JOINED,Team Ops hub has no Expense; Team meal/travel etc. use Team Update until Spend path wired — prefer B03 Spend for ops expenses
1581,MTR-APK-1581,Business,Business,Team Operations,Contractor,Expense,2026-03-17,03:18:21,2026-03-17 03:18:21,177618.4,INR,-177618.4,APK Owner,,,MAESTRO-APK-BUSINESS-TEAM_OPERATIONS-1581 | Contractor | 177618.40,Android,B32,RAMP_1501_2500,CREATED,idem-20260902-apk-1581,android,B01,TEAM_OPERATIONS,Team Update,B01:Team Update,ACTIVE,,business.expense.amount,business.expense.note,business.expense.submit,,Contractor,MAESTRO-APK-BUSINESS-TEAM_OPERATIONS-1581 | Contractor | 177618.40,JOINED,Team Ops hub has no Expense; Team meal/travel etc. use Team Update until Spend path wired — prefer B03 Spend for ops expenses
1584,MTR-APK-1584,Business,Business,Team Operations,Hiring,Expense,2026-09-01,21:30:14,2026-09-01 21:30:14,109492.73,INR,-109492.73,APK Owner,,,MAESTRO-APK-BUSINESS-TEAM_OPERATIONS-1584 | Hiring | 109492.73,Android,B32,RAMP_1501_2500,CREATED,idem-20260902-apk-1584,android,B01,TEAM_OPERATIONS,Team Update,B01:Team Update,ACTIVE,,business.expense.amount,business.expense.note,business.expense.submit,,Hiring,MAESTRO-APK-BUSINESS-TEAM_OPERATIONS-1584 | Hiring | 109492.73,JOINED,Team Ops hub has no Expense; Team meal/travel etc. use Team Update until Spend path wired — prefer B03 Spend for ops expenses
1587,MTR-APK-1587,Business,Business,Team Operations,Team Meal,Expense,2026-04-03,17:40:11,2026-04-03 17:40:11,104974.74,INR,-104974.74,APK Owner,,,MAESTRO-APK-BUSINESS-TEAM_OPERATIONS-1587 | Team Meal | 104974.74,Android,B32,RAMP_1501_2500,CREATED,idem-20260902-apk-1587,android,B01,TEAM_OPERATIONS,Team Update,B01:Team Update,ACTIVE,,business.expense.amount,business.expense.note,business.expense.submit,,Team Meal,MAESTRO-APK-BUSINESS-TEAM_OPERATIONS-1587 | Team Meal | 104974.74,JOINED,Team Ops hub has no Expense; Team meal/travel etc. use Team Update until Spend path wired — prefer B03 Spend for ops expenses
1590,MTR-APK-1590,Business,Business,Team Operations,Travel,Expense,2025-12-26,04:50:04,2025-12-26 04:50:04,85884.77,INR,-85884.77,APK Owner,,,MAESTRO-APK-BUSINESS-TEAM_OPERATIONS-1590 | Travel | 85884.77,Android,B32,RAMP_1501_2500,CREATED,idem-20260902-apk-1590,android,B01,TEAM_OPERATIONS,Team Update,B01:Team Update,ACTIVE,,business.expense.amount,business.expense.note,business.expense.submit,,Travel,MAESTRO-APK-BUSINESS-TEAM_OPERATIONS-1590 | Travel | 85884.77,JOINED,Team Ops hub has no Expense; Team meal/travel etc. use Team Update until Spend path wired — prefer B03 Spend for ops expenses
1593,MTR-APK-1593,Business,Business,Team Operations,Training,Expense,2025-12-19,02:52:38,2025-12-19 02:52:38,179719.24,INR,-179719.24,APK Owner,,,MAESTRO-APK-BUSINESS-TEAM_OPERATIONS-1593 | Training | 179719.24,Android,B32,RAMP_1501_2500,CREATED,idem-20260902-apk-1593,android,B01,TEAM_OPERATIONS,Team Update,B01:Team Update,ACTIVE,,business.expense.amount,business.expense.note,business.expense.submit,,Training,MAESTRO-APK-BUSINESS-TEAM_OPERATIONS-1593 | Training | 179719.24,JOINED,Team Ops hub has no Expense; Team meal/travel etc. use Team Update until Spend path wired — prefer B03 Spend for ops expenses
1596,MTR-APK-1596,Business,Business,Team Operations,Tools,Expense,2025-09-23,20:10:27,2025-09-23 20:10:27,56358.4,INR,-56358.4,APK Owner,,,MAESTRO-APK-BUSINESS-TEAM_OPERATIONS-1596 | Tools | 56358.40,Android,B32,RAMP_1501_2500,CREATED,idem-20260902-apk-1596,android,B01,TEAM_OPERATIONS,Team Update,B01:Team Update,ACTIVE,,business.expense.amount,business.expense.note,business.expense.submit,,Tools,MAESTRO-APK-BUSINESS-TEAM_OPERATIONS-1596 | Tools | 56358.40,JOINED,Team Ops hub has no Expense; Team meal/travel etc. use Team Update until Spend path wired — prefer B03 Spend for ops expenses
1599,MTR-APK-1599,Business,Business,Business Runway,Funding,Income,2025-10-31,07:00:54,2025-10-31 07:00:54,145272.67,INR,145272.67,APK Owner,,,MAESTRO-APK-BUSINESS-BUSINESS_RUNWAY-1599 | Funding | 145272.67,Android,B32,RAMP_1501_2500,CREATED,idem-20260902-apk-1599,android,B02,BUSINESS_RUNWAY,Revenue,B02:Revenue,ACTIVE,qa.tile.revenue,business.revenue.amount,,business.revenue.submit,,Funding,MAESTRO-APK-BUSINESS-BUSINESS_RUNWAY-1599 | Funding | 145272.67,JOINED,Funding/Investment/Loan/Revenue → Runway Revenue
1602,MTR-APK-1602,Business,Business,Business Runway,Revenue,Income,2025-11-27,07:09:57,2025-11-27 07:09:57,122612.68,INR,122612.68,APK Owner,,,MAESTRO-APK-BUSINESS-BUSINESS_RUNWAY-1602 | Revenue | 122612.68,Android,B33,RAMP_1501_2500,CREATED,idem-20260902-apk-1602,android,B02,BUSINESS_RUNWAY,Revenue,B02:Revenue,ACTIVE,qa.tile.revenue,business.revenue.amount,,business.revenue.submit,,Revenue,MAESTRO-APK-BUSINESS-BUSINESS_RUNWAY-1602 | Revenue | 122612.68,JOINED,Funding/Investment/Loan/Revenue → Runway Revenue
1605,MTR-APK-1605,Business,Business,Business Runway,Burn,Expense,2026-05-20,06:04:53,2026-05-20 06:04:53,140621.28,INR,-140621.28,APK Owner,,,MAESTRO-APK-BUSINESS-BUSINESS_RUNWAY-1605 | Burn | 140621.28,Android,B33,RAMP_1501_2500,CREATED,idem-20260902-apk-1605,android,B02,BUSINESS_RUNWAY,Expense,B02:Expense,ACTIVE,qa.tile.expense,business.expense.amount,business.expense.note,business.expense.submit,,Burn,MAESTRO-APK-BUSINESS-BUSINESS_RUNWAY-1605 | Burn | 140621.28,JOINED,Runway Log Expense
1608,MTR-APK-1608,Business,Business,Business Runway,Reserve,Transfer,2026-04-13,21:24:59,2026-04-13 21:24:59,55450.21,INR,0.0,APK Owner,,,MAESTRO-APK-BUSINESS-BUSINESS_RUNWAY-1608 | Reserve | 55450.21,Android,B33,RAMP_1501_2500,CREATED,idem-20260902-apk-1608,android,B02,BUSINESS_RUNWAY,Expense,B02:Expense,ACTIVE,qa.tile.expense,,,,,Reserve,MAESTRO-APK-BUSINESS-BUSINESS_RUNWAY-1608 | Reserve | 55450.21,JOINED_REVIEW,Reserve transfer → Runway expense/movement proxy — REVIEW
1611,MTR-APK-1611,Business,Business,Business Runway,Loan,Income,2026-03-10,15:42:36,2026-03-10 15:42:36,86889.04,INR,86889.04,APK Owner,,,MAESTRO-APK-BUSINESS-BUSINESS_RUNWAY-1611 | Loan | 86889.04,Android,B33,RAMP_1501_2500,CREATED,idem-20260902-apk-1611,android,B02,BUSINESS_RUNWAY,Revenue,B02:Revenue,ACTIVE,qa.tile.revenue,business.revenue.amount,,business.revenue.submit,,Loan,MAESTRO-APK-BUSINESS-BUSINESS_RUNWAY-1611 | Loan | 86889.04,JOINED,Funding/Investment/Loan/Revenue → Runway Revenue
1614,MTR-APK-1614,Business,Business,Business Runway,Investment,Income,2025-10-27,06:23:49,2025-10-27 06:23:49,44987.19,INR,44987.19,APK Owner,,,MAESTRO-APK-BUSINESS-BUSINESS_RUNWAY-1614 | Investment | 44987.19,Android,B33,RAMP_1501_2500,CREATED,idem-20260902-apk-1614,android,B02,BUSINESS_RUNWAY,Revenue,B02:Revenue,ACTIVE,qa.tile.revenue,business.revenue.amount,,business.revenue.submit,,Investment,MAESTRO-APK-BUSINESS-BUSINESS_RUNWAY-1614 | Investment | 44987.19,JOINED,Funding/Investment/Loan/Revenue → Runway Revenue
1617,MTR-APK-1617,Business,Business,Business Operations,Software,Expense,2025-09-01,14:49:10,2025-09-01 14:49:10,63718.53,INR,-63718.53,APK Owner,,,MAESTRO-APK-BUSINESS-BUSINESS_OPERATIONS-1617 | Software | 63718.53,Android,B33,RAMP_1501_2500,CREATED,idem-20260902-apk-1617,android,B03,BUSINESS_OPERATIONS,Spend Entry,B03:Spend Entry,ACTIVE,,business.expense.amount,business.expense.note,business.expense.submit,,Software,MAESTRO-APK-BUSINESS-BUSINESS_OPERATIONS-1617 | Software | 63718.53,JOINED,Ops Log Spend Entry; amount ID business.expense.amount
1620,MTR-APK-1620,Business,Business,Business Operations,Rent,Expense,2026-06-22,23:48:10,2026-06-22 23:48:10,49966.88,INR,-49966.88,APK Owner,,,MAESTRO-APK-BUSINESS-BUSINESS_OPERATIONS-1620 | Rent | 49966.88,Android,B33,RAMP_1501_2500,CREATED,idem-20260902-apk-1620,android,B03,BUSINESS_OPERATIONS,Spend Entry,B03:Spend Entry,ACTIVE,,business.expense.amount,business.expense.note,business.expense.submit,,Rent,MAESTRO-APK-BUSINESS-BUSINESS_OPERATIONS-1620 | Rent | 49966.88,JOINED,Ops Log Spend Entry; amount ID business.expense.amount
1623,MTR-APK-1623,Business,Business,Business Operations,Marketing,Expense,2026-08-02,17:35:16,2026-08-02 17:35:16,17138.93,INR,-17138.93,APK Owner,,,MAESTRO-APK-BUSINESS-BUSINESS_OPERATIONS-1623 | Marketing | 17138.93,Android,B33,RAMP_1501_2500,CREATED,idem-20260902-apk-1623,android,B03,BUSINESS_OPERATIONS,Spend Entry,B03:Spend Entry,ACTIVE,,business.expense.amount,business.expense.note,business.expense.submit,,Marketing,MAESTRO-APK-BUSINESS-BUSINESS_OPERATIONS-1623 | Marketing | 17138.93,JOINED,Ops Log Spend Entry; amount ID business.expense.amount
1626,MTR-APK-1626,Business,Business,Business Operations,Legal,Expense,2025-11-08,18:29:38,2025-11-08 18:29:38,86796.61,INR,-86796.61,APK Owner,,,MAESTRO-APK-BUSINESS-BUSINESS_OPERATIONS-1626 | Legal | 86796.61,Android,B33,RAMP_1501_2500,CREATED,idem-20260902-apk-1626,android,B03,BUSINESS_OPERATIONS,Spend Entry,B03:Spend Entry,ACTIVE,,business.expense.amount,business.expense.note,business.expense.submit,,Legal,MAESTRO-APK-BUSINESS-BUSINESS_OPERATIONS-1626 | Legal | 86796.61,JOINED,Ops Log Spend Entry; amount ID business.expense.amount
1629,MTR-APK-1629,Business,Business,Business Operations,Accounting,Expense,2025-09-10,04:57:04,2025-09-10 04:57:04,125099.36,INR,-125099.36,APK Owner,,,MAESTRO-APK-BUSINESS-BUSINESS_OPERATIONS-1629 | Accounting | 125099.36,Android,B33,RAMP_1501_2500,CREATED,idem-20260902-apk-1629,android,B03,BUSINESS_OPERATIONS,Spend Entry,B03:Spend Entry,ACTIVE,,business.expense.amount,business.expense.note,business.expense.submit,,Accounting,MAESTRO-APK-BUSINESS-BUSINESS_OPERATIONS-1629 | Accounting | 125099.36,JOINED,Ops Log Spend Entry; amount ID business.expense.amount
1632,MTR-APK-1632,Business,Business,Business Operations,Equipment,Expense,2026-08-19,11:24:39,2026-08-19 11:24:39,42558.63,INR,-42558.63,APK Owner,,,MAESTRO-APK-BUSINESS-BUSINESS_OPERATIONS-1632 | Equipment | 42558.63,Android,B33,RAMP_1501_2500,CREATED,idem-20260902-apk-1632,android,B03,BUSINESS_OPERATIONS,Spend Entry,B03:Spend Entry,ACTIVE,,business.expense.amount,business.expense.note,business.expense.submit,,Equipment,MAESTRO-APK-BUSINESS-BUSINESS_OPERATIONS-1632 | Equipment | 42558.63,JOINED,Ops Log Spend Entry; amount ID business.expense.amount
1635,MTR-APK-1635,Business,Business,Business Operations,Vendor,Expense,2026-03-13,18:12:46,2026-03-13 18:12:46,103262.11,INR,-103262.11,APK Owner,,,MAESTRO-APK-BUSINESS-BUSINESS_OPERATIONS-1635 | Vendor | 103262.11,Android,B33,RAMP_1501_2500,CREATED,idem-20260902-apk-1635,android,B03,BUSINESS_OPERATIONS,Spend Entry,B03:Spend Entry,ACTIVE,,business.expense.amount,business.expense.note,business.expense.submit,,Vendor,MAESTRO-APK-BUSINESS-BUSINESS_OPERATIONS-1635 | Vendor | 103262.11,JOINED,Ops Log Spend Entry; amount ID business.expense.amount
1638,MTR-APK-1638,Business,Business,Business Operations,Tax,Expense,2025-09-20,04:43:15,2025-09-20 04:43:15,147559.44,INR,-147559.44,APK Owner,,,MAESTRO-APK-BUSINESS-BUSINESS_OPERATIONS-1638 | Tax | 147559.44,Android,B33,RAMP_1501_2500,CREATED,idem-20260902-apk-1638,android,B03,BUSINESS_OPERATIONS,Spend Entry,B03:Spend Entry,ACTIVE,,business.expense.amount,business.expense.note,business.expense.submit,,Tax,MAESTRO-APK-BUSINESS-BUSINESS_OPERATIONS-1638 | Tax | 147559.44,JOINED,Ops Log Spend Entry; amount ID business.expense.amount
1641,MTR-APK-1641,Business,Business,Team Operations,Payroll,Expense,2026-02-12,02:38:20,2026-02-12 02:38:20,101766.66,INR,-101766.66,APK Owner,,,MAESTRO-APK-BUSINESS-TEAM_OPERATIONS-1641 | Payroll | 101766.66,Android,B33,RAMP_1501_2500,CREATED,idem-20260902-apk-1641,android,B01,TEAM_OPERATIONS,Team Update,B01:Team Update,ACTIVE,,business.expense.amount,business.expense.note,business.expense.submit,,Payroll,MAESTRO-APK-BUSINESS-TEAM_OPERATIONS-1641 | Payroll | 101766.66,JOINED,Team Ops hub has no Expense; Team meal/travel etc. use Team Update until Spend path wired — prefer B03 Spend for ops expenses
1644,MTR-APK-1644,Business,Business,Team Operations,Contractor,Expense,2026-08-27,05:21:45,2026-08-27 05:21:45,103158.93,INR,-103158.93,APK Owner,,,MAESTRO-APK-BUSINESS-TEAM_OPERATIONS-1644 | Contractor | 103158.93,Android,B33,RAMP_1501_2500,CREATED,idem-20260902-apk-1644,android,B01,TEAM_OPERATIONS,Team Update,B01:Team Update,ACTIVE,,business.expense.amount,business.expense.note,business.expense.submit,,Contractor,MAESTRO-APK-BUSINESS-TEAM_OPERATIONS-1644 | Contractor | 103158.93,JOINED,Team Ops hub has no Expense; Team meal/travel etc. use Team Update until Spend path wired — prefer B03 Spend for ops expenses
1647,MTR-APK-1647,Business,Business,Team Operations,Hiring,Expense,2026-07-29,14:01:19,2026-07-29 14:01:19,12640.49,INR,-12640.49,APK Owner,,,MAESTRO-APK-BUSINESS-TEAM_OPERATIONS-1647 | Hiring | 12640.49,Android,B33,RAMP_1501_2500,CREATED,idem-20260902-apk-1647,android,B01,TEAM_OPERATIONS,Team Update,B01:Team Update,ACTIVE,,business.expense.amount,business.expense.note,business.expense.submit,,Hiring,MAESTRO-APK-BUSINESS-TEAM_OPERATIONS-1647 | Hiring | 12640.49,JOINED,Team Ops hub has no Expense; Team meal/travel etc. use Team Update until Spend path wired — prefer B03 Spend for ops expenses
1650,MTR-APK-1650,Business,Business,Team Operations,Team Meal,Expense,2026-05-12,23:19:25,2026-05-12 23:19:25,55255.47,INR,-55255.47,APK Owner,,,MAESTRO-APK-BUSINESS-TEAM_OPERATIONS-1650 | Team Meal | 55255.47,Android,B33,RAMP_1501_2500,CREATED,idem-20260902-apk-1650,android,B01,TEAM_OPERATIONS,Team Update,B01:Team Update,ACTIVE,,business.expense.amount,business.expense.note,business.expense.submit,,Team Meal,MAESTRO-APK-BUSINESS-TEAM_OPERATIONS-1650 | Team Meal | 55255.47,JOINED,Team Ops hub has no Expense; Team meal/travel etc. use Team Update until Spend path wired — prefer B03 Spend for ops expenses
1653,MTR-APK-1653,Business,Business,Team Operations,Travel,Expense,2026-06-05,21:44:52,2026-06-05 21:44:52,329.41,INR,-329.41,APK Owner,,,MAESTRO-APK-BUSINESS-TEAM_OPERATIONS-1653 | Travel | 329.41,Android,B34,RAMP_1501_2500,CREATED,idem-20260902-apk-1653,android,B01,TEAM_OPERATIONS,Team Update,B01:Team Update,ACTIVE,,business.expense.amount,business.expense.note,business.expense.submit,,Travel,MAESTRO-APK-BUSINESS-TEAM_OPERATIONS-1653 | Travel | 329.41,JOINED,Team Ops hub has no Expense; Team meal/travel etc. use Team Update until Spend path wired — prefer B03 Spend for ops expenses
1656,MTR-APK-1656,Business,Business,Team Operations,Training,Expense,2025-11-06,13:45:05,2025-11-06 13:45:05,54581.03,INR,-54581.03,APK Owner,,,MAESTRO-APK-BUSINESS-TEAM_OPERATIONS-1656 | Training | 54581.03,Android,B34,RAMP_1501_2500,CREATED,idem-20260902-apk-1656,android,B01,TEAM_OPERATIONS,Team Update,B01:Team Update,ACTIVE,,business.expense.amount,business.expense.note,business.expense.submit,,Training,MAESTRO-APK-BUSINESS-TEAM_OPERATIONS-1656 | Training | 54581.03,JOINED,Team Ops hub has no Expense; Team meal/travel etc. use Team Update until Spend path wired — prefer B03 Spend for ops expenses
1659,MTR-APK-1659,Business,Business,Team Operations,Tools,Expense,2026-04-18,12:54:35,2026-04-18 12:54:35,100495.81,INR,-100495.81,APK Owner,,,MAESTRO-APK-BUSINESS-TEAM_OPERATIONS-1659 | Tools | 100495.81,Android,B34,RAMP_1501_2500,CREATED,idem-20260902-apk-1659,android,B01,TEAM_OPERATIONS,Team Update,B01:Team Update,ACTIVE,,business.expense.amount,business.expense.note,business.expense.submit,,Tools,MAESTRO-APK-BUSINESS-TEAM_OPERATIONS-1659 | Tools | 100495.81,JOINED,Team Ops hub has no Expense; Team meal/travel etc. use Team Update until Spend path wired — prefer B03 Spend for ops expenses
1662,MTR-APK-1662,Business,Business,Business Runway,Funding,Income,2026-06-10,02:16:42,2026-06-10 02:16:42,139706.47,INR,139706.47,APK Owner,,,MAESTRO-APK-BUSINESS-BUSINESS_RUNWAY-1662 | Funding | 139706.47,Android,B34,RAMP_1501_2500,CREATED,idem-20260902-apk-1662,android,B02,BUSINESS_RUNWAY,Revenue,B02:Revenue,ACTIVE,qa.tile.revenue,business.revenue.amount,,business.revenue.submit,,Funding,MAESTRO-APK-BUSINESS-BUSINESS_RUNWAY-1662 | Funding | 139706.47,JOINED,Funding/Investment/Loan/Revenue → Runway Revenue
1665,MTR-APK-1665,Business,Business,Business Runway,Revenue,Income,2026-03-10,03:08:03,2026-03-10 03:08:03,100.0,INR,100.0,APK Owner,,,MAESTRO-APK-BUSINESS-BUSINESS_RUNWAY-1665 | Revenue | 100.00,Android,B34,RAMP_1501_2500,CREATED,idem-20260902-apk-1665,android,B02,BUSINESS_RUNWAY,Revenue,B02:Revenue,ACTIVE,qa.tile.revenue,business.revenue.amount,,business.revenue.submit,,Revenue,MAESTRO-APK-BUSINESS-BUSINESS_RUNWAY-1665 | Revenue | 100.00,JOINED,Funding/Investment/Loan/Revenue → Runway Revenue
1668,MTR-APK-1668,Business,Business,Business Runway,Burn,Expense,2025-09-08,18:01:55,2025-09-08 18:01:55,179729.77,INR,-179729.77,APK Owner,,,MAESTRO-APK-BUSINESS-BUSINESS_RUNWAY-1668 | Burn | 179729.77,Android,B34,RAMP_1501_2500,CREATED,idem-20260902-apk-1668,android,B02,BUSINESS_RUNWAY,Expense,B02:Expense,ACTIVE,qa.tile.expense,business.expense.amount,business.expense.note,business.expense.submit,,Burn,MAESTRO-APK-BUSINESS-BUSINESS_RUNWAY-1668 | Burn | 179729.77,JOINED,Runway Log Expense
1671,MTR-APK-1671,Business,Business,Business Runway,Reserve,Transfer,2025-10-09,07:25:22,2025-10-09 07:25:22,79096.16,INR,0.0,APK Owner,,,MAESTRO-APK-BUSINESS-BUSINESS_RUNWAY-1671 | Reserve | 79096.16,Android,B34,RAMP_1501_2500,CREATED,idem-20260902-apk-1671,android,B02,BUSINESS_RUNWAY,Expense,B02:Expense,ACTIVE,qa.tile.expense,,,,,Reserve,MAESTRO-APK-BUSINESS-BUSINESS_RUNWAY-1671 | Reserve | 79096.16,JOINED_REVIEW,Reserve transfer → Runway expense/movement proxy — REVIEW
1674,MTR-APK-1674,Business,Business,Business Runway,Loan,Income,2026-04-16,22:05:56,2026-04-16 22:05:56,176667.93,INR,176667.93,APK Owner,,,MAESTRO-APK-BUSINESS-BUSINESS_RUNWAY-1674 | Loan | 176667.93,Android,B34,RAMP_1501_2500,CREATED,idem-20260902-apk-1674,android,B02,BUSINESS_RUNWAY,Revenue,B02:Revenue,ACTIVE,qa.tile.revenue,business.revenue.amount,,business.revenue.submit,,Loan,MAESTRO-APK-BUSINESS-BUSINESS_RUNWAY-1674 | Loan | 176667.93,JOINED,Funding/Investment/Loan/Revenue → Runway Revenue
1677,MTR-APK-1677,Business,Business,Business Runway,Investment,Income,2026-04-18,16:14:05,2026-04-18 16:14:05,178306.35,INR,178306.35,APK Owner,,,MAESTRO-APK-BUSINESS-BUSINESS_RUNWAY-1677 | Investment | 178306.35,Android,B34,RAMP_1501_2500,CREATED,idem-20260902-apk-1677,android,B02,BUSINESS_RUNWAY,Revenue,B02:Revenue,ACTIVE,qa.tile.revenue,business.revenue.amount,,business.revenue.submit,,Investment,MAESTRO-APK-BUSINESS-BUSINESS_RUNWAY-1677 | Investment | 178306.35,JOINED,Funding/Investment/Loan/Revenue → Runway Revenue
1680,MTR-APK-1680,Business,Business,Business Operations,Software,Expense,2026-07-12,13:28:06,2026-07-12 13:28:06,30441.98,INR,-30441.98,APK Owner,,,MAESTRO-APK-BUSINESS-BUSINESS_OPERATIONS-1680 | Software | 30441.98,Android,B34,RAMP_1501_2500,CREATED,idem-20260902-apk-1680,android,B03,BUSINESS_OPERATIONS,Spend Entry,B03:Spend Entry,ACTIVE,,business.expense.amount,business.expense.note,business.expense.submit,,Software,MAESTRO-APK-BUSINESS-BUSINESS_OPERATIONS-1680 | Software | 30441.98,JOINED,Ops Log Spend Entry; amount ID business.expense.amount
1683,MTR-APK-1683,Business,Business,Business Operations,Rent,Expense,2026-02-03,06:58:52,2026-02-03 06:58:52,88622.36,INR,-88622.36,APK Owner,,,MAESTRO-APK-BUSINESS-BUSINESS_OPERATIONS-1683 | Rent | 88622.36,Android,B34,RAMP_1501_2500,CREATED,idem-20260902-apk-1683,android,B03,BUSINESS_OPERATIONS,Spend Entry,B03:Spend Entry,ACTIVE,,business.expense.amount,business.expense.note,business.expense.submit,,Rent,MAESTRO-APK-BUSINESS-BUSINESS_OPERATIONS-1683 | Rent | 88622.36,JOINED,Ops Log Spend Entry; amount ID business.expense.amount
1686,MTR-APK-1686,Business,Business,Business Operations,Marketing,Expense,2026-03-16,01:22:02,2026-03-16 01:22:02,93304.23,INR,-93304.23,APK Owner,,,MAESTRO-APK-BUSINESS-BUSINESS_OPERATIONS-1686 | Marketing | 93304.23,Android,B34,RAMP_1501_2500,CREATED,idem-20260902-apk-1686,android,B03,BUSINESS_OPERATIONS,Spend Entry,B03:Spend Entry,ACTIVE,,business.expense.amount,business.expense.note,business.expense.submit,,Marketing,MAESTRO-APK-BUSINESS-BUSINESS_OPERATIONS-1686 | Marketing | 93304.23,JOINED,Ops Log Spend Entry; amount ID business.expense.amount
1689,MTR-APK-1689,Business,Business,Business Operations,Legal,Expense,2025-09-11,17:09:35,2025-09-11 17:09:35,104492.37,INR,-104492.37,APK Owner,,,MAESTRO-APK-BUSINESS-BUSINESS_OPERATIONS-1689 | Legal | 104492.37,Android,B34,RAMP_1501_2500,CREATED,idem-20260902-apk-1689,android,B03,BUSINESS_OPERATIONS,Spend Entry,B03:Spend Entry,ACTIVE,,business.expense.amount,business.expense.note,business.expense.submit,,Legal,MAESTRO-APK-BUSINESS-BUSINESS_OPERATIONS-1689 | Legal | 104492.37,JOINED,Ops Log Spend Entry; amount ID business.expense.amount
1692,MTR-APK-1692,Business,Business,Business Operations,Accounting,Expense,2025-09-05,23:15:07,2025-09-05 23:15:07,136059.38,INR,-136059.38,APK Owner,,,MAESTRO-APK-BUSINESS-BUSINESS_OPERATIONS-1692 | Accounting | 136059.38,Android,B34,RAMP_1501_2500,CREATED,idem-20260902-apk-1692,android,B03,BUSINESS_OPERATIONS,Spend Entry,B03:Spend Entry,ACTIVE,,business.expense.amount,business.expense.note,business.expense.submit,,Accounting,MAESTRO-APK-BUSINESS-BUSINESS_OPERATIONS-1692 | Accounting | 136059.38,JOINED,Ops Log Spend Entry; amount ID business.expense.amount
1695,MTR-APK-1695,Business,Business,Business Operations,Equipment,Expense,2026-02-17,18:14:41,2026-02-17 18:14:41,131272.67,INR,-131272.67,APK Owner,,,MAESTRO-APK-BUSINESS-BUSINESS_OPERATIONS-1695 | Equipment | 131272.67,Android,B34,RAMP_1501_2500,CREATED,idem-20260902-apk-1695,android,B03,BUSINESS_OPERATIONS,Spend Entry,B03:Spend Entry,ACTIVE,,business.expense.amount,business.expense.note,business.expense.submit,,Equipment,MAESTRO-APK-BUSINESS-BUSINESS_OPERATIONS-1695 | Equipment | 131272.67,JOINED,Ops Log Spend Entry; amount ID business.expense.amount
1698,MTR-APK-1698,Business,Business,Business Operations,Vendor,Expense,2025-11-16,18:18:31,2025-11-16 18:18:31,52887.72,INR,-52887.72,APK Owner,,,MAESTRO-APK-BUSINESS-BUSINESS_OPERATIONS-1698 | Vendor | 52887.72,Android,B34,RAMP_1501_2500,CREATED,idem-20260902-apk-1698,android,B03,BUSINESS_OPERATIONS,Spend Entry,B03:Spend Entry,ACTIVE,,business.expense.amount,business.expense.note,business.expense.submit,,Vendor,MAESTRO-APK-BUSINESS-BUSINESS_OPERATIONS-1698 | Vendor | 52887.72,JOINED,Ops Log Spend Entry; amount ID business.expense.amount
1701,MTR-APK-1701,Business,Business,Business Operations,Tax,Expense,2025-10-24,08:44:31,2025-10-24 08:44:31,124019.88,INR,-124019.88,APK Owner,,,MAESTRO-APK-BUSINESS-BUSINESS_OPERATIONS-1701 | Tax | 124019.88,Android,B35,RAMP_1501_2500,CREATED,idem-20260902-apk-1701,android,B03,BUSINESS_OPERATIONS,Spend Entry,B03:Spend Entry,ACTIVE,,business.expense.amount,business.expense.note,business.expense.submit,,Tax,MAESTRO-APK-BUSINESS-BUSINESS_OPERATIONS-1701 | Tax | 124019.88,JOINED,Ops Log Spend Entry; amount ID business.expense.amount
1704,MTR-APK-1704,Business,Business,Team Operations,Payroll,Expense,2025-12-03,21:23:11,2025-12-03 21:23:11,32600.56,INR,-32600.56,APK Owner,,,MAESTRO-APK-BUSINESS-TEAM_OPERATIONS-1704 | Payroll | 32600.56,Android,B35,RAMP_1501_2500,CREATED,idem-20260902-apk-1704,android,B01,TEAM_OPERATIONS,Team Update,B01:Team Update,ACTIVE,,business.expense.amount,business.expense.note,business.expense.submit,,Payroll,MAESTRO-APK-BUSINESS-TEAM_OPERATIONS-1704 | Payroll | 32600.56,JOINED,Team Ops hub has no Expense; Team meal/travel etc. use Team Update until Spend path wired — prefer B03 Spend for ops expenses
1707,MTR-APK-1707,Business,Business,Team Operations,Contractor,Expense,2026-06-01,22:26:57,2026-06-01 22:26:57,60317.51,INR,-60317.51,APK Owner,,,MAESTRO-APK-BUSINESS-TEAM_OPERATIONS-1707 | Contractor | 60317.51,Android,B35,RAMP_1501_2500,CREATED,idem-20260902-apk-1707,android,B01,TEAM_OPERATIONS,Team Update,B01:Team Update,ACTIVE,,business.expense.amount,business.expense.note,business.expense.submit,,Contractor,MAESTRO-APK-BUSINESS-TEAM_OPERATIONS-1707 | Contractor | 60317.51,JOINED,Team Ops hub has no Expense; Team meal/travel etc. use Team Update until Spend path wired — prefer B03 Spend for ops expenses
1710,MTR-APK-1710,Business,Business,Team Operations,Hiring,Expense,2025-12-03,02:15:10,2025-12-03 02:15:10,72322.24,INR,-72322.24,APK Owner,,,MAESTRO-APK-BUSINESS-TEAM_OPERATIONS-1710 | Hiring | 72322.24,Android,B35,RAMP_1501_2500,CREATED,idem-20260902-apk-1710,android,B01,TEAM_OPERATIONS,Team Update,B01:Team Update,ACTIVE,,business.expense.amount,business.expense.note,business.expense.submit,,Hiring,MAESTRO-APK-BUSINESS-TEAM_OPERATIONS-1710 | Hiring | 72322.24,JOINED,Team Ops hub has no Expense; Team meal/travel etc. use Team Update until Spend path wired — prefer B03 Spend for ops expenses
1713,MTR-APK-1713,Business,Business,Team Operations,Team Meal,Expense,2025-10-10,13:08:19,2025-10-10 13:08:19,163463.85,INR,-163463.85,APK Owner,,,MAESTRO-APK-BUSINESS-TEAM_OPERATIONS-1713 | Team Meal | 163463.85,Android,B35,RAMP_1501_2500,CREATED,idem-20260902-apk-1713,android,B01,TEAM_OPERATIONS,Team Update,B01:Team Update,ACTIVE,,business.expense.amount,business.expense.note,business.expense.submit,,Team Meal,MAESTRO-APK-BUSINESS-TEAM_OPERATIONS-1713 | Team Meal | 163463.85,JOINED,Team Ops hub has no Expense; Team meal/travel etc. use Team Update until Spend path wired — prefer B03 Spend for ops expenses
1716,MTR-APK-1716,Business,Business,Team Operations,Travel,Expense,2026-04-10,14:32:13,2026-04-10 14:32:13,119706.44,INR,-119706.44,APK Owner,,,MAESTRO-APK-BUSINESS-TEAM_OPERATIONS-1716 | Travel | 119706.44,Android,B35,RAMP_1501_2500,CREATED,idem-20260902-apk-1716,android,B01,TEAM_OPERATIONS,Team Update,B01:Team Update,ACTIVE,,business.expense.amount,business.expense.note,business.expense.submit,,Travel,MAESTRO-APK-BUSINESS-TEAM_OPERATIONS-1716 | Travel | 119706.44,JOINED,Team Ops hub has no Expense; Team meal/travel etc. use Team Update until Spend path wired — prefer B03 Spend for ops expenses
1719,MTR-APK-1719,Business,Business,Team Operations,Training,Expense,2025-10-26,08:59:21,2025-10-26 08:59:21,40097.03,INR,-40097.03,APK Owner,,,MAESTRO-APK-BUSINESS-TEAM_OPERATIONS-1719 | Training | 40097.03,Android,B35,RAMP_1501_2500,CREATED,idem-20260902-apk-1719,android,B01,TEAM_OPERATIONS,Team Update,B01:Team Update,ACTIVE,,business.expense.amount,business.expense.note,business.expense.submit,,Training,MAESTRO-APK-BUSINESS-TEAM_OPERATIONS-1719 | Training | 40097.03,JOINED,Team Ops hub has no Expense; Team meal/travel etc. use Team Update until Spend path wired — prefer B03 Spend for ops expenses
1722,MTR-APK-1722,Business,Business,Team Operations,Tools,Expense,2025-11-08,09:20:31,2025-11-08 09:20:31,64840.73,INR,-64840.73,APK Owner,,,MAESTRO-APK-BUSINESS-TEAM_OPERATIONS-1722 | Tools | 64840.73,Android,B35,RAMP_1501_2500,CREATED,idem-20260902-apk-1722,android,B01,TEAM_OPERATIONS,Team Update,B01:Team Update,ACTIVE,,business.expense.amount,business.expense.note,business.expense.submit,,Tools,MAESTRO-APK-BUSINESS-TEAM_OPERATIONS-1722 | Tools | 64840.73,JOINED,Team Ops hub has no Expense; Team meal/travel etc. use Team Update until Spend path wired — prefer B03 Spend for ops expenses
1725,MTR-APK-1725,Business,Business,Business Runway,Funding,Income,2026-07-03,06:54:26,2026-07-03 06:54:26,173473.4,INR,173473.4,APK Owner,,,MAESTRO-APK-BUSINESS-BUSINESS_RUNWAY-1725 | Funding | 173473.40,Android,B35,RAMP_1501_2500,CREATED,idem-20260902-apk-1725,android,B02,BUSINESS_RUNWAY,Revenue,B02:Revenue,ACTIVE,qa.tile.revenue,business.revenue.amount,,business.revenue.submit,,Funding,MAESTRO-APK-BUSINESS-BUSINESS_RUNWAY-1725 | Funding | 173473.40,JOINED,Funding/Investment/Loan/Revenue → Runway Revenue
1728,MTR-APK-1728,Business,Business,Business Runway,Revenue,Income,2025-12-21,16:38:12,2025-12-21 16:38:12,74161.57,INR,74161.57,APK Owner,,,MAESTRO-APK-BUSINESS-BUSINESS_RUNWAY-1728 | Revenue | 74161.57,Android,B35,RAMP_1501_2500,CREATED,idem-20260902-apk-1728,android,B02,BUSINESS_RUNWAY,Revenue,B02:Revenue,ACTIVE,qa.tile.revenue,business.revenue.amount,,business.revenue.submit,,Revenue,MAESTRO-APK-BUSINESS-BUSINESS_RUNWAY-1728 | Revenue | 74161.57,JOINED,Funding/Investment/Loan/Revenue → Runway Revenue
1731,MTR-APK-1731,Business,Business,Business Runway,Burn,Expense,2025-11-25,16:28:17,2025-11-25 16:28:17,82959.78,INR,-82959.78,APK Owner,,,MAESTRO-APK-BUSINESS-BUSINESS_RUNWAY-1731 | Burn | 82959.78,Android,B35,RAMP_1501_2500,CREATED,idem-20260902-apk-1731,android,B02,BUSINESS_RUNWAY,Expense,B02:Expense,ACTIVE,qa.tile.expense,business.expense.amount,business.expense.note,business.expense.submit,,Burn,MAESTRO-APK-BUSINESS-BUSINESS_RUNWAY-1731 | Burn | 82959.78,JOINED,Runway Log Expense
1734,MTR-APK-1734,Business,Business,Business Runway,Reserve,Transfer,2026-04-06,22:48:38,2026-04-06 22:48:38,172949.65,INR,0.0,APK Owner,,,MAESTRO-APK-BUSINESS-BUSINESS_RUNWAY-1734 | Reserve | 172949.65,Android,B35,RAMP_1501_2500,CREATED,idem-20260902-apk-1734,android,B02,BUSINESS_RUNWAY,Expense,B02:Expense,ACTIVE,qa.tile.expense,,,,,Reserve,MAESTRO-APK-BUSINESS-BUSINESS_RUNWAY-1734 | Reserve | 172949.65,JOINED_REVIEW,Reserve transfer → Runway expense/movement proxy — REVIEW
1737,MTR-APK-1737,Business,Business,Business Runway,Loan,Income,2025-11-02,16:59:50,2025-11-02 16:59:50,101164.47,INR,101164.47,APK Owner,,,MAESTRO-APK-BUSINESS-BUSINESS_RUNWAY-1737 | Loan | 101164.47,Android,B35,RAMP_1501_2500,CREATED,idem-20260902-apk-1737,android,B02,BUSINESS_RUNWAY,Revenue,B02:Revenue,ACTIVE,qa.tile.revenue,business.revenue.amount,,business.revenue.submit,,Loan,MAESTRO-APK-BUSINESS-BUSINESS_RUNWAY-1737 | Loan | 101164.47,JOINED,Funding/Investment/Loan/Revenue → Runway Revenue
1740,MTR-APK-1740,Business,Business,Business Runway,Investment,Income,2026-04-24,12:18:04,2026-04-24 12:18:04,66054.79,INR,66054.79,APK Owner,,,MAESTRO-APK-BUSINESS-BUSINESS_RUNWAY-1740 | Investment | 66054.79,Android,B35,RAMP_1501_2500,CREATED,idem-20260902-apk-1740,android,B02,BUSINESS_RUNWAY,Revenue,B02:Revenue,ACTIVE,qa.tile.revenue,business.revenue.amount,,business.revenue.submit,,Investment,MAESTRO-APK-BUSINESS-BUSINESS_RUNWAY-1740 | Investment | 66054.79,JOINED,Funding/Investment/Loan/Revenue → Runway Revenue
1743,MTR-APK-1743,Business,Business,Business Operations,Software,Expense,2026-02-08,22:00:01,2026-02-08 22:00:01,163307.34,INR,-163307.34,APK Owner,,,MAESTRO-APK-BUSINESS-BUSINESS_OPERATIONS-1743 | Software | 163307.34,Android,B35,RAMP_1501_2500,CREATED,idem-20260902-apk-1743,android,B03,BUSINESS_OPERATIONS,Spend Entry,B03:Spend Entry,ACTIVE,,business.expense.amount,business.expense.note,business.expense.submit,,Software,MAESTRO-APK-BUSINESS-BUSINESS_OPERATIONS-1743 | Software | 163307.34,JOINED,Ops Log Spend Entry; amount ID business.expense.amount
1746,MTR-APK-1746,Business,Business,Business Operations,Rent,Expense,2026-05-18,23:23:14,2026-05-18 23:23:14,60035.28,INR,-60035.28,APK Owner,,,MAESTRO-APK-BUSINESS-BUSINESS_OPERATIONS-1746 | Rent | 60035.28,Android,B35,RAMP_1501_2500,CREATED,idem-20260902-apk-1746,android,B03,BUSINESS_OPERATIONS,Spend Entry,B03:Spend Entry,ACTIVE,,business.expense.amount,business.expense.note,business.expense.submit,,Rent,MAESTRO-APK-BUSINESS-BUSINESS_OPERATIONS-1746 | Rent | 60035.28,JOINED,Ops Log Spend Entry; amount ID business.expense.amount
1749,MTR-APK-1749,Business,Business,Business Operations,Marketing,Expense,2025-10-15,07:50:15,2025-10-15 07:50:15,44478.53,INR,-44478.53,APK Owner,,,MAESTRO-APK-BUSINESS-BUSINESS_OPERATIONS-1749 | Marketing | 44478.53,Android,B35,RAMP_1501_2500,CREATED,idem-20260902-apk-1749,android,B03,BUSINESS_OPERATIONS,Spend Entry,B03:Spend Entry,ACTIVE,,business.expense.amount,business.expense.note,business.expense.submit,,Marketing,MAESTRO-APK-BUSINESS-BUSINESS_OPERATIONS-1749 | Marketing | 44478.53,JOINED,Ops Log Spend Entry; amount ID business.expense.amount
1752,MTR-APK-1752,Business,Business,Business Operations,Legal,Expense,2026-07-17,13:54:05,2026-07-17 13:54:05,173806.06,INR,-173806.06,APK Owner,,,MAESTRO-APK-BUSINESS-BUSINESS_OPERATIONS-1752 | Legal | 173806.06,Android,B36,RAMP_1501_2500,CREATED,idem-20260902-apk-1752,android,B03,BUSINESS_OPERATIONS,Spend Entry,B03:Spend Entry,ACTIVE,,business.expense.amount,business.expense.note,business.expense.submit,,Legal,MAESTRO-APK-BUSINESS-BUSINESS_OPERATIONS-1752 | Legal | 173806.06,JOINED,Ops Log Spend Entry; amount ID business.expense.amount
1755,MTR-APK-1755,Business,Business,Business Operations,Accounting,Expense,2026-01-09,04:10:53,2026-01-09 04:10:53,41646.94,INR,-41646.94,APK Owner,,,MAESTRO-APK-BUSINESS-BUSINESS_OPERATIONS-1755 | Accounting | 41646.94,Android,B36,RAMP_1501_2500,CREATED,idem-20260902-apk-1755,android,B03,BUSINESS_OPERATIONS,Spend Entry,B03:Spend Entry,ACTIVE,,business.expense.amount,business.expense.note,business.expense.submit,,Accounting,MAESTRO-APK-BUSINESS-BUSINESS_OPERATIONS-1755 | Accounting | 41646.94,JOINED,Ops Log Spend Entry; amount ID business.expense.amount
1758,MTR-APK-1758,Business,Business,Business Operations,Equipment,Expense,2025-11-12,05:12:44,2025-11-12 05:12:44,26977.55,INR,-26977.55,APK Owner,,,MAESTRO-APK-BUSINESS-BUSINESS_OPERATIONS-1758 | Equipment | 26977.55,Android,B36,RAMP_1501_2500,CREATED,idem-20260902-apk-1758,android,B03,BUSINESS_OPERATIONS,Spend Entry,B03:Spend Entry,ACTIVE,,business.expense.amount,business.expense.note,business.expense.submit,,Equipment,MAESTRO-APK-BUSINESS-BUSINESS_OPERATIONS-1758 | Equipment | 26977.55,JOINED,Ops Log Spend Entry; amount ID business.expense.amount
1761,MTR-APK-1761,Business,Business,Business Operations,Vendor,Expense,2026-01-02,07:50:19,2026-01-02 07:50:19,51410.93,INR,-51410.93,APK Owner,,,MAESTRO-APK-BUSINESS-BUSINESS_OPERATIONS-1761 | Vendor | 51410.93,Android,B36,RAMP_1501_2500,CREATED,idem-20260902-apk-1761,android,B03,BUSINESS_OPERATIONS,Spend Entry,B03:Spend Entry,ACTIVE,,business.expense.amount,business.expense.note,business.expense.submit,,Vendor,MAESTRO-APK-BUSINESS-BUSINESS_OPERATIONS-1761 | Vendor | 51410.93,JOINED,Ops Log Spend Entry; amount ID business.expense.amount
1764,MTR-APK-1764,Business,Business,Business Operations,Tax,Expense,2026-03-05,16:44:42,2026-03-05 16:44:42,154908.86,INR,-154908.86,APK Owner,,,MAESTRO-APK-BUSINESS-BUSINESS_OPERATIONS-1764 | Tax | 154908.86,Android,B36,RAMP_1501_2500,CREATED,idem-20260902-apk-1764,android,B03,BUSINESS_OPERATIONS,Spend Entry,B03:Spend Entry,ACTIVE,,business.expense.amount,business.expense.note,business.expense.submit,,Tax,MAESTRO-APK-BUSINESS-BUSINESS_OPERATIONS-1764 | Tax | 154908.86,JOINED,Ops Log Spend Entry; amount ID business.expense.amount
1767,MTR-APK-1767,Business,Business,Team Operations,Payroll,Expense,2026-04-27,09:13:57,2026-04-27 09:13:57,54183.15,INR,-54183.15,APK Owner,,,MAESTRO-APK-BUSINESS-TEAM_OPERATIONS-1767 | Payroll | 54183.15,Android,B36,RAMP_1501_2500,CREATED,idem-20260902-apk-1767,android,B01,TEAM_OPERATIONS,Team Update,B01:Team Update,ACTIVE,,business.expense.amount,business.expense.note,business.expense.submit,,Payroll,MAESTRO-APK-BUSINESS-TEAM_OPERATIONS-1767 | Payroll | 54183.15,JOINED,Team Ops hub has no Expense; Team meal/travel etc. use Team Update until Spend path wired — prefer B03 Spend for ops expenses
1770,MTR-APK-1770,Business,Business,Team Operations,Contractor,Expense,2026-08-04,15:40:11,2026-08-04 15:40:11,61174.65,INR,-61174.65,APK Owner,,,MAESTRO-APK-BUSINESS-TEAM_OPERATIONS-1770 | Contractor | 61174.65,Android,B36,RAMP_1501_2500,CREATED,idem-20260902-apk-1770,android,B01,TEAM_OPERATIONS,Team Update,B01:Team Update,ACTIVE,,business.expense.amount,business.expense.note,business.expense.submit,,Contractor,MAESTRO-APK-BUSINESS-TEAM_OPERATIONS-1770 | Contractor | 61174.65,JOINED,Team Ops hub has no Expense; Team meal/travel etc. use Team Update until Spend path wired — prefer B03 Spend for ops expenses
1773,MTR-APK-1773,Business,Business,Team Operations,Hiring,Expense,2026-01-21,09:04:37,2026-01-21 09:04:37,139493.12,INR,-139493.12,APK Owner,,,MAESTRO-APK-BUSINESS-TEAM_OPERATIONS-1773 | Hiring | 139493.12,Android,B36,RAMP_1501_2500,CREATED,idem-20260902-apk-1773,android,B01,TEAM_OPERATIONS,Team Update,B01:Team Update,ACTIVE,,business.expense.amount,business.expense.note,business.expense.submit,,Hiring,MAESTRO-APK-BUSINESS-TEAM_OPERATIONS-1773 | Hiring | 139493.12,JOINED,Team Ops hub has no Expense; Team meal/travel etc. use Team Update until Spend path wired — prefer B03 Spend for ops expenses
1776,MTR-APK-1776,Business,Business,Team Operations,Team Meal,Expense,2025-09-23,21:30:39,2025-09-23 21:30:39,0.01,INR,-0.01,APK Owner,,,MAESTRO-APK-BUSINESS-TEAM_OPERATIONS-1776 | Team Meal | 0.01,Android,B36,RAMP_1501_2500,CREATED,idem-20260902-apk-1776,android,B01,TEAM_OPERATIONS,Team Update,B01:Team Update,ACTIVE,,business.expense.amount,business.expense.note,business.expense.submit,,Team Meal,MAESTRO-APK-BUSINESS-TEAM_OPERATIONS-1776 | Team Meal | 0.01,JOINED,Team Ops hub has no Expense; Team meal/travel etc. use Team Update until Spend path wired — prefer B03 Spend for ops expenses
1779,MTR-APK-1779,Business,Business,Team Operations,Travel,Expense,2026-02-06,09:19:31,2026-02-06 09:19:31,39403.91,INR,-39403.91,APK Owner,,,MAESTRO-APK-BUSINESS-TEAM_OPERATIONS-1779 | Travel | 39403.91,Android,B36,RAMP_1501_2500,CREATED,idem-20260902-apk-1779,android,B01,TEAM_OPERATIONS,Team Update,B01:Team Update,ACTIVE,,business.expense.amount,business.expense.note,business.expense.submit,,Travel,MAESTRO-APK-BUSINESS-TEAM_OPERATIONS-1779 | Travel | 39403.91,JOINED,Team Ops hub has no Expense; Team meal/travel etc. use Team Update until Spend path wired — prefer B03 Spend for ops expenses
1782,MTR-APK-1782,Business,Business,Team Operations,Training,Expense,2025-11-26,19:32:02,2025-11-26 19:32:02,95216.45,INR,-95216.45,APK Owner,,,MAESTRO-APK-BUSINESS-TEAM_OPERATIONS-1782 | Training | 95216.45,Android,B36,RAMP_1501_2500,CREATED,idem-20260902-apk-1782,android,B01,TEAM_OPERATIONS,Team Update,B01:Team Update,ACTIVE,,business.expense.amount,business.expense.note,business.expense.submit,,Training,MAESTRO-APK-BUSINESS-TEAM_OPERATIONS-1782 | Training | 95216.45,JOINED,Team Ops hub has no Expense; Team meal/travel etc. use Team Update until Spend path wired — prefer B03 Spend for ops expenses
1785,MTR-APK-1785,Business,Business,Team Operations,Tools,Expense,2026-03-01,08:16:53,2026-03-01 08:16:53,82617.63,INR,-82617.63,APK Owner,,,MAESTRO-APK-BUSINESS-TEAM_OPERATIONS-1785 | Tools | 82617.63,Android,B36,RAMP_1501_2500,CREATED,idem-20260902-apk-1785,android,B01,TEAM_OPERATIONS,Team Update,B01:Team Update,ACTIVE,,business.expense.amount,business.expense.note,business.expense.submit,,Tools,MAESTRO-APK-BUSINESS-TEAM_OPERATIONS-1785 | Tools | 82617.63,JOINED,Team Ops hub has no Expense; Team meal/travel etc. use Team Update until Spend path wired — prefer B03 Spend for ops expenses
1788,MTR-APK-1788,Business,Business,Business Runway,Funding,Income,2025-09-01,23:04:13,2025-09-01 23:04:13,46674.86,INR,46674.86,APK Owner,,,MAESTRO-APK-BUSINESS-BUSINESS_RUNWAY-1788 | Funding | 46674.86,Android,B36,RAMP_1501_2500,CREATED,idem-20260902-apk-1788,android,B02,BUSINESS_RUNWAY,Revenue,B02:Revenue,ACTIVE,qa.tile.revenue,business.revenue.amount,,business.revenue.submit,,Funding,MAESTRO-APK-BUSINESS-BUSINESS_RUNWAY-1788 | Funding | 46674.86,JOINED,Funding/Investment/Loan/Revenue → Runway Revenue
1791,MTR-APK-1791,Business,Business,Business Runway,Revenue,Income,2026-01-13,12:17:24,2026-01-13 12:17:24,115055.27,INR,115055.27,APK Owner,,,MAESTRO-APK-BUSINESS-BUSINESS_RUNWAY-1791 | Revenue | 115055.27,Android,B36,RAMP_1501_2500,CREATED,idem-20260902-apk-1791,android,B02,BUSINESS_RUNWAY,Revenue,B02:Revenue,ACTIVE,qa.tile.revenue,business.revenue.amount,,business.revenue.submit,,Revenue,MAESTRO-APK-BUSINESS-BUSINESS_RUNWAY-1791 | Revenue | 115055.27,JOINED,Funding/Investment/Loan/Revenue → Runway Revenue
1794,MTR-APK-1794,Business,Business,Business Runway,Burn,Expense,2026-03-21,23:22:34,2026-03-21 23:22:34,153083.05,INR,-153083.05,APK Owner,,,MAESTRO-APK-BUSINESS-BUSINESS_RUNWAY-1794 | Burn | 153083.05,Android,B36,RAMP_1501_2500,CREATED,idem-20260902-apk-1794,android,B02,BUSINESS_RUNWAY,Expense,B02:Expense,ACTIVE,qa.tile.expense,business.expense.amount,business.expense.note,business.expense.submit,,Burn,MAESTRO-APK-BUSINESS-BUSINESS_RUNWAY-1794 | Burn | 153083.05,JOINED,Runway Log Expense
1797,MTR-APK-1797,Business,Business,Business Runway,Reserve,Transfer,2026-07-10,11:16:42,2026-07-10 11:16:42,63462.32,INR,0.0,APK Owner,,,MAESTRO-APK-BUSINESS-BUSINESS_RUNWAY-1797 | Reserve | 63462.32,Android,B36,RAMP_1501_2500,CREATED,idem-20260902-apk-1797,android,B02,BUSINESS_RUNWAY,Expense,B02:Expense,ACTIVE,qa.tile.expense,,,,,Reserve,MAESTRO-APK-BUSINESS-BUSINESS_RUNWAY-1797 | Reserve | 63462.32,JOINED_REVIEW,Reserve transfer → Runway expense/movement proxy — REVIEW
1800,MTR-APK-1800,Business,Business,Business Runway,Loan,Income,2026-01-22,00:14:04,2026-01-22 00:14:04,29357.67,INR,29357.67,APK Owner,,,MAESTRO-APK-BUSINESS-BUSINESS_RUNWAY-1800 | Loan | 29357.67,Android,B36,RAMP_1501_2500,CREATED,idem-20260902-apk-1800,android,B02,BUSINESS_RUNWAY,Revenue,B02:Revenue,ACTIVE,qa.tile.revenue,business.revenue.amount,,business.revenue.submit,,Loan,MAESTRO-APK-BUSINESS-BUSINESS_RUNWAY-1800 | Loan | 29357.67,JOINED,Funding/Investment/Loan/Revenue → Runway Revenue
1803,MTR-APK-1803,Business,Business,Business Runway,Investment,Income,2026-01-02,21:43:36,2026-01-02 21:43:36,21616.41,INR,21616.41,APK Owner,,,MAESTRO-APK-BUSINESS-BUSINESS_RUNWAY-1803 | Investment | 21616.41,Android,B37,RAMP_1501_2500,CREATED,idem-20260902-apk-1803,android,B02,BUSINESS_RUNWAY,Revenue,B02:Revenue,ACTIVE,qa.tile.revenue,business.revenue.amount,,business.revenue.submit,,Investment,MAESTRO-APK-BUSINESS-BUSINESS_RUNWAY-1803 | Investment | 21616.41,JOINED,Funding/Investment/Loan/Revenue → Runway Revenue
1806,MTR-APK-1806,Business,Business,Business Operations,Software,Expense,2025-10-11,19:45:01,2025-10-11 19:45:01,119451.43,INR,-119451.43,APK Owner,,,MAESTRO-APK-BUSINESS-BUSINESS_OPERATIONS-1806 | Software | 119451.43,Android,B37,RAMP_1501_2500,CREATED,idem-20260902-apk-1806,android,B03,BUSINESS_OPERATIONS,Spend Entry,B03:Spend Entry,ACTIVE,,business.expense.amount,business.expense.note,business.expense.submit,,Software,MAESTRO-APK-BUSINESS-BUSINESS_OPERATIONS-1806 | Software | 119451.43,JOINED,Ops Log Spend Entry; amount ID business.expense.amount
1809,MTR-APK-1809,Business,Business,Business Operations,Rent,Expense,2025-10-14,15:17:18,2025-10-14 15:17:18,29577.41,INR,-29577.41,APK Owner,,,MAESTRO-APK-BUSINESS-BUSINESS_OPERATIONS-1809 | Rent | 29577.41,Android,B37,RAMP_1501_2500,CREATED,idem-20260902-apk-1809,android,B03,BUSINESS_OPERATIONS,Spend Entry,B03:Spend Entry,ACTIVE,,business.expense.amount,business.expense.note,business.expense.submit,,Rent,MAESTRO-APK-BUSINESS-BUSINESS_OPERATIONS-1809 | Rent | 29577.41,JOINED,Ops Log Spend Entry; amount ID business.expense.amount
1812,MTR-APK-1812,Business,Business,Business Operations,Marketing,Expense,2026-06-29,00:48:02,2026-06-29 00:48:02,150461.77,INR,-150461.77,APK Owner,,,MAESTRO-APK-BUSINESS-BUSINESS_OPERATIONS-1812 | Marketing | 150461.77,Android,B37,RAMP_1501_2500,CREATED,idem-20260902-apk-1812,android,B03,BUSINESS_OPERATIONS,Spend Entry,B03:Spend Entry,ACTIVE,,business.expense.amount,business.expense.note,business.expense.submit,,Marketing,MAESTRO-APK-BUSINESS-BUSINESS_OPERATIONS-1812 | Marketing | 150461.77,JOINED,Ops Log Spend Entry; amount ID business.expense.amount
1815,MTR-APK-1815,Business,Business,Business Operations,Legal,Expense,2025-09-11,04:41:41,2025-09-11 04:41:41,129950.03,INR,-129950.03,APK Owner,,,MAESTRO-APK-BUSINESS-BUSINESS_OPERATIONS-1815 | Legal | 129950.03,Android,B37,RAMP_1501_2500,CREATED,idem-20260902-apk-1815,android,B03,BUSINESS_OPERATIONS,Spend Entry,B03:Spend Entry,ACTIVE,,business.expense.amount,business.expense.note,business.expense.submit,,Legal,MAESTRO-APK-BUSINESS-BUSINESS_OPERATIONS-1815 | Legal | 129950.03,JOINED,Ops Log Spend Entry; amount ID business.expense.amount
1818,MTR-APK-1818,Business,Business,Business Operations,Accounting,Expense,2025-11-18,09:00:52,2025-11-18 09:00:52,30762.34,INR,-30762.34,APK Owner,,,MAESTRO-APK-BUSINESS-BUSINESS_OPERATIONS-1818 | Accounting | 30762.34,Android,B37,RAMP_1501_2500,CREATED,idem-20260902-apk-1818,android,B03,BUSINESS_OPERATIONS,Spend Entry,B03:Spend Entry,ACTIVE,,business.expense.amount,business.expense.note,business.expense.submit,,Accounting,MAESTRO-APK-BUSINESS-BUSINESS_OPERATIONS-1818 | Accounting | 30762.34,JOINED,Ops Log Spend Entry; amount ID business.expense.amount
1821,MTR-APK-1821,Business,Business,Business Operations,Equipment,Expense,2026-05-14,17:22:30,2026-05-14 17:22:30,94633.55,INR,-94633.55,APK Owner,,,MAESTRO-APK-BUSINESS-BUSINESS_OPERATIONS-1821 | Equipment | 94633.55,Android,B37,RAMP_1501_2500,CREATED,idem-20260902-apk-1821,android,B03,BUSINESS_OPERATIONS,Spend Entry,B03:Spend Entry,ACTIVE,,business.expense.amount,business.expense.note,business.expense.submit,,Equipment,MAESTRO-APK-BUSINESS-BUSINESS_OPERATIONS-1821 | Equipment | 94633.55,JOINED,Ops Log Spend Entry; amount ID business.expense.amount
1824,MTR-APK-1824,Business,Business,Business Operations,Vendor,Expense,2026-02-16,09:03:59,2026-02-16 09:03:59,133663.31,INR,-133663.31,APK Owner,,,MAESTRO-APK-BUSINESS-BUSINESS_OPERATIONS-1824 | Vendor | 133663.31,Android,B37,RAMP_1501_2500,CREATED,idem-20260902-apk-1824,android,B03,BUSINESS_OPERATIONS,Spend Entry,B03:Spend Entry,ACTIVE,,business.expense.amount,business.expense.note,business.expense.submit,,Vendor,MAESTRO-APK-BUSINESS-BUSINESS_OPERATIONS-1824 | Vendor | 133663.31,JOINED,Ops Log Spend Entry; amount ID business.expense.amount
1827,MTR-APK-1827,Business,Business,Business Operations,Tax,Expense,2026-03-08,15:26:13,2026-03-08 15:26:13,161807.0,INR,-161807.0,APK Owner,,,MAESTRO-APK-BUSINESS-BUSINESS_OPERATIONS-1827 | Tax | 161807.00,Android,B37,RAMP_1501_2500,CREATED,idem-20260902-apk-1827,android,B03,BUSINESS_OPERATIONS,Spend Entry,B03:Spend Entry,ACTIVE,,business.expense.amount,business.expense.note,business.expense.submit,,Tax,MAESTRO-APK-BUSINESS-BUSINESS_OPERATIONS-1827 | Tax | 161807.00,JOINED,Ops Log Spend Entry; amount ID business.expense.amount
1830,MTR-APK-1830,Business,Business,Team Operations,Payroll,Expense,2026-01-19,05:59:50,2026-01-19 05:59:50,162199.83,INR,-162199.83,APK Owner,,,MAESTRO-APK-BUSINESS-TEAM_OPERATIONS-1830 | Payroll | 162199.83,Android,B37,RAMP_1501_2500,CREATED,idem-20260902-apk-1830,android,B01,TEAM_OPERATIONS,Team Update,B01:Team Update,ACTIVE,,business.expense.amount,business.expense.note,business.expense.submit,,Payroll,MAESTRO-APK-BUSINESS-TEAM_OPERATIONS-1830 | Payroll | 162199.83,JOINED,Team Ops hub has no Expense; Team meal/travel etc. use Team Update until Spend path wired — prefer B03 Spend for ops expenses
1833,MTR-APK-1833,Business,Business,Team Operations,Contractor,Expense,2026-04-19,13:24:34,2026-04-19 13:24:34,18227.18,INR,-18227.18,APK Owner,,,MAESTRO-APK-BUSINESS-TEAM_OPERATIONS-1833 | Contractor | 18227.18,Android,B37,RAMP_1501_2500,CREATED,idem-20260902-apk-1833,android,B01,TEAM_OPERATIONS,Team Update,B01:Team Update,ACTIVE,,business.expense.amount,business.expense.note,business.expense.submit,,Contractor,MAESTRO-APK-BUSINESS-TEAM_OPERATIONS-1833 | Contractor | 18227.18,JOINED,Team Ops hub has no Expense; Team meal/travel etc. use Team Update until Spend path wired — prefer B03 Spend for ops expenses
1836,MTR-APK-1836,Business,Business,Team Operations,Hiring,Expense,2026-03-13,11:04:08,2026-03-13 11:04:08,163385.68,INR,-163385.68,APK Owner,,,MAESTRO-APK-BUSINESS-TEAM_OPERATIONS-1836 | Hiring | 163385.68,Android,B37,RAMP_1501_2500,CREATED,idem-20260902-apk-1836,android,B01,TEAM_OPERATIONS,Team Update,B01:Team Update,ACTIVE,,business.expense.amount,business.expense.note,business.expense.submit,,Hiring,MAESTRO-APK-BUSINESS-TEAM_OPERATIONS-1836 | Hiring | 163385.68,JOINED,Team Ops hub has no Expense; Team meal/travel etc. use Team Update until Spend path wired — prefer B03 Spend for ops expenses
1839,MTR-APK-1839,Business,Business,Team Operations,Team Meal,Expense,2025-11-03,22:10:43,2025-11-03 22:10:43,127467.46,INR,-127467.46,APK Owner,,,MAESTRO-APK-BUSINESS-TEAM_OPERATIONS-1839 | Team Meal | 127467.46,Android,B37,RAMP_1501_2500,CREATED,idem-20260902-apk-1839,android,B01,TEAM_OPERATIONS,Team Update,B01:Team Update,ACTIVE,,business.expense.amount,business.expense.note,business.expense.submit,,Team Meal,MAESTRO-APK-BUSINESS-TEAM_OPERATIONS-1839 | Team Meal | 127467.46,JOINED,Team Ops hub has no Expense; Team meal/travel etc. use Team Update until Spend path wired — prefer B03 Spend for ops expenses
1842,MTR-APK-1842,Business,Business,Team Operations,Travel,Expense,2026-01-23,11:54:52,2026-01-23 11:54:52,133380.96,INR,-133380.96,APK Owner,,,MAESTRO-APK-BUSINESS-TEAM_OPERATIONS-1842 | Travel | 133380.96,Android,B37,RAMP_1501_2500,CREATED,idem-20260902-apk-1842,android,B01,TEAM_OPERATIONS,Team Update,B01:Team Update,ACTIVE,,business.expense.amount,business.expense.note,business.expense.submit,,Travel,MAESTRO-APK-BUSINESS-TEAM_OPERATIONS-1842 | Travel | 133380.96,JOINED,Team Ops hub has no Expense; Team meal/travel etc. use Team Update until Spend path wired — prefer B03 Spend for ops expenses
1845,MTR-APK-1845,Business,Business,Team Operations,Training,Expense,2026-04-08,17:58:19,2026-04-08 17:58:19,174241.8,INR,-174241.8,APK Owner,,,MAESTRO-APK-BUSINESS-TEAM_OPERATIONS-1845 | Training | 174241.80,Android,B37,RAMP_1501_2500,CREATED,idem-20260902-apk-1845,android,B01,TEAM_OPERATIONS,Team Update,B01:Team Update,ACTIVE,,business.expense.amount,business.expense.note,business.expense.submit,,Training,MAESTRO-APK-BUSINESS-TEAM_OPERATIONS-1845 | Training | 174241.80,JOINED,Team Ops hub has no Expense; Team meal/travel etc. use Team Update until Spend path wired — prefer B03 Spend for ops expenses
1848,MTR-APK-1848,Business,Business,Team Operations,Tools,Expense,2026-01-26,23:41:23,2026-01-26 23:41:23,176149.56,INR,-176149.56,APK Owner,,,MAESTRO-APK-BUSINESS-TEAM_OPERATIONS-1848 | Tools | 176149.56,Android,B37,RAMP_1501_2500,CREATED,idem-20260902-apk-1848,android,B01,TEAM_OPERATIONS,Team Update,B01:Team Update,ACTIVE,,business.expense.amount,business.expense.note,business.expense.submit,,Tools,MAESTRO-APK-BUSINESS-TEAM_OPERATIONS-1848 | Tools | 176149.56,JOINED,Team Ops hub has no Expense; Team meal/travel etc. use Team Update until Spend path wired — prefer B03 Spend for ops expenses
1851,MTR-APK-1851,Business,Business,Business Runway,Funding,Income,2025-12-23,10:35:40,2025-12-23 10:35:40,75519.27,INR,75519.27,APK Owner,,,MAESTRO-APK-BUSINESS-BUSINESS_RUNWAY-1851 | Funding | 75519.27,Android,B38,RAMP_1501_2500,CREATED,idem-20260902-apk-1851,android,B02,BUSINESS_RUNWAY,Revenue,B02:Revenue,ACTIVE,qa.tile.revenue,business.revenue.amount,,business.revenue.submit,,Funding,MAESTRO-APK-BUSINESS-BUSINESS_RUNWAY-1851 | Funding | 75519.27,JOINED,Funding/Investment/Loan/Revenue → Runway Revenue
1854,MTR-APK-1854,Business,Business,Business Runway,Revenue,Income,2026-04-02,03:40:00,2026-04-02 03:40:00,94478.92,INR,94478.92,APK Owner,,,MAESTRO-APK-BUSINESS-BUSINESS_RUNWAY-1854 | Revenue | 94478.92,Android,B38,RAMP_1501_2500,CREATED,idem-20260902-apk-1854,android,B02,BUSINESS_RUNWAY,Revenue,B02:Revenue,ACTIVE,qa.tile.revenue,business.revenue.amount,,business.revenue.submit,,Revenue,MAESTRO-APK-BUSINESS-BUSINESS_RUNWAY-1854 | Revenue | 94478.92,JOINED,Funding/Investment/Loan/Revenue → Runway Revenue
1857,MTR-APK-1857,Business,Business,Business Runway,Burn,Expense,2025-10-21,05:19:49,2025-10-21 05:19:49,34524.74,INR,-34524.74,APK Owner,,,MAESTRO-APK-BUSINESS-BUSINESS_RUNWAY-1857 | Burn | 34524.74,Android,B38,RAMP_1501_2500,CREATED,idem-20260902-apk-1857,android,B02,BUSINESS_RUNWAY,Expense,B02:Expense,ACTIVE,qa.tile.expense,business.expense.amount,business.expense.note,business.expense.submit,,Burn,MAESTRO-APK-BUSINESS-BUSINESS_RUNWAY-1857 | Burn | 34524.74,JOINED,Runway Log Expense
1860,MTR-APK-1860,Business,Business,Business Runway,Reserve,Transfer,2025-10-18,09:47:48,2025-10-18 09:47:48,148645.61,INR,0.0,APK Owner,,,MAESTRO-APK-BUSINESS-BUSINESS_RUNWAY-1860 | Reserve | 148645.61,Android,B38,RAMP_1501_2500,CREATED,idem-20260902-apk-1860,android,B02,BUSINESS_RUNWAY,Expense,B02:Expense,ACTIVE,qa.tile.expense,,,,,Reserve,MAESTRO-APK-BUSINESS-BUSINESS_RUNWAY-1860 | Reserve | 148645.61,JOINED_REVIEW,Reserve transfer → Runway expense/movement proxy — REVIEW
1863,MTR-APK-1863,Business,Business,Business Runway,Loan,Income,2026-03-31,21:06:59,2026-03-31 21:06:59,41046.86,INR,41046.86,APK Owner,,,MAESTRO-APK-BUSINESS-BUSINESS_RUNWAY-1863 | Loan | 41046.86,Android,B38,RAMP_1501_2500,CREATED,idem-20260902-apk-1863,android,B02,BUSINESS_RUNWAY,Revenue,B02:Revenue,ACTIVE,qa.tile.revenue,business.revenue.amount,,business.revenue.submit,,Loan,MAESTRO-APK-BUSINESS-BUSINESS_RUNWAY-1863 | Loan | 41046.86,JOINED,Funding/Investment/Loan/Revenue → Runway Revenue
1866,MTR-APK-1866,Business,Business,Business Runway,Investment,Income,2025-10-29,20:06:48,2025-10-29 20:06:48,91399.25,INR,91399.25,APK Owner,,,MAESTRO-APK-BUSINESS-BUSINESS_RUNWAY-1866 | Investment | 91399.25,Android,B38,RAMP_1501_2500,CREATED,idem-20260902-apk-1866,android,B02,BUSINESS_RUNWAY,Revenue,B02:Revenue,ACTIVE,qa.tile.revenue,business.revenue.amount,,business.revenue.submit,,Investment,MAESTRO-APK-BUSINESS-BUSINESS_RUNWAY-1866 | Investment | 91399.25,JOINED,Funding/Investment/Loan/Revenue → Runway Revenue
1869,MTR-APK-1869,Business,Business,Business Operations,Software,Expense,2025-10-17,14:41:22,2025-10-17 14:41:22,44530.3,INR,-44530.3,APK Owner,,,MAESTRO-APK-BUSINESS-BUSINESS_OPERATIONS-1869 | Software | 44530.30,Android,B38,RAMP_1501_2500,CREATED,idem-20260902-apk-1869,android,B03,BUSINESS_OPERATIONS,Spend Entry,B03:Spend Entry,ACTIVE,,business.expense.amount,business.expense.note,business.expense.submit,,Software,MAESTRO-APK-BUSINESS-BUSINESS_OPERATIONS-1869 | Software | 44530.30,JOINED,Ops Log Spend Entry; amount ID business.expense.amount
1872,MTR-APK-1872,Business,Business,Business Operations,Rent,Expense,2026-08-16,08:39:01,2026-08-16 08:39:01,176437.65,INR,-176437.65,APK Owner,,,MAESTRO-APK-BUSINESS-BUSINESS_OPERATIONS-1872 | Rent | 176437.65,Android,B38,RAMP_1501_2500,CREATED,idem-20260902-apk-1872,android,B03,BUSINESS_OPERATIONS,Spend Entry,B03:Spend Entry,ACTIVE,,business.expense.amount,business.expense.note,business.expense.submit,,Rent,MAESTRO-APK-BUSINESS-BUSINESS_OPERATIONS-1872 | Rent | 176437.65,JOINED,Ops Log Spend Entry; amount ID business.expense.amount
1875,MTR-APK-1875,Business,Business,Business Operations,Marketing,Expense,2026-07-03,07:43:36,2026-07-03 07:43:36,127892.94,INR,-127892.94,APK Owner,,,MAESTRO-APK-BUSINESS-BUSINESS_OPERATIONS-1875 | Marketing | 127892.94,Android,B38,RAMP_1501_2500,CREATED,idem-20260902-apk-1875,android,B03,BUSINESS_OPERATIONS,Spend Entry,B03:Spend Entry,ACTIVE,,business.expense.amount,business.expense.note,business.expense.submit,,Marketing,MAESTRO-APK-BUSINESS-BUSINESS_OPERATIONS-1875 | Marketing | 127892.94,JOINED,Ops Log Spend Entry; amount ID business.expense.amount
1878,MTR-APK-1878,Business,Business,Business Operations,Legal,Expense,2025-10-05,12:05:05,2025-10-05 12:05:05,172842.4,INR,-172842.4,APK Owner,,,MAESTRO-APK-BUSINESS-BUSINESS_OPERATIONS-1878 | Legal | 172842.40,Android,B38,RAMP_1501_2500,CREATED,idem-20260902-apk-1878,android,B03,BUSINESS_OPERATIONS,Spend Entry,B03:Spend Entry,ACTIVE,,business.expense.amount,business.expense.note,business.expense.submit,,Legal,MAESTRO-APK-BUSINESS-BUSINESS_OPERATIONS-1878 | Legal | 172842.40,JOINED,Ops Log Spend Entry; amount ID business.expense.amount
1881,MTR-APK-1881,Business,Business,Business Operations,Accounting,Expense,2025-11-23,11:16:47,2025-11-23 11:16:47,4493.32,INR,-4493.32,APK Owner,,,MAESTRO-APK-BUSINESS-BUSINESS_OPERATIONS-1881 | Accounting | 4493.32,Android,B38,RAMP_1501_2500,CREATED,idem-20260902-apk-1881,android,B03,BUSINESS_OPERATIONS,Spend Entry,B03:Spend Entry,ACTIVE,,business.expense.amount,business.expense.note,business.expense.submit,,Accounting,MAESTRO-APK-BUSINESS-BUSINESS_OPERATIONS-1881 | Accounting | 4493.32,JOINED,Ops Log Spend Entry; amount ID business.expense.amount
1884,MTR-APK-1884,Business,Business,Business Operations,Equipment,Expense,2026-05-28,22:09:12,2026-05-28 22:09:12,129058.26,INR,-129058.26,APK Owner,,,MAESTRO-APK-BUSINESS-BUSINESS_OPERATIONS-1884 | Equipment | 129058.26,Android,B38,RAMP_1501_2500,CREATED,idem-20260902-apk-1884,android,B03,BUSINESS_OPERATIONS,Spend Entry,B03:Spend Entry,ACTIVE,,business.expense.amount,business.expense.note,business.expense.submit,,Equipment,MAESTRO-APK-BUSINESS-BUSINESS_OPERATIONS-1884 | Equipment | 129058.26,JOINED,Ops Log Spend Entry; amount ID business.expense.amount
1887,MTR-APK-1887,Business,Business,Business Operations,Vendor,Expense,2026-08-24,06:45:22,2026-08-24 06:45:22,100.0,INR,-100.0,APK Owner,,,MAESTRO-APK-BUSINESS-BUSINESS_OPERATIONS-1887 | Vendor | 100.00,Android,B38,RAMP_1501_2500,CREATED,idem-20260902-apk-1887,android,B03,BUSINESS_OPERATIONS,Spend Entry,B03:Spend Entry,ACTIVE,,business.expense.amount,business.expense.note,business.expense.submit,,Vendor,MAESTRO-APK-BUSINESS-BUSINESS_OPERATIONS-1887 | Vendor | 100.00,JOINED,Ops Log Spend Entry; amount ID business.expense.amount
1890,MTR-APK-1890,Business,Business,Business Operations,Tax,Expense,2026-02-25,07:38:20,2026-02-25 07:38:20,178951.5,INR,-178951.5,APK Owner,,,MAESTRO-APK-BUSINESS-BUSINESS_OPERATIONS-1890 | Tax | 178951.50,Android,B38,RAMP_1501_2500,CREATED,idem-20260902-apk-1890,android,B03,BUSINESS_OPERATIONS,Spend Entry,B03:Spend Entry,ACTIVE,,business.expense.amount,business.expense.note,business.expense.submit,,Tax,MAESTRO-APK-BUSINESS-BUSINESS_OPERATIONS-1890 | Tax | 178951.50,JOINED,Ops Log Spend Entry; amount ID business.expense.amount
1893,MTR-APK-1893,Business,Business,Team Operations,Payroll,Expense,2026-07-17,08:20:27,2026-07-17 08:20:27,20661.13,INR,-20661.13,APK Owner,,,MAESTRO-APK-BUSINESS-TEAM_OPERATIONS-1893 | Payroll | 20661.13,Android,B38,RAMP_1501_2500,CREATED,idem-20260902-apk-1893,android,B01,TEAM_OPERATIONS,Team Update,B01:Team Update,ACTIVE,,business.expense.amount,business.expense.note,business.expense.submit,,Payroll,MAESTRO-APK-BUSINESS-TEAM_OPERATIONS-1893 | Payroll | 20661.13,JOINED,Team Ops hub has no Expense; Team meal/travel etc. use Team Update until Spend path wired — prefer B03 Spend for ops expenses
1896,MTR-APK-1896,Business,Business,Team Operations,Contractor,Expense,2025-10-17,01:54:59,2025-10-17 01:54:59,35223.01,INR,-35223.01,APK Owner,,,MAESTRO-APK-BUSINESS-TEAM_OPERATIONS-1896 | Contractor | 35223.01,Android,B38,RAMP_1501_2500,CREATED,idem-20260902-apk-1896,android,B01,TEAM_OPERATIONS,Team Update,B01:Team Update,ACTIVE,,business.expense.amount,business.expense.note,business.expense.submit,,Contractor,MAESTRO-APK-BUSINESS-TEAM_OPERATIONS-1896 | Contractor | 35223.01,JOINED,Team Ops hub has no Expense; Team meal/travel etc. use Team Update until Spend path wired — prefer B03 Spend for ops expenses
1899,MTR-APK-1899,Business,Business,Team Operations,Hiring,Expense,2025-12-19,21:24:23,2025-12-19 21:24:23,113262.78,INR,-113262.78,APK Owner,,,MAESTRO-APK-BUSINESS-TEAM_OPERATIONS-1899 | Hiring | 113262.78,Android,B38,RAMP_1501_2500,CREATED,idem-20260902-apk-1899,android,B01,TEAM_OPERATIONS,Team Update,B01:Team Update,ACTIVE,,business.expense.amount,business.expense.note,business.expense.submit,,Hiring,MAESTRO-APK-BUSINESS-TEAM_OPERATIONS-1899 | Hiring | 113262.78,JOINED,Team Ops hub has no Expense; Team meal/travel etc. use Team Update until Spend path wired — prefer B03 Spend for ops expenses
1902,MTR-APK-1902,Business,Business,Team Operations,Team Meal,Expense,2026-01-04,23:51:20,2026-01-04 23:51:20,59644.96,INR,-59644.96,APK Owner,,,MAESTRO-APK-BUSINESS-TEAM_OPERATIONS-1902 | Team Meal | 59644.96,Android,B39,RAMP_1501_2500,CREATED,idem-20260902-apk-1902,android,B01,TEAM_OPERATIONS,Team Update,B01:Team Update,ACTIVE,,business.expense.amount,business.expense.note,business.expense.submit,,Team Meal,MAESTRO-APK-BUSINESS-TEAM_OPERATIONS-1902 | Team Meal | 59644.96,JOINED,Team Ops hub has no Expense; Team meal/travel etc. use Team Update until Spend path wired — prefer B03 Spend for ops expenses
1905,MTR-APK-1905,Business,Business,Team Operations,Travel,Expense,2025-11-18,07:13:21,2025-11-18 07:13:21,12373.96,INR,-12373.96,APK Owner,,,MAESTRO-APK-BUSINESS-TEAM_OPERATIONS-1905 | Travel | 12373.96,Android,B39,RAMP_1501_2500,CREATED,idem-20260902-apk-1905,android,B01,TEAM_OPERATIONS,Team Update,B01:Team Update,ACTIVE,,business.expense.amount,business.expense.note,business.expense.submit,,Travel,MAESTRO-APK-BUSINESS-TEAM_OPERATIONS-1905 | Travel | 12373.96,JOINED,Team Ops hub has no Expense; Team meal/travel etc. use Team Update until Spend path wired — prefer B03 Spend for ops expenses
1908,MTR-APK-1908,Business,Business,Team Operations,Training,Expense,2026-02-22,22:01:22,2026-02-22 22:01:22,159698.05,INR,-159698.05,APK Owner,,,MAESTRO-APK-BUSINESS-TEAM_OPERATIONS-1908 | Training | 159698.05,Android,B39,RAMP_1501_2500,CREATED,idem-20260902-apk-1908,android,B01,TEAM_OPERATIONS,Team Update,B01:Team Update,ACTIVE,,business.expense.amount,business.expense.note,business.expense.submit,,Training,MAESTRO-APK-BUSINESS-TEAM_OPERATIONS-1908 | Training | 159698.05,JOINED,Team Ops hub has no Expense; Team meal/travel etc. use Team Update until Spend path wired — prefer B03 Spend for ops expenses
1911,MTR-APK-1911,Business,Business,Team Operations,Tools,Expense,2025-12-07,09:19:03,2025-12-07 09:19:03,110577.01,INR,-110577.01,APK Owner,,,MAESTRO-APK-BUSINESS-TEAM_OPERATIONS-1911 | Tools | 110577.01,Android,B39,RAMP_1501_2500,CREATED,idem-20260902-apk-1911,android,B01,TEAM_OPERATIONS,Team Update,B01:Team Update,ACTIVE,,business.expense.amount,business.expense.note,business.expense.submit,,Tools,MAESTRO-APK-BUSINESS-TEAM_OPERATIONS-1911 | Tools | 110577.01,JOINED,Team Ops hub has no Expense; Team meal/travel etc. use Team Update until Spend path wired — prefer B03 Spend for ops expenses
1914,MTR-APK-1914,Business,Business,Business Runway,Funding,Income,2026-07-08,08:30:10,2026-07-08 08:30:10,28088.11,INR,28088.11,APK Owner,,,MAESTRO-APK-BUSINESS-BUSINESS_RUNWAY-1914 | Funding | 28088.11,Android,B39,RAMP_1501_2500,CREATED,idem-20260902-apk-1914,android,B02,BUSINESS_RUNWAY,Revenue,B02:Revenue,ACTIVE,qa.tile.revenue,business.revenue.amount,,business.revenue.submit,,Funding,MAESTRO-APK-BUSINESS-BUSINESS_RUNWAY-1914 | Funding | 28088.11,JOINED,Funding/Investment/Loan/Revenue → Runway Revenue
1917,MTR-APK-1917,Business,Business,Business Runway,Revenue,Income,2026-07-23,09:13:12,2026-07-23 09:13:12,172686.31,INR,172686.31,APK Owner,,,MAESTRO-APK-BUSINESS-BUSINESS_RUNWAY-1917 | Revenue | 172686.31,Android,B39,RAMP_1501_2500,CREATED,idem-20260902-apk-1917,android,B02,BUSINESS_RUNWAY,Revenue,B02:Revenue,ACTIVE,qa.tile.revenue,business.revenue.amount,,business.revenue.submit,,Revenue,MAESTRO-APK-BUSINESS-BUSINESS_RUNWAY-1917 | Revenue | 172686.31,JOINED,Funding/Investment/Loan/Revenue → Runway Revenue
1920,MTR-APK-1920,Business,Business,Business Runway,Burn,Expense,2026-03-19,00:35:09,2026-03-19 00:35:09,118450.66,INR,-118450.66,APK Owner,,,MAESTRO-APK-BUSINESS-BUSINESS_RUNWAY-1920 | Burn | 118450.66,Android,B39,RAMP_1501_2500,CREATED,idem-20260902-apk-1920,android,B02,BUSINESS_RUNWAY,Expense,B02:Expense,ACTIVE,qa.tile.expense,business.expense.amount,business.expense.note,business.expense.submit,,Burn,MAESTRO-APK-BUSINESS-BUSINESS_RUNWAY-1920 | Burn | 118450.66,JOINED,Runway Log Expense
1923,MTR-APK-1923,Business,Business,Business Runway,Reserve,Transfer,2026-07-05,19:57:51,2026-07-05 19:57:51,20878.34,INR,0.0,APK Owner,,,MAESTRO-APK-BUSINESS-BUSINESS_RUNWAY-1923 | Reserve | 20878.34,Android,B39,RAMP_1501_2500,CREATED,idem-20260902-apk-1923,android,B02,BUSINESS_RUNWAY,Expense,B02:Expense,ACTIVE,qa.tile.expense,,,,,Reserve,MAESTRO-APK-BUSINESS-BUSINESS_RUNWAY-1923 | Reserve | 20878.34,JOINED_REVIEW,Reserve transfer → Runway expense/movement proxy — REVIEW
1926,MTR-APK-1926,Business,Business,Business Runway,Loan,Income,2026-03-24,07:02:51,2026-03-24 07:02:51,8901.55,INR,8901.55,APK Owner,,,MAESTRO-APK-BUSINESS-BUSINESS_RUNWAY-1926 | Loan | 8901.55,Android,B39,RAMP_1501_2500,CREATED,idem-20260902-apk-1926,android,B02,BUSINESS_RUNWAY,Revenue,B02:Revenue,ACTIVE,qa.tile.revenue,business.revenue.amount,,business.revenue.submit,,Loan,MAESTRO-APK-BUSINESS-BUSINESS_RUNWAY-1926 | Loan | 8901.55,JOINED,Funding/Investment/Loan/Revenue → Runway Revenue
1929,MTR-APK-1929,Business,Business,Business Runway,Investment,Income,2026-08-16,01:00:56,2026-08-16 01:00:56,102285.95,INR,102285.95,APK Owner,,,MAESTRO-APK-BUSINESS-BUSINESS_RUNWAY-1929 | Investment | 102285.95,Android,B39,RAMP_1501_2500,CREATED,idem-20260902-apk-1929,android,B02,BUSINESS_RUNWAY,Revenue,B02:Revenue,ACTIVE,qa.tile.revenue,business.revenue.amount,,business.revenue.submit,,Investment,MAESTRO-APK-BUSINESS-BUSINESS_RUNWAY-1929 | Investment | 102285.95,JOINED,Funding/Investment/Loan/Revenue → Runway Revenue
1932,MTR-APK-1932,Business,Business,Business Operations,Software,Expense,2026-06-13,12:25:35,2026-06-13 12:25:35,130715.79,INR,-130715.79,APK Owner,,,MAESTRO-APK-BUSINESS-BUSINESS_OPERATIONS-1932 | Software | 130715.79,Android,B39,RAMP_1501_2500,CREATED,idem-20260902-apk-1932,android,B03,BUSINESS_OPERATIONS,Spend Entry,B03:Spend Entry,ACTIVE,,business.expense.amount,business.expense.note,business.expense.submit,,Software,MAESTRO-APK-BUSINESS-BUSINESS_OPERATIONS-1932 | Software | 130715.79,JOINED,Ops Log Spend Entry; amount ID business.expense.amount
1935,MTR-APK-1935,Business,Business,Business Operations,Rent,Expense,2026-04-21,13:46:00,2026-04-21 13:46:00,36072.34,INR,-36072.34,APK Owner,,,MAESTRO-APK-BUSINESS-BUSINESS_OPERATIONS-1935 | Rent | 36072.34,Android,B39,RAMP_1501_2500,CREATED,idem-20260902-apk-1935,android,B03,BUSINESS_OPERATIONS,Spend Entry,B03:Spend Entry,ACTIVE,,business.expense.amount,business.expense.note,business.expense.submit,,Rent,MAESTRO-APK-BUSINESS-BUSINESS_OPERATIONS-1935 | Rent | 36072.34,JOINED,Ops Log Spend Entry; amount ID business.expense.amount
1938,MTR-APK-1938,Business,Business,Business Operations,Marketing,Expense,2026-05-10,15:43:00,2026-05-10 15:43:00,82662.85,INR,-82662.85,APK Owner,,,MAESTRO-APK-BUSINESS-BUSINESS_OPERATIONS-1938 | Marketing | 82662.85,Android,B39,RAMP_1501_2500,CREATED,idem-20260902-apk-1938,android,B03,BUSINESS_OPERATIONS,Spend Entry,B03:Spend Entry,ACTIVE,,business.expense.amount,business.expense.note,business.expense.submit,,Marketing,MAESTRO-APK-BUSINESS-BUSINESS_OPERATIONS-1938 | Marketing | 82662.85,JOINED,Ops Log Spend Entry; amount ID business.expense.amount
1941,MTR-APK-1941,Business,Business,Business Operations,Legal,Expense,2026-07-21,20:10:11,2026-07-21 20:10:11,31040.27,INR,-31040.27,APK Owner,,,MAESTRO-APK-BUSINESS-BUSINESS_OPERATIONS-1941 | Legal | 31040.27,Android,B39,RAMP_1501_2500,CREATED,idem-20260902-apk-1941,android,B03,BUSINESS_OPERATIONS,Spend Entry,B03:Spend Entry,ACTIVE,,business.expense.amount,business.expense.note,business.expense.submit,,Legal,MAESTRO-APK-BUSINESS-BUSINESS_OPERATIONS-1941 | Legal | 31040.27,JOINED,Ops Log Spend Entry; amount ID business.expense.amount
1944,MTR-APK-1944,Business,Business,Business Operations,Accounting,Expense,2025-09-01,17:01:20,2025-09-01 17:01:20,81174.45,INR,-81174.45,APK Owner,,,MAESTRO-APK-BUSINESS-BUSINESS_OPERATIONS-1944 | Accounting | 81174.45,Android,B39,RAMP_1501_2500,CREATED,idem-20260902-apk-1944,android,B03,BUSINESS_OPERATIONS,Spend Entry,B03:Spend Entry,ACTIVE,,business.expense.amount,business.expense.note,business.expense.submit,,Accounting,MAESTRO-APK-BUSINESS-BUSINESS_OPERATIONS-1944 | Accounting | 81174.45,JOINED,Ops Log Spend Entry; amount ID business.expense.amount
1947,MTR-APK-1947,Business,Business,Business Operations,Equipment,Expense,2025-12-20,06:10:10,2025-12-20 06:10:10,44969.17,INR,-44969.17,APK Owner,,,MAESTRO-APK-BUSINESS-BUSINESS_OPERATIONS-1947 | Equipment | 44969.17,Android,B39,RAMP_1501_2500,CREATED,idem-20260902-apk-1947,android,B03,BUSINESS_OPERATIONS,Spend Entry,B03:Spend Entry,ACTIVE,,business.expense.amount,business.expense.note,business.expense.submit,,Equipment,MAESTRO-APK-BUSINESS-BUSINESS_OPERATIONS-1947 | Equipment | 44969.17,JOINED,Ops Log Spend Entry; amount ID business.expense.amount
1950,MTR-APK-1950,Business,Business,Business Operations,Vendor,Expense,2025-09-11,08:42:09,2025-09-11 08:42:09,125770.7,INR,-125770.7,APK Owner,,,MAESTRO-APK-BUSINESS-BUSINESS_OPERATIONS-1950 | Vendor | 125770.70,Android,B39,RAMP_1501_2500,CREATED,idem-20260902-apk-1950,android,B03,BUSINESS_OPERATIONS,Spend Entry,B03:Spend Entry,ACTIVE,,business.expense.amount,business.expense.note,business.expense.submit,,Vendor,MAESTRO-APK-BUSINESS-BUSINESS_OPERATIONS-1950 | Vendor | 125770.70,JOINED,Ops Log Spend Entry; amount ID business.expense.amount
1953,MTR-APK-1953,Business,Business,Business Operations,Tax,Expense,2026-06-06,16:12:58,2026-06-06 16:12:58,1217.49,INR,-1217.49,APK Owner,,,MAESTRO-APK-BUSINESS-BUSINESS_OPERATIONS-1953 | Tax | 1217.49,Android,B40,RAMP_1501_2500,CREATED,idem-20260902-apk-1953,android,B03,BUSINESS_OPERATIONS,Spend Entry,B03:Spend Entry,ACTIVE,,business.expense.amount,business.expense.note,business.expense.submit,,Tax,MAESTRO-APK-BUSINESS-BUSINESS_OPERATIONS-1953 | Tax | 1217.49,JOINED,Ops Log Spend Entry; amount ID business.expense.amount
1956,MTR-APK-1956,Business,Business,Team Operations,Payroll,Expense,2025-10-28,22:06:54,2025-10-28 22:06:54,48560.97,INR,-48560.97,APK Owner,,,MAESTRO-APK-BUSINESS-TEAM_OPERATIONS-1956 | Payroll | 48560.97,Android,B40,RAMP_1501_2500,CREATED,idem-20260902-apk-1956,android,B01,TEAM_OPERATIONS,Team Update,B01:Team Update,ACTIVE,,business.expense.amount,business.expense.note,business.expense.submit,,Payroll,MAESTRO-APK-BUSINESS-TEAM_OPERATIONS-1956 | Payroll | 48560.97,JOINED,Team Ops hub has no Expense; Team meal/travel etc. use Team Update until Spend path wired — prefer B03 Spend for ops expenses
1959,MTR-APK-1959,Business,Business,Team Operations,Contractor,Expense,2026-01-26,16:22:11,2026-01-26 16:22:11,158751.6,INR,-158751.6,APK Owner,,,MAESTRO-APK-BUSINESS-TEAM_OPERATIONS-1959 | Contractor | 158751.60,Android,B40,RAMP_1501_2500,CREATED,idem-20260902-apk-1959,android,B01,TEAM_OPERATIONS,Team Update,B01:Team Update,ACTIVE,,business.expense.amount,business.expense.note,business.expense.submit,,Contractor,MAESTRO-APK-BUSINESS-TEAM_OPERATIONS-1959 | Contractor | 158751.60,JOINED,Team Ops hub has no Expense; Team meal/travel etc. use Team Update until Spend path wired — prefer B03 Spend for ops expenses
1962,MTR-APK-1962,Business,Business,Team Operations,Hiring,Expense,2026-02-28,02:04:20,2026-02-28 02:04:20,25650.17,INR,-25650.17,APK Owner,,,MAESTRO-APK-BUSINESS-TEAM_OPERATIONS-1962 | Hiring | 25650.17,Android,B40,RAMP_1501_2500,CREATED,idem-20260902-apk-1962,android,B01,TEAM_OPERATIONS,Team Update,B01:Team Update,ACTIVE,,business.expense.amount,business.expense.note,business.expense.submit,,Hiring,MAESTRO-APK-BUSINESS-TEAM_OPERATIONS-1962 | Hiring | 25650.17,JOINED,Team Ops hub has no Expense; Team meal/travel etc. use Team Update until Spend path wired — prefer B03 Spend for ops expenses
1965,MTR-APK-1965,Business,Business,Team Operations,Team Meal,Expense,2025-09-01,04:06:38,2025-09-01 04:06:38,152959.24,INR,-152959.24,APK Owner,,,MAESTRO-APK-BUSINESS-TEAM_OPERATIONS-1965 | Team Meal | 152959.24,Android,B40,RAMP_1501_2500,CREATED,idem-20260902-apk-1965,android,B01,TEAM_OPERATIONS,Team Update,B01:Team Update,ACTIVE,,business.expense.amount,business.expense.note,business.expense.submit,,Team Meal,MAESTRO-APK-BUSINESS-TEAM_OPERATIONS-1965 | Team Meal | 152959.24,JOINED,Team Ops hub has no Expense; Team meal/travel etc. use Team Update until Spend path wired — prefer B03 Spend for ops expenses
1968,MTR-APK-1968,Business,Business,Team Operations,Travel,Expense,2026-02-15,06:27:25,2026-02-15 06:27:25,126008.85,INR,-126008.85,APK Owner,,,MAESTRO-APK-BUSINESS-TEAM_OPERATIONS-1968 | Travel | 126008.85,Android,B40,RAMP_1501_2500,CREATED,idem-20260902-apk-1968,android,B01,TEAM_OPERATIONS,Team Update,B01:Team Update,ACTIVE,,business.expense.amount,business.expense.note,business.expense.submit,,Travel,MAESTRO-APK-BUSINESS-TEAM_OPERATIONS-1968 | Travel | 126008.85,JOINED,Team Ops hub has no Expense; Team meal/travel etc. use Team Update until Spend path wired — prefer B03 Spend for ops expenses
1971,MTR-APK-1971,Business,Business,Team Operations,Training,Expense,2025-11-06,22:52:56,2025-11-06 22:52:56,40318.76,INR,-40318.76,APK Owner,,,MAESTRO-APK-BUSINESS-TEAM_OPERATIONS-1971 | Training | 40318.76,Android,B40,RAMP_1501_2500,CREATED,idem-20260902-apk-1971,android,B01,TEAM_OPERATIONS,Team Update,B01:Team Update,ACTIVE,,business.expense.amount,business.expense.note,business.expense.submit,,Training,MAESTRO-APK-BUSINESS-TEAM_OPERATIONS-1971 | Training | 40318.76,JOINED,Team Ops hub has no Expense; Team meal/travel etc. use Team Update until Spend path wired — prefer B03 Spend for ops expenses
1974,MTR-APK-1974,Business,Business,Team Operations,Tools,Expense,2026-07-15,04:10:41,2026-07-15 04:10:41,119415.89,INR,-119415.89,APK Owner,,,MAESTRO-APK-BUSINESS-TEAM_OPERATIONS-1974 | Tools | 119415.89,Android,B40,RAMP_1501_2500,CREATED,idem-20260902-apk-1974,android,B01,TEAM_OPERATIONS,Team Update,B01:Team Update,ACTIVE,,business.expense.amount,business.expense.note,business.expense.submit,,Tools,MAESTRO-APK-BUSINESS-TEAM_OPERATIONS-1974 | Tools | 119415.89,JOINED,Team Ops hub has no Expense; Team meal/travel etc. use Team Update until Spend path wired — prefer B03 Spend for ops expenses
1977,MTR-APK-1977,Business,Business,Business Runway,Funding,Income,2025-11-11,23:54:06,2025-11-11 23:54:06,91051.34,INR,91051.34,APK Owner,,,MAESTRO-APK-BUSINESS-BUSINESS_RUNWAY-1977 | Funding | 91051.34,Android,B40,RAMP_1501_2500,CREATED,idem-20260902-apk-1977,android,B02,BUSINESS_RUNWAY,Revenue,B02:Revenue,ACTIVE,qa.tile.revenue,business.revenue.amount,,business.revenue.submit,,Funding,MAESTRO-APK-BUSINESS-BUSINESS_RUNWAY-1977 | Funding | 91051.34,JOINED,Funding/Investment/Loan/Revenue → Runway Revenue
1980,MTR-APK-1980,Business,Business,Business Runway,Revenue,Income,2026-05-25,02:06:18,2026-05-25 02:06:18,175138.21,INR,175138.21,APK Owner,,,MAESTRO-APK-BUSINESS-BUSINESS_RUNWAY-1980 | Revenue | 175138.21,Android,B40,RAMP_1501_2500,CREATED,idem-20260902-apk-1980,android,B02,BUSINESS_RUNWAY,Revenue,B02:Revenue,ACTIVE,qa.tile.revenue,business.revenue.amount,,business.revenue.submit,,Revenue,MAESTRO-APK-BUSINESS-BUSINESS_RUNWAY-1980 | Revenue | 175138.21,JOINED,Funding/Investment/Loan/Revenue → Runway Revenue
1983,MTR-APK-1983,Business,Business,Business Runway,Burn,Expense,2026-05-09,21:30:49,2026-05-09 21:30:49,15943.66,INR,-15943.66,APK Owner,,,MAESTRO-APK-BUSINESS-BUSINESS_RUNWAY-1983 | Burn | 15943.66,Android,B40,RAMP_1501_2500,CREATED,idem-20260902-apk-1983,android,B02,BUSINESS_RUNWAY,Expense,B02:Expense,ACTIVE,qa.tile.expense,business.expense.amount,business.expense.note,business.expense.submit,,Burn,MAESTRO-APK-BUSINESS-BUSINESS_RUNWAY-1983 | Burn | 15943.66,JOINED,Runway Log Expense
1986,MTR-APK-1986,Business,Business,Business Runway,Reserve,Transfer,2026-02-28,16:21:16,2026-02-28 16:21:16,99699.43,INR,0.0,APK Owner,,,MAESTRO-APK-BUSINESS-BUSINESS_RUNWAY-1986 | Reserve | 99699.43,Android,B40,RAMP_1501_2500,CREATED,idem-20260902-apk-1986,android,B02,BUSINESS_RUNWAY,Expense,B02:Expense,ACTIVE,qa.tile.expense,,,,,Reserve,MAESTRO-APK-BUSINESS-BUSINESS_RUNWAY-1986 | Reserve | 99699.43,JOINED_REVIEW,Reserve transfer → Runway expense/movement proxy — REVIEW
1989,MTR-APK-1989,Business,Business,Business Runway,Loan,Income,2025-10-12,03:40:28,2025-10-12 03:40:28,142986.36,INR,142986.36,APK Owner,,,MAESTRO-APK-BUSINESS-BUSINESS_RUNWAY-1989 | Loan | 142986.36,Android,B40,RAMP_1501_2500,CREATED,idem-20260902-apk-1989,android,B02,BUSINESS_RUNWAY,Revenue,B02:Revenue,ACTIVE,qa.tile.revenue,business.revenue.amount,,business.revenue.submit,,Loan,MAESTRO-APK-BUSINESS-BUSINESS_RUNWAY-1989 | Loan | 142986.36,JOINED,Funding/Investment/Loan/Revenue → Runway Revenue
1992,MTR-APK-1992,Business,Business,Business Runway,Investment,Income,2026-07-04,02:22:32,2026-07-04 02:22:32,70112.37,INR,70112.37,APK Owner,,,MAESTRO-APK-BUSINESS-BUSINESS_RUNWAY-1992 | Investment | 70112.37,Android,B40,RAMP_1501_2500,CREATED,idem-20260902-apk-1992,android,B02,BUSINESS_RUNWAY,Revenue,B02:Revenue,ACTIVE,qa.tile.revenue,business.revenue.amount,,business.revenue.submit,,Investment,MAESTRO-APK-BUSINESS-BUSINESS_RUNWAY-1992 | Investment | 70112.37,JOINED,Funding/Investment/Loan/Revenue → Runway Revenue
1995,MTR-APK-1995,Business,Business,Business Operations,Software,Expense,2025-10-26,16:14:11,2025-10-26 16:14:11,124381.13,INR,-124381.13,APK Owner,,,MAESTRO-APK-BUSINESS-BUSINESS_OPERATIONS-1995 | Software | 124381.13,Android,B40,RAMP_1501_2500,CREATED,idem-20260902-apk-1995,android,B03,BUSINESS_OPERATIONS,Spend Entry,B03:Spend Entry,ACTIVE,,business.expense.amount,business.expense.note,business.expense.submit,,Software,MAESTRO-APK-BUSINESS-BUSINESS_OPERATIONS-1995 | Software | 124381.13,JOINED,Ops Log Spend Entry; amount ID business.expense.amount
1998,MTR-APK-1998,Business,Business,Business Operations,Rent,Expense,2026-08-12,08:02:09,2026-08-12 08:02:09,0.01,INR,-0.01,APK Owner,,,MAESTRO-APK-BUSINESS-BUSINESS_OPERATIONS-1998 | Rent | 0.01,Android,B40,RAMP_1501_2500,CREATED,idem-20260902-apk-1998,android,B03,BUSINESS_OPERATIONS,Spend Entry,B03:Spend Entry,ACTIVE,,business.expense.amount,business.expense.note,business.expense.submit,,Rent,MAESTRO-APK-BUSINESS-BUSINESS_OPERATIONS-1998 | Rent | 0.01,JOINED,Ops Log Spend Entry; amount ID business.expense.amount
2001,MTR-APK-2001,Business,Business,Business Operations,Marketing,Expense,2026-02-23,08:29:36,2026-02-23 08:29:36,82257.91,INR,-82257.91,APK Owner,,,MAESTRO-APK-BUSINESS-BUSINESS_OPERATIONS-2001 | Marketing | 82257.91,Android,B41,RAMP_1501_2500,CREATED,idem-20260902-apk-2001,android,B03,BUSINESS_OPERATIONS,Spend Entry,B03:Spend Entry,ACTIVE,,business.expense.amount,business.expense.note,business.expense.submit,,Marketing,MAESTRO-APK-BUSINESS-BUSINESS_OPERATIONS-2001 | Marketing | 82257.91,JOINED,Ops Log Spend Entry; amount ID business.expense.amount
2004,MTR-APK-2004,Business,Business,Business Operations,Legal,Expense,2025-11-19,22:05:56,2025-11-19 22:05:56,158535.76,INR,-158535.76,APK Owner,,,MAESTRO-APK-BUSINESS-BUSINESS_OPERATIONS-2004 | Legal | 158535.76,Android,B41,RAMP_1501_2500,CREATED,idem-20260902-apk-2004,android,B03,BUSINESS_OPERATIONS,Spend Entry,B03:Spend Entry,ACTIVE,,business.expense.amount,business.expense.note,business.expense.submit,,Legal,MAESTRO-APK-BUSINESS-BUSINESS_OPERATIONS-2004 | Legal | 158535.76,JOINED,Ops Log Spend Entry; amount ID business.expense.amount
2007,MTR-APK-2007,Business,Business,Business Operations,Accounting,Expense,2026-07-21,19:00:59,2026-07-21 19:00:59,15223.01,INR,-15223.01,APK Owner,,,MAESTRO-APK-BUSINESS-BUSINESS_OPERATIONS-2007 | Accounting | 15223.01,Android,B41,RAMP_1501_2500,CREATED,idem-20260902-apk-2007,android,B03,BUSINESS_OPERATIONS,Spend Entry,B03:Spend Entry,ACTIVE,,business.expense.amount,business.expense.note,business.expense.submit,,Accounting,MAESTRO-APK-BUSINESS-BUSINESS_OPERATIONS-2007 | Accounting | 15223.01,JOINED,Ops Log Spend Entry; amount ID business.expense.amount
2010,MTR-APK-2010,Business,Business,Business Operations,Equipment,Expense,2026-07-15,16:20:31,2026-07-15 16:20:31,145799.33,INR,-145799.33,APK Owner,,,MAESTRO-APK-BUSINESS-BUSINESS_OPERATIONS-2010 | Equipment | 145799.33,Android,B41,RAMP_1501_2500,CREATED,idem-20260902-apk-2010,android,B03,BUSINESS_OPERATIONS,Spend Entry,B03:Spend Entry,ACTIVE,,business.expense.amount,business.expense.note,business.expense.submit,,Equipment,MAESTRO-APK-BUSINESS-BUSINESS_OPERATIONS-2010 | Equipment | 145799.33,JOINED,Ops Log Spend Entry; amount ID business.expense.amount
2013,MTR-APK-2013,Business,Business,Business Operations,Vendor,Expense,2025-09-04,06:51:37,2025-09-04 06:51:37,67385.9,INR,-67385.9,APK Owner,,,MAESTRO-APK-BUSINESS-BUSINESS_OPERATIONS-2013 | Vendor | 67385.90,Android,B41,RAMP_1501_2500,CREATED,idem-20260902-apk-2013,android,B03,BUSINESS_OPERATIONS,Spend Entry,B03:Spend Entry,ACTIVE,,business.expense.amount,business.expense.note,business.expense.submit,,Vendor,MAESTRO-APK-BUSINESS-BUSINESS_OPERATIONS-2013 | Vendor | 67385.90,JOINED,Ops Log Spend Entry; amount ID business.expense.amount
2016,MTR-APK-2016,Business,Business,Business Operations,Tax,Expense,2026-06-28,00:30:39,2026-06-28 00:30:39,30527.41,INR,-30527.41,APK Owner,,,MAESTRO-APK-BUSINESS-BUSINESS_OPERATIONS-2016 | Tax | 30527.41,Android,B41,RAMP_1501_2500,CREATED,idem-20260902-apk-2016,android,B03,BUSINESS_OPERATIONS,Spend Entry,B03:Spend Entry,ACTIVE,,business.expense.amount,business.expense.note,business.expense.submit,,Tax,MAESTRO-APK-BUSINESS-BUSINESS_OPERATIONS-2016 | Tax | 30527.41,JOINED,Ops Log Spend Entry; amount ID business.expense.amount
2019,MTR-APK-2019,Business,Business,Team Operations,Payroll,Expense,2026-08-26,11:47:48,2026-08-26 11:47:48,27479.47,INR,-27479.47,APK Owner,,,MAESTRO-APK-BUSINESS-TEAM_OPERATIONS-2019 | Payroll | 27479.47,Android,B41,RAMP_1501_2500,CREATED,idem-20260902-apk-2019,android,B01,TEAM_OPERATIONS,Team Update,B01:Team Update,ACTIVE,,business.expense.amount,business.expense.note,business.expense.submit,,Payroll,MAESTRO-APK-BUSINESS-TEAM_OPERATIONS-2019 | Payroll | 27479.47,JOINED,Team Ops hub has no Expense; Team meal/travel etc. use Team Update until Spend path wired — prefer B03 Spend for ops expenses
2022,MTR-APK-2022,Business,Business,Team Operations,Contractor,Expense,2025-09-01,06:20:56,2025-09-01 06:20:56,68699.64,INR,-68699.64,APK Owner,,,MAESTRO-APK-BUSINESS-TEAM_OPERATIONS-2022 | Contractor | 68699.64,Android,B41,RAMP_1501_2500,CREATED,idem-20260902-apk-2022,android,B01,TEAM_OPERATIONS,Team Update,B01:Team Update,ACTIVE,,business.expense.amount,business.expense.note,business.expense.submit,,Contractor,MAESTRO-APK-BUSINESS-TEAM_OPERATIONS-2022 | Contractor | 68699.64,JOINED,Team Ops hub has no Expense; Team meal/travel etc. use Team Update until Spend path wired — prefer B03 Spend for ops expenses
2025,MTR-APK-2025,Business,Business,Team Operations,Hiring,Expense,2026-05-29,04:16:17,2026-05-29 04:16:17,21202.83,INR,-21202.83,APK Owner,,,MAESTRO-APK-BUSINESS-TEAM_OPERATIONS-2025 | Hiring | 21202.83,Android,B41,RAMP_1501_2500,CREATED,idem-20260902-apk-2025,android,B01,TEAM_OPERATIONS,Team Update,B01:Team Update,ACTIVE,,business.expense.amount,business.expense.note,business.expense.submit,,Hiring,MAESTRO-APK-BUSINESS-TEAM_OPERATIONS-2025 | Hiring | 21202.83,JOINED,Team Ops hub has no Expense; Team meal/travel etc. use Team Update until Spend path wired — prefer B03 Spend for ops expenses
2028,MTR-APK-2028,Business,Business,Team Operations,Team Meal,Expense,2026-07-11,21:47:53,2026-07-11 21:47:53,73336.4,INR,-73336.4,APK Owner,,,MAESTRO-APK-BUSINESS-TEAM_OPERATIONS-2028 | Team Meal | 73336.40,Android,B41,RAMP_1501_2500,CREATED,idem-20260902-apk-2028,android,B01,TEAM_OPERATIONS,Team Update,B01:Team Update,ACTIVE,,business.expense.amount,business.expense.note,business.expense.submit,,Team Meal,MAESTRO-APK-BUSINESS-TEAM_OPERATIONS-2028 | Team Meal | 73336.40,JOINED,Team Ops hub has no Expense; Team meal/travel etc. use Team Update until Spend path wired — prefer B03 Spend for ops expenses
2031,MTR-APK-2031,Business,Business,Team Operations,Travel,Expense,2025-11-22,13:32:58,2025-11-22 13:32:58,48864.07,INR,-48864.07,APK Owner,,,MAESTRO-APK-BUSINESS-TEAM_OPERATIONS-2031 | Travel | 48864.07,Android,B41,RAMP_1501_2500,CREATED,idem-20260902-apk-2031,android,B01,TEAM_OPERATIONS,Team Update,B01:Team Update,ACTIVE,,business.expense.amount,business.expense.note,business.expense.submit,,Travel,MAESTRO-APK-BUSINESS-TEAM_OPERATIONS-2031 | Travel | 48864.07,JOINED,Team Ops hub has no Expense; Team meal/travel etc. use Team Update until Spend path wired — prefer B03 Spend for ops expenses
2034,MTR-APK-2034,Business,Business,Team Operations,Training,Expense,2026-08-22,21:14:26,2026-08-22 21:14:26,167588.22,INR,-167588.22,APK Owner,,,MAESTRO-APK-BUSINESS-TEAM_OPERATIONS-2034 | Training | 167588.22,Android,B41,RAMP_1501_2500,CREATED,idem-20260902-apk-2034,android,B01,TEAM_OPERATIONS,Team Update,B01:Team Update,ACTIVE,,business.expense.amount,business.expense.note,business.expense.submit,,Training,MAESTRO-APK-BUSINESS-TEAM_OPERATIONS-2034 | Training | 167588.22,JOINED,Team Ops hub has no Expense; Team meal/travel etc. use Team Update until Spend path wired — prefer B03 Spend for ops expenses
2037,MTR-APK-2037,Business,Business,Team Operations,Tools,Expense,2026-03-13,20:04:57,2026-03-13 20:04:57,53068.15,INR,-53068.15,APK Owner,,,MAESTRO-APK-BUSINESS-TEAM_OPERATIONS-2037 | Tools | 53068.15,Android,B41,RAMP_1501_2500,CREATED,idem-20260902-apk-2037,android,B01,TEAM_OPERATIONS,Team Update,B01:Team Update,ACTIVE,,business.expense.amount,business.expense.note,business.expense.submit,,Tools,MAESTRO-APK-BUSINESS-TEAM_OPERATIONS-2037 | Tools | 53068.15,JOINED,Team Ops hub has no Expense; Team meal/travel etc. use Team Update until Spend path wired — prefer B03 Spend for ops expenses
2040,MTR-APK-2040,Business,Business,Business Runway,Funding,Income,2026-07-27,04:07:42,2026-07-27 04:07:42,36253.64,INR,36253.64,APK Owner,,,MAESTRO-APK-BUSINESS-BUSINESS_RUNWAY-2040 | Funding | 36253.64,Android,B41,RAMP_1501_2500,CREATED,idem-20260902-apk-2040,android,B02,BUSINESS_RUNWAY,Revenue,B02:Revenue,ACTIVE,qa.tile.revenue,business.revenue.amount,,business.revenue.submit,,Funding,MAESTRO-APK-BUSINESS-BUSINESS_RUNWAY-2040 | Funding | 36253.64,JOINED,Funding/Investment/Loan/Revenue → Runway Revenue
2043,MTR-APK-2043,Business,Business,Business Runway,Revenue,Income,2026-07-28,22:05:14,2026-07-28 22:05:14,37474.22,INR,37474.22,APK Owner,,,MAESTRO-APK-BUSINESS-BUSINESS_RUNWAY-2043 | Revenue | 37474.22,Android,B41,RAMP_1501_2500,CREATED,idem-20260902-apk-2043,android,B02,BUSINESS_RUNWAY,Revenue,B02:Revenue,ACTIVE,qa.tile.revenue,business.revenue.amount,,business.revenue.submit,,Revenue,MAESTRO-APK-BUSINESS-BUSINESS_RUNWAY-2043 | Revenue | 37474.22,JOINED,Funding/Investment/Loan/Revenue → Runway Revenue
2046,MTR-APK-2046,Business,Business,Business Runway,Burn,Expense,2026-01-04,05:16:15,2026-01-04 05:16:15,320.14,INR,-320.14,APK Owner,,,MAESTRO-APK-BUSINESS-BUSINESS_RUNWAY-2046 | Burn | 320.14,Android,B41,RAMP_1501_2500,CREATED,idem-20260902-apk-2046,android,B02,BUSINESS_RUNWAY,Expense,B02:Expense,ACTIVE,qa.tile.expense,business.expense.amount,business.expense.note,business.expense.submit,,Burn,MAESTRO-APK-BUSINESS-BUSINESS_RUNWAY-2046 | Burn | 320.14,JOINED,Runway Log Expense
2049,MTR-APK-2049,Business,Business,Business Runway,Reserve,Transfer,2026-06-22,12:10:42,2026-06-22 12:10:42,156957.62,INR,0.0,APK Owner,,,MAESTRO-APK-BUSINESS-BUSINESS_RUNWAY-2049 | Reserve | 156957.62,Android,B41,RAMP_1501_2500,CREATED,idem-20260902-apk-2049,android,B02,BUSINESS_RUNWAY,Expense,B02:Expense,ACTIVE,qa.tile.expense,,,,,Reserve,MAESTRO-APK-BUSINESS-BUSINESS_RUNWAY-2049 | Reserve | 156957.62,JOINED_REVIEW,Reserve transfer → Runway expense/movement proxy — REVIEW
2052,MTR-APK-2052,Business,Business,Business Runway,Loan,Income,2026-07-21,22:12:27,2026-07-21 22:12:27,29125.26,INR,29125.26,APK Owner,,,MAESTRO-APK-BUSINESS-BUSINESS_RUNWAY-2052 | Loan | 29125.26,Android,B42,RAMP_1501_2500,CREATED,idem-20260902-apk-2052,android,B02,BUSINESS_RUNWAY,Revenue,B02:Revenue,ACTIVE,qa.tile.revenue,business.revenue.amount,,business.revenue.submit,,Loan,MAESTRO-APK-BUSINESS-BUSINESS_RUNWAY-2052 | Loan | 29125.26,JOINED,Funding/Investment/Loan/Revenue → Runway Revenue
2055,MTR-APK-2055,Business,Business,Business Runway,Investment,Income,2025-09-29,10:54:54,2025-09-29 10:54:54,139280.1,INR,139280.1,APK Owner,,,MAESTRO-APK-BUSINESS-BUSINESS_RUNWAY-2055 | Investment | 139280.10,Android,B42,RAMP_1501_2500,CREATED,idem-20260902-apk-2055,android,B02,BUSINESS_RUNWAY,Revenue,B02:Revenue,ACTIVE,qa.tile.revenue,business.revenue.amount,,business.revenue.submit,,Investment,MAESTRO-APK-BUSINESS-BUSINESS_RUNWAY-2055 | Investment | 139280.10,JOINED,Funding/Investment/Loan/Revenue → Runway Revenue
2058,MTR-APK-2058,Business,Business,Business Operations,Software,Expense,2025-12-03,15:48:29,2025-12-03 15:48:29,77179.84,INR,-77179.84,APK Owner,,,MAESTRO-APK-BUSINESS-BUSINESS_OPERATIONS-2058 | Software | 77179.84,Android,B42,RAMP_1501_2500,CREATED,idem-20260902-apk-2058,android,B03,BUSINESS_OPERATIONS,Spend Entry,B03:Spend Entry,ACTIVE,,business.expense.amount,business.expense.note,business.expense.submit,,Software,MAESTRO-APK-BUSINESS-BUSINESS_OPERATIONS-2058 | Software | 77179.84,JOINED,Ops Log Spend Entry; amount ID business.expense.amount
2061,MTR-APK-2061,Business,Business,Business Operations,Rent,Expense,2026-05-12,20:20:05,2026-05-12 20:20:05,148523.38,INR,-148523.38,APK Owner,,,MAESTRO-APK-BUSINESS-BUSINESS_OPERATIONS-2061 | Rent | 148523.38,Android,B42,RAMP_1501_2500,CREATED,idem-20260902-apk-2061,android,B03,BUSINESS_OPERATIONS,Spend Entry,B03:Spend Entry,ACTIVE,,business.expense.amount,business.expense.note,business.expense.submit,,Rent,MAESTRO-APK-BUSINESS-BUSINESS_OPERATIONS-2061 | Rent | 148523.38,JOINED,Ops Log Spend Entry; amount ID business.expense.amount
2064,MTR-APK-2064,Business,Business,Business Operations,Marketing,Expense,2025-12-26,05:14:42,2025-12-26 05:14:42,12041.91,INR,-12041.91,APK Owner,,,MAESTRO-APK-BUSINESS-BUSINESS_OPERATIONS-2064 | Marketing | 12041.91,Android,B42,RAMP_1501_2500,CREATED,idem-20260902-apk-2064,android,B03,BUSINESS_OPERATIONS,Spend Entry,B03:Spend Entry,ACTIVE,,business.expense.amount,business.expense.note,business.expense.submit,,Marketing,MAESTRO-APK-BUSINESS-BUSINESS_OPERATIONS-2064 | Marketing | 12041.91,JOINED,Ops Log Spend Entry; amount ID business.expense.amount
2067,MTR-APK-2067,Business,Business,Business Operations,Legal,Expense,2026-03-12,18:07:03,2026-03-12 18:07:03,81229.9,INR,-81229.9,APK Owner,,,MAESTRO-APK-BUSINESS-BUSINESS_OPERATIONS-2067 | Legal | 81229.90,Android,B42,RAMP_1501_2500,CREATED,idem-20260902-apk-2067,android,B03,BUSINESS_OPERATIONS,Spend Entry,B03:Spend Entry,ACTIVE,,business.expense.amount,business.expense.note,business.expense.submit,,Legal,MAESTRO-APK-BUSINESS-BUSINESS_OPERATIONS-2067 | Legal | 81229.90,JOINED,Ops Log Spend Entry; amount ID business.expense.amount
2070,MTR-APK-2070,Business,Business,Business Operations,Accounting,Expense,2025-10-01,10:39:48,2025-10-01 10:39:48,42507.42,INR,-42507.42,APK Owner,,,MAESTRO-APK-BUSINESS-BUSINESS_OPERATIONS-2070 | Accounting | 42507.42,Android,B42,RAMP_1501_2500,CREATED,idem-20260902-apk-2070,android,B03,BUSINESS_OPERATIONS,Spend Entry,B03:Spend Entry,ACTIVE,,business.expense.amount,business.expense.note,business.expense.submit,,Accounting,MAESTRO-APK-BUSINESS-BUSINESS_OPERATIONS-2070 | Accounting | 42507.42,JOINED,Ops Log Spend Entry; amount ID business.expense.amount
2073,MTR-APK-2073,Business,Business,Business Operations,Equipment,Expense,2025-12-10,02:57:00,2025-12-10 02:57:00,177180.11,INR,-177180.11,APK Owner,,,MAESTRO-APK-BUSINESS-BUSINESS_OPERATIONS-2073 | Equipment | 177180.11,Android,B42,RAMP_1501_2500,CREATED,idem-20260902-apk-2073,android,B03,BUSINESS_OPERATIONS,Spend Entry,B03:Spend Entry,ACTIVE,,business.expense.amount,business.expense.note,business.expense.submit,,Equipment,MAESTRO-APK-BUSINESS-BUSINESS_OPERATIONS-2073 | Equipment | 177180.11,JOINED,Ops Log Spend Entry; amount ID business.expense.amount
2076,MTR-APK-2076,Business,Business,Business Operations,Vendor,Expense,2026-07-27,07:36:21,2026-07-27 07:36:21,146901.69,INR,-146901.69,APK Owner,,,MAESTRO-APK-BUSINESS-BUSINESS_OPERATIONS-2076 | Vendor | 146901.69,Android,B42,RAMP_1501_2500,CREATED,idem-20260902-apk-2076,android,B03,BUSINESS_OPERATIONS,Spend Entry,B03:Spend Entry,ACTIVE,,business.expense.amount,business.expense.note,business.expense.submit,,Vendor,MAESTRO-APK-BUSINESS-BUSINESS_OPERATIONS-2076 | Vendor | 146901.69,JOINED,Ops Log Spend Entry; amount ID business.expense.amount
2079,MTR-APK-2079,Business,Business,Business Operations,Tax,Expense,2025-09-06,02:38:02,2025-09-06 02:38:02,23949.85,INR,-23949.85,APK Owner,,,MAESTRO-APK-BUSINESS-BUSINESS_OPERATIONS-2079 | Tax | 23949.85,Android,B42,RAMP_1501_2500,CREATED,idem-20260902-apk-2079,android,B03,BUSINESS_OPERATIONS,Spend Entry,B03:Spend Entry,ACTIVE,,business.expense.amount,business.expense.note,business.expense.submit,,Tax,MAESTRO-APK-BUSINESS-BUSINESS_OPERATIONS-2079 | Tax | 23949.85,JOINED,Ops Log Spend Entry; amount ID business.expense.amount
2082,MTR-APK-2082,Business,Business,Team Operations,Payroll,Expense,2026-04-03,18:45:47,2026-04-03 18:45:47,31873.7,INR,-31873.7,APK Owner,,,MAESTRO-APK-BUSINESS-TEAM_OPERATIONS-2082 | Payroll | 31873.70,Android,B42,RAMP_1501_2500,CREATED,idem-20260902-apk-2082,android,B01,TEAM_OPERATIONS,Team Update,B01:Team Update,ACTIVE,,business.expense.amount,business.expense.note,business.expense.submit,,Payroll,MAESTRO-APK-BUSINESS-TEAM_OPERATIONS-2082 | Payroll | 31873.70,JOINED,Team Ops hub has no Expense; Team meal/travel etc. use Team Update until Spend path wired — prefer B03 Spend for ops expenses
2085,MTR-APK-2085,Business,Business,Team Operations,Contractor,Expense,2025-10-17,20:35:34,2025-10-17 20:35:34,10425.81,INR,-10425.81,APK Owner,,,MAESTRO-APK-BUSINESS-TEAM_OPERATIONS-2085 | Contractor | 10425.81,Android,B42,RAMP_1501_2500,CREATED,idem-20260902-apk-2085,android,B01,TEAM_OPERATIONS,Team Update,B01:Team Update,ACTIVE,,business.expense.amount,business.expense.note,business.expense.submit,,Contractor,MAESTRO-APK-BUSINESS-TEAM_OPERATIONS-2085 | Contractor | 10425.81,JOINED,Team Ops hub has no Expense; Team meal/travel etc. use Team Update until Spend path wired — prefer B03 Spend for ops expenses
2088,MTR-APK-2088,Business,Business,Team Operations,Hiring,Expense,2026-02-02,16:48:46,2026-02-02 16:48:46,30968.24,INR,-30968.24,APK Owner,,,MAESTRO-APK-BUSINESS-TEAM_OPERATIONS-2088 | Hiring | 30968.24,Android,B42,RAMP_1501_2500,CREATED,idem-20260902-apk-2088,android,B01,TEAM_OPERATIONS,Team Update,B01:Team Update,ACTIVE,,business.expense.amount,business.expense.note,business.expense.submit,,Hiring,MAESTRO-APK-BUSINESS-TEAM_OPERATIONS-2088 | Hiring | 30968.24,JOINED,Team Ops hub has no Expense; Team meal/travel etc. use Team Update until Spend path wired — prefer B03 Spend for ops expenses
2091,MTR-APK-2091,Business,Business,Team Operations,Team Meal,Expense,2025-11-07,07:16:06,2025-11-07 07:16:06,93897.23,INR,-93897.23,APK Owner,,,MAESTRO-APK-BUSINESS-TEAM_OPERATIONS-2091 | Team Meal | 93897.23,Android,B42,RAMP_1501_2500,CREATED,idem-20260902-apk-2091,android,B01,TEAM_OPERATIONS,Team Update,B01:Team Update,ACTIVE,,business.expense.amount,business.expense.note,business.expense.submit,,Team Meal,MAESTRO-APK-BUSINESS-TEAM_OPERATIONS-2091 | Team Meal | 93897.23,JOINED,Team Ops hub has no Expense; Team meal/travel etc. use Team Update until Spend path wired — prefer B03 Spend for ops expenses
2094,MTR-APK-2094,Business,Business,Team Operations,Travel,Expense,2025-09-21,20:47:10,2025-09-21 20:47:10,103543.75,INR,-103543.75,APK Owner,,,MAESTRO-APK-BUSINESS-TEAM_OPERATIONS-2094 | Travel | 103543.75,Android,B42,RAMP_1501_2500,CREATED,idem-20260902-apk-2094,android,B01,TEAM_OPERATIONS,Team Update,B01:Team Update,ACTIVE,,business.expense.amount,business.expense.note,business.expense.submit,,Travel,MAESTRO-APK-BUSINESS-TEAM_OPERATIONS-2094 | Travel | 103543.75,JOINED,Team Ops hub has no Expense; Team meal/travel etc. use Team Update until Spend path wired — prefer B03 Spend for ops expenses
2097,MTR-APK-2097,Business,Business,Team Operations,Training,Expense,2025-10-14,07:13:32,2025-10-14 07:13:32,176777.42,INR,-176777.42,APK Owner,,,MAESTRO-APK-BUSINESS-TEAM_OPERATIONS-2097 | Training | 176777.42,Android,B42,RAMP_1501_2500,CREATED,idem-20260902-apk-2097,android,B01,TEAM_OPERATIONS,Team Update,B01:Team Update,ACTIVE,,business.expense.amount,business.expense.note,business.expense.submit,,Training,MAESTRO-APK-BUSINESS-TEAM_OPERATIONS-2097 | Training | 176777.42,JOINED,Team Ops hub has no Expense; Team meal/travel etc. use Team Update until Spend path wired — prefer B03 Spend for ops expenses
2100,MTR-APK-2100,Business,Business,Team Operations,Tools,Expense,2026-09-01,13:26:32,2026-09-01 13:26:32,152730.51,INR,-152730.51,APK Owner,,,MAESTRO-APK-BUSINESS-TEAM_OPERATIONS-2100 | Tools | 152730.51,Android,B42,RAMP_1501_2500,CREATED,idem-20260902-apk-2100,android,B01,TEAM_OPERATIONS,Team Update,B01:Team Update,ACTIVE,,business.expense.amount,business.expense.note,business.expense.submit,,Tools,MAESTRO-APK-BUSINESS-TEAM_OPERATIONS-2100 | Tools | 152730.51,JOINED,Team Ops hub has no Expense; Team meal/travel etc. use Team Update until Spend path wired — prefer B03 Spend for ops expenses
2103,MTR-APK-2103,Business,Business,Business Runway,Funding,Income,2025-12-14,02:57:31,2025-12-14 02:57:31,10842.76,INR,10842.76,APK Owner,,,MAESTRO-APK-BUSINESS-BUSINESS_RUNWAY-2103 | Funding | 10842.76,Android,B43,RAMP_1501_2500,CREATED,idem-20260902-apk-2103,android,B02,BUSINESS_RUNWAY,Revenue,B02:Revenue,ACTIVE,qa.tile.revenue,business.revenue.amount,,business.revenue.submit,,Funding,MAESTRO-APK-BUSINESS-BUSINESS_RUNWAY-2103 | Funding | 10842.76,JOINED,Funding/Investment/Loan/Revenue → Runway Revenue
2106,MTR-APK-2106,Business,Business,Business Runway,Revenue,Income,2026-08-25,03:11:11,2026-08-25 03:11:11,35159.08,INR,35159.08,APK Owner,,,MAESTRO-APK-BUSINESS-BUSINESS_RUNWAY-2106 | Revenue | 35159.08,Android,B43,RAMP_1501_2500,CREATED,idem-20260902-apk-2106,android,B02,BUSINESS_RUNWAY,Revenue,B02:Revenue,ACTIVE,qa.tile.revenue,business.revenue.amount,,business.revenue.submit,,Revenue,MAESTRO-APK-BUSINESS-BUSINESS_RUNWAY-2106 | Revenue | 35159.08,JOINED,Funding/Investment/Loan/Revenue → Runway Revenue
2109,MTR-APK-2109,Business,Business,Business Runway,Burn,Expense,2026-01-05,03:42:26,2026-01-05 03:42:26,100.0,INR,-100.0,APK Owner,,,MAESTRO-APK-BUSINESS-BUSINESS_RUNWAY-2109 | Burn | 100.00,Android,B43,RAMP_1501_2500,CREATED,idem-20260902-apk-2109,android,B02,BUSINESS_RUNWAY,Expense,B02:Expense,ACTIVE,qa.tile.expense,business.expense.amount,business.expense.note,business.expense.submit,,Burn,MAESTRO-APK-BUSINESS-BUSINESS_RUNWAY-2109 | Burn | 100.00,JOINED,Runway Log Expense
2112,MTR-APK-2112,Business,Business,Business Runway,Reserve,Transfer,2025-11-11,12:47:57,2025-11-11 12:47:57,116807.67,INR,0.0,APK Owner,,,MAESTRO-APK-BUSINESS-BUSINESS_RUNWAY-2112 | Reserve | 116807.67,Android,B43,RAMP_1501_2500,CREATED,idem-20260902-apk-2112,android,B02,BUSINESS_RUNWAY,Expense,B02:Expense,ACTIVE,qa.tile.expense,,,,,Reserve,MAESTRO-APK-BUSINESS-BUSINESS_RUNWAY-2112 | Reserve | 116807.67,JOINED_REVIEW,Reserve transfer → Runway expense/movement proxy — REVIEW
2115,MTR-APK-2115,Business,Business,Business Runway,Loan,Income,2025-10-09,10:56:22,2025-10-09 10:56:22,88758.15,INR,88758.15,APK Owner,,,MAESTRO-APK-BUSINESS-BUSINESS_RUNWAY-2115 | Loan | 88758.15,Android,B43,RAMP_1501_2500,CREATED,idem-20260902-apk-2115,android,B02,BUSINESS_RUNWAY,Revenue,B02:Revenue,ACTIVE,qa.tile.revenue,business.revenue.amount,,business.revenue.submit,,Loan,MAESTRO-APK-BUSINESS-BUSINESS_RUNWAY-2115 | Loan | 88758.15,JOINED,Funding/Investment/Loan/Revenue → Runway Revenue
2118,MTR-APK-2118,Business,Business,Business Runway,Investment,Income,2026-05-14,05:59:11,2026-05-14 05:59:11,119625.31,INR,119625.31,APK Owner,,,MAESTRO-APK-BUSINESS-BUSINESS_RUNWAY-2118 | Investment | 119625.31,Android,B43,RAMP_1501_2500,CREATED,idem-20260902-apk-2118,android,B02,BUSINESS_RUNWAY,Revenue,B02:Revenue,ACTIVE,qa.tile.revenue,business.revenue.amount,,business.revenue.submit,,Investment,MAESTRO-APK-BUSINESS-BUSINESS_RUNWAY-2118 | Investment | 119625.31,JOINED,Funding/Investment/Loan/Revenue → Runway Revenue
2121,MTR-APK-2121,Business,Business,Business Operations,Software,Expense,2025-09-12,04:54:57,2025-09-12 04:54:57,105185.34,INR,-105185.34,APK Owner,,,MAESTRO-APK-BUSINESS-BUSINESS_OPERATIONS-2121 | Software | 105185.34,Android,B43,RAMP_1501_2500,CREATED,idem-20260902-apk-2121,android,B03,BUSINESS_OPERATIONS,Spend Entry,B03:Spend Entry,ACTIVE,,business.expense.amount,business.expense.note,business.expense.submit,,Software,MAESTRO-APK-BUSINESS-BUSINESS_OPERATIONS-2121 | Software | 105185.34,JOINED,Ops Log Spend Entry; amount ID business.expense.amount
2124,MTR-APK-2124,Business,Business,Business Operations,Rent,Expense,2026-03-05,16:02:10,2026-03-05 16:02:10,87116.12,INR,-87116.12,APK Owner,,,MAESTRO-APK-BUSINESS-BUSINESS_OPERATIONS-2124 | Rent | 87116.12,Android,B43,RAMP_1501_2500,CREATED,idem-20260902-apk-2124,android,B03,BUSINESS_OPERATIONS,Spend Entry,B03:Spend Entry,ACTIVE,,business.expense.amount,business.expense.note,business.expense.submit,,Rent,MAESTRO-APK-BUSINESS-BUSINESS_OPERATIONS-2124 | Rent | 87116.12,JOINED,Ops Log Spend Entry; amount ID business.expense.amount
2127,MTR-APK-2127,Business,Business,Business Operations,Marketing,Expense,2025-11-27,17:23:06,2025-11-27 17:23:06,149286.8,INR,-149286.8,APK Owner,,,MAESTRO-APK-BUSINESS-BUSINESS_OPERATIONS-2127 | Marketing | 149286.80,Android,B43,RAMP_1501_2500,CREATED,idem-20260902-apk-2127,android,B03,BUSINESS_OPERATIONS,Spend Entry,B03:Spend Entry,ACTIVE,,business.expense.amount,business.expense.note,business.expense.submit,,Marketing,MAESTRO-APK-BUSINESS-BUSINESS_OPERATIONS-2127 | Marketing | 149286.80,JOINED,Ops Log Spend Entry; amount ID business.expense.amount
2130,MTR-APK-2130,Business,Business,Business Operations,Legal,Expense,2025-09-22,10:38:01,2025-09-22 10:38:01,147736.34,INR,-147736.34,APK Owner,,,MAESTRO-APK-BUSINESS-BUSINESS_OPERATIONS-2130 | Legal | 147736.34,Android,B43,RAMP_1501_2500,CREATED,idem-20260902-apk-2130,android,B03,BUSINESS_OPERATIONS,Spend Entry,B03:Spend Entry,ACTIVE,,business.expense.amount,business.expense.note,business.expense.submit,,Legal,MAESTRO-APK-BUSINESS-BUSINESS_OPERATIONS-2130 | Legal | 147736.34,JOINED,Ops Log Spend Entry; amount ID business.expense.amount
2133,MTR-APK-2133,Business,Business,Business Operations,Accounting,Expense,2025-10-10,20:58:24,2025-10-10 20:58:24,93416.06,INR,-93416.06,APK Owner,,,MAESTRO-APK-BUSINESS-BUSINESS_OPERATIONS-2133 | Accounting | 93416.06,Android,B43,RAMP_1501_2500,CREATED,idem-20260902-apk-2133,android,B03,BUSINESS_OPERATIONS,Spend Entry,B03:Spend Entry,ACTIVE,,business.expense.amount,business.expense.note,business.expense.submit,,Accounting,MAESTRO-APK-BUSINESS-BUSINESS_OPERATIONS-2133 | Accounting | 93416.06,JOINED,Ops Log Spend Entry; amount ID business.expense.amount
2136,MTR-APK-2136,Business,Business,Business Operations,Equipment,Expense,2025-10-18,05:47:33,2025-10-18 05:47:33,51172.67,INR,-51172.67,APK Owner,,,MAESTRO-APK-BUSINESS-BUSINESS_OPERATIONS-2136 | Equipment | 51172.67,Android,B43,RAMP_1501_2500,CREATED,idem-20260902-apk-2136,android,B03,BUSINESS_OPERATIONS,Spend Entry,B03:Spend Entry,ACTIVE,,business.expense.amount,business.expense.note,business.expense.submit,,Equipment,MAESTRO-APK-BUSINESS-BUSINESS_OPERATIONS-2136 | Equipment | 51172.67,JOINED,Ops Log Spend Entry; amount ID business.expense.amount
2139,MTR-APK-2139,Business,Business,Business Operations,Vendor,Expense,2025-12-09,23:08:44,2025-12-09 23:08:44,15709.6,INR,-15709.6,APK Owner,,,MAESTRO-APK-BUSINESS-BUSINESS_OPERATIONS-2139 | Vendor | 15709.60,Android,B43,RAMP_1501_2500,CREATED,idem-20260902-apk-2139,android,B03,BUSINESS_OPERATIONS,Spend Entry,B03:Spend Entry,ACTIVE,,business.expense.amount,business.expense.note,business.expense.submit,,Vendor,MAESTRO-APK-BUSINESS-BUSINESS_OPERATIONS-2139 | Vendor | 15709.60,JOINED,Ops Log Spend Entry; amount ID business.expense.amount
2142,MTR-APK-2142,Business,Business,Business Operations,Tax,Expense,2025-12-11,11:59:35,2025-12-11 11:59:35,119670.62,INR,-119670.62,APK Owner,,,MAESTRO-APK-BUSINESS-BUSINESS_OPERATIONS-2142 | Tax | 119670.62,Android,B43,RAMP_1501_2500,CREATED,idem-20260902-apk-2142,android,B03,BUSINESS_OPERATIONS,Spend Entry,B03:Spend Entry,ACTIVE,,business.expense.amount,business.expense.note,business.expense.submit,,Tax,MAESTRO-APK-BUSINESS-BUSINESS_OPERATIONS-2142 | Tax | 119670.62,JOINED,Ops Log Spend Entry; amount ID business.expense.amount
2145,MTR-APK-2145,Business,Business,Team Operations,Payroll,Expense,2026-07-18,18:39:52,2026-07-18 18:39:52,128415.54,INR,-128415.54,APK Owner,,,MAESTRO-APK-BUSINESS-TEAM_OPERATIONS-2145 | Payroll | 128415.54,Android,B43,RAMP_1501_2500,CREATED,idem-20260902-apk-2145,android,B01,TEAM_OPERATIONS,Team Update,B01:Team Update,ACTIVE,,business.expense.amount,business.expense.note,business.expense.submit,,Payroll,MAESTRO-APK-BUSINESS-TEAM_OPERATIONS-2145 | Payroll | 128415.54,JOINED,Team Ops hub has no Expense; Team meal/travel etc. use Team Update until Spend path wired — prefer B03 Spend for ops expenses
2148,MTR-APK-2148,Business,Business,Team Operations,Contractor,Expense,2026-04-13,18:46:30,2026-04-13 18:46:30,90465.49,INR,-90465.49,APK Owner,,,MAESTRO-APK-BUSINESS-TEAM_OPERATIONS-2148 | Contractor | 90465.49,Android,B43,RAMP_1501_2500,CREATED,idem-20260902-apk-2148,android,B01,TEAM_OPERATIONS,Team Update,B01:Team Update,ACTIVE,,business.expense.amount,business.expense.note,business.expense.submit,,Contractor,MAESTRO-APK-BUSINESS-TEAM_OPERATIONS-2148 | Contractor | 90465.49,JOINED,Team Ops hub has no Expense; Team meal/travel etc. use Team Update until Spend path wired — prefer B03 Spend for ops expenses
2151,MTR-APK-2151,Business,Business,Team Operations,Hiring,Expense,2026-05-20,05:19:04,2026-05-20 05:19:04,174319.64,INR,-174319.64,APK Owner,,,MAESTRO-APK-BUSINESS-TEAM_OPERATIONS-2151 | Hiring | 174319.64,Android,B44,RAMP_1501_2500,CREATED,idem-20260902-apk-2151,android,B01,TEAM_OPERATIONS,Team Update,B01:Team Update,ACTIVE,,business.expense.amount,business.expense.note,business.expense.submit,,Hiring,MAESTRO-APK-BUSINESS-TEAM_OPERATIONS-2151 | Hiring | 174319.64,JOINED,Team Ops hub has no Expense; Team meal/travel etc. use Team Update until Spend path wired — prefer B03 Spend for ops expenses
2154,MTR-APK-2154,Business,Business,Team Operations,Team Meal,Expense,2026-08-05,20:52:12,2026-08-05 20:52:12,55085.41,INR,-55085.41,APK Owner,,,MAESTRO-APK-BUSINESS-TEAM_OPERATIONS-2154 | Team Meal | 55085.41,Android,B44,RAMP_1501_2500,CREATED,idem-20260902-apk-2154,android,B01,TEAM_OPERATIONS,Team Update,B01:Team Update,ACTIVE,,business.expense.amount,business.expense.note,business.expense.submit,,Team Meal,MAESTRO-APK-BUSINESS-TEAM_OPERATIONS-2154 | Team Meal | 55085.41,JOINED,Team Ops hub has no Expense; Team meal/travel etc. use Team Update until Spend path wired — prefer B03 Spend for ops expenses
2157,MTR-APK-2157,Business,Business,Team Operations,Travel,Expense,2026-08-04,07:17:39,2026-08-04 07:17:39,7560.67,INR,-7560.67,APK Owner,,,MAESTRO-APK-BUSINESS-TEAM_OPERATIONS-2157 | Travel | 7560.67,Android,B44,RAMP_1501_2500,CREATED,idem-20260902-apk-2157,android,B01,TEAM_OPERATIONS,Team Update,B01:Team Update,ACTIVE,,business.expense.amount,business.expense.note,business.expense.submit,,Travel,MAESTRO-APK-BUSINESS-TEAM_OPERATIONS-2157 | Travel | 7560.67,JOINED,Team Ops hub has no Expense; Team meal/travel etc. use Team Update until Spend path wired — prefer B03 Spend for ops expenses
2160,MTR-APK-2160,Business,Business,Team Operations,Training,Expense,2026-08-18,12:38:46,2026-08-18 12:38:46,80134.02,INR,-80134.02,APK Owner,,,MAESTRO-APK-BUSINESS-TEAM_OPERATIONS-2160 | Training | 80134.02,Android,B44,RAMP_1501_2500,CREATED,idem-20260902-apk-2160,android,B01,TEAM_OPERATIONS,Team Update,B01:Team Update,ACTIVE,,business.expense.amount,business.expense.note,business.expense.submit,,Training,MAESTRO-APK-BUSINESS-TEAM_OPERATIONS-2160 | Training | 80134.02,JOINED,Team Ops hub has no Expense; Team meal/travel etc. use Team Update until Spend path wired — prefer B03 Spend for ops expenses
2163,MTR-APK-2163,Business,Business,Team Operations,Tools,Expense,2026-08-06,19:57:37,2026-08-06 19:57:37,175127.99,INR,-175127.99,APK Owner,,,MAESTRO-APK-BUSINESS-TEAM_OPERATIONS-2163 | Tools | 175127.99,Android,B44,RAMP_1501_2500,CREATED,idem-20260902-apk-2163,android,B01,TEAM_OPERATIONS,Team Update,B01:Team Update,ACTIVE,,business.expense.amount,business.expense.note,business.expense.submit,,Tools,MAESTRO-APK-BUSINESS-TEAM_OPERATIONS-2163 | Tools | 175127.99,JOINED,Team Ops hub has no Expense; Team meal/travel etc. use Team Update until Spend path wired — prefer B03 Spend for ops expenses
2166,MTR-APK-2166,Business,Business,Business Runway,Funding,Income,2026-07-18,17:29:40,2026-07-18 17:29:40,50447.46,INR,50447.46,APK Owner,,,MAESTRO-APK-BUSINESS-BUSINESS_RUNWAY-2166 | Funding | 50447.46,Android,B44,RAMP_1501_2500,CREATED,idem-20260902-apk-2166,android,B02,BUSINESS_RUNWAY,Revenue,B02:Revenue,ACTIVE,qa.tile.revenue,business.revenue.amount,,business.revenue.submit,,Funding,MAESTRO-APK-BUSINESS-BUSINESS_RUNWAY-2166 | Funding | 50447.46,JOINED,Funding/Investment/Loan/Revenue → Runway Revenue
2169,MTR-APK-2169,Business,Business,Business Runway,Revenue,Income,2025-09-01,03:13:20,2025-09-01 03:13:20,84498.85,INR,84498.85,APK Owner,,,MAESTRO-APK-BUSINESS-BUSINESS_RUNWAY-2169 | Revenue | 84498.85,Android,B44,RAMP_1501_2500,CREATED,idem-20260902-apk-2169,android,B02,BUSINESS_RUNWAY,Revenue,B02:Revenue,ACTIVE,qa.tile.revenue,business.revenue.amount,,business.revenue.submit,,Revenue,MAESTRO-APK-BUSINESS-BUSINESS_RUNWAY-2169 | Revenue | 84498.85,JOINED,Funding/Investment/Loan/Revenue → Runway Revenue
2172,MTR-APK-2172,Business,Business,Business Runway,Burn,Expense,2026-01-13,09:24:56,2026-01-13 09:24:56,39403.13,INR,-39403.13,APK Owner,,,MAESTRO-APK-BUSINESS-BUSINESS_RUNWAY-2172 | Burn | 39403.13,Android,B44,RAMP_1501_2500,CREATED,idem-20260902-apk-2172,android,B02,BUSINESS_RUNWAY,Expense,B02:Expense,ACTIVE,qa.tile.expense,business.expense.amount,business.expense.note,business.expense.submit,,Burn,MAESTRO-APK-BUSINESS-BUSINESS_RUNWAY-2172 | Burn | 39403.13,JOINED,Runway Log Expense
2175,MTR-APK-2175,Business,Business,Business Runway,Reserve,Transfer,2026-01-31,21:40:46,2026-01-31 21:40:46,120623.58,INR,0.0,APK Owner,,,MAESTRO-APK-BUSINESS-BUSINESS_RUNWAY-2175 | Reserve | 120623.58,Android,B44,RAMP_1501_2500,CREATED,idem-20260902-apk-2175,android,B02,BUSINESS_RUNWAY,Expense,B02:Expense,ACTIVE,qa.tile.expense,,,,,Reserve,MAESTRO-APK-BUSINESS-BUSINESS_RUNWAY-2175 | Reserve | 120623.58,JOINED_REVIEW,Reserve transfer → Runway expense/movement proxy — REVIEW
2178,MTR-APK-2178,Business,Business,Business Runway,Loan,Income,2025-10-08,05:25:54,2025-10-08 05:25:54,97363.51,INR,97363.51,APK Owner,,,MAESTRO-APK-BUSINESS-BUSINESS_RUNWAY-2178 | Loan | 97363.51,Android,B44,RAMP_1501_2500,CREATED,idem-20260902-apk-2178,android,B02,BUSINESS_RUNWAY,Revenue,B02:Revenue,ACTIVE,qa.tile.revenue,business.revenue.amount,,business.revenue.submit,,Loan,MAESTRO-APK-BUSINESS-BUSINESS_RUNWAY-2178 | Loan | 97363.51,JOINED,Funding/Investment/Loan/Revenue → Runway Revenue
2181,MTR-APK-2181,Business,Business,Business Runway,Investment,Income,2026-08-13,08:27:03,2026-08-13 08:27:03,114704.49,INR,114704.49,APK Owner,,,MAESTRO-APK-BUSINESS-BUSINESS_RUNWAY-2181 | Investment | 114704.49,Android,B44,RAMP_1501_2500,CREATED,idem-20260902-apk-2181,android,B02,BUSINESS_RUNWAY,Revenue,B02:Revenue,ACTIVE,qa.tile.revenue,business.revenue.amount,,business.revenue.submit,,Investment,MAESTRO-APK-BUSINESS-BUSINESS_RUNWAY-2181 | Investment | 114704.49,JOINED,Funding/Investment/Loan/Revenue → Runway Revenue
2184,MTR-APK-2184,Business,Business,Business Operations,Software,Expense,2026-04-02,00:57:27,2026-04-02 00:57:27,9429.59,INR,-9429.59,APK Owner,,,MAESTRO-APK-BUSINESS-BUSINESS_OPERATIONS-2184 | Software | 9429.59,Android,B44,RAMP_1501_2500,CREATED,idem-20260902-apk-2184,android,B03,BUSINESS_OPERATIONS,Spend Entry,B03:Spend Entry,ACTIVE,,business.expense.amount,business.expense.note,business.expense.submit,,Software,MAESTRO-APK-BUSINESS-BUSINESS_OPERATIONS-2184 | Software | 9429.59,JOINED,Ops Log Spend Entry; amount ID business.expense.amount
2187,MTR-APK-2187,Business,Business,Business Operations,Rent,Expense,2026-09-01,05:54:25,2026-09-01 05:54:25,159732.03,INR,-159732.03,APK Owner,,,MAESTRO-APK-BUSINESS-BUSINESS_OPERATIONS-2187 | Rent | 159732.03,Android,B44,RAMP_1501_2500,CREATED,idem-20260902-apk-2187,android,B03,BUSINESS_OPERATIONS,Spend Entry,B03:Spend Entry,ACTIVE,,business.expense.amount,business.expense.note,business.expense.submit,,Rent,MAESTRO-APK-BUSINESS-BUSINESS_OPERATIONS-2187 | Rent | 159732.03,JOINED,Ops Log Spend Entry; amount ID business.expense.amount
2190,MTR-APK-2190,Business,Business,Business Operations,Marketing,Expense,2026-02-23,14:06:46,2026-02-23 14:06:46,66558.54,INR,-66558.54,APK Owner,,,MAESTRO-APK-BUSINESS-BUSINESS_OPERATIONS-2190 | Marketing | 66558.54,Android,B44,RAMP_1501_2500,CREATED,idem-20260902-apk-2190,android,B03,BUSINESS_OPERATIONS,Spend Entry,B03:Spend Entry,ACTIVE,,business.expense.amount,business.expense.note,business.expense.submit,,Marketing,MAESTRO-APK-BUSINESS-BUSINESS_OPERATIONS-2190 | Marketing | 66558.54,JOINED,Ops Log Spend Entry; amount ID business.expense.amount
2193,MTR-APK-2193,Business,Business,Business Operations,Legal,Expense,2025-10-27,04:02:14,2025-10-27 04:02:14,175095.51,INR,-175095.51,APK Owner,,,MAESTRO-APK-BUSINESS-BUSINESS_OPERATIONS-2193 | Legal | 175095.51,Android,B44,RAMP_1501_2500,CREATED,idem-20260902-apk-2193,android,B03,BUSINESS_OPERATIONS,Spend Entry,B03:Spend Entry,ACTIVE,,business.expense.amount,business.expense.note,business.expense.submit,,Legal,MAESTRO-APK-BUSINESS-BUSINESS_OPERATIONS-2193 | Legal | 175095.51,JOINED,Ops Log Spend Entry; amount ID business.expense.amount
2196,MTR-APK-2196,Business,Business,Business Operations,Accounting,Expense,2026-08-21,05:36:51,2026-08-21 05:36:51,36119.13,INR,-36119.13,APK Owner,,,MAESTRO-APK-BUSINESS-BUSINESS_OPERATIONS-2196 | Accounting | 36119.13,Android,B44,RAMP_1501_2500,CREATED,idem-20260902-apk-2196,android,B03,BUSINESS_OPERATIONS,Spend Entry,B03:Spend Entry,ACTIVE,,business.expense.amount,business.expense.note,business.expense.submit,,Accounting,MAESTRO-APK-BUSINESS-BUSINESS_OPERATIONS-2196 | Accounting | 36119.13,JOINED,Ops Log Spend Entry; amount ID business.expense.amount
2199,MTR-APK-2199,Business,Business,Business Operations,Equipment,Expense,2026-05-27,21:16:19,2026-05-27 21:16:19,162269.13,INR,-162269.13,APK Owner,,,MAESTRO-APK-BUSINESS-BUSINESS_OPERATIONS-2199 | Equipment | 162269.13,Android,B44,RAMP_1501_2500,CREATED,idem-20260902-apk-2199,android,B03,BUSINESS_OPERATIONS,Spend Entry,B03:Spend Entry,ACTIVE,,business.expense.amount,business.expense.note,business.expense.submit,,Equipment,MAESTRO-APK-BUSINESS-BUSINESS_OPERATIONS-2199 | Equipment | 162269.13,JOINED,Ops Log Spend Entry; amount ID business.expense.amount
2202,MTR-APK-2202,Business,Business,Business Operations,Vendor,Expense,2025-10-30,12:16:26,2025-10-30 12:16:26,100945.45,INR,-100945.45,APK Owner,,,MAESTRO-APK-BUSINESS-BUSINESS_OPERATIONS-2202 | Vendor | 100945.45,Android,B45,RAMP_1501_2500,CREATED,idem-20260902-apk-2202,android,B03,BUSINESS_OPERATIONS,Spend Entry,B03:Spend Entry,ACTIVE,,business.expense.amount,business.expense.note,business.expense.submit,,Vendor,MAESTRO-APK-BUSINESS-BUSINESS_OPERATIONS-2202 | Vendor | 100945.45,JOINED,Ops Log Spend Entry; amount ID business.expense.amount
2205,MTR-APK-2205,Business,Business,Business Operations,Tax,Expense,2026-05-28,06:52:47,2026-05-28 06:52:47,125414.62,INR,-125414.62,APK Owner,,,MAESTRO-APK-BUSINESS-BUSINESS_OPERATIONS-2205 | Tax | 125414.62,Android,B45,RAMP_1501_2500,CREATED,idem-20260902-apk-2205,android,B03,BUSINESS_OPERATIONS,Spend Entry,B03:Spend Entry,ACTIVE,,business.expense.amount,business.expense.note,business.expense.submit,,Tax,MAESTRO-APK-BUSINESS-BUSINESS_OPERATIONS-2205 | Tax | 125414.62,JOINED,Ops Log Spend Entry; amount ID business.expense.amount
2208,MTR-APK-2208,Business,Business,Team Operations,Payroll,Expense,2026-09-01,03:07:13,2026-09-01 03:07:13,94363.57,INR,-94363.57,APK Owner,,,MAESTRO-APK-BUSINESS-TEAM_OPERATIONS-2208 | Payroll | 94363.57,Android,B45,RAMP_1501_2500,CREATED,idem-20260902-apk-2208,android,B01,TEAM_OPERATIONS,Team Update,B01:Team Update,ACTIVE,,business.expense.amount,business.expense.note,business.expense.submit,,Payroll,MAESTRO-APK-BUSINESS-TEAM_OPERATIONS-2208 | Payroll | 94363.57,JOINED,Team Ops hub has no Expense; Team meal/travel etc. use Team Update until Spend path wired — prefer B03 Spend for ops expenses
2211,MTR-APK-2211,Business,Business,Team Operations,Contractor,Expense,2026-08-08,06:36:40,2026-08-08 06:36:40,68314.26,INR,-68314.26,APK Owner,,,MAESTRO-APK-BUSINESS-TEAM_OPERATIONS-2211 | Contractor | 68314.26,Android,B45,RAMP_1501_2500,CREATED,idem-20260902-apk-2211,android,B01,TEAM_OPERATIONS,Team Update,B01:Team Update,ACTIVE,,business.expense.amount,business.expense.note,business.expense.submit,,Contractor,MAESTRO-APK-BUSINESS-TEAM_OPERATIONS-2211 | Contractor | 68314.26,JOINED,Team Ops hub has no Expense; Team meal/travel etc. use Team Update until Spend path wired — prefer B03 Spend for ops expenses
2214,MTR-APK-2214,Business,Business,Team Operations,Hiring,Expense,2025-12-28,21:06:00,2025-12-28 21:06:00,63613.26,INR,-63613.26,APK Owner,,,MAESTRO-APK-BUSINESS-TEAM_OPERATIONS-2214 | Hiring | 63613.26,Android,B45,RAMP_1501_2500,CREATED,idem-20260902-apk-2214,android,B01,TEAM_OPERATIONS,Team Update,B01:Team Update,ACTIVE,,business.expense.amount,business.expense.note,business.expense.submit,,Hiring,MAESTRO-APK-BUSINESS-TEAM_OPERATIONS-2214 | Hiring | 63613.26,JOINED,Team Ops hub has no Expense; Team meal/travel etc. use Team Update until Spend path wired — prefer B03 Spend for ops expenses
2217,MTR-APK-2217,Business,Business,Team Operations,Team Meal,Expense,2025-10-27,08:36:50,2025-10-27 08:36:50,123172.46,INR,-123172.46,APK Owner,,,MAESTRO-APK-BUSINESS-TEAM_OPERATIONS-2217 | Team Meal | 123172.46,Android,B45,RAMP_1501_2500,CREATED,idem-20260902-apk-2217,android,B01,TEAM_OPERATIONS,Team Update,B01:Team Update,ACTIVE,,business.expense.amount,business.expense.note,business.expense.submit,,Team Meal,MAESTRO-APK-BUSINESS-TEAM_OPERATIONS-2217 | Team Meal | 123172.46,JOINED,Team Ops hub has no Expense; Team meal/travel etc. use Team Update until Spend path wired — prefer B03 Spend for ops expenses
2220,MTR-APK-2220,Business,Business,Team Operations,Travel,Expense,2026-05-17,02:38:23,2026-05-17 02:38:23,0.01,INR,-0.01,APK Owner,,,MAESTRO-APK-BUSINESS-TEAM_OPERATIONS-2220 | Travel | 0.01,Android,B45,RAMP_1501_2500,CREATED,idem-20260902-apk-2220,android,B01,TEAM_OPERATIONS,Team Update,B01:Team Update,ACTIVE,,business.expense.amount,business.expense.note,business.expense.submit,,Travel,MAESTRO-APK-BUSINESS-TEAM_OPERATIONS-2220 | Travel | 0.01,JOINED,Team Ops hub has no Expense; Team meal/travel etc. use Team Update until Spend path wired — prefer B03 Spend for ops expenses
2223,MTR-APK-2223,Business,Business,Team Operations,Training,Expense,2026-06-08,14:47:02,2026-06-08 14:47:02,7599.39,INR,-7599.39,APK Owner,,,MAESTRO-APK-BUSINESS-TEAM_OPERATIONS-2223 | Training | 7599.39,Android,B45,RAMP_1501_2500,CREATED,idem-20260902-apk-2223,android,B01,TEAM_OPERATIONS,Team Update,B01:Team Update,ACTIVE,,business.expense.amount,business.expense.note,business.expense.submit,,Training,MAESTRO-APK-BUSINESS-TEAM_OPERATIONS-2223 | Training | 7599.39,JOINED,Team Ops hub has no Expense; Team meal/travel etc. use Team Update until Spend path wired — prefer B03 Spend for ops expenses
2226,MTR-APK-2226,Business,Business,Team Operations,Tools,Expense,2026-06-09,01:42:40,2026-06-09 01:42:40,29831.41,INR,-29831.41,APK Owner,,,MAESTRO-APK-BUSINESS-TEAM_OPERATIONS-2226 | Tools | 29831.41,Android,B45,RAMP_1501_2500,CREATED,idem-20260902-apk-2226,android,B01,TEAM_OPERATIONS,Team Update,B01:Team Update,ACTIVE,,business.expense.amount,business.expense.note,business.expense.submit,,Tools,MAESTRO-APK-BUSINESS-TEAM_OPERATIONS-2226 | Tools | 29831.41,JOINED,Team Ops hub has no Expense; Team meal/travel etc. use Team Update until Spend path wired — prefer B03 Spend for ops expenses
2229,MTR-APK-2229,Business,Business,Business Runway,Funding,Income,2026-02-08,16:18:58,2026-02-08 16:18:58,155993.44,INR,155993.44,APK Owner,,,MAESTRO-APK-BUSINESS-BUSINESS_RUNWAY-2229 | Funding | 155993.44,Android,B45,RAMP_1501_2500,CREATED,idem-20260902-apk-2229,android,B02,BUSINESS_RUNWAY,Revenue,B02:Revenue,ACTIVE,qa.tile.revenue,business.revenue.amount,,business.revenue.submit,,Funding,MAESTRO-APK-BUSINESS-BUSINESS_RUNWAY-2229 | Funding | 155993.44,JOINED,Funding/Investment/Loan/Revenue → Runway Revenue
2232,MTR-APK-2232,Business,Business,Business Runway,Revenue,Income,2025-09-28,08:05:35,2025-09-28 08:05:35,177373.26,INR,177373.26,APK Owner,,,MAESTRO-APK-BUSINESS-BUSINESS_RUNWAY-2232 | Revenue | 177373.26,Android,B45,RAMP_1501_2500,CREATED,idem-20260902-apk-2232,android,B02,BUSINESS_RUNWAY,Revenue,B02:Revenue,ACTIVE,qa.tile.revenue,business.revenue.amount,,business.revenue.submit,,Revenue,MAESTRO-APK-BUSINESS-BUSINESS_RUNWAY-2232 | Revenue | 177373.26,JOINED,Funding/Investment/Loan/Revenue → Runway Revenue
2235,MTR-APK-2235,Business,Business,Business Runway,Burn,Expense,2026-03-27,06:37:04,2026-03-27 06:37:04,39584.44,INR,-39584.44,APK Owner,,,MAESTRO-APK-BUSINESS-BUSINESS_RUNWAY-2235 | Burn | 39584.44,Android,B45,RAMP_1501_2500,CREATED,idem-20260902-apk-2235,android,B02,BUSINESS_RUNWAY,Expense,B02:Expense,ACTIVE,qa.tile.expense,business.expense.amount,business.expense.note,business.expense.submit,,Burn,MAESTRO-APK-BUSINESS-BUSINESS_RUNWAY-2235 | Burn | 39584.44,JOINED,Runway Log Expense
2238,MTR-APK-2238,Business,Business,Business Runway,Reserve,Transfer,2026-07-13,00:27:14,2026-07-13 00:27:14,89208.43,INR,0.0,APK Owner,,,MAESTRO-APK-BUSINESS-BUSINESS_RUNWAY-2238 | Reserve | 89208.43,Android,B45,RAMP_1501_2500,CREATED,idem-20260902-apk-2238,android,B02,BUSINESS_RUNWAY,Expense,B02:Expense,ACTIVE,qa.tile.expense,,,,,Reserve,MAESTRO-APK-BUSINESS-BUSINESS_RUNWAY-2238 | Reserve | 89208.43,JOINED_REVIEW,Reserve transfer → Runway expense/movement proxy — REVIEW
2241,MTR-APK-2241,Business,Business,Business Runway,Loan,Income,2026-06-12,15:31:43,2026-06-12 15:31:43,88717.43,INR,88717.43,APK Owner,,,MAESTRO-APK-BUSINESS-BUSINESS_RUNWAY-2241 | Loan | 88717.43,Android,B45,RAMP_1501_2500,CREATED,idem-20260902-apk-2241,android,B02,BUSINESS_RUNWAY,Revenue,B02:Revenue,ACTIVE,qa.tile.revenue,business.revenue.amount,,business.revenue.submit,,Loan,MAESTRO-APK-BUSINESS-BUSINESS_RUNWAY-2241 | Loan | 88717.43,JOINED,Funding/Investment/Loan/Revenue → Runway Revenue
2244,MTR-APK-2244,Business,Business,Business Runway,Investment,Income,2026-04-24,21:49:35,2026-04-24 21:49:35,115238.34,INR,115238.34,APK Owner,,,MAESTRO-APK-BUSINESS-BUSINESS_RUNWAY-2244 | Investment | 115238.34,Android,B45,RAMP_1501_2500,CREATED,idem-20260902-apk-2244,android,B02,BUSINESS_RUNWAY,Revenue,B02:Revenue,ACTIVE,qa.tile.revenue,business.revenue.amount,,business.revenue.submit,,Investment,MAESTRO-APK-BUSINESS-BUSINESS_RUNWAY-2244 | Investment | 115238.34,JOINED,Funding/Investment/Loan/Revenue → Runway Revenue
2247,MTR-APK-2247,Business,Business,Business Operations,Software,Expense,2025-12-04,00:50:22,2025-12-04 00:50:22,83867.98,INR,-83867.98,APK Owner,,,MAESTRO-APK-BUSINESS-BUSINESS_OPERATIONS-2247 | Software | 83867.98,Android,B45,RAMP_1501_2500,CREATED,idem-20260902-apk-2247,android,B03,BUSINESS_OPERATIONS,Spend Entry,B03:Spend Entry,ACTIVE,,business.expense.amount,business.expense.note,business.expense.submit,,Software,MAESTRO-APK-BUSINESS-BUSINESS_OPERATIONS-2247 | Software | 83867.98,JOINED,Ops Log Spend Entry; amount ID business.expense.amount
2250,MTR-APK-2250,Business,Business,Business Operations,Rent,Expense,2026-07-13,22:32:07,2026-07-13 22:32:07,88946.38,INR,-88946.38,APK Owner,,,MAESTRO-APK-BUSINESS-BUSINESS_OPERATIONS-2250 | Rent | 88946.38,Android,B45,RAMP_1501_2500,CREATED,idem-20260902-apk-2250,android,B03,BUSINESS_OPERATIONS,Spend Entry,B03:Spend Entry,ACTIVE,,business.expense.amount,business.expense.note,business.expense.submit,,Rent,MAESTRO-APK-BUSINESS-BUSINESS_OPERATIONS-2250 | Rent | 88946.38,JOINED,Ops Log Spend Entry; amount ID business.expense.amount
2253,MTR-APK-2253,Business,Business,Business Operations,Marketing,Expense,2026-03-18,13:59:15,2026-03-18 13:59:15,112380.21,INR,-112380.21,APK Owner,,,MAESTRO-APK-BUSINESS-BUSINESS_OPERATIONS-2253 | Marketing | 112380.21,Android,B46,RAMP_1501_2500,CREATED,idem-20260902-apk-2253,android,B03,BUSINESS_OPERATIONS,Spend Entry,B03:Spend Entry,ACTIVE,,business.expense.amount,business.expense.note,business.expense.submit,,Marketing,MAESTRO-APK-BUSINESS-BUSINESS_OPERATIONS-2253 | Marketing | 112380.21,JOINED,Ops Log Spend Entry; amount ID business.expense.amount
2256,MTR-APK-2256,Business,Business,Business Operations,Legal,Expense,2026-08-28,09:33:12,2026-08-28 09:33:12,167843.86,INR,-167843.86,APK Owner,,,MAESTRO-APK-BUSINESS-BUSINESS_OPERATIONS-2256 | Legal | 167843.86,Android,B46,RAMP_1501_2500,CREATED,idem-20260902-apk-2256,android,B03,BUSINESS_OPERATIONS,Spend Entry,B03:Spend Entry,ACTIVE,,business.expense.amount,business.expense.note,business.expense.submit,,Legal,MAESTRO-APK-BUSINESS-BUSINESS_OPERATIONS-2256 | Legal | 167843.86,JOINED,Ops Log Spend Entry; amount ID business.expense.amount
2259,MTR-APK-2259,Business,Business,Business Operations,Accounting,Expense,2026-06-05,11:29:15,2026-06-05 11:29:15,113724.16,INR,-113724.16,APK Owner,,,MAESTRO-APK-BUSINESS-BUSINESS_OPERATIONS-2259 | Accounting | 113724.16,Android,B46,RAMP_1501_2500,CREATED,idem-20260902-apk-2259,android,B03,BUSINESS_OPERATIONS,Spend Entry,B03:Spend Entry,ACTIVE,,business.expense.amount,business.expense.note,business.expense.submit,,Accounting,MAESTRO-APK-BUSINESS-BUSINESS_OPERATIONS-2259 | Accounting | 113724.16,JOINED,Ops Log Spend Entry; amount ID business.expense.amount
2262,MTR-APK-2262,Business,Business,Business Operations,Equipment,Expense,2026-07-03,23:42:32,2026-07-03 23:42:32,177953.0,INR,-177953.0,APK Owner,,,MAESTRO-APK-BUSINESS-BUSINESS_OPERATIONS-2262 | Equipment | 177953.00,Android,B46,RAMP_1501_2500,CREATED,idem-20260902-apk-2262,android,B03,BUSINESS_OPERATIONS,Spend Entry,B03:Spend Entry,ACTIVE,,business.expense.amount,business.expense.note,business.expense.submit,,Equipment,MAESTRO-APK-BUSINESS-BUSINESS_OPERATIONS-2262 | Equipment | 177953.00,JOINED,Ops Log Spend Entry; amount ID business.expense.amount
2265,MTR-APK-2265,Business,Business,Business Operations,Vendor,Expense,2026-08-01,13:00:54,2026-08-01 13:00:54,167414.3,INR,-167414.3,APK Owner,,,MAESTRO-APK-BUSINESS-BUSINESS_OPERATIONS-2265 | Vendor | 167414.30,Android,B46,RAMP_1501_2500,CREATED,idem-20260902-apk-2265,android,B03,BUSINESS_OPERATIONS,Spend Entry,B03:Spend Entry,ACTIVE,,business.expense.amount,business.expense.note,business.expense.submit,,Vendor,MAESTRO-APK-BUSINESS-BUSINESS_OPERATIONS-2265 | Vendor | 167414.30,JOINED,Ops Log Spend Entry; amount ID business.expense.amount
2268,MTR-APK-2268,Business,Business,Business Operations,Tax,Expense,2025-09-11,02:07:41,2025-09-11 02:07:41,13793.31,INR,-13793.31,APK Owner,,,MAESTRO-APK-BUSINESS-BUSINESS_OPERATIONS-2268 | Tax | 13793.31,Android,B46,RAMP_1501_2500,CREATED,idem-20260902-apk-2268,android,B03,BUSINESS_OPERATIONS,Spend Entry,B03:Spend Entry,ACTIVE,,business.expense.amount,business.expense.note,business.expense.submit,,Tax,MAESTRO-APK-BUSINESS-BUSINESS_OPERATIONS-2268 | Tax | 13793.31,JOINED,Ops Log Spend Entry; amount ID business.expense.amount
2271,MTR-APK-2271,Business,Business,Team Operations,Payroll,Expense,2025-12-22,18:23:09,2025-12-22 18:23:09,128200.48,INR,-128200.48,APK Owner,,,MAESTRO-APK-BUSINESS-TEAM_OPERATIONS-2271 | Payroll | 128200.48,Android,B46,RAMP_1501_2500,CREATED,idem-20260902-apk-2271,android,B01,TEAM_OPERATIONS,Team Update,B01:Team Update,ACTIVE,,business.expense.amount,business.expense.note,business.expense.submit,,Payroll,MAESTRO-APK-BUSINESS-TEAM_OPERATIONS-2271 | Payroll | 128200.48,JOINED,Team Ops hub has no Expense; Team meal/travel etc. use Team Update until Spend path wired — prefer B03 Spend for ops expenses
2274,MTR-APK-2274,Business,Business,Team Operations,Contractor,Expense,2026-04-06,01:34:47,2026-04-06 01:34:47,111373.3,INR,-111373.3,APK Owner,,,MAESTRO-APK-BUSINESS-TEAM_OPERATIONS-2274 | Contractor | 111373.30,Android,B46,RAMP_1501_2500,CREATED,idem-20260902-apk-2274,android,B01,TEAM_OPERATIONS,Team Update,B01:Team Update,ACTIVE,,business.expense.amount,business.expense.note,business.expense.submit,,Contractor,MAESTRO-APK-BUSINESS-TEAM_OPERATIONS-2274 | Contractor | 111373.30,JOINED,Team Ops hub has no Expense; Team meal/travel etc. use Team Update until Spend path wired — prefer B03 Spend for ops expenses
2277,MTR-APK-2277,Business,Business,Team Operations,Hiring,Expense,2026-06-27,00:57:51,2026-06-27 00:57:51,160214.69,INR,-160214.69,APK Owner,,,MAESTRO-APK-BUSINESS-TEAM_OPERATIONS-2277 | Hiring | 160214.69,Android,B46,RAMP_1501_2500,CREATED,idem-20260902-apk-2277,android,B01,TEAM_OPERATIONS,Team Update,B01:Team Update,ACTIVE,,business.expense.amount,business.expense.note,business.expense.submit,,Hiring,MAESTRO-APK-BUSINESS-TEAM_OPERATIONS-2277 | Hiring | 160214.69,JOINED,Team Ops hub has no Expense; Team meal/travel etc. use Team Update until Spend path wired — prefer B03 Spend for ops expenses
2280,MTR-APK-2280,Business,Business,Team Operations,Team Meal,Expense,2026-07-11,13:48:59,2026-07-11 13:48:59,114265.65,INR,-114265.65,APK Owner,,,MAESTRO-APK-BUSINESS-TEAM_OPERATIONS-2280 | Team Meal | 114265.65,Android,B46,RAMP_1501_2500,CREATED,idem-20260902-apk-2280,android,B01,TEAM_OPERATIONS,Team Update,B01:Team Update,ACTIVE,,business.expense.amount,business.expense.note,business.expense.submit,,Team Meal,MAESTRO-APK-BUSINESS-TEAM_OPERATIONS-2280 | Team Meal | 114265.65,JOINED,Team Ops hub has no Expense; Team meal/travel etc. use Team Update until Spend path wired — prefer B03 Spend for ops expenses
2283,MTR-APK-2283,Business,Business,Team Operations,Travel,Expense,2026-01-02,18:48:19,2026-01-02 18:48:19,89782.28,INR,-89782.28,APK Owner,,,MAESTRO-APK-BUSINESS-TEAM_OPERATIONS-2283 | Travel | 89782.28,Android,B46,RAMP_1501_2500,CREATED,idem-20260902-apk-2283,android,B01,TEAM_OPERATIONS,Team Update,B01:Team Update,ACTIVE,,business.expense.amount,business.expense.note,business.expense.submit,,Travel,MAESTRO-APK-BUSINESS-TEAM_OPERATIONS-2283 | Travel | 89782.28,JOINED,Team Ops hub has no Expense; Team meal/travel etc. use Team Update until Spend path wired — prefer B03 Spend for ops expenses
2286,MTR-APK-2286,Business,Business,Team Operations,Training,Expense,2025-09-25,15:56:58,2025-09-25 15:56:58,129079.45,INR,-129079.45,APK Owner,,,MAESTRO-APK-BUSINESS-TEAM_OPERATIONS-2286 | Training | 129079.45,Android,B46,RAMP_1501_2500,CREATED,idem-20260902-apk-2286,android,B01,TEAM_OPERATIONS,Team Update,B01:Team Update,ACTIVE,,business.expense.amount,business.expense.note,business.expense.submit,,Training,MAESTRO-APK-BUSINESS-TEAM_OPERATIONS-2286 | Training | 129079.45,JOINED,Team Ops hub has no Expense; Team meal/travel etc. use Team Update until Spend path wired — prefer B03 Spend for ops expenses
2289,MTR-APK-2289,Business,Business,Team Operations,Tools,Expense,2026-04-07,19:57:58,2026-04-07 19:57:58,160917.67,INR,-160917.67,APK Owner,,,MAESTRO-APK-BUSINESS-TEAM_OPERATIONS-2289 | Tools | 160917.67,Android,B46,RAMP_1501_2500,CREATED,idem-20260902-apk-2289,android,B01,TEAM_OPERATIONS,Team Update,B01:Team Update,ACTIVE,,business.expense.amount,business.expense.note,business.expense.submit,,Tools,MAESTRO-APK-BUSINESS-TEAM_OPERATIONS-2289 | Tools | 160917.67,JOINED,Team Ops hub has no Expense; Team meal/travel etc. use Team Update until Spend path wired — prefer B03 Spend for ops expenses
2292,MTR-APK-2292,Business,Business,Business Runway,Funding,Income,2026-08-18,07:34:20,2026-08-18 07:34:20,116205.32,INR,116205.32,APK Owner,,,MAESTRO-APK-BUSINESS-BUSINESS_RUNWAY-2292 | Funding | 116205.32,Android,B46,RAMP_1501_2500,CREATED,idem-20260902-apk-2292,android,B02,BUSINESS_RUNWAY,Revenue,B02:Revenue,ACTIVE,qa.tile.revenue,business.revenue.amount,,business.revenue.submit,,Funding,MAESTRO-APK-BUSINESS-BUSINESS_RUNWAY-2292 | Funding | 116205.32,JOINED,Funding/Investment/Loan/Revenue → Runway Revenue
2295,MTR-APK-2295,Business,Business,Business Runway,Revenue,Income,2026-02-08,21:28:38,2026-02-08 21:28:38,31866.94,INR,31866.94,APK Owner,,,MAESTRO-APK-BUSINESS-BUSINESS_RUNWAY-2295 | Revenue | 31866.94,Android,B46,RAMP_1501_2500,CREATED,idem-20260902-apk-2295,android,B02,BUSINESS_RUNWAY,Revenue,B02:Revenue,ACTIVE,qa.tile.revenue,business.revenue.amount,,business.revenue.submit,,Revenue,MAESTRO-APK-BUSINESS-BUSINESS_RUNWAY-2295 | Revenue | 31866.94,JOINED,Funding/Investment/Loan/Revenue → Runway Revenue
2298,MTR-APK-2298,Business,Business,Business Runway,Burn,Expense,2026-01-28,17:48:23,2026-01-28 17:48:23,102203.0,INR,-102203.0,APK Owner,,,MAESTRO-APK-BUSINESS-BUSINESS_RUNWAY-2298 | Burn | 102203.00,Android,B46,RAMP_1501_2500,CREATED,idem-20260902-apk-2298,android,B02,BUSINESS_RUNWAY,Expense,B02:Expense,ACTIVE,qa.tile.expense,business.expense.amount,business.expense.note,business.expense.submit,,Burn,MAESTRO-APK-BUSINESS-BUSINESS_RUNWAY-2298 | Burn | 102203.00,JOINED,Runway Log Expense
2301,MTR-APK-2301,Business,Business,Business Runway,Reserve,Transfer,2026-04-10,03:26:54,2026-04-10 03:26:54,66035.39,INR,0.0,APK Owner,,,MAESTRO-APK-BUSINESS-BUSINESS_RUNWAY-2301 | Reserve | 66035.39,Android,B47,RAMP_1501_2500,CREATED,idem-20260902-apk-2301,android,B02,BUSINESS_RUNWAY,Expense,B02:Expense,ACTIVE,qa.tile.expense,,,,,Reserve,MAESTRO-APK-BUSINESS-BUSINESS_RUNWAY-2301 | Reserve | 66035.39,JOINED_REVIEW,Reserve transfer → Runway expense/movement proxy — REVIEW
2304,MTR-APK-2304,Business,Business,Business Runway,Loan,Income,2026-04-23,16:01:41,2026-04-23 16:01:41,66732.13,INR,66732.13,APK Owner,,,MAESTRO-APK-BUSINESS-BUSINESS_RUNWAY-2304 | Loan | 66732.13,Android,B47,RAMP_1501_2500,CREATED,idem-20260902-apk-2304,android,B02,BUSINESS_RUNWAY,Revenue,B02:Revenue,ACTIVE,qa.tile.revenue,business.revenue.amount,,business.revenue.submit,,Loan,MAESTRO-APK-BUSINESS-BUSINESS_RUNWAY-2304 | Loan | 66732.13,JOINED,Funding/Investment/Loan/Revenue → Runway Revenue
2307,MTR-APK-2307,Business,Business,Business Runway,Investment,Income,2026-07-25,22:59:10,2026-07-25 22:59:10,9361.76,INR,9361.76,APK Owner,,,MAESTRO-APK-BUSINESS-BUSINESS_RUNWAY-2307 | Investment | 9361.76,Android,B47,RAMP_1501_2500,CREATED,idem-20260902-apk-2307,android,B02,BUSINESS_RUNWAY,Revenue,B02:Revenue,ACTIVE,qa.tile.revenue,business.revenue.amount,,business.revenue.submit,,Investment,MAESTRO-APK-BUSINESS-BUSINESS_RUNWAY-2307 | Investment | 9361.76,JOINED,Funding/Investment/Loan/Revenue → Runway Revenue
2310,MTR-APK-2310,Business,Business,Business Operations,Software,Expense,2026-03-21,09:23:39,2026-03-21 09:23:39,179171.09,INR,-179171.09,APK Owner,,,MAESTRO-APK-BUSINESS-BUSINESS_OPERATIONS-2310 | Software | 179171.09,Android,B47,RAMP_1501_2500,CREATED,idem-20260902-apk-2310,android,B03,BUSINESS_OPERATIONS,Spend Entry,B03:Spend Entry,ACTIVE,,business.expense.amount,business.expense.note,business.expense.submit,,Software,MAESTRO-APK-BUSINESS-BUSINESS_OPERATIONS-2310 | Software | 179171.09,JOINED,Ops Log Spend Entry; amount ID business.expense.amount
2313,MTR-APK-2313,Business,Business,Business Operations,Rent,Expense,2025-10-04,03:30:25,2025-10-04 03:30:25,97651.98,INR,-97651.98,APK Owner,,,MAESTRO-APK-BUSINESS-BUSINESS_OPERATIONS-2313 | Rent | 97651.98,Android,B47,RAMP_1501_2500,CREATED,idem-20260902-apk-2313,android,B03,BUSINESS_OPERATIONS,Spend Entry,B03:Spend Entry,ACTIVE,,business.expense.amount,business.expense.note,business.expense.submit,,Rent,MAESTRO-APK-BUSINESS-BUSINESS_OPERATIONS-2313 | Rent | 97651.98,JOINED,Ops Log Spend Entry; amount ID business.expense.amount
2316,MTR-APK-2316,Business,Business,Business Operations,Marketing,Expense,2026-03-31,13:48:23,2026-03-31 13:48:23,142300.63,INR,-142300.63,APK Owner,,,MAESTRO-APK-BUSINESS-BUSINESS_OPERATIONS-2316 | Marketing | 142300.63,Android,B47,RAMP_1501_2500,CREATED,idem-20260902-apk-2316,android,B03,BUSINESS_OPERATIONS,Spend Entry,B03:Spend Entry,ACTIVE,,business.expense.amount,business.expense.note,business.expense.submit,,Marketing,MAESTRO-APK-BUSINESS-BUSINESS_OPERATIONS-2316 | Marketing | 142300.63,JOINED,Ops Log Spend Entry; amount ID business.expense.amount
2319,MTR-APK-2319,Business,Business,Business Operations,Legal,Expense,2026-03-06,22:16:32,2026-03-06 22:16:32,71036.34,INR,-71036.34,APK Owner,,,MAESTRO-APK-BUSINESS-BUSINESS_OPERATIONS-2319 | Legal | 71036.34,Android,B47,RAMP_1501_2500,CREATED,idem-20260902-apk-2319,android,B03,BUSINESS_OPERATIONS,Spend Entry,B03:Spend Entry,ACTIVE,,business.expense.amount,business.expense.note,business.expense.submit,,Legal,MAESTRO-APK-BUSINESS-BUSINESS_OPERATIONS-2319 | Legal | 71036.34,JOINED,Ops Log Spend Entry; amount ID business.expense.amount
2322,MTR-APK-2322,Business,Business,Business Operations,Accounting,Expense,2025-10-10,22:17:27,2025-10-10 22:17:27,79212.7,INR,-79212.7,APK Owner,,,MAESTRO-APK-BUSINESS-BUSINESS_OPERATIONS-2322 | Accounting | 79212.70,Android,B47,RAMP_1501_2500,CREATED,idem-20260902-apk-2322,android,B03,BUSINESS_OPERATIONS,Spend Entry,B03:Spend Entry,ACTIVE,,business.expense.amount,business.expense.note,business.expense.submit,,Accounting,MAESTRO-APK-BUSINESS-BUSINESS_OPERATIONS-2322 | Accounting | 79212.70,JOINED,Ops Log Spend Entry; amount ID business.expense.amount
2325,MTR-APK-2325,Business,Business,Business Operations,Equipment,Expense,2026-07-03,01:46:58,2026-07-03 01:46:58,70567.66,INR,-70567.66,APK Owner,,,MAESTRO-APK-BUSINESS-BUSINESS_OPERATIONS-2325 | Equipment | 70567.66,Android,B47,RAMP_1501_2500,CREATED,idem-20260902-apk-2325,android,B03,BUSINESS_OPERATIONS,Spend Entry,B03:Spend Entry,ACTIVE,,business.expense.amount,business.expense.note,business.expense.submit,,Equipment,MAESTRO-APK-BUSINESS-BUSINESS_OPERATIONS-2325 | Equipment | 70567.66,JOINED,Ops Log Spend Entry; amount ID business.expense.amount
2328,MTR-APK-2328,Business,Business,Business Operations,Vendor,Expense,2025-11-24,08:45:29,2025-11-24 08:45:29,54024.68,INR,-54024.68,APK Owner,,,MAESTRO-APK-BUSINESS-BUSINESS_OPERATIONS-2328 | Vendor | 54024.68,Android,B47,RAMP_1501_2500,CREATED,idem-20260902-apk-2328,android,B03,BUSINESS_OPERATIONS,Spend Entry,B03:Spend Entry,ACTIVE,,business.expense.amount,business.expense.note,business.expense.submit,,Vendor,MAESTRO-APK-BUSINESS-BUSINESS_OPERATIONS-2328 | Vendor | 54024.68,JOINED,Ops Log Spend Entry; amount ID business.expense.amount
2331,MTR-APK-2331,Business,Business,Business Operations,Tax,Expense,2026-04-01,23:53:29,2026-04-01 23:53:29,100.0,INR,-100.0,APK Owner,,,MAESTRO-APK-BUSINESS-BUSINESS_OPERATIONS-2331 | Tax | 100.00,Android,B47,RAMP_1501_2500,CREATED,idem-20260902-apk-2331,android,B03,BUSINESS_OPERATIONS,Spend Entry,B03:Spend Entry,ACTIVE,,business.expense.amount,business.expense.note,business.expense.submit,,Tax,MAESTRO-APK-BUSINESS-BUSINESS_OPERATIONS-2331 | Tax | 100.00,JOINED,Ops Log Spend Entry; amount ID business.expense.amount
2334,MTR-APK-2334,Business,Business,Team Operations,Payroll,Expense,2025-12-23,01:51:37,2025-12-23 01:51:37,158236.36,INR,-158236.36,APK Owner,,,MAESTRO-APK-BUSINESS-TEAM_OPERATIONS-2334 | Payroll | 158236.36,Android,B47,RAMP_1501_2500,CREATED,idem-20260902-apk-2334,android,B01,TEAM_OPERATIONS,Team Update,B01:Team Update,ACTIVE,,business.expense.amount,business.expense.note,business.expense.submit,,Payroll,MAESTRO-APK-BUSINESS-TEAM_OPERATIONS-2334 | Payroll | 158236.36,JOINED,Team Ops hub has no Expense; Team meal/travel etc. use Team Update until Spend path wired — prefer B03 Spend for ops expenses
2337,MTR-APK-2337,Business,Business,Team Operations,Contractor,Expense,2025-12-30,02:51:55,2025-12-30 02:51:55,23851.02,INR,-23851.02,APK Owner,,,MAESTRO-APK-BUSINESS-TEAM_OPERATIONS-2337 | Contractor | 23851.02,Android,B47,RAMP_1501_2500,CREATED,idem-20260902-apk-2337,android,B01,TEAM_OPERATIONS,Team Update,B01:Team Update,ACTIVE,,business.expense.amount,business.expense.note,business.expense.submit,,Contractor,MAESTRO-APK-BUSINESS-TEAM_OPERATIONS-2337 | Contractor | 23851.02,JOINED,Team Ops hub has no Expense; Team meal/travel etc. use Team Update until Spend path wired — prefer B03 Spend for ops expenses
2340,MTR-APK-2340,Business,Business,Team Operations,Hiring,Expense,2026-03-18,01:40:38,2026-03-18 01:40:38,123874.89,INR,-123874.89,APK Owner,,,MAESTRO-APK-BUSINESS-TEAM_OPERATIONS-2340 | Hiring | 123874.89,Android,B47,RAMP_1501_2500,CREATED,idem-20260902-apk-2340,android,B01,TEAM_OPERATIONS,Team Update,B01:Team Update,ACTIVE,,business.expense.amount,business.expense.note,business.expense.submit,,Hiring,MAESTRO-APK-BUSINESS-TEAM_OPERATIONS-2340 | Hiring | 123874.89,JOINED,Team Ops hub has no Expense; Team meal/travel etc. use Team Update until Spend path wired — prefer B03 Spend for ops expenses
2343,MTR-APK-2343,Business,Business,Team Operations,Team Meal,Expense,2025-09-29,05:57:09,2025-09-29 05:57:09,3500.07,INR,-3500.07,APK Owner,,,MAESTRO-APK-BUSINESS-TEAM_OPERATIONS-2343 | Team Meal | 3500.07,Android,B47,RAMP_1501_2500,CREATED,idem-20260902-apk-2343,android,B01,TEAM_OPERATIONS,Team Update,B01:Team Update,ACTIVE,,business.expense.amount,business.expense.note,business.expense.submit,,Team Meal,MAESTRO-APK-BUSINESS-TEAM_OPERATIONS-2343 | Team Meal | 3500.07,JOINED,Team Ops hub has no Expense; Team meal/travel etc. use Team Update until Spend path wired — prefer B03 Spend for ops expenses
2346,MTR-APK-2346,Business,Business,Team Operations,Travel,Expense,2026-02-09,03:19:40,2026-02-09 03:19:40,119179.57,INR,-119179.57,APK Owner,,,MAESTRO-APK-BUSINESS-TEAM_OPERATIONS-2346 | Travel | 119179.57,Android,B47,RAMP_1501_2500,CREATED,idem-20260902-apk-2346,android,B01,TEAM_OPERATIONS,Team Update,B01:Team Update,ACTIVE,,business.expense.amount,business.expense.note,business.expense.submit,,Travel,MAESTRO-APK-BUSINESS-TEAM_OPERATIONS-2346 | Travel | 119179.57,JOINED,Team Ops hub has no Expense; Team meal/travel etc. use Team Update until Spend path wired — prefer B03 Spend for ops expenses
2349,MTR-APK-2349,Business,Business,Team Operations,Training,Expense,2025-11-24,16:52:06,2025-11-24 16:52:06,14669.33,INR,-14669.33,APK Owner,,,MAESTRO-APK-BUSINESS-TEAM_OPERATIONS-2349 | Training | 14669.33,Android,B47,RAMP_1501_2500,CREATED,idem-20260902-apk-2349,android,B01,TEAM_OPERATIONS,Team Update,B01:Team Update,ACTIVE,,business.expense.amount,business.expense.note,business.expense.submit,,Training,MAESTRO-APK-BUSINESS-TEAM_OPERATIONS-2349 | Training | 14669.33,JOINED,Team Ops hub has no Expense; Team meal/travel etc. use Team Update until Spend path wired — prefer B03 Spend for ops expenses
2352,MTR-APK-2352,Business,Business,Team Operations,Tools,Expense,2026-07-10,05:32:48,2026-07-10 05:32:48,41924.0,INR,-41924.0,APK Owner,,,MAESTRO-APK-BUSINESS-TEAM_OPERATIONS-2352 | Tools | 41924.00,Android,B48,RAMP_1501_2500,CREATED,idem-20260902-apk-2352,android,B01,TEAM_OPERATIONS,Team Update,B01:Team Update,ACTIVE,,business.expense.amount,business.expense.note,business.expense.submit,,Tools,MAESTRO-APK-BUSINESS-TEAM_OPERATIONS-2352 | Tools | 41924.00,JOINED,Team Ops hub has no Expense; Team meal/travel etc. use Team Update until Spend path wired — prefer B03 Spend for ops expenses
2355,MTR-APK-2355,Business,Business,Business Runway,Funding,Income,2026-08-10,12:38:00,2026-08-10 12:38:00,14884.38,INR,14884.38,APK Owner,,,MAESTRO-APK-BUSINESS-BUSINESS_RUNWAY-2355 | Funding | 14884.38,Android,B48,RAMP_1501_2500,CREATED,idem-20260902-apk-2355,android,B02,BUSINESS_RUNWAY,Revenue,B02:Revenue,ACTIVE,qa.tile.revenue,business.revenue.amount,,business.revenue.submit,,Funding,MAESTRO-APK-BUSINESS-BUSINESS_RUNWAY-2355 | Funding | 14884.38,JOINED,Funding/Investment/Loan/Revenue → Runway Revenue
2358,MTR-APK-2358,Business,Business,Business Runway,Revenue,Income,2026-04-19,08:42:06,2026-04-19 08:42:06,177611.66,INR,177611.66,APK Owner,,,MAESTRO-APK-BUSINESS-BUSINESS_RUNWAY-2358 | Revenue | 177611.66,Android,B48,RAMP_1501_2500,CREATED,idem-20260902-apk-2358,android,B02,BUSINESS_RUNWAY,Revenue,B02:Revenue,ACTIVE,qa.tile.revenue,business.revenue.amount,,business.revenue.submit,,Revenue,MAESTRO-APK-BUSINESS-BUSINESS_RUNWAY-2358 | Revenue | 177611.66,JOINED,Funding/Investment/Loan/Revenue → Runway Revenue
2361,MTR-APK-2361,Business,Business,Business Runway,Burn,Expense,2025-10-31,16:42:29,2025-10-31 16:42:29,110844.69,INR,-110844.69,APK Owner,,,MAESTRO-APK-BUSINESS-BUSINESS_RUNWAY-2361 | Burn | 110844.69,Android,B48,RAMP_1501_2500,CREATED,idem-20260902-apk-2361,android,B02,BUSINESS_RUNWAY,Expense,B02:Expense,ACTIVE,qa.tile.expense,business.expense.amount,business.expense.note,business.expense.submit,,Burn,MAESTRO-APK-BUSINESS-BUSINESS_RUNWAY-2361 | Burn | 110844.69,JOINED,Runway Log Expense
2364,MTR-APK-2364,Business,Business,Business Runway,Reserve,Transfer,2026-08-02,01:39:33,2026-08-02 01:39:33,4922.5,INR,0.0,APK Owner,,,MAESTRO-APK-BUSINESS-BUSINESS_RUNWAY-2364 | Reserve | 4922.50,Android,B48,RAMP_1501_2500,CREATED,idem-20260902-apk-2364,android,B02,BUSINESS_RUNWAY,Expense,B02:Expense,ACTIVE,qa.tile.expense,,,,,Reserve,MAESTRO-APK-BUSINESS-BUSINESS_RUNWAY-2364 | Reserve | 4922.50,JOINED_REVIEW,Reserve transfer → Runway expense/movement proxy — REVIEW
2367,MTR-APK-2367,Business,Business,Business Runway,Loan,Income,2026-04-08,05:00:35,2026-04-08 05:00:35,25749.84,INR,25749.84,APK Owner,,,MAESTRO-APK-BUSINESS-BUSINESS_RUNWAY-2367 | Loan | 25749.84,Android,B48,RAMP_1501_2500,CREATED,idem-20260902-apk-2367,android,B02,BUSINESS_RUNWAY,Revenue,B02:Revenue,ACTIVE,qa.tile.revenue,business.revenue.amount,,business.revenue.submit,,Loan,MAESTRO-APK-BUSINESS-BUSINESS_RUNWAY-2367 | Loan | 25749.84,JOINED,Funding/Investment/Loan/Revenue → Runway Revenue
2370,MTR-APK-2370,Business,Business,Business Runway,Investment,Income,2026-07-26,23:17:40,2026-07-26 23:17:40,90251.24,INR,90251.24,APK Owner,,,MAESTRO-APK-BUSINESS-BUSINESS_RUNWAY-2370 | Investment | 90251.24,Android,B48,RAMP_1501_2500,CREATED,idem-20260902-apk-2370,android,B02,BUSINESS_RUNWAY,Revenue,B02:Revenue,ACTIVE,qa.tile.revenue,business.revenue.amount,,business.revenue.submit,,Investment,MAESTRO-APK-BUSINESS-BUSINESS_RUNWAY-2370 | Investment | 90251.24,JOINED,Funding/Investment/Loan/Revenue → Runway Revenue
2373,MTR-APK-2373,Business,Business,Business Operations,Software,Expense,2026-08-31,11:10:01,2026-08-31 11:10:01,84993.68,INR,-84993.68,APK Owner,,,MAESTRO-APK-BUSINESS-BUSINESS_OPERATIONS-2373 | Software | 84993.68,Android,B48,RAMP_1501_2500,CREATED,idem-20260902-apk-2373,android,B03,BUSINESS_OPERATIONS,Spend Entry,B03:Spend Entry,ACTIVE,,business.expense.amount,business.expense.note,business.expense.submit,,Software,MAESTRO-APK-BUSINESS-BUSINESS_OPERATIONS-2373 | Software | 84993.68,JOINED,Ops Log Spend Entry; amount ID business.expense.amount
2376,MTR-APK-2376,Business,Business,Business Operations,Rent,Expense,2025-10-17,05:36:31,2025-10-17 05:36:31,132071.28,INR,-132071.28,APK Owner,,,MAESTRO-APK-BUSINESS-BUSINESS_OPERATIONS-2376 | Rent | 132071.28,Android,B48,RAMP_1501_2500,CREATED,idem-20260902-apk-2376,android,B03,BUSINESS_OPERATIONS,Spend Entry,B03:Spend Entry,ACTIVE,,business.expense.amount,business.expense.note,business.expense.submit,,Rent,MAESTRO-APK-BUSINESS-BUSINESS_OPERATIONS-2376 | Rent | 132071.28,JOINED,Ops Log Spend Entry; amount ID business.expense.amount
2379,MTR-APK-2379,Business,Business,Business Operations,Marketing,Expense,2026-01-25,07:40:11,2026-01-25 07:40:11,41241.52,INR,-41241.52,APK Owner,,,MAESTRO-APK-BUSINESS-BUSINESS_OPERATIONS-2379 | Marketing | 41241.52,Android,B48,RAMP_1501_2500,CREATED,idem-20260902-apk-2379,android,B03,BUSINESS_OPERATIONS,Spend Entry,B03:Spend Entry,ACTIVE,,business.expense.amount,business.expense.note,business.expense.submit,,Marketing,MAESTRO-APK-BUSINESS-BUSINESS_OPERATIONS-2379 | Marketing | 41241.52,JOINED,Ops Log Spend Entry; amount ID business.expense.amount
2382,MTR-APK-2382,Business,Business,Business Operations,Legal,Expense,2026-02-12,01:13:05,2026-02-12 01:13:05,150828.87,INR,-150828.87,APK Owner,,,MAESTRO-APK-BUSINESS-BUSINESS_OPERATIONS-2382 | Legal | 150828.87,Android,B48,RAMP_1501_2500,CREATED,idem-20260902-apk-2382,android,B03,BUSINESS_OPERATIONS,Spend Entry,B03:Spend Entry,ACTIVE,,business.expense.amount,business.expense.note,business.expense.submit,,Legal,MAESTRO-APK-BUSINESS-BUSINESS_OPERATIONS-2382 | Legal | 150828.87,JOINED,Ops Log Spend Entry; amount ID business.expense.amount
2385,MTR-APK-2385,Business,Business,Business Operations,Accounting,Expense,2026-06-22,13:22:44,2026-06-22 13:22:44,174903.39,INR,-174903.39,APK Owner,,,MAESTRO-APK-BUSINESS-BUSINESS_OPERATIONS-2385 | Accounting | 174903.39,Android,B48,RAMP_1501_2500,CREATED,idem-20260902-apk-2385,android,B03,BUSINESS_OPERATIONS,Spend Entry,B03:Spend Entry,ACTIVE,,business.expense.amount,business.expense.note,business.expense.submit,,Accounting,MAESTRO-APK-BUSINESS-BUSINESS_OPERATIONS-2385 | Accounting | 174903.39,JOINED,Ops Log Spend Entry; amount ID business.expense.amount
2388,MTR-APK-2388,Business,Business,Business Operations,Equipment,Expense,2026-08-30,16:58:59,2026-08-30 16:58:59,176065.51,INR,-176065.51,APK Owner,,,MAESTRO-APK-BUSINESS-BUSINESS_OPERATIONS-2388 | Equipment | 176065.51,Android,B48,RAMP_1501_2500,CREATED,idem-20260902-apk-2388,android,B03,BUSINESS_OPERATIONS,Spend Entry,B03:Spend Entry,ACTIVE,,business.expense.amount,business.expense.note,business.expense.submit,,Equipment,MAESTRO-APK-BUSINESS-BUSINESS_OPERATIONS-2388 | Equipment | 176065.51,JOINED,Ops Log Spend Entry; amount ID business.expense.amount
2391,MTR-APK-2391,Business,Business,Business Operations,Vendor,Expense,2026-08-16,16:51:29,2026-08-16 16:51:29,107472.57,INR,-107472.57,APK Owner,,,MAESTRO-APK-BUSINESS-BUSINESS_OPERATIONS-2391 | Vendor | 107472.57,Android,B48,RAMP_1501_2500,CREATED,idem-20260902-apk-2391,android,B03,BUSINESS_OPERATIONS,Spend Entry,B03:Spend Entry,ACTIVE,,business.expense.amount,business.expense.note,business.expense.submit,,Vendor,MAESTRO-APK-BUSINESS-BUSINESS_OPERATIONS-2391 | Vendor | 107472.57,JOINED,Ops Log Spend Entry; amount ID business.expense.amount
2394,MTR-APK-2394,Business,Business,Business Operations,Tax,Expense,2026-05-29,15:49:46,2026-05-29 15:49:46,149266.1,INR,-149266.1,APK Owner,,,MAESTRO-APK-BUSINESS-BUSINESS_OPERATIONS-2394 | Tax | 149266.10,Android,B48,RAMP_1501_2500,CREATED,idem-20260902-apk-2394,android,B03,BUSINESS_OPERATIONS,Spend Entry,B03:Spend Entry,ACTIVE,,business.expense.amount,business.expense.note,business.expense.submit,,Tax,MAESTRO-APK-BUSINESS-BUSINESS_OPERATIONS-2394 | Tax | 149266.10,JOINED,Ops Log Spend Entry; amount ID business.expense.amount
2397,MTR-APK-2397,Business,Business,Team Operations,Payroll,Expense,2026-07-07,03:45:56,2026-07-07 03:45:56,118537.42,INR,-118537.42,APK Owner,,,MAESTRO-APK-BUSINESS-TEAM_OPERATIONS-2397 | Payroll | 118537.42,Android,B48,RAMP_1501_2500,CREATED,idem-20260902-apk-2397,android,B01,TEAM_OPERATIONS,Team Update,B01:Team Update,ACTIVE,,business.expense.amount,business.expense.note,business.expense.submit,,Payroll,MAESTRO-APK-BUSINESS-TEAM_OPERATIONS-2397 | Payroll | 118537.42,JOINED,Team Ops hub has no Expense; Team meal/travel etc. use Team Update until Spend path wired — prefer B03 Spend for ops expenses
2400,MTR-APK-2400,Business,Business,Team Operations,Contractor,Expense,2025-10-28,03:57:07,2025-10-28 03:57:07,125840.53,INR,-125840.53,APK Owner,,,MAESTRO-APK-BUSINESS-TEAM_OPERATIONS-2400 | Contractor | 125840.53,Android,B48,RAMP_1501_2500,CREATED,idem-20260902-apk-2400,android,B01,TEAM_OPERATIONS,Team Update,B01:Team Update,ACTIVE,,business.expense.amount,business.expense.note,business.expense.submit,,Contractor,MAESTRO-APK-BUSINESS-TEAM_OPERATIONS-2400 | Contractor | 125840.53,JOINED,Team Ops hub has no Expense; Team meal/travel etc. use Team Update until Spend path wired — prefer B03 Spend for ops expenses
2403,MTR-APK-2403,Business,Business,Team Operations,Hiring,Expense,2025-12-30,14:53:14,2025-12-30 14:53:14,153970.93,INR,-153970.93,APK Owner,,,MAESTRO-APK-BUSINESS-TEAM_OPERATIONS-2403 | Hiring | 153970.93,Android,B49,RAMP_1501_2500,CREATED,idem-20260902-apk-2403,android,B01,TEAM_OPERATIONS,Team Update,B01:Team Update,ACTIVE,,business.expense.amount,business.expense.note,business.expense.submit,,Hiring,MAESTRO-APK-BUSINESS-TEAM_OPERATIONS-2403 | Hiring | 153970.93,JOINED,Team Ops hub has no Expense; Team meal/travel etc. use Team Update until Spend path wired — prefer B03 Spend for ops expenses
2406,MTR-APK-2406,Business,Business,Team Operations,Team Meal,Expense,2026-03-14,02:39:19,2026-03-14 02:39:19,27445.11,INR,-27445.11,APK Owner,,,MAESTRO-APK-BUSINESS-TEAM_OPERATIONS-2406 | Team Meal | 27445.11,Android,B49,RAMP_1501_2500,CREATED,idem-20260902-apk-2406,android,B01,TEAM_OPERATIONS,Team Update,B01:Team Update,ACTIVE,,business.expense.amount,business.expense.note,business.expense.submit,,Team Meal,MAESTRO-APK-BUSINESS-TEAM_OPERATIONS-2406 | Team Meal | 27445.11,JOINED,Team Ops hub has no Expense; Team meal/travel etc. use Team Update until Spend path wired — prefer B03 Spend for ops expenses
2409,MTR-APK-2409,Business,Business,Team Operations,Travel,Expense,2025-10-24,21:16:49,2025-10-24 21:16:49,67321.62,INR,-67321.62,APK Owner,,,MAESTRO-APK-BUSINESS-TEAM_OPERATIONS-2409 | Travel | 67321.62,Android,B49,RAMP_1501_2500,CREATED,idem-20260902-apk-2409,android,B01,TEAM_OPERATIONS,Team Update,B01:Team Update,ACTIVE,,business.expense.amount,business.expense.note,business.expense.submit,,Travel,MAESTRO-APK-BUSINESS-TEAM_OPERATIONS-2409 | Travel | 67321.62,JOINED,Team Ops hub has no Expense; Team meal/travel etc. use Team Update until Spend path wired — prefer B03 Spend for ops expenses
2412,MTR-APK-2412,Business,Business,Team Operations,Training,Expense,2026-06-30,02:28:19,2026-06-30 02:28:19,66978.76,INR,-66978.76,APK Owner,,,MAESTRO-APK-BUSINESS-TEAM_OPERATIONS-2412 | Training | 66978.76,Android,B49,RAMP_1501_2500,CREATED,idem-20260902-apk-2412,android,B01,TEAM_OPERATIONS,Team Update,B01:Team Update,ACTIVE,,business.expense.amount,business.expense.note,business.expense.submit,,Training,MAESTRO-APK-BUSINESS-TEAM_OPERATIONS-2412 | Training | 66978.76,JOINED,Team Ops hub has no Expense; Team meal/travel etc. use Team Update until Spend path wired — prefer B03 Spend for ops expenses
2415,MTR-APK-2415,Business,Business,Team Operations,Tools,Expense,2026-07-24,13:12:27,2026-07-24 13:12:27,279.42,INR,-279.42,APK Owner,,,MAESTRO-APK-BUSINESS-TEAM_OPERATIONS-2415 | Tools | 279.42,Android,B49,RAMP_1501_2500,CREATED,idem-20260902-apk-2415,android,B01,TEAM_OPERATIONS,Team Update,B01:Team Update,ACTIVE,,business.expense.amount,business.expense.note,business.expense.submit,,Tools,MAESTRO-APK-BUSINESS-TEAM_OPERATIONS-2415 | Tools | 279.42,JOINED,Team Ops hub has no Expense; Team meal/travel etc. use Team Update until Spend path wired — prefer B03 Spend for ops expenses
2418,MTR-APK-2418,Business,Business,Business Runway,Funding,Income,2026-01-14,03:49:12,2026-01-14 03:49:12,70617.36,INR,70617.36,APK Owner,,,MAESTRO-APK-BUSINESS-BUSINESS_RUNWAY-2418 | Funding | 70617.36,Android,B49,RAMP_1501_2500,CREATED,idem-20260902-apk-2418,android,B02,BUSINESS_RUNWAY,Revenue,B02:Revenue,ACTIVE,qa.tile.revenue,business.revenue.amount,,business.revenue.submit,,Funding,MAESTRO-APK-BUSINESS-BUSINESS_RUNWAY-2418 | Funding | 70617.36,JOINED,Funding/Investment/Loan/Revenue → Runway Revenue
2421,MTR-APK-2421,Business,Business,Business Runway,Revenue,Income,2025-10-23,15:34:40,2025-10-23 15:34:40,37940.8,INR,37940.8,APK Owner,,,MAESTRO-APK-BUSINESS-BUSINESS_RUNWAY-2421 | Revenue | 37940.80,Android,B49,RAMP_1501_2500,CREATED,idem-20260902-apk-2421,android,B02,BUSINESS_RUNWAY,Revenue,B02:Revenue,ACTIVE,qa.tile.revenue,business.revenue.amount,,business.revenue.submit,,Revenue,MAESTRO-APK-BUSINESS-BUSINESS_RUNWAY-2421 | Revenue | 37940.80,JOINED,Funding/Investment/Loan/Revenue → Runway Revenue
2424,MTR-APK-2424,Business,Business,Business Runway,Burn,Expense,2026-01-22,12:46:32,2026-01-22 12:46:32,96529.37,INR,-96529.37,APK Owner,,,MAESTRO-APK-BUSINESS-BUSINESS_RUNWAY-2424 | Burn | 96529.37,Android,B49,RAMP_1501_2500,CREATED,idem-20260902-apk-2424,android,B02,BUSINESS_RUNWAY,Expense,B02:Expense,ACTIVE,qa.tile.expense,business.expense.amount,business.expense.note,business.expense.submit,,Burn,MAESTRO-APK-BUSINESS-BUSINESS_RUNWAY-2424 | Burn | 96529.37,JOINED,Runway Log Expense
2427,MTR-APK-2427,Business,Business,Business Runway,Reserve,Transfer,2025-11-02,18:25:07,2025-11-02 18:25:07,118401.7,INR,0.0,APK Owner,,,MAESTRO-APK-BUSINESS-BUSINESS_RUNWAY-2427 | Reserve | 118401.70,Android,B49,RAMP_1501_2500,CREATED,idem-20260902-apk-2427,android,B02,BUSINESS_RUNWAY,Expense,B02:Expense,ACTIVE,qa.tile.expense,,,,,Reserve,MAESTRO-APK-BUSINESS-BUSINESS_RUNWAY-2427 | Reserve | 118401.70,JOINED_REVIEW,Reserve transfer → Runway expense/movement proxy — REVIEW
2430,MTR-APK-2430,Business,Business,Business Runway,Loan,Income,2025-10-08,16:20:02,2025-10-08 16:20:02,169704.02,INR,169704.02,APK Owner,,,MAESTRO-APK-BUSINESS-BUSINESS_RUNWAY-2430 | Loan | 169704.02,Android,B49,RAMP_1501_2500,CREATED,idem-20260902-apk-2430,android,B02,BUSINESS_RUNWAY,Revenue,B02:Revenue,ACTIVE,qa.tile.revenue,business.revenue.amount,,business.revenue.submit,,Loan,MAESTRO-APK-BUSINESS-BUSINESS_RUNWAY-2430 | Loan | 169704.02,JOINED,Funding/Investment/Loan/Revenue → Runway Revenue
2433,MTR-APK-2433,Business,Business,Business Runway,Investment,Income,2026-08-17,19:29:53,2026-08-17 19:29:53,164021.26,INR,164021.26,APK Owner,,,MAESTRO-APK-BUSINESS-BUSINESS_RUNWAY-2433 | Investment | 164021.26,Android,B49,RAMP_1501_2500,CREATED,idem-20260902-apk-2433,android,B02,BUSINESS_RUNWAY,Revenue,B02:Revenue,ACTIVE,qa.tile.revenue,business.revenue.amount,,business.revenue.submit,,Investment,MAESTRO-APK-BUSINESS-BUSINESS_RUNWAY-2433 | Investment | 164021.26,JOINED,Funding/Investment/Loan/Revenue → Runway Revenue
2436,MTR-APK-2436,Business,Business,Business Operations,Software,Expense,2026-06-10,08:58:35,2026-06-10 08:58:35,84972.54,INR,-84972.54,APK Owner,,,MAESTRO-APK-BUSINESS-BUSINESS_OPERATIONS-2436 | Software | 84972.54,Android,B49,RAMP_1501_2500,CREATED,idem-20260902-apk-2436,android,B03,BUSINESS_OPERATIONS,Spend Entry,B03:Spend Entry,ACTIVE,,business.expense.amount,business.expense.note,business.expense.submit,,Software,MAESTRO-APK-BUSINESS-BUSINESS_OPERATIONS-2436 | Software | 84972.54,JOINED,Ops Log Spend Entry; amount ID business.expense.amount
2439,MTR-APK-2439,Business,Business,Business Operations,Rent,Expense,2025-10-21,21:59:32,2025-10-21 21:59:32,154351.7,INR,-154351.7,APK Owner,,,MAESTRO-APK-BUSINESS-BUSINESS_OPERATIONS-2439 | Rent | 154351.70,Android,B49,RAMP_1501_2500,CREATED,idem-20260902-apk-2439,android,B03,BUSINESS_OPERATIONS,Spend Entry,B03:Spend Entry,ACTIVE,,business.expense.amount,business.expense.note,business.expense.submit,,Rent,MAESTRO-APK-BUSINESS-BUSINESS_OPERATIONS-2439 | Rent | 154351.70,JOINED,Ops Log Spend Entry; amount ID business.expense.amount
2442,MTR-APK-2442,Business,Business,Business Operations,Marketing,Expense,2025-12-14,03:36:27,2025-12-14 03:36:27,0.01,INR,-0.01,APK Owner,,,MAESTRO-APK-BUSINESS-BUSINESS_OPERATIONS-2442 | Marketing | 0.01,Android,B49,RAMP_1501_2500,CREATED,idem-20260902-apk-2442,android,B03,BUSINESS_OPERATIONS,Spend Entry,B03:Spend Entry,ACTIVE,,business.expense.amount,business.expense.note,business.expense.submit,,Marketing,MAESTRO-APK-BUSINESS-BUSINESS_OPERATIONS-2442 | Marketing | 0.01,JOINED,Ops Log Spend Entry; amount ID business.expense.amount
2445,MTR-APK-2445,Business,Business,Business Operations,Legal,Expense,2026-07-10,03:41:42,2026-07-10 03:41:42,121326.94,INR,-121326.94,APK Owner,,,MAESTRO-APK-BUSINESS-BUSINESS_OPERATIONS-2445 | Legal | 121326.94,Android,B49,RAMP_1501_2500,CREATED,idem-20260902-apk-2445,android,B03,BUSINESS_OPERATIONS,Spend Entry,B03:Spend Entry,ACTIVE,,business.expense.amount,business.expense.note,business.expense.submit,,Legal,MAESTRO-APK-BUSINESS-BUSINESS_OPERATIONS-2445 | Legal | 121326.94,JOINED,Ops Log Spend Entry; amount ID business.expense.amount
2448,MTR-APK-2448,Business,Business,Business Operations,Accounting,Expense,2026-02-04,07:17:11,2026-02-04 07:17:11,136845.18,INR,-136845.18,APK Owner,,,MAESTRO-APK-BUSINESS-BUSINESS_OPERATIONS-2448 | Accounting | 136845.18,Android,B49,RAMP_1501_2500,CREATED,idem-20260902-apk-2448,android,B03,BUSINESS_OPERATIONS,Spend Entry,B03:Spend Entry,ACTIVE,,business.expense.amount,business.expense.note,business.expense.submit,,Accounting,MAESTRO-APK-BUSINESS-BUSINESS_OPERATIONS-2448 | Accounting | 136845.18,JOINED,Ops Log Spend Entry; amount ID business.expense.amount
2451,MTR-APK-2451,Business,Business,Business Operations,Equipment,Expense,2026-05-20,05:28:41,2026-05-20 05:28:41,126903.04,INR,-126903.04,APK Owner,,,MAESTRO-APK-BUSINESS-BUSINESS_OPERATIONS-2451 | Equipment | 126903.04,Android,B50,RAMP_1501_2500,CREATED,idem-20260902-apk-2451,android,B03,BUSINESS_OPERATIONS,Spend Entry,B03:Spend Entry,ACTIVE,,business.expense.amount,business.expense.note,business.expense.submit,,Equipment,MAESTRO-APK-BUSINESS-BUSINESS_OPERATIONS-2451 | Equipment | 126903.04,JOINED,Ops Log Spend Entry; amount ID business.expense.amount
2454,MTR-APK-2454,Business,Business,Business Operations,Vendor,Expense,2026-03-16,21:59:48,2026-03-16 21:59:48,35035.1,INR,-35035.1,APK Owner,,,MAESTRO-APK-BUSINESS-BUSINESS_OPERATIONS-2454 | Vendor | 35035.10,Android,B50,RAMP_1501_2500,CREATED,idem-20260902-apk-2454,android,B03,BUSINESS_OPERATIONS,Spend Entry,B03:Spend Entry,ACTIVE,,business.expense.amount,business.expense.note,business.expense.submit,,Vendor,MAESTRO-APK-BUSINESS-BUSINESS_OPERATIONS-2454 | Vendor | 35035.10,JOINED,Ops Log Spend Entry; amount ID business.expense.amount
2457,MTR-APK-2457,Business,Business,Business Operations,Tax,Expense,2026-08-18,15:45:29,2026-08-18 15:45:29,176714.11,INR,-176714.11,APK Owner,,,MAESTRO-APK-BUSINESS-BUSINESS_OPERATIONS-2457 | Tax | 176714.11,Android,B50,RAMP_1501_2500,CREATED,idem-20260902-apk-2457,android,B03,BUSINESS_OPERATIONS,Spend Entry,B03:Spend Entry,ACTIVE,,business.expense.amount,business.expense.note,business.expense.submit,,Tax,MAESTRO-APK-BUSINESS-BUSINESS_OPERATIONS-2457 | Tax | 176714.11,JOINED,Ops Log Spend Entry; amount ID business.expense.amount
2460,MTR-APK-2460,Business,Business,Team Operations,Payroll,Expense,2026-02-09,12:46:17,2026-02-09 12:46:17,173463.02,INR,-173463.02,APK Owner,,,MAESTRO-APK-BUSINESS-TEAM_OPERATIONS-2460 | Payroll | 173463.02,Android,B50,RAMP_1501_2500,CREATED,idem-20260902-apk-2460,android,B01,TEAM_OPERATIONS,Team Update,B01:Team Update,ACTIVE,,business.expense.amount,business.expense.note,business.expense.submit,,Payroll,MAESTRO-APK-BUSINESS-TEAM_OPERATIONS-2460 | Payroll | 173463.02,JOINED,Team Ops hub has no Expense; Team meal/travel etc. use Team Update until Spend path wired — prefer B03 Spend for ops expenses
2463,MTR-APK-2463,Business,Business,Team Operations,Contractor,Expense,2026-06-10,19:56:20,2026-06-10 19:56:20,96191.93,INR,-96191.93,APK Owner,,,MAESTRO-APK-BUSINESS-TEAM_OPERATIONS-2463 | Contractor | 96191.93,Android,B50,RAMP_1501_2500,CREATED,idem-20260902-apk-2463,android,B01,TEAM_OPERATIONS,Team Update,B01:Team Update,ACTIVE,,business.expense.amount,business.expense.note,business.expense.submit,,Contractor,MAESTRO-APK-BUSINESS-TEAM_OPERATIONS-2463 | Contractor | 96191.93,JOINED,Team Ops hub has no Expense; Team meal/travel etc. use Team Update until Spend path wired — prefer B03 Spend for ops expenses
2466,MTR-APK-2466,Business,Business,Team Operations,Hiring,Expense,2025-12-22,18:01:35,2025-12-22 18:01:35,174494.31,INR,-174494.31,APK Owner,,,MAESTRO-APK-BUSINESS-TEAM_OPERATIONS-2466 | Hiring | 174494.31,Android,B50,RAMP_1501_2500,CREATED,idem-20260902-apk-2466,android,B01,TEAM_OPERATIONS,Team Update,B01:Team Update,ACTIVE,,business.expense.amount,business.expense.note,business.expense.submit,,Hiring,MAESTRO-APK-BUSINESS-TEAM_OPERATIONS-2466 | Hiring | 174494.31,JOINED,Team Ops hub has no Expense; Team meal/travel etc. use Team Update until Spend path wired — prefer B03 Spend for ops expenses
2469,MTR-APK-2469,Business,Business,Team Operations,Team Meal,Expense,2026-03-05,03:15:36,2026-03-05 03:15:36,132289.33,INR,-132289.33,APK Owner,,,MAESTRO-APK-BUSINESS-TEAM_OPERATIONS-2469 | Team Meal | 132289.33,Android,B50,RAMP_1501_2500,CREATED,idem-20260902-apk-2469,android,B01,TEAM_OPERATIONS,Team Update,B01:Team Update,ACTIVE,,business.expense.amount,business.expense.note,business.expense.submit,,Team Meal,MAESTRO-APK-BUSINESS-TEAM_OPERATIONS-2469 | Team Meal | 132289.33,JOINED,Team Ops hub has no Expense; Team meal/travel etc. use Team Update until Spend path wired — prefer B03 Spend for ops expenses
2472,MTR-APK-2472,Business,Business,Team Operations,Travel,Expense,2026-08-01,06:54:50,2026-08-01 06:54:50,17032.76,INR,-17032.76,APK Owner,,,MAESTRO-APK-BUSINESS-TEAM_OPERATIONS-2472 | Travel | 17032.76,Android,B50,RAMP_1501_2500,CREATED,idem-20260902-apk-2472,android,B01,TEAM_OPERATIONS,Team Update,B01:Team Update,ACTIVE,,business.expense.amount,business.expense.note,business.expense.submit,,Travel,MAESTRO-APK-BUSINESS-TEAM_OPERATIONS-2472 | Travel | 17032.76,JOINED,Team Ops hub has no Expense; Team meal/travel etc. use Team Update until Spend path wired — prefer B03 Spend for ops expenses
2475,MTR-APK-2475,Business,Business,Team Operations,Training,Expense,2026-03-14,12:49:54,2026-03-14 12:49:54,84272.04,INR,-84272.04,APK Owner,,,MAESTRO-APK-BUSINESS-TEAM_OPERATIONS-2475 | Training | 84272.04,Android,B50,RAMP_1501_2500,CREATED,idem-20260902-apk-2475,android,B01,TEAM_OPERATIONS,Team Update,B01:Team Update,ACTIVE,,business.expense.amount,business.expense.note,business.expense.submit,,Training,MAESTRO-APK-BUSINESS-TEAM_OPERATIONS-2475 | Training | 84272.04,JOINED,Team Ops hub has no Expense; Team meal/travel etc. use Team Update until Spend path wired — prefer B03 Spend for ops expenses
2478,MTR-APK-2478,Business,Business,Team Operations,Tools,Expense,2025-12-17,21:02:37,2025-12-17 21:02:37,37334.24,INR,-37334.24,APK Owner,,,MAESTRO-APK-BUSINESS-TEAM_OPERATIONS-2478 | Tools | 37334.24,Android,B50,RAMP_1501_2500,CREATED,idem-20260902-apk-2478,android,B01,TEAM_OPERATIONS,Team Update,B01:Team Update,ACTIVE,,business.expense.amount,business.expense.note,business.expense.submit,,Tools,MAESTRO-APK-BUSINESS-TEAM_OPERATIONS-2478 | Tools | 37334.24,JOINED,Team Ops hub has no Expense; Team meal/travel etc. use Team Update until Spend path wired — prefer B03 Spend for ops expenses
2481,MTR-APK-2481,Business,Business,Business Runway,Funding,Income,2026-04-08,01:58:48,2026-04-08 01:58:48,51024.11,INR,51024.11,APK Owner,,,MAESTRO-APK-BUSINESS-BUSINESS_RUNWAY-2481 | Funding | 51024.11,Android,B50,RAMP_1501_2500,CREATED,idem-20260902-apk-2481,android,B02,BUSINESS_RUNWAY,Revenue,B02:Revenue,ACTIVE,qa.tile.revenue,business.revenue.amount,,business.revenue.submit,,Funding,MAESTRO-APK-BUSINESS-BUSINESS_RUNWAY-2481 | Funding | 51024.11,JOINED,Funding/Investment/Loan/Revenue → Runway Revenue
2484,MTR-APK-2484,Business,Business,Business Runway,Revenue,Income,2026-03-09,07:04:24,2026-03-09 07:04:24,144445.6,INR,144445.6,APK Owner,,,MAESTRO-APK-BUSINESS-BUSINESS_RUNWAY-2484 | Revenue | 144445.60,Android,B50,RAMP_1501_2500,CREATED,idem-20260902-apk-2484,android,B02,BUSINESS_RUNWAY,Revenue,B02:Revenue,ACTIVE,qa.tile.revenue,business.revenue.amount,,business.revenue.submit,,Revenue,MAESTRO-APK-BUSINESS-BUSINESS_RUNWAY-2484 | Revenue | 144445.60,JOINED,Funding/Investment/Loan/Revenue → Runway Revenue
2487,MTR-APK-2487,Business,Business,Business Runway,Burn,Expense,2026-07-06,05:37:46,2026-07-06 05:37:46,166396.82,INR,-166396.82,APK Owner,,,MAESTRO-APK-BUSINESS-BUSINESS_RUNWAY-2487 | Burn | 166396.82,Android,B50,RAMP_1501_2500,CREATED,idem-20260902-apk-2487,android,B02,BUSINESS_RUNWAY,Expense,B02:Expense,ACTIVE,qa.tile.expense,business.expense.amount,business.expense.note,business.expense.submit,,Burn,MAESTRO-APK-BUSINESS-BUSINESS_RUNWAY-2487 | Burn | 166396.82,JOINED,Runway Log Expense
2490,MTR-APK-2490,Business,Business,Business Runway,Reserve,Transfer,2026-03-17,01:57:04,2026-03-17 01:57:04,111816.48,INR,0.0,APK Owner,,,MAESTRO-APK-BUSINESS-BUSINESS_RUNWAY-2490 | Reserve | 111816.48,Android,B50,RAMP_1501_2500,CREATED,idem-20260902-apk-2490,android,B02,BUSINESS_RUNWAY,Expense,B02:Expense,ACTIVE,qa.tile.expense,,,,,Reserve,MAESTRO-APK-BUSINESS-BUSINESS_RUNWAY-2490 | Reserve | 111816.48,JOINED_REVIEW,Reserve transfer → Runway expense/movement proxy — REVIEW
2493,MTR-APK-2493,Business,Business,Business Runway,Loan,Income,2025-10-09,23:57:38,2025-10-09 23:57:38,30602.09,INR,30602.09,APK Owner,,,MAESTRO-APK-BUSINESS-BUSINESS_RUNWAY-2493 | Loan | 30602.09,Android,B50,RAMP_1501_2500,CREATED,idem-20260902-apk-2493,android,B02,BUSINESS_RUNWAY,Revenue,B02:Revenue,ACTIVE,qa.tile.revenue,business.revenue.amount,,business.revenue.submit,,Loan,MAESTRO-APK-BUSINESS-BUSINESS_RUNWAY-2493 | Loan | 30602.09,JOINED,Funding/Investment/Loan/Revenue → Runway Revenue
2496,MTR-APK-2496,Business,Business,Business Runway,Investment,Income,2026-07-05,04:31:10,2026-07-05 04:31:10,9844.92,INR,9844.92,APK Owner,,,MAESTRO-APK-BUSINESS-BUSINESS_RUNWAY-2496 | Investment | 9844.92,Android,B50,RAMP_1501_2500,CREATED,idem-20260902-apk-2496,android,B02,BUSINESS_RUNWAY,Revenue,B02:Revenue,ACTIVE,qa.tile.revenue,business.revenue.amount,,business.revenue.submit,,Investment,MAESTRO-APK-BUSINESS-BUSINESS_RUNWAY-2496 | Investment | 9844.92,JOINED,Funding/Investment/Loan/Revenue → Runway Revenue
2499,MTR-APK-2499,Business,Business,Business Operations,Software,Expense,2026-04-16,00:02:31,2026-04-16 00:02:31,66928.52,INR,-66928.52,APK Owner,,,MAESTRO-APK-BUSINESS-BUSINESS_OPERATIONS-2499 | Software | 66928.52,Android,B50,RAMP_1501_2500,CREATED,idem-20260902-apk-2499,android,B03,BUSINESS_OPERATIONS,Spend Entry,B03:Spend Entry,ACTIVE,,business.expense.amount,business.expense.note,business.expense.submit,,Software,MAESTRO-APK-BUSINESS-BUSINESS_OPERATIONS-2499 | Software | 66928.52,JOINED,Ops Log Spend Entry; amount ID business.expense.amount
2502,MTR-APK-2502,Business,Business,Business Operations,Rent,Expense,2026-07-10,18:17:50,2026-07-10 18:17:50,58481.64,INR,-58481.64,APK Owner,,,MAESTRO-APK-BUSINESS-BUSINESS_OPERATIONS-2502 | Rent | 58481.64,Android,B51,HIGH_2501_3000,CREATED,idem-20260902-apk-2502,android,B03,BUSINESS_OPERATIONS,Spend Entry,B03:Spend Entry,ACTIVE,,business.expense.amount,business.expense.note,business.expense.submit,,Rent,MAESTRO-APK-BUSINESS-BUSINESS_OPERATIONS-2502 | Rent | 58481.64,JOINED,Ops Log Spend Entry; amount ID business.expense.amount
2505,MTR-APK-2505,Business,Business,Business Operations,Marketing,Expense,2026-06-11,20:43:54,2026-06-11 20:43:54,67192.25,INR,-67192.25,APK Owner,,,MAESTRO-APK-BUSINESS-BUSINESS_OPERATIONS-2505 | Marketing | 67192.25,Android,B51,HIGH_2501_3000,CREATED,idem-20260902-apk-2505,android,B03,BUSINESS_OPERATIONS,Spend Entry,B03:Spend Entry,ACTIVE,,business.expense.amount,business.expense.note,business.expense.submit,,Marketing,MAESTRO-APK-BUSINESS-BUSINESS_OPERATIONS-2505 | Marketing | 67192.25,JOINED,Ops Log Spend Entry; amount ID business.expense.amount
2508,MTR-APK-2508,Business,Business,Business Operations,Legal,Expense,2026-08-14,04:15:36,2026-08-14 04:15:36,41709.21,INR,-41709.21,APK Owner,,,MAESTRO-APK-BUSINESS-BUSINESS_OPERATIONS-2508 | Legal | 41709.21,Android,B51,HIGH_2501_3000,CREATED,idem-20260902-apk-2508,android,B03,BUSINESS_OPERATIONS,Spend Entry,B03:Spend Entry,ACTIVE,,business.expense.amount,business.expense.note,business.expense.submit,,Legal,MAESTRO-APK-BUSINESS-BUSINESS_OPERATIONS-2508 | Legal | 41709.21,JOINED,Ops Log Spend Entry; amount ID business.expense.amount
2511,MTR-APK-2511,Business,Business,Business Operations,Accounting,Expense,2026-02-20,23:06:08,2026-02-20 23:06:08,21843.48,INR,-21843.48,APK Owner,,,MAESTRO-APK-BUSINESS-BUSINESS_OPERATIONS-2511 | Accounting | 21843.48,Android,B51,HIGH_2501_3000,CREATED,idem-20260902-apk-2511,android,B03,BUSINESS_OPERATIONS,Spend Entry,B03:Spend Entry,ACTIVE,,business.expense.amount,business.expense.note,business.expense.submit,,Accounting,MAESTRO-APK-BUSINESS-BUSINESS_OPERATIONS-2511 | Accounting | 21843.48,JOINED,Ops Log Spend Entry; amount ID business.expense.amount
2514,MTR-APK-2514,Business,Business,Business Operations,Equipment,Expense,2026-06-20,21:24:27,2026-06-20 21:24:27,116013.15,INR,-116013.15,APK Owner,,,MAESTRO-APK-BUSINESS-BUSINESS_OPERATIONS-2514 | Equipment | 116013.15,Android,B51,HIGH_2501_3000,CREATED,idem-20260902-apk-2514,android,B03,BUSINESS_OPERATIONS,Spend Entry,B03:Spend Entry,ACTIVE,,business.expense.amount,business.expense.note,business.expense.submit,,Equipment,MAESTRO-APK-BUSINESS-BUSINESS_OPERATIONS-2514 | Equipment | 116013.15,JOINED,Ops Log Spend Entry; amount ID business.expense.amount
2517,MTR-APK-2517,Business,Business,Business Operations,Vendor,Expense,2026-05-18,12:55:01,2026-05-18 12:55:01,161857.13,INR,-161857.13,APK Owner,,,MAESTRO-APK-BUSINESS-BUSINESS_OPERATIONS-2517 | Vendor | 161857.13,Android,B51,HIGH_2501_3000,CREATED,idem-20260902-apk-2517,android,B03,BUSINESS_OPERATIONS,Spend Entry,B03:Spend Entry,ACTIVE,,business.expense.amount,business.expense.note,business.expense.submit,,Vendor,MAESTRO-APK-BUSINESS-BUSINESS_OPERATIONS-2517 | Vendor | 161857.13,JOINED,Ops Log Spend Entry; amount ID business.expense.amount
2520,MTR-APK-2520,Business,Business,Business Operations,Tax,Expense,2025-09-05,13:02:10,2025-09-05 13:02:10,107024.98,INR,-107024.98,APK Owner,,,MAESTRO-APK-BUSINESS-BUSINESS_OPERATIONS-2520 | Tax | 107024.98,Android,B51,HIGH_2501_3000,CREATED,idem-20260902-apk-2520,android,B03,BUSINESS_OPERATIONS,Spend Entry,B03:Spend Entry,ACTIVE,,business.expense.amount,business.expense.note,business.expense.submit,,Tax,MAESTRO-APK-BUSINESS-BUSINESS_OPERATIONS-2520 | Tax | 107024.98,JOINED,Ops Log Spend Entry; amount ID business.expense.amount
2523,MTR-APK-2523,Business,Business,Team Operations,Payroll,Expense,2025-09-08,11:53:43,2025-09-08 11:53:43,129814.12,INR,-129814.12,APK Owner,,,MAESTRO-APK-BUSINESS-TEAM_OPERATIONS-2523 | Payroll | 129814.12,Android,B51,HIGH_2501_3000,CREATED,idem-20260902-apk-2523,android,B01,TEAM_OPERATIONS,Team Update,B01:Team Update,ACTIVE,,business.expense.amount,business.expense.note,business.expense.submit,,Payroll,MAESTRO-APK-BUSINESS-TEAM_OPERATIONS-2523 | Payroll | 129814.12,JOINED,Team Ops hub has no Expense; Team meal/travel etc. use Team Update until Spend path wired — prefer B03 Spend for ops expenses
2526,MTR-APK-2526,Business,Business,Team Operations,Contractor,Expense,2026-08-18,08:05:32,2026-08-18 08:05:32,140092.82,INR,-140092.82,APK Owner,,,MAESTRO-APK-BUSINESS-TEAM_OPERATIONS-2526 | Contractor | 140092.82,Android,B51,HIGH_2501_3000,CREATED,idem-20260902-apk-2526,android,B01,TEAM_OPERATIONS,Team Update,B01:Team Update,ACTIVE,,business.expense.amount,business.expense.note,business.expense.submit,,Contractor,MAESTRO-APK-BUSINESS-TEAM_OPERATIONS-2526 | Contractor | 140092.82,JOINED,Team Ops hub has no Expense; Team meal/travel etc. use Team Update until Spend path wired — prefer B03 Spend for ops expenses
2529,MTR-APK-2529,Business,Business,Team Operations,Hiring,Expense,2025-12-20,07:49:53,2025-12-20 07:49:53,139807.66,INR,-139807.66,APK Owner,,,MAESTRO-APK-BUSINESS-TEAM_OPERATIONS-2529 | Hiring | 139807.66,Android,B51,HIGH_2501_3000,CREATED,idem-20260902-apk-2529,android,B01,TEAM_OPERATIONS,Team Update,B01:Team Update,ACTIVE,,business.expense.amount,business.expense.note,business.expense.submit,,Hiring,MAESTRO-APK-BUSINESS-TEAM_OPERATIONS-2529 | Hiring | 139807.66,JOINED,Team Ops hub has no Expense; Team meal/travel etc. use Team Update until Spend path wired — prefer B03 Spend for ops expenses
2532,MTR-APK-2532,Business,Business,Team Operations,Team Meal,Expense,2025-09-15,17:39:08,2025-09-15 17:39:08,168565.45,INR,-168565.45,APK Owner,,,MAESTRO-APK-BUSINESS-TEAM_OPERATIONS-2532 | Team Meal | 168565.45,Android,B51,HIGH_2501_3000,CREATED,idem-20260902-apk-2532,android,B01,TEAM_OPERATIONS,Team Update,B01:Team Update,ACTIVE,,business.expense.amount,business.expense.note,business.expense.submit,,Team Meal,MAESTRO-APK-BUSINESS-TEAM_OPERATIONS-2532 | Team Meal | 168565.45,JOINED,Team Ops hub has no Expense; Team meal/travel etc. use Team Update until Spend path wired — prefer B03 Spend for ops expenses
2535,MTR-APK-2535,Business,Business,Team Operations,Travel,Expense,2025-10-15,07:11:53,2025-10-15 07:11:53,11932.04,INR,-11932.04,APK Owner,,,MAESTRO-APK-BUSINESS-TEAM_OPERATIONS-2535 | Travel | 11932.04,Android,B51,HIGH_2501_3000,CREATED,idem-20260902-apk-2535,android,B01,TEAM_OPERATIONS,Team Update,B01:Team Update,ACTIVE,,business.expense.amount,business.expense.note,business.expense.submit,,Travel,MAESTRO-APK-BUSINESS-TEAM_OPERATIONS-2535 | Travel | 11932.04,JOINED,Team Ops hub has no Expense; Team meal/travel etc. use Team Update until Spend path wired — prefer B03 Spend for ops expenses
2538,MTR-APK-2538,Business,Business,Team Operations,Training,Expense,2026-01-25,18:08:35,2026-01-25 18:08:35,70410.82,INR,-70410.82,APK Owner,,,MAESTRO-APK-BUSINESS-TEAM_OPERATIONS-2538 | Training | 70410.82,Android,B51,HIGH_2501_3000,CREATED,idem-20260902-apk-2538,android,B01,TEAM_OPERATIONS,Team Update,B01:Team Update,ACTIVE,,business.expense.amount,business.expense.note,business.expense.submit,,Training,MAESTRO-APK-BUSINESS-TEAM_OPERATIONS-2538 | Training | 70410.82,JOINED,Team Ops hub has no Expense; Team meal/travel etc. use Team Update until Spend path wired — prefer B03 Spend for ops expenses
2541,MTR-APK-2541,Business,Business,Team Operations,Tools,Expense,2026-03-27,07:03:48,2026-03-27 07:03:48,43756.35,INR,-43756.35,APK Owner,,,MAESTRO-APK-BUSINESS-TEAM_OPERATIONS-2541 | Tools | 43756.35,Android,B51,HIGH_2501_3000,CREATED,idem-20260902-apk-2541,android,B01,TEAM_OPERATIONS,Team Update,B01:Team Update,ACTIVE,,business.expense.amount,business.expense.note,business.expense.submit,,Tools,MAESTRO-APK-BUSINESS-TEAM_OPERATIONS-2541 | Tools | 43756.35,JOINED,Team Ops hub has no Expense; Team meal/travel etc. use Team Update until Spend path wired — prefer B03 Spend for ops expenses
2544,MTR-APK-2544,Business,Business,Business Runway,Funding,Income,2026-04-10,07:53:23,2026-04-10 07:53:23,135628.37,INR,135628.37,APK Owner,,,MAESTRO-APK-BUSINESS-BUSINESS_RUNWAY-2544 | Funding | 135628.37,Android,B51,HIGH_2501_3000,CREATED,idem-20260902-apk-2544,android,B02,BUSINESS_RUNWAY,Revenue,B02:Revenue,ACTIVE,qa.tile.revenue,business.revenue.amount,,business.revenue.submit,,Funding,MAESTRO-APK-BUSINESS-BUSINESS_RUNWAY-2544 | Funding | 135628.37,JOINED,Funding/Investment/Loan/Revenue → Runway Revenue
2547,MTR-APK-2547,Business,Business,Business Runway,Revenue,Income,2026-09-01,06:24:39,2026-09-01 06:24:39,52013.52,INR,52013.52,APK Owner,,,MAESTRO-APK-BUSINESS-BUSINESS_RUNWAY-2547 | Revenue | 52013.52,Android,B51,HIGH_2501_3000,CREATED,idem-20260902-apk-2547,android,B02,BUSINESS_RUNWAY,Revenue,B02:Revenue,ACTIVE,qa.tile.revenue,business.revenue.amount,,business.revenue.submit,,Revenue,MAESTRO-APK-BUSINESS-BUSINESS_RUNWAY-2547 | Revenue | 52013.52,JOINED,Funding/Investment/Loan/Revenue → Runway Revenue
2550,MTR-APK-2550,Business,Business,Business Runway,Burn,Expense,2026-01-29,18:31:54,2026-01-29 18:31:54,147735.72,INR,-147735.72,APK Owner,,,MAESTRO-APK-BUSINESS-BUSINESS_RUNWAY-2550 | Burn | 147735.72,Android,B51,HIGH_2501_3000,CREATED,idem-20260902-apk-2550,android,B02,BUSINESS_RUNWAY,Expense,B02:Expense,ACTIVE,qa.tile.expense,business.expense.amount,business.expense.note,business.expense.submit,,Burn,MAESTRO-APK-BUSINESS-BUSINESS_RUNWAY-2550 | Burn | 147735.72,JOINED,Runway Log Expense
2553,MTR-APK-2553,Business,Business,Business Runway,Reserve,Transfer,2026-06-14,16:17:23,2026-06-14 16:17:23,100.0,INR,0.0,APK Owner,,,MAESTRO-APK-BUSINESS-BUSINESS_RUNWAY-2553 | Reserve | 100.00,Android,B52,HIGH_2501_3000,CREATED,idem-20260902-apk-2553,android,B02,BUSINESS_RUNWAY,Expense,B02:Expense,ACTIVE,qa.tile.expense,,,,,Reserve,MAESTRO-APK-BUSINESS-BUSINESS_RUNWAY-2553 | Reserve | 100.00,JOINED_REVIEW,Reserve transfer → Runway expense/movement proxy — REVIEW
2556,MTR-APK-2556,Business,Business,Business Runway,Loan,Income,2026-08-12,18:58:19,2026-08-12 18:58:19,4674.92,INR,4674.92,APK Owner,,,MAESTRO-APK-BUSINESS-BUSINESS_RUNWAY-2556 | Loan | 4674.92,Android,B52,HIGH_2501_3000,CREATED,idem-20260902-apk-2556,android,B02,BUSINESS_RUNWAY,Revenue,B02:Revenue,ACTIVE,qa.tile.revenue,business.revenue.amount,,business.revenue.submit,,Loan,MAESTRO-APK-BUSINESS-BUSINESS_RUNWAY-2556 | Loan | 4674.92,JOINED,Funding/Investment/Loan/Revenue → Runway Revenue
2559,MTR-APK-2559,Business,Business,Business Runway,Investment,Income,2025-12-30,09:21:17,2025-12-30 09:21:17,89954.78,INR,89954.78,APK Owner,,,MAESTRO-APK-BUSINESS-BUSINESS_RUNWAY-2559 | Investment | 89954.78,Android,B52,HIGH_2501_3000,CREATED,idem-20260902-apk-2559,android,B02,BUSINESS_RUNWAY,Revenue,B02:Revenue,ACTIVE,qa.tile.revenue,business.revenue.amount,,business.revenue.submit,,Investment,MAESTRO-APK-BUSINESS-BUSINESS_RUNWAY-2559 | Investment | 89954.78,JOINED,Funding/Investment/Loan/Revenue → Runway Revenue
2562,MTR-APK-2562,Business,Business,Business Operations,Software,Expense,2026-08-30,09:40:26,2026-08-30 09:40:26,6995.85,INR,-6995.85,APK Owner,,,MAESTRO-APK-BUSINESS-BUSINESS_OPERATIONS-2562 | Software | 6995.85,Android,B52,HIGH_2501_3000,CREATED,idem-20260902-apk-2562,android,B03,BUSINESS_OPERATIONS,Spend Entry,B03:Spend Entry,ACTIVE,,business.expense.amount,business.expense.note,business.expense.submit,,Software,MAESTRO-APK-BUSINESS-BUSINESS_OPERATIONS-2562 | Software | 6995.85,JOINED,Ops Log Spend Entry; amount ID business.expense.amount
2565,MTR-APK-2565,Business,Business,Business Operations,Rent,Expense,2026-07-09,17:17:10,2026-07-09 17:17:10,19506.04,INR,-19506.04,APK Owner,,,MAESTRO-APK-BUSINESS-BUSINESS_OPERATIONS-2565 | Rent | 19506.04,Android,B52,HIGH_2501_3000,CREATED,idem-20260902-apk-2565,android,B03,BUSINESS_OPERATIONS,Spend Entry,B03:Spend Entry,ACTIVE,,business.expense.amount,business.expense.note,business.expense.submit,,Rent,MAESTRO-APK-BUSINESS-BUSINESS_OPERATIONS-2565 | Rent | 19506.04,JOINED,Ops Log Spend Entry; amount ID business.expense.amount
2568,MTR-APK-2568,Business,Business,Business Operations,Marketing,Expense,2026-01-29,16:53:50,2026-01-29 16:53:50,56871.01,INR,-56871.01,APK Owner,,,MAESTRO-APK-BUSINESS-BUSINESS_OPERATIONS-2568 | Marketing | 56871.01,Android,B52,HIGH_2501_3000,CREATED,idem-20260902-apk-2568,android,B03,BUSINESS_OPERATIONS,Spend Entry,B03:Spend Entry,ACTIVE,,business.expense.amount,business.expense.note,business.expense.submit,,Marketing,MAESTRO-APK-BUSINESS-BUSINESS_OPERATIONS-2568 | Marketing | 56871.01,JOINED,Ops Log Spend Entry; amount ID business.expense.amount
2571,MTR-APK-2571,Business,Business,Business Operations,Legal,Expense,2026-04-11,17:41:53,2026-04-11 17:41:53,96303.22,INR,-96303.22,APK Owner,,,MAESTRO-APK-BUSINESS-BUSINESS_OPERATIONS-2571 | Legal | 96303.22,Android,B52,HIGH_2501_3000,CREATED,idem-20260902-apk-2571,android,B03,BUSINESS_OPERATIONS,Spend Entry,B03:Spend Entry,ACTIVE,,business.expense.amount,business.expense.note,business.expense.submit,,Legal,MAESTRO-APK-BUSINESS-BUSINESS_OPERATIONS-2571 | Legal | 96303.22,JOINED,Ops Log Spend Entry; amount ID business.expense.amount
2574,MTR-APK-2574,Business,Business,Business Operations,Accounting,Expense,2026-01-02,07:45:30,2026-01-02 07:45:30,140603.26,INR,-140603.26,APK Owner,,,MAESTRO-APK-BUSINESS-BUSINESS_OPERATIONS-2574 | Accounting | 140603.26,Android,B52,HIGH_2501_3000,CREATED,idem-20260902-apk-2574,android,B03,BUSINESS_OPERATIONS,Spend Entry,B03:Spend Entry,ACTIVE,,business.expense.amount,business.expense.note,business.expense.submit,,Accounting,MAESTRO-APK-BUSINESS-BUSINESS_OPERATIONS-2574 | Accounting | 140603.26,JOINED,Ops Log Spend Entry; amount ID business.expense.amount
2577,MTR-APK-2577,Business,Business,Business Operations,Equipment,Expense,2025-09-03,23:25:25,2025-09-03 23:25:25,170414.77,INR,-170414.77,APK Owner,,,MAESTRO-APK-BUSINESS-BUSINESS_OPERATIONS-2577 | Equipment | 170414.77,Android,B52,HIGH_2501_3000,CREATED,idem-20260902-apk-2577,android,B03,BUSINESS_OPERATIONS,Spend Entry,B03:Spend Entry,ACTIVE,,business.expense.amount,business.expense.note,business.expense.submit,,Equipment,MAESTRO-APK-BUSINESS-BUSINESS_OPERATIONS-2577 | Equipment | 170414.77,JOINED,Ops Log Spend Entry; amount ID business.expense.amount
2580,MTR-APK-2580,Business,Business,Business Operations,Vendor,Expense,2025-09-21,08:34:01,2025-09-21 08:34:01,4289.8,INR,-4289.8,APK Owner,,,MAESTRO-APK-BUSINESS-BUSINESS_OPERATIONS-2580 | Vendor | 4289.80,Android,B52,HIGH_2501_3000,CREATED,idem-20260902-apk-2580,android,B03,BUSINESS_OPERATIONS,Spend Entry,B03:Spend Entry,ACTIVE,,business.expense.amount,business.expense.note,business.expense.submit,,Vendor,MAESTRO-APK-BUSINESS-BUSINESS_OPERATIONS-2580 | Vendor | 4289.80,JOINED,Ops Log Spend Entry; amount ID business.expense.amount
2583,MTR-APK-2583,Business,Business,Business Operations,Tax,Expense,2026-07-14,21:23:22,2026-07-14 21:23:22,77341.92,INR,-77341.92,APK Owner,,,MAESTRO-APK-BUSINESS-BUSINESS_OPERATIONS-2583 | Tax | 77341.92,Android,B52,HIGH_2501_3000,CREATED,idem-20260902-apk-2583,android,B03,BUSINESS_OPERATIONS,Spend Entry,B03:Spend Entry,ACTIVE,,business.expense.amount,business.expense.note,business.expense.submit,,Tax,MAESTRO-APK-BUSINESS-BUSINESS_OPERATIONS-2583 | Tax | 77341.92,JOINED,Ops Log Spend Entry; amount ID business.expense.amount
2586,MTR-APK-2586,Business,Business,Team Operations,Payroll,Expense,2026-04-10,01:09:46,2026-04-10 01:09:46,36122.96,INR,-36122.96,APK Owner,,,MAESTRO-APK-BUSINESS-TEAM_OPERATIONS-2586 | Payroll | 36122.96,Android,B52,HIGH_2501_3000,CREATED,idem-20260902-apk-2586,android,B01,TEAM_OPERATIONS,Team Update,B01:Team Update,ACTIVE,,business.expense.amount,business.expense.note,business.expense.submit,,Payroll,MAESTRO-APK-BUSINESS-TEAM_OPERATIONS-2586 | Payroll | 36122.96,JOINED,Team Ops hub has no Expense; Team meal/travel etc. use Team Update until Spend path wired — prefer B03 Spend for ops expenses
2589,MTR-APK-2589,Business,Business,Team Operations,Contractor,Expense,2026-05-16,12:31:54,2026-05-16 12:31:54,88688.74,INR,-88688.74,APK Owner,,,MAESTRO-APK-BUSINESS-TEAM_OPERATIONS-2589 | Contractor | 88688.74,Android,B52,HIGH_2501_3000,CREATED,idem-20260902-apk-2589,android,B01,TEAM_OPERATIONS,Team Update,B01:Team Update,ACTIVE,,business.expense.amount,business.expense.note,business.expense.submit,,Contractor,MAESTRO-APK-BUSINESS-TEAM_OPERATIONS-2589 | Contractor | 88688.74,JOINED,Team Ops hub has no Expense; Team meal/travel etc. use Team Update until Spend path wired — prefer B03 Spend for ops expenses
2592,MTR-APK-2592,Business,Business,Team Operations,Hiring,Expense,2026-02-19,10:39:28,2026-02-19 10:39:28,90174.49,INR,-90174.49,APK Owner,,,MAESTRO-APK-BUSINESS-TEAM_OPERATIONS-2592 | Hiring | 90174.49,Android,B52,HIGH_2501_3000,CREATED,idem-20260902-apk-2592,android,B01,TEAM_OPERATIONS,Team Update,B01:Team Update,ACTIVE,,business.expense.amount,business.expense.note,business.expense.submit,,Hiring,MAESTRO-APK-BUSINESS-TEAM_OPERATIONS-2592 | Hiring | 90174.49,JOINED,Team Ops hub has no Expense; Team meal/travel etc. use Team Update until Spend path wired — prefer B03 Spend for ops expenses
2595,MTR-APK-2595,Business,Business,Team Operations,Team Meal,Expense,2026-03-07,07:49:52,2026-03-07 07:49:52,157566.43,INR,-157566.43,APK Owner,,,MAESTRO-APK-BUSINESS-TEAM_OPERATIONS-2595 | Team Meal | 157566.43,Android,B52,HIGH_2501_3000,CREATED,idem-20260902-apk-2595,android,B01,TEAM_OPERATIONS,Team Update,B01:Team Update,ACTIVE,,business.expense.amount,business.expense.note,business.expense.submit,,Team Meal,MAESTRO-APK-BUSINESS-TEAM_OPERATIONS-2595 | Team Meal | 157566.43,JOINED,Team Ops hub has no Expense; Team meal/travel etc. use Team Update until Spend path wired — prefer B03 Spend for ops expenses
2598,MTR-APK-2598,Business,Business,Team Operations,Travel,Expense,2026-04-13,22:43:46,2026-04-13 22:43:46,179095.89,INR,-179095.89,APK Owner,,,MAESTRO-APK-BUSINESS-TEAM_OPERATIONS-2598 | Travel | 179095.89,Android,B52,HIGH_2501_3000,CREATED,idem-20260902-apk-2598,android,B01,TEAM_OPERATIONS,Team Update,B01:Team Update,ACTIVE,,business.expense.amount,business.expense.note,business.expense.submit,,Travel,MAESTRO-APK-BUSINESS-TEAM_OPERATIONS-2598 | Travel | 179095.89,JOINED,Team Ops hub has no Expense; Team meal/travel etc. use Team Update until Spend path wired — prefer B03 Spend for ops expenses
2601,MTR-APK-2601,Business,Business,Team Operations,Training,Expense,2026-04-20,17:56:38,2026-04-20 17:56:38,145764.5,INR,-145764.5,APK Owner,,,MAESTRO-APK-BUSINESS-TEAM_OPERATIONS-2601 | Training | 145764.50,Android,B53,HIGH_2501_3000,CREATED,idem-20260902-apk-2601,android,B01,TEAM_OPERATIONS,Team Update,B01:Team Update,ACTIVE,,business.expense.amount,business.expense.note,business.expense.submit,,Training,MAESTRO-APK-BUSINESS-TEAM_OPERATIONS-2601 | Training | 145764.50,JOINED,Team Ops hub has no Expense; Team meal/travel etc. use Team Update until Spend path wired — prefer B03 Spend for ops expenses
2604,MTR-APK-2604,Business,Business,Team Operations,Tools,Expense,2025-09-04,06:48:39,2025-09-04 06:48:39,151715.07,INR,-151715.07,APK Owner,,,MAESTRO-APK-BUSINESS-TEAM_OPERATIONS-2604 | Tools | 151715.07,Android,B53,HIGH_2501_3000,CREATED,idem-20260902-apk-2604,android,B01,TEAM_OPERATIONS,Team Update,B01:Team Update,ACTIVE,,business.expense.amount,business.expense.note,business.expense.submit,,Tools,MAESTRO-APK-BUSINESS-TEAM_OPERATIONS-2604 | Tools | 151715.07,JOINED,Team Ops hub has no Expense; Team meal/travel etc. use Team Update until Spend path wired — prefer B03 Spend for ops expenses
2607,MTR-APK-2607,Business,Business,Business Runway,Funding,Income,2026-05-14,18:42:15,2026-05-14 18:42:15,124159.77,INR,124159.77,APK Owner,,,MAESTRO-APK-BUSINESS-BUSINESS_RUNWAY-2607 | Funding | 124159.77,Android,B53,HIGH_2501_3000,CREATED,idem-20260902-apk-2607,android,B02,BUSINESS_RUNWAY,Revenue,B02:Revenue,ACTIVE,qa.tile.revenue,business.revenue.amount,,business.revenue.submit,,Funding,MAESTRO-APK-BUSINESS-BUSINESS_RUNWAY-2607 | Funding | 124159.77,JOINED,Funding/Investment/Loan/Revenue → Runway Revenue
2610,MTR-APK-2610,Business,Business,Business Runway,Revenue,Income,2025-11-26,11:06:55,2025-11-26 11:06:55,38108.21,INR,38108.21,APK Owner,,,MAESTRO-APK-BUSINESS-BUSINESS_RUNWAY-2610 | Revenue | 38108.21,Android,B53,HIGH_2501_3000,CREATED,idem-20260902-apk-2610,android,B02,BUSINESS_RUNWAY,Revenue,B02:Revenue,ACTIVE,qa.tile.revenue,business.revenue.amount,,business.revenue.submit,,Revenue,MAESTRO-APK-BUSINESS-BUSINESS_RUNWAY-2610 | Revenue | 38108.21,JOINED,Funding/Investment/Loan/Revenue → Runway Revenue
2613,MTR-APK-2613,Business,Business,Business Runway,Burn,Expense,2026-07-04,02:05:35,2026-07-04 02:05:35,117602.92,INR,-117602.92,APK Owner,,,MAESTRO-APK-BUSINESS-BUSINESS_RUNWAY-2613 | Burn | 117602.92,Android,B53,HIGH_2501_3000,CREATED,idem-20260902-apk-2613,android,B02,BUSINESS_RUNWAY,Expense,B02:Expense,ACTIVE,qa.tile.expense,business.expense.amount,business.expense.note,business.expense.submit,,Burn,MAESTRO-APK-BUSINESS-BUSINESS_RUNWAY-2613 | Burn | 117602.92,JOINED,Runway Log Expense
2616,MTR-APK-2616,Business,Business,Business Runway,Reserve,Transfer,2025-10-06,20:50:43,2025-10-06 20:50:43,26505.35,INR,0.0,APK Owner,,,MAESTRO-APK-BUSINESS-BUSINESS_RUNWAY-2616 | Reserve | 26505.35,Android,B53,HIGH_2501_3000,CREATED,idem-20260902-apk-2616,android,B02,BUSINESS_RUNWAY,Expense,B02:Expense,ACTIVE,qa.tile.expense,,,,,Reserve,MAESTRO-APK-BUSINESS-BUSINESS_RUNWAY-2616 | Reserve | 26505.35,JOINED_REVIEW,Reserve transfer → Runway expense/movement proxy — REVIEW
2619,MTR-APK-2619,Business,Business,Business Runway,Loan,Income,2026-03-31,13:48:22,2026-03-31 13:48:22,79300.59,INR,79300.59,APK Owner,,,MAESTRO-APK-BUSINESS-BUSINESS_RUNWAY-2619 | Loan | 79300.59,Android,B53,HIGH_2501_3000,CREATED,idem-20260902-apk-2619,android,B02,BUSINESS_RUNWAY,Revenue,B02:Revenue,ACTIVE,qa.tile.revenue,business.revenue.amount,,business.revenue.submit,,Loan,MAESTRO-APK-BUSINESS-BUSINESS_RUNWAY-2619 | Loan | 79300.59,JOINED,Funding/Investment/Loan/Revenue → Runway Revenue
2622,MTR-APK-2622,Business,Business,Business Runway,Investment,Income,2026-04-26,09:23:46,2026-04-26 09:23:46,36943.18,INR,36943.18,APK Owner,,,MAESTRO-APK-BUSINESS-BUSINESS_RUNWAY-2622 | Investment | 36943.18,Android,B53,HIGH_2501_3000,CREATED,idem-20260902-apk-2622,android,B02,BUSINESS_RUNWAY,Revenue,B02:Revenue,ACTIVE,qa.tile.revenue,business.revenue.amount,,business.revenue.submit,,Investment,MAESTRO-APK-BUSINESS-BUSINESS_RUNWAY-2622 | Investment | 36943.18,JOINED,Funding/Investment/Loan/Revenue → Runway Revenue
2625,MTR-APK-2625,Business,Business,Business Operations,Software,Expense,2026-02-14,18:49:16,2026-02-14 18:49:16,40293.63,INR,-40293.63,APK Owner,,,MAESTRO-APK-BUSINESS-BUSINESS_OPERATIONS-2625 | Software | 40293.63,Android,B53,HIGH_2501_3000,CREATED,idem-20260902-apk-2625,android,B03,BUSINESS_OPERATIONS,Spend Entry,B03:Spend Entry,ACTIVE,,business.expense.amount,business.expense.note,business.expense.submit,,Software,MAESTRO-APK-BUSINESS-BUSINESS_OPERATIONS-2625 | Software | 40293.63,JOINED,Ops Log Spend Entry; amount ID business.expense.amount
2628,MTR-APK-2628,Business,Business,Business Operations,Rent,Expense,2026-01-19,12:03:40,2026-01-19 12:03:40,82321.5,INR,-82321.5,APK Owner,,,MAESTRO-APK-BUSINESS-BUSINESS_OPERATIONS-2628 | Rent | 82321.50,Android,B53,HIGH_2501_3000,CREATED,idem-20260902-apk-2628,android,B03,BUSINESS_OPERATIONS,Spend Entry,B03:Spend Entry,ACTIVE,,business.expense.amount,business.expense.note,business.expense.submit,,Rent,MAESTRO-APK-BUSINESS-BUSINESS_OPERATIONS-2628 | Rent | 82321.50,JOINED,Ops Log Spend Entry; amount ID business.expense.amount
2631,MTR-APK-2631,Business,Business,Business Operations,Marketing,Expense,2026-01-28,14:01:09,2026-01-28 14:01:09,109383.16,INR,-109383.16,APK Owner,,,MAESTRO-APK-BUSINESS-BUSINESS_OPERATIONS-2631 | Marketing | 109383.16,Android,B53,HIGH_2501_3000,CREATED,idem-20260902-apk-2631,android,B03,BUSINESS_OPERATIONS,Spend Entry,B03:Spend Entry,ACTIVE,,business.expense.amount,business.expense.note,business.expense.submit,,Marketing,MAESTRO-APK-BUSINESS-BUSINESS_OPERATIONS-2631 | Marketing | 109383.16,JOINED,Ops Log Spend Entry; amount ID business.expense.amount
2634,MTR-APK-2634,Business,Business,Business Operations,Legal,Expense,2026-08-30,06:37:00,2026-08-30 06:37:00,144104.61,INR,-144104.61,APK Owner,,,MAESTRO-APK-BUSINESS-BUSINESS_OPERATIONS-2634 | Legal | 144104.61,Android,B53,HIGH_2501_3000,CREATED,idem-20260902-apk-2634,android,B03,BUSINESS_OPERATIONS,Spend Entry,B03:Spend Entry,ACTIVE,,business.expense.amount,business.expense.note,business.expense.submit,,Legal,MAESTRO-APK-BUSINESS-BUSINESS_OPERATIONS-2634 | Legal | 144104.61,JOINED,Ops Log Spend Entry; amount ID business.expense.amount
2637,MTR-APK-2637,Business,Business,Business Operations,Accounting,Expense,2026-06-15,13:06:23,2026-06-15 13:06:23,60679.14,INR,-60679.14,APK Owner,,,MAESTRO-APK-BUSINESS-BUSINESS_OPERATIONS-2637 | Accounting | 60679.14,Android,B53,HIGH_2501_3000,CREATED,idem-20260902-apk-2637,android,B03,BUSINESS_OPERATIONS,Spend Entry,B03:Spend Entry,ACTIVE,,business.expense.amount,business.expense.note,business.expense.submit,,Accounting,MAESTRO-APK-BUSINESS-BUSINESS_OPERATIONS-2637 | Accounting | 60679.14,JOINED,Ops Log Spend Entry; amount ID business.expense.amount
2640,MTR-APK-2640,Business,Business,Business Operations,Equipment,Expense,2026-07-02,20:31:27,2026-07-02 20:31:27,173394.26,INR,-173394.26,APK Owner,,,MAESTRO-APK-BUSINESS-BUSINESS_OPERATIONS-2640 | Equipment | 173394.26,Android,B53,HIGH_2501_3000,CREATED,idem-20260902-apk-2640,android,B03,BUSINESS_OPERATIONS,Spend Entry,B03:Spend Entry,ACTIVE,,business.expense.amount,business.expense.note,business.expense.submit,,Equipment,MAESTRO-APK-BUSINESS-BUSINESS_OPERATIONS-2640 | Equipment | 173394.26,JOINED,Ops Log Spend Entry; amount ID business.expense.amount
2643,MTR-APK-2643,Business,Business,Business Operations,Vendor,Expense,2026-05-19,21:01:44,2026-05-19 21:01:44,35476.52,INR,-35476.52,APK Owner,,,MAESTRO-APK-BUSINESS-BUSINESS_OPERATIONS-2643 | Vendor | 35476.52,Android,B53,HIGH_2501_3000,CREATED,idem-20260902-apk-2643,android,B03,BUSINESS_OPERATIONS,Spend Entry,B03:Spend Entry,ACTIVE,,business.expense.amount,business.expense.note,business.expense.submit,,Vendor,MAESTRO-APK-BUSINESS-BUSINESS_OPERATIONS-2643 | Vendor | 35476.52,JOINED,Ops Log Spend Entry; amount ID business.expense.amount
2646,MTR-APK-2646,Business,Business,Business Operations,Tax,Expense,2025-09-16,03:02:16,2025-09-16 03:02:16,32813.83,INR,-32813.83,APK Owner,,,MAESTRO-APK-BUSINESS-BUSINESS_OPERATIONS-2646 | Tax | 32813.83,Android,B53,HIGH_2501_3000,CREATED,idem-20260902-apk-2646,android,B03,BUSINESS_OPERATIONS,Spend Entry,B03:Spend Entry,ACTIVE,,business.expense.amount,business.expense.note,business.expense.submit,,Tax,MAESTRO-APK-BUSINESS-BUSINESS_OPERATIONS-2646 | Tax | 32813.83,JOINED,Ops Log Spend Entry; amount ID business.expense.amount
2649,MTR-APK-2649,Business,Business,Team Operations,Payroll,Expense,2026-01-11,09:01:11,2026-01-11 09:01:11,145855.57,INR,-145855.57,APK Owner,,,MAESTRO-APK-BUSINESS-TEAM_OPERATIONS-2649 | Payroll | 145855.57,Android,B53,HIGH_2501_3000,CREATED,idem-20260902-apk-2649,android,B01,TEAM_OPERATIONS,Team Update,B01:Team Update,ACTIVE,,business.expense.amount,business.expense.note,business.expense.submit,,Payroll,MAESTRO-APK-BUSINESS-TEAM_OPERATIONS-2649 | Payroll | 145855.57,JOINED,Team Ops hub has no Expense; Team meal/travel etc. use Team Update until Spend path wired — prefer B03 Spend for ops expenses
2652,MTR-APK-2652,Business,Business,Team Operations,Contractor,Expense,2025-10-20,04:57:15,2025-10-20 04:57:15,114690.03,INR,-114690.03,APK Owner,,,MAESTRO-APK-BUSINESS-TEAM_OPERATIONS-2652 | Contractor | 114690.03,Android,B54,HIGH_2501_3000,CREATED,idem-20260902-apk-2652,android,B01,TEAM_OPERATIONS,Team Update,B01:Team Update,ACTIVE,,business.expense.amount,business.expense.note,business.expense.submit,,Contractor,MAESTRO-APK-BUSINESS-TEAM_OPERATIONS-2652 | Contractor | 114690.03,JOINED,Team Ops hub has no Expense; Team meal/travel etc. use Team Update until Spend path wired — prefer B03 Spend for ops expenses
2655,MTR-APK-2655,Business,Business,Team Operations,Hiring,Expense,2026-05-20,11:46:54,2026-05-20 11:46:54,66314.12,INR,-66314.12,APK Owner,,,MAESTRO-APK-BUSINESS-TEAM_OPERATIONS-2655 | Hiring | 66314.12,Android,B54,HIGH_2501_3000,CREATED,idem-20260902-apk-2655,android,B01,TEAM_OPERATIONS,Team Update,B01:Team Update,ACTIVE,,business.expense.amount,business.expense.note,business.expense.submit,,Hiring,MAESTRO-APK-BUSINESS-TEAM_OPERATIONS-2655 | Hiring | 66314.12,JOINED,Team Ops hub has no Expense; Team meal/travel etc. use Team Update until Spend path wired — prefer B03 Spend for ops expenses
2658,MTR-APK-2658,Business,Business,Team Operations,Team Meal,Expense,2025-12-21,16:37:32,2025-12-21 16:37:32,62844.88,INR,-62844.88,APK Owner,,,MAESTRO-APK-BUSINESS-TEAM_OPERATIONS-2658 | Team Meal | 62844.88,Android,B54,HIGH_2501_3000,CREATED,idem-20260902-apk-2658,android,B01,TEAM_OPERATIONS,Team Update,B01:Team Update,ACTIVE,,business.expense.amount,business.expense.note,business.expense.submit,,Team Meal,MAESTRO-APK-BUSINESS-TEAM_OPERATIONS-2658 | Team Meal | 62844.88,JOINED,Team Ops hub has no Expense; Team meal/travel etc. use Team Update until Spend path wired — prefer B03 Spend for ops expenses
2661,MTR-APK-2661,Business,Business,Team Operations,Travel,Expense,2026-07-05,01:19:57,2026-07-05 01:19:57,1071.24,INR,-1071.24,APK Owner,,,MAESTRO-APK-BUSINESS-TEAM_OPERATIONS-2661 | Travel | 1071.24,Android,B54,HIGH_2501_3000,CREATED,idem-20260902-apk-2661,android,B01,TEAM_OPERATIONS,Team Update,B01:Team Update,ACTIVE,,business.expense.amount,business.expense.note,business.expense.submit,,Travel,MAESTRO-APK-BUSINESS-TEAM_OPERATIONS-2661 | Travel | 1071.24,JOINED,Team Ops hub has no Expense; Team meal/travel etc. use Team Update until Spend path wired — prefer B03 Spend for ops expenses
2664,MTR-APK-2664,Business,Business,Team Operations,Training,Expense,2026-07-17,03:40:17,2026-07-17 03:40:17,0.01,INR,-0.01,APK Owner,,,MAESTRO-APK-BUSINESS-TEAM_OPERATIONS-2664 | Training | 0.01,Android,B54,HIGH_2501_3000,CREATED,idem-20260902-apk-2664,android,B01,TEAM_OPERATIONS,Team Update,B01:Team Update,ACTIVE,,business.expense.amount,business.expense.note,business.expense.submit,,Training,MAESTRO-APK-BUSINESS-TEAM_OPERATIONS-2664 | Training | 0.01,JOINED,Team Ops hub has no Expense; Team meal/travel etc. use Team Update until Spend path wired — prefer B03 Spend for ops expenses
2667,MTR-APK-2667,Business,Business,Team Operations,Tools,Expense,2025-12-22,19:06:17,2025-12-22 19:06:17,103606.58,INR,-103606.58,APK Owner,,,MAESTRO-APK-BUSINESS-TEAM_OPERATIONS-2667 | Tools | 103606.58,Android,B54,HIGH_2501_3000,CREATED,idem-20260902-apk-2667,android,B01,TEAM_OPERATIONS,Team Update,B01:Team Update,ACTIVE,,business.expense.amount,business.expense.note,business.expense.submit,,Tools,MAESTRO-APK-BUSINESS-TEAM_OPERATIONS-2667 | Tools | 103606.58,JOINED,Team Ops hub has no Expense; Team meal/travel etc. use Team Update until Spend path wired — prefer B03 Spend for ops expenses
2670,MTR-APK-2670,Business,Business,Business Runway,Funding,Income,2026-02-10,23:43:11,2026-02-10 23:43:11,42020.8,INR,42020.8,APK Owner,,,MAESTRO-APK-BUSINESS-BUSINESS_RUNWAY-2670 | Funding | 42020.80,Android,B54,HIGH_2501_3000,CREATED,idem-20260902-apk-2670,android,B02,BUSINESS_RUNWAY,Revenue,B02:Revenue,ACTIVE,qa.tile.revenue,business.revenue.amount,,business.revenue.submit,,Funding,MAESTRO-APK-BUSINESS-BUSINESS_RUNWAY-2670 | Funding | 42020.80,JOINED,Funding/Investment/Loan/Revenue → Runway Revenue
2673,MTR-APK-2673,Business,Business,Business Runway,Revenue,Income,2026-04-14,12:39:52,2026-04-14 12:39:52,98440.35,INR,98440.35,APK Owner,,,MAESTRO-APK-BUSINESS-BUSINESS_RUNWAY-2673 | Revenue | 98440.35,Android,B54,HIGH_2501_3000,CREATED,idem-20260902-apk-2673,android,B02,BUSINESS_RUNWAY,Revenue,B02:Revenue,ACTIVE,qa.tile.revenue,business.revenue.amount,,business.revenue.submit,,Revenue,MAESTRO-APK-BUSINESS-BUSINESS_RUNWAY-2673 | Revenue | 98440.35,JOINED,Funding/Investment/Loan/Revenue → Runway Revenue
2676,MTR-APK-2676,Business,Business,Business Runway,Burn,Expense,2025-11-10,15:15:00,2025-11-10 15:15:00,141988.15,INR,-141988.15,APK Owner,,,MAESTRO-APK-BUSINESS-BUSINESS_RUNWAY-2676 | Burn | 141988.15,Android,B54,HIGH_2501_3000,CREATED,idem-20260902-apk-2676,android,B02,BUSINESS_RUNWAY,Expense,B02:Expense,ACTIVE,qa.tile.expense,business.expense.amount,business.expense.note,business.expense.submit,,Burn,MAESTRO-APK-BUSINESS-BUSINESS_RUNWAY-2676 | Burn | 141988.15,JOINED,Runway Log Expense
2679,MTR-APK-2679,Business,Business,Business Runway,Reserve,Transfer,2025-12-03,22:19:32,2025-12-03 22:19:32,15772.62,INR,0.0,APK Owner,,,MAESTRO-APK-BUSINESS-BUSINESS_RUNWAY-2679 | Reserve | 15772.62,Android,B54,HIGH_2501_3000,CREATED,idem-20260902-apk-2679,android,B02,BUSINESS_RUNWAY,Expense,B02:Expense,ACTIVE,qa.tile.expense,,,,,Reserve,MAESTRO-APK-BUSINESS-BUSINESS_RUNWAY-2679 | Reserve | 15772.62,JOINED_REVIEW,Reserve transfer → Runway expense/movement proxy — REVIEW
2682,MTR-APK-2682,Business,Business,Business Runway,Loan,Income,2025-09-27,01:56:44,2025-09-27 01:56:44,175345.01,INR,175345.01,APK Owner,,,MAESTRO-APK-BUSINESS-BUSINESS_RUNWAY-2682 | Loan | 175345.01,Android,B54,HIGH_2501_3000,CREATED,idem-20260902-apk-2682,android,B02,BUSINESS_RUNWAY,Revenue,B02:Revenue,ACTIVE,qa.tile.revenue,business.revenue.amount,,business.revenue.submit,,Loan,MAESTRO-APK-BUSINESS-BUSINESS_RUNWAY-2682 | Loan | 175345.01,JOINED,Funding/Investment/Loan/Revenue → Runway Revenue
2685,MTR-APK-2685,Business,Business,Business Runway,Investment,Income,2025-09-24,19:11:25,2025-09-24 19:11:25,84170.8,INR,84170.8,APK Owner,,,MAESTRO-APK-BUSINESS-BUSINESS_RUNWAY-2685 | Investment | 84170.80,Android,B54,HIGH_2501_3000,CREATED,idem-20260902-apk-2685,android,B02,BUSINESS_RUNWAY,Revenue,B02:Revenue,ACTIVE,qa.tile.revenue,business.revenue.amount,,business.revenue.submit,,Investment,MAESTRO-APK-BUSINESS-BUSINESS_RUNWAY-2685 | Investment | 84170.80,JOINED,Funding/Investment/Loan/Revenue → Runway Revenue
2688,MTR-APK-2688,Business,Business,Business Operations,Software,Expense,2026-03-12,22:48:26,2026-03-12 22:48:26,101170.79,INR,-101170.79,APK Owner,,,MAESTRO-APK-BUSINESS-BUSINESS_OPERATIONS-2688 | Software | 101170.79,Android,B54,HIGH_2501_3000,CREATED,idem-20260902-apk-2688,android,B03,BUSINESS_OPERATIONS,Spend Entry,B03:Spend Entry,ACTIVE,,business.expense.amount,business.expense.note,business.expense.submit,,Software,MAESTRO-APK-BUSINESS-BUSINESS_OPERATIONS-2688 | Software | 101170.79,JOINED,Ops Log Spend Entry; amount ID business.expense.amount
2691,MTR-APK-2691,Business,Business,Business Operations,Rent,Expense,2026-01-21,09:35:01,2026-01-21 09:35:01,168451.53,INR,-168451.53,APK Owner,,,MAESTRO-APK-BUSINESS-BUSINESS_OPERATIONS-2691 | Rent | 168451.53,Android,B54,HIGH_2501_3000,CREATED,idem-20260902-apk-2691,android,B03,BUSINESS_OPERATIONS,Spend Entry,B03:Spend Entry,ACTIVE,,business.expense.amount,business.expense.note,business.expense.submit,,Rent,MAESTRO-APK-BUSINESS-BUSINESS_OPERATIONS-2691 | Rent | 168451.53,JOINED,Ops Log Spend Entry; amount ID business.expense.amount
2694,MTR-APK-2694,Business,Business,Business Operations,Marketing,Expense,2025-12-18,07:58:06,2025-12-18 07:58:06,2382.05,INR,-2382.05,APK Owner,,,MAESTRO-APK-BUSINESS-BUSINESS_OPERATIONS-2694 | Marketing | 2382.05,Android,B54,HIGH_2501_3000,CREATED,idem-20260902-apk-2694,android,B03,BUSINESS_OPERATIONS,Spend Entry,B03:Spend Entry,ACTIVE,,business.expense.amount,business.expense.note,business.expense.submit,,Marketing,MAESTRO-APK-BUSINESS-BUSINESS_OPERATIONS-2694 | Marketing | 2382.05,JOINED,Ops Log Spend Entry; amount ID business.expense.amount
2697,MTR-APK-2697,Business,Business,Business Operations,Legal,Expense,2025-11-15,21:14:46,2025-11-15 21:14:46,118241.5,INR,-118241.5,APK Owner,,,MAESTRO-APK-BUSINESS-BUSINESS_OPERATIONS-2697 | Legal | 118241.50,Android,B54,HIGH_2501_3000,CREATED,idem-20260902-apk-2697,android,B03,BUSINESS_OPERATIONS,Spend Entry,B03:Spend Entry,ACTIVE,,business.expense.amount,business.expense.note,business.expense.submit,,Legal,MAESTRO-APK-BUSINESS-BUSINESS_OPERATIONS-2697 | Legal | 118241.50,JOINED,Ops Log Spend Entry; amount ID business.expense.amount
2700,MTR-APK-2700,Business,Business,Business Operations,Accounting,Expense,2025-12-21,08:47:36,2025-12-21 08:47:36,15271.07,INR,-15271.07,APK Owner,,,MAESTRO-APK-BUSINESS-BUSINESS_OPERATIONS-2700 | Accounting | 15271.07,Android,B54,HIGH_2501_3000,CREATED,idem-20260902-apk-2700,android,B03,BUSINESS_OPERATIONS,Spend Entry,B03:Spend Entry,ACTIVE,,business.expense.amount,business.expense.note,business.expense.submit,,Accounting,MAESTRO-APK-BUSINESS-BUSINESS_OPERATIONS-2700 | Accounting | 15271.07,JOINED,Ops Log Spend Entry; amount ID business.expense.amount
2703,MTR-APK-2703,Business,Business,Business Operations,Equipment,Expense,2025-12-06,12:10:17,2025-12-06 12:10:17,124246.46,INR,-124246.46,APK Owner,,,MAESTRO-APK-BUSINESS-BUSINESS_OPERATIONS-2703 | Equipment | 124246.46,Android,B55,HIGH_2501_3000,CREATED,idem-20260902-apk-2703,android,B03,BUSINESS_OPERATIONS,Spend Entry,B03:Spend Entry,ACTIVE,,business.expense.amount,business.expense.note,business.expense.submit,,Equipment,MAESTRO-APK-BUSINESS-BUSINESS_OPERATIONS-2703 | Equipment | 124246.46,JOINED,Ops Log Spend Entry; amount ID business.expense.amount
2706,MTR-APK-2706,Business,Business,Business Operations,Vendor,Expense,2025-10-20,21:21:53,2025-10-20 21:21:53,105668.97,INR,-105668.97,APK Owner,,,MAESTRO-APK-BUSINESS-BUSINESS_OPERATIONS-2706 | Vendor | 105668.97,Android,B55,HIGH_2501_3000,CREATED,idem-20260902-apk-2706,android,B03,BUSINESS_OPERATIONS,Spend Entry,B03:Spend Entry,ACTIVE,,business.expense.amount,business.expense.note,business.expense.submit,,Vendor,MAESTRO-APK-BUSINESS-BUSINESS_OPERATIONS-2706 | Vendor | 105668.97,JOINED,Ops Log Spend Entry; amount ID business.expense.amount
2709,MTR-APK-2709,Business,Business,Business Operations,Tax,Expense,2026-09-01,21:55:12,2026-09-01 21:55:12,99157.15,INR,-99157.15,APK Owner,,,MAESTRO-APK-BUSINESS-BUSINESS_OPERATIONS-2709 | Tax | 99157.15,Android,B55,HIGH_2501_3000,CREATED,idem-20260902-apk-2709,android,B03,BUSINESS_OPERATIONS,Spend Entry,B03:Spend Entry,ACTIVE,,business.expense.amount,business.expense.note,business.expense.submit,,Tax,MAESTRO-APK-BUSINESS-BUSINESS_OPERATIONS-2709 | Tax | 99157.15,JOINED,Ops Log Spend Entry; amount ID business.expense.amount
2712,MTR-APK-2712,Business,Business,Team Operations,Payroll,Expense,2025-12-21,13:58:26,2025-12-21 13:58:26,62341.54,INR,-62341.54,APK Owner,,,MAESTRO-APK-BUSINESS-TEAM_OPERATIONS-2712 | Payroll | 62341.54,Android,B55,HIGH_2501_3000,CREATED,idem-20260902-apk-2712,android,B01,TEAM_OPERATIONS,Team Update,B01:Team Update,ACTIVE,,business.expense.amount,business.expense.note,business.expense.submit,,Payroll,MAESTRO-APK-BUSINESS-TEAM_OPERATIONS-2712 | Payroll | 62341.54,JOINED,Team Ops hub has no Expense; Team meal/travel etc. use Team Update until Spend path wired — prefer B03 Spend for ops expenses
2715,MTR-APK-2715,Business,Business,Team Operations,Contractor,Expense,2026-06-30,15:00:12,2026-06-30 15:00:12,97643.44,INR,-97643.44,APK Owner,,,MAESTRO-APK-BUSINESS-TEAM_OPERATIONS-2715 | Contractor | 97643.44,Android,B55,HIGH_2501_3000,CREATED,idem-20260902-apk-2715,android,B01,TEAM_OPERATIONS,Team Update,B01:Team Update,ACTIVE,,business.expense.amount,business.expense.note,business.expense.submit,,Contractor,MAESTRO-APK-BUSINESS-TEAM_OPERATIONS-2715 | Contractor | 97643.44,JOINED,Team Ops hub has no Expense; Team meal/travel etc. use Team Update until Spend path wired — prefer B03 Spend for ops expenses
2718,MTR-APK-2718,Business,Business,Team Operations,Hiring,Expense,2026-07-14,10:45:56,2026-07-14 10:45:56,125096.84,INR,-125096.84,APK Owner,,,MAESTRO-APK-BUSINESS-TEAM_OPERATIONS-2718 | Hiring | 125096.84,Android,B55,HIGH_2501_3000,CREATED,idem-20260902-apk-2718,android,B01,TEAM_OPERATIONS,Team Update,B01:Team Update,ACTIVE,,business.expense.amount,business.expense.note,business.expense.submit,,Hiring,MAESTRO-APK-BUSINESS-TEAM_OPERATIONS-2718 | Hiring | 125096.84,JOINED,Team Ops hub has no Expense; Team meal/travel etc. use Team Update until Spend path wired — prefer B03 Spend for ops expenses
2721,MTR-APK-2721,Business,Business,Team Operations,Team Meal,Expense,2026-02-18,08:45:59,2026-02-18 08:45:59,159890.26,INR,-159890.26,APK Owner,,,MAESTRO-APK-BUSINESS-TEAM_OPERATIONS-2721 | Team Meal | 159890.26,Android,B55,HIGH_2501_3000,CREATED,idem-20260902-apk-2721,android,B01,TEAM_OPERATIONS,Team Update,B01:Team Update,ACTIVE,,business.expense.amount,business.expense.note,business.expense.submit,,Team Meal,MAESTRO-APK-BUSINESS-TEAM_OPERATIONS-2721 | Team Meal | 159890.26,JOINED,Team Ops hub has no Expense; Team meal/travel etc. use Team Update until Spend path wired — prefer B03 Spend for ops expenses
2724,MTR-APK-2724,Business,Business,Team Operations,Travel,Expense,2026-08-31,18:09:08,2026-08-31 18:09:08,166538.96,INR,-166538.96,APK Owner,,,MAESTRO-APK-BUSINESS-TEAM_OPERATIONS-2724 | Travel | 166538.96,Android,B55,HIGH_2501_3000,CREATED,idem-20260902-apk-2724,android,B01,TEAM_OPERATIONS,Team Update,B01:Team Update,ACTIVE,,business.expense.amount,business.expense.note,business.expense.submit,,Travel,MAESTRO-APK-BUSINESS-TEAM_OPERATIONS-2724 | Travel | 166538.96,JOINED,Team Ops hub has no Expense; Team meal/travel etc. use Team Update until Spend path wired — prefer B03 Spend for ops expenses
2727,MTR-APK-2727,Business,Business,Team Operations,Training,Expense,2026-06-20,21:08:16,2026-06-20 21:08:16,85282.62,INR,-85282.62,APK Owner,,,MAESTRO-APK-BUSINESS-TEAM_OPERATIONS-2727 | Training | 85282.62,Android,B55,HIGH_2501_3000,CREATED,idem-20260902-apk-2727,android,B01,TEAM_OPERATIONS,Team Update,B01:Team Update,ACTIVE,,business.expense.amount,business.expense.note,business.expense.submit,,Training,MAESTRO-APK-BUSINESS-TEAM_OPERATIONS-2727 | Training | 85282.62,JOINED,Team Ops hub has no Expense; Team meal/travel etc. use Team Update until Spend path wired — prefer B03 Spend for ops expenses
2730,MTR-APK-2730,Business,Business,Team Operations,Tools,Expense,2026-02-11,23:26:28,2026-02-11 23:26:28,137268.61,INR,-137268.61,APK Owner,,,MAESTRO-APK-BUSINESS-TEAM_OPERATIONS-2730 | Tools | 137268.61,Android,B55,HIGH_2501_3000,CREATED,idem-20260902-apk-2730,android,B01,TEAM_OPERATIONS,Team Update,B01:Team Update,ACTIVE,,business.expense.amount,business.expense.note,business.expense.submit,,Tools,MAESTRO-APK-BUSINESS-TEAM_OPERATIONS-2730 | Tools | 137268.61,JOINED,Team Ops hub has no Expense; Team meal/travel etc. use Team Update until Spend path wired — prefer B03 Spend for ops expenses
2733,MTR-APK-2733,Business,Business,Business Runway,Funding,Income,2026-03-04,00:47:08,2026-03-04 00:47:08,112372.14,INR,112372.14,APK Owner,,,MAESTRO-APK-BUSINESS-BUSINESS_RUNWAY-2733 | Funding | 112372.14,Android,B55,HIGH_2501_3000,CREATED,idem-20260902-apk-2733,android,B02,BUSINESS_RUNWAY,Revenue,B02:Revenue,ACTIVE,qa.tile.revenue,business.revenue.amount,,business.revenue.submit,,Funding,MAESTRO-APK-BUSINESS-BUSINESS_RUNWAY-2733 | Funding | 112372.14,JOINED,Funding/Investment/Loan/Revenue → Runway Revenue
2736,MTR-APK-2736,Business,Business,Business Runway,Revenue,Income,2026-02-17,09:28:57,2026-02-17 09:28:57,80479.83,INR,80479.83,APK Owner,,,MAESTRO-APK-BUSINESS-BUSINESS_RUNWAY-2736 | Revenue | 80479.83,Android,B55,HIGH_2501_3000,CREATED,idem-20260902-apk-2736,android,B02,BUSINESS_RUNWAY,Revenue,B02:Revenue,ACTIVE,qa.tile.revenue,business.revenue.amount,,business.revenue.submit,,Revenue,MAESTRO-APK-BUSINESS-BUSINESS_RUNWAY-2736 | Revenue | 80479.83,JOINED,Funding/Investment/Loan/Revenue → Runway Revenue
2739,MTR-APK-2739,Business,Business,Business Runway,Burn,Expense,2026-05-21,09:13:59,2026-05-21 09:13:59,134961.98,INR,-134961.98,APK Owner,,,MAESTRO-APK-BUSINESS-BUSINESS_RUNWAY-2739 | Burn | 134961.98,Android,B55,HIGH_2501_3000,CREATED,idem-20260902-apk-2739,android,B02,BUSINESS_RUNWAY,Expense,B02:Expense,ACTIVE,qa.tile.expense,business.expense.amount,business.expense.note,business.expense.submit,,Burn,MAESTRO-APK-BUSINESS-BUSINESS_RUNWAY-2739 | Burn | 134961.98,JOINED,Runway Log Expense
2742,MTR-APK-2742,Business,Business,Business Runway,Reserve,Transfer,2026-07-20,12:00:03,2026-07-20 12:00:03,155331.32,INR,0.0,APK Owner,,,MAESTRO-APK-BUSINESS-BUSINESS_RUNWAY-2742 | Reserve | 155331.32,Android,B55,HIGH_2501_3000,CREATED,idem-20260902-apk-2742,android,B02,BUSINESS_RUNWAY,Expense,B02:Expense,ACTIVE,qa.tile.expense,,,,,Reserve,MAESTRO-APK-BUSINESS-BUSINESS_RUNWAY-2742 | Reserve | 155331.32,JOINED_REVIEW,Reserve transfer → Runway expense/movement proxy — REVIEW
2745,MTR-APK-2745,Business,Business,Business Runway,Loan,Income,2025-12-15,02:11:58,2025-12-15 02:11:58,72211.29,INR,72211.29,APK Owner,,,MAESTRO-APK-BUSINESS-BUSINESS_RUNWAY-2745 | Loan | 72211.29,Android,B55,HIGH_2501_3000,CREATED,idem-20260902-apk-2745,android,B02,BUSINESS_RUNWAY,Revenue,B02:Revenue,ACTIVE,qa.tile.revenue,business.revenue.amount,,business.revenue.submit,,Loan,MAESTRO-APK-BUSINESS-BUSINESS_RUNWAY-2745 | Loan | 72211.29,JOINED,Funding/Investment/Loan/Revenue → Runway Revenue
2748,MTR-APK-2748,Business,Business,Business Runway,Investment,Income,2025-12-14,21:28:42,2025-12-14 21:28:42,82048.03,INR,82048.03,APK Owner,,,MAESTRO-APK-BUSINESS-BUSINESS_RUNWAY-2748 | Investment | 82048.03,Android,B55,HIGH_2501_3000,CREATED,idem-20260902-apk-2748,android,B02,BUSINESS_RUNWAY,Revenue,B02:Revenue,ACTIVE,qa.tile.revenue,business.revenue.amount,,business.revenue.submit,,Investment,MAESTRO-APK-BUSINESS-BUSINESS_RUNWAY-2748 | Investment | 82048.03,JOINED,Funding/Investment/Loan/Revenue → Runway Revenue
2751,MTR-APK-2751,Business,Business,Business Operations,Software,Expense,2026-06-14,02:52:39,2026-06-14 02:52:39,78400.51,INR,-78400.51,APK Owner,,,MAESTRO-APK-BUSINESS-BUSINESS_OPERATIONS-2751 | Software | 78400.51,Android,B56,HIGH_2501_3000,CREATED,idem-20260902-apk-2751,android,B03,BUSINESS_OPERATIONS,Spend Entry,B03:Spend Entry,ACTIVE,,business.expense.amount,business.expense.note,business.expense.submit,,Software,MAESTRO-APK-BUSINESS-BUSINESS_OPERATIONS-2751 | Software | 78400.51,JOINED,Ops Log Spend Entry; amount ID business.expense.amount
2754,MTR-APK-2754,Business,Business,Business Operations,Rent,Expense,2026-08-31,00:21:44,2026-08-31 00:21:44,128543.57,INR,-128543.57,APK Owner,,,MAESTRO-APK-BUSINESS-BUSINESS_OPERATIONS-2754 | Rent | 128543.57,Android,B56,HIGH_2501_3000,CREATED,idem-20260902-apk-2754,android,B03,BUSINESS_OPERATIONS,Spend Entry,B03:Spend Entry,ACTIVE,,business.expense.amount,business.expense.note,business.expense.submit,,Rent,MAESTRO-APK-BUSINESS-BUSINESS_OPERATIONS-2754 | Rent | 128543.57,JOINED,Ops Log Spend Entry; amount ID business.expense.amount
2757,MTR-APK-2757,Business,Business,Business Operations,Marketing,Expense,2025-10-03,02:50:23,2025-10-03 02:50:23,110370.5,INR,-110370.5,APK Owner,,,MAESTRO-APK-BUSINESS-BUSINESS_OPERATIONS-2757 | Marketing | 110370.50,Android,B56,HIGH_2501_3000,CREATED,idem-20260902-apk-2757,android,B03,BUSINESS_OPERATIONS,Spend Entry,B03:Spend Entry,ACTIVE,,business.expense.amount,business.expense.note,business.expense.submit,,Marketing,MAESTRO-APK-BUSINESS-BUSINESS_OPERATIONS-2757 | Marketing | 110370.50,JOINED,Ops Log Spend Entry; amount ID business.expense.amount
2760,MTR-APK-2760,Business,Business,Business Operations,Legal,Expense,2025-12-05,21:34:43,2025-12-05 21:34:43,73856.28,INR,-73856.28,APK Owner,,,MAESTRO-APK-BUSINESS-BUSINESS_OPERATIONS-2760 | Legal | 73856.28,Android,B56,HIGH_2501_3000,CREATED,idem-20260902-apk-2760,android,B03,BUSINESS_OPERATIONS,Spend Entry,B03:Spend Entry,ACTIVE,,business.expense.amount,business.expense.note,business.expense.submit,,Legal,MAESTRO-APK-BUSINESS-BUSINESS_OPERATIONS-2760 | Legal | 73856.28,JOINED,Ops Log Spend Entry; amount ID business.expense.amount
2763,MTR-APK-2763,Business,Business,Business Operations,Accounting,Expense,2025-12-20,21:12:10,2025-12-20 21:12:10,70006.75,INR,-70006.75,APK Owner,,,MAESTRO-APK-BUSINESS-BUSINESS_OPERATIONS-2763 | Accounting | 70006.75,Android,B56,HIGH_2501_3000,CREATED,idem-20260902-apk-2763,android,B03,BUSINESS_OPERATIONS,Spend Entry,B03:Spend Entry,ACTIVE,,business.expense.amount,business.expense.note,business.expense.submit,,Accounting,MAESTRO-APK-BUSINESS-BUSINESS_OPERATIONS-2763 | Accounting | 70006.75,JOINED,Ops Log Spend Entry; amount ID business.expense.amount
2766,MTR-APK-2766,Business,Business,Business Operations,Equipment,Expense,2026-08-25,12:26:32,2026-08-25 12:26:32,169285.5,INR,-169285.5,APK Owner,,,MAESTRO-APK-BUSINESS-BUSINESS_OPERATIONS-2766 | Equipment | 169285.50,Android,B56,HIGH_2501_3000,CREATED,idem-20260902-apk-2766,android,B03,BUSINESS_OPERATIONS,Spend Entry,B03:Spend Entry,ACTIVE,,business.expense.amount,business.expense.note,business.expense.submit,,Equipment,MAESTRO-APK-BUSINESS-BUSINESS_OPERATIONS-2766 | Equipment | 169285.50,JOINED,Ops Log Spend Entry; amount ID business.expense.amount
2769,MTR-APK-2769,Business,Business,Business Operations,Vendor,Expense,2026-04-02,21:17:41,2026-04-02 21:17:41,75319.97,INR,-75319.97,APK Owner,,,MAESTRO-APK-BUSINESS-BUSINESS_OPERATIONS-2769 | Vendor | 75319.97,Android,B56,HIGH_2501_3000,CREATED,idem-20260902-apk-2769,android,B03,BUSINESS_OPERATIONS,Spend Entry,B03:Spend Entry,ACTIVE,,business.expense.amount,business.expense.note,business.expense.submit,,Vendor,MAESTRO-APK-BUSINESS-BUSINESS_OPERATIONS-2769 | Vendor | 75319.97,JOINED,Ops Log Spend Entry; amount ID business.expense.amount
2772,MTR-APK-2772,Business,Business,Business Operations,Tax,Expense,2025-09-09,23:37:16,2025-09-09 23:37:16,128982.99,INR,-128982.99,APK Owner,,,MAESTRO-APK-BUSINESS-BUSINESS_OPERATIONS-2772 | Tax | 128982.99,Android,B56,HIGH_2501_3000,CREATED,idem-20260902-apk-2772,android,B03,BUSINESS_OPERATIONS,Spend Entry,B03:Spend Entry,ACTIVE,,business.expense.amount,business.expense.note,business.expense.submit,,Tax,MAESTRO-APK-BUSINESS-BUSINESS_OPERATIONS-2772 | Tax | 128982.99,JOINED,Ops Log Spend Entry; amount ID business.expense.amount
2775,MTR-APK-2775,Business,Business,Team Operations,Payroll,Expense,2025-11-25,02:49:43,2025-11-25 02:49:43,100.0,INR,-100.0,APK Owner,,,MAESTRO-APK-BUSINESS-TEAM_OPERATIONS-2775 | Payroll | 100.00,Android,B56,HIGH_2501_3000,CREATED,idem-20260902-apk-2775,android,B01,TEAM_OPERATIONS,Team Update,B01:Team Update,ACTIVE,,business.expense.amount,business.expense.note,business.expense.submit,,Payroll,MAESTRO-APK-BUSINESS-TEAM_OPERATIONS-2775 | Payroll | 100.00,JOINED,Team Ops hub has no Expense; Team meal/travel etc. use Team Update until Spend path wired — prefer B03 Spend for ops expenses
2778,MTR-APK-2778,Business,Business,Team Operations,Contractor,Expense,2025-11-24,06:23:42,2025-11-24 06:23:42,128846.16,INR,-128846.16,APK Owner,,,MAESTRO-APK-BUSINESS-TEAM_OPERATIONS-2778 | Contractor | 128846.16,Android,B56,HIGH_2501_3000,CREATED,idem-20260902-apk-2778,android,B01,TEAM_OPERATIONS,Team Update,B01:Team Update,ACTIVE,,business.expense.amount,business.expense.note,business.expense.submit,,Contractor,MAESTRO-APK-BUSINESS-TEAM_OPERATIONS-2778 | Contractor | 128846.16,JOINED,Team Ops hub has no Expense; Team meal/travel etc. use Team Update until Spend path wired — prefer B03 Spend for ops expenses
2781,MTR-APK-2781,Business,Business,Team Operations,Hiring,Expense,2025-10-06,02:11:00,2025-10-06 02:11:00,116855.8,INR,-116855.8,APK Owner,,,MAESTRO-APK-BUSINESS-TEAM_OPERATIONS-2781 | Hiring | 116855.80,Android,B56,HIGH_2501_3000,CREATED,idem-20260902-apk-2781,android,B01,TEAM_OPERATIONS,Team Update,B01:Team Update,ACTIVE,,business.expense.amount,business.expense.note,business.expense.submit,,Hiring,MAESTRO-APK-BUSINESS-TEAM_OPERATIONS-2781 | Hiring | 116855.80,JOINED,Team Ops hub has no Expense; Team meal/travel etc. use Team Update until Spend path wired — prefer B03 Spend for ops expenses
2784,MTR-APK-2784,Business,Business,Team Operations,Team Meal,Expense,2026-04-30,05:29:08,2026-04-30 05:29:08,81033.51,INR,-81033.51,APK Owner,,,MAESTRO-APK-BUSINESS-TEAM_OPERATIONS-2784 | Team Meal | 81033.51,Android,B56,HIGH_2501_3000,CREATED,idem-20260902-apk-2784,android,B01,TEAM_OPERATIONS,Team Update,B01:Team Update,ACTIVE,,business.expense.amount,business.expense.note,business.expense.submit,,Team Meal,MAESTRO-APK-BUSINESS-TEAM_OPERATIONS-2784 | Team Meal | 81033.51,JOINED,Team Ops hub has no Expense; Team meal/travel etc. use Team Update until Spend path wired — prefer B03 Spend for ops expenses
2787,MTR-APK-2787,Business,Business,Team Operations,Travel,Expense,2026-06-23,23:26:51,2026-06-23 23:26:51,140954.46,INR,-140954.46,APK Owner,,,MAESTRO-APK-BUSINESS-TEAM_OPERATIONS-2787 | Travel | 140954.46,Android,B56,HIGH_2501_3000,CREATED,idem-20260902-apk-2787,android,B01,TEAM_OPERATIONS,Team Update,B01:Team Update,ACTIVE,,business.expense.amount,business.expense.note,business.expense.submit,,Travel,MAESTRO-APK-BUSINESS-TEAM_OPERATIONS-2787 | Travel | 140954.46,JOINED,Team Ops hub has no Expense; Team meal/travel etc. use Team Update until Spend path wired — prefer B03 Spend for ops expenses
2790,MTR-APK-2790,Business,Business,Team Operations,Training,Expense,2025-12-26,21:09:22,2025-12-26 21:09:22,534.47,INR,-534.47,APK Owner,,,MAESTRO-APK-BUSINESS-TEAM_OPERATIONS-2790 | Training | 534.47,Android,B56,HIGH_2501_3000,CREATED,idem-20260902-apk-2790,android,B01,TEAM_OPERATIONS,Team Update,B01:Team Update,ACTIVE,,business.expense.amount,business.expense.note,business.expense.submit,,Training,MAESTRO-APK-BUSINESS-TEAM_OPERATIONS-2790 | Training | 534.47,JOINED,Team Ops hub has no Expense; Team meal/travel etc. use Team Update until Spend path wired — prefer B03 Spend for ops expenses
2793,MTR-APK-2793,Business,Business,Team Operations,Tools,Expense,2025-10-30,02:21:16,2025-10-30 02:21:16,90689.95,INR,-90689.95,APK Owner,,,MAESTRO-APK-BUSINESS-TEAM_OPERATIONS-2793 | Tools | 90689.95,Android,B56,HIGH_2501_3000,CREATED,idem-20260902-apk-2793,android,B01,TEAM_OPERATIONS,Team Update,B01:Team Update,ACTIVE,,business.expense.amount,business.expense.note,business.expense.submit,,Tools,MAESTRO-APK-BUSINESS-TEAM_OPERATIONS-2793 | Tools | 90689.95,JOINED,Team Ops hub has no Expense; Team meal/travel etc. use Team Update until Spend path wired — prefer B03 Spend for ops expenses
2796,MTR-APK-2796,Business,Business,Business Runway,Funding,Income,2026-03-31,08:32:26,2026-03-31 08:32:26,43965.99,INR,43965.99,APK Owner,,,MAESTRO-APK-BUSINESS-BUSINESS_RUNWAY-2796 | Funding | 43965.99,Android,B56,HIGH_2501_3000,CREATED,idem-20260902-apk-2796,android,B02,BUSINESS_RUNWAY,Revenue,B02:Revenue,ACTIVE,qa.tile.revenue,business.revenue.amount,,business.revenue.submit,,Funding,MAESTRO-APK-BUSINESS-BUSINESS_RUNWAY-2796 | Funding | 43965.99,JOINED,Funding/Investment/Loan/Revenue → Runway Revenue
2799,MTR-APK-2799,Business,Business,Business Runway,Revenue,Income,2025-09-06,11:52:41,2025-09-06 11:52:41,37262.17,INR,37262.17,APK Owner,,,MAESTRO-APK-BUSINESS-BUSINESS_RUNWAY-2799 | Revenue | 37262.17,Android,B56,HIGH_2501_3000,CREATED,idem-20260902-apk-2799,android,B02,BUSINESS_RUNWAY,Revenue,B02:Revenue,ACTIVE,qa.tile.revenue,business.revenue.amount,,business.revenue.submit,,Revenue,MAESTRO-APK-BUSINESS-BUSINESS_RUNWAY-2799 | Revenue | 37262.17,JOINED,Funding/Investment/Loan/Revenue → Runway Revenue
2802,MTR-APK-2802,Business,Business,Business Runway,Burn,Expense,2025-11-11,22:15:03,2025-11-11 22:15:03,49941.54,INR,-49941.54,APK Owner,,,MAESTRO-APK-BUSINESS-BUSINESS_RUNWAY-2802 | Burn | 49941.54,Android,B57,HIGH_2501_3000,CREATED,idem-20260902-apk-2802,android,B02,BUSINESS_RUNWAY,Expense,B02:Expense,ACTIVE,qa.tile.expense,business.expense.amount,business.expense.note,business.expense.submit,,Burn,MAESTRO-APK-BUSINESS-BUSINESS_RUNWAY-2802 | Burn | 49941.54,JOINED,Runway Log Expense
2805,MTR-APK-2805,Business,Business,Business Runway,Reserve,Transfer,2026-02-06,02:04:23,2026-02-06 02:04:23,38094.57,INR,0.0,APK Owner,,,MAESTRO-APK-BUSINESS-BUSINESS_RUNWAY-2805 | Reserve | 38094.57,Android,B57,HIGH_2501_3000,CREATED,idem-20260902-apk-2805,android,B02,BUSINESS_RUNWAY,Expense,B02:Expense,ACTIVE,qa.tile.expense,,,,,Reserve,MAESTRO-APK-BUSINESS-BUSINESS_RUNWAY-2805 | Reserve | 38094.57,JOINED_REVIEW,Reserve transfer → Runway expense/movement proxy — REVIEW
2808,MTR-APK-2808,Business,Business,Business Runway,Loan,Income,2025-12-30,01:10:48,2025-12-30 01:10:48,96818.21,INR,96818.21,APK Owner,,,MAESTRO-APK-BUSINESS-BUSINESS_RUNWAY-2808 | Loan | 96818.21,Android,B57,HIGH_2501_3000,CREATED,idem-20260902-apk-2808,android,B02,BUSINESS_RUNWAY,Revenue,B02:Revenue,ACTIVE,qa.tile.revenue,business.revenue.amount,,business.revenue.submit,,Loan,MAESTRO-APK-BUSINESS-BUSINESS_RUNWAY-2808 | Loan | 96818.21,JOINED,Funding/Investment/Loan/Revenue → Runway Revenue
2811,MTR-APK-2811,Business,Business,Business Runway,Investment,Income,2026-06-29,12:33:04,2026-06-29 12:33:04,24916.04,INR,24916.04,APK Owner,,,MAESTRO-APK-BUSINESS-BUSINESS_RUNWAY-2811 | Investment | 24916.04,Android,B57,HIGH_2501_3000,CREATED,idem-20260902-apk-2811,android,B02,BUSINESS_RUNWAY,Revenue,B02:Revenue,ACTIVE,qa.tile.revenue,business.revenue.amount,,business.revenue.submit,,Investment,MAESTRO-APK-BUSINESS-BUSINESS_RUNWAY-2811 | Investment | 24916.04,JOINED,Funding/Investment/Loan/Revenue → Runway Revenue
2814,MTR-APK-2814,Business,Business,Business Operations,Software,Expense,2026-06-09,00:49:46,2026-06-09 00:49:46,155656.9,INR,-155656.9,APK Owner,,,MAESTRO-APK-BUSINESS-BUSINESS_OPERATIONS-2814 | Software | 155656.90,Android,B57,HIGH_2501_3000,CREATED,idem-20260902-apk-2814,android,B03,BUSINESS_OPERATIONS,Spend Entry,B03:Spend Entry,ACTIVE,,business.expense.amount,business.expense.note,business.expense.submit,,Software,MAESTRO-APK-BUSINESS-BUSINESS_OPERATIONS-2814 | Software | 155656.90,JOINED,Ops Log Spend Entry; amount ID business.expense.amount
2817,MTR-APK-2817,Business,Business,Business Operations,Rent,Expense,2026-02-01,11:52:12,2026-02-01 11:52:12,110836.95,INR,-110836.95,APK Owner,,,MAESTRO-APK-BUSINESS-BUSINESS_OPERATIONS-2817 | Rent | 110836.95,Android,B57,HIGH_2501_3000,CREATED,idem-20260902-apk-2817,android,B03,BUSINESS_OPERATIONS,Spend Entry,B03:Spend Entry,ACTIVE,,business.expense.amount,business.expense.note,business.expense.submit,,Rent,MAESTRO-APK-BUSINESS-BUSINESS_OPERATIONS-2817 | Rent | 110836.95,JOINED,Ops Log Spend Entry; amount ID business.expense.amount
2820,MTR-APK-2820,Business,Business,Business Operations,Marketing,Expense,2026-02-12,16:35:16,2026-02-12 16:35:16,13823.12,INR,-13823.12,APK Owner,,,MAESTRO-APK-BUSINESS-BUSINESS_OPERATIONS-2820 | Marketing | 13823.12,Android,B57,HIGH_2501_3000,CREATED,idem-20260902-apk-2820,android,B03,BUSINESS_OPERATIONS,Spend Entry,B03:Spend Entry,ACTIVE,,business.expense.amount,business.expense.note,business.expense.submit,,Marketing,MAESTRO-APK-BUSINESS-BUSINESS_OPERATIONS-2820 | Marketing | 13823.12,JOINED,Ops Log Spend Entry; amount ID business.expense.amount
2823,MTR-APK-2823,Business,Business,Business Operations,Legal,Expense,2025-09-14,05:31:51,2025-09-14 05:31:51,134047.07,INR,-134047.07,APK Owner,,,MAESTRO-APK-BUSINESS-BUSINESS_OPERATIONS-2823 | Legal | 134047.07,Android,B57,HIGH_2501_3000,CREATED,idem-20260902-apk-2823,android,B03,BUSINESS_OPERATIONS,Spend Entry,B03:Spend Entry,ACTIVE,,business.expense.amount,business.expense.note,business.expense.submit,,Legal,MAESTRO-APK-BUSINESS-BUSINESS_OPERATIONS-2823 | Legal | 134047.07,JOINED,Ops Log Spend Entry; amount ID business.expense.amount
2826,MTR-APK-2826,Business,Business,Business Operations,Accounting,Expense,2025-12-23,15:22:37,2025-12-23 15:22:37,2091.02,INR,-2091.02,APK Owner,,,MAESTRO-APK-BUSINESS-BUSINESS_OPERATIONS-2826 | Accounting | 2091.02,Android,B57,HIGH_2501_3000,CREATED,idem-20260902-apk-2826,android,B03,BUSINESS_OPERATIONS,Spend Entry,B03:Spend Entry,ACTIVE,,business.expense.amount,business.expense.note,business.expense.submit,,Accounting,MAESTRO-APK-BUSINESS-BUSINESS_OPERATIONS-2826 | Accounting | 2091.02,JOINED,Ops Log Spend Entry; amount ID business.expense.amount
2829,MTR-APK-2829,Business,Business,Business Operations,Equipment,Expense,2025-10-23,14:47:16,2025-10-23 14:47:16,104690.52,INR,-104690.52,APK Owner,,,MAESTRO-APK-BUSINESS-BUSINESS_OPERATIONS-2829 | Equipment | 104690.52,Android,B57,HIGH_2501_3000,CREATED,idem-20260902-apk-2829,android,B03,BUSINESS_OPERATIONS,Spend Entry,B03:Spend Entry,ACTIVE,,business.expense.amount,business.expense.note,business.expense.submit,,Equipment,MAESTRO-APK-BUSINESS-BUSINESS_OPERATIONS-2829 | Equipment | 104690.52,JOINED,Ops Log Spend Entry; amount ID business.expense.amount
2832,MTR-APK-2832,Business,Business,Business Operations,Vendor,Expense,2025-11-25,20:44:12,2025-11-25 20:44:12,165998.69,INR,-165998.69,APK Owner,,,MAESTRO-APK-BUSINESS-BUSINESS_OPERATIONS-2832 | Vendor | 165998.69,Android,B57,HIGH_2501_3000,CREATED,idem-20260902-apk-2832,android,B03,BUSINESS_OPERATIONS,Spend Entry,B03:Spend Entry,ACTIVE,,business.expense.amount,business.expense.note,business.expense.submit,,Vendor,MAESTRO-APK-BUSINESS-BUSINESS_OPERATIONS-2832 | Vendor | 165998.69,JOINED,Ops Log Spend Entry; amount ID business.expense.amount
2835,MTR-APK-2835,Business,Business,Business Operations,Tax,Expense,2025-10-08,09:25:35,2025-10-08 09:25:35,101676.61,INR,-101676.61,APK Owner,,,MAESTRO-APK-BUSINESS-BUSINESS_OPERATIONS-2835 | Tax | 101676.61,Android,B57,HIGH_2501_3000,CREATED,idem-20260902-apk-2835,android,B03,BUSINESS_OPERATIONS,Spend Entry,B03:Spend Entry,ACTIVE,,business.expense.amount,business.expense.note,business.expense.submit,,Tax,MAESTRO-APK-BUSINESS-BUSINESS_OPERATIONS-2835 | Tax | 101676.61,JOINED,Ops Log Spend Entry; amount ID business.expense.amount
2838,MTR-APK-2838,Business,Business,Team Operations,Payroll,Expense,2025-10-03,20:22:47,2025-10-03 20:22:47,104148.03,INR,-104148.03,APK Owner,,,MAESTRO-APK-BUSINESS-TEAM_OPERATIONS-2838 | Payroll | 104148.03,Android,B57,HIGH_2501_3000,CREATED,idem-20260902-apk-2838,android,B01,TEAM_OPERATIONS,Team Update,B01:Team Update,ACTIVE,,business.expense.amount,business.expense.note,business.expense.submit,,Payroll,MAESTRO-APK-BUSINESS-TEAM_OPERATIONS-2838 | Payroll | 104148.03,JOINED,Team Ops hub has no Expense; Team meal/travel etc. use Team Update until Spend path wired — prefer B03 Spend for ops expenses
2841,MTR-APK-2841,Business,Business,Team Operations,Contractor,Expense,2026-07-31,04:52:06,2026-07-31 04:52:06,80625.49,INR,-80625.49,APK Owner,,,MAESTRO-APK-BUSINESS-TEAM_OPERATIONS-2841 | Contractor | 80625.49,Android,B57,HIGH_2501_3000,CREATED,idem-20260902-apk-2841,android,B01,TEAM_OPERATIONS,Team Update,B01:Team Update,ACTIVE,,business.expense.amount,business.expense.note,business.expense.submit,,Contractor,MAESTRO-APK-BUSINESS-TEAM_OPERATIONS-2841 | Contractor | 80625.49,JOINED,Team Ops hub has no Expense; Team meal/travel etc. use Team Update until Spend path wired — prefer B03 Spend for ops expenses
2844,MTR-APK-2844,Business,Business,Team Operations,Hiring,Expense,2026-04-18,17:18:35,2026-04-18 17:18:35,117654.38,INR,-117654.38,APK Owner,,,MAESTRO-APK-BUSINESS-TEAM_OPERATIONS-2844 | Hiring | 117654.38,Android,B57,HIGH_2501_3000,CREATED,idem-20260902-apk-2844,android,B01,TEAM_OPERATIONS,Team Update,B01:Team Update,ACTIVE,,business.expense.amount,business.expense.note,business.expense.submit,,Hiring,MAESTRO-APK-BUSINESS-TEAM_OPERATIONS-2844 | Hiring | 117654.38,JOINED,Team Ops hub has no Expense; Team meal/travel etc. use Team Update until Spend path wired — prefer B03 Spend for ops expenses
2847,MTR-APK-2847,Business,Business,Team Operations,Team Meal,Expense,2025-11-04,22:00:36,2025-11-04 22:00:36,61384.91,INR,-61384.91,APK Owner,,,MAESTRO-APK-BUSINESS-TEAM_OPERATIONS-2847 | Team Meal | 61384.91,Android,B57,HIGH_2501_3000,CREATED,idem-20260902-apk-2847,android,B01,TEAM_OPERATIONS,Team Update,B01:Team Update,ACTIVE,,business.expense.amount,business.expense.note,business.expense.submit,,Team Meal,MAESTRO-APK-BUSINESS-TEAM_OPERATIONS-2847 | Team Meal | 61384.91,JOINED,Team Ops hub has no Expense; Team meal/travel etc. use Team Update until Spend path wired — prefer B03 Spend for ops expenses
2850,MTR-APK-2850,Business,Business,Team Operations,Travel,Expense,2026-06-05,05:40:00,2026-06-05 05:40:00,42096.7,INR,-42096.7,APK Owner,,,MAESTRO-APK-BUSINESS-TEAM_OPERATIONS-2850 | Travel | 42096.70,Android,B57,HIGH_2501_3000,CREATED,idem-20260902-apk-2850,android,B01,TEAM_OPERATIONS,Team Update,B01:Team Update,ACTIVE,,business.expense.amount,business.expense.note,business.expense.submit,,Travel,MAESTRO-APK-BUSINESS-TEAM_OPERATIONS-2850 | Travel | 42096.70,JOINED,Team Ops hub has no Expense; Team meal/travel etc. use Team Update until Spend path wired — prefer B03 Spend for ops expenses
2853,MTR-APK-2853,Business,Business,Team Operations,Training,Expense,2026-06-10,17:33:35,2026-06-10 17:33:35,64945.09,INR,-64945.09,APK Owner,,,MAESTRO-APK-BUSINESS-TEAM_OPERATIONS-2853 | Training | 64945.09,Android,B58,HIGH_2501_3000,CREATED,idem-20260902-apk-2853,android,B01,TEAM_OPERATIONS,Team Update,B01:Team Update,ACTIVE,,business.expense.amount,business.expense.note,business.expense.submit,,Training,MAESTRO-APK-BUSINESS-TEAM_OPERATIONS-2853 | Training | 64945.09,JOINED,Team Ops hub has no Expense; Team meal/travel etc. use Team Update until Spend path wired — prefer B03 Spend for ops expenses
2856,MTR-APK-2856,Business,Business,Team Operations,Tools,Expense,2025-11-28,03:01:08,2025-11-28 03:01:08,127846.53,INR,-127846.53,APK Owner,,,MAESTRO-APK-BUSINESS-TEAM_OPERATIONS-2856 | Tools | 127846.53,Android,B58,HIGH_2501_3000,CREATED,idem-20260902-apk-2856,android,B01,TEAM_OPERATIONS,Team Update,B01:Team Update,ACTIVE,,business.expense.amount,business.expense.note,business.expense.submit,,Tools,MAESTRO-APK-BUSINESS-TEAM_OPERATIONS-2856 | Tools | 127846.53,JOINED,Team Ops hub has no Expense; Team meal/travel etc. use Team Update until Spend path wired — prefer B03 Spend for ops expenses
2859,MTR-APK-2859,Business,Business,Business Runway,Funding,Income,2026-01-04,14:08:18,2026-01-04 14:08:18,148908.04,INR,148908.04,APK Owner,,,MAESTRO-APK-BUSINESS-BUSINESS_RUNWAY-2859 | Funding | 148908.04,Android,B58,HIGH_2501_3000,CREATED,idem-20260902-apk-2859,android,B02,BUSINESS_RUNWAY,Revenue,B02:Revenue,ACTIVE,qa.tile.revenue,business.revenue.amount,,business.revenue.submit,,Funding,MAESTRO-APK-BUSINESS-BUSINESS_RUNWAY-2859 | Funding | 148908.04,JOINED,Funding/Investment/Loan/Revenue → Runway Revenue
2862,MTR-APK-2862,Business,Business,Business Runway,Revenue,Income,2025-11-06,20:20:29,2025-11-06 20:20:29,92171.7,INR,92171.7,APK Owner,,,MAESTRO-APK-BUSINESS-BUSINESS_RUNWAY-2862 | Revenue | 92171.70,Android,B58,HIGH_2501_3000,CREATED,idem-20260902-apk-2862,android,B02,BUSINESS_RUNWAY,Revenue,B02:Revenue,ACTIVE,qa.tile.revenue,business.revenue.amount,,business.revenue.submit,,Revenue,MAESTRO-APK-BUSINESS-BUSINESS_RUNWAY-2862 | Revenue | 92171.70,JOINED,Funding/Investment/Loan/Revenue → Runway Revenue
2865,MTR-APK-2865,Business,Business,Business Runway,Burn,Expense,2025-10-21,23:31:34,2025-10-21 23:31:34,138304.23,INR,-138304.23,APK Owner,,,MAESTRO-APK-BUSINESS-BUSINESS_RUNWAY-2865 | Burn | 138304.23,Android,B58,HIGH_2501_3000,CREATED,idem-20260902-apk-2865,android,B02,BUSINESS_RUNWAY,Expense,B02:Expense,ACTIVE,qa.tile.expense,business.expense.amount,business.expense.note,business.expense.submit,,Burn,MAESTRO-APK-BUSINESS-BUSINESS_RUNWAY-2865 | Burn | 138304.23,JOINED,Runway Log Expense
2868,MTR-APK-2868,Business,Business,Business Runway,Reserve,Transfer,2025-10-25,11:53:57,2025-10-25 11:53:57,19137.25,INR,0.0,APK Owner,,,MAESTRO-APK-BUSINESS-BUSINESS_RUNWAY-2868 | Reserve | 19137.25,Android,B58,HIGH_2501_3000,CREATED,idem-20260902-apk-2868,android,B02,BUSINESS_RUNWAY,Expense,B02:Expense,ACTIVE,qa.tile.expense,,,,,Reserve,MAESTRO-APK-BUSINESS-BUSINESS_RUNWAY-2868 | Reserve | 19137.25,JOINED_REVIEW,Reserve transfer → Runway expense/movement proxy — REVIEW
2871,MTR-APK-2871,Business,Business,Business Runway,Loan,Income,2025-12-07,20:19:46,2025-12-07 20:19:46,121223.76,INR,121223.76,APK Owner,,,MAESTRO-APK-BUSINESS-BUSINESS_RUNWAY-2871 | Loan | 121223.76,Android,B58,HIGH_2501_3000,CREATED,idem-20260902-apk-2871,android,B02,BUSINESS_RUNWAY,Revenue,B02:Revenue,ACTIVE,qa.tile.revenue,business.revenue.amount,,business.revenue.submit,,Loan,MAESTRO-APK-BUSINESS-BUSINESS_RUNWAY-2871 | Loan | 121223.76,JOINED,Funding/Investment/Loan/Revenue → Runway Revenue
2874,MTR-APK-2874,Business,Business,Business Runway,Investment,Income,2026-03-19,11:25:22,2026-03-19 11:25:22,128000.53,INR,128000.53,APK Owner,,,MAESTRO-APK-BUSINESS-BUSINESS_RUNWAY-2874 | Investment | 128000.53,Android,B58,HIGH_2501_3000,CREATED,idem-20260902-apk-2874,android,B02,BUSINESS_RUNWAY,Revenue,B02:Revenue,ACTIVE,qa.tile.revenue,business.revenue.amount,,business.revenue.submit,,Investment,MAESTRO-APK-BUSINESS-BUSINESS_RUNWAY-2874 | Investment | 128000.53,JOINED,Funding/Investment/Loan/Revenue → Runway Revenue
2877,MTR-APK-2877,Business,Business,Business Operations,Software,Expense,2026-07-19,04:11:06,2026-07-19 04:11:06,2840.66,INR,-2840.66,APK Owner,,,MAESTRO-APK-BUSINESS-BUSINESS_OPERATIONS-2877 | Software | 2840.66,Android,B58,HIGH_2501_3000,CREATED,idem-20260902-apk-2877,android,B03,BUSINESS_OPERATIONS,Spend Entry,B03:Spend Entry,ACTIVE,,business.expense.amount,business.expense.note,business.expense.submit,,Software,MAESTRO-APK-BUSINESS-BUSINESS_OPERATIONS-2877 | Software | 2840.66,JOINED,Ops Log Spend Entry; amount ID business.expense.amount
2880,MTR-APK-2880,Business,Business,Business Operations,Rent,Expense,2026-02-18,17:34:40,2026-02-18 17:34:40,159719.37,INR,-159719.37,APK Owner,,,MAESTRO-APK-BUSINESS-BUSINESS_OPERATIONS-2880 | Rent | 159719.37,Android,B58,HIGH_2501_3000,CREATED,idem-20260902-apk-2880,android,B03,BUSINESS_OPERATIONS,Spend Entry,B03:Spend Entry,ACTIVE,,business.expense.amount,business.expense.note,business.expense.submit,,Rent,MAESTRO-APK-BUSINESS-BUSINESS_OPERATIONS-2880 | Rent | 159719.37,JOINED,Ops Log Spend Entry; amount ID business.expense.amount
2883,MTR-APK-2883,Business,Business,Business Operations,Marketing,Expense,2026-07-07,17:31:46,2026-07-07 17:31:46,14902.61,INR,-14902.61,APK Owner,,,MAESTRO-APK-BUSINESS-BUSINESS_OPERATIONS-2883 | Marketing | 14902.61,Android,B58,HIGH_2501_3000,CREATED,idem-20260902-apk-2883,android,B03,BUSINESS_OPERATIONS,Spend Entry,B03:Spend Entry,ACTIVE,,business.expense.amount,business.expense.note,business.expense.submit,,Marketing,MAESTRO-APK-BUSINESS-BUSINESS_OPERATIONS-2883 | Marketing | 14902.61,JOINED,Ops Log Spend Entry; amount ID business.expense.amount
2886,MTR-APK-2886,Business,Business,Business Operations,Legal,Expense,2025-09-14,23:43:17,2025-09-14 23:43:17,0.01,INR,-0.01,APK Owner,,,MAESTRO-APK-BUSINESS-BUSINESS_OPERATIONS-2886 | Legal | 0.01,Android,B58,HIGH_2501_3000,CREATED,idem-20260902-apk-2886,android,B03,BUSINESS_OPERATIONS,Spend Entry,B03:Spend Entry,ACTIVE,,business.expense.amount,business.expense.note,business.expense.submit,,Legal,MAESTRO-APK-BUSINESS-BUSINESS_OPERATIONS-2886 | Legal | 0.01,JOINED,Ops Log Spend Entry; amount ID business.expense.amount
2889,MTR-APK-2889,Business,Business,Business Operations,Accounting,Expense,2026-08-15,18:31:37,2026-08-15 18:31:37,154722.81,INR,-154722.81,APK Owner,,,MAESTRO-APK-BUSINESS-BUSINESS_OPERATIONS-2889 | Accounting | 154722.81,Android,B58,HIGH_2501_3000,CREATED,idem-20260902-apk-2889,android,B03,BUSINESS_OPERATIONS,Spend Entry,B03:Spend Entry,ACTIVE,,business.expense.amount,business.expense.note,business.expense.submit,,Accounting,MAESTRO-APK-BUSINESS-BUSINESS_OPERATIONS-2889 | Accounting | 154722.81,JOINED,Ops Log Spend Entry; amount ID business.expense.amount
2892,MTR-APK-2892,Business,Business,Business Operations,Equipment,Expense,2026-07-04,12:17:30,2026-07-04 12:17:30,65488.19,INR,-65488.19,APK Owner,,,MAESTRO-APK-BUSINESS-BUSINESS_OPERATIONS-2892 | Equipment | 65488.19,Android,B58,HIGH_2501_3000,CREATED,idem-20260902-apk-2892,android,B03,BUSINESS_OPERATIONS,Spend Entry,B03:Spend Entry,ACTIVE,,business.expense.amount,business.expense.note,business.expense.submit,,Equipment,MAESTRO-APK-BUSINESS-BUSINESS_OPERATIONS-2892 | Equipment | 65488.19,JOINED,Ops Log Spend Entry; amount ID business.expense.amount
2895,MTR-APK-2895,Business,Business,Business Operations,Vendor,Expense,2026-06-30,08:28:42,2026-06-30 08:28:42,144292.25,INR,-144292.25,APK Owner,,,MAESTRO-APK-BUSINESS-BUSINESS_OPERATIONS-2895 | Vendor | 144292.25,Android,B58,HIGH_2501_3000,CREATED,idem-20260902-apk-2895,android,B03,BUSINESS_OPERATIONS,Spend Entry,B03:Spend Entry,ACTIVE,,business.expense.amount,business.expense.note,business.expense.submit,,Vendor,MAESTRO-APK-BUSINESS-BUSINESS_OPERATIONS-2895 | Vendor | 144292.25,JOINED,Ops Log Spend Entry; amount ID business.expense.amount
2898,MTR-APK-2898,Business,Business,Business Operations,Tax,Expense,2025-11-03,02:06:22,2025-11-03 02:06:22,96254.42,INR,-96254.42,APK Owner,,,MAESTRO-APK-BUSINESS-BUSINESS_OPERATIONS-2898 | Tax | 96254.42,Android,B58,HIGH_2501_3000,CREATED,idem-20260902-apk-2898,android,B03,BUSINESS_OPERATIONS,Spend Entry,B03:Spend Entry,ACTIVE,,business.expense.amount,business.expense.note,business.expense.submit,,Tax,MAESTRO-APK-BUSINESS-BUSINESS_OPERATIONS-2898 | Tax | 96254.42,JOINED,Ops Log Spend Entry; amount ID business.expense.amount
2901,MTR-APK-2901,Business,Business,Team Operations,Payroll,Expense,2026-06-09,08:08:02,2026-06-09 08:08:02,423.49,INR,-423.49,APK Owner,,,MAESTRO-APK-BUSINESS-TEAM_OPERATIONS-2901 | Payroll | 423.49,Android,B59,HIGH_2501_3000,CREATED,idem-20260902-apk-2901,android,B01,TEAM_OPERATIONS,Team Update,B01:Team Update,ACTIVE,,business.expense.amount,business.expense.note,business.expense.submit,,Payroll,MAESTRO-APK-BUSINESS-TEAM_OPERATIONS-2901 | Payroll | 423.49,JOINED,Team Ops hub has no Expense; Team meal/travel etc. use Team Update until Spend path wired — prefer B03 Spend for ops expenses
2904,MTR-APK-2904,Business,Business,Team Operations,Contractor,Expense,2025-10-09,11:59:31,2025-10-09 11:59:31,66141.31,INR,-66141.31,APK Owner,,,MAESTRO-APK-BUSINESS-TEAM_OPERATIONS-2904 | Contractor | 66141.31,Android,B59,HIGH_2501_3000,CREATED,idem-20260902-apk-2904,android,B01,TEAM_OPERATIONS,Team Update,B01:Team Update,ACTIVE,,business.expense.amount,business.expense.note,business.expense.submit,,Contractor,MAESTRO-APK-BUSINESS-TEAM_OPERATIONS-2904 | Contractor | 66141.31,JOINED,Team Ops hub has no Expense; Team meal/travel etc. use Team Update until Spend path wired — prefer B03 Spend for ops expenses
2907,MTR-APK-2907,Business,Business,Team Operations,Hiring,Expense,2026-03-19,05:47:29,2026-03-19 05:47:29,89423.07,INR,-89423.07,APK Owner,,,MAESTRO-APK-BUSINESS-TEAM_OPERATIONS-2907 | Hiring | 89423.07,Android,B59,HIGH_2501_3000,CREATED,idem-20260902-apk-2907,android,B01,TEAM_OPERATIONS,Team Update,B01:Team Update,ACTIVE,,business.expense.amount,business.expense.note,business.expense.submit,,Hiring,MAESTRO-APK-BUSINESS-TEAM_OPERATIONS-2907 | Hiring | 89423.07,JOINED,Team Ops hub has no Expense; Team meal/travel etc. use Team Update until Spend path wired — prefer B03 Spend for ops expenses
2910,MTR-APK-2910,Business,Business,Team Operations,Team Meal,Expense,2026-04-15,21:05:21,2026-04-15 21:05:21,52670.69,INR,-52670.69,APK Owner,,,MAESTRO-APK-BUSINESS-TEAM_OPERATIONS-2910 | Team Meal | 52670.69,Android,B59,HIGH_2501_3000,CREATED,idem-20260902-apk-2910,android,B01,TEAM_OPERATIONS,Team Update,B01:Team Update,ACTIVE,,business.expense.amount,business.expense.note,business.expense.submit,,Team Meal,MAESTRO-APK-BUSINESS-TEAM_OPERATIONS-2910 | Team Meal | 52670.69,JOINED,Team Ops hub has no Expense; Team meal/travel etc. use Team Update until Spend path wired — prefer B03 Spend for ops expenses
2913,MTR-APK-2913,Business,Business,Team Operations,Travel,Expense,2026-01-15,06:11:53,2026-01-15 06:11:53,114170.49,INR,-114170.49,APK Owner,,,MAESTRO-APK-BUSINESS-TEAM_OPERATIONS-2913 | Travel | 114170.49,Android,B59,HIGH_2501_3000,CREATED,idem-20260902-apk-2913,android,B01,TEAM_OPERATIONS,Team Update,B01:Team Update,ACTIVE,,business.expense.amount,business.expense.note,business.expense.submit,,Travel,MAESTRO-APK-BUSINESS-TEAM_OPERATIONS-2913 | Travel | 114170.49,JOINED,Team Ops hub has no Expense; Team meal/travel etc. use Team Update until Spend path wired — prefer B03 Spend for ops expenses
2916,MTR-APK-2916,Business,Business,Team Operations,Training,Expense,2026-03-10,10:13:58,2026-03-10 10:13:58,116512.79,INR,-116512.79,APK Owner,,,MAESTRO-APK-BUSINESS-TEAM_OPERATIONS-2916 | Training | 116512.79,Android,B59,HIGH_2501_3000,CREATED,idem-20260902-apk-2916,android,B01,TEAM_OPERATIONS,Team Update,B01:Team Update,ACTIVE,,business.expense.amount,business.expense.note,business.expense.submit,,Training,MAESTRO-APK-BUSINESS-TEAM_OPERATIONS-2916 | Training | 116512.79,JOINED,Team Ops hub has no Expense; Team meal/travel etc. use Team Update until Spend path wired — prefer B03 Spend for ops expenses
2919,MTR-APK-2919,Business,Business,Team Operations,Tools,Expense,2026-02-15,09:11:04,2026-02-15 09:11:04,20553.08,INR,-20553.08,APK Owner,,,MAESTRO-APK-BUSINESS-TEAM_OPERATIONS-2919 | Tools | 20553.08,Android,B59,HIGH_2501_3000,CREATED,idem-20260902-apk-2919,android,B01,TEAM_OPERATIONS,Team Update,B01:Team Update,ACTIVE,,business.expense.amount,business.expense.note,business.expense.submit,,Tools,MAESTRO-APK-BUSINESS-TEAM_OPERATIONS-2919 | Tools | 20553.08,JOINED,Team Ops hub has no Expense; Team meal/travel etc. use Team Update until Spend path wired — prefer B03 Spend for ops expenses
2922,MTR-APK-2922,Business,Business,Business Runway,Funding,Income,2025-10-18,13:27:48,2025-10-18 13:27:48,135871.55,INR,135871.55,APK Owner,,,MAESTRO-APK-BUSINESS-BUSINESS_RUNWAY-2922 | Funding | 135871.55,Android,B59,HIGH_2501_3000,CREATED,idem-20260902-apk-2922,android,B02,BUSINESS_RUNWAY,Revenue,B02:Revenue,ACTIVE,qa.tile.revenue,business.revenue.amount,,business.revenue.submit,,Funding,MAESTRO-APK-BUSINESS-BUSINESS_RUNWAY-2922 | Funding | 135871.55,JOINED,Funding/Investment/Loan/Revenue → Runway Revenue
2925,MTR-APK-2925,Business,Business,Business Runway,Revenue,Income,2026-07-20,02:09:17,2026-07-20 02:09:17,64754.87,INR,64754.87,APK Owner,,,MAESTRO-APK-BUSINESS-BUSINESS_RUNWAY-2925 | Revenue | 64754.87,Android,B59,HIGH_2501_3000,CREATED,idem-20260902-apk-2925,android,B02,BUSINESS_RUNWAY,Revenue,B02:Revenue,ACTIVE,qa.tile.revenue,business.revenue.amount,,business.revenue.submit,,Revenue,MAESTRO-APK-BUSINESS-BUSINESS_RUNWAY-2925 | Revenue | 64754.87,JOINED,Funding/Investment/Loan/Revenue → Runway Revenue
2928,MTR-APK-2928,Business,Business,Business Runway,Burn,Expense,2026-02-23,01:10:32,2026-02-23 01:10:32,69662.45,INR,-69662.45,APK Owner,,,MAESTRO-APK-BUSINESS-BUSINESS_RUNWAY-2928 | Burn | 69662.45,Android,B59,HIGH_2501_3000,CREATED,idem-20260902-apk-2928,android,B02,BUSINESS_RUNWAY,Expense,B02:Expense,ACTIVE,qa.tile.expense,business.expense.amount,business.expense.note,business.expense.submit,,Burn,MAESTRO-APK-BUSINESS-BUSINESS_RUNWAY-2928 | Burn | 69662.45,JOINED,Runway Log Expense
2931,MTR-APK-2931,Business,Business,Business Runway,Reserve,Transfer,2026-05-28,16:44:49,2026-05-28 16:44:49,118702.12,INR,0.0,APK Owner,,,MAESTRO-APK-BUSINESS-BUSINESS_RUNWAY-2931 | Reserve | 118702.12,Android,B59,HIGH_2501_3000,CREATED,idem-20260902-apk-2931,android,B02,BUSINESS_RUNWAY,Expense,B02:Expense,ACTIVE,qa.tile.expense,,,,,Reserve,MAESTRO-APK-BUSINESS-BUSINESS_RUNWAY-2931 | Reserve | 118702.12,JOINED_REVIEW,Reserve transfer → Runway expense/movement proxy — REVIEW
2934,MTR-APK-2934,Business,Business,Business Runway,Loan,Income,2026-01-13,02:43:38,2026-01-13 02:43:38,162547.55,INR,162547.55,APK Owner,,,MAESTRO-APK-BUSINESS-BUSINESS_RUNWAY-2934 | Loan | 162547.55,Android,B59,HIGH_2501_3000,CREATED,idem-20260902-apk-2934,android,B02,BUSINESS_RUNWAY,Revenue,B02:Revenue,ACTIVE,qa.tile.revenue,business.revenue.amount,,business.revenue.submit,,Loan,MAESTRO-APK-BUSINESS-BUSINESS_RUNWAY-2934 | Loan | 162547.55,JOINED,Funding/Investment/Loan/Revenue → Runway Revenue
2937,MTR-APK-2937,Business,Business,Business Runway,Investment,Income,2026-03-28,17:12:50,2026-03-28 17:12:50,166426.28,INR,166426.28,APK Owner,,,MAESTRO-APK-BUSINESS-BUSINESS_RUNWAY-2937 | Investment | 166426.28,Android,B59,HIGH_2501_3000,CREATED,idem-20260902-apk-2937,android,B02,BUSINESS_RUNWAY,Revenue,B02:Revenue,ACTIVE,qa.tile.revenue,business.revenue.amount,,business.revenue.submit,,Investment,MAESTRO-APK-BUSINESS-BUSINESS_RUNWAY-2937 | Investment | 166426.28,JOINED,Funding/Investment/Loan/Revenue → Runway Revenue
2940,MTR-APK-2940,Business,Business,Business Operations,Software,Expense,2026-08-31,23:20:34,2026-08-31 23:20:34,126602.49,INR,-126602.49,APK Owner,,,MAESTRO-APK-BUSINESS-BUSINESS_OPERATIONS-2940 | Software | 126602.49,Android,B59,HIGH_2501_3000,CREATED,idem-20260902-apk-2940,android,B03,BUSINESS_OPERATIONS,Spend Entry,B03:Spend Entry,ACTIVE,,business.expense.amount,business.expense.note,business.expense.submit,,Software,MAESTRO-APK-BUSINESS-BUSINESS_OPERATIONS-2940 | Software | 126602.49,JOINED,Ops Log Spend Entry; amount ID business.expense.amount
2943,MTR-APK-2943,Business,Business,Business Operations,Rent,Expense,2025-11-12,07:58:30,2025-11-12 07:58:30,48648.92,INR,-48648.92,APK Owner,,,MAESTRO-APK-BUSINESS-BUSINESS_OPERATIONS-2943 | Rent | 48648.92,Android,B59,HIGH_2501_3000,CREATED,idem-20260902-apk-2943,android,B03,BUSINESS_OPERATIONS,Spend Entry,B03:Spend Entry,ACTIVE,,business.expense.amount,business.expense.note,business.expense.submit,,Rent,MAESTRO-APK-BUSINESS-BUSINESS_OPERATIONS-2943 | Rent | 48648.92,JOINED,Ops Log Spend Entry; amount ID business.expense.amount
2946,MTR-APK-2946,Business,Business,Business Operations,Marketing,Expense,2025-10-17,12:39:23,2025-10-17 12:39:23,115157.7,INR,-115157.7,APK Owner,,,MAESTRO-APK-BUSINESS-BUSINESS_OPERATIONS-2946 | Marketing | 115157.70,Android,B59,HIGH_2501_3000,CREATED,idem-20260902-apk-2946,android,B03,BUSINESS_OPERATIONS,Spend Entry,B03:Spend Entry,ACTIVE,,business.expense.amount,business.expense.note,business.expense.submit,,Marketing,MAESTRO-APK-BUSINESS-BUSINESS_OPERATIONS-2946 | Marketing | 115157.70,JOINED,Ops Log Spend Entry; amount ID business.expense.amount
2949,MTR-APK-2949,Business,Business,Business Operations,Legal,Expense,2026-05-14,01:25:25,2026-05-14 01:25:25,100737.91,INR,-100737.91,APK Owner,,,MAESTRO-APK-BUSINESS-BUSINESS_OPERATIONS-2949 | Legal | 100737.91,Android,B59,HIGH_2501_3000,CREATED,idem-20260902-apk-2949,android,B03,BUSINESS_OPERATIONS,Spend Entry,B03:Spend Entry,ACTIVE,,business.expense.amount,business.expense.note,business.expense.submit,,Legal,MAESTRO-APK-BUSINESS-BUSINESS_OPERATIONS-2949 | Legal | 100737.91,JOINED,Ops Log Spend Entry; amount ID business.expense.amount
2952,MTR-APK-2952,Business,Business,Business Operations,Accounting,Expense,2026-04-27,16:08:01,2026-04-27 16:08:01,95579.74,INR,-95579.74,APK Owner,,,MAESTRO-APK-BUSINESS-BUSINESS_OPERATIONS-2952 | Accounting | 95579.74,Android,B60,HIGH_2501_3000,CREATED,idem-20260902-apk-2952,android,B03,BUSINESS_OPERATIONS,Spend Entry,B03:Spend Entry,ACTIVE,,business.expense.amount,business.expense.note,business.expense.submit,,Accounting,MAESTRO-APK-BUSINESS-BUSINESS_OPERATIONS-2952 | Accounting | 95579.74,JOINED,Ops Log Spend Entry; amount ID business.expense.amount
2955,MTR-APK-2955,Business,Business,Business Operations,Equipment,Expense,2026-03-05,03:48:51,2026-03-05 03:48:51,59890.69,INR,-59890.69,APK Owner,,,MAESTRO-APK-BUSINESS-BUSINESS_OPERATIONS-2955 | Equipment | 59890.69,Android,B60,HIGH_2501_3000,CREATED,idem-20260902-apk-2955,android,B03,BUSINESS_OPERATIONS,Spend Entry,B03:Spend Entry,ACTIVE,,business.expense.amount,business.expense.note,business.expense.submit,,Equipment,MAESTRO-APK-BUSINESS-BUSINESS_OPERATIONS-2955 | Equipment | 59890.69,JOINED,Ops Log Spend Entry; amount ID business.expense.amount
2958,MTR-APK-2958,Business,Business,Business Operations,Vendor,Expense,2026-04-10,17:31:59,2026-04-10 17:31:59,168068.6,INR,-168068.6,APK Owner,,,MAESTRO-APK-BUSINESS-BUSINESS_OPERATIONS-2958 | Vendor | 168068.60,Android,B60,HIGH_2501_3000,CREATED,idem-20260902-apk-2958,android,B03,BUSINESS_OPERATIONS,Spend Entry,B03:Spend Entry,ACTIVE,,business.expense.amount,business.expense.note,business.expense.submit,,Vendor,MAESTRO-APK-BUSINESS-BUSINESS_OPERATIONS-2958 | Vendor | 168068.60,JOINED,Ops Log Spend Entry; amount ID business.expense.amount
2961,MTR-APK-2961,Business,Business,Business Operations,Tax,Expense,2026-01-22,19:28:37,2026-01-22 19:28:37,136290.59,INR,-136290.59,APK Owner,,,MAESTRO-APK-BUSINESS-BUSINESS_OPERATIONS-2961 | Tax | 136290.59,Android,B60,HIGH_2501_3000,CREATED,idem-20260902-apk-2961,android,B03,BUSINESS_OPERATIONS,Spend Entry,B03:Spend Entry,ACTIVE,,business.expense.amount,business.expense.note,business.expense.submit,,Tax,MAESTRO-APK-BUSINESS-BUSINESS_OPERATIONS-2961 | Tax | 136290.59,JOINED,Ops Log Spend Entry; amount ID business.expense.amount
2964,MTR-APK-2964,Business,Business,Team Operations,Payroll,Expense,2026-06-13,19:56:23,2026-06-13 19:56:23,142992.12,INR,-142992.12,APK Owner,,,MAESTRO-APK-BUSINESS-TEAM_OPERATIONS-2964 | Payroll | 142992.12,Android,B60,HIGH_2501_3000,CREATED,idem-20260902-apk-2964,android,B01,TEAM_OPERATIONS,Team Update,B01:Team Update,ACTIVE,,business.expense.amount,business.expense.note,business.expense.submit,,Payroll,MAESTRO-APK-BUSINESS-TEAM_OPERATIONS-2964 | Payroll | 142992.12,JOINED,Team Ops hub has no Expense; Team meal/travel etc. use Team Update until Spend path wired — prefer B03 Spend for ops expenses
2967,MTR-APK-2967,Business,Business,Team Operations,Contractor,Expense,2026-07-04,12:46:17,2026-07-04 12:46:17,124016.47,INR,-124016.47,APK Owner,,,MAESTRO-APK-BUSINESS-TEAM_OPERATIONS-2967 | Contractor | 124016.47,Android,B60,HIGH_2501_3000,CREATED,idem-20260902-apk-2967,android,B01,TEAM_OPERATIONS,Team Update,B01:Team Update,ACTIVE,,business.expense.amount,business.expense.note,business.expense.submit,,Contractor,MAESTRO-APK-BUSINESS-TEAM_OPERATIONS-2967 | Contractor | 124016.47,JOINED,Team Ops hub has no Expense; Team meal/travel etc. use Team Update until Spend path wired — prefer B03 Spend for ops expenses
2970,MTR-APK-2970,Business,Business,Team Operations,Hiring,Expense,2026-01-09,09:26:16,2026-01-09 09:26:16,140025.49,INR,-140025.49,APK Owner,,,MAESTRO-APK-BUSINESS-TEAM_OPERATIONS-2970 | Hiring | 140025.49,Android,B60,HIGH_2501_3000,CREATED,idem-20260902-apk-2970,android,B01,TEAM_OPERATIONS,Team Update,B01:Team Update,ACTIVE,,business.expense.amount,business.expense.note,business.expense.submit,,Hiring,MAESTRO-APK-BUSINESS-TEAM_OPERATIONS-2970 | Hiring | 140025.49,JOINED,Team Ops hub has no Expense; Team meal/travel etc. use Team Update until Spend path wired — prefer B03 Spend for ops expenses
2973,MTR-APK-2973,Business,Business,Team Operations,Team Meal,Expense,2026-01-28,15:11:17,2026-01-28 15:11:17,61958.62,INR,-61958.62,APK Owner,,,MAESTRO-APK-BUSINESS-TEAM_OPERATIONS-2973 | Team Meal | 61958.62,Android,B60,HIGH_2501_3000,CREATED,idem-20260902-apk-2973,android,B01,TEAM_OPERATIONS,Team Update,B01:Team Update,ACTIVE,,business.expense.amount,business.expense.note,business.expense.submit,,Team Meal,MAESTRO-APK-BUSINESS-TEAM_OPERATIONS-2973 | Team Meal | 61958.62,JOINED,Team Ops hub has no Expense; Team meal/travel etc. use Team Update until Spend path wired — prefer B03 Spend for ops expenses
2976,MTR-APK-2976,Business,Business,Team Operations,Travel,Expense,2025-10-26,11:19:34,2025-10-26 11:19:34,102424.75,INR,-102424.75,APK Owner,,,MAESTRO-APK-BUSINESS-TEAM_OPERATIONS-2976 | Travel | 102424.75,Android,B60,HIGH_2501_3000,CREATED,idem-20260902-apk-2976,android,B01,TEAM_OPERATIONS,Team Update,B01:Team Update,ACTIVE,,business.expense.amount,business.expense.note,business.expense.submit,,Travel,MAESTRO-APK-BUSINESS-TEAM_OPERATIONS-2976 | Travel | 102424.75,JOINED,Team Ops hub has no Expense; Team meal/travel etc. use Team Update until Spend path wired — prefer B03 Spend for ops expenses
2979,MTR-APK-2979,Business,Business,Team Operations,Training,Expense,2026-02-25,15:42:17,2026-02-25 15:42:17,126893.11,INR,-126893.11,APK Owner,,,MAESTRO-APK-BUSINESS-TEAM_OPERATIONS-2979 | Training | 126893.11,Android,B60,HIGH_2501_3000,CREATED,idem-20260902-apk-2979,android,B01,TEAM_OPERATIONS,Team Update,B01:Team Update,ACTIVE,,business.expense.amount,business.expense.note,business.expense.submit,,Training,MAESTRO-APK-BUSINESS-TEAM_OPERATIONS-2979 | Training | 126893.11,JOINED,Team Ops hub has no Expense; Team meal/travel etc. use Team Update until Spend path wired — prefer B03 Spend for ops expenses
2982,MTR-APK-2982,Business,Business,Team Operations,Tools,Expense,2025-12-27,21:44:19,2025-12-27 21:44:19,120925.65,INR,-120925.65,APK Owner,,,MAESTRO-APK-BUSINESS-TEAM_OPERATIONS-2982 | Tools | 120925.65,Android,B60,HIGH_2501_3000,CREATED,idem-20260902-apk-2982,android,B01,TEAM_OPERATIONS,Team Update,B01:Team Update,ACTIVE,,business.expense.amount,business.expense.note,business.expense.submit,,Tools,MAESTRO-APK-BUSINESS-TEAM_OPERATIONS-2982 | Tools | 120925.65,JOINED,Team Ops hub has no Expense; Team meal/travel etc. use Team Update until Spend path wired — prefer B03 Spend for ops expenses
2985,MTR-APK-2985,Business,Business,Business Runway,Funding,Income,2026-08-11,23:07:17,2026-08-11 23:07:17,150516.35,INR,150516.35,APK Owner,,,MAESTRO-APK-BUSINESS-BUSINESS_RUNWAY-2985 | Funding | 150516.35,Android,B60,HIGH_2501_3000,CREATED,idem-20260902-apk-2985,android,B02,BUSINESS_RUNWAY,Revenue,B02:Revenue,ACTIVE,qa.tile.revenue,business.revenue.amount,,business.revenue.submit,,Funding,MAESTRO-APK-BUSINESS-BUSINESS_RUNWAY-2985 | Funding | 150516.35,JOINED,Funding/Investment/Loan/Revenue → Runway Revenue
2988,MTR-APK-2988,Business,Business,Business Runway,Revenue,Income,2026-05-27,11:54:27,2026-05-27 11:54:27,113244.86,INR,113244.86,APK Owner,,,MAESTRO-APK-BUSINESS-BUSINESS_RUNWAY-2988 | Revenue | 113244.86,Android,B60,HIGH_2501_3000,CREATED,idem-20260902-apk-2988,android,B02,BUSINESS_RUNWAY,Revenue,B02:Revenue,ACTIVE,qa.tile.revenue,business.revenue.amount,,business.revenue.submit,,Revenue,MAESTRO-APK-BUSINESS-BUSINESS_RUNWAY-2988 | Revenue | 113244.86,JOINED,Funding/Investment/Loan/Revenue → Runway Revenue
2991,MTR-APK-2991,Business,Business,Business Runway,Burn,Expense,2026-08-01,11:50:14,2026-08-01 11:50:14,145187.64,INR,-145187.64,APK Owner,,,MAESTRO-APK-BUSINESS-BUSINESS_RUNWAY-2991 | Burn | 145187.64,Android,B60,HIGH_2501_3000,CREATED,idem-20260902-apk-2991,android,B02,BUSINESS_RUNWAY,Expense,B02:Expense,ACTIVE,qa.tile.expense,business.expense.amount,business.expense.note,business.expense.submit,,Burn,MAESTRO-APK-BUSINESS-BUSINESS_RUNWAY-2991 | Burn | 145187.64,JOINED,Runway Log Expense
2994,MTR-APK-2994,Business,Business,Business Runway,Reserve,Transfer,2025-11-04,12:28:07,2025-11-04 12:28:07,16429.65,INR,0.0,APK Owner,,,MAESTRO-APK-BUSINESS-BUSINESS_RUNWAY-2994 | Reserve | 16429.65,Android,B60,HIGH_2501_3000,CREATED,idem-20260902-apk-2994,android,B02,BUSINESS_RUNWAY,Expense,B02:Expense,ACTIVE,qa.tile.expense,,,,,Reserve,MAESTRO-APK-BUSINESS-BUSINESS_RUNWAY-2994 | Reserve | 16429.65,JOINED_REVIEW,Reserve transfer → Runway expense/movement proxy — REVIEW
2997,MTR-APK-2997,Business,Business,Business Runway,Loan,Income,2026-07-06,04:00:58,2026-07-06 04:00:58,100.0,INR,100.0,APK Owner,,,MAESTRO-APK-BUSINESS-BUSINESS_RUNWAY-2997 | Loan | 100.00,Android,B60,HIGH_2501_3000,CREATED,idem-20260902-apk-2997,android,B02,BUSINESS_RUNWAY,Revenue,B02:Revenue,ACTIVE,qa.tile.revenue,business.revenue.amount,,business.revenue.submit,,Loan,MAESTRO-APK-BUSINESS-BUSINESS_RUNWAY-2997 | Loan | 100.00,JOINED,Funding/Investment/Loan/Revenue → Runway Revenue
3000,MTR-APK-3000,Business,Business,Business Runway,Investment,Income,2026-08-02,01:01:05,2026-08-02 01:01:05,159219.1,INR,159219.1,APK Owner,,,MAESTRO-APK-BUSINESS-BUSINESS_RUNWAY-3000 | Investment | 159219.10,Android,B60,HIGH_2501_3000,CREATED,idem-20260902-apk-3000,android,B02,BUSINESS_RUNWAY,Revenue,B02:Revenue,ACTIVE,qa.tile.revenue,business.revenue.amount,,business.revenue.submit,,Investment,MAESTRO-APK-BUSINESS-BUSINESS_RUNWAY-3000 | Investment | 159219.10,JOINED,Funding/Investment/Loan/Revenue → Runway Revenue
3003,MTR-APK-3003,Business,Business,Business Operations,Software,Expense,2026-03-20,02:49:14,2026-03-20 02:49:14,97940.39,INR,-97940.39,APK Owner,,,MAESTRO-APK-BUSINESS-BUSINESS_OPERATIONS-3003 | Software | 97940.39,Android,B61,STRESS_3001_3500,CREATED,idem-20260902-apk-3003,android,B03,BUSINESS_OPERATIONS,Spend Entry,B03:Spend Entry,ACTIVE,,business.expense.amount,business.expense.note,business.expense.submit,,Software,MAESTRO-APK-BUSINESS-BUSINESS_OPERATIONS-3003 | Software | 97940.39,JOINED,Ops Log Spend Entry; amount ID business.expense.amount
3006,MTR-APK-3006,Business,Business,Business Operations,Rent,Expense,2026-08-21,08:23:14,2026-08-21 08:23:14,171990.94,INR,-171990.94,APK Owner,,,MAESTRO-APK-BUSINESS-BUSINESS_OPERATIONS-3006 | Rent | 171990.94,Android,B61,STRESS_3001_3500,CREATED,idem-20260902-apk-3006,android,B03,BUSINESS_OPERATIONS,Spend Entry,B03:Spend Entry,ACTIVE,,business.expense.amount,business.expense.note,business.expense.submit,,Rent,MAESTRO-APK-BUSINESS-BUSINESS_OPERATIONS-3006 | Rent | 171990.94,JOINED,Ops Log Spend Entry; amount ID business.expense.amount
3009,MTR-APK-3009,Business,Business,Business Operations,Marketing,Expense,2026-07-05,21:35:29,2026-07-05 21:35:29,98339.8,INR,-98339.8,APK Owner,,,MAESTRO-APK-BUSINESS-BUSINESS_OPERATIONS-3009 | Marketing | 98339.80,Android,B61,STRESS_3001_3500,CREATED,idem-20260902-apk-3009,android,B03,BUSINESS_OPERATIONS,Spend Entry,B03:Spend Entry,ACTIVE,,business.expense.amount,business.expense.note,business.expense.submit,,Marketing,MAESTRO-APK-BUSINESS-BUSINESS_OPERATIONS-3009 | Marketing | 98339.80,JOINED,Ops Log Spend Entry; amount ID business.expense.amount
3012,MTR-APK-3012,Business,Business,Business Operations,Legal,Expense,2026-04-03,04:32:59,2026-04-03 04:32:59,19464.39,INR,-19464.39,APK Owner,,,MAESTRO-APK-BUSINESS-BUSINESS_OPERATIONS-3012 | Legal | 19464.39,Android,B61,STRESS_3001_3500,CREATED,idem-20260902-apk-3012,android,B03,BUSINESS_OPERATIONS,Spend Entry,B03:Spend Entry,ACTIVE,,business.expense.amount,business.expense.note,business.expense.submit,,Legal,MAESTRO-APK-BUSINESS-BUSINESS_OPERATIONS-3012 | Legal | 19464.39,JOINED,Ops Log Spend Entry; amount ID business.expense.amount
3015,MTR-APK-3015,Business,Business,Business Operations,Accounting,Expense,2025-09-23,14:40:34,2025-09-23 14:40:34,38642.3,INR,-38642.3,APK Owner,,,MAESTRO-APK-BUSINESS-BUSINESS_OPERATIONS-3015 | Accounting | 38642.30,Android,B61,STRESS_3001_3500,CREATED,idem-20260902-apk-3015,android,B03,BUSINESS_OPERATIONS,Spend Entry,B03:Spend Entry,ACTIVE,,business.expense.amount,business.expense.note,business.expense.submit,,Accounting,MAESTRO-APK-BUSINESS-BUSINESS_OPERATIONS-3015 | Accounting | 38642.30,JOINED,Ops Log Spend Entry; amount ID business.expense.amount
3018,MTR-APK-3018,Business,Business,Business Operations,Equipment,Expense,2025-10-21,01:36:13,2025-10-21 01:36:13,12675.59,INR,-12675.59,APK Owner,,,MAESTRO-APK-BUSINESS-BUSINESS_OPERATIONS-3018 | Equipment | 12675.59,Android,B61,STRESS_3001_3500,CREATED,idem-20260902-apk-3018,android,B03,BUSINESS_OPERATIONS,Spend Entry,B03:Spend Entry,ACTIVE,,business.expense.amount,business.expense.note,business.expense.submit,,Equipment,MAESTRO-APK-BUSINESS-BUSINESS_OPERATIONS-3018 | Equipment | 12675.59,JOINED,Ops Log Spend Entry; amount ID business.expense.amount
3021,MTR-APK-3021,Business,Business,Business Operations,Vendor,Expense,2026-04-24,04:01:17,2026-04-24 04:01:17,18240.56,INR,-18240.56,APK Owner,,,MAESTRO-APK-BUSINESS-BUSINESS_OPERATIONS-3021 | Vendor | 18240.56,Android,B61,STRESS_3001_3500,CREATED,idem-20260902-apk-3021,android,B03,BUSINESS_OPERATIONS,Spend Entry,B03:Spend Entry,ACTIVE,,business.expense.amount,business.expense.note,business.expense.submit,,Vendor,MAESTRO-APK-BUSINESS-BUSINESS_OPERATIONS-3021 | Vendor | 18240.56,JOINED,Ops Log Spend Entry; amount ID business.expense.amount
3024,MTR-APK-3024,Business,Business,Business Operations,Tax,Expense,2026-05-05,22:36:13,2026-05-05 22:36:13,161555.22,INR,-161555.22,APK Owner,,,MAESTRO-APK-BUSINESS-BUSINESS_OPERATIONS-3024 | Tax | 161555.22,Android,B61,STRESS_3001_3500,CREATED,idem-20260902-apk-3024,android,B03,BUSINESS_OPERATIONS,Spend Entry,B03:Spend Entry,ACTIVE,,business.expense.amount,business.expense.note,business.expense.submit,,Tax,MAESTRO-APK-BUSINESS-BUSINESS_OPERATIONS-3024 | Tax | 161555.22,JOINED,Ops Log Spend Entry; amount ID business.expense.amount
3027,MTR-APK-3027,Business,Business,Team Operations,Payroll,Expense,2025-12-18,06:30:14,2025-12-18 06:30:14,73150.41,INR,-73150.41,APK Owner,,,MAESTRO-APK-BUSINESS-TEAM_OPERATIONS-3027 | Payroll | 73150.41,Android,B61,STRESS_3001_3500,CREATED,idem-20260902-apk-3027,android,B01,TEAM_OPERATIONS,Team Update,B01:Team Update,ACTIVE,,business.expense.amount,business.expense.note,business.expense.submit,,Payroll,MAESTRO-APK-BUSINESS-TEAM_OPERATIONS-3027 | Payroll | 73150.41,JOINED,Team Ops hub has no Expense; Team meal/travel etc. use Team Update until Spend path wired — prefer B03 Spend for ops expenses
3030,MTR-APK-3030,Business,Business,Team Operations,Contractor,Expense,2026-08-13,23:03:01,2026-08-13 23:03:01,109602.3,INR,-109602.3,APK Owner,,,MAESTRO-APK-BUSINESS-TEAM_OPERATIONS-3030 | Contractor | 109602.30,Android,B61,STRESS_3001_3500,CREATED,idem-20260902-apk-3030,android,B01,TEAM_OPERATIONS,Team Update,B01:Team Update,ACTIVE,,business.expense.amount,business.expense.note,business.expense.submit,,Contractor,MAESTRO-APK-BUSINESS-TEAM_OPERATIONS-3030 | Contractor | 109602.30,JOINED,Team Ops hub has no Expense; Team meal/travel etc. use Team Update until Spend path wired — prefer B03 Spend for ops expenses
3033,MTR-APK-3033,Business,Business,Team Operations,Hiring,Expense,2025-11-08,14:15:21,2025-11-08 14:15:21,133095.45,INR,-133095.45,APK Owner,,,MAESTRO-APK-BUSINESS-TEAM_OPERATIONS-3033 | Hiring | 133095.45,Android,B61,STRESS_3001_3500,CREATED,idem-20260902-apk-3033,android,B01,TEAM_OPERATIONS,Team Update,B01:Team Update,ACTIVE,,business.expense.amount,business.expense.note,business.expense.submit,,Hiring,MAESTRO-APK-BUSINESS-TEAM_OPERATIONS-3033 | Hiring | 133095.45,JOINED,Team Ops hub has no Expense; Team meal/travel etc. use Team Update until Spend path wired — prefer B03 Spend for ops expenses
3036,MTR-APK-3036,Business,Business,Team Operations,Team Meal,Expense,2026-06-01,00:42:53,2026-06-01 00:42:53,17155.33,INR,-17155.33,APK Owner,,,MAESTRO-APK-BUSINESS-TEAM_OPERATIONS-3036 | Team Meal | 17155.33,Android,B61,STRESS_3001_3500,CREATED,idem-20260902-apk-3036,android,B01,TEAM_OPERATIONS,Team Update,B01:Team Update,ACTIVE,,business.expense.amount,business.expense.note,business.expense.submit,,Team Meal,MAESTRO-APK-BUSINESS-TEAM_OPERATIONS-3036 | Team Meal | 17155.33,JOINED,Team Ops hub has no Expense; Team meal/travel etc. use Team Update until Spend path wired — prefer B03 Spend for ops expenses
3039,MTR-APK-3039,Business,Business,Team Operations,Travel,Expense,2026-02-27,05:52:52,2026-02-27 05:52:52,120213.59,INR,-120213.59,APK Owner,,,MAESTRO-APK-BUSINESS-TEAM_OPERATIONS-3039 | Travel | 120213.59,Android,B61,STRESS_3001_3500,CREATED,idem-20260902-apk-3039,android,B01,TEAM_OPERATIONS,Team Update,B01:Team Update,ACTIVE,,business.expense.amount,business.expense.note,business.expense.submit,,Travel,MAESTRO-APK-BUSINESS-TEAM_OPERATIONS-3039 | Travel | 120213.59,JOINED,Team Ops hub has no Expense; Team meal/travel etc. use Team Update until Spend path wired — prefer B03 Spend for ops expenses
3042,MTR-APK-3042,Business,Business,Team Operations,Training,Expense,2026-04-29,18:43:04,2026-04-29 18:43:04,114530.76,INR,-114530.76,APK Owner,,,MAESTRO-APK-BUSINESS-TEAM_OPERATIONS-3042 | Training | 114530.76,Android,B61,STRESS_3001_3500,CREATED,idem-20260902-apk-3042,android,B01,TEAM_OPERATIONS,Team Update,B01:Team Update,ACTIVE,,business.expense.amount,business.expense.note,business.expense.submit,,Training,MAESTRO-APK-BUSINESS-TEAM_OPERATIONS-3042 | Training | 114530.76,JOINED,Team Ops hub has no Expense; Team meal/travel etc. use Team Update until Spend path wired — prefer B03 Spend for ops expenses
3045,MTR-APK-3045,Business,Business,Team Operations,Tools,Expense,2025-12-23,19:29:57,2025-12-23 19:29:57,168920.53,INR,-168920.53,APK Owner,,,MAESTRO-APK-BUSINESS-TEAM_OPERATIONS-3045 | Tools | 168920.53,Android,B61,STRESS_3001_3500,CREATED,idem-20260902-apk-3045,android,B01,TEAM_OPERATIONS,Team Update,B01:Team Update,ACTIVE,,business.expense.amount,business.expense.note,business.expense.submit,,Tools,MAESTRO-APK-BUSINESS-TEAM_OPERATIONS-3045 | Tools | 168920.53,JOINED,Team Ops hub has no Expense; Team meal/travel etc. use Team Update until Spend path wired — prefer B03 Spend for ops expenses
3048,MTR-APK-3048,Business,Business,Business Runway,Funding,Income,2026-04-03,08:47:25,2026-04-03 08:47:25,179507.8,INR,179507.8,APK Owner,,,MAESTRO-APK-BUSINESS-BUSINESS_RUNWAY-3048 | Funding | 179507.80,Android,B61,STRESS_3001_3500,CREATED,idem-20260902-apk-3048,android,B02,BUSINESS_RUNWAY,Revenue,B02:Revenue,ACTIVE,qa.tile.revenue,business.revenue.amount,,business.revenue.submit,,Funding,MAESTRO-APK-BUSINESS-BUSINESS_RUNWAY-3048 | Funding | 179507.80,JOINED,Funding/Investment/Loan/Revenue → Runway Revenue
3051,MTR-APK-3051,Business,Business,Business Runway,Revenue,Income,2025-11-28,06:29:20,2025-11-28 06:29:20,46084.94,INR,46084.94,APK Owner,,,MAESTRO-APK-BUSINESS-BUSINESS_RUNWAY-3051 | Revenue | 46084.94,Android,B62,STRESS_3001_3500,CREATED,idem-20260902-apk-3051,android,B02,BUSINESS_RUNWAY,Revenue,B02:Revenue,ACTIVE,qa.tile.revenue,business.revenue.amount,,business.revenue.submit,,Revenue,MAESTRO-APK-BUSINESS-BUSINESS_RUNWAY-3051 | Revenue | 46084.94,JOINED,Funding/Investment/Loan/Revenue → Runway Revenue
3054,MTR-APK-3054,Business,Business,Business Runway,Burn,Expense,2026-06-23,13:51:22,2026-06-23 13:51:22,36021.08,INR,-36021.08,APK Owner,,,MAESTRO-APK-BUSINESS-BUSINESS_RUNWAY-3054 | Burn | 36021.08,Android,B62,STRESS_3001_3500,CREATED,idem-20260902-apk-3054,android,B02,BUSINESS_RUNWAY,Expense,B02:Expense,ACTIVE,qa.tile.expense,business.expense.amount,business.expense.note,business.expense.submit,,Burn,MAESTRO-APK-BUSINESS-BUSINESS_RUNWAY-3054 | Burn | 36021.08,JOINED,Runway Log Expense
3057,MTR-APK-3057,Business,Business,Business Runway,Reserve,Transfer,2026-08-30,07:19:26,2026-08-30 07:19:26,117171.1,INR,0.0,APK Owner,,,MAESTRO-APK-BUSINESS-BUSINESS_RUNWAY-3057 | Reserve | 117171.10,Android,B62,STRESS_3001_3500,CREATED,idem-20260902-apk-3057,android,B02,BUSINESS_RUNWAY,Expense,B02:Expense,ACTIVE,qa.tile.expense,,,,,Reserve,MAESTRO-APK-BUSINESS-BUSINESS_RUNWAY-3057 | Reserve | 117171.10,JOINED_REVIEW,Reserve transfer → Runway expense/movement proxy — REVIEW
3060,MTR-APK-3060,Business,Business,Business Runway,Loan,Income,2025-09-27,11:21:11,2025-09-27 11:21:11,132930.88,INR,132930.88,APK Owner,,,MAESTRO-APK-BUSINESS-BUSINESS_RUNWAY-3060 | Loan | 132930.88,Android,B62,STRESS_3001_3500,CREATED,idem-20260902-apk-3060,android,B02,BUSINESS_RUNWAY,Revenue,B02:Revenue,ACTIVE,qa.tile.revenue,business.revenue.amount,,business.revenue.submit,,Loan,MAESTRO-APK-BUSINESS-BUSINESS_RUNWAY-3060 | Loan | 132930.88,JOINED,Funding/Investment/Loan/Revenue → Runway Revenue
3063,MTR-APK-3063,Business,Business,Business Runway,Investment,Income,2026-01-20,16:44:22,2026-01-20 16:44:22,83859.76,INR,83859.76,APK Owner,,,MAESTRO-APK-BUSINESS-BUSINESS_RUNWAY-3063 | Investment | 83859.76,Android,B62,STRESS_3001_3500,CREATED,idem-20260902-apk-3063,android,B02,BUSINESS_RUNWAY,Revenue,B02:Revenue,ACTIVE,qa.tile.revenue,business.revenue.amount,,business.revenue.submit,,Investment,MAESTRO-APK-BUSINESS-BUSINESS_RUNWAY-3063 | Investment | 83859.76,JOINED,Funding/Investment/Loan/Revenue → Runway Revenue
3066,MTR-APK-3066,Business,Business,Business Operations,Software,Expense,2025-11-23,07:08:49,2025-11-23 07:08:49,113884.12,INR,-113884.12,APK Owner,,,MAESTRO-APK-BUSINESS-BUSINESS_OPERATIONS-3066 | Software | 113884.12,Android,B62,STRESS_3001_3500,CREATED,idem-20260902-apk-3066,android,B03,BUSINESS_OPERATIONS,Spend Entry,B03:Spend Entry,ACTIVE,,business.expense.amount,business.expense.note,business.expense.submit,,Software,MAESTRO-APK-BUSINESS-BUSINESS_OPERATIONS-3066 | Software | 113884.12,JOINED,Ops Log Spend Entry; amount ID business.expense.amount
3069,MTR-APK-3069,Business,Business,Business Operations,Rent,Expense,2026-02-21,03:29:26,2026-02-21 03:29:26,32667.74,INR,-32667.74,APK Owner,,,MAESTRO-APK-BUSINESS-BUSINESS_OPERATIONS-3069 | Rent | 32667.74,Android,B62,STRESS_3001_3500,CREATED,idem-20260902-apk-3069,android,B03,BUSINESS_OPERATIONS,Spend Entry,B03:Spend Entry,ACTIVE,,business.expense.amount,business.expense.note,business.expense.submit,,Rent,MAESTRO-APK-BUSINESS-BUSINESS_OPERATIONS-3069 | Rent | 32667.74,JOINED,Ops Log Spend Entry; amount ID business.expense.amount
3072,MTR-APK-3072,Business,Business,Business Operations,Marketing,Expense,2025-11-12,13:35:37,2025-11-12 13:35:37,59747.05,INR,-59747.05,APK Owner,,,MAESTRO-APK-BUSINESS-BUSINESS_OPERATIONS-3072 | Marketing | 59747.05,Android,B62,STRESS_3001_3500,CREATED,idem-20260902-apk-3072,android,B03,BUSINESS_OPERATIONS,Spend Entry,B03:Spend Entry,ACTIVE,,business.expense.amount,business.expense.note,business.expense.submit,,Marketing,MAESTRO-APK-BUSINESS-BUSINESS_OPERATIONS-3072 | Marketing | 59747.05,JOINED,Ops Log Spend Entry; amount ID business.expense.amount
3075,MTR-APK-3075,Business,Business,Business Operations,Legal,Expense,2025-12-23,22:48:53,2025-12-23 22:48:53,151712.31,INR,-151712.31,APK Owner,,,MAESTRO-APK-BUSINESS-BUSINESS_OPERATIONS-3075 | Legal | 151712.31,Android,B62,STRESS_3001_3500,CREATED,idem-20260902-apk-3075,android,B03,BUSINESS_OPERATIONS,Spend Entry,B03:Spend Entry,ACTIVE,,business.expense.amount,business.expense.note,business.expense.submit,,Legal,MAESTRO-APK-BUSINESS-BUSINESS_OPERATIONS-3075 | Legal | 151712.31,JOINED,Ops Log Spend Entry; amount ID business.expense.amount
3078,MTR-APK-3078,Business,Business,Business Operations,Accounting,Expense,2025-10-22,17:59:13,2025-10-22 17:59:13,7743.75,INR,-7743.75,APK Owner,,,MAESTRO-APK-BUSINESS-BUSINESS_OPERATIONS-3078 | Accounting | 7743.75,Android,B62,STRESS_3001_3500,CREATED,idem-20260902-apk-3078,android,B03,BUSINESS_OPERATIONS,Spend Entry,B03:Spend Entry,ACTIVE,,business.expense.amount,business.expense.note,business.expense.submit,,Accounting,MAESTRO-APK-BUSINESS-BUSINESS_OPERATIONS-3078 | Accounting | 7743.75,JOINED,Ops Log Spend Entry; amount ID business.expense.amount
3081,MTR-APK-3081,Business,Business,Business Operations,Equipment,Expense,2026-04-15,22:25:05,2026-04-15 22:25:05,107545.68,INR,-107545.68,APK Owner,,,MAESTRO-APK-BUSINESS-BUSINESS_OPERATIONS-3081 | Equipment | 107545.68,Android,B62,STRESS_3001_3500,CREATED,idem-20260902-apk-3081,android,B03,BUSINESS_OPERATIONS,Spend Entry,B03:Spend Entry,ACTIVE,,business.expense.amount,business.expense.note,business.expense.submit,,Equipment,MAESTRO-APK-BUSINESS-BUSINESS_OPERATIONS-3081 | Equipment | 107545.68,JOINED,Ops Log Spend Entry; amount ID business.expense.amount
3084,MTR-APK-3084,Business,Business,Business Operations,Vendor,Expense,2025-12-10,05:11:05,2025-12-10 05:11:05,69873.72,INR,-69873.72,APK Owner,,,MAESTRO-APK-BUSINESS-BUSINESS_OPERATIONS-3084 | Vendor | 69873.72,Android,B62,STRESS_3001_3500,CREATED,idem-20260902-apk-3084,android,B03,BUSINESS_OPERATIONS,Spend Entry,B03:Spend Entry,ACTIVE,,business.expense.amount,business.expense.note,business.expense.submit,,Vendor,MAESTRO-APK-BUSINESS-BUSINESS_OPERATIONS-3084 | Vendor | 69873.72,JOINED,Ops Log Spend Entry; amount ID business.expense.amount
3087,MTR-APK-3087,Business,Business,Business Operations,Tax,Expense,2026-03-13,22:38:40,2026-03-13 22:38:40,128011.48,INR,-128011.48,APK Owner,,,MAESTRO-APK-BUSINESS-BUSINESS_OPERATIONS-3087 | Tax | 128011.48,Android,B62,STRESS_3001_3500,CREATED,idem-20260902-apk-3087,android,B03,BUSINESS_OPERATIONS,Spend Entry,B03:Spend Entry,ACTIVE,,business.expense.amount,business.expense.note,business.expense.submit,,Tax,MAESTRO-APK-BUSINESS-BUSINESS_OPERATIONS-3087 | Tax | 128011.48,JOINED,Ops Log Spend Entry; amount ID business.expense.amount
3090,MTR-APK-3090,Business,Business,Team Operations,Payroll,Expense,2026-03-01,23:35:57,2026-03-01 23:35:57,108777.4,INR,-108777.4,APK Owner,,,MAESTRO-APK-BUSINESS-TEAM_OPERATIONS-3090 | Payroll | 108777.40,Android,B62,STRESS_3001_3500,CREATED,idem-20260902-apk-3090,android,B01,TEAM_OPERATIONS,Team Update,B01:Team Update,ACTIVE,,business.expense.amount,business.expense.note,business.expense.submit,,Payroll,MAESTRO-APK-BUSINESS-TEAM_OPERATIONS-3090 | Payroll | 108777.40,JOINED,Team Ops hub has no Expense; Team meal/travel etc. use Team Update until Spend path wired — prefer B03 Spend for ops expenses
3093,MTR-APK-3093,Business,Business,Team Operations,Contractor,Expense,2025-11-13,18:15:47,2025-11-13 18:15:47,72609.65,INR,-72609.65,APK Owner,,,MAESTRO-APK-BUSINESS-TEAM_OPERATIONS-3093 | Contractor | 72609.65,Android,B62,STRESS_3001_3500,CREATED,idem-20260902-apk-3093,android,B01,TEAM_OPERATIONS,Team Update,B01:Team Update,ACTIVE,,business.expense.amount,business.expense.note,business.expense.submit,,Contractor,MAESTRO-APK-BUSINESS-TEAM_OPERATIONS-3093 | Contractor | 72609.65,JOINED,Team Ops hub has no Expense; Team meal/travel etc. use Team Update until Spend path wired — prefer B03 Spend for ops expenses
3096,MTR-APK-3096,Business,Business,Team Operations,Hiring,Expense,2026-01-04,13:18:06,2026-01-04 13:18:06,22843.67,INR,-22843.67,APK Owner,,,MAESTRO-APK-BUSINESS-TEAM_OPERATIONS-3096 | Hiring | 22843.67,Android,B62,STRESS_3001_3500,CREATED,idem-20260902-apk-3096,android,B01,TEAM_OPERATIONS,Team Update,B01:Team Update,ACTIVE,,business.expense.amount,business.expense.note,business.expense.submit,,Hiring,MAESTRO-APK-BUSINESS-TEAM_OPERATIONS-3096 | Hiring | 22843.67,JOINED,Team Ops hub has no Expense; Team meal/travel etc. use Team Update until Spend path wired — prefer B03 Spend for ops expenses
3099,MTR-APK-3099,Business,Business,Team Operations,Team Meal,Expense,2025-09-06,02:02:09,2025-09-06 02:02:09,56297.09,INR,-56297.09,APK Owner,,,MAESTRO-APK-BUSINESS-TEAM_OPERATIONS-3099 | Team Meal | 56297.09,Android,B62,STRESS_3001_3500,CREATED,idem-20260902-apk-3099,android,B01,TEAM_OPERATIONS,Team Update,B01:Team Update,ACTIVE,,business.expense.amount,business.expense.note,business.expense.submit,,Team Meal,MAESTRO-APK-BUSINESS-TEAM_OPERATIONS-3099 | Team Meal | 56297.09,JOINED,Team Ops hub has no Expense; Team meal/travel etc. use Team Update until Spend path wired — prefer B03 Spend for ops expenses
3102,MTR-APK-3102,Business,Business,Team Operations,Travel,Expense,2025-11-07,21:05:05,2025-11-07 21:05:05,154093.47,INR,-154093.47,APK Owner,,,MAESTRO-APK-BUSINESS-TEAM_OPERATIONS-3102 | Travel | 154093.47,Android,B63,STRESS_3001_3500,CREATED,idem-20260902-apk-3102,android,B01,TEAM_OPERATIONS,Team Update,B01:Team Update,ACTIVE,,business.expense.amount,business.expense.note,business.expense.submit,,Travel,MAESTRO-APK-BUSINESS-TEAM_OPERATIONS-3102 | Travel | 154093.47,JOINED,Team Ops hub has no Expense; Team meal/travel etc. use Team Update until Spend path wired — prefer B03 Spend for ops expenses
3105,MTR-APK-3105,Business,Business,Team Operations,Training,Expense,2026-08-31,12:33:35,2026-08-31 12:33:35,113093.56,INR,-113093.56,APK Owner,,,MAESTRO-APK-BUSINESS-TEAM_OPERATIONS-3105 | Training | 113093.56,Android,B63,STRESS_3001_3500,CREATED,idem-20260902-apk-3105,android,B01,TEAM_OPERATIONS,Team Update,B01:Team Update,ACTIVE,,business.expense.amount,business.expense.note,business.expense.submit,,Training,MAESTRO-APK-BUSINESS-TEAM_OPERATIONS-3105 | Training | 113093.56,JOINED,Team Ops hub has no Expense; Team meal/travel etc. use Team Update until Spend path wired — prefer B03 Spend for ops expenses
3108,MTR-APK-3108,Business,Business,Team Operations,Tools,Expense,2026-02-27,01:27:53,2026-02-27 01:27:53,0.01,INR,-0.01,APK Owner,,,MAESTRO-APK-BUSINESS-TEAM_OPERATIONS-3108 | Tools | 0.01,Android,B63,STRESS_3001_3500,CREATED,idem-20260902-apk-3108,android,B01,TEAM_OPERATIONS,Team Update,B01:Team Update,ACTIVE,,business.expense.amount,business.expense.note,business.expense.submit,,Tools,MAESTRO-APK-BUSINESS-TEAM_OPERATIONS-3108 | Tools | 0.01,JOINED,Team Ops hub has no Expense; Team meal/travel etc. use Team Update until Spend path wired — prefer B03 Spend for ops expenses
3111,MTR-APK-3111,Business,Business,Business Runway,Funding,Income,2025-11-03,13:36:12,2025-11-03 13:36:12,103687.89,INR,103687.89,APK Owner,,,MAESTRO-APK-BUSINESS-BUSINESS_RUNWAY-3111 | Funding | 103687.89,Android,B63,STRESS_3001_3500,CREATED,idem-20260902-apk-3111,android,B02,BUSINESS_RUNWAY,Revenue,B02:Revenue,ACTIVE,qa.tile.revenue,business.revenue.amount,,business.revenue.submit,,Funding,MAESTRO-APK-BUSINESS-BUSINESS_RUNWAY-3111 | Funding | 103687.89,JOINED,Funding/Investment/Loan/Revenue → Runway Revenue
3114,MTR-APK-3114,Business,Business,Business Runway,Revenue,Income,2026-04-08,01:31:36,2026-04-08 01:31:36,71606.03,INR,71606.03,APK Owner,,,MAESTRO-APK-BUSINESS-BUSINESS_RUNWAY-3114 | Revenue | 71606.03,Android,B63,STRESS_3001_3500,CREATED,idem-20260902-apk-3114,android,B02,BUSINESS_RUNWAY,Revenue,B02:Revenue,ACTIVE,qa.tile.revenue,business.revenue.amount,,business.revenue.submit,,Revenue,MAESTRO-APK-BUSINESS-BUSINESS_RUNWAY-3114 | Revenue | 71606.03,JOINED,Funding/Investment/Loan/Revenue → Runway Revenue
3117,MTR-APK-3117,Business,Business,Business Runway,Burn,Expense,2026-04-10,11:58:49,2026-04-10 11:58:49,14463.38,INR,-14463.38,APK Owner,,,MAESTRO-APK-BUSINESS-BUSINESS_RUNWAY-3117 | Burn | 14463.38,Android,B63,STRESS_3001_3500,CREATED,idem-20260902-apk-3117,android,B02,BUSINESS_RUNWAY,Expense,B02:Expense,ACTIVE,qa.tile.expense,business.expense.amount,business.expense.note,business.expense.submit,,Burn,MAESTRO-APK-BUSINESS-BUSINESS_RUNWAY-3117 | Burn | 14463.38,JOINED,Runway Log Expense
3120,MTR-APK-3120,Business,Business,Business Runway,Reserve,Transfer,2026-06-21,06:27:17,2026-06-21 06:27:17,130358.54,INR,0.0,APK Owner,,,MAESTRO-APK-BUSINESS-BUSINESS_RUNWAY-3120 | Reserve | 130358.54,Android,B63,STRESS_3001_3500,CREATED,idem-20260902-apk-3120,android,B02,BUSINESS_RUNWAY,Expense,B02:Expense,ACTIVE,qa.tile.expense,,,,,Reserve,MAESTRO-APK-BUSINESS-BUSINESS_RUNWAY-3120 | Reserve | 130358.54,JOINED_REVIEW,Reserve transfer → Runway expense/movement proxy — REVIEW
3123,MTR-APK-3123,Business,Business,Business Runway,Loan,Income,2025-10-10,11:07:35,2025-10-10 11:07:35,116199.27,INR,116199.27,APK Owner,,,MAESTRO-APK-BUSINESS-BUSINESS_RUNWAY-3123 | Loan | 116199.27,Android,B63,STRESS_3001_3500,CREATED,idem-20260902-apk-3123,android,B02,BUSINESS_RUNWAY,Revenue,B02:Revenue,ACTIVE,qa.tile.revenue,business.revenue.amount,,business.revenue.submit,,Loan,MAESTRO-APK-BUSINESS-BUSINESS_RUNWAY-3123 | Loan | 116199.27,JOINED,Funding/Investment/Loan/Revenue → Runway Revenue
3126,MTR-APK-3126,Business,Business,Business Runway,Investment,Income,2026-04-20,16:57:41,2026-04-20 16:57:41,163448.77,INR,163448.77,APK Owner,,,MAESTRO-APK-BUSINESS-BUSINESS_RUNWAY-3126 | Investment | 163448.77,Android,B63,STRESS_3001_3500,CREATED,idem-20260902-apk-3126,android,B02,BUSINESS_RUNWAY,Revenue,B02:Revenue,ACTIVE,qa.tile.revenue,business.revenue.amount,,business.revenue.submit,,Investment,MAESTRO-APK-BUSINESS-BUSINESS_RUNWAY-3126 | Investment | 163448.77,JOINED,Funding/Investment/Loan/Revenue → Runway Revenue
3129,MTR-APK-3129,Business,Business,Business Operations,Software,Expense,2026-08-23,11:07:40,2026-08-23 11:07:40,89493.94,INR,-89493.94,APK Owner,,,MAESTRO-APK-BUSINESS-BUSINESS_OPERATIONS-3129 | Software | 89493.94,Android,B63,STRESS_3001_3500,CREATED,idem-20260902-apk-3129,android,B03,BUSINESS_OPERATIONS,Spend Entry,B03:Spend Entry,ACTIVE,,business.expense.amount,business.expense.note,business.expense.submit,,Software,MAESTRO-APK-BUSINESS-BUSINESS_OPERATIONS-3129 | Software | 89493.94,JOINED,Ops Log Spend Entry; amount ID business.expense.amount
3132,MTR-APK-3132,Business,Business,Business Operations,Rent,Expense,2026-01-24,15:00:31,2026-01-24 15:00:31,42832.48,INR,-42832.48,APK Owner,,,MAESTRO-APK-BUSINESS-BUSINESS_OPERATIONS-3132 | Rent | 42832.48,Android,B63,STRESS_3001_3500,CREATED,idem-20260902-apk-3132,android,B03,BUSINESS_OPERATIONS,Spend Entry,B03:Spend Entry,ACTIVE,,business.expense.amount,business.expense.note,business.expense.submit,,Rent,MAESTRO-APK-BUSINESS-BUSINESS_OPERATIONS-3132 | Rent | 42832.48,JOINED,Ops Log Spend Entry; amount ID business.expense.amount
3135,MTR-APK-3135,Business,Business,Business Operations,Marketing,Expense,2026-01-01,11:39:01,2026-01-01 11:39:01,110576.05,INR,-110576.05,APK Owner,,,MAESTRO-APK-BUSINESS-BUSINESS_OPERATIONS-3135 | Marketing | 110576.05,Android,B63,STRESS_3001_3500,CREATED,idem-20260902-apk-3135,android,B03,BUSINESS_OPERATIONS,Spend Entry,B03:Spend Entry,ACTIVE,,business.expense.amount,business.expense.note,business.expense.submit,,Marketing,MAESTRO-APK-BUSINESS-BUSINESS_OPERATIONS-3135 | Marketing | 110576.05,JOINED,Ops Log Spend Entry; amount ID business.expense.amount
3138,MTR-APK-3138,Business,Business,Business Operations,Legal,Expense,2026-04-22,17:23:09,2026-04-22 17:23:09,112252.74,INR,-112252.74,APK Owner,,,MAESTRO-APK-BUSINESS-BUSINESS_OPERATIONS-3138 | Legal | 112252.74,Android,B63,STRESS_3001_3500,CREATED,idem-20260902-apk-3138,android,B03,BUSINESS_OPERATIONS,Spend Entry,B03:Spend Entry,ACTIVE,,business.expense.amount,business.expense.note,business.expense.submit,,Legal,MAESTRO-APK-BUSINESS-BUSINESS_OPERATIONS-3138 | Legal | 112252.74,JOINED,Ops Log Spend Entry; amount ID business.expense.amount
3141,MTR-APK-3141,Business,Business,Business Operations,Accounting,Expense,2025-10-04,08:34:38,2025-10-04 08:34:38,21565.34,INR,-21565.34,APK Owner,,,MAESTRO-APK-BUSINESS-BUSINESS_OPERATIONS-3141 | Accounting | 21565.34,Android,B63,STRESS_3001_3500,CREATED,idem-20260902-apk-3141,android,B03,BUSINESS_OPERATIONS,Spend Entry,B03:Spend Entry,ACTIVE,,business.expense.amount,business.expense.note,business.expense.submit,,Accounting,MAESTRO-APK-BUSINESS-BUSINESS_OPERATIONS-3141 | Accounting | 21565.34,JOINED,Ops Log Spend Entry; amount ID business.expense.amount
3144,MTR-APK-3144,Business,Business,Business Operations,Equipment,Expense,2025-10-25,21:51:43,2025-10-25 21:51:43,141422.59,INR,-141422.59,APK Owner,,,MAESTRO-APK-BUSINESS-BUSINESS_OPERATIONS-3144 | Equipment | 141422.59,Android,B63,STRESS_3001_3500,CREATED,idem-20260902-apk-3144,android,B03,BUSINESS_OPERATIONS,Spend Entry,B03:Spend Entry,ACTIVE,,business.expense.amount,business.expense.note,business.expense.submit,,Equipment,MAESTRO-APK-BUSINESS-BUSINESS_OPERATIONS-3144 | Equipment | 141422.59,JOINED,Ops Log Spend Entry; amount ID business.expense.amount
3147,MTR-APK-3147,Business,Business,Business Operations,Vendor,Expense,2026-01-06,07:34:12,2026-01-06 07:34:12,149786.08,INR,-149786.08,APK Owner,,,MAESTRO-APK-BUSINESS-BUSINESS_OPERATIONS-3147 | Vendor | 149786.08,Android,B63,STRESS_3001_3500,CREATED,idem-20260902-apk-3147,android,B03,BUSINESS_OPERATIONS,Spend Entry,B03:Spend Entry,ACTIVE,,business.expense.amount,business.expense.note,business.expense.submit,,Vendor,MAESTRO-APK-BUSINESS-BUSINESS_OPERATIONS-3147 | Vendor | 149786.08,JOINED,Ops Log Spend Entry; amount ID business.expense.amount
3150,MTR-APK-3150,Business,Business,Business Operations,Tax,Expense,2026-02-23,04:22:11,2026-02-23 04:22:11,13581.74,INR,-13581.74,APK Owner,,,MAESTRO-APK-BUSINESS-BUSINESS_OPERATIONS-3150 | Tax | 13581.74,Android,B63,STRESS_3001_3500,CREATED,idem-20260902-apk-3150,android,B03,BUSINESS_OPERATIONS,Spend Entry,B03:Spend Entry,ACTIVE,,business.expense.amount,business.expense.note,business.expense.submit,,Tax,MAESTRO-APK-BUSINESS-BUSINESS_OPERATIONS-3150 | Tax | 13581.74,JOINED,Ops Log Spend Entry; amount ID business.expense.amount
3153,MTR-APK-3153,Business,Business,Team Operations,Payroll,Expense,2025-10-26,19:26:28,2025-10-26 19:26:28,47479.82,INR,-47479.82,APK Owner,,,MAESTRO-APK-BUSINESS-TEAM_OPERATIONS-3153 | Payroll | 47479.82,Android,B64,STRESS_3001_3500,CREATED,idem-20260902-apk-3153,android,B01,TEAM_OPERATIONS,Team Update,B01:Team Update,ACTIVE,,business.expense.amount,business.expense.note,business.expense.submit,,Payroll,MAESTRO-APK-BUSINESS-TEAM_OPERATIONS-3153 | Payroll | 47479.82,JOINED,Team Ops hub has no Expense; Team meal/travel etc. use Team Update until Spend path wired — prefer B03 Spend for ops expenses
3156,MTR-APK-3156,Business,Business,Team Operations,Contractor,Expense,2026-02-04,13:36:28,2026-02-04 13:36:28,18484.46,INR,-18484.46,APK Owner,,,MAESTRO-APK-BUSINESS-TEAM_OPERATIONS-3156 | Contractor | 18484.46,Android,B64,STRESS_3001_3500,CREATED,idem-20260902-apk-3156,android,B01,TEAM_OPERATIONS,Team Update,B01:Team Update,ACTIVE,,business.expense.amount,business.expense.note,business.expense.submit,,Contractor,MAESTRO-APK-BUSINESS-TEAM_OPERATIONS-3156 | Contractor | 18484.46,JOINED,Team Ops hub has no Expense; Team meal/travel etc. use Team Update until Spend path wired — prefer B03 Spend for ops expenses
3159,MTR-APK-3159,Business,Business,Team Operations,Hiring,Expense,2026-01-03,13:17:19,2026-01-03 13:17:19,129430.13,INR,-129430.13,APK Owner,,,MAESTRO-APK-BUSINESS-TEAM_OPERATIONS-3159 | Hiring | 129430.13,Android,B64,STRESS_3001_3500,CREATED,idem-20260902-apk-3159,android,B01,TEAM_OPERATIONS,Team Update,B01:Team Update,ACTIVE,,business.expense.amount,business.expense.note,business.expense.submit,,Hiring,MAESTRO-APK-BUSINESS-TEAM_OPERATIONS-3159 | Hiring | 129430.13,JOINED,Team Ops hub has no Expense; Team meal/travel etc. use Team Update until Spend path wired — prefer B03 Spend for ops expenses
3162,MTR-APK-3162,Business,Business,Team Operations,Team Meal,Expense,2026-05-06,14:12:32,2026-05-06 14:12:32,19336.66,INR,-19336.66,APK Owner,,,MAESTRO-APK-BUSINESS-TEAM_OPERATIONS-3162 | Team Meal | 19336.66,Android,B64,STRESS_3001_3500,CREATED,idem-20260902-apk-3162,android,B01,TEAM_OPERATIONS,Team Update,B01:Team Update,ACTIVE,,business.expense.amount,business.expense.note,business.expense.submit,,Team Meal,MAESTRO-APK-BUSINESS-TEAM_OPERATIONS-3162 | Team Meal | 19336.66,JOINED,Team Ops hub has no Expense; Team meal/travel etc. use Team Update until Spend path wired — prefer B03 Spend for ops expenses
3165,MTR-APK-3165,Business,Business,Team Operations,Travel,Expense,2026-07-02,13:27:01,2026-07-02 13:27:01,118430.02,INR,-118430.02,APK Owner,,,MAESTRO-APK-BUSINESS-TEAM_OPERATIONS-3165 | Travel | 118430.02,Android,B64,STRESS_3001_3500,CREATED,idem-20260902-apk-3165,android,B01,TEAM_OPERATIONS,Team Update,B01:Team Update,ACTIVE,,business.expense.amount,business.expense.note,business.expense.submit,,Travel,MAESTRO-APK-BUSINESS-TEAM_OPERATIONS-3165 | Travel | 118430.02,JOINED,Team Ops hub has no Expense; Team meal/travel etc. use Team Update until Spend path wired — prefer B03 Spend for ops expenses
3168,MTR-APK-3168,Business,Business,Team Operations,Training,Expense,2025-09-14,04:42:54,2025-09-14 04:42:54,128379.24,INR,-128379.24,APK Owner,,,MAESTRO-APK-BUSINESS-TEAM_OPERATIONS-3168 | Training | 128379.24,Android,B64,STRESS_3001_3500,CREATED,idem-20260902-apk-3168,android,B01,TEAM_OPERATIONS,Team Update,B01:Team Update,ACTIVE,,business.expense.amount,business.expense.note,business.expense.submit,,Training,MAESTRO-APK-BUSINESS-TEAM_OPERATIONS-3168 | Training | 128379.24,JOINED,Team Ops hub has no Expense; Team meal/travel etc. use Team Update until Spend path wired — prefer B03 Spend for ops expenses
3171,MTR-APK-3171,Business,Business,Team Operations,Tools,Expense,2026-02-04,06:34:18,2026-02-04 06:34:18,71696.49,INR,-71696.49,APK Owner,,,MAESTRO-APK-BUSINESS-TEAM_OPERATIONS-3171 | Tools | 71696.49,Android,B64,STRESS_3001_3500,CREATED,idem-20260902-apk-3171,android,B01,TEAM_OPERATIONS,Team Update,B01:Team Update,ACTIVE,,business.expense.amount,business.expense.note,business.expense.submit,,Tools,MAESTRO-APK-BUSINESS-TEAM_OPERATIONS-3171 | Tools | 71696.49,JOINED,Team Ops hub has no Expense; Team meal/travel etc. use Team Update until Spend path wired — prefer B03 Spend for ops expenses
3174,MTR-APK-3174,Business,Business,Business Runway,Funding,Income,2026-01-01,18:36:21,2026-01-01 18:36:21,103197.7,INR,103197.7,APK Owner,,,MAESTRO-APK-BUSINESS-BUSINESS_RUNWAY-3174 | Funding | 103197.70,Android,B64,STRESS_3001_3500,CREATED,idem-20260902-apk-3174,android,B02,BUSINESS_RUNWAY,Revenue,B02:Revenue,ACTIVE,qa.tile.revenue,business.revenue.amount,,business.revenue.submit,,Funding,MAESTRO-APK-BUSINESS-BUSINESS_RUNWAY-3174 | Funding | 103197.70,JOINED,Funding/Investment/Loan/Revenue → Runway Revenue
3177,MTR-APK-3177,Business,Business,Business Runway,Revenue,Income,2026-02-02,02:21:27,2026-02-02 02:21:27,147748.85,INR,147748.85,APK Owner,,,MAESTRO-APK-BUSINESS-BUSINESS_RUNWAY-3177 | Revenue | 147748.85,Android,B64,STRESS_3001_3500,CREATED,idem-20260902-apk-3177,android,B02,BUSINESS_RUNWAY,Revenue,B02:Revenue,ACTIVE,qa.tile.revenue,business.revenue.amount,,business.revenue.submit,,Revenue,MAESTRO-APK-BUSINESS-BUSINESS_RUNWAY-3177 | Revenue | 147748.85,JOINED,Funding/Investment/Loan/Revenue → Runway Revenue
3180,MTR-APK-3180,Business,Business,Business Runway,Burn,Expense,2026-04-03,23:56:06,2026-04-03 23:56:06,151791.5,INR,-151791.5,APK Owner,,,MAESTRO-APK-BUSINESS-BUSINESS_RUNWAY-3180 | Burn | 151791.50,Android,B64,STRESS_3001_3500,CREATED,idem-20260902-apk-3180,android,B02,BUSINESS_RUNWAY,Expense,B02:Expense,ACTIVE,qa.tile.expense,business.expense.amount,business.expense.note,business.expense.submit,,Burn,MAESTRO-APK-BUSINESS-BUSINESS_RUNWAY-3180 | Burn | 151791.50,JOINED,Runway Log Expense
3183,MTR-APK-3183,Business,Business,Business Runway,Reserve,Transfer,2025-09-05,12:29:51,2025-09-05 12:29:51,150544.83,INR,0.0,APK Owner,,,MAESTRO-APK-BUSINESS-BUSINESS_RUNWAY-3183 | Reserve | 150544.83,Android,B64,STRESS_3001_3500,CREATED,idem-20260902-apk-3183,android,B02,BUSINESS_RUNWAY,Expense,B02:Expense,ACTIVE,qa.tile.expense,,,,,Reserve,MAESTRO-APK-BUSINESS-BUSINESS_RUNWAY-3183 | Reserve | 150544.83,JOINED_REVIEW,Reserve transfer → Runway expense/movement proxy — REVIEW
3186,MTR-APK-3186,Business,Business,Business Runway,Loan,Income,2025-12-21,09:34:31,2025-12-21 09:34:31,135513.97,INR,135513.97,APK Owner,,,MAESTRO-APK-BUSINESS-BUSINESS_RUNWAY-3186 | Loan | 135513.97,Android,B64,STRESS_3001_3500,CREATED,idem-20260902-apk-3186,android,B02,BUSINESS_RUNWAY,Revenue,B02:Revenue,ACTIVE,qa.tile.revenue,business.revenue.amount,,business.revenue.submit,,Loan,MAESTRO-APK-BUSINESS-BUSINESS_RUNWAY-3186 | Loan | 135513.97,JOINED,Funding/Investment/Loan/Revenue → Runway Revenue
3189,MTR-APK-3189,Business,Business,Business Runway,Investment,Income,2026-05-08,00:35:30,2026-05-08 00:35:30,59849.45,INR,59849.45,APK Owner,,,MAESTRO-APK-BUSINESS-BUSINESS_RUNWAY-3189 | Investment | 59849.45,Android,B64,STRESS_3001_3500,CREATED,idem-20260902-apk-3189,android,B02,BUSINESS_RUNWAY,Revenue,B02:Revenue,ACTIVE,qa.tile.revenue,business.revenue.amount,,business.revenue.submit,,Investment,MAESTRO-APK-BUSINESS-BUSINESS_RUNWAY-3189 | Investment | 59849.45,JOINED,Funding/Investment/Loan/Revenue → Runway Revenue
3192,MTR-APK-3192,Business,Business,Business Operations,Software,Expense,2025-12-10,18:56:22,2025-12-10 18:56:22,80145.99,INR,-80145.99,APK Owner,,,MAESTRO-APK-BUSINESS-BUSINESS_OPERATIONS-3192 | Software | 80145.99,Android,B64,STRESS_3001_3500,CREATED,idem-20260902-apk-3192,android,B03,BUSINESS_OPERATIONS,Spend Entry,B03:Spend Entry,ACTIVE,,business.expense.amount,business.expense.note,business.expense.submit,,Software,MAESTRO-APK-BUSINESS-BUSINESS_OPERATIONS-3192 | Software | 80145.99,JOINED,Ops Log Spend Entry; amount ID business.expense.amount
3195,MTR-APK-3195,Business,Business,Business Operations,Rent,Expense,2026-05-09,10:59:04,2026-05-09 10:59:04,13686.96,INR,-13686.96,APK Owner,,,MAESTRO-APK-BUSINESS-BUSINESS_OPERATIONS-3195 | Rent | 13686.96,Android,B64,STRESS_3001_3500,CREATED,idem-20260902-apk-3195,android,B03,BUSINESS_OPERATIONS,Spend Entry,B03:Spend Entry,ACTIVE,,business.expense.amount,business.expense.note,business.expense.submit,,Rent,MAESTRO-APK-BUSINESS-BUSINESS_OPERATIONS-3195 | Rent | 13686.96,JOINED,Ops Log Spend Entry; amount ID business.expense.amount
3198,MTR-APK-3198,Business,Business,Business Operations,Marketing,Expense,2026-05-03,15:11:08,2026-05-03 15:11:08,63971.43,INR,-63971.43,APK Owner,,,MAESTRO-APK-BUSINESS-BUSINESS_OPERATIONS-3198 | Marketing | 63971.43,Android,B64,STRESS_3001_3500,CREATED,idem-20260902-apk-3198,android,B03,BUSINESS_OPERATIONS,Spend Entry,B03:Spend Entry,ACTIVE,,business.expense.amount,business.expense.note,business.expense.submit,,Marketing,MAESTRO-APK-BUSINESS-BUSINESS_OPERATIONS-3198 | Marketing | 63971.43,JOINED,Ops Log Spend Entry; amount ID business.expense.amount
3201,MTR-APK-3201,Business,Business,Business Operations,Legal,Expense,2026-07-11,19:59:27,2026-07-11 19:59:27,126488.57,INR,-126488.57,APK Owner,,,MAESTRO-APK-BUSINESS-BUSINESS_OPERATIONS-3201 | Legal | 126488.57,Android,B65,STRESS_3001_3500,CREATED,idem-20260902-apk-3201,android,B03,BUSINESS_OPERATIONS,Spend Entry,B03:Spend Entry,ACTIVE,,business.expense.amount,business.expense.note,business.expense.submit,,Legal,MAESTRO-APK-BUSINESS-BUSINESS_OPERATIONS-3201 | Legal | 126488.57,JOINED,Ops Log Spend Entry; amount ID business.expense.amount
3204,MTR-APK-3204,Business,Business,Business Operations,Accounting,Expense,2026-05-27,22:24:01,2026-05-27 22:24:01,139701.44,INR,-139701.44,APK Owner,,,MAESTRO-APK-BUSINESS-BUSINESS_OPERATIONS-3204 | Accounting | 139701.44,Android,B65,STRESS_3001_3500,CREATED,idem-20260902-apk-3204,android,B03,BUSINESS_OPERATIONS,Spend Entry,B03:Spend Entry,ACTIVE,,business.expense.amount,business.expense.note,business.expense.submit,,Accounting,MAESTRO-APK-BUSINESS-BUSINESS_OPERATIONS-3204 | Accounting | 139701.44,JOINED,Ops Log Spend Entry; amount ID business.expense.amount
3207,MTR-APK-3207,Business,Business,Business Operations,Equipment,Expense,2026-01-08,09:43:39,2026-01-08 09:43:39,19855.36,INR,-19855.36,APK Owner,,,MAESTRO-APK-BUSINESS-BUSINESS_OPERATIONS-3207 | Equipment | 19855.36,Android,B65,STRESS_3001_3500,CREATED,idem-20260902-apk-3207,android,B03,BUSINESS_OPERATIONS,Spend Entry,B03:Spend Entry,ACTIVE,,business.expense.amount,business.expense.note,business.expense.submit,,Equipment,MAESTRO-APK-BUSINESS-BUSINESS_OPERATIONS-3207 | Equipment | 19855.36,JOINED,Ops Log Spend Entry; amount ID business.expense.amount
3210,MTR-APK-3210,Business,Business,Business Operations,Vendor,Expense,2025-11-07,08:49:47,2025-11-07 08:49:47,156358.76,INR,-156358.76,APK Owner,,,MAESTRO-APK-BUSINESS-BUSINESS_OPERATIONS-3210 | Vendor | 156358.76,Android,B65,STRESS_3001_3500,CREATED,idem-20260902-apk-3210,android,B03,BUSINESS_OPERATIONS,Spend Entry,B03:Spend Entry,ACTIVE,,business.expense.amount,business.expense.note,business.expense.submit,,Vendor,MAESTRO-APK-BUSINESS-BUSINESS_OPERATIONS-3210 | Vendor | 156358.76,JOINED,Ops Log Spend Entry; amount ID business.expense.amount
3213,MTR-APK-3213,Business,Business,Business Operations,Tax,Expense,2026-03-02,02:55:36,2026-03-02 02:55:36,59972.3,INR,-59972.3,APK Owner,,,MAESTRO-APK-BUSINESS-BUSINESS_OPERATIONS-3213 | Tax | 59972.30,Android,B65,STRESS_3001_3500,CREATED,idem-20260902-apk-3213,android,B03,BUSINESS_OPERATIONS,Spend Entry,B03:Spend Entry,ACTIVE,,business.expense.amount,business.expense.note,business.expense.submit,,Tax,MAESTRO-APK-BUSINESS-BUSINESS_OPERATIONS-3213 | Tax | 59972.30,JOINED,Ops Log Spend Entry; amount ID business.expense.amount
3216,MTR-APK-3216,Business,Business,Team Operations,Payroll,Expense,2025-11-09,09:59:16,2025-11-09 09:59:16,67732.59,INR,-67732.59,APK Owner,,,MAESTRO-APK-BUSINESS-TEAM_OPERATIONS-3216 | Payroll | 67732.59,Android,B65,STRESS_3001_3500,CREATED,idem-20260902-apk-3216,android,B01,TEAM_OPERATIONS,Team Update,B01:Team Update,ACTIVE,,business.expense.amount,business.expense.note,business.expense.submit,,Payroll,MAESTRO-APK-BUSINESS-TEAM_OPERATIONS-3216 | Payroll | 67732.59,JOINED,Team Ops hub has no Expense; Team meal/travel etc. use Team Update until Spend path wired — prefer B03 Spend for ops expenses
3219,MTR-APK-3219,Business,Business,Team Operations,Contractor,Expense,2026-01-16,08:58:34,2026-01-16 08:58:34,100.0,INR,-100.0,APK Owner,,,MAESTRO-APK-BUSINESS-TEAM_OPERATIONS-3219 | Contractor | 100.00,Android,B65,STRESS_3001_3500,CREATED,idem-20260902-apk-3219,android,B01,TEAM_OPERATIONS,Team Update,B01:Team Update,ACTIVE,,business.expense.amount,business.expense.note,business.expense.submit,,Contractor,MAESTRO-APK-BUSINESS-TEAM_OPERATIONS-3219 | Contractor | 100.00,JOINED,Team Ops hub has no Expense; Team meal/travel etc. use Team Update until Spend path wired — prefer B03 Spend for ops expenses
3222,MTR-APK-3222,Business,Business,Team Operations,Hiring,Expense,2026-08-26,04:16:36,2026-08-26 04:16:36,25106.71,INR,-25106.71,APK Owner,,,MAESTRO-APK-BUSINESS-TEAM_OPERATIONS-3222 | Hiring | 25106.71,Android,B65,STRESS_3001_3500,CREATED,idem-20260902-apk-3222,android,B01,TEAM_OPERATIONS,Team Update,B01:Team Update,ACTIVE,,business.expense.amount,business.expense.note,business.expense.submit,,Hiring,MAESTRO-APK-BUSINESS-TEAM_OPERATIONS-3222 | Hiring | 25106.71,JOINED,Team Ops hub has no Expense; Team meal/travel etc. use Team Update until Spend path wired — prefer B03 Spend for ops expenses
3225,MTR-APK-3225,Business,Business,Team Operations,Team Meal,Expense,2026-07-03,11:10:01,2026-07-03 11:10:01,111120.55,INR,-111120.55,APK Owner,,,MAESTRO-APK-BUSINESS-TEAM_OPERATIONS-3225 | Team Meal | 111120.55,Android,B65,STRESS_3001_3500,CREATED,idem-20260902-apk-3225,android,B01,TEAM_OPERATIONS,Team Update,B01:Team Update,ACTIVE,,business.expense.amount,business.expense.note,business.expense.submit,,Team Meal,MAESTRO-APK-BUSINESS-TEAM_OPERATIONS-3225 | Team Meal | 111120.55,JOINED,Team Ops hub has no Expense; Team meal/travel etc. use Team Update until Spend path wired — prefer B03 Spend for ops expenses
3228,MTR-APK-3228,Business,Business,Team Operations,Travel,Expense,2025-09-02,09:02:30,2025-09-02 09:02:30,41843.23,INR,-41843.23,APK Owner,,,MAESTRO-APK-BUSINESS-TEAM_OPERATIONS-3228 | Travel | 41843.23,Android,B65,STRESS_3001_3500,CREATED,idem-20260902-apk-3228,android,B01,TEAM_OPERATIONS,Team Update,B01:Team Update,ACTIVE,,business.expense.amount,business.expense.note,business.expense.submit,,Travel,MAESTRO-APK-BUSINESS-TEAM_OPERATIONS-3228 | Travel | 41843.23,JOINED,Team Ops hub has no Expense; Team meal/travel etc. use Team Update until Spend path wired — prefer B03 Spend for ops expenses
3231,MTR-APK-3231,Business,Business,Team Operations,Training,Expense,2026-03-04,01:47:04,2026-03-04 01:47:04,94379.66,INR,-94379.66,APK Owner,,,MAESTRO-APK-BUSINESS-TEAM_OPERATIONS-3231 | Training | 94379.66,Android,B65,STRESS_3001_3500,CREATED,idem-20260902-apk-3231,android,B01,TEAM_OPERATIONS,Team Update,B01:Team Update,ACTIVE,,business.expense.amount,business.expense.note,business.expense.submit,,Training,MAESTRO-APK-BUSINESS-TEAM_OPERATIONS-3231 | Training | 94379.66,JOINED,Team Ops hub has no Expense; Team meal/travel etc. use Team Update until Spend path wired — prefer B03 Spend for ops expenses
3234,MTR-APK-3234,Business,Business,Team Operations,Tools,Expense,2026-03-20,21:39:12,2026-03-20 21:39:12,170454.63,INR,-170454.63,APK Owner,,,MAESTRO-APK-BUSINESS-TEAM_OPERATIONS-3234 | Tools | 170454.63,Android,B65,STRESS_3001_3500,CREATED,idem-20260902-apk-3234,android,B01,TEAM_OPERATIONS,Team Update,B01:Team Update,ACTIVE,,business.expense.amount,business.expense.note,business.expense.submit,,Tools,MAESTRO-APK-BUSINESS-TEAM_OPERATIONS-3234 | Tools | 170454.63,JOINED,Team Ops hub has no Expense; Team meal/travel etc. use Team Update until Spend path wired — prefer B03 Spend for ops expenses
3237,MTR-APK-3237,Business,Business,Business Runway,Funding,Income,2025-10-09,22:42:14,2025-10-09 22:42:14,122361.79,INR,122361.79,APK Owner,,,MAESTRO-APK-BUSINESS-BUSINESS_RUNWAY-3237 | Funding | 122361.79,Android,B65,STRESS_3001_3500,CREATED,idem-20260902-apk-3237,android,B02,BUSINESS_RUNWAY,Revenue,B02:Revenue,ACTIVE,qa.tile.revenue,business.revenue.amount,,business.revenue.submit,,Funding,MAESTRO-APK-BUSINESS-BUSINESS_RUNWAY-3237 | Funding | 122361.79,JOINED,Funding/Investment/Loan/Revenue → Runway Revenue
3240,MTR-APK-3240,Business,Business,Business Runway,Revenue,Income,2026-04-01,08:11:21,2026-04-01 08:11:21,57037.12,INR,57037.12,APK Owner,,,MAESTRO-APK-BUSINESS-BUSINESS_RUNWAY-3240 | Revenue | 57037.12,Android,B65,STRESS_3001_3500,CREATED,idem-20260902-apk-3240,android,B02,BUSINESS_RUNWAY,Revenue,B02:Revenue,ACTIVE,qa.tile.revenue,business.revenue.amount,,business.revenue.submit,,Revenue,MAESTRO-APK-BUSINESS-BUSINESS_RUNWAY-3240 | Revenue | 57037.12,JOINED,Funding/Investment/Loan/Revenue → Runway Revenue
3243,MTR-APK-3243,Business,Business,Business Runway,Burn,Expense,2025-09-28,08:03:29,2025-09-28 08:03:29,62556.1,INR,-62556.1,APK Owner,,,MAESTRO-APK-BUSINESS-BUSINESS_RUNWAY-3243 | Burn | 62556.10,Android,B65,STRESS_3001_3500,CREATED,idem-20260902-apk-3243,android,B02,BUSINESS_RUNWAY,Expense,B02:Expense,ACTIVE,qa.tile.expense,business.expense.amount,business.expense.note,business.expense.submit,,Burn,MAESTRO-APK-BUSINESS-BUSINESS_RUNWAY-3243 | Burn | 62556.10,JOINED,Runway Log Expense
3246,MTR-APK-3246,Business,Business,Business Runway,Reserve,Transfer,2026-04-12,04:25:08,2026-04-12 04:25:08,38435.14,INR,0.0,APK Owner,,,MAESTRO-APK-BUSINESS-BUSINESS_RUNWAY-3246 | Reserve | 38435.14,Android,B65,STRESS_3001_3500,CREATED,idem-20260902-apk-3246,android,B02,BUSINESS_RUNWAY,Expense,B02:Expense,ACTIVE,qa.tile.expense,,,,,Reserve,MAESTRO-APK-BUSINESS-BUSINESS_RUNWAY-3246 | Reserve | 38435.14,JOINED_REVIEW,Reserve transfer → Runway expense/movement proxy — REVIEW
3249,MTR-APK-3249,Business,Business,Business Runway,Loan,Income,2026-05-21,14:52:55,2026-05-21 14:52:55,143012.41,INR,143012.41,APK Owner,,,MAESTRO-APK-BUSINESS-BUSINESS_RUNWAY-3249 | Loan | 143012.41,Android,B65,STRESS_3001_3500,CREATED,idem-20260902-apk-3249,android,B02,BUSINESS_RUNWAY,Revenue,B02:Revenue,ACTIVE,qa.tile.revenue,business.revenue.amount,,business.revenue.submit,,Loan,MAESTRO-APK-BUSINESS-BUSINESS_RUNWAY-3249 | Loan | 143012.41,JOINED,Funding/Investment/Loan/Revenue → Runway Revenue
3252,MTR-APK-3252,Business,Business,Business Runway,Investment,Income,2026-04-27,02:53:54,2026-04-27 02:53:54,96618.14,INR,96618.14,APK Owner,,,MAESTRO-APK-BUSINESS-BUSINESS_RUNWAY-3252 | Investment | 96618.14,Android,B66,STRESS_3001_3500,CREATED,idem-20260902-apk-3252,android,B02,BUSINESS_RUNWAY,Revenue,B02:Revenue,ACTIVE,qa.tile.revenue,business.revenue.amount,,business.revenue.submit,,Investment,MAESTRO-APK-BUSINESS-BUSINESS_RUNWAY-3252 | Investment | 96618.14,JOINED,Funding/Investment/Loan/Revenue → Runway Revenue
3255,MTR-APK-3255,Business,Business,Business Operations,Software,Expense,2026-05-13,10:41:41,2026-05-13 10:41:41,6572.94,INR,-6572.94,APK Owner,,,MAESTRO-APK-BUSINESS-BUSINESS_OPERATIONS-3255 | Software | 6572.94,Android,B66,STRESS_3001_3500,CREATED,idem-20260902-apk-3255,android,B03,BUSINESS_OPERATIONS,Spend Entry,B03:Spend Entry,ACTIVE,,business.expense.amount,business.expense.note,business.expense.submit,,Software,MAESTRO-APK-BUSINESS-BUSINESS_OPERATIONS-3255 | Software | 6572.94,JOINED,Ops Log Spend Entry; amount ID business.expense.amount
3258,MTR-APK-3258,Business,Business,Business Operations,Rent,Expense,2025-11-15,04:58:50,2025-11-15 04:58:50,84007.22,INR,-84007.22,APK Owner,,,MAESTRO-APK-BUSINESS-BUSINESS_OPERATIONS-3258 | Rent | 84007.22,Android,B66,STRESS_3001_3500,CREATED,idem-20260902-apk-3258,android,B03,BUSINESS_OPERATIONS,Spend Entry,B03:Spend Entry,ACTIVE,,business.expense.amount,business.expense.note,business.expense.submit,,Rent,MAESTRO-APK-BUSINESS-BUSINESS_OPERATIONS-3258 | Rent | 84007.22,JOINED,Ops Log Spend Entry; amount ID business.expense.amount
3261,MTR-APK-3261,Business,Business,Business Operations,Marketing,Expense,2025-11-15,20:01:53,2025-11-15 20:01:53,158204.49,INR,-158204.49,APK Owner,,,MAESTRO-APK-BUSINESS-BUSINESS_OPERATIONS-3261 | Marketing | 158204.49,Android,B66,STRESS_3001_3500,CREATED,idem-20260902-apk-3261,android,B03,BUSINESS_OPERATIONS,Spend Entry,B03:Spend Entry,ACTIVE,,business.expense.amount,business.expense.note,business.expense.submit,,Marketing,MAESTRO-APK-BUSINESS-BUSINESS_OPERATIONS-3261 | Marketing | 158204.49,JOINED,Ops Log Spend Entry; amount ID business.expense.amount
3264,MTR-APK-3264,Business,Business,Business Operations,Legal,Expense,2026-07-31,10:25:15,2026-07-31 10:25:15,179579.99,INR,-179579.99,APK Owner,,,MAESTRO-APK-BUSINESS-BUSINESS_OPERATIONS-3264 | Legal | 179579.99,Android,B66,STRESS_3001_3500,CREATED,idem-20260902-apk-3264,android,B03,BUSINESS_OPERATIONS,Spend Entry,B03:Spend Entry,ACTIVE,,business.expense.amount,business.expense.note,business.expense.submit,,Legal,MAESTRO-APK-BUSINESS-BUSINESS_OPERATIONS-3264 | Legal | 179579.99,JOINED,Ops Log Spend Entry; amount ID business.expense.amount
3267,MTR-APK-3267,Business,Business,Business Operations,Accounting,Expense,2026-08-31,14:38:35,2026-08-31 14:38:35,106564.84,INR,-106564.84,APK Owner,,,MAESTRO-APK-BUSINESS-BUSINESS_OPERATIONS-3267 | Accounting | 106564.84,Android,B66,STRESS_3001_3500,CREATED,idem-20260902-apk-3267,android,B03,BUSINESS_OPERATIONS,Spend Entry,B03:Spend Entry,ACTIVE,,business.expense.amount,business.expense.note,business.expense.submit,,Accounting,MAESTRO-APK-BUSINESS-BUSINESS_OPERATIONS-3267 | Accounting | 106564.84,JOINED,Ops Log Spend Entry; amount ID business.expense.amount
3270,MTR-APK-3270,Business,Business,Business Operations,Equipment,Expense,2025-11-04,12:23:58,2025-11-04 12:23:58,115657.79,INR,-115657.79,APK Owner,,,MAESTRO-APK-BUSINESS-BUSINESS_OPERATIONS-3270 | Equipment | 115657.79,Android,B66,STRESS_3001_3500,CREATED,idem-20260902-apk-3270,android,B03,BUSINESS_OPERATIONS,Spend Entry,B03:Spend Entry,ACTIVE,,business.expense.amount,business.expense.note,business.expense.submit,,Equipment,MAESTRO-APK-BUSINESS-BUSINESS_OPERATIONS-3270 | Equipment | 115657.79,JOINED,Ops Log Spend Entry; amount ID business.expense.amount
3273,MTR-APK-3273,Business,Business,Business Operations,Vendor,Expense,2025-09-20,03:12:14,2025-09-20 03:12:14,168030.56,INR,-168030.56,APK Owner,,,MAESTRO-APK-BUSINESS-BUSINESS_OPERATIONS-3273 | Vendor | 168030.56,Android,B66,STRESS_3001_3500,CREATED,idem-20260902-apk-3273,android,B03,BUSINESS_OPERATIONS,Spend Entry,B03:Spend Entry,ACTIVE,,business.expense.amount,business.expense.note,business.expense.submit,,Vendor,MAESTRO-APK-BUSINESS-BUSINESS_OPERATIONS-3273 | Vendor | 168030.56,JOINED,Ops Log Spend Entry; amount ID business.expense.amount
3276,MTR-APK-3276,Business,Business,Business Operations,Tax,Expense,2026-04-13,19:09:43,2026-04-13 19:09:43,42874.48,INR,-42874.48,APK Owner,,,MAESTRO-APK-BUSINESS-BUSINESS_OPERATIONS-3276 | Tax | 42874.48,Android,B66,STRESS_3001_3500,CREATED,idem-20260902-apk-3276,android,B03,BUSINESS_OPERATIONS,Spend Entry,B03:Spend Entry,ACTIVE,,business.expense.amount,business.expense.note,business.expense.submit,,Tax,MAESTRO-APK-BUSINESS-BUSINESS_OPERATIONS-3276 | Tax | 42874.48,JOINED,Ops Log Spend Entry; amount ID business.expense.amount
3279,MTR-APK-3279,Business,Business,Team Operations,Payroll,Expense,2026-03-08,17:47:45,2026-03-08 17:47:45,355.61,INR,-355.61,APK Owner,,,MAESTRO-APK-BUSINESS-TEAM_OPERATIONS-3279 | Payroll | 355.61,Android,B66,STRESS_3001_3500,CREATED,idem-20260902-apk-3279,android,B01,TEAM_OPERATIONS,Team Update,B01:Team Update,ACTIVE,,business.expense.amount,business.expense.note,business.expense.submit,,Payroll,MAESTRO-APK-BUSINESS-TEAM_OPERATIONS-3279 | Payroll | 355.61,JOINED,Team Ops hub has no Expense; Team meal/travel etc. use Team Update until Spend path wired — prefer B03 Spend for ops expenses
3282,MTR-APK-3282,Business,Business,Team Operations,Contractor,Expense,2025-12-24,18:13:09,2025-12-24 18:13:09,112300.25,INR,-112300.25,APK Owner,,,MAESTRO-APK-BUSINESS-TEAM_OPERATIONS-3282 | Contractor | 112300.25,Android,B66,STRESS_3001_3500,CREATED,idem-20260902-apk-3282,android,B01,TEAM_OPERATIONS,Team Update,B01:Team Update,ACTIVE,,business.expense.amount,business.expense.note,business.expense.submit,,Contractor,MAESTRO-APK-BUSINESS-TEAM_OPERATIONS-3282 | Contractor | 112300.25,JOINED,Team Ops hub has no Expense; Team meal/travel etc. use Team Update until Spend path wired — prefer B03 Spend for ops expenses
3285,MTR-APK-3285,Business,Business,Team Operations,Hiring,Expense,2026-05-24,14:05:49,2026-05-24 14:05:49,14662.75,INR,-14662.75,APK Owner,,,MAESTRO-APK-BUSINESS-TEAM_OPERATIONS-3285 | Hiring | 14662.75,Android,B66,STRESS_3001_3500,CREATED,idem-20260902-apk-3285,android,B01,TEAM_OPERATIONS,Team Update,B01:Team Update,ACTIVE,,business.expense.amount,business.expense.note,business.expense.submit,,Hiring,MAESTRO-APK-BUSINESS-TEAM_OPERATIONS-3285 | Hiring | 14662.75,JOINED,Team Ops hub has no Expense; Team meal/travel etc. use Team Update until Spend path wired — prefer B03 Spend for ops expenses
3288,MTR-APK-3288,Business,Business,Team Operations,Team Meal,Expense,2026-07-06,20:13:33,2026-07-06 20:13:33,22989.11,INR,-22989.11,APK Owner,,,MAESTRO-APK-BUSINESS-TEAM_OPERATIONS-3288 | Team Meal | 22989.11,Android,B66,STRESS_3001_3500,CREATED,idem-20260902-apk-3288,android,B01,TEAM_OPERATIONS,Team Update,B01:Team Update,ACTIVE,,business.expense.amount,business.expense.note,business.expense.submit,,Team Meal,MAESTRO-APK-BUSINESS-TEAM_OPERATIONS-3288 | Team Meal | 22989.11,JOINED,Team Ops hub has no Expense; Team meal/travel etc. use Team Update until Spend path wired — prefer B03 Spend for ops expenses
3291,MTR-APK-3291,Business,Business,Team Operations,Travel,Expense,2026-06-07,03:36:36,2026-06-07 03:36:36,5876.66,INR,-5876.66,APK Owner,,,MAESTRO-APK-BUSINESS-TEAM_OPERATIONS-3291 | Travel | 5876.66,Android,B66,STRESS_3001_3500,CREATED,idem-20260902-apk-3291,android,B01,TEAM_OPERATIONS,Team Update,B01:Team Update,ACTIVE,,business.expense.amount,business.expense.note,business.expense.submit,,Travel,MAESTRO-APK-BUSINESS-TEAM_OPERATIONS-3291 | Travel | 5876.66,JOINED,Team Ops hub has no Expense; Team meal/travel etc. use Team Update until Spend path wired — prefer B03 Spend for ops expenses
3294,MTR-APK-3294,Business,Business,Team Operations,Training,Expense,2025-12-14,18:29:56,2025-12-14 18:29:56,43226.85,INR,-43226.85,APK Owner,,,MAESTRO-APK-BUSINESS-TEAM_OPERATIONS-3294 | Training | 43226.85,Android,B66,STRESS_3001_3500,CREATED,idem-20260902-apk-3294,android,B01,TEAM_OPERATIONS,Team Update,B01:Team Update,ACTIVE,,business.expense.amount,business.expense.note,business.expense.submit,,Training,MAESTRO-APK-BUSINESS-TEAM_OPERATIONS-3294 | Training | 43226.85,JOINED,Team Ops hub has no Expense; Team meal/travel etc. use Team Update until Spend path wired — prefer B03 Spend for ops expenses
3297,MTR-APK-3297,Business,Business,Team Operations,Tools,Expense,2026-01-02,00:32:31,2026-01-02 00:32:31,179849.74,INR,-179849.74,APK Owner,,,MAESTRO-APK-BUSINESS-TEAM_OPERATIONS-3297 | Tools | 179849.74,Android,B66,STRESS_3001_3500,CREATED,idem-20260902-apk-3297,android,B01,TEAM_OPERATIONS,Team Update,B01:Team Update,ACTIVE,,business.expense.amount,business.expense.note,business.expense.submit,,Tools,MAESTRO-APK-BUSINESS-TEAM_OPERATIONS-3297 | Tools | 179849.74,JOINED,Team Ops hub has no Expense; Team meal/travel etc. use Team Update until Spend path wired — prefer B03 Spend for ops expenses
3300,MTR-APK-3300,Business,Business,Business Runway,Funding,Income,2026-04-25,11:12:02,2026-04-25 11:12:02,26376.44,INR,26376.44,APK Owner,,,MAESTRO-APK-BUSINESS-BUSINESS_RUNWAY-3300 | Funding | 26376.44,Android,B66,STRESS_3001_3500,CREATED,idem-20260902-apk-3300,android,B02,BUSINESS_RUNWAY,Revenue,B02:Revenue,ACTIVE,qa.tile.revenue,business.revenue.amount,,business.revenue.submit,,Funding,MAESTRO-APK-BUSINESS-BUSINESS_RUNWAY-3300 | Funding | 26376.44,JOINED,Funding/Investment/Loan/Revenue → Runway Revenue
3303,MTR-APK-3303,Business,Business,Business Runway,Revenue,Income,2026-03-12,08:34:48,2026-03-12 08:34:48,146564.46,INR,146564.46,APK Owner,,,MAESTRO-APK-BUSINESS-BUSINESS_RUNWAY-3303 | Revenue | 146564.46,Android,B67,STRESS_3001_3500,CREATED,idem-20260902-apk-3303,android,B02,BUSINESS_RUNWAY,Revenue,B02:Revenue,ACTIVE,qa.tile.revenue,business.revenue.amount,,business.revenue.submit,,Revenue,MAESTRO-APK-BUSINESS-BUSINESS_RUNWAY-3303 | Revenue | 146564.46,JOINED,Funding/Investment/Loan/Revenue → Runway Revenue
3306,MTR-APK-3306,Business,Business,Business Runway,Burn,Expense,2026-04-11,04:47:34,2026-04-11 04:47:34,72781.29,INR,-72781.29,APK Owner,,,MAESTRO-APK-BUSINESS-BUSINESS_RUNWAY-3306 | Burn | 72781.29,Android,B67,STRESS_3001_3500,CREATED,idem-20260902-apk-3306,android,B02,BUSINESS_RUNWAY,Expense,B02:Expense,ACTIVE,qa.tile.expense,business.expense.amount,business.expense.note,business.expense.submit,,Burn,MAESTRO-APK-BUSINESS-BUSINESS_RUNWAY-3306 | Burn | 72781.29,JOINED,Runway Log Expense
3309,MTR-APK-3309,Business,Business,Business Runway,Reserve,Transfer,2025-12-01,12:23:35,2025-12-01 12:23:35,134130.71,INR,0.0,APK Owner,,,MAESTRO-APK-BUSINESS-BUSINESS_RUNWAY-3309 | Reserve | 134130.71,Android,B67,STRESS_3001_3500,CREATED,idem-20260902-apk-3309,android,B02,BUSINESS_RUNWAY,Expense,B02:Expense,ACTIVE,qa.tile.expense,,,,,Reserve,MAESTRO-APK-BUSINESS-BUSINESS_RUNWAY-3309 | Reserve | 134130.71,JOINED_REVIEW,Reserve transfer → Runway expense/movement proxy — REVIEW
3312,MTR-APK-3312,Business,Business,Business Runway,Loan,Income,2026-02-09,23:07:46,2026-02-09 23:07:46,153489.43,INR,153489.43,APK Owner,,,MAESTRO-APK-BUSINESS-BUSINESS_RUNWAY-3312 | Loan | 153489.43,Android,B67,STRESS_3001_3500,CREATED,idem-20260902-apk-3312,android,B02,BUSINESS_RUNWAY,Revenue,B02:Revenue,ACTIVE,qa.tile.revenue,business.revenue.amount,,business.revenue.submit,,Loan,MAESTRO-APK-BUSINESS-BUSINESS_RUNWAY-3312 | Loan | 153489.43,JOINED,Funding/Investment/Loan/Revenue → Runway Revenue
3315,MTR-APK-3315,Business,Business,Business Runway,Investment,Income,2025-11-14,10:02:36,2025-11-14 10:02:36,106230.48,INR,106230.48,APK Owner,,,MAESTRO-APK-BUSINESS-BUSINESS_RUNWAY-3315 | Investment | 106230.48,Android,B67,STRESS_3001_3500,CREATED,idem-20260902-apk-3315,android,B02,BUSINESS_RUNWAY,Revenue,B02:Revenue,ACTIVE,qa.tile.revenue,business.revenue.amount,,business.revenue.submit,,Investment,MAESTRO-APK-BUSINESS-BUSINESS_RUNWAY-3315 | Investment | 106230.48,JOINED,Funding/Investment/Loan/Revenue → Runway Revenue
3318,MTR-APK-3318,Business,Business,Business Operations,Software,Expense,2026-02-25,02:09:05,2026-02-25 02:09:05,93872.17,INR,-93872.17,APK Owner,,,MAESTRO-APK-BUSINESS-BUSINESS_OPERATIONS-3318 | Software | 93872.17,Android,B67,STRESS_3001_3500,CREATED,idem-20260902-apk-3318,android,B03,BUSINESS_OPERATIONS,Spend Entry,B03:Spend Entry,ACTIVE,,business.expense.amount,business.expense.note,business.expense.submit,,Software,MAESTRO-APK-BUSINESS-BUSINESS_OPERATIONS-3318 | Software | 93872.17,JOINED,Ops Log Spend Entry; amount ID business.expense.amount
3321,MTR-APK-3321,Business,Business,Business Operations,Rent,Expense,2026-04-15,14:39:53,2026-04-15 14:39:53,24551.95,INR,-24551.95,APK Owner,,,MAESTRO-APK-BUSINESS-BUSINESS_OPERATIONS-3321 | Rent | 24551.95,Android,B67,STRESS_3001_3500,CREATED,idem-20260902-apk-3321,android,B03,BUSINESS_OPERATIONS,Spend Entry,B03:Spend Entry,ACTIVE,,business.expense.amount,business.expense.note,business.expense.submit,,Rent,MAESTRO-APK-BUSINESS-BUSINESS_OPERATIONS-3321 | Rent | 24551.95,JOINED,Ops Log Spend Entry; amount ID business.expense.amount
3324,MTR-APK-3324,Business,Business,Business Operations,Marketing,Expense,2026-09-01,07:16:06,2026-09-01 07:16:06,166833.73,INR,-166833.73,APK Owner,,,MAESTRO-APK-BUSINESS-BUSINESS_OPERATIONS-3324 | Marketing | 166833.73,Android,B67,STRESS_3001_3500,CREATED,idem-20260902-apk-3324,android,B03,BUSINESS_OPERATIONS,Spend Entry,B03:Spend Entry,ACTIVE,,business.expense.amount,business.expense.note,business.expense.submit,,Marketing,MAESTRO-APK-BUSINESS-BUSINESS_OPERATIONS-3324 | Marketing | 166833.73,JOINED,Ops Log Spend Entry; amount ID business.expense.amount
3327,MTR-APK-3327,Business,Business,Business Operations,Legal,Expense,2026-01-14,20:41:12,2026-01-14 20:41:12,81206.43,INR,-81206.43,APK Owner,,,MAESTRO-APK-BUSINESS-BUSINESS_OPERATIONS-3327 | Legal | 81206.43,Android,B67,STRESS_3001_3500,CREATED,idem-20260902-apk-3327,android,B03,BUSINESS_OPERATIONS,Spend Entry,B03:Spend Entry,ACTIVE,,business.expense.amount,business.expense.note,business.expense.submit,,Legal,MAESTRO-APK-BUSINESS-BUSINESS_OPERATIONS-3327 | Legal | 81206.43,JOINED,Ops Log Spend Entry; amount ID business.expense.amount
3330,MTR-APK-3330,Business,Business,Business Operations,Accounting,Expense,2025-10-27,04:46:04,2025-10-27 04:46:04,0.01,INR,-0.01,APK Owner,,,MAESTRO-APK-BUSINESS-BUSINESS_OPERATIONS-3330 | Accounting | 0.01,Android,B67,STRESS_3001_3500,CREATED,idem-20260902-apk-3330,android,B03,BUSINESS_OPERATIONS,Spend Entry,B03:Spend Entry,ACTIVE,,business.expense.amount,business.expense.note,business.expense.submit,,Accounting,MAESTRO-APK-BUSINESS-BUSINESS_OPERATIONS-3330 | Accounting | 0.01,JOINED,Ops Log Spend Entry; amount ID business.expense.amount
3333,MTR-APK-3333,Business,Business,Business Operations,Equipment,Expense,2026-03-12,23:09:41,2026-03-12 23:09:41,51128.06,INR,-51128.06,APK Owner,,,MAESTRO-APK-BUSINESS-BUSINESS_OPERATIONS-3333 | Equipment | 51128.06,Android,B67,STRESS_3001_3500,CREATED,idem-20260902-apk-3333,android,B03,BUSINESS_OPERATIONS,Spend Entry,B03:Spend Entry,ACTIVE,,business.expense.amount,business.expense.note,business.expense.submit,,Equipment,MAESTRO-APK-BUSINESS-BUSINESS_OPERATIONS-3333 | Equipment | 51128.06,JOINED,Ops Log Spend Entry; amount ID business.expense.amount
3336,MTR-APK-3336,Business,Business,Business Operations,Vendor,Expense,2026-06-09,08:54:42,2026-06-09 08:54:42,7056.44,INR,-7056.44,APK Owner,,,MAESTRO-APK-BUSINESS-BUSINESS_OPERATIONS-3336 | Vendor | 7056.44,Android,B67,STRESS_3001_3500,CREATED,idem-20260902-apk-3336,android,B03,BUSINESS_OPERATIONS,Spend Entry,B03:Spend Entry,ACTIVE,,business.expense.amount,business.expense.note,business.expense.submit,,Vendor,MAESTRO-APK-BUSINESS-BUSINESS_OPERATIONS-3336 | Vendor | 7056.44,JOINED,Ops Log Spend Entry; amount ID business.expense.amount
3339,MTR-APK-3339,Business,Business,Business Operations,Tax,Expense,2026-01-24,09:48:18,2026-01-24 09:48:18,42745.63,INR,-42745.63,APK Owner,,,MAESTRO-APK-BUSINESS-BUSINESS_OPERATIONS-3339 | Tax | 42745.63,Android,B67,STRESS_3001_3500,CREATED,idem-20260902-apk-3339,android,B03,BUSINESS_OPERATIONS,Spend Entry,B03:Spend Entry,ACTIVE,,business.expense.amount,business.expense.note,business.expense.submit,,Tax,MAESTRO-APK-BUSINESS-BUSINESS_OPERATIONS-3339 | Tax | 42745.63,JOINED,Ops Log Spend Entry; amount ID business.expense.amount
3342,MTR-APK-3342,Business,Business,Team Operations,Payroll,Expense,2026-01-05,00:43:38,2026-01-05 00:43:38,156244.46,INR,-156244.46,APK Owner,,,MAESTRO-APK-BUSINESS-TEAM_OPERATIONS-3342 | Payroll | 156244.46,Android,B67,STRESS_3001_3500,CREATED,idem-20260902-apk-3342,android,B01,TEAM_OPERATIONS,Team Update,B01:Team Update,ACTIVE,,business.expense.amount,business.expense.note,business.expense.submit,,Payroll,MAESTRO-APK-BUSINESS-TEAM_OPERATIONS-3342 | Payroll | 156244.46,JOINED,Team Ops hub has no Expense; Team meal/travel etc. use Team Update until Spend path wired — prefer B03 Spend for ops expenses
3345,MTR-APK-3345,Business,Business,Team Operations,Contractor,Expense,2026-01-10,02:26:18,2026-01-10 02:26:18,60526.55,INR,-60526.55,APK Owner,,,MAESTRO-APK-BUSINESS-TEAM_OPERATIONS-3345 | Contractor | 60526.55,Android,B67,STRESS_3001_3500,CREATED,idem-20260902-apk-3345,android,B01,TEAM_OPERATIONS,Team Update,B01:Team Update,ACTIVE,,business.expense.amount,business.expense.note,business.expense.submit,,Contractor,MAESTRO-APK-BUSINESS-TEAM_OPERATIONS-3345 | Contractor | 60526.55,JOINED,Team Ops hub has no Expense; Team meal/travel etc. use Team Update until Spend path wired — prefer B03 Spend for ops expenses
3348,MTR-APK-3348,Business,Business,Team Operations,Hiring,Expense,2026-08-13,09:53:12,2026-08-13 09:53:12,106219.44,INR,-106219.44,APK Owner,,,MAESTRO-APK-BUSINESS-TEAM_OPERATIONS-3348 | Hiring | 106219.44,Android,B67,STRESS_3001_3500,CREATED,idem-20260902-apk-3348,android,B01,TEAM_OPERATIONS,Team Update,B01:Team Update,ACTIVE,,business.expense.amount,business.expense.note,business.expense.submit,,Hiring,MAESTRO-APK-BUSINESS-TEAM_OPERATIONS-3348 | Hiring | 106219.44,JOINED,Team Ops hub has no Expense; Team meal/travel etc. use Team Update until Spend path wired — prefer B03 Spend for ops expenses
3351,MTR-APK-3351,Business,Business,Team Operations,Team Meal,Expense,2026-07-19,03:13:02,2026-07-19 03:13:02,124970.5,INR,-124970.5,APK Owner,,,MAESTRO-APK-BUSINESS-TEAM_OPERATIONS-3351 | Team Meal | 124970.50,Android,B68,STRESS_3001_3500,CREATED,idem-20260902-apk-3351,android,B01,TEAM_OPERATIONS,Team Update,B01:Team Update,ACTIVE,,business.expense.amount,business.expense.note,business.expense.submit,,Team Meal,MAESTRO-APK-BUSINESS-TEAM_OPERATIONS-3351 | Team Meal | 124970.50,JOINED,Team Ops hub has no Expense; Team meal/travel etc. use Team Update until Spend path wired — prefer B03 Spend for ops expenses
3354,MTR-APK-3354,Business,Business,Team Operations,Travel,Expense,2026-02-14,07:59:10,2026-02-14 07:59:10,79285.6,INR,-79285.6,APK Owner,,,MAESTRO-APK-BUSINESS-TEAM_OPERATIONS-3354 | Travel | 79285.60,Android,B68,STRESS_3001_3500,CREATED,idem-20260902-apk-3354,android,B01,TEAM_OPERATIONS,Team Update,B01:Team Update,ACTIVE,,business.expense.amount,business.expense.note,business.expense.submit,,Travel,MAESTRO-APK-BUSINESS-TEAM_OPERATIONS-3354 | Travel | 79285.60,JOINED,Team Ops hub has no Expense; Team meal/travel etc. use Team Update until Spend path wired — prefer B03 Spend for ops expenses
3357,MTR-APK-3357,Business,Business,Team Operations,Training,Expense,2026-04-03,16:45:07,2026-04-03 16:45:07,13084.7,INR,-13084.7,APK Owner,,,MAESTRO-APK-BUSINESS-TEAM_OPERATIONS-3357 | Training | 13084.70,Android,B68,STRESS_3001_3500,CREATED,idem-20260902-apk-3357,android,B01,TEAM_OPERATIONS,Team Update,B01:Team Update,ACTIVE,,business.expense.amount,business.expense.note,business.expense.submit,,Training,MAESTRO-APK-BUSINESS-TEAM_OPERATIONS-3357 | Training | 13084.70,JOINED,Team Ops hub has no Expense; Team meal/travel etc. use Team Update until Spend path wired — prefer B03 Spend for ops expenses
3360,MTR-APK-3360,Business,Business,Team Operations,Tools,Expense,2026-03-04,11:08:54,2026-03-04 11:08:54,79022.8,INR,-79022.8,APK Owner,,,MAESTRO-APK-BUSINESS-TEAM_OPERATIONS-3360 | Tools | 79022.80,Android,B68,STRESS_3001_3500,CREATED,idem-20260902-apk-3360,android,B01,TEAM_OPERATIONS,Team Update,B01:Team Update,ACTIVE,,business.expense.amount,business.expense.note,business.expense.submit,,Tools,MAESTRO-APK-BUSINESS-TEAM_OPERATIONS-3360 | Tools | 79022.80,JOINED,Team Ops hub has no Expense; Team meal/travel etc. use Team Update until Spend path wired — prefer B03 Spend for ops expenses
3363,MTR-APK-3363,Business,Business,Business Runway,Funding,Income,2025-11-28,12:08:26,2025-11-28 12:08:26,165705.13,INR,165705.13,APK Owner,,,MAESTRO-APK-BUSINESS-BUSINESS_RUNWAY-3363 | Funding | 165705.13,Android,B68,STRESS_3001_3500,CREATED,idem-20260902-apk-3363,android,B02,BUSINESS_RUNWAY,Revenue,B02:Revenue,ACTIVE,qa.tile.revenue,business.revenue.amount,,business.revenue.submit,,Funding,MAESTRO-APK-BUSINESS-BUSINESS_RUNWAY-3363 | Funding | 165705.13,JOINED,Funding/Investment/Loan/Revenue → Runway Revenue
3366,MTR-APK-3366,Business,Business,Business Runway,Revenue,Income,2025-11-05,04:53:20,2025-11-05 04:53:20,125818.13,INR,125818.13,APK Owner,,,MAESTRO-APK-BUSINESS-BUSINESS_RUNWAY-3366 | Revenue | 125818.13,Android,B68,STRESS_3001_3500,CREATED,idem-20260902-apk-3366,android,B02,BUSINESS_RUNWAY,Revenue,B02:Revenue,ACTIVE,qa.tile.revenue,business.revenue.amount,,business.revenue.submit,,Revenue,MAESTRO-APK-BUSINESS-BUSINESS_RUNWAY-3366 | Revenue | 125818.13,JOINED,Funding/Investment/Loan/Revenue → Runway Revenue
3369,MTR-APK-3369,Business,Business,Business Runway,Burn,Expense,2025-12-07,03:41:44,2025-12-07 03:41:44,6594.14,INR,-6594.14,APK Owner,,,MAESTRO-APK-BUSINESS-BUSINESS_RUNWAY-3369 | Burn | 6594.14,Android,B68,STRESS_3001_3500,CREATED,idem-20260902-apk-3369,android,B02,BUSINESS_RUNWAY,Expense,B02:Expense,ACTIVE,qa.tile.expense,business.expense.amount,business.expense.note,business.expense.submit,,Burn,MAESTRO-APK-BUSINESS-BUSINESS_RUNWAY-3369 | Burn | 6594.14,JOINED,Runway Log Expense
3372,MTR-APK-3372,Business,Business,Business Runway,Reserve,Transfer,2025-12-11,04:39:59,2025-12-11 04:39:59,65963.42,INR,0.0,APK Owner,,,MAESTRO-APK-BUSINESS-BUSINESS_RUNWAY-3372 | Reserve | 65963.42,Android,B68,STRESS_3001_3500,CREATED,idem-20260902-apk-3372,android,B02,BUSINESS_RUNWAY,Expense,B02:Expense,ACTIVE,qa.tile.expense,,,,,Reserve,MAESTRO-APK-BUSINESS-BUSINESS_RUNWAY-3372 | Reserve | 65963.42,JOINED_REVIEW,Reserve transfer → Runway expense/movement proxy — REVIEW
3375,MTR-APK-3375,Business,Business,Business Runway,Loan,Income,2026-03-31,17:23:27,2026-03-31 17:23:27,144754.99,INR,144754.99,APK Owner,,,MAESTRO-APK-BUSINESS-BUSINESS_RUNWAY-3375 | Loan | 144754.99,Android,B68,STRESS_3001_3500,CREATED,idem-20260902-apk-3375,android,B02,BUSINESS_RUNWAY,Revenue,B02:Revenue,ACTIVE,qa.tile.revenue,business.revenue.amount,,business.revenue.submit,,Loan,MAESTRO-APK-BUSINESS-BUSINESS_RUNWAY-3375 | Loan | 144754.99,JOINED,Funding/Investment/Loan/Revenue → Runway Revenue
3378,MTR-APK-3378,Business,Business,Business Runway,Investment,Income,2026-06-19,08:05:37,2026-06-19 08:05:37,26976.07,INR,26976.07,APK Owner,,,MAESTRO-APK-BUSINESS-BUSINESS_RUNWAY-3378 | Investment | 26976.07,Android,B68,STRESS_3001_3500,CREATED,idem-20260902-apk-3378,android,B02,BUSINESS_RUNWAY,Revenue,B02:Revenue,ACTIVE,qa.tile.revenue,business.revenue.amount,,business.revenue.submit,,Investment,MAESTRO-APK-BUSINESS-BUSINESS_RUNWAY-3378 | Investment | 26976.07,JOINED,Funding/Investment/Loan/Revenue → Runway Revenue
3381,MTR-APK-3381,Business,Business,Business Operations,Software,Expense,2026-01-21,06:25:53,2026-01-21 06:25:53,44070.65,INR,-44070.65,APK Owner,,,MAESTRO-APK-BUSINESS-BUSINESS_OPERATIONS-3381 | Software | 44070.65,Android,B68,STRESS_3001_3500,CREATED,idem-20260902-apk-3381,android,B03,BUSINESS_OPERATIONS,Spend Entry,B03:Spend Entry,ACTIVE,,business.expense.amount,business.expense.note,business.expense.submit,,Software,MAESTRO-APK-BUSINESS-BUSINESS_OPERATIONS-3381 | Software | 44070.65,JOINED,Ops Log Spend Entry; amount ID business.expense.amount
3384,MTR-APK-3384,Business,Business,Business Operations,Rent,Expense,2025-12-06,23:42:06,2025-12-06 23:42:06,116554.5,INR,-116554.5,APK Owner,,,MAESTRO-APK-BUSINESS-BUSINESS_OPERATIONS-3384 | Rent | 116554.50,Android,B68,STRESS_3001_3500,CREATED,idem-20260902-apk-3384,android,B03,BUSINESS_OPERATIONS,Spend Entry,B03:Spend Entry,ACTIVE,,business.expense.amount,business.expense.note,business.expense.submit,,Rent,MAESTRO-APK-BUSINESS-BUSINESS_OPERATIONS-3384 | Rent | 116554.50,JOINED,Ops Log Spend Entry; amount ID business.expense.amount
3387,MTR-APK-3387,Business,Business,Business Operations,Marketing,Expense,2025-10-14,05:12:10,2025-10-14 05:12:10,85413.3,INR,-85413.3,APK Owner,,,MAESTRO-APK-BUSINESS-BUSINESS_OPERATIONS-3387 | Marketing | 85413.30,Android,B68,STRESS_3001_3500,CREATED,idem-20260902-apk-3387,android,B03,BUSINESS_OPERATIONS,Spend Entry,B03:Spend Entry,ACTIVE,,business.expense.amount,business.expense.note,business.expense.submit,,Marketing,MAESTRO-APK-BUSINESS-BUSINESS_OPERATIONS-3387 | Marketing | 85413.30,JOINED,Ops Log Spend Entry; amount ID business.expense.amount
3390,MTR-APK-3390,Business,Business,Business Operations,Legal,Expense,2025-10-02,01:18:08,2025-10-02 01:18:08,167930.46,INR,-167930.46,APK Owner,,,MAESTRO-APK-BUSINESS-BUSINESS_OPERATIONS-3390 | Legal | 167930.46,Android,B68,STRESS_3001_3500,CREATED,idem-20260902-apk-3390,android,B03,BUSINESS_OPERATIONS,Spend Entry,B03:Spend Entry,ACTIVE,,business.expense.amount,business.expense.note,business.expense.submit,,Legal,MAESTRO-APK-BUSINESS-BUSINESS_OPERATIONS-3390 | Legal | 167930.46,JOINED,Ops Log Spend Entry; amount ID business.expense.amount
3393,MTR-APK-3393,Business,Business,Business Operations,Accounting,Expense,2026-03-31,20:15:00,2026-03-31 20:15:00,161126.65,INR,-161126.65,APK Owner,,,MAESTRO-APK-BUSINESS-BUSINESS_OPERATIONS-3393 | Accounting | 161126.65,Android,B68,STRESS_3001_3500,CREATED,idem-20260902-apk-3393,android,B03,BUSINESS_OPERATIONS,Spend Entry,B03:Spend Entry,ACTIVE,,business.expense.amount,business.expense.note,business.expense.submit,,Accounting,MAESTRO-APK-BUSINESS-BUSINESS_OPERATIONS-3393 | Accounting | 161126.65,JOINED,Ops Log Spend Entry; amount ID business.expense.amount
3396,MTR-APK-3396,Business,Business,Business Operations,Equipment,Expense,2026-08-22,21:48:56,2026-08-22 21:48:56,8761.19,INR,-8761.19,APK Owner,,,MAESTRO-APK-BUSINESS-BUSINESS_OPERATIONS-3396 | Equipment | 8761.19,Android,B68,STRESS_3001_3500,CREATED,idem-20260902-apk-3396,android,B03,BUSINESS_OPERATIONS,Spend Entry,B03:Spend Entry,ACTIVE,,business.expense.amount,business.expense.note,business.expense.submit,,Equipment,MAESTRO-APK-BUSINESS-BUSINESS_OPERATIONS-3396 | Equipment | 8761.19,JOINED,Ops Log Spend Entry; amount ID business.expense.amount
3399,MTR-APK-3399,Business,Business,Business Operations,Vendor,Expense,2026-03-13,22:53:17,2026-03-13 22:53:17,58428.42,INR,-58428.42,APK Owner,,,MAESTRO-APK-BUSINESS-BUSINESS_OPERATIONS-3399 | Vendor | 58428.42,Android,B68,STRESS_3001_3500,CREATED,idem-20260902-apk-3399,android,B03,BUSINESS_OPERATIONS,Spend Entry,B03:Spend Entry,ACTIVE,,business.expense.amount,business.expense.note,business.expense.submit,,Vendor,MAESTRO-APK-BUSINESS-BUSINESS_OPERATIONS-3399 | Vendor | 58428.42,JOINED,Ops Log Spend Entry; amount ID business.expense.amount
3402,MTR-APK-3402,Business,Business,Business Operations,Tax,Expense,2026-06-06,17:47:13,2026-06-06 17:47:13,33625.72,INR,-33625.72,APK Owner,,,MAESTRO-APK-BUSINESS-BUSINESS_OPERATIONS-3402 | Tax | 33625.72,Android,B69,STRESS_3001_3500,CREATED,idem-20260902-apk-3402,android,B03,BUSINESS_OPERATIONS,Spend Entry,B03:Spend Entry,ACTIVE,,business.expense.amount,business.expense.note,business.expense.submit,,Tax,MAESTRO-APK-BUSINESS-BUSINESS_OPERATIONS-3402 | Tax | 33625.72,JOINED,Ops Log Spend Entry; amount ID business.expense.amount
3405,MTR-APK-3405,Business,Business,Team Operations,Payroll,Expense,2026-01-09,00:53:50,2026-01-09 00:53:50,75325.64,INR,-75325.64,APK Owner,,,MAESTRO-APK-BUSINESS-TEAM_OPERATIONS-3405 | Payroll | 75325.64,Android,B69,STRESS_3001_3500,CREATED,idem-20260902-apk-3405,android,B01,TEAM_OPERATIONS,Team Update,B01:Team Update,ACTIVE,,business.expense.amount,business.expense.note,business.expense.submit,,Payroll,MAESTRO-APK-BUSINESS-TEAM_OPERATIONS-3405 | Payroll | 75325.64,JOINED,Team Ops hub has no Expense; Team meal/travel etc. use Team Update until Spend path wired — prefer B03 Spend for ops expenses
3408,MTR-APK-3408,Business,Business,Team Operations,Contractor,Expense,2025-12-01,08:52:42,2025-12-01 08:52:42,150636.59,INR,-150636.59,APK Owner,,,MAESTRO-APK-BUSINESS-TEAM_OPERATIONS-3408 | Contractor | 150636.59,Android,B69,STRESS_3001_3500,CREATED,idem-20260902-apk-3408,android,B01,TEAM_OPERATIONS,Team Update,B01:Team Update,ACTIVE,,business.expense.amount,business.expense.note,business.expense.submit,,Contractor,MAESTRO-APK-BUSINESS-TEAM_OPERATIONS-3408 | Contractor | 150636.59,JOINED,Team Ops hub has no Expense; Team meal/travel etc. use Team Update until Spend path wired — prefer B03 Spend for ops expenses
3411,MTR-APK-3411,Business,Business,Team Operations,Hiring,Expense,2025-11-27,15:17:43,2025-11-27 15:17:43,36969.04,INR,-36969.04,APK Owner,,,MAESTRO-APK-BUSINESS-TEAM_OPERATIONS-3411 | Hiring | 36969.04,Android,B69,STRESS_3001_3500,CREATED,idem-20260902-apk-3411,android,B01,TEAM_OPERATIONS,Team Update,B01:Team Update,ACTIVE,,business.expense.amount,business.expense.note,business.expense.submit,,Hiring,MAESTRO-APK-BUSINESS-TEAM_OPERATIONS-3411 | Hiring | 36969.04,JOINED,Team Ops hub has no Expense; Team meal/travel etc. use Team Update until Spend path wired — prefer B03 Spend for ops expenses
3414,MTR-APK-3414,Business,Business,Team Operations,Team Meal,Expense,2025-12-03,12:21:44,2025-12-03 12:21:44,95906.48,INR,-95906.48,APK Owner,,,MAESTRO-APK-BUSINESS-TEAM_OPERATIONS-3414 | Team Meal | 95906.48,Android,B69,STRESS_3001_3500,CREATED,idem-20260902-apk-3414,android,B01,TEAM_OPERATIONS,Team Update,B01:Team Update,ACTIVE,,business.expense.amount,business.expense.note,business.expense.submit,,Team Meal,MAESTRO-APK-BUSINESS-TEAM_OPERATIONS-3414 | Team Meal | 95906.48,JOINED,Team Ops hub has no Expense; Team meal/travel etc. use Team Update until Spend path wired — prefer B03 Spend for ops expenses
3417,MTR-APK-3417,Business,Business,Team Operations,Travel,Expense,2026-03-31,12:45:05,2026-03-31 12:45:05,57901.71,INR,-57901.71,APK Owner,,,MAESTRO-APK-BUSINESS-TEAM_OPERATIONS-3417 | Travel | 57901.71,Android,B69,STRESS_3001_3500,CREATED,idem-20260902-apk-3417,android,B01,TEAM_OPERATIONS,Team Update,B01:Team Update,ACTIVE,,business.expense.amount,business.expense.note,business.expense.submit,,Travel,MAESTRO-APK-BUSINESS-TEAM_OPERATIONS-3417 | Travel | 57901.71,JOINED,Team Ops hub has no Expense; Team meal/travel etc. use Team Update until Spend path wired — prefer B03 Spend for ops expenses
3420,MTR-APK-3420,Business,Business,Team Operations,Training,Expense,2026-06-19,00:40:05,2026-06-19 00:40:05,2597.15,INR,-2597.15,APK Owner,,,MAESTRO-APK-BUSINESS-TEAM_OPERATIONS-3420 | Training | 2597.15,Android,B69,STRESS_3001_3500,CREATED,idem-20260902-apk-3420,android,B01,TEAM_OPERATIONS,Team Update,B01:Team Update,ACTIVE,,business.expense.amount,business.expense.note,business.expense.submit,,Training,MAESTRO-APK-BUSINESS-TEAM_OPERATIONS-3420 | Training | 2597.15,JOINED,Team Ops hub has no Expense; Team meal/travel etc. use Team Update until Spend path wired — prefer B03 Spend for ops expenses
3423,MTR-APK-3423,Business,Business,Team Operations,Tools,Expense,2026-07-22,15:43:40,2026-07-22 15:43:40,85718.29,INR,-85718.29,APK Owner,,,MAESTRO-APK-BUSINESS-TEAM_OPERATIONS-3423 | Tools | 85718.29,Android,B69,STRESS_3001_3500,CREATED,idem-20260902-apk-3423,android,B01,TEAM_OPERATIONS,Team Update,B01:Team Update,ACTIVE,,business.expense.amount,business.expense.note,business.expense.submit,,Tools,MAESTRO-APK-BUSINESS-TEAM_OPERATIONS-3423 | Tools | 85718.29,JOINED,Team Ops hub has no Expense; Team meal/travel etc. use Team Update until Spend path wired — prefer B03 Spend for ops expenses
3426,MTR-APK-3426,Business,Business,Business Runway,Funding,Income,2026-01-06,01:38:25,2026-01-06 01:38:25,166788.17,INR,166788.17,APK Owner,,,MAESTRO-APK-BUSINESS-BUSINESS_RUNWAY-3426 | Funding | 166788.17,Android,B69,STRESS_3001_3500,CREATED,idem-20260902-apk-3426,android,B02,BUSINESS_RUNWAY,Revenue,B02:Revenue,ACTIVE,qa.tile.revenue,business.revenue.amount,,business.revenue.submit,,Funding,MAESTRO-APK-BUSINESS-BUSINESS_RUNWAY-3426 | Funding | 166788.17,JOINED,Funding/Investment/Loan/Revenue → Runway Revenue
3429,MTR-APK-3429,Business,Business,Business Runway,Revenue,Income,2025-09-15,06:18:02,2025-09-15 06:18:02,92724.7,INR,92724.7,APK Owner,,,MAESTRO-APK-BUSINESS-BUSINESS_RUNWAY-3429 | Revenue | 92724.70,Android,B69,STRESS_3001_3500,CREATED,idem-20260902-apk-3429,android,B02,BUSINESS_RUNWAY,Revenue,B02:Revenue,ACTIVE,qa.tile.revenue,business.revenue.amount,,business.revenue.submit,,Revenue,MAESTRO-APK-BUSINESS-BUSINESS_RUNWAY-3429 | Revenue | 92724.70,JOINED,Funding/Investment/Loan/Revenue → Runway Revenue
3432,MTR-APK-3432,Business,Business,Business Runway,Burn,Expense,2026-04-14,21:59:41,2026-04-14 21:59:41,116251.91,INR,-116251.91,APK Owner,,,MAESTRO-APK-BUSINESS-BUSINESS_RUNWAY-3432 | Burn | 116251.91,Android,B69,STRESS_3001_3500,CREATED,idem-20260902-apk-3432,android,B02,BUSINESS_RUNWAY,Expense,B02:Expense,ACTIVE,qa.tile.expense,business.expense.amount,business.expense.note,business.expense.submit,,Burn,MAESTRO-APK-BUSINESS-BUSINESS_RUNWAY-3432 | Burn | 116251.91,JOINED,Runway Log Expense
3435,MTR-APK-3435,Business,Business,Business Runway,Reserve,Transfer,2026-05-07,21:38:03,2026-05-07 21:38:03,114715.88,INR,0.0,APK Owner,,,MAESTRO-APK-BUSINESS-BUSINESS_RUNWAY-3435 | Reserve | 114715.88,Android,B69,STRESS_3001_3500,CREATED,idem-20260902-apk-3435,android,B02,BUSINESS_RUNWAY,Expense,B02:Expense,ACTIVE,qa.tile.expense,,,,,Reserve,MAESTRO-APK-BUSINESS-BUSINESS_RUNWAY-3435 | Reserve | 114715.88,JOINED_REVIEW,Reserve transfer → Runway expense/movement proxy — REVIEW
3438,MTR-APK-3438,Business,Business,Business Runway,Loan,Income,2026-07-11,14:03:32,2026-07-11 14:03:32,101566.68,INR,101566.68,APK Owner,,,MAESTRO-APK-BUSINESS-BUSINESS_RUNWAY-3438 | Loan | 101566.68,Android,B69,STRESS_3001_3500,CREATED,idem-20260902-apk-3438,android,B02,BUSINESS_RUNWAY,Revenue,B02:Revenue,ACTIVE,qa.tile.revenue,business.revenue.amount,,business.revenue.submit,,Loan,MAESTRO-APK-BUSINESS-BUSINESS_RUNWAY-3438 | Loan | 101566.68,JOINED,Funding/Investment/Loan/Revenue → Runway Revenue
3441,MTR-APK-3441,Business,Business,Business Runway,Investment,Income,2026-01-21,03:32:44,2026-01-21 03:32:44,100.0,INR,100.0,APK Owner,,,MAESTRO-APK-BUSINESS-BUSINESS_RUNWAY-3441 | Investment | 100.00,Android,B69,STRESS_3001_3500,CREATED,idem-20260902-apk-3441,android,B02,BUSINESS_RUNWAY,Revenue,B02:Revenue,ACTIVE,qa.tile.revenue,business.revenue.amount,,business.revenue.submit,,Investment,MAESTRO-APK-BUSINESS-BUSINESS_RUNWAY-3441 | Investment | 100.00,JOINED,Funding/Investment/Loan/Revenue → Runway Revenue
3444,MTR-APK-3444,Business,Business,Business Operations,Software,Expense,2025-11-26,00:14:19,2025-11-26 00:14:19,15410.55,INR,-15410.55,APK Owner,,,MAESTRO-APK-BUSINESS-BUSINESS_OPERATIONS-3444 | Software | 15410.55,Android,B69,STRESS_3001_3500,CREATED,idem-20260902-apk-3444,android,B03,BUSINESS_OPERATIONS,Spend Entry,B03:Spend Entry,ACTIVE,,business.expense.amount,business.expense.note,business.expense.submit,,Software,MAESTRO-APK-BUSINESS-BUSINESS_OPERATIONS-3444 | Software | 15410.55,JOINED,Ops Log Spend Entry; amount ID business.expense.amount
3447,MTR-APK-3447,Business,Business,Business Operations,Rent,Expense,2026-06-13,11:17:59,2026-06-13 11:17:59,55788.13,INR,-55788.13,APK Owner,,,MAESTRO-APK-BUSINESS-BUSINESS_OPERATIONS-3447 | Rent | 55788.13,Android,B69,STRESS_3001_3500,CREATED,idem-20260902-apk-3447,android,B03,BUSINESS_OPERATIONS,Spend Entry,B03:Spend Entry,ACTIVE,,business.expense.amount,business.expense.note,business.expense.submit,,Rent,MAESTRO-APK-BUSINESS-BUSINESS_OPERATIONS-3447 | Rent | 55788.13,JOINED,Ops Log Spend Entry; amount ID business.expense.amount
3450,MTR-APK-3450,Business,Business,Business Operations,Marketing,Expense,2025-10-17,15:29:22,2025-10-17 15:29:22,70334.0,INR,-70334.0,APK Owner,,,MAESTRO-APK-BUSINESS-BUSINESS_OPERATIONS-3450 | Marketing | 70334.00,Android,B69,STRESS_3001_3500,CREATED,idem-20260902-apk-3450,android,B03,BUSINESS_OPERATIONS,Spend Entry,B03:Spend Entry,ACTIVE,,business.expense.amount,business.expense.note,business.expense.submit,,Marketing,MAESTRO-APK-BUSINESS-BUSINESS_OPERATIONS-3450 | Marketing | 70334.00,JOINED,Ops Log Spend Entry; amount ID business.expense.amount
3453,MTR-APK-3453,Business,Business,Business Operations,Legal,Expense,2026-06-23,00:01:34,2026-06-23 00:01:34,136495.12,INR,-136495.12,APK Owner,,,MAESTRO-APK-BUSINESS-BUSINESS_OPERATIONS-3453 | Legal | 136495.12,Android,B70,STRESS_3001_3500,CREATED,idem-20260902-apk-3453,android,B03,BUSINESS_OPERATIONS,Spend Entry,B03:Spend Entry,ACTIVE,,business.expense.amount,business.expense.note,business.expense.submit,,Legal,MAESTRO-APK-BUSINESS-BUSINESS_OPERATIONS-3453 | Legal | 136495.12,JOINED,Ops Log Spend Entry; amount ID business.expense.amount
3456,MTR-APK-3456,Business,Business,Business Operations,Accounting,Expense,2026-02-23,05:36:06,2026-02-23 05:36:06,137066.96,INR,-137066.96,APK Owner,,,MAESTRO-APK-BUSINESS-BUSINESS_OPERATIONS-3456 | Accounting | 137066.96,Android,B70,STRESS_3001_3500,CREATED,idem-20260902-apk-3456,android,B03,BUSINESS_OPERATIONS,Spend Entry,B03:Spend Entry,ACTIVE,,business.expense.amount,business.expense.note,business.expense.submit,,Accounting,MAESTRO-APK-BUSINESS-BUSINESS_OPERATIONS-3456 | Accounting | 137066.96,JOINED,Ops Log Spend Entry; amount ID business.expense.amount
3459,MTR-APK-3459,Business,Business,Business Operations,Equipment,Expense,2026-02-25,14:35:38,2026-02-25 14:35:38,82673.13,INR,-82673.13,APK Owner,,,MAESTRO-APK-BUSINESS-BUSINESS_OPERATIONS-3459 | Equipment | 82673.13,Android,B70,STRESS_3001_3500,CREATED,idem-20260902-apk-3459,android,B03,BUSINESS_OPERATIONS,Spend Entry,B03:Spend Entry,ACTIVE,,business.expense.amount,business.expense.note,business.expense.submit,,Equipment,MAESTRO-APK-BUSINESS-BUSINESS_OPERATIONS-3459 | Equipment | 82673.13,JOINED,Ops Log Spend Entry; amount ID business.expense.amount
3462,MTR-APK-3462,Business,Business,Business Operations,Vendor,Expense,2025-12-25,15:53:55,2025-12-25 15:53:55,126692.46,INR,-126692.46,APK Owner,,,MAESTRO-APK-BUSINESS-BUSINESS_OPERATIONS-3462 | Vendor | 126692.46,Android,B70,STRESS_3001_3500,CREATED,idem-20260902-apk-3462,android,B03,BUSINESS_OPERATIONS,Spend Entry,B03:Spend Entry,ACTIVE,,business.expense.amount,business.expense.note,business.expense.submit,,Vendor,MAESTRO-APK-BUSINESS-BUSINESS_OPERATIONS-3462 | Vendor | 126692.46,JOINED,Ops Log Spend Entry; amount ID business.expense.amount
3465,MTR-APK-3465,Business,Business,Business Operations,Tax,Expense,2026-04-05,08:24:08,2026-04-05 08:24:08,179602.48,INR,-179602.48,APK Owner,,,MAESTRO-APK-BUSINESS-BUSINESS_OPERATIONS-3465 | Tax | 179602.48,Android,B70,STRESS_3001_3500,CREATED,idem-20260902-apk-3465,android,B03,BUSINESS_OPERATIONS,Spend Entry,B03:Spend Entry,ACTIVE,,business.expense.amount,business.expense.note,business.expense.submit,,Tax,MAESTRO-APK-BUSINESS-BUSINESS_OPERATIONS-3465 | Tax | 179602.48,JOINED,Ops Log Spend Entry; amount ID business.expense.amount
3468,MTR-APK-3468,Business,Business,Team Operations,Payroll,Expense,2026-03-22,07:21:02,2026-03-22 07:21:02,75778.76,INR,-75778.76,APK Owner,,,MAESTRO-APK-BUSINESS-TEAM_OPERATIONS-3468 | Payroll | 75778.76,Android,B70,STRESS_3001_3500,CREATED,idem-20260902-apk-3468,android,B01,TEAM_OPERATIONS,Team Update,B01:Team Update,ACTIVE,,business.expense.amount,business.expense.note,business.expense.submit,,Payroll,MAESTRO-APK-BUSINESS-TEAM_OPERATIONS-3468 | Payroll | 75778.76,JOINED,Team Ops hub has no Expense; Team meal/travel etc. use Team Update until Spend path wired — prefer B03 Spend for ops expenses
3471,MTR-APK-3471,Business,Business,Team Operations,Contractor,Expense,2026-07-01,23:38:19,2026-07-01 23:38:19,2773.15,INR,-2773.15,APK Owner,,,MAESTRO-APK-BUSINESS-TEAM_OPERATIONS-3471 | Contractor | 2773.15,Android,B70,STRESS_3001_3500,CREATED,idem-20260902-apk-3471,android,B01,TEAM_OPERATIONS,Team Update,B01:Team Update,ACTIVE,,business.expense.amount,business.expense.note,business.expense.submit,,Contractor,MAESTRO-APK-BUSINESS-TEAM_OPERATIONS-3471 | Contractor | 2773.15,JOINED,Team Ops hub has no Expense; Team meal/travel etc. use Team Update until Spend path wired — prefer B03 Spend for ops expenses
3474,MTR-APK-3474,Business,Business,Team Operations,Hiring,Expense,2026-03-08,09:54:46,2026-03-08 09:54:46,168171.04,INR,-168171.04,APK Owner,,,MAESTRO-APK-BUSINESS-TEAM_OPERATIONS-3474 | Hiring | 168171.04,Android,B70,STRESS_3001_3500,CREATED,idem-20260902-apk-3474,android,B01,TEAM_OPERATIONS,Team Update,B01:Team Update,ACTIVE,,business.expense.amount,business.expense.note,business.expense.submit,,Hiring,MAESTRO-APK-BUSINESS-TEAM_OPERATIONS-3474 | Hiring | 168171.04,JOINED,Team Ops hub has no Expense; Team meal/travel etc. use Team Update until Spend path wired — prefer B03 Spend for ops expenses
3477,MTR-APK-3477,Business,Business,Team Operations,Team Meal,Expense,2025-12-15,02:40:44,2025-12-15 02:40:44,99514.8,INR,-99514.8,APK Owner,,,MAESTRO-APK-BUSINESS-TEAM_OPERATIONS-3477 | Team Meal | 99514.80,Android,B70,STRESS_3001_3500,CREATED,idem-20260902-apk-3477,android,B01,TEAM_OPERATIONS,Team Update,B01:Team Update,ACTIVE,,business.expense.amount,business.expense.note,business.expense.submit,,Team Meal,MAESTRO-APK-BUSINESS-TEAM_OPERATIONS-3477 | Team Meal | 99514.80,JOINED,Team Ops hub has no Expense; Team meal/travel etc. use Team Update until Spend path wired — prefer B03 Spend for ops expenses
3480,MTR-APK-3480,Business,Business,Team Operations,Travel,Expense,2025-09-16,03:59:32,2025-09-16 03:59:32,36574.59,INR,-36574.59,APK Owner,,,MAESTRO-APK-BUSINESS-TEAM_OPERATIONS-3480 | Travel | 36574.59,Android,B70,STRESS_3001_3500,CREATED,idem-20260902-apk-3480,android,B01,TEAM_OPERATIONS,Team Update,B01:Team Update,ACTIVE,,business.expense.amount,business.expense.note,business.expense.submit,,Travel,MAESTRO-APK-BUSINESS-TEAM_OPERATIONS-3480 | Travel | 36574.59,JOINED,Team Ops hub has no Expense; Team meal/travel etc. use Team Update until Spend path wired — prefer B03 Spend for ops expenses
3483,MTR-APK-3483,Business,Business,Team Operations,Training,Expense,2026-06-19,20:49:36,2026-06-19 20:49:36,156722.62,INR,-156722.62,APK Owner,,,MAESTRO-APK-BUSINESS-TEAM_OPERATIONS-3483 | Training | 156722.62,Android,B70,STRESS_3001_3500,CREATED,idem-20260902-apk-3483,android,B01,TEAM_OPERATIONS,Team Update,B01:Team Update,ACTIVE,,business.expense.amount,business.expense.note,business.expense.submit,,Training,MAESTRO-APK-BUSINESS-TEAM_OPERATIONS-3483 | Training | 156722.62,JOINED,Team Ops hub has no Expense; Team meal/travel etc. use Team Update until Spend path wired — prefer B03 Spend for ops expenses
3486,MTR-APK-3486,Business,Business,Team Operations,Tools,Expense,2025-10-02,01:13:10,2025-10-02 01:13:10,63789.8,INR,-63789.8,APK Owner,,,MAESTRO-APK-BUSINESS-TEAM_OPERATIONS-3486 | Tools | 63789.80,Android,B70,STRESS_3001_3500,CREATED,idem-20260902-apk-3486,android,B01,TEAM_OPERATIONS,Team Update,B01:Team Update,ACTIVE,,business.expense.amount,business.expense.note,business.expense.submit,,Tools,MAESTRO-APK-BUSINESS-TEAM_OPERATIONS-3486 | Tools | 63789.80,JOINED,Team Ops hub has no Expense; Team meal/travel etc. use Team Update until Spend path wired — prefer B03 Spend for ops expenses
3489,MTR-APK-3489,Business,Business,Business Runway,Funding,Income,2025-09-16,20:24:35,2025-09-16 20:24:35,122494.83,INR,122494.83,APK Owner,,,MAESTRO-APK-BUSINESS-BUSINESS_RUNWAY-3489 | Funding | 122494.83,Android,B70,STRESS_3001_3500,CREATED,idem-20260902-apk-3489,android,B02,BUSINESS_RUNWAY,Revenue,B02:Revenue,ACTIVE,qa.tile.revenue,business.revenue.amount,,business.revenue.submit,,Funding,MAESTRO-APK-BUSINESS-BUSINESS_RUNWAY-3489 | Funding | 122494.83,JOINED,Funding/Investment/Loan/Revenue → Runway Revenue
3492,MTR-APK-3492,Business,Business,Business Runway,Revenue,Income,2025-09-02,15:30:44,2025-09-02 15:30:44,142801.73,INR,142801.73,APK Owner,,,MAESTRO-APK-BUSINESS-BUSINESS_RUNWAY-3492 | Revenue | 142801.73,Android,B70,STRESS_3001_3500,CREATED,idem-20260902-apk-3492,android,B02,BUSINESS_RUNWAY,Revenue,B02:Revenue,ACTIVE,qa.tile.revenue,business.revenue.amount,,business.revenue.submit,,Revenue,MAESTRO-APK-BUSINESS-BUSINESS_RUNWAY-3492 | Revenue | 142801.73,JOINED,Funding/Investment/Loan/Revenue → Runway Revenue
3495,MTR-APK-3495,Business,Business,Business Runway,Burn,Expense,2026-02-12,07:24:32,2026-02-12 07:24:32,170283.63,INR,-170283.63,APK Owner,,,MAESTRO-APK-BUSINESS-BUSINESS_RUNWAY-3495 | Burn | 170283.63,Android,B70,STRESS_3001_3500,CREATED,idem-20260902-apk-3495,android,B02,BUSINESS_RUNWAY,Expense,B02:Expense,ACTIVE,qa.tile.expense,business.expense.amount,business.expense.note,business.expense.submit,,Burn,MAESTRO-APK-BUSINESS-BUSINESS_RUNWAY-3495 | Burn | 170283.63,JOINED,Runway Log Expense
3498,MTR-APK-3498,Business,Business,Business Runway,Reserve,Transfer,2025-09-05,04:19:42,2025-09-05 04:19:42,31126.98,INR,0.0,APK Owner,,,MAESTRO-APK-BUSINESS-BUSINESS_RUNWAY-3498 | Reserve | 31126.98,Android,B70,STRESS_3001_3500,CREATED,idem-20260902-apk-3498,android,B02,BUSINESS_RUNWAY,Expense,B02:Expense,ACTIVE,qa.tile.expense,,,,,Reserve,MAESTRO-APK-BUSINESS-BUSINESS_RUNWAY-3498 | Reserve | 31126.98,JOINED_REVIEW,Reserve transfer → Runway expense/movement proxy — REVIEW
