Sequence,Txn_ID,Mode,Family,Moment,Quick_Add,Semantic_Type,Txn_Date,Txn_Time,Timestamp,Amount,Currency,Expected_Signed_Amount,Paid_By,Participant_Count,Split_Method,Description,Device_Target,Run_Batch,Backend_Load_Band,Expected_Status,Idempotency_Key,Platform,catalog_moment_id,catalog_moment_type,catalog_quick_add,catalog_id,catalog_status,tile_maestro_id,amount_maestro_id,note_maestro_id,submit_maestro_id,split_maestro_id,category_value,correlation_note,join_status,join_notes
2,MTR-APK-0002,Group,Shared Experience,Trip,Travel,Expense,2026-06-16,03:13:25,2026-06-16 03:13:25,24638.31,INR,-24638.31,APK Owner,3,EQUAL,MAESTRO-APK-GROUP-TRIP-0002 | Travel | 24638.31,Android,B01,BASELINE_1_500,CREATED,idem-20260902-apk-0002,android,G01,TRIP,Expense,G01:Expense,ACTIVE,qa.tile.expense,group.expense.amount,group.expense.note,group.expense.submit,group.expense.split.equal,Travel,MAESTRO-APK-GROUP-TRIP-0002 | Travel | 24638.31,JOINED,Ledger Quick_Add is expense category; Split_Method drives group.expense.split.*
5,MTR-APK-0005,Group,Shared Experience,Trip,Stay,Expense,2026-04-21,11:22:22,2026-04-21 11:22:22,13742.5,INR,-13742.5,APK Aarav,3,PERCENTAGE,MAESTRO-APK-GROUP-TRIP-0005 | Stay | 13742.50,Android,B01,BASELINE_1_500,CREATED,idem-20260902-apk-0005,android,G01,TRIP,Expense,G01:Expense,ACTIVE,qa.tile.expense,group.expense.amount,group.expense.note,group.expense.submit,group.expense.split.percentage,Stay,MAESTRO-APK-GROUP-TRIP-0005 | Stay | 13742.50,JOINED,Ledger Quick_Add is expense category; Split_Method drives group.expense.split.*
8,MTR-APK-0008,Group,Shared Experience,Trip,Food,Expense,2025-10-25,02:21:40,2025-10-25 02:21:40,5194.86,INR,-5194.86,APK Meera,3,EXACT,MAESTRO-APK-GROUP-TRIP-0008 | Food | 5194.86,Android,B01,BASELINE_1_500,CREATED,idem-20260902-apk-0008,android,G01,TRIP,Expense,G01:Expense,ACTIVE,qa.tile.expense,group.expense.amount,group.expense.note,group.expense.submit,group.expense.split.exact,Food,MAESTRO-APK-GROUP-TRIP-0008 | Food | 5194.86,JOINED,Ledger Quick_Add is expense category; Split_Method drives group.expense.split.*
11,MTR-APK-0011,Group,Shared Experience,Trip,Local Transport,Expense,2026-08-08,08:11:52,2026-08-08 08:11:52,19092.57,INR,-19092.57,APK Owner,3,SHARES,MAESTRO-APK-GROUP-TRIP-0011 | Local Transport | 19092.57,Android,B01,BASELINE_1_500,CREATED,idem-20260902-apk-0011,android,G01,TRIP,Expense,G01:Expense,ACTIVE,qa.tile.expense,group.expense.amount,group.expense.note,group.expense.submit,group.expense.split.shares,Local Transport,MAESTRO-APK-GROUP-TRIP-0011 | Local Transport | 19092.57,JOINED,Ledger Quick_Add is expense category; Split_Method drives group.expense.split.*
14,MTR-APK-0014,Group,Shared Experience,Trip,Activities,Expense,2025-09-17,17:58:04,2025-09-17 17:58:04,10894.14,INR,-10894.14,APK Aarav,3,EQUAL,MAESTRO-APK-GROUP-TRIP-0014 | Activities | 10894.14,Android,B01,BASELINE_1_500,CREATED,idem-20260902-apk-0014,android,G01,TRIP,Expense,G01:Expense,ACTIVE,qa.tile.expense,group.expense.amount,group.expense.note,group.expense.submit,group.expense.split.equal,Activities,MAESTRO-APK-GROUP-TRIP-0014 | Activities | 10894.14,JOINED,Ledger Quick_Add is expense category; Split_Method drives group.expense.split.*
17,MTR-APK-0017,Group,Shared Experience,Trip,Shopping,Expense,2025-12-18,06:34:31,2025-12-18 06:34:31,20495.39,INR,-20495.39,APK Meera,3,PERCENTAGE,MAESTRO-APK-GROUP-TRIP-0017 | Shopping | 20495.39,Android,B01,BASELINE_1_500,CREATED,idem-20260902-apk-0017,android,G01,TRIP,Expense,G01:Expense,ACTIVE,qa.tile.expense,group.expense.amount,group.expense.note,group.expense.submit,group.expense.split.percentage,Shopping,MAESTRO-APK-GROUP-TRIP-0017 | Shopping | 20495.39,JOINED,Ledger Quick_Add is expense category; Split_Method drives group.expense.split.*
20,MTR-APK-0020,Group,Shared Experience,Trip,Other,Expense,2026-06-20,19:09:01,2026-06-20 19:09:01,6176.0,INR,-6176.0,APK Owner,3,EXACT,MAESTRO-APK-GROUP-TRIP-0020 | Other | 6176.00,Android,B01,BASELINE_1_500,CREATED,idem-20260902-apk-0020,android,G01,TRIP,Expense,G01:Expense,ACTIVE,qa.tile.expense,group.expense.amount,group.expense.note,group.expense.submit,group.expense.split.exact,Other,MAESTRO-APK-GROUP-TRIP-0020 | Other | 6176.00,JOINED,Ledger Quick_Add is expense category; Split_Method drives group.expense.split.*
23,MTR-APK-0023,Group,Shared Experience,Wedding,Venue,Expense,2026-01-26,16:24:14,2026-01-26 16:24:14,5009.34,INR,-5009.34,APK Aarav,3,SHARES,MAESTRO-APK-GROUP-WEDDING-0023 | Venue | 5009.34,Android,B01,BASELINE_1_500,CREATED,idem-20260902-apk-0023,android,G02,WEDDING,Expense,G02:Expense,ACTIVE,qa.tile.expense,group.expense.amount,group.expense.note,group.expense.submit,group.expense.split.shares,Venue,MAESTRO-APK-GROUP-WEDDING-0023 | Venue | 5009.34,JOINED,Ledger Quick_Add is expense category; Split_Method drives group.expense.split.*
26,MTR-APK-0026,Group,Shared Experience,Wedding,Catering,Expense,2025-10-06,09:51:58,2025-10-06 09:51:58,9013.12,INR,-9013.12,APK Meera,3,EQUAL,MAESTRO-APK-GROUP-WEDDING-0026 | Catering | 9013.12,Android,B01,BASELINE_1_500,CREATED,idem-20260902-apk-0026,android,G02,WEDDING,Expense,G02:Expense,ACTIVE,qa.tile.expense,group.expense.amount,group.expense.note,group.expense.submit,group.expense.split.equal,Catering,MAESTRO-APK-GROUP-WEDDING-0026 | Catering | 9013.12,JOINED,Ledger Quick_Add is expense category; Split_Method drives group.expense.split.*
29,MTR-APK-0029,Group,Shared Experience,Wedding,Decor,Expense,2026-02-08,17:00:05,2026-02-08 17:00:05,29739.05,INR,-29739.05,APK Owner,3,PERCENTAGE,MAESTRO-APK-GROUP-WEDDING-0029 | Decor | 29739.05,Android,B01,BASELINE_1_500,CREATED,idem-20260902-apk-0029,android,G02,WEDDING,Expense,G02:Expense,ACTIVE,qa.tile.expense,group.expense.amount,group.expense.note,group.expense.submit,group.expense.split.percentage,Decor,MAESTRO-APK-GROUP-WEDDING-0029 | Decor | 29739.05,JOINED,Ledger Quick_Add is expense category; Split_Method drives group.expense.split.*
32,MTR-APK-0032,Group,Shared Experience,Wedding,Travel,Expense,2026-05-07,14:25:02,2026-05-07 14:25:02,17383.47,INR,-17383.47,APK Aarav,3,EXACT,MAESTRO-APK-GROUP-WEDDING-0032 | Travel | 17383.47,Android,B01,BASELINE_1_500,CREATED,idem-20260902-apk-0032,android,G02,WEDDING,Expense,G02:Expense,ACTIVE,qa.tile.expense,group.expense.amount,group.expense.note,group.expense.submit,group.expense.split.exact,Travel,MAESTRO-APK-GROUP-WEDDING-0032 | Travel | 17383.47,JOINED,Ledger Quick_Add is expense category; Split_Method drives group.expense.split.*
35,MTR-APK-0035,Group,Shared Experience,Wedding,Gifts,Expense,2025-11-03,12:53:45,2025-11-03 12:53:45,11051.76,INR,-11051.76,APK Meera,3,SHARES,MAESTRO-APK-GROUP-WEDDING-0035 | Gifts | 11051.76,Android,B01,BASELINE_1_500,CREATED,idem-20260902-apk-0035,android,G02,WEDDING,Expense,G02:Expense,ACTIVE,qa.tile.expense,group.expense.amount,group.expense.note,group.expense.submit,group.expense.split.shares,Gifts,MAESTRO-APK-GROUP-WEDDING-0035 | Gifts | 11051.76,JOINED,Ledger Quick_Add is expense category; Split_Method drives group.expense.split.*
38,MTR-APK-0038,Group,Shared Experience,Wedding,Photography,Expense,2026-05-27,04:31:44,2026-05-27 04:31:44,2512.06,INR,-2512.06,APK Owner,3,EQUAL,MAESTRO-APK-GROUP-WEDDING-0038 | Photography | 2512.06,Android,B01,BASELINE_1_500,CREATED,idem-20260902-apk-0038,android,G02,WEDDING,Expense,G02:Expense,ACTIVE,qa.tile.expense,group.expense.amount,group.expense.note,group.expense.submit,group.expense.split.equal,Photography,MAESTRO-APK-GROUP-WEDDING-0038 | Photography | 2512.06,JOINED,Ledger Quick_Add is expense category; Split_Method drives group.expense.split.*
41,MTR-APK-0041,Group,Shared Experience,Wedding,Other,Expense,2025-12-09,11:54:56,2025-12-09 11:54:56,24454.65,INR,-24454.65,APK Aarav,3,PERCENTAGE,MAESTRO-APK-GROUP-WEDDING-0041 | Other | 24454.65,Android,B01,BASELINE_1_500,CREATED,idem-20260902-apk-0041,android,G02,WEDDING,Expense,G02:Expense,ACTIVE,qa.tile.expense,group.expense.amount,group.expense.note,group.expense.submit,group.expense.split.percentage,Other,MAESTRO-APK-GROUP-WEDDING-0041 | Other | 24454.65,JOINED,Ledger Quick_Add is expense category; Split_Method drives group.expense.split.*
44,MTR-APK-0044,Group,Shared Experience,Office Outing,Food,Expense,2026-06-20,04:38:35,2026-06-20 04:38:35,14815.69,INR,-14815.69,APK Meera,3,EXACT,MAESTRO-APK-GROUP-OFFICE_OUTING-0044 | Food | 14815.69,Android,B01,BASELINE_1_500,CREATED,idem-20260902-apk-0044,android,G04,OFFICE_OUTING,Expense,G04:Expense,ACTIVE,qa.tile.expense,group.expense.amount,group.expense.note,group.expense.submit,group.expense.split.exact,Food,MAESTRO-APK-GROUP-OFFICE_OUTING-0044 | Food | 14815.69,JOINED,Ledger Quick_Add is expense category; Split_Method drives group.expense.split.*
47,MTR-APK-0047,Group,Shared Experience,Office Outing,Travel,Expense,2025-11-05,13:23:38,2025-11-05 13:23:38,11627.17,INR,-11627.17,APK Owner,3,SHARES,MAESTRO-APK-GROUP-OFFICE_OUTING-0047 | Travel | 11627.17,Android,B01,BASELINE_1_500,CREATED,idem-20260902-apk-0047,android,G04,OFFICE_OUTING,Expense,G04:Expense,ACTIVE,qa.tile.expense,group.expense.amount,group.expense.note,group.expense.submit,group.expense.split.shares,Travel,MAESTRO-APK-GROUP-OFFICE_OUTING-0047 | Travel | 11627.17,JOINED,Ledger Quick_Add is expense category; Split_Method drives group.expense.split.*
50,MTR-APK-0050,Group,Shared Experience,Office Outing,Activities,Expense,2026-06-04,20:06:57,2026-06-04 20:06:57,6311.85,INR,-6311.85,APK Aarav,3,EQUAL,MAESTRO-APK-GROUP-OFFICE_OUTING-0050 | Activities | 6311.85,Android,B01,BASELINE_1_500,CREATED,idem-20260902-apk-0050,android,G04,OFFICE_OUTING,Expense,G04:Expense,ACTIVE,qa.tile.expense,group.expense.amount,group.expense.note,group.expense.submit,group.expense.split.equal,Activities,MAESTRO-APK-GROUP-OFFICE_OUTING-0050 | Activities | 6311.85,JOINED,Ledger Quick_Add is expense category; Split_Method drives group.expense.split.*
53,MTR-APK-0053,Group,Shared Experience,Office Outing,Venue,Expense,2025-09-26,11:34:01,2025-09-26 11:34:01,11630.08,INR,-11630.08,APK Meera,3,PERCENTAGE,MAESTRO-APK-GROUP-OFFICE_OUTING-0053 | Venue | 11630.08,Android,B02,BASELINE_1_500,CREATED,idem-20260902-apk-0053,android,G04,OFFICE_OUTING,Expense,G04:Expense,ACTIVE,qa.tile.expense,group.expense.amount,group.expense.note,group.expense.submit,group.expense.split.percentage,Venue,MAESTRO-APK-GROUP-OFFICE_OUTING-0053 | Venue | 11630.08,JOINED,Ledger Quick_Add is expense category; Split_Method drives group.expense.split.*
56,MTR-APK-0056,Group,Shared Experience,Office Outing,Other,Expense,2026-06-16,13:55:36,2026-06-16 13:55:36,22985.03,INR,-22985.03,APK Owner,3,EXACT,MAESTRO-APK-GROUP-OFFICE_OUTING-0056 | Other | 22985.03,Android,B02,BASELINE_1_500,CREATED,idem-20260902-apk-0056,android,G04,OFFICE_OUTING,Expense,G04:Expense,ACTIVE,qa.tile.expense,group.expense.amount,group.expense.note,group.expense.submit,group.expense.split.exact,Other,MAESTRO-APK-GROUP-OFFICE_OUTING-0056 | Other | 22985.03,JOINED,Ledger Quick_Add is expense category; Split_Method drives group.expense.split.*
59,MTR-APK-0059,Group,Shared Experience,House Party,Food,Expense,2026-07-04,00:12:17,2026-07-04 00:12:17,12820.18,INR,-12820.18,APK Aarav,3,SHARES,MAESTRO-APK-GROUP-HOUSE_PARTY-0059 | Food | 12820.18,Android,B02,BASELINE_1_500,CREATED,idem-20260902-apk-0059,android,G03,HOUSE_PARTY,Expense,G03:Expense,ACTIVE,qa.tile.expense,group.expense.amount,group.expense.note,group.expense.submit,group.expense.split.shares,Food,MAESTRO-APK-GROUP-HOUSE_PARTY-0059 | Food | 12820.18,JOINED,Ledger Quick_Add is expense category; Split_Method drives group.expense.split.*
62,MTR-APK-0062,Group,Shared Experience,House Party,Drinks,Expense,2026-01-02,05:45:12,2026-01-02 05:45:12,4283.14,INR,-4283.14,APK Meera,3,EQUAL,MAESTRO-APK-GROUP-HOUSE_PARTY-0062 | Drinks | 4283.14,Android,B02,BASELINE_1_500,CREATED,idem-20260902-apk-0062,android,G03,HOUSE_PARTY,Expense,G03:Expense,ACTIVE,qa.tile.expense,group.expense.amount,group.expense.note,group.expense.submit,group.expense.split.equal,Drinks,MAESTRO-APK-GROUP-HOUSE_PARTY-0062 | Drinks | 4283.14,JOINED,Ledger Quick_Add is expense category; Split_Method drives group.expense.split.*
65,MTR-APK-0065,Group,Shared Experience,House Party,Decor,Expense,2026-03-19,07:18:10,2026-03-19 07:18:10,29301.22,INR,-29301.22,APK Owner,3,PERCENTAGE,MAESTRO-APK-GROUP-HOUSE_PARTY-0065 | Decor | 29301.22,Android,B02,BASELINE_1_500,CREATED,idem-20260902-apk-0065,android,G03,HOUSE_PARTY,Expense,G03:Expense,ACTIVE,qa.tile.expense,group.expense.amount,group.expense.note,group.expense.submit,group.expense.split.percentage,Decor,MAESTRO-APK-GROUP-HOUSE_PARTY-0065 | Decor | 29301.22,JOINED,Ledger Quick_Add is expense category; Split_Method drives group.expense.split.*
68,MTR-APK-0068,Group,Shared Experience,House Party,Supplies,Expense,2025-09-07,18:52:07,2025-09-07 18:52:07,28184.27,INR,-28184.27,APK Aarav,3,EXACT,MAESTRO-APK-GROUP-HOUSE_PARTY-0068 | Supplies | 28184.27,Android,B02,BASELINE_1_500,CREATED,idem-20260902-apk-0068,android,G03,HOUSE_PARTY,Expense,G03:Expense,ACTIVE,qa.tile.expense,group.expense.amount,group.expense.note,group.expense.submit,group.expense.split.exact,Supplies,MAESTRO-APK-GROUP-HOUSE_PARTY-0068 | Supplies | 28184.27,JOINED,Ledger Quick_Add is expense category; Split_Method drives group.expense.split.*
71,MTR-APK-0071,Group,Shared Experience,House Party,Other,Expense,2026-01-23,14:50:12,2026-01-23 14:50:12,20798.48,INR,-20798.48,APK Meera,3,SHARES,MAESTRO-APK-GROUP-HOUSE_PARTY-0071 | Other | 20798.48,Android,B02,BASELINE_1_500,CREATED,idem-20260902-apk-0071,android,G03,HOUSE_PARTY,Expense,G03:Expense,ACTIVE,qa.tile.expense,group.expense.amount,group.expense.note,group.expense.submit,group.expense.split.shares,Other,MAESTRO-APK-GROUP-HOUSE_PARTY-0071 | Other | 20798.48,JOINED,Ledger Quick_Add is expense category; Split_Method drives group.expense.split.*
74,MTR-APK-0074,Group,Shared Purchase,Gift Pool,Contribution,Contribution,2026-02-12,14:57:31,2026-02-12 14:57:31,99.99,INR,99.99,APK Owner,3,EQUAL,MAESTRO-APK-GROUP-GIFT_POOL-0074 | Contribution | 99.99,Android,B02,BASELINE_1_500,CREATED,idem-20260902-apk-0074,android,G05,GIFT_POOL,Contribute,G05:Contribute,ACTIVE,qa.tile.contribute,group.contribute.amount,group.contribute.note,group.contribute.submit,group.expense.split.equal,Contribution,MAESTRO-APK-GROUP-GIFT_POOL-0074 | Contribution | 99.99,JOINED,
77,MTR-APK-0077,Group,Shared Purchase,Gift Pool,Gift Purchase,Expense,2025-12-09,16:37:01,2025-12-09 16:37:01,6564.16,INR,-6564.16,APK Aarav,3,PERCENTAGE,MAESTRO-APK-GROUP-GIFT_POOL-0077 | Gift Purchase | 6564.16,Android,B02,BASELINE_1_500,CREATED,idem-20260902-apk-0077,android,G05,GIFT_POOL,Expense,G05:Expense,ACTIVE,qa.tile.expense,group.expense.amount,group.expense.note,group.expense.submit,group.expense.split.percentage,Gift Purchase,MAESTRO-APK-GROUP-GIFT_POOL-0077 | Gift Purchase | 6564.16,JOINED,Ledger Quick_Add is expense category; Split_Method drives group.expense.split.*
80,MTR-APK-0080,Group,Shared Purchase,Gift Pool,Delivery,Expense,2025-12-23,01:40:13,2025-12-23 01:40:13,14120.63,INR,-14120.63,APK Meera,3,EXACT,MAESTRO-APK-GROUP-GIFT_POOL-0080 | Delivery | 14120.63,Android,B02,BASELINE_1_500,CREATED,idem-20260902-apk-0080,android,G05,GIFT_POOL,Expense,G05:Expense,ACTIVE,qa.tile.expense,group.expense.amount,group.expense.note,group.expense.submit,group.expense.split.exact,Delivery,MAESTRO-APK-GROUP-GIFT_POOL-0080 | Delivery | 14120.63,JOINED,Ledger Quick_Add is expense category; Split_Method drives group.expense.split.*
83,MTR-APK-0083,Group,Shared Purchase,Gift Pool,Other,Expense,2026-07-01,04:07:46,2026-07-01 04:07:46,29651.68,INR,-29651.68,APK Owner,3,SHARES,MAESTRO-APK-GROUP-GIFT_POOL-0083 | Other | 29651.68,Android,B02,BASELINE_1_500,CREATED,idem-20260902-apk-0083,android,G05,GIFT_POOL,Expense,G05:Expense,ACTIVE,qa.tile.expense,group.expense.amount,group.expense.note,group.expense.submit,group.expense.split.shares,Other,MAESTRO-APK-GROUP-GIFT_POOL-0083 | Other | 29651.68,JOINED,Ledger Quick_Add is expense category; Split_Method drives group.expense.split.*
86,MTR-APK-0086,Group,Shared Purchase,Purchase,Item,Expense,2026-01-07,17:15:38,2026-01-07 17:15:38,20358.43,INR,-20358.43,APK Aarav,3,EQUAL,MAESTRO-APK-GROUP-PURCHASE-0086 | Item | 20358.43,Android,B02,BASELINE_1_500,CREATED,idem-20260902-apk-0086,android,G06,GROUP_PURCHASE,Expense,G06:Expense,ACTIVE,qa.tile.expense,group.expense.amount,group.expense.note,group.expense.submit,group.expense.split.equal,Item,MAESTRO-APK-GROUP-PURCHASE-0086 | Item | 20358.43,JOINED,Ledger Quick_Add is expense category; Split_Method drives group.expense.split.*
89,MTR-APK-0089,Group,Shared Purchase,Purchase,Shipping,Expense,2025-11-21,06:49:43,2025-11-21 06:49:43,20379.21,INR,-20379.21,APK Meera,3,PERCENTAGE,MAESTRO-APK-GROUP-PURCHASE-0089 | Shipping | 20379.21,Android,B02,BASELINE_1_500,CREATED,idem-20260902-apk-0089,android,G06,GROUP_PURCHASE,Expense,G06:Expense,ACTIVE,qa.tile.expense,group.expense.amount,group.expense.note,group.expense.submit,group.expense.split.percentage,Shipping,MAESTRO-APK-GROUP-PURCHASE-0089 | Shipping | 20379.21,JOINED,Ledger Quick_Add is expense category; Split_Method drives group.expense.split.*
92,MTR-APK-0092,Group,Shared Purchase,Purchase,Tax,Expense,2025-10-29,05:48:04,2025-10-29 05:48:04,17660.08,INR,-17660.08,APK Owner,3,EXACT,MAESTRO-APK-GROUP-PURCHASE-0092 | Tax | 17660.08,Android,B02,BASELINE_1_500,CREATED,idem-20260902-apk-0092,android,G06,GROUP_PURCHASE,Expense,G06:Expense,ACTIVE,qa.tile.expense,group.expense.amount,group.expense.note,group.expense.submit,group.expense.split.exact,Tax,MAESTRO-APK-GROUP-PURCHASE-0092 | Tax | 17660.08,JOINED,Ledger Quick_Add is expense category; Split_Method drives group.expense.split.*
95,MTR-APK-0095,Group,Shared Purchase,Purchase,Other,Expense,2026-06-24,10:06:45,2026-06-24 10:06:45,27931.01,INR,-27931.01,APK Aarav,3,SHARES,MAESTRO-APK-GROUP-PURCHASE-0095 | Other | 27931.01,Android,B02,BASELINE_1_500,CREATED,idem-20260902-apk-0095,android,G06,GROUP_PURCHASE,Expense,G06:Expense,ACTIVE,qa.tile.expense,group.expense.amount,group.expense.note,group.expense.submit,group.expense.split.shares,Other,MAESTRO-APK-GROUP-PURCHASE-0095 | Other | 27931.01,JOINED,Ledger Quick_Add is expense category; Split_Method drives group.expense.split.*
98,MTR-APK-0098,Group,Shared Purchase,Assets,Purchase,Expense,2025-09-19,06:56:35,2025-09-19 06:56:35,13518.21,INR,-13518.21,APK Meera,3,EQUAL,MAESTRO-APK-GROUP-ASSETS-0098 | Purchase | 13518.21,Android,B02,BASELINE_1_500,CREATED,idem-20260902-apk-0098,android,G07,SHARED_ASSET,Expense,G07:Expense,ACTIVE,qa.tile.expense,group.expense.amount,group.expense.note,group.expense.submit,group.expense.split.equal,Purchase,MAESTRO-APK-GROUP-ASSETS-0098 | Purchase | 13518.21,JOINED,Ledger Quick_Add is expense category; Split_Method drives group.expense.split.*
101,MTR-APK-0101,Group,Shared Purchase,Assets,Maintenance,Expense,2026-05-04,19:31:03,2026-05-04 19:31:03,15192.08,INR,-15192.08,APK Owner,3,PERCENTAGE,MAESTRO-APK-GROUP-ASSETS-0101 | Maintenance | 15192.08,Android,B03,BASELINE_1_500,CREATED,idem-20260902-apk-0101,android,G07,SHARED_ASSET,Expense,G07:Expense,ACTIVE,qa.tile.expense,group.expense.amount,group.expense.note,group.expense.submit,group.expense.split.percentage,Maintenance,MAESTRO-APK-GROUP-ASSETS-0101 | Maintenance | 15192.08,JOINED,Ledger Quick_Add is expense category; Split_Method drives group.expense.split.*
104,MTR-APK-0104,Group,Shared Purchase,Assets,Repair,Expense,2025-12-14,15:00:18,2025-12-14 15:00:18,19012.96,INR,-19012.96,APK Aarav,3,EXACT,MAESTRO-APK-GROUP-ASSETS-0104 | Repair | 19012.96,Android,B03,BASELINE_1_500,CREATED,idem-20260902-apk-0104,android,G07,SHARED_ASSET,Expense,G07:Expense,ACTIVE,qa.tile.expense,group.expense.amount,group.expense.note,group.expense.submit,group.expense.split.exact,Repair,MAESTRO-APK-GROUP-ASSETS-0104 | Repair | 19012.96,JOINED,Ledger Quick_Add is expense category; Split_Method drives group.expense.split.*
107,MTR-APK-0107,Group,Shared Purchase,Assets,Insurance,Expense,2026-05-11,13:59:25,2026-05-11 13:59:25,28997.44,INR,-28997.44,APK Meera,3,SHARES,MAESTRO-APK-GROUP-ASSETS-0107 | Insurance | 28997.44,Android,B03,BASELINE_1_500,CREATED,idem-20260902-apk-0107,android,G07,SHARED_ASSET,Expense,G07:Expense,ACTIVE,qa.tile.expense,group.expense.amount,group.expense.note,group.expense.submit,group.expense.split.shares,Insurance,MAESTRO-APK-GROUP-ASSETS-0107 | Insurance | 28997.44,JOINED,Ledger Quick_Add is expense category; Split_Method drives group.expense.split.*
110,MTR-APK-0110,Group,Shared Purchase,Assets,Other,Expense,2026-01-27,00:54:16,2026-01-27 00:54:16,3304.67,INR,-3304.67,APK Owner,3,EQUAL,MAESTRO-APK-GROUP-ASSETS-0110 | Other | 3304.67,Android,B03,BASELINE_1_500,CREATED,idem-20260902-apk-0110,android,G07,SHARED_ASSET,Expense,G07:Expense,ACTIVE,qa.tile.expense,group.expense.amount,group.expense.note,group.expense.submit,group.expense.split.equal,Other,MAESTRO-APK-GROUP-ASSETS-0110 | Other | 3304.67,JOINED,Ledger Quick_Add is expense category; Split_Method drives group.expense.split.*
113,MTR-APK-0113,Group,Shared Purchase,Custom Purchase,Custom Expense,Expense,2026-06-04,14:22:34,2026-06-04 14:22:34,2937.05,INR,-2937.05,APK Aarav,3,PERCENTAGE,MAESTRO-APK-GROUP-CUSTOM_PURCHASE-0113 | Custom Expense | 2937.05,Android,B03,BASELINE_1_500,CREATED,idem-20260902-apk-0113,android,G08,COMMUNITY_PURCHASE,Expense,G08:Expense,ACTIVE,qa.tile.expense,group.expense.amount,group.expense.note,group.expense.submit,group.expense.split.percentage,Custom Expense,MAESTRO-APK-GROUP-CUSTOM_PURCHASE-0113 | Custom Expense | 2937.05,JOINED,Ledger Quick_Add is expense category; Split_Method drives group.expense.split.*
116,MTR-APK-0116,Group,Shared Purchase,Custom Purchase,Custom Contribution,Contribution,2026-01-18,10:39:17,2026-01-18 10:39:17,5926.92,INR,5926.92,APK Meera,3,EXACT,MAESTRO-APK-GROUP-CUSTOM_PURCHASE-0116 | Custom Contribution | 5926.92,Android,B03,BASELINE_1_500,CREATED,idem-20260902-apk-0116,android,G08,COMMUNITY_PURCHASE,Contribute,G08:Contribute,ACTIVE,qa.tile.contribute,group.contribute.amount,group.contribute.note,group.contribute.submit,group.expense.split.exact,Custom Contribution,MAESTRO-APK-GROUP-CUSTOM_PURCHASE-0116 | Custom Contribution | 5926.92,JOINED,
119,MTR-APK-0119,Group,Shared Living,Flatmates,Rent,Expense,2026-02-02,21:51:06,2026-02-02 21:51:06,11479.39,INR,-11479.39,APK Owner,3,SHARES,MAESTRO-APK-GROUP-FLATMATES-0119 | Rent | 11479.39,Android,B03,BASELINE_1_500,CREATED,idem-20260902-apk-0119,android,G09,FLATMATES,Expense,G09:Expense,ACTIVE,qa.tile.expense,group.expense.amount,group.expense.note,group.expense.submit,group.expense.split.shares,Rent,MAESTRO-APK-GROUP-FLATMATES-0119 | Rent | 11479.39,JOINED,Ledger Quick_Add is expense category; Split_Method drives group.expense.split.*
122,MTR-APK-0122,Group,Shared Living,Flatmates,Utilities,Expense,2025-10-11,09:37:26,2025-10-11 09:37:26,15151.49,INR,-15151.49,APK Aarav,3,EQUAL,MAESTRO-APK-GROUP-FLATMATES-0122 | Utilities | 15151.49,Android,B03,BASELINE_1_500,CREATED,idem-20260902-apk-0122,android,G09,FLATMATES,Expense,G09:Expense,ACTIVE,qa.tile.expense,group.expense.amount,group.expense.note,group.expense.submit,group.expense.split.equal,Utilities,MAESTRO-APK-GROUP-FLATMATES-0122 | Utilities | 15151.49,JOINED,Ledger Quick_Add is expense category; Split_Method drives group.expense.split.*
125,MTR-APK-0125,Group,Shared Living,Flatmates,Groceries,Expense,2026-06-22,16:09:03,2026-06-22 16:09:03,4352.49,INR,-4352.49,APK Meera,3,PERCENTAGE,MAESTRO-APK-GROUP-FLATMATES-0125 | Groceries | 4352.49,Android,B03,BASELINE_1_500,CREATED,idem-20260902-apk-0125,android,G09,FLATMATES,Expense,G09:Expense,ACTIVE,qa.tile.expense,group.expense.amount,group.expense.note,group.expense.submit,group.expense.split.percentage,Groceries,MAESTRO-APK-GROUP-FLATMATES-0125 | Groceries | 4352.49,JOINED,Ledger Quick_Add is expense category; Split_Method drives group.expense.split.*
128,MTR-APK-0128,Group,Shared Living,Flatmates,Internet,Expense,2026-03-22,12:09:27,2026-03-22 12:09:27,28337.8,INR,-28337.8,APK Owner,3,EXACT,MAESTRO-APK-GROUP-FLATMATES-0128 | Internet | 28337.80,Android,B03,BASELINE_1_500,CREATED,idem-20260902-apk-0128,android,G09,FLATMATES,Expense,G09:Expense,ACTIVE,qa.tile.expense,group.expense.amount,group.expense.note,group.expense.submit,group.expense.split.exact,Internet,MAESTRO-APK-GROUP-FLATMATES-0128 | Internet | 28337.80,JOINED,Ledger Quick_Add is expense category; Split_Method drives group.expense.split.*
131,MTR-APK-0131,Group,Shared Living,Flatmates,House Supplies,Expense,2025-11-01,23:19:44,2025-11-01 23:19:44,5644.1,INR,-5644.1,APK Aarav,3,SHARES,MAESTRO-APK-GROUP-FLATMATES-0131 | House Supplies | 5644.10,Android,B03,BASELINE_1_500,CREATED,idem-20260902-apk-0131,android,G09,FLATMATES,Expense,G09:Expense,ACTIVE,qa.tile.expense,group.expense.amount,group.expense.note,group.expense.submit,group.expense.split.shares,House Supplies,MAESTRO-APK-GROUP-FLATMATES-0131 | House Supplies | 5644.10,JOINED,Ledger Quick_Add is expense category; Split_Method drives group.expense.split.*
134,MTR-APK-0134,Group,Shared Living,Flatmates,Repairs,Expense,2026-02-06,22:44:02,2026-02-06 22:44:02,1387.83,INR,-1387.83,APK Meera,3,EQUAL,MAESTRO-APK-GROUP-FLATMATES-0134 | Repairs | 1387.83,Android,B03,BASELINE_1_500,CREATED,idem-20260902-apk-0134,android,G09,FLATMATES,Expense,G09:Expense,ACTIVE,qa.tile.expense,group.expense.amount,group.expense.note,group.expense.submit,group.expense.split.equal,Repairs,MAESTRO-APK-GROUP-FLATMATES-0134 | Repairs | 1387.83,JOINED,Ledger Quick_Add is expense category; Split_Method drives group.expense.split.*
137,MTR-APK-0137,Group,Shared Living,Shared Living,Rent,Expense,2026-05-07,18:44:15,2026-05-07 18:44:15,12078.58,INR,-12078.58,APK Owner,3,PERCENTAGE,MAESTRO-APK-GROUP-SHARED_LIVING-0137 | Rent | 12078.58,Android,B03,BASELINE_1_500,CREATED,idem-20260902-apk-0137,android,G11,CO_LIVING,Expense,G11:Expense,ACTIVE,qa.tile.expense,group.expense.amount,group.expense.note,group.expense.submit,group.expense.split.percentage,Rent,MAESTRO-APK-GROUP-SHARED_LIVING-0137 | Rent | 12078.58,JOINED,Ledger Quick_Add is expense category; Split_Method drives group.expense.split.*
140,MTR-APK-0140,Group,Shared Living,Shared Living,Utilities,Expense,2025-09-19,17:57:00,2025-09-19 17:57:00,17855.15,INR,-17855.15,APK Aarav,3,EXACT,MAESTRO-APK-GROUP-SHARED_LIVING-0140 | Utilities | 17855.15,Android,B03,BASELINE_1_500,CREATED,idem-20260902-apk-0140,android,G11,CO_LIVING,Expense,G11:Expense,ACTIVE,qa.tile.expense,group.expense.amount,group.expense.note,group.expense.submit,group.expense.split.exact,Utilities,MAESTRO-APK-GROUP-SHARED_LIVING-0140 | Utilities | 17855.15,JOINED,Ledger Quick_Add is expense category; Split_Method drives group.expense.split.*
143,MTR-APK-0143,Group,Shared Living,Shared Living,Groceries,Expense,2026-04-21,01:38:08,2026-04-21 01:38:08,26763.12,INR,-26763.12,APK Meera,3,SHARES,MAESTRO-APK-GROUP-SHARED_LIVING-0143 | Groceries | 26763.12,Android,B03,BASELINE_1_500,CREATED,idem-20260902-apk-0143,android,G11,CO_LIVING,Expense,G11:Expense,ACTIVE,qa.tile.expense,group.expense.amount,group.expense.note,group.expense.submit,group.expense.split.shares,Groceries,MAESTRO-APK-GROUP-SHARED_LIVING-0143 | Groceries | 26763.12,JOINED,Ledger Quick_Add is expense category; Split_Method drives group.expense.split.*
146,MTR-APK-0146,Group,Shared Living,Shared Living,Maintenance,Expense,2026-01-15,13:48:28,2026-01-15 13:48:28,3337.42,INR,-3337.42,APK Owner,3,EQUAL,MAESTRO-APK-GROUP-SHARED_LIVING-0146 | Maintenance | 3337.42,Android,B03,BASELINE_1_500,CREATED,idem-20260902-apk-0146,android,G11,CO_LIVING,Expense,G11:Expense,ACTIVE,qa.tile.expense,group.expense.amount,group.expense.note,group.expense.submit,group.expense.split.equal,Maintenance,MAESTRO-APK-GROUP-SHARED_LIVING-0146 | Maintenance | 3337.42,JOINED,Ledger Quick_Add is expense category; Split_Method drives group.expense.split.*
149,MTR-APK-0149,Group,Shared Living,Shared Living,Other,Expense,2026-08-12,03:54:12,2026-08-12 03:54:12,4912.7,INR,-4912.7,APK Aarav,3,PERCENTAGE,MAESTRO-APK-GROUP-SHARED_LIVING-0149 | Other | 4912.70,Android,B03,BASELINE_1_500,CREATED,idem-20260902-apk-0149,android,G11,CO_LIVING,Expense,G11:Expense,ACTIVE,qa.tile.expense,group.expense.amount,group.expense.note,group.expense.submit,group.expense.split.percentage,Other,MAESTRO-APK-GROUP-SHARED_LIVING-0149 | Other | 4912.70,JOINED,Ledger Quick_Add is expense category; Split_Method drives group.expense.split.*
152,MTR-APK-0152,Group,Shared Living,Family Household,Rent,Expense,2026-03-27,07:22:27,2026-03-27 07:22:27,1764.68,INR,-1764.68,APK Meera,3,EXACT,MAESTRO-APK-GROUP-FAMILY_HOUSEHOLD-0152 | Rent | 1764.68,Android,B04,BASELINE_1_500,CREATED,idem-20260902-apk-0152,android,G10,FAMILY_HOUSEHOLD,Expense,G10:Expense,ACTIVE,qa.tile.expense,group.expense.amount,group.expense.note,group.expense.submit,group.expense.split.exact,Rent,MAESTRO-APK-GROUP-FAMILY_HOUSEHOLD-0152 | Rent | 1764.68,JOINED,Ledger Quick_Add is expense category; Split_Method drives group.expense.split.*
155,MTR-APK-0155,Group,Shared Living,Family Household,Groceries,Expense,2026-06-01,03:59:15,2026-06-01 03:59:15,22918.3,INR,-22918.3,APK Owner,3,SHARES,MAESTRO-APK-GROUP-FAMILY_HOUSEHOLD-0155 | Groceries | 22918.30,Android,B04,BASELINE_1_500,CREATED,idem-20260902-apk-0155,android,G10,FAMILY_HOUSEHOLD,Expense,G10:Expense,ACTIVE,qa.tile.expense,group.expense.amount,group.expense.note,group.expense.submit,group.expense.split.shares,Groceries,MAESTRO-APK-GROUP-FAMILY_HOUSEHOLD-0155 | Groceries | 22918.30,JOINED,Ledger Quick_Add is expense category; Split_Method drives group.expense.split.*
158,MTR-APK-0158,Group,Shared Living,Family Household,Transport,Expense,2026-01-29,09:33:03,2026-01-29 09:33:03,18255.55,INR,-18255.55,APK Aarav,3,EQUAL,MAESTRO-APK-GROUP-FAMILY_HOUSEHOLD-0158 | Transport | 18255.55,Android,B04,BASELINE_1_500,CREATED,idem-20260902-apk-0158,android,G10,FAMILY_HOUSEHOLD,Expense,G10:Expense,ACTIVE,qa.tile.expense,group.expense.amount,group.expense.note,group.expense.submit,group.expense.split.equal,Transport,MAESTRO-APK-GROUP-FAMILY_HOUSEHOLD-0158 | Transport | 18255.55,JOINED,Ledger Quick_Add is expense category; Split_Method drives group.expense.split.*
161,MTR-APK-0161,Group,Shared Living,Family Household,Bills,Expense,2026-02-23,18:24:29,2026-02-23 18:24:29,3039.02,INR,-3039.02,APK Meera,3,PERCENTAGE,MAESTRO-APK-GROUP-FAMILY_HOUSEHOLD-0161 | Bills | 3039.02,Android,B04,BASELINE_1_500,CREATED,idem-20260902-apk-0161,android,G10,FAMILY_HOUSEHOLD,Expense,G10:Expense,ACTIVE,qa.tile.expense,group.expense.amount,group.expense.note,group.expense.submit,group.expense.split.percentage,Bills,MAESTRO-APK-GROUP-FAMILY_HOUSEHOLD-0161 | Bills | 3039.02,JOINED,Ledger Quick_Add is expense category; Split_Method drives group.expense.split.*
164,MTR-APK-0164,Group,Shared Living,Family Household,Utilities,Expense,2026-02-01,00:50:16,2026-02-01 00:50:16,9988.67,INR,-9988.67,APK Owner,3,EXACT,MAESTRO-APK-GROUP-FAMILY_HOUSEHOLD-0164 | Utilities | 9988.67,Android,B04,BASELINE_1_500,CREATED,idem-20260902-apk-0164,android,G10,FAMILY_HOUSEHOLD,Expense,G10:Expense,ACTIVE,qa.tile.expense,group.expense.amount,group.expense.note,group.expense.submit,group.expense.split.exact,Utilities,MAESTRO-APK-GROUP-FAMILY_HOUSEHOLD-0164 | Utilities | 9988.67,JOINED,Ledger Quick_Add is expense category; Split_Method drives group.expense.split.*
167,MTR-APK-0167,Group,Shared Living,Family Household,Healthcare,Expense,2025-10-14,16:43:23,2025-10-14 16:43:23,29675.74,INR,-29675.74,APK Aarav,3,SHARES,MAESTRO-APK-GROUP-FAMILY_HOUSEHOLD-0167 | Healthcare | 29675.74,Android,B04,BASELINE_1_500,CREATED,idem-20260902-apk-0167,android,G10,FAMILY_HOUSEHOLD,Expense,G10:Expense,ACTIVE,qa.tile.expense,group.expense.amount,group.expense.note,group.expense.submit,group.expense.split.shares,Healthcare,MAESTRO-APK-GROUP-FAMILY_HOUSEHOLD-0167 | Healthcare | 29675.74,JOINED,Ledger Quick_Add is expense category; Split_Method drives group.expense.split.*
170,MTR-APK-0170,Group,Shared Living,Custom Living,Custom Expense,Expense,2026-03-31,02:23:00,2026-03-31 02:23:00,9498.77,INR,-9498.77,APK Meera,3,EQUAL,MAESTRO-APK-GROUP-CUSTOM_LIVING-0170 | Custom Expense | 9498.77,Android,B04,BASELINE_1_500,CREATED,idem-20260902-apk-0170,android,G12,COMMUNITY_LIVING,Expense,G12:Expense,ACTIVE,qa.tile.expense,group.expense.amount,group.expense.note,group.expense.submit,group.expense.split.equal,Custom Expense,MAESTRO-APK-GROUP-CUSTOM_LIVING-0170 | Custom Expense | 9498.77,JOINED,Ledger Quick_Add is expense category; Split_Method drives group.expense.split.*
173,MTR-APK-0173,Group,Shared Living,Custom Living,Custom Contribution,Contribution,2026-04-28,18:44:41,2026-04-28 18:44:41,4404.63,INR,4404.63,APK Owner,3,PERCENTAGE,MAESTRO-APK-GROUP-CUSTOM_LIVING-0173 | Custom Contribution | 4404.63,Android,B04,BASELINE_1_500,CREATED,idem-20260902-apk-0173,android,G12,COMMUNITY_LIVING,Contribute,G12:Contribute,,qa.tile.contribute,group.contribute.amount,group.contribute.note,group.contribute.submit,group.expense.split.percentage,Custom Contribution,MAESTRO-APK-GROUP-CUSTOM_LIVING-0173 | Custom Contribution | 4404.63,SKIP_CAPABILITY_GAP,Custom Living hub has no Contribution tile (same as Family Household)
176,MTR-APK-0176,Group,Shared Experience,Trip,Travel,Expense,2026-05-14,17:45:45,2026-05-14 17:45:45,20176.17,INR,-20176.17,APK Aarav,3,EXACT,MAESTRO-APK-GROUP-TRIP-0176 | Travel | 20176.17,Android,B04,BASELINE_1_500,CREATED,idem-20260902-apk-0176,android,G01,TRIP,Expense,G01:Expense,ACTIVE,qa.tile.expense,group.expense.amount,group.expense.note,group.expense.submit,group.expense.split.exact,Travel,MAESTRO-APK-GROUP-TRIP-0176 | Travel | 20176.17,JOINED,Ledger Quick_Add is expense category; Split_Method drives group.expense.split.*
179,MTR-APK-0179,Group,Shared Experience,Trip,Stay,Expense,2026-06-12,07:06:38,2026-06-12 07:06:38,8883.96,INR,-8883.96,APK Meera,3,SHARES,MAESTRO-APK-GROUP-TRIP-0179 | Stay | 8883.96,Android,B04,BASELINE_1_500,CREATED,idem-20260902-apk-0179,android,G01,TRIP,Expense,G01:Expense,ACTIVE,qa.tile.expense,group.expense.amount,group.expense.note,group.expense.submit,group.expense.split.shares,Stay,MAESTRO-APK-GROUP-TRIP-0179 | Stay | 8883.96,JOINED,Ledger Quick_Add is expense category; Split_Method drives group.expense.split.*
182,MTR-APK-0182,Group,Shared Experience,Trip,Food,Expense,2025-11-12,19:23:46,2025-11-12 19:23:46,19237.09,INR,-19237.09,APK Owner,3,EQUAL,MAESTRO-APK-GROUP-TRIP-0182 | Food | 19237.09,Android,B04,BASELINE_1_500,CREATED,idem-20260902-apk-0182,android,G01,TRIP,Expense,G01:Expense,ACTIVE,qa.tile.expense,group.expense.amount,group.expense.note,group.expense.submit,group.expense.split.equal,Food,MAESTRO-APK-GROUP-TRIP-0182 | Food | 19237.09,JOINED,Ledger Quick_Add is expense category; Split_Method drives group.expense.split.*
185,MTR-APK-0185,Group,Shared Experience,Trip,Local Transport,Expense,2025-09-12,15:46:17,2025-09-12 15:46:17,10000.0,INR,-10000.0,APK Aarav,3,PERCENTAGE,MAESTRO-APK-GROUP-TRIP-0185 | Local Transport | 10000.00,Android,B04,BASELINE_1_500,CREATED,idem-20260902-apk-0185,android,G01,TRIP,Expense,G01:Expense,ACTIVE,qa.tile.expense,group.expense.amount,group.expense.note,group.expense.submit,group.expense.split.percentage,Local Transport,MAESTRO-APK-GROUP-TRIP-0185 | Local Transport | 10000.00,JOINED,Ledger Quick_Add is expense category; Split_Method drives group.expense.split.*
188,MTR-APK-0188,Group,Shared Experience,Trip,Activities,Expense,2025-09-08,15:15:52,2025-09-08 15:15:52,29835.6,INR,-29835.6,APK Meera,3,EXACT,MAESTRO-APK-GROUP-TRIP-0188 | Activities | 29835.60,Android,B04,BASELINE_1_500,CREATED,idem-20260902-apk-0188,android,G01,TRIP,Expense,G01:Expense,ACTIVE,qa.tile.expense,group.expense.amount,group.expense.note,group.expense.submit,group.expense.split.exact,Activities,MAESTRO-APK-GROUP-TRIP-0188 | Activities | 29835.60,JOINED,Ledger Quick_Add is expense category; Split_Method drives group.expense.split.*
191,MTR-APK-0191,Group,Shared Experience,Trip,Shopping,Expense,2025-11-26,01:44:26,2025-11-26 01:44:26,23824.08,INR,-23824.08,APK Owner,3,SHARES,MAESTRO-APK-GROUP-TRIP-0191 | Shopping | 23824.08,Android,B04,BASELINE_1_500,CREATED,idem-20260902-apk-0191,android,G01,TRIP,Expense,G01:Expense,ACTIVE,qa.tile.expense,group.expense.amount,group.expense.note,group.expense.submit,group.expense.split.shares,Shopping,MAESTRO-APK-GROUP-TRIP-0191 | Shopping | 23824.08,JOINED,Ledger Quick_Add is expense category; Split_Method drives group.expense.split.*
194,MTR-APK-0194,Group,Shared Experience,Trip,Other,Expense,2026-05-03,09:39:45,2026-05-03 09:39:45,28490.95,INR,-28490.95,APK Aarav,3,EQUAL,MAESTRO-APK-GROUP-TRIP-0194 | Other | 28490.95,Android,B04,BASELINE_1_500,CREATED,idem-20260902-apk-0194,android,G01,TRIP,Expense,G01:Expense,ACTIVE,qa.tile.expense,group.expense.amount,group.expense.note,group.expense.submit,group.expense.split.equal,Other,MAESTRO-APK-GROUP-TRIP-0194 | Other | 28490.95,JOINED,Ledger Quick_Add is expense category; Split_Method drives group.expense.split.*
197,MTR-APK-0197,Group,Shared Experience,Wedding,Venue,Expense,2025-09-11,12:44:44,2025-09-11 12:44:44,7998.12,INR,-7998.12,APK Meera,3,PERCENTAGE,MAESTRO-APK-GROUP-WEDDING-0197 | Venue | 7998.12,Android,B04,BASELINE_1_500,CREATED,idem-20260902-apk-0197,android,G02,WEDDING,Expense,G02:Expense,ACTIVE,qa.tile.expense,group.expense.amount,group.expense.note,group.expense.submit,group.expense.split.percentage,Venue,MAESTRO-APK-GROUP-WEDDING-0197 | Venue | 7998.12,JOINED,Ledger Quick_Add is expense category; Split_Method drives group.expense.split.*
200,MTR-APK-0200,Group,Shared Experience,Wedding,Catering,Expense,2026-06-30,21:21:01,2026-06-30 21:21:01,5049.96,INR,-5049.96,APK Owner,3,EXACT,MAESTRO-APK-GROUP-WEDDING-0200 | Catering | 5049.96,Android,B04,BASELINE_1_500,CREATED,idem-20260902-apk-0200,android,G02,WEDDING,Expense,G02:Expense,ACTIVE,qa.tile.expense,group.expense.amount,group.expense.note,group.expense.submit,group.expense.split.exact,Catering,MAESTRO-APK-GROUP-WEDDING-0200 | Catering | 5049.96,JOINED,Ledger Quick_Add is expense category; Split_Method drives group.expense.split.*
203,MTR-APK-0203,Group,Shared Experience,Wedding,Decor,Expense,2026-07-11,17:07:55,2026-07-11 17:07:55,9303.58,INR,-9303.58,APK Aarav,3,SHARES,MAESTRO-APK-GROUP-WEDDING-0203 | Decor | 9303.58,Android,B05,BASELINE_1_500,CREATED,idem-20260902-apk-0203,android,G02,WEDDING,Expense,G02:Expense,ACTIVE,qa.tile.expense,group.expense.amount,group.expense.note,group.expense.submit,group.expense.split.shares,Decor,MAESTRO-APK-GROUP-WEDDING-0203 | Decor | 9303.58,JOINED,Ledger Quick_Add is expense category; Split_Method drives group.expense.split.*
206,MTR-APK-0206,Group,Shared Experience,Wedding,Travel,Expense,2025-12-09,21:16:22,2025-12-09 21:16:22,7342.33,INR,-7342.33,APK Meera,3,EQUAL,MAESTRO-APK-GROUP-WEDDING-0206 | Travel | 7342.33,Android,B05,BASELINE_1_500,CREATED,idem-20260902-apk-0206,android,G02,WEDDING,Expense,G02:Expense,ACTIVE,qa.tile.expense,group.expense.amount,group.expense.note,group.expense.submit,group.expense.split.equal,Travel,MAESTRO-APK-GROUP-WEDDING-0206 | Travel | 7342.33,JOINED,Ledger Quick_Add is expense category; Split_Method drives group.expense.split.*
209,MTR-APK-0209,Group,Shared Experience,Wedding,Gifts,Expense,2026-08-22,04:12:01,2026-08-22 04:12:01,23392.53,INR,-23392.53,APK Owner,3,PERCENTAGE,MAESTRO-APK-GROUP-WEDDING-0209 | Gifts | 23392.53,Android,B05,BASELINE_1_500,CREATED,idem-20260902-apk-0209,android,G02,WEDDING,Expense,G02:Expense,ACTIVE,qa.tile.expense,group.expense.amount,group.expense.note,group.expense.submit,group.expense.split.percentage,Gifts,MAESTRO-APK-GROUP-WEDDING-0209 | Gifts | 23392.53,JOINED,Ledger Quick_Add is expense category; Split_Method drives group.expense.split.*
212,MTR-APK-0212,Group,Shared Experience,Wedding,Photography,Expense,2026-07-20,23:15:06,2026-07-20 23:15:06,23682.09,INR,-23682.09,APK Aarav,3,EXACT,MAESTRO-APK-GROUP-WEDDING-0212 | Photography | 23682.09,Android,B05,BASELINE_1_500,CREATED,idem-20260902-apk-0212,android,G02,WEDDING,Expense,G02:Expense,ACTIVE,qa.tile.expense,group.expense.amount,group.expense.note,group.expense.submit,group.expense.split.exact,Photography,MAESTRO-APK-GROUP-WEDDING-0212 | Photography | 23682.09,JOINED,Ledger Quick_Add is expense category; Split_Method drives group.expense.split.*
215,MTR-APK-0215,Group,Shared Experience,Wedding,Other,Expense,2026-05-08,01:19:47,2026-05-08 01:19:47,24201.5,INR,-24201.5,APK Meera,3,SHARES,MAESTRO-APK-GROUP-WEDDING-0215 | Other | 24201.50,Android,B05,BASELINE_1_500,CREATED,idem-20260902-apk-0215,android,G02,WEDDING,Expense,G02:Expense,ACTIVE,qa.tile.expense,group.expense.amount,group.expense.note,group.expense.submit,group.expense.split.shares,Other,MAESTRO-APK-GROUP-WEDDING-0215 | Other | 24201.50,JOINED,Ledger Quick_Add is expense category; Split_Method drives group.expense.split.*
218,MTR-APK-0218,Group,Shared Experience,Office Outing,Food,Expense,2026-08-04,21:32:47,2026-08-04 21:32:47,8492.72,INR,-8492.72,APK Owner,3,EQUAL,MAESTRO-APK-GROUP-OFFICE_OUTING-0218 | Food | 8492.72,Android,B05,BASELINE_1_500,CREATED,idem-20260902-apk-0218,android,G04,OFFICE_OUTING,Expense,G04:Expense,ACTIVE,qa.tile.expense,group.expense.amount,group.expense.note,group.expense.submit,group.expense.split.equal,Food,MAESTRO-APK-GROUP-OFFICE_OUTING-0218 | Food | 8492.72,JOINED,Ledger Quick_Add is expense category; Split_Method drives group.expense.split.*
221,MTR-APK-0221,Group,Shared Experience,Office Outing,Travel,Expense,2026-03-07,22:13:03,2026-03-07 22:13:03,19293.47,INR,-19293.47,APK Aarav,3,PERCENTAGE,MAESTRO-APK-GROUP-OFFICE_OUTING-0221 | Travel | 19293.47,Android,B05,BASELINE_1_500,CREATED,idem-20260902-apk-0221,android,G04,OFFICE_OUTING,Expense,G04:Expense,ACTIVE,qa.tile.expense,group.expense.amount,group.expense.note,group.expense.submit,group.expense.split.percentage,Travel,MAESTRO-APK-GROUP-OFFICE_OUTING-0221 | Travel | 19293.47,JOINED,Ledger Quick_Add is expense category; Split_Method drives group.expense.split.*
224,MTR-APK-0224,Group,Shared Experience,Office Outing,Activities,Expense,2026-08-22,22:43:23,2026-08-22 22:43:23,694.0,INR,-694.0,APK Meera,3,EXACT,MAESTRO-APK-GROUP-OFFICE_OUTING-0224 | Activities | 694.00,Android,B05,BASELINE_1_500,CREATED,idem-20260902-apk-0224,android,G04,OFFICE_OUTING,Expense,G04:Expense,ACTIVE,qa.tile.expense,group.expense.amount,group.expense.note,group.expense.submit,group.expense.split.exact,Activities,MAESTRO-APK-GROUP-OFFICE_OUTING-0224 | Activities | 694.00,JOINED,Ledger Quick_Add is expense category; Split_Method drives group.expense.split.*
227,MTR-APK-0227,Group,Shared Experience,Office Outing,Venue,Expense,2026-07-27,17:11:47,2026-07-27 17:11:47,4397.71,INR,-4397.71,APK Owner,3,SHARES,MAESTRO-APK-GROUP-OFFICE_OUTING-0227 | Venue | 4397.71,Android,B05,BASELINE_1_500,CREATED,idem-20260902-apk-0227,android,G04,OFFICE_OUTING,Expense,G04:Expense,ACTIVE,qa.tile.expense,group.expense.amount,group.expense.note,group.expense.submit,group.expense.split.shares,Venue,MAESTRO-APK-GROUP-OFFICE_OUTING-0227 | Venue | 4397.71,JOINED,Ledger Quick_Add is expense category; Split_Method drives group.expense.split.*
230,MTR-APK-0230,Group,Shared Experience,Office Outing,Other,Expense,2025-11-28,04:27:28,2025-11-28 04:27:28,12922.71,INR,-12922.71,APK Aarav,3,EQUAL,MAESTRO-APK-GROUP-OFFICE_OUTING-0230 | Other | 12922.71,Android,B05,BASELINE_1_500,CREATED,idem-20260902-apk-0230,android,G04,OFFICE_OUTING,Expense,G04:Expense,ACTIVE,qa.tile.expense,group.expense.amount,group.expense.note,group.expense.submit,group.expense.split.equal,Other,MAESTRO-APK-GROUP-OFFICE_OUTING-0230 | Other | 12922.71,JOINED,Ledger Quick_Add is expense category; Split_Method drives group.expense.split.*
233,MTR-APK-0233,Group,Shared Experience,House Party,Food,Expense,2025-09-29,16:47:28,2025-09-29 16:47:28,4450.01,INR,-4450.01,APK Meera,3,PERCENTAGE,MAESTRO-APK-GROUP-HOUSE_PARTY-0233 | Food | 4450.01,Android,B05,BASELINE_1_500,CREATED,idem-20260902-apk-0233,android,G03,HOUSE_PARTY,Expense,G03:Expense,ACTIVE,qa.tile.expense,group.expense.amount,group.expense.note,group.expense.submit,group.expense.split.percentage,Food,MAESTRO-APK-GROUP-HOUSE_PARTY-0233 | Food | 4450.01,JOINED,Ledger Quick_Add is expense category; Split_Method drives group.expense.split.*
236,MTR-APK-0236,Group,Shared Experience,House Party,Drinks,Expense,2026-04-09,16:28:06,2026-04-09 16:28:06,28785.01,INR,-28785.01,APK Owner,3,EXACT,MAESTRO-APK-GROUP-HOUSE_PARTY-0236 | Drinks | 28785.01,Android,B05,BASELINE_1_500,CREATED,idem-20260902-apk-0236,android,G03,HOUSE_PARTY,Expense,G03:Expense,ACTIVE,qa.tile.expense,group.expense.amount,group.expense.note,group.expense.submit,group.expense.split.exact,Drinks,MAESTRO-APK-GROUP-HOUSE_PARTY-0236 | Drinks | 28785.01,JOINED,Ledger Quick_Add is expense category; Split_Method drives group.expense.split.*
239,MTR-APK-0239,Group,Shared Experience,House Party,Decor,Expense,2026-03-15,07:01:33,2026-03-15 07:01:33,13564.42,INR,-13564.42,APK Aarav,3,SHARES,MAESTRO-APK-GROUP-HOUSE_PARTY-0239 | Decor | 13564.42,Android,B05,BASELINE_1_500,CREATED,idem-20260902-apk-0239,android,G03,HOUSE_PARTY,Expense,G03:Expense,ACTIVE,qa.tile.expense,group.expense.amount,group.expense.note,group.expense.submit,group.expense.split.shares,Decor,MAESTRO-APK-GROUP-HOUSE_PARTY-0239 | Decor | 13564.42,JOINED,Ledger Quick_Add is expense category; Split_Method drives group.expense.split.*
242,MTR-APK-0242,Group,Shared Experience,House Party,Supplies,Expense,2026-04-23,11:25:08,2026-04-23 11:25:08,14998.58,INR,-14998.58,APK Meera,3,EQUAL,MAESTRO-APK-GROUP-HOUSE_PARTY-0242 | Supplies | 14998.58,Android,B05,BASELINE_1_500,CREATED,idem-20260902-apk-0242,android,G03,HOUSE_PARTY,Expense,G03:Expense,ACTIVE,qa.tile.expense,group.expense.amount,group.expense.note,group.expense.submit,group.expense.split.equal,Supplies,MAESTRO-APK-GROUP-HOUSE_PARTY-0242 | Supplies | 14998.58,JOINED,Ledger Quick_Add is expense category; Split_Method drives group.expense.split.*
245,MTR-APK-0245,Group,Shared Experience,House Party,Other,Expense,2025-10-14,06:33:20,2025-10-14 06:33:20,96.65,INR,-96.65,APK Owner,3,PERCENTAGE,MAESTRO-APK-GROUP-HOUSE_PARTY-0245 | Other | 96.65,Android,B05,BASELINE_1_500,CREATED,idem-20260902-apk-0245,android,G03,HOUSE_PARTY,Expense,G03:Expense,ACTIVE,qa.tile.expense,group.expense.amount,group.expense.note,group.expense.submit,group.expense.split.percentage,Other,MAESTRO-APK-GROUP-HOUSE_PARTY-0245 | Other | 96.65,JOINED,Ledger Quick_Add is expense category; Split_Method drives group.expense.split.*
248,MTR-APK-0248,Group,Shared Purchase,Gift Pool,Contribution,Contribution,2026-05-20,15:47:16,2026-05-20 15:47:16,13432.82,INR,13432.82,APK Aarav,3,EXACT,MAESTRO-APK-GROUP-GIFT_POOL-0248 | Contribution | 13432.82,Android,B05,BASELINE_1_500,CREATED,idem-20260902-apk-0248,android,G05,GIFT_POOL,Contribute,G05:Contribute,ACTIVE,qa.tile.contribute,group.contribute.amount,group.contribute.note,group.contribute.submit,group.expense.split.exact,Contribution,MAESTRO-APK-GROUP-GIFT_POOL-0248 | Contribution | 13432.82,JOINED,
251,MTR-APK-0251,Group,Shared Purchase,Gift Pool,Gift Purchase,Expense,2026-05-15,23:51:01,2026-05-15 23:51:01,8036.56,INR,-8036.56,APK Meera,3,SHARES,MAESTRO-APK-GROUP-GIFT_POOL-0251 | Gift Purchase | 8036.56,Android,B06,BASELINE_1_500,CREATED,idem-20260902-apk-0251,android,G05,GIFT_POOL,Expense,G05:Expense,ACTIVE,qa.tile.expense,group.expense.amount,group.expense.note,group.expense.submit,group.expense.split.shares,Gift Purchase,MAESTRO-APK-GROUP-GIFT_POOL-0251 | Gift Purchase | 8036.56,JOINED,Ledger Quick_Add is expense category; Split_Method drives group.expense.split.*
254,MTR-APK-0254,Group,Shared Purchase,Gift Pool,Delivery,Expense,2026-03-02,21:36:09,2026-03-02 21:36:09,22088.92,INR,-22088.92,APK Owner,3,EQUAL,MAESTRO-APK-GROUP-GIFT_POOL-0254 | Delivery | 22088.92,Android,B06,BASELINE_1_500,CREATED,idem-20260902-apk-0254,android,G05,GIFT_POOL,Expense,G05:Expense,ACTIVE,qa.tile.expense,group.expense.amount,group.expense.note,group.expense.submit,group.expense.split.equal,Delivery,MAESTRO-APK-GROUP-GIFT_POOL-0254 | Delivery | 22088.92,JOINED,Ledger Quick_Add is expense category; Split_Method drives group.expense.split.*
257,MTR-APK-0257,Group,Shared Purchase,Gift Pool,Other,Expense,2026-06-16,07:23:16,2026-06-16 07:23:16,26982.98,INR,-26982.98,APK Aarav,3,PERCENTAGE,MAESTRO-APK-GROUP-GIFT_POOL-0257 | Other | 26982.98,Android,B06,BASELINE_1_500,CREATED,idem-20260902-apk-0257,android,G05,GIFT_POOL,Expense,G05:Expense,ACTIVE,qa.tile.expense,group.expense.amount,group.expense.note,group.expense.submit,group.expense.split.percentage,Other,MAESTRO-APK-GROUP-GIFT_POOL-0257 | Other | 26982.98,JOINED,Ledger Quick_Add is expense category; Split_Method drives group.expense.split.*
260,MTR-APK-0260,Group,Shared Purchase,Purchase,Item,Expense,2026-07-23,07:49:10,2026-07-23 07:49:10,8031.38,INR,-8031.38,APK Meera,3,EXACT,MAESTRO-APK-GROUP-PURCHASE-0260 | Item | 8031.38,Android,B06,BASELINE_1_500,CREATED,idem-20260902-apk-0260,android,G06,GROUP_PURCHASE,Expense,G06:Expense,ACTIVE,qa.tile.expense,group.expense.amount,group.expense.note,group.expense.submit,group.expense.split.exact,Item,MAESTRO-APK-GROUP-PURCHASE-0260 | Item | 8031.38,JOINED,Ledger Quick_Add is expense category; Split_Method drives group.expense.split.*
263,MTR-APK-0263,Group,Shared Purchase,Purchase,Shipping,Expense,2026-01-01,09:22:52,2026-01-01 09:22:52,1495.32,INR,-1495.32,APK Owner,3,SHARES,MAESTRO-APK-GROUP-PURCHASE-0263 | Shipping | 1495.32,Android,B06,BASELINE_1_500,CREATED,idem-20260902-apk-0263,android,G06,GROUP_PURCHASE,Expense,G06:Expense,ACTIVE,qa.tile.expense,group.expense.amount,group.expense.note,group.expense.submit,group.expense.split.shares,Shipping,MAESTRO-APK-GROUP-PURCHASE-0263 | Shipping | 1495.32,JOINED,Ledger Quick_Add is expense category; Split_Method drives group.expense.split.*
266,MTR-APK-0266,Group,Shared Purchase,Purchase,Tax,Expense,2026-03-23,15:33:20,2026-03-23 15:33:20,6611.94,INR,-6611.94,APK Aarav,3,EQUAL,MAESTRO-APK-GROUP-PURCHASE-0266 | Tax | 6611.94,Android,B06,BASELINE_1_500,CREATED,idem-20260902-apk-0266,android,G06,GROUP_PURCHASE,Expense,G06:Expense,ACTIVE,qa.tile.expense,group.expense.amount,group.expense.note,group.expense.submit,group.expense.split.equal,Tax,MAESTRO-APK-GROUP-PURCHASE-0266 | Tax | 6611.94,JOINED,Ledger Quick_Add is expense category; Split_Method drives group.expense.split.*
269,MTR-APK-0269,Group,Shared Purchase,Purchase,Other,Expense,2026-06-21,17:03:34,2026-06-21 17:03:34,17846.28,INR,-17846.28,APK Meera,3,PERCENTAGE,MAESTRO-APK-GROUP-PURCHASE-0269 | Other | 17846.28,Android,B06,BASELINE_1_500,CREATED,idem-20260902-apk-0269,android,G06,GROUP_PURCHASE,Expense,G06:Expense,ACTIVE,qa.tile.expense,group.expense.amount,group.expense.note,group.expense.submit,group.expense.split.percentage,Other,MAESTRO-APK-GROUP-PURCHASE-0269 | Other | 17846.28,JOINED,Ledger Quick_Add is expense category; Split_Method drives group.expense.split.*
272,MTR-APK-0272,Group,Shared Purchase,Assets,Purchase,Expense,2025-11-09,01:20:45,2025-11-09 01:20:45,25863.92,INR,-25863.92,APK Owner,3,EXACT,MAESTRO-APK-GROUP-ASSETS-0272 | Purchase | 25863.92,Android,B06,BASELINE_1_500,CREATED,idem-20260902-apk-0272,android,G07,SHARED_ASSET,Expense,G07:Expense,ACTIVE,qa.tile.expense,group.expense.amount,group.expense.note,group.expense.submit,group.expense.split.exact,Purchase,MAESTRO-APK-GROUP-ASSETS-0272 | Purchase | 25863.92,JOINED,Ledger Quick_Add is expense category; Split_Method drives group.expense.split.*
275,MTR-APK-0275,Group,Shared Purchase,Assets,Maintenance,Expense,2026-06-14,02:48:58,2026-06-14 02:48:58,22510.33,INR,-22510.33,APK Aarav,3,SHARES,MAESTRO-APK-GROUP-ASSETS-0275 | Maintenance | 22510.33,Android,B06,BASELINE_1_500,CREATED,idem-20260902-apk-0275,android,G07,SHARED_ASSET,Expense,G07:Expense,ACTIVE,qa.tile.expense,group.expense.amount,group.expense.note,group.expense.submit,group.expense.split.shares,Maintenance,MAESTRO-APK-GROUP-ASSETS-0275 | Maintenance | 22510.33,JOINED,Ledger Quick_Add is expense category; Split_Method drives group.expense.split.*
278,MTR-APK-0278,Group,Shared Purchase,Assets,Repair,Expense,2025-11-15,03:23:56,2025-11-15 03:23:56,5834.74,INR,-5834.74,APK Meera,3,EQUAL,MAESTRO-APK-GROUP-ASSETS-0278 | Repair | 5834.74,Android,B06,BASELINE_1_500,CREATED,idem-20260902-apk-0278,android,G07,SHARED_ASSET,Expense,G07:Expense,ACTIVE,qa.tile.expense,group.expense.amount,group.expense.note,group.expense.submit,group.expense.split.equal,Repair,MAESTRO-APK-GROUP-ASSETS-0278 | Repair | 5834.74,JOINED,Ledger Quick_Add is expense category; Split_Method drives group.expense.split.*
281,MTR-APK-0281,Group,Shared Purchase,Assets,Insurance,Expense,2025-10-30,09:55:35,2025-10-30 09:55:35,11236.45,INR,-11236.45,APK Owner,3,PERCENTAGE,MAESTRO-APK-GROUP-ASSETS-0281 | Insurance | 11236.45,Android,B06,BASELINE_1_500,CREATED,idem-20260902-apk-0281,android,G07,SHARED_ASSET,Expense,G07:Expense,ACTIVE,qa.tile.expense,group.expense.amount,group.expense.note,group.expense.submit,group.expense.split.percentage,Insurance,MAESTRO-APK-GROUP-ASSETS-0281 | Insurance | 11236.45,JOINED,Ledger Quick_Add is expense category; Split_Method drives group.expense.split.*
284,MTR-APK-0284,Group,Shared Purchase,Assets,Other,Expense,2025-11-17,15:01:15,2025-11-17 15:01:15,1783.73,INR,-1783.73,APK Aarav,3,EXACT,MAESTRO-APK-GROUP-ASSETS-0284 | Other | 1783.73,Android,B06,BASELINE_1_500,CREATED,idem-20260902-apk-0284,android,G07,SHARED_ASSET,Expense,G07:Expense,ACTIVE,qa.tile.expense,group.expense.amount,group.expense.note,group.expense.submit,group.expense.split.exact,Other,MAESTRO-APK-GROUP-ASSETS-0284 | Other | 1783.73,JOINED,Ledger Quick_Add is expense category; Split_Method drives group.expense.split.*
287,MTR-APK-0287,Group,Shared Purchase,Custom Purchase,Custom Expense,Expense,2026-02-25,05:04:43,2026-02-25 05:04:43,19918.14,INR,-19918.14,APK Meera,3,SHARES,MAESTRO-APK-GROUP-CUSTOM_PURCHASE-0287 | Custom Expense | 19918.14,Android,B06,BASELINE_1_500,CREATED,idem-20260902-apk-0287,android,G08,COMMUNITY_PURCHASE,Expense,G08:Expense,ACTIVE,qa.tile.expense,group.expense.amount,group.expense.note,group.expense.submit,group.expense.split.shares,Custom Expense,MAESTRO-APK-GROUP-CUSTOM_PURCHASE-0287 | Custom Expense | 19918.14,JOINED,Ledger Quick_Add is expense category; Split_Method drives group.expense.split.*
290,MTR-APK-0290,Group,Shared Purchase,Custom Purchase,Custom Contribution,Contribution,2026-08-01,17:57:01,2026-08-01 17:57:01,1860.23,INR,1860.23,APK Owner,3,EQUAL,MAESTRO-APK-GROUP-CUSTOM_PURCHASE-0290 | Custom Contribution | 1860.23,Android,B06,BASELINE_1_500,CREATED,idem-20260902-apk-0290,android,G08,COMMUNITY_PURCHASE,Contribute,G08:Contribute,ACTIVE,qa.tile.contribute,group.contribute.amount,group.contribute.note,group.contribute.submit,group.expense.split.equal,Custom Contribution,MAESTRO-APK-GROUP-CUSTOM_PURCHASE-0290 | Custom Contribution | 1860.23,JOINED,
293,MTR-APK-0293,Group,Shared Living,Flatmates,Rent,Expense,2026-05-08,02:44:39,2026-05-08 02:44:39,21718.61,INR,-21718.61,APK Aarav,3,PERCENTAGE,MAESTRO-APK-GROUP-FLATMATES-0293 | Rent | 21718.61,Android,B06,BASELINE_1_500,CREATED,idem-20260902-apk-0293,android,G09,FLATMATES,Expense,G09:Expense,ACTIVE,qa.tile.expense,group.expense.amount,group.expense.note,group.expense.submit,group.expense.split.percentage,Rent,MAESTRO-APK-GROUP-FLATMATES-0293 | Rent | 21718.61,JOINED,Ledger Quick_Add is expense category; Split_Method drives group.expense.split.*
296,MTR-APK-0296,Group,Shared Living,Flatmates,Utilities,Expense,2026-08-03,09:06:59,2026-08-03 09:06:59,99.99,INR,-99.99,APK Meera,3,EXACT,MAESTRO-APK-GROUP-FLATMATES-0296 | Utilities | 99.99,Android,B06,BASELINE_1_500,CREATED,idem-20260902-apk-0296,android,G09,FLATMATES,Expense,G09:Expense,ACTIVE,qa.tile.expense,group.expense.amount,group.expense.note,group.expense.submit,group.expense.split.exact,Utilities,MAESTRO-APK-GROUP-FLATMATES-0296 | Utilities | 99.99,JOINED,Ledger Quick_Add is expense category; Split_Method drives group.expense.split.*
299,MTR-APK-0299,Group,Shared Living,Flatmates,Groceries,Expense,2025-12-19,11:04:31,2025-12-19 11:04:31,21581.16,INR,-21581.16,APK Owner,3,SHARES,MAESTRO-APK-GROUP-FLATMATES-0299 | Groceries | 21581.16,Android,B06,BASELINE_1_500,CREATED,idem-20260902-apk-0299,android,G09,FLATMATES,Expense,G09:Expense,ACTIVE,qa.tile.expense,group.expense.amount,group.expense.note,group.expense.submit,group.expense.split.shares,Groceries,MAESTRO-APK-GROUP-FLATMATES-0299 | Groceries | 21581.16,JOINED,Ledger Quick_Add is expense category; Split_Method drives group.expense.split.*
302,MTR-APK-0302,Group,Shared Living,Flatmates,Internet,Expense,2026-05-23,17:00:16,2026-05-23 17:00:16,14898.68,INR,-14898.68,APK Aarav,3,EQUAL,MAESTRO-APK-GROUP-FLATMATES-0302 | Internet | 14898.68,Android,B07,BASELINE_1_500,CREATED,idem-20260902-apk-0302,android,G09,FLATMATES,Expense,G09:Expense,ACTIVE,qa.tile.expense,group.expense.amount,group.expense.note,group.expense.submit,group.expense.split.equal,Internet,MAESTRO-APK-GROUP-FLATMATES-0302 | Internet | 14898.68,JOINED,Ledger Quick_Add is expense category; Split_Method drives group.expense.split.*
305,MTR-APK-0305,Group,Shared Living,Flatmates,House Supplies,Expense,2026-03-21,11:19:02,2026-03-21 11:19:02,6397.26,INR,-6397.26,APK Meera,3,PERCENTAGE,MAESTRO-APK-GROUP-FLATMATES-0305 | House Supplies | 6397.26,Android,B07,BASELINE_1_500,CREATED,idem-20260902-apk-0305,android,G09,FLATMATES,Expense,G09:Expense,ACTIVE,qa.tile.expense,group.expense.amount,group.expense.note,group.expense.submit,group.expense.split.percentage,House Supplies,MAESTRO-APK-GROUP-FLATMATES-0305 | House Supplies | 6397.26,JOINED,Ledger Quick_Add is expense category; Split_Method drives group.expense.split.*
308,MTR-APK-0308,Group,Shared Living,Flatmates,Repairs,Expense,2026-05-03,18:11:11,2026-05-03 18:11:11,15231.12,INR,-15231.12,APK Owner,3,EXACT,MAESTRO-APK-GROUP-FLATMATES-0308 | Repairs | 15231.12,Android,B07,BASELINE_1_500,CREATED,idem-20260902-apk-0308,android,G09,FLATMATES,Expense,G09:Expense,ACTIVE,qa.tile.expense,group.expense.amount,group.expense.note,group.expense.submit,group.expense.split.exact,Repairs,MAESTRO-APK-GROUP-FLATMATES-0308 | Repairs | 15231.12,JOINED,Ledger Quick_Add is expense category; Split_Method drives group.expense.split.*
311,MTR-APK-0311,Group,Shared Living,Shared Living,Rent,Expense,2026-01-09,15:31:53,2026-01-09 15:31:53,13612.05,INR,-13612.05,APK Aarav,3,SHARES,MAESTRO-APK-GROUP-SHARED_LIVING-0311 | Rent | 13612.05,Android,B07,BASELINE_1_500,CREATED,idem-20260902-apk-0311,android,G11,CO_LIVING,Expense,G11:Expense,ACTIVE,qa.tile.expense,group.expense.amount,group.expense.note,group.expense.submit,group.expense.split.shares,Rent,MAESTRO-APK-GROUP-SHARED_LIVING-0311 | Rent | 13612.05,JOINED,Ledger Quick_Add is expense category; Split_Method drives group.expense.split.*
314,MTR-APK-0314,Group,Shared Living,Shared Living,Utilities,Expense,2026-07-03,23:56:49,2026-07-03 23:56:49,1903.79,INR,-1903.79,APK Meera,3,EQUAL,MAESTRO-APK-GROUP-SHARED_LIVING-0314 | Utilities | 1903.79,Android,B07,BASELINE_1_500,CREATED,idem-20260902-apk-0314,android,G11,CO_LIVING,Expense,G11:Expense,ACTIVE,qa.tile.expense,group.expense.amount,group.expense.note,group.expense.submit,group.expense.split.equal,Utilities,MAESTRO-APK-GROUP-SHARED_LIVING-0314 | Utilities | 1903.79,JOINED,Ledger Quick_Add is expense category; Split_Method drives group.expense.split.*
317,MTR-APK-0317,Group,Shared Living,Shared Living,Groceries,Expense,2026-04-02,03:51:58,2026-04-02 03:51:58,23511.53,INR,-23511.53,APK Owner,3,PERCENTAGE,MAESTRO-APK-GROUP-SHARED_LIVING-0317 | Groceries | 23511.53,Android,B07,BASELINE_1_500,CREATED,idem-20260902-apk-0317,android,G11,CO_LIVING,Expense,G11:Expense,ACTIVE,qa.tile.expense,group.expense.amount,group.expense.note,group.expense.submit,group.expense.split.percentage,Groceries,MAESTRO-APK-GROUP-SHARED_LIVING-0317 | Groceries | 23511.53,JOINED,Ledger Quick_Add is expense category; Split_Method drives group.expense.split.*
320,MTR-APK-0320,Group,Shared Living,Shared Living,Maintenance,Expense,2026-03-12,11:22:57,2026-03-12 11:22:57,11191.15,INR,-11191.15,APK Aarav,3,EXACT,MAESTRO-APK-GROUP-SHARED_LIVING-0320 | Maintenance | 11191.15,Android,B07,BASELINE_1_500,CREATED,idem-20260902-apk-0320,android,G11,CO_LIVING,Expense,G11:Expense,ACTIVE,qa.tile.expense,group.expense.amount,group.expense.note,group.expense.submit,group.expense.split.exact,Maintenance,MAESTRO-APK-GROUP-SHARED_LIVING-0320 | Maintenance | 11191.15,JOINED,Ledger Quick_Add is expense category; Split_Method drives group.expense.split.*
323,MTR-APK-0323,Group,Shared Living,Shared Living,Other,Expense,2026-06-10,15:15:40,2026-06-10 15:15:40,10259.81,INR,-10259.81,APK Meera,3,SHARES,MAESTRO-APK-GROUP-SHARED_LIVING-0323 | Other | 10259.81,Android,B07,BASELINE_1_500,CREATED,idem-20260902-apk-0323,android,G11,CO_LIVING,Expense,G11:Expense,ACTIVE,qa.tile.expense,group.expense.amount,group.expense.note,group.expense.submit,group.expense.split.shares,Other,MAESTRO-APK-GROUP-SHARED_LIVING-0323 | Other | 10259.81,JOINED,Ledger Quick_Add is expense category; Split_Method drives group.expense.split.*
326,MTR-APK-0326,Group,Shared Living,Family Household,School,Expense,2025-09-04,07:03:42,2025-09-04 07:03:42,28722.4,INR,-28722.4,APK Owner,3,EQUAL,MAESTRO-APK-GROUP-FAMILY_HOUSEHOLD-0326 | School | 28722.40,Android,B07,BASELINE_1_500,CREATED,idem-20260902-apk-0326,android,G10,FAMILY_HOUSEHOLD,Expense,G10:Expense,ACTIVE,qa.tile.expense,group.expense.amount,group.expense.note,group.expense.submit,group.expense.split.equal,School,MAESTRO-APK-GROUP-FAMILY_HOUSEHOLD-0326 | School | 28722.40,JOINED,Ledger Quick_Add is expense category; Split_Method drives group.expense.split.*
329,MTR-APK-0329,Group,Shared Living,Family Household,Other,Expense,2025-10-11,18:12:58,2025-10-11 18:12:58,22698.98,INR,-22698.98,APK Aarav,3,PERCENTAGE,MAESTRO-APK-GROUP-FAMILY_HOUSEHOLD-0329 | Other | 22698.98,Android,B07,BASELINE_1_500,CREATED,idem-20260902-apk-0329,android,G10,FAMILY_HOUSEHOLD,Expense,G10:Expense,ACTIVE,qa.tile.expense,group.expense.amount,group.expense.note,group.expense.submit,group.expense.split.percentage,Other,MAESTRO-APK-GROUP-FAMILY_HOUSEHOLD-0329 | Other | 22698.98,JOINED,Ledger Quick_Add is expense category; Split_Method drives group.expense.split.*
332,MTR-APK-0332,Group,Shared Living,Family Household,Rent,Expense,2026-01-23,17:56:01,2026-01-23 17:56:01,23945.21,INR,-23945.21,APK Meera,3,EXACT,MAESTRO-APK-GROUP-FAMILY_HOUSEHOLD-0332 | Rent | 23945.21,Android,B07,BASELINE_1_500,CREATED,idem-20260902-apk-0332,android,G10,FAMILY_HOUSEHOLD,Expense,G10:Expense,ACTIVE,qa.tile.expense,group.expense.amount,group.expense.note,group.expense.submit,group.expense.split.exact,Rent,MAESTRO-APK-GROUP-FAMILY_HOUSEHOLD-0332 | Rent | 23945.21,JOINED,Ledger Quick_Add is expense category; Split_Method drives group.expense.split.*
335,MTR-APK-0335,Group,Shared Living,Family Household,Groceries,Expense,2025-11-12,02:39:06,2025-11-12 02:39:06,28013.9,INR,-28013.9,APK Owner,3,SHARES,MAESTRO-APK-GROUP-FAMILY_HOUSEHOLD-0335 | Groceries | 28013.90,Android,B07,BASELINE_1_500,CREATED,idem-20260902-apk-0335,android,G10,FAMILY_HOUSEHOLD,Expense,G10:Expense,ACTIVE,qa.tile.expense,group.expense.amount,group.expense.note,group.expense.submit,group.expense.split.shares,Groceries,MAESTRO-APK-GROUP-FAMILY_HOUSEHOLD-0335 | Groceries | 28013.90,JOINED,Ledger Quick_Add is expense category; Split_Method drives group.expense.split.*
338,MTR-APK-0338,Group,Shared Living,Family Household,Transport,Expense,2025-10-29,03:07:10,2025-10-29 03:07:10,14207.88,INR,-14207.88,APK Aarav,3,EQUAL,MAESTRO-APK-GROUP-FAMILY_HOUSEHOLD-0338 | Transport | 14207.88,Android,B07,BASELINE_1_500,CREATED,idem-20260902-apk-0338,android,G10,FAMILY_HOUSEHOLD,Expense,G10:Expense,ACTIVE,qa.tile.expense,group.expense.amount,group.expense.note,group.expense.submit,group.expense.split.equal,Transport,MAESTRO-APK-GROUP-FAMILY_HOUSEHOLD-0338 | Transport | 14207.88,JOINED,Ledger Quick_Add is expense category; Split_Method drives group.expense.split.*
341,MTR-APK-0341,Group,Shared Living,Family Household,Bills,Expense,2026-02-17,13:48:49,2026-02-17 13:48:49,12731.68,INR,-12731.68,APK Meera,3,PERCENTAGE,MAESTRO-APK-GROUP-FAMILY_HOUSEHOLD-0341 | Bills | 12731.68,Android,B07,BASELINE_1_500,CREATED,idem-20260902-apk-0341,android,G10,FAMILY_HOUSEHOLD,Expense,G10:Expense,ACTIVE,qa.tile.expense,group.expense.amount,group.expense.note,group.expense.submit,group.expense.split.percentage,Bills,MAESTRO-APK-GROUP-FAMILY_HOUSEHOLD-0341 | Bills | 12731.68,JOINED,Ledger Quick_Add is expense category; Split_Method drives group.expense.split.*
344,MTR-APK-0344,Group,Shared Living,Custom Living,Custom Expense,Expense,2025-10-07,03:24:28,2025-10-07 03:24:28,12361.3,INR,-12361.3,APK Owner,3,EXACT,MAESTRO-APK-GROUP-CUSTOM_LIVING-0344 | Custom Expense | 12361.30,Android,B07,BASELINE_1_500,CREATED,idem-20260902-apk-0344,android,G12,COMMUNITY_LIVING,Expense,G12:Expense,ACTIVE,qa.tile.expense,group.expense.amount,group.expense.note,group.expense.submit,group.expense.split.exact,Custom Expense,MAESTRO-APK-GROUP-CUSTOM_LIVING-0344 | Custom Expense | 12361.30,JOINED,Ledger Quick_Add is expense category; Split_Method drives group.expense.split.*
347,MTR-APK-0347,Group,Shared Living,Custom Living,Custom Contribution,Contribution,2025-10-20,04:51:25,2025-10-20 04:51:25,24147.72,INR,24147.72,APK Aarav,3,SHARES,MAESTRO-APK-GROUP-CUSTOM_LIVING-0347 | Custom Contribution | 24147.72,Android,B07,BASELINE_1_500,CREATED,idem-20260902-apk-0347,android,G12,COMMUNITY_LIVING,Contribute,G12:Contribute,,qa.tile.contribute,group.contribute.amount,group.contribute.note,group.contribute.submit,group.expense.split.shares,Custom Contribution,MAESTRO-APK-GROUP-CUSTOM_LIVING-0347 | Custom Contribution | 24147.72,SKIP_CAPABILITY_GAP,Custom Living hub has no Contribution tile (same as Family Household)
350,MTR-APK-0350,Group,Shared Experience,Trip,Travel,Expense,2026-08-23,08:16:55,2026-08-23 08:16:55,12566.72,INR,-12566.72,APK Meera,3,EQUAL,MAESTRO-APK-GROUP-TRIP-0350 | Travel | 12566.72,Android,B07,BASELINE_1_500,CREATED,idem-20260902-apk-0350,android,G01,TRIP,Expense,G01:Expense,ACTIVE,qa.tile.expense,group.expense.amount,group.expense.note,group.expense.submit,group.expense.split.equal,Travel,MAESTRO-APK-GROUP-TRIP-0350 | Travel | 12566.72,JOINED,Ledger Quick_Add is expense category; Split_Method drives group.expense.split.*
353,MTR-APK-0353,Group,Shared Experience,Trip,Stay,Expense,2025-10-19,17:09:38,2025-10-19 17:09:38,11417.66,INR,-11417.66,APK Owner,3,PERCENTAGE,MAESTRO-APK-GROUP-TRIP-0353 | Stay | 11417.66,Android,B08,BASELINE_1_500,CREATED,idem-20260902-apk-0353,android,G01,TRIP,Expense,G01:Expense,ACTIVE,qa.tile.expense,group.expense.amount,group.expense.note,group.expense.submit,group.expense.split.percentage,Stay,MAESTRO-APK-GROUP-TRIP-0353 | Stay | 11417.66,JOINED,Ledger Quick_Add is expense category; Split_Method drives group.expense.split.*
356,MTR-APK-0356,Group,Shared Experience,Trip,Food,Expense,2026-01-18,00:27:41,2026-01-18 00:27:41,19053.49,INR,-19053.49,APK Aarav,3,EXACT,MAESTRO-APK-GROUP-TRIP-0356 | Food | 19053.49,Android,B08,BASELINE_1_500,CREATED,idem-20260902-apk-0356,android,G01,TRIP,Expense,G01:Expense,ACTIVE,qa.tile.expense,group.expense.amount,group.expense.note,group.expense.submit,group.expense.split.exact,Food,MAESTRO-APK-GROUP-TRIP-0356 | Food | 19053.49,JOINED,Ledger Quick_Add is expense category; Split_Method drives group.expense.split.*
359,MTR-APK-0359,Group,Shared Experience,Trip,Local Transport,Expense,2026-04-19,19:29:10,2026-04-19 19:29:10,14071.41,INR,-14071.41,APK Meera,3,SHARES,MAESTRO-APK-GROUP-TRIP-0359 | Local Transport | 14071.41,Android,B08,BASELINE_1_500,CREATED,idem-20260902-apk-0359,android,G01,TRIP,Expense,G01:Expense,ACTIVE,qa.tile.expense,group.expense.amount,group.expense.note,group.expense.submit,group.expense.split.shares,Local Transport,MAESTRO-APK-GROUP-TRIP-0359 | Local Transport | 14071.41,JOINED,Ledger Quick_Add is expense category; Split_Method drives group.expense.split.*
362,MTR-APK-0362,Group,Shared Experience,Trip,Activities,Expense,2025-10-06,05:15:09,2025-10-06 05:15:09,21228.78,INR,-21228.78,APK Owner,3,EQUAL,MAESTRO-APK-GROUP-TRIP-0362 | Activities | 21228.78,Android,B08,BASELINE_1_500,CREATED,idem-20260902-apk-0362,android,G01,TRIP,Expense,G01:Expense,ACTIVE,qa.tile.expense,group.expense.amount,group.expense.note,group.expense.submit,group.expense.split.equal,Activities,MAESTRO-APK-GROUP-TRIP-0362 | Activities | 21228.78,JOINED,Ledger Quick_Add is expense category; Split_Method drives group.expense.split.*
365,MTR-APK-0365,Group,Shared Experience,Trip,Shopping,Expense,2026-04-12,11:04:17,2026-04-12 11:04:17,1089.61,INR,-1089.61,APK Aarav,3,PERCENTAGE,MAESTRO-APK-GROUP-TRIP-0365 | Shopping | 1089.61,Android,B08,BASELINE_1_500,CREATED,idem-20260902-apk-0365,android,G01,TRIP,Expense,G01:Expense,ACTIVE,qa.tile.expense,group.expense.amount,group.expense.note,group.expense.submit,group.expense.split.percentage,Shopping,MAESTRO-APK-GROUP-TRIP-0365 | Shopping | 1089.61,JOINED,Ledger Quick_Add is expense category; Split_Method drives group.expense.split.*
368,MTR-APK-0368,Group,Shared Experience,Trip,Other,Expense,2026-08-03,22:10:55,2026-08-03 22:10:55,26507.3,INR,-26507.3,APK Meera,3,EXACT,MAESTRO-APK-GROUP-TRIP-0368 | Other | 26507.30,Android,B08,BASELINE_1_500,CREATED,idem-20260902-apk-0368,android,G01,TRIP,Expense,G01:Expense,ACTIVE,qa.tile.expense,group.expense.amount,group.expense.note,group.expense.submit,group.expense.split.exact,Other,MAESTRO-APK-GROUP-TRIP-0368 | Other | 26507.30,JOINED,Ledger Quick_Add is expense category; Split_Method drives group.expense.split.*
371,MTR-APK-0371,Group,Shared Experience,Wedding,Venue,Expense,2026-06-23,16:52:13,2026-06-23 16:52:13,437.97,INR,-437.97,APK Owner,3,SHARES,MAESTRO-APK-GROUP-WEDDING-0371 | Venue | 437.97,Android,B08,BASELINE_1_500,CREATED,idem-20260902-apk-0371,android,G02,WEDDING,Expense,G02:Expense,ACTIVE,qa.tile.expense,group.expense.amount,group.expense.note,group.expense.submit,group.expense.split.shares,Venue,MAESTRO-APK-GROUP-WEDDING-0371 | Venue | 437.97,JOINED,Ledger Quick_Add is expense category; Split_Method drives group.expense.split.*
374,MTR-APK-0374,Group,Shared Experience,Wedding,Catering,Expense,2026-08-27,00:03:06,2026-08-27 00:03:06,442.33,INR,-442.33,APK Aarav,3,EQUAL,MAESTRO-APK-GROUP-WEDDING-0374 | Catering | 442.33,Android,B08,BASELINE_1_500,CREATED,idem-20260902-apk-0374,android,G02,WEDDING,Expense,G02:Expense,ACTIVE,qa.tile.expense,group.expense.amount,group.expense.note,group.expense.submit,group.expense.split.equal,Catering,MAESTRO-APK-GROUP-WEDDING-0374 | Catering | 442.33,JOINED,Ledger Quick_Add is expense category; Split_Method drives group.expense.split.*
377,MTR-APK-0377,Group,Shared Experience,Wedding,Decor,Expense,2026-04-06,15:20:14,2026-04-06 15:20:14,5917.7,INR,-5917.7,APK Meera,3,PERCENTAGE,MAESTRO-APK-GROUP-WEDDING-0377 | Decor | 5917.70,Android,B08,BASELINE_1_500,CREATED,idem-20260902-apk-0377,android,G02,WEDDING,Expense,G02:Expense,ACTIVE,qa.tile.expense,group.expense.amount,group.expense.note,group.expense.submit,group.expense.split.percentage,Decor,MAESTRO-APK-GROUP-WEDDING-0377 | Decor | 5917.70,JOINED,Ledger Quick_Add is expense category; Split_Method drives group.expense.split.*
380,MTR-APK-0380,Group,Shared Experience,Wedding,Travel,Expense,2026-08-25,14:30:05,2026-08-25 14:30:05,15883.1,INR,-15883.1,APK Owner,3,EXACT,MAESTRO-APK-GROUP-WEDDING-0380 | Travel | 15883.10,Android,B08,BASELINE_1_500,CREATED,idem-20260902-apk-0380,android,G02,WEDDING,Expense,G02:Expense,ACTIVE,qa.tile.expense,group.expense.amount,group.expense.note,group.expense.submit,group.expense.split.exact,Travel,MAESTRO-APK-GROUP-WEDDING-0380 | Travel | 15883.10,JOINED,Ledger Quick_Add is expense category; Split_Method drives group.expense.split.*
383,MTR-APK-0383,Group,Shared Experience,Wedding,Gifts,Expense,2025-11-15,19:27:56,2025-11-15 19:27:56,9753.79,INR,-9753.79,APK Aarav,3,SHARES,MAESTRO-APK-GROUP-WEDDING-0383 | Gifts | 9753.79,Android,B08,BASELINE_1_500,CREATED,idem-20260902-apk-0383,android,G02,WEDDING,Expense,G02:Expense,ACTIVE,qa.tile.expense,group.expense.amount,group.expense.note,group.expense.submit,group.expense.split.shares,Gifts,MAESTRO-APK-GROUP-WEDDING-0383 | Gifts | 9753.79,JOINED,Ledger Quick_Add is expense category; Split_Method drives group.expense.split.*
386,MTR-APK-0386,Group,Shared Experience,Wedding,Photography,Expense,2026-02-12,04:06:22,2026-02-12 04:06:22,18009.72,INR,-18009.72,APK Meera,3,EQUAL,MAESTRO-APK-GROUP-WEDDING-0386 | Photography | 18009.72,Android,B08,BASELINE_1_500,CREATED,idem-20260902-apk-0386,android,G02,WEDDING,Expense,G02:Expense,ACTIVE,qa.tile.expense,group.expense.amount,group.expense.note,group.expense.submit,group.expense.split.equal,Photography,MAESTRO-APK-GROUP-WEDDING-0386 | Photography | 18009.72,JOINED,Ledger Quick_Add is expense category; Split_Method drives group.expense.split.*
389,MTR-APK-0389,Group,Shared Experience,Wedding,Other,Expense,2025-11-29,14:16:42,2025-11-29 14:16:42,19281.59,INR,-19281.59,APK Owner,3,PERCENTAGE,MAESTRO-APK-GROUP-WEDDING-0389 | Other | 19281.59,Android,B08,BASELINE_1_500,CREATED,idem-20260902-apk-0389,android,G02,WEDDING,Expense,G02:Expense,ACTIVE,qa.tile.expense,group.expense.amount,group.expense.note,group.expense.submit,group.expense.split.percentage,Other,MAESTRO-APK-GROUP-WEDDING-0389 | Other | 19281.59,JOINED,Ledger Quick_Add is expense category; Split_Method drives group.expense.split.*
392,MTR-APK-0392,Group,Shared Experience,Office Outing,Food,Expense,2025-09-09,12:44:06,2025-09-09 12:44:06,2267.54,INR,-2267.54,APK Aarav,3,EXACT,MAESTRO-APK-GROUP-OFFICE_OUTING-0392 | Food | 2267.54,Android,B08,BASELINE_1_500,CREATED,idem-20260902-apk-0392,android,G04,OFFICE_OUTING,Expense,G04:Expense,ACTIVE,qa.tile.expense,group.expense.amount,group.expense.note,group.expense.submit,group.expense.split.exact,Food,MAESTRO-APK-GROUP-OFFICE_OUTING-0392 | Food | 2267.54,JOINED,Ledger Quick_Add is expense category; Split_Method drives group.expense.split.*
395,MTR-APK-0395,Group,Shared Experience,Office Outing,Travel,Expense,2025-11-15,17:35:12,2025-11-15 17:35:12,29412.43,INR,-29412.43,APK Meera,3,SHARES,MAESTRO-APK-GROUP-OFFICE_OUTING-0395 | Travel | 29412.43,Android,B08,BASELINE_1_500,CREATED,idem-20260902-apk-0395,android,G04,OFFICE_OUTING,Expense,G04:Expense,ACTIVE,qa.tile.expense,group.expense.amount,group.expense.note,group.expense.submit,group.expense.split.shares,Travel,MAESTRO-APK-GROUP-OFFICE_OUTING-0395 | Travel | 29412.43,JOINED,Ledger Quick_Add is expense category; Split_Method drives group.expense.split.*
398,MTR-APK-0398,Group,Shared Experience,Office Outing,Activities,Expense,2026-06-05,01:26:18,2026-06-05 01:26:18,7296.85,INR,-7296.85,APK Owner,3,EQUAL,MAESTRO-APK-GROUP-OFFICE_OUTING-0398 | Activities | 7296.85,Android,B08,BASELINE_1_500,CREATED,idem-20260902-apk-0398,android,G04,OFFICE_OUTING,Expense,G04:Expense,ACTIVE,qa.tile.expense,group.expense.amount,group.expense.note,group.expense.submit,group.expense.split.equal,Activities,MAESTRO-APK-GROUP-OFFICE_OUTING-0398 | Activities | 7296.85,JOINED,Ledger Quick_Add is expense category; Split_Method drives group.expense.split.*
401,MTR-APK-0401,Group,Shared Experience,Office Outing,Venue,Expense,2026-05-13,21:33:22,2026-05-13 21:33:22,29174.38,INR,-29174.38,APK Aarav,3,PERCENTAGE,MAESTRO-APK-GROUP-OFFICE_OUTING-0401 | Venue | 29174.38,Android,B09,BASELINE_1_500,CREATED,idem-20260902-apk-0401,android,G04,OFFICE_OUTING,Expense,G04:Expense,ACTIVE,qa.tile.expense,group.expense.amount,group.expense.note,group.expense.submit,group.expense.split.percentage,Venue,MAESTRO-APK-GROUP-OFFICE_OUTING-0401 | Venue | 29174.38,JOINED,Ledger Quick_Add is expense category; Split_Method drives group.expense.split.*
404,MTR-APK-0404,Group,Shared Experience,Office Outing,Other,Expense,2026-05-11,06:30:42,2026-05-11 06:30:42,8702.4,INR,-8702.4,APK Meera,3,EXACT,MAESTRO-APK-GROUP-OFFICE_OUTING-0404 | Other | 8702.40,Android,B09,BASELINE_1_500,CREATED,idem-20260902-apk-0404,android,G04,OFFICE_OUTING,Expense,G04:Expense,ACTIVE,qa.tile.expense,group.expense.amount,group.expense.note,group.expense.submit,group.expense.split.exact,Other,MAESTRO-APK-GROUP-OFFICE_OUTING-0404 | Other | 8702.40,JOINED,Ledger Quick_Add is expense category; Split_Method drives group.expense.split.*
407,MTR-APK-0407,Group,Shared Experience,House Party,Food,Expense,2025-11-03,10:38:04,2025-11-03 10:38:04,10000.0,INR,-10000.0,APK Owner,3,SHARES,MAESTRO-APK-GROUP-HOUSE_PARTY-0407 | Food | 10000.00,Android,B09,BASELINE_1_500,CREATED,idem-20260902-apk-0407,android,G03,HOUSE_PARTY,Expense,G03:Expense,ACTIVE,qa.tile.expense,group.expense.amount,group.expense.note,group.expense.submit,group.expense.split.shares,Food,MAESTRO-APK-GROUP-HOUSE_PARTY-0407 | Food | 10000.00,JOINED,Ledger Quick_Add is expense category; Split_Method drives group.expense.split.*
410,MTR-APK-0410,Group,Shared Experience,House Party,Drinks,Expense,2026-03-04,13:49:57,2026-03-04 13:49:57,1040.5,INR,-1040.5,APK Aarav,3,EQUAL,MAESTRO-APK-GROUP-HOUSE_PARTY-0410 | Drinks | 1040.50,Android,B09,BASELINE_1_500,CREATED,idem-20260902-apk-0410,android,G03,HOUSE_PARTY,Expense,G03:Expense,ACTIVE,qa.tile.expense,group.expense.amount,group.expense.note,group.expense.submit,group.expense.split.equal,Drinks,MAESTRO-APK-GROUP-HOUSE_PARTY-0410 | Drinks | 1040.50,JOINED,Ledger Quick_Add is expense category; Split_Method drives group.expense.split.*
413,MTR-APK-0413,Group,Shared Experience,House Party,Decor,Expense,2026-08-23,08:45:52,2026-08-23 08:45:52,24299.14,INR,-24299.14,APK Meera,3,PERCENTAGE,MAESTRO-APK-GROUP-HOUSE_PARTY-0413 | Decor | 24299.14,Android,B09,BASELINE_1_500,CREATED,idem-20260902-apk-0413,android,G03,HOUSE_PARTY,Expense,G03:Expense,ACTIVE,qa.tile.expense,group.expense.amount,group.expense.note,group.expense.submit,group.expense.split.percentage,Decor,MAESTRO-APK-GROUP-HOUSE_PARTY-0413 | Decor | 24299.14,JOINED,Ledger Quick_Add is expense category; Split_Method drives group.expense.split.*
416,MTR-APK-0416,Group,Shared Experience,House Party,Supplies,Expense,2026-01-21,11:50:54,2026-01-21 11:50:54,16079.52,INR,-16079.52,APK Owner,3,EXACT,MAESTRO-APK-GROUP-HOUSE_PARTY-0416 | Supplies | 16079.52,Android,B09,BASELINE_1_500,CREATED,idem-20260902-apk-0416,android,G03,HOUSE_PARTY,Expense,G03:Expense,ACTIVE,qa.tile.expense,group.expense.amount,group.expense.note,group.expense.submit,group.expense.split.exact,Supplies,MAESTRO-APK-GROUP-HOUSE_PARTY-0416 | Supplies | 16079.52,JOINED,Ledger Quick_Add is expense category; Split_Method drives group.expense.split.*
419,MTR-APK-0419,Group,Shared Experience,House Party,Other,Expense,2026-04-10,15:53:17,2026-04-10 15:53:17,19889.69,INR,-19889.69,APK Aarav,3,SHARES,MAESTRO-APK-GROUP-HOUSE_PARTY-0419 | Other | 19889.69,Android,B09,BASELINE_1_500,CREATED,idem-20260902-apk-0419,android,G03,HOUSE_PARTY,Expense,G03:Expense,ACTIVE,qa.tile.expense,group.expense.amount,group.expense.note,group.expense.submit,group.expense.split.shares,Other,MAESTRO-APK-GROUP-HOUSE_PARTY-0419 | Other | 19889.69,JOINED,Ledger Quick_Add is expense category; Split_Method drives group.expense.split.*
422,MTR-APK-0422,Group,Shared Purchase,Gift Pool,Contribution,Contribution,2026-04-27,14:25:30,2026-04-27 14:25:30,4503.95,INR,4503.95,APK Meera,3,EQUAL,MAESTRO-APK-GROUP-GIFT_POOL-0422 | Contribution | 4503.95,Android,B09,BASELINE_1_500,CREATED,idem-20260902-apk-0422,android,G05,GIFT_POOL,Contribute,G05:Contribute,ACTIVE,qa.tile.contribute,group.contribute.amount,group.contribute.note,group.contribute.submit,group.expense.split.equal,Contribution,MAESTRO-APK-GROUP-GIFT_POOL-0422 | Contribution | 4503.95,JOINED,
425,MTR-APK-0425,Group,Shared Purchase,Gift Pool,Gift Purchase,Expense,2025-12-23,16:11:25,2025-12-23 16:11:25,11864.62,INR,-11864.62,APK Owner,3,PERCENTAGE,MAESTRO-APK-GROUP-GIFT_POOL-0425 | Gift Purchase | 11864.62,Android,B09,BASELINE_1_500,CREATED,idem-20260902-apk-0425,android,G05,GIFT_POOL,Expense,G05:Expense,ACTIVE,qa.tile.expense,group.expense.amount,group.expense.note,group.expense.submit,group.expense.split.percentage,Gift Purchase,MAESTRO-APK-GROUP-GIFT_POOL-0425 | Gift Purchase | 11864.62,JOINED,Ledger Quick_Add is expense category; Split_Method drives group.expense.split.*
428,MTR-APK-0428,Group,Shared Purchase,Gift Pool,Delivery,Expense,2026-01-12,07:08:47,2026-01-12 07:08:47,4051.32,INR,-4051.32,APK Aarav,3,EXACT,MAESTRO-APK-GROUP-GIFT_POOL-0428 | Delivery | 4051.32,Android,B09,BASELINE_1_500,CREATED,idem-20260902-apk-0428,android,G05,GIFT_POOL,Expense,G05:Expense,ACTIVE,qa.tile.expense,group.expense.amount,group.expense.note,group.expense.submit,group.expense.split.exact,Delivery,MAESTRO-APK-GROUP-GIFT_POOL-0428 | Delivery | 4051.32,JOINED,Ledger Quick_Add is expense category; Split_Method drives group.expense.split.*
431,MTR-APK-0431,Group,Shared Purchase,Gift Pool,Other,Expense,2026-04-20,14:37:05,2026-04-20 14:37:05,8110.86,INR,-8110.86,APK Meera,3,SHARES,MAESTRO-APK-GROUP-GIFT_POOL-0431 | Other | 8110.86,Android,B09,BASELINE_1_500,CREATED,idem-20260902-apk-0431,android,G05,GIFT_POOL,Expense,G05:Expense,ACTIVE,qa.tile.expense,group.expense.amount,group.expense.note,group.expense.submit,group.expense.split.shares,Other,MAESTRO-APK-GROUP-GIFT_POOL-0431 | Other | 8110.86,JOINED,Ledger Quick_Add is expense category; Split_Method drives group.expense.split.*
434,MTR-APK-0434,Group,Shared Purchase,Purchase,Item,Expense,2025-09-10,04:04:41,2025-09-10 04:04:41,29228.24,INR,-29228.24,APK Owner,3,EQUAL,MAESTRO-APK-GROUP-PURCHASE-0434 | Item | 29228.24,Android,B09,BASELINE_1_500,CREATED,idem-20260902-apk-0434,android,G06,GROUP_PURCHASE,Expense,G06:Expense,ACTIVE,qa.tile.expense,group.expense.amount,group.expense.note,group.expense.submit,group.expense.split.equal,Item,MAESTRO-APK-GROUP-PURCHASE-0434 | Item | 29228.24,JOINED,Ledger Quick_Add is expense category; Split_Method drives group.expense.split.*
437,MTR-APK-0437,Group,Shared Purchase,Purchase,Shipping,Expense,2026-06-27,00:02:40,2026-06-27 00:02:40,209.83,INR,-209.83,APK Aarav,3,PERCENTAGE,MAESTRO-APK-GROUP-PURCHASE-0437 | Shipping | 209.83,Android,B09,BASELINE_1_500,CREATED,idem-20260902-apk-0437,android,G06,GROUP_PURCHASE,Expense,G06:Expense,ACTIVE,qa.tile.expense,group.expense.amount,group.expense.note,group.expense.submit,group.expense.split.percentage,Shipping,MAESTRO-APK-GROUP-PURCHASE-0437 | Shipping | 209.83,JOINED,Ledger Quick_Add is expense category; Split_Method drives group.expense.split.*
440,MTR-APK-0440,Group,Shared Purchase,Purchase,Tax,Expense,2025-12-02,18:59:04,2025-12-02 18:59:04,13604.65,INR,-13604.65,APK Meera,3,EXACT,MAESTRO-APK-GROUP-PURCHASE-0440 | Tax | 13604.65,Android,B09,BASELINE_1_500,CREATED,idem-20260902-apk-0440,android,G06,GROUP_PURCHASE,Expense,G06:Expense,ACTIVE,qa.tile.expense,group.expense.amount,group.expense.note,group.expense.submit,group.expense.split.exact,Tax,MAESTRO-APK-GROUP-PURCHASE-0440 | Tax | 13604.65,JOINED,Ledger Quick_Add is expense category; Split_Method drives group.expense.split.*
443,MTR-APK-0443,Group,Shared Purchase,Purchase,Other,Expense,2026-07-30,10:45:45,2026-07-30 10:45:45,3050.61,INR,-3050.61,APK Owner,3,SHARES,MAESTRO-APK-GROUP-PURCHASE-0443 | Other | 3050.61,Android,B09,BASELINE_1_500,CREATED,idem-20260902-apk-0443,android,G06,GROUP_PURCHASE,Expense,G06:Expense,ACTIVE,qa.tile.expense,group.expense.amount,group.expense.note,group.expense.submit,group.expense.split.shares,Other,MAESTRO-APK-GROUP-PURCHASE-0443 | Other | 3050.61,JOINED,Ledger Quick_Add is expense category; Split_Method drives group.expense.split.*
446,MTR-APK-0446,Group,Shared Purchase,Assets,Purchase,Expense,2026-05-13,00:29:59,2026-05-13 00:29:59,408.01,INR,-408.01,APK Aarav,3,EQUAL,MAESTRO-APK-GROUP-ASSETS-0446 | Purchase | 408.01,Android,B09,BASELINE_1_500,CREATED,idem-20260902-apk-0446,android,G07,SHARED_ASSET,Expense,G07:Expense,ACTIVE,qa.tile.expense,group.expense.amount,group.expense.note,group.expense.submit,group.expense.split.equal,Purchase,MAESTRO-APK-GROUP-ASSETS-0446 | Purchase | 408.01,JOINED,Ledger Quick_Add is expense category; Split_Method drives group.expense.split.*
449,MTR-APK-0449,Group,Shared Purchase,Assets,Maintenance,Expense,2026-06-15,19:47:49,2026-06-15 19:47:49,16811.96,INR,-16811.96,APK Meera,3,PERCENTAGE,MAESTRO-APK-GROUP-ASSETS-0449 | Maintenance | 16811.96,Android,B09,BASELINE_1_500,CREATED,idem-20260902-apk-0449,android,G07,SHARED_ASSET,Expense,G07:Expense,ACTIVE,qa.tile.expense,group.expense.amount,group.expense.note,group.expense.submit,group.expense.split.percentage,Maintenance,MAESTRO-APK-GROUP-ASSETS-0449 | Maintenance | 16811.96,JOINED,Ledger Quick_Add is expense category; Split_Method drives group.expense.split.*
452,MTR-APK-0452,Group,Shared Purchase,Assets,Repair,Expense,2025-11-06,19:07:33,2025-11-06 19:07:33,29378.13,INR,-29378.13,APK Owner,3,EXACT,MAESTRO-APK-GROUP-ASSETS-0452 | Repair | 29378.13,Android,B10,BASELINE_1_500,CREATED,idem-20260902-apk-0452,android,G07,SHARED_ASSET,Expense,G07:Expense,ACTIVE,qa.tile.expense,group.expense.amount,group.expense.note,group.expense.submit,group.expense.split.exact,Repair,MAESTRO-APK-GROUP-ASSETS-0452 | Repair | 29378.13,JOINED,Ledger Quick_Add is expense category; Split_Method drives group.expense.split.*
455,MTR-APK-0455,Group,Shared Purchase,Assets,Insurance,Expense,2026-01-05,04:16:45,2026-01-05 04:16:45,4639.29,INR,-4639.29,APK Aarav,3,SHARES,MAESTRO-APK-GROUP-ASSETS-0455 | Insurance | 4639.29,Android,B10,BASELINE_1_500,CREATED,idem-20260902-apk-0455,android,G07,SHARED_ASSET,Expense,G07:Expense,ACTIVE,qa.tile.expense,group.expense.amount,group.expense.note,group.expense.submit,group.expense.split.shares,Insurance,MAESTRO-APK-GROUP-ASSETS-0455 | Insurance | 4639.29,JOINED,Ledger Quick_Add is expense category; Split_Method drives group.expense.split.*
458,MTR-APK-0458,Group,Shared Purchase,Assets,Other,Expense,2026-03-03,01:26:12,2026-03-03 01:26:12,13054.09,INR,-13054.09,APK Meera,3,EQUAL,MAESTRO-APK-GROUP-ASSETS-0458 | Other | 13054.09,Android,B10,BASELINE_1_500,CREATED,idem-20260902-apk-0458,android,G07,SHARED_ASSET,Expense,G07:Expense,ACTIVE,qa.tile.expense,group.expense.amount,group.expense.note,group.expense.submit,group.expense.split.equal,Other,MAESTRO-APK-GROUP-ASSETS-0458 | Other | 13054.09,JOINED,Ledger Quick_Add is expense category; Split_Method drives group.expense.split.*
461,MTR-APK-0461,Group,Shared Purchase,Custom Purchase,Custom Expense,Expense,2025-12-31,20:05:50,2025-12-31 20:05:50,2502.86,INR,-2502.86,APK Owner,3,PERCENTAGE,MAESTRO-APK-GROUP-CUSTOM_PURCHASE-0461 | Custom Expense | 2502.86,Android,B10,BASELINE_1_500,CREATED,idem-20260902-apk-0461,android,G08,COMMUNITY_PURCHASE,Expense,G08:Expense,ACTIVE,qa.tile.expense,group.expense.amount,group.expense.note,group.expense.submit,group.expense.split.percentage,Custom Expense,MAESTRO-APK-GROUP-CUSTOM_PURCHASE-0461 | Custom Expense | 2502.86,JOINED,Ledger Quick_Add is expense category; Split_Method drives group.expense.split.*
464,MTR-APK-0464,Group,Shared Purchase,Custom Purchase,Custom Contribution,Contribution,2026-07-24,00:13:07,2026-07-24 00:13:07,24043.88,INR,24043.88,APK Aarav,3,EXACT,MAESTRO-APK-GROUP-CUSTOM_PURCHASE-0464 | Custom Contribution | 24043.88,Android,B10,BASELINE_1_500,CREATED,idem-20260902-apk-0464,android,G08,COMMUNITY_PURCHASE,Contribute,G08:Contribute,ACTIVE,qa.tile.contribute,group.contribute.amount,group.contribute.note,group.contribute.submit,group.expense.split.exact,Custom Contribution,MAESTRO-APK-GROUP-CUSTOM_PURCHASE-0464 | Custom Contribution | 24043.88,JOINED,
467,MTR-APK-0467,Group,Shared Living,Flatmates,Rent,Expense,2025-12-04,11:15:22,2025-12-04 11:15:22,22796.42,INR,-22796.42,APK Meera,3,SHARES,MAESTRO-APK-GROUP-FLATMATES-0467 | Rent | 22796.42,Android,B10,BASELINE_1_500,CREATED,idem-20260902-apk-0467,android,G09,FLATMATES,Expense,G09:Expense,ACTIVE,qa.tile.expense,group.expense.amount,group.expense.note,group.expense.submit,group.expense.split.shares,Rent,MAESTRO-APK-GROUP-FLATMATES-0467 | Rent | 22796.42,JOINED,Ledger Quick_Add is expense category; Split_Method drives group.expense.split.*
470,MTR-APK-0470,Group,Shared Living,Flatmates,Utilities,Expense,2026-05-16,09:39:52,2026-05-16 09:39:52,5538.13,INR,-5538.13,APK Owner,3,EQUAL,MAESTRO-APK-GROUP-FLATMATES-0470 | Utilities | 5538.13,Android,B10,BASELINE_1_500,CREATED,idem-20260902-apk-0470,android,G09,FLATMATES,Expense,G09:Expense,ACTIVE,qa.tile.expense,group.expense.amount,group.expense.note,group.expense.submit,group.expense.split.equal,Utilities,MAESTRO-APK-GROUP-FLATMATES-0470 | Utilities | 5538.13,JOINED,Ledger Quick_Add is expense category; Split_Method drives group.expense.split.*
473,MTR-APK-0473,Group,Shared Living,Flatmates,Groceries,Expense,2026-07-13,10:18:21,2026-07-13 10:18:21,14431.77,INR,-14431.77,APK Aarav,3,PERCENTAGE,MAESTRO-APK-GROUP-FLATMATES-0473 | Groceries | 14431.77,Android,B10,BASELINE_1_500,CREATED,idem-20260902-apk-0473,android,G09,FLATMATES,Expense,G09:Expense,ACTIVE,qa.tile.expense,group.expense.amount,group.expense.note,group.expense.submit,group.expense.split.percentage,Groceries,MAESTRO-APK-GROUP-FLATMATES-0473 | Groceries | 14431.77,JOINED,Ledger Quick_Add is expense category; Split_Method drives group.expense.split.*
476,MTR-APK-0476,Group,Shared Living,Flatmates,Internet,Expense,2025-09-30,06:04:11,2025-09-30 06:04:11,1020.68,INR,-1020.68,APK Meera,3,EXACT,MAESTRO-APK-GROUP-FLATMATES-0476 | Internet | 1020.68,Android,B10,BASELINE_1_500,CREATED,idem-20260902-apk-0476,android,G09,FLATMATES,Expense,G09:Expense,ACTIVE,qa.tile.expense,group.expense.amount,group.expense.note,group.expense.submit,group.expense.split.exact,Internet,MAESTRO-APK-GROUP-FLATMATES-0476 | Internet | 1020.68,JOINED,Ledger Quick_Add is expense category; Split_Method drives group.expense.split.*
479,MTR-APK-0479,Group,Shared Living,Flatmates,House Supplies,Expense,2026-05-19,10:51:50,2026-05-19 10:51:50,27589.32,INR,-27589.32,APK Owner,3,SHARES,MAESTRO-APK-GROUP-FLATMATES-0479 | House Supplies | 27589.32,Android,B10,BASELINE_1_500,CREATED,idem-20260902-apk-0479,android,G09,FLATMATES,Expense,G09:Expense,ACTIVE,qa.tile.expense,group.expense.amount,group.expense.note,group.expense.submit,group.expense.split.shares,House Supplies,MAESTRO-APK-GROUP-FLATMATES-0479 | House Supplies | 27589.32,JOINED,Ledger Quick_Add is expense category; Split_Method drives group.expense.split.*
482,MTR-APK-0482,Group,Shared Living,Flatmates,Repairs,Expense,2026-06-28,09:02:18,2026-06-28 09:02:18,14581.65,INR,-14581.65,APK Aarav,3,EQUAL,MAESTRO-APK-GROUP-FLATMATES-0482 | Repairs | 14581.65,Android,B10,BASELINE_1_500,CREATED,idem-20260902-apk-0482,android,G09,FLATMATES,Expense,G09:Expense,ACTIVE,qa.tile.expense,group.expense.amount,group.expense.note,group.expense.submit,group.expense.split.equal,Repairs,MAESTRO-APK-GROUP-FLATMATES-0482 | Repairs | 14581.65,JOINED,Ledger Quick_Add is expense category; Split_Method drives group.expense.split.*
485,MTR-APK-0485,Group,Shared Living,Shared Living,Rent,Expense,2026-02-08,16:42:32,2026-02-08 16:42:32,13549.66,INR,-13549.66,APK Meera,3,PERCENTAGE,MAESTRO-APK-GROUP-SHARED_LIVING-0485 | Rent | 13549.66,Android,B10,BASELINE_1_500,CREATED,idem-20260902-apk-0485,android,G11,CO_LIVING,Expense,G11:Expense,ACTIVE,qa.tile.expense,group.expense.amount,group.expense.note,group.expense.submit,group.expense.split.percentage,Rent,MAESTRO-APK-GROUP-SHARED_LIVING-0485 | Rent | 13549.66,JOINED,Ledger Quick_Add is expense category; Split_Method drives group.expense.split.*
488,MTR-APK-0488,Group,Shared Living,Shared Living,Utilities,Expense,2025-10-14,23:24:27,2025-10-14 23:24:27,9538.01,INR,-9538.01,APK Owner,3,EXACT,MAESTRO-APK-GROUP-SHARED_LIVING-0488 | Utilities | 9538.01,Android,B10,BASELINE_1_500,CREATED,idem-20260902-apk-0488,android,G11,CO_LIVING,Expense,G11:Expense,ACTIVE,qa.tile.expense,group.expense.amount,group.expense.note,group.expense.submit,group.expense.split.exact,Utilities,MAESTRO-APK-GROUP-SHARED_LIVING-0488 | Utilities | 9538.01,JOINED,Ledger Quick_Add is expense category; Split_Method drives group.expense.split.*
491,MTR-APK-0491,Group,Shared Living,Shared Living,Groceries,Expense,2026-03-02,22:19:18,2026-03-02 22:19:18,23125.69,INR,-23125.69,APK Aarav,3,SHARES,MAESTRO-APK-GROUP-SHARED_LIVING-0491 | Groceries | 23125.69,Android,B10,BASELINE_1_500,CREATED,idem-20260902-apk-0491,android,G11,CO_LIVING,Expense,G11:Expense,ACTIVE,qa.tile.expense,group.expense.amount,group.expense.note,group.expense.submit,group.expense.split.shares,Groceries,MAESTRO-APK-GROUP-SHARED_LIVING-0491 | Groceries | 23125.69,JOINED,Ledger Quick_Add is expense category; Split_Method drives group.expense.split.*
494,MTR-APK-0494,Group,Shared Living,Shared Living,Maintenance,Expense,2025-09-05,14:14:47,2025-09-05 14:14:47,20095.34,INR,-20095.34,APK Meera,3,EQUAL,MAESTRO-APK-GROUP-SHARED_LIVING-0494 | Maintenance | 20095.34,Android,B10,BASELINE_1_500,CREATED,idem-20260902-apk-0494,android,G11,CO_LIVING,Expense,G11:Expense,ACTIVE,qa.tile.expense,group.expense.amount,group.expense.note,group.expense.submit,group.expense.split.equal,Maintenance,MAESTRO-APK-GROUP-SHARED_LIVING-0494 | Maintenance | 20095.34,JOINED,Ledger Quick_Add is expense category; Split_Method drives group.expense.split.*
497,MTR-APK-0497,Group,Shared Living,Shared Living,Other,Expense,2026-07-08,22:52:08,2026-07-08 22:52:08,23948.15,INR,-23948.15,APK Owner,3,PERCENTAGE,MAESTRO-APK-GROUP-SHARED_LIVING-0497 | Other | 23948.15,Android,B10,BASELINE_1_500,CREATED,idem-20260902-apk-0497,android,G11,CO_LIVING,Expense,G11:Expense,ACTIVE,qa.tile.expense,group.expense.amount,group.expense.note,group.expense.submit,group.expense.split.percentage,Other,MAESTRO-APK-GROUP-SHARED_LIVING-0497 | Other | 23948.15,JOINED,Ledger Quick_Add is expense category; Split_Method drives group.expense.split.*
500,MTR-APK-0500,Group,Shared Living,Family Household,Utilities,Expense,2025-12-26,13:05:57,2025-12-26 13:05:57,23932.87,INR,-23932.87,APK Aarav,3,EXACT,MAESTRO-APK-GROUP-FAMILY_HOUSEHOLD-0500 | Utilities | 23932.87,Android,B10,BASELINE_1_500,CREATED,idem-20260902-apk-0500,android,G10,FAMILY_HOUSEHOLD,Expense,G10:Expense,ACTIVE,qa.tile.expense,group.expense.amount,group.expense.note,group.expense.submit,group.expense.split.exact,Utilities,MAESTRO-APK-GROUP-FAMILY_HOUSEHOLD-0500 | Utilities | 23932.87,JOINED,Ledger Quick_Add is expense category; Split_Method drives group.expense.split.*
503,MTR-APK-0503,Group,Shared Living,Family Household,Healthcare,Expense,2026-07-25,06:11:31,2026-07-25 06:11:31,23459.38,INR,-23459.38,APK Meera,3,SHARES,MAESTRO-APK-GROUP-FAMILY_HOUSEHOLD-0503 | Healthcare | 23459.38,Android,B11,RAMP_501_1500,CREATED,idem-20260902-apk-0503,android,G10,FAMILY_HOUSEHOLD,Expense,G10:Expense,ACTIVE,qa.tile.expense,group.expense.amount,group.expense.note,group.expense.submit,group.expense.split.shares,Healthcare,MAESTRO-APK-GROUP-FAMILY_HOUSEHOLD-0503 | Healthcare | 23459.38,JOINED,Ledger Quick_Add is expense category; Split_Method drives group.expense.split.*
506,MTR-APK-0506,Group,Shared Living,Family Household,School,Expense,2026-01-24,21:23:43,2026-01-24 21:23:43,16825.78,INR,-16825.78,APK Owner,3,EQUAL,MAESTRO-APK-GROUP-FAMILY_HOUSEHOLD-0506 | School | 16825.78,Android,B11,RAMP_501_1500,CREATED,idem-20260902-apk-0506,android,G10,FAMILY_HOUSEHOLD,Expense,G10:Expense,ACTIVE,qa.tile.expense,group.expense.amount,group.expense.note,group.expense.submit,group.expense.split.equal,School,MAESTRO-APK-GROUP-FAMILY_HOUSEHOLD-0506 | School | 16825.78,JOINED,Ledger Quick_Add is expense category; Split_Method drives group.expense.split.*
509,MTR-APK-0509,Group,Shared Living,Family Household,Other,Expense,2026-09-01,01:47:25,2026-09-01 01:47:25,20341.99,INR,-20341.99,APK Aarav,3,PERCENTAGE,MAESTRO-APK-GROUP-FAMILY_HOUSEHOLD-0509 | Other | 20341.99,Android,B11,RAMP_501_1500,CREATED,idem-20260902-apk-0509,android,G10,FAMILY_HOUSEHOLD,Expense,G10:Expense,ACTIVE,qa.tile.expense,group.expense.amount,group.expense.note,group.expense.submit,group.expense.split.percentage,Other,MAESTRO-APK-GROUP-FAMILY_HOUSEHOLD-0509 | Other | 20341.99,JOINED,Ledger Quick_Add is expense category; Split_Method drives group.expense.split.*
512,MTR-APK-0512,Group,Shared Living,Family Household,Rent,Expense,2026-08-06,18:16:34,2026-08-06 18:16:34,27058.68,INR,-27058.68,APK Meera,3,EXACT,MAESTRO-APK-GROUP-FAMILY_HOUSEHOLD-0512 | Rent | 27058.68,Android,B11,RAMP_501_1500,CREATED,idem-20260902-apk-0512,android,G10,FAMILY_HOUSEHOLD,Expense,G10:Expense,ACTIVE,qa.tile.expense,group.expense.amount,group.expense.note,group.expense.submit,group.expense.split.exact,Rent,MAESTRO-APK-GROUP-FAMILY_HOUSEHOLD-0512 | Rent | 27058.68,JOINED,Ledger Quick_Add is expense category; Split_Method drives group.expense.split.*
515,MTR-APK-0515,Group,Shared Living,Family Household,Groceries,Expense,2026-05-22,08:18:00,2026-05-22 08:18:00,22433.11,INR,-22433.11,APK Owner,3,SHARES,MAESTRO-APK-GROUP-FAMILY_HOUSEHOLD-0515 | Groceries | 22433.11,Android,B11,RAMP_501_1500,CREATED,idem-20260902-apk-0515,android,G10,FAMILY_HOUSEHOLD,Expense,G10:Expense,ACTIVE,qa.tile.expense,group.expense.amount,group.expense.note,group.expense.submit,group.expense.split.shares,Groceries,MAESTRO-APK-GROUP-FAMILY_HOUSEHOLD-0515 | Groceries | 22433.11,JOINED,Ledger Quick_Add is expense category; Split_Method drives group.expense.split.*
518,MTR-APK-0518,Group,Shared Living,Custom Living,Custom Expense,Expense,2026-08-05,10:05:13,2026-08-05 10:05:13,99.99,INR,-99.99,APK Aarav,3,EQUAL,MAESTRO-APK-GROUP-CUSTOM_LIVING-0518 | Custom Expense | 99.99,Android,B11,RAMP_501_1500,CREATED,idem-20260902-apk-0518,android,G12,COMMUNITY_LIVING,Expense,G12:Expense,ACTIVE,qa.tile.expense,group.expense.amount,group.expense.note,group.expense.submit,group.expense.split.equal,Custom Expense,MAESTRO-APK-GROUP-CUSTOM_LIVING-0518 | Custom Expense | 99.99,JOINED,Ledger Quick_Add is expense category; Split_Method drives group.expense.split.*
521,MTR-APK-0521,Group,Shared Living,Custom Living,Custom Contribution,Contribution,2026-03-23,13:11:37,2026-03-23 13:11:37,28244.62,INR,28244.62,APK Meera,3,PERCENTAGE,MAESTRO-APK-GROUP-CUSTOM_LIVING-0521 | Custom Contribution | 28244.62,Android,B11,RAMP_501_1500,CREATED,idem-20260902-apk-0521,android,G12,COMMUNITY_LIVING,Contribute,G12:Contribute,,qa.tile.contribute,group.contribute.amount,group.contribute.note,group.contribute.submit,group.expense.split.percentage,Custom Contribution,MAESTRO-APK-GROUP-CUSTOM_LIVING-0521 | Custom Contribution | 28244.62,SKIP_CAPABILITY_GAP,Custom Living hub has no Contribution tile (same as Family Household)
524,MTR-APK-0524,Group,Shared Experience,Trip,Travel,Expense,2026-04-17,22:58:51,2026-04-17 22:58:51,8435.05,INR,-8435.05,APK Owner,3,EXACT,MAESTRO-APK-GROUP-TRIP-0524 | Travel | 8435.05,Android,B11,RAMP_501_1500,CREATED,idem-20260902-apk-0524,android,G01,TRIP,Expense,G01:Expense,ACTIVE,qa.tile.expense,group.expense.amount,group.expense.note,group.expense.submit,group.expense.split.exact,Travel,MAESTRO-APK-GROUP-TRIP-0524 | Travel | 8435.05,JOINED,Ledger Quick_Add is expense category; Split_Method drives group.expense.split.*
527,MTR-APK-0527,Group,Shared Experience,Trip,Stay,Expense,2026-07-04,11:30:57,2026-07-04 11:30:57,19167.86,INR,-19167.86,APK Aarav,3,SHARES,MAESTRO-APK-GROUP-TRIP-0527 | Stay | 19167.86,Android,B11,RAMP_501_1500,CREATED,idem-20260902-apk-0527,android,G01,TRIP,Expense,G01:Expense,ACTIVE,qa.tile.expense,group.expense.amount,group.expense.note,group.expense.submit,group.expense.split.shares,Stay,MAESTRO-APK-GROUP-TRIP-0527 | Stay | 19167.86,JOINED,Ledger Quick_Add is expense category; Split_Method drives group.expense.split.*
530,MTR-APK-0530,Group,Shared Experience,Trip,Food,Expense,2026-02-26,16:43:48,2026-02-26 16:43:48,4283.02,INR,-4283.02,APK Meera,3,EQUAL,MAESTRO-APK-GROUP-TRIP-0530 | Food | 4283.02,Android,B11,RAMP_501_1500,CREATED,idem-20260902-apk-0530,android,G01,TRIP,Expense,G01:Expense,ACTIVE,qa.tile.expense,group.expense.amount,group.expense.note,group.expense.submit,group.expense.split.equal,Food,MAESTRO-APK-GROUP-TRIP-0530 | Food | 4283.02,JOINED,Ledger Quick_Add is expense category; Split_Method drives group.expense.split.*
533,MTR-APK-0533,Group,Shared Experience,Trip,Local Transport,Expense,2026-07-27,13:44:10,2026-07-27 13:44:10,19527.44,INR,-19527.44,APK Owner,3,PERCENTAGE,MAESTRO-APK-GROUP-TRIP-0533 | Local Transport | 19527.44,Android,B11,RAMP_501_1500,CREATED,idem-20260902-apk-0533,android,G01,TRIP,Expense,G01:Expense,ACTIVE,qa.tile.expense,group.expense.amount,group.expense.note,group.expense.submit,group.expense.split.percentage,Local Transport,MAESTRO-APK-GROUP-TRIP-0533 | Local Transport | 19527.44,JOINED,Ledger Quick_Add is expense category; Split_Method drives group.expense.split.*
536,MTR-APK-0536,Group,Shared Experience,Trip,Activities,Expense,2025-12-06,20:03:09,2025-12-06 20:03:09,28266.43,INR,-28266.43,APK Aarav,3,EXACT,MAESTRO-APK-GROUP-TRIP-0536 | Activities | 28266.43,Android,B11,RAMP_501_1500,CREATED,idem-20260902-apk-0536,android,G01,TRIP,Expense,G01:Expense,ACTIVE,qa.tile.expense,group.expense.amount,group.expense.note,group.expense.submit,group.expense.split.exact,Activities,MAESTRO-APK-GROUP-TRIP-0536 | Activities | 28266.43,JOINED,Ledger Quick_Add is expense category; Split_Method drives group.expense.split.*
539,MTR-APK-0539,Group,Shared Experience,Trip,Shopping,Expense,2025-12-10,18:17:19,2025-12-10 18:17:19,2553.3,INR,-2553.3,APK Meera,3,SHARES,MAESTRO-APK-GROUP-TRIP-0539 | Shopping | 2553.30,Android,B11,RAMP_501_1500,CREATED,idem-20260902-apk-0539,android,G01,TRIP,Expense,G01:Expense,ACTIVE,qa.tile.expense,group.expense.amount,group.expense.note,group.expense.submit,group.expense.split.shares,Shopping,MAESTRO-APK-GROUP-TRIP-0539 | Shopping | 2553.30,JOINED,Ledger Quick_Add is expense category; Split_Method drives group.expense.split.*
542,MTR-APK-0542,Group,Shared Experience,Trip,Other,Expense,2026-08-08,02:01:29,2026-08-08 02:01:29,28426.1,INR,-28426.1,APK Owner,3,EQUAL,MAESTRO-APK-GROUP-TRIP-0542 | Other | 28426.10,Android,B11,RAMP_501_1500,CREATED,idem-20260902-apk-0542,android,G01,TRIP,Expense,G01:Expense,ACTIVE,qa.tile.expense,group.expense.amount,group.expense.note,group.expense.submit,group.expense.split.equal,Other,MAESTRO-APK-GROUP-TRIP-0542 | Other | 28426.10,JOINED,Ledger Quick_Add is expense category; Split_Method drives group.expense.split.*
545,MTR-APK-0545,Group,Shared Experience,Wedding,Venue,Expense,2026-02-21,13:51:37,2026-02-21 13:51:37,20274.85,INR,-20274.85,APK Aarav,3,PERCENTAGE,MAESTRO-APK-GROUP-WEDDING-0545 | Venue | 20274.85,Android,B11,RAMP_501_1500,CREATED,idem-20260902-apk-0545,android,G02,WEDDING,Expense,G02:Expense,ACTIVE,qa.tile.expense,group.expense.amount,group.expense.note,group.expense.submit,group.expense.split.percentage,Venue,MAESTRO-APK-GROUP-WEDDING-0545 | Venue | 20274.85,JOINED,Ledger Quick_Add is expense category; Split_Method drives group.expense.split.*
548,MTR-APK-0548,Group,Shared Experience,Wedding,Catering,Expense,2026-04-23,09:23:03,2026-04-23 09:23:03,26993.9,INR,-26993.9,APK Meera,3,EXACT,MAESTRO-APK-GROUP-WEDDING-0548 | Catering | 26993.90,Android,B11,RAMP_501_1500,CREATED,idem-20260902-apk-0548,android,G02,WEDDING,Expense,G02:Expense,ACTIVE,qa.tile.expense,group.expense.amount,group.expense.note,group.expense.submit,group.expense.split.exact,Catering,MAESTRO-APK-GROUP-WEDDING-0548 | Catering | 26993.90,JOINED,Ledger Quick_Add is expense category; Split_Method drives group.expense.split.*
551,MTR-APK-0551,Group,Shared Experience,Wedding,Decor,Expense,2026-07-29,22:31:23,2026-07-29 22:31:23,13238.3,INR,-13238.3,APK Owner,3,SHARES,MAESTRO-APK-GROUP-WEDDING-0551 | Decor | 13238.30,Android,B12,RAMP_501_1500,CREATED,idem-20260902-apk-0551,android,G02,WEDDING,Expense,G02:Expense,ACTIVE,qa.tile.expense,group.expense.amount,group.expense.note,group.expense.submit,group.expense.split.shares,Decor,MAESTRO-APK-GROUP-WEDDING-0551 | Decor | 13238.30,JOINED,Ledger Quick_Add is expense category; Split_Method drives group.expense.split.*
554,MTR-APK-0554,Group,Shared Experience,Wedding,Travel,Expense,2025-12-28,06:31:14,2025-12-28 06:31:14,4879.67,INR,-4879.67,APK Aarav,3,EQUAL,MAESTRO-APK-GROUP-WEDDING-0554 | Travel | 4879.67,Android,B12,RAMP_501_1500,CREATED,idem-20260902-apk-0554,android,G02,WEDDING,Expense,G02:Expense,ACTIVE,qa.tile.expense,group.expense.amount,group.expense.note,group.expense.submit,group.expense.split.equal,Travel,MAESTRO-APK-GROUP-WEDDING-0554 | Travel | 4879.67,JOINED,Ledger Quick_Add is expense category; Split_Method drives group.expense.split.*
557,MTR-APK-0557,Group,Shared Experience,Wedding,Gifts,Expense,2026-02-20,14:15:38,2026-02-20 14:15:38,11047.04,INR,-11047.04,APK Meera,3,PERCENTAGE,MAESTRO-APK-GROUP-WEDDING-0557 | Gifts | 11047.04,Android,B12,RAMP_501_1500,CREATED,idem-20260902-apk-0557,android,G02,WEDDING,Expense,G02:Expense,ACTIVE,qa.tile.expense,group.expense.amount,group.expense.note,group.expense.submit,group.expense.split.percentage,Gifts,MAESTRO-APK-GROUP-WEDDING-0557 | Gifts | 11047.04,JOINED,Ledger Quick_Add is expense category; Split_Method drives group.expense.split.*
560,MTR-APK-0560,Group,Shared Experience,Wedding,Photography,Expense,2025-12-11,09:36:04,2025-12-11 09:36:04,29416.63,INR,-29416.63,APK Owner,3,EXACT,MAESTRO-APK-GROUP-WEDDING-0560 | Photography | 29416.63,Android,B12,RAMP_501_1500,CREATED,idem-20260902-apk-0560,android,G02,WEDDING,Expense,G02:Expense,ACTIVE,qa.tile.expense,group.expense.amount,group.expense.note,group.expense.submit,group.expense.split.exact,Photography,MAESTRO-APK-GROUP-WEDDING-0560 | Photography | 29416.63,JOINED,Ledger Quick_Add is expense category; Split_Method drives group.expense.split.*
563,MTR-APK-0563,Group,Shared Experience,Wedding,Other,Expense,2026-07-07,17:41:46,2026-07-07 17:41:46,21773.74,INR,-21773.74,APK Aarav,3,SHARES,MAESTRO-APK-GROUP-WEDDING-0563 | Other | 21773.74,Android,B12,RAMP_501_1500,CREATED,idem-20260902-apk-0563,android,G02,WEDDING,Expense,G02:Expense,ACTIVE,qa.tile.expense,group.expense.amount,group.expense.note,group.expense.submit,group.expense.split.shares,Other,MAESTRO-APK-GROUP-WEDDING-0563 | Other | 21773.74,JOINED,Ledger Quick_Add is expense category; Split_Method drives group.expense.split.*
566,MTR-APK-0566,Group,Shared Experience,Office Outing,Food,Expense,2025-09-29,10:29:21,2025-09-29 10:29:21,3648.34,INR,-3648.34,APK Meera,3,EQUAL,MAESTRO-APK-GROUP-OFFICE_OUTING-0566 | Food | 3648.34,Android,B12,RAMP_501_1500,CREATED,idem-20260902-apk-0566,android,G04,OFFICE_OUTING,Expense,G04:Expense,ACTIVE,qa.tile.expense,group.expense.amount,group.expense.note,group.expense.submit,group.expense.split.equal,Food,MAESTRO-APK-GROUP-OFFICE_OUTING-0566 | Food | 3648.34,JOINED,Ledger Quick_Add is expense category; Split_Method drives group.expense.split.*
569,MTR-APK-0569,Group,Shared Experience,Office Outing,Travel,Expense,2026-05-09,17:43:28,2026-05-09 17:43:28,19462.25,INR,-19462.25,APK Owner,3,PERCENTAGE,MAESTRO-APK-GROUP-OFFICE_OUTING-0569 | Travel | 19462.25,Android,B12,RAMP_501_1500,CREATED,idem-20260902-apk-0569,android,G04,OFFICE_OUTING,Expense,G04:Expense,ACTIVE,qa.tile.expense,group.expense.amount,group.expense.note,group.expense.submit,group.expense.split.percentage,Travel,MAESTRO-APK-GROUP-OFFICE_OUTING-0569 | Travel | 19462.25,JOINED,Ledger Quick_Add is expense category; Split_Method drives group.expense.split.*
572,MTR-APK-0572,Group,Shared Experience,Office Outing,Activities,Expense,2026-07-11,12:10:49,2026-07-11 12:10:49,145.6,INR,-145.6,APK Aarav,3,EXACT,MAESTRO-APK-GROUP-OFFICE_OUTING-0572 | Activities | 145.60,Android,B12,RAMP_501_1500,CREATED,idem-20260902-apk-0572,android,G04,OFFICE_OUTING,Expense,G04:Expense,ACTIVE,qa.tile.expense,group.expense.amount,group.expense.note,group.expense.submit,group.expense.split.exact,Activities,MAESTRO-APK-GROUP-OFFICE_OUTING-0572 | Activities | 145.60,JOINED,Ledger Quick_Add is expense category; Split_Method drives group.expense.split.*
575,MTR-APK-0575,Group,Shared Experience,Office Outing,Venue,Expense,2025-10-29,09:28:02,2025-10-29 09:28:02,12466.94,INR,-12466.94,APK Meera,3,SHARES,MAESTRO-APK-GROUP-OFFICE_OUTING-0575 | Venue | 12466.94,Android,B12,RAMP_501_1500,CREATED,idem-20260902-apk-0575,android,G04,OFFICE_OUTING,Expense,G04:Expense,ACTIVE,qa.tile.expense,group.expense.amount,group.expense.note,group.expense.submit,group.expense.split.shares,Venue,MAESTRO-APK-GROUP-OFFICE_OUTING-0575 | Venue | 12466.94,JOINED,Ledger Quick_Add is expense category; Split_Method drives group.expense.split.*
578,MTR-APK-0578,Group,Shared Experience,Office Outing,Other,Expense,2025-09-20,03:33:38,2025-09-20 03:33:38,10944.17,INR,-10944.17,APK Owner,3,EQUAL,MAESTRO-APK-GROUP-OFFICE_OUTING-0578 | Other | 10944.17,Android,B12,RAMP_501_1500,CREATED,idem-20260902-apk-0578,android,G04,OFFICE_OUTING,Expense,G04:Expense,ACTIVE,qa.tile.expense,group.expense.amount,group.expense.note,group.expense.submit,group.expense.split.equal,Other,MAESTRO-APK-GROUP-OFFICE_OUTING-0578 | Other | 10944.17,JOINED,Ledger Quick_Add is expense category; Split_Method drives group.expense.split.*
581,MTR-APK-0581,Group,Shared Experience,House Party,Food,Expense,2026-01-21,22:43:00,2026-01-21 22:43:00,3147.56,INR,-3147.56,APK Aarav,3,PERCENTAGE,MAESTRO-APK-GROUP-HOUSE_PARTY-0581 | Food | 3147.56,Android,B12,RAMP_501_1500,CREATED,idem-20260902-apk-0581,android,G03,HOUSE_PARTY,Expense,G03:Expense,ACTIVE,qa.tile.expense,group.expense.amount,group.expense.note,group.expense.submit,group.expense.split.percentage,Food,MAESTRO-APK-GROUP-HOUSE_PARTY-0581 | Food | 3147.56,JOINED,Ledger Quick_Add is expense category; Split_Method drives group.expense.split.*
584,MTR-APK-0584,Group,Shared Experience,House Party,Drinks,Expense,2026-06-24,06:53:51,2026-06-24 06:53:51,9690.47,INR,-9690.47,APK Meera,3,EXACT,MAESTRO-APK-GROUP-HOUSE_PARTY-0584 | Drinks | 9690.47,Android,B12,RAMP_501_1500,CREATED,idem-20260902-apk-0584,android,G03,HOUSE_PARTY,Expense,G03:Expense,ACTIVE,qa.tile.expense,group.expense.amount,group.expense.note,group.expense.submit,group.expense.split.exact,Drinks,MAESTRO-APK-GROUP-HOUSE_PARTY-0584 | Drinks | 9690.47,JOINED,Ledger Quick_Add is expense category; Split_Method drives group.expense.split.*
587,MTR-APK-0587,Group,Shared Experience,House Party,Decor,Expense,2026-03-10,06:39:47,2026-03-10 06:39:47,21507.86,INR,-21507.86,APK Owner,3,SHARES,MAESTRO-APK-GROUP-HOUSE_PARTY-0587 | Decor | 21507.86,Android,B12,RAMP_501_1500,CREATED,idem-20260902-apk-0587,android,G03,HOUSE_PARTY,Expense,G03:Expense,ACTIVE,qa.tile.expense,group.expense.amount,group.expense.note,group.expense.submit,group.expense.split.shares,Decor,MAESTRO-APK-GROUP-HOUSE_PARTY-0587 | Decor | 21507.86,JOINED,Ledger Quick_Add is expense category; Split_Method drives group.expense.split.*
590,MTR-APK-0590,Group,Shared Experience,House Party,Supplies,Expense,2025-10-26,17:58:13,2025-10-26 17:58:13,11985.89,INR,-11985.89,APK Aarav,3,EQUAL,MAESTRO-APK-GROUP-HOUSE_PARTY-0590 | Supplies | 11985.89,Android,B12,RAMP_501_1500,CREATED,idem-20260902-apk-0590,android,G03,HOUSE_PARTY,Expense,G03:Expense,ACTIVE,qa.tile.expense,group.expense.amount,group.expense.note,group.expense.submit,group.expense.split.equal,Supplies,MAESTRO-APK-GROUP-HOUSE_PARTY-0590 | Supplies | 11985.89,JOINED,Ledger Quick_Add is expense category; Split_Method drives group.expense.split.*
593,MTR-APK-0593,Group,Shared Experience,House Party,Other,Expense,2026-08-09,13:09:52,2026-08-09 13:09:52,26405.03,INR,-26405.03,APK Meera,3,PERCENTAGE,MAESTRO-APK-GROUP-HOUSE_PARTY-0593 | Other | 26405.03,Android,B12,RAMP_501_1500,CREATED,idem-20260902-apk-0593,android,G03,HOUSE_PARTY,Expense,G03:Expense,ACTIVE,qa.tile.expense,group.expense.amount,group.expense.note,group.expense.submit,group.expense.split.percentage,Other,MAESTRO-APK-GROUP-HOUSE_PARTY-0593 | Other | 26405.03,JOINED,Ledger Quick_Add is expense category; Split_Method drives group.expense.split.*
596,MTR-APK-0596,Group,Shared Purchase,Gift Pool,Contribution,Contribution,2025-10-13,07:56:52,2025-10-13 07:56:52,28630.34,INR,28630.34,APK Owner,3,EXACT,MAESTRO-APK-GROUP-GIFT_POOL-0596 | Contribution | 28630.34,Android,B12,RAMP_501_1500,CREATED,idem-20260902-apk-0596,android,G05,GIFT_POOL,Contribute,G05:Contribute,ACTIVE,qa.tile.contribute,group.contribute.amount,group.contribute.note,group.contribute.submit,group.expense.split.exact,Contribution,MAESTRO-APK-GROUP-GIFT_POOL-0596 | Contribution | 28630.34,JOINED,
599,MTR-APK-0599,Group,Shared Purchase,Gift Pool,Gift Purchase,Expense,2026-01-06,23:32:23,2026-01-06 23:32:23,652.33,INR,-652.33,APK Aarav,3,SHARES,MAESTRO-APK-GROUP-GIFT_POOL-0599 | Gift Purchase | 652.33,Android,B12,RAMP_501_1500,CREATED,idem-20260902-apk-0599,android,G05,GIFT_POOL,Expense,G05:Expense,ACTIVE,qa.tile.expense,group.expense.amount,group.expense.note,group.expense.submit,group.expense.split.shares,Gift Purchase,MAESTRO-APK-GROUP-GIFT_POOL-0599 | Gift Purchase | 652.33,JOINED,Ledger Quick_Add is expense category; Split_Method drives group.expense.split.*
602,MTR-APK-0602,Group,Shared Purchase,Gift Pool,Delivery,Expense,2025-12-19,00:10:10,2025-12-19 00:10:10,22787.14,INR,-22787.14,APK Meera,3,EQUAL,MAESTRO-APK-GROUP-GIFT_POOL-0602 | Delivery | 22787.14,Android,B13,RAMP_501_1500,CREATED,idem-20260902-apk-0602,android,G05,GIFT_POOL,Expense,G05:Expense,ACTIVE,qa.tile.expense,group.expense.amount,group.expense.note,group.expense.submit,group.expense.split.equal,Delivery,MAESTRO-APK-GROUP-GIFT_POOL-0602 | Delivery | 22787.14,JOINED,Ledger Quick_Add is expense category; Split_Method drives group.expense.split.*
605,MTR-APK-0605,Group,Shared Purchase,Gift Pool,Other,Expense,2025-10-12,16:02:05,2025-10-12 16:02:05,3844.47,INR,-3844.47,APK Owner,3,PERCENTAGE,MAESTRO-APK-GROUP-GIFT_POOL-0605 | Other | 3844.47,Android,B13,RAMP_501_1500,CREATED,idem-20260902-apk-0605,android,G05,GIFT_POOL,Expense,G05:Expense,ACTIVE,qa.tile.expense,group.expense.amount,group.expense.note,group.expense.submit,group.expense.split.percentage,Other,MAESTRO-APK-GROUP-GIFT_POOL-0605 | Other | 3844.47,JOINED,Ledger Quick_Add is expense category; Split_Method drives group.expense.split.*
608,MTR-APK-0608,Group,Shared Purchase,Purchase,Item,Expense,2026-08-17,18:39:27,2026-08-17 18:39:27,15393.91,INR,-15393.91,APK Aarav,3,EXACT,MAESTRO-APK-GROUP-PURCHASE-0608 | Item | 15393.91,Android,B13,RAMP_501_1500,CREATED,idem-20260902-apk-0608,android,G06,GROUP_PURCHASE,Expense,G06:Expense,ACTIVE,qa.tile.expense,group.expense.amount,group.expense.note,group.expense.submit,group.expense.split.exact,Item,MAESTRO-APK-GROUP-PURCHASE-0608 | Item | 15393.91,JOINED,Ledger Quick_Add is expense category; Split_Method drives group.expense.split.*
611,MTR-APK-0611,Group,Shared Purchase,Purchase,Shipping,Expense,2026-06-18,07:35:59,2026-06-18 07:35:59,19211.71,INR,-19211.71,APK Meera,3,SHARES,MAESTRO-APK-GROUP-PURCHASE-0611 | Shipping | 19211.71,Android,B13,RAMP_501_1500,CREATED,idem-20260902-apk-0611,android,G06,GROUP_PURCHASE,Expense,G06:Expense,ACTIVE,qa.tile.expense,group.expense.amount,group.expense.note,group.expense.submit,group.expense.split.shares,Shipping,MAESTRO-APK-GROUP-PURCHASE-0611 | Shipping | 19211.71,JOINED,Ledger Quick_Add is expense category; Split_Method drives group.expense.split.*
614,MTR-APK-0614,Group,Shared Purchase,Purchase,Tax,Expense,2025-12-30,15:13:09,2025-12-30 15:13:09,9137.72,INR,-9137.72,APK Owner,3,EQUAL,MAESTRO-APK-GROUP-PURCHASE-0614 | Tax | 9137.72,Android,B13,RAMP_501_1500,CREATED,idem-20260902-apk-0614,android,G06,GROUP_PURCHASE,Expense,G06:Expense,ACTIVE,qa.tile.expense,group.expense.amount,group.expense.note,group.expense.submit,group.expense.split.equal,Tax,MAESTRO-APK-GROUP-PURCHASE-0614 | Tax | 9137.72,JOINED,Ledger Quick_Add is expense category; Split_Method drives group.expense.split.*
617,MTR-APK-0617,Group,Shared Purchase,Purchase,Other,Expense,2025-10-23,17:08:50,2025-10-23 17:08:50,24387.42,INR,-24387.42,APK Aarav,3,PERCENTAGE,MAESTRO-APK-GROUP-PURCHASE-0617 | Other | 24387.42,Android,B13,RAMP_501_1500,CREATED,idem-20260902-apk-0617,android,G06,GROUP_PURCHASE,Expense,G06:Expense,ACTIVE,qa.tile.expense,group.expense.amount,group.expense.note,group.expense.submit,group.expense.split.percentage,Other,MAESTRO-APK-GROUP-PURCHASE-0617 | Other | 24387.42,JOINED,Ledger Quick_Add is expense category; Split_Method drives group.expense.split.*
620,MTR-APK-0620,Group,Shared Purchase,Assets,Purchase,Expense,2026-07-07,19:40:12,2026-07-07 19:40:12,3771.51,INR,-3771.51,APK Meera,3,EXACT,MAESTRO-APK-GROUP-ASSETS-0620 | Purchase | 3771.51,Android,B13,RAMP_501_1500,CREATED,idem-20260902-apk-0620,android,G07,SHARED_ASSET,Expense,G07:Expense,ACTIVE,qa.tile.expense,group.expense.amount,group.expense.note,group.expense.submit,group.expense.split.exact,Purchase,MAESTRO-APK-GROUP-ASSETS-0620 | Purchase | 3771.51,JOINED,Ledger Quick_Add is expense category; Split_Method drives group.expense.split.*
623,MTR-APK-0623,Group,Shared Purchase,Assets,Maintenance,Expense,2025-11-09,15:01:10,2025-11-09 15:01:10,14557.81,INR,-14557.81,APK Owner,3,SHARES,MAESTRO-APK-GROUP-ASSETS-0623 | Maintenance | 14557.81,Android,B13,RAMP_501_1500,CREATED,idem-20260902-apk-0623,android,G07,SHARED_ASSET,Expense,G07:Expense,ACTIVE,qa.tile.expense,group.expense.amount,group.expense.note,group.expense.submit,group.expense.split.shares,Maintenance,MAESTRO-APK-GROUP-ASSETS-0623 | Maintenance | 14557.81,JOINED,Ledger Quick_Add is expense category; Split_Method drives group.expense.split.*
626,MTR-APK-0626,Group,Shared Purchase,Assets,Repair,Expense,2026-07-14,20:45:29,2026-07-14 20:45:29,19300.4,INR,-19300.4,APK Aarav,3,EQUAL,MAESTRO-APK-GROUP-ASSETS-0626 | Repair | 19300.40,Android,B13,RAMP_501_1500,CREATED,idem-20260902-apk-0626,android,G07,SHARED_ASSET,Expense,G07:Expense,ACTIVE,qa.tile.expense,group.expense.amount,group.expense.note,group.expense.submit,group.expense.split.equal,Repair,MAESTRO-APK-GROUP-ASSETS-0626 | Repair | 19300.40,JOINED,Ledger Quick_Add is expense category; Split_Method drives group.expense.split.*
629,MTR-APK-0629,Group,Shared Purchase,Assets,Insurance,Expense,2025-12-26,16:28:23,2025-12-26 16:28:23,10000.0,INR,-10000.0,APK Meera,3,PERCENTAGE,MAESTRO-APK-GROUP-ASSETS-0629 | Insurance | 10000.00,Android,B13,RAMP_501_1500,CREATED,idem-20260902-apk-0629,android,G07,SHARED_ASSET,Expense,G07:Expense,ACTIVE,qa.tile.expense,group.expense.amount,group.expense.note,group.expense.submit,group.expense.split.percentage,Insurance,MAESTRO-APK-GROUP-ASSETS-0629 | Insurance | 10000.00,JOINED,Ledger Quick_Add is expense category; Split_Method drives group.expense.split.*
632,MTR-APK-0632,Group,Shared Purchase,Assets,Other,Expense,2026-01-08,16:17:38,2026-01-08 16:17:38,9797.18,INR,-9797.18,APK Owner,3,EXACT,MAESTRO-APK-GROUP-ASSETS-0632 | Other | 9797.18,Android,B13,RAMP_501_1500,CREATED,idem-20260902-apk-0632,android,G07,SHARED_ASSET,Expense,G07:Expense,ACTIVE,qa.tile.expense,group.expense.amount,group.expense.note,group.expense.submit,group.expense.split.exact,Other,MAESTRO-APK-GROUP-ASSETS-0632 | Other | 9797.18,JOINED,Ledger Quick_Add is expense category; Split_Method drives group.expense.split.*
635,MTR-APK-0635,Group,Shared Purchase,Custom Purchase,Custom Expense,Expense,2025-09-18,14:15:49,2025-09-18 14:15:49,20998.33,INR,-20998.33,APK Aarav,3,SHARES,MAESTRO-APK-GROUP-CUSTOM_PURCHASE-0635 | Custom Expense | 20998.33,Android,B13,RAMP_501_1500,CREATED,idem-20260902-apk-0635,android,G08,COMMUNITY_PURCHASE,Expense,G08:Expense,ACTIVE,qa.tile.expense,group.expense.amount,group.expense.note,group.expense.submit,group.expense.split.shares,Custom Expense,MAESTRO-APK-GROUP-CUSTOM_PURCHASE-0635 | Custom Expense | 20998.33,JOINED,Ledger Quick_Add is expense category; Split_Method drives group.expense.split.*
638,MTR-APK-0638,Group,Shared Purchase,Custom Purchase,Custom Contribution,Contribution,2026-03-27,02:57:39,2026-03-27 02:57:39,4243.98,INR,4243.98,APK Meera,3,EQUAL,MAESTRO-APK-GROUP-CUSTOM_PURCHASE-0638 | Custom Contribution | 4243.98,Android,B13,RAMP_501_1500,CREATED,idem-20260902-apk-0638,android,G08,COMMUNITY_PURCHASE,Contribute,G08:Contribute,ACTIVE,qa.tile.contribute,group.contribute.amount,group.contribute.note,group.contribute.submit,group.expense.split.equal,Custom Contribution,MAESTRO-APK-GROUP-CUSTOM_PURCHASE-0638 | Custom Contribution | 4243.98,JOINED,
641,MTR-APK-0641,Group,Shared Living,Flatmates,Rent,Expense,2026-08-18,02:36:44,2026-08-18 02:36:44,20831.5,INR,-20831.5,APK Owner,3,PERCENTAGE,MAESTRO-APK-GROUP-FLATMATES-0641 | Rent | 20831.50,Android,B13,RAMP_501_1500,CREATED,idem-20260902-apk-0641,android,G09,FLATMATES,Expense,G09:Expense,ACTIVE,qa.tile.expense,group.expense.amount,group.expense.note,group.expense.submit,group.expense.split.percentage,Rent,MAESTRO-APK-GROUP-FLATMATES-0641 | Rent | 20831.50,JOINED,Ledger Quick_Add is expense category; Split_Method drives group.expense.split.*
644,MTR-APK-0644,Group,Shared Living,Flatmates,Utilities,Expense,2026-09-01,11:30:46,2026-09-01 11:30:46,13764.51,INR,-13764.51,APK Aarav,3,EXACT,MAESTRO-APK-GROUP-FLATMATES-0644 | Utilities | 13764.51,Android,B13,RAMP_501_1500,CREATED,idem-20260902-apk-0644,android,G09,FLATMATES,Expense,G09:Expense,ACTIVE,qa.tile.expense,group.expense.amount,group.expense.note,group.expense.submit,group.expense.split.exact,Utilities,MAESTRO-APK-GROUP-FLATMATES-0644 | Utilities | 13764.51,JOINED,Ledger Quick_Add is expense category; Split_Method drives group.expense.split.*
647,MTR-APK-0647,Group,Shared Living,Flatmates,Groceries,Expense,2026-05-01,13:34:11,2026-05-01 13:34:11,22293.19,INR,-22293.19,APK Meera,3,SHARES,MAESTRO-APK-GROUP-FLATMATES-0647 | Groceries | 22293.19,Android,B13,RAMP_501_1500,CREATED,idem-20260902-apk-0647,android,G09,FLATMATES,Expense,G09:Expense,ACTIVE,qa.tile.expense,group.expense.amount,group.expense.note,group.expense.submit,group.expense.split.shares,Groceries,MAESTRO-APK-GROUP-FLATMATES-0647 | Groceries | 22293.19,JOINED,Ledger Quick_Add is expense category; Split_Method drives group.expense.split.*
650,MTR-APK-0650,Group,Shared Living,Flatmates,Internet,Expense,2026-01-25,13:13:52,2026-01-25 13:13:52,7830.71,INR,-7830.71,APK Owner,3,EQUAL,MAESTRO-APK-GROUP-FLATMATES-0650 | Internet | 7830.71,Android,B13,RAMP_501_1500,CREATED,idem-20260902-apk-0650,android,G09,FLATMATES,Expense,G09:Expense,ACTIVE,qa.tile.expense,group.expense.amount,group.expense.note,group.expense.submit,group.expense.split.equal,Internet,MAESTRO-APK-GROUP-FLATMATES-0650 | Internet | 7830.71,JOINED,Ledger Quick_Add is expense category; Split_Method drives group.expense.split.*
653,MTR-APK-0653,Group,Shared Living,Flatmates,House Supplies,Expense,2026-04-10,16:54:57,2026-04-10 16:54:57,26895.15,INR,-26895.15,APK Aarav,3,PERCENTAGE,MAESTRO-APK-GROUP-FLATMATES-0653 | House Supplies | 26895.15,Android,B14,RAMP_501_1500,CREATED,idem-20260902-apk-0653,android,G09,FLATMATES,Expense,G09:Expense,ACTIVE,qa.tile.expense,group.expense.amount,group.expense.note,group.expense.submit,group.expense.split.percentage,House Supplies,MAESTRO-APK-GROUP-FLATMATES-0653 | House Supplies | 26895.15,JOINED,Ledger Quick_Add is expense category; Split_Method drives group.expense.split.*
656,MTR-APK-0656,Group,Shared Living,Flatmates,Repairs,Expense,2026-05-12,18:44:54,2026-05-12 18:44:54,17364.84,INR,-17364.84,APK Meera,3,EXACT,MAESTRO-APK-GROUP-FLATMATES-0656 | Repairs | 17364.84,Android,B14,RAMP_501_1500,CREATED,idem-20260902-apk-0656,android,G09,FLATMATES,Expense,G09:Expense,ACTIVE,qa.tile.expense,group.expense.amount,group.expense.note,group.expense.submit,group.expense.split.exact,Repairs,MAESTRO-APK-GROUP-FLATMATES-0656 | Repairs | 17364.84,JOINED,Ledger Quick_Add is expense category; Split_Method drives group.expense.split.*
659,MTR-APK-0659,Group,Shared Living,Shared Living,Rent,Expense,2025-11-26,08:22:34,2025-11-26 08:22:34,28329.75,INR,-28329.75,APK Owner,3,SHARES,MAESTRO-APK-GROUP-SHARED_LIVING-0659 | Rent | 28329.75,Android,B14,RAMP_501_1500,CREATED,idem-20260902-apk-0659,android,G11,CO_LIVING,Expense,G11:Expense,ACTIVE,qa.tile.expense,group.expense.amount,group.expense.note,group.expense.submit,group.expense.split.shares,Rent,MAESTRO-APK-GROUP-SHARED_LIVING-0659 | Rent | 28329.75,JOINED,Ledger Quick_Add is expense category; Split_Method drives group.expense.split.*
662,MTR-APK-0662,Group,Shared Living,Shared Living,Utilities,Expense,2026-08-21,03:02:46,2026-08-21 03:02:46,1126.88,INR,-1126.88,APK Aarav,3,EQUAL,MAESTRO-APK-GROUP-SHARED_LIVING-0662 | Utilities | 1126.88,Android,B14,RAMP_501_1500,CREATED,idem-20260902-apk-0662,android,G11,CO_LIVING,Expense,G11:Expense,ACTIVE,qa.tile.expense,group.expense.amount,group.expense.note,group.expense.submit,group.expense.split.equal,Utilities,MAESTRO-APK-GROUP-SHARED_LIVING-0662 | Utilities | 1126.88,JOINED,Ledger Quick_Add is expense category; Split_Method drives group.expense.split.*
665,MTR-APK-0665,Group,Shared Living,Shared Living,Groceries,Expense,2026-02-20,15:14:11,2026-02-20 15:14:11,23743.13,INR,-23743.13,APK Meera,3,PERCENTAGE,MAESTRO-APK-GROUP-SHARED_LIVING-0665 | Groceries | 23743.13,Android,B14,RAMP_501_1500,CREATED,idem-20260902-apk-0665,android,G11,CO_LIVING,Expense,G11:Expense,ACTIVE,qa.tile.expense,group.expense.amount,group.expense.note,group.expense.submit,group.expense.split.percentage,Groceries,MAESTRO-APK-GROUP-SHARED_LIVING-0665 | Groceries | 23743.13,JOINED,Ledger Quick_Add is expense category; Split_Method drives group.expense.split.*
668,MTR-APK-0668,Group,Shared Living,Shared Living,Maintenance,Expense,2026-04-15,13:33:25,2026-04-15 13:33:25,29915.54,INR,-29915.54,APK Owner,3,EXACT,MAESTRO-APK-GROUP-SHARED_LIVING-0668 | Maintenance | 29915.54,Android,B14,RAMP_501_1500,CREATED,idem-20260902-apk-0668,android,G11,CO_LIVING,Expense,G11:Expense,ACTIVE,qa.tile.expense,group.expense.amount,group.expense.note,group.expense.submit,group.expense.split.exact,Maintenance,MAESTRO-APK-GROUP-SHARED_LIVING-0668 | Maintenance | 29915.54,JOINED,Ledger Quick_Add is expense category; Split_Method drives group.expense.split.*
671,MTR-APK-0671,Group,Shared Living,Shared Living,Other,Expense,2026-05-26,15:25:57,2026-05-26 15:25:57,16577.39,INR,-16577.39,APK Aarav,3,SHARES,MAESTRO-APK-GROUP-SHARED_LIVING-0671 | Other | 16577.39,Android,B14,RAMP_501_1500,CREATED,idem-20260902-apk-0671,android,G11,CO_LIVING,Expense,G11:Expense,ACTIVE,qa.tile.expense,group.expense.amount,group.expense.note,group.expense.submit,group.expense.split.shares,Other,MAESTRO-APK-GROUP-SHARED_LIVING-0671 | Other | 16577.39,JOINED,Ledger Quick_Add is expense category; Split_Method drives group.expense.split.*
674,MTR-APK-0674,Group,Shared Living,Family Household,Transport,Expense,2025-11-16,23:22:06,2025-11-16 23:22:06,27212.7,INR,-27212.7,APK Meera,3,EQUAL,MAESTRO-APK-GROUP-FAMILY_HOUSEHOLD-0674 | Transport | 27212.70,Android,B14,RAMP_501_1500,CREATED,idem-20260902-apk-0674,android,G10,FAMILY_HOUSEHOLD,Expense,G10:Expense,ACTIVE,qa.tile.expense,group.expense.amount,group.expense.note,group.expense.submit,group.expense.split.equal,Transport,MAESTRO-APK-GROUP-FAMILY_HOUSEHOLD-0674 | Transport | 27212.70,JOINED,Ledger Quick_Add is expense category; Split_Method drives group.expense.split.*
677,MTR-APK-0677,Group,Shared Living,Family Household,Bills,Expense,2026-06-08,00:34:52,2026-06-08 00:34:52,6048.63,INR,-6048.63,APK Owner,3,PERCENTAGE,MAESTRO-APK-GROUP-FAMILY_HOUSEHOLD-0677 | Bills | 6048.63,Android,B14,RAMP_501_1500,CREATED,idem-20260902-apk-0677,android,G10,FAMILY_HOUSEHOLD,Expense,G10:Expense,ACTIVE,qa.tile.expense,group.expense.amount,group.expense.note,group.expense.submit,group.expense.split.percentage,Bills,MAESTRO-APK-GROUP-FAMILY_HOUSEHOLD-0677 | Bills | 6048.63,JOINED,Ledger Quick_Add is expense category; Split_Method drives group.expense.split.*
680,MTR-APK-0680,Group,Shared Living,Family Household,Utilities,Expense,2026-05-12,15:37:14,2026-05-12 15:37:14,13886.91,INR,-13886.91,APK Aarav,3,EXACT,MAESTRO-APK-GROUP-FAMILY_HOUSEHOLD-0680 | Utilities | 13886.91,Android,B14,RAMP_501_1500,CREATED,idem-20260902-apk-0680,android,G10,FAMILY_HOUSEHOLD,Expense,G10:Expense,ACTIVE,qa.tile.expense,group.expense.amount,group.expense.note,group.expense.submit,group.expense.split.exact,Utilities,MAESTRO-APK-GROUP-FAMILY_HOUSEHOLD-0680 | Utilities | 13886.91,JOINED,Ledger Quick_Add is expense category; Split_Method drives group.expense.split.*
683,MTR-APK-0683,Group,Shared Living,Family Household,Healthcare,Expense,2025-12-27,11:58:41,2025-12-27 11:58:41,12577.4,INR,-12577.4,APK Meera,3,SHARES,MAESTRO-APK-GROUP-FAMILY_HOUSEHOLD-0683 | Healthcare | 12577.40,Android,B14,RAMP_501_1500,CREATED,idem-20260902-apk-0683,android,G10,FAMILY_HOUSEHOLD,Expense,G10:Expense,ACTIVE,qa.tile.expense,group.expense.amount,group.expense.note,group.expense.submit,group.expense.split.shares,Healthcare,MAESTRO-APK-GROUP-FAMILY_HOUSEHOLD-0683 | Healthcare | 12577.40,JOINED,Ledger Quick_Add is expense category; Split_Method drives group.expense.split.*
686,MTR-APK-0686,Group,Shared Living,Family Household,School,Expense,2025-12-09,11:24:10,2025-12-09 11:24:10,14948.56,INR,-14948.56,APK Owner,3,EQUAL,MAESTRO-APK-GROUP-FAMILY_HOUSEHOLD-0686 | School | 14948.56,Android,B14,RAMP_501_1500,CREATED,idem-20260902-apk-0686,android,G10,FAMILY_HOUSEHOLD,Expense,G10:Expense,ACTIVE,qa.tile.expense,group.expense.amount,group.expense.note,group.expense.submit,group.expense.split.equal,School,MAESTRO-APK-GROUP-FAMILY_HOUSEHOLD-0686 | School | 14948.56,JOINED,Ledger Quick_Add is expense category; Split_Method drives group.expense.split.*
689,MTR-APK-0689,Group,Shared Living,Family Household,Other,Expense,2025-12-16,02:47:57,2025-12-16 02:47:57,15058.51,INR,-15058.51,APK Aarav,3,PERCENTAGE,MAESTRO-APK-GROUP-FAMILY_HOUSEHOLD-0689 | Other | 15058.51,Android,B14,RAMP_501_1500,CREATED,idem-20260902-apk-0689,android,G10,FAMILY_HOUSEHOLD,Expense,G10:Expense,ACTIVE,qa.tile.expense,group.expense.amount,group.expense.note,group.expense.submit,group.expense.split.percentage,Other,MAESTRO-APK-GROUP-FAMILY_HOUSEHOLD-0689 | Other | 15058.51,JOINED,Ledger Quick_Add is expense category; Split_Method drives group.expense.split.*
692,MTR-APK-0692,Group,Shared Living,Custom Living,Custom Expense,Expense,2025-10-28,08:01:58,2025-10-28 08:01:58,9985.12,INR,-9985.12,APK Meera,3,EXACT,MAESTRO-APK-GROUP-CUSTOM_LIVING-0692 | Custom Expense | 9985.12,Android,B14,RAMP_501_1500,CREATED,idem-20260902-apk-0692,android,G12,COMMUNITY_LIVING,Expense,G12:Expense,ACTIVE,qa.tile.expense,group.expense.amount,group.expense.note,group.expense.submit,group.expense.split.exact,Custom Expense,MAESTRO-APK-GROUP-CUSTOM_LIVING-0692 | Custom Expense | 9985.12,JOINED,Ledger Quick_Add is expense category; Split_Method drives group.expense.split.*
695,MTR-APK-0695,Group,Shared Living,Custom Living,Custom Contribution,Contribution,2026-07-14,01:40:34,2026-07-14 01:40:34,29179.7,INR,29179.7,APK Owner,3,SHARES,MAESTRO-APK-GROUP-CUSTOM_LIVING-0695 | Custom Contribution | 29179.70,Android,B14,RAMP_501_1500,CREATED,idem-20260902-apk-0695,android,G12,COMMUNITY_LIVING,Contribute,G12:Contribute,,qa.tile.contribute,group.contribute.amount,group.contribute.note,group.contribute.submit,group.expense.split.shares,Custom Contribution,MAESTRO-APK-GROUP-CUSTOM_LIVING-0695 | Custom Contribution | 29179.70,SKIP_CAPABILITY_GAP,Custom Living hub has no Contribution tile (same as Family Household)
698,MTR-APK-0698,Group,Shared Experience,Trip,Travel,Expense,2026-03-07,01:27:29,2026-03-07 01:27:29,10464.83,INR,-10464.83,APK Aarav,3,EQUAL,MAESTRO-APK-GROUP-TRIP-0698 | Travel | 10464.83,Android,B14,RAMP_501_1500,CREATED,idem-20260902-apk-0698,android,G01,TRIP,Expense,G01:Expense,ACTIVE,qa.tile.expense,group.expense.amount,group.expense.note,group.expense.submit,group.expense.split.equal,Travel,MAESTRO-APK-GROUP-TRIP-0698 | Travel | 10464.83,JOINED,Ledger Quick_Add is expense category; Split_Method drives group.expense.split.*
701,MTR-APK-0701,Group,Shared Experience,Trip,Stay,Expense,2025-12-25,00:19:40,2025-12-25 00:19:40,20003.98,INR,-20003.98,APK Meera,3,PERCENTAGE,MAESTRO-APK-GROUP-TRIP-0701 | Stay | 20003.98,Android,B15,RAMP_501_1500,CREATED,idem-20260902-apk-0701,android,G01,TRIP,Expense,G01:Expense,ACTIVE,qa.tile.expense,group.expense.amount,group.expense.note,group.expense.submit,group.expense.split.percentage,Stay,MAESTRO-APK-GROUP-TRIP-0701 | Stay | 20003.98,JOINED,Ledger Quick_Add is expense category; Split_Method drives group.expense.split.*
704,MTR-APK-0704,Group,Shared Experience,Trip,Food,Expense,2025-09-29,17:55:10,2025-09-29 17:55:10,14695.47,INR,-14695.47,APK Owner,3,EXACT,MAESTRO-APK-GROUP-TRIP-0704 | Food | 14695.47,Android,B15,RAMP_501_1500,CREATED,idem-20260902-apk-0704,android,G01,TRIP,Expense,G01:Expense,ACTIVE,qa.tile.expense,group.expense.amount,group.expense.note,group.expense.submit,group.expense.split.exact,Food,MAESTRO-APK-GROUP-TRIP-0704 | Food | 14695.47,JOINED,Ledger Quick_Add is expense category; Split_Method drives group.expense.split.*
707,MTR-APK-0707,Group,Shared Experience,Trip,Local Transport,Expense,2026-03-19,04:01:27,2026-03-19 04:01:27,10822.12,INR,-10822.12,APK Aarav,3,SHARES,MAESTRO-APK-GROUP-TRIP-0707 | Local Transport | 10822.12,Android,B15,RAMP_501_1500,CREATED,idem-20260902-apk-0707,android,G01,TRIP,Expense,G01:Expense,ACTIVE,qa.tile.expense,group.expense.amount,group.expense.note,group.expense.submit,group.expense.split.shares,Local Transport,MAESTRO-APK-GROUP-TRIP-0707 | Local Transport | 10822.12,JOINED,Ledger Quick_Add is expense category; Split_Method drives group.expense.split.*
710,MTR-APK-0710,Group,Shared Experience,Trip,Activities,Expense,2026-05-16,09:20:30,2026-05-16 09:20:30,22464.77,INR,-22464.77,APK Meera,3,EQUAL,MAESTRO-APK-GROUP-TRIP-0710 | Activities | 22464.77,Android,B15,RAMP_501_1500,CREATED,idem-20260902-apk-0710,android,G01,TRIP,Expense,G01:Expense,ACTIVE,qa.tile.expense,group.expense.amount,group.expense.note,group.expense.submit,group.expense.split.equal,Activities,MAESTRO-APK-GROUP-TRIP-0710 | Activities | 22464.77,JOINED,Ledger Quick_Add is expense category; Split_Method drives group.expense.split.*
713,MTR-APK-0713,Group,Shared Experience,Trip,Shopping,Expense,2026-04-08,14:16:59,2026-04-08 14:16:59,5253.26,INR,-5253.26,APK Owner,3,PERCENTAGE,MAESTRO-APK-GROUP-TRIP-0713 | Shopping | 5253.26,Android,B15,RAMP_501_1500,CREATED,idem-20260902-apk-0713,android,G01,TRIP,Expense,G01:Expense,ACTIVE,qa.tile.expense,group.expense.amount,group.expense.note,group.expense.submit,group.expense.split.percentage,Shopping,MAESTRO-APK-GROUP-TRIP-0713 | Shopping | 5253.26,JOINED,Ledger Quick_Add is expense category; Split_Method drives group.expense.split.*
716,MTR-APK-0716,Group,Shared Experience,Trip,Other,Expense,2025-10-18,17:02:44,2025-10-18 17:02:44,4620.9,INR,-4620.9,APK Aarav,3,EXACT,MAESTRO-APK-GROUP-TRIP-0716 | Other | 4620.90,Android,B15,RAMP_501_1500,CREATED,idem-20260902-apk-0716,android,G01,TRIP,Expense,G01:Expense,ACTIVE,qa.tile.expense,group.expense.amount,group.expense.note,group.expense.submit,group.expense.split.exact,Other,MAESTRO-APK-GROUP-TRIP-0716 | Other | 4620.90,JOINED,Ledger Quick_Add is expense category; Split_Method drives group.expense.split.*
719,MTR-APK-0719,Group,Shared Experience,Wedding,Venue,Expense,2026-01-21,12:42:18,2026-01-21 12:42:18,19462.91,INR,-19462.91,APK Meera,3,SHARES,MAESTRO-APK-GROUP-WEDDING-0719 | Venue | 19462.91,Android,B15,RAMP_501_1500,CREATED,idem-20260902-apk-0719,android,G02,WEDDING,Expense,G02:Expense,ACTIVE,qa.tile.expense,group.expense.amount,group.expense.note,group.expense.submit,group.expense.split.shares,Venue,MAESTRO-APK-GROUP-WEDDING-0719 | Venue | 19462.91,JOINED,Ledger Quick_Add is expense category; Split_Method drives group.expense.split.*
722,MTR-APK-0722,Group,Shared Experience,Wedding,Catering,Expense,2026-04-01,17:41:44,2026-04-01 17:41:44,27643.31,INR,-27643.31,APK Owner,3,EQUAL,MAESTRO-APK-GROUP-WEDDING-0722 | Catering | 27643.31,Android,B15,RAMP_501_1500,CREATED,idem-20260902-apk-0722,android,G02,WEDDING,Expense,G02:Expense,ACTIVE,qa.tile.expense,group.expense.amount,group.expense.note,group.expense.submit,group.expense.split.equal,Catering,MAESTRO-APK-GROUP-WEDDING-0722 | Catering | 27643.31,JOINED,Ledger Quick_Add is expense category; Split_Method drives group.expense.split.*
725,MTR-APK-0725,Group,Shared Experience,Wedding,Decor,Expense,2025-12-24,16:29:27,2025-12-24 16:29:27,6148.1,INR,-6148.1,APK Aarav,3,PERCENTAGE,MAESTRO-APK-GROUP-WEDDING-0725 | Decor | 6148.10,Android,B15,RAMP_501_1500,CREATED,idem-20260902-apk-0725,android,G02,WEDDING,Expense,G02:Expense,ACTIVE,qa.tile.expense,group.expense.amount,group.expense.note,group.expense.submit,group.expense.split.percentage,Decor,MAESTRO-APK-GROUP-WEDDING-0725 | Decor | 6148.10,JOINED,Ledger Quick_Add is expense category; Split_Method drives group.expense.split.*
728,MTR-APK-0728,Group,Shared Experience,Wedding,Travel,Expense,2026-04-06,23:56:03,2026-04-06 23:56:03,15920.39,INR,-15920.39,APK Meera,3,EXACT,MAESTRO-APK-GROUP-WEDDING-0728 | Travel | 15920.39,Android,B15,RAMP_501_1500,CREATED,idem-20260902-apk-0728,android,G02,WEDDING,Expense,G02:Expense,ACTIVE,qa.tile.expense,group.expense.amount,group.expense.note,group.expense.submit,group.expense.split.exact,Travel,MAESTRO-APK-GROUP-WEDDING-0728 | Travel | 15920.39,JOINED,Ledger Quick_Add is expense category; Split_Method drives group.expense.split.*
731,MTR-APK-0731,Group,Shared Experience,Wedding,Gifts,Expense,2025-09-02,20:47:49,2025-09-02 20:47:49,8905.45,INR,-8905.45,APK Owner,3,SHARES,MAESTRO-APK-GROUP-WEDDING-0731 | Gifts | 8905.45,Android,B15,RAMP_501_1500,CREATED,idem-20260902-apk-0731,android,G02,WEDDING,Expense,G02:Expense,ACTIVE,qa.tile.expense,group.expense.amount,group.expense.note,group.expense.submit,group.expense.split.shares,Gifts,MAESTRO-APK-GROUP-WEDDING-0731 | Gifts | 8905.45,JOINED,Ledger Quick_Add is expense category; Split_Method drives group.expense.split.*
734,MTR-APK-0734,Group,Shared Experience,Wedding,Photography,Expense,2026-06-10,07:06:12,2026-06-10 07:06:12,18763.93,INR,-18763.93,APK Aarav,3,EQUAL,MAESTRO-APK-GROUP-WEDDING-0734 | Photography | 18763.93,Android,B15,RAMP_501_1500,CREATED,idem-20260902-apk-0734,android,G02,WEDDING,Expense,G02:Expense,ACTIVE,qa.tile.expense,group.expense.amount,group.expense.note,group.expense.submit,group.expense.split.equal,Photography,MAESTRO-APK-GROUP-WEDDING-0734 | Photography | 18763.93,JOINED,Ledger Quick_Add is expense category; Split_Method drives group.expense.split.*
737,MTR-APK-0737,Group,Shared Experience,Wedding,Other,Expense,2026-03-16,02:20:05,2026-03-16 02:20:05,24163.28,INR,-24163.28,APK Meera,3,PERCENTAGE,MAESTRO-APK-GROUP-WEDDING-0737 | Other | 24163.28,Android,B15,RAMP_501_1500,CREATED,idem-20260902-apk-0737,android,G02,WEDDING,Expense,G02:Expense,ACTIVE,qa.tile.expense,group.expense.amount,group.expense.note,group.expense.submit,group.expense.split.percentage,Other,MAESTRO-APK-GROUP-WEDDING-0737 | Other | 24163.28,JOINED,Ledger Quick_Add is expense category; Split_Method drives group.expense.split.*
740,MTR-APK-0740,Group,Shared Experience,Office Outing,Food,Expense,2026-02-09,00:14:10,2026-02-09 00:14:10,99.99,INR,-99.99,APK Owner,3,EXACT,MAESTRO-APK-GROUP-OFFICE_OUTING-0740 | Food | 99.99,Android,B15,RAMP_501_1500,CREATED,idem-20260902-apk-0740,android,G04,OFFICE_OUTING,Expense,G04:Expense,ACTIVE,qa.tile.expense,group.expense.amount,group.expense.note,group.expense.submit,group.expense.split.exact,Food,MAESTRO-APK-GROUP-OFFICE_OUTING-0740 | Food | 99.99,JOINED,Ledger Quick_Add is expense category; Split_Method drives group.expense.split.*
743,MTR-APK-0743,Group,Shared Experience,Office Outing,Travel,Expense,2025-09-27,03:17:59,2025-09-27 03:17:59,3286.45,INR,-3286.45,APK Aarav,3,SHARES,MAESTRO-APK-GROUP-OFFICE_OUTING-0743 | Travel | 3286.45,Android,B15,RAMP_501_1500,CREATED,idem-20260902-apk-0743,android,G04,OFFICE_OUTING,Expense,G04:Expense,ACTIVE,qa.tile.expense,group.expense.amount,group.expense.note,group.expense.submit,group.expense.split.shares,Travel,MAESTRO-APK-GROUP-OFFICE_OUTING-0743 | Travel | 3286.45,JOINED,Ledger Quick_Add is expense category; Split_Method drives group.expense.split.*
746,MTR-APK-0746,Group,Shared Experience,Office Outing,Activities,Expense,2026-02-06,09:02:49,2026-02-06 09:02:49,25119.83,INR,-25119.83,APK Meera,3,EQUAL,MAESTRO-APK-GROUP-OFFICE_OUTING-0746 | Activities | 25119.83,Android,B15,RAMP_501_1500,CREATED,idem-20260902-apk-0746,android,G04,OFFICE_OUTING,Expense,G04:Expense,ACTIVE,qa.tile.expense,group.expense.amount,group.expense.note,group.expense.submit,group.expense.split.equal,Activities,MAESTRO-APK-GROUP-OFFICE_OUTING-0746 | Activities | 25119.83,JOINED,Ledger Quick_Add is expense category; Split_Method drives group.expense.split.*
749,MTR-APK-0749,Group,Shared Experience,Office Outing,Venue,Expense,2025-12-14,16:29:47,2025-12-14 16:29:47,8528.31,INR,-8528.31,APK Owner,3,PERCENTAGE,MAESTRO-APK-GROUP-OFFICE_OUTING-0749 | Venue | 8528.31,Android,B15,RAMP_501_1500,CREATED,idem-20260902-apk-0749,android,G04,OFFICE_OUTING,Expense,G04:Expense,ACTIVE,qa.tile.expense,group.expense.amount,group.expense.note,group.expense.submit,group.expense.split.percentage,Venue,MAESTRO-APK-GROUP-OFFICE_OUTING-0749 | Venue | 8528.31,JOINED,Ledger Quick_Add is expense category; Split_Method drives group.expense.split.*
752,MTR-APK-0752,Group,Shared Experience,Office Outing,Other,Expense,2026-05-11,00:55:45,2026-05-11 00:55:45,5688.92,INR,-5688.92,APK Aarav,3,EXACT,MAESTRO-APK-GROUP-OFFICE_OUTING-0752 | Other | 5688.92,Android,B16,RAMP_501_1500,CREATED,idem-20260902-apk-0752,android,G04,OFFICE_OUTING,Expense,G04:Expense,ACTIVE,qa.tile.expense,group.expense.amount,group.expense.note,group.expense.submit,group.expense.split.exact,Other,MAESTRO-APK-GROUP-OFFICE_OUTING-0752 | Other | 5688.92,JOINED,Ledger Quick_Add is expense category; Split_Method drives group.expense.split.*
755,MTR-APK-0755,Group,Shared Experience,House Party,Food,Expense,2025-12-16,10:27:41,2025-12-16 10:27:41,11309.44,INR,-11309.44,APK Meera,3,SHARES,MAESTRO-APK-GROUP-HOUSE_PARTY-0755 | Food | 11309.44,Android,B16,RAMP_501_1500,CREATED,idem-20260902-apk-0755,android,G03,HOUSE_PARTY,Expense,G03:Expense,ACTIVE,qa.tile.expense,group.expense.amount,group.expense.note,group.expense.submit,group.expense.split.shares,Food,MAESTRO-APK-GROUP-HOUSE_PARTY-0755 | Food | 11309.44,JOINED,Ledger Quick_Add is expense category; Split_Method drives group.expense.split.*
758,MTR-APK-0758,Group,Shared Experience,House Party,Drinks,Expense,2026-01-24,23:56:30,2026-01-24 23:56:30,27281.41,INR,-27281.41,APK Owner,3,EQUAL,MAESTRO-APK-GROUP-HOUSE_PARTY-0758 | Drinks | 27281.41,Android,B16,RAMP_501_1500,CREATED,idem-20260902-apk-0758,android,G03,HOUSE_PARTY,Expense,G03:Expense,ACTIVE,qa.tile.expense,group.expense.amount,group.expense.note,group.expense.submit,group.expense.split.equal,Drinks,MAESTRO-APK-GROUP-HOUSE_PARTY-0758 | Drinks | 27281.41,JOINED,Ledger Quick_Add is expense category; Split_Method drives group.expense.split.*
761,MTR-APK-0761,Group,Shared Experience,House Party,Decor,Expense,2025-12-21,08:20:52,2025-12-21 08:20:52,13479.69,INR,-13479.69,APK Aarav,3,PERCENTAGE,MAESTRO-APK-GROUP-HOUSE_PARTY-0761 | Decor | 13479.69,Android,B16,RAMP_501_1500,CREATED,idem-20260902-apk-0761,android,G03,HOUSE_PARTY,Expense,G03:Expense,ACTIVE,qa.tile.expense,group.expense.amount,group.expense.note,group.expense.submit,group.expense.split.percentage,Decor,MAESTRO-APK-GROUP-HOUSE_PARTY-0761 | Decor | 13479.69,JOINED,Ledger Quick_Add is expense category; Split_Method drives group.expense.split.*
764,MTR-APK-0764,Group,Shared Experience,House Party,Supplies,Expense,2025-11-16,18:39:31,2025-11-16 18:39:31,5363.18,INR,-5363.18,APK Meera,3,EXACT,MAESTRO-APK-GROUP-HOUSE_PARTY-0764 | Supplies | 5363.18,Android,B16,RAMP_501_1500,CREATED,idem-20260902-apk-0764,android,G03,HOUSE_PARTY,Expense,G03:Expense,ACTIVE,qa.tile.expense,group.expense.amount,group.expense.note,group.expense.submit,group.expense.split.exact,Supplies,MAESTRO-APK-GROUP-HOUSE_PARTY-0764 | Supplies | 5363.18,JOINED,Ledger Quick_Add is expense category; Split_Method drives group.expense.split.*
767,MTR-APK-0767,Group,Shared Experience,House Party,Other,Expense,2025-11-11,10:44:00,2025-11-11 10:44:00,1616.6,INR,-1616.6,APK Owner,3,SHARES,MAESTRO-APK-GROUP-HOUSE_PARTY-0767 | Other | 1616.60,Android,B16,RAMP_501_1500,CREATED,idem-20260902-apk-0767,android,G03,HOUSE_PARTY,Expense,G03:Expense,ACTIVE,qa.tile.expense,group.expense.amount,group.expense.note,group.expense.submit,group.expense.split.shares,Other,MAESTRO-APK-GROUP-HOUSE_PARTY-0767 | Other | 1616.60,JOINED,Ledger Quick_Add is expense category; Split_Method drives group.expense.split.*
770,MTR-APK-0770,Group,Shared Purchase,Gift Pool,Contribution,Contribution,2026-08-03,12:16:15,2026-08-03 12:16:15,4319.35,INR,4319.35,APK Aarav,3,EQUAL,MAESTRO-APK-GROUP-GIFT_POOL-0770 | Contribution | 4319.35,Android,B16,RAMP_501_1500,CREATED,idem-20260902-apk-0770,android,G05,GIFT_POOL,Contribute,G05:Contribute,ACTIVE,qa.tile.contribute,group.contribute.amount,group.contribute.note,group.contribute.submit,group.expense.split.equal,Contribution,MAESTRO-APK-GROUP-GIFT_POOL-0770 | Contribution | 4319.35,JOINED,
773,MTR-APK-0773,Group,Shared Purchase,Gift Pool,Gift Purchase,Expense,2026-07-11,03:30:30,2026-07-11 03:30:30,27094.04,INR,-27094.04,APK Meera,3,PERCENTAGE,MAESTRO-APK-GROUP-GIFT_POOL-0773 | Gift Purchase | 27094.04,Android,B16,RAMP_501_1500,CREATED,idem-20260902-apk-0773,android,G05,GIFT_POOL,Expense,G05:Expense,ACTIVE,qa.tile.expense,group.expense.amount,group.expense.note,group.expense.submit,group.expense.split.percentage,Gift Purchase,MAESTRO-APK-GROUP-GIFT_POOL-0773 | Gift Purchase | 27094.04,JOINED,Ledger Quick_Add is expense category; Split_Method drives group.expense.split.*
776,MTR-APK-0776,Group,Shared Purchase,Gift Pool,Delivery,Expense,2025-09-27,09:40:23,2025-09-27 09:40:23,22337.87,INR,-22337.87,APK Owner,3,EXACT,MAESTRO-APK-GROUP-GIFT_POOL-0776 | Delivery | 22337.87,Android,B16,RAMP_501_1500,CREATED,idem-20260902-apk-0776,android,G05,GIFT_POOL,Expense,G05:Expense,ACTIVE,qa.tile.expense,group.expense.amount,group.expense.note,group.expense.submit,group.expense.split.exact,Delivery,MAESTRO-APK-GROUP-GIFT_POOL-0776 | Delivery | 22337.87,JOINED,Ledger Quick_Add is expense category; Split_Method drives group.expense.split.*
779,MTR-APK-0779,Group,Shared Purchase,Gift Pool,Other,Expense,2025-09-27,08:42:33,2025-09-27 08:42:33,1487.59,INR,-1487.59,APK Aarav,3,SHARES,MAESTRO-APK-GROUP-GIFT_POOL-0779 | Other | 1487.59,Android,B16,RAMP_501_1500,CREATED,idem-20260902-apk-0779,android,G05,GIFT_POOL,Expense,G05:Expense,ACTIVE,qa.tile.expense,group.expense.amount,group.expense.note,group.expense.submit,group.expense.split.shares,Other,MAESTRO-APK-GROUP-GIFT_POOL-0779 | Other | 1487.59,JOINED,Ledger Quick_Add is expense category; Split_Method drives group.expense.split.*
782,MTR-APK-0782,Group,Shared Purchase,Purchase,Item,Expense,2026-05-20,12:30:25,2026-05-20 12:30:25,10325.95,INR,-10325.95,APK Meera,3,EQUAL,MAESTRO-APK-GROUP-PURCHASE-0782 | Item | 10325.95,Android,B16,RAMP_501_1500,CREATED,idem-20260902-apk-0782,android,G06,GROUP_PURCHASE,Expense,G06:Expense,ACTIVE,qa.tile.expense,group.expense.amount,group.expense.note,group.expense.submit,group.expense.split.equal,Item,MAESTRO-APK-GROUP-PURCHASE-0782 | Item | 10325.95,JOINED,Ledger Quick_Add is expense category; Split_Method drives group.expense.split.*
785,MTR-APK-0785,Group,Shared Purchase,Purchase,Shipping,Expense,2026-04-01,00:39:47,2026-04-01 00:39:47,25744.76,INR,-25744.76,APK Owner,3,PERCENTAGE,MAESTRO-APK-GROUP-PURCHASE-0785 | Shipping | 25744.76,Android,B16,RAMP_501_1500,CREATED,idem-20260902-apk-0785,android,G06,GROUP_PURCHASE,Expense,G06:Expense,ACTIVE,qa.tile.expense,group.expense.amount,group.expense.note,group.expense.submit,group.expense.split.percentage,Shipping,MAESTRO-APK-GROUP-PURCHASE-0785 | Shipping | 25744.76,JOINED,Ledger Quick_Add is expense category; Split_Method drives group.expense.split.*
788,MTR-APK-0788,Group,Shared Purchase,Purchase,Tax,Expense,2026-07-03,15:13:13,2026-07-03 15:13:13,7403.43,INR,-7403.43,APK Aarav,3,EXACT,MAESTRO-APK-GROUP-PURCHASE-0788 | Tax | 7403.43,Android,B16,RAMP_501_1500,CREATED,idem-20260902-apk-0788,android,G06,GROUP_PURCHASE,Expense,G06:Expense,ACTIVE,qa.tile.expense,group.expense.amount,group.expense.note,group.expense.submit,group.expense.split.exact,Tax,MAESTRO-APK-GROUP-PURCHASE-0788 | Tax | 7403.43,JOINED,Ledger Quick_Add is expense category; Split_Method drives group.expense.split.*
791,MTR-APK-0791,Group,Shared Purchase,Purchase,Other,Expense,2025-10-14,17:47:21,2025-10-14 17:47:21,1321.75,INR,-1321.75,APK Meera,3,SHARES,MAESTRO-APK-GROUP-PURCHASE-0791 | Other | 1321.75,Android,B16,RAMP_501_1500,CREATED,idem-20260902-apk-0791,android,G06,GROUP_PURCHASE,Expense,G06:Expense,ACTIVE,qa.tile.expense,group.expense.amount,group.expense.note,group.expense.submit,group.expense.split.shares,Other,MAESTRO-APK-GROUP-PURCHASE-0791 | Other | 1321.75,JOINED,Ledger Quick_Add is expense category; Split_Method drives group.expense.split.*
794,MTR-APK-0794,Group,Shared Purchase,Assets,Purchase,Expense,2026-06-10,14:22:55,2026-06-10 14:22:55,22265.2,INR,-22265.2,APK Owner,3,EQUAL,MAESTRO-APK-GROUP-ASSETS-0794 | Purchase | 22265.20,Android,B16,RAMP_501_1500,CREATED,idem-20260902-apk-0794,android,G07,SHARED_ASSET,Expense,G07:Expense,ACTIVE,qa.tile.expense,group.expense.amount,group.expense.note,group.expense.submit,group.expense.split.equal,Purchase,MAESTRO-APK-GROUP-ASSETS-0794 | Purchase | 22265.20,JOINED,Ledger Quick_Add is expense category; Split_Method drives group.expense.split.*
797,MTR-APK-0797,Group,Shared Purchase,Assets,Maintenance,Expense,2025-12-19,20:48:42,2025-12-19 20:48:42,538.8,INR,-538.8,APK Aarav,3,PERCENTAGE,MAESTRO-APK-GROUP-ASSETS-0797 | Maintenance | 538.80,Android,B16,RAMP_501_1500,CREATED,idem-20260902-apk-0797,android,G07,SHARED_ASSET,Expense,G07:Expense,ACTIVE,qa.tile.expense,group.expense.amount,group.expense.note,group.expense.submit,group.expense.split.percentage,Maintenance,MAESTRO-APK-GROUP-ASSETS-0797 | Maintenance | 538.80,JOINED,Ledger Quick_Add is expense category; Split_Method drives group.expense.split.*
800,MTR-APK-0800,Group,Shared Purchase,Assets,Repair,Expense,2026-04-20,07:24:42,2026-04-20 07:24:42,21574.46,INR,-21574.46,APK Meera,3,EXACT,MAESTRO-APK-GROUP-ASSETS-0800 | Repair | 21574.46,Android,B16,RAMP_501_1500,CREATED,idem-20260902-apk-0800,android,G07,SHARED_ASSET,Expense,G07:Expense,ACTIVE,qa.tile.expense,group.expense.amount,group.expense.note,group.expense.submit,group.expense.split.exact,Repair,MAESTRO-APK-GROUP-ASSETS-0800 | Repair | 21574.46,JOINED,Ledger Quick_Add is expense category; Split_Method drives group.expense.split.*
803,MTR-APK-0803,Group,Shared Purchase,Assets,Insurance,Expense,2026-08-22,01:36:25,2026-08-22 01:36:25,24455.65,INR,-24455.65,APK Owner,3,SHARES,MAESTRO-APK-GROUP-ASSETS-0803 | Insurance | 24455.65,Android,B17,RAMP_501_1500,CREATED,idem-20260902-apk-0803,android,G07,SHARED_ASSET,Expense,G07:Expense,ACTIVE,qa.tile.expense,group.expense.amount,group.expense.note,group.expense.submit,group.expense.split.shares,Insurance,MAESTRO-APK-GROUP-ASSETS-0803 | Insurance | 24455.65,JOINED,Ledger Quick_Add is expense category; Split_Method drives group.expense.split.*
806,MTR-APK-0806,Group,Shared Purchase,Assets,Other,Expense,2025-11-11,06:26:21,2025-11-11 06:26:21,18920.13,INR,-18920.13,APK Aarav,3,EQUAL,MAESTRO-APK-GROUP-ASSETS-0806 | Other | 18920.13,Android,B17,RAMP_501_1500,CREATED,idem-20260902-apk-0806,android,G07,SHARED_ASSET,Expense,G07:Expense,ACTIVE,qa.tile.expense,group.expense.amount,group.expense.note,group.expense.submit,group.expense.split.equal,Other,MAESTRO-APK-GROUP-ASSETS-0806 | Other | 18920.13,JOINED,Ledger Quick_Add is expense category; Split_Method drives group.expense.split.*
809,MTR-APK-0809,Group,Shared Purchase,Custom Purchase,Custom Expense,Expense,2026-07-06,03:06:03,2026-07-06 03:06:03,9778.01,INR,-9778.01,APK Meera,3,PERCENTAGE,MAESTRO-APK-GROUP-CUSTOM_PURCHASE-0809 | Custom Expense | 9778.01,Android,B17,RAMP_501_1500,CREATED,idem-20260902-apk-0809,android,G08,COMMUNITY_PURCHASE,Expense,G08:Expense,ACTIVE,qa.tile.expense,group.expense.amount,group.expense.note,group.expense.submit,group.expense.split.percentage,Custom Expense,MAESTRO-APK-GROUP-CUSTOM_PURCHASE-0809 | Custom Expense | 9778.01,JOINED,Ledger Quick_Add is expense category; Split_Method drives group.expense.split.*
812,MTR-APK-0812,Group,Shared Purchase,Custom Purchase,Custom Contribution,Contribution,2026-04-29,06:27:20,2026-04-29 06:27:20,4051.85,INR,4051.85,APK Owner,3,EXACT,MAESTRO-APK-GROUP-CUSTOM_PURCHASE-0812 | Custom Contribution | 4051.85,Android,B17,RAMP_501_1500,CREATED,idem-20260902-apk-0812,android,G08,COMMUNITY_PURCHASE,Contribute,G08:Contribute,ACTIVE,qa.tile.contribute,group.contribute.amount,group.contribute.note,group.contribute.submit,group.expense.split.exact,Custom Contribution,MAESTRO-APK-GROUP-CUSTOM_PURCHASE-0812 | Custom Contribution | 4051.85,JOINED,
815,MTR-APK-0815,Group,Shared Living,Flatmates,Rent,Expense,2026-06-21,23:09:55,2026-06-21 23:09:55,27481.42,INR,-27481.42,APK Aarav,3,SHARES,MAESTRO-APK-GROUP-FLATMATES-0815 | Rent | 27481.42,Android,B17,RAMP_501_1500,CREATED,idem-20260902-apk-0815,android,G09,FLATMATES,Expense,G09:Expense,ACTIVE,qa.tile.expense,group.expense.amount,group.expense.note,group.expense.submit,group.expense.split.shares,Rent,MAESTRO-APK-GROUP-FLATMATES-0815 | Rent | 27481.42,JOINED,Ledger Quick_Add is expense category; Split_Method drives group.expense.split.*
818,MTR-APK-0818,Group,Shared Living,Flatmates,Utilities,Expense,2025-10-05,10:38:14,2025-10-05 10:38:14,22040.56,INR,-22040.56,APK Meera,3,EQUAL,MAESTRO-APK-GROUP-FLATMATES-0818 | Utilities | 22040.56,Android,B17,RAMP_501_1500,CREATED,idem-20260902-apk-0818,android,G09,FLATMATES,Expense,G09:Expense,ACTIVE,qa.tile.expense,group.expense.amount,group.expense.note,group.expense.submit,group.expense.split.equal,Utilities,MAESTRO-APK-GROUP-FLATMATES-0818 | Utilities | 22040.56,JOINED,Ledger Quick_Add is expense category; Split_Method drives group.expense.split.*
821,MTR-APK-0821,Group,Shared Living,Flatmates,Groceries,Expense,2026-08-13,11:54:13,2026-08-13 11:54:13,2730.14,INR,-2730.14,APK Owner,3,PERCENTAGE,MAESTRO-APK-GROUP-FLATMATES-0821 | Groceries | 2730.14,Android,B17,RAMP_501_1500,CREATED,idem-20260902-apk-0821,android,G09,FLATMATES,Expense,G09:Expense,ACTIVE,qa.tile.expense,group.expense.amount,group.expense.note,group.expense.submit,group.expense.split.percentage,Groceries,MAESTRO-APK-GROUP-FLATMATES-0821 | Groceries | 2730.14,JOINED,Ledger Quick_Add is expense category; Split_Method drives group.expense.split.*
824,MTR-APK-0824,Group,Shared Living,Flatmates,Internet,Expense,2026-05-09,12:12:32,2026-05-09 12:12:32,20344.94,INR,-20344.94,APK Aarav,3,EXACT,MAESTRO-APK-GROUP-FLATMATES-0824 | Internet | 20344.94,Android,B17,RAMP_501_1500,CREATED,idem-20260902-apk-0824,android,G09,FLATMATES,Expense,G09:Expense,ACTIVE,qa.tile.expense,group.expense.amount,group.expense.note,group.expense.submit,group.expense.split.exact,Internet,MAESTRO-APK-GROUP-FLATMATES-0824 | Internet | 20344.94,JOINED,Ledger Quick_Add is expense category; Split_Method drives group.expense.split.*
827,MTR-APK-0827,Group,Shared Living,Flatmates,House Supplies,Expense,2026-07-21,09:16:46,2026-07-21 09:16:46,15689.23,INR,-15689.23,APK Meera,3,SHARES,MAESTRO-APK-GROUP-FLATMATES-0827 | House Supplies | 15689.23,Android,B17,RAMP_501_1500,CREATED,idem-20260902-apk-0827,android,G09,FLATMATES,Expense,G09:Expense,ACTIVE,qa.tile.expense,group.expense.amount,group.expense.note,group.expense.submit,group.expense.split.shares,House Supplies,MAESTRO-APK-GROUP-FLATMATES-0827 | House Supplies | 15689.23,JOINED,Ledger Quick_Add is expense category; Split_Method drives group.expense.split.*
830,MTR-APK-0830,Group,Shared Living,Flatmates,Repairs,Expense,2026-04-06,07:08:32,2026-04-06 07:08:32,12596.67,INR,-12596.67,APK Owner,3,EQUAL,MAESTRO-APK-GROUP-FLATMATES-0830 | Repairs | 12596.67,Android,B17,RAMP_501_1500,CREATED,idem-20260902-apk-0830,android,G09,FLATMATES,Expense,G09:Expense,ACTIVE,qa.tile.expense,group.expense.amount,group.expense.note,group.expense.submit,group.expense.split.equal,Repairs,MAESTRO-APK-GROUP-FLATMATES-0830 | Repairs | 12596.67,JOINED,Ledger Quick_Add is expense category; Split_Method drives group.expense.split.*
833,MTR-APK-0833,Group,Shared Living,Shared Living,Rent,Expense,2026-04-19,04:02:01,2026-04-19 04:02:01,3347.93,INR,-3347.93,APK Aarav,3,PERCENTAGE,MAESTRO-APK-GROUP-SHARED_LIVING-0833 | Rent | 3347.93,Android,B17,RAMP_501_1500,CREATED,idem-20260902-apk-0833,android,G11,CO_LIVING,Expense,G11:Expense,ACTIVE,qa.tile.expense,group.expense.amount,group.expense.note,group.expense.submit,group.expense.split.percentage,Rent,MAESTRO-APK-GROUP-SHARED_LIVING-0833 | Rent | 3347.93,JOINED,Ledger Quick_Add is expense category; Split_Method drives group.expense.split.*
836,MTR-APK-0836,Group,Shared Living,Shared Living,Utilities,Expense,2026-02-25,13:01:03,2026-02-25 13:01:03,26506.66,INR,-26506.66,APK Meera,3,EXACT,MAESTRO-APK-GROUP-SHARED_LIVING-0836 | Utilities | 26506.66,Android,B17,RAMP_501_1500,CREATED,idem-20260902-apk-0836,android,G11,CO_LIVING,Expense,G11:Expense,ACTIVE,qa.tile.expense,group.expense.amount,group.expense.note,group.expense.submit,group.expense.split.exact,Utilities,MAESTRO-APK-GROUP-SHARED_LIVING-0836 | Utilities | 26506.66,JOINED,Ledger Quick_Add is expense category; Split_Method drives group.expense.split.*
839,MTR-APK-0839,Group,Shared Living,Shared Living,Groceries,Expense,2025-12-09,20:51:41,2025-12-09 20:51:41,21565.46,INR,-21565.46,APK Owner,3,SHARES,MAESTRO-APK-GROUP-SHARED_LIVING-0839 | Groceries | 21565.46,Android,B17,RAMP_501_1500,CREATED,idem-20260902-apk-0839,android,G11,CO_LIVING,Expense,G11:Expense,ACTIVE,qa.tile.expense,group.expense.amount,group.expense.note,group.expense.submit,group.expense.split.shares,Groceries,MAESTRO-APK-GROUP-SHARED_LIVING-0839 | Groceries | 21565.46,JOINED,Ledger Quick_Add is expense category; Split_Method drives group.expense.split.*
842,MTR-APK-0842,Group,Shared Living,Shared Living,Maintenance,Expense,2025-12-06,17:05:13,2025-12-06 17:05:13,21722.57,INR,-21722.57,APK Aarav,3,EQUAL,MAESTRO-APK-GROUP-SHARED_LIVING-0842 | Maintenance | 21722.57,Android,B17,RAMP_501_1500,CREATED,idem-20260902-apk-0842,android,G11,CO_LIVING,Expense,G11:Expense,ACTIVE,qa.tile.expense,group.expense.amount,group.expense.note,group.expense.submit,group.expense.split.equal,Maintenance,MAESTRO-APK-GROUP-SHARED_LIVING-0842 | Maintenance | 21722.57,JOINED,Ledger Quick_Add is expense category; Split_Method drives group.expense.split.*
845,MTR-APK-0845,Group,Shared Living,Shared Living,Other,Expense,2026-01-06,04:29:41,2026-01-06 04:29:41,25192.0,INR,-25192.0,APK Meera,3,PERCENTAGE,MAESTRO-APK-GROUP-SHARED_LIVING-0845 | Other | 25192.00,Android,B17,RAMP_501_1500,CREATED,idem-20260902-apk-0845,android,G11,CO_LIVING,Expense,G11:Expense,ACTIVE,qa.tile.expense,group.expense.amount,group.expense.note,group.expense.submit,group.expense.split.percentage,Other,MAESTRO-APK-GROUP-SHARED_LIVING-0845 | Other | 25192.00,JOINED,Ledger Quick_Add is expense category; Split_Method drives group.expense.split.*
848,MTR-APK-0848,Group,Shared Living,Family Household,Rent,Expense,2026-02-10,03:28:49,2026-02-10 03:28:49,23716.22,INR,-23716.22,APK Owner,3,EXACT,MAESTRO-APK-GROUP-FAMILY_HOUSEHOLD-0848 | Rent | 23716.22,Android,B17,RAMP_501_1500,CREATED,idem-20260902-apk-0848,android,G10,FAMILY_HOUSEHOLD,Expense,G10:Expense,ACTIVE,qa.tile.expense,group.expense.amount,group.expense.note,group.expense.submit,group.expense.split.exact,Rent,MAESTRO-APK-GROUP-FAMILY_HOUSEHOLD-0848 | Rent | 23716.22,JOINED,Ledger Quick_Add is expense category; Split_Method drives group.expense.split.*
851,MTR-APK-0851,Group,Shared Living,Family Household,Groceries,Expense,2026-02-19,08:55:12,2026-02-19 08:55:12,10000.0,INR,-10000.0,APK Aarav,3,SHARES,MAESTRO-APK-GROUP-FAMILY_HOUSEHOLD-0851 | Groceries | 10000.00,Android,B18,RAMP_501_1500,CREATED,idem-20260902-apk-0851,android,G10,FAMILY_HOUSEHOLD,Expense,G10:Expense,ACTIVE,qa.tile.expense,group.expense.amount,group.expense.note,group.expense.submit,group.expense.split.shares,Groceries,MAESTRO-APK-GROUP-FAMILY_HOUSEHOLD-0851 | Groceries | 10000.00,JOINED,Ledger Quick_Add is expense category; Split_Method drives group.expense.split.*
854,MTR-APK-0854,Group,Shared Living,Family Household,Transport,Expense,2026-07-31,20:23:00,2026-07-31 20:23:00,20767.14,INR,-20767.14,APK Meera,3,EQUAL,MAESTRO-APK-GROUP-FAMILY_HOUSEHOLD-0854 | Transport | 20767.14,Android,B18,RAMP_501_1500,CREATED,idem-20260902-apk-0854,android,G10,FAMILY_HOUSEHOLD,Expense,G10:Expense,ACTIVE,qa.tile.expense,group.expense.amount,group.expense.note,group.expense.submit,group.expense.split.equal,Transport,MAESTRO-APK-GROUP-FAMILY_HOUSEHOLD-0854 | Transport | 20767.14,JOINED,Ledger Quick_Add is expense category; Split_Method drives group.expense.split.*
857,MTR-APK-0857,Group,Shared Living,Family Household,Bills,Expense,2026-08-28,12:55:14,2026-08-28 12:55:14,17571.68,INR,-17571.68,APK Owner,3,PERCENTAGE,MAESTRO-APK-GROUP-FAMILY_HOUSEHOLD-0857 | Bills | 17571.68,Android,B18,RAMP_501_1500,CREATED,idem-20260902-apk-0857,android,G10,FAMILY_HOUSEHOLD,Expense,G10:Expense,ACTIVE,qa.tile.expense,group.expense.amount,group.expense.note,group.expense.submit,group.expense.split.percentage,Bills,MAESTRO-APK-GROUP-FAMILY_HOUSEHOLD-0857 | Bills | 17571.68,JOINED,Ledger Quick_Add is expense category; Split_Method drives group.expense.split.*
860,MTR-APK-0860,Group,Shared Living,Family Household,Utilities,Expense,2026-03-06,10:32:56,2026-03-06 10:32:56,20232.35,INR,-20232.35,APK Aarav,3,EXACT,MAESTRO-APK-GROUP-FAMILY_HOUSEHOLD-0860 | Utilities | 20232.35,Android,B18,RAMP_501_1500,CREATED,idem-20260902-apk-0860,android,G10,FAMILY_HOUSEHOLD,Expense,G10:Expense,ACTIVE,qa.tile.expense,group.expense.amount,group.expense.note,group.expense.submit,group.expense.split.exact,Utilities,MAESTRO-APK-GROUP-FAMILY_HOUSEHOLD-0860 | Utilities | 20232.35,JOINED,Ledger Quick_Add is expense category; Split_Method drives group.expense.split.*
863,MTR-APK-0863,Group,Shared Living,Family Household,Healthcare,Expense,2026-04-10,22:09:01,2026-04-10 22:09:01,20082.62,INR,-20082.62,APK Meera,3,SHARES,MAESTRO-APK-GROUP-FAMILY_HOUSEHOLD-0863 | Healthcare | 20082.62,Android,B18,RAMP_501_1500,CREATED,idem-20260902-apk-0863,android,G10,FAMILY_HOUSEHOLD,Expense,G10:Expense,ACTIVE,qa.tile.expense,group.expense.amount,group.expense.note,group.expense.submit,group.expense.split.shares,Healthcare,MAESTRO-APK-GROUP-FAMILY_HOUSEHOLD-0863 | Healthcare | 20082.62,JOINED,Ledger Quick_Add is expense category; Split_Method drives group.expense.split.*
866,MTR-APK-0866,Group,Shared Living,Custom Living,Custom Expense,Expense,2026-07-02,00:47:58,2026-07-02 00:47:58,23844.48,INR,-23844.48,APK Owner,3,EQUAL,MAESTRO-APK-GROUP-CUSTOM_LIVING-0866 | Custom Expense | 23844.48,Android,B18,RAMP_501_1500,CREATED,idem-20260902-apk-0866,android,G12,COMMUNITY_LIVING,Expense,G12:Expense,ACTIVE,qa.tile.expense,group.expense.amount,group.expense.note,group.expense.submit,group.expense.split.equal,Custom Expense,MAESTRO-APK-GROUP-CUSTOM_LIVING-0866 | Custom Expense | 23844.48,JOINED,Ledger Quick_Add is expense category; Split_Method drives group.expense.split.*
869,MTR-APK-0869,Group,Shared Living,Custom Living,Custom Contribution,Contribution,2025-11-17,18:36:36,2025-11-17 18:36:36,22912.43,INR,22912.43,APK Aarav,3,PERCENTAGE,MAESTRO-APK-GROUP-CUSTOM_LIVING-0869 | Custom Contribution | 22912.43,Android,B18,RAMP_501_1500,CREATED,idem-20260902-apk-0869,android,G12,COMMUNITY_LIVING,Contribute,G12:Contribute,,qa.tile.contribute,group.contribute.amount,group.contribute.note,group.contribute.submit,group.expense.split.percentage,Custom Contribution,MAESTRO-APK-GROUP-CUSTOM_LIVING-0869 | Custom Contribution | 22912.43,SKIP_CAPABILITY_GAP,Custom Living hub has no Contribution tile (same as Family Household)
872,MTR-APK-0872,Group,Shared Experience,Trip,Travel,Expense,2025-09-24,04:51:02,2025-09-24 04:51:02,1738.88,INR,-1738.88,APK Meera,3,EXACT,MAESTRO-APK-GROUP-TRIP-0872 | Travel | 1738.88,Android,B18,RAMP_501_1500,CREATED,idem-20260902-apk-0872,android,G01,TRIP,Expense,G01:Expense,ACTIVE,qa.tile.expense,group.expense.amount,group.expense.note,group.expense.submit,group.expense.split.exact,Travel,MAESTRO-APK-GROUP-TRIP-0872 | Travel | 1738.88,JOINED,Ledger Quick_Add is expense category; Split_Method drives group.expense.split.*
875,MTR-APK-0875,Group,Shared Experience,Trip,Stay,Expense,2026-05-19,21:49:50,2026-05-19 21:49:50,29812.53,INR,-29812.53,APK Owner,3,SHARES,MAESTRO-APK-GROUP-TRIP-0875 | Stay | 29812.53,Android,B18,RAMP_501_1500,CREATED,idem-20260902-apk-0875,android,G01,TRIP,Expense,G01:Expense,ACTIVE,qa.tile.expense,group.expense.amount,group.expense.note,group.expense.submit,group.expense.split.shares,Stay,MAESTRO-APK-GROUP-TRIP-0875 | Stay | 29812.53,JOINED,Ledger Quick_Add is expense category; Split_Method drives group.expense.split.*
878,MTR-APK-0878,Group,Shared Experience,Trip,Food,Expense,2026-05-01,09:47:55,2026-05-01 09:47:55,14815.72,INR,-14815.72,APK Aarav,3,EQUAL,MAESTRO-APK-GROUP-TRIP-0878 | Food | 14815.72,Android,B18,RAMP_501_1500,CREATED,idem-20260902-apk-0878,android,G01,TRIP,Expense,G01:Expense,ACTIVE,qa.tile.expense,group.expense.amount,group.expense.note,group.expense.submit,group.expense.split.equal,Food,MAESTRO-APK-GROUP-TRIP-0878 | Food | 14815.72,JOINED,Ledger Quick_Add is expense category; Split_Method drives group.expense.split.*
881,MTR-APK-0881,Group,Shared Experience,Trip,Local Transport,Expense,2026-07-19,23:50:02,2026-07-19 23:50:02,13075.28,INR,-13075.28,APK Meera,3,PERCENTAGE,MAESTRO-APK-GROUP-TRIP-0881 | Local Transport | 13075.28,Android,B18,RAMP_501_1500,CREATED,idem-20260902-apk-0881,android,G01,TRIP,Expense,G01:Expense,ACTIVE,qa.tile.expense,group.expense.amount,group.expense.note,group.expense.submit,group.expense.split.percentage,Local Transport,MAESTRO-APK-GROUP-TRIP-0881 | Local Transport | 13075.28,JOINED,Ledger Quick_Add is expense category; Split_Method drives group.expense.split.*
884,MTR-APK-0884,Group,Shared Experience,Trip,Activities,Expense,2026-08-17,10:49:28,2026-08-17 10:49:28,6794.37,INR,-6794.37,APK Owner,3,EXACT,MAESTRO-APK-GROUP-TRIP-0884 | Activities | 6794.37,Android,B18,RAMP_501_1500,CREATED,idem-20260902-apk-0884,android,G01,TRIP,Expense,G01:Expense,ACTIVE,qa.tile.expense,group.expense.amount,group.expense.note,group.expense.submit,group.expense.split.exact,Activities,MAESTRO-APK-GROUP-TRIP-0884 | Activities | 6794.37,JOINED,Ledger Quick_Add is expense category; Split_Method drives group.expense.split.*
887,MTR-APK-0887,Group,Shared Experience,Trip,Shopping,Expense,2025-10-30,01:05:10,2025-10-30 01:05:10,19673.26,INR,-19673.26,APK Aarav,3,SHARES,MAESTRO-APK-GROUP-TRIP-0887 | Shopping | 19673.26,Android,B18,RAMP_501_1500,CREATED,idem-20260902-apk-0887,android,G01,TRIP,Expense,G01:Expense,ACTIVE,qa.tile.expense,group.expense.amount,group.expense.note,group.expense.submit,group.expense.split.shares,Shopping,MAESTRO-APK-GROUP-TRIP-0887 | Shopping | 19673.26,JOINED,Ledger Quick_Add is expense category; Split_Method drives group.expense.split.*
890,MTR-APK-0890,Group,Shared Experience,Trip,Other,Expense,2025-12-13,10:34:42,2025-12-13 10:34:42,24491.47,INR,-24491.47,APK Meera,3,EQUAL,MAESTRO-APK-GROUP-TRIP-0890 | Other | 24491.47,Android,B18,RAMP_501_1500,CREATED,idem-20260902-apk-0890,android,G01,TRIP,Expense,G01:Expense,ACTIVE,qa.tile.expense,group.expense.amount,group.expense.note,group.expense.submit,group.expense.split.equal,Other,MAESTRO-APK-GROUP-TRIP-0890 | Other | 24491.47,JOINED,Ledger Quick_Add is expense category; Split_Method drives group.expense.split.*
893,MTR-APK-0893,Group,Shared Experience,Wedding,Venue,Expense,2026-02-27,14:54:58,2026-02-27 14:54:58,10600.82,INR,-10600.82,APK Owner,3,PERCENTAGE,MAESTRO-APK-GROUP-WEDDING-0893 | Venue | 10600.82,Android,B18,RAMP_501_1500,CREATED,idem-20260902-apk-0893,android,G02,WEDDING,Expense,G02:Expense,ACTIVE,qa.tile.expense,group.expense.amount,group.expense.note,group.expense.submit,group.expense.split.percentage,Venue,MAESTRO-APK-GROUP-WEDDING-0893 | Venue | 10600.82,JOINED,Ledger Quick_Add is expense category; Split_Method drives group.expense.split.*
896,MTR-APK-0896,Group,Shared Experience,Wedding,Catering,Expense,2026-06-17,07:11:58,2026-06-17 07:11:58,11179.49,INR,-11179.49,APK Aarav,3,EXACT,MAESTRO-APK-GROUP-WEDDING-0896 | Catering | 11179.49,Android,B18,RAMP_501_1500,CREATED,idem-20260902-apk-0896,android,G02,WEDDING,Expense,G02:Expense,ACTIVE,qa.tile.expense,group.expense.amount,group.expense.note,group.expense.submit,group.expense.split.exact,Catering,MAESTRO-APK-GROUP-WEDDING-0896 | Catering | 11179.49,JOINED,Ledger Quick_Add is expense category; Split_Method drives group.expense.split.*
899,MTR-APK-0899,Group,Shared Experience,Wedding,Decor,Expense,2026-08-20,23:14:26,2026-08-20 23:14:26,26224.59,INR,-26224.59,APK Meera,3,SHARES,MAESTRO-APK-GROUP-WEDDING-0899 | Decor | 26224.59,Android,B18,RAMP_501_1500,CREATED,idem-20260902-apk-0899,android,G02,WEDDING,Expense,G02:Expense,ACTIVE,qa.tile.expense,group.expense.amount,group.expense.note,group.expense.submit,group.expense.split.shares,Decor,MAESTRO-APK-GROUP-WEDDING-0899 | Decor | 26224.59,JOINED,Ledger Quick_Add is expense category; Split_Method drives group.expense.split.*
902,MTR-APK-0902,Group,Shared Experience,Wedding,Travel,Expense,2026-05-12,15:51:28,2026-05-12 15:51:28,7408.69,INR,-7408.69,APK Owner,3,EQUAL,MAESTRO-APK-GROUP-WEDDING-0902 | Travel | 7408.69,Android,B19,RAMP_501_1500,CREATED,idem-20260902-apk-0902,android,G02,WEDDING,Expense,G02:Expense,ACTIVE,qa.tile.expense,group.expense.amount,group.expense.note,group.expense.submit,group.expense.split.equal,Travel,MAESTRO-APK-GROUP-WEDDING-0902 | Travel | 7408.69,JOINED,Ledger Quick_Add is expense category; Split_Method drives group.expense.split.*
905,MTR-APK-0905,Group,Shared Experience,Wedding,Gifts,Expense,2025-12-15,17:13:37,2025-12-15 17:13:37,3141.99,INR,-3141.99,APK Aarav,3,PERCENTAGE,MAESTRO-APK-GROUP-WEDDING-0905 | Gifts | 3141.99,Android,B19,RAMP_501_1500,CREATED,idem-20260902-apk-0905,android,G02,WEDDING,Expense,G02:Expense,ACTIVE,qa.tile.expense,group.expense.amount,group.expense.note,group.expense.submit,group.expense.split.percentage,Gifts,MAESTRO-APK-GROUP-WEDDING-0905 | Gifts | 3141.99,JOINED,Ledger Quick_Add is expense category; Split_Method drives group.expense.split.*
908,MTR-APK-0908,Group,Shared Experience,Wedding,Photography,Expense,2025-11-20,06:57:44,2025-11-20 06:57:44,4520.35,INR,-4520.35,APK Meera,3,EXACT,MAESTRO-APK-GROUP-WEDDING-0908 | Photography | 4520.35,Android,B19,RAMP_501_1500,CREATED,idem-20260902-apk-0908,android,G02,WEDDING,Expense,G02:Expense,ACTIVE,qa.tile.expense,group.expense.amount,group.expense.note,group.expense.submit,group.expense.split.exact,Photography,MAESTRO-APK-GROUP-WEDDING-0908 | Photography | 4520.35,JOINED,Ledger Quick_Add is expense category; Split_Method drives group.expense.split.*
911,MTR-APK-0911,Group,Shared Experience,Wedding,Other,Expense,2026-04-19,05:40:40,2026-04-19 05:40:40,9045.15,INR,-9045.15,APK Owner,3,SHARES,MAESTRO-APK-GROUP-WEDDING-0911 | Other | 9045.15,Android,B19,RAMP_501_1500,CREATED,idem-20260902-apk-0911,android,G02,WEDDING,Expense,G02:Expense,ACTIVE,qa.tile.expense,group.expense.amount,group.expense.note,group.expense.submit,group.expense.split.shares,Other,MAESTRO-APK-GROUP-WEDDING-0911 | Other | 9045.15,JOINED,Ledger Quick_Add is expense category; Split_Method drives group.expense.split.*
914,MTR-APK-0914,Group,Shared Experience,Office Outing,Food,Expense,2026-02-14,16:31:06,2026-02-14 16:31:06,20853.69,INR,-20853.69,APK Aarav,3,EQUAL,MAESTRO-APK-GROUP-OFFICE_OUTING-0914 | Food | 20853.69,Android,B19,RAMP_501_1500,CREATED,idem-20260902-apk-0914,android,G04,OFFICE_OUTING,Expense,G04:Expense,ACTIVE,qa.tile.expense,group.expense.amount,group.expense.note,group.expense.submit,group.expense.split.equal,Food,MAESTRO-APK-GROUP-OFFICE_OUTING-0914 | Food | 20853.69,JOINED,Ledger Quick_Add is expense category; Split_Method drives group.expense.split.*
917,MTR-APK-0917,Group,Shared Experience,Office Outing,Travel,Expense,2026-08-16,19:12:31,2026-08-16 19:12:31,7340.37,INR,-7340.37,APK Meera,3,PERCENTAGE,MAESTRO-APK-GROUP-OFFICE_OUTING-0917 | Travel | 7340.37,Android,B19,RAMP_501_1500,CREATED,idem-20260902-apk-0917,android,G04,OFFICE_OUTING,Expense,G04:Expense,ACTIVE,qa.tile.expense,group.expense.amount,group.expense.note,group.expense.submit,group.expense.split.percentage,Travel,MAESTRO-APK-GROUP-OFFICE_OUTING-0917 | Travel | 7340.37,JOINED,Ledger Quick_Add is expense category; Split_Method drives group.expense.split.*
920,MTR-APK-0920,Group,Shared Experience,Office Outing,Activities,Expense,2026-02-07,04:01:36,2026-02-07 04:01:36,27512.89,INR,-27512.89,APK Owner,3,EXACT,MAESTRO-APK-GROUP-OFFICE_OUTING-0920 | Activities | 27512.89,Android,B19,RAMP_501_1500,CREATED,idem-20260902-apk-0920,android,G04,OFFICE_OUTING,Expense,G04:Expense,ACTIVE,qa.tile.expense,group.expense.amount,group.expense.note,group.expense.submit,group.expense.split.exact,Activities,MAESTRO-APK-GROUP-OFFICE_OUTING-0920 | Activities | 27512.89,JOINED,Ledger Quick_Add is expense category; Split_Method drives group.expense.split.*
923,MTR-APK-0923,Group,Shared Experience,Office Outing,Venue,Expense,2026-03-08,17:46:08,2026-03-08 17:46:08,29965.75,INR,-29965.75,APK Aarav,3,SHARES,MAESTRO-APK-GROUP-OFFICE_OUTING-0923 | Venue | 29965.75,Android,B19,RAMP_501_1500,CREATED,idem-20260902-apk-0923,android,G04,OFFICE_OUTING,Expense,G04:Expense,ACTIVE,qa.tile.expense,group.expense.amount,group.expense.note,group.expense.submit,group.expense.split.shares,Venue,MAESTRO-APK-GROUP-OFFICE_OUTING-0923 | Venue | 29965.75,JOINED,Ledger Quick_Add is expense category; Split_Method drives group.expense.split.*
926,MTR-APK-0926,Group,Shared Experience,Office Outing,Other,Expense,2026-07-03,04:57:45,2026-07-03 04:57:45,27764.23,INR,-27764.23,APK Meera,3,EQUAL,MAESTRO-APK-GROUP-OFFICE_OUTING-0926 | Other | 27764.23,Android,B19,RAMP_501_1500,CREATED,idem-20260902-apk-0926,android,G04,OFFICE_OUTING,Expense,G04:Expense,ACTIVE,qa.tile.expense,group.expense.amount,group.expense.note,group.expense.submit,group.expense.split.equal,Other,MAESTRO-APK-GROUP-OFFICE_OUTING-0926 | Other | 27764.23,JOINED,Ledger Quick_Add is expense category; Split_Method drives group.expense.split.*
929,MTR-APK-0929,Group,Shared Experience,House Party,Food,Expense,2025-10-27,18:18:38,2025-10-27 18:18:38,24577.8,INR,-24577.8,APK Owner,3,PERCENTAGE,MAESTRO-APK-GROUP-HOUSE_PARTY-0929 | Food | 24577.80,Android,B19,RAMP_501_1500,CREATED,idem-20260902-apk-0929,android,G03,HOUSE_PARTY,Expense,G03:Expense,ACTIVE,qa.tile.expense,group.expense.amount,group.expense.note,group.expense.submit,group.expense.split.percentage,Food,MAESTRO-APK-GROUP-HOUSE_PARTY-0929 | Food | 24577.80,JOINED,Ledger Quick_Add is expense category; Split_Method drives group.expense.split.*
932,MTR-APK-0932,Group,Shared Experience,House Party,Drinks,Expense,2026-04-12,05:50:02,2026-04-12 05:50:02,14338.49,INR,-14338.49,APK Aarav,3,EXACT,MAESTRO-APK-GROUP-HOUSE_PARTY-0932 | Drinks | 14338.49,Android,B19,RAMP_501_1500,CREATED,idem-20260902-apk-0932,android,G03,HOUSE_PARTY,Expense,G03:Expense,ACTIVE,qa.tile.expense,group.expense.amount,group.expense.note,group.expense.submit,group.expense.split.exact,Drinks,MAESTRO-APK-GROUP-HOUSE_PARTY-0932 | Drinks | 14338.49,JOINED,Ledger Quick_Add is expense category; Split_Method drives group.expense.split.*
935,MTR-APK-0935,Group,Shared Experience,House Party,Decor,Expense,2026-01-15,16:13:09,2026-01-15 16:13:09,29343.18,INR,-29343.18,APK Meera,3,SHARES,MAESTRO-APK-GROUP-HOUSE_PARTY-0935 | Decor | 29343.18,Android,B19,RAMP_501_1500,CREATED,idem-20260902-apk-0935,android,G03,HOUSE_PARTY,Expense,G03:Expense,ACTIVE,qa.tile.expense,group.expense.amount,group.expense.note,group.expense.submit,group.expense.split.shares,Decor,MAESTRO-APK-GROUP-HOUSE_PARTY-0935 | Decor | 29343.18,JOINED,Ledger Quick_Add is expense category; Split_Method drives group.expense.split.*
938,MTR-APK-0938,Group,Shared Experience,House Party,Supplies,Expense,2026-06-04,19:27:19,2026-06-04 19:27:19,25071.64,INR,-25071.64,APK Owner,3,EQUAL,MAESTRO-APK-GROUP-HOUSE_PARTY-0938 | Supplies | 25071.64,Android,B19,RAMP_501_1500,CREATED,idem-20260902-apk-0938,android,G03,HOUSE_PARTY,Expense,G03:Expense,ACTIVE,qa.tile.expense,group.expense.amount,group.expense.note,group.expense.submit,group.expense.split.equal,Supplies,MAESTRO-APK-GROUP-HOUSE_PARTY-0938 | Supplies | 25071.64,JOINED,Ledger Quick_Add is expense category; Split_Method drives group.expense.split.*
941,MTR-APK-0941,Group,Shared Experience,House Party,Other,Expense,2026-08-31,01:27:11,2026-08-31 01:27:11,6025.86,INR,-6025.86,APK Aarav,3,PERCENTAGE,MAESTRO-APK-GROUP-HOUSE_PARTY-0941 | Other | 6025.86,Android,B19,RAMP_501_1500,CREATED,idem-20260902-apk-0941,android,G03,HOUSE_PARTY,Expense,G03:Expense,ACTIVE,qa.tile.expense,group.expense.amount,group.expense.note,group.expense.submit,group.expense.split.percentage,Other,MAESTRO-APK-GROUP-HOUSE_PARTY-0941 | Other | 6025.86,JOINED,Ledger Quick_Add is expense category; Split_Method drives group.expense.split.*
944,MTR-APK-0944,Group,Shared Purchase,Gift Pool,Contribution,Contribution,2026-05-26,21:02:05,2026-05-26 21:02:05,22697.94,INR,22697.94,APK Meera,3,EXACT,MAESTRO-APK-GROUP-GIFT_POOL-0944 | Contribution | 22697.94,Android,B19,RAMP_501_1500,CREATED,idem-20260902-apk-0944,android,G05,GIFT_POOL,Contribute,G05:Contribute,ACTIVE,qa.tile.contribute,group.contribute.amount,group.contribute.note,group.contribute.submit,group.expense.split.exact,Contribution,MAESTRO-APK-GROUP-GIFT_POOL-0944 | Contribution | 22697.94,JOINED,
947,MTR-APK-0947,Group,Shared Purchase,Gift Pool,Gift Purchase,Expense,2025-12-22,15:30:06,2025-12-22 15:30:06,20329.41,INR,-20329.41,APK Owner,3,SHARES,MAESTRO-APK-GROUP-GIFT_POOL-0947 | Gift Purchase | 20329.41,Android,B19,RAMP_501_1500,CREATED,idem-20260902-apk-0947,android,G05,GIFT_POOL,Expense,G05:Expense,ACTIVE,qa.tile.expense,group.expense.amount,group.expense.note,group.expense.submit,group.expense.split.shares,Gift Purchase,MAESTRO-APK-GROUP-GIFT_POOL-0947 | Gift Purchase | 20329.41,JOINED,Ledger Quick_Add is expense category; Split_Method drives group.expense.split.*
950,MTR-APK-0950,Group,Shared Purchase,Gift Pool,Delivery,Expense,2026-07-25,00:29:49,2026-07-25 00:29:49,1722.6,INR,-1722.6,APK Aarav,3,EQUAL,MAESTRO-APK-GROUP-GIFT_POOL-0950 | Delivery | 1722.60,Android,B19,RAMP_501_1500,CREATED,idem-20260902-apk-0950,android,G05,GIFT_POOL,Expense,G05:Expense,ACTIVE,qa.tile.expense,group.expense.amount,group.expense.note,group.expense.submit,group.expense.split.equal,Delivery,MAESTRO-APK-GROUP-GIFT_POOL-0950 | Delivery | 1722.60,JOINED,Ledger Quick_Add is expense category; Split_Method drives group.expense.split.*
953,MTR-APK-0953,Group,Shared Purchase,Gift Pool,Other,Expense,2026-07-11,06:52:06,2026-07-11 06:52:06,8426.21,INR,-8426.21,APK Meera,3,PERCENTAGE,MAESTRO-APK-GROUP-GIFT_POOL-0953 | Other | 8426.21,Android,B20,RAMP_501_1500,CREATED,idem-20260902-apk-0953,android,G05,GIFT_POOL,Expense,G05:Expense,ACTIVE,qa.tile.expense,group.expense.amount,group.expense.note,group.expense.submit,group.expense.split.percentage,Other,MAESTRO-APK-GROUP-GIFT_POOL-0953 | Other | 8426.21,JOINED,Ledger Quick_Add is expense category; Split_Method drives group.expense.split.*
956,MTR-APK-0956,Group,Shared Purchase,Purchase,Item,Expense,2026-08-19,12:53:24,2026-08-19 12:53:24,13476.29,INR,-13476.29,APK Owner,3,EXACT,MAESTRO-APK-GROUP-PURCHASE-0956 | Item | 13476.29,Android,B20,RAMP_501_1500,CREATED,idem-20260902-apk-0956,android,G06,GROUP_PURCHASE,Expense,G06:Expense,ACTIVE,qa.tile.expense,group.expense.amount,group.expense.note,group.expense.submit,group.expense.split.exact,Item,MAESTRO-APK-GROUP-PURCHASE-0956 | Item | 13476.29,JOINED,Ledger Quick_Add is expense category; Split_Method drives group.expense.split.*
959,MTR-APK-0959,Group,Shared Purchase,Purchase,Shipping,Expense,2026-06-10,15:20:36,2026-06-10 15:20:36,11801.72,INR,-11801.72,APK Aarav,3,SHARES,MAESTRO-APK-GROUP-PURCHASE-0959 | Shipping | 11801.72,Android,B20,RAMP_501_1500,CREATED,idem-20260902-apk-0959,android,G06,GROUP_PURCHASE,Expense,G06:Expense,ACTIVE,qa.tile.expense,group.expense.amount,group.expense.note,group.expense.submit,group.expense.split.shares,Shipping,MAESTRO-APK-GROUP-PURCHASE-0959 | Shipping | 11801.72,JOINED,Ledger Quick_Add is expense category; Split_Method drives group.expense.split.*
962,MTR-APK-0962,Group,Shared Purchase,Purchase,Tax,Expense,2026-07-18,04:46:47,2026-07-18 04:46:47,99.99,INR,-99.99,APK Meera,3,EQUAL,MAESTRO-APK-GROUP-PURCHASE-0962 | Tax | 99.99,Android,B20,RAMP_501_1500,CREATED,idem-20260902-apk-0962,android,G06,GROUP_PURCHASE,Expense,G06:Expense,ACTIVE,qa.tile.expense,group.expense.amount,group.expense.note,group.expense.submit,group.expense.split.equal,Tax,MAESTRO-APK-GROUP-PURCHASE-0962 | Tax | 99.99,JOINED,Ledger Quick_Add is expense category; Split_Method drives group.expense.split.*
965,MTR-APK-0965,Group,Shared Purchase,Purchase,Other,Expense,2026-02-01,02:33:59,2026-02-01 02:33:59,16528.26,INR,-16528.26,APK Owner,3,PERCENTAGE,MAESTRO-APK-GROUP-PURCHASE-0965 | Other | 16528.26,Android,B20,RAMP_501_1500,CREATED,idem-20260902-apk-0965,android,G06,GROUP_PURCHASE,Expense,G06:Expense,ACTIVE,qa.tile.expense,group.expense.amount,group.expense.note,group.expense.submit,group.expense.split.percentage,Other,MAESTRO-APK-GROUP-PURCHASE-0965 | Other | 16528.26,JOINED,Ledger Quick_Add is expense category; Split_Method drives group.expense.split.*
968,MTR-APK-0968,Group,Shared Purchase,Assets,Purchase,Expense,2026-07-27,08:39:40,2026-07-27 08:39:40,20413.31,INR,-20413.31,APK Aarav,3,EXACT,MAESTRO-APK-GROUP-ASSETS-0968 | Purchase | 20413.31,Android,B20,RAMP_501_1500,CREATED,idem-20260902-apk-0968,android,G07,SHARED_ASSET,Expense,G07:Expense,ACTIVE,qa.tile.expense,group.expense.amount,group.expense.note,group.expense.submit,group.expense.split.exact,Purchase,MAESTRO-APK-GROUP-ASSETS-0968 | Purchase | 20413.31,JOINED,Ledger Quick_Add is expense category; Split_Method drives group.expense.split.*
971,MTR-APK-0971,Group,Shared Purchase,Assets,Maintenance,Expense,2026-07-27,02:30:46,2026-07-27 02:30:46,13352.51,INR,-13352.51,APK Meera,3,SHARES,MAESTRO-APK-GROUP-ASSETS-0971 | Maintenance | 13352.51,Android,B20,RAMP_501_1500,CREATED,idem-20260902-apk-0971,android,G07,SHARED_ASSET,Expense,G07:Expense,ACTIVE,qa.tile.expense,group.expense.amount,group.expense.note,group.expense.submit,group.expense.split.shares,Maintenance,MAESTRO-APK-GROUP-ASSETS-0971 | Maintenance | 13352.51,JOINED,Ledger Quick_Add is expense category; Split_Method drives group.expense.split.*
974,MTR-APK-0974,Group,Shared Purchase,Assets,Repair,Expense,2026-08-31,20:08:43,2026-08-31 20:08:43,28181.95,INR,-28181.95,APK Owner,3,EQUAL,MAESTRO-APK-GROUP-ASSETS-0974 | Repair | 28181.95,Android,B20,RAMP_501_1500,CREATED,idem-20260902-apk-0974,android,G07,SHARED_ASSET,Expense,G07:Expense,ACTIVE,qa.tile.expense,group.expense.amount,group.expense.note,group.expense.submit,group.expense.split.equal,Repair,MAESTRO-APK-GROUP-ASSETS-0974 | Repair | 28181.95,JOINED,Ledger Quick_Add is expense category; Split_Method drives group.expense.split.*
977,MTR-APK-0977,Group,Shared Purchase,Assets,Insurance,Expense,2026-03-26,18:36:26,2026-03-26 18:36:26,7892.29,INR,-7892.29,APK Aarav,3,PERCENTAGE,MAESTRO-APK-GROUP-ASSETS-0977 | Insurance | 7892.29,Android,B20,RAMP_501_1500,CREATED,idem-20260902-apk-0977,android,G07,SHARED_ASSET,Expense,G07:Expense,ACTIVE,qa.tile.expense,group.expense.amount,group.expense.note,group.expense.submit,group.expense.split.percentage,Insurance,MAESTRO-APK-GROUP-ASSETS-0977 | Insurance | 7892.29,JOINED,Ledger Quick_Add is expense category; Split_Method drives group.expense.split.*
980,MTR-APK-0980,Group,Shared Purchase,Assets,Other,Expense,2026-01-12,21:44:17,2026-01-12 21:44:17,1600.27,INR,-1600.27,APK Meera,3,EXACT,MAESTRO-APK-GROUP-ASSETS-0980 | Other | 1600.27,Android,B20,RAMP_501_1500,CREATED,idem-20260902-apk-0980,android,G07,SHARED_ASSET,Expense,G07:Expense,ACTIVE,qa.tile.expense,group.expense.amount,group.expense.note,group.expense.submit,group.expense.split.exact,Other,MAESTRO-APK-GROUP-ASSETS-0980 | Other | 1600.27,JOINED,Ledger Quick_Add is expense category; Split_Method drives group.expense.split.*
983,MTR-APK-0983,Group,Shared Purchase,Custom Purchase,Custom Expense,Expense,2026-01-02,20:20:59,2026-01-02 20:20:59,22650.19,INR,-22650.19,APK Owner,3,SHARES,MAESTRO-APK-GROUP-CUSTOM_PURCHASE-0983 | Custom Expense | 22650.19,Android,B20,RAMP_501_1500,CREATED,idem-20260902-apk-0983,android,G08,COMMUNITY_PURCHASE,Expense,G08:Expense,ACTIVE,qa.tile.expense,group.expense.amount,group.expense.note,group.expense.submit,group.expense.split.shares,Custom Expense,MAESTRO-APK-GROUP-CUSTOM_PURCHASE-0983 | Custom Expense | 22650.19,JOINED,Ledger Quick_Add is expense category; Split_Method drives group.expense.split.*
986,MTR-APK-0986,Group,Shared Purchase,Custom Purchase,Custom Contribution,Contribution,2026-03-25,11:00:19,2026-03-25 11:00:19,25720.44,INR,25720.44,APK Aarav,3,EQUAL,MAESTRO-APK-GROUP-CUSTOM_PURCHASE-0986 | Custom Contribution | 25720.44,Android,B20,RAMP_501_1500,CREATED,idem-20260902-apk-0986,android,G08,COMMUNITY_PURCHASE,Contribute,G08:Contribute,ACTIVE,qa.tile.contribute,group.contribute.amount,group.contribute.note,group.contribute.submit,group.expense.split.equal,Custom Contribution,MAESTRO-APK-GROUP-CUSTOM_PURCHASE-0986 | Custom Contribution | 25720.44,JOINED,
989,MTR-APK-0989,Group,Shared Living,Flatmates,Rent,Expense,2026-04-27,00:30:05,2026-04-27 00:30:05,13872.33,INR,-13872.33,APK Meera,3,PERCENTAGE,MAESTRO-APK-GROUP-FLATMATES-0989 | Rent | 13872.33,Android,B20,RAMP_501_1500,CREATED,idem-20260902-apk-0989,android,G09,FLATMATES,Expense,G09:Expense,ACTIVE,qa.tile.expense,group.expense.amount,group.expense.note,group.expense.submit,group.expense.split.percentage,Rent,MAESTRO-APK-GROUP-FLATMATES-0989 | Rent | 13872.33,JOINED,Ledger Quick_Add is expense category; Split_Method drives group.expense.split.*
992,MTR-APK-0992,Group,Shared Living,Flatmates,Utilities,Expense,2026-03-19,21:31:17,2026-03-19 21:31:17,8081.93,INR,-8081.93,APK Owner,3,EXACT,MAESTRO-APK-GROUP-FLATMATES-0992 | Utilities | 8081.93,Android,B20,RAMP_501_1500,CREATED,idem-20260902-apk-0992,android,G09,FLATMATES,Expense,G09:Expense,ACTIVE,qa.tile.expense,group.expense.amount,group.expense.note,group.expense.submit,group.expense.split.exact,Utilities,MAESTRO-APK-GROUP-FLATMATES-0992 | Utilities | 8081.93,JOINED,Ledger Quick_Add is expense category; Split_Method drives group.expense.split.*
995,MTR-APK-0995,Group,Shared Living,Flatmates,Groceries,Expense,2026-04-28,10:38:26,2026-04-28 10:38:26,18771.0,INR,-18771.0,APK Aarav,3,SHARES,MAESTRO-APK-GROUP-FLATMATES-0995 | Groceries | 18771.00,Android,B20,RAMP_501_1500,CREATED,idem-20260902-apk-0995,android,G09,FLATMATES,Expense,G09:Expense,ACTIVE,qa.tile.expense,group.expense.amount,group.expense.note,group.expense.submit,group.expense.split.shares,Groceries,MAESTRO-APK-GROUP-FLATMATES-0995 | Groceries | 18771.00,JOINED,Ledger Quick_Add is expense category; Split_Method drives group.expense.split.*
998,MTR-APK-0998,Group,Shared Living,Flatmates,Internet,Expense,2026-08-21,07:30:23,2026-08-21 07:30:23,1292.76,INR,-1292.76,APK Meera,3,EQUAL,MAESTRO-APK-GROUP-FLATMATES-0998 | Internet | 1292.76,Android,B20,RAMP_501_1500,CREATED,idem-20260902-apk-0998,android,G09,FLATMATES,Expense,G09:Expense,ACTIVE,qa.tile.expense,group.expense.amount,group.expense.note,group.expense.submit,group.expense.split.equal,Internet,MAESTRO-APK-GROUP-FLATMATES-0998 | Internet | 1292.76,JOINED,Ledger Quick_Add is expense category; Split_Method drives group.expense.split.*
1001,MTR-APK-1001,Group,Shared Living,Flatmates,House Supplies,Expense,2026-04-26,21:41:34,2026-04-26 21:41:34,5101.98,INR,-5101.98,APK Owner,3,PERCENTAGE,MAESTRO-APK-GROUP-FLATMATES-1001 | House Supplies | 5101.98,Android,B21,RAMP_501_1500,CREATED,idem-20260902-apk-1001,android,G09,FLATMATES,Expense,G09:Expense,ACTIVE,qa.tile.expense,group.expense.amount,group.expense.note,group.expense.submit,group.expense.split.percentage,House Supplies,MAESTRO-APK-GROUP-FLATMATES-1001 | House Supplies | 5101.98,JOINED,Ledger Quick_Add is expense category; Split_Method drives group.expense.split.*
1004,MTR-APK-1004,Group,Shared Living,Flatmates,Repairs,Expense,2025-10-06,14:59:59,2025-10-06 14:59:59,23248.3,INR,-23248.3,APK Aarav,3,EXACT,MAESTRO-APK-GROUP-FLATMATES-1004 | Repairs | 23248.30,Android,B21,RAMP_501_1500,CREATED,idem-20260902-apk-1004,android,G09,FLATMATES,Expense,G09:Expense,ACTIVE,qa.tile.expense,group.expense.amount,group.expense.note,group.expense.submit,group.expense.split.exact,Repairs,MAESTRO-APK-GROUP-FLATMATES-1004 | Repairs | 23248.30,JOINED,Ledger Quick_Add is expense category; Split_Method drives group.expense.split.*
1007,MTR-APK-1007,Group,Shared Living,Shared Living,Rent,Expense,2026-08-15,08:30:03,2026-08-15 08:30:03,26172.12,INR,-26172.12,APK Meera,3,SHARES,MAESTRO-APK-GROUP-SHARED_LIVING-1007 | Rent | 26172.12,Android,B21,RAMP_501_1500,CREATED,idem-20260902-apk-1007,android,G11,CO_LIVING,Expense,G11:Expense,ACTIVE,qa.tile.expense,group.expense.amount,group.expense.note,group.expense.submit,group.expense.split.shares,Rent,MAESTRO-APK-GROUP-SHARED_LIVING-1007 | Rent | 26172.12,JOINED,Ledger Quick_Add is expense category; Split_Method drives group.expense.split.*
1010,MTR-APK-1010,Group,Shared Living,Shared Living,Utilities,Expense,2026-06-02,11:03:39,2026-06-02 11:03:39,15665.8,INR,-15665.8,APK Owner,3,EQUAL,MAESTRO-APK-GROUP-SHARED_LIVING-1010 | Utilities | 15665.80,Android,B21,RAMP_501_1500,CREATED,idem-20260902-apk-1010,android,G11,CO_LIVING,Expense,G11:Expense,ACTIVE,qa.tile.expense,group.expense.amount,group.expense.note,group.expense.submit,group.expense.split.equal,Utilities,MAESTRO-APK-GROUP-SHARED_LIVING-1010 | Utilities | 15665.80,JOINED,Ledger Quick_Add is expense category; Split_Method drives group.expense.split.*
1013,MTR-APK-1013,Group,Shared Living,Shared Living,Groceries,Expense,2025-09-20,20:02:07,2025-09-20 20:02:07,28399.56,INR,-28399.56,APK Aarav,3,PERCENTAGE,MAESTRO-APK-GROUP-SHARED_LIVING-1013 | Groceries | 28399.56,Android,B21,RAMP_501_1500,CREATED,idem-20260902-apk-1013,android,G11,CO_LIVING,Expense,G11:Expense,ACTIVE,qa.tile.expense,group.expense.amount,group.expense.note,group.expense.submit,group.expense.split.percentage,Groceries,MAESTRO-APK-GROUP-SHARED_LIVING-1013 | Groceries | 28399.56,JOINED,Ledger Quick_Add is expense category; Split_Method drives group.expense.split.*
1016,MTR-APK-1016,Group,Shared Living,Shared Living,Maintenance,Expense,2026-01-10,07:58:59,2026-01-10 07:58:59,17286.45,INR,-17286.45,APK Meera,3,EXACT,MAESTRO-APK-GROUP-SHARED_LIVING-1016 | Maintenance | 17286.45,Android,B21,RAMP_501_1500,CREATED,idem-20260902-apk-1016,android,G11,CO_LIVING,Expense,G11:Expense,ACTIVE,qa.tile.expense,group.expense.amount,group.expense.note,group.expense.submit,group.expense.split.exact,Maintenance,MAESTRO-APK-GROUP-SHARED_LIVING-1016 | Maintenance | 17286.45,JOINED,Ledger Quick_Add is expense category; Split_Method drives group.expense.split.*
1019,MTR-APK-1019,Group,Shared Living,Shared Living,Other,Expense,2025-11-01,10:18:29,2025-11-01 10:18:29,20059.54,INR,-20059.54,APK Owner,3,SHARES,MAESTRO-APK-GROUP-SHARED_LIVING-1019 | Other | 20059.54,Android,B21,RAMP_501_1500,CREATED,idem-20260902-apk-1019,android,G11,CO_LIVING,Expense,G11:Expense,ACTIVE,qa.tile.expense,group.expense.amount,group.expense.note,group.expense.submit,group.expense.split.shares,Other,MAESTRO-APK-GROUP-SHARED_LIVING-1019 | Other | 20059.54,JOINED,Ledger Quick_Add is expense category; Split_Method drives group.expense.split.*
1022,MTR-APK-1022,Group,Shared Living,Family Household,School,Expense,2025-10-25,11:46:48,2025-10-25 11:46:48,11777.39,INR,-11777.39,APK Aarav,3,EQUAL,MAESTRO-APK-GROUP-FAMILY_HOUSEHOLD-1022 | School | 11777.39,Android,B21,RAMP_501_1500,CREATED,idem-20260902-apk-1022,android,G10,FAMILY_HOUSEHOLD,Expense,G10:Expense,ACTIVE,qa.tile.expense,group.expense.amount,group.expense.note,group.expense.submit,group.expense.split.equal,School,MAESTRO-APK-GROUP-FAMILY_HOUSEHOLD-1022 | School | 11777.39,JOINED,Ledger Quick_Add is expense category; Split_Method drives group.expense.split.*
1025,MTR-APK-1025,Group,Shared Living,Family Household,Other,Expense,2026-08-16,01:55:30,2026-08-16 01:55:30,15614.02,INR,-15614.02,APK Meera,3,PERCENTAGE,MAESTRO-APK-GROUP-FAMILY_HOUSEHOLD-1025 | Other | 15614.02,Android,B21,RAMP_501_1500,CREATED,idem-20260902-apk-1025,android,G10,FAMILY_HOUSEHOLD,Expense,G10:Expense,ACTIVE,qa.tile.expense,group.expense.amount,group.expense.note,group.expense.submit,group.expense.split.percentage,Other,MAESTRO-APK-GROUP-FAMILY_HOUSEHOLD-1025 | Other | 15614.02,JOINED,Ledger Quick_Add is expense category; Split_Method drives group.expense.split.*
1028,MTR-APK-1028,Group,Shared Living,Family Household,Rent,Expense,2026-07-26,13:10:55,2026-07-26 13:10:55,558.94,INR,-558.94,APK Owner,3,EXACT,MAESTRO-APK-GROUP-FAMILY_HOUSEHOLD-1028 | Rent | 558.94,Android,B21,RAMP_501_1500,CREATED,idem-20260902-apk-1028,android,G10,FAMILY_HOUSEHOLD,Expense,G10:Expense,ACTIVE,qa.tile.expense,group.expense.amount,group.expense.note,group.expense.submit,group.expense.split.exact,Rent,MAESTRO-APK-GROUP-FAMILY_HOUSEHOLD-1028 | Rent | 558.94,JOINED,Ledger Quick_Add is expense category; Split_Method drives group.expense.split.*
1031,MTR-APK-1031,Group,Shared Living,Family Household,Groceries,Expense,2026-03-29,19:53:48,2026-03-29 19:53:48,16249.54,INR,-16249.54,APK Aarav,3,SHARES,MAESTRO-APK-GROUP-FAMILY_HOUSEHOLD-1031 | Groceries | 16249.54,Android,B21,RAMP_501_1500,CREATED,idem-20260902-apk-1031,android,G10,FAMILY_HOUSEHOLD,Expense,G10:Expense,ACTIVE,qa.tile.expense,group.expense.amount,group.expense.note,group.expense.submit,group.expense.split.shares,Groceries,MAESTRO-APK-GROUP-FAMILY_HOUSEHOLD-1031 | Groceries | 16249.54,JOINED,Ledger Quick_Add is expense category; Split_Method drives group.expense.split.*
1034,MTR-APK-1034,Group,Shared Living,Family Household,Transport,Expense,2026-02-10,18:11:36,2026-02-10 18:11:36,818.7,INR,-818.7,APK Meera,3,EQUAL,MAESTRO-APK-GROUP-FAMILY_HOUSEHOLD-1034 | Transport | 818.70,Android,B21,RAMP_501_1500,CREATED,idem-20260902-apk-1034,android,G10,FAMILY_HOUSEHOLD,Expense,G10:Expense,ACTIVE,qa.tile.expense,group.expense.amount,group.expense.note,group.expense.submit,group.expense.split.equal,Transport,MAESTRO-APK-GROUP-FAMILY_HOUSEHOLD-1034 | Transport | 818.70,JOINED,Ledger Quick_Add is expense category; Split_Method drives group.expense.split.*
1037,MTR-APK-1037,Group,Shared Living,Family Household,Bills,Expense,2025-11-04,21:30:54,2025-11-04 21:30:54,27161.15,INR,-27161.15,APK Owner,3,PERCENTAGE,MAESTRO-APK-GROUP-FAMILY_HOUSEHOLD-1037 | Bills | 27161.15,Android,B21,RAMP_501_1500,CREATED,idem-20260902-apk-1037,android,G10,FAMILY_HOUSEHOLD,Expense,G10:Expense,ACTIVE,qa.tile.expense,group.expense.amount,group.expense.note,group.expense.submit,group.expense.split.percentage,Bills,MAESTRO-APK-GROUP-FAMILY_HOUSEHOLD-1037 | Bills | 27161.15,JOINED,Ledger Quick_Add is expense category; Split_Method drives group.expense.split.*
1040,MTR-APK-1040,Group,Shared Living,Custom Living,Custom Expense,Expense,2026-08-09,21:31:01,2026-08-09 21:31:01,21943.69,INR,-21943.69,APK Aarav,3,EXACT,MAESTRO-APK-GROUP-CUSTOM_LIVING-1040 | Custom Expense | 21943.69,Android,B21,RAMP_501_1500,CREATED,idem-20260902-apk-1040,android,G12,COMMUNITY_LIVING,Expense,G12:Expense,ACTIVE,qa.tile.expense,group.expense.amount,group.expense.note,group.expense.submit,group.expense.split.exact,Custom Expense,MAESTRO-APK-GROUP-CUSTOM_LIVING-1040 | Custom Expense | 21943.69,JOINED,Ledger Quick_Add is expense category; Split_Method drives group.expense.split.*
1043,MTR-APK-1043,Group,Shared Living,Custom Living,Custom Contribution,Contribution,2025-12-15,07:26:23,2025-12-15 07:26:23,15407.63,INR,15407.63,APK Meera,3,SHARES,MAESTRO-APK-GROUP-CUSTOM_LIVING-1043 | Custom Contribution | 15407.63,Android,B21,RAMP_501_1500,CREATED,idem-20260902-apk-1043,android,G12,COMMUNITY_LIVING,Contribute,G12:Contribute,,qa.tile.contribute,group.contribute.amount,group.contribute.note,group.contribute.submit,group.expense.split.shares,Custom Contribution,MAESTRO-APK-GROUP-CUSTOM_LIVING-1043 | Custom Contribution | 15407.63,SKIP_CAPABILITY_GAP,Custom Living hub has no Contribution tile (same as Family Household)
1046,MTR-APK-1046,Group,Shared Experience,Trip,Travel,Expense,2026-02-07,07:29:12,2026-02-07 07:29:12,27342.79,INR,-27342.79,APK Owner,3,EQUAL,MAESTRO-APK-GROUP-TRIP-1046 | Travel | 27342.79,Android,B21,RAMP_501_1500,CREATED,idem-20260902-apk-1046,android,G01,TRIP,Expense,G01:Expense,ACTIVE,qa.tile.expense,group.expense.amount,group.expense.note,group.expense.submit,group.expense.split.equal,Travel,MAESTRO-APK-GROUP-TRIP-1046 | Travel | 27342.79,JOINED,Ledger Quick_Add is expense category; Split_Method drives group.expense.split.*
1049,MTR-APK-1049,Group,Shared Experience,Trip,Stay,Expense,2026-03-13,09:42:29,2026-03-13 09:42:29,16440.48,INR,-16440.48,APK Aarav,3,PERCENTAGE,MAESTRO-APK-GROUP-TRIP-1049 | Stay | 16440.48,Android,B21,RAMP_501_1500,CREATED,idem-20260902-apk-1049,android,G01,TRIP,Expense,G01:Expense,ACTIVE,qa.tile.expense,group.expense.amount,group.expense.note,group.expense.submit,group.expense.split.percentage,Stay,MAESTRO-APK-GROUP-TRIP-1049 | Stay | 16440.48,JOINED,Ledger Quick_Add is expense category; Split_Method drives group.expense.split.*
1052,MTR-APK-1052,Group,Shared Experience,Trip,Food,Expense,2026-06-13,14:25:53,2026-06-13 14:25:53,13794.7,INR,-13794.7,APK Meera,3,EXACT,MAESTRO-APK-GROUP-TRIP-1052 | Food | 13794.70,Android,B22,RAMP_501_1500,CREATED,idem-20260902-apk-1052,android,G01,TRIP,Expense,G01:Expense,ACTIVE,qa.tile.expense,group.expense.amount,group.expense.note,group.expense.submit,group.expense.split.exact,Food,MAESTRO-APK-GROUP-TRIP-1052 | Food | 13794.70,JOINED,Ledger Quick_Add is expense category; Split_Method drives group.expense.split.*
1055,MTR-APK-1055,Group,Shared Experience,Trip,Local Transport,Expense,2026-01-21,14:04:34,2026-01-21 14:04:34,18087.97,INR,-18087.97,APK Owner,3,SHARES,MAESTRO-APK-GROUP-TRIP-1055 | Local Transport | 18087.97,Android,B22,RAMP_501_1500,CREATED,idem-20260902-apk-1055,android,G01,TRIP,Expense,G01:Expense,ACTIVE,qa.tile.expense,group.expense.amount,group.expense.note,group.expense.submit,group.expense.split.shares,Local Transport,MAESTRO-APK-GROUP-TRIP-1055 | Local Transport | 18087.97,JOINED,Ledger Quick_Add is expense category; Split_Method drives group.expense.split.*
1058,MTR-APK-1058,Group,Shared Experience,Trip,Activities,Expense,2026-04-27,18:35:16,2026-04-27 18:35:16,11400.83,INR,-11400.83,APK Aarav,3,EQUAL,MAESTRO-APK-GROUP-TRIP-1058 | Activities | 11400.83,Android,B22,RAMP_501_1500,CREATED,idem-20260902-apk-1058,android,G01,TRIP,Expense,G01:Expense,ACTIVE,qa.tile.expense,group.expense.amount,group.expense.note,group.expense.submit,group.expense.split.equal,Activities,MAESTRO-APK-GROUP-TRIP-1058 | Activities | 11400.83,JOINED,Ledger Quick_Add is expense category; Split_Method drives group.expense.split.*
1061,MTR-APK-1061,Group,Shared Experience,Trip,Shopping,Expense,2026-02-25,11:09:30,2026-02-25 11:09:30,17280.87,INR,-17280.87,APK Meera,3,PERCENTAGE,MAESTRO-APK-GROUP-TRIP-1061 | Shopping | 17280.87,Android,B22,RAMP_501_1500,CREATED,idem-20260902-apk-1061,android,G01,TRIP,Expense,G01:Expense,ACTIVE,qa.tile.expense,group.expense.amount,group.expense.note,group.expense.submit,group.expense.split.percentage,Shopping,MAESTRO-APK-GROUP-TRIP-1061 | Shopping | 17280.87,JOINED,Ledger Quick_Add is expense category; Split_Method drives group.expense.split.*
1064,MTR-APK-1064,Group,Shared Experience,Trip,Other,Expense,2026-04-30,12:54:55,2026-04-30 12:54:55,15171.27,INR,-15171.27,APK Owner,3,EXACT,MAESTRO-APK-GROUP-TRIP-1064 | Other | 15171.27,Android,B22,RAMP_501_1500,CREATED,idem-20260902-apk-1064,android,G01,TRIP,Expense,G01:Expense,ACTIVE,qa.tile.expense,group.expense.amount,group.expense.note,group.expense.submit,group.expense.split.exact,Other,MAESTRO-APK-GROUP-TRIP-1064 | Other | 15171.27,JOINED,Ledger Quick_Add is expense category; Split_Method drives group.expense.split.*
1067,MTR-APK-1067,Group,Shared Experience,Wedding,Venue,Expense,2025-11-11,16:58:20,2025-11-11 16:58:20,12058.21,INR,-12058.21,APK Aarav,3,SHARES,MAESTRO-APK-GROUP-WEDDING-1067 | Venue | 12058.21,Android,B22,RAMP_501_1500,CREATED,idem-20260902-apk-1067,android,G02,WEDDING,Expense,G02:Expense,ACTIVE,qa.tile.expense,group.expense.amount,group.expense.note,group.expense.submit,group.expense.split.shares,Venue,MAESTRO-APK-GROUP-WEDDING-1067 | Venue | 12058.21,JOINED,Ledger Quick_Add is expense category; Split_Method drives group.expense.split.*
1070,MTR-APK-1070,Group,Shared Experience,Wedding,Catering,Expense,2026-02-23,23:18:59,2026-02-23 23:18:59,10473.38,INR,-10473.38,APK Meera,3,EQUAL,MAESTRO-APK-GROUP-WEDDING-1070 | Catering | 10473.38,Android,B22,RAMP_501_1500,CREATED,idem-20260902-apk-1070,android,G02,WEDDING,Expense,G02:Expense,ACTIVE,qa.tile.expense,group.expense.amount,group.expense.note,group.expense.submit,group.expense.split.equal,Catering,MAESTRO-APK-GROUP-WEDDING-1070 | Catering | 10473.38,JOINED,Ledger Quick_Add is expense category; Split_Method drives group.expense.split.*
1073,MTR-APK-1073,Group,Shared Experience,Wedding,Decor,Expense,2026-05-13,08:33:10,2026-05-13 08:33:10,10000.0,INR,-10000.0,APK Owner,3,PERCENTAGE,MAESTRO-APK-GROUP-WEDDING-1073 | Decor | 10000.00,Android,B22,RAMP_501_1500,CREATED,idem-20260902-apk-1073,android,G02,WEDDING,Expense,G02:Expense,ACTIVE,qa.tile.expense,group.expense.amount,group.expense.note,group.expense.submit,group.expense.split.percentage,Decor,MAESTRO-APK-GROUP-WEDDING-1073 | Decor | 10000.00,JOINED,Ledger Quick_Add is expense category; Split_Method drives group.expense.split.*
1076,MTR-APK-1076,Group,Shared Experience,Wedding,Travel,Expense,2026-04-21,09:13:47,2026-04-21 09:13:47,25219.59,INR,-25219.59,APK Aarav,3,EXACT,MAESTRO-APK-GROUP-WEDDING-1076 | Travel | 25219.59,Android,B22,RAMP_501_1500,CREATED,idem-20260902-apk-1076,android,G02,WEDDING,Expense,G02:Expense,ACTIVE,qa.tile.expense,group.expense.amount,group.expense.note,group.expense.submit,group.expense.split.exact,Travel,MAESTRO-APK-GROUP-WEDDING-1076 | Travel | 25219.59,JOINED,Ledger Quick_Add is expense category; Split_Method drives group.expense.split.*
1079,MTR-APK-1079,Group,Shared Experience,Wedding,Gifts,Expense,2026-02-02,09:29:06,2026-02-02 09:29:06,18741.51,INR,-18741.51,APK Meera,3,SHARES,MAESTRO-APK-GROUP-WEDDING-1079 | Gifts | 18741.51,Android,B22,RAMP_501_1500,CREATED,idem-20260902-apk-1079,android,G02,WEDDING,Expense,G02:Expense,ACTIVE,qa.tile.expense,group.expense.amount,group.expense.note,group.expense.submit,group.expense.split.shares,Gifts,MAESTRO-APK-GROUP-WEDDING-1079 | Gifts | 18741.51,JOINED,Ledger Quick_Add is expense category; Split_Method drives group.expense.split.*
1082,MTR-APK-1082,Group,Shared Experience,Wedding,Photography,Expense,2025-12-08,01:13:22,2025-12-08 01:13:22,10859.37,INR,-10859.37,APK Owner,3,EQUAL,MAESTRO-APK-GROUP-WEDDING-1082 | Photography | 10859.37,Android,B22,RAMP_501_1500,CREATED,idem-20260902-apk-1082,android,G02,WEDDING,Expense,G02:Expense,ACTIVE,qa.tile.expense,group.expense.amount,group.expense.note,group.expense.submit,group.expense.split.equal,Photography,MAESTRO-APK-GROUP-WEDDING-1082 | Photography | 10859.37,JOINED,Ledger Quick_Add is expense category; Split_Method drives group.expense.split.*
1085,MTR-APK-1085,Group,Shared Experience,Wedding,Other,Expense,2026-07-05,20:07:15,2026-07-05 20:07:15,8449.74,INR,-8449.74,APK Aarav,3,PERCENTAGE,MAESTRO-APK-GROUP-WEDDING-1085 | Other | 8449.74,Android,B22,RAMP_501_1500,CREATED,idem-20260902-apk-1085,android,G02,WEDDING,Expense,G02:Expense,ACTIVE,qa.tile.expense,group.expense.amount,group.expense.note,group.expense.submit,group.expense.split.percentage,Other,MAESTRO-APK-GROUP-WEDDING-1085 | Other | 8449.74,JOINED,Ledger Quick_Add is expense category; Split_Method drives group.expense.split.*
1088,MTR-APK-1088,Group,Shared Experience,Office Outing,Food,Expense,2026-01-23,03:27:58,2026-01-23 03:27:58,7212.32,INR,-7212.32,APK Meera,3,EXACT,MAESTRO-APK-GROUP-OFFICE_OUTING-1088 | Food | 7212.32,Android,B22,RAMP_501_1500,CREATED,idem-20260902-apk-1088,android,G04,OFFICE_OUTING,Expense,G04:Expense,ACTIVE,qa.tile.expense,group.expense.amount,group.expense.note,group.expense.submit,group.expense.split.exact,Food,MAESTRO-APK-GROUP-OFFICE_OUTING-1088 | Food | 7212.32,JOINED,Ledger Quick_Add is expense category; Split_Method drives group.expense.split.*
1091,MTR-APK-1091,Group,Shared Experience,Office Outing,Travel,Expense,2026-07-04,08:00:09,2026-07-04 08:00:09,29888.09,INR,-29888.09,APK Owner,3,SHARES,MAESTRO-APK-GROUP-OFFICE_OUTING-1091 | Travel | 29888.09,Android,B22,RAMP_501_1500,CREATED,idem-20260902-apk-1091,android,G04,OFFICE_OUTING,Expense,G04:Expense,ACTIVE,qa.tile.expense,group.expense.amount,group.expense.note,group.expense.submit,group.expense.split.shares,Travel,MAESTRO-APK-GROUP-OFFICE_OUTING-1091 | Travel | 29888.09,JOINED,Ledger Quick_Add is expense category; Split_Method drives group.expense.split.*
1094,MTR-APK-1094,Group,Shared Experience,Office Outing,Activities,Expense,2026-01-04,19:14:07,2026-01-04 19:14:07,8910.64,INR,-8910.64,APK Aarav,3,EQUAL,MAESTRO-APK-GROUP-OFFICE_OUTING-1094 | Activities | 8910.64,Android,B22,RAMP_501_1500,CREATED,idem-20260902-apk-1094,android,G04,OFFICE_OUTING,Expense,G04:Expense,ACTIVE,qa.tile.expense,group.expense.amount,group.expense.note,group.expense.submit,group.expense.split.equal,Activities,MAESTRO-APK-GROUP-OFFICE_OUTING-1094 | Activities | 8910.64,JOINED,Ledger Quick_Add is expense category; Split_Method drives group.expense.split.*
1097,MTR-APK-1097,Group,Shared Experience,Office Outing,Venue,Expense,2026-02-10,04:46:05,2026-02-10 04:46:05,21380.56,INR,-21380.56,APK Meera,3,PERCENTAGE,MAESTRO-APK-GROUP-OFFICE_OUTING-1097 | Venue | 21380.56,Android,B22,RAMP_501_1500,CREATED,idem-20260902-apk-1097,android,G04,OFFICE_OUTING,Expense,G04:Expense,ACTIVE,qa.tile.expense,group.expense.amount,group.expense.note,group.expense.submit,group.expense.split.percentage,Venue,MAESTRO-APK-GROUP-OFFICE_OUTING-1097 | Venue | 21380.56,JOINED,Ledger Quick_Add is expense category; Split_Method drives group.expense.split.*
1100,MTR-APK-1100,Group,Shared Experience,Office Outing,Other,Expense,2026-02-10,19:45:13,2026-02-10 19:45:13,26999.85,INR,-26999.85,APK Owner,3,EXACT,MAESTRO-APK-GROUP-OFFICE_OUTING-1100 | Other | 26999.85,Android,B22,RAMP_501_1500,CREATED,idem-20260902-apk-1100,android,G04,OFFICE_OUTING,Expense,G04:Expense,ACTIVE,qa.tile.expense,group.expense.amount,group.expense.note,group.expense.submit,group.expense.split.exact,Other,MAESTRO-APK-GROUP-OFFICE_OUTING-1100 | Other | 26999.85,JOINED,Ledger Quick_Add is expense category; Split_Method drives group.expense.split.*
1103,MTR-APK-1103,Group,Shared Experience,House Party,Food,Expense,2026-08-21,21:22:37,2026-08-21 21:22:37,828.86,INR,-828.86,APK Aarav,3,SHARES,MAESTRO-APK-GROUP-HOUSE_PARTY-1103 | Food | 828.86,Android,B23,RAMP_501_1500,CREATED,idem-20260902-apk-1103,android,G03,HOUSE_PARTY,Expense,G03:Expense,ACTIVE,qa.tile.expense,group.expense.amount,group.expense.note,group.expense.submit,group.expense.split.shares,Food,MAESTRO-APK-GROUP-HOUSE_PARTY-1103 | Food | 828.86,JOINED,Ledger Quick_Add is expense category; Split_Method drives group.expense.split.*
1106,MTR-APK-1106,Group,Shared Experience,House Party,Drinks,Expense,2026-05-13,06:11:30,2026-05-13 06:11:30,18440.38,INR,-18440.38,APK Meera,3,EQUAL,MAESTRO-APK-GROUP-HOUSE_PARTY-1106 | Drinks | 18440.38,Android,B23,RAMP_501_1500,CREATED,idem-20260902-apk-1106,android,G03,HOUSE_PARTY,Expense,G03:Expense,ACTIVE,qa.tile.expense,group.expense.amount,group.expense.note,group.expense.submit,group.expense.split.equal,Drinks,MAESTRO-APK-GROUP-HOUSE_PARTY-1106 | Drinks | 18440.38,JOINED,Ledger Quick_Add is expense category; Split_Method drives group.expense.split.*
1109,MTR-APK-1109,Group,Shared Experience,House Party,Decor,Expense,2026-05-25,03:21:42,2026-05-25 03:21:42,14948.55,INR,-14948.55,APK Owner,3,PERCENTAGE,MAESTRO-APK-GROUP-HOUSE_PARTY-1109 | Decor | 14948.55,Android,B23,RAMP_501_1500,CREATED,idem-20260902-apk-1109,android,G03,HOUSE_PARTY,Expense,G03:Expense,ACTIVE,qa.tile.expense,group.expense.amount,group.expense.note,group.expense.submit,group.expense.split.percentage,Decor,MAESTRO-APK-GROUP-HOUSE_PARTY-1109 | Decor | 14948.55,JOINED,Ledger Quick_Add is expense category; Split_Method drives group.expense.split.*
1112,MTR-APK-1112,Group,Shared Experience,House Party,Supplies,Expense,2025-09-02,16:04:45,2025-09-02 16:04:45,25380.24,INR,-25380.24,APK Aarav,3,EXACT,MAESTRO-APK-GROUP-HOUSE_PARTY-1112 | Supplies | 25380.24,Android,B23,RAMP_501_1500,CREATED,idem-20260902-apk-1112,android,G03,HOUSE_PARTY,Expense,G03:Expense,ACTIVE,qa.tile.expense,group.expense.amount,group.expense.note,group.expense.submit,group.expense.split.exact,Supplies,MAESTRO-APK-GROUP-HOUSE_PARTY-1112 | Supplies | 25380.24,JOINED,Ledger Quick_Add is expense category; Split_Method drives group.expense.split.*
1115,MTR-APK-1115,Group,Shared Experience,House Party,Other,Expense,2026-08-02,22:22:56,2026-08-02 22:22:56,1537.5,INR,-1537.5,APK Meera,3,SHARES,MAESTRO-APK-GROUP-HOUSE_PARTY-1115 | Other | 1537.50,Android,B23,RAMP_501_1500,CREATED,idem-20260902-apk-1115,android,G03,HOUSE_PARTY,Expense,G03:Expense,ACTIVE,qa.tile.expense,group.expense.amount,group.expense.note,group.expense.submit,group.expense.split.shares,Other,MAESTRO-APK-GROUP-HOUSE_PARTY-1115 | Other | 1537.50,JOINED,Ledger Quick_Add is expense category; Split_Method drives group.expense.split.*
1118,MTR-APK-1118,Group,Shared Purchase,Gift Pool,Contribution,Contribution,2025-12-15,16:45:47,2025-12-15 16:45:47,171.59,INR,171.59,APK Owner,3,EQUAL,MAESTRO-APK-GROUP-GIFT_POOL-1118 | Contribution | 171.59,Android,B23,RAMP_501_1500,CREATED,idem-20260902-apk-1118,android,G05,GIFT_POOL,Contribute,G05:Contribute,ACTIVE,qa.tile.contribute,group.contribute.amount,group.contribute.note,group.contribute.submit,group.expense.split.equal,Contribution,MAESTRO-APK-GROUP-GIFT_POOL-1118 | Contribution | 171.59,JOINED,
1121,MTR-APK-1121,Group,Shared Purchase,Gift Pool,Gift Purchase,Expense,2025-10-05,20:50:24,2025-10-05 20:50:24,12621.21,INR,-12621.21,APK Aarav,3,PERCENTAGE,MAESTRO-APK-GROUP-GIFT_POOL-1121 | Gift Purchase | 12621.21,Android,B23,RAMP_501_1500,CREATED,idem-20260902-apk-1121,android,G05,GIFT_POOL,Expense,G05:Expense,ACTIVE,qa.tile.expense,group.expense.amount,group.expense.note,group.expense.submit,group.expense.split.percentage,Gift Purchase,MAESTRO-APK-GROUP-GIFT_POOL-1121 | Gift Purchase | 12621.21,JOINED,Ledger Quick_Add is expense category; Split_Method drives group.expense.split.*
1124,MTR-APK-1124,Group,Shared Purchase,Gift Pool,Delivery,Expense,2026-08-11,15:04:36,2026-08-11 15:04:36,29487.2,INR,-29487.2,APK Meera,3,EXACT,MAESTRO-APK-GROUP-GIFT_POOL-1124 | Delivery | 29487.20,Android,B23,RAMP_501_1500,CREATED,idem-20260902-apk-1124,android,G05,GIFT_POOL,Expense,G05:Expense,ACTIVE,qa.tile.expense,group.expense.amount,group.expense.note,group.expense.submit,group.expense.split.exact,Delivery,MAESTRO-APK-GROUP-GIFT_POOL-1124 | Delivery | 29487.20,JOINED,Ledger Quick_Add is expense category; Split_Method drives group.expense.split.*
1127,MTR-APK-1127,Group,Shared Purchase,Gift Pool,Other,Expense,2026-07-29,07:49:42,2026-07-29 07:49:42,18136.67,INR,-18136.67,APK Owner,3,SHARES,MAESTRO-APK-GROUP-GIFT_POOL-1127 | Other | 18136.67,Android,B23,RAMP_501_1500,CREATED,idem-20260902-apk-1127,android,G05,GIFT_POOL,Expense,G05:Expense,ACTIVE,qa.tile.expense,group.expense.amount,group.expense.note,group.expense.submit,group.expense.split.shares,Other,MAESTRO-APK-GROUP-GIFT_POOL-1127 | Other | 18136.67,JOINED,Ledger Quick_Add is expense category; Split_Method drives group.expense.split.*
1130,MTR-APK-1130,Group,Shared Purchase,Purchase,Item,Expense,2026-02-24,09:39:52,2026-02-24 09:39:52,8461.94,INR,-8461.94,APK Aarav,3,EQUAL,MAESTRO-APK-GROUP-PURCHASE-1130 | Item | 8461.94,Android,B23,RAMP_501_1500,CREATED,idem-20260902-apk-1130,android,G06,GROUP_PURCHASE,Expense,G06:Expense,ACTIVE,qa.tile.expense,group.expense.amount,group.expense.note,group.expense.submit,group.expense.split.equal,Item,MAESTRO-APK-GROUP-PURCHASE-1130 | Item | 8461.94,JOINED,Ledger Quick_Add is expense category; Split_Method drives group.expense.split.*
1133,MTR-APK-1133,Group,Shared Purchase,Purchase,Shipping,Expense,2026-02-13,14:41:58,2026-02-13 14:41:58,7101.89,INR,-7101.89,APK Meera,3,PERCENTAGE,MAESTRO-APK-GROUP-PURCHASE-1133 | Shipping | 7101.89,Android,B23,RAMP_501_1500,CREATED,idem-20260902-apk-1133,android,G06,GROUP_PURCHASE,Expense,G06:Expense,ACTIVE,qa.tile.expense,group.expense.amount,group.expense.note,group.expense.submit,group.expense.split.percentage,Shipping,MAESTRO-APK-GROUP-PURCHASE-1133 | Shipping | 7101.89,JOINED,Ledger Quick_Add is expense category; Split_Method drives group.expense.split.*
1136,MTR-APK-1136,Group,Shared Purchase,Purchase,Tax,Expense,2026-08-29,21:59:18,2026-08-29 21:59:18,17587.99,INR,-17587.99,APK Owner,3,EXACT,MAESTRO-APK-GROUP-PURCHASE-1136 | Tax | 17587.99,Android,B23,RAMP_501_1500,CREATED,idem-20260902-apk-1136,android,G06,GROUP_PURCHASE,Expense,G06:Expense,ACTIVE,qa.tile.expense,group.expense.amount,group.expense.note,group.expense.submit,group.expense.split.exact,Tax,MAESTRO-APK-GROUP-PURCHASE-1136 | Tax | 17587.99,JOINED,Ledger Quick_Add is expense category; Split_Method drives group.expense.split.*
1139,MTR-APK-1139,Group,Shared Purchase,Purchase,Other,Expense,2026-05-11,20:33:53,2026-05-11 20:33:53,19330.24,INR,-19330.24,APK Aarav,3,SHARES,MAESTRO-APK-GROUP-PURCHASE-1139 | Other | 19330.24,Android,B23,RAMP_501_1500,CREATED,idem-20260902-apk-1139,android,G06,GROUP_PURCHASE,Expense,G06:Expense,ACTIVE,qa.tile.expense,group.expense.amount,group.expense.note,group.expense.submit,group.expense.split.shares,Other,MAESTRO-APK-GROUP-PURCHASE-1139 | Other | 19330.24,JOINED,Ledger Quick_Add is expense category; Split_Method drives group.expense.split.*
1142,MTR-APK-1142,Group,Shared Purchase,Assets,Purchase,Expense,2025-10-07,11:40:43,2025-10-07 11:40:43,6180.37,INR,-6180.37,APK Meera,3,EQUAL,MAESTRO-APK-GROUP-ASSETS-1142 | Purchase | 6180.37,Android,B23,RAMP_501_1500,CREATED,idem-20260902-apk-1142,android,G07,SHARED_ASSET,Expense,G07:Expense,ACTIVE,qa.tile.expense,group.expense.amount,group.expense.note,group.expense.submit,group.expense.split.equal,Purchase,MAESTRO-APK-GROUP-ASSETS-1142 | Purchase | 6180.37,JOINED,Ledger Quick_Add is expense category; Split_Method drives group.expense.split.*
1145,MTR-APK-1145,Group,Shared Purchase,Assets,Maintenance,Expense,2026-02-25,19:56:32,2026-02-25 19:56:32,1223.58,INR,-1223.58,APK Owner,3,PERCENTAGE,MAESTRO-APK-GROUP-ASSETS-1145 | Maintenance | 1223.58,Android,B23,RAMP_501_1500,CREATED,idem-20260902-apk-1145,android,G07,SHARED_ASSET,Expense,G07:Expense,ACTIVE,qa.tile.expense,group.expense.amount,group.expense.note,group.expense.submit,group.expense.split.percentage,Maintenance,MAESTRO-APK-GROUP-ASSETS-1145 | Maintenance | 1223.58,JOINED,Ledger Quick_Add is expense category; Split_Method drives group.expense.split.*
1148,MTR-APK-1148,Group,Shared Purchase,Assets,Repair,Expense,2026-02-15,15:18:30,2026-02-15 15:18:30,24888.88,INR,-24888.88,APK Aarav,3,EXACT,MAESTRO-APK-GROUP-ASSETS-1148 | Repair | 24888.88,Android,B23,RAMP_501_1500,CREATED,idem-20260902-apk-1148,android,G07,SHARED_ASSET,Expense,G07:Expense,ACTIVE,qa.tile.expense,group.expense.amount,group.expense.note,group.expense.submit,group.expense.split.exact,Repair,MAESTRO-APK-GROUP-ASSETS-1148 | Repair | 24888.88,JOINED,Ledger Quick_Add is expense category; Split_Method drives group.expense.split.*
1151,MTR-APK-1151,Group,Shared Purchase,Assets,Insurance,Expense,2025-10-04,20:02:04,2025-10-04 20:02:04,23928.41,INR,-23928.41,APK Meera,3,SHARES,MAESTRO-APK-GROUP-ASSETS-1151 | Insurance | 23928.41,Android,B24,RAMP_501_1500,CREATED,idem-20260902-apk-1151,android,G07,SHARED_ASSET,Expense,G07:Expense,ACTIVE,qa.tile.expense,group.expense.amount,group.expense.note,group.expense.submit,group.expense.split.shares,Insurance,MAESTRO-APK-GROUP-ASSETS-1151 | Insurance | 23928.41,JOINED,Ledger Quick_Add is expense category; Split_Method drives group.expense.split.*
1154,MTR-APK-1154,Group,Shared Purchase,Assets,Other,Expense,2026-07-16,23:52:55,2026-07-16 23:52:55,27417.61,INR,-27417.61,APK Owner,3,EQUAL,MAESTRO-APK-GROUP-ASSETS-1154 | Other | 27417.61,Android,B24,RAMP_501_1500,CREATED,idem-20260902-apk-1154,android,G07,SHARED_ASSET,Expense,G07:Expense,ACTIVE,qa.tile.expense,group.expense.amount,group.expense.note,group.expense.submit,group.expense.split.equal,Other,MAESTRO-APK-GROUP-ASSETS-1154 | Other | 27417.61,JOINED,Ledger Quick_Add is expense category; Split_Method drives group.expense.split.*
1157,MTR-APK-1157,Group,Shared Purchase,Custom Purchase,Custom Expense,Expense,2026-01-01,01:25:23,2026-01-01 01:25:23,17391.12,INR,-17391.12,APK Aarav,3,PERCENTAGE,MAESTRO-APK-GROUP-CUSTOM_PURCHASE-1157 | Custom Expense | 17391.12,Android,B24,RAMP_501_1500,CREATED,idem-20260902-apk-1157,android,G08,COMMUNITY_PURCHASE,Expense,G08:Expense,ACTIVE,qa.tile.expense,group.expense.amount,group.expense.note,group.expense.submit,group.expense.split.percentage,Custom Expense,MAESTRO-APK-GROUP-CUSTOM_PURCHASE-1157 | Custom Expense | 17391.12,JOINED,Ledger Quick_Add is expense category; Split_Method drives group.expense.split.*
1160,MTR-APK-1160,Group,Shared Purchase,Custom Purchase,Custom Contribution,Contribution,2025-09-06,13:46:09,2025-09-06 13:46:09,10532.42,INR,10532.42,APK Meera,3,EXACT,MAESTRO-APK-GROUP-CUSTOM_PURCHASE-1160 | Custom Contribution | 10532.42,Android,B24,RAMP_501_1500,CREATED,idem-20260902-apk-1160,android,G08,COMMUNITY_PURCHASE,Contribute,G08:Contribute,ACTIVE,qa.tile.contribute,group.contribute.amount,group.contribute.note,group.contribute.submit,group.expense.split.exact,Custom Contribution,MAESTRO-APK-GROUP-CUSTOM_PURCHASE-1160 | Custom Contribution | 10532.42,JOINED,
1163,MTR-APK-1163,Group,Shared Living,Flatmates,Rent,Expense,2025-09-23,18:24:59,2025-09-23 18:24:59,4140.1,INR,-4140.1,APK Owner,3,SHARES,MAESTRO-APK-GROUP-FLATMATES-1163 | Rent | 4140.10,Android,B24,RAMP_501_1500,CREATED,idem-20260902-apk-1163,android,G09,FLATMATES,Expense,G09:Expense,ACTIVE,qa.tile.expense,group.expense.amount,group.expense.note,group.expense.submit,group.expense.split.shares,Rent,MAESTRO-APK-GROUP-FLATMATES-1163 | Rent | 4140.10,JOINED,Ledger Quick_Add is expense category; Split_Method drives group.expense.split.*
1166,MTR-APK-1166,Group,Shared Living,Flatmates,Utilities,Expense,2025-11-13,05:58:03,2025-11-13 05:58:03,2612.95,INR,-2612.95,APK Aarav,3,EQUAL,MAESTRO-APK-GROUP-FLATMATES-1166 | Utilities | 2612.95,Android,B24,RAMP_501_1500,CREATED,idem-20260902-apk-1166,android,G09,FLATMATES,Expense,G09:Expense,ACTIVE,qa.tile.expense,group.expense.amount,group.expense.note,group.expense.submit,group.expense.split.equal,Utilities,MAESTRO-APK-GROUP-FLATMATES-1166 | Utilities | 2612.95,JOINED,Ledger Quick_Add is expense category; Split_Method drives group.expense.split.*
1169,MTR-APK-1169,Group,Shared Living,Flatmates,Groceries,Expense,2026-08-05,17:11:06,2026-08-05 17:11:06,3921.96,INR,-3921.96,APK Meera,3,PERCENTAGE,MAESTRO-APK-GROUP-FLATMATES-1169 | Groceries | 3921.96,Android,B24,RAMP_501_1500,CREATED,idem-20260902-apk-1169,android,G09,FLATMATES,Expense,G09:Expense,ACTIVE,qa.tile.expense,group.expense.amount,group.expense.note,group.expense.submit,group.expense.split.percentage,Groceries,MAESTRO-APK-GROUP-FLATMATES-1169 | Groceries | 3921.96,JOINED,Ledger Quick_Add is expense category; Split_Method drives group.expense.split.*
1172,MTR-APK-1172,Group,Shared Living,Flatmates,Internet,Expense,2026-01-15,17:55:51,2026-01-15 17:55:51,2909.58,INR,-2909.58,APK Owner,3,EXACT,MAESTRO-APK-GROUP-FLATMATES-1172 | Internet | 2909.58,Android,B24,RAMP_501_1500,CREATED,idem-20260902-apk-1172,android,G09,FLATMATES,Expense,G09:Expense,ACTIVE,qa.tile.expense,group.expense.amount,group.expense.note,group.expense.submit,group.expense.split.exact,Internet,MAESTRO-APK-GROUP-FLATMATES-1172 | Internet | 2909.58,JOINED,Ledger Quick_Add is expense category; Split_Method drives group.expense.split.*
1175,MTR-APK-1175,Group,Shared Living,Flatmates,House Supplies,Expense,2026-06-23,20:27:20,2026-06-23 20:27:20,25205.84,INR,-25205.84,APK Aarav,3,SHARES,MAESTRO-APK-GROUP-FLATMATES-1175 | House Supplies | 25205.84,Android,B24,RAMP_501_1500,CREATED,idem-20260902-apk-1175,android,G09,FLATMATES,Expense,G09:Expense,ACTIVE,qa.tile.expense,group.expense.amount,group.expense.note,group.expense.submit,group.expense.split.shares,House Supplies,MAESTRO-APK-GROUP-FLATMATES-1175 | House Supplies | 25205.84,JOINED,Ledger Quick_Add is expense category; Split_Method drives group.expense.split.*
1178,MTR-APK-1178,Group,Shared Living,Flatmates,Repairs,Expense,2025-11-26,20:54:42,2025-11-26 20:54:42,3323.88,INR,-3323.88,APK Meera,3,EQUAL,MAESTRO-APK-GROUP-FLATMATES-1178 | Repairs | 3323.88,Android,B24,RAMP_501_1500,CREATED,idem-20260902-apk-1178,android,G09,FLATMATES,Expense,G09:Expense,ACTIVE,qa.tile.expense,group.expense.amount,group.expense.note,group.expense.submit,group.expense.split.equal,Repairs,MAESTRO-APK-GROUP-FLATMATES-1178 | Repairs | 3323.88,JOINED,Ledger Quick_Add is expense category; Split_Method drives group.expense.split.*
1181,MTR-APK-1181,Group,Shared Living,Shared Living,Rent,Expense,2026-06-15,22:50:23,2026-06-15 22:50:23,28443.19,INR,-28443.19,APK Owner,3,PERCENTAGE,MAESTRO-APK-GROUP-SHARED_LIVING-1181 | Rent | 28443.19,Android,B24,RAMP_501_1500,CREATED,idem-20260902-apk-1181,android,G11,CO_LIVING,Expense,G11:Expense,ACTIVE,qa.tile.expense,group.expense.amount,group.expense.note,group.expense.submit,group.expense.split.percentage,Rent,MAESTRO-APK-GROUP-SHARED_LIVING-1181 | Rent | 28443.19,JOINED,Ledger Quick_Add is expense category; Split_Method drives group.expense.split.*
1184,MTR-APK-1184,Group,Shared Living,Shared Living,Utilities,Expense,2025-11-14,06:16:31,2025-11-14 06:16:31,99.99,INR,-99.99,APK Aarav,3,EXACT,MAESTRO-APK-GROUP-SHARED_LIVING-1184 | Utilities | 99.99,Android,B24,RAMP_501_1500,CREATED,idem-20260902-apk-1184,android,G11,CO_LIVING,Expense,G11:Expense,ACTIVE,qa.tile.expense,group.expense.amount,group.expense.note,group.expense.submit,group.expense.split.exact,Utilities,MAESTRO-APK-GROUP-SHARED_LIVING-1184 | Utilities | 99.99,JOINED,Ledger Quick_Add is expense category; Split_Method drives group.expense.split.*
1187,MTR-APK-1187,Group,Shared Living,Shared Living,Groceries,Expense,2026-08-22,12:10:53,2026-08-22 12:10:53,21246.36,INR,-21246.36,APK Meera,3,SHARES,MAESTRO-APK-GROUP-SHARED_LIVING-1187 | Groceries | 21246.36,Android,B24,RAMP_501_1500,CREATED,idem-20260902-apk-1187,android,G11,CO_LIVING,Expense,G11:Expense,ACTIVE,qa.tile.expense,group.expense.amount,group.expense.note,group.expense.submit,group.expense.split.shares,Groceries,MAESTRO-APK-GROUP-SHARED_LIVING-1187 | Groceries | 21246.36,JOINED,Ledger Quick_Add is expense category; Split_Method drives group.expense.split.*
1190,MTR-APK-1190,Group,Shared Living,Shared Living,Maintenance,Expense,2026-04-14,04:38:01,2026-04-14 04:38:01,3000.64,INR,-3000.64,APK Owner,3,EQUAL,MAESTRO-APK-GROUP-SHARED_LIVING-1190 | Maintenance | 3000.64,Android,B24,RAMP_501_1500,CREATED,idem-20260902-apk-1190,android,G11,CO_LIVING,Expense,G11:Expense,ACTIVE,qa.tile.expense,group.expense.amount,group.expense.note,group.expense.submit,group.expense.split.equal,Maintenance,MAESTRO-APK-GROUP-SHARED_LIVING-1190 | Maintenance | 3000.64,JOINED,Ledger Quick_Add is expense category; Split_Method drives group.expense.split.*
1193,MTR-APK-1193,Group,Shared Living,Shared Living,Other,Expense,2026-02-13,09:59:47,2026-02-13 09:59:47,16513.45,INR,-16513.45,APK Aarav,3,PERCENTAGE,MAESTRO-APK-GROUP-SHARED_LIVING-1193 | Other | 16513.45,Android,B24,RAMP_501_1500,CREATED,idem-20260902-apk-1193,android,G11,CO_LIVING,Expense,G11:Expense,ACTIVE,qa.tile.expense,group.expense.amount,group.expense.note,group.expense.submit,group.expense.split.percentage,Other,MAESTRO-APK-GROUP-SHARED_LIVING-1193 | Other | 16513.45,JOINED,Ledger Quick_Add is expense category; Split_Method drives group.expense.split.*
1196,MTR-APK-1196,Group,Shared Living,Family Household,Utilities,Expense,2025-12-23,19:07:07,2025-12-23 19:07:07,21655.24,INR,-21655.24,APK Meera,3,EXACT,MAESTRO-APK-GROUP-FAMILY_HOUSEHOLD-1196 | Utilities | 21655.24,Android,B24,RAMP_501_1500,CREATED,idem-20260902-apk-1196,android,G10,FAMILY_HOUSEHOLD,Expense,G10:Expense,ACTIVE,qa.tile.expense,group.expense.amount,group.expense.note,group.expense.submit,group.expense.split.exact,Utilities,MAESTRO-APK-GROUP-FAMILY_HOUSEHOLD-1196 | Utilities | 21655.24,JOINED,Ledger Quick_Add is expense category; Split_Method drives group.expense.split.*
1199,MTR-APK-1199,Group,Shared Living,Family Household,Healthcare,Expense,2025-10-05,04:22:33,2025-10-05 04:22:33,10500.24,INR,-10500.24,APK Owner,3,SHARES,MAESTRO-APK-GROUP-FAMILY_HOUSEHOLD-1199 | Healthcare | 10500.24,Android,B24,RAMP_501_1500,CREATED,idem-20260902-apk-1199,android,G10,FAMILY_HOUSEHOLD,Expense,G10:Expense,ACTIVE,qa.tile.expense,group.expense.amount,group.expense.note,group.expense.submit,group.expense.split.shares,Healthcare,MAESTRO-APK-GROUP-FAMILY_HOUSEHOLD-1199 | Healthcare | 10500.24,JOINED,Ledger Quick_Add is expense category; Split_Method drives group.expense.split.*
1202,MTR-APK-1202,Group,Shared Living,Family Household,School,Expense,2025-09-01,11:56:30,2025-09-01 11:56:30,23702.27,INR,-23702.27,APK Aarav,3,EQUAL,MAESTRO-APK-GROUP-FAMILY_HOUSEHOLD-1202 | School | 23702.27,Android,B25,RAMP_501_1500,CREATED,idem-20260902-apk-1202,android,G10,FAMILY_HOUSEHOLD,Expense,G10:Expense,ACTIVE,qa.tile.expense,group.expense.amount,group.expense.note,group.expense.submit,group.expense.split.equal,School,MAESTRO-APK-GROUP-FAMILY_HOUSEHOLD-1202 | School | 23702.27,JOINED,Ledger Quick_Add is expense category; Split_Method drives group.expense.split.*
1205,MTR-APK-1205,Group,Shared Living,Family Household,Other,Expense,2026-07-29,20:50:57,2026-07-29 20:50:57,1413.96,INR,-1413.96,APK Meera,3,PERCENTAGE,MAESTRO-APK-GROUP-FAMILY_HOUSEHOLD-1205 | Other | 1413.96,Android,B25,RAMP_501_1500,CREATED,idem-20260902-apk-1205,android,G10,FAMILY_HOUSEHOLD,Expense,G10:Expense,ACTIVE,qa.tile.expense,group.expense.amount,group.expense.note,group.expense.submit,group.expense.split.percentage,Other,MAESTRO-APK-GROUP-FAMILY_HOUSEHOLD-1205 | Other | 1413.96,JOINED,Ledger Quick_Add is expense category; Split_Method drives group.expense.split.*
1208,MTR-APK-1208,Group,Shared Living,Family Household,Rent,Expense,2025-11-12,19:14:27,2025-11-12 19:14:27,2598.07,INR,-2598.07,APK Owner,3,EXACT,MAESTRO-APK-GROUP-FAMILY_HOUSEHOLD-1208 | Rent | 2598.07,Android,B25,RAMP_501_1500,CREATED,idem-20260902-apk-1208,android,G10,FAMILY_HOUSEHOLD,Expense,G10:Expense,ACTIVE,qa.tile.expense,group.expense.amount,group.expense.note,group.expense.submit,group.expense.split.exact,Rent,MAESTRO-APK-GROUP-FAMILY_HOUSEHOLD-1208 | Rent | 2598.07,JOINED,Ledger Quick_Add is expense category; Split_Method drives group.expense.split.*
1211,MTR-APK-1211,Group,Shared Living,Family Household,Groceries,Expense,2025-09-19,05:16:05,2025-09-19 05:16:05,8585.29,INR,-8585.29,APK Aarav,3,SHARES,MAESTRO-APK-GROUP-FAMILY_HOUSEHOLD-1211 | Groceries | 8585.29,Android,B25,RAMP_501_1500,CREATED,idem-20260902-apk-1211,android,G10,FAMILY_HOUSEHOLD,Expense,G10:Expense,ACTIVE,qa.tile.expense,group.expense.amount,group.expense.note,group.expense.submit,group.expense.split.shares,Groceries,MAESTRO-APK-GROUP-FAMILY_HOUSEHOLD-1211 | Groceries | 8585.29,JOINED,Ledger Quick_Add is expense category; Split_Method drives group.expense.split.*
1214,MTR-APK-1214,Group,Shared Living,Custom Living,Custom Expense,Expense,2026-04-04,21:06:58,2026-04-04 21:06:58,20205.98,INR,-20205.98,APK Meera,3,EQUAL,MAESTRO-APK-GROUP-CUSTOM_LIVING-1214 | Custom Expense | 20205.98,Android,B25,RAMP_501_1500,CREATED,idem-20260902-apk-1214,android,G12,COMMUNITY_LIVING,Expense,G12:Expense,ACTIVE,qa.tile.expense,group.expense.amount,group.expense.note,group.expense.submit,group.expense.split.equal,Custom Expense,MAESTRO-APK-GROUP-CUSTOM_LIVING-1214 | Custom Expense | 20205.98,JOINED,Ledger Quick_Add is expense category; Split_Method drives group.expense.split.*
1217,MTR-APK-1217,Group,Shared Living,Custom Living,Custom Contribution,Contribution,2025-09-01,17:39:20,2025-09-01 17:39:20,28001.87,INR,28001.87,APK Owner,3,PERCENTAGE,MAESTRO-APK-GROUP-CUSTOM_LIVING-1217 | Custom Contribution | 28001.87,Android,B25,RAMP_501_1500,CREATED,idem-20260902-apk-1217,android,G12,COMMUNITY_LIVING,Contribute,G12:Contribute,,qa.tile.contribute,group.contribute.amount,group.contribute.note,group.contribute.submit,group.expense.split.percentage,Custom Contribution,MAESTRO-APK-GROUP-CUSTOM_LIVING-1217 | Custom Contribution | 28001.87,SKIP_CAPABILITY_GAP,Custom Living hub has no Contribution tile (same as Family Household)
1220,MTR-APK-1220,Group,Shared Experience,Trip,Travel,Expense,2025-11-19,13:38:34,2025-11-19 13:38:34,27266.91,INR,-27266.91,APK Aarav,3,EXACT,MAESTRO-APK-GROUP-TRIP-1220 | Travel | 27266.91,Android,B25,RAMP_501_1500,CREATED,idem-20260902-apk-1220,android,G01,TRIP,Expense,G01:Expense,ACTIVE,qa.tile.expense,group.expense.amount,group.expense.note,group.expense.submit,group.expense.split.exact,Travel,MAESTRO-APK-GROUP-TRIP-1220 | Travel | 27266.91,JOINED,Ledger Quick_Add is expense category; Split_Method drives group.expense.split.*
1223,MTR-APK-1223,Group,Shared Experience,Trip,Stay,Expense,2025-12-20,15:32:58,2025-12-20 15:32:58,11927.55,INR,-11927.55,APK Meera,3,SHARES,MAESTRO-APK-GROUP-TRIP-1223 | Stay | 11927.55,Android,B25,RAMP_501_1500,CREATED,idem-20260902-apk-1223,android,G01,TRIP,Expense,G01:Expense,ACTIVE,qa.tile.expense,group.expense.amount,group.expense.note,group.expense.submit,group.expense.split.shares,Stay,MAESTRO-APK-GROUP-TRIP-1223 | Stay | 11927.55,JOINED,Ledger Quick_Add is expense category; Split_Method drives group.expense.split.*
1226,MTR-APK-1226,Group,Shared Experience,Trip,Food,Expense,2025-11-18,04:35:59,2025-11-18 04:35:59,3363.11,INR,-3363.11,APK Owner,3,EQUAL,MAESTRO-APK-GROUP-TRIP-1226 | Food | 3363.11,Android,B25,RAMP_501_1500,CREATED,idem-20260902-apk-1226,android,G01,TRIP,Expense,G01:Expense,ACTIVE,qa.tile.expense,group.expense.amount,group.expense.note,group.expense.submit,group.expense.split.equal,Food,MAESTRO-APK-GROUP-TRIP-1226 | Food | 3363.11,JOINED,Ledger Quick_Add is expense category; Split_Method drives group.expense.split.*
1229,MTR-APK-1229,Group,Shared Experience,Trip,Local Transport,Expense,2026-06-16,07:16:18,2026-06-16 07:16:18,4659.38,INR,-4659.38,APK Aarav,3,PERCENTAGE,MAESTRO-APK-GROUP-TRIP-1229 | Local Transport | 4659.38,Android,B25,RAMP_501_1500,CREATED,idem-20260902-apk-1229,android,G01,TRIP,Expense,G01:Expense,ACTIVE,qa.tile.expense,group.expense.amount,group.expense.note,group.expense.submit,group.expense.split.percentage,Local Transport,MAESTRO-APK-GROUP-TRIP-1229 | Local Transport | 4659.38,JOINED,Ledger Quick_Add is expense category; Split_Method drives group.expense.split.*
1232,MTR-APK-1232,Group,Shared Experience,Trip,Activities,Expense,2025-10-05,12:16:25,2025-10-05 12:16:25,12209.99,INR,-12209.99,APK Meera,3,EXACT,MAESTRO-APK-GROUP-TRIP-1232 | Activities | 12209.99,Android,B25,RAMP_501_1500,CREATED,idem-20260902-apk-1232,android,G01,TRIP,Expense,G01:Expense,ACTIVE,qa.tile.expense,group.expense.amount,group.expense.note,group.expense.submit,group.expense.split.exact,Activities,MAESTRO-APK-GROUP-TRIP-1232 | Activities | 12209.99,JOINED,Ledger Quick_Add is expense category; Split_Method drives group.expense.split.*
1235,MTR-APK-1235,Group,Shared Experience,Trip,Shopping,Expense,2025-09-08,20:20:03,2025-09-08 20:20:03,15452.64,INR,-15452.64,APK Owner,3,SHARES,MAESTRO-APK-GROUP-TRIP-1235 | Shopping | 15452.64,Android,B25,RAMP_501_1500,CREATED,idem-20260902-apk-1235,android,G01,TRIP,Expense,G01:Expense,ACTIVE,qa.tile.expense,group.expense.amount,group.expense.note,group.expense.submit,group.expense.split.shares,Shopping,MAESTRO-APK-GROUP-TRIP-1235 | Shopping | 15452.64,JOINED,Ledger Quick_Add is expense category; Split_Method drives group.expense.split.*
1238,MTR-APK-1238,Group,Shared Experience,Trip,Other,Expense,2025-12-21,02:02:55,2025-12-21 02:02:55,22336.22,INR,-22336.22,APK Aarav,3,EQUAL,MAESTRO-APK-GROUP-TRIP-1238 | Other | 22336.22,Android,B25,RAMP_501_1500,CREATED,idem-20260902-apk-1238,android,G01,TRIP,Expense,G01:Expense,ACTIVE,qa.tile.expense,group.expense.amount,group.expense.note,group.expense.submit,group.expense.split.equal,Other,MAESTRO-APK-GROUP-TRIP-1238 | Other | 22336.22,JOINED,Ledger Quick_Add is expense category; Split_Method drives group.expense.split.*
1241,MTR-APK-1241,Group,Shared Experience,Wedding,Venue,Expense,2026-06-04,06:48:20,2026-06-04 06:48:20,15176.28,INR,-15176.28,APK Meera,3,PERCENTAGE,MAESTRO-APK-GROUP-WEDDING-1241 | Venue | 15176.28,Android,B25,RAMP_501_1500,CREATED,idem-20260902-apk-1241,android,G02,WEDDING,Expense,G02:Expense,ACTIVE,qa.tile.expense,group.expense.amount,group.expense.note,group.expense.submit,group.expense.split.percentage,Venue,MAESTRO-APK-GROUP-WEDDING-1241 | Venue | 15176.28,JOINED,Ledger Quick_Add is expense category; Split_Method drives group.expense.split.*
1244,MTR-APK-1244,Group,Shared Experience,Wedding,Catering,Expense,2025-12-23,00:51:13,2025-12-23 00:51:13,26916.91,INR,-26916.91,APK Owner,3,EXACT,MAESTRO-APK-GROUP-WEDDING-1244 | Catering | 26916.91,Android,B25,RAMP_501_1500,CREATED,idem-20260902-apk-1244,android,G02,WEDDING,Expense,G02:Expense,ACTIVE,qa.tile.expense,group.expense.amount,group.expense.note,group.expense.submit,group.expense.split.exact,Catering,MAESTRO-APK-GROUP-WEDDING-1244 | Catering | 26916.91,JOINED,Ledger Quick_Add is expense category; Split_Method drives group.expense.split.*
1247,MTR-APK-1247,Group,Shared Experience,Wedding,Decor,Expense,2026-08-20,22:49:58,2026-08-20 22:49:58,3905.4,INR,-3905.4,APK Aarav,3,SHARES,MAESTRO-APK-GROUP-WEDDING-1247 | Decor | 3905.40,Android,B25,RAMP_501_1500,CREATED,idem-20260902-apk-1247,android,G02,WEDDING,Expense,G02:Expense,ACTIVE,qa.tile.expense,group.expense.amount,group.expense.note,group.expense.submit,group.expense.split.shares,Decor,MAESTRO-APK-GROUP-WEDDING-1247 | Decor | 3905.40,JOINED,Ledger Quick_Add is expense category; Split_Method drives group.expense.split.*
1250,MTR-APK-1250,Group,Shared Experience,Wedding,Travel,Expense,2026-06-08,14:57:05,2026-06-08 14:57:05,3657.6,INR,-3657.6,APK Meera,3,EQUAL,MAESTRO-APK-GROUP-WEDDING-1250 | Travel | 3657.60,Android,B25,RAMP_501_1500,CREATED,idem-20260902-apk-1250,android,G02,WEDDING,Expense,G02:Expense,ACTIVE,qa.tile.expense,group.expense.amount,group.expense.note,group.expense.submit,group.expense.split.equal,Travel,MAESTRO-APK-GROUP-WEDDING-1250 | Travel | 3657.60,JOINED,Ledger Quick_Add is expense category; Split_Method drives group.expense.split.*
1253,MTR-APK-1253,Group,Shared Experience,Wedding,Gifts,Expense,2026-02-25,07:15:26,2026-02-25 07:15:26,5006.5,INR,-5006.5,APK Owner,3,PERCENTAGE,MAESTRO-APK-GROUP-WEDDING-1253 | Gifts | 5006.50,Android,B26,RAMP_501_1500,CREATED,idem-20260902-apk-1253,android,G02,WEDDING,Expense,G02:Expense,ACTIVE,qa.tile.expense,group.expense.amount,group.expense.note,group.expense.submit,group.expense.split.percentage,Gifts,MAESTRO-APK-GROUP-WEDDING-1253 | Gifts | 5006.50,JOINED,Ledger Quick_Add is expense category; Split_Method drives group.expense.split.*
1256,MTR-APK-1256,Group,Shared Experience,Wedding,Photography,Expense,2026-02-22,03:16:10,2026-02-22 03:16:10,12359.65,INR,-12359.65,APK Aarav,3,EXACT,MAESTRO-APK-GROUP-WEDDING-1256 | Photography | 12359.65,Android,B26,RAMP_501_1500,CREATED,idem-20260902-apk-1256,android,G02,WEDDING,Expense,G02:Expense,ACTIVE,qa.tile.expense,group.expense.amount,group.expense.note,group.expense.submit,group.expense.split.exact,Photography,MAESTRO-APK-GROUP-WEDDING-1256 | Photography | 12359.65,JOINED,Ledger Quick_Add is expense category; Split_Method drives group.expense.split.*
1259,MTR-APK-1259,Group,Shared Experience,Wedding,Other,Expense,2025-12-18,06:03:07,2025-12-18 06:03:07,12916.78,INR,-12916.78,APK Meera,3,SHARES,MAESTRO-APK-GROUP-WEDDING-1259 | Other | 12916.78,Android,B26,RAMP_501_1500,CREATED,idem-20260902-apk-1259,android,G02,WEDDING,Expense,G02:Expense,ACTIVE,qa.tile.expense,group.expense.amount,group.expense.note,group.expense.submit,group.expense.split.shares,Other,MAESTRO-APK-GROUP-WEDDING-1259 | Other | 12916.78,JOINED,Ledger Quick_Add is expense category; Split_Method drives group.expense.split.*
1262,MTR-APK-1262,Group,Shared Experience,Office Outing,Food,Expense,2026-06-09,19:32:52,2026-06-09 19:32:52,10590.17,INR,-10590.17,APK Owner,3,EQUAL,MAESTRO-APK-GROUP-OFFICE_OUTING-1262 | Food | 10590.17,Android,B26,RAMP_501_1500,CREATED,idem-20260902-apk-1262,android,G04,OFFICE_OUTING,Expense,G04:Expense,ACTIVE,qa.tile.expense,group.expense.amount,group.expense.note,group.expense.submit,group.expense.split.equal,Food,MAESTRO-APK-GROUP-OFFICE_OUTING-1262 | Food | 10590.17,JOINED,Ledger Quick_Add is expense category; Split_Method drives group.expense.split.*
1265,MTR-APK-1265,Group,Shared Experience,Office Outing,Travel,Expense,2025-10-06,03:47:55,2025-10-06 03:47:55,16223.09,INR,-16223.09,APK Aarav,3,PERCENTAGE,MAESTRO-APK-GROUP-OFFICE_OUTING-1265 | Travel | 16223.09,Android,B26,RAMP_501_1500,CREATED,idem-20260902-apk-1265,android,G04,OFFICE_OUTING,Expense,G04:Expense,ACTIVE,qa.tile.expense,group.expense.amount,group.expense.note,group.expense.submit,group.expense.split.percentage,Travel,MAESTRO-APK-GROUP-OFFICE_OUTING-1265 | Travel | 16223.09,JOINED,Ledger Quick_Add is expense category; Split_Method drives group.expense.split.*
1268,MTR-APK-1268,Group,Shared Experience,Office Outing,Activities,Expense,2026-06-18,22:53:42,2026-06-18 22:53:42,24168.7,INR,-24168.7,APK Meera,3,EXACT,MAESTRO-APK-GROUP-OFFICE_OUTING-1268 | Activities | 24168.70,Android,B26,RAMP_501_1500,CREATED,idem-20260902-apk-1268,android,G04,OFFICE_OUTING,Expense,G04:Expense,ACTIVE,qa.tile.expense,group.expense.amount,group.expense.note,group.expense.submit,group.expense.split.exact,Activities,MAESTRO-APK-GROUP-OFFICE_OUTING-1268 | Activities | 24168.70,JOINED,Ledger Quick_Add is expense category; Split_Method drives group.expense.split.*
1271,MTR-APK-1271,Group,Shared Experience,Office Outing,Venue,Expense,2026-08-27,01:44:53,2026-08-27 01:44:53,2030.27,INR,-2030.27,APK Owner,3,SHARES,MAESTRO-APK-GROUP-OFFICE_OUTING-1271 | Venue | 2030.27,Android,B26,RAMP_501_1500,CREATED,idem-20260902-apk-1271,android,G04,OFFICE_OUTING,Expense,G04:Expense,ACTIVE,qa.tile.expense,group.expense.amount,group.expense.note,group.expense.submit,group.expense.split.shares,Venue,MAESTRO-APK-GROUP-OFFICE_OUTING-1271 | Venue | 2030.27,JOINED,Ledger Quick_Add is expense category; Split_Method drives group.expense.split.*
1274,MTR-APK-1274,Group,Shared Experience,Office Outing,Other,Expense,2026-05-25,20:37:24,2026-05-25 20:37:24,12069.17,INR,-12069.17,APK Aarav,3,EQUAL,MAESTRO-APK-GROUP-OFFICE_OUTING-1274 | Other | 12069.17,Android,B26,RAMP_501_1500,CREATED,idem-20260902-apk-1274,android,G04,OFFICE_OUTING,Expense,G04:Expense,ACTIVE,qa.tile.expense,group.expense.amount,group.expense.note,group.expense.submit,group.expense.split.equal,Other,MAESTRO-APK-GROUP-OFFICE_OUTING-1274 | Other | 12069.17,JOINED,Ledger Quick_Add is expense category; Split_Method drives group.expense.split.*
1277,MTR-APK-1277,Group,Shared Experience,House Party,Food,Expense,2025-10-28,23:11:28,2025-10-28 23:11:28,20746.93,INR,-20746.93,APK Meera,3,PERCENTAGE,MAESTRO-APK-GROUP-HOUSE_PARTY-1277 | Food | 20746.93,Android,B26,RAMP_501_1500,CREATED,idem-20260902-apk-1277,android,G03,HOUSE_PARTY,Expense,G03:Expense,ACTIVE,qa.tile.expense,group.expense.amount,group.expense.note,group.expense.submit,group.expense.split.percentage,Food,MAESTRO-APK-GROUP-HOUSE_PARTY-1277 | Food | 20746.93,JOINED,Ledger Quick_Add is expense category; Split_Method drives group.expense.split.*
1280,MTR-APK-1280,Group,Shared Experience,House Party,Drinks,Expense,2026-06-30,21:46:13,2026-06-30 21:46:13,3567.96,INR,-3567.96,APK Owner,3,EXACT,MAESTRO-APK-GROUP-HOUSE_PARTY-1280 | Drinks | 3567.96,Android,B26,RAMP_501_1500,CREATED,idem-20260902-apk-1280,android,G03,HOUSE_PARTY,Expense,G03:Expense,ACTIVE,qa.tile.expense,group.expense.amount,group.expense.note,group.expense.submit,group.expense.split.exact,Drinks,MAESTRO-APK-GROUP-HOUSE_PARTY-1280 | Drinks | 3567.96,JOINED,Ledger Quick_Add is expense category; Split_Method drives group.expense.split.*
1283,MTR-APK-1283,Group,Shared Experience,House Party,Decor,Expense,2026-05-07,11:24:32,2026-05-07 11:24:32,141.02,INR,-141.02,APK Aarav,3,SHARES,MAESTRO-APK-GROUP-HOUSE_PARTY-1283 | Decor | 141.02,Android,B26,RAMP_501_1500,CREATED,idem-20260902-apk-1283,android,G03,HOUSE_PARTY,Expense,G03:Expense,ACTIVE,qa.tile.expense,group.expense.amount,group.expense.note,group.expense.submit,group.expense.split.shares,Decor,MAESTRO-APK-GROUP-HOUSE_PARTY-1283 | Decor | 141.02,JOINED,Ledger Quick_Add is expense category; Split_Method drives group.expense.split.*
1286,MTR-APK-1286,Group,Shared Experience,House Party,Supplies,Expense,2026-08-12,03:20:24,2026-08-12 03:20:24,21697.22,INR,-21697.22,APK Meera,3,EQUAL,MAESTRO-APK-GROUP-HOUSE_PARTY-1286 | Supplies | 21697.22,Android,B26,RAMP_501_1500,CREATED,idem-20260902-apk-1286,android,G03,HOUSE_PARTY,Expense,G03:Expense,ACTIVE,qa.tile.expense,group.expense.amount,group.expense.note,group.expense.submit,group.expense.split.equal,Supplies,MAESTRO-APK-GROUP-HOUSE_PARTY-1286 | Supplies | 21697.22,JOINED,Ledger Quick_Add is expense category; Split_Method drives group.expense.split.*
1289,MTR-APK-1289,Group,Shared Experience,House Party,Other,Expense,2025-10-22,05:01:32,2025-10-22 05:01:32,26370.98,INR,-26370.98,APK Owner,3,PERCENTAGE,MAESTRO-APK-GROUP-HOUSE_PARTY-1289 | Other | 26370.98,Android,B26,RAMP_501_1500,CREATED,idem-20260902-apk-1289,android,G03,HOUSE_PARTY,Expense,G03:Expense,ACTIVE,qa.tile.expense,group.expense.amount,group.expense.note,group.expense.submit,group.expense.split.percentage,Other,MAESTRO-APK-GROUP-HOUSE_PARTY-1289 | Other | 26370.98,JOINED,Ledger Quick_Add is expense category; Split_Method drives group.expense.split.*
1292,MTR-APK-1292,Group,Shared Purchase,Gift Pool,Contribution,Contribution,2026-01-22,22:36:50,2026-01-22 22:36:50,828.55,INR,828.55,APK Aarav,3,EXACT,MAESTRO-APK-GROUP-GIFT_POOL-1292 | Contribution | 828.55,Android,B26,RAMP_501_1500,CREATED,idem-20260902-apk-1292,android,G05,GIFT_POOL,Contribute,G05:Contribute,ACTIVE,qa.tile.contribute,group.contribute.amount,group.contribute.note,group.contribute.submit,group.expense.split.exact,Contribution,MAESTRO-APK-GROUP-GIFT_POOL-1292 | Contribution | 828.55,JOINED,
1295,MTR-APK-1295,Group,Shared Purchase,Gift Pool,Gift Purchase,Expense,2026-03-31,23:34:18,2026-03-31 23:34:18,10000.0,INR,-10000.0,APK Meera,3,SHARES,MAESTRO-APK-GROUP-GIFT_POOL-1295 | Gift Purchase | 10000.00,Android,B26,RAMP_501_1500,CREATED,idem-20260902-apk-1295,android,G05,GIFT_POOL,Expense,G05:Expense,ACTIVE,qa.tile.expense,group.expense.amount,group.expense.note,group.expense.submit,group.expense.split.shares,Gift Purchase,MAESTRO-APK-GROUP-GIFT_POOL-1295 | Gift Purchase | 10000.00,JOINED,Ledger Quick_Add is expense category; Split_Method drives group.expense.split.*
1298,MTR-APK-1298,Group,Shared Purchase,Gift Pool,Delivery,Expense,2025-11-16,18:13:58,2025-11-16 18:13:58,19859.72,INR,-19859.72,APK Owner,3,EQUAL,MAESTRO-APK-GROUP-GIFT_POOL-1298 | Delivery | 19859.72,Android,B26,RAMP_501_1500,CREATED,idem-20260902-apk-1298,android,G05,GIFT_POOL,Expense,G05:Expense,ACTIVE,qa.tile.expense,group.expense.amount,group.expense.note,group.expense.submit,group.expense.split.equal,Delivery,MAESTRO-APK-GROUP-GIFT_POOL-1298 | Delivery | 19859.72,JOINED,Ledger Quick_Add is expense category; Split_Method drives group.expense.split.*
1301,MTR-APK-1301,Group,Shared Purchase,Gift Pool,Other,Expense,2026-03-02,04:37:51,2026-03-02 04:37:51,29127.25,INR,-29127.25,APK Aarav,3,PERCENTAGE,MAESTRO-APK-GROUP-GIFT_POOL-1301 | Other | 29127.25,Android,B27,RAMP_501_1500,CREATED,idem-20260902-apk-1301,android,G05,GIFT_POOL,Expense,G05:Expense,ACTIVE,qa.tile.expense,group.expense.amount,group.expense.note,group.expense.submit,group.expense.split.percentage,Other,MAESTRO-APK-GROUP-GIFT_POOL-1301 | Other | 29127.25,JOINED,Ledger Quick_Add is expense category; Split_Method drives group.expense.split.*
1304,MTR-APK-1304,Group,Shared Purchase,Purchase,Item,Expense,2026-07-16,01:10:50,2026-07-16 01:10:50,14690.79,INR,-14690.79,APK Meera,3,EXACT,MAESTRO-APK-GROUP-PURCHASE-1304 | Item | 14690.79,Android,B27,RAMP_501_1500,CREATED,idem-20260902-apk-1304,android,G06,GROUP_PURCHASE,Expense,G06:Expense,ACTIVE,qa.tile.expense,group.expense.amount,group.expense.note,group.expense.submit,group.expense.split.exact,Item,MAESTRO-APK-GROUP-PURCHASE-1304 | Item | 14690.79,JOINED,Ledger Quick_Add is expense category; Split_Method drives group.expense.split.*
1307,MTR-APK-1307,Group,Shared Purchase,Purchase,Shipping,Expense,2026-02-26,17:25:39,2026-02-26 17:25:39,17922.26,INR,-17922.26,APK Owner,3,SHARES,MAESTRO-APK-GROUP-PURCHASE-1307 | Shipping | 17922.26,Android,B27,RAMP_501_1500,CREATED,idem-20260902-apk-1307,android,G06,GROUP_PURCHASE,Expense,G06:Expense,ACTIVE,qa.tile.expense,group.expense.amount,group.expense.note,group.expense.submit,group.expense.split.shares,Shipping,MAESTRO-APK-GROUP-PURCHASE-1307 | Shipping | 17922.26,JOINED,Ledger Quick_Add is expense category; Split_Method drives group.expense.split.*
1310,MTR-APK-1310,Group,Shared Purchase,Purchase,Tax,Expense,2025-11-26,11:39:32,2025-11-26 11:39:32,20665.53,INR,-20665.53,APK Aarav,3,EQUAL,MAESTRO-APK-GROUP-PURCHASE-1310 | Tax | 20665.53,Android,B27,RAMP_501_1500,CREATED,idem-20260902-apk-1310,android,G06,GROUP_PURCHASE,Expense,G06:Expense,ACTIVE,qa.tile.expense,group.expense.amount,group.expense.note,group.expense.submit,group.expense.split.equal,Tax,MAESTRO-APK-GROUP-PURCHASE-1310 | Tax | 20665.53,JOINED,Ledger Quick_Add is expense category; Split_Method drives group.expense.split.*
1313,MTR-APK-1313,Group,Shared Purchase,Purchase,Other,Expense,2026-05-05,04:05:25,2026-05-05 04:05:25,21216.41,INR,-21216.41,APK Meera,3,PERCENTAGE,MAESTRO-APK-GROUP-PURCHASE-1313 | Other | 21216.41,Android,B27,RAMP_501_1500,CREATED,idem-20260902-apk-1313,android,G06,GROUP_PURCHASE,Expense,G06:Expense,ACTIVE,qa.tile.expense,group.expense.amount,group.expense.note,group.expense.submit,group.expense.split.percentage,Other,MAESTRO-APK-GROUP-PURCHASE-1313 | Other | 21216.41,JOINED,Ledger Quick_Add is expense category; Split_Method drives group.expense.split.*
1316,MTR-APK-1316,Group,Shared Purchase,Assets,Purchase,Expense,2026-08-18,23:32:06,2026-08-18 23:32:06,27052.22,INR,-27052.22,APK Owner,3,EXACT,MAESTRO-APK-GROUP-ASSETS-1316 | Purchase | 27052.22,Android,B27,RAMP_501_1500,CREATED,idem-20260902-apk-1316,android,G07,SHARED_ASSET,Expense,G07:Expense,ACTIVE,qa.tile.expense,group.expense.amount,group.expense.note,group.expense.submit,group.expense.split.exact,Purchase,MAESTRO-APK-GROUP-ASSETS-1316 | Purchase | 27052.22,JOINED,Ledger Quick_Add is expense category; Split_Method drives group.expense.split.*
1319,MTR-APK-1319,Group,Shared Purchase,Assets,Maintenance,Expense,2025-10-12,15:05:23,2025-10-12 15:05:23,114.97,INR,-114.97,APK Aarav,3,SHARES,MAESTRO-APK-GROUP-ASSETS-1319 | Maintenance | 114.97,Android,B27,RAMP_501_1500,CREATED,idem-20260902-apk-1319,android,G07,SHARED_ASSET,Expense,G07:Expense,ACTIVE,qa.tile.expense,group.expense.amount,group.expense.note,group.expense.submit,group.expense.split.shares,Maintenance,MAESTRO-APK-GROUP-ASSETS-1319 | Maintenance | 114.97,JOINED,Ledger Quick_Add is expense category; Split_Method drives group.expense.split.*
1322,MTR-APK-1322,Group,Shared Purchase,Assets,Repair,Expense,2025-11-16,01:41:37,2025-11-16 01:41:37,19746.41,INR,-19746.41,APK Meera,3,EQUAL,MAESTRO-APK-GROUP-ASSETS-1322 | Repair | 19746.41,Android,B27,RAMP_501_1500,CREATED,idem-20260902-apk-1322,android,G07,SHARED_ASSET,Expense,G07:Expense,ACTIVE,qa.tile.expense,group.expense.amount,group.expense.note,group.expense.submit,group.expense.split.equal,Repair,MAESTRO-APK-GROUP-ASSETS-1322 | Repair | 19746.41,JOINED,Ledger Quick_Add is expense category; Split_Method drives group.expense.split.*
1325,MTR-APK-1325,Group,Shared Purchase,Assets,Insurance,Expense,2026-08-12,03:29:30,2026-08-12 03:29:30,11775.13,INR,-11775.13,APK Owner,3,PERCENTAGE,MAESTRO-APK-GROUP-ASSETS-1325 | Insurance | 11775.13,Android,B27,RAMP_501_1500,CREATED,idem-20260902-apk-1325,android,G07,SHARED_ASSET,Expense,G07:Expense,ACTIVE,qa.tile.expense,group.expense.amount,group.expense.note,group.expense.submit,group.expense.split.percentage,Insurance,MAESTRO-APK-GROUP-ASSETS-1325 | Insurance | 11775.13,JOINED,Ledger Quick_Add is expense category; Split_Method drives group.expense.split.*
1328,MTR-APK-1328,Group,Shared Purchase,Assets,Other,Expense,2025-12-16,12:20:17,2025-12-16 12:20:17,5236.89,INR,-5236.89,APK Aarav,3,EXACT,MAESTRO-APK-GROUP-ASSETS-1328 | Other | 5236.89,Android,B27,RAMP_501_1500,CREATED,idem-20260902-apk-1328,android,G07,SHARED_ASSET,Expense,G07:Expense,ACTIVE,qa.tile.expense,group.expense.amount,group.expense.note,group.expense.submit,group.expense.split.exact,Other,MAESTRO-APK-GROUP-ASSETS-1328 | Other | 5236.89,JOINED,Ledger Quick_Add is expense category; Split_Method drives group.expense.split.*
1331,MTR-APK-1331,Group,Shared Purchase,Custom Purchase,Custom Expense,Expense,2026-06-25,23:46:01,2026-06-25 23:46:01,20697.32,INR,-20697.32,APK Meera,3,SHARES,MAESTRO-APK-GROUP-CUSTOM_PURCHASE-1331 | Custom Expense | 20697.32,Android,B27,RAMP_501_1500,CREATED,idem-20260902-apk-1331,android,G08,COMMUNITY_PURCHASE,Expense,G08:Expense,ACTIVE,qa.tile.expense,group.expense.amount,group.expense.note,group.expense.submit,group.expense.split.shares,Custom Expense,MAESTRO-APK-GROUP-CUSTOM_PURCHASE-1331 | Custom Expense | 20697.32,JOINED,Ledger Quick_Add is expense category; Split_Method drives group.expense.split.*
1334,MTR-APK-1334,Group,Shared Purchase,Custom Purchase,Custom Contribution,Contribution,2026-05-20,00:44:06,2026-05-20 00:44:06,9749.3,INR,9749.3,APK Owner,3,EQUAL,MAESTRO-APK-GROUP-CUSTOM_PURCHASE-1334 | Custom Contribution | 9749.30,Android,B27,RAMP_501_1500,CREATED,idem-20260902-apk-1334,android,G08,COMMUNITY_PURCHASE,Contribute,G08:Contribute,ACTIVE,qa.tile.contribute,group.contribute.amount,group.contribute.note,group.contribute.submit,group.expense.split.equal,Custom Contribution,MAESTRO-APK-GROUP-CUSTOM_PURCHASE-1334 | Custom Contribution | 9749.30,JOINED,
1337,MTR-APK-1337,Group,Shared Living,Flatmates,Rent,Expense,2025-11-23,15:19:32,2025-11-23 15:19:32,21542.94,INR,-21542.94,APK Aarav,3,PERCENTAGE,MAESTRO-APK-GROUP-FLATMATES-1337 | Rent | 21542.94,Android,B27,RAMP_501_1500,CREATED,idem-20260902-apk-1337,android,G09,FLATMATES,Expense,G09:Expense,ACTIVE,qa.tile.expense,group.expense.amount,group.expense.note,group.expense.submit,group.expense.split.percentage,Rent,MAESTRO-APK-GROUP-FLATMATES-1337 | Rent | 21542.94,JOINED,Ledger Quick_Add is expense category; Split_Method drives group.expense.split.*
1340,MTR-APK-1340,Group,Shared Living,Flatmates,Utilities,Expense,2026-05-21,16:17:45,2026-05-21 16:17:45,21685.38,INR,-21685.38,APK Meera,3,EXACT,MAESTRO-APK-GROUP-FLATMATES-1340 | Utilities | 21685.38,Android,B27,RAMP_501_1500,CREATED,idem-20260902-apk-1340,android,G09,FLATMATES,Expense,G09:Expense,ACTIVE,qa.tile.expense,group.expense.amount,group.expense.note,group.expense.submit,group.expense.split.exact,Utilities,MAESTRO-APK-GROUP-FLATMATES-1340 | Utilities | 21685.38,JOINED,Ledger Quick_Add is expense category; Split_Method drives group.expense.split.*
1343,MTR-APK-1343,Group,Shared Living,Flatmates,Groceries,Expense,2026-06-07,20:51:13,2026-06-07 20:51:13,13589.33,INR,-13589.33,APK Owner,3,SHARES,MAESTRO-APK-GROUP-FLATMATES-1343 | Groceries | 13589.33,Android,B27,RAMP_501_1500,CREATED,idem-20260902-apk-1343,android,G09,FLATMATES,Expense,G09:Expense,ACTIVE,qa.tile.expense,group.expense.amount,group.expense.note,group.expense.submit,group.expense.split.shares,Groceries,MAESTRO-APK-GROUP-FLATMATES-1343 | Groceries | 13589.33,JOINED,Ledger Quick_Add is expense category; Split_Method drives group.expense.split.*
1346,MTR-APK-1346,Group,Shared Living,Flatmates,Internet,Expense,2025-09-28,13:31:21,2025-09-28 13:31:21,13424.04,INR,-13424.04,APK Aarav,3,EQUAL,MAESTRO-APK-GROUP-FLATMATES-1346 | Internet | 13424.04,Android,B27,RAMP_501_1500,CREATED,idem-20260902-apk-1346,android,G09,FLATMATES,Expense,G09:Expense,ACTIVE,qa.tile.expense,group.expense.amount,group.expense.note,group.expense.submit,group.expense.split.equal,Internet,MAESTRO-APK-GROUP-FLATMATES-1346 | Internet | 13424.04,JOINED,Ledger Quick_Add is expense category; Split_Method drives group.expense.split.*
1349,MTR-APK-1349,Group,Shared Living,Flatmates,House Supplies,Expense,2026-04-23,17:09:02,2026-04-23 17:09:02,9840.96,INR,-9840.96,APK Meera,3,PERCENTAGE,MAESTRO-APK-GROUP-FLATMATES-1349 | House Supplies | 9840.96,Android,B27,RAMP_501_1500,CREATED,idem-20260902-apk-1349,android,G09,FLATMATES,Expense,G09:Expense,ACTIVE,qa.tile.expense,group.expense.amount,group.expense.note,group.expense.submit,group.expense.split.percentage,House Supplies,MAESTRO-APK-GROUP-FLATMATES-1349 | House Supplies | 9840.96,JOINED,Ledger Quick_Add is expense category; Split_Method drives group.expense.split.*
1352,MTR-APK-1352,Group,Shared Living,Flatmates,Repairs,Expense,2025-12-26,16:46:46,2025-12-26 16:46:46,5216.25,INR,-5216.25,APK Owner,3,EXACT,MAESTRO-APK-GROUP-FLATMATES-1352 | Repairs | 5216.25,Android,B28,RAMP_501_1500,CREATED,idem-20260902-apk-1352,android,G09,FLATMATES,Expense,G09:Expense,ACTIVE,qa.tile.expense,group.expense.amount,group.expense.note,group.expense.submit,group.expense.split.exact,Repairs,MAESTRO-APK-GROUP-FLATMATES-1352 | Repairs | 5216.25,JOINED,Ledger Quick_Add is expense category; Split_Method drives group.expense.split.*
1355,MTR-APK-1355,Group,Shared Living,Shared Living,Rent,Expense,2026-08-06,14:40:14,2026-08-06 14:40:14,2859.55,INR,-2859.55,APK Aarav,3,SHARES,MAESTRO-APK-GROUP-SHARED_LIVING-1355 | Rent | 2859.55,Android,B28,RAMP_501_1500,CREATED,idem-20260902-apk-1355,android,G11,CO_LIVING,Expense,G11:Expense,ACTIVE,qa.tile.expense,group.expense.amount,group.expense.note,group.expense.submit,group.expense.split.shares,Rent,MAESTRO-APK-GROUP-SHARED_LIVING-1355 | Rent | 2859.55,JOINED,Ledger Quick_Add is expense category; Split_Method drives group.expense.split.*
1358,MTR-APK-1358,Group,Shared Living,Shared Living,Utilities,Expense,2026-01-30,08:18:37,2026-01-30 08:18:37,29567.09,INR,-29567.09,APK Meera,3,EQUAL,MAESTRO-APK-GROUP-SHARED_LIVING-1358 | Utilities | 29567.09,Android,B28,RAMP_501_1500,CREATED,idem-20260902-apk-1358,android,G11,CO_LIVING,Expense,G11:Expense,ACTIVE,qa.tile.expense,group.expense.amount,group.expense.note,group.expense.submit,group.expense.split.equal,Utilities,MAESTRO-APK-GROUP-SHARED_LIVING-1358 | Utilities | 29567.09,JOINED,Ledger Quick_Add is expense category; Split_Method drives group.expense.split.*
1361,MTR-APK-1361,Group,Shared Living,Shared Living,Groceries,Expense,2026-08-04,07:14:37,2026-08-04 07:14:37,3031.72,INR,-3031.72,APK Owner,3,PERCENTAGE,MAESTRO-APK-GROUP-SHARED_LIVING-1361 | Groceries | 3031.72,Android,B28,RAMP_501_1500,CREATED,idem-20260902-apk-1361,android,G11,CO_LIVING,Expense,G11:Expense,ACTIVE,qa.tile.expense,group.expense.amount,group.expense.note,group.expense.submit,group.expense.split.percentage,Groceries,MAESTRO-APK-GROUP-SHARED_LIVING-1361 | Groceries | 3031.72,JOINED,Ledger Quick_Add is expense category; Split_Method drives group.expense.split.*
1364,MTR-APK-1364,Group,Shared Living,Shared Living,Maintenance,Expense,2025-11-24,10:13:59,2025-11-24 10:13:59,23304.69,INR,-23304.69,APK Aarav,3,EXACT,MAESTRO-APK-GROUP-SHARED_LIVING-1364 | Maintenance | 23304.69,Android,B28,RAMP_501_1500,CREATED,idem-20260902-apk-1364,android,G11,CO_LIVING,Expense,G11:Expense,ACTIVE,qa.tile.expense,group.expense.amount,group.expense.note,group.expense.submit,group.expense.split.exact,Maintenance,MAESTRO-APK-GROUP-SHARED_LIVING-1364 | Maintenance | 23304.69,JOINED,Ledger Quick_Add is expense category; Split_Method drives group.expense.split.*
1367,MTR-APK-1367,Group,Shared Living,Shared Living,Other,Expense,2026-01-13,02:52:55,2026-01-13 02:52:55,1558.67,INR,-1558.67,APK Meera,3,SHARES,MAESTRO-APK-GROUP-SHARED_LIVING-1367 | Other | 1558.67,Android,B28,RAMP_501_1500,CREATED,idem-20260902-apk-1367,android,G11,CO_LIVING,Expense,G11:Expense,ACTIVE,qa.tile.expense,group.expense.amount,group.expense.note,group.expense.submit,group.expense.split.shares,Other,MAESTRO-APK-GROUP-SHARED_LIVING-1367 | Other | 1558.67,JOINED,Ledger Quick_Add is expense category; Split_Method drives group.expense.split.*
1370,MTR-APK-1370,Group,Shared Living,Family Household,Transport,Expense,2026-01-31,08:51:19,2026-01-31 08:51:19,6136.63,INR,-6136.63,APK Owner,3,EQUAL,MAESTRO-APK-GROUP-FAMILY_HOUSEHOLD-1370 | Transport | 6136.63,Android,B28,RAMP_501_1500,CREATED,idem-20260902-apk-1370,android,G10,FAMILY_HOUSEHOLD,Expense,G10:Expense,ACTIVE,qa.tile.expense,group.expense.amount,group.expense.note,group.expense.submit,group.expense.split.equal,Transport,MAESTRO-APK-GROUP-FAMILY_HOUSEHOLD-1370 | Transport | 6136.63,JOINED,Ledger Quick_Add is expense category; Split_Method drives group.expense.split.*
1373,MTR-APK-1373,Group,Shared Living,Family Household,Bills,Expense,2026-04-26,00:38:08,2026-04-26 00:38:08,546.93,INR,-546.93,APK Aarav,3,PERCENTAGE,MAESTRO-APK-GROUP-FAMILY_HOUSEHOLD-1373 | Bills | 546.93,Android,B28,RAMP_501_1500,CREATED,idem-20260902-apk-1373,android,G10,FAMILY_HOUSEHOLD,Expense,G10:Expense,ACTIVE,qa.tile.expense,group.expense.amount,group.expense.note,group.expense.submit,group.expense.split.percentage,Bills,MAESTRO-APK-GROUP-FAMILY_HOUSEHOLD-1373 | Bills | 546.93,JOINED,Ledger Quick_Add is expense category; Split_Method drives group.expense.split.*
1376,MTR-APK-1376,Group,Shared Living,Family Household,Utilities,Expense,2026-06-20,19:30:07,2026-06-20 19:30:07,29125.87,INR,-29125.87,APK Meera,3,EXACT,MAESTRO-APK-GROUP-FAMILY_HOUSEHOLD-1376 | Utilities | 29125.87,Android,B28,RAMP_501_1500,CREATED,idem-20260902-apk-1376,android,G10,FAMILY_HOUSEHOLD,Expense,G10:Expense,ACTIVE,qa.tile.expense,group.expense.amount,group.expense.note,group.expense.submit,group.expense.split.exact,Utilities,MAESTRO-APK-GROUP-FAMILY_HOUSEHOLD-1376 | Utilities | 29125.87,JOINED,Ledger Quick_Add is expense category; Split_Method drives group.expense.split.*
1379,MTR-APK-1379,Group,Shared Living,Family Household,Healthcare,Expense,2025-12-05,19:18:16,2025-12-05 19:18:16,5708.27,INR,-5708.27,APK Owner,3,SHARES,MAESTRO-APK-GROUP-FAMILY_HOUSEHOLD-1379 | Healthcare | 5708.27,Android,B28,RAMP_501_1500,CREATED,idem-20260902-apk-1379,android,G10,FAMILY_HOUSEHOLD,Expense,G10:Expense,ACTIVE,qa.tile.expense,group.expense.amount,group.expense.note,group.expense.submit,group.expense.split.shares,Healthcare,MAESTRO-APK-GROUP-FAMILY_HOUSEHOLD-1379 | Healthcare | 5708.27,JOINED,Ledger Quick_Add is expense category; Split_Method drives group.expense.split.*
1382,MTR-APK-1382,Group,Shared Living,Family Household,School,Expense,2026-08-06,08:07:26,2026-08-06 08:07:26,28028.72,INR,-28028.72,APK Aarav,3,EQUAL,MAESTRO-APK-GROUP-FAMILY_HOUSEHOLD-1382 | School | 28028.72,Android,B28,RAMP_501_1500,CREATED,idem-20260902-apk-1382,android,G10,FAMILY_HOUSEHOLD,Expense,G10:Expense,ACTIVE,qa.tile.expense,group.expense.amount,group.expense.note,group.expense.submit,group.expense.split.equal,School,MAESTRO-APK-GROUP-FAMILY_HOUSEHOLD-1382 | School | 28028.72,JOINED,Ledger Quick_Add is expense category; Split_Method drives group.expense.split.*
1385,MTR-APK-1385,Group,Shared Living,Family Household,Other,Expense,2026-04-16,14:54:37,2026-04-16 14:54:37,24211.35,INR,-24211.35,APK Meera,3,PERCENTAGE,MAESTRO-APK-GROUP-FAMILY_HOUSEHOLD-1385 | Other | 24211.35,Android,B28,RAMP_501_1500,CREATED,idem-20260902-apk-1385,android,G10,FAMILY_HOUSEHOLD,Expense,G10:Expense,ACTIVE,qa.tile.expense,group.expense.amount,group.expense.note,group.expense.submit,group.expense.split.percentage,Other,MAESTRO-APK-GROUP-FAMILY_HOUSEHOLD-1385 | Other | 24211.35,JOINED,Ledger Quick_Add is expense category; Split_Method drives group.expense.split.*
1388,MTR-APK-1388,Group,Shared Living,Custom Living,Custom Expense,Expense,2026-01-02,14:13:20,2026-01-02 14:13:20,6765.68,INR,-6765.68,APK Owner,3,EXACT,MAESTRO-APK-GROUP-CUSTOM_LIVING-1388 | Custom Expense | 6765.68,Android,B28,RAMP_501_1500,CREATED,idem-20260902-apk-1388,android,G12,COMMUNITY_LIVING,Expense,G12:Expense,ACTIVE,qa.tile.expense,group.expense.amount,group.expense.note,group.expense.submit,group.expense.split.exact,Custom Expense,MAESTRO-APK-GROUP-CUSTOM_LIVING-1388 | Custom Expense | 6765.68,JOINED,Ledger Quick_Add is expense category; Split_Method drives group.expense.split.*
1391,MTR-APK-1391,Group,Shared Living,Custom Living,Custom Contribution,Contribution,2026-05-31,07:46:35,2026-05-31 07:46:35,23298.79,INR,23298.79,APK Aarav,3,SHARES,MAESTRO-APK-GROUP-CUSTOM_LIVING-1391 | Custom Contribution | 23298.79,Android,B28,RAMP_501_1500,CREATED,idem-20260902-apk-1391,android,G12,COMMUNITY_LIVING,Contribute,G12:Contribute,,qa.tile.contribute,group.contribute.amount,group.contribute.note,group.contribute.submit,group.expense.split.shares,Custom Contribution,MAESTRO-APK-GROUP-CUSTOM_LIVING-1391 | Custom Contribution | 23298.79,SKIP_CAPABILITY_GAP,Custom Living hub has no Contribution tile (same as Family Household)
1394,MTR-APK-1394,Group,Shared Experience,Trip,Travel,Expense,2025-11-03,23:42:41,2025-11-03 23:42:41,28235.13,INR,-28235.13,APK Meera,3,EQUAL,MAESTRO-APK-GROUP-TRIP-1394 | Travel | 28235.13,Android,B28,RAMP_501_1500,CREATED,idem-20260902-apk-1394,android,G01,TRIP,Expense,G01:Expense,ACTIVE,qa.tile.expense,group.expense.amount,group.expense.note,group.expense.submit,group.expense.split.equal,Travel,MAESTRO-APK-GROUP-TRIP-1394 | Travel | 28235.13,JOINED,Ledger Quick_Add is expense category; Split_Method drives group.expense.split.*
1397,MTR-APK-1397,Group,Shared Experience,Trip,Stay,Expense,2025-09-26,23:18:19,2025-09-26 23:18:19,2912.11,INR,-2912.11,APK Owner,3,PERCENTAGE,MAESTRO-APK-GROUP-TRIP-1397 | Stay | 2912.11,Android,B28,RAMP_501_1500,CREATED,idem-20260902-apk-1397,android,G01,TRIP,Expense,G01:Expense,ACTIVE,qa.tile.expense,group.expense.amount,group.expense.note,group.expense.submit,group.expense.split.percentage,Stay,MAESTRO-APK-GROUP-TRIP-1397 | Stay | 2912.11,JOINED,Ledger Quick_Add is expense category; Split_Method drives group.expense.split.*
1400,MTR-APK-1400,Group,Shared Experience,Trip,Food,Expense,2026-01-12,22:42:28,2026-01-12 22:42:28,16349.05,INR,-16349.05,APK Aarav,3,EXACT,MAESTRO-APK-GROUP-TRIP-1400 | Food | 16349.05,Android,B28,RAMP_501_1500,CREATED,idem-20260902-apk-1400,android,G01,TRIP,Expense,G01:Expense,ACTIVE,qa.tile.expense,group.expense.amount,group.expense.note,group.expense.submit,group.expense.split.exact,Food,MAESTRO-APK-GROUP-TRIP-1400 | Food | 16349.05,JOINED,Ledger Quick_Add is expense category; Split_Method drives group.expense.split.*
1403,MTR-APK-1403,Group,Shared Experience,Trip,Local Transport,Expense,2026-04-04,13:08:19,2026-04-04 13:08:19,479.26,INR,-479.26,APK Meera,3,SHARES,MAESTRO-APK-GROUP-TRIP-1403 | Local Transport | 479.26,Android,B29,RAMP_501_1500,CREATED,idem-20260902-apk-1403,android,G01,TRIP,Expense,G01:Expense,ACTIVE,qa.tile.expense,group.expense.amount,group.expense.note,group.expense.submit,group.expense.split.shares,Local Transport,MAESTRO-APK-GROUP-TRIP-1403 | Local Transport | 479.26,JOINED,Ledger Quick_Add is expense category; Split_Method drives group.expense.split.*
1406,MTR-APK-1406,Group,Shared Experience,Trip,Activities,Expense,2025-10-01,12:00:08,2025-10-01 12:00:08,99.99,INR,-99.99,APK Owner,3,EQUAL,MAESTRO-APK-GROUP-TRIP-1406 | Activities | 99.99,Android,B29,RAMP_501_1500,CREATED,idem-20260902-apk-1406,android,G01,TRIP,Expense,G01:Expense,ACTIVE,qa.tile.expense,group.expense.amount,group.expense.note,group.expense.submit,group.expense.split.equal,Activities,MAESTRO-APK-GROUP-TRIP-1406 | Activities | 99.99,JOINED,Ledger Quick_Add is expense category; Split_Method drives group.expense.split.*
1409,MTR-APK-1409,Group,Shared Experience,Trip,Shopping,Expense,2025-10-20,12:32:25,2025-10-20 12:32:25,15978.96,INR,-15978.96,APK Aarav,3,PERCENTAGE,MAESTRO-APK-GROUP-TRIP-1409 | Shopping | 15978.96,Android,B29,RAMP_501_1500,CREATED,idem-20260902-apk-1409,android,G01,TRIP,Expense,G01:Expense,ACTIVE,qa.tile.expense,group.expense.amount,group.expense.note,group.expense.submit,group.expense.split.percentage,Shopping,MAESTRO-APK-GROUP-TRIP-1409 | Shopping | 15978.96,JOINED,Ledger Quick_Add is expense category; Split_Method drives group.expense.split.*
1412,MTR-APK-1412,Group,Shared Experience,Trip,Other,Expense,2026-03-29,05:12:31,2026-03-29 05:12:31,18512.65,INR,-18512.65,APK Meera,3,EXACT,MAESTRO-APK-GROUP-TRIP-1412 | Other | 18512.65,Android,B29,RAMP_501_1500,CREATED,idem-20260902-apk-1412,android,G01,TRIP,Expense,G01:Expense,ACTIVE,qa.tile.expense,group.expense.amount,group.expense.note,group.expense.submit,group.expense.split.exact,Other,MAESTRO-APK-GROUP-TRIP-1412 | Other | 18512.65,JOINED,Ledger Quick_Add is expense category; Split_Method drives group.expense.split.*
1415,MTR-APK-1415,Group,Shared Experience,Wedding,Venue,Expense,2026-02-10,18:45:21,2026-02-10 18:45:21,4316.93,INR,-4316.93,APK Owner,3,SHARES,MAESTRO-APK-GROUP-WEDDING-1415 | Venue | 4316.93,Android,B29,RAMP_501_1500,CREATED,idem-20260902-apk-1415,android,G02,WEDDING,Expense,G02:Expense,ACTIVE,qa.tile.expense,group.expense.amount,group.expense.note,group.expense.submit,group.expense.split.shares,Venue,MAESTRO-APK-GROUP-WEDDING-1415 | Venue | 4316.93,JOINED,Ledger Quick_Add is expense category; Split_Method drives group.expense.split.*
1418,MTR-APK-1418,Group,Shared Experience,Wedding,Catering,Expense,2025-11-19,09:34:03,2025-11-19 09:34:03,25450.95,INR,-25450.95,APK Aarav,3,EQUAL,MAESTRO-APK-GROUP-WEDDING-1418 | Catering | 25450.95,Android,B29,RAMP_501_1500,CREATED,idem-20260902-apk-1418,android,G02,WEDDING,Expense,G02:Expense,ACTIVE,qa.tile.expense,group.expense.amount,group.expense.note,group.expense.submit,group.expense.split.equal,Catering,MAESTRO-APK-GROUP-WEDDING-1418 | Catering | 25450.95,JOINED,Ledger Quick_Add is expense category; Split_Method drives group.expense.split.*
1421,MTR-APK-1421,Group,Shared Experience,Wedding,Decor,Expense,2026-05-22,09:22:25,2026-05-22 09:22:25,22118.27,INR,-22118.27,APK Meera,3,PERCENTAGE,MAESTRO-APK-GROUP-WEDDING-1421 | Decor | 22118.27,Android,B29,RAMP_501_1500,CREATED,idem-20260902-apk-1421,android,G02,WEDDING,Expense,G02:Expense,ACTIVE,qa.tile.expense,group.expense.amount,group.expense.note,group.expense.submit,group.expense.split.percentage,Decor,MAESTRO-APK-GROUP-WEDDING-1421 | Decor | 22118.27,JOINED,Ledger Quick_Add is expense category; Split_Method drives group.expense.split.*
1424,MTR-APK-1424,Group,Shared Experience,Wedding,Travel,Expense,2026-04-06,09:30:10,2026-04-06 09:30:10,17687.9,INR,-17687.9,APK Owner,3,EXACT,MAESTRO-APK-GROUP-WEDDING-1424 | Travel | 17687.90,Android,B29,RAMP_501_1500,CREATED,idem-20260902-apk-1424,android,G02,WEDDING,Expense,G02:Expense,ACTIVE,qa.tile.expense,group.expense.amount,group.expense.note,group.expense.submit,group.expense.split.exact,Travel,MAESTRO-APK-GROUP-WEDDING-1424 | Travel | 17687.90,JOINED,Ledger Quick_Add is expense category; Split_Method drives group.expense.split.*
1427,MTR-APK-1427,Group,Shared Experience,Wedding,Gifts,Expense,2025-12-10,02:14:39,2025-12-10 02:14:39,7840.49,INR,-7840.49,APK Aarav,3,SHARES,MAESTRO-APK-GROUP-WEDDING-1427 | Gifts | 7840.49,Android,B29,RAMP_501_1500,CREATED,idem-20260902-apk-1427,android,G02,WEDDING,Expense,G02:Expense,ACTIVE,qa.tile.expense,group.expense.amount,group.expense.note,group.expense.submit,group.expense.split.shares,Gifts,MAESTRO-APK-GROUP-WEDDING-1427 | Gifts | 7840.49,JOINED,Ledger Quick_Add is expense category; Split_Method drives group.expense.split.*
1430,MTR-APK-1430,Group,Shared Experience,Wedding,Photography,Expense,2026-02-06,01:24:49,2026-02-06 01:24:49,4416.47,INR,-4416.47,APK Meera,3,EQUAL,MAESTRO-APK-GROUP-WEDDING-1430 | Photography | 4416.47,Android,B29,RAMP_501_1500,CREATED,idem-20260902-apk-1430,android,G02,WEDDING,Expense,G02:Expense,ACTIVE,qa.tile.expense,group.expense.amount,group.expense.note,group.expense.submit,group.expense.split.equal,Photography,MAESTRO-APK-GROUP-WEDDING-1430 | Photography | 4416.47,JOINED,Ledger Quick_Add is expense category; Split_Method drives group.expense.split.*
1433,MTR-APK-1433,Group,Shared Experience,Wedding,Other,Expense,2025-11-02,10:17:38,2025-11-02 10:17:38,17160.38,INR,-17160.38,APK Owner,3,PERCENTAGE,MAESTRO-APK-GROUP-WEDDING-1433 | Other | 17160.38,Android,B29,RAMP_501_1500,CREATED,idem-20260902-apk-1433,android,G02,WEDDING,Expense,G02:Expense,ACTIVE,qa.tile.expense,group.expense.amount,group.expense.note,group.expense.submit,group.expense.split.percentage,Other,MAESTRO-APK-GROUP-WEDDING-1433 | Other | 17160.38,JOINED,Ledger Quick_Add is expense category; Split_Method drives group.expense.split.*
1436,MTR-APK-1436,Group,Shared Experience,Office Outing,Food,Expense,2026-06-28,04:45:00,2026-06-28 04:45:00,22337.59,INR,-22337.59,APK Aarav,3,EXACT,MAESTRO-APK-GROUP-OFFICE_OUTING-1436 | Food | 22337.59,Android,B29,RAMP_501_1500,CREATED,idem-20260902-apk-1436,android,G04,OFFICE_OUTING,Expense,G04:Expense,ACTIVE,qa.tile.expense,group.expense.amount,group.expense.note,group.expense.submit,group.expense.split.exact,Food,MAESTRO-APK-GROUP-OFFICE_OUTING-1436 | Food | 22337.59,JOINED,Ledger Quick_Add is expense category; Split_Method drives group.expense.split.*
1439,MTR-APK-1439,Group,Shared Experience,Office Outing,Travel,Expense,2026-03-17,13:09:49,2026-03-17 13:09:49,11821.7,INR,-11821.7,APK Meera,3,SHARES,MAESTRO-APK-GROUP-OFFICE_OUTING-1439 | Travel | 11821.70,Android,B29,RAMP_501_1500,CREATED,idem-20260902-apk-1439,android,G04,OFFICE_OUTING,Expense,G04:Expense,ACTIVE,qa.tile.expense,group.expense.amount,group.expense.note,group.expense.submit,group.expense.split.shares,Travel,MAESTRO-APK-GROUP-OFFICE_OUTING-1439 | Travel | 11821.70,JOINED,Ledger Quick_Add is expense category; Split_Method drives group.expense.split.*
1442,MTR-APK-1442,Group,Shared Experience,Office Outing,Activities,Expense,2026-06-01,12:35:24,2026-06-01 12:35:24,29893.96,INR,-29893.96,APK Owner,3,EQUAL,MAESTRO-APK-GROUP-OFFICE_OUTING-1442 | Activities | 29893.96,Android,B29,RAMP_501_1500,CREATED,idem-20260902-apk-1442,android,G04,OFFICE_OUTING,Expense,G04:Expense,ACTIVE,qa.tile.expense,group.expense.amount,group.expense.note,group.expense.submit,group.expense.split.equal,Activities,MAESTRO-APK-GROUP-OFFICE_OUTING-1442 | Activities | 29893.96,JOINED,Ledger Quick_Add is expense category; Split_Method drives group.expense.split.*
1445,MTR-APK-1445,Group,Shared Experience,Office Outing,Venue,Expense,2026-06-03,15:53:02,2026-06-03 15:53:02,9962.61,INR,-9962.61,APK Aarav,3,PERCENTAGE,MAESTRO-APK-GROUP-OFFICE_OUTING-1445 | Venue | 9962.61,Android,B29,RAMP_501_1500,CREATED,idem-20260902-apk-1445,android,G04,OFFICE_OUTING,Expense,G04:Expense,ACTIVE,qa.tile.expense,group.expense.amount,group.expense.note,group.expense.submit,group.expense.split.percentage,Venue,MAESTRO-APK-GROUP-OFFICE_OUTING-1445 | Venue | 9962.61,JOINED,Ledger Quick_Add is expense category; Split_Method drives group.expense.split.*
1448,MTR-APK-1448,Group,Shared Experience,Office Outing,Other,Expense,2026-07-16,08:04:31,2026-07-16 08:04:31,5038.07,INR,-5038.07,APK Meera,3,EXACT,MAESTRO-APK-GROUP-OFFICE_OUTING-1448 | Other | 5038.07,Android,B29,RAMP_501_1500,CREATED,idem-20260902-apk-1448,android,G04,OFFICE_OUTING,Expense,G04:Expense,ACTIVE,qa.tile.expense,group.expense.amount,group.expense.note,group.expense.submit,group.expense.split.exact,Other,MAESTRO-APK-GROUP-OFFICE_OUTING-1448 | Other | 5038.07,JOINED,Ledger Quick_Add is expense category; Split_Method drives group.expense.split.*
1451,MTR-APK-1451,Group,Shared Experience,House Party,Food,Expense,2026-08-09,15:51:40,2026-08-09 15:51:40,21757.44,INR,-21757.44,APK Owner,3,SHARES,MAESTRO-APK-GROUP-HOUSE_PARTY-1451 | Food | 21757.44,Android,B30,RAMP_501_1500,CREATED,idem-20260902-apk-1451,android,G03,HOUSE_PARTY,Expense,G03:Expense,ACTIVE,qa.tile.expense,group.expense.amount,group.expense.note,group.expense.submit,group.expense.split.shares,Food,MAESTRO-APK-GROUP-HOUSE_PARTY-1451 | Food | 21757.44,JOINED,Ledger Quick_Add is expense category; Split_Method drives group.expense.split.*
1454,MTR-APK-1454,Group,Shared Experience,House Party,Drinks,Expense,2026-02-05,20:46:52,2026-02-05 20:46:52,8587.23,INR,-8587.23,APK Aarav,3,EQUAL,MAESTRO-APK-GROUP-HOUSE_PARTY-1454 | Drinks | 8587.23,Android,B30,RAMP_501_1500,CREATED,idem-20260902-apk-1454,android,G03,HOUSE_PARTY,Expense,G03:Expense,ACTIVE,qa.tile.expense,group.expense.amount,group.expense.note,group.expense.submit,group.expense.split.equal,Drinks,MAESTRO-APK-GROUP-HOUSE_PARTY-1454 | Drinks | 8587.23,JOINED,Ledger Quick_Add is expense category; Split_Method drives group.expense.split.*
1457,MTR-APK-1457,Group,Shared Experience,House Party,Decor,Expense,2025-12-28,23:27:41,2025-12-28 23:27:41,6441.54,INR,-6441.54,APK Meera,3,PERCENTAGE,MAESTRO-APK-GROUP-HOUSE_PARTY-1457 | Decor | 6441.54,Android,B30,RAMP_501_1500,CREATED,idem-20260902-apk-1457,android,G03,HOUSE_PARTY,Expense,G03:Expense,ACTIVE,qa.tile.expense,group.expense.amount,group.expense.note,group.expense.submit,group.expense.split.percentage,Decor,MAESTRO-APK-GROUP-HOUSE_PARTY-1457 | Decor | 6441.54,JOINED,Ledger Quick_Add is expense category; Split_Method drives group.expense.split.*
1460,MTR-APK-1460,Group,Shared Experience,House Party,Supplies,Expense,2026-07-19,19:11:05,2026-07-19 19:11:05,29200.75,INR,-29200.75,APK Owner,3,EXACT,MAESTRO-APK-GROUP-HOUSE_PARTY-1460 | Supplies | 29200.75,Android,B30,RAMP_501_1500,CREATED,idem-20260902-apk-1460,android,G03,HOUSE_PARTY,Expense,G03:Expense,ACTIVE,qa.tile.expense,group.expense.amount,group.expense.note,group.expense.submit,group.expense.split.exact,Supplies,MAESTRO-APK-GROUP-HOUSE_PARTY-1460 | Supplies | 29200.75,JOINED,Ledger Quick_Add is expense category; Split_Method drives group.expense.split.*
1463,MTR-APK-1463,Group,Shared Experience,House Party,Other,Expense,2026-06-12,17:29:44,2026-06-12 17:29:44,2711.82,INR,-2711.82,APK Aarav,3,SHARES,MAESTRO-APK-GROUP-HOUSE_PARTY-1463 | Other | 2711.82,Android,B30,RAMP_501_1500,CREATED,idem-20260902-apk-1463,android,G03,HOUSE_PARTY,Expense,G03:Expense,ACTIVE,qa.tile.expense,group.expense.amount,group.expense.note,group.expense.submit,group.expense.split.shares,Other,MAESTRO-APK-GROUP-HOUSE_PARTY-1463 | Other | 2711.82,JOINED,Ledger Quick_Add is expense category; Split_Method drives group.expense.split.*
1466,MTR-APK-1466,Group,Shared Purchase,Gift Pool,Contribution,Contribution,2026-08-15,11:52:01,2026-08-15 11:52:01,1028.51,INR,1028.51,APK Meera,3,EQUAL,MAESTRO-APK-GROUP-GIFT_POOL-1466 | Contribution | 1028.51,Android,B30,RAMP_501_1500,CREATED,idem-20260902-apk-1466,android,G05,GIFT_POOL,Contribute,G05:Contribute,ACTIVE,qa.tile.contribute,group.contribute.amount,group.contribute.note,group.contribute.submit,group.expense.split.equal,Contribution,MAESTRO-APK-GROUP-GIFT_POOL-1466 | Contribution | 1028.51,JOINED,
1469,MTR-APK-1469,Group,Shared Purchase,Gift Pool,Gift Purchase,Expense,2025-09-04,05:35:55,2025-09-04 05:35:55,22942.99,INR,-22942.99,APK Owner,3,PERCENTAGE,MAESTRO-APK-GROUP-GIFT_POOL-1469 | Gift Purchase | 22942.99,Android,B30,RAMP_501_1500,CREATED,idem-20260902-apk-1469,android,G05,GIFT_POOL,Expense,G05:Expense,ACTIVE,qa.tile.expense,group.expense.amount,group.expense.note,group.expense.submit,group.expense.split.percentage,Gift Purchase,MAESTRO-APK-GROUP-GIFT_POOL-1469 | Gift Purchase | 22942.99,JOINED,Ledger Quick_Add is expense category; Split_Method drives group.expense.split.*
1472,MTR-APK-1472,Group,Shared Purchase,Gift Pool,Delivery,Expense,2026-02-11,01:58:22,2026-02-11 01:58:22,13086.83,INR,-13086.83,APK Aarav,3,EXACT,MAESTRO-APK-GROUP-GIFT_POOL-1472 | Delivery | 13086.83,Android,B30,RAMP_501_1500,CREATED,idem-20260902-apk-1472,android,G05,GIFT_POOL,Expense,G05:Expense,ACTIVE,qa.tile.expense,group.expense.amount,group.expense.note,group.expense.submit,group.expense.split.exact,Delivery,MAESTRO-APK-GROUP-GIFT_POOL-1472 | Delivery | 13086.83,JOINED,Ledger Quick_Add is expense category; Split_Method drives group.expense.split.*
1475,MTR-APK-1475,Group,Shared Purchase,Gift Pool,Other,Expense,2026-05-06,14:57:17,2026-05-06 14:57:17,19394.73,INR,-19394.73,APK Meera,3,SHARES,MAESTRO-APK-GROUP-GIFT_POOL-1475 | Other | 19394.73,Android,B30,RAMP_501_1500,CREATED,idem-20260902-apk-1475,android,G05,GIFT_POOL,Expense,G05:Expense,ACTIVE,qa.tile.expense,group.expense.amount,group.expense.note,group.expense.submit,group.expense.split.shares,Other,MAESTRO-APK-GROUP-GIFT_POOL-1475 | Other | 19394.73,JOINED,Ledger Quick_Add is expense category; Split_Method drives group.expense.split.*
1478,MTR-APK-1478,Group,Shared Purchase,Purchase,Item,Expense,2026-02-19,12:51:13,2026-02-19 12:51:13,9832.97,INR,-9832.97,APK Owner,3,EQUAL,MAESTRO-APK-GROUP-PURCHASE-1478 | Item | 9832.97,Android,B30,RAMP_501_1500,CREATED,idem-20260902-apk-1478,android,G06,GROUP_PURCHASE,Expense,G06:Expense,ACTIVE,qa.tile.expense,group.expense.amount,group.expense.note,group.expense.submit,group.expense.split.equal,Item,MAESTRO-APK-GROUP-PURCHASE-1478 | Item | 9832.97,JOINED,Ledger Quick_Add is expense category; Split_Method drives group.expense.split.*
1481,MTR-APK-1481,Group,Shared Purchase,Purchase,Shipping,Expense,2026-04-26,04:24:43,2026-04-26 04:24:43,14860.6,INR,-14860.6,APK Aarav,3,PERCENTAGE,MAESTRO-APK-GROUP-PURCHASE-1481 | Shipping | 14860.60,Android,B30,RAMP_501_1500,CREATED,idem-20260902-apk-1481,android,G06,GROUP_PURCHASE,Expense,G06:Expense,ACTIVE,qa.tile.expense,group.expense.amount,group.expense.note,group.expense.submit,group.expense.split.percentage,Shipping,MAESTRO-APK-GROUP-PURCHASE-1481 | Shipping | 14860.60,JOINED,Ledger Quick_Add is expense category; Split_Method drives group.expense.split.*
1484,MTR-APK-1484,Group,Shared Purchase,Purchase,Tax,Expense,2026-02-28,03:31:32,2026-02-28 03:31:32,15615.44,INR,-15615.44,APK Meera,3,EXACT,MAESTRO-APK-GROUP-PURCHASE-1484 | Tax | 15615.44,Android,B30,RAMP_501_1500,CREATED,idem-20260902-apk-1484,android,G06,GROUP_PURCHASE,Expense,G06:Expense,ACTIVE,qa.tile.expense,group.expense.amount,group.expense.note,group.expense.submit,group.expense.split.exact,Tax,MAESTRO-APK-GROUP-PURCHASE-1484 | Tax | 15615.44,JOINED,Ledger Quick_Add is expense category; Split_Method drives group.expense.split.*
1487,MTR-APK-1487,Group,Shared Purchase,Purchase,Other,Expense,2026-08-25,05:10:01,2026-08-25 05:10:01,6002.41,INR,-6002.41,APK Owner,3,SHARES,MAESTRO-APK-GROUP-PURCHASE-1487 | Other | 6002.41,Android,B30,RAMP_501_1500,CREATED,idem-20260902-apk-1487,android,G06,GROUP_PURCHASE,Expense,G06:Expense,ACTIVE,qa.tile.expense,group.expense.amount,group.expense.note,group.expense.submit,group.expense.split.shares,Other,MAESTRO-APK-GROUP-PURCHASE-1487 | Other | 6002.41,JOINED,Ledger Quick_Add is expense category; Split_Method drives group.expense.split.*
1490,MTR-APK-1490,Group,Shared Purchase,Assets,Purchase,Expense,2026-06-06,22:30:55,2026-06-06 22:30:55,24230.98,INR,-24230.98,APK Aarav,3,EQUAL,MAESTRO-APK-GROUP-ASSETS-1490 | Purchase | 24230.98,Android,B30,RAMP_501_1500,CREATED,idem-20260902-apk-1490,android,G07,SHARED_ASSET,Expense,G07:Expense,ACTIVE,qa.tile.expense,group.expense.amount,group.expense.note,group.expense.submit,group.expense.split.equal,Purchase,MAESTRO-APK-GROUP-ASSETS-1490 | Purchase | 24230.98,JOINED,Ledger Quick_Add is expense category; Split_Method drives group.expense.split.*
1493,MTR-APK-1493,Group,Shared Purchase,Assets,Maintenance,Expense,2026-06-19,22:21:50,2026-06-19 22:21:50,25028.59,INR,-25028.59,APK Meera,3,PERCENTAGE,MAESTRO-APK-GROUP-ASSETS-1493 | Maintenance | 25028.59,Android,B30,RAMP_501_1500,CREATED,idem-20260902-apk-1493,android,G07,SHARED_ASSET,Expense,G07:Expense,ACTIVE,qa.tile.expense,group.expense.amount,group.expense.note,group.expense.submit,group.expense.split.percentage,Maintenance,MAESTRO-APK-GROUP-ASSETS-1493 | Maintenance | 25028.59,JOINED,Ledger Quick_Add is expense category; Split_Method drives group.expense.split.*
1496,MTR-APK-1496,Group,Shared Purchase,Assets,Repair,Expense,2026-03-12,12:28:53,2026-03-12 12:28:53,23791.41,INR,-23791.41,APK Owner,3,EXACT,MAESTRO-APK-GROUP-ASSETS-1496 | Repair | 23791.41,Android,B30,RAMP_501_1500,CREATED,idem-20260902-apk-1496,android,G07,SHARED_ASSET,Expense,G07:Expense,ACTIVE,qa.tile.expense,group.expense.amount,group.expense.note,group.expense.submit,group.expense.split.exact,Repair,MAESTRO-APK-GROUP-ASSETS-1496 | Repair | 23791.41,JOINED,Ledger Quick_Add is expense category; Split_Method drives group.expense.split.*
1499,MTR-APK-1499,Group,Shared Purchase,Assets,Insurance,Expense,2025-12-12,22:20:47,2025-12-12 22:20:47,27805.75,INR,-27805.75,APK Aarav,3,SHARES,MAESTRO-APK-GROUP-ASSETS-1499 | Insurance | 27805.75,Android,B30,RAMP_501_1500,CREATED,idem-20260902-apk-1499,android,G07,SHARED_ASSET,Expense,G07:Expense,ACTIVE,qa.tile.expense,group.expense.amount,group.expense.note,group.expense.submit,group.expense.split.shares,Insurance,MAESTRO-APK-GROUP-ASSETS-1499 | Insurance | 27805.75,JOINED,Ledger Quick_Add is expense category; Split_Method drives group.expense.split.*
1502,MTR-APK-1502,Group,Shared Purchase,Assets,Other,Expense,2026-08-25,05:21:09,2026-08-25 05:21:09,5057.11,INR,-5057.11,APK Meera,3,EQUAL,MAESTRO-APK-GROUP-ASSETS-1502 | Other | 5057.11,Android,B31,RAMP_1501_2500,CREATED,idem-20260902-apk-1502,android,G07,SHARED_ASSET,Expense,G07:Expense,ACTIVE,qa.tile.expense,group.expense.amount,group.expense.note,group.expense.submit,group.expense.split.equal,Other,MAESTRO-APK-GROUP-ASSETS-1502 | Other | 5057.11,JOINED,Ledger Quick_Add is expense category; Split_Method drives group.expense.split.*
1505,MTR-APK-1505,Group,Shared Purchase,Custom Purchase,Custom Expense,Expense,2026-02-11,19:26:59,2026-02-11 19:26:59,1295.85,INR,-1295.85,APK Owner,3,PERCENTAGE,MAESTRO-APK-GROUP-CUSTOM_PURCHASE-1505 | Custom Expense | 1295.85,Android,B31,RAMP_1501_2500,CREATED,idem-20260902-apk-1505,android,G08,COMMUNITY_PURCHASE,Expense,G08:Expense,ACTIVE,qa.tile.expense,group.expense.amount,group.expense.note,group.expense.submit,group.expense.split.percentage,Custom Expense,MAESTRO-APK-GROUP-CUSTOM_PURCHASE-1505 | Custom Expense | 1295.85,JOINED,Ledger Quick_Add is expense category; Split_Method drives group.expense.split.*
1508,MTR-APK-1508,Group,Shared Purchase,Custom Purchase,Custom Contribution,Contribution,2025-11-11,21:50:31,2025-11-11 21:50:31,2608.13,INR,2608.13,APK Aarav,3,EXACT,MAESTRO-APK-GROUP-CUSTOM_PURCHASE-1508 | Custom Contribution | 2608.13,Android,B31,RAMP_1501_2500,CREATED,idem-20260902-apk-1508,android,G08,COMMUNITY_PURCHASE,Contribute,G08:Contribute,ACTIVE,qa.tile.contribute,group.contribute.amount,group.contribute.note,group.contribute.submit,group.expense.split.exact,Custom Contribution,MAESTRO-APK-GROUP-CUSTOM_PURCHASE-1508 | Custom Contribution | 2608.13,JOINED,
1511,MTR-APK-1511,Group,Shared Living,Flatmates,Rent,Expense,2026-05-18,20:18:08,2026-05-18 20:18:08,16827.36,INR,-16827.36,APK Meera,3,SHARES,MAESTRO-APK-GROUP-FLATMATES-1511 | Rent | 16827.36,Android,B31,RAMP_1501_2500,CREATED,idem-20260902-apk-1511,android,G09,FLATMATES,Expense,G09:Expense,ACTIVE,qa.tile.expense,group.expense.amount,group.expense.note,group.expense.submit,group.expense.split.shares,Rent,MAESTRO-APK-GROUP-FLATMATES-1511 | Rent | 16827.36,JOINED,Ledger Quick_Add is expense category; Split_Method drives group.expense.split.*
1514,MTR-APK-1514,Group,Shared Living,Flatmates,Utilities,Expense,2025-11-04,18:22:29,2025-11-04 18:22:29,5559.07,INR,-5559.07,APK Owner,3,EQUAL,MAESTRO-APK-GROUP-FLATMATES-1514 | Utilities | 5559.07,Android,B31,RAMP_1501_2500,CREATED,idem-20260902-apk-1514,android,G09,FLATMATES,Expense,G09:Expense,ACTIVE,qa.tile.expense,group.expense.amount,group.expense.note,group.expense.submit,group.expense.split.equal,Utilities,MAESTRO-APK-GROUP-FLATMATES-1514 | Utilities | 5559.07,JOINED,Ledger Quick_Add is expense category; Split_Method drives group.expense.split.*
1517,MTR-APK-1517,Group,Shared Living,Flatmates,Groceries,Expense,2026-05-25,06:58:24,2026-05-25 06:58:24,10000.0,INR,-10000.0,APK Aarav,3,PERCENTAGE,MAESTRO-APK-GROUP-FLATMATES-1517 | Groceries | 10000.00,Android,B31,RAMP_1501_2500,CREATED,idem-20260902-apk-1517,android,G09,FLATMATES,Expense,G09:Expense,ACTIVE,qa.tile.expense,group.expense.amount,group.expense.note,group.expense.submit,group.expense.split.percentage,Groceries,MAESTRO-APK-GROUP-FLATMATES-1517 | Groceries | 10000.00,JOINED,Ledger Quick_Add is expense category; Split_Method drives group.expense.split.*
1520,MTR-APK-1520,Group,Shared Living,Flatmates,Internet,Expense,2025-12-23,00:12:00,2025-12-23 00:12:00,1024.59,INR,-1024.59,APK Meera,3,EXACT,MAESTRO-APK-GROUP-FLATMATES-1520 | Internet | 1024.59,Android,B31,RAMP_1501_2500,CREATED,idem-20260902-apk-1520,android,G09,FLATMATES,Expense,G09:Expense,ACTIVE,qa.tile.expense,group.expense.amount,group.expense.note,group.expense.submit,group.expense.split.exact,Internet,MAESTRO-APK-GROUP-FLATMATES-1520 | Internet | 1024.59,JOINED,Ledger Quick_Add is expense category; Split_Method drives group.expense.split.*
1523,MTR-APK-1523,Group,Shared Living,Flatmates,House Supplies,Expense,2026-02-10,06:27:23,2026-02-10 06:27:23,28093.82,INR,-28093.82,APK Owner,3,SHARES,MAESTRO-APK-GROUP-FLATMATES-1523 | House Supplies | 28093.82,Android,B31,RAMP_1501_2500,CREATED,idem-20260902-apk-1523,android,G09,FLATMATES,Expense,G09:Expense,ACTIVE,qa.tile.expense,group.expense.amount,group.expense.note,group.expense.submit,group.expense.split.shares,House Supplies,MAESTRO-APK-GROUP-FLATMATES-1523 | House Supplies | 28093.82,JOINED,Ledger Quick_Add is expense category; Split_Method drives group.expense.split.*
1526,MTR-APK-1526,Group,Shared Living,Flatmates,Repairs,Expense,2025-12-29,21:23:09,2025-12-29 21:23:09,12435.59,INR,-12435.59,APK Aarav,3,EQUAL,MAESTRO-APK-GROUP-FLATMATES-1526 | Repairs | 12435.59,Android,B31,RAMP_1501_2500,CREATED,idem-20260902-apk-1526,android,G09,FLATMATES,Expense,G09:Expense,ACTIVE,qa.tile.expense,group.expense.amount,group.expense.note,group.expense.submit,group.expense.split.equal,Repairs,MAESTRO-APK-GROUP-FLATMATES-1526 | Repairs | 12435.59,JOINED,Ledger Quick_Add is expense category; Split_Method drives group.expense.split.*
1529,MTR-APK-1529,Group,Shared Living,Shared Living,Rent,Expense,2026-03-31,01:21:27,2026-03-31 01:21:27,25040.1,INR,-25040.1,APK Meera,3,PERCENTAGE,MAESTRO-APK-GROUP-SHARED_LIVING-1529 | Rent | 25040.10,Android,B31,RAMP_1501_2500,CREATED,idem-20260902-apk-1529,android,G11,CO_LIVING,Expense,G11:Expense,ACTIVE,qa.tile.expense,group.expense.amount,group.expense.note,group.expense.submit,group.expense.split.percentage,Rent,MAESTRO-APK-GROUP-SHARED_LIVING-1529 | Rent | 25040.10,JOINED,Ledger Quick_Add is expense category; Split_Method drives group.expense.split.*
1532,MTR-APK-1532,Group,Shared Living,Shared Living,Utilities,Expense,2026-02-09,16:40:25,2026-02-09 16:40:25,16556.57,INR,-16556.57,APK Owner,3,EXACT,MAESTRO-APK-GROUP-SHARED_LIVING-1532 | Utilities | 16556.57,Android,B31,RAMP_1501_2500,CREATED,idem-20260902-apk-1532,android,G11,CO_LIVING,Expense,G11:Expense,ACTIVE,qa.tile.expense,group.expense.amount,group.expense.note,group.expense.submit,group.expense.split.exact,Utilities,MAESTRO-APK-GROUP-SHARED_LIVING-1532 | Utilities | 16556.57,JOINED,Ledger Quick_Add is expense category; Split_Method drives group.expense.split.*
1535,MTR-APK-1535,Group,Shared Living,Shared Living,Groceries,Expense,2026-03-16,13:37:25,2026-03-16 13:37:25,10576.1,INR,-10576.1,APK Aarav,3,SHARES,MAESTRO-APK-GROUP-SHARED_LIVING-1535 | Groceries | 10576.10,Android,B31,RAMP_1501_2500,CREATED,idem-20260902-apk-1535,android,G11,CO_LIVING,Expense,G11:Expense,ACTIVE,qa.tile.expense,group.expense.amount,group.expense.note,group.expense.submit,group.expense.split.shares,Groceries,MAESTRO-APK-GROUP-SHARED_LIVING-1535 | Groceries | 10576.10,JOINED,Ledger Quick_Add is expense category; Split_Method drives group.expense.split.*
1538,MTR-APK-1538,Group,Shared Living,Shared Living,Maintenance,Expense,2025-10-05,02:44:56,2025-10-05 02:44:56,29979.64,INR,-29979.64,APK Meera,3,EQUAL,MAESTRO-APK-GROUP-SHARED_LIVING-1538 | Maintenance | 29979.64,Android,B31,RAMP_1501_2500,CREATED,idem-20260902-apk-1538,android,G11,CO_LIVING,Expense,G11:Expense,ACTIVE,qa.tile.expense,group.expense.amount,group.expense.note,group.expense.submit,group.expense.split.equal,Maintenance,MAESTRO-APK-GROUP-SHARED_LIVING-1538 | Maintenance | 29979.64,JOINED,Ledger Quick_Add is expense category; Split_Method drives group.expense.split.*
1541,MTR-APK-1541,Group,Shared Living,Shared Living,Other,Expense,2026-05-03,17:03:31,2026-05-03 17:03:31,909.56,INR,-909.56,APK Owner,3,PERCENTAGE,MAESTRO-APK-GROUP-SHARED_LIVING-1541 | Other | 909.56,Android,B31,RAMP_1501_2500,CREATED,idem-20260902-apk-1541,android,G11,CO_LIVING,Expense,G11:Expense,ACTIVE,qa.tile.expense,group.expense.amount,group.expense.note,group.expense.submit,group.expense.split.percentage,Other,MAESTRO-APK-GROUP-SHARED_LIVING-1541 | Other | 909.56,JOINED,Ledger Quick_Add is expense category; Split_Method drives group.expense.split.*
1544,MTR-APK-1544,Group,Shared Living,Family Household,Rent,Expense,2026-03-21,21:54:51,2026-03-21 21:54:51,7773.37,INR,-7773.37,APK Aarav,3,EXACT,MAESTRO-APK-GROUP-FAMILY_HOUSEHOLD-1544 | Rent | 7773.37,Android,B31,RAMP_1501_2500,CREATED,idem-20260902-apk-1544,android,G10,FAMILY_HOUSEHOLD,Expense,G10:Expense,ACTIVE,qa.tile.expense,group.expense.amount,group.expense.note,group.expense.submit,group.expense.split.exact,Rent,MAESTRO-APK-GROUP-FAMILY_HOUSEHOLD-1544 | Rent | 7773.37,JOINED,Ledger Quick_Add is expense category; Split_Method drives group.expense.split.*
1547,MTR-APK-1547,Group,Shared Living,Family Household,Groceries,Expense,2026-08-10,20:10:17,2026-08-10 20:10:17,16849.78,INR,-16849.78,APK Meera,3,SHARES,MAESTRO-APK-GROUP-FAMILY_HOUSEHOLD-1547 | Groceries | 16849.78,Android,B31,RAMP_1501_2500,CREATED,idem-20260902-apk-1547,android,G10,FAMILY_HOUSEHOLD,Expense,G10:Expense,ACTIVE,qa.tile.expense,group.expense.amount,group.expense.note,group.expense.submit,group.expense.split.shares,Groceries,MAESTRO-APK-GROUP-FAMILY_HOUSEHOLD-1547 | Groceries | 16849.78,JOINED,Ledger Quick_Add is expense category; Split_Method drives group.expense.split.*
1550,MTR-APK-1550,Group,Shared Living,Family Household,Transport,Expense,2025-10-05,09:41:22,2025-10-05 09:41:22,15105.67,INR,-15105.67,APK Owner,3,EQUAL,MAESTRO-APK-GROUP-FAMILY_HOUSEHOLD-1550 | Transport | 15105.67,Android,B31,RAMP_1501_2500,CREATED,idem-20260902-apk-1550,android,G10,FAMILY_HOUSEHOLD,Expense,G10:Expense,ACTIVE,qa.tile.expense,group.expense.amount,group.expense.note,group.expense.submit,group.expense.split.equal,Transport,MAESTRO-APK-GROUP-FAMILY_HOUSEHOLD-1550 | Transport | 15105.67,JOINED,Ledger Quick_Add is expense category; Split_Method drives group.expense.split.*
1553,MTR-APK-1553,Group,Shared Living,Family Household,Bills,Expense,2026-05-22,14:16:43,2026-05-22 14:16:43,8426.47,INR,-8426.47,APK Aarav,3,PERCENTAGE,MAESTRO-APK-GROUP-FAMILY_HOUSEHOLD-1553 | Bills | 8426.47,Android,B32,RAMP_1501_2500,CREATED,idem-20260902-apk-1553,android,G10,FAMILY_HOUSEHOLD,Expense,G10:Expense,ACTIVE,qa.tile.expense,group.expense.amount,group.expense.note,group.expense.submit,group.expense.split.percentage,Bills,MAESTRO-APK-GROUP-FAMILY_HOUSEHOLD-1553 | Bills | 8426.47,JOINED,Ledger Quick_Add is expense category; Split_Method drives group.expense.split.*
1556,MTR-APK-1556,Group,Shared Living,Family Household,Utilities,Expense,2025-12-26,17:36:36,2025-12-26 17:36:36,16330.84,INR,-16330.84,APK Meera,3,EXACT,MAESTRO-APK-GROUP-FAMILY_HOUSEHOLD-1556 | Utilities | 16330.84,Android,B32,RAMP_1501_2500,CREATED,idem-20260902-apk-1556,android,G10,FAMILY_HOUSEHOLD,Expense,G10:Expense,ACTIVE,qa.tile.expense,group.expense.amount,group.expense.note,group.expense.submit,group.expense.split.exact,Utilities,MAESTRO-APK-GROUP-FAMILY_HOUSEHOLD-1556 | Utilities | 16330.84,JOINED,Ledger Quick_Add is expense category; Split_Method drives group.expense.split.*
1559,MTR-APK-1559,Group,Shared Living,Family Household,Healthcare,Expense,2025-12-19,01:21:31,2025-12-19 01:21:31,1292.97,INR,-1292.97,APK Owner,3,SHARES,MAESTRO-APK-GROUP-FAMILY_HOUSEHOLD-1559 | Healthcare | 1292.97,Android,B32,RAMP_1501_2500,CREATED,idem-20260902-apk-1559,android,G10,FAMILY_HOUSEHOLD,Expense,G10:Expense,ACTIVE,qa.tile.expense,group.expense.amount,group.expense.note,group.expense.submit,group.expense.split.shares,Healthcare,MAESTRO-APK-GROUP-FAMILY_HOUSEHOLD-1559 | Healthcare | 1292.97,JOINED,Ledger Quick_Add is expense category; Split_Method drives group.expense.split.*
1562,MTR-APK-1562,Group,Shared Living,Custom Living,Custom Expense,Expense,2026-05-22,03:08:33,2026-05-22 03:08:33,10488.68,INR,-10488.68,APK Aarav,3,EQUAL,MAESTRO-APK-GROUP-CUSTOM_LIVING-1562 | Custom Expense | 10488.68,Android,B32,RAMP_1501_2500,CREATED,idem-20260902-apk-1562,android,G12,COMMUNITY_LIVING,Expense,G12:Expense,ACTIVE,qa.tile.expense,group.expense.amount,group.expense.note,group.expense.submit,group.expense.split.equal,Custom Expense,MAESTRO-APK-GROUP-CUSTOM_LIVING-1562 | Custom Expense | 10488.68,JOINED,Ledger Quick_Add is expense category; Split_Method drives group.expense.split.*
1565,MTR-APK-1565,Group,Shared Living,Custom Living,Custom Contribution,Contribution,2026-03-05,17:38:45,2026-03-05 17:38:45,11660.66,INR,11660.66,APK Meera,3,PERCENTAGE,MAESTRO-APK-GROUP-CUSTOM_LIVING-1565 | Custom Contribution | 11660.66,Android,B32,RAMP_1501_2500,CREATED,idem-20260902-apk-1565,android,G12,COMMUNITY_LIVING,Contribute,G12:Contribute,,qa.tile.contribute,group.contribute.amount,group.contribute.note,group.contribute.submit,group.expense.split.percentage,Custom Contribution,MAESTRO-APK-GROUP-CUSTOM_LIVING-1565 | Custom Contribution | 11660.66,SKIP_CAPABILITY_GAP,Custom Living hub has no Contribution tile (same as Family Household)
1568,MTR-APK-1568,Group,Shared Experience,Trip,Travel,Expense,2026-07-17,19:41:31,2026-07-17 19:41:31,15769.43,INR,-15769.43,APK Owner,3,EXACT,MAESTRO-APK-GROUP-TRIP-1568 | Travel | 15769.43,Android,B32,RAMP_1501_2500,CREATED,idem-20260902-apk-1568,android,G01,TRIP,Expense,G01:Expense,ACTIVE,qa.tile.expense,group.expense.amount,group.expense.note,group.expense.submit,group.expense.split.exact,Travel,MAESTRO-APK-GROUP-TRIP-1568 | Travel | 15769.43,JOINED,Ledger Quick_Add is expense category; Split_Method drives group.expense.split.*
1571,MTR-APK-1571,Group,Shared Experience,Trip,Stay,Expense,2026-04-19,06:31:03,2026-04-19 06:31:03,2583.16,INR,-2583.16,APK Aarav,3,SHARES,MAESTRO-APK-GROUP-TRIP-1571 | Stay | 2583.16,Android,B32,RAMP_1501_2500,CREATED,idem-20260902-apk-1571,android,G01,TRIP,Expense,G01:Expense,ACTIVE,qa.tile.expense,group.expense.amount,group.expense.note,group.expense.submit,group.expense.split.shares,Stay,MAESTRO-APK-GROUP-TRIP-1571 | Stay | 2583.16,JOINED,Ledger Quick_Add is expense category; Split_Method drives group.expense.split.*
1574,MTR-APK-1574,Group,Shared Experience,Trip,Food,Expense,2025-09-20,21:38:40,2025-09-20 21:38:40,19986.97,INR,-19986.97,APK Meera,3,EQUAL,MAESTRO-APK-GROUP-TRIP-1574 | Food | 19986.97,Android,B32,RAMP_1501_2500,CREATED,idem-20260902-apk-1574,android,G01,TRIP,Expense,G01:Expense,ACTIVE,qa.tile.expense,group.expense.amount,group.expense.note,group.expense.submit,group.expense.split.equal,Food,MAESTRO-APK-GROUP-TRIP-1574 | Food | 19986.97,JOINED,Ledger Quick_Add is expense category; Split_Method drives group.expense.split.*
1577,MTR-APK-1577,Group,Shared Experience,Trip,Local Transport,Expense,2026-05-02,11:10:28,2026-05-02 11:10:28,10455.6,INR,-10455.6,APK Owner,3,PERCENTAGE,MAESTRO-APK-GROUP-TRIP-1577 | Local Transport | 10455.60,Android,B32,RAMP_1501_2500,CREATED,idem-20260902-apk-1577,android,G01,TRIP,Expense,G01:Expense,ACTIVE,qa.tile.expense,group.expense.amount,group.expense.note,group.expense.submit,group.expense.split.percentage,Local Transport,MAESTRO-APK-GROUP-TRIP-1577 | Local Transport | 10455.60,JOINED,Ledger Quick_Add is expense category; Split_Method drives group.expense.split.*
1580,MTR-APK-1580,Group,Shared Experience,Trip,Activities,Expense,2026-06-13,02:46:34,2026-06-13 02:46:34,16530.08,INR,-16530.08,APK Aarav,3,EXACT,MAESTRO-APK-GROUP-TRIP-1580 | Activities | 16530.08,Android,B32,RAMP_1501_2500,CREATED,idem-20260902-apk-1580,android,G01,TRIP,Expense,G01:Expense,ACTIVE,qa.tile.expense,group.expense.amount,group.expense.note,group.expense.submit,group.expense.split.exact,Activities,MAESTRO-APK-GROUP-TRIP-1580 | Activities | 16530.08,JOINED,Ledger Quick_Add is expense category; Split_Method drives group.expense.split.*
1583,MTR-APK-1583,Group,Shared Experience,Trip,Shopping,Expense,2026-07-27,13:17:36,2026-07-27 13:17:36,8097.02,INR,-8097.02,APK Meera,3,SHARES,MAESTRO-APK-GROUP-TRIP-1583 | Shopping | 8097.02,Android,B32,RAMP_1501_2500,CREATED,idem-20260902-apk-1583,android,G01,TRIP,Expense,G01:Expense,ACTIVE,qa.tile.expense,group.expense.amount,group.expense.note,group.expense.submit,group.expense.split.shares,Shopping,MAESTRO-APK-GROUP-TRIP-1583 | Shopping | 8097.02,JOINED,Ledger Quick_Add is expense category; Split_Method drives group.expense.split.*
1586,MTR-APK-1586,Group,Shared Experience,Trip,Other,Expense,2025-10-05,00:59:34,2025-10-05 00:59:34,12770.15,INR,-12770.15,APK Owner,3,EQUAL,MAESTRO-APK-GROUP-TRIP-1586 | Other | 12770.15,Android,B32,RAMP_1501_2500,CREATED,idem-20260902-apk-1586,android,G01,TRIP,Expense,G01:Expense,ACTIVE,qa.tile.expense,group.expense.amount,group.expense.note,group.expense.submit,group.expense.split.equal,Other,MAESTRO-APK-GROUP-TRIP-1586 | Other | 12770.15,JOINED,Ledger Quick_Add is expense category; Split_Method drives group.expense.split.*
1589,MTR-APK-1589,Group,Shared Experience,Wedding,Venue,Expense,2025-09-24,21:09:34,2025-09-24 21:09:34,8046.28,INR,-8046.28,APK Aarav,3,PERCENTAGE,MAESTRO-APK-GROUP-WEDDING-1589 | Venue | 8046.28,Android,B32,RAMP_1501_2500,CREATED,idem-20260902-apk-1589,android,G02,WEDDING,Expense,G02:Expense,ACTIVE,qa.tile.expense,group.expense.amount,group.expense.note,group.expense.submit,group.expense.split.percentage,Venue,MAESTRO-APK-GROUP-WEDDING-1589 | Venue | 8046.28,JOINED,Ledger Quick_Add is expense category; Split_Method drives group.expense.split.*
1592,MTR-APK-1592,Group,Shared Experience,Wedding,Catering,Expense,2026-05-29,04:41:03,2026-05-29 04:41:03,13743.52,INR,-13743.52,APK Meera,3,EXACT,MAESTRO-APK-GROUP-WEDDING-1592 | Catering | 13743.52,Android,B32,RAMP_1501_2500,CREATED,idem-20260902-apk-1592,android,G02,WEDDING,Expense,G02:Expense,ACTIVE,qa.tile.expense,group.expense.amount,group.expense.note,group.expense.submit,group.expense.split.exact,Catering,MAESTRO-APK-GROUP-WEDDING-1592 | Catering | 13743.52,JOINED,Ledger Quick_Add is expense category; Split_Method drives group.expense.split.*
1595,MTR-APK-1595,Group,Shared Experience,Wedding,Decor,Expense,2025-12-06,22:40:41,2025-12-06 22:40:41,23485.56,INR,-23485.56,APK Owner,3,SHARES,MAESTRO-APK-GROUP-WEDDING-1595 | Decor | 23485.56,Android,B32,RAMP_1501_2500,CREATED,idem-20260902-apk-1595,android,G02,WEDDING,Expense,G02:Expense,ACTIVE,qa.tile.expense,group.expense.amount,group.expense.note,group.expense.submit,group.expense.split.shares,Decor,MAESTRO-APK-GROUP-WEDDING-1595 | Decor | 23485.56,JOINED,Ledger Quick_Add is expense category; Split_Method drives group.expense.split.*
1598,MTR-APK-1598,Group,Shared Experience,Wedding,Travel,Expense,2026-01-19,08:32:36,2026-01-19 08:32:36,5723.12,INR,-5723.12,APK Aarav,3,EQUAL,MAESTRO-APK-GROUP-WEDDING-1598 | Travel | 5723.12,Android,B32,RAMP_1501_2500,CREATED,idem-20260902-apk-1598,android,G02,WEDDING,Expense,G02:Expense,ACTIVE,qa.tile.expense,group.expense.amount,group.expense.note,group.expense.submit,group.expense.split.equal,Travel,MAESTRO-APK-GROUP-WEDDING-1598 | Travel | 5723.12,JOINED,Ledger Quick_Add is expense category; Split_Method drives group.expense.split.*
1601,MTR-APK-1601,Group,Shared Experience,Wedding,Gifts,Expense,2026-08-29,22:52:23,2026-08-29 22:52:23,3019.45,INR,-3019.45,APK Meera,3,PERCENTAGE,MAESTRO-APK-GROUP-WEDDING-1601 | Gifts | 3019.45,Android,B33,RAMP_1501_2500,CREATED,idem-20260902-apk-1601,android,G02,WEDDING,Expense,G02:Expense,ACTIVE,qa.tile.expense,group.expense.amount,group.expense.note,group.expense.submit,group.expense.split.percentage,Gifts,MAESTRO-APK-GROUP-WEDDING-1601 | Gifts | 3019.45,JOINED,Ledger Quick_Add is expense category; Split_Method drives group.expense.split.*
1604,MTR-APK-1604,Group,Shared Experience,Wedding,Photography,Expense,2026-02-05,09:09:21,2026-02-05 09:09:21,7271.58,INR,-7271.58,APK Owner,3,EXACT,MAESTRO-APK-GROUP-WEDDING-1604 | Photography | 7271.58,Android,B33,RAMP_1501_2500,CREATED,idem-20260902-apk-1604,android,G02,WEDDING,Expense,G02:Expense,ACTIVE,qa.tile.expense,group.expense.amount,group.expense.note,group.expense.submit,group.expense.split.exact,Photography,MAESTRO-APK-GROUP-WEDDING-1604 | Photography | 7271.58,JOINED,Ledger Quick_Add is expense category; Split_Method drives group.expense.split.*
1607,MTR-APK-1607,Group,Shared Experience,Wedding,Other,Expense,2026-01-07,07:18:38,2026-01-07 07:18:38,22868.72,INR,-22868.72,APK Aarav,3,SHARES,MAESTRO-APK-GROUP-WEDDING-1607 | Other | 22868.72,Android,B33,RAMP_1501_2500,CREATED,idem-20260902-apk-1607,android,G02,WEDDING,Expense,G02:Expense,ACTIVE,qa.tile.expense,group.expense.amount,group.expense.note,group.expense.submit,group.expense.split.shares,Other,MAESTRO-APK-GROUP-WEDDING-1607 | Other | 22868.72,JOINED,Ledger Quick_Add is expense category; Split_Method drives group.expense.split.*
1610,MTR-APK-1610,Group,Shared Experience,Office Outing,Food,Expense,2026-05-10,16:46:12,2026-05-10 16:46:12,22204.0,INR,-22204.0,APK Meera,3,EQUAL,MAESTRO-APK-GROUP-OFFICE_OUTING-1610 | Food | 22204.00,Android,B33,RAMP_1501_2500,CREATED,idem-20260902-apk-1610,android,G04,OFFICE_OUTING,Expense,G04:Expense,ACTIVE,qa.tile.expense,group.expense.amount,group.expense.note,group.expense.submit,group.expense.split.equal,Food,MAESTRO-APK-GROUP-OFFICE_OUTING-1610 | Food | 22204.00,JOINED,Ledger Quick_Add is expense category; Split_Method drives group.expense.split.*
1613,MTR-APK-1613,Group,Shared Experience,Office Outing,Travel,Expense,2026-05-19,21:16:07,2026-05-19 21:16:07,10310.86,INR,-10310.86,APK Owner,3,PERCENTAGE,MAESTRO-APK-GROUP-OFFICE_OUTING-1613 | Travel | 10310.86,Android,B33,RAMP_1501_2500,CREATED,idem-20260902-apk-1613,android,G04,OFFICE_OUTING,Expense,G04:Expense,ACTIVE,qa.tile.expense,group.expense.amount,group.expense.note,group.expense.submit,group.expense.split.percentage,Travel,MAESTRO-APK-GROUP-OFFICE_OUTING-1613 | Travel | 10310.86,JOINED,Ledger Quick_Add is expense category; Split_Method drives group.expense.split.*
1616,MTR-APK-1616,Group,Shared Experience,Office Outing,Activities,Expense,2026-06-20,21:51:12,2026-06-20 21:51:12,29028.16,INR,-29028.16,APK Aarav,3,EXACT,MAESTRO-APK-GROUP-OFFICE_OUTING-1616 | Activities | 29028.16,Android,B33,RAMP_1501_2500,CREATED,idem-20260902-apk-1616,android,G04,OFFICE_OUTING,Expense,G04:Expense,ACTIVE,qa.tile.expense,group.expense.amount,group.expense.note,group.expense.submit,group.expense.split.exact,Activities,MAESTRO-APK-GROUP-OFFICE_OUTING-1616 | Activities | 29028.16,JOINED,Ledger Quick_Add is expense category; Split_Method drives group.expense.split.*
1619,MTR-APK-1619,Group,Shared Experience,Office Outing,Venue,Expense,2026-01-02,01:57:50,2026-01-02 01:57:50,25565.17,INR,-25565.17,APK Meera,3,SHARES,MAESTRO-APK-GROUP-OFFICE_OUTING-1619 | Venue | 25565.17,Android,B33,RAMP_1501_2500,CREATED,idem-20260902-apk-1619,android,G04,OFFICE_OUTING,Expense,G04:Expense,ACTIVE,qa.tile.expense,group.expense.amount,group.expense.note,group.expense.submit,group.expense.split.shares,Venue,MAESTRO-APK-GROUP-OFFICE_OUTING-1619 | Venue | 25565.17,JOINED,Ledger Quick_Add is expense category; Split_Method drives group.expense.split.*
1622,MTR-APK-1622,Group,Shared Experience,Office Outing,Other,Expense,2026-03-08,17:17:50,2026-03-08 17:17:50,15056.4,INR,-15056.4,APK Owner,3,EQUAL,MAESTRO-APK-GROUP-OFFICE_OUTING-1622 | Other | 15056.40,Android,B33,RAMP_1501_2500,CREATED,idem-20260902-apk-1622,android,G04,OFFICE_OUTING,Expense,G04:Expense,ACTIVE,qa.tile.expense,group.expense.amount,group.expense.note,group.expense.submit,group.expense.split.equal,Other,MAESTRO-APK-GROUP-OFFICE_OUTING-1622 | Other | 15056.40,JOINED,Ledger Quick_Add is expense category; Split_Method drives group.expense.split.*
1625,MTR-APK-1625,Group,Shared Experience,House Party,Food,Expense,2025-12-17,07:21:23,2025-12-17 07:21:23,2834.47,INR,-2834.47,APK Aarav,3,PERCENTAGE,MAESTRO-APK-GROUP-HOUSE_PARTY-1625 | Food | 2834.47,Android,B33,RAMP_1501_2500,CREATED,idem-20260902-apk-1625,android,G03,HOUSE_PARTY,Expense,G03:Expense,ACTIVE,qa.tile.expense,group.expense.amount,group.expense.note,group.expense.submit,group.expense.split.percentage,Food,MAESTRO-APK-GROUP-HOUSE_PARTY-1625 | Food | 2834.47,JOINED,Ledger Quick_Add is expense category; Split_Method drives group.expense.split.*
1628,MTR-APK-1628,Group,Shared Experience,House Party,Drinks,Expense,2026-05-21,12:26:25,2026-05-21 12:26:25,99.99,INR,-99.99,APK Meera,3,EXACT,MAESTRO-APK-GROUP-HOUSE_PARTY-1628 | Drinks | 99.99,Android,B33,RAMP_1501_2500,CREATED,idem-20260902-apk-1628,android,G03,HOUSE_PARTY,Expense,G03:Expense,ACTIVE,qa.tile.expense,group.expense.amount,group.expense.note,group.expense.submit,group.expense.split.exact,Drinks,MAESTRO-APK-GROUP-HOUSE_PARTY-1628 | Drinks | 99.99,JOINED,Ledger Quick_Add is expense category; Split_Method drives group.expense.split.*
1631,MTR-APK-1631,Group,Shared Experience,House Party,Decor,Expense,2025-11-08,08:50:41,2025-11-08 08:50:41,13561.32,INR,-13561.32,APK Owner,3,SHARES,MAESTRO-APK-GROUP-HOUSE_PARTY-1631 | Decor | 13561.32,Android,B33,RAMP_1501_2500,CREATED,idem-20260902-apk-1631,android,G03,HOUSE_PARTY,Expense,G03:Expense,ACTIVE,qa.tile.expense,group.expense.amount,group.expense.note,group.expense.submit,group.expense.split.shares,Decor,MAESTRO-APK-GROUP-HOUSE_PARTY-1631 | Decor | 13561.32,JOINED,Ledger Quick_Add is expense category; Split_Method drives group.expense.split.*
1634,MTR-APK-1634,Group,Shared Experience,House Party,Supplies,Expense,2026-08-01,16:59:10,2026-08-01 16:59:10,28901.59,INR,-28901.59,APK Aarav,3,EQUAL,MAESTRO-APK-GROUP-HOUSE_PARTY-1634 | Supplies | 28901.59,Android,B33,RAMP_1501_2500,CREATED,idem-20260902-apk-1634,android,G03,HOUSE_PARTY,Expense,G03:Expense,ACTIVE,qa.tile.expense,group.expense.amount,group.expense.note,group.expense.submit,group.expense.split.equal,Supplies,MAESTRO-APK-GROUP-HOUSE_PARTY-1634 | Supplies | 28901.59,JOINED,Ledger Quick_Add is expense category; Split_Method drives group.expense.split.*
1637,MTR-APK-1637,Group,Shared Experience,House Party,Other,Expense,2026-06-20,00:37:51,2026-06-20 00:37:51,29619.72,INR,-29619.72,APK Meera,3,PERCENTAGE,MAESTRO-APK-GROUP-HOUSE_PARTY-1637 | Other | 29619.72,Android,B33,RAMP_1501_2500,CREATED,idem-20260902-apk-1637,android,G03,HOUSE_PARTY,Expense,G03:Expense,ACTIVE,qa.tile.expense,group.expense.amount,group.expense.note,group.expense.submit,group.expense.split.percentage,Other,MAESTRO-APK-GROUP-HOUSE_PARTY-1637 | Other | 29619.72,JOINED,Ledger Quick_Add is expense category; Split_Method drives group.expense.split.*
1640,MTR-APK-1640,Group,Shared Purchase,Gift Pool,Contribution,Contribution,2026-03-24,07:19:50,2026-03-24 07:19:50,13164.79,INR,13164.79,APK Owner,3,EXACT,MAESTRO-APK-GROUP-GIFT_POOL-1640 | Contribution | 13164.79,Android,B33,RAMP_1501_2500,CREATED,idem-20260902-apk-1640,android,G05,GIFT_POOL,Contribute,G05:Contribute,ACTIVE,qa.tile.contribute,group.contribute.amount,group.contribute.note,group.contribute.submit,group.expense.split.exact,Contribution,MAESTRO-APK-GROUP-GIFT_POOL-1640 | Contribution | 13164.79,JOINED,
1643,MTR-APK-1643,Group,Shared Purchase,Gift Pool,Gift Purchase,Expense,2025-09-25,04:42:15,2025-09-25 04:42:15,17227.61,INR,-17227.61,APK Aarav,3,SHARES,MAESTRO-APK-GROUP-GIFT_POOL-1643 | Gift Purchase | 17227.61,Android,B33,RAMP_1501_2500,CREATED,idem-20260902-apk-1643,android,G05,GIFT_POOL,Expense,G05:Expense,ACTIVE,qa.tile.expense,group.expense.amount,group.expense.note,group.expense.submit,group.expense.split.shares,Gift Purchase,MAESTRO-APK-GROUP-GIFT_POOL-1643 | Gift Purchase | 17227.61,JOINED,Ledger Quick_Add is expense category; Split_Method drives group.expense.split.*
1646,MTR-APK-1646,Group,Shared Purchase,Gift Pool,Delivery,Expense,2025-09-28,02:27:11,2025-09-28 02:27:11,332.38,INR,-332.38,APK Meera,3,EQUAL,MAESTRO-APK-GROUP-GIFT_POOL-1646 | Delivery | 332.38,Android,B33,RAMP_1501_2500,CREATED,idem-20260902-apk-1646,android,G05,GIFT_POOL,Expense,G05:Expense,ACTIVE,qa.tile.expense,group.expense.amount,group.expense.note,group.expense.submit,group.expense.split.equal,Delivery,MAESTRO-APK-GROUP-GIFT_POOL-1646 | Delivery | 332.38,JOINED,Ledger Quick_Add is expense category; Split_Method drives group.expense.split.*
1649,MTR-APK-1649,Group,Shared Purchase,Gift Pool,Other,Expense,2026-03-19,08:27:15,2026-03-19 08:27:15,19026.65,INR,-19026.65,APK Owner,3,PERCENTAGE,MAESTRO-APK-GROUP-GIFT_POOL-1649 | Other | 19026.65,Android,B33,RAMP_1501_2500,CREATED,idem-20260902-apk-1649,android,G05,GIFT_POOL,Expense,G05:Expense,ACTIVE,qa.tile.expense,group.expense.amount,group.expense.note,group.expense.submit,group.expense.split.percentage,Other,MAESTRO-APK-GROUP-GIFT_POOL-1649 | Other | 19026.65,JOINED,Ledger Quick_Add is expense category; Split_Method drives group.expense.split.*
1652,MTR-APK-1652,Group,Shared Purchase,Purchase,Item,Expense,2025-10-16,07:54:20,2025-10-16 07:54:20,29319.63,INR,-29319.63,APK Aarav,3,EXACT,MAESTRO-APK-GROUP-PURCHASE-1652 | Item | 29319.63,Android,B34,RAMP_1501_2500,CREATED,idem-20260902-apk-1652,android,G06,GROUP_PURCHASE,Expense,G06:Expense,ACTIVE,qa.tile.expense,group.expense.amount,group.expense.note,group.expense.submit,group.expense.split.exact,Item,MAESTRO-APK-GROUP-PURCHASE-1652 | Item | 29319.63,JOINED,Ledger Quick_Add is expense category; Split_Method drives group.expense.split.*
1655,MTR-APK-1655,Group,Shared Purchase,Purchase,Shipping,Expense,2026-07-02,03:00:23,2026-07-02 03:00:23,4658.27,INR,-4658.27,APK Meera,3,SHARES,MAESTRO-APK-GROUP-PURCHASE-1655 | Shipping | 4658.27,Android,B34,RAMP_1501_2500,CREATED,idem-20260902-apk-1655,android,G06,GROUP_PURCHASE,Expense,G06:Expense,ACTIVE,qa.tile.expense,group.expense.amount,group.expense.note,group.expense.submit,group.expense.split.shares,Shipping,MAESTRO-APK-GROUP-PURCHASE-1655 | Shipping | 4658.27,JOINED,Ledger Quick_Add is expense category; Split_Method drives group.expense.split.*
1658,MTR-APK-1658,Group,Shared Purchase,Purchase,Tax,Expense,2026-05-11,20:24:53,2026-05-11 20:24:53,18166.38,INR,-18166.38,APK Owner,3,EQUAL,MAESTRO-APK-GROUP-PURCHASE-1658 | Tax | 18166.38,Android,B34,RAMP_1501_2500,CREATED,idem-20260902-apk-1658,android,G06,GROUP_PURCHASE,Expense,G06:Expense,ACTIVE,qa.tile.expense,group.expense.amount,group.expense.note,group.expense.submit,group.expense.split.equal,Tax,MAESTRO-APK-GROUP-PURCHASE-1658 | Tax | 18166.38,JOINED,Ledger Quick_Add is expense category; Split_Method drives group.expense.split.*
1661,MTR-APK-1661,Group,Shared Purchase,Purchase,Other,Expense,2026-08-26,03:42:01,2026-08-26 03:42:01,21046.67,INR,-21046.67,APK Aarav,3,PERCENTAGE,MAESTRO-APK-GROUP-PURCHASE-1661 | Other | 21046.67,Android,B34,RAMP_1501_2500,CREATED,idem-20260902-apk-1661,android,G06,GROUP_PURCHASE,Expense,G06:Expense,ACTIVE,qa.tile.expense,group.expense.amount,group.expense.note,group.expense.submit,group.expense.split.percentage,Other,MAESTRO-APK-GROUP-PURCHASE-1661 | Other | 21046.67,JOINED,Ledger Quick_Add is expense category; Split_Method drives group.expense.split.*
1664,MTR-APK-1664,Group,Shared Purchase,Assets,Purchase,Expense,2026-02-02,11:41:03,2026-02-02 11:41:03,7812.48,INR,-7812.48,APK Meera,3,EXACT,MAESTRO-APK-GROUP-ASSETS-1664 | Purchase | 7812.48,Android,B34,RAMP_1501_2500,CREATED,idem-20260902-apk-1664,android,G07,SHARED_ASSET,Expense,G07:Expense,ACTIVE,qa.tile.expense,group.expense.amount,group.expense.note,group.expense.submit,group.expense.split.exact,Purchase,MAESTRO-APK-GROUP-ASSETS-1664 | Purchase | 7812.48,JOINED,Ledger Quick_Add is expense category; Split_Method drives group.expense.split.*
1667,MTR-APK-1667,Group,Shared Purchase,Assets,Maintenance,Expense,2026-05-02,01:30:28,2026-05-02 01:30:28,21280.77,INR,-21280.77,APK Owner,3,SHARES,MAESTRO-APK-GROUP-ASSETS-1667 | Maintenance | 21280.77,Android,B34,RAMP_1501_2500,CREATED,idem-20260902-apk-1667,android,G07,SHARED_ASSET,Expense,G07:Expense,ACTIVE,qa.tile.expense,group.expense.amount,group.expense.note,group.expense.submit,group.expense.split.shares,Maintenance,MAESTRO-APK-GROUP-ASSETS-1667 | Maintenance | 21280.77,JOINED,Ledger Quick_Add is expense category; Split_Method drives group.expense.split.*
1670,MTR-APK-1670,Group,Shared Purchase,Assets,Repair,Expense,2025-12-25,04:19:36,2025-12-25 04:19:36,8002.86,INR,-8002.86,APK Aarav,3,EQUAL,MAESTRO-APK-GROUP-ASSETS-1670 | Repair | 8002.86,Android,B34,RAMP_1501_2500,CREATED,idem-20260902-apk-1670,android,G07,SHARED_ASSET,Expense,G07:Expense,ACTIVE,qa.tile.expense,group.expense.amount,group.expense.note,group.expense.submit,group.expense.split.equal,Repair,MAESTRO-APK-GROUP-ASSETS-1670 | Repair | 8002.86,JOINED,Ledger Quick_Add is expense category; Split_Method drives group.expense.split.*
1673,MTR-APK-1673,Group,Shared Purchase,Assets,Insurance,Expense,2026-05-25,08:24:19,2026-05-25 08:24:19,28993.12,INR,-28993.12,APK Meera,3,PERCENTAGE,MAESTRO-APK-GROUP-ASSETS-1673 | Insurance | 28993.12,Android,B34,RAMP_1501_2500,CREATED,idem-20260902-apk-1673,android,G07,SHARED_ASSET,Expense,G07:Expense,ACTIVE,qa.tile.expense,group.expense.amount,group.expense.note,group.expense.submit,group.expense.split.percentage,Insurance,MAESTRO-APK-GROUP-ASSETS-1673 | Insurance | 28993.12,JOINED,Ledger Quick_Add is expense category; Split_Method drives group.expense.split.*
1676,MTR-APK-1676,Group,Shared Purchase,Assets,Other,Expense,2026-03-28,23:55:25,2026-03-28 23:55:25,14900.6,INR,-14900.6,APK Owner,3,EXACT,MAESTRO-APK-GROUP-ASSETS-1676 | Other | 14900.60,Android,B34,RAMP_1501_2500,CREATED,idem-20260902-apk-1676,android,G07,SHARED_ASSET,Expense,G07:Expense,ACTIVE,qa.tile.expense,group.expense.amount,group.expense.note,group.expense.submit,group.expense.split.exact,Other,MAESTRO-APK-GROUP-ASSETS-1676 | Other | 14900.60,JOINED,Ledger Quick_Add is expense category; Split_Method drives group.expense.split.*
1679,MTR-APK-1679,Group,Shared Purchase,Custom Purchase,Custom Expense,Expense,2025-09-06,06:11:51,2025-09-06 06:11:51,12389.76,INR,-12389.76,APK Aarav,3,SHARES,MAESTRO-APK-GROUP-CUSTOM_PURCHASE-1679 | Custom Expense | 12389.76,Android,B34,RAMP_1501_2500,CREATED,idem-20260902-apk-1679,android,G08,COMMUNITY_PURCHASE,Expense,G08:Expense,ACTIVE,qa.tile.expense,group.expense.amount,group.expense.note,group.expense.submit,group.expense.split.shares,Custom Expense,MAESTRO-APK-GROUP-CUSTOM_PURCHASE-1679 | Custom Expense | 12389.76,JOINED,Ledger Quick_Add is expense category; Split_Method drives group.expense.split.*
1682,MTR-APK-1682,Group,Shared Purchase,Custom Purchase,Custom Contribution,Contribution,2025-12-11,13:28:01,2025-12-11 13:28:01,27716.92,INR,27716.92,APK Meera,3,EQUAL,MAESTRO-APK-GROUP-CUSTOM_PURCHASE-1682 | Custom Contribution | 27716.92,Android,B34,RAMP_1501_2500,CREATED,idem-20260902-apk-1682,android,G08,COMMUNITY_PURCHASE,Contribute,G08:Contribute,ACTIVE,qa.tile.contribute,group.contribute.amount,group.contribute.note,group.contribute.submit,group.expense.split.equal,Custom Contribution,MAESTRO-APK-GROUP-CUSTOM_PURCHASE-1682 | Custom Contribution | 27716.92,JOINED,
1685,MTR-APK-1685,Group,Shared Living,Flatmates,Rent,Expense,2026-04-10,16:52:18,2026-04-10 16:52:18,27984.45,INR,-27984.45,APK Owner,3,PERCENTAGE,MAESTRO-APK-GROUP-FLATMATES-1685 | Rent | 27984.45,Android,B34,RAMP_1501_2500,CREATED,idem-20260902-apk-1685,android,G09,FLATMATES,Expense,G09:Expense,ACTIVE,qa.tile.expense,group.expense.amount,group.expense.note,group.expense.submit,group.expense.split.percentage,Rent,MAESTRO-APK-GROUP-FLATMATES-1685 | Rent | 27984.45,JOINED,Ledger Quick_Add is expense category; Split_Method drives group.expense.split.*
1688,MTR-APK-1688,Group,Shared Living,Flatmates,Utilities,Expense,2026-01-11,07:50:12,2026-01-11 07:50:12,17974.61,INR,-17974.61,APK Aarav,3,EXACT,MAESTRO-APK-GROUP-FLATMATES-1688 | Utilities | 17974.61,Android,B34,RAMP_1501_2500,CREATED,idem-20260902-apk-1688,android,G09,FLATMATES,Expense,G09:Expense,ACTIVE,qa.tile.expense,group.expense.amount,group.expense.note,group.expense.submit,group.expense.split.exact,Utilities,MAESTRO-APK-GROUP-FLATMATES-1688 | Utilities | 17974.61,JOINED,Ledger Quick_Add is expense category; Split_Method drives group.expense.split.*
1691,MTR-APK-1691,Group,Shared Living,Flatmates,Groceries,Expense,2025-12-12,07:52:33,2025-12-12 07:52:33,15902.3,INR,-15902.3,APK Meera,3,SHARES,MAESTRO-APK-GROUP-FLATMATES-1691 | Groceries | 15902.30,Android,B34,RAMP_1501_2500,CREATED,idem-20260902-apk-1691,android,G09,FLATMATES,Expense,G09:Expense,ACTIVE,qa.tile.expense,group.expense.amount,group.expense.note,group.expense.submit,group.expense.split.shares,Groceries,MAESTRO-APK-GROUP-FLATMATES-1691 | Groceries | 15902.30,JOINED,Ledger Quick_Add is expense category; Split_Method drives group.expense.split.*
1694,MTR-APK-1694,Group,Shared Living,Flatmates,Internet,Expense,2026-06-24,22:05:25,2026-06-24 22:05:25,5091.62,INR,-5091.62,APK Owner,3,EQUAL,MAESTRO-APK-GROUP-FLATMATES-1694 | Internet | 5091.62,Android,B34,RAMP_1501_2500,CREATED,idem-20260902-apk-1694,android,G09,FLATMATES,Expense,G09:Expense,ACTIVE,qa.tile.expense,group.expense.amount,group.expense.note,group.expense.submit,group.expense.split.equal,Internet,MAESTRO-APK-GROUP-FLATMATES-1694 | Internet | 5091.62,JOINED,Ledger Quick_Add is expense category; Split_Method drives group.expense.split.*
1697,MTR-APK-1697,Group,Shared Living,Flatmates,House Supplies,Expense,2026-07-08,17:04:54,2026-07-08 17:04:54,29125.67,INR,-29125.67,APK Aarav,3,PERCENTAGE,MAESTRO-APK-GROUP-FLATMATES-1697 | House Supplies | 29125.67,Android,B34,RAMP_1501_2500,CREATED,idem-20260902-apk-1697,android,G09,FLATMATES,Expense,G09:Expense,ACTIVE,qa.tile.expense,group.expense.amount,group.expense.note,group.expense.submit,group.expense.split.percentage,House Supplies,MAESTRO-APK-GROUP-FLATMATES-1697 | House Supplies | 29125.67,JOINED,Ledger Quick_Add is expense category; Split_Method drives group.expense.split.*
1700,MTR-APK-1700,Group,Shared Living,Flatmates,Repairs,Expense,2026-01-21,17:04:02,2026-01-21 17:04:02,6170.36,INR,-6170.36,APK Meera,3,EXACT,MAESTRO-APK-GROUP-FLATMATES-1700 | Repairs | 6170.36,Android,B34,RAMP_1501_2500,CREATED,idem-20260902-apk-1700,android,G09,FLATMATES,Expense,G09:Expense,ACTIVE,qa.tile.expense,group.expense.amount,group.expense.note,group.expense.submit,group.expense.split.exact,Repairs,MAESTRO-APK-GROUP-FLATMATES-1700 | Repairs | 6170.36,JOINED,Ledger Quick_Add is expense category; Split_Method drives group.expense.split.*
1703,MTR-APK-1703,Group,Shared Living,Shared Living,Rent,Expense,2026-08-04,05:48:50,2026-08-04 05:48:50,28791.54,INR,-28791.54,APK Owner,3,SHARES,MAESTRO-APK-GROUP-SHARED_LIVING-1703 | Rent | 28791.54,Android,B35,RAMP_1501_2500,CREATED,idem-20260902-apk-1703,android,G11,CO_LIVING,Expense,G11:Expense,ACTIVE,qa.tile.expense,group.expense.amount,group.expense.note,group.expense.submit,group.expense.split.shares,Rent,MAESTRO-APK-GROUP-SHARED_LIVING-1703 | Rent | 28791.54,JOINED,Ledger Quick_Add is expense category; Split_Method drives group.expense.split.*
1706,MTR-APK-1706,Group,Shared Living,Shared Living,Utilities,Expense,2025-10-18,05:07:11,2025-10-18 05:07:11,1784.24,INR,-1784.24,APK Aarav,3,EQUAL,MAESTRO-APK-GROUP-SHARED_LIVING-1706 | Utilities | 1784.24,Android,B35,RAMP_1501_2500,CREATED,idem-20260902-apk-1706,android,G11,CO_LIVING,Expense,G11:Expense,ACTIVE,qa.tile.expense,group.expense.amount,group.expense.note,group.expense.submit,group.expense.split.equal,Utilities,MAESTRO-APK-GROUP-SHARED_LIVING-1706 | Utilities | 1784.24,JOINED,Ledger Quick_Add is expense category; Split_Method drives group.expense.split.*
1709,MTR-APK-1709,Group,Shared Living,Shared Living,Groceries,Expense,2026-05-18,23:27:00,2026-05-18 23:27:00,23744.38,INR,-23744.38,APK Meera,3,PERCENTAGE,MAESTRO-APK-GROUP-SHARED_LIVING-1709 | Groceries | 23744.38,Android,B35,RAMP_1501_2500,CREATED,idem-20260902-apk-1709,android,G11,CO_LIVING,Expense,G11:Expense,ACTIVE,qa.tile.expense,group.expense.amount,group.expense.note,group.expense.submit,group.expense.split.percentage,Groceries,MAESTRO-APK-GROUP-SHARED_LIVING-1709 | Groceries | 23744.38,JOINED,Ledger Quick_Add is expense category; Split_Method drives group.expense.split.*
1712,MTR-APK-1712,Group,Shared Living,Shared Living,Maintenance,Expense,2026-05-20,09:10:28,2026-05-20 09:10:28,6647.15,INR,-6647.15,APK Owner,3,EXACT,MAESTRO-APK-GROUP-SHARED_LIVING-1712 | Maintenance | 6647.15,Android,B35,RAMP_1501_2500,CREATED,idem-20260902-apk-1712,android,G11,CO_LIVING,Expense,G11:Expense,ACTIVE,qa.tile.expense,group.expense.amount,group.expense.note,group.expense.submit,group.expense.split.exact,Maintenance,MAESTRO-APK-GROUP-SHARED_LIVING-1712 | Maintenance | 6647.15,JOINED,Ledger Quick_Add is expense category; Split_Method drives group.expense.split.*
1715,MTR-APK-1715,Group,Shared Living,Shared Living,Other,Expense,2025-09-24,21:36:22,2025-09-24 21:36:22,8338.73,INR,-8338.73,APK Aarav,3,SHARES,MAESTRO-APK-GROUP-SHARED_LIVING-1715 | Other | 8338.73,Android,B35,RAMP_1501_2500,CREATED,idem-20260902-apk-1715,android,G11,CO_LIVING,Expense,G11:Expense,ACTIVE,qa.tile.expense,group.expense.amount,group.expense.note,group.expense.submit,group.expense.split.shares,Other,MAESTRO-APK-GROUP-SHARED_LIVING-1715 | Other | 8338.73,JOINED,Ledger Quick_Add is expense category; Split_Method drives group.expense.split.*
1718,MTR-APK-1718,Group,Shared Living,Family Household,School,Expense,2025-10-26,00:10:56,2025-10-26 00:10:56,5645.75,INR,-5645.75,APK Meera,3,EQUAL,MAESTRO-APK-GROUP-FAMILY_HOUSEHOLD-1718 | School | 5645.75,Android,B35,RAMP_1501_2500,CREATED,idem-20260902-apk-1718,android,G10,FAMILY_HOUSEHOLD,Expense,G10:Expense,ACTIVE,qa.tile.expense,group.expense.amount,group.expense.note,group.expense.submit,group.expense.split.equal,School,MAESTRO-APK-GROUP-FAMILY_HOUSEHOLD-1718 | School | 5645.75,JOINED,Ledger Quick_Add is expense category; Split_Method drives group.expense.split.*
1721,MTR-APK-1721,Group,Shared Living,Family Household,Other,Expense,2025-12-22,12:08:52,2025-12-22 12:08:52,27045.43,INR,-27045.43,APK Owner,3,PERCENTAGE,MAESTRO-APK-GROUP-FAMILY_HOUSEHOLD-1721 | Other | 27045.43,Android,B35,RAMP_1501_2500,CREATED,idem-20260902-apk-1721,android,G10,FAMILY_HOUSEHOLD,Expense,G10:Expense,ACTIVE,qa.tile.expense,group.expense.amount,group.expense.note,group.expense.submit,group.expense.split.percentage,Other,MAESTRO-APK-GROUP-FAMILY_HOUSEHOLD-1721 | Other | 27045.43,JOINED,Ledger Quick_Add is expense category; Split_Method drives group.expense.split.*
1724,MTR-APK-1724,Group,Shared Living,Family Household,Rent,Expense,2025-09-09,12:44:20,2025-09-09 12:44:20,27009.34,INR,-27009.34,APK Aarav,3,EXACT,MAESTRO-APK-GROUP-FAMILY_HOUSEHOLD-1724 | Rent | 27009.34,Android,B35,RAMP_1501_2500,CREATED,idem-20260902-apk-1724,android,G10,FAMILY_HOUSEHOLD,Expense,G10:Expense,ACTIVE,qa.tile.expense,group.expense.amount,group.expense.note,group.expense.submit,group.expense.split.exact,Rent,MAESTRO-APK-GROUP-FAMILY_HOUSEHOLD-1724 | Rent | 27009.34,JOINED,Ledger Quick_Add is expense category; Split_Method drives group.expense.split.*
1727,MTR-APK-1727,Group,Shared Living,Family Household,Groceries,Expense,2026-07-27,22:14:34,2026-07-27 22:14:34,23596.78,INR,-23596.78,APK Meera,3,SHARES,MAESTRO-APK-GROUP-FAMILY_HOUSEHOLD-1727 | Groceries | 23596.78,Android,B35,RAMP_1501_2500,CREATED,idem-20260902-apk-1727,android,G10,FAMILY_HOUSEHOLD,Expense,G10:Expense,ACTIVE,qa.tile.expense,group.expense.amount,group.expense.note,group.expense.submit,group.expense.split.shares,Groceries,MAESTRO-APK-GROUP-FAMILY_HOUSEHOLD-1727 | Groceries | 23596.78,JOINED,Ledger Quick_Add is expense category; Split_Method drives group.expense.split.*
1730,MTR-APK-1730,Group,Shared Living,Family Household,Transport,Expense,2026-06-13,10:41:27,2026-06-13 10:41:27,14578.25,INR,-14578.25,APK Owner,3,EQUAL,MAESTRO-APK-GROUP-FAMILY_HOUSEHOLD-1730 | Transport | 14578.25,Android,B35,RAMP_1501_2500,CREATED,idem-20260902-apk-1730,android,G10,FAMILY_HOUSEHOLD,Expense,G10:Expense,ACTIVE,qa.tile.expense,group.expense.amount,group.expense.note,group.expense.submit,group.expense.split.equal,Transport,MAESTRO-APK-GROUP-FAMILY_HOUSEHOLD-1730 | Transport | 14578.25,JOINED,Ledger Quick_Add is expense category; Split_Method drives group.expense.split.*
1733,MTR-APK-1733,Group,Shared Living,Family Household,Bills,Expense,2026-07-13,04:21:22,2026-07-13 04:21:22,4913.94,INR,-4913.94,APK Aarav,3,PERCENTAGE,MAESTRO-APK-GROUP-FAMILY_HOUSEHOLD-1733 | Bills | 4913.94,Android,B35,RAMP_1501_2500,CREATED,idem-20260902-apk-1733,android,G10,FAMILY_HOUSEHOLD,Expense,G10:Expense,ACTIVE,qa.tile.expense,group.expense.amount,group.expense.note,group.expense.submit,group.expense.split.percentage,Bills,MAESTRO-APK-GROUP-FAMILY_HOUSEHOLD-1733 | Bills | 4913.94,JOINED,Ledger Quick_Add is expense category; Split_Method drives group.expense.split.*
1736,MTR-APK-1736,Group,Shared Living,Custom Living,Custom Expense,Expense,2025-11-25,03:55:28,2025-11-25 03:55:28,9523.96,INR,-9523.96,APK Meera,3,EXACT,MAESTRO-APK-GROUP-CUSTOM_LIVING-1736 | Custom Expense | 9523.96,Android,B35,RAMP_1501_2500,CREATED,idem-20260902-apk-1736,android,G12,COMMUNITY_LIVING,Expense,G12:Expense,ACTIVE,qa.tile.expense,group.expense.amount,group.expense.note,group.expense.submit,group.expense.split.exact,Custom Expense,MAESTRO-APK-GROUP-CUSTOM_LIVING-1736 | Custom Expense | 9523.96,JOINED,Ledger Quick_Add is expense category; Split_Method drives group.expense.split.*
1739,MTR-APK-1739,Group,Shared Living,Custom Living,Custom Contribution,Contribution,2025-12-09,01:45:56,2025-12-09 01:45:56,10000.0,INR,10000.0,APK Owner,3,SHARES,MAESTRO-APK-GROUP-CUSTOM_LIVING-1739 | Custom Contribution | 10000.00,Android,B35,RAMP_1501_2500,CREATED,idem-20260902-apk-1739,android,G12,COMMUNITY_LIVING,Contribute,G12:Contribute,,qa.tile.contribute,group.contribute.amount,group.contribute.note,group.contribute.submit,group.expense.split.shares,Custom Contribution,MAESTRO-APK-GROUP-CUSTOM_LIVING-1739 | Custom Contribution | 10000.00,SKIP_CAPABILITY_GAP,Custom Living hub has no Contribution tile (same as Family Household)
1742,MTR-APK-1742,Group,Shared Experience,Trip,Travel,Expense,2026-05-26,02:59:23,2026-05-26 02:59:23,19478.48,INR,-19478.48,APK Aarav,3,EQUAL,MAESTRO-APK-GROUP-TRIP-1742 | Travel | 19478.48,Android,B35,RAMP_1501_2500,CREATED,idem-20260902-apk-1742,android,G01,TRIP,Expense,G01:Expense,ACTIVE,qa.tile.expense,group.expense.amount,group.expense.note,group.expense.submit,group.expense.split.equal,Travel,MAESTRO-APK-GROUP-TRIP-1742 | Travel | 19478.48,JOINED,Ledger Quick_Add is expense category; Split_Method drives group.expense.split.*
1745,MTR-APK-1745,Group,Shared Experience,Trip,Stay,Expense,2026-02-07,14:31:12,2026-02-07 14:31:12,17854.05,INR,-17854.05,APK Meera,3,PERCENTAGE,MAESTRO-APK-GROUP-TRIP-1745 | Stay | 17854.05,Android,B35,RAMP_1501_2500,CREATED,idem-20260902-apk-1745,android,G01,TRIP,Expense,G01:Expense,ACTIVE,qa.tile.expense,group.expense.amount,group.expense.note,group.expense.submit,group.expense.split.percentage,Stay,MAESTRO-APK-GROUP-TRIP-1745 | Stay | 17854.05,JOINED,Ledger Quick_Add is expense category; Split_Method drives group.expense.split.*
1748,MTR-APK-1748,Group,Shared Experience,Trip,Food,Expense,2025-10-31,11:35:16,2025-10-31 11:35:16,10407.03,INR,-10407.03,APK Owner,3,EXACT,MAESTRO-APK-GROUP-TRIP-1748 | Food | 10407.03,Android,B35,RAMP_1501_2500,CREATED,idem-20260902-apk-1748,android,G01,TRIP,Expense,G01:Expense,ACTIVE,qa.tile.expense,group.expense.amount,group.expense.note,group.expense.submit,group.expense.split.exact,Food,MAESTRO-APK-GROUP-TRIP-1748 | Food | 10407.03,JOINED,Ledger Quick_Add is expense category; Split_Method drives group.expense.split.*
1751,MTR-APK-1751,Group,Shared Experience,Trip,Local Transport,Expense,2025-12-24,00:39:39,2025-12-24 00:39:39,16117.45,INR,-16117.45,APK Aarav,3,SHARES,MAESTRO-APK-GROUP-TRIP-1751 | Local Transport | 16117.45,Android,B36,RAMP_1501_2500,CREATED,idem-20260902-apk-1751,android,G01,TRIP,Expense,G01:Expense,ACTIVE,qa.tile.expense,group.expense.amount,group.expense.note,group.expense.submit,group.expense.split.shares,Local Transport,MAESTRO-APK-GROUP-TRIP-1751 | Local Transport | 16117.45,JOINED,Ledger Quick_Add is expense category; Split_Method drives group.expense.split.*
1754,MTR-APK-1754,Group,Shared Experience,Trip,Activities,Expense,2025-11-07,05:47:59,2025-11-07 05:47:59,27089.11,INR,-27089.11,APK Meera,3,EQUAL,MAESTRO-APK-GROUP-TRIP-1754 | Activities | 27089.11,Android,B36,RAMP_1501_2500,CREATED,idem-20260902-apk-1754,android,G01,TRIP,Expense,G01:Expense,ACTIVE,qa.tile.expense,group.expense.amount,group.expense.note,group.expense.submit,group.expense.split.equal,Activities,MAESTRO-APK-GROUP-TRIP-1754 | Activities | 27089.11,JOINED,Ledger Quick_Add is expense category; Split_Method drives group.expense.split.*
1757,MTR-APK-1757,Group,Shared Experience,Trip,Shopping,Expense,2026-08-31,17:07:22,2026-08-31 17:07:22,1195.5,INR,-1195.5,APK Owner,3,PERCENTAGE,MAESTRO-APK-GROUP-TRIP-1757 | Shopping | 1195.50,Android,B36,RAMP_1501_2500,CREATED,idem-20260902-apk-1757,android,G01,TRIP,Expense,G01:Expense,ACTIVE,qa.tile.expense,group.expense.amount,group.expense.note,group.expense.submit,group.expense.split.percentage,Shopping,MAESTRO-APK-GROUP-TRIP-1757 | Shopping | 1195.50,JOINED,Ledger Quick_Add is expense category; Split_Method drives group.expense.split.*
1760,MTR-APK-1760,Group,Shared Experience,Trip,Other,Expense,2026-08-07,02:59:00,2026-08-07 02:59:00,12976.47,INR,-12976.47,APK Aarav,3,EXACT,MAESTRO-APK-GROUP-TRIP-1760 | Other | 12976.47,Android,B36,RAMP_1501_2500,CREATED,idem-20260902-apk-1760,android,G01,TRIP,Expense,G01:Expense,ACTIVE,qa.tile.expense,group.expense.amount,group.expense.note,group.expense.submit,group.expense.split.exact,Other,MAESTRO-APK-GROUP-TRIP-1760 | Other | 12976.47,JOINED,Ledger Quick_Add is expense category; Split_Method drives group.expense.split.*
1763,MTR-APK-1763,Group,Shared Experience,Wedding,Venue,Expense,2026-07-20,13:28:32,2026-07-20 13:28:32,25422.33,INR,-25422.33,APK Meera,3,SHARES,MAESTRO-APK-GROUP-WEDDING-1763 | Venue | 25422.33,Android,B36,RAMP_1501_2500,CREATED,idem-20260902-apk-1763,android,G02,WEDDING,Expense,G02:Expense,ACTIVE,qa.tile.expense,group.expense.amount,group.expense.note,group.expense.submit,group.expense.split.shares,Venue,MAESTRO-APK-GROUP-WEDDING-1763 | Venue | 25422.33,JOINED,Ledger Quick_Add is expense category; Split_Method drives group.expense.split.*
1766,MTR-APK-1766,Group,Shared Experience,Wedding,Catering,Expense,2026-04-20,23:27:19,2026-04-20 23:27:19,9611.77,INR,-9611.77,APK Owner,3,EQUAL,MAESTRO-APK-GROUP-WEDDING-1766 | Catering | 9611.77,Android,B36,RAMP_1501_2500,CREATED,idem-20260902-apk-1766,android,G02,WEDDING,Expense,G02:Expense,ACTIVE,qa.tile.expense,group.expense.amount,group.expense.note,group.expense.submit,group.expense.split.equal,Catering,MAESTRO-APK-GROUP-WEDDING-1766 | Catering | 9611.77,JOINED,Ledger Quick_Add is expense category; Split_Method drives group.expense.split.*
1769,MTR-APK-1769,Group,Shared Experience,Wedding,Decor,Expense,2026-01-26,19:18:56,2026-01-26 19:18:56,22635.91,INR,-22635.91,APK Aarav,3,PERCENTAGE,MAESTRO-APK-GROUP-WEDDING-1769 | Decor | 22635.91,Android,B36,RAMP_1501_2500,CREATED,idem-20260902-apk-1769,android,G02,WEDDING,Expense,G02:Expense,ACTIVE,qa.tile.expense,group.expense.amount,group.expense.note,group.expense.submit,group.expense.split.percentage,Decor,MAESTRO-APK-GROUP-WEDDING-1769 | Decor | 22635.91,JOINED,Ledger Quick_Add is expense category; Split_Method drives group.expense.split.*
1772,MTR-APK-1772,Group,Shared Experience,Wedding,Travel,Expense,2026-06-03,21:00:40,2026-06-03 21:00:40,21640.52,INR,-21640.52,APK Meera,3,EXACT,MAESTRO-APK-GROUP-WEDDING-1772 | Travel | 21640.52,Android,B36,RAMP_1501_2500,CREATED,idem-20260902-apk-1772,android,G02,WEDDING,Expense,G02:Expense,ACTIVE,qa.tile.expense,group.expense.amount,group.expense.note,group.expense.submit,group.expense.split.exact,Travel,MAESTRO-APK-GROUP-WEDDING-1772 | Travel | 21640.52,JOINED,Ledger Quick_Add is expense category; Split_Method drives group.expense.split.*
1775,MTR-APK-1775,Group,Shared Experience,Wedding,Gifts,Expense,2026-01-18,09:06:34,2026-01-18 09:06:34,1846.9,INR,-1846.9,APK Owner,3,SHARES,MAESTRO-APK-GROUP-WEDDING-1775 | Gifts | 1846.90,Android,B36,RAMP_1501_2500,CREATED,idem-20260902-apk-1775,android,G02,WEDDING,Expense,G02:Expense,ACTIVE,qa.tile.expense,group.expense.amount,group.expense.note,group.expense.submit,group.expense.split.shares,Gifts,MAESTRO-APK-GROUP-WEDDING-1775 | Gifts | 1846.90,JOINED,Ledger Quick_Add is expense category; Split_Method drives group.expense.split.*
1778,MTR-APK-1778,Group,Shared Experience,Wedding,Photography,Expense,2026-08-29,03:40:37,2026-08-29 03:40:37,18189.25,INR,-18189.25,APK Aarav,3,EQUAL,MAESTRO-APK-GROUP-WEDDING-1778 | Photography | 18189.25,Android,B36,RAMP_1501_2500,CREATED,idem-20260902-apk-1778,android,G02,WEDDING,Expense,G02:Expense,ACTIVE,qa.tile.expense,group.expense.amount,group.expense.note,group.expense.submit,group.expense.split.equal,Photography,MAESTRO-APK-GROUP-WEDDING-1778 | Photography | 18189.25,JOINED,Ledger Quick_Add is expense category; Split_Method drives group.expense.split.*
1781,MTR-APK-1781,Group,Shared Experience,Wedding,Other,Expense,2026-06-23,11:42:38,2026-06-23 11:42:38,6253.7,INR,-6253.7,APK Meera,3,PERCENTAGE,MAESTRO-APK-GROUP-WEDDING-1781 | Other | 6253.70,Android,B36,RAMP_1501_2500,CREATED,idem-20260902-apk-1781,android,G02,WEDDING,Expense,G02:Expense,ACTIVE,qa.tile.expense,group.expense.amount,group.expense.note,group.expense.submit,group.expense.split.percentage,Other,MAESTRO-APK-GROUP-WEDDING-1781 | Other | 6253.70,JOINED,Ledger Quick_Add is expense category; Split_Method drives group.expense.split.*
1784,MTR-APK-1784,Group,Shared Experience,Office Outing,Food,Expense,2026-01-14,19:07:53,2026-01-14 19:07:53,10109.52,INR,-10109.52,APK Owner,3,EXACT,MAESTRO-APK-GROUP-OFFICE_OUTING-1784 | Food | 10109.52,Android,B36,RAMP_1501_2500,CREATED,idem-20260902-apk-1784,android,G04,OFFICE_OUTING,Expense,G04:Expense,ACTIVE,qa.tile.expense,group.expense.amount,group.expense.note,group.expense.submit,group.expense.split.exact,Food,MAESTRO-APK-GROUP-OFFICE_OUTING-1784 | Food | 10109.52,JOINED,Ledger Quick_Add is expense category; Split_Method drives group.expense.split.*
1787,MTR-APK-1787,Group,Shared Experience,Office Outing,Travel,Expense,2025-10-28,18:50:56,2025-10-28 18:50:56,7986.53,INR,-7986.53,APK Aarav,3,SHARES,MAESTRO-APK-GROUP-OFFICE_OUTING-1787 | Travel | 7986.53,Android,B36,RAMP_1501_2500,CREATED,idem-20260902-apk-1787,android,G04,OFFICE_OUTING,Expense,G04:Expense,ACTIVE,qa.tile.expense,group.expense.amount,group.expense.note,group.expense.submit,group.expense.split.shares,Travel,MAESTRO-APK-GROUP-OFFICE_OUTING-1787 | Travel | 7986.53,JOINED,Ledger Quick_Add is expense category; Split_Method drives group.expense.split.*
1790,MTR-APK-1790,Group,Shared Experience,Office Outing,Activities,Expense,2025-11-25,03:44:01,2025-11-25 03:44:01,9608.8,INR,-9608.8,APK Meera,3,EQUAL,MAESTRO-APK-GROUP-OFFICE_OUTING-1790 | Activities | 9608.80,Android,B36,RAMP_1501_2500,CREATED,idem-20260902-apk-1790,android,G04,OFFICE_OUTING,Expense,G04:Expense,ACTIVE,qa.tile.expense,group.expense.amount,group.expense.note,group.expense.submit,group.expense.split.equal,Activities,MAESTRO-APK-GROUP-OFFICE_OUTING-1790 | Activities | 9608.80,JOINED,Ledger Quick_Add is expense category; Split_Method drives group.expense.split.*
1793,MTR-APK-1793,Group,Shared Experience,Office Outing,Venue,Expense,2026-06-25,01:09:30,2026-06-25 01:09:30,21895.04,INR,-21895.04,APK Owner,3,PERCENTAGE,MAESTRO-APK-GROUP-OFFICE_OUTING-1793 | Venue | 21895.04,Android,B36,RAMP_1501_2500,CREATED,idem-20260902-apk-1793,android,G04,OFFICE_OUTING,Expense,G04:Expense,ACTIVE,qa.tile.expense,group.expense.amount,group.expense.note,group.expense.submit,group.expense.split.percentage,Venue,MAESTRO-APK-GROUP-OFFICE_OUTING-1793 | Venue | 21895.04,JOINED,Ledger Quick_Add is expense category; Split_Method drives group.expense.split.*
1796,MTR-APK-1796,Group,Shared Experience,Office Outing,Other,Expense,2025-11-24,05:10:17,2025-11-24 05:10:17,17857.62,INR,-17857.62,APK Aarav,3,EXACT,MAESTRO-APK-GROUP-OFFICE_OUTING-1796 | Other | 17857.62,Android,B36,RAMP_1501_2500,CREATED,idem-20260902-apk-1796,android,G04,OFFICE_OUTING,Expense,G04:Expense,ACTIVE,qa.tile.expense,group.expense.amount,group.expense.note,group.expense.submit,group.expense.split.exact,Other,MAESTRO-APK-GROUP-OFFICE_OUTING-1796 | Other | 17857.62,JOINED,Ledger Quick_Add is expense category; Split_Method drives group.expense.split.*
1799,MTR-APK-1799,Group,Shared Experience,House Party,Food,Expense,2026-08-16,13:02:28,2026-08-16 13:02:28,646.16,INR,-646.16,APK Meera,3,SHARES,MAESTRO-APK-GROUP-HOUSE_PARTY-1799 | Food | 646.16,Android,B36,RAMP_1501_2500,CREATED,idem-20260902-apk-1799,android,G03,HOUSE_PARTY,Expense,G03:Expense,ACTIVE,qa.tile.expense,group.expense.amount,group.expense.note,group.expense.submit,group.expense.split.shares,Food,MAESTRO-APK-GROUP-HOUSE_PARTY-1799 | Food | 646.16,JOINED,Ledger Quick_Add is expense category; Split_Method drives group.expense.split.*
1802,MTR-APK-1802,Group,Shared Experience,House Party,Drinks,Expense,2026-03-05,05:54:20,2026-03-05 05:54:20,5390.79,INR,-5390.79,APK Owner,3,EQUAL,MAESTRO-APK-GROUP-HOUSE_PARTY-1802 | Drinks | 5390.79,Android,B37,RAMP_1501_2500,CREATED,idem-20260902-apk-1802,android,G03,HOUSE_PARTY,Expense,G03:Expense,ACTIVE,qa.tile.expense,group.expense.amount,group.expense.note,group.expense.submit,group.expense.split.equal,Drinks,MAESTRO-APK-GROUP-HOUSE_PARTY-1802 | Drinks | 5390.79,JOINED,Ledger Quick_Add is expense category; Split_Method drives group.expense.split.*
1805,MTR-APK-1805,Group,Shared Experience,House Party,Decor,Expense,2026-06-11,06:05:26,2026-06-11 06:05:26,22893.57,INR,-22893.57,APK Aarav,3,PERCENTAGE,MAESTRO-APK-GROUP-HOUSE_PARTY-1805 | Decor | 22893.57,Android,B37,RAMP_1501_2500,CREATED,idem-20260902-apk-1805,android,G03,HOUSE_PARTY,Expense,G03:Expense,ACTIVE,qa.tile.expense,group.expense.amount,group.expense.note,group.expense.submit,group.expense.split.percentage,Decor,MAESTRO-APK-GROUP-HOUSE_PARTY-1805 | Decor | 22893.57,JOINED,Ledger Quick_Add is expense category; Split_Method drives group.expense.split.*
1808,MTR-APK-1808,Group,Shared Experience,House Party,Supplies,Expense,2026-03-14,19:26:17,2026-03-14 19:26:17,1800.18,INR,-1800.18,APK Meera,3,EXACT,MAESTRO-APK-GROUP-HOUSE_PARTY-1808 | Supplies | 1800.18,Android,B37,RAMP_1501_2500,CREATED,idem-20260902-apk-1808,android,G03,HOUSE_PARTY,Expense,G03:Expense,ACTIVE,qa.tile.expense,group.expense.amount,group.expense.note,group.expense.submit,group.expense.split.exact,Supplies,MAESTRO-APK-GROUP-HOUSE_PARTY-1808 | Supplies | 1800.18,JOINED,Ledger Quick_Add is expense category; Split_Method drives group.expense.split.*
1811,MTR-APK-1811,Group,Shared Experience,House Party,Other,Expense,2025-11-29,00:36:59,2025-11-29 00:36:59,7905.42,INR,-7905.42,APK Owner,3,SHARES,MAESTRO-APK-GROUP-HOUSE_PARTY-1811 | Other | 7905.42,Android,B37,RAMP_1501_2500,CREATED,idem-20260902-apk-1811,android,G03,HOUSE_PARTY,Expense,G03:Expense,ACTIVE,qa.tile.expense,group.expense.amount,group.expense.note,group.expense.submit,group.expense.split.shares,Other,MAESTRO-APK-GROUP-HOUSE_PARTY-1811 | Other | 7905.42,JOINED,Ledger Quick_Add is expense category; Split_Method drives group.expense.split.*
1814,MTR-APK-1814,Group,Shared Purchase,Gift Pool,Contribution,Contribution,2025-09-25,00:19:05,2025-09-25 00:19:05,17190.97,INR,17190.97,APK Aarav,3,EQUAL,MAESTRO-APK-GROUP-GIFT_POOL-1814 | Contribution | 17190.97,Android,B37,RAMP_1501_2500,CREATED,idem-20260902-apk-1814,android,G05,GIFT_POOL,Contribute,G05:Contribute,ACTIVE,qa.tile.contribute,group.contribute.amount,group.contribute.note,group.contribute.submit,group.expense.split.equal,Contribution,MAESTRO-APK-GROUP-GIFT_POOL-1814 | Contribution | 17190.97,JOINED,
1817,MTR-APK-1817,Group,Shared Purchase,Gift Pool,Gift Purchase,Expense,2025-10-23,01:55:56,2025-10-23 01:55:56,6269.32,INR,-6269.32,APK Meera,3,PERCENTAGE,MAESTRO-APK-GROUP-GIFT_POOL-1817 | Gift Purchase | 6269.32,Android,B37,RAMP_1501_2500,CREATED,idem-20260902-apk-1817,android,G05,GIFT_POOL,Expense,G05:Expense,ACTIVE,qa.tile.expense,group.expense.amount,group.expense.note,group.expense.submit,group.expense.split.percentage,Gift Purchase,MAESTRO-APK-GROUP-GIFT_POOL-1817 | Gift Purchase | 6269.32,JOINED,Ledger Quick_Add is expense category; Split_Method drives group.expense.split.*
1820,MTR-APK-1820,Group,Shared Purchase,Gift Pool,Delivery,Expense,2026-02-03,08:05:19,2026-02-03 08:05:19,20981.09,INR,-20981.09,APK Owner,3,EXACT,MAESTRO-APK-GROUP-GIFT_POOL-1820 | Delivery | 20981.09,Android,B37,RAMP_1501_2500,CREATED,idem-20260902-apk-1820,android,G05,GIFT_POOL,Expense,G05:Expense,ACTIVE,qa.tile.expense,group.expense.amount,group.expense.note,group.expense.submit,group.expense.split.exact,Delivery,MAESTRO-APK-GROUP-GIFT_POOL-1820 | Delivery | 20981.09,JOINED,Ledger Quick_Add is expense category; Split_Method drives group.expense.split.*
1823,MTR-APK-1823,Group,Shared Purchase,Gift Pool,Other,Expense,2026-08-14,22:44:10,2026-08-14 22:44:10,774.14,INR,-774.14,APK Aarav,3,SHARES,MAESTRO-APK-GROUP-GIFT_POOL-1823 | Other | 774.14,Android,B37,RAMP_1501_2500,CREATED,idem-20260902-apk-1823,android,G05,GIFT_POOL,Expense,G05:Expense,ACTIVE,qa.tile.expense,group.expense.amount,group.expense.note,group.expense.submit,group.expense.split.shares,Other,MAESTRO-APK-GROUP-GIFT_POOL-1823 | Other | 774.14,JOINED,Ledger Quick_Add is expense category; Split_Method drives group.expense.split.*
1826,MTR-APK-1826,Group,Shared Purchase,Purchase,Item,Expense,2026-02-03,11:08:42,2026-02-03 11:08:42,14118.52,INR,-14118.52,APK Meera,3,EQUAL,MAESTRO-APK-GROUP-PURCHASE-1826 | Item | 14118.52,Android,B37,RAMP_1501_2500,CREATED,idem-20260902-apk-1826,android,G06,GROUP_PURCHASE,Expense,G06:Expense,ACTIVE,qa.tile.expense,group.expense.amount,group.expense.note,group.expense.submit,group.expense.split.equal,Item,MAESTRO-APK-GROUP-PURCHASE-1826 | Item | 14118.52,JOINED,Ledger Quick_Add is expense category; Split_Method drives group.expense.split.*
1829,MTR-APK-1829,Group,Shared Purchase,Purchase,Shipping,Expense,2025-11-14,03:23:04,2025-11-14 03:23:04,15472.08,INR,-15472.08,APK Owner,3,PERCENTAGE,MAESTRO-APK-GROUP-PURCHASE-1829 | Shipping | 15472.08,Android,B37,RAMP_1501_2500,CREATED,idem-20260902-apk-1829,android,G06,GROUP_PURCHASE,Expense,G06:Expense,ACTIVE,qa.tile.expense,group.expense.amount,group.expense.note,group.expense.submit,group.expense.split.percentage,Shipping,MAESTRO-APK-GROUP-PURCHASE-1829 | Shipping | 15472.08,JOINED,Ledger Quick_Add is expense category; Split_Method drives group.expense.split.*
1832,MTR-APK-1832,Group,Shared Purchase,Purchase,Tax,Expense,2025-09-28,00:02:26,2025-09-28 00:02:26,28649.55,INR,-28649.55,APK Aarav,3,EXACT,MAESTRO-APK-GROUP-PURCHASE-1832 | Tax | 28649.55,Android,B37,RAMP_1501_2500,CREATED,idem-20260902-apk-1832,android,G06,GROUP_PURCHASE,Expense,G06:Expense,ACTIVE,qa.tile.expense,group.expense.amount,group.expense.note,group.expense.submit,group.expense.split.exact,Tax,MAESTRO-APK-GROUP-PURCHASE-1832 | Tax | 28649.55,JOINED,Ledger Quick_Add is expense category; Split_Method drives group.expense.split.*
1835,MTR-APK-1835,Group,Shared Purchase,Purchase,Other,Expense,2026-02-19,07:16:42,2026-02-19 07:16:42,4480.54,INR,-4480.54,APK Meera,3,SHARES,MAESTRO-APK-GROUP-PURCHASE-1835 | Other | 4480.54,Android,B37,RAMP_1501_2500,CREATED,idem-20260902-apk-1835,android,G06,GROUP_PURCHASE,Expense,G06:Expense,ACTIVE,qa.tile.expense,group.expense.amount,group.expense.note,group.expense.submit,group.expense.split.shares,Other,MAESTRO-APK-GROUP-PURCHASE-1835 | Other | 4480.54,JOINED,Ledger Quick_Add is expense category; Split_Method drives group.expense.split.*
1838,MTR-APK-1838,Group,Shared Purchase,Assets,Purchase,Expense,2026-02-03,03:28:43,2026-02-03 03:28:43,22468.75,INR,-22468.75,APK Owner,3,EQUAL,MAESTRO-APK-GROUP-ASSETS-1838 | Purchase | 22468.75,Android,B37,RAMP_1501_2500,CREATED,idem-20260902-apk-1838,android,G07,SHARED_ASSET,Expense,G07:Expense,ACTIVE,qa.tile.expense,group.expense.amount,group.expense.note,group.expense.submit,group.expense.split.equal,Purchase,MAESTRO-APK-GROUP-ASSETS-1838 | Purchase | 22468.75,JOINED,Ledger Quick_Add is expense category; Split_Method drives group.expense.split.*
1841,MTR-APK-1841,Group,Shared Purchase,Assets,Maintenance,Expense,2026-06-18,03:07:08,2026-06-18 03:07:08,11508.73,INR,-11508.73,APK Aarav,3,PERCENTAGE,MAESTRO-APK-GROUP-ASSETS-1841 | Maintenance | 11508.73,Android,B37,RAMP_1501_2500,CREATED,idem-20260902-apk-1841,android,G07,SHARED_ASSET,Expense,G07:Expense,ACTIVE,qa.tile.expense,group.expense.amount,group.expense.note,group.expense.submit,group.expense.split.percentage,Maintenance,MAESTRO-APK-GROUP-ASSETS-1841 | Maintenance | 11508.73,JOINED,Ledger Quick_Add is expense category; Split_Method drives group.expense.split.*
1844,MTR-APK-1844,Group,Shared Purchase,Assets,Repair,Expense,2026-08-28,05:20:32,2026-08-28 05:20:32,24386.36,INR,-24386.36,APK Meera,3,EXACT,MAESTRO-APK-GROUP-ASSETS-1844 | Repair | 24386.36,Android,B37,RAMP_1501_2500,CREATED,idem-20260902-apk-1844,android,G07,SHARED_ASSET,Expense,G07:Expense,ACTIVE,qa.tile.expense,group.expense.amount,group.expense.note,group.expense.submit,group.expense.split.exact,Repair,MAESTRO-APK-GROUP-ASSETS-1844 | Repair | 24386.36,JOINED,Ledger Quick_Add is expense category; Split_Method drives group.expense.split.*
1847,MTR-APK-1847,Group,Shared Purchase,Assets,Insurance,Expense,2025-09-08,18:29:52,2025-09-08 18:29:52,20421.32,INR,-20421.32,APK Owner,3,SHARES,MAESTRO-APK-GROUP-ASSETS-1847 | Insurance | 20421.32,Android,B37,RAMP_1501_2500,CREATED,idem-20260902-apk-1847,android,G07,SHARED_ASSET,Expense,G07:Expense,ACTIVE,qa.tile.expense,group.expense.amount,group.expense.note,group.expense.submit,group.expense.split.shares,Insurance,MAESTRO-APK-GROUP-ASSETS-1847 | Insurance | 20421.32,JOINED,Ledger Quick_Add is expense category; Split_Method drives group.expense.split.*
1850,MTR-APK-1850,Group,Shared Purchase,Assets,Other,Expense,2026-06-24,16:53:14,2026-06-24 16:53:14,99.99,INR,-99.99,APK Aarav,3,EQUAL,MAESTRO-APK-GROUP-ASSETS-1850 | Other | 99.99,Android,B37,RAMP_1501_2500,CREATED,idem-20260902-apk-1850,android,G07,SHARED_ASSET,Expense,G07:Expense,ACTIVE,qa.tile.expense,group.expense.amount,group.expense.note,group.expense.submit,group.expense.split.equal,Other,MAESTRO-APK-GROUP-ASSETS-1850 | Other | 99.99,JOINED,Ledger Quick_Add is expense category; Split_Method drives group.expense.split.*
1853,MTR-APK-1853,Group,Shared Purchase,Custom Purchase,Custom Expense,Expense,2025-09-12,03:19:59,2025-09-12 03:19:59,19031.7,INR,-19031.7,APK Meera,3,PERCENTAGE,MAESTRO-APK-GROUP-CUSTOM_PURCHASE-1853 | Custom Expense | 19031.70,Android,B38,RAMP_1501_2500,CREATED,idem-20260902-apk-1853,android,G08,COMMUNITY_PURCHASE,Expense,G08:Expense,ACTIVE,qa.tile.expense,group.expense.amount,group.expense.note,group.expense.submit,group.expense.split.percentage,Custom Expense,MAESTRO-APK-GROUP-CUSTOM_PURCHASE-1853 | Custom Expense | 19031.70,JOINED,Ledger Quick_Add is expense category; Split_Method drives group.expense.split.*
1856,MTR-APK-1856,Group,Shared Purchase,Custom Purchase,Custom Contribution,Contribution,2025-11-02,13:21:51,2025-11-02 13:21:51,13378.67,INR,13378.67,APK Owner,3,EXACT,MAESTRO-APK-GROUP-CUSTOM_PURCHASE-1856 | Custom Contribution | 13378.67,Android,B38,RAMP_1501_2500,CREATED,idem-20260902-apk-1856,android,G08,COMMUNITY_PURCHASE,Contribute,G08:Contribute,ACTIVE,qa.tile.contribute,group.contribute.amount,group.contribute.note,group.contribute.submit,group.expense.split.exact,Custom Contribution,MAESTRO-APK-GROUP-CUSTOM_PURCHASE-1856 | Custom Contribution | 13378.67,JOINED,
1859,MTR-APK-1859,Group,Shared Living,Flatmates,Rent,Expense,2026-06-28,18:09:10,2026-06-28 18:09:10,24213.14,INR,-24213.14,APK Aarav,3,SHARES,MAESTRO-APK-GROUP-FLATMATES-1859 | Rent | 24213.14,Android,B38,RAMP_1501_2500,CREATED,idem-20260902-apk-1859,android,G09,FLATMATES,Expense,G09:Expense,ACTIVE,qa.tile.expense,group.expense.amount,group.expense.note,group.expense.submit,group.expense.split.shares,Rent,MAESTRO-APK-GROUP-FLATMATES-1859 | Rent | 24213.14,JOINED,Ledger Quick_Add is expense category; Split_Method drives group.expense.split.*
1862,MTR-APK-1862,Group,Shared Living,Flatmates,Utilities,Expense,2026-05-31,09:40:32,2026-05-31 09:40:32,3475.01,INR,-3475.01,APK Meera,3,EQUAL,MAESTRO-APK-GROUP-FLATMATES-1862 | Utilities | 3475.01,Android,B38,RAMP_1501_2500,CREATED,idem-20260902-apk-1862,android,G09,FLATMATES,Expense,G09:Expense,ACTIVE,qa.tile.expense,group.expense.amount,group.expense.note,group.expense.submit,group.expense.split.equal,Utilities,MAESTRO-APK-GROUP-FLATMATES-1862 | Utilities | 3475.01,JOINED,Ledger Quick_Add is expense category; Split_Method drives group.expense.split.*
1865,MTR-APK-1865,Group,Shared Living,Flatmates,Groceries,Expense,2026-04-15,09:16:16,2026-04-15 09:16:16,21428.09,INR,-21428.09,APK Owner,3,PERCENTAGE,MAESTRO-APK-GROUP-FLATMATES-1865 | Groceries | 21428.09,Android,B38,RAMP_1501_2500,CREATED,idem-20260902-apk-1865,android,G09,FLATMATES,Expense,G09:Expense,ACTIVE,qa.tile.expense,group.expense.amount,group.expense.note,group.expense.submit,group.expense.split.percentage,Groceries,MAESTRO-APK-GROUP-FLATMATES-1865 | Groceries | 21428.09,JOINED,Ledger Quick_Add is expense category; Split_Method drives group.expense.split.*
1868,MTR-APK-1868,Group,Shared Living,Flatmates,Internet,Expense,2025-09-10,08:15:19,2025-09-10 08:15:19,5138.03,INR,-5138.03,APK Aarav,3,EXACT,MAESTRO-APK-GROUP-FLATMATES-1868 | Internet | 5138.03,Android,B38,RAMP_1501_2500,CREATED,idem-20260902-apk-1868,android,G09,FLATMATES,Expense,G09:Expense,ACTIVE,qa.tile.expense,group.expense.amount,group.expense.note,group.expense.submit,group.expense.split.exact,Internet,MAESTRO-APK-GROUP-FLATMATES-1868 | Internet | 5138.03,JOINED,Ledger Quick_Add is expense category; Split_Method drives group.expense.split.*
1871,MTR-APK-1871,Group,Shared Living,Flatmates,House Supplies,Expense,2026-05-20,14:11:26,2026-05-20 14:11:26,11959.22,INR,-11959.22,APK Meera,3,SHARES,MAESTRO-APK-GROUP-FLATMATES-1871 | House Supplies | 11959.22,Android,B38,RAMP_1501_2500,CREATED,idem-20260902-apk-1871,android,G09,FLATMATES,Expense,G09:Expense,ACTIVE,qa.tile.expense,group.expense.amount,group.expense.note,group.expense.submit,group.expense.split.shares,House Supplies,MAESTRO-APK-GROUP-FLATMATES-1871 | House Supplies | 11959.22,JOINED,Ledger Quick_Add is expense category; Split_Method drives group.expense.split.*
1874,MTR-APK-1874,Group,Shared Living,Flatmates,Repairs,Expense,2026-05-30,10:27:50,2026-05-30 10:27:50,7031.25,INR,-7031.25,APK Owner,3,EQUAL,MAESTRO-APK-GROUP-FLATMATES-1874 | Repairs | 7031.25,Android,B38,RAMP_1501_2500,CREATED,idem-20260902-apk-1874,android,G09,FLATMATES,Expense,G09:Expense,ACTIVE,qa.tile.expense,group.expense.amount,group.expense.note,group.expense.submit,group.expense.split.equal,Repairs,MAESTRO-APK-GROUP-FLATMATES-1874 | Repairs | 7031.25,JOINED,Ledger Quick_Add is expense category; Split_Method drives group.expense.split.*
1877,MTR-APK-1877,Group,Shared Living,Shared Living,Rent,Expense,2026-06-01,23:52:46,2026-06-01 23:52:46,19179.81,INR,-19179.81,APK Aarav,3,PERCENTAGE,MAESTRO-APK-GROUP-SHARED_LIVING-1877 | Rent | 19179.81,Android,B38,RAMP_1501_2500,CREATED,idem-20260902-apk-1877,android,G11,CO_LIVING,Expense,G11:Expense,ACTIVE,qa.tile.expense,group.expense.amount,group.expense.note,group.expense.submit,group.expense.split.percentage,Rent,MAESTRO-APK-GROUP-SHARED_LIVING-1877 | Rent | 19179.81,JOINED,Ledger Quick_Add is expense category; Split_Method drives group.expense.split.*
1880,MTR-APK-1880,Group,Shared Living,Shared Living,Utilities,Expense,2026-06-27,14:40:02,2026-06-27 14:40:02,16642.13,INR,-16642.13,APK Meera,3,EXACT,MAESTRO-APK-GROUP-SHARED_LIVING-1880 | Utilities | 16642.13,Android,B38,RAMP_1501_2500,CREATED,idem-20260902-apk-1880,android,G11,CO_LIVING,Expense,G11:Expense,ACTIVE,qa.tile.expense,group.expense.amount,group.expense.note,group.expense.submit,group.expense.split.exact,Utilities,MAESTRO-APK-GROUP-SHARED_LIVING-1880 | Utilities | 16642.13,JOINED,Ledger Quick_Add is expense category; Split_Method drives group.expense.split.*
1883,MTR-APK-1883,Group,Shared Living,Shared Living,Groceries,Expense,2025-09-08,03:16:37,2025-09-08 03:16:37,14802.33,INR,-14802.33,APK Owner,3,SHARES,MAESTRO-APK-GROUP-SHARED_LIVING-1883 | Groceries | 14802.33,Android,B38,RAMP_1501_2500,CREATED,idem-20260902-apk-1883,android,G11,CO_LIVING,Expense,G11:Expense,ACTIVE,qa.tile.expense,group.expense.amount,group.expense.note,group.expense.submit,group.expense.split.shares,Groceries,MAESTRO-APK-GROUP-SHARED_LIVING-1883 | Groceries | 14802.33,JOINED,Ledger Quick_Add is expense category; Split_Method drives group.expense.split.*
1886,MTR-APK-1886,Group,Shared Living,Shared Living,Maintenance,Expense,2026-08-23,00:20:14,2026-08-23 00:20:14,2456.34,INR,-2456.34,APK Aarav,3,EQUAL,MAESTRO-APK-GROUP-SHARED_LIVING-1886 | Maintenance | 2456.34,Android,B38,RAMP_1501_2500,CREATED,idem-20260902-apk-1886,android,G11,CO_LIVING,Expense,G11:Expense,ACTIVE,qa.tile.expense,group.expense.amount,group.expense.note,group.expense.submit,group.expense.split.equal,Maintenance,MAESTRO-APK-GROUP-SHARED_LIVING-1886 | Maintenance | 2456.34,JOINED,Ledger Quick_Add is expense category; Split_Method drives group.expense.split.*
1889,MTR-APK-1889,Group,Shared Living,Shared Living,Other,Expense,2026-07-31,23:40:08,2026-07-31 23:40:08,416.17,INR,-416.17,APK Meera,3,PERCENTAGE,MAESTRO-APK-GROUP-SHARED_LIVING-1889 | Other | 416.17,Android,B38,RAMP_1501_2500,CREATED,idem-20260902-apk-1889,android,G11,CO_LIVING,Expense,G11:Expense,ACTIVE,qa.tile.expense,group.expense.amount,group.expense.note,group.expense.submit,group.expense.split.percentage,Other,MAESTRO-APK-GROUP-SHARED_LIVING-1889 | Other | 416.17,JOINED,Ledger Quick_Add is expense category; Split_Method drives group.expense.split.*
1892,MTR-APK-1892,Group,Shared Living,Family Household,Utilities,Expense,2026-01-06,09:03:13,2026-01-06 09:03:13,27445.08,INR,-27445.08,APK Owner,3,EXACT,MAESTRO-APK-GROUP-FAMILY_HOUSEHOLD-1892 | Utilities | 27445.08,Android,B38,RAMP_1501_2500,CREATED,idem-20260902-apk-1892,android,G10,FAMILY_HOUSEHOLD,Expense,G10:Expense,ACTIVE,qa.tile.expense,group.expense.amount,group.expense.note,group.expense.submit,group.expense.split.exact,Utilities,MAESTRO-APK-GROUP-FAMILY_HOUSEHOLD-1892 | Utilities | 27445.08,JOINED,Ledger Quick_Add is expense category; Split_Method drives group.expense.split.*
1895,MTR-APK-1895,Group,Shared Living,Family Household,Healthcare,Expense,2025-12-16,04:34:45,2025-12-16 04:34:45,25264.23,INR,-25264.23,APK Aarav,3,SHARES,MAESTRO-APK-GROUP-FAMILY_HOUSEHOLD-1895 | Healthcare | 25264.23,Android,B38,RAMP_1501_2500,CREATED,idem-20260902-apk-1895,android,G10,FAMILY_HOUSEHOLD,Expense,G10:Expense,ACTIVE,qa.tile.expense,group.expense.amount,group.expense.note,group.expense.submit,group.expense.split.shares,Healthcare,MAESTRO-APK-GROUP-FAMILY_HOUSEHOLD-1895 | Healthcare | 25264.23,JOINED,Ledger Quick_Add is expense category; Split_Method drives group.expense.split.*
1898,MTR-APK-1898,Group,Shared Living,Family Household,School,Expense,2025-12-28,07:07:22,2025-12-28 07:07:22,21377.48,INR,-21377.48,APK Meera,3,EQUAL,MAESTRO-APK-GROUP-FAMILY_HOUSEHOLD-1898 | School | 21377.48,Android,B38,RAMP_1501_2500,CREATED,idem-20260902-apk-1898,android,G10,FAMILY_HOUSEHOLD,Expense,G10:Expense,ACTIVE,qa.tile.expense,group.expense.amount,group.expense.note,group.expense.submit,group.expense.split.equal,School,MAESTRO-APK-GROUP-FAMILY_HOUSEHOLD-1898 | School | 21377.48,JOINED,Ledger Quick_Add is expense category; Split_Method drives group.expense.split.*
1901,MTR-APK-1901,Group,Shared Living,Family Household,Other,Expense,2026-02-01,16:19:00,2026-02-01 16:19:00,1152.41,INR,-1152.41,APK Owner,3,PERCENTAGE,MAESTRO-APK-GROUP-FAMILY_HOUSEHOLD-1901 | Other | 1152.41,Android,B39,RAMP_1501_2500,CREATED,idem-20260902-apk-1901,android,G10,FAMILY_HOUSEHOLD,Expense,G10:Expense,ACTIVE,qa.tile.expense,group.expense.amount,group.expense.note,group.expense.submit,group.expense.split.percentage,Other,MAESTRO-APK-GROUP-FAMILY_HOUSEHOLD-1901 | Other | 1152.41,JOINED,Ledger Quick_Add is expense category; Split_Method drives group.expense.split.*
1904,MTR-APK-1904,Group,Shared Living,Family Household,Rent,Expense,2025-12-26,22:31:49,2025-12-26 22:31:49,3403.11,INR,-3403.11,APK Aarav,3,EXACT,MAESTRO-APK-GROUP-FAMILY_HOUSEHOLD-1904 | Rent | 3403.11,Android,B39,RAMP_1501_2500,CREATED,idem-20260902-apk-1904,android,G10,FAMILY_HOUSEHOLD,Expense,G10:Expense,ACTIVE,qa.tile.expense,group.expense.amount,group.expense.note,group.expense.submit,group.expense.split.exact,Rent,MAESTRO-APK-GROUP-FAMILY_HOUSEHOLD-1904 | Rent | 3403.11,JOINED,Ledger Quick_Add is expense category; Split_Method drives group.expense.split.*
1907,MTR-APK-1907,Group,Shared Living,Family Household,Groceries,Expense,2026-04-13,20:29:33,2026-04-13 20:29:33,8863.03,INR,-8863.03,APK Meera,3,SHARES,MAESTRO-APK-GROUP-FAMILY_HOUSEHOLD-1907 | Groceries | 8863.03,Android,B39,RAMP_1501_2500,CREATED,idem-20260902-apk-1907,android,G10,FAMILY_HOUSEHOLD,Expense,G10:Expense,ACTIVE,qa.tile.expense,group.expense.amount,group.expense.note,group.expense.submit,group.expense.split.shares,Groceries,MAESTRO-APK-GROUP-FAMILY_HOUSEHOLD-1907 | Groceries | 8863.03,JOINED,Ledger Quick_Add is expense category; Split_Method drives group.expense.split.*
1910,MTR-APK-1910,Group,Shared Living,Custom Living,Custom Expense,Expense,2026-01-30,00:42:52,2026-01-30 00:42:52,24098.27,INR,-24098.27,APK Owner,3,EQUAL,MAESTRO-APK-GROUP-CUSTOM_LIVING-1910 | Custom Expense | 24098.27,Android,B39,RAMP_1501_2500,CREATED,idem-20260902-apk-1910,android,G12,COMMUNITY_LIVING,Expense,G12:Expense,ACTIVE,qa.tile.expense,group.expense.amount,group.expense.note,group.expense.submit,group.expense.split.equal,Custom Expense,MAESTRO-APK-GROUP-CUSTOM_LIVING-1910 | Custom Expense | 24098.27,JOINED,Ledger Quick_Add is expense category; Split_Method drives group.expense.split.*
1913,MTR-APK-1913,Group,Shared Living,Custom Living,Custom Contribution,Contribution,2026-04-28,20:21:01,2026-04-28 20:21:01,27750.72,INR,27750.72,APK Aarav,3,PERCENTAGE,MAESTRO-APK-GROUP-CUSTOM_LIVING-1913 | Custom Contribution | 27750.72,Android,B39,RAMP_1501_2500,CREATED,idem-20260902-apk-1913,android,G12,COMMUNITY_LIVING,Contribute,G12:Contribute,,qa.tile.contribute,group.contribute.amount,group.contribute.note,group.contribute.submit,group.expense.split.percentage,Custom Contribution,MAESTRO-APK-GROUP-CUSTOM_LIVING-1913 | Custom Contribution | 27750.72,SKIP_CAPABILITY_GAP,Custom Living hub has no Contribution tile (same as Family Household)
1916,MTR-APK-1916,Group,Shared Experience,Trip,Travel,Expense,2026-05-20,08:20:21,2026-05-20 08:20:21,23764.68,INR,-23764.68,APK Meera,3,EXACT,MAESTRO-APK-GROUP-TRIP-1916 | Travel | 23764.68,Android,B39,RAMP_1501_2500,CREATED,idem-20260902-apk-1916,android,G01,TRIP,Expense,G01:Expense,ACTIVE,qa.tile.expense,group.expense.amount,group.expense.note,group.expense.submit,group.expense.split.exact,Travel,MAESTRO-APK-GROUP-TRIP-1916 | Travel | 23764.68,JOINED,Ledger Quick_Add is expense category; Split_Method drives group.expense.split.*
1919,MTR-APK-1919,Group,Shared Experience,Trip,Stay,Expense,2025-09-23,20:26:10,2025-09-23 20:26:10,24974.73,INR,-24974.73,APK Owner,3,SHARES,MAESTRO-APK-GROUP-TRIP-1919 | Stay | 24974.73,Android,B39,RAMP_1501_2500,CREATED,idem-20260902-apk-1919,android,G01,TRIP,Expense,G01:Expense,ACTIVE,qa.tile.expense,group.expense.amount,group.expense.note,group.expense.submit,group.expense.split.shares,Stay,MAESTRO-APK-GROUP-TRIP-1919 | Stay | 24974.73,JOINED,Ledger Quick_Add is expense category; Split_Method drives group.expense.split.*
1922,MTR-APK-1922,Group,Shared Experience,Trip,Food,Expense,2025-12-15,09:38:46,2025-12-15 09:38:46,4982.13,INR,-4982.13,APK Aarav,3,EQUAL,MAESTRO-APK-GROUP-TRIP-1922 | Food | 4982.13,Android,B39,RAMP_1501_2500,CREATED,idem-20260902-apk-1922,android,G01,TRIP,Expense,G01:Expense,ACTIVE,qa.tile.expense,group.expense.amount,group.expense.note,group.expense.submit,group.expense.split.equal,Food,MAESTRO-APK-GROUP-TRIP-1922 | Food | 4982.13,JOINED,Ledger Quick_Add is expense category; Split_Method drives group.expense.split.*
1925,MTR-APK-1925,Group,Shared Experience,Trip,Local Transport,Expense,2025-12-06,04:42:25,2025-12-06 04:42:25,27258.87,INR,-27258.87,APK Meera,3,PERCENTAGE,MAESTRO-APK-GROUP-TRIP-1925 | Local Transport | 27258.87,Android,B39,RAMP_1501_2500,CREATED,idem-20260902-apk-1925,android,G01,TRIP,Expense,G01:Expense,ACTIVE,qa.tile.expense,group.expense.amount,group.expense.note,group.expense.submit,group.expense.split.percentage,Local Transport,MAESTRO-APK-GROUP-TRIP-1925 | Local Transport | 27258.87,JOINED,Ledger Quick_Add is expense category; Split_Method drives group.expense.split.*
1928,MTR-APK-1928,Group,Shared Experience,Trip,Activities,Expense,2026-03-10,10:44:55,2026-03-10 10:44:55,6286.35,INR,-6286.35,APK Owner,3,EXACT,MAESTRO-APK-GROUP-TRIP-1928 | Activities | 6286.35,Android,B39,RAMP_1501_2500,CREATED,idem-20260902-apk-1928,android,G01,TRIP,Expense,G01:Expense,ACTIVE,qa.tile.expense,group.expense.amount,group.expense.note,group.expense.submit,group.expense.split.exact,Activities,MAESTRO-APK-GROUP-TRIP-1928 | Activities | 6286.35,JOINED,Ledger Quick_Add is expense category; Split_Method drives group.expense.split.*
1931,MTR-APK-1931,Group,Shared Experience,Trip,Shopping,Expense,2026-02-14,20:38:52,2026-02-14 20:38:52,27115.12,INR,-27115.12,APK Aarav,3,SHARES,MAESTRO-APK-GROUP-TRIP-1931 | Shopping | 27115.12,Android,B39,RAMP_1501_2500,CREATED,idem-20260902-apk-1931,android,G01,TRIP,Expense,G01:Expense,ACTIVE,qa.tile.expense,group.expense.amount,group.expense.note,group.expense.submit,group.expense.split.shares,Shopping,MAESTRO-APK-GROUP-TRIP-1931 | Shopping | 27115.12,JOINED,Ledger Quick_Add is expense category; Split_Method drives group.expense.split.*
1934,MTR-APK-1934,Group,Shared Experience,Trip,Other,Expense,2026-02-27,22:42:56,2026-02-27 22:42:56,29647.44,INR,-29647.44,APK Meera,3,EQUAL,MAESTRO-APK-GROUP-TRIP-1934 | Other | 29647.44,Android,B39,RAMP_1501_2500,CREATED,idem-20260902-apk-1934,android,G01,TRIP,Expense,G01:Expense,ACTIVE,qa.tile.expense,group.expense.amount,group.expense.note,group.expense.submit,group.expense.split.equal,Other,MAESTRO-APK-GROUP-TRIP-1934 | Other | 29647.44,JOINED,Ledger Quick_Add is expense category; Split_Method drives group.expense.split.*
1937,MTR-APK-1937,Group,Shared Experience,Wedding,Venue,Expense,2026-08-28,10:30:12,2026-08-28 10:30:12,2350.26,INR,-2350.26,APK Owner,3,PERCENTAGE,MAESTRO-APK-GROUP-WEDDING-1937 | Venue | 2350.26,Android,B39,RAMP_1501_2500,CREATED,idem-20260902-apk-1937,android,G02,WEDDING,Expense,G02:Expense,ACTIVE,qa.tile.expense,group.expense.amount,group.expense.note,group.expense.submit,group.expense.split.percentage,Venue,MAESTRO-APK-GROUP-WEDDING-1937 | Venue | 2350.26,JOINED,Ledger Quick_Add is expense category; Split_Method drives group.expense.split.*
1940,MTR-APK-1940,Group,Shared Experience,Wedding,Catering,Expense,2025-10-12,23:17:33,2025-10-12 23:17:33,2158.08,INR,-2158.08,APK Aarav,3,EXACT,MAESTRO-APK-GROUP-WEDDING-1940 | Catering | 2158.08,Android,B39,RAMP_1501_2500,CREATED,idem-20260902-apk-1940,android,G02,WEDDING,Expense,G02:Expense,ACTIVE,qa.tile.expense,group.expense.amount,group.expense.note,group.expense.submit,group.expense.split.exact,Catering,MAESTRO-APK-GROUP-WEDDING-1940 | Catering | 2158.08,JOINED,Ledger Quick_Add is expense category; Split_Method drives group.expense.split.*
1943,MTR-APK-1943,Group,Shared Experience,Wedding,Decor,Expense,2026-07-09,17:28:41,2026-07-09 17:28:41,5848.6,INR,-5848.6,APK Meera,3,SHARES,MAESTRO-APK-GROUP-WEDDING-1943 | Decor | 5848.60,Android,B39,RAMP_1501_2500,CREATED,idem-20260902-apk-1943,android,G02,WEDDING,Expense,G02:Expense,ACTIVE,qa.tile.expense,group.expense.amount,group.expense.note,group.expense.submit,group.expense.split.shares,Decor,MAESTRO-APK-GROUP-WEDDING-1943 | Decor | 5848.60,JOINED,Ledger Quick_Add is expense category; Split_Method drives group.expense.split.*
1946,MTR-APK-1946,Group,Shared Experience,Wedding,Travel,Expense,2026-08-19,07:33:44,2026-08-19 07:33:44,28812.89,INR,-28812.89,APK Owner,3,EQUAL,MAESTRO-APK-GROUP-WEDDING-1946 | Travel | 28812.89,Android,B39,RAMP_1501_2500,CREATED,idem-20260902-apk-1946,android,G02,WEDDING,Expense,G02:Expense,ACTIVE,qa.tile.expense,group.expense.amount,group.expense.note,group.expense.submit,group.expense.split.equal,Travel,MAESTRO-APK-GROUP-WEDDING-1946 | Travel | 28812.89,JOINED,Ledger Quick_Add is expense category; Split_Method drives group.expense.split.*
1949,MTR-APK-1949,Group,Shared Experience,Wedding,Gifts,Expense,2026-02-06,01:40:24,2026-02-06 01:40:24,9844.41,INR,-9844.41,APK Aarav,3,PERCENTAGE,MAESTRO-APK-GROUP-WEDDING-1949 | Gifts | 9844.41,Android,B39,RAMP_1501_2500,CREATED,idem-20260902-apk-1949,android,G02,WEDDING,Expense,G02:Expense,ACTIVE,qa.tile.expense,group.expense.amount,group.expense.note,group.expense.submit,group.expense.split.percentage,Gifts,MAESTRO-APK-GROUP-WEDDING-1949 | Gifts | 9844.41,JOINED,Ledger Quick_Add is expense category; Split_Method drives group.expense.split.*
1952,MTR-APK-1952,Group,Shared Experience,Wedding,Photography,Expense,2025-12-25,06:35:05,2025-12-25 06:35:05,3139.53,INR,-3139.53,APK Meera,3,EXACT,MAESTRO-APK-GROUP-WEDDING-1952 | Photography | 3139.53,Android,B40,RAMP_1501_2500,CREATED,idem-20260902-apk-1952,android,G02,WEDDING,Expense,G02:Expense,ACTIVE,qa.tile.expense,group.expense.amount,group.expense.note,group.expense.submit,group.expense.split.exact,Photography,MAESTRO-APK-GROUP-WEDDING-1952 | Photography | 3139.53,JOINED,Ledger Quick_Add is expense category; Split_Method drives group.expense.split.*
1955,MTR-APK-1955,Group,Shared Experience,Wedding,Other,Expense,2026-01-30,19:37:45,2026-01-30 19:37:45,19845.41,INR,-19845.41,APK Owner,3,SHARES,MAESTRO-APK-GROUP-WEDDING-1955 | Other | 19845.41,Android,B40,RAMP_1501_2500,CREATED,idem-20260902-apk-1955,android,G02,WEDDING,Expense,G02:Expense,ACTIVE,qa.tile.expense,group.expense.amount,group.expense.note,group.expense.submit,group.expense.split.shares,Other,MAESTRO-APK-GROUP-WEDDING-1955 | Other | 19845.41,JOINED,Ledger Quick_Add is expense category; Split_Method drives group.expense.split.*
1958,MTR-APK-1958,Group,Shared Experience,Office Outing,Food,Expense,2026-01-23,18:16:01,2026-01-23 18:16:01,11924.0,INR,-11924.0,APK Aarav,3,EQUAL,MAESTRO-APK-GROUP-OFFICE_OUTING-1958 | Food | 11924.00,Android,B40,RAMP_1501_2500,CREATED,idem-20260902-apk-1958,android,G04,OFFICE_OUTING,Expense,G04:Expense,ACTIVE,qa.tile.expense,group.expense.amount,group.expense.note,group.expense.submit,group.expense.split.equal,Food,MAESTRO-APK-GROUP-OFFICE_OUTING-1958 | Food | 11924.00,JOINED,Ledger Quick_Add is expense category; Split_Method drives group.expense.split.*
1961,MTR-APK-1961,Group,Shared Experience,Office Outing,Travel,Expense,2026-02-16,06:51:52,2026-02-16 06:51:52,10000.0,INR,-10000.0,APK Meera,3,PERCENTAGE,MAESTRO-APK-GROUP-OFFICE_OUTING-1961 | Travel | 10000.00,Android,B40,RAMP_1501_2500,CREATED,idem-20260902-apk-1961,android,G04,OFFICE_OUTING,Expense,G04:Expense,ACTIVE,qa.tile.expense,group.expense.amount,group.expense.note,group.expense.submit,group.expense.split.percentage,Travel,MAESTRO-APK-GROUP-OFFICE_OUTING-1961 | Travel | 10000.00,JOINED,Ledger Quick_Add is expense category; Split_Method drives group.expense.split.*
1964,MTR-APK-1964,Group,Shared Experience,Office Outing,Activities,Expense,2026-05-23,21:56:12,2026-05-23 21:56:12,28814.32,INR,-28814.32,APK Owner,3,EXACT,MAESTRO-APK-GROUP-OFFICE_OUTING-1964 | Activities | 28814.32,Android,B40,RAMP_1501_2500,CREATED,idem-20260902-apk-1964,android,G04,OFFICE_OUTING,Expense,G04:Expense,ACTIVE,qa.tile.expense,group.expense.amount,group.expense.note,group.expense.submit,group.expense.split.exact,Activities,MAESTRO-APK-GROUP-OFFICE_OUTING-1964 | Activities | 28814.32,JOINED,Ledger Quick_Add is expense category; Split_Method drives group.expense.split.*
1967,MTR-APK-1967,Group,Shared Experience,Office Outing,Venue,Expense,2026-05-09,14:38:33,2026-05-09 14:38:33,15220.49,INR,-15220.49,APK Aarav,3,SHARES,MAESTRO-APK-GROUP-OFFICE_OUTING-1967 | Venue | 15220.49,Android,B40,RAMP_1501_2500,CREATED,idem-20260902-apk-1967,android,G04,OFFICE_OUTING,Expense,G04:Expense,ACTIVE,qa.tile.expense,group.expense.amount,group.expense.note,group.expense.submit,group.expense.split.shares,Venue,MAESTRO-APK-GROUP-OFFICE_OUTING-1967 | Venue | 15220.49,JOINED,Ledger Quick_Add is expense category; Split_Method drives group.expense.split.*
1970,MTR-APK-1970,Group,Shared Experience,Office Outing,Other,Expense,2026-03-16,14:53:24,2026-03-16 14:53:24,16957.51,INR,-16957.51,APK Meera,3,EQUAL,MAESTRO-APK-GROUP-OFFICE_OUTING-1970 | Other | 16957.51,Android,B40,RAMP_1501_2500,CREATED,idem-20260902-apk-1970,android,G04,OFFICE_OUTING,Expense,G04:Expense,ACTIVE,qa.tile.expense,group.expense.amount,group.expense.note,group.expense.submit,group.expense.split.equal,Other,MAESTRO-APK-GROUP-OFFICE_OUTING-1970 | Other | 16957.51,JOINED,Ledger Quick_Add is expense category; Split_Method drives group.expense.split.*
1973,MTR-APK-1973,Group,Shared Experience,House Party,Food,Expense,2026-06-02,14:59:37,2026-06-02 14:59:37,19974.16,INR,-19974.16,APK Owner,3,PERCENTAGE,MAESTRO-APK-GROUP-HOUSE_PARTY-1973 | Food | 19974.16,Android,B40,RAMP_1501_2500,CREATED,idem-20260902-apk-1973,android,G03,HOUSE_PARTY,Expense,G03:Expense,ACTIVE,qa.tile.expense,group.expense.amount,group.expense.note,group.expense.submit,group.expense.split.percentage,Food,MAESTRO-APK-GROUP-HOUSE_PARTY-1973 | Food | 19974.16,JOINED,Ledger Quick_Add is expense category; Split_Method drives group.expense.split.*
1976,MTR-APK-1976,Group,Shared Experience,House Party,Drinks,Expense,2026-03-03,02:31:17,2026-03-03 02:31:17,27386.76,INR,-27386.76,APK Aarav,3,EXACT,MAESTRO-APK-GROUP-HOUSE_PARTY-1976 | Drinks | 27386.76,Android,B40,RAMP_1501_2500,CREATED,idem-20260902-apk-1976,android,G03,HOUSE_PARTY,Expense,G03:Expense,ACTIVE,qa.tile.expense,group.expense.amount,group.expense.note,group.expense.submit,group.expense.split.exact,Drinks,MAESTRO-APK-GROUP-HOUSE_PARTY-1976 | Drinks | 27386.76,JOINED,Ledger Quick_Add is expense category; Split_Method drives group.expense.split.*
1979,MTR-APK-1979,Group,Shared Experience,House Party,Decor,Expense,2026-06-05,18:46:29,2026-06-05 18:46:29,5873.19,INR,-5873.19,APK Meera,3,SHARES,MAESTRO-APK-GROUP-HOUSE_PARTY-1979 | Decor | 5873.19,Android,B40,RAMP_1501_2500,CREATED,idem-20260902-apk-1979,android,G03,HOUSE_PARTY,Expense,G03:Expense,ACTIVE,qa.tile.expense,group.expense.amount,group.expense.note,group.expense.submit,group.expense.split.shares,Decor,MAESTRO-APK-GROUP-HOUSE_PARTY-1979 | Decor | 5873.19,JOINED,Ledger Quick_Add is expense category; Split_Method drives group.expense.split.*
1982,MTR-APK-1982,Group,Shared Experience,House Party,Supplies,Expense,2026-06-28,08:21:31,2026-06-28 08:21:31,21982.94,INR,-21982.94,APK Owner,3,EQUAL,MAESTRO-APK-GROUP-HOUSE_PARTY-1982 | Supplies | 21982.94,Android,B40,RAMP_1501_2500,CREATED,idem-20260902-apk-1982,android,G03,HOUSE_PARTY,Expense,G03:Expense,ACTIVE,qa.tile.expense,group.expense.amount,group.expense.note,group.expense.submit,group.expense.split.equal,Supplies,MAESTRO-APK-GROUP-HOUSE_PARTY-1982 | Supplies | 21982.94,JOINED,Ledger Quick_Add is expense category; Split_Method drives group.expense.split.*
1985,MTR-APK-1985,Group,Shared Experience,House Party,Other,Expense,2025-09-18,13:49:27,2025-09-18 13:49:27,1785.97,INR,-1785.97,APK Aarav,3,PERCENTAGE,MAESTRO-APK-GROUP-HOUSE_PARTY-1985 | Other | 1785.97,Android,B40,RAMP_1501_2500,CREATED,idem-20260902-apk-1985,android,G03,HOUSE_PARTY,Expense,G03:Expense,ACTIVE,qa.tile.expense,group.expense.amount,group.expense.note,group.expense.submit,group.expense.split.percentage,Other,MAESTRO-APK-GROUP-HOUSE_PARTY-1985 | Other | 1785.97,JOINED,Ledger Quick_Add is expense category; Split_Method drives group.expense.split.*
1988,MTR-APK-1988,Group,Shared Purchase,Gift Pool,Contribution,Contribution,2025-09-29,17:30:01,2025-09-29 17:30:01,18781.84,INR,18781.84,APK Meera,3,EXACT,MAESTRO-APK-GROUP-GIFT_POOL-1988 | Contribution | 18781.84,Android,B40,RAMP_1501_2500,CREATED,idem-20260902-apk-1988,android,G05,GIFT_POOL,Contribute,G05:Contribute,ACTIVE,qa.tile.contribute,group.contribute.amount,group.contribute.note,group.contribute.submit,group.expense.split.exact,Contribution,MAESTRO-APK-GROUP-GIFT_POOL-1988 | Contribution | 18781.84,JOINED,
1991,MTR-APK-1991,Group,Shared Purchase,Gift Pool,Gift Purchase,Expense,2026-06-19,12:26:30,2026-06-19 12:26:30,23918.58,INR,-23918.58,APK Owner,3,SHARES,MAESTRO-APK-GROUP-GIFT_POOL-1991 | Gift Purchase | 23918.58,Android,B40,RAMP_1501_2500,CREATED,idem-20260902-apk-1991,android,G05,GIFT_POOL,Expense,G05:Expense,ACTIVE,qa.tile.expense,group.expense.amount,group.expense.note,group.expense.submit,group.expense.split.shares,Gift Purchase,MAESTRO-APK-GROUP-GIFT_POOL-1991 | Gift Purchase | 23918.58,JOINED,Ledger Quick_Add is expense category; Split_Method drives group.expense.split.*
1994,MTR-APK-1994,Group,Shared Purchase,Gift Pool,Delivery,Expense,2026-07-19,19:10:44,2026-07-19 19:10:44,14242.23,INR,-14242.23,APK Aarav,3,EQUAL,MAESTRO-APK-GROUP-GIFT_POOL-1994 | Delivery | 14242.23,Android,B40,RAMP_1501_2500,CREATED,idem-20260902-apk-1994,android,G05,GIFT_POOL,Expense,G05:Expense,ACTIVE,qa.tile.expense,group.expense.amount,group.expense.note,group.expense.submit,group.expense.split.equal,Delivery,MAESTRO-APK-GROUP-GIFT_POOL-1994 | Delivery | 14242.23,JOINED,Ledger Quick_Add is expense category; Split_Method drives group.expense.split.*
1997,MTR-APK-1997,Group,Shared Purchase,Gift Pool,Other,Expense,2026-02-14,08:39:45,2026-02-14 08:39:45,17055.45,INR,-17055.45,APK Meera,3,PERCENTAGE,MAESTRO-APK-GROUP-GIFT_POOL-1997 | Other | 17055.45,Android,B40,RAMP_1501_2500,CREATED,idem-20260902-apk-1997,android,G05,GIFT_POOL,Expense,G05:Expense,ACTIVE,qa.tile.expense,group.expense.amount,group.expense.note,group.expense.submit,group.expense.split.percentage,Other,MAESTRO-APK-GROUP-GIFT_POOL-1997 | Other | 17055.45,JOINED,Ledger Quick_Add is expense category; Split_Method drives group.expense.split.*
2000,MTR-APK-2000,Group,Shared Purchase,Purchase,Item,Expense,2026-04-19,01:27:01,2026-04-19 01:27:01,14693.4,INR,-14693.4,APK Owner,3,EXACT,MAESTRO-APK-GROUP-PURCHASE-2000 | Item | 14693.40,Android,B40,RAMP_1501_2500,CREATED,idem-20260902-apk-2000,android,G06,GROUP_PURCHASE,Expense,G06:Expense,ACTIVE,qa.tile.expense,group.expense.amount,group.expense.note,group.expense.submit,group.expense.split.exact,Item,MAESTRO-APK-GROUP-PURCHASE-2000 | Item | 14693.40,JOINED,Ledger Quick_Add is expense category; Split_Method drives group.expense.split.*
2003,MTR-APK-2003,Group,Shared Purchase,Purchase,Shipping,Expense,2025-12-05,04:18:13,2025-12-05 04:18:13,6932.26,INR,-6932.26,APK Aarav,3,SHARES,MAESTRO-APK-GROUP-PURCHASE-2003 | Shipping | 6932.26,Android,B41,RAMP_1501_2500,CREATED,idem-20260902-apk-2003,android,G06,GROUP_PURCHASE,Expense,G06:Expense,ACTIVE,qa.tile.expense,group.expense.amount,group.expense.note,group.expense.submit,group.expense.split.shares,Shipping,MAESTRO-APK-GROUP-PURCHASE-2003 | Shipping | 6932.26,JOINED,Ledger Quick_Add is expense category; Split_Method drives group.expense.split.*
2006,MTR-APK-2006,Group,Shared Purchase,Purchase,Tax,Expense,2026-03-03,09:39:11,2026-03-03 09:39:11,10766.07,INR,-10766.07,APK Meera,3,EQUAL,MAESTRO-APK-GROUP-PURCHASE-2006 | Tax | 10766.07,Android,B41,RAMP_1501_2500,CREATED,idem-20260902-apk-2006,android,G06,GROUP_PURCHASE,Expense,G06:Expense,ACTIVE,qa.tile.expense,group.expense.amount,group.expense.note,group.expense.submit,group.expense.split.equal,Tax,MAESTRO-APK-GROUP-PURCHASE-2006 | Tax | 10766.07,JOINED,Ledger Quick_Add is expense category; Split_Method drives group.expense.split.*
2009,MTR-APK-2009,Group,Shared Purchase,Purchase,Other,Expense,2025-10-01,05:49:05,2025-10-01 05:49:05,14952.56,INR,-14952.56,APK Owner,3,PERCENTAGE,MAESTRO-APK-GROUP-PURCHASE-2009 | Other | 14952.56,Android,B41,RAMP_1501_2500,CREATED,idem-20260902-apk-2009,android,G06,GROUP_PURCHASE,Expense,G06:Expense,ACTIVE,qa.tile.expense,group.expense.amount,group.expense.note,group.expense.submit,group.expense.split.percentage,Other,MAESTRO-APK-GROUP-PURCHASE-2009 | Other | 14952.56,JOINED,Ledger Quick_Add is expense category; Split_Method drives group.expense.split.*
2012,MTR-APK-2012,Group,Shared Purchase,Assets,Purchase,Expense,2026-07-25,11:03:54,2026-07-25 11:03:54,3317.48,INR,-3317.48,APK Aarav,3,EXACT,MAESTRO-APK-GROUP-ASSETS-2012 | Purchase | 3317.48,Android,B41,RAMP_1501_2500,CREATED,idem-20260902-apk-2012,android,G07,SHARED_ASSET,Expense,G07:Expense,ACTIVE,qa.tile.expense,group.expense.amount,group.expense.note,group.expense.submit,group.expense.split.exact,Purchase,MAESTRO-APK-GROUP-ASSETS-2012 | Purchase | 3317.48,JOINED,Ledger Quick_Add is expense category; Split_Method drives group.expense.split.*
2015,MTR-APK-2015,Group,Shared Purchase,Assets,Maintenance,Expense,2026-06-21,22:40:38,2026-06-21 22:40:38,23797.53,INR,-23797.53,APK Meera,3,SHARES,MAESTRO-APK-GROUP-ASSETS-2015 | Maintenance | 23797.53,Android,B41,RAMP_1501_2500,CREATED,idem-20260902-apk-2015,android,G07,SHARED_ASSET,Expense,G07:Expense,ACTIVE,qa.tile.expense,group.expense.amount,group.expense.note,group.expense.submit,group.expense.split.shares,Maintenance,MAESTRO-APK-GROUP-ASSETS-2015 | Maintenance | 23797.53,JOINED,Ledger Quick_Add is expense category; Split_Method drives group.expense.split.*
2018,MTR-APK-2018,Group,Shared Purchase,Assets,Repair,Expense,2025-11-26,01:01:45,2025-11-26 01:01:45,6158.99,INR,-6158.99,APK Owner,3,EQUAL,MAESTRO-APK-GROUP-ASSETS-2018 | Repair | 6158.99,Android,B41,RAMP_1501_2500,CREATED,idem-20260902-apk-2018,android,G07,SHARED_ASSET,Expense,G07:Expense,ACTIVE,qa.tile.expense,group.expense.amount,group.expense.note,group.expense.submit,group.expense.split.equal,Repair,MAESTRO-APK-GROUP-ASSETS-2018 | Repair | 6158.99,JOINED,Ledger Quick_Add is expense category; Split_Method drives group.expense.split.*
2021,MTR-APK-2021,Group,Shared Purchase,Assets,Insurance,Expense,2026-06-09,03:10:29,2026-06-09 03:10:29,10660.51,INR,-10660.51,APK Aarav,3,PERCENTAGE,MAESTRO-APK-GROUP-ASSETS-2021 | Insurance | 10660.51,Android,B41,RAMP_1501_2500,CREATED,idem-20260902-apk-2021,android,G07,SHARED_ASSET,Expense,G07:Expense,ACTIVE,qa.tile.expense,group.expense.amount,group.expense.note,group.expense.submit,group.expense.split.percentage,Insurance,MAESTRO-APK-GROUP-ASSETS-2021 | Insurance | 10660.51,JOINED,Ledger Quick_Add is expense category; Split_Method drives group.expense.split.*
2024,MTR-APK-2024,Group,Shared Purchase,Assets,Other,Expense,2026-07-09,18:14:44,2026-07-09 18:14:44,21554.44,INR,-21554.44,APK Meera,3,EXACT,MAESTRO-APK-GROUP-ASSETS-2024 | Other | 21554.44,Android,B41,RAMP_1501_2500,CREATED,idem-20260902-apk-2024,android,G07,SHARED_ASSET,Expense,G07:Expense,ACTIVE,qa.tile.expense,group.expense.amount,group.expense.note,group.expense.submit,group.expense.split.exact,Other,MAESTRO-APK-GROUP-ASSETS-2024 | Other | 21554.44,JOINED,Ledger Quick_Add is expense category; Split_Method drives group.expense.split.*
2027,MTR-APK-2027,Group,Shared Purchase,Custom Purchase,Custom Expense,Expense,2026-03-01,03:18:23,2026-03-01 03:18:23,25120.97,INR,-25120.97,APK Owner,3,SHARES,MAESTRO-APK-GROUP-CUSTOM_PURCHASE-2027 | Custom Expense | 25120.97,Android,B41,RAMP_1501_2500,CREATED,idem-20260902-apk-2027,android,G08,COMMUNITY_PURCHASE,Expense,G08:Expense,ACTIVE,qa.tile.expense,group.expense.amount,group.expense.note,group.expense.submit,group.expense.split.shares,Custom Expense,MAESTRO-APK-GROUP-CUSTOM_PURCHASE-2027 | Custom Expense | 25120.97,JOINED,Ledger Quick_Add is expense category; Split_Method drives group.expense.split.*
2030,MTR-APK-2030,Group,Shared Purchase,Custom Purchase,Custom Contribution,Contribution,2025-10-04,09:06:38,2025-10-04 09:06:38,15752.62,INR,15752.62,APK Aarav,3,EQUAL,MAESTRO-APK-GROUP-CUSTOM_PURCHASE-2030 | Custom Contribution | 15752.62,Android,B41,RAMP_1501_2500,CREATED,idem-20260902-apk-2030,android,G08,COMMUNITY_PURCHASE,Contribute,G08:Contribute,ACTIVE,qa.tile.contribute,group.contribute.amount,group.contribute.note,group.contribute.submit,group.expense.split.equal,Custom Contribution,MAESTRO-APK-GROUP-CUSTOM_PURCHASE-2030 | Custom Contribution | 15752.62,JOINED,
2033,MTR-APK-2033,Group,Shared Living,Flatmates,Rent,Expense,2025-11-26,19:02:34,2025-11-26 19:02:34,26973.13,INR,-26973.13,APK Meera,3,PERCENTAGE,MAESTRO-APK-GROUP-FLATMATES-2033 | Rent | 26973.13,Android,B41,RAMP_1501_2500,CREATED,idem-20260902-apk-2033,android,G09,FLATMATES,Expense,G09:Expense,ACTIVE,qa.tile.expense,group.expense.amount,group.expense.note,group.expense.submit,group.expense.split.percentage,Rent,MAESTRO-APK-GROUP-FLATMATES-2033 | Rent | 26973.13,JOINED,Ledger Quick_Add is expense category; Split_Method drives group.expense.split.*
2036,MTR-APK-2036,Group,Shared Living,Flatmates,Utilities,Expense,2025-09-04,21:16:30,2025-09-04 21:16:30,13961.41,INR,-13961.41,APK Owner,3,EXACT,MAESTRO-APK-GROUP-FLATMATES-2036 | Utilities | 13961.41,Android,B41,RAMP_1501_2500,CREATED,idem-20260902-apk-2036,android,G09,FLATMATES,Expense,G09:Expense,ACTIVE,qa.tile.expense,group.expense.amount,group.expense.note,group.expense.submit,group.expense.split.exact,Utilities,MAESTRO-APK-GROUP-FLATMATES-2036 | Utilities | 13961.41,JOINED,Ledger Quick_Add is expense category; Split_Method drives group.expense.split.*
2039,MTR-APK-2039,Group,Shared Living,Flatmates,Groceries,Expense,2026-06-13,09:32:54,2026-06-13 09:32:54,18127.85,INR,-18127.85,APK Aarav,3,SHARES,MAESTRO-APK-GROUP-FLATMATES-2039 | Groceries | 18127.85,Android,B41,RAMP_1501_2500,CREATED,idem-20260902-apk-2039,android,G09,FLATMATES,Expense,G09:Expense,ACTIVE,qa.tile.expense,group.expense.amount,group.expense.note,group.expense.submit,group.expense.split.shares,Groceries,MAESTRO-APK-GROUP-FLATMATES-2039 | Groceries | 18127.85,JOINED,Ledger Quick_Add is expense category; Split_Method drives group.expense.split.*
2042,MTR-APK-2042,Group,Shared Living,Flatmates,Internet,Expense,2025-12-09,04:45:06,2025-12-09 04:45:06,18445.72,INR,-18445.72,APK Meera,3,EQUAL,MAESTRO-APK-GROUP-FLATMATES-2042 | Internet | 18445.72,Android,B41,RAMP_1501_2500,CREATED,idem-20260902-apk-2042,android,G09,FLATMATES,Expense,G09:Expense,ACTIVE,qa.tile.expense,group.expense.amount,group.expense.note,group.expense.submit,group.expense.split.equal,Internet,MAESTRO-APK-GROUP-FLATMATES-2042 | Internet | 18445.72,JOINED,Ledger Quick_Add is expense category; Split_Method drives group.expense.split.*
2045,MTR-APK-2045,Group,Shared Living,Flatmates,House Supplies,Expense,2025-11-02,17:59:47,2025-11-02 17:59:47,22846.04,INR,-22846.04,APK Owner,3,PERCENTAGE,MAESTRO-APK-GROUP-FLATMATES-2045 | House Supplies | 22846.04,Android,B41,RAMP_1501_2500,CREATED,idem-20260902-apk-2045,android,G09,FLATMATES,Expense,G09:Expense,ACTIVE,qa.tile.expense,group.expense.amount,group.expense.note,group.expense.submit,group.expense.split.percentage,House Supplies,MAESTRO-APK-GROUP-FLATMATES-2045 | House Supplies | 22846.04,JOINED,Ledger Quick_Add is expense category; Split_Method drives group.expense.split.*
2048,MTR-APK-2048,Group,Shared Living,Flatmates,Repairs,Expense,2026-06-13,00:35:55,2026-06-13 00:35:55,17575.23,INR,-17575.23,APK Aarav,3,EXACT,MAESTRO-APK-GROUP-FLATMATES-2048 | Repairs | 17575.23,Android,B41,RAMP_1501_2500,CREATED,idem-20260902-apk-2048,android,G09,FLATMATES,Expense,G09:Expense,ACTIVE,qa.tile.expense,group.expense.amount,group.expense.note,group.expense.submit,group.expense.split.exact,Repairs,MAESTRO-APK-GROUP-FLATMATES-2048 | Repairs | 17575.23,JOINED,Ledger Quick_Add is expense category; Split_Method drives group.expense.split.*
2051,MTR-APK-2051,Group,Shared Living,Shared Living,Rent,Expense,2025-11-25,10:11:59,2025-11-25 10:11:59,874.35,INR,-874.35,APK Meera,3,SHARES,MAESTRO-APK-GROUP-SHARED_LIVING-2051 | Rent | 874.35,Android,B42,RAMP_1501_2500,CREATED,idem-20260902-apk-2051,android,G11,CO_LIVING,Expense,G11:Expense,ACTIVE,qa.tile.expense,group.expense.amount,group.expense.note,group.expense.submit,group.expense.split.shares,Rent,MAESTRO-APK-GROUP-SHARED_LIVING-2051 | Rent | 874.35,JOINED,Ledger Quick_Add is expense category; Split_Method drives group.expense.split.*
2054,MTR-APK-2054,Group,Shared Living,Shared Living,Utilities,Expense,2026-08-27,19:28:42,2026-08-27 19:28:42,26645.23,INR,-26645.23,APK Owner,3,EQUAL,MAESTRO-APK-GROUP-SHARED_LIVING-2054 | Utilities | 26645.23,Android,B42,RAMP_1501_2500,CREATED,idem-20260902-apk-2054,android,G11,CO_LIVING,Expense,G11:Expense,ACTIVE,qa.tile.expense,group.expense.amount,group.expense.note,group.expense.submit,group.expense.split.equal,Utilities,MAESTRO-APK-GROUP-SHARED_LIVING-2054 | Utilities | 26645.23,JOINED,Ledger Quick_Add is expense category; Split_Method drives group.expense.split.*
2057,MTR-APK-2057,Group,Shared Living,Shared Living,Groceries,Expense,2026-04-09,08:52:12,2026-04-09 08:52:12,9197.66,INR,-9197.66,APK Aarav,3,PERCENTAGE,MAESTRO-APK-GROUP-SHARED_LIVING-2057 | Groceries | 9197.66,Android,B42,RAMP_1501_2500,CREATED,idem-20260902-apk-2057,android,G11,CO_LIVING,Expense,G11:Expense,ACTIVE,qa.tile.expense,group.expense.amount,group.expense.note,group.expense.submit,group.expense.split.percentage,Groceries,MAESTRO-APK-GROUP-SHARED_LIVING-2057 | Groceries | 9197.66,JOINED,Ledger Quick_Add is expense category; Split_Method drives group.expense.split.*
2060,MTR-APK-2060,Group,Shared Living,Shared Living,Maintenance,Expense,2025-11-28,21:05:08,2025-11-28 21:05:08,4526.91,INR,-4526.91,APK Meera,3,EXACT,MAESTRO-APK-GROUP-SHARED_LIVING-2060 | Maintenance | 4526.91,Android,B42,RAMP_1501_2500,CREATED,idem-20260902-apk-2060,android,G11,CO_LIVING,Expense,G11:Expense,ACTIVE,qa.tile.expense,group.expense.amount,group.expense.note,group.expense.submit,group.expense.split.exact,Maintenance,MAESTRO-APK-GROUP-SHARED_LIVING-2060 | Maintenance | 4526.91,JOINED,Ledger Quick_Add is expense category; Split_Method drives group.expense.split.*
2063,MTR-APK-2063,Group,Shared Living,Shared Living,Other,Expense,2025-10-31,17:22:23,2025-10-31 17:22:23,9133.01,INR,-9133.01,APK Owner,3,SHARES,MAESTRO-APK-GROUP-SHARED_LIVING-2063 | Other | 9133.01,Android,B42,RAMP_1501_2500,CREATED,idem-20260902-apk-2063,android,G11,CO_LIVING,Expense,G11:Expense,ACTIVE,qa.tile.expense,group.expense.amount,group.expense.note,group.expense.submit,group.expense.split.shares,Other,MAESTRO-APK-GROUP-SHARED_LIVING-2063 | Other | 9133.01,JOINED,Ledger Quick_Add is expense category; Split_Method drives group.expense.split.*
2066,MTR-APK-2066,Group,Shared Living,Family Household,Transport,Expense,2026-05-09,15:47:45,2026-05-09 15:47:45,26639.85,INR,-26639.85,APK Aarav,3,EQUAL,MAESTRO-APK-GROUP-FAMILY_HOUSEHOLD-2066 | Transport | 26639.85,Android,B42,RAMP_1501_2500,CREATED,idem-20260902-apk-2066,android,G10,FAMILY_HOUSEHOLD,Expense,G10:Expense,ACTIVE,qa.tile.expense,group.expense.amount,group.expense.note,group.expense.submit,group.expense.split.equal,Transport,MAESTRO-APK-GROUP-FAMILY_HOUSEHOLD-2066 | Transport | 26639.85,JOINED,Ledger Quick_Add is expense category; Split_Method drives group.expense.split.*
2069,MTR-APK-2069,Group,Shared Living,Family Household,Bills,Expense,2026-07-09,04:04:51,2026-07-09 04:04:51,14857.2,INR,-14857.2,APK Meera,3,PERCENTAGE,MAESTRO-APK-GROUP-FAMILY_HOUSEHOLD-2069 | Bills | 14857.20,Android,B42,RAMP_1501_2500,CREATED,idem-20260902-apk-2069,android,G10,FAMILY_HOUSEHOLD,Expense,G10:Expense,ACTIVE,qa.tile.expense,group.expense.amount,group.expense.note,group.expense.submit,group.expense.split.percentage,Bills,MAESTRO-APK-GROUP-FAMILY_HOUSEHOLD-2069 | Bills | 14857.20,JOINED,Ledger Quick_Add is expense category; Split_Method drives group.expense.split.*
2072,MTR-APK-2072,Group,Shared Living,Family Household,Utilities,Expense,2026-02-25,14:33:00,2026-02-25 14:33:00,99.99,INR,-99.99,APK Owner,3,EXACT,MAESTRO-APK-GROUP-FAMILY_HOUSEHOLD-2072 | Utilities | 99.99,Android,B42,RAMP_1501_2500,CREATED,idem-20260902-apk-2072,android,G10,FAMILY_HOUSEHOLD,Expense,G10:Expense,ACTIVE,qa.tile.expense,group.expense.amount,group.expense.note,group.expense.submit,group.expense.split.exact,Utilities,MAESTRO-APK-GROUP-FAMILY_HOUSEHOLD-2072 | Utilities | 99.99,JOINED,Ledger Quick_Add is expense category; Split_Method drives group.expense.split.*
2075,MTR-APK-2075,Group,Shared Living,Family Household,Healthcare,Expense,2025-12-05,11:34:28,2025-12-05 11:34:28,20467.04,INR,-20467.04,APK Aarav,3,SHARES,MAESTRO-APK-GROUP-FAMILY_HOUSEHOLD-2075 | Healthcare | 20467.04,Android,B42,RAMP_1501_2500,CREATED,idem-20260902-apk-2075,android,G10,FAMILY_HOUSEHOLD,Expense,G10:Expense,ACTIVE,qa.tile.expense,group.expense.amount,group.expense.note,group.expense.submit,group.expense.split.shares,Healthcare,MAESTRO-APK-GROUP-FAMILY_HOUSEHOLD-2075 | Healthcare | 20467.04,JOINED,Ledger Quick_Add is expense category; Split_Method drives group.expense.split.*
2078,MTR-APK-2078,Group,Shared Living,Family Household,School,Expense,2026-03-02,18:01:06,2026-03-02 18:01:06,1891.74,INR,-1891.74,APK Meera,3,EQUAL,MAESTRO-APK-GROUP-FAMILY_HOUSEHOLD-2078 | School | 1891.74,Android,B42,RAMP_1501_2500,CREATED,idem-20260902-apk-2078,android,G10,FAMILY_HOUSEHOLD,Expense,G10:Expense,ACTIVE,qa.tile.expense,group.expense.amount,group.expense.note,group.expense.submit,group.expense.split.equal,School,MAESTRO-APK-GROUP-FAMILY_HOUSEHOLD-2078 | School | 1891.74,JOINED,Ledger Quick_Add is expense category; Split_Method drives group.expense.split.*
2081,MTR-APK-2081,Group,Shared Living,Family Household,Other,Expense,2026-04-12,21:24:09,2026-04-12 21:24:09,22389.91,INR,-22389.91,APK Owner,3,PERCENTAGE,MAESTRO-APK-GROUP-FAMILY_HOUSEHOLD-2081 | Other | 22389.91,Android,B42,RAMP_1501_2500,CREATED,idem-20260902-apk-2081,android,G10,FAMILY_HOUSEHOLD,Expense,G10:Expense,ACTIVE,qa.tile.expense,group.expense.amount,group.expense.note,group.expense.submit,group.expense.split.percentage,Other,MAESTRO-APK-GROUP-FAMILY_HOUSEHOLD-2081 | Other | 22389.91,JOINED,Ledger Quick_Add is expense category; Split_Method drives group.expense.split.*
2084,MTR-APK-2084,Group,Shared Living,Custom Living,Custom Expense,Expense,2025-09-02,21:18:33,2025-09-02 21:18:33,793.95,INR,-793.95,APK Aarav,3,EXACT,MAESTRO-APK-GROUP-CUSTOM_LIVING-2084 | Custom Expense | 793.95,Android,B42,RAMP_1501_2500,CREATED,idem-20260902-apk-2084,android,G12,COMMUNITY_LIVING,Expense,G12:Expense,ACTIVE,qa.tile.expense,group.expense.amount,group.expense.note,group.expense.submit,group.expense.split.exact,Custom Expense,MAESTRO-APK-GROUP-CUSTOM_LIVING-2084 | Custom Expense | 793.95,JOINED,Ledger Quick_Add is expense category; Split_Method drives group.expense.split.*
2087,MTR-APK-2087,Group,Shared Living,Custom Living,Custom Contribution,Contribution,2026-03-25,22:05:33,2026-03-25 22:05:33,8429.25,INR,8429.25,APK Meera,3,SHARES,MAESTRO-APK-GROUP-CUSTOM_LIVING-2087 | Custom Contribution | 8429.25,Android,B42,RAMP_1501_2500,CREATED,idem-20260902-apk-2087,android,G12,COMMUNITY_LIVING,Contribute,G12:Contribute,,qa.tile.contribute,group.contribute.amount,group.contribute.note,group.contribute.submit,group.expense.split.shares,Custom Contribution,MAESTRO-APK-GROUP-CUSTOM_LIVING-2087 | Custom Contribution | 8429.25,SKIP_CAPABILITY_GAP,Custom Living hub has no Contribution tile (same as Family Household)
2090,MTR-APK-2090,Group,Shared Experience,Trip,Travel,Expense,2025-12-26,07:09:31,2025-12-26 07:09:31,23100.94,INR,-23100.94,APK Owner,3,EQUAL,MAESTRO-APK-GROUP-TRIP-2090 | Travel | 23100.94,Android,B42,RAMP_1501_2500,CREATED,idem-20260902-apk-2090,android,G01,TRIP,Expense,G01:Expense,ACTIVE,qa.tile.expense,group.expense.amount,group.expense.note,group.expense.submit,group.expense.split.equal,Travel,MAESTRO-APK-GROUP-TRIP-2090 | Travel | 23100.94,JOINED,Ledger Quick_Add is expense category; Split_Method drives group.expense.split.*
2093,MTR-APK-2093,Group,Shared Experience,Trip,Stay,Expense,2026-05-03,10:23:21,2026-05-03 10:23:21,16119.1,INR,-16119.1,APK Aarav,3,PERCENTAGE,MAESTRO-APK-GROUP-TRIP-2093 | Stay | 16119.10,Android,B42,RAMP_1501_2500,CREATED,idem-20260902-apk-2093,android,G01,TRIP,Expense,G01:Expense,ACTIVE,qa.tile.expense,group.expense.amount,group.expense.note,group.expense.submit,group.expense.split.percentage,Stay,MAESTRO-APK-GROUP-TRIP-2093 | Stay | 16119.10,JOINED,Ledger Quick_Add is expense category; Split_Method drives group.expense.split.*
2096,MTR-APK-2096,Group,Shared Experience,Trip,Food,Expense,2025-09-20,09:59:49,2025-09-20 09:59:49,21003.74,INR,-21003.74,APK Meera,3,EXACT,MAESTRO-APK-GROUP-TRIP-2096 | Food | 21003.74,Android,B42,RAMP_1501_2500,CREATED,idem-20260902-apk-2096,android,G01,TRIP,Expense,G01:Expense,ACTIVE,qa.tile.expense,group.expense.amount,group.expense.note,group.expense.submit,group.expense.split.exact,Food,MAESTRO-APK-GROUP-TRIP-2096 | Food | 21003.74,JOINED,Ledger Quick_Add is expense category; Split_Method drives group.expense.split.*
2099,MTR-APK-2099,Group,Shared Experience,Trip,Local Transport,Expense,2025-10-12,08:11:23,2025-10-12 08:11:23,18837.89,INR,-18837.89,APK Owner,3,SHARES,MAESTRO-APK-GROUP-TRIP-2099 | Local Transport | 18837.89,Android,B42,RAMP_1501_2500,CREATED,idem-20260902-apk-2099,android,G01,TRIP,Expense,G01:Expense,ACTIVE,qa.tile.expense,group.expense.amount,group.expense.note,group.expense.submit,group.expense.split.shares,Local Transport,MAESTRO-APK-GROUP-TRIP-2099 | Local Transport | 18837.89,JOINED,Ledger Quick_Add is expense category; Split_Method drives group.expense.split.*
2102,MTR-APK-2102,Group,Shared Experience,Trip,Activities,Expense,2026-07-06,03:30:04,2026-07-06 03:30:04,26684.82,INR,-26684.82,APK Aarav,3,EQUAL,MAESTRO-APK-GROUP-TRIP-2102 | Activities | 26684.82,Android,B43,RAMP_1501_2500,CREATED,idem-20260902-apk-2102,android,G01,TRIP,Expense,G01:Expense,ACTIVE,qa.tile.expense,group.expense.amount,group.expense.note,group.expense.submit,group.expense.split.equal,Activities,MAESTRO-APK-GROUP-TRIP-2102 | Activities | 26684.82,JOINED,Ledger Quick_Add is expense category; Split_Method drives group.expense.split.*
2105,MTR-APK-2105,Group,Shared Experience,Trip,Shopping,Expense,2026-08-04,05:36:32,2026-08-04 05:36:32,28653.58,INR,-28653.58,APK Meera,3,PERCENTAGE,MAESTRO-APK-GROUP-TRIP-2105 | Shopping | 28653.58,Android,B43,RAMP_1501_2500,CREATED,idem-20260902-apk-2105,android,G01,TRIP,Expense,G01:Expense,ACTIVE,qa.tile.expense,group.expense.amount,group.expense.note,group.expense.submit,group.expense.split.percentage,Shopping,MAESTRO-APK-GROUP-TRIP-2105 | Shopping | 28653.58,JOINED,Ledger Quick_Add is expense category; Split_Method drives group.expense.split.*
2108,MTR-APK-2108,Group,Shared Experience,Trip,Other,Expense,2026-04-17,18:06:28,2026-04-17 18:06:28,7477.04,INR,-7477.04,APK Owner,3,EXACT,MAESTRO-APK-GROUP-TRIP-2108 | Other | 7477.04,Android,B43,RAMP_1501_2500,CREATED,idem-20260902-apk-2108,android,G01,TRIP,Expense,G01:Expense,ACTIVE,qa.tile.expense,group.expense.amount,group.expense.note,group.expense.submit,group.expense.split.exact,Other,MAESTRO-APK-GROUP-TRIP-2108 | Other | 7477.04,JOINED,Ledger Quick_Add is expense category; Split_Method drives group.expense.split.*
2111,MTR-APK-2111,Group,Shared Experience,Wedding,Venue,Expense,2026-02-12,22:41:28,2026-02-12 22:41:28,27197.54,INR,-27197.54,APK Aarav,3,SHARES,MAESTRO-APK-GROUP-WEDDING-2111 | Venue | 27197.54,Android,B43,RAMP_1501_2500,CREATED,idem-20260902-apk-2111,android,G02,WEDDING,Expense,G02:Expense,ACTIVE,qa.tile.expense,group.expense.amount,group.expense.note,group.expense.submit,group.expense.split.shares,Venue,MAESTRO-APK-GROUP-WEDDING-2111 | Venue | 27197.54,JOINED,Ledger Quick_Add is expense category; Split_Method drives group.expense.split.*
2114,MTR-APK-2114,Group,Shared Experience,Wedding,Catering,Expense,2026-08-03,21:33:03,2026-08-03 21:33:03,27111.02,INR,-27111.02,APK Meera,3,EQUAL,MAESTRO-APK-GROUP-WEDDING-2114 | Catering | 27111.02,Android,B43,RAMP_1501_2500,CREATED,idem-20260902-apk-2114,android,G02,WEDDING,Expense,G02:Expense,ACTIVE,qa.tile.expense,group.expense.amount,group.expense.note,group.expense.submit,group.expense.split.equal,Catering,MAESTRO-APK-GROUP-WEDDING-2114 | Catering | 27111.02,JOINED,Ledger Quick_Add is expense category; Split_Method drives group.expense.split.*
2117,MTR-APK-2117,Group,Shared Experience,Wedding,Decor,Expense,2026-04-28,15:08:16,2026-04-28 15:08:16,10417.61,INR,-10417.61,APK Owner,3,PERCENTAGE,MAESTRO-APK-GROUP-WEDDING-2117 | Decor | 10417.61,Android,B43,RAMP_1501_2500,CREATED,idem-20260902-apk-2117,android,G02,WEDDING,Expense,G02:Expense,ACTIVE,qa.tile.expense,group.expense.amount,group.expense.note,group.expense.submit,group.expense.split.percentage,Decor,MAESTRO-APK-GROUP-WEDDING-2117 | Decor | 10417.61,JOINED,Ledger Quick_Add is expense category; Split_Method drives group.expense.split.*
2120,MTR-APK-2120,Group,Shared Experience,Wedding,Travel,Expense,2025-09-12,22:01:05,2025-09-12 22:01:05,18845.69,INR,-18845.69,APK Aarav,3,EXACT,MAESTRO-APK-GROUP-WEDDING-2120 | Travel | 18845.69,Android,B43,RAMP_1501_2500,CREATED,idem-20260902-apk-2120,android,G02,WEDDING,Expense,G02:Expense,ACTIVE,qa.tile.expense,group.expense.amount,group.expense.note,group.expense.submit,group.expense.split.exact,Travel,MAESTRO-APK-GROUP-WEDDING-2120 | Travel | 18845.69,JOINED,Ledger Quick_Add is expense category; Split_Method drives group.expense.split.*
2123,MTR-APK-2123,Group,Shared Experience,Wedding,Gifts,Expense,2026-07-11,19:29:02,2026-07-11 19:29:02,18923.69,INR,-18923.69,APK Meera,3,SHARES,MAESTRO-APK-GROUP-WEDDING-2123 | Gifts | 18923.69,Android,B43,RAMP_1501_2500,CREATED,idem-20260902-apk-2123,android,G02,WEDDING,Expense,G02:Expense,ACTIVE,qa.tile.expense,group.expense.amount,group.expense.note,group.expense.submit,group.expense.split.shares,Gifts,MAESTRO-APK-GROUP-WEDDING-2123 | Gifts | 18923.69,JOINED,Ledger Quick_Add is expense category; Split_Method drives group.expense.split.*
2126,MTR-APK-2126,Group,Shared Experience,Wedding,Photography,Expense,2025-09-07,11:18:38,2025-09-07 11:18:38,23049.49,INR,-23049.49,APK Owner,3,EQUAL,MAESTRO-APK-GROUP-WEDDING-2126 | Photography | 23049.49,Android,B43,RAMP_1501_2500,CREATED,idem-20260902-apk-2126,android,G02,WEDDING,Expense,G02:Expense,ACTIVE,qa.tile.expense,group.expense.amount,group.expense.note,group.expense.submit,group.expense.split.equal,Photography,MAESTRO-APK-GROUP-WEDDING-2126 | Photography | 23049.49,JOINED,Ledger Quick_Add is expense category; Split_Method drives group.expense.split.*
2129,MTR-APK-2129,Group,Shared Experience,Wedding,Other,Expense,2025-10-05,19:29:24,2025-10-05 19:29:24,18908.61,INR,-18908.61,APK Aarav,3,PERCENTAGE,MAESTRO-APK-GROUP-WEDDING-2129 | Other | 18908.61,Android,B43,RAMP_1501_2500,CREATED,idem-20260902-apk-2129,android,G02,WEDDING,Expense,G02:Expense,ACTIVE,qa.tile.expense,group.expense.amount,group.expense.note,group.expense.submit,group.expense.split.percentage,Other,MAESTRO-APK-GROUP-WEDDING-2129 | Other | 18908.61,JOINED,Ledger Quick_Add is expense category; Split_Method drives group.expense.split.*
2132,MTR-APK-2132,Group,Shared Experience,Office Outing,Food,Expense,2026-01-20,12:59:21,2026-01-20 12:59:21,2002.08,INR,-2002.08,APK Meera,3,EXACT,MAESTRO-APK-GROUP-OFFICE_OUTING-2132 | Food | 2002.08,Android,B43,RAMP_1501_2500,CREATED,idem-20260902-apk-2132,android,G04,OFFICE_OUTING,Expense,G04:Expense,ACTIVE,qa.tile.expense,group.expense.amount,group.expense.note,group.expense.submit,group.expense.split.exact,Food,MAESTRO-APK-GROUP-OFFICE_OUTING-2132 | Food | 2002.08,JOINED,Ledger Quick_Add is expense category; Split_Method drives group.expense.split.*
2135,MTR-APK-2135,Group,Shared Experience,Office Outing,Travel,Expense,2026-02-09,20:51:50,2026-02-09 20:51:50,20191.66,INR,-20191.66,APK Owner,3,SHARES,MAESTRO-APK-GROUP-OFFICE_OUTING-2135 | Travel | 20191.66,Android,B43,RAMP_1501_2500,CREATED,idem-20260902-apk-2135,android,G04,OFFICE_OUTING,Expense,G04:Expense,ACTIVE,qa.tile.expense,group.expense.amount,group.expense.note,group.expense.submit,group.expense.split.shares,Travel,MAESTRO-APK-GROUP-OFFICE_OUTING-2135 | Travel | 20191.66,JOINED,Ledger Quick_Add is expense category; Split_Method drives group.expense.split.*
2138,MTR-APK-2138,Group,Shared Experience,Office Outing,Activities,Expense,2025-09-13,10:17:28,2025-09-13 10:17:28,28631.64,INR,-28631.64,APK Aarav,3,EQUAL,MAESTRO-APK-GROUP-OFFICE_OUTING-2138 | Activities | 28631.64,Android,B43,RAMP_1501_2500,CREATED,idem-20260902-apk-2138,android,G04,OFFICE_OUTING,Expense,G04:Expense,ACTIVE,qa.tile.expense,group.expense.amount,group.expense.note,group.expense.submit,group.expense.split.equal,Activities,MAESTRO-APK-GROUP-OFFICE_OUTING-2138 | Activities | 28631.64,JOINED,Ledger Quick_Add is expense category; Split_Method drives group.expense.split.*
2141,MTR-APK-2141,Group,Shared Experience,Office Outing,Venue,Expense,2025-12-24,12:43:05,2025-12-24 12:43:05,26024.33,INR,-26024.33,APK Meera,3,PERCENTAGE,MAESTRO-APK-GROUP-OFFICE_OUTING-2141 | Venue | 26024.33,Android,B43,RAMP_1501_2500,CREATED,idem-20260902-apk-2141,android,G04,OFFICE_OUTING,Expense,G04:Expense,ACTIVE,qa.tile.expense,group.expense.amount,group.expense.note,group.expense.submit,group.expense.split.percentage,Venue,MAESTRO-APK-GROUP-OFFICE_OUTING-2141 | Venue | 26024.33,JOINED,Ledger Quick_Add is expense category; Split_Method drives group.expense.split.*
2144,MTR-APK-2144,Group,Shared Experience,Office Outing,Other,Expense,2026-07-25,01:11:11,2026-07-25 01:11:11,3353.1,INR,-3353.1,APK Owner,3,EXACT,MAESTRO-APK-GROUP-OFFICE_OUTING-2144 | Other | 3353.10,Android,B43,RAMP_1501_2500,CREATED,idem-20260902-apk-2144,android,G04,OFFICE_OUTING,Expense,G04:Expense,ACTIVE,qa.tile.expense,group.expense.amount,group.expense.note,group.expense.submit,group.expense.split.exact,Other,MAESTRO-APK-GROUP-OFFICE_OUTING-2144 | Other | 3353.10,JOINED,Ledger Quick_Add is expense category; Split_Method drives group.expense.split.*
2147,MTR-APK-2147,Group,Shared Experience,House Party,Food,Expense,2026-04-06,06:29:14,2026-04-06 06:29:14,23683.75,INR,-23683.75,APK Aarav,3,SHARES,MAESTRO-APK-GROUP-HOUSE_PARTY-2147 | Food | 23683.75,Android,B43,RAMP_1501_2500,CREATED,idem-20260902-apk-2147,android,G03,HOUSE_PARTY,Expense,G03:Expense,ACTIVE,qa.tile.expense,group.expense.amount,group.expense.note,group.expense.submit,group.expense.split.shares,Food,MAESTRO-APK-GROUP-HOUSE_PARTY-2147 | Food | 23683.75,JOINED,Ledger Quick_Add is expense category; Split_Method drives group.expense.split.*
2150,MTR-APK-2150,Group,Shared Experience,House Party,Drinks,Expense,2025-11-27,01:09:59,2025-11-27 01:09:59,8170.42,INR,-8170.42,APK Meera,3,EQUAL,MAESTRO-APK-GROUP-HOUSE_PARTY-2150 | Drinks | 8170.42,Android,B43,RAMP_1501_2500,CREATED,idem-20260902-apk-2150,android,G03,HOUSE_PARTY,Expense,G03:Expense,ACTIVE,qa.tile.expense,group.expense.amount,group.expense.note,group.expense.submit,group.expense.split.equal,Drinks,MAESTRO-APK-GROUP-HOUSE_PARTY-2150 | Drinks | 8170.42,JOINED,Ledger Quick_Add is expense category; Split_Method drives group.expense.split.*
2153,MTR-APK-2153,Group,Shared Experience,House Party,Decor,Expense,2026-08-02,19:55:35,2026-08-02 19:55:35,5737.41,INR,-5737.41,APK Owner,3,PERCENTAGE,MAESTRO-APK-GROUP-HOUSE_PARTY-2153 | Decor | 5737.41,Android,B44,RAMP_1501_2500,CREATED,idem-20260902-apk-2153,android,G03,HOUSE_PARTY,Expense,G03:Expense,ACTIVE,qa.tile.expense,group.expense.amount,group.expense.note,group.expense.submit,group.expense.split.percentage,Decor,MAESTRO-APK-GROUP-HOUSE_PARTY-2153 | Decor | 5737.41,JOINED,Ledger Quick_Add is expense category; Split_Method drives group.expense.split.*
2156,MTR-APK-2156,Group,Shared Experience,House Party,Supplies,Expense,2025-10-27,04:56:22,2025-10-27 04:56:22,15243.28,INR,-15243.28,APK Aarav,3,EXACT,MAESTRO-APK-GROUP-HOUSE_PARTY-2156 | Supplies | 15243.28,Android,B44,RAMP_1501_2500,CREATED,idem-20260902-apk-2156,android,G03,HOUSE_PARTY,Expense,G03:Expense,ACTIVE,qa.tile.expense,group.expense.amount,group.expense.note,group.expense.submit,group.expense.split.exact,Supplies,MAESTRO-APK-GROUP-HOUSE_PARTY-2156 | Supplies | 15243.28,JOINED,Ledger Quick_Add is expense category; Split_Method drives group.expense.split.*
2159,MTR-APK-2159,Group,Shared Experience,House Party,Other,Expense,2025-09-28,02:52:35,2025-09-28 02:52:35,224.85,INR,-224.85,APK Meera,3,SHARES,MAESTRO-APK-GROUP-HOUSE_PARTY-2159 | Other | 224.85,Android,B44,RAMP_1501_2500,CREATED,idem-20260902-apk-2159,android,G03,HOUSE_PARTY,Expense,G03:Expense,ACTIVE,qa.tile.expense,group.expense.amount,group.expense.note,group.expense.submit,group.expense.split.shares,Other,MAESTRO-APK-GROUP-HOUSE_PARTY-2159 | Other | 224.85,JOINED,Ledger Quick_Add is expense category; Split_Method drives group.expense.split.*
2162,MTR-APK-2162,Group,Shared Purchase,Gift Pool,Contribution,Contribution,2026-02-19,05:45:15,2026-02-19 05:45:15,29230.54,INR,29230.54,APK Owner,3,EQUAL,MAESTRO-APK-GROUP-GIFT_POOL-2162 | Contribution | 29230.54,Android,B44,RAMP_1501_2500,CREATED,idem-20260902-apk-2162,android,G05,GIFT_POOL,Contribute,G05:Contribute,ACTIVE,qa.tile.contribute,group.contribute.amount,group.contribute.note,group.contribute.submit,group.expense.split.equal,Contribution,MAESTRO-APK-GROUP-GIFT_POOL-2162 | Contribution | 29230.54,JOINED,
2165,MTR-APK-2165,Group,Shared Purchase,Gift Pool,Gift Purchase,Expense,2026-03-27,23:41:27,2026-03-27 23:41:27,29829.01,INR,-29829.01,APK Aarav,3,PERCENTAGE,MAESTRO-APK-GROUP-GIFT_POOL-2165 | Gift Purchase | 29829.01,Android,B44,RAMP_1501_2500,CREATED,idem-20260902-apk-2165,android,G05,GIFT_POOL,Expense,G05:Expense,ACTIVE,qa.tile.expense,group.expense.amount,group.expense.note,group.expense.submit,group.expense.split.percentage,Gift Purchase,MAESTRO-APK-GROUP-GIFT_POOL-2165 | Gift Purchase | 29829.01,JOINED,Ledger Quick_Add is expense category; Split_Method drives group.expense.split.*
2168,MTR-APK-2168,Group,Shared Purchase,Gift Pool,Delivery,Expense,2025-12-13,14:49:56,2025-12-13 14:49:56,20006.14,INR,-20006.14,APK Meera,3,EXACT,MAESTRO-APK-GROUP-GIFT_POOL-2168 | Delivery | 20006.14,Android,B44,RAMP_1501_2500,CREATED,idem-20260902-apk-2168,android,G05,GIFT_POOL,Expense,G05:Expense,ACTIVE,qa.tile.expense,group.expense.amount,group.expense.note,group.expense.submit,group.expense.split.exact,Delivery,MAESTRO-APK-GROUP-GIFT_POOL-2168 | Delivery | 20006.14,JOINED,Ledger Quick_Add is expense category; Split_Method drives group.expense.split.*
2171,MTR-APK-2171,Group,Shared Purchase,Gift Pool,Other,Expense,2025-10-02,03:31:06,2025-10-02 03:31:06,13733.63,INR,-13733.63,APK Owner,3,SHARES,MAESTRO-APK-GROUP-GIFT_POOL-2171 | Other | 13733.63,Android,B44,RAMP_1501_2500,CREATED,idem-20260902-apk-2171,android,G05,GIFT_POOL,Expense,G05:Expense,ACTIVE,qa.tile.expense,group.expense.amount,group.expense.note,group.expense.submit,group.expense.split.shares,Other,MAESTRO-APK-GROUP-GIFT_POOL-2171 | Other | 13733.63,JOINED,Ledger Quick_Add is expense category; Split_Method drives group.expense.split.*
2174,MTR-APK-2174,Group,Shared Purchase,Purchase,Item,Expense,2025-12-18,11:43:18,2025-12-18 11:43:18,18756.28,INR,-18756.28,APK Aarav,3,EQUAL,MAESTRO-APK-GROUP-PURCHASE-2174 | Item | 18756.28,Android,B44,RAMP_1501_2500,CREATED,idem-20260902-apk-2174,android,G06,GROUP_PURCHASE,Expense,G06:Expense,ACTIVE,qa.tile.expense,group.expense.amount,group.expense.note,group.expense.submit,group.expense.split.equal,Item,MAESTRO-APK-GROUP-PURCHASE-2174 | Item | 18756.28,JOINED,Ledger Quick_Add is expense category; Split_Method drives group.expense.split.*
2177,MTR-APK-2177,Group,Shared Purchase,Purchase,Shipping,Expense,2026-07-01,11:56:53,2026-07-01 11:56:53,24487.67,INR,-24487.67,APK Meera,3,PERCENTAGE,MAESTRO-APK-GROUP-PURCHASE-2177 | Shipping | 24487.67,Android,B44,RAMP_1501_2500,CREATED,idem-20260902-apk-2177,android,G06,GROUP_PURCHASE,Expense,G06:Expense,ACTIVE,qa.tile.expense,group.expense.amount,group.expense.note,group.expense.submit,group.expense.split.percentage,Shipping,MAESTRO-APK-GROUP-PURCHASE-2177 | Shipping | 24487.67,JOINED,Ledger Quick_Add is expense category; Split_Method drives group.expense.split.*
2180,MTR-APK-2180,Group,Shared Purchase,Purchase,Tax,Expense,2025-11-30,15:02:41,2025-11-30 15:02:41,18425.42,INR,-18425.42,APK Owner,3,EXACT,MAESTRO-APK-GROUP-PURCHASE-2180 | Tax | 18425.42,Android,B44,RAMP_1501_2500,CREATED,idem-20260902-apk-2180,android,G06,GROUP_PURCHASE,Expense,G06:Expense,ACTIVE,qa.tile.expense,group.expense.amount,group.expense.note,group.expense.submit,group.expense.split.exact,Tax,MAESTRO-APK-GROUP-PURCHASE-2180 | Tax | 18425.42,JOINED,Ledger Quick_Add is expense category; Split_Method drives group.expense.split.*
2183,MTR-APK-2183,Group,Shared Purchase,Purchase,Other,Expense,2025-09-07,23:00:00,2025-09-07 23:00:00,10000.0,INR,-10000.0,APK Aarav,3,SHARES,MAESTRO-APK-GROUP-PURCHASE-2183 | Other | 10000.00,Android,B44,RAMP_1501_2500,CREATED,idem-20260902-apk-2183,android,G06,GROUP_PURCHASE,Expense,G06:Expense,ACTIVE,qa.tile.expense,group.expense.amount,group.expense.note,group.expense.submit,group.expense.split.shares,Other,MAESTRO-APK-GROUP-PURCHASE-2183 | Other | 10000.00,JOINED,Ledger Quick_Add is expense category; Split_Method drives group.expense.split.*
2186,MTR-APK-2186,Group,Shared Purchase,Assets,Purchase,Expense,2025-10-31,18:42:59,2025-10-31 18:42:59,16556.5,INR,-16556.5,APK Meera,3,EQUAL,MAESTRO-APK-GROUP-ASSETS-2186 | Purchase | 16556.50,Android,B44,RAMP_1501_2500,CREATED,idem-20260902-apk-2186,android,G07,SHARED_ASSET,Expense,G07:Expense,ACTIVE,qa.tile.expense,group.expense.amount,group.expense.note,group.expense.submit,group.expense.split.equal,Purchase,MAESTRO-APK-GROUP-ASSETS-2186 | Purchase | 16556.50,JOINED,Ledger Quick_Add is expense category; Split_Method drives group.expense.split.*
2189,MTR-APK-2189,Group,Shared Purchase,Assets,Maintenance,Expense,2026-06-17,10:10:31,2026-06-17 10:10:31,16608.98,INR,-16608.98,APK Owner,3,PERCENTAGE,MAESTRO-APK-GROUP-ASSETS-2189 | Maintenance | 16608.98,Android,B44,RAMP_1501_2500,CREATED,idem-20260902-apk-2189,android,G07,SHARED_ASSET,Expense,G07:Expense,ACTIVE,qa.tile.expense,group.expense.amount,group.expense.note,group.expense.submit,group.expense.split.percentage,Maintenance,MAESTRO-APK-GROUP-ASSETS-2189 | Maintenance | 16608.98,JOINED,Ledger Quick_Add is expense category; Split_Method drives group.expense.split.*
2192,MTR-APK-2192,Group,Shared Purchase,Assets,Repair,Expense,2026-01-28,05:51:35,2026-01-28 05:51:35,23346.27,INR,-23346.27,APK Aarav,3,EXACT,MAESTRO-APK-GROUP-ASSETS-2192 | Repair | 23346.27,Android,B44,RAMP_1501_2500,CREATED,idem-20260902-apk-2192,android,G07,SHARED_ASSET,Expense,G07:Expense,ACTIVE,qa.tile.expense,group.expense.amount,group.expense.note,group.expense.submit,group.expense.split.exact,Repair,MAESTRO-APK-GROUP-ASSETS-2192 | Repair | 23346.27,JOINED,Ledger Quick_Add is expense category; Split_Method drives group.expense.split.*
2195,MTR-APK-2195,Group,Shared Purchase,Assets,Insurance,Expense,2026-03-14,05:05:21,2026-03-14 05:05:21,16922.37,INR,-16922.37,APK Meera,3,SHARES,MAESTRO-APK-GROUP-ASSETS-2195 | Insurance | 16922.37,Android,B44,RAMP_1501_2500,CREATED,idem-20260902-apk-2195,android,G07,SHARED_ASSET,Expense,G07:Expense,ACTIVE,qa.tile.expense,group.expense.amount,group.expense.note,group.expense.submit,group.expense.split.shares,Insurance,MAESTRO-APK-GROUP-ASSETS-2195 | Insurance | 16922.37,JOINED,Ledger Quick_Add is expense category; Split_Method drives group.expense.split.*
2198,MTR-APK-2198,Group,Shared Purchase,Assets,Other,Expense,2025-12-21,06:13:48,2025-12-21 06:13:48,29026.52,INR,-29026.52,APK Owner,3,EQUAL,MAESTRO-APK-GROUP-ASSETS-2198 | Other | 29026.52,Android,B44,RAMP_1501_2500,CREATED,idem-20260902-apk-2198,android,G07,SHARED_ASSET,Expense,G07:Expense,ACTIVE,qa.tile.expense,group.expense.amount,group.expense.note,group.expense.submit,group.expense.split.equal,Other,MAESTRO-APK-GROUP-ASSETS-2198 | Other | 29026.52,JOINED,Ledger Quick_Add is expense category; Split_Method drives group.expense.split.*
2201,MTR-APK-2201,Group,Shared Purchase,Custom Purchase,Custom Expense,Expense,2025-09-24,07:01:49,2025-09-24 07:01:49,15153.66,INR,-15153.66,APK Aarav,3,PERCENTAGE,MAESTRO-APK-GROUP-CUSTOM_PURCHASE-2201 | Custom Expense | 15153.66,Android,B45,RAMP_1501_2500,CREATED,idem-20260902-apk-2201,android,G08,COMMUNITY_PURCHASE,Expense,G08:Expense,ACTIVE,qa.tile.expense,group.expense.amount,group.expense.note,group.expense.submit,group.expense.split.percentage,Custom Expense,MAESTRO-APK-GROUP-CUSTOM_PURCHASE-2201 | Custom Expense | 15153.66,JOINED,Ledger Quick_Add is expense category; Split_Method drives group.expense.split.*
2204,MTR-APK-2204,Group,Shared Purchase,Custom Purchase,Custom Contribution,Contribution,2026-03-10,10:21:48,2026-03-10 10:21:48,1866.96,INR,1866.96,APK Meera,3,EXACT,MAESTRO-APK-GROUP-CUSTOM_PURCHASE-2204 | Custom Contribution | 1866.96,Android,B45,RAMP_1501_2500,CREATED,idem-20260902-apk-2204,android,G08,COMMUNITY_PURCHASE,Contribute,G08:Contribute,ACTIVE,qa.tile.contribute,group.contribute.amount,group.contribute.note,group.contribute.submit,group.expense.split.exact,Custom Contribution,MAESTRO-APK-GROUP-CUSTOM_PURCHASE-2204 | Custom Contribution | 1866.96,JOINED,
2207,MTR-APK-2207,Group,Shared Living,Flatmates,Rent,Expense,2025-09-23,19:39:23,2025-09-23 19:39:23,12317.22,INR,-12317.22,APK Owner,3,SHARES,MAESTRO-APK-GROUP-FLATMATES-2207 | Rent | 12317.22,Android,B45,RAMP_1501_2500,CREATED,idem-20260902-apk-2207,android,G09,FLATMATES,Expense,G09:Expense,ACTIVE,qa.tile.expense,group.expense.amount,group.expense.note,group.expense.submit,group.expense.split.shares,Rent,MAESTRO-APK-GROUP-FLATMATES-2207 | Rent | 12317.22,JOINED,Ledger Quick_Add is expense category; Split_Method drives group.expense.split.*
2210,MTR-APK-2210,Group,Shared Living,Flatmates,Utilities,Expense,2026-03-28,09:00:48,2026-03-28 09:00:48,24098.61,INR,-24098.61,APK Aarav,3,EQUAL,MAESTRO-APK-GROUP-FLATMATES-2210 | Utilities | 24098.61,Android,B45,RAMP_1501_2500,CREATED,idem-20260902-apk-2210,android,G09,FLATMATES,Expense,G09:Expense,ACTIVE,qa.tile.expense,group.expense.amount,group.expense.note,group.expense.submit,group.expense.split.equal,Utilities,MAESTRO-APK-GROUP-FLATMATES-2210 | Utilities | 24098.61,JOINED,Ledger Quick_Add is expense category; Split_Method drives group.expense.split.*
2213,MTR-APK-2213,Group,Shared Living,Flatmates,Groceries,Expense,2026-08-12,00:56:42,2026-08-12 00:56:42,21438.55,INR,-21438.55,APK Meera,3,PERCENTAGE,MAESTRO-APK-GROUP-FLATMATES-2213 | Groceries | 21438.55,Android,B45,RAMP_1501_2500,CREATED,idem-20260902-apk-2213,android,G09,FLATMATES,Expense,G09:Expense,ACTIVE,qa.tile.expense,group.expense.amount,group.expense.note,group.expense.submit,group.expense.split.percentage,Groceries,MAESTRO-APK-GROUP-FLATMATES-2213 | Groceries | 21438.55,JOINED,Ledger Quick_Add is expense category; Split_Method drives group.expense.split.*
2216,MTR-APK-2216,Group,Shared Living,Flatmates,Internet,Expense,2026-02-11,13:53:11,2026-02-11 13:53:11,4146.32,INR,-4146.32,APK Owner,3,EXACT,MAESTRO-APK-GROUP-FLATMATES-2216 | Internet | 4146.32,Android,B45,RAMP_1501_2500,CREATED,idem-20260902-apk-2216,android,G09,FLATMATES,Expense,G09:Expense,ACTIVE,qa.tile.expense,group.expense.amount,group.expense.note,group.expense.submit,group.expense.split.exact,Internet,MAESTRO-APK-GROUP-FLATMATES-2216 | Internet | 4146.32,JOINED,Ledger Quick_Add is expense category; Split_Method drives group.expense.split.*
2219,MTR-APK-2219,Group,Shared Living,Flatmates,House Supplies,Expense,2026-07-12,03:23:06,2026-07-12 03:23:06,21547.59,INR,-21547.59,APK Aarav,3,SHARES,MAESTRO-APK-GROUP-FLATMATES-2219 | House Supplies | 21547.59,Android,B45,RAMP_1501_2500,CREATED,idem-20260902-apk-2219,android,G09,FLATMATES,Expense,G09:Expense,ACTIVE,qa.tile.expense,group.expense.amount,group.expense.note,group.expense.submit,group.expense.split.shares,House Supplies,MAESTRO-APK-GROUP-FLATMATES-2219 | House Supplies | 21547.59,JOINED,Ledger Quick_Add is expense category; Split_Method drives group.expense.split.*
2222,MTR-APK-2222,Group,Shared Living,Flatmates,Repairs,Expense,2026-08-01,07:30:14,2026-08-01 07:30:14,4139.51,INR,-4139.51,APK Meera,3,EQUAL,MAESTRO-APK-GROUP-FLATMATES-2222 | Repairs | 4139.51,Android,B45,RAMP_1501_2500,CREATED,idem-20260902-apk-2222,android,G09,FLATMATES,Expense,G09:Expense,ACTIVE,qa.tile.expense,group.expense.amount,group.expense.note,group.expense.submit,group.expense.split.equal,Repairs,MAESTRO-APK-GROUP-FLATMATES-2222 | Repairs | 4139.51,JOINED,Ledger Quick_Add is expense category; Split_Method drives group.expense.split.*
2225,MTR-APK-2225,Group,Shared Living,Shared Living,Rent,Expense,2026-07-30,07:20:25,2026-07-30 07:20:25,7109.74,INR,-7109.74,APK Owner,3,PERCENTAGE,MAESTRO-APK-GROUP-SHARED_LIVING-2225 | Rent | 7109.74,Android,B45,RAMP_1501_2500,CREATED,idem-20260902-apk-2225,android,G11,CO_LIVING,Expense,G11:Expense,ACTIVE,qa.tile.expense,group.expense.amount,group.expense.note,group.expense.submit,group.expense.split.percentage,Rent,MAESTRO-APK-GROUP-SHARED_LIVING-2225 | Rent | 7109.74,JOINED,Ledger Quick_Add is expense category; Split_Method drives group.expense.split.*
2228,MTR-APK-2228,Group,Shared Living,Shared Living,Utilities,Expense,2025-10-31,00:04:25,2025-10-31 00:04:25,2691.5,INR,-2691.5,APK Aarav,3,EXACT,MAESTRO-APK-GROUP-SHARED_LIVING-2228 | Utilities | 2691.50,Android,B45,RAMP_1501_2500,CREATED,idem-20260902-apk-2228,android,G11,CO_LIVING,Expense,G11:Expense,ACTIVE,qa.tile.expense,group.expense.amount,group.expense.note,group.expense.submit,group.expense.split.exact,Utilities,MAESTRO-APK-GROUP-SHARED_LIVING-2228 | Utilities | 2691.50,JOINED,Ledger Quick_Add is expense category; Split_Method drives group.expense.split.*
2231,MTR-APK-2231,Group,Shared Living,Shared Living,Groceries,Expense,2025-11-14,02:50:00,2025-11-14 02:50:00,23257.98,INR,-23257.98,APK Meera,3,SHARES,MAESTRO-APK-GROUP-SHARED_LIVING-2231 | Groceries | 23257.98,Android,B45,RAMP_1501_2500,CREATED,idem-20260902-apk-2231,android,G11,CO_LIVING,Expense,G11:Expense,ACTIVE,qa.tile.expense,group.expense.amount,group.expense.note,group.expense.submit,group.expense.split.shares,Groceries,MAESTRO-APK-GROUP-SHARED_LIVING-2231 | Groceries | 23257.98,JOINED,Ledger Quick_Add is expense category; Split_Method drives group.expense.split.*
2234,MTR-APK-2234,Group,Shared Living,Shared Living,Maintenance,Expense,2026-01-26,12:44:56,2026-01-26 12:44:56,28260.34,INR,-28260.34,APK Owner,3,EQUAL,MAESTRO-APK-GROUP-SHARED_LIVING-2234 | Maintenance | 28260.34,Android,B45,RAMP_1501_2500,CREATED,idem-20260902-apk-2234,android,G11,CO_LIVING,Expense,G11:Expense,ACTIVE,qa.tile.expense,group.expense.amount,group.expense.note,group.expense.submit,group.expense.split.equal,Maintenance,MAESTRO-APK-GROUP-SHARED_LIVING-2234 | Maintenance | 28260.34,JOINED,Ledger Quick_Add is expense category; Split_Method drives group.expense.split.*
2237,MTR-APK-2237,Group,Shared Living,Shared Living,Other,Expense,2025-10-28,13:28:15,2025-10-28 13:28:15,29315.0,INR,-29315.0,APK Aarav,3,PERCENTAGE,MAESTRO-APK-GROUP-SHARED_LIVING-2237 | Other | 29315.00,Android,B45,RAMP_1501_2500,CREATED,idem-20260902-apk-2237,android,G11,CO_LIVING,Expense,G11:Expense,ACTIVE,qa.tile.expense,group.expense.amount,group.expense.note,group.expense.submit,group.expense.split.percentage,Other,MAESTRO-APK-GROUP-SHARED_LIVING-2237 | Other | 29315.00,JOINED,Ledger Quick_Add is expense category; Split_Method drives group.expense.split.*
2240,MTR-APK-2240,Group,Shared Living,Family Household,Rent,Expense,2025-12-18,05:13:28,2025-12-18 05:13:28,20120.66,INR,-20120.66,APK Meera,3,EXACT,MAESTRO-APK-GROUP-FAMILY_HOUSEHOLD-2240 | Rent | 20120.66,Android,B45,RAMP_1501_2500,CREATED,idem-20260902-apk-2240,android,G10,FAMILY_HOUSEHOLD,Expense,G10:Expense,ACTIVE,qa.tile.expense,group.expense.amount,group.expense.note,group.expense.submit,group.expense.split.exact,Rent,MAESTRO-APK-GROUP-FAMILY_HOUSEHOLD-2240 | Rent | 20120.66,JOINED,Ledger Quick_Add is expense category; Split_Method drives group.expense.split.*
2243,MTR-APK-2243,Group,Shared Living,Family Household,Groceries,Expense,2025-10-28,22:53:14,2025-10-28 22:53:14,29796.76,INR,-29796.76,APK Owner,3,SHARES,MAESTRO-APK-GROUP-FAMILY_HOUSEHOLD-2243 | Groceries | 29796.76,Android,B45,RAMP_1501_2500,CREATED,idem-20260902-apk-2243,android,G10,FAMILY_HOUSEHOLD,Expense,G10:Expense,ACTIVE,qa.tile.expense,group.expense.amount,group.expense.note,group.expense.submit,group.expense.split.shares,Groceries,MAESTRO-APK-GROUP-FAMILY_HOUSEHOLD-2243 | Groceries | 29796.76,JOINED,Ledger Quick_Add is expense category; Split_Method drives group.expense.split.*
2246,MTR-APK-2246,Group,Shared Living,Family Household,Transport,Expense,2025-10-09,18:33:29,2025-10-09 18:33:29,27979.56,INR,-27979.56,APK Aarav,3,EQUAL,MAESTRO-APK-GROUP-FAMILY_HOUSEHOLD-2246 | Transport | 27979.56,Android,B45,RAMP_1501_2500,CREATED,idem-20260902-apk-2246,android,G10,FAMILY_HOUSEHOLD,Expense,G10:Expense,ACTIVE,qa.tile.expense,group.expense.amount,group.expense.note,group.expense.submit,group.expense.split.equal,Transport,MAESTRO-APK-GROUP-FAMILY_HOUSEHOLD-2246 | Transport | 27979.56,JOINED,Ledger Quick_Add is expense category; Split_Method drives group.expense.split.*
2249,MTR-APK-2249,Group,Shared Living,Family Household,Bills,Expense,2025-09-23,09:17:58,2025-09-23 09:17:58,10492.65,INR,-10492.65,APK Meera,3,PERCENTAGE,MAESTRO-APK-GROUP-FAMILY_HOUSEHOLD-2249 | Bills | 10492.65,Android,B45,RAMP_1501_2500,CREATED,idem-20260902-apk-2249,android,G10,FAMILY_HOUSEHOLD,Expense,G10:Expense,ACTIVE,qa.tile.expense,group.expense.amount,group.expense.note,group.expense.submit,group.expense.split.percentage,Bills,MAESTRO-APK-GROUP-FAMILY_HOUSEHOLD-2249 | Bills | 10492.65,JOINED,Ledger Quick_Add is expense category; Split_Method drives group.expense.split.*
2252,MTR-APK-2252,Group,Shared Living,Family Household,Utilities,Expense,2026-09-01,04:06:44,2026-09-01 04:06:44,25304.12,INR,-25304.12,APK Owner,3,EXACT,MAESTRO-APK-GROUP-FAMILY_HOUSEHOLD-2252 | Utilities | 25304.12,Android,B46,RAMP_1501_2500,CREATED,idem-20260902-apk-2252,android,G10,FAMILY_HOUSEHOLD,Expense,G10:Expense,ACTIVE,qa.tile.expense,group.expense.amount,group.expense.note,group.expense.submit,group.expense.split.exact,Utilities,MAESTRO-APK-GROUP-FAMILY_HOUSEHOLD-2252 | Utilities | 25304.12,JOINED,Ledger Quick_Add is expense category; Split_Method drives group.expense.split.*
2255,MTR-APK-2255,Group,Shared Living,Family Household,Healthcare,Expense,2026-07-12,15:33:17,2026-07-12 15:33:17,21334.28,INR,-21334.28,APK Aarav,3,SHARES,MAESTRO-APK-GROUP-FAMILY_HOUSEHOLD-2255 | Healthcare | 21334.28,Android,B46,RAMP_1501_2500,CREATED,idem-20260902-apk-2255,android,G10,FAMILY_HOUSEHOLD,Expense,G10:Expense,ACTIVE,qa.tile.expense,group.expense.amount,group.expense.note,group.expense.submit,group.expense.split.shares,Healthcare,MAESTRO-APK-GROUP-FAMILY_HOUSEHOLD-2255 | Healthcare | 21334.28,JOINED,Ledger Quick_Add is expense category; Split_Method drives group.expense.split.*
2258,MTR-APK-2258,Group,Shared Living,Custom Living,Custom Expense,Expense,2025-10-23,06:36:45,2025-10-23 06:36:45,20374.92,INR,-20374.92,APK Meera,3,EQUAL,MAESTRO-APK-GROUP-CUSTOM_LIVING-2258 | Custom Expense | 20374.92,Android,B46,RAMP_1501_2500,CREATED,idem-20260902-apk-2258,android,G12,COMMUNITY_LIVING,Expense,G12:Expense,ACTIVE,qa.tile.expense,group.expense.amount,group.expense.note,group.expense.submit,group.expense.split.equal,Custom Expense,MAESTRO-APK-GROUP-CUSTOM_LIVING-2258 | Custom Expense | 20374.92,JOINED,Ledger Quick_Add is expense category; Split_Method drives group.expense.split.*
2261,MTR-APK-2261,Group,Shared Living,Custom Living,Custom Contribution,Contribution,2026-06-08,21:26:46,2026-06-08 21:26:46,3213.56,INR,3213.56,APK Owner,3,PERCENTAGE,MAESTRO-APK-GROUP-CUSTOM_LIVING-2261 | Custom Contribution | 3213.56,Android,B46,RAMP_1501_2500,CREATED,idem-20260902-apk-2261,android,G12,COMMUNITY_LIVING,Contribute,G12:Contribute,,qa.tile.contribute,group.contribute.amount,group.contribute.note,group.contribute.submit,group.expense.split.percentage,Custom Contribution,MAESTRO-APK-GROUP-CUSTOM_LIVING-2261 | Custom Contribution | 3213.56,SKIP_CAPABILITY_GAP,Custom Living hub has no Contribution tile (same as Family Household)
2264,MTR-APK-2264,Group,Shared Experience,Trip,Travel,Expense,2026-08-02,21:10:14,2026-08-02 21:10:14,20141.92,INR,-20141.92,APK Aarav,3,EXACT,MAESTRO-APK-GROUP-TRIP-2264 | Travel | 20141.92,Android,B46,RAMP_1501_2500,CREATED,idem-20260902-apk-2264,android,G01,TRIP,Expense,G01:Expense,ACTIVE,qa.tile.expense,group.expense.amount,group.expense.note,group.expense.submit,group.expense.split.exact,Travel,MAESTRO-APK-GROUP-TRIP-2264 | Travel | 20141.92,JOINED,Ledger Quick_Add is expense category; Split_Method drives group.expense.split.*
2267,MTR-APK-2267,Group,Shared Experience,Trip,Stay,Expense,2026-04-14,17:59:32,2026-04-14 17:59:32,21861.07,INR,-21861.07,APK Meera,3,SHARES,MAESTRO-APK-GROUP-TRIP-2267 | Stay | 21861.07,Android,B46,RAMP_1501_2500,CREATED,idem-20260902-apk-2267,android,G01,TRIP,Expense,G01:Expense,ACTIVE,qa.tile.expense,group.expense.amount,group.expense.note,group.expense.submit,group.expense.split.shares,Stay,MAESTRO-APK-GROUP-TRIP-2267 | Stay | 21861.07,JOINED,Ledger Quick_Add is expense category; Split_Method drives group.expense.split.*
2270,MTR-APK-2270,Group,Shared Experience,Trip,Food,Expense,2026-06-19,18:39:39,2026-06-19 18:39:39,24935.98,INR,-24935.98,APK Owner,3,EQUAL,MAESTRO-APK-GROUP-TRIP-2270 | Food | 24935.98,Android,B46,RAMP_1501_2500,CREATED,idem-20260902-apk-2270,android,G01,TRIP,Expense,G01:Expense,ACTIVE,qa.tile.expense,group.expense.amount,group.expense.note,group.expense.submit,group.expense.split.equal,Food,MAESTRO-APK-GROUP-TRIP-2270 | Food | 24935.98,JOINED,Ledger Quick_Add is expense category; Split_Method drives group.expense.split.*
2273,MTR-APK-2273,Group,Shared Experience,Trip,Local Transport,Expense,2026-06-30,10:26:56,2026-06-30 10:26:56,6594.89,INR,-6594.89,APK Aarav,3,PERCENTAGE,MAESTRO-APK-GROUP-TRIP-2273 | Local Transport | 6594.89,Android,B46,RAMP_1501_2500,CREATED,idem-20260902-apk-2273,android,G01,TRIP,Expense,G01:Expense,ACTIVE,qa.tile.expense,group.expense.amount,group.expense.note,group.expense.submit,group.expense.split.percentage,Local Transport,MAESTRO-APK-GROUP-TRIP-2273 | Local Transport | 6594.89,JOINED,Ledger Quick_Add is expense category; Split_Method drives group.expense.split.*
2276,MTR-APK-2276,Group,Shared Experience,Trip,Activities,Expense,2026-04-07,20:52:26,2026-04-07 20:52:26,1062.34,INR,-1062.34,APK Meera,3,EXACT,MAESTRO-APK-GROUP-TRIP-2276 | Activities | 1062.34,Android,B46,RAMP_1501_2500,CREATED,idem-20260902-apk-2276,android,G01,TRIP,Expense,G01:Expense,ACTIVE,qa.tile.expense,group.expense.amount,group.expense.note,group.expense.submit,group.expense.split.exact,Activities,MAESTRO-APK-GROUP-TRIP-2276 | Activities | 1062.34,JOINED,Ledger Quick_Add is expense category; Split_Method drives group.expense.split.*
2279,MTR-APK-2279,Group,Shared Experience,Trip,Shopping,Expense,2025-10-25,09:55:11,2025-10-25 09:55:11,25410.62,INR,-25410.62,APK Owner,3,SHARES,MAESTRO-APK-GROUP-TRIP-2279 | Shopping | 25410.62,Android,B46,RAMP_1501_2500,CREATED,idem-20260902-apk-2279,android,G01,TRIP,Expense,G01:Expense,ACTIVE,qa.tile.expense,group.expense.amount,group.expense.note,group.expense.submit,group.expense.split.shares,Shopping,MAESTRO-APK-GROUP-TRIP-2279 | Shopping | 25410.62,JOINED,Ledger Quick_Add is expense category; Split_Method drives group.expense.split.*
2282,MTR-APK-2282,Group,Shared Experience,Trip,Other,Expense,2026-07-27,00:44:46,2026-07-27 00:44:46,29123.35,INR,-29123.35,APK Aarav,3,EQUAL,MAESTRO-APK-GROUP-TRIP-2282 | Other | 29123.35,Android,B46,RAMP_1501_2500,CREATED,idem-20260902-apk-2282,android,G01,TRIP,Expense,G01:Expense,ACTIVE,qa.tile.expense,group.expense.amount,group.expense.note,group.expense.submit,group.expense.split.equal,Other,MAESTRO-APK-GROUP-TRIP-2282 | Other | 29123.35,JOINED,Ledger Quick_Add is expense category; Split_Method drives group.expense.split.*
2285,MTR-APK-2285,Group,Shared Experience,Wedding,Venue,Expense,2026-06-20,01:33:30,2026-06-20 01:33:30,19700.43,INR,-19700.43,APK Meera,3,PERCENTAGE,MAESTRO-APK-GROUP-WEDDING-2285 | Venue | 19700.43,Android,B46,RAMP_1501_2500,CREATED,idem-20260902-apk-2285,android,G02,WEDDING,Expense,G02:Expense,ACTIVE,qa.tile.expense,group.expense.amount,group.expense.note,group.expense.submit,group.expense.split.percentage,Venue,MAESTRO-APK-GROUP-WEDDING-2285 | Venue | 19700.43,JOINED,Ledger Quick_Add is expense category; Split_Method drives group.expense.split.*
2288,MTR-APK-2288,Group,Shared Experience,Wedding,Catering,Expense,2026-03-21,09:06:01,2026-03-21 09:06:01,8126.78,INR,-8126.78,APK Owner,3,EXACT,MAESTRO-APK-GROUP-WEDDING-2288 | Catering | 8126.78,Android,B46,RAMP_1501_2500,CREATED,idem-20260902-apk-2288,android,G02,WEDDING,Expense,G02:Expense,ACTIVE,qa.tile.expense,group.expense.amount,group.expense.note,group.expense.submit,group.expense.split.exact,Catering,MAESTRO-APK-GROUP-WEDDING-2288 | Catering | 8126.78,JOINED,Ledger Quick_Add is expense category; Split_Method drives group.expense.split.*
2291,MTR-APK-2291,Group,Shared Experience,Wedding,Decor,Expense,2026-06-06,13:53:36,2026-06-06 13:53:36,29053.05,INR,-29053.05,APK Aarav,3,SHARES,MAESTRO-APK-GROUP-WEDDING-2291 | Decor | 29053.05,Android,B46,RAMP_1501_2500,CREATED,idem-20260902-apk-2291,android,G02,WEDDING,Expense,G02:Expense,ACTIVE,qa.tile.expense,group.expense.amount,group.expense.note,group.expense.submit,group.expense.split.shares,Decor,MAESTRO-APK-GROUP-WEDDING-2291 | Decor | 29053.05,JOINED,Ledger Quick_Add is expense category; Split_Method drives group.expense.split.*
2294,MTR-APK-2294,Group,Shared Experience,Wedding,Travel,Expense,2025-10-09,23:08:40,2025-10-09 23:08:40,99.99,INR,-99.99,APK Meera,3,EQUAL,MAESTRO-APK-GROUP-WEDDING-2294 | Travel | 99.99,Android,B46,RAMP_1501_2500,CREATED,idem-20260902-apk-2294,android,G02,WEDDING,Expense,G02:Expense,ACTIVE,qa.tile.expense,group.expense.amount,group.expense.note,group.expense.submit,group.expense.split.equal,Travel,MAESTRO-APK-GROUP-WEDDING-2294 | Travel | 99.99,JOINED,Ledger Quick_Add is expense category; Split_Method drives group.expense.split.*
2297,MTR-APK-2297,Group,Shared Experience,Wedding,Gifts,Expense,2026-08-01,07:57:57,2026-08-01 07:57:57,15919.15,INR,-15919.15,APK Owner,3,PERCENTAGE,MAESTRO-APK-GROUP-WEDDING-2297 | Gifts | 15919.15,Android,B46,RAMP_1501_2500,CREATED,idem-20260902-apk-2297,android,G02,WEDDING,Expense,G02:Expense,ACTIVE,qa.tile.expense,group.expense.amount,group.expense.note,group.expense.submit,group.expense.split.percentage,Gifts,MAESTRO-APK-GROUP-WEDDING-2297 | Gifts | 15919.15,JOINED,Ledger Quick_Add is expense category; Split_Method drives group.expense.split.*
2300,MTR-APK-2300,Group,Shared Experience,Wedding,Photography,Expense,2025-10-10,21:56:46,2025-10-10 21:56:46,147.28,INR,-147.28,APK Aarav,3,EXACT,MAESTRO-APK-GROUP-WEDDING-2300 | Photography | 147.28,Android,B46,RAMP_1501_2500,CREATED,idem-20260902-apk-2300,android,G02,WEDDING,Expense,G02:Expense,ACTIVE,qa.tile.expense,group.expense.amount,group.expense.note,group.expense.submit,group.expense.split.exact,Photography,MAESTRO-APK-GROUP-WEDDING-2300 | Photography | 147.28,JOINED,Ledger Quick_Add is expense category; Split_Method drives group.expense.split.*
2303,MTR-APK-2303,Group,Shared Experience,Wedding,Other,Expense,2025-12-06,17:21:41,2025-12-06 17:21:41,23481.97,INR,-23481.97,APK Meera,3,SHARES,MAESTRO-APK-GROUP-WEDDING-2303 | Other | 23481.97,Android,B47,RAMP_1501_2500,CREATED,idem-20260902-apk-2303,android,G02,WEDDING,Expense,G02:Expense,ACTIVE,qa.tile.expense,group.expense.amount,group.expense.note,group.expense.submit,group.expense.split.shares,Other,MAESTRO-APK-GROUP-WEDDING-2303 | Other | 23481.97,JOINED,Ledger Quick_Add is expense category; Split_Method drives group.expense.split.*
2306,MTR-APK-2306,Group,Shared Experience,Office Outing,Food,Expense,2026-05-27,13:15:20,2026-05-27 13:15:20,28296.84,INR,-28296.84,APK Owner,3,EQUAL,MAESTRO-APK-GROUP-OFFICE_OUTING-2306 | Food | 28296.84,Android,B47,RAMP_1501_2500,CREATED,idem-20260902-apk-2306,android,G04,OFFICE_OUTING,Expense,G04:Expense,ACTIVE,qa.tile.expense,group.expense.amount,group.expense.note,group.expense.submit,group.expense.split.equal,Food,MAESTRO-APK-GROUP-OFFICE_OUTING-2306 | Food | 28296.84,JOINED,Ledger Quick_Add is expense category; Split_Method drives group.expense.split.*
2309,MTR-APK-2309,Group,Shared Experience,Office Outing,Travel,Expense,2025-12-28,01:42:10,2025-12-28 01:42:10,6853.3,INR,-6853.3,APK Aarav,3,PERCENTAGE,MAESTRO-APK-GROUP-OFFICE_OUTING-2309 | Travel | 6853.30,Android,B47,RAMP_1501_2500,CREATED,idem-20260902-apk-2309,android,G04,OFFICE_OUTING,Expense,G04:Expense,ACTIVE,qa.tile.expense,group.expense.amount,group.expense.note,group.expense.submit,group.expense.split.percentage,Travel,MAESTRO-APK-GROUP-OFFICE_OUTING-2309 | Travel | 6853.30,JOINED,Ledger Quick_Add is expense category; Split_Method drives group.expense.split.*
2312,MTR-APK-2312,Group,Shared Experience,Office Outing,Activities,Expense,2026-06-10,13:48:48,2026-06-10 13:48:48,29152.07,INR,-29152.07,APK Meera,3,EXACT,MAESTRO-APK-GROUP-OFFICE_OUTING-2312 | Activities | 29152.07,Android,B47,RAMP_1501_2500,CREATED,idem-20260902-apk-2312,android,G04,OFFICE_OUTING,Expense,G04:Expense,ACTIVE,qa.tile.expense,group.expense.amount,group.expense.note,group.expense.submit,group.expense.split.exact,Activities,MAESTRO-APK-GROUP-OFFICE_OUTING-2312 | Activities | 29152.07,JOINED,Ledger Quick_Add is expense category; Split_Method drives group.expense.split.*
2315,MTR-APK-2315,Group,Shared Experience,Office Outing,Venue,Expense,2025-11-12,22:15:26,2025-11-12 22:15:26,9668.31,INR,-9668.31,APK Owner,3,SHARES,MAESTRO-APK-GROUP-OFFICE_OUTING-2315 | Venue | 9668.31,Android,B47,RAMP_1501_2500,CREATED,idem-20260902-apk-2315,android,G04,OFFICE_OUTING,Expense,G04:Expense,ACTIVE,qa.tile.expense,group.expense.amount,group.expense.note,group.expense.submit,group.expense.split.shares,Venue,MAESTRO-APK-GROUP-OFFICE_OUTING-2315 | Venue | 9668.31,JOINED,Ledger Quick_Add is expense category; Split_Method drives group.expense.split.*
2318,MTR-APK-2318,Group,Shared Experience,Office Outing,Other,Expense,2026-03-15,08:14:48,2026-03-15 08:14:48,6470.78,INR,-6470.78,APK Aarav,3,EQUAL,MAESTRO-APK-GROUP-OFFICE_OUTING-2318 | Other | 6470.78,Android,B47,RAMP_1501_2500,CREATED,idem-20260902-apk-2318,android,G04,OFFICE_OUTING,Expense,G04:Expense,ACTIVE,qa.tile.expense,group.expense.amount,group.expense.note,group.expense.submit,group.expense.split.equal,Other,MAESTRO-APK-GROUP-OFFICE_OUTING-2318 | Other | 6470.78,JOINED,Ledger Quick_Add is expense category; Split_Method drives group.expense.split.*
2321,MTR-APK-2321,Group,Shared Experience,House Party,Food,Expense,2026-05-30,18:56:42,2026-05-30 18:56:42,12231.13,INR,-12231.13,APK Meera,3,PERCENTAGE,MAESTRO-APK-GROUP-HOUSE_PARTY-2321 | Food | 12231.13,Android,B47,RAMP_1501_2500,CREATED,idem-20260902-apk-2321,android,G03,HOUSE_PARTY,Expense,G03:Expense,ACTIVE,qa.tile.expense,group.expense.amount,group.expense.note,group.expense.submit,group.expense.split.percentage,Food,MAESTRO-APK-GROUP-HOUSE_PARTY-2321 | Food | 12231.13,JOINED,Ledger Quick_Add is expense category; Split_Method drives group.expense.split.*
2324,MTR-APK-2324,Group,Shared Experience,House Party,Drinks,Expense,2026-05-02,22:09:22,2026-05-02 22:09:22,12813.77,INR,-12813.77,APK Owner,3,EXACT,MAESTRO-APK-GROUP-HOUSE_PARTY-2324 | Drinks | 12813.77,Android,B47,RAMP_1501_2500,CREATED,idem-20260902-apk-2324,android,G03,HOUSE_PARTY,Expense,G03:Expense,ACTIVE,qa.tile.expense,group.expense.amount,group.expense.note,group.expense.submit,group.expense.split.exact,Drinks,MAESTRO-APK-GROUP-HOUSE_PARTY-2324 | Drinks | 12813.77,JOINED,Ledger Quick_Add is expense category; Split_Method drives group.expense.split.*
2327,MTR-APK-2327,Group,Shared Experience,House Party,Decor,Expense,2025-11-26,06:21:43,2025-11-26 06:21:43,16031.62,INR,-16031.62,APK Aarav,3,SHARES,MAESTRO-APK-GROUP-HOUSE_PARTY-2327 | Decor | 16031.62,Android,B47,RAMP_1501_2500,CREATED,idem-20260902-apk-2327,android,G03,HOUSE_PARTY,Expense,G03:Expense,ACTIVE,qa.tile.expense,group.expense.amount,group.expense.note,group.expense.submit,group.expense.split.shares,Decor,MAESTRO-APK-GROUP-HOUSE_PARTY-2327 | Decor | 16031.62,JOINED,Ledger Quick_Add is expense category; Split_Method drives group.expense.split.*
2330,MTR-APK-2330,Group,Shared Experience,House Party,Supplies,Expense,2026-01-24,04:29:39,2026-01-24 04:29:39,8063.7,INR,-8063.7,APK Meera,3,EQUAL,MAESTRO-APK-GROUP-HOUSE_PARTY-2330 | Supplies | 8063.70,Android,B47,RAMP_1501_2500,CREATED,idem-20260902-apk-2330,android,G03,HOUSE_PARTY,Expense,G03:Expense,ACTIVE,qa.tile.expense,group.expense.amount,group.expense.note,group.expense.submit,group.expense.split.equal,Supplies,MAESTRO-APK-GROUP-HOUSE_PARTY-2330 | Supplies | 8063.70,JOINED,Ledger Quick_Add is expense category; Split_Method drives group.expense.split.*
2333,MTR-APK-2333,Group,Shared Experience,House Party,Other,Expense,2026-03-13,13:18:38,2026-03-13 13:18:38,29771.76,INR,-29771.76,APK Owner,3,PERCENTAGE,MAESTRO-APK-GROUP-HOUSE_PARTY-2333 | Other | 29771.76,Android,B47,RAMP_1501_2500,CREATED,idem-20260902-apk-2333,android,G03,HOUSE_PARTY,Expense,G03:Expense,ACTIVE,qa.tile.expense,group.expense.amount,group.expense.note,group.expense.submit,group.expense.split.percentage,Other,MAESTRO-APK-GROUP-HOUSE_PARTY-2333 | Other | 29771.76,JOINED,Ledger Quick_Add is expense category; Split_Method drives group.expense.split.*
2336,MTR-APK-2336,Group,Shared Purchase,Gift Pool,Contribution,Contribution,2026-05-27,15:59:43,2026-05-27 15:59:43,4219.88,INR,4219.88,APK Aarav,3,EXACT,MAESTRO-APK-GROUP-GIFT_POOL-2336 | Contribution | 4219.88,Android,B47,RAMP_1501_2500,CREATED,idem-20260902-apk-2336,android,G05,GIFT_POOL,Contribute,G05:Contribute,ACTIVE,qa.tile.contribute,group.contribute.amount,group.contribute.note,group.contribute.submit,group.expense.split.exact,Contribution,MAESTRO-APK-GROUP-GIFT_POOL-2336 | Contribution | 4219.88,JOINED,
2339,MTR-APK-2339,Group,Shared Purchase,Gift Pool,Gift Purchase,Expense,2026-01-20,15:30:30,2026-01-20 15:30:30,27504.29,INR,-27504.29,APK Meera,3,SHARES,MAESTRO-APK-GROUP-GIFT_POOL-2339 | Gift Purchase | 27504.29,Android,B47,RAMP_1501_2500,CREATED,idem-20260902-apk-2339,android,G05,GIFT_POOL,Expense,G05:Expense,ACTIVE,qa.tile.expense,group.expense.amount,group.expense.note,group.expense.submit,group.expense.split.shares,Gift Purchase,MAESTRO-APK-GROUP-GIFT_POOL-2339 | Gift Purchase | 27504.29,JOINED,Ledger Quick_Add is expense category; Split_Method drives group.expense.split.*
2342,MTR-APK-2342,Group,Shared Purchase,Gift Pool,Delivery,Expense,2026-01-06,21:42:37,2026-01-06 21:42:37,20877.33,INR,-20877.33,APK Owner,3,EQUAL,MAESTRO-APK-GROUP-GIFT_POOL-2342 | Delivery | 20877.33,Android,B47,RAMP_1501_2500,CREATED,idem-20260902-apk-2342,android,G05,GIFT_POOL,Expense,G05:Expense,ACTIVE,qa.tile.expense,group.expense.amount,group.expense.note,group.expense.submit,group.expense.split.equal,Delivery,MAESTRO-APK-GROUP-GIFT_POOL-2342 | Delivery | 20877.33,JOINED,Ledger Quick_Add is expense category; Split_Method drives group.expense.split.*
2345,MTR-APK-2345,Group,Shared Purchase,Gift Pool,Other,Expense,2025-11-11,18:47:34,2025-11-11 18:47:34,19182.66,INR,-19182.66,APK Aarav,3,PERCENTAGE,MAESTRO-APK-GROUP-GIFT_POOL-2345 | Other | 19182.66,Android,B47,RAMP_1501_2500,CREATED,idem-20260902-apk-2345,android,G05,GIFT_POOL,Expense,G05:Expense,ACTIVE,qa.tile.expense,group.expense.amount,group.expense.note,group.expense.submit,group.expense.split.percentage,Other,MAESTRO-APK-GROUP-GIFT_POOL-2345 | Other | 19182.66,JOINED,Ledger Quick_Add is expense category; Split_Method drives group.expense.split.*
2348,MTR-APK-2348,Group,Shared Purchase,Purchase,Item,Expense,2026-04-16,16:32:55,2026-04-16 16:32:55,16484.87,INR,-16484.87,APK Meera,3,EXACT,MAESTRO-APK-GROUP-PURCHASE-2348 | Item | 16484.87,Android,B47,RAMP_1501_2500,CREATED,idem-20260902-apk-2348,android,G06,GROUP_PURCHASE,Expense,G06:Expense,ACTIVE,qa.tile.expense,group.expense.amount,group.expense.note,group.expense.submit,group.expense.split.exact,Item,MAESTRO-APK-GROUP-PURCHASE-2348 | Item | 16484.87,JOINED,Ledger Quick_Add is expense category; Split_Method drives group.expense.split.*
2351,MTR-APK-2351,Group,Shared Purchase,Purchase,Shipping,Expense,2025-09-16,22:03:15,2025-09-16 22:03:15,20505.31,INR,-20505.31,APK Owner,3,SHARES,MAESTRO-APK-GROUP-PURCHASE-2351 | Shipping | 20505.31,Android,B48,RAMP_1501_2500,CREATED,idem-20260902-apk-2351,android,G06,GROUP_PURCHASE,Expense,G06:Expense,ACTIVE,qa.tile.expense,group.expense.amount,group.expense.note,group.expense.submit,group.expense.split.shares,Shipping,MAESTRO-APK-GROUP-PURCHASE-2351 | Shipping | 20505.31,JOINED,Ledger Quick_Add is expense category; Split_Method drives group.expense.split.*
2354,MTR-APK-2354,Group,Shared Purchase,Purchase,Tax,Expense,2025-10-27,14:38:33,2025-10-27 14:38:33,28200.07,INR,-28200.07,APK Aarav,3,EQUAL,MAESTRO-APK-GROUP-PURCHASE-2354 | Tax | 28200.07,Android,B48,RAMP_1501_2500,CREATED,idem-20260902-apk-2354,android,G06,GROUP_PURCHASE,Expense,G06:Expense,ACTIVE,qa.tile.expense,group.expense.amount,group.expense.note,group.expense.submit,group.expense.split.equal,Tax,MAESTRO-APK-GROUP-PURCHASE-2354 | Tax | 28200.07,JOINED,Ledger Quick_Add is expense category; Split_Method drives group.expense.split.*
2357,MTR-APK-2357,Group,Shared Purchase,Purchase,Other,Expense,2025-12-30,06:52:27,2025-12-30 06:52:27,27909.8,INR,-27909.8,APK Meera,3,PERCENTAGE,MAESTRO-APK-GROUP-PURCHASE-2357 | Other | 27909.80,Android,B48,RAMP_1501_2500,CREATED,idem-20260902-apk-2357,android,G06,GROUP_PURCHASE,Expense,G06:Expense,ACTIVE,qa.tile.expense,group.expense.amount,group.expense.note,group.expense.submit,group.expense.split.percentage,Other,MAESTRO-APK-GROUP-PURCHASE-2357 | Other | 27909.80,JOINED,Ledger Quick_Add is expense category; Split_Method drives group.expense.split.*
2360,MTR-APK-2360,Group,Shared Purchase,Assets,Purchase,Expense,2026-01-03,18:40:27,2026-01-03 18:40:27,4741.52,INR,-4741.52,APK Owner,3,EXACT,MAESTRO-APK-GROUP-ASSETS-2360 | Purchase | 4741.52,Android,B48,RAMP_1501_2500,CREATED,idem-20260902-apk-2360,android,G07,SHARED_ASSET,Expense,G07:Expense,ACTIVE,qa.tile.expense,group.expense.amount,group.expense.note,group.expense.submit,group.expense.split.exact,Purchase,MAESTRO-APK-GROUP-ASSETS-2360 | Purchase | 4741.52,JOINED,Ledger Quick_Add is expense category; Split_Method drives group.expense.split.*
2363,MTR-APK-2363,Group,Shared Purchase,Assets,Maintenance,Expense,2026-05-23,07:49:28,2026-05-23 07:49:28,22208.06,INR,-22208.06,APK Aarav,3,SHARES,MAESTRO-APK-GROUP-ASSETS-2363 | Maintenance | 22208.06,Android,B48,RAMP_1501_2500,CREATED,idem-20260902-apk-2363,android,G07,SHARED_ASSET,Expense,G07:Expense,ACTIVE,qa.tile.expense,group.expense.amount,group.expense.note,group.expense.submit,group.expense.split.shares,Maintenance,MAESTRO-APK-GROUP-ASSETS-2363 | Maintenance | 22208.06,JOINED,Ledger Quick_Add is expense category; Split_Method drives group.expense.split.*
2366,MTR-APK-2366,Group,Shared Purchase,Assets,Repair,Expense,2025-10-20,01:44:33,2025-10-20 01:44:33,5495.51,INR,-5495.51,APK Meera,3,EQUAL,MAESTRO-APK-GROUP-ASSETS-2366 | Repair | 5495.51,Android,B48,RAMP_1501_2500,CREATED,idem-20260902-apk-2366,android,G07,SHARED_ASSET,Expense,G07:Expense,ACTIVE,qa.tile.expense,group.expense.amount,group.expense.note,group.expense.submit,group.expense.split.equal,Repair,MAESTRO-APK-GROUP-ASSETS-2366 | Repair | 5495.51,JOINED,Ledger Quick_Add is expense category; Split_Method drives group.expense.split.*
2369,MTR-APK-2369,Group,Shared Purchase,Assets,Insurance,Expense,2025-10-13,03:16:48,2025-10-13 03:16:48,28507.98,INR,-28507.98,APK Owner,3,PERCENTAGE,MAESTRO-APK-GROUP-ASSETS-2369 | Insurance | 28507.98,Android,B48,RAMP_1501_2500,CREATED,idem-20260902-apk-2369,android,G07,SHARED_ASSET,Expense,G07:Expense,ACTIVE,qa.tile.expense,group.expense.amount,group.expense.note,group.expense.submit,group.expense.split.percentage,Insurance,MAESTRO-APK-GROUP-ASSETS-2369 | Insurance | 28507.98,JOINED,Ledger Quick_Add is expense category; Split_Method drives group.expense.split.*
2372,MTR-APK-2372,Group,Shared Purchase,Assets,Other,Expense,2026-02-16,14:09:48,2026-02-16 14:09:48,850.57,INR,-850.57,APK Aarav,3,EXACT,MAESTRO-APK-GROUP-ASSETS-2372 | Other | 850.57,Android,B48,RAMP_1501_2500,CREATED,idem-20260902-apk-2372,android,G07,SHARED_ASSET,Expense,G07:Expense,ACTIVE,qa.tile.expense,group.expense.amount,group.expense.note,group.expense.submit,group.expense.split.exact,Other,MAESTRO-APK-GROUP-ASSETS-2372 | Other | 850.57,JOINED,Ledger Quick_Add is expense category; Split_Method drives group.expense.split.*
2375,MTR-APK-2375,Group,Shared Purchase,Custom Purchase,Custom Expense,Expense,2026-06-24,09:16:23,2026-06-24 09:16:23,23464.62,INR,-23464.62,APK Meera,3,SHARES,MAESTRO-APK-GROUP-CUSTOM_PURCHASE-2375 | Custom Expense | 23464.62,Android,B48,RAMP_1501_2500,CREATED,idem-20260902-apk-2375,android,G08,COMMUNITY_PURCHASE,Expense,G08:Expense,ACTIVE,qa.tile.expense,group.expense.amount,group.expense.note,group.expense.submit,group.expense.split.shares,Custom Expense,MAESTRO-APK-GROUP-CUSTOM_PURCHASE-2375 | Custom Expense | 23464.62,JOINED,Ledger Quick_Add is expense category; Split_Method drives group.expense.split.*
2378,MTR-APK-2378,Group,Shared Purchase,Custom Purchase,Custom Contribution,Contribution,2025-12-10,21:36:53,2025-12-10 21:36:53,9260.57,INR,9260.57,APK Owner,3,EQUAL,MAESTRO-APK-GROUP-CUSTOM_PURCHASE-2378 | Custom Contribution | 9260.57,Android,B48,RAMP_1501_2500,CREATED,idem-20260902-apk-2378,android,G08,COMMUNITY_PURCHASE,Contribute,G08:Contribute,ACTIVE,qa.tile.contribute,group.contribute.amount,group.contribute.note,group.contribute.submit,group.expense.split.equal,Custom Contribution,MAESTRO-APK-GROUP-CUSTOM_PURCHASE-2378 | Custom Contribution | 9260.57,JOINED,
2381,MTR-APK-2381,Group,Shared Living,Flatmates,Rent,Expense,2026-04-26,20:56:32,2026-04-26 20:56:32,15845.28,INR,-15845.28,APK Aarav,3,PERCENTAGE,MAESTRO-APK-GROUP-FLATMATES-2381 | Rent | 15845.28,Android,B48,RAMP_1501_2500,CREATED,idem-20260902-apk-2381,android,G09,FLATMATES,Expense,G09:Expense,ACTIVE,qa.tile.expense,group.expense.amount,group.expense.note,group.expense.submit,group.expense.split.percentage,Rent,MAESTRO-APK-GROUP-FLATMATES-2381 | Rent | 15845.28,JOINED,Ledger Quick_Add is expense category; Split_Method drives group.expense.split.*
2384,MTR-APK-2384,Group,Shared Living,Flatmates,Utilities,Expense,2025-10-02,04:50:29,2025-10-02 04:50:29,9576.93,INR,-9576.93,APK Meera,3,EXACT,MAESTRO-APK-GROUP-FLATMATES-2384 | Utilities | 9576.93,Android,B48,RAMP_1501_2500,CREATED,idem-20260902-apk-2384,android,G09,FLATMATES,Expense,G09:Expense,ACTIVE,qa.tile.expense,group.expense.amount,group.expense.note,group.expense.submit,group.expense.split.exact,Utilities,MAESTRO-APK-GROUP-FLATMATES-2384 | Utilities | 9576.93,JOINED,Ledger Quick_Add is expense category; Split_Method drives group.expense.split.*
2387,MTR-APK-2387,Group,Shared Living,Flatmates,Groceries,Expense,2026-01-07,11:48:19,2026-01-07 11:48:19,16362.26,INR,-16362.26,APK Owner,3,SHARES,MAESTRO-APK-GROUP-FLATMATES-2387 | Groceries | 16362.26,Android,B48,RAMP_1501_2500,CREATED,idem-20260902-apk-2387,android,G09,FLATMATES,Expense,G09:Expense,ACTIVE,qa.tile.expense,group.expense.amount,group.expense.note,group.expense.submit,group.expense.split.shares,Groceries,MAESTRO-APK-GROUP-FLATMATES-2387 | Groceries | 16362.26,JOINED,Ledger Quick_Add is expense category; Split_Method drives group.expense.split.*
2390,MTR-APK-2390,Group,Shared Living,Flatmates,Internet,Expense,2025-09-24,05:11:47,2025-09-24 05:11:47,18033.93,INR,-18033.93,APK Aarav,3,EQUAL,MAESTRO-APK-GROUP-FLATMATES-2390 | Internet | 18033.93,Android,B48,RAMP_1501_2500,CREATED,idem-20260902-apk-2390,android,G09,FLATMATES,Expense,G09:Expense,ACTIVE,qa.tile.expense,group.expense.amount,group.expense.note,group.expense.submit,group.expense.split.equal,Internet,MAESTRO-APK-GROUP-FLATMATES-2390 | Internet | 18033.93,JOINED,Ledger Quick_Add is expense category; Split_Method drives group.expense.split.*
2393,MTR-APK-2393,Group,Shared Living,Flatmates,House Supplies,Expense,2026-06-06,00:13:59,2026-06-06 00:13:59,21804.29,INR,-21804.29,APK Meera,3,PERCENTAGE,MAESTRO-APK-GROUP-FLATMATES-2393 | House Supplies | 21804.29,Android,B48,RAMP_1501_2500,CREATED,idem-20260902-apk-2393,android,G09,FLATMATES,Expense,G09:Expense,ACTIVE,qa.tile.expense,group.expense.amount,group.expense.note,group.expense.submit,group.expense.split.percentage,House Supplies,MAESTRO-APK-GROUP-FLATMATES-2393 | House Supplies | 21804.29,JOINED,Ledger Quick_Add is expense category; Split_Method drives group.expense.split.*
2396,MTR-APK-2396,Group,Shared Living,Flatmates,Repairs,Expense,2025-12-21,09:01:25,2025-12-21 09:01:25,21052.62,INR,-21052.62,APK Owner,3,EXACT,MAESTRO-APK-GROUP-FLATMATES-2396 | Repairs | 21052.62,Android,B48,RAMP_1501_2500,CREATED,idem-20260902-apk-2396,android,G09,FLATMATES,Expense,G09:Expense,ACTIVE,qa.tile.expense,group.expense.amount,group.expense.note,group.expense.submit,group.expense.split.exact,Repairs,MAESTRO-APK-GROUP-FLATMATES-2396 | Repairs | 21052.62,JOINED,Ledger Quick_Add is expense category; Split_Method drives group.expense.split.*
2399,MTR-APK-2399,Group,Shared Living,Shared Living,Rent,Expense,2025-12-31,06:23:18,2025-12-31 06:23:18,27980.4,INR,-27980.4,APK Aarav,3,SHARES,MAESTRO-APK-GROUP-SHARED_LIVING-2399 | Rent | 27980.40,Android,B48,RAMP_1501_2500,CREATED,idem-20260902-apk-2399,android,G11,CO_LIVING,Expense,G11:Expense,ACTIVE,qa.tile.expense,group.expense.amount,group.expense.note,group.expense.submit,group.expense.split.shares,Rent,MAESTRO-APK-GROUP-SHARED_LIVING-2399 | Rent | 27980.40,JOINED,Ledger Quick_Add is expense category; Split_Method drives group.expense.split.*
2402,MTR-APK-2402,Group,Shared Living,Shared Living,Utilities,Expense,2026-01-18,04:06:40,2026-01-18 04:06:40,24793.35,INR,-24793.35,APK Meera,3,EQUAL,MAESTRO-APK-GROUP-SHARED_LIVING-2402 | Utilities | 24793.35,Android,B49,RAMP_1501_2500,CREATED,idem-20260902-apk-2402,android,G11,CO_LIVING,Expense,G11:Expense,ACTIVE,qa.tile.expense,group.expense.amount,group.expense.note,group.expense.submit,group.expense.split.equal,Utilities,MAESTRO-APK-GROUP-SHARED_LIVING-2402 | Utilities | 24793.35,JOINED,Ledger Quick_Add is expense category; Split_Method drives group.expense.split.*
2405,MTR-APK-2405,Group,Shared Living,Shared Living,Groceries,Expense,2026-07-25,16:48:29,2026-07-25 16:48:29,10000.0,INR,-10000.0,APK Owner,3,PERCENTAGE,MAESTRO-APK-GROUP-SHARED_LIVING-2405 | Groceries | 10000.00,Android,B49,RAMP_1501_2500,CREATED,idem-20260902-apk-2405,android,G11,CO_LIVING,Expense,G11:Expense,ACTIVE,qa.tile.expense,group.expense.amount,group.expense.note,group.expense.submit,group.expense.split.percentage,Groceries,MAESTRO-APK-GROUP-SHARED_LIVING-2405 | Groceries | 10000.00,JOINED,Ledger Quick_Add is expense category; Split_Method drives group.expense.split.*
2408,MTR-APK-2408,Group,Shared Living,Shared Living,Maintenance,Expense,2025-11-14,10:52:30,2025-11-14 10:52:30,28238.51,INR,-28238.51,APK Aarav,3,EXACT,MAESTRO-APK-GROUP-SHARED_LIVING-2408 | Maintenance | 28238.51,Android,B49,RAMP_1501_2500,CREATED,idem-20260902-apk-2408,android,G11,CO_LIVING,Expense,G11:Expense,ACTIVE,qa.tile.expense,group.expense.amount,group.expense.note,group.expense.submit,group.expense.split.exact,Maintenance,MAESTRO-APK-GROUP-SHARED_LIVING-2408 | Maintenance | 28238.51,JOINED,Ledger Quick_Add is expense category; Split_Method drives group.expense.split.*
2411,MTR-APK-2411,Group,Shared Living,Shared Living,Other,Expense,2025-10-15,12:34:20,2025-10-15 12:34:20,19269.1,INR,-19269.1,APK Meera,3,SHARES,MAESTRO-APK-GROUP-SHARED_LIVING-2411 | Other | 19269.10,Android,B49,RAMP_1501_2500,CREATED,idem-20260902-apk-2411,android,G11,CO_LIVING,Expense,G11:Expense,ACTIVE,qa.tile.expense,group.expense.amount,group.expense.note,group.expense.submit,group.expense.split.shares,Other,MAESTRO-APK-GROUP-SHARED_LIVING-2411 | Other | 19269.10,JOINED,Ledger Quick_Add is expense category; Split_Method drives group.expense.split.*
2414,MTR-APK-2414,Group,Shared Living,Family Household,School,Expense,2025-09-05,19:22:00,2025-09-05 19:22:00,14968.77,INR,-14968.77,APK Owner,3,EQUAL,MAESTRO-APK-GROUP-FAMILY_HOUSEHOLD-2414 | School | 14968.77,Android,B49,RAMP_1501_2500,CREATED,idem-20260902-apk-2414,android,G10,FAMILY_HOUSEHOLD,Expense,G10:Expense,ACTIVE,qa.tile.expense,group.expense.amount,group.expense.note,group.expense.submit,group.expense.split.equal,School,MAESTRO-APK-GROUP-FAMILY_HOUSEHOLD-2414 | School | 14968.77,JOINED,Ledger Quick_Add is expense category; Split_Method drives group.expense.split.*
2417,MTR-APK-2417,Group,Shared Living,Family Household,Other,Expense,2026-05-19,19:42:14,2026-05-19 19:42:14,11137.18,INR,-11137.18,APK Aarav,3,PERCENTAGE,MAESTRO-APK-GROUP-FAMILY_HOUSEHOLD-2417 | Other | 11137.18,Android,B49,RAMP_1501_2500,CREATED,idem-20260902-apk-2417,android,G10,FAMILY_HOUSEHOLD,Expense,G10:Expense,ACTIVE,qa.tile.expense,group.expense.amount,group.expense.note,group.expense.submit,group.expense.split.percentage,Other,MAESTRO-APK-GROUP-FAMILY_HOUSEHOLD-2417 | Other | 11137.18,JOINED,Ledger Quick_Add is expense category; Split_Method drives group.expense.split.*
2420,MTR-APK-2420,Group,Shared Living,Family Household,Rent,Expense,2025-10-28,16:27:15,2025-10-28 16:27:15,1538.16,INR,-1538.16,APK Meera,3,EXACT,MAESTRO-APK-GROUP-FAMILY_HOUSEHOLD-2420 | Rent | 1538.16,Android,B49,RAMP_1501_2500,CREATED,idem-20260902-apk-2420,android,G10,FAMILY_HOUSEHOLD,Expense,G10:Expense,ACTIVE,qa.tile.expense,group.expense.amount,group.expense.note,group.expense.submit,group.expense.split.exact,Rent,MAESTRO-APK-GROUP-FAMILY_HOUSEHOLD-2420 | Rent | 1538.16,JOINED,Ledger Quick_Add is expense category; Split_Method drives group.expense.split.*
2423,MTR-APK-2423,Group,Shared Living,Family Household,Groceries,Expense,2025-11-30,12:37:37,2025-11-30 12:37:37,29736.73,INR,-29736.73,APK Owner,3,SHARES,MAESTRO-APK-GROUP-FAMILY_HOUSEHOLD-2423 | Groceries | 29736.73,Android,B49,RAMP_1501_2500,CREATED,idem-20260902-apk-2423,android,G10,FAMILY_HOUSEHOLD,Expense,G10:Expense,ACTIVE,qa.tile.expense,group.expense.amount,group.expense.note,group.expense.submit,group.expense.split.shares,Groceries,MAESTRO-APK-GROUP-FAMILY_HOUSEHOLD-2423 | Groceries | 29736.73,JOINED,Ledger Quick_Add is expense category; Split_Method drives group.expense.split.*
2426,MTR-APK-2426,Group,Shared Living,Family Household,Transport,Expense,2026-06-07,17:30:28,2026-06-07 17:30:28,10477.11,INR,-10477.11,APK Aarav,3,EQUAL,MAESTRO-APK-GROUP-FAMILY_HOUSEHOLD-2426 | Transport | 10477.11,Android,B49,RAMP_1501_2500,CREATED,idem-20260902-apk-2426,android,G10,FAMILY_HOUSEHOLD,Expense,G10:Expense,ACTIVE,qa.tile.expense,group.expense.amount,group.expense.note,group.expense.submit,group.expense.split.equal,Transport,MAESTRO-APK-GROUP-FAMILY_HOUSEHOLD-2426 | Transport | 10477.11,JOINED,Ledger Quick_Add is expense category; Split_Method drives group.expense.split.*
2429,MTR-APK-2429,Group,Shared Living,Family Household,Bills,Expense,2025-10-18,00:47:35,2025-10-18 00:47:35,28161.52,INR,-28161.52,APK Meera,3,PERCENTAGE,MAESTRO-APK-GROUP-FAMILY_HOUSEHOLD-2429 | Bills | 28161.52,Android,B49,RAMP_1501_2500,CREATED,idem-20260902-apk-2429,android,G10,FAMILY_HOUSEHOLD,Expense,G10:Expense,ACTIVE,qa.tile.expense,group.expense.amount,group.expense.note,group.expense.submit,group.expense.split.percentage,Bills,MAESTRO-APK-GROUP-FAMILY_HOUSEHOLD-2429 | Bills | 28161.52,JOINED,Ledger Quick_Add is expense category; Split_Method drives group.expense.split.*
2432,MTR-APK-2432,Group,Shared Living,Custom Living,Custom Expense,Expense,2026-07-16,05:40:42,2026-07-16 05:40:42,23946.6,INR,-23946.6,APK Owner,3,EXACT,MAESTRO-APK-GROUP-CUSTOM_LIVING-2432 | Custom Expense | 23946.60,Android,B49,RAMP_1501_2500,CREATED,idem-20260902-apk-2432,android,G12,COMMUNITY_LIVING,Expense,G12:Expense,ACTIVE,qa.tile.expense,group.expense.amount,group.expense.note,group.expense.submit,group.expense.split.exact,Custom Expense,MAESTRO-APK-GROUP-CUSTOM_LIVING-2432 | Custom Expense | 23946.60,JOINED,Ledger Quick_Add is expense category; Split_Method drives group.expense.split.*
2435,MTR-APK-2435,Group,Shared Living,Custom Living,Custom Contribution,Contribution,2026-05-05,05:45:59,2026-05-05 05:45:59,11316.05,INR,11316.05,APK Aarav,3,SHARES,MAESTRO-APK-GROUP-CUSTOM_LIVING-2435 | Custom Contribution | 11316.05,Android,B49,RAMP_1501_2500,CREATED,idem-20260902-apk-2435,android,G12,COMMUNITY_LIVING,Contribute,G12:Contribute,,qa.tile.contribute,group.contribute.amount,group.contribute.note,group.contribute.submit,group.expense.split.shares,Custom Contribution,MAESTRO-APK-GROUP-CUSTOM_LIVING-2435 | Custom Contribution | 11316.05,SKIP_CAPABILITY_GAP,Custom Living hub has no Contribution tile (same as Family Household)
2438,MTR-APK-2438,Group,Shared Experience,Trip,Travel,Expense,2025-09-06,21:41:54,2025-09-06 21:41:54,21135.51,INR,-21135.51,APK Meera,3,EQUAL,MAESTRO-APK-GROUP-TRIP-2438 | Travel | 21135.51,Android,B49,RAMP_1501_2500,CREATED,idem-20260902-apk-2438,android,G01,TRIP,Expense,G01:Expense,ACTIVE,qa.tile.expense,group.expense.amount,group.expense.note,group.expense.submit,group.expense.split.equal,Travel,MAESTRO-APK-GROUP-TRIP-2438 | Travel | 21135.51,JOINED,Ledger Quick_Add is expense category; Split_Method drives group.expense.split.*
2441,MTR-APK-2441,Group,Shared Experience,Trip,Stay,Expense,2026-02-28,06:16:10,2026-02-28 06:16:10,5288.6,INR,-5288.6,APK Owner,3,PERCENTAGE,MAESTRO-APK-GROUP-TRIP-2441 | Stay | 5288.60,Android,B49,RAMP_1501_2500,CREATED,idem-20260902-apk-2441,android,G01,TRIP,Expense,G01:Expense,ACTIVE,qa.tile.expense,group.expense.amount,group.expense.note,group.expense.submit,group.expense.split.percentage,Stay,MAESTRO-APK-GROUP-TRIP-2441 | Stay | 5288.60,JOINED,Ledger Quick_Add is expense category; Split_Method drives group.expense.split.*
2444,MTR-APK-2444,Group,Shared Experience,Trip,Food,Expense,2026-04-25,14:40:42,2026-04-25 14:40:42,20916.21,INR,-20916.21,APK Aarav,3,EXACT,MAESTRO-APK-GROUP-TRIP-2444 | Food | 20916.21,Android,B49,RAMP_1501_2500,CREATED,idem-20260902-apk-2444,android,G01,TRIP,Expense,G01:Expense,ACTIVE,qa.tile.expense,group.expense.amount,group.expense.note,group.expense.submit,group.expense.split.exact,Food,MAESTRO-APK-GROUP-TRIP-2444 | Food | 20916.21,JOINED,Ledger Quick_Add is expense category; Split_Method drives group.expense.split.*
2447,MTR-APK-2447,Group,Shared Experience,Trip,Local Transport,Expense,2025-12-15,04:57:27,2025-12-15 04:57:27,29398.54,INR,-29398.54,APK Meera,3,SHARES,MAESTRO-APK-GROUP-TRIP-2447 | Local Transport | 29398.54,Android,B49,RAMP_1501_2500,CREATED,idem-20260902-apk-2447,android,G01,TRIP,Expense,G01:Expense,ACTIVE,qa.tile.expense,group.expense.amount,group.expense.note,group.expense.submit,group.expense.split.shares,Local Transport,MAESTRO-APK-GROUP-TRIP-2447 | Local Transport | 29398.54,JOINED,Ledger Quick_Add is expense category; Split_Method drives group.expense.split.*
2450,MTR-APK-2450,Group,Shared Experience,Trip,Activities,Expense,2025-11-18,06:35:24,2025-11-18 06:35:24,9402.72,INR,-9402.72,APK Owner,3,EQUAL,MAESTRO-APK-GROUP-TRIP-2450 | Activities | 9402.72,Android,B49,RAMP_1501_2500,CREATED,idem-20260902-apk-2450,android,G01,TRIP,Expense,G01:Expense,ACTIVE,qa.tile.expense,group.expense.amount,group.expense.note,group.expense.submit,group.expense.split.equal,Activities,MAESTRO-APK-GROUP-TRIP-2450 | Activities | 9402.72,JOINED,Ledger Quick_Add is expense category; Split_Method drives group.expense.split.*
2453,MTR-APK-2453,Group,Shared Experience,Trip,Shopping,Expense,2026-06-26,01:39:49,2026-06-26 01:39:49,8088.16,INR,-8088.16,APK Aarav,3,PERCENTAGE,MAESTRO-APK-GROUP-TRIP-2453 | Shopping | 8088.16,Android,B50,RAMP_1501_2500,CREATED,idem-20260902-apk-2453,android,G01,TRIP,Expense,G01:Expense,ACTIVE,qa.tile.expense,group.expense.amount,group.expense.note,group.expense.submit,group.expense.split.percentage,Shopping,MAESTRO-APK-GROUP-TRIP-2453 | Shopping | 8088.16,JOINED,Ledger Quick_Add is expense category; Split_Method drives group.expense.split.*
2456,MTR-APK-2456,Group,Shared Experience,Trip,Other,Expense,2026-05-29,15:35:24,2026-05-29 15:35:24,21509.25,INR,-21509.25,APK Meera,3,EXACT,MAESTRO-APK-GROUP-TRIP-2456 | Other | 21509.25,Android,B50,RAMP_1501_2500,CREATED,idem-20260902-apk-2456,android,G01,TRIP,Expense,G01:Expense,ACTIVE,qa.tile.expense,group.expense.amount,group.expense.note,group.expense.submit,group.expense.split.exact,Other,MAESTRO-APK-GROUP-TRIP-2456 | Other | 21509.25,JOINED,Ledger Quick_Add is expense category; Split_Method drives group.expense.split.*
2459,MTR-APK-2459,Group,Shared Experience,Wedding,Venue,Expense,2025-12-01,13:03:45,2025-12-01 13:03:45,10403.97,INR,-10403.97,APK Owner,3,SHARES,MAESTRO-APK-GROUP-WEDDING-2459 | Venue | 10403.97,Android,B50,RAMP_1501_2500,CREATED,idem-20260902-apk-2459,android,G02,WEDDING,Expense,G02:Expense,ACTIVE,qa.tile.expense,group.expense.amount,group.expense.note,group.expense.submit,group.expense.split.shares,Venue,MAESTRO-APK-GROUP-WEDDING-2459 | Venue | 10403.97,JOINED,Ledger Quick_Add is expense category; Split_Method drives group.expense.split.*
2462,MTR-APK-2462,Group,Shared Experience,Wedding,Catering,Expense,2025-10-09,22:56:57,2025-10-09 22:56:57,13253.61,INR,-13253.61,APK Aarav,3,EQUAL,MAESTRO-APK-GROUP-WEDDING-2462 | Catering | 13253.61,Android,B50,RAMP_1501_2500,CREATED,idem-20260902-apk-2462,android,G02,WEDDING,Expense,G02:Expense,ACTIVE,qa.tile.expense,group.expense.amount,group.expense.note,group.expense.submit,group.expense.split.equal,Catering,MAESTRO-APK-GROUP-WEDDING-2462 | Catering | 13253.61,JOINED,Ledger Quick_Add is expense category; Split_Method drives group.expense.split.*
2465,MTR-APK-2465,Group,Shared Experience,Wedding,Decor,Expense,2025-11-01,18:35:37,2025-11-01 18:35:37,22619.86,INR,-22619.86,APK Meera,3,PERCENTAGE,MAESTRO-APK-GROUP-WEDDING-2465 | Decor | 22619.86,Android,B50,RAMP_1501_2500,CREATED,idem-20260902-apk-2465,android,G02,WEDDING,Expense,G02:Expense,ACTIVE,qa.tile.expense,group.expense.amount,group.expense.note,group.expense.submit,group.expense.split.percentage,Decor,MAESTRO-APK-GROUP-WEDDING-2465 | Decor | 22619.86,JOINED,Ledger Quick_Add is expense category; Split_Method drives group.expense.split.*
2468,MTR-APK-2468,Group,Shared Experience,Wedding,Travel,Expense,2026-07-19,01:19:02,2026-07-19 01:19:02,4189.1,INR,-4189.1,APK Owner,3,EXACT,MAESTRO-APK-GROUP-WEDDING-2468 | Travel | 4189.10,Android,B50,RAMP_1501_2500,CREATED,idem-20260902-apk-2468,android,G02,WEDDING,Expense,G02:Expense,ACTIVE,qa.tile.expense,group.expense.amount,group.expense.note,group.expense.submit,group.expense.split.exact,Travel,MAESTRO-APK-GROUP-WEDDING-2468 | Travel | 4189.10,JOINED,Ledger Quick_Add is expense category; Split_Method drives group.expense.split.*
2471,MTR-APK-2471,Group,Shared Experience,Wedding,Gifts,Expense,2025-11-26,02:56:47,2025-11-26 02:56:47,5311.12,INR,-5311.12,APK Aarav,3,SHARES,MAESTRO-APK-GROUP-WEDDING-2471 | Gifts | 5311.12,Android,B50,RAMP_1501_2500,CREATED,idem-20260902-apk-2471,android,G02,WEDDING,Expense,G02:Expense,ACTIVE,qa.tile.expense,group.expense.amount,group.expense.note,group.expense.submit,group.expense.split.shares,Gifts,MAESTRO-APK-GROUP-WEDDING-2471 | Gifts | 5311.12,JOINED,Ledger Quick_Add is expense category; Split_Method drives group.expense.split.*
2474,MTR-APK-2474,Group,Shared Experience,Wedding,Photography,Expense,2026-05-02,01:28:47,2026-05-02 01:28:47,11524.17,INR,-11524.17,APK Meera,3,EQUAL,MAESTRO-APK-GROUP-WEDDING-2474 | Photography | 11524.17,Android,B50,RAMP_1501_2500,CREATED,idem-20260902-apk-2474,android,G02,WEDDING,Expense,G02:Expense,ACTIVE,qa.tile.expense,group.expense.amount,group.expense.note,group.expense.submit,group.expense.split.equal,Photography,MAESTRO-APK-GROUP-WEDDING-2474 | Photography | 11524.17,JOINED,Ledger Quick_Add is expense category; Split_Method drives group.expense.split.*
2477,MTR-APK-2477,Group,Shared Experience,Wedding,Other,Expense,2026-03-12,20:43:34,2026-03-12 20:43:34,4731.68,INR,-4731.68,APK Owner,3,PERCENTAGE,MAESTRO-APK-GROUP-WEDDING-2477 | Other | 4731.68,Android,B50,RAMP_1501_2500,CREATED,idem-20260902-apk-2477,android,G02,WEDDING,Expense,G02:Expense,ACTIVE,qa.tile.expense,group.expense.amount,group.expense.note,group.expense.submit,group.expense.split.percentage,Other,MAESTRO-APK-GROUP-WEDDING-2477 | Other | 4731.68,JOINED,Ledger Quick_Add is expense category; Split_Method drives group.expense.split.*
2480,MTR-APK-2480,Group,Shared Experience,Office Outing,Food,Expense,2026-03-01,18:23:53,2026-03-01 18:23:53,27043.61,INR,-27043.61,APK Aarav,3,EXACT,MAESTRO-APK-GROUP-OFFICE_OUTING-2480 | Food | 27043.61,Android,B50,RAMP_1501_2500,CREATED,idem-20260902-apk-2480,android,G04,OFFICE_OUTING,Expense,G04:Expense,ACTIVE,qa.tile.expense,group.expense.amount,group.expense.note,group.expense.submit,group.expense.split.exact,Food,MAESTRO-APK-GROUP-OFFICE_OUTING-2480 | Food | 27043.61,JOINED,Ledger Quick_Add is expense category; Split_Method drives group.expense.split.*
2483,MTR-APK-2483,Group,Shared Experience,Office Outing,Travel,Expense,2025-11-17,03:24:31,2025-11-17 03:24:31,1162.98,INR,-1162.98,APK Meera,3,SHARES,MAESTRO-APK-GROUP-OFFICE_OUTING-2483 | Travel | 1162.98,Android,B50,RAMP_1501_2500,CREATED,idem-20260902-apk-2483,android,G04,OFFICE_OUTING,Expense,G04:Expense,ACTIVE,qa.tile.expense,group.expense.amount,group.expense.note,group.expense.submit,group.expense.split.shares,Travel,MAESTRO-APK-GROUP-OFFICE_OUTING-2483 | Travel | 1162.98,JOINED,Ledger Quick_Add is expense category; Split_Method drives group.expense.split.*
2486,MTR-APK-2486,Group,Shared Experience,Office Outing,Activities,Expense,2026-04-12,02:08:52,2026-04-12 02:08:52,604.87,INR,-604.87,APK Owner,3,EQUAL,MAESTRO-APK-GROUP-OFFICE_OUTING-2486 | Activities | 604.87,Android,B50,RAMP_1501_2500,CREATED,idem-20260902-apk-2486,android,G04,OFFICE_OUTING,Expense,G04:Expense,ACTIVE,qa.tile.expense,group.expense.amount,group.expense.note,group.expense.submit,group.expense.split.equal,Activities,MAESTRO-APK-GROUP-OFFICE_OUTING-2486 | Activities | 604.87,JOINED,Ledger Quick_Add is expense category; Split_Method drives group.expense.split.*
2489,MTR-APK-2489,Group,Shared Experience,Office Outing,Venue,Expense,2025-09-21,00:20:39,2025-09-21 00:20:39,11540.29,INR,-11540.29,APK Aarav,3,PERCENTAGE,MAESTRO-APK-GROUP-OFFICE_OUTING-2489 | Venue | 11540.29,Android,B50,RAMP_1501_2500,CREATED,idem-20260902-apk-2489,android,G04,OFFICE_OUTING,Expense,G04:Expense,ACTIVE,qa.tile.expense,group.expense.amount,group.expense.note,group.expense.submit,group.expense.split.percentage,Venue,MAESTRO-APK-GROUP-OFFICE_OUTING-2489 | Venue | 11540.29,JOINED,Ledger Quick_Add is expense category; Split_Method drives group.expense.split.*
2492,MTR-APK-2492,Group,Shared Experience,Office Outing,Other,Expense,2026-03-08,05:23:25,2026-03-08 05:23:25,20301.05,INR,-20301.05,APK Meera,3,EXACT,MAESTRO-APK-GROUP-OFFICE_OUTING-2492 | Other | 20301.05,Android,B50,RAMP_1501_2500,CREATED,idem-20260902-apk-2492,android,G04,OFFICE_OUTING,Expense,G04:Expense,ACTIVE,qa.tile.expense,group.expense.amount,group.expense.note,group.expense.submit,group.expense.split.exact,Other,MAESTRO-APK-GROUP-OFFICE_OUTING-2492 | Other | 20301.05,JOINED,Ledger Quick_Add is expense category; Split_Method drives group.expense.split.*
2495,MTR-APK-2495,Group,Shared Experience,House Party,Food,Expense,2025-12-25,10:27:49,2025-12-25 10:27:49,13750.46,INR,-13750.46,APK Owner,3,SHARES,MAESTRO-APK-GROUP-HOUSE_PARTY-2495 | Food | 13750.46,Android,B50,RAMP_1501_2500,CREATED,idem-20260902-apk-2495,android,G03,HOUSE_PARTY,Expense,G03:Expense,ACTIVE,qa.tile.expense,group.expense.amount,group.expense.note,group.expense.submit,group.expense.split.shares,Food,MAESTRO-APK-GROUP-HOUSE_PARTY-2495 | Food | 13750.46,JOINED,Ledger Quick_Add is expense category; Split_Method drives group.expense.split.*
2498,MTR-APK-2498,Group,Shared Experience,House Party,Drinks,Expense,2026-02-09,18:53:01,2026-02-09 18:53:01,3839.56,INR,-3839.56,APK Aarav,3,EQUAL,MAESTRO-APK-GROUP-HOUSE_PARTY-2498 | Drinks | 3839.56,Android,B50,RAMP_1501_2500,CREATED,idem-20260902-apk-2498,android,G03,HOUSE_PARTY,Expense,G03:Expense,ACTIVE,qa.tile.expense,group.expense.amount,group.expense.note,group.expense.submit,group.expense.split.equal,Drinks,MAESTRO-APK-GROUP-HOUSE_PARTY-2498 | Drinks | 3839.56,JOINED,Ledger Quick_Add is expense category; Split_Method drives group.expense.split.*
2501,MTR-APK-2501,Group,Shared Experience,House Party,Decor,Expense,2025-10-11,14:07:31,2025-10-11 14:07:31,14874.63,INR,-14874.63,APK Meera,3,PERCENTAGE,MAESTRO-APK-GROUP-HOUSE_PARTY-2501 | Decor | 14874.63,Android,B51,HIGH_2501_3000,CREATED,idem-20260902-apk-2501,android,G03,HOUSE_PARTY,Expense,G03:Expense,ACTIVE,qa.tile.expense,group.expense.amount,group.expense.note,group.expense.submit,group.expense.split.percentage,Decor,MAESTRO-APK-GROUP-HOUSE_PARTY-2501 | Decor | 14874.63,JOINED,Ledger Quick_Add is expense category; Split_Method drives group.expense.split.*
2504,MTR-APK-2504,Group,Shared Experience,House Party,Supplies,Expense,2026-03-19,10:11:41,2026-03-19 10:11:41,14850.7,INR,-14850.7,APK Owner,3,EXACT,MAESTRO-APK-GROUP-HOUSE_PARTY-2504 | Supplies | 14850.70,Android,B51,HIGH_2501_3000,CREATED,idem-20260902-apk-2504,android,G03,HOUSE_PARTY,Expense,G03:Expense,ACTIVE,qa.tile.expense,group.expense.amount,group.expense.note,group.expense.submit,group.expense.split.exact,Supplies,MAESTRO-APK-GROUP-HOUSE_PARTY-2504 | Supplies | 14850.70,JOINED,Ledger Quick_Add is expense category; Split_Method drives group.expense.split.*
2507,MTR-APK-2507,Group,Shared Experience,House Party,Other,Expense,2025-10-23,06:51:24,2025-10-23 06:51:24,20842.68,INR,-20842.68,APK Aarav,3,SHARES,MAESTRO-APK-GROUP-HOUSE_PARTY-2507 | Other | 20842.68,Android,B51,HIGH_2501_3000,CREATED,idem-20260902-apk-2507,android,G03,HOUSE_PARTY,Expense,G03:Expense,ACTIVE,qa.tile.expense,group.expense.amount,group.expense.note,group.expense.submit,group.expense.split.shares,Other,MAESTRO-APK-GROUP-HOUSE_PARTY-2507 | Other | 20842.68,JOINED,Ledger Quick_Add is expense category; Split_Method drives group.expense.split.*
2510,MTR-APK-2510,Group,Shared Purchase,Gift Pool,Contribution,Contribution,2025-09-25,17:15:04,2025-09-25 17:15:04,29880.48,INR,29880.48,APK Meera,3,EQUAL,MAESTRO-APK-GROUP-GIFT_POOL-2510 | Contribution | 29880.48,Android,B51,HIGH_2501_3000,CREATED,idem-20260902-apk-2510,android,G05,GIFT_POOL,Contribute,G05:Contribute,ACTIVE,qa.tile.contribute,group.contribute.amount,group.contribute.note,group.contribute.submit,group.expense.split.equal,Contribution,MAESTRO-APK-GROUP-GIFT_POOL-2510 | Contribution | 29880.48,JOINED,
2513,MTR-APK-2513,Group,Shared Purchase,Gift Pool,Gift Purchase,Expense,2025-12-20,21:13:18,2025-12-20 21:13:18,29140.92,INR,-29140.92,APK Owner,3,PERCENTAGE,MAESTRO-APK-GROUP-GIFT_POOL-2513 | Gift Purchase | 29140.92,Android,B51,HIGH_2501_3000,CREATED,idem-20260902-apk-2513,android,G05,GIFT_POOL,Expense,G05:Expense,ACTIVE,qa.tile.expense,group.expense.amount,group.expense.note,group.expense.submit,group.expense.split.percentage,Gift Purchase,MAESTRO-APK-GROUP-GIFT_POOL-2513 | Gift Purchase | 29140.92,JOINED,Ledger Quick_Add is expense category; Split_Method drives group.expense.split.*
2516,MTR-APK-2516,Group,Shared Purchase,Gift Pool,Delivery,Expense,2026-08-30,12:58:16,2026-08-30 12:58:16,99.99,INR,-99.99,APK Aarav,3,EXACT,MAESTRO-APK-GROUP-GIFT_POOL-2516 | Delivery | 99.99,Android,B51,HIGH_2501_3000,CREATED,idem-20260902-apk-2516,android,G05,GIFT_POOL,Expense,G05:Expense,ACTIVE,qa.tile.expense,group.expense.amount,group.expense.note,group.expense.submit,group.expense.split.exact,Delivery,MAESTRO-APK-GROUP-GIFT_POOL-2516 | Delivery | 99.99,JOINED,Ledger Quick_Add is expense category; Split_Method drives group.expense.split.*
2519,MTR-APK-2519,Group,Shared Purchase,Gift Pool,Other,Expense,2025-12-26,00:59:54,2025-12-26 00:59:54,5523.41,INR,-5523.41,APK Meera,3,SHARES,MAESTRO-APK-GROUP-GIFT_POOL-2519 | Other | 5523.41,Android,B51,HIGH_2501_3000,CREATED,idem-20260902-apk-2519,android,G05,GIFT_POOL,Expense,G05:Expense,ACTIVE,qa.tile.expense,group.expense.amount,group.expense.note,group.expense.submit,group.expense.split.shares,Other,MAESTRO-APK-GROUP-GIFT_POOL-2519 | Other | 5523.41,JOINED,Ledger Quick_Add is expense category; Split_Method drives group.expense.split.*
2522,MTR-APK-2522,Group,Shared Purchase,Purchase,Item,Expense,2025-10-03,17:57:02,2025-10-03 17:57:02,26617.03,INR,-26617.03,APK Owner,3,EQUAL,MAESTRO-APK-GROUP-PURCHASE-2522 | Item | 26617.03,Android,B51,HIGH_2501_3000,CREATED,idem-20260902-apk-2522,android,G06,GROUP_PURCHASE,Expense,G06:Expense,ACTIVE,qa.tile.expense,group.expense.amount,group.expense.note,group.expense.submit,group.expense.split.equal,Item,MAESTRO-APK-GROUP-PURCHASE-2522 | Item | 26617.03,JOINED,Ledger Quick_Add is expense category; Split_Method drives group.expense.split.*
2525,MTR-APK-2525,Group,Shared Purchase,Purchase,Shipping,Expense,2026-01-31,14:36:23,2026-01-31 14:36:23,26317.22,INR,-26317.22,APK Aarav,3,PERCENTAGE,MAESTRO-APK-GROUP-PURCHASE-2525 | Shipping | 26317.22,Android,B51,HIGH_2501_3000,CREATED,idem-20260902-apk-2525,android,G06,GROUP_PURCHASE,Expense,G06:Expense,ACTIVE,qa.tile.expense,group.expense.amount,group.expense.note,group.expense.submit,group.expense.split.percentage,Shipping,MAESTRO-APK-GROUP-PURCHASE-2525 | Shipping | 26317.22,JOINED,Ledger Quick_Add is expense category; Split_Method drives group.expense.split.*
2528,MTR-APK-2528,Group,Shared Purchase,Purchase,Tax,Expense,2025-11-05,22:49:59,2025-11-05 22:49:59,28191.75,INR,-28191.75,APK Meera,3,EXACT,MAESTRO-APK-GROUP-PURCHASE-2528 | Tax | 28191.75,Android,B51,HIGH_2501_3000,CREATED,idem-20260902-apk-2528,android,G06,GROUP_PURCHASE,Expense,G06:Expense,ACTIVE,qa.tile.expense,group.expense.amount,group.expense.note,group.expense.submit,group.expense.split.exact,Tax,MAESTRO-APK-GROUP-PURCHASE-2528 | Tax | 28191.75,JOINED,Ledger Quick_Add is expense category; Split_Method drives group.expense.split.*
2531,MTR-APK-2531,Group,Shared Purchase,Purchase,Other,Expense,2026-05-16,13:30:35,2026-05-16 13:30:35,29608.78,INR,-29608.78,APK Owner,3,SHARES,MAESTRO-APK-GROUP-PURCHASE-2531 | Other | 29608.78,Android,B51,HIGH_2501_3000,CREATED,idem-20260902-apk-2531,android,G06,GROUP_PURCHASE,Expense,G06:Expense,ACTIVE,qa.tile.expense,group.expense.amount,group.expense.note,group.expense.submit,group.expense.split.shares,Other,MAESTRO-APK-GROUP-PURCHASE-2531 | Other | 29608.78,JOINED,Ledger Quick_Add is expense category; Split_Method drives group.expense.split.*
2534,MTR-APK-2534,Group,Shared Purchase,Assets,Purchase,Expense,2025-09-29,17:32:34,2025-09-29 17:32:34,21129.32,INR,-21129.32,APK Aarav,3,EQUAL,MAESTRO-APK-GROUP-ASSETS-2534 | Purchase | 21129.32,Android,B51,HIGH_2501_3000,CREATED,idem-20260902-apk-2534,android,G07,SHARED_ASSET,Expense,G07:Expense,ACTIVE,qa.tile.expense,group.expense.amount,group.expense.note,group.expense.submit,group.expense.split.equal,Purchase,MAESTRO-APK-GROUP-ASSETS-2534 | Purchase | 21129.32,JOINED,Ledger Quick_Add is expense category; Split_Method drives group.expense.split.*
2537,MTR-APK-2537,Group,Shared Purchase,Assets,Maintenance,Expense,2025-09-26,20:45:16,2025-09-26 20:45:16,27480.5,INR,-27480.5,APK Meera,3,PERCENTAGE,MAESTRO-APK-GROUP-ASSETS-2537 | Maintenance | 27480.50,Android,B51,HIGH_2501_3000,CREATED,idem-20260902-apk-2537,android,G07,SHARED_ASSET,Expense,G07:Expense,ACTIVE,qa.tile.expense,group.expense.amount,group.expense.note,group.expense.submit,group.expense.split.percentage,Maintenance,MAESTRO-APK-GROUP-ASSETS-2537 | Maintenance | 27480.50,JOINED,Ledger Quick_Add is expense category; Split_Method drives group.expense.split.*
2540,MTR-APK-2540,Group,Shared Purchase,Assets,Repair,Expense,2026-05-19,00:22:36,2026-05-19 00:22:36,19733.43,INR,-19733.43,APK Owner,3,EXACT,MAESTRO-APK-GROUP-ASSETS-2540 | Repair | 19733.43,Android,B51,HIGH_2501_3000,CREATED,idem-20260902-apk-2540,android,G07,SHARED_ASSET,Expense,G07:Expense,ACTIVE,qa.tile.expense,group.expense.amount,group.expense.note,group.expense.submit,group.expense.split.exact,Repair,MAESTRO-APK-GROUP-ASSETS-2540 | Repair | 19733.43,JOINED,Ledger Quick_Add is expense category; Split_Method drives group.expense.split.*
2543,MTR-APK-2543,Group,Shared Purchase,Assets,Insurance,Expense,2026-01-19,19:20:33,2026-01-19 19:20:33,13339.88,INR,-13339.88,APK Aarav,3,SHARES,MAESTRO-APK-GROUP-ASSETS-2543 | Insurance | 13339.88,Android,B51,HIGH_2501_3000,CREATED,idem-20260902-apk-2543,android,G07,SHARED_ASSET,Expense,G07:Expense,ACTIVE,qa.tile.expense,group.expense.amount,group.expense.note,group.expense.submit,group.expense.split.shares,Insurance,MAESTRO-APK-GROUP-ASSETS-2543 | Insurance | 13339.88,JOINED,Ledger Quick_Add is expense category; Split_Method drives group.expense.split.*
2546,MTR-APK-2546,Group,Shared Purchase,Assets,Other,Expense,2026-05-29,03:50:46,2026-05-29 03:50:46,10852.79,INR,-10852.79,APK Meera,3,EQUAL,MAESTRO-APK-GROUP-ASSETS-2546 | Other | 10852.79,Android,B51,HIGH_2501_3000,CREATED,idem-20260902-apk-2546,android,G07,SHARED_ASSET,Expense,G07:Expense,ACTIVE,qa.tile.expense,group.expense.amount,group.expense.note,group.expense.submit,group.expense.split.equal,Other,MAESTRO-APK-GROUP-ASSETS-2546 | Other | 10852.79,JOINED,Ledger Quick_Add is expense category; Split_Method drives group.expense.split.*
2549,MTR-APK-2549,Group,Shared Purchase,Custom Purchase,Custom Expense,Expense,2026-06-20,04:33:25,2026-06-20 04:33:25,18498.9,INR,-18498.9,APK Owner,3,PERCENTAGE,MAESTRO-APK-GROUP-CUSTOM_PURCHASE-2549 | Custom Expense | 18498.90,Android,B51,HIGH_2501_3000,CREATED,idem-20260902-apk-2549,android,G08,COMMUNITY_PURCHASE,Expense,G08:Expense,ACTIVE,qa.tile.expense,group.expense.amount,group.expense.note,group.expense.submit,group.expense.split.percentage,Custom Expense,MAESTRO-APK-GROUP-CUSTOM_PURCHASE-2549 | Custom Expense | 18498.90,JOINED,Ledger Quick_Add is expense category; Split_Method drives group.expense.split.*
2552,MTR-APK-2552,Group,Shared Purchase,Custom Purchase,Custom Contribution,Contribution,2026-07-11,21:45:39,2026-07-11 21:45:39,12815.91,INR,12815.91,APK Aarav,3,EXACT,MAESTRO-APK-GROUP-CUSTOM_PURCHASE-2552 | Custom Contribution | 12815.91,Android,B52,HIGH_2501_3000,CREATED,idem-20260902-apk-2552,android,G08,COMMUNITY_PURCHASE,Contribute,G08:Contribute,ACTIVE,qa.tile.contribute,group.contribute.amount,group.contribute.note,group.contribute.submit,group.expense.split.exact,Custom Contribution,MAESTRO-APK-GROUP-CUSTOM_PURCHASE-2552 | Custom Contribution | 12815.91,JOINED,
2555,MTR-APK-2555,Group,Shared Living,Flatmates,Rent,Expense,2025-09-30,12:19:40,2025-09-30 12:19:40,7116.73,INR,-7116.73,APK Meera,3,SHARES,MAESTRO-APK-GROUP-FLATMATES-2555 | Rent | 7116.73,Android,B52,HIGH_2501_3000,CREATED,idem-20260902-apk-2555,android,G09,FLATMATES,Expense,G09:Expense,ACTIVE,qa.tile.expense,group.expense.amount,group.expense.note,group.expense.submit,group.expense.split.shares,Rent,MAESTRO-APK-GROUP-FLATMATES-2555 | Rent | 7116.73,JOINED,Ledger Quick_Add is expense category; Split_Method drives group.expense.split.*
2558,MTR-APK-2558,Group,Shared Living,Flatmates,Utilities,Expense,2025-10-01,22:39:57,2025-10-01 22:39:57,29952.54,INR,-29952.54,APK Owner,3,EQUAL,MAESTRO-APK-GROUP-FLATMATES-2558 | Utilities | 29952.54,Android,B52,HIGH_2501_3000,CREATED,idem-20260902-apk-2558,android,G09,FLATMATES,Expense,G09:Expense,ACTIVE,qa.tile.expense,group.expense.amount,group.expense.note,group.expense.submit,group.expense.split.equal,Utilities,MAESTRO-APK-GROUP-FLATMATES-2558 | Utilities | 29952.54,JOINED,Ledger Quick_Add is expense category; Split_Method drives group.expense.split.*
2561,MTR-APK-2561,Group,Shared Living,Flatmates,Groceries,Expense,2025-09-14,09:19:08,2025-09-14 09:19:08,6520.11,INR,-6520.11,APK Aarav,3,PERCENTAGE,MAESTRO-APK-GROUP-FLATMATES-2561 | Groceries | 6520.11,Android,B52,HIGH_2501_3000,CREATED,idem-20260902-apk-2561,android,G09,FLATMATES,Expense,G09:Expense,ACTIVE,qa.tile.expense,group.expense.amount,group.expense.note,group.expense.submit,group.expense.split.percentage,Groceries,MAESTRO-APK-GROUP-FLATMATES-2561 | Groceries | 6520.11,JOINED,Ledger Quick_Add is expense category; Split_Method drives group.expense.split.*
2564,MTR-APK-2564,Group,Shared Living,Flatmates,Internet,Expense,2025-09-25,03:18:22,2025-09-25 03:18:22,5753.91,INR,-5753.91,APK Meera,3,EXACT,MAESTRO-APK-GROUP-FLATMATES-2564 | Internet | 5753.91,Android,B52,HIGH_2501_3000,CREATED,idem-20260902-apk-2564,android,G09,FLATMATES,Expense,G09:Expense,ACTIVE,qa.tile.expense,group.expense.amount,group.expense.note,group.expense.submit,group.expense.split.exact,Internet,MAESTRO-APK-GROUP-FLATMATES-2564 | Internet | 5753.91,JOINED,Ledger Quick_Add is expense category; Split_Method drives group.expense.split.*
2567,MTR-APK-2567,Group,Shared Living,Flatmates,House Supplies,Expense,2025-11-13,11:03:19,2025-11-13 11:03:19,5503.81,INR,-5503.81,APK Owner,3,SHARES,MAESTRO-APK-GROUP-FLATMATES-2567 | House Supplies | 5503.81,Android,B52,HIGH_2501_3000,CREATED,idem-20260902-apk-2567,android,G09,FLATMATES,Expense,G09:Expense,ACTIVE,qa.tile.expense,group.expense.amount,group.expense.note,group.expense.submit,group.expense.split.shares,House Supplies,MAESTRO-APK-GROUP-FLATMATES-2567 | House Supplies | 5503.81,JOINED,Ledger Quick_Add is expense category; Split_Method drives group.expense.split.*
2570,MTR-APK-2570,Group,Shared Living,Flatmates,Repairs,Expense,2025-12-20,19:06:39,2025-12-20 19:06:39,18284.77,INR,-18284.77,APK Aarav,3,EQUAL,MAESTRO-APK-GROUP-FLATMATES-2570 | Repairs | 18284.77,Android,B52,HIGH_2501_3000,CREATED,idem-20260902-apk-2570,android,G09,FLATMATES,Expense,G09:Expense,ACTIVE,qa.tile.expense,group.expense.amount,group.expense.note,group.expense.submit,group.expense.split.equal,Repairs,MAESTRO-APK-GROUP-FLATMATES-2570 | Repairs | 18284.77,JOINED,Ledger Quick_Add is expense category; Split_Method drives group.expense.split.*
2573,MTR-APK-2573,Group,Shared Living,Shared Living,Rent,Expense,2025-10-07,13:29:41,2025-10-07 13:29:41,21106.29,INR,-21106.29,APK Meera,3,PERCENTAGE,MAESTRO-APK-GROUP-SHARED_LIVING-2573 | Rent | 21106.29,Android,B52,HIGH_2501_3000,CREATED,idem-20260902-apk-2573,android,G11,CO_LIVING,Expense,G11:Expense,ACTIVE,qa.tile.expense,group.expense.amount,group.expense.note,group.expense.submit,group.expense.split.percentage,Rent,MAESTRO-APK-GROUP-SHARED_LIVING-2573 | Rent | 21106.29,JOINED,Ledger Quick_Add is expense category; Split_Method drives group.expense.split.*
2576,MTR-APK-2576,Group,Shared Living,Shared Living,Utilities,Expense,2025-11-10,03:27:18,2025-11-10 03:27:18,153.66,INR,-153.66,APK Owner,3,EXACT,MAESTRO-APK-GROUP-SHARED_LIVING-2576 | Utilities | 153.66,Android,B52,HIGH_2501_3000,CREATED,idem-20260902-apk-2576,android,G11,CO_LIVING,Expense,G11:Expense,ACTIVE,qa.tile.expense,group.expense.amount,group.expense.note,group.expense.submit,group.expense.split.exact,Utilities,MAESTRO-APK-GROUP-SHARED_LIVING-2576 | Utilities | 153.66,JOINED,Ledger Quick_Add is expense category; Split_Method drives group.expense.split.*
2579,MTR-APK-2579,Group,Shared Living,Shared Living,Groceries,Expense,2026-05-09,12:23:15,2026-05-09 12:23:15,26993.88,INR,-26993.88,APK Aarav,3,SHARES,MAESTRO-APK-GROUP-SHARED_LIVING-2579 | Groceries | 26993.88,Android,B52,HIGH_2501_3000,CREATED,idem-20260902-apk-2579,android,G11,CO_LIVING,Expense,G11:Expense,ACTIVE,qa.tile.expense,group.expense.amount,group.expense.note,group.expense.submit,group.expense.split.shares,Groceries,MAESTRO-APK-GROUP-SHARED_LIVING-2579 | Groceries | 26993.88,JOINED,Ledger Quick_Add is expense category; Split_Method drives group.expense.split.*
2582,MTR-APK-2582,Group,Shared Living,Shared Living,Maintenance,Expense,2026-04-08,16:14:28,2026-04-08 16:14:28,2515.66,INR,-2515.66,APK Meera,3,EQUAL,MAESTRO-APK-GROUP-SHARED_LIVING-2582 | Maintenance | 2515.66,Android,B52,HIGH_2501_3000,CREATED,idem-20260902-apk-2582,android,G11,CO_LIVING,Expense,G11:Expense,ACTIVE,qa.tile.expense,group.expense.amount,group.expense.note,group.expense.submit,group.expense.split.equal,Maintenance,MAESTRO-APK-GROUP-SHARED_LIVING-2582 | Maintenance | 2515.66,JOINED,Ledger Quick_Add is expense category; Split_Method drives group.expense.split.*
2585,MTR-APK-2585,Group,Shared Living,Shared Living,Other,Expense,2025-09-04,15:32:21,2025-09-04 15:32:21,3860.43,INR,-3860.43,APK Owner,3,PERCENTAGE,MAESTRO-APK-GROUP-SHARED_LIVING-2585 | Other | 3860.43,Android,B52,HIGH_2501_3000,CREATED,idem-20260902-apk-2585,android,G11,CO_LIVING,Expense,G11:Expense,ACTIVE,qa.tile.expense,group.expense.amount,group.expense.note,group.expense.submit,group.expense.split.percentage,Other,MAESTRO-APK-GROUP-SHARED_LIVING-2585 | Other | 3860.43,JOINED,Ledger Quick_Add is expense category; Split_Method drives group.expense.split.*
2588,MTR-APK-2588,Group,Shared Living,Family Household,Utilities,Expense,2025-09-21,19:54:15,2025-09-21 19:54:15,5610.78,INR,-5610.78,APK Aarav,3,EXACT,MAESTRO-APK-GROUP-FAMILY_HOUSEHOLD-2588 | Utilities | 5610.78,Android,B52,HIGH_2501_3000,CREATED,idem-20260902-apk-2588,android,G10,FAMILY_HOUSEHOLD,Expense,G10:Expense,ACTIVE,qa.tile.expense,group.expense.amount,group.expense.note,group.expense.submit,group.expense.split.exact,Utilities,MAESTRO-APK-GROUP-FAMILY_HOUSEHOLD-2588 | Utilities | 5610.78,JOINED,Ledger Quick_Add is expense category; Split_Method drives group.expense.split.*
2591,MTR-APK-2591,Group,Shared Living,Family Household,Healthcare,Expense,2025-09-26,14:52:06,2025-09-26 14:52:06,166.03,INR,-166.03,APK Meera,3,SHARES,MAESTRO-APK-GROUP-FAMILY_HOUSEHOLD-2591 | Healthcare | 166.03,Android,B52,HIGH_2501_3000,CREATED,idem-20260902-apk-2591,android,G10,FAMILY_HOUSEHOLD,Expense,G10:Expense,ACTIVE,qa.tile.expense,group.expense.amount,group.expense.note,group.expense.submit,group.expense.split.shares,Healthcare,MAESTRO-APK-GROUP-FAMILY_HOUSEHOLD-2591 | Healthcare | 166.03,JOINED,Ledger Quick_Add is expense category; Split_Method drives group.expense.split.*
2594,MTR-APK-2594,Group,Shared Living,Family Household,School,Expense,2026-01-14,02:33:23,2026-01-14 02:33:23,23108.94,INR,-23108.94,APK Owner,3,EQUAL,MAESTRO-APK-GROUP-FAMILY_HOUSEHOLD-2594 | School | 23108.94,Android,B52,HIGH_2501_3000,CREATED,idem-20260902-apk-2594,android,G10,FAMILY_HOUSEHOLD,Expense,G10:Expense,ACTIVE,qa.tile.expense,group.expense.amount,group.expense.note,group.expense.submit,group.expense.split.equal,School,MAESTRO-APK-GROUP-FAMILY_HOUSEHOLD-2594 | School | 23108.94,JOINED,Ledger Quick_Add is expense category; Split_Method drives group.expense.split.*
2597,MTR-APK-2597,Group,Shared Living,Family Household,Other,Expense,2026-06-17,12:18:40,2026-06-17 12:18:40,28635.32,INR,-28635.32,APK Aarav,3,PERCENTAGE,MAESTRO-APK-GROUP-FAMILY_HOUSEHOLD-2597 | Other | 28635.32,Android,B52,HIGH_2501_3000,CREATED,idem-20260902-apk-2597,android,G10,FAMILY_HOUSEHOLD,Expense,G10:Expense,ACTIVE,qa.tile.expense,group.expense.amount,group.expense.note,group.expense.submit,group.expense.split.percentage,Other,MAESTRO-APK-GROUP-FAMILY_HOUSEHOLD-2597 | Other | 28635.32,JOINED,Ledger Quick_Add is expense category; Split_Method drives group.expense.split.*
2600,MTR-APK-2600,Group,Shared Living,Family Household,Rent,Expense,2026-07-26,11:02:56,2026-07-26 11:02:56,14811.89,INR,-14811.89,APK Meera,3,EXACT,MAESTRO-APK-GROUP-FAMILY_HOUSEHOLD-2600 | Rent | 14811.89,Android,B52,HIGH_2501_3000,CREATED,idem-20260902-apk-2600,android,G10,FAMILY_HOUSEHOLD,Expense,G10:Expense,ACTIVE,qa.tile.expense,group.expense.amount,group.expense.note,group.expense.submit,group.expense.split.exact,Rent,MAESTRO-APK-GROUP-FAMILY_HOUSEHOLD-2600 | Rent | 14811.89,JOINED,Ledger Quick_Add is expense category; Split_Method drives group.expense.split.*
2603,MTR-APK-2603,Group,Shared Living,Family Household,Groceries,Expense,2026-08-25,03:45:28,2026-08-25 03:45:28,6046.67,INR,-6046.67,APK Owner,3,SHARES,MAESTRO-APK-GROUP-FAMILY_HOUSEHOLD-2603 | Groceries | 6046.67,Android,B53,HIGH_2501_3000,CREATED,idem-20260902-apk-2603,android,G10,FAMILY_HOUSEHOLD,Expense,G10:Expense,ACTIVE,qa.tile.expense,group.expense.amount,group.expense.note,group.expense.submit,group.expense.split.shares,Groceries,MAESTRO-APK-GROUP-FAMILY_HOUSEHOLD-2603 | Groceries | 6046.67,JOINED,Ledger Quick_Add is expense category; Split_Method drives group.expense.split.*
2606,MTR-APK-2606,Group,Shared Living,Custom Living,Custom Expense,Expense,2026-05-10,10:30:08,2026-05-10 10:30:08,25371.23,INR,-25371.23,APK Aarav,3,EQUAL,MAESTRO-APK-GROUP-CUSTOM_LIVING-2606 | Custom Expense | 25371.23,Android,B53,HIGH_2501_3000,CREATED,idem-20260902-apk-2606,android,G12,COMMUNITY_LIVING,Expense,G12:Expense,ACTIVE,qa.tile.expense,group.expense.amount,group.expense.note,group.expense.submit,group.expense.split.equal,Custom Expense,MAESTRO-APK-GROUP-CUSTOM_LIVING-2606 | Custom Expense | 25371.23,JOINED,Ledger Quick_Add is expense category; Split_Method drives group.expense.split.*
2609,MTR-APK-2609,Group,Shared Living,Custom Living,Custom Contribution,Contribution,2025-11-30,04:48:53,2025-11-30 04:48:53,10032.55,INR,10032.55,APK Meera,3,PERCENTAGE,MAESTRO-APK-GROUP-CUSTOM_LIVING-2609 | Custom Contribution | 10032.55,Android,B53,HIGH_2501_3000,CREATED,idem-20260902-apk-2609,android,G12,COMMUNITY_LIVING,Contribute,G12:Contribute,,qa.tile.contribute,group.contribute.amount,group.contribute.note,group.contribute.submit,group.expense.split.percentage,Custom Contribution,MAESTRO-APK-GROUP-CUSTOM_LIVING-2609 | Custom Contribution | 10032.55,SKIP_CAPABILITY_GAP,Custom Living hub has no Contribution tile (same as Family Household)
2612,MTR-APK-2612,Group,Shared Experience,Trip,Travel,Expense,2026-04-19,01:25:27,2026-04-19 01:25:27,4562.62,INR,-4562.62,APK Owner,3,EXACT,MAESTRO-APK-GROUP-TRIP-2612 | Travel | 4562.62,Android,B53,HIGH_2501_3000,CREATED,idem-20260902-apk-2612,android,G01,TRIP,Expense,G01:Expense,ACTIVE,qa.tile.expense,group.expense.amount,group.expense.note,group.expense.submit,group.expense.split.exact,Travel,MAESTRO-APK-GROUP-TRIP-2612 | Travel | 4562.62,JOINED,Ledger Quick_Add is expense category; Split_Method drives group.expense.split.*
2615,MTR-APK-2615,Group,Shared Experience,Trip,Stay,Expense,2026-01-01,21:25:54,2026-01-01 21:25:54,14794.46,INR,-14794.46,APK Aarav,3,SHARES,MAESTRO-APK-GROUP-TRIP-2615 | Stay | 14794.46,Android,B53,HIGH_2501_3000,CREATED,idem-20260902-apk-2615,android,G01,TRIP,Expense,G01:Expense,ACTIVE,qa.tile.expense,group.expense.amount,group.expense.note,group.expense.submit,group.expense.split.shares,Stay,MAESTRO-APK-GROUP-TRIP-2615 | Stay | 14794.46,JOINED,Ledger Quick_Add is expense category; Split_Method drives group.expense.split.*
2618,MTR-APK-2618,Group,Shared Experience,Trip,Food,Expense,2026-06-17,03:37:40,2026-06-17 03:37:40,29907.08,INR,-29907.08,APK Meera,3,EQUAL,MAESTRO-APK-GROUP-TRIP-2618 | Food | 29907.08,Android,B53,HIGH_2501_3000,CREATED,idem-20260902-apk-2618,android,G01,TRIP,Expense,G01:Expense,ACTIVE,qa.tile.expense,group.expense.amount,group.expense.note,group.expense.submit,group.expense.split.equal,Food,MAESTRO-APK-GROUP-TRIP-2618 | Food | 29907.08,JOINED,Ledger Quick_Add is expense category; Split_Method drives group.expense.split.*
2621,MTR-APK-2621,Group,Shared Experience,Trip,Local Transport,Expense,2025-12-16,10:32:49,2025-12-16 10:32:49,16599.24,INR,-16599.24,APK Owner,3,PERCENTAGE,MAESTRO-APK-GROUP-TRIP-2621 | Local Transport | 16599.24,Android,B53,HIGH_2501_3000,CREATED,idem-20260902-apk-2621,android,G01,TRIP,Expense,G01:Expense,ACTIVE,qa.tile.expense,group.expense.amount,group.expense.note,group.expense.submit,group.expense.split.percentage,Local Transport,MAESTRO-APK-GROUP-TRIP-2621 | Local Transport | 16599.24,JOINED,Ledger Quick_Add is expense category; Split_Method drives group.expense.split.*
2624,MTR-APK-2624,Group,Shared Experience,Trip,Activities,Expense,2026-03-09,14:02:38,2026-03-09 14:02:38,3169.05,INR,-3169.05,APK Aarav,3,EXACT,MAESTRO-APK-GROUP-TRIP-2624 | Activities | 3169.05,Android,B53,HIGH_2501_3000,CREATED,idem-20260902-apk-2624,android,G01,TRIP,Expense,G01:Expense,ACTIVE,qa.tile.expense,group.expense.amount,group.expense.note,group.expense.submit,group.expense.split.exact,Activities,MAESTRO-APK-GROUP-TRIP-2624 | Activities | 3169.05,JOINED,Ledger Quick_Add is expense category; Split_Method drives group.expense.split.*
2627,MTR-APK-2627,Group,Shared Experience,Trip,Shopping,Expense,2026-06-21,06:50:54,2026-06-21 06:50:54,10000.0,INR,-10000.0,APK Meera,3,SHARES,MAESTRO-APK-GROUP-TRIP-2627 | Shopping | 10000.00,Android,B53,HIGH_2501_3000,CREATED,idem-20260902-apk-2627,android,G01,TRIP,Expense,G01:Expense,ACTIVE,qa.tile.expense,group.expense.amount,group.expense.note,group.expense.submit,group.expense.split.shares,Shopping,MAESTRO-APK-GROUP-TRIP-2627 | Shopping | 10000.00,JOINED,Ledger Quick_Add is expense category; Split_Method drives group.expense.split.*
2630,MTR-APK-2630,Group,Shared Experience,Trip,Other,Expense,2025-10-04,01:49:01,2025-10-04 01:49:01,22755.58,INR,-22755.58,APK Owner,3,EQUAL,MAESTRO-APK-GROUP-TRIP-2630 | Other | 22755.58,Android,B53,HIGH_2501_3000,CREATED,idem-20260902-apk-2630,android,G01,TRIP,Expense,G01:Expense,ACTIVE,qa.tile.expense,group.expense.amount,group.expense.note,group.expense.submit,group.expense.split.equal,Other,MAESTRO-APK-GROUP-TRIP-2630 | Other | 22755.58,JOINED,Ledger Quick_Add is expense category; Split_Method drives group.expense.split.*
2633,MTR-APK-2633,Group,Shared Experience,Wedding,Venue,Expense,2025-10-05,22:53:25,2025-10-05 22:53:25,17413.64,INR,-17413.64,APK Aarav,3,PERCENTAGE,MAESTRO-APK-GROUP-WEDDING-2633 | Venue | 17413.64,Android,B53,HIGH_2501_3000,CREATED,idem-20260902-apk-2633,android,G02,WEDDING,Expense,G02:Expense,ACTIVE,qa.tile.expense,group.expense.amount,group.expense.note,group.expense.submit,group.expense.split.percentage,Venue,MAESTRO-APK-GROUP-WEDDING-2633 | Venue | 17413.64,JOINED,Ledger Quick_Add is expense category; Split_Method drives group.expense.split.*
2636,MTR-APK-2636,Group,Shared Experience,Wedding,Catering,Expense,2025-09-06,08:45:31,2025-09-06 08:45:31,29626.94,INR,-29626.94,APK Meera,3,EXACT,MAESTRO-APK-GROUP-WEDDING-2636 | Catering | 29626.94,Android,B53,HIGH_2501_3000,CREATED,idem-20260902-apk-2636,android,G02,WEDDING,Expense,G02:Expense,ACTIVE,qa.tile.expense,group.expense.amount,group.expense.note,group.expense.submit,group.expense.split.exact,Catering,MAESTRO-APK-GROUP-WEDDING-2636 | Catering | 29626.94,JOINED,Ledger Quick_Add is expense category; Split_Method drives group.expense.split.*
2639,MTR-APK-2639,Group,Shared Experience,Wedding,Decor,Expense,2026-03-18,16:11:58,2026-03-18 16:11:58,20486.63,INR,-20486.63,APK Owner,3,SHARES,MAESTRO-APK-GROUP-WEDDING-2639 | Decor | 20486.63,Android,B53,HIGH_2501_3000,CREATED,idem-20260902-apk-2639,android,G02,WEDDING,Expense,G02:Expense,ACTIVE,qa.tile.expense,group.expense.amount,group.expense.note,group.expense.submit,group.expense.split.shares,Decor,MAESTRO-APK-GROUP-WEDDING-2639 | Decor | 20486.63,JOINED,Ledger Quick_Add is expense category; Split_Method drives group.expense.split.*
2642,MTR-APK-2642,Group,Shared Experience,Wedding,Travel,Expense,2026-01-14,12:07:45,2026-01-14 12:07:45,29825.31,INR,-29825.31,APK Aarav,3,EQUAL,MAESTRO-APK-GROUP-WEDDING-2642 | Travel | 29825.31,Android,B53,HIGH_2501_3000,CREATED,idem-20260902-apk-2642,android,G02,WEDDING,Expense,G02:Expense,ACTIVE,qa.tile.expense,group.expense.amount,group.expense.note,group.expense.submit,group.expense.split.equal,Travel,MAESTRO-APK-GROUP-WEDDING-2642 | Travel | 29825.31,JOINED,Ledger Quick_Add is expense category; Split_Method drives group.expense.split.*
2645,MTR-APK-2645,Group,Shared Experience,Wedding,Gifts,Expense,2025-12-22,10:46:02,2025-12-22 10:46:02,14623.06,INR,-14623.06,APK Meera,3,PERCENTAGE,MAESTRO-APK-GROUP-WEDDING-2645 | Gifts | 14623.06,Android,B53,HIGH_2501_3000,CREATED,idem-20260902-apk-2645,android,G02,WEDDING,Expense,G02:Expense,ACTIVE,qa.tile.expense,group.expense.amount,group.expense.note,group.expense.submit,group.expense.split.percentage,Gifts,MAESTRO-APK-GROUP-WEDDING-2645 | Gifts | 14623.06,JOINED,Ledger Quick_Add is expense category; Split_Method drives group.expense.split.*
2648,MTR-APK-2648,Group,Shared Experience,Wedding,Photography,Expense,2025-12-31,09:30:16,2025-12-31 09:30:16,11573.55,INR,-11573.55,APK Owner,3,EXACT,MAESTRO-APK-GROUP-WEDDING-2648 | Photography | 11573.55,Android,B53,HIGH_2501_3000,CREATED,idem-20260902-apk-2648,android,G02,WEDDING,Expense,G02:Expense,ACTIVE,qa.tile.expense,group.expense.amount,group.expense.note,group.expense.submit,group.expense.split.exact,Photography,MAESTRO-APK-GROUP-WEDDING-2648 | Photography | 11573.55,JOINED,Ledger Quick_Add is expense category; Split_Method drives group.expense.split.*
2651,MTR-APK-2651,Group,Shared Experience,Wedding,Other,Expense,2025-12-12,09:17:40,2025-12-12 09:17:40,11587.4,INR,-11587.4,APK Aarav,3,SHARES,MAESTRO-APK-GROUP-WEDDING-2651 | Other | 11587.40,Android,B54,HIGH_2501_3000,CREATED,idem-20260902-apk-2651,android,G02,WEDDING,Expense,G02:Expense,ACTIVE,qa.tile.expense,group.expense.amount,group.expense.note,group.expense.submit,group.expense.split.shares,Other,MAESTRO-APK-GROUP-WEDDING-2651 | Other | 11587.40,JOINED,Ledger Quick_Add is expense category; Split_Method drives group.expense.split.*
2654,MTR-APK-2654,Group,Shared Experience,Office Outing,Food,Expense,2026-08-25,13:32:16,2026-08-25 13:32:16,10918.23,INR,-10918.23,APK Meera,3,EQUAL,MAESTRO-APK-GROUP-OFFICE_OUTING-2654 | Food | 10918.23,Android,B54,HIGH_2501_3000,CREATED,idem-20260902-apk-2654,android,G04,OFFICE_OUTING,Expense,G04:Expense,ACTIVE,qa.tile.expense,group.expense.amount,group.expense.note,group.expense.submit,group.expense.split.equal,Food,MAESTRO-APK-GROUP-OFFICE_OUTING-2654 | Food | 10918.23,JOINED,Ledger Quick_Add is expense category; Split_Method drives group.expense.split.*
2657,MTR-APK-2657,Group,Shared Experience,Office Outing,Travel,Expense,2026-02-11,22:31:33,2026-02-11 22:31:33,2858.51,INR,-2858.51,APK Owner,3,PERCENTAGE,MAESTRO-APK-GROUP-OFFICE_OUTING-2657 | Travel | 2858.51,Android,B54,HIGH_2501_3000,CREATED,idem-20260902-apk-2657,android,G04,OFFICE_OUTING,Expense,G04:Expense,ACTIVE,qa.tile.expense,group.expense.amount,group.expense.note,group.expense.submit,group.expense.split.percentage,Travel,MAESTRO-APK-GROUP-OFFICE_OUTING-2657 | Travel | 2858.51,JOINED,Ledger Quick_Add is expense category; Split_Method drives group.expense.split.*
2660,MTR-APK-2660,Group,Shared Experience,Office Outing,Activities,Expense,2026-05-21,17:17:21,2026-05-21 17:17:21,14355.22,INR,-14355.22,APK Aarav,3,EXACT,MAESTRO-APK-GROUP-OFFICE_OUTING-2660 | Activities | 14355.22,Android,B54,HIGH_2501_3000,CREATED,idem-20260902-apk-2660,android,G04,OFFICE_OUTING,Expense,G04:Expense,ACTIVE,qa.tile.expense,group.expense.amount,group.expense.note,group.expense.submit,group.expense.split.exact,Activities,MAESTRO-APK-GROUP-OFFICE_OUTING-2660 | Activities | 14355.22,JOINED,Ledger Quick_Add is expense category; Split_Method drives group.expense.split.*
2663,MTR-APK-2663,Group,Shared Experience,Office Outing,Venue,Expense,2026-02-19,01:19:08,2026-02-19 01:19:08,29648.58,INR,-29648.58,APK Meera,3,SHARES,MAESTRO-APK-GROUP-OFFICE_OUTING-2663 | Venue | 29648.58,Android,B54,HIGH_2501_3000,CREATED,idem-20260902-apk-2663,android,G04,OFFICE_OUTING,Expense,G04:Expense,ACTIVE,qa.tile.expense,group.expense.amount,group.expense.note,group.expense.submit,group.expense.split.shares,Venue,MAESTRO-APK-GROUP-OFFICE_OUTING-2663 | Venue | 29648.58,JOINED,Ledger Quick_Add is expense category; Split_Method drives group.expense.split.*
2666,MTR-APK-2666,Group,Shared Experience,Office Outing,Other,Expense,2026-03-20,23:14:29,2026-03-20 23:14:29,2807.47,INR,-2807.47,APK Owner,3,EQUAL,MAESTRO-APK-GROUP-OFFICE_OUTING-2666 | Other | 2807.47,Android,B54,HIGH_2501_3000,CREATED,idem-20260902-apk-2666,android,G04,OFFICE_OUTING,Expense,G04:Expense,ACTIVE,qa.tile.expense,group.expense.amount,group.expense.note,group.expense.submit,group.expense.split.equal,Other,MAESTRO-APK-GROUP-OFFICE_OUTING-2666 | Other | 2807.47,JOINED,Ledger Quick_Add is expense category; Split_Method drives group.expense.split.*
2669,MTR-APK-2669,Group,Shared Experience,House Party,Food,Expense,2026-04-28,08:33:03,2026-04-28 08:33:03,1387.0,INR,-1387.0,APK Aarav,3,PERCENTAGE,MAESTRO-APK-GROUP-HOUSE_PARTY-2669 | Food | 1387.00,Android,B54,HIGH_2501_3000,CREATED,idem-20260902-apk-2669,android,G03,HOUSE_PARTY,Expense,G03:Expense,ACTIVE,qa.tile.expense,group.expense.amount,group.expense.note,group.expense.submit,group.expense.split.percentage,Food,MAESTRO-APK-GROUP-HOUSE_PARTY-2669 | Food | 1387.00,JOINED,Ledger Quick_Add is expense category; Split_Method drives group.expense.split.*
2672,MTR-APK-2672,Group,Shared Experience,House Party,Drinks,Expense,2026-03-05,05:48:03,2026-03-05 05:48:03,20343.03,INR,-20343.03,APK Meera,3,EXACT,MAESTRO-APK-GROUP-HOUSE_PARTY-2672 | Drinks | 20343.03,Android,B54,HIGH_2501_3000,CREATED,idem-20260902-apk-2672,android,G03,HOUSE_PARTY,Expense,G03:Expense,ACTIVE,qa.tile.expense,group.expense.amount,group.expense.note,group.expense.submit,group.expense.split.exact,Drinks,MAESTRO-APK-GROUP-HOUSE_PARTY-2672 | Drinks | 20343.03,JOINED,Ledger Quick_Add is expense category; Split_Method drives group.expense.split.*
2675,MTR-APK-2675,Group,Shared Experience,House Party,Decor,Expense,2026-06-06,06:11:01,2026-06-06 06:11:01,219.37,INR,-219.37,APK Owner,3,SHARES,MAESTRO-APK-GROUP-HOUSE_PARTY-2675 | Decor | 219.37,Android,B54,HIGH_2501_3000,CREATED,idem-20260902-apk-2675,android,G03,HOUSE_PARTY,Expense,G03:Expense,ACTIVE,qa.tile.expense,group.expense.amount,group.expense.note,group.expense.submit,group.expense.split.shares,Decor,MAESTRO-APK-GROUP-HOUSE_PARTY-2675 | Decor | 219.37,JOINED,Ledger Quick_Add is expense category; Split_Method drives group.expense.split.*
2678,MTR-APK-2678,Group,Shared Experience,House Party,Supplies,Expense,2026-06-02,04:52:39,2026-06-02 04:52:39,16840.64,INR,-16840.64,APK Aarav,3,EQUAL,MAESTRO-APK-GROUP-HOUSE_PARTY-2678 | Supplies | 16840.64,Android,B54,HIGH_2501_3000,CREATED,idem-20260902-apk-2678,android,G03,HOUSE_PARTY,Expense,G03:Expense,ACTIVE,qa.tile.expense,group.expense.amount,group.expense.note,group.expense.submit,group.expense.split.equal,Supplies,MAESTRO-APK-GROUP-HOUSE_PARTY-2678 | Supplies | 16840.64,JOINED,Ledger Quick_Add is expense category; Split_Method drives group.expense.split.*
2681,MTR-APK-2681,Group,Shared Experience,House Party,Other,Expense,2025-11-14,03:18:37,2025-11-14 03:18:37,5491.5,INR,-5491.5,APK Meera,3,PERCENTAGE,MAESTRO-APK-GROUP-HOUSE_PARTY-2681 | Other | 5491.50,Android,B54,HIGH_2501_3000,CREATED,idem-20260902-apk-2681,android,G03,HOUSE_PARTY,Expense,G03:Expense,ACTIVE,qa.tile.expense,group.expense.amount,group.expense.note,group.expense.submit,group.expense.split.percentage,Other,MAESTRO-APK-GROUP-HOUSE_PARTY-2681 | Other | 5491.50,JOINED,Ledger Quick_Add is expense category; Split_Method drives group.expense.split.*
2684,MTR-APK-2684,Group,Shared Purchase,Gift Pool,Contribution,Contribution,2026-05-06,23:35:00,2026-05-06 23:35:00,18001.94,INR,18001.94,APK Owner,3,EXACT,MAESTRO-APK-GROUP-GIFT_POOL-2684 | Contribution | 18001.94,Android,B54,HIGH_2501_3000,CREATED,idem-20260902-apk-2684,android,G05,GIFT_POOL,Contribute,G05:Contribute,ACTIVE,qa.tile.contribute,group.contribute.amount,group.contribute.note,group.contribute.submit,group.expense.split.exact,Contribution,MAESTRO-APK-GROUP-GIFT_POOL-2684 | Contribution | 18001.94,JOINED,
2687,MTR-APK-2687,Group,Shared Purchase,Gift Pool,Gift Purchase,Expense,2026-01-12,06:29:22,2026-01-12 06:29:22,749.69,INR,-749.69,APK Aarav,3,SHARES,MAESTRO-APK-GROUP-GIFT_POOL-2687 | Gift Purchase | 749.69,Android,B54,HIGH_2501_3000,CREATED,idem-20260902-apk-2687,android,G05,GIFT_POOL,Expense,G05:Expense,ACTIVE,qa.tile.expense,group.expense.amount,group.expense.note,group.expense.submit,group.expense.split.shares,Gift Purchase,MAESTRO-APK-GROUP-GIFT_POOL-2687 | Gift Purchase | 749.69,JOINED,Ledger Quick_Add is expense category; Split_Method drives group.expense.split.*
2690,MTR-APK-2690,Group,Shared Purchase,Gift Pool,Delivery,Expense,2025-11-13,11:36:01,2025-11-13 11:36:01,28335.59,INR,-28335.59,APK Meera,3,EQUAL,MAESTRO-APK-GROUP-GIFT_POOL-2690 | Delivery | 28335.59,Android,B54,HIGH_2501_3000,CREATED,idem-20260902-apk-2690,android,G05,GIFT_POOL,Expense,G05:Expense,ACTIVE,qa.tile.expense,group.expense.amount,group.expense.note,group.expense.submit,group.expense.split.equal,Delivery,MAESTRO-APK-GROUP-GIFT_POOL-2690 | Delivery | 28335.59,JOINED,Ledger Quick_Add is expense category; Split_Method drives group.expense.split.*
2693,MTR-APK-2693,Group,Shared Purchase,Gift Pool,Other,Expense,2026-03-16,05:46:58,2026-03-16 05:46:58,25080.02,INR,-25080.02,APK Owner,3,PERCENTAGE,MAESTRO-APK-GROUP-GIFT_POOL-2693 | Other | 25080.02,Android,B54,HIGH_2501_3000,CREATED,idem-20260902-apk-2693,android,G05,GIFT_POOL,Expense,G05:Expense,ACTIVE,qa.tile.expense,group.expense.amount,group.expense.note,group.expense.submit,group.expense.split.percentage,Other,MAESTRO-APK-GROUP-GIFT_POOL-2693 | Other | 25080.02,JOINED,Ledger Quick_Add is expense category; Split_Method drives group.expense.split.*
2696,MTR-APK-2696,Group,Shared Purchase,Purchase,Item,Expense,2026-02-05,03:41:28,2026-02-05 03:41:28,21994.82,INR,-21994.82,APK Aarav,3,EXACT,MAESTRO-APK-GROUP-PURCHASE-2696 | Item | 21994.82,Android,B54,HIGH_2501_3000,CREATED,idem-20260902-apk-2696,android,G06,GROUP_PURCHASE,Expense,G06:Expense,ACTIVE,qa.tile.expense,group.expense.amount,group.expense.note,group.expense.submit,group.expense.split.exact,Item,MAESTRO-APK-GROUP-PURCHASE-2696 | Item | 21994.82,JOINED,Ledger Quick_Add is expense category; Split_Method drives group.expense.split.*
2699,MTR-APK-2699,Group,Shared Purchase,Purchase,Shipping,Expense,2025-10-17,13:25:01,2025-10-17 13:25:01,14015.19,INR,-14015.19,APK Meera,3,SHARES,MAESTRO-APK-GROUP-PURCHASE-2699 | Shipping | 14015.19,Android,B54,HIGH_2501_3000,CREATED,idem-20260902-apk-2699,android,G06,GROUP_PURCHASE,Expense,G06:Expense,ACTIVE,qa.tile.expense,group.expense.amount,group.expense.note,group.expense.submit,group.expense.split.shares,Shipping,MAESTRO-APK-GROUP-PURCHASE-2699 | Shipping | 14015.19,JOINED,Ledger Quick_Add is expense category; Split_Method drives group.expense.split.*
2702,MTR-APK-2702,Group,Shared Purchase,Purchase,Tax,Expense,2026-06-03,11:08:35,2026-06-03 11:08:35,15114.45,INR,-15114.45,APK Owner,3,EQUAL,MAESTRO-APK-GROUP-PURCHASE-2702 | Tax | 15114.45,Android,B55,HIGH_2501_3000,CREATED,idem-20260902-apk-2702,android,G06,GROUP_PURCHASE,Expense,G06:Expense,ACTIVE,qa.tile.expense,group.expense.amount,group.expense.note,group.expense.submit,group.expense.split.equal,Tax,MAESTRO-APK-GROUP-PURCHASE-2702 | Tax | 15114.45,JOINED,Ledger Quick_Add is expense category; Split_Method drives group.expense.split.*
2705,MTR-APK-2705,Group,Shared Purchase,Purchase,Other,Expense,2026-04-21,19:30:03,2026-04-21 19:30:03,110.64,INR,-110.64,APK Aarav,3,PERCENTAGE,MAESTRO-APK-GROUP-PURCHASE-2705 | Other | 110.64,Android,B55,HIGH_2501_3000,CREATED,idem-20260902-apk-2705,android,G06,GROUP_PURCHASE,Expense,G06:Expense,ACTIVE,qa.tile.expense,group.expense.amount,group.expense.note,group.expense.submit,group.expense.split.percentage,Other,MAESTRO-APK-GROUP-PURCHASE-2705 | Other | 110.64,JOINED,Ledger Quick_Add is expense category; Split_Method drives group.expense.split.*
2708,MTR-APK-2708,Group,Shared Purchase,Assets,Purchase,Expense,2026-07-19,00:58:11,2026-07-19 00:58:11,21941.53,INR,-21941.53,APK Meera,3,EXACT,MAESTRO-APK-GROUP-ASSETS-2708 | Purchase | 21941.53,Android,B55,HIGH_2501_3000,CREATED,idem-20260902-apk-2708,android,G07,SHARED_ASSET,Expense,G07:Expense,ACTIVE,qa.tile.expense,group.expense.amount,group.expense.note,group.expense.submit,group.expense.split.exact,Purchase,MAESTRO-APK-GROUP-ASSETS-2708 | Purchase | 21941.53,JOINED,Ledger Quick_Add is expense category; Split_Method drives group.expense.split.*
2711,MTR-APK-2711,Group,Shared Purchase,Assets,Maintenance,Expense,2026-08-25,19:07:52,2026-08-25 19:07:52,28231.38,INR,-28231.38,APK Owner,3,SHARES,MAESTRO-APK-GROUP-ASSETS-2711 | Maintenance | 28231.38,Android,B55,HIGH_2501_3000,CREATED,idem-20260902-apk-2711,android,G07,SHARED_ASSET,Expense,G07:Expense,ACTIVE,qa.tile.expense,group.expense.amount,group.expense.note,group.expense.submit,group.expense.split.shares,Maintenance,MAESTRO-APK-GROUP-ASSETS-2711 | Maintenance | 28231.38,JOINED,Ledger Quick_Add is expense category; Split_Method drives group.expense.split.*
2714,MTR-APK-2714,Group,Shared Purchase,Assets,Repair,Expense,2025-12-09,10:26:26,2025-12-09 10:26:26,21819.49,INR,-21819.49,APK Aarav,3,EQUAL,MAESTRO-APK-GROUP-ASSETS-2714 | Repair | 21819.49,Android,B55,HIGH_2501_3000,CREATED,idem-20260902-apk-2714,android,G07,SHARED_ASSET,Expense,G07:Expense,ACTIVE,qa.tile.expense,group.expense.amount,group.expense.note,group.expense.submit,group.expense.split.equal,Repair,MAESTRO-APK-GROUP-ASSETS-2714 | Repair | 21819.49,JOINED,Ledger Quick_Add is expense category; Split_Method drives group.expense.split.*
2717,MTR-APK-2717,Group,Shared Purchase,Assets,Insurance,Expense,2025-11-06,18:55:01,2025-11-06 18:55:01,1261.51,INR,-1261.51,APK Meera,3,PERCENTAGE,MAESTRO-APK-GROUP-ASSETS-2717 | Insurance | 1261.51,Android,B55,HIGH_2501_3000,CREATED,idem-20260902-apk-2717,android,G07,SHARED_ASSET,Expense,G07:Expense,ACTIVE,qa.tile.expense,group.expense.amount,group.expense.note,group.expense.submit,group.expense.split.percentage,Insurance,MAESTRO-APK-GROUP-ASSETS-2717 | Insurance | 1261.51,JOINED,Ledger Quick_Add is expense category; Split_Method drives group.expense.split.*
2720,MTR-APK-2720,Group,Shared Purchase,Assets,Other,Expense,2026-07-16,19:50:22,2026-07-16 19:50:22,28776.94,INR,-28776.94,APK Owner,3,EXACT,MAESTRO-APK-GROUP-ASSETS-2720 | Other | 28776.94,Android,B55,HIGH_2501_3000,CREATED,idem-20260902-apk-2720,android,G07,SHARED_ASSET,Expense,G07:Expense,ACTIVE,qa.tile.expense,group.expense.amount,group.expense.note,group.expense.submit,group.expense.split.exact,Other,MAESTRO-APK-GROUP-ASSETS-2720 | Other | 28776.94,JOINED,Ledger Quick_Add is expense category; Split_Method drives group.expense.split.*
2723,MTR-APK-2723,Group,Shared Purchase,Custom Purchase,Custom Expense,Expense,2026-05-29,00:59:06,2026-05-29 00:59:06,27095.22,INR,-27095.22,APK Aarav,3,SHARES,MAESTRO-APK-GROUP-CUSTOM_PURCHASE-2723 | Custom Expense | 27095.22,Android,B55,HIGH_2501_3000,CREATED,idem-20260902-apk-2723,android,G08,COMMUNITY_PURCHASE,Expense,G08:Expense,ACTIVE,qa.tile.expense,group.expense.amount,group.expense.note,group.expense.submit,group.expense.split.shares,Custom Expense,MAESTRO-APK-GROUP-CUSTOM_PURCHASE-2723 | Custom Expense | 27095.22,JOINED,Ledger Quick_Add is expense category; Split_Method drives group.expense.split.*
2726,MTR-APK-2726,Group,Shared Purchase,Custom Purchase,Custom Contribution,Contribution,2026-04-02,22:13:27,2026-04-02 22:13:27,15993.0,INR,15993.0,APK Meera,3,EQUAL,MAESTRO-APK-GROUP-CUSTOM_PURCHASE-2726 | Custom Contribution | 15993.00,Android,B55,HIGH_2501_3000,CREATED,idem-20260902-apk-2726,android,G08,COMMUNITY_PURCHASE,Contribute,G08:Contribute,ACTIVE,qa.tile.contribute,group.contribute.amount,group.contribute.note,group.contribute.submit,group.expense.split.equal,Custom Contribution,MAESTRO-APK-GROUP-CUSTOM_PURCHASE-2726 | Custom Contribution | 15993.00,JOINED,
2729,MTR-APK-2729,Group,Shared Living,Flatmates,Rent,Expense,2026-03-23,21:27:06,2026-03-23 21:27:06,24923.51,INR,-24923.51,APK Owner,3,PERCENTAGE,MAESTRO-APK-GROUP-FLATMATES-2729 | Rent | 24923.51,Android,B55,HIGH_2501_3000,CREATED,idem-20260902-apk-2729,android,G09,FLATMATES,Expense,G09:Expense,ACTIVE,qa.tile.expense,group.expense.amount,group.expense.note,group.expense.submit,group.expense.split.percentage,Rent,MAESTRO-APK-GROUP-FLATMATES-2729 | Rent | 24923.51,JOINED,Ledger Quick_Add is expense category; Split_Method drives group.expense.split.*
2732,MTR-APK-2732,Group,Shared Living,Flatmates,Utilities,Expense,2026-01-21,06:24:26,2026-01-21 06:24:26,24979.27,INR,-24979.27,APK Aarav,3,EXACT,MAESTRO-APK-GROUP-FLATMATES-2732 | Utilities | 24979.27,Android,B55,HIGH_2501_3000,CREATED,idem-20260902-apk-2732,android,G09,FLATMATES,Expense,G09:Expense,ACTIVE,qa.tile.expense,group.expense.amount,group.expense.note,group.expense.submit,group.expense.split.exact,Utilities,MAESTRO-APK-GROUP-FLATMATES-2732 | Utilities | 24979.27,JOINED,Ledger Quick_Add is expense category; Split_Method drives group.expense.split.*
2735,MTR-APK-2735,Group,Shared Living,Flatmates,Groceries,Expense,2026-04-11,11:13:32,2026-04-11 11:13:32,21296.29,INR,-21296.29,APK Meera,3,SHARES,MAESTRO-APK-GROUP-FLATMATES-2735 | Groceries | 21296.29,Android,B55,HIGH_2501_3000,CREATED,idem-20260902-apk-2735,android,G09,FLATMATES,Expense,G09:Expense,ACTIVE,qa.tile.expense,group.expense.amount,group.expense.note,group.expense.submit,group.expense.split.shares,Groceries,MAESTRO-APK-GROUP-FLATMATES-2735 | Groceries | 21296.29,JOINED,Ledger Quick_Add is expense category; Split_Method drives group.expense.split.*
2738,MTR-APK-2738,Group,Shared Living,Flatmates,Internet,Expense,2026-01-29,10:21:58,2026-01-29 10:21:58,99.99,INR,-99.99,APK Owner,3,EQUAL,MAESTRO-APK-GROUP-FLATMATES-2738 | Internet | 99.99,Android,B55,HIGH_2501_3000,CREATED,idem-20260902-apk-2738,android,G09,FLATMATES,Expense,G09:Expense,ACTIVE,qa.tile.expense,group.expense.amount,group.expense.note,group.expense.submit,group.expense.split.equal,Internet,MAESTRO-APK-GROUP-FLATMATES-2738 | Internet | 99.99,JOINED,Ledger Quick_Add is expense category; Split_Method drives group.expense.split.*
2741,MTR-APK-2741,Group,Shared Living,Flatmates,House Supplies,Expense,2026-04-19,22:34:34,2026-04-19 22:34:34,12171.93,INR,-12171.93,APK Aarav,3,PERCENTAGE,MAESTRO-APK-GROUP-FLATMATES-2741 | House Supplies | 12171.93,Android,B55,HIGH_2501_3000,CREATED,idem-20260902-apk-2741,android,G09,FLATMATES,Expense,G09:Expense,ACTIVE,qa.tile.expense,group.expense.amount,group.expense.note,group.expense.submit,group.expense.split.percentage,House Supplies,MAESTRO-APK-GROUP-FLATMATES-2741 | House Supplies | 12171.93,JOINED,Ledger Quick_Add is expense category; Split_Method drives group.expense.split.*
2744,MTR-APK-2744,Group,Shared Living,Flatmates,Repairs,Expense,2025-10-17,15:30:13,2025-10-17 15:30:13,2910.54,INR,-2910.54,APK Meera,3,EXACT,MAESTRO-APK-GROUP-FLATMATES-2744 | Repairs | 2910.54,Android,B55,HIGH_2501_3000,CREATED,idem-20260902-apk-2744,android,G09,FLATMATES,Expense,G09:Expense,ACTIVE,qa.tile.expense,group.expense.amount,group.expense.note,group.expense.submit,group.expense.split.exact,Repairs,MAESTRO-APK-GROUP-FLATMATES-2744 | Repairs | 2910.54,JOINED,Ledger Quick_Add is expense category; Split_Method drives group.expense.split.*
2747,MTR-APK-2747,Group,Shared Living,Shared Living,Rent,Expense,2026-06-04,23:38:08,2026-06-04 23:38:08,14319.61,INR,-14319.61,APK Owner,3,SHARES,MAESTRO-APK-GROUP-SHARED_LIVING-2747 | Rent | 14319.61,Android,B55,HIGH_2501_3000,CREATED,idem-20260902-apk-2747,android,G11,CO_LIVING,Expense,G11:Expense,ACTIVE,qa.tile.expense,group.expense.amount,group.expense.note,group.expense.submit,group.expense.split.shares,Rent,MAESTRO-APK-GROUP-SHARED_LIVING-2747 | Rent | 14319.61,JOINED,Ledger Quick_Add is expense category; Split_Method drives group.expense.split.*
2750,MTR-APK-2750,Group,Shared Living,Shared Living,Utilities,Expense,2025-09-14,15:34:36,2025-09-14 15:34:36,2671.62,INR,-2671.62,APK Aarav,3,EQUAL,MAESTRO-APK-GROUP-SHARED_LIVING-2750 | Utilities | 2671.62,Android,B55,HIGH_2501_3000,CREATED,idem-20260902-apk-2750,android,G11,CO_LIVING,Expense,G11:Expense,ACTIVE,qa.tile.expense,group.expense.amount,group.expense.note,group.expense.submit,group.expense.split.equal,Utilities,MAESTRO-APK-GROUP-SHARED_LIVING-2750 | Utilities | 2671.62,JOINED,Ledger Quick_Add is expense category; Split_Method drives group.expense.split.*
2753,MTR-APK-2753,Group,Shared Living,Shared Living,Groceries,Expense,2026-07-28,21:39:46,2026-07-28 21:39:46,14237.0,INR,-14237.0,APK Meera,3,PERCENTAGE,MAESTRO-APK-GROUP-SHARED_LIVING-2753 | Groceries | 14237.00,Android,B56,HIGH_2501_3000,CREATED,idem-20260902-apk-2753,android,G11,CO_LIVING,Expense,G11:Expense,ACTIVE,qa.tile.expense,group.expense.amount,group.expense.note,group.expense.submit,group.expense.split.percentage,Groceries,MAESTRO-APK-GROUP-SHARED_LIVING-2753 | Groceries | 14237.00,JOINED,Ledger Quick_Add is expense category; Split_Method drives group.expense.split.*
2756,MTR-APK-2756,Group,Shared Living,Shared Living,Maintenance,Expense,2026-07-17,06:19:34,2026-07-17 06:19:34,10661.87,INR,-10661.87,APK Owner,3,EXACT,MAESTRO-APK-GROUP-SHARED_LIVING-2756 | Maintenance | 10661.87,Android,B56,HIGH_2501_3000,CREATED,idem-20260902-apk-2756,android,G11,CO_LIVING,Expense,G11:Expense,ACTIVE,qa.tile.expense,group.expense.amount,group.expense.note,group.expense.submit,group.expense.split.exact,Maintenance,MAESTRO-APK-GROUP-SHARED_LIVING-2756 | Maintenance | 10661.87,JOINED,Ledger Quick_Add is expense category; Split_Method drives group.expense.split.*
2759,MTR-APK-2759,Group,Shared Living,Shared Living,Other,Expense,2026-07-26,06:04:25,2026-07-26 06:04:25,8051.05,INR,-8051.05,APK Aarav,3,SHARES,MAESTRO-APK-GROUP-SHARED_LIVING-2759 | Other | 8051.05,Android,B56,HIGH_2501_3000,CREATED,idem-20260902-apk-2759,android,G11,CO_LIVING,Expense,G11:Expense,ACTIVE,qa.tile.expense,group.expense.amount,group.expense.note,group.expense.submit,group.expense.split.shares,Other,MAESTRO-APK-GROUP-SHARED_LIVING-2759 | Other | 8051.05,JOINED,Ledger Quick_Add is expense category; Split_Method drives group.expense.split.*
2762,MTR-APK-2762,Group,Shared Living,Family Household,Transport,Expense,2026-07-14,05:31:07,2026-07-14 05:31:07,24055.7,INR,-24055.7,APK Meera,3,EQUAL,MAESTRO-APK-GROUP-FAMILY_HOUSEHOLD-2762 | Transport | 24055.70,Android,B56,HIGH_2501_3000,CREATED,idem-20260902-apk-2762,android,G10,FAMILY_HOUSEHOLD,Expense,G10:Expense,ACTIVE,qa.tile.expense,group.expense.amount,group.expense.note,group.expense.submit,group.expense.split.equal,Transport,MAESTRO-APK-GROUP-FAMILY_HOUSEHOLD-2762 | Transport | 24055.70,JOINED,Ledger Quick_Add is expense category; Split_Method drives group.expense.split.*
2765,MTR-APK-2765,Group,Shared Living,Family Household,Bills,Expense,2026-01-16,04:17:12,2026-01-16 04:17:12,17119.02,INR,-17119.02,APK Owner,3,PERCENTAGE,MAESTRO-APK-GROUP-FAMILY_HOUSEHOLD-2765 | Bills | 17119.02,Android,B56,HIGH_2501_3000,CREATED,idem-20260902-apk-2765,android,G10,FAMILY_HOUSEHOLD,Expense,G10:Expense,ACTIVE,qa.tile.expense,group.expense.amount,group.expense.note,group.expense.submit,group.expense.split.percentage,Bills,MAESTRO-APK-GROUP-FAMILY_HOUSEHOLD-2765 | Bills | 17119.02,JOINED,Ledger Quick_Add is expense category; Split_Method drives group.expense.split.*
2768,MTR-APK-2768,Group,Shared Living,Family Household,Utilities,Expense,2026-05-15,07:10:56,2026-05-15 07:10:56,18373.3,INR,-18373.3,APK Aarav,3,EXACT,MAESTRO-APK-GROUP-FAMILY_HOUSEHOLD-2768 | Utilities | 18373.30,Android,B56,HIGH_2501_3000,CREATED,idem-20260902-apk-2768,android,G10,FAMILY_HOUSEHOLD,Expense,G10:Expense,ACTIVE,qa.tile.expense,group.expense.amount,group.expense.note,group.expense.submit,group.expense.split.exact,Utilities,MAESTRO-APK-GROUP-FAMILY_HOUSEHOLD-2768 | Utilities | 18373.30,JOINED,Ledger Quick_Add is expense category; Split_Method drives group.expense.split.*
2771,MTR-APK-2771,Group,Shared Living,Family Household,Healthcare,Expense,2026-01-26,22:12:04,2026-01-26 22:12:04,12028.42,INR,-12028.42,APK Meera,3,SHARES,MAESTRO-APK-GROUP-FAMILY_HOUSEHOLD-2771 | Healthcare | 12028.42,Android,B56,HIGH_2501_3000,CREATED,idem-20260902-apk-2771,android,G10,FAMILY_HOUSEHOLD,Expense,G10:Expense,ACTIVE,qa.tile.expense,group.expense.amount,group.expense.note,group.expense.submit,group.expense.split.shares,Healthcare,MAESTRO-APK-GROUP-FAMILY_HOUSEHOLD-2771 | Healthcare | 12028.42,JOINED,Ledger Quick_Add is expense category; Split_Method drives group.expense.split.*
2774,MTR-APK-2774,Group,Shared Living,Family Household,School,Expense,2026-08-30,06:44:54,2026-08-30 06:44:54,4567.79,INR,-4567.79,APK Owner,3,EQUAL,MAESTRO-APK-GROUP-FAMILY_HOUSEHOLD-2774 | School | 4567.79,Android,B56,HIGH_2501_3000,CREATED,idem-20260902-apk-2774,android,G10,FAMILY_HOUSEHOLD,Expense,G10:Expense,ACTIVE,qa.tile.expense,group.expense.amount,group.expense.note,group.expense.submit,group.expense.split.equal,School,MAESTRO-APK-GROUP-FAMILY_HOUSEHOLD-2774 | School | 4567.79,JOINED,Ledger Quick_Add is expense category; Split_Method drives group.expense.split.*
2777,MTR-APK-2777,Group,Shared Living,Family Household,Other,Expense,2025-12-18,22:42:11,2025-12-18 22:42:11,17763.3,INR,-17763.3,APK Aarav,3,PERCENTAGE,MAESTRO-APK-GROUP-FAMILY_HOUSEHOLD-2777 | Other | 17763.30,Android,B56,HIGH_2501_3000,CREATED,idem-20260902-apk-2777,android,G10,FAMILY_HOUSEHOLD,Expense,G10:Expense,ACTIVE,qa.tile.expense,group.expense.amount,group.expense.note,group.expense.submit,group.expense.split.percentage,Other,MAESTRO-APK-GROUP-FAMILY_HOUSEHOLD-2777 | Other | 17763.30,JOINED,Ledger Quick_Add is expense category; Split_Method drives group.expense.split.*
2780,MTR-APK-2780,Group,Shared Living,Custom Living,Custom Expense,Expense,2026-03-26,20:40:19,2026-03-26 20:40:19,6875.0,INR,-6875.0,APK Meera,3,EXACT,MAESTRO-APK-GROUP-CUSTOM_LIVING-2780 | Custom Expense | 6875.00,Android,B56,HIGH_2501_3000,CREATED,idem-20260902-apk-2780,android,G12,COMMUNITY_LIVING,Expense,G12:Expense,ACTIVE,qa.tile.expense,group.expense.amount,group.expense.note,group.expense.submit,group.expense.split.exact,Custom Expense,MAESTRO-APK-GROUP-CUSTOM_LIVING-2780 | Custom Expense | 6875.00,JOINED,Ledger Quick_Add is expense category; Split_Method drives group.expense.split.*
2783,MTR-APK-2783,Group,Shared Living,Custom Living,Custom Contribution,Contribution,2025-12-08,13:39:59,2025-12-08 13:39:59,9041.87,INR,9041.87,APK Owner,3,SHARES,MAESTRO-APK-GROUP-CUSTOM_LIVING-2783 | Custom Contribution | 9041.87,Android,B56,HIGH_2501_3000,CREATED,idem-20260902-apk-2783,android,G12,COMMUNITY_LIVING,Contribute,G12:Contribute,,qa.tile.contribute,group.contribute.amount,group.contribute.note,group.contribute.submit,group.expense.split.shares,Custom Contribution,MAESTRO-APK-GROUP-CUSTOM_LIVING-2783 | Custom Contribution | 9041.87,SKIP_CAPABILITY_GAP,Custom Living hub has no Contribution tile (same as Family Household)
2786,MTR-APK-2786,Group,Shared Experience,Trip,Travel,Expense,2026-02-26,01:41:01,2026-02-26 01:41:01,4443.29,INR,-4443.29,APK Aarav,3,EQUAL,MAESTRO-APK-GROUP-TRIP-2786 | Travel | 4443.29,Android,B56,HIGH_2501_3000,CREATED,idem-20260902-apk-2786,android,G01,TRIP,Expense,G01:Expense,ACTIVE,qa.tile.expense,group.expense.amount,group.expense.note,group.expense.submit,group.expense.split.equal,Travel,MAESTRO-APK-GROUP-TRIP-2786 | Travel | 4443.29,JOINED,Ledger Quick_Add is expense category; Split_Method drives group.expense.split.*
2789,MTR-APK-2789,Group,Shared Experience,Trip,Stay,Expense,2026-03-14,09:30:38,2026-03-14 09:30:38,28190.2,INR,-28190.2,APK Meera,3,PERCENTAGE,MAESTRO-APK-GROUP-TRIP-2789 | Stay | 28190.20,Android,B56,HIGH_2501_3000,CREATED,idem-20260902-apk-2789,android,G01,TRIP,Expense,G01:Expense,ACTIVE,qa.tile.expense,group.expense.amount,group.expense.note,group.expense.submit,group.expense.split.percentage,Stay,MAESTRO-APK-GROUP-TRIP-2789 | Stay | 28190.20,JOINED,Ledger Quick_Add is expense category; Split_Method drives group.expense.split.*
2792,MTR-APK-2792,Group,Shared Experience,Trip,Food,Expense,2026-08-26,07:31:28,2026-08-26 07:31:28,21036.08,INR,-21036.08,APK Owner,3,EXACT,MAESTRO-APK-GROUP-TRIP-2792 | Food | 21036.08,Android,B56,HIGH_2501_3000,CREATED,idem-20260902-apk-2792,android,G01,TRIP,Expense,G01:Expense,ACTIVE,qa.tile.expense,group.expense.amount,group.expense.note,group.expense.submit,group.expense.split.exact,Food,MAESTRO-APK-GROUP-TRIP-2792 | Food | 21036.08,JOINED,Ledger Quick_Add is expense category; Split_Method drives group.expense.split.*
2795,MTR-APK-2795,Group,Shared Experience,Trip,Local Transport,Expense,2025-09-21,06:40:29,2025-09-21 06:40:29,26360.38,INR,-26360.38,APK Aarav,3,SHARES,MAESTRO-APK-GROUP-TRIP-2795 | Local Transport | 26360.38,Android,B56,HIGH_2501_3000,CREATED,idem-20260902-apk-2795,android,G01,TRIP,Expense,G01:Expense,ACTIVE,qa.tile.expense,group.expense.amount,group.expense.note,group.expense.submit,group.expense.split.shares,Local Transport,MAESTRO-APK-GROUP-TRIP-2795 | Local Transport | 26360.38,JOINED,Ledger Quick_Add is expense category; Split_Method drives group.expense.split.*
2798,MTR-APK-2798,Group,Shared Experience,Trip,Activities,Expense,2026-08-06,00:01:29,2026-08-06 00:01:29,3940.31,INR,-3940.31,APK Meera,3,EQUAL,MAESTRO-APK-GROUP-TRIP-2798 | Activities | 3940.31,Android,B56,HIGH_2501_3000,CREATED,idem-20260902-apk-2798,android,G01,TRIP,Expense,G01:Expense,ACTIVE,qa.tile.expense,group.expense.amount,group.expense.note,group.expense.submit,group.expense.split.equal,Activities,MAESTRO-APK-GROUP-TRIP-2798 | Activities | 3940.31,JOINED,Ledger Quick_Add is expense category; Split_Method drives group.expense.split.*
2801,MTR-APK-2801,Group,Shared Experience,Trip,Shopping,Expense,2025-12-23,03:55:12,2025-12-23 03:55:12,23594.06,INR,-23594.06,APK Owner,3,PERCENTAGE,MAESTRO-APK-GROUP-TRIP-2801 | Shopping | 23594.06,Android,B57,HIGH_2501_3000,CREATED,idem-20260902-apk-2801,android,G01,TRIP,Expense,G01:Expense,ACTIVE,qa.tile.expense,group.expense.amount,group.expense.note,group.expense.submit,group.expense.split.percentage,Shopping,MAESTRO-APK-GROUP-TRIP-2801 | Shopping | 23594.06,JOINED,Ledger Quick_Add is expense category; Split_Method drives group.expense.split.*
2804,MTR-APK-2804,Group,Shared Experience,Trip,Other,Expense,2025-11-11,17:36:53,2025-11-11 17:36:53,11122.67,INR,-11122.67,APK Aarav,3,EXACT,MAESTRO-APK-GROUP-TRIP-2804 | Other | 11122.67,Android,B57,HIGH_2501_3000,CREATED,idem-20260902-apk-2804,android,G01,TRIP,Expense,G01:Expense,ACTIVE,qa.tile.expense,group.expense.amount,group.expense.note,group.expense.submit,group.expense.split.exact,Other,MAESTRO-APK-GROUP-TRIP-2804 | Other | 11122.67,JOINED,Ledger Quick_Add is expense category; Split_Method drives group.expense.split.*
2807,MTR-APK-2807,Group,Shared Experience,Wedding,Venue,Expense,2026-03-13,02:34:17,2026-03-13 02:34:17,2063.94,INR,-2063.94,APK Meera,3,SHARES,MAESTRO-APK-GROUP-WEDDING-2807 | Venue | 2063.94,Android,B57,HIGH_2501_3000,CREATED,idem-20260902-apk-2807,android,G02,WEDDING,Expense,G02:Expense,ACTIVE,qa.tile.expense,group.expense.amount,group.expense.note,group.expense.submit,group.expense.split.shares,Venue,MAESTRO-APK-GROUP-WEDDING-2807 | Venue | 2063.94,JOINED,Ledger Quick_Add is expense category; Split_Method drives group.expense.split.*
2810,MTR-APK-2810,Group,Shared Experience,Wedding,Catering,Expense,2026-08-19,11:20:50,2026-08-19 11:20:50,2813.13,INR,-2813.13,APK Owner,3,EQUAL,MAESTRO-APK-GROUP-WEDDING-2810 | Catering | 2813.13,Android,B57,HIGH_2501_3000,CREATED,idem-20260902-apk-2810,android,G02,WEDDING,Expense,G02:Expense,ACTIVE,qa.tile.expense,group.expense.amount,group.expense.note,group.expense.submit,group.expense.split.equal,Catering,MAESTRO-APK-GROUP-WEDDING-2810 | Catering | 2813.13,JOINED,Ledger Quick_Add is expense category; Split_Method drives group.expense.split.*
2813,MTR-APK-2813,Group,Shared Experience,Wedding,Decor,Expense,2026-08-29,13:53:44,2026-08-29 13:53:44,3446.34,INR,-3446.34,APK Aarav,3,PERCENTAGE,MAESTRO-APK-GROUP-WEDDING-2813 | Decor | 3446.34,Android,B57,HIGH_2501_3000,CREATED,idem-20260902-apk-2813,android,G02,WEDDING,Expense,G02:Expense,ACTIVE,qa.tile.expense,group.expense.amount,group.expense.note,group.expense.submit,group.expense.split.percentage,Decor,MAESTRO-APK-GROUP-WEDDING-2813 | Decor | 3446.34,JOINED,Ledger Quick_Add is expense category; Split_Method drives group.expense.split.*
2816,MTR-APK-2816,Group,Shared Experience,Wedding,Travel,Expense,2025-09-19,16:40:02,2025-09-19 16:40:02,27079.31,INR,-27079.31,APK Meera,3,EXACT,MAESTRO-APK-GROUP-WEDDING-2816 | Travel | 27079.31,Android,B57,HIGH_2501_3000,CREATED,idem-20260902-apk-2816,android,G02,WEDDING,Expense,G02:Expense,ACTIVE,qa.tile.expense,group.expense.amount,group.expense.note,group.expense.submit,group.expense.split.exact,Travel,MAESTRO-APK-GROUP-WEDDING-2816 | Travel | 27079.31,JOINED,Ledger Quick_Add is expense category; Split_Method drives group.expense.split.*
2819,MTR-APK-2819,Group,Shared Experience,Wedding,Gifts,Expense,2025-11-02,04:44:21,2025-11-02 04:44:21,2505.55,INR,-2505.55,APK Owner,3,SHARES,MAESTRO-APK-GROUP-WEDDING-2819 | Gifts | 2505.55,Android,B57,HIGH_2501_3000,CREATED,idem-20260902-apk-2819,android,G02,WEDDING,Expense,G02:Expense,ACTIVE,qa.tile.expense,group.expense.amount,group.expense.note,group.expense.submit,group.expense.split.shares,Gifts,MAESTRO-APK-GROUP-WEDDING-2819 | Gifts | 2505.55,JOINED,Ledger Quick_Add is expense category; Split_Method drives group.expense.split.*
2822,MTR-APK-2822,Group,Shared Experience,Wedding,Photography,Expense,2025-12-04,10:19:43,2025-12-04 10:19:43,27122.52,INR,-27122.52,APK Aarav,3,EQUAL,MAESTRO-APK-GROUP-WEDDING-2822 | Photography | 27122.52,Android,B57,HIGH_2501_3000,CREATED,idem-20260902-apk-2822,android,G02,WEDDING,Expense,G02:Expense,ACTIVE,qa.tile.expense,group.expense.amount,group.expense.note,group.expense.submit,group.expense.split.equal,Photography,MAESTRO-APK-GROUP-WEDDING-2822 | Photography | 27122.52,JOINED,Ledger Quick_Add is expense category; Split_Method drives group.expense.split.*
2825,MTR-APK-2825,Group,Shared Experience,Wedding,Other,Expense,2026-03-19,15:11:00,2026-03-19 15:11:00,7832.98,INR,-7832.98,APK Meera,3,PERCENTAGE,MAESTRO-APK-GROUP-WEDDING-2825 | Other | 7832.98,Android,B57,HIGH_2501_3000,CREATED,idem-20260902-apk-2825,android,G02,WEDDING,Expense,G02:Expense,ACTIVE,qa.tile.expense,group.expense.amount,group.expense.note,group.expense.submit,group.expense.split.percentage,Other,MAESTRO-APK-GROUP-WEDDING-2825 | Other | 7832.98,JOINED,Ledger Quick_Add is expense category; Split_Method drives group.expense.split.*
2828,MTR-APK-2828,Group,Shared Experience,Office Outing,Food,Expense,2026-04-29,01:33:05,2026-04-29 01:33:05,27827.27,INR,-27827.27,APK Owner,3,EXACT,MAESTRO-APK-GROUP-OFFICE_OUTING-2828 | Food | 27827.27,Android,B57,HIGH_2501_3000,CREATED,idem-20260902-apk-2828,android,G04,OFFICE_OUTING,Expense,G04:Expense,ACTIVE,qa.tile.expense,group.expense.amount,group.expense.note,group.expense.submit,group.expense.split.exact,Food,MAESTRO-APK-GROUP-OFFICE_OUTING-2828 | Food | 27827.27,JOINED,Ledger Quick_Add is expense category; Split_Method drives group.expense.split.*
2831,MTR-APK-2831,Group,Shared Experience,Office Outing,Travel,Expense,2026-06-16,08:53:45,2026-06-16 08:53:45,12720.94,INR,-12720.94,APK Aarav,3,SHARES,MAESTRO-APK-GROUP-OFFICE_OUTING-2831 | Travel | 12720.94,Android,B57,HIGH_2501_3000,CREATED,idem-20260902-apk-2831,android,G04,OFFICE_OUTING,Expense,G04:Expense,ACTIVE,qa.tile.expense,group.expense.amount,group.expense.note,group.expense.submit,group.expense.split.shares,Travel,MAESTRO-APK-GROUP-OFFICE_OUTING-2831 | Travel | 12720.94,JOINED,Ledger Quick_Add is expense category; Split_Method drives group.expense.split.*
2834,MTR-APK-2834,Group,Shared Experience,Office Outing,Activities,Expense,2026-06-07,05:30:28,2026-06-07 05:30:28,22465.16,INR,-22465.16,APK Meera,3,EQUAL,MAESTRO-APK-GROUP-OFFICE_OUTING-2834 | Activities | 22465.16,Android,B57,HIGH_2501_3000,CREATED,idem-20260902-apk-2834,android,G04,OFFICE_OUTING,Expense,G04:Expense,ACTIVE,qa.tile.expense,group.expense.amount,group.expense.note,group.expense.submit,group.expense.split.equal,Activities,MAESTRO-APK-GROUP-OFFICE_OUTING-2834 | Activities | 22465.16,JOINED,Ledger Quick_Add is expense category; Split_Method drives group.expense.split.*
2837,MTR-APK-2837,Group,Shared Experience,Office Outing,Venue,Expense,2026-06-28,13:30:36,2026-06-28 13:30:36,8188.05,INR,-8188.05,APK Owner,3,PERCENTAGE,MAESTRO-APK-GROUP-OFFICE_OUTING-2837 | Venue | 8188.05,Android,B57,HIGH_2501_3000,CREATED,idem-20260902-apk-2837,android,G04,OFFICE_OUTING,Expense,G04:Expense,ACTIVE,qa.tile.expense,group.expense.amount,group.expense.note,group.expense.submit,group.expense.split.percentage,Venue,MAESTRO-APK-GROUP-OFFICE_OUTING-2837 | Venue | 8188.05,JOINED,Ledger Quick_Add is expense category; Split_Method drives group.expense.split.*
2840,MTR-APK-2840,Group,Shared Experience,Office Outing,Other,Expense,2026-05-16,21:12:06,2026-05-16 21:12:06,18502.2,INR,-18502.2,APK Aarav,3,EXACT,MAESTRO-APK-GROUP-OFFICE_OUTING-2840 | Other | 18502.20,Android,B57,HIGH_2501_3000,CREATED,idem-20260902-apk-2840,android,G04,OFFICE_OUTING,Expense,G04:Expense,ACTIVE,qa.tile.expense,group.expense.amount,group.expense.note,group.expense.submit,group.expense.split.exact,Other,MAESTRO-APK-GROUP-OFFICE_OUTING-2840 | Other | 18502.20,JOINED,Ledger Quick_Add is expense category; Split_Method drives group.expense.split.*
2843,MTR-APK-2843,Group,Shared Experience,House Party,Food,Expense,2025-12-27,11:04:20,2025-12-27 11:04:20,7274.81,INR,-7274.81,APK Meera,3,SHARES,MAESTRO-APK-GROUP-HOUSE_PARTY-2843 | Food | 7274.81,Android,B57,HIGH_2501_3000,CREATED,idem-20260902-apk-2843,android,G03,HOUSE_PARTY,Expense,G03:Expense,ACTIVE,qa.tile.expense,group.expense.amount,group.expense.note,group.expense.submit,group.expense.split.shares,Food,MAESTRO-APK-GROUP-HOUSE_PARTY-2843 | Food | 7274.81,JOINED,Ledger Quick_Add is expense category; Split_Method drives group.expense.split.*
2846,MTR-APK-2846,Group,Shared Experience,House Party,Drinks,Expense,2025-09-18,21:36:22,2025-09-18 21:36:22,4822.74,INR,-4822.74,APK Owner,3,EQUAL,MAESTRO-APK-GROUP-HOUSE_PARTY-2846 | Drinks | 4822.74,Android,B57,HIGH_2501_3000,CREATED,idem-20260902-apk-2846,android,G03,HOUSE_PARTY,Expense,G03:Expense,ACTIVE,qa.tile.expense,group.expense.amount,group.expense.note,group.expense.submit,group.expense.split.equal,Drinks,MAESTRO-APK-GROUP-HOUSE_PARTY-2846 | Drinks | 4822.74,JOINED,Ledger Quick_Add is expense category; Split_Method drives group.expense.split.*
2849,MTR-APK-2849,Group,Shared Experience,House Party,Decor,Expense,2025-11-25,09:34:54,2025-11-25 09:34:54,10000.0,INR,-10000.0,APK Aarav,3,PERCENTAGE,MAESTRO-APK-GROUP-HOUSE_PARTY-2849 | Decor | 10000.00,Android,B57,HIGH_2501_3000,CREATED,idem-20260902-apk-2849,android,G03,HOUSE_PARTY,Expense,G03:Expense,ACTIVE,qa.tile.expense,group.expense.amount,group.expense.note,group.expense.submit,group.expense.split.percentage,Decor,MAESTRO-APK-GROUP-HOUSE_PARTY-2849 | Decor | 10000.00,JOINED,Ledger Quick_Add is expense category; Split_Method drives group.expense.split.*
2852,MTR-APK-2852,Group,Shared Experience,House Party,Supplies,Expense,2026-04-17,13:39:54,2026-04-17 13:39:54,27212.92,INR,-27212.92,APK Meera,3,EXACT,MAESTRO-APK-GROUP-HOUSE_PARTY-2852 | Supplies | 27212.92,Android,B58,HIGH_2501_3000,CREATED,idem-20260902-apk-2852,android,G03,HOUSE_PARTY,Expense,G03:Expense,ACTIVE,qa.tile.expense,group.expense.amount,group.expense.note,group.expense.submit,group.expense.split.exact,Supplies,MAESTRO-APK-GROUP-HOUSE_PARTY-2852 | Supplies | 27212.92,JOINED,Ledger Quick_Add is expense category; Split_Method drives group.expense.split.*
2855,MTR-APK-2855,Group,Shared Experience,House Party,Other,Expense,2026-08-02,09:20:32,2026-08-02 09:20:32,8981.57,INR,-8981.57,APK Owner,3,SHARES,MAESTRO-APK-GROUP-HOUSE_PARTY-2855 | Other | 8981.57,Android,B58,HIGH_2501_3000,CREATED,idem-20260902-apk-2855,android,G03,HOUSE_PARTY,Expense,G03:Expense,ACTIVE,qa.tile.expense,group.expense.amount,group.expense.note,group.expense.submit,group.expense.split.shares,Other,MAESTRO-APK-GROUP-HOUSE_PARTY-2855 | Other | 8981.57,JOINED,Ledger Quick_Add is expense category; Split_Method drives group.expense.split.*
2858,MTR-APK-2858,Group,Shared Purchase,Gift Pool,Contribution,Contribution,2025-11-02,20:37:34,2025-11-02 20:37:34,3378.44,INR,3378.44,APK Aarav,3,EQUAL,MAESTRO-APK-GROUP-GIFT_POOL-2858 | Contribution | 3378.44,Android,B58,HIGH_2501_3000,CREATED,idem-20260902-apk-2858,android,G05,GIFT_POOL,Contribute,G05:Contribute,ACTIVE,qa.tile.contribute,group.contribute.amount,group.contribute.note,group.contribute.submit,group.expense.split.equal,Contribution,MAESTRO-APK-GROUP-GIFT_POOL-2858 | Contribution | 3378.44,JOINED,
2861,MTR-APK-2861,Group,Shared Purchase,Gift Pool,Gift Purchase,Expense,2026-06-06,13:36:40,2026-06-06 13:36:40,11883.29,INR,-11883.29,APK Meera,3,PERCENTAGE,MAESTRO-APK-GROUP-GIFT_POOL-2861 | Gift Purchase | 11883.29,Android,B58,HIGH_2501_3000,CREATED,idem-20260902-apk-2861,android,G05,GIFT_POOL,Expense,G05:Expense,ACTIVE,qa.tile.expense,group.expense.amount,group.expense.note,group.expense.submit,group.expense.split.percentage,Gift Purchase,MAESTRO-APK-GROUP-GIFT_POOL-2861 | Gift Purchase | 11883.29,JOINED,Ledger Quick_Add is expense category; Split_Method drives group.expense.split.*
2864,MTR-APK-2864,Group,Shared Purchase,Gift Pool,Delivery,Expense,2026-02-18,02:23:32,2026-02-18 02:23:32,2560.13,INR,-2560.13,APK Owner,3,EXACT,MAESTRO-APK-GROUP-GIFT_POOL-2864 | Delivery | 2560.13,Android,B58,HIGH_2501_3000,CREATED,idem-20260902-apk-2864,android,G05,GIFT_POOL,Expense,G05:Expense,ACTIVE,qa.tile.expense,group.expense.amount,group.expense.note,group.expense.submit,group.expense.split.exact,Delivery,MAESTRO-APK-GROUP-GIFT_POOL-2864 | Delivery | 2560.13,JOINED,Ledger Quick_Add is expense category; Split_Method drives group.expense.split.*
2867,MTR-APK-2867,Group,Shared Purchase,Gift Pool,Other,Expense,2026-04-05,02:30:57,2026-04-05 02:30:57,20472.32,INR,-20472.32,APK Aarav,3,SHARES,MAESTRO-APK-GROUP-GIFT_POOL-2867 | Other | 20472.32,Android,B58,HIGH_2501_3000,CREATED,idem-20260902-apk-2867,android,G05,GIFT_POOL,Expense,G05:Expense,ACTIVE,qa.tile.expense,group.expense.amount,group.expense.note,group.expense.submit,group.expense.split.shares,Other,MAESTRO-APK-GROUP-GIFT_POOL-2867 | Other | 20472.32,JOINED,Ledger Quick_Add is expense category; Split_Method drives group.expense.split.*
2870,MTR-APK-2870,Group,Shared Purchase,Purchase,Item,Expense,2025-10-09,13:35:06,2025-10-09 13:35:06,3480.88,INR,-3480.88,APK Meera,3,EQUAL,MAESTRO-APK-GROUP-PURCHASE-2870 | Item | 3480.88,Android,B58,HIGH_2501_3000,CREATED,idem-20260902-apk-2870,android,G06,GROUP_PURCHASE,Expense,G06:Expense,ACTIVE,qa.tile.expense,group.expense.amount,group.expense.note,group.expense.submit,group.expense.split.equal,Item,MAESTRO-APK-GROUP-PURCHASE-2870 | Item | 3480.88,JOINED,Ledger Quick_Add is expense category; Split_Method drives group.expense.split.*
2873,MTR-APK-2873,Group,Shared Purchase,Purchase,Shipping,Expense,2026-03-02,14:54:37,2026-03-02 14:54:37,25164.38,INR,-25164.38,APK Owner,3,PERCENTAGE,MAESTRO-APK-GROUP-PURCHASE-2873 | Shipping | 25164.38,Android,B58,HIGH_2501_3000,CREATED,idem-20260902-apk-2873,android,G06,GROUP_PURCHASE,Expense,G06:Expense,ACTIVE,qa.tile.expense,group.expense.amount,group.expense.note,group.expense.submit,group.expense.split.percentage,Shipping,MAESTRO-APK-GROUP-PURCHASE-2873 | Shipping | 25164.38,JOINED,Ledger Quick_Add is expense category; Split_Method drives group.expense.split.*
2876,MTR-APK-2876,Group,Shared Purchase,Purchase,Tax,Expense,2026-07-10,14:39:43,2026-07-10 14:39:43,22598.87,INR,-22598.87,APK Aarav,3,EXACT,MAESTRO-APK-GROUP-PURCHASE-2876 | Tax | 22598.87,Android,B58,HIGH_2501_3000,CREATED,idem-20260902-apk-2876,android,G06,GROUP_PURCHASE,Expense,G06:Expense,ACTIVE,qa.tile.expense,group.expense.amount,group.expense.note,group.expense.submit,group.expense.split.exact,Tax,MAESTRO-APK-GROUP-PURCHASE-2876 | Tax | 22598.87,JOINED,Ledger Quick_Add is expense category; Split_Method drives group.expense.split.*
2879,MTR-APK-2879,Group,Shared Purchase,Purchase,Other,Expense,2025-11-01,04:57:39,2025-11-01 04:57:39,15988.38,INR,-15988.38,APK Meera,3,SHARES,MAESTRO-APK-GROUP-PURCHASE-2879 | Other | 15988.38,Android,B58,HIGH_2501_3000,CREATED,idem-20260902-apk-2879,android,G06,GROUP_PURCHASE,Expense,G06:Expense,ACTIVE,qa.tile.expense,group.expense.amount,group.expense.note,group.expense.submit,group.expense.split.shares,Other,MAESTRO-APK-GROUP-PURCHASE-2879 | Other | 15988.38,JOINED,Ledger Quick_Add is expense category; Split_Method drives group.expense.split.*
2882,MTR-APK-2882,Group,Shared Purchase,Assets,Purchase,Expense,2026-06-16,22:47:20,2026-06-16 22:47:20,11878.21,INR,-11878.21,APK Owner,3,EQUAL,MAESTRO-APK-GROUP-ASSETS-2882 | Purchase | 11878.21,Android,B58,HIGH_2501_3000,CREATED,idem-20260902-apk-2882,android,G07,SHARED_ASSET,Expense,G07:Expense,ACTIVE,qa.tile.expense,group.expense.amount,group.expense.note,group.expense.submit,group.expense.split.equal,Purchase,MAESTRO-APK-GROUP-ASSETS-2882 | Purchase | 11878.21,JOINED,Ledger Quick_Add is expense category; Split_Method drives group.expense.split.*
2885,MTR-APK-2885,Group,Shared Purchase,Assets,Maintenance,Expense,2026-05-27,14:00:12,2026-05-27 14:00:12,23574.49,INR,-23574.49,APK Aarav,3,PERCENTAGE,MAESTRO-APK-GROUP-ASSETS-2885 | Maintenance | 23574.49,Android,B58,HIGH_2501_3000,CREATED,idem-20260902-apk-2885,android,G07,SHARED_ASSET,Expense,G07:Expense,ACTIVE,qa.tile.expense,group.expense.amount,group.expense.note,group.expense.submit,group.expense.split.percentage,Maintenance,MAESTRO-APK-GROUP-ASSETS-2885 | Maintenance | 23574.49,JOINED,Ledger Quick_Add is expense category; Split_Method drives group.expense.split.*
2888,MTR-APK-2888,Group,Shared Purchase,Assets,Repair,Expense,2026-04-17,16:47:13,2026-04-17 16:47:13,2519.91,INR,-2519.91,APK Meera,3,EXACT,MAESTRO-APK-GROUP-ASSETS-2888 | Repair | 2519.91,Android,B58,HIGH_2501_3000,CREATED,idem-20260902-apk-2888,android,G07,SHARED_ASSET,Expense,G07:Expense,ACTIVE,qa.tile.expense,group.expense.amount,group.expense.note,group.expense.submit,group.expense.split.exact,Repair,MAESTRO-APK-GROUP-ASSETS-2888 | Repair | 2519.91,JOINED,Ledger Quick_Add is expense category; Split_Method drives group.expense.split.*
2891,MTR-APK-2891,Group,Shared Purchase,Assets,Insurance,Expense,2026-04-20,06:42:56,2026-04-20 06:42:56,3519.68,INR,-3519.68,APK Owner,3,SHARES,MAESTRO-APK-GROUP-ASSETS-2891 | Insurance | 3519.68,Android,B58,HIGH_2501_3000,CREATED,idem-20260902-apk-2891,android,G07,SHARED_ASSET,Expense,G07:Expense,ACTIVE,qa.tile.expense,group.expense.amount,group.expense.note,group.expense.submit,group.expense.split.shares,Insurance,MAESTRO-APK-GROUP-ASSETS-2891 | Insurance | 3519.68,JOINED,Ledger Quick_Add is expense category; Split_Method drives group.expense.split.*
2894,MTR-APK-2894,Group,Shared Purchase,Assets,Other,Expense,2026-06-02,07:15:25,2026-06-02 07:15:25,13849.91,INR,-13849.91,APK Aarav,3,EQUAL,MAESTRO-APK-GROUP-ASSETS-2894 | Other | 13849.91,Android,B58,HIGH_2501_3000,CREATED,idem-20260902-apk-2894,android,G07,SHARED_ASSET,Expense,G07:Expense,ACTIVE,qa.tile.expense,group.expense.amount,group.expense.note,group.expense.submit,group.expense.split.equal,Other,MAESTRO-APK-GROUP-ASSETS-2894 | Other | 13849.91,JOINED,Ledger Quick_Add is expense category; Split_Method drives group.expense.split.*
2897,MTR-APK-2897,Group,Shared Purchase,Custom Purchase,Custom Expense,Expense,2025-11-12,03:04:01,2025-11-12 03:04:01,8135.1,INR,-8135.1,APK Meera,3,PERCENTAGE,MAESTRO-APK-GROUP-CUSTOM_PURCHASE-2897 | Custom Expense | 8135.10,Android,B58,HIGH_2501_3000,CREATED,idem-20260902-apk-2897,android,G08,COMMUNITY_PURCHASE,Expense,G08:Expense,ACTIVE,qa.tile.expense,group.expense.amount,group.expense.note,group.expense.submit,group.expense.split.percentage,Custom Expense,MAESTRO-APK-GROUP-CUSTOM_PURCHASE-2897 | Custom Expense | 8135.10,JOINED,Ledger Quick_Add is expense category; Split_Method drives group.expense.split.*
2900,MTR-APK-2900,Group,Shared Purchase,Custom Purchase,Custom Contribution,Contribution,2025-12-26,20:29:46,2025-12-26 20:29:46,18508.22,INR,18508.22,APK Owner,3,EXACT,MAESTRO-APK-GROUP-CUSTOM_PURCHASE-2900 | Custom Contribution | 18508.22,Android,B58,HIGH_2501_3000,CREATED,idem-20260902-apk-2900,android,G08,COMMUNITY_PURCHASE,Contribute,G08:Contribute,ACTIVE,qa.tile.contribute,group.contribute.amount,group.contribute.note,group.contribute.submit,group.expense.split.exact,Custom Contribution,MAESTRO-APK-GROUP-CUSTOM_PURCHASE-2900 | Custom Contribution | 18508.22,JOINED,
2903,MTR-APK-2903,Group,Shared Living,Flatmates,Rent,Expense,2025-11-08,19:41:04,2025-11-08 19:41:04,12643.79,INR,-12643.79,APK Aarav,3,SHARES,MAESTRO-APK-GROUP-FLATMATES-2903 | Rent | 12643.79,Android,B59,HIGH_2501_3000,CREATED,idem-20260902-apk-2903,android,G09,FLATMATES,Expense,G09:Expense,ACTIVE,qa.tile.expense,group.expense.amount,group.expense.note,group.expense.submit,group.expense.split.shares,Rent,MAESTRO-APK-GROUP-FLATMATES-2903 | Rent | 12643.79,JOINED,Ledger Quick_Add is expense category; Split_Method drives group.expense.split.*
2906,MTR-APK-2906,Group,Shared Living,Flatmates,Utilities,Expense,2026-05-06,06:47:47,2026-05-06 06:47:47,6539.57,INR,-6539.57,APK Meera,3,EQUAL,MAESTRO-APK-GROUP-FLATMATES-2906 | Utilities | 6539.57,Android,B59,HIGH_2501_3000,CREATED,idem-20260902-apk-2906,android,G09,FLATMATES,Expense,G09:Expense,ACTIVE,qa.tile.expense,group.expense.amount,group.expense.note,group.expense.submit,group.expense.split.equal,Utilities,MAESTRO-APK-GROUP-FLATMATES-2906 | Utilities | 6539.57,JOINED,Ledger Quick_Add is expense category; Split_Method drives group.expense.split.*
2909,MTR-APK-2909,Group,Shared Living,Flatmates,Groceries,Expense,2025-11-19,01:42:59,2025-11-19 01:42:59,16930.75,INR,-16930.75,APK Owner,3,PERCENTAGE,MAESTRO-APK-GROUP-FLATMATES-2909 | Groceries | 16930.75,Android,B59,HIGH_2501_3000,CREATED,idem-20260902-apk-2909,android,G09,FLATMATES,Expense,G09:Expense,ACTIVE,qa.tile.expense,group.expense.amount,group.expense.note,group.expense.submit,group.expense.split.percentage,Groceries,MAESTRO-APK-GROUP-FLATMATES-2909 | Groceries | 16930.75,JOINED,Ledger Quick_Add is expense category; Split_Method drives group.expense.split.*
2912,MTR-APK-2912,Group,Shared Living,Flatmates,Internet,Expense,2026-06-10,22:22:08,2026-06-10 22:22:08,4989.27,INR,-4989.27,APK Aarav,3,EXACT,MAESTRO-APK-GROUP-FLATMATES-2912 | Internet | 4989.27,Android,B59,HIGH_2501_3000,CREATED,idem-20260902-apk-2912,android,G09,FLATMATES,Expense,G09:Expense,ACTIVE,qa.tile.expense,group.expense.amount,group.expense.note,group.expense.submit,group.expense.split.exact,Internet,MAESTRO-APK-GROUP-FLATMATES-2912 | Internet | 4989.27,JOINED,Ledger Quick_Add is expense category; Split_Method drives group.expense.split.*
2915,MTR-APK-2915,Group,Shared Living,Flatmates,House Supplies,Expense,2026-08-14,12:29:52,2026-08-14 12:29:52,29420.11,INR,-29420.11,APK Meera,3,SHARES,MAESTRO-APK-GROUP-FLATMATES-2915 | House Supplies | 29420.11,Android,B59,HIGH_2501_3000,CREATED,idem-20260902-apk-2915,android,G09,FLATMATES,Expense,G09:Expense,ACTIVE,qa.tile.expense,group.expense.amount,group.expense.note,group.expense.submit,group.expense.split.shares,House Supplies,MAESTRO-APK-GROUP-FLATMATES-2915 | House Supplies | 29420.11,JOINED,Ledger Quick_Add is expense category; Split_Method drives group.expense.split.*
2918,MTR-APK-2918,Group,Shared Living,Flatmates,Repairs,Expense,2026-04-08,20:12:21,2026-04-08 20:12:21,9850.17,INR,-9850.17,APK Owner,3,EQUAL,MAESTRO-APK-GROUP-FLATMATES-2918 | Repairs | 9850.17,Android,B59,HIGH_2501_3000,CREATED,idem-20260902-apk-2918,android,G09,FLATMATES,Expense,G09:Expense,ACTIVE,qa.tile.expense,group.expense.amount,group.expense.note,group.expense.submit,group.expense.split.equal,Repairs,MAESTRO-APK-GROUP-FLATMATES-2918 | Repairs | 9850.17,JOINED,Ledger Quick_Add is expense category; Split_Method drives group.expense.split.*
2921,MTR-APK-2921,Group,Shared Living,Shared Living,Rent,Expense,2025-11-08,01:22:42,2025-11-08 01:22:42,1858.98,INR,-1858.98,APK Aarav,3,PERCENTAGE,MAESTRO-APK-GROUP-SHARED_LIVING-2921 | Rent | 1858.98,Android,B59,HIGH_2501_3000,CREATED,idem-20260902-apk-2921,android,G11,CO_LIVING,Expense,G11:Expense,ACTIVE,qa.tile.expense,group.expense.amount,group.expense.note,group.expense.submit,group.expense.split.percentage,Rent,MAESTRO-APK-GROUP-SHARED_LIVING-2921 | Rent | 1858.98,JOINED,Ledger Quick_Add is expense category; Split_Method drives group.expense.split.*
2924,MTR-APK-2924,Group,Shared Living,Shared Living,Utilities,Expense,2026-08-08,14:04:50,2026-08-08 14:04:50,13193.11,INR,-13193.11,APK Meera,3,EXACT,MAESTRO-APK-GROUP-SHARED_LIVING-2924 | Utilities | 13193.11,Android,B59,HIGH_2501_3000,CREATED,idem-20260902-apk-2924,android,G11,CO_LIVING,Expense,G11:Expense,ACTIVE,qa.tile.expense,group.expense.amount,group.expense.note,group.expense.submit,group.expense.split.exact,Utilities,MAESTRO-APK-GROUP-SHARED_LIVING-2924 | Utilities | 13193.11,JOINED,Ledger Quick_Add is expense category; Split_Method drives group.expense.split.*
2927,MTR-APK-2927,Group,Shared Living,Shared Living,Groceries,Expense,2026-04-27,15:51:35,2026-04-27 15:51:35,24864.79,INR,-24864.79,APK Owner,3,SHARES,MAESTRO-APK-GROUP-SHARED_LIVING-2927 | Groceries | 24864.79,Android,B59,HIGH_2501_3000,CREATED,idem-20260902-apk-2927,android,G11,CO_LIVING,Expense,G11:Expense,ACTIVE,qa.tile.expense,group.expense.amount,group.expense.note,group.expense.submit,group.expense.split.shares,Groceries,MAESTRO-APK-GROUP-SHARED_LIVING-2927 | Groceries | 24864.79,JOINED,Ledger Quick_Add is expense category; Split_Method drives group.expense.split.*
2930,MTR-APK-2930,Group,Shared Living,Shared Living,Maintenance,Expense,2026-06-16,13:07:32,2026-06-16 13:07:32,14902.83,INR,-14902.83,APK Aarav,3,EQUAL,MAESTRO-APK-GROUP-SHARED_LIVING-2930 | Maintenance | 14902.83,Android,B59,HIGH_2501_3000,CREATED,idem-20260902-apk-2930,android,G11,CO_LIVING,Expense,G11:Expense,ACTIVE,qa.tile.expense,group.expense.amount,group.expense.note,group.expense.submit,group.expense.split.equal,Maintenance,MAESTRO-APK-GROUP-SHARED_LIVING-2930 | Maintenance | 14902.83,JOINED,Ledger Quick_Add is expense category; Split_Method drives group.expense.split.*
2933,MTR-APK-2933,Group,Shared Living,Shared Living,Other,Expense,2026-03-10,23:19:04,2026-03-10 23:19:04,26498.53,INR,-26498.53,APK Meera,3,PERCENTAGE,MAESTRO-APK-GROUP-SHARED_LIVING-2933 | Other | 26498.53,Android,B59,HIGH_2501_3000,CREATED,idem-20260902-apk-2933,android,G11,CO_LIVING,Expense,G11:Expense,ACTIVE,qa.tile.expense,group.expense.amount,group.expense.note,group.expense.submit,group.expense.split.percentage,Other,MAESTRO-APK-GROUP-SHARED_LIVING-2933 | Other | 26498.53,JOINED,Ledger Quick_Add is expense category; Split_Method drives group.expense.split.*
2936,MTR-APK-2936,Group,Shared Living,Family Household,Rent,Expense,2025-09-20,10:25:54,2025-09-20 10:25:54,26119.1,INR,-26119.1,APK Owner,3,EXACT,MAESTRO-APK-GROUP-FAMILY_HOUSEHOLD-2936 | Rent | 26119.10,Android,B59,HIGH_2501_3000,CREATED,idem-20260902-apk-2936,android,G10,FAMILY_HOUSEHOLD,Expense,G10:Expense,ACTIVE,qa.tile.expense,group.expense.amount,group.expense.note,group.expense.submit,group.expense.split.exact,Rent,MAESTRO-APK-GROUP-FAMILY_HOUSEHOLD-2936 | Rent | 26119.10,JOINED,Ledger Quick_Add is expense category; Split_Method drives group.expense.split.*
2939,MTR-APK-2939,Group,Shared Living,Family Household,Groceries,Expense,2026-08-30,02:40:01,2026-08-30 02:40:01,13838.2,INR,-13838.2,APK Aarav,3,SHARES,MAESTRO-APK-GROUP-FAMILY_HOUSEHOLD-2939 | Groceries | 13838.20,Android,B59,HIGH_2501_3000,CREATED,idem-20260902-apk-2939,android,G10,FAMILY_HOUSEHOLD,Expense,G10:Expense,ACTIVE,qa.tile.expense,group.expense.amount,group.expense.note,group.expense.submit,group.expense.split.shares,Groceries,MAESTRO-APK-GROUP-FAMILY_HOUSEHOLD-2939 | Groceries | 13838.20,JOINED,Ledger Quick_Add is expense category; Split_Method drives group.expense.split.*
2942,MTR-APK-2942,Group,Shared Living,Family Household,Transport,Expense,2026-07-31,16:09:33,2026-07-31 16:09:33,14845.53,INR,-14845.53,APK Meera,3,EQUAL,MAESTRO-APK-GROUP-FAMILY_HOUSEHOLD-2942 | Transport | 14845.53,Android,B59,HIGH_2501_3000,CREATED,idem-20260902-apk-2942,android,G10,FAMILY_HOUSEHOLD,Expense,G10:Expense,ACTIVE,qa.tile.expense,group.expense.amount,group.expense.note,group.expense.submit,group.expense.split.equal,Transport,MAESTRO-APK-GROUP-FAMILY_HOUSEHOLD-2942 | Transport | 14845.53,JOINED,Ledger Quick_Add is expense category; Split_Method drives group.expense.split.*
2945,MTR-APK-2945,Group,Shared Living,Family Household,Bills,Expense,2025-09-20,23:27:39,2025-09-20 23:27:39,8621.35,INR,-8621.35,APK Owner,3,PERCENTAGE,MAESTRO-APK-GROUP-FAMILY_HOUSEHOLD-2945 | Bills | 8621.35,Android,B59,HIGH_2501_3000,CREATED,idem-20260902-apk-2945,android,G10,FAMILY_HOUSEHOLD,Expense,G10:Expense,ACTIVE,qa.tile.expense,group.expense.amount,group.expense.note,group.expense.submit,group.expense.split.percentage,Bills,MAESTRO-APK-GROUP-FAMILY_HOUSEHOLD-2945 | Bills | 8621.35,JOINED,Ledger Quick_Add is expense category; Split_Method drives group.expense.split.*
2948,MTR-APK-2948,Group,Shared Living,Family Household,Utilities,Expense,2026-04-13,16:15:48,2026-04-13 16:15:48,7142.48,INR,-7142.48,APK Aarav,3,EXACT,MAESTRO-APK-GROUP-FAMILY_HOUSEHOLD-2948 | Utilities | 7142.48,Android,B59,HIGH_2501_3000,CREATED,idem-20260902-apk-2948,android,G10,FAMILY_HOUSEHOLD,Expense,G10:Expense,ACTIVE,qa.tile.expense,group.expense.amount,group.expense.note,group.expense.submit,group.expense.split.exact,Utilities,MAESTRO-APK-GROUP-FAMILY_HOUSEHOLD-2948 | Utilities | 7142.48,JOINED,Ledger Quick_Add is expense category; Split_Method drives group.expense.split.*
2951,MTR-APK-2951,Group,Shared Living,Family Household,Healthcare,Expense,2025-11-13,13:59:26,2025-11-13 13:59:26,18091.88,INR,-18091.88,APK Meera,3,SHARES,MAESTRO-APK-GROUP-FAMILY_HOUSEHOLD-2951 | Healthcare | 18091.88,Android,B60,HIGH_2501_3000,CREATED,idem-20260902-apk-2951,android,G10,FAMILY_HOUSEHOLD,Expense,G10:Expense,ACTIVE,qa.tile.expense,group.expense.amount,group.expense.note,group.expense.submit,group.expense.split.shares,Healthcare,MAESTRO-APK-GROUP-FAMILY_HOUSEHOLD-2951 | Healthcare | 18091.88,JOINED,Ledger Quick_Add is expense category; Split_Method drives group.expense.split.*
2954,MTR-APK-2954,Group,Shared Living,Custom Living,Custom Expense,Expense,2025-09-25,02:54:58,2025-09-25 02:54:58,23598.67,INR,-23598.67,APK Owner,3,EQUAL,MAESTRO-APK-GROUP-CUSTOM_LIVING-2954 | Custom Expense | 23598.67,Android,B60,HIGH_2501_3000,CREATED,idem-20260902-apk-2954,android,G12,COMMUNITY_LIVING,Expense,G12:Expense,ACTIVE,qa.tile.expense,group.expense.amount,group.expense.note,group.expense.submit,group.expense.split.equal,Custom Expense,MAESTRO-APK-GROUP-CUSTOM_LIVING-2954 | Custom Expense | 23598.67,JOINED,Ledger Quick_Add is expense category; Split_Method drives group.expense.split.*
2957,MTR-APK-2957,Group,Shared Living,Custom Living,Custom Contribution,Contribution,2026-05-08,13:26:43,2026-05-08 13:26:43,19850.03,INR,19850.03,APK Aarav,3,PERCENTAGE,MAESTRO-APK-GROUP-CUSTOM_LIVING-2957 | Custom Contribution | 19850.03,Android,B60,HIGH_2501_3000,CREATED,idem-20260902-apk-2957,android,G12,COMMUNITY_LIVING,Contribute,G12:Contribute,,qa.tile.contribute,group.contribute.amount,group.contribute.note,group.contribute.submit,group.expense.split.percentage,Custom Contribution,MAESTRO-APK-GROUP-CUSTOM_LIVING-2957 | Custom Contribution | 19850.03,SKIP_CAPABILITY_GAP,Custom Living hub has no Contribution tile (same as Family Household)
2960,MTR-APK-2960,Group,Shared Experience,Trip,Travel,Expense,2025-10-10,09:15:58,2025-10-10 09:15:58,99.99,INR,-99.99,APK Meera,3,EXACT,MAESTRO-APK-GROUP-TRIP-2960 | Travel | 99.99,Android,B60,HIGH_2501_3000,CREATED,idem-20260902-apk-2960,android,G01,TRIP,Expense,G01:Expense,ACTIVE,qa.tile.expense,group.expense.amount,group.expense.note,group.expense.submit,group.expense.split.exact,Travel,MAESTRO-APK-GROUP-TRIP-2960 | Travel | 99.99,JOINED,Ledger Quick_Add is expense category; Split_Method drives group.expense.split.*
2963,MTR-APK-2963,Group,Shared Experience,Trip,Stay,Expense,2026-02-15,07:15:01,2026-02-15 07:15:01,19812.88,INR,-19812.88,APK Owner,3,SHARES,MAESTRO-APK-GROUP-TRIP-2963 | Stay | 19812.88,Android,B60,HIGH_2501_3000,CREATED,idem-20260902-apk-2963,android,G01,TRIP,Expense,G01:Expense,ACTIVE,qa.tile.expense,group.expense.amount,group.expense.note,group.expense.submit,group.expense.split.shares,Stay,MAESTRO-APK-GROUP-TRIP-2963 | Stay | 19812.88,JOINED,Ledger Quick_Add is expense category; Split_Method drives group.expense.split.*
2966,MTR-APK-2966,Group,Shared Experience,Trip,Food,Expense,2026-08-22,02:50:07,2026-08-22 02:50:07,4152.16,INR,-4152.16,APK Aarav,3,EQUAL,MAESTRO-APK-GROUP-TRIP-2966 | Food | 4152.16,Android,B60,HIGH_2501_3000,CREATED,idem-20260902-apk-2966,android,G01,TRIP,Expense,G01:Expense,ACTIVE,qa.tile.expense,group.expense.amount,group.expense.note,group.expense.submit,group.expense.split.equal,Food,MAESTRO-APK-GROUP-TRIP-2966 | Food | 4152.16,JOINED,Ledger Quick_Add is expense category; Split_Method drives group.expense.split.*
2969,MTR-APK-2969,Group,Shared Experience,Trip,Local Transport,Expense,2026-06-21,22:03:25,2026-06-21 22:03:25,7644.64,INR,-7644.64,APK Meera,3,PERCENTAGE,MAESTRO-APK-GROUP-TRIP-2969 | Local Transport | 7644.64,Android,B60,HIGH_2501_3000,CREATED,idem-20260902-apk-2969,android,G01,TRIP,Expense,G01:Expense,ACTIVE,qa.tile.expense,group.expense.amount,group.expense.note,group.expense.submit,group.expense.split.percentage,Local Transport,MAESTRO-APK-GROUP-TRIP-2969 | Local Transport | 7644.64,JOINED,Ledger Quick_Add is expense category; Split_Method drives group.expense.split.*
2972,MTR-APK-2972,Group,Shared Experience,Trip,Activities,Expense,2025-10-23,02:01:35,2025-10-23 02:01:35,2580.6,INR,-2580.6,APK Owner,3,EXACT,MAESTRO-APK-GROUP-TRIP-2972 | Activities | 2580.60,Android,B60,HIGH_2501_3000,CREATED,idem-20260902-apk-2972,android,G01,TRIP,Expense,G01:Expense,ACTIVE,qa.tile.expense,group.expense.amount,group.expense.note,group.expense.submit,group.expense.split.exact,Activities,MAESTRO-APK-GROUP-TRIP-2972 | Activities | 2580.60,JOINED,Ledger Quick_Add is expense category; Split_Method drives group.expense.split.*
2975,MTR-APK-2975,Group,Shared Experience,Trip,Shopping,Expense,2025-11-27,15:42:53,2025-11-27 15:42:53,28842.77,INR,-28842.77,APK Aarav,3,SHARES,MAESTRO-APK-GROUP-TRIP-2975 | Shopping | 28842.77,Android,B60,HIGH_2501_3000,CREATED,idem-20260902-apk-2975,android,G01,TRIP,Expense,G01:Expense,ACTIVE,qa.tile.expense,group.expense.amount,group.expense.note,group.expense.submit,group.expense.split.shares,Shopping,MAESTRO-APK-GROUP-TRIP-2975 | Shopping | 28842.77,JOINED,Ledger Quick_Add is expense category; Split_Method drives group.expense.split.*
2978,MTR-APK-2978,Group,Shared Experience,Trip,Other,Expense,2026-07-05,19:23:10,2026-07-05 19:23:10,15958.9,INR,-15958.9,APK Meera,3,EQUAL,MAESTRO-APK-GROUP-TRIP-2978 | Other | 15958.90,Android,B60,HIGH_2501_3000,CREATED,idem-20260902-apk-2978,android,G01,TRIP,Expense,G01:Expense,ACTIVE,qa.tile.expense,group.expense.amount,group.expense.note,group.expense.submit,group.expense.split.equal,Other,MAESTRO-APK-GROUP-TRIP-2978 | Other | 15958.90,JOINED,Ledger Quick_Add is expense category; Split_Method drives group.expense.split.*
2981,MTR-APK-2981,Group,Shared Experience,Wedding,Venue,Expense,2025-11-12,08:55:21,2025-11-12 08:55:21,21870.71,INR,-21870.71,APK Owner,3,PERCENTAGE,MAESTRO-APK-GROUP-WEDDING-2981 | Venue | 21870.71,Android,B60,HIGH_2501_3000,CREATED,idem-20260902-apk-2981,android,G02,WEDDING,Expense,G02:Expense,ACTIVE,qa.tile.expense,group.expense.amount,group.expense.note,group.expense.submit,group.expense.split.percentage,Venue,MAESTRO-APK-GROUP-WEDDING-2981 | Venue | 21870.71,JOINED,Ledger Quick_Add is expense category; Split_Method drives group.expense.split.*
2984,MTR-APK-2984,Group,Shared Experience,Wedding,Catering,Expense,2026-01-24,05:17:08,2026-01-24 05:17:08,9399.58,INR,-9399.58,APK Aarav,3,EXACT,MAESTRO-APK-GROUP-WEDDING-2984 | Catering | 9399.58,Android,B60,HIGH_2501_3000,CREATED,idem-20260902-apk-2984,android,G02,WEDDING,Expense,G02:Expense,ACTIVE,qa.tile.expense,group.expense.amount,group.expense.note,group.expense.submit,group.expense.split.exact,Catering,MAESTRO-APK-GROUP-WEDDING-2984 | Catering | 9399.58,JOINED,Ledger Quick_Add is expense category; Split_Method drives group.expense.split.*
2987,MTR-APK-2987,Group,Shared Experience,Wedding,Decor,Expense,2025-12-04,02:45:32,2025-12-04 02:45:32,4239.88,INR,-4239.88,APK Meera,3,SHARES,MAESTRO-APK-GROUP-WEDDING-2987 | Decor | 4239.88,Android,B60,HIGH_2501_3000,CREATED,idem-20260902-apk-2987,android,G02,WEDDING,Expense,G02:Expense,ACTIVE,qa.tile.expense,group.expense.amount,group.expense.note,group.expense.submit,group.expense.split.shares,Decor,MAESTRO-APK-GROUP-WEDDING-2987 | Decor | 4239.88,JOINED,Ledger Quick_Add is expense category; Split_Method drives group.expense.split.*
2990,MTR-APK-2990,Group,Shared Experience,Wedding,Travel,Expense,2026-03-30,06:46:11,2026-03-30 06:46:11,8356.73,INR,-8356.73,APK Owner,3,EQUAL,MAESTRO-APK-GROUP-WEDDING-2990 | Travel | 8356.73,Android,B60,HIGH_2501_3000,CREATED,idem-20260902-apk-2990,android,G02,WEDDING,Expense,G02:Expense,ACTIVE,qa.tile.expense,group.expense.amount,group.expense.note,group.expense.submit,group.expense.split.equal,Travel,MAESTRO-APK-GROUP-WEDDING-2990 | Travel | 8356.73,JOINED,Ledger Quick_Add is expense category; Split_Method drives group.expense.split.*
2993,MTR-APK-2993,Group,Shared Experience,Wedding,Gifts,Expense,2026-05-31,21:13:04,2026-05-31 21:13:04,11817.26,INR,-11817.26,APK Aarav,3,PERCENTAGE,MAESTRO-APK-GROUP-WEDDING-2993 | Gifts | 11817.26,Android,B60,HIGH_2501_3000,CREATED,idem-20260902-apk-2993,android,G02,WEDDING,Expense,G02:Expense,ACTIVE,qa.tile.expense,group.expense.amount,group.expense.note,group.expense.submit,group.expense.split.percentage,Gifts,MAESTRO-APK-GROUP-WEDDING-2993 | Gifts | 11817.26,JOINED,Ledger Quick_Add is expense category; Split_Method drives group.expense.split.*
2996,MTR-APK-2996,Group,Shared Experience,Wedding,Photography,Expense,2025-10-07,13:26:43,2025-10-07 13:26:43,3834.61,INR,-3834.61,APK Meera,3,EXACT,MAESTRO-APK-GROUP-WEDDING-2996 | Photography | 3834.61,Android,B60,HIGH_2501_3000,CREATED,idem-20260902-apk-2996,android,G02,WEDDING,Expense,G02:Expense,ACTIVE,qa.tile.expense,group.expense.amount,group.expense.note,group.expense.submit,group.expense.split.exact,Photography,MAESTRO-APK-GROUP-WEDDING-2996 | Photography | 3834.61,JOINED,Ledger Quick_Add is expense category; Split_Method drives group.expense.split.*
2999,MTR-APK-2999,Group,Shared Experience,Wedding,Other,Expense,2026-07-05,04:13:12,2026-07-05 04:13:12,14561.86,INR,-14561.86,APK Owner,3,SHARES,MAESTRO-APK-GROUP-WEDDING-2999 | Other | 14561.86,Android,B60,HIGH_2501_3000,CREATED,idem-20260902-apk-2999,android,G02,WEDDING,Expense,G02:Expense,ACTIVE,qa.tile.expense,group.expense.amount,group.expense.note,group.expense.submit,group.expense.split.shares,Other,MAESTRO-APK-GROUP-WEDDING-2999 | Other | 14561.86,JOINED,Ledger Quick_Add is expense category; Split_Method drives group.expense.split.*
3002,MTR-APK-3002,Group,Shared Experience,Office Outing,Food,Expense,2026-02-07,00:27:18,2026-02-07 00:27:18,13894.27,INR,-13894.27,APK Aarav,3,EQUAL,MAESTRO-APK-GROUP-OFFICE_OUTING-3002 | Food | 13894.27,Android,B61,STRESS_3001_3500,CREATED,idem-20260902-apk-3002,android,G04,OFFICE_OUTING,Expense,G04:Expense,ACTIVE,qa.tile.expense,group.expense.amount,group.expense.note,group.expense.submit,group.expense.split.equal,Food,MAESTRO-APK-GROUP-OFFICE_OUTING-3002 | Food | 13894.27,JOINED,Ledger Quick_Add is expense category; Split_Method drives group.expense.split.*
3005,MTR-APK-3005,Group,Shared Experience,Office Outing,Travel,Expense,2025-12-17,13:13:53,2025-12-17 13:13:53,4978.78,INR,-4978.78,APK Meera,3,PERCENTAGE,MAESTRO-APK-GROUP-OFFICE_OUTING-3005 | Travel | 4978.78,Android,B61,STRESS_3001_3500,CREATED,idem-20260902-apk-3005,android,G04,OFFICE_OUTING,Expense,G04:Expense,ACTIVE,qa.tile.expense,group.expense.amount,group.expense.note,group.expense.submit,group.expense.split.percentage,Travel,MAESTRO-APK-GROUP-OFFICE_OUTING-3005 | Travel | 4978.78,JOINED,Ledger Quick_Add is expense category; Split_Method drives group.expense.split.*
3008,MTR-APK-3008,Group,Shared Experience,Office Outing,Activities,Expense,2026-01-30,03:24:49,2026-01-30 03:24:49,16863.09,INR,-16863.09,APK Owner,3,EXACT,MAESTRO-APK-GROUP-OFFICE_OUTING-3008 | Activities | 16863.09,Android,B61,STRESS_3001_3500,CREATED,idem-20260902-apk-3008,android,G04,OFFICE_OUTING,Expense,G04:Expense,ACTIVE,qa.tile.expense,group.expense.amount,group.expense.note,group.expense.submit,group.expense.split.exact,Activities,MAESTRO-APK-GROUP-OFFICE_OUTING-3008 | Activities | 16863.09,JOINED,Ledger Quick_Add is expense category; Split_Method drives group.expense.split.*
3011,MTR-APK-3011,Group,Shared Experience,Office Outing,Venue,Expense,2026-03-13,13:32:37,2026-03-13 13:32:37,20541.18,INR,-20541.18,APK Aarav,3,SHARES,MAESTRO-APK-GROUP-OFFICE_OUTING-3011 | Venue | 20541.18,Android,B61,STRESS_3001_3500,CREATED,idem-20260902-apk-3011,android,G04,OFFICE_OUTING,Expense,G04:Expense,ACTIVE,qa.tile.expense,group.expense.amount,group.expense.note,group.expense.submit,group.expense.split.shares,Venue,MAESTRO-APK-GROUP-OFFICE_OUTING-3011 | Venue | 20541.18,JOINED,Ledger Quick_Add is expense category; Split_Method drives group.expense.split.*
3014,MTR-APK-3014,Group,Shared Experience,Office Outing,Other,Expense,2026-03-05,10:11:42,2026-03-05 10:11:42,18893.48,INR,-18893.48,APK Meera,3,EQUAL,MAESTRO-APK-GROUP-OFFICE_OUTING-3014 | Other | 18893.48,Android,B61,STRESS_3001_3500,CREATED,idem-20260902-apk-3014,android,G04,OFFICE_OUTING,Expense,G04:Expense,ACTIVE,qa.tile.expense,group.expense.amount,group.expense.note,group.expense.submit,group.expense.split.equal,Other,MAESTRO-APK-GROUP-OFFICE_OUTING-3014 | Other | 18893.48,JOINED,Ledger Quick_Add is expense category; Split_Method drives group.expense.split.*
3017,MTR-APK-3017,Group,Shared Experience,House Party,Food,Expense,2026-06-06,02:53:47,2026-06-06 02:53:47,25391.33,INR,-25391.33,APK Owner,3,PERCENTAGE,MAESTRO-APK-GROUP-HOUSE_PARTY-3017 | Food | 25391.33,Android,B61,STRESS_3001_3500,CREATED,idem-20260902-apk-3017,android,G03,HOUSE_PARTY,Expense,G03:Expense,ACTIVE,qa.tile.expense,group.expense.amount,group.expense.note,group.expense.submit,group.expense.split.percentage,Food,MAESTRO-APK-GROUP-HOUSE_PARTY-3017 | Food | 25391.33,JOINED,Ledger Quick_Add is expense category; Split_Method drives group.expense.split.*
3020,MTR-APK-3020,Group,Shared Experience,House Party,Drinks,Expense,2026-04-13,15:46:11,2026-04-13 15:46:11,24374.56,INR,-24374.56,APK Aarav,3,EXACT,MAESTRO-APK-GROUP-HOUSE_PARTY-3020 | Drinks | 24374.56,Android,B61,STRESS_3001_3500,CREATED,idem-20260902-apk-3020,android,G03,HOUSE_PARTY,Expense,G03:Expense,ACTIVE,qa.tile.expense,group.expense.amount,group.expense.note,group.expense.submit,group.expense.split.exact,Drinks,MAESTRO-APK-GROUP-HOUSE_PARTY-3020 | Drinks | 24374.56,JOINED,Ledger Quick_Add is expense category; Split_Method drives group.expense.split.*
3023,MTR-APK-3023,Group,Shared Experience,House Party,Decor,Expense,2026-01-27,06:16:22,2026-01-27 06:16:22,16821.82,INR,-16821.82,APK Meera,3,SHARES,MAESTRO-APK-GROUP-HOUSE_PARTY-3023 | Decor | 16821.82,Android,B61,STRESS_3001_3500,CREATED,idem-20260902-apk-3023,android,G03,HOUSE_PARTY,Expense,G03:Expense,ACTIVE,qa.tile.expense,group.expense.amount,group.expense.note,group.expense.submit,group.expense.split.shares,Decor,MAESTRO-APK-GROUP-HOUSE_PARTY-3023 | Decor | 16821.82,JOINED,Ledger Quick_Add is expense category; Split_Method drives group.expense.split.*
3026,MTR-APK-3026,Group,Shared Experience,House Party,Supplies,Expense,2026-08-12,10:42:11,2026-08-12 10:42:11,19108.17,INR,-19108.17,APK Owner,3,EQUAL,MAESTRO-APK-GROUP-HOUSE_PARTY-3026 | Supplies | 19108.17,Android,B61,STRESS_3001_3500,CREATED,idem-20260902-apk-3026,android,G03,HOUSE_PARTY,Expense,G03:Expense,ACTIVE,qa.tile.expense,group.expense.amount,group.expense.note,group.expense.submit,group.expense.split.equal,Supplies,MAESTRO-APK-GROUP-HOUSE_PARTY-3026 | Supplies | 19108.17,JOINED,Ledger Quick_Add is expense category; Split_Method drives group.expense.split.*
3029,MTR-APK-3029,Group,Shared Experience,House Party,Other,Expense,2025-09-02,19:18:18,2025-09-02 19:18:18,8889.79,INR,-8889.79,APK Aarav,3,PERCENTAGE,MAESTRO-APK-GROUP-HOUSE_PARTY-3029 | Other | 8889.79,Android,B61,STRESS_3001_3500,CREATED,idem-20260902-apk-3029,android,G03,HOUSE_PARTY,Expense,G03:Expense,ACTIVE,qa.tile.expense,group.expense.amount,group.expense.note,group.expense.submit,group.expense.split.percentage,Other,MAESTRO-APK-GROUP-HOUSE_PARTY-3029 | Other | 8889.79,JOINED,Ledger Quick_Add is expense category; Split_Method drives group.expense.split.*
3032,MTR-APK-3032,Group,Shared Purchase,Gift Pool,Contribution,Contribution,2026-08-02,14:03:54,2026-08-02 14:03:54,10590.34,INR,10590.34,APK Meera,3,EXACT,MAESTRO-APK-GROUP-GIFT_POOL-3032 | Contribution | 10590.34,Android,B61,STRESS_3001_3500,CREATED,idem-20260902-apk-3032,android,G05,GIFT_POOL,Contribute,G05:Contribute,ACTIVE,qa.tile.contribute,group.contribute.amount,group.contribute.note,group.contribute.submit,group.expense.split.exact,Contribution,MAESTRO-APK-GROUP-GIFT_POOL-3032 | Contribution | 10590.34,JOINED,
3035,MTR-APK-3035,Group,Shared Purchase,Gift Pool,Gift Purchase,Expense,2026-07-23,04:11:06,2026-07-23 04:11:06,6698.62,INR,-6698.62,APK Owner,3,SHARES,MAESTRO-APK-GROUP-GIFT_POOL-3035 | Gift Purchase | 6698.62,Android,B61,STRESS_3001_3500,CREATED,idem-20260902-apk-3035,android,G05,GIFT_POOL,Expense,G05:Expense,ACTIVE,qa.tile.expense,group.expense.amount,group.expense.note,group.expense.submit,group.expense.split.shares,Gift Purchase,MAESTRO-APK-GROUP-GIFT_POOL-3035 | Gift Purchase | 6698.62,JOINED,Ledger Quick_Add is expense category; Split_Method drives group.expense.split.*
3038,MTR-APK-3038,Group,Shared Purchase,Gift Pool,Delivery,Expense,2026-04-14,13:36:16,2026-04-14 13:36:16,12226.95,INR,-12226.95,APK Aarav,3,EQUAL,MAESTRO-APK-GROUP-GIFT_POOL-3038 | Delivery | 12226.95,Android,B61,STRESS_3001_3500,CREATED,idem-20260902-apk-3038,android,G05,GIFT_POOL,Expense,G05:Expense,ACTIVE,qa.tile.expense,group.expense.amount,group.expense.note,group.expense.submit,group.expense.split.equal,Delivery,MAESTRO-APK-GROUP-GIFT_POOL-3038 | Delivery | 12226.95,JOINED,Ledger Quick_Add is expense category; Split_Method drives group.expense.split.*
3041,MTR-APK-3041,Group,Shared Purchase,Gift Pool,Other,Expense,2026-07-29,06:58:23,2026-07-29 06:58:23,10045.14,INR,-10045.14,APK Meera,3,PERCENTAGE,MAESTRO-APK-GROUP-GIFT_POOL-3041 | Other | 10045.14,Android,B61,STRESS_3001_3500,CREATED,idem-20260902-apk-3041,android,G05,GIFT_POOL,Expense,G05:Expense,ACTIVE,qa.tile.expense,group.expense.amount,group.expense.note,group.expense.submit,group.expense.split.percentage,Other,MAESTRO-APK-GROUP-GIFT_POOL-3041 | Other | 10045.14,JOINED,Ledger Quick_Add is expense category; Split_Method drives group.expense.split.*
3044,MTR-APK-3044,Group,Shared Purchase,Purchase,Item,Expense,2026-03-21,10:54:54,2026-03-21 10:54:54,2872.0,INR,-2872.0,APK Owner,3,EXACT,MAESTRO-APK-GROUP-PURCHASE-3044 | Item | 2872.00,Android,B61,STRESS_3001_3500,CREATED,idem-20260902-apk-3044,android,G06,GROUP_PURCHASE,Expense,G06:Expense,ACTIVE,qa.tile.expense,group.expense.amount,group.expense.note,group.expense.submit,group.expense.split.exact,Item,MAESTRO-APK-GROUP-PURCHASE-3044 | Item | 2872.00,JOINED,Ledger Quick_Add is expense category; Split_Method drives group.expense.split.*
3047,MTR-APK-3047,Group,Shared Purchase,Purchase,Shipping,Expense,2026-01-12,07:22:51,2026-01-12 07:22:51,14561.73,INR,-14561.73,APK Aarav,3,SHARES,MAESTRO-APK-GROUP-PURCHASE-3047 | Shipping | 14561.73,Android,B61,STRESS_3001_3500,CREATED,idem-20260902-apk-3047,android,G06,GROUP_PURCHASE,Expense,G06:Expense,ACTIVE,qa.tile.expense,group.expense.amount,group.expense.note,group.expense.submit,group.expense.split.shares,Shipping,MAESTRO-APK-GROUP-PURCHASE-3047 | Shipping | 14561.73,JOINED,Ledger Quick_Add is expense category; Split_Method drives group.expense.split.*
3050,MTR-APK-3050,Group,Shared Purchase,Purchase,Tax,Expense,2026-03-08,18:43:47,2026-03-08 18:43:47,29886.24,INR,-29886.24,APK Meera,3,EQUAL,MAESTRO-APK-GROUP-PURCHASE-3050 | Tax | 29886.24,Android,B61,STRESS_3001_3500,CREATED,idem-20260902-apk-3050,android,G06,GROUP_PURCHASE,Expense,G06:Expense,ACTIVE,qa.tile.expense,group.expense.amount,group.expense.note,group.expense.submit,group.expense.split.equal,Tax,MAESTRO-APK-GROUP-PURCHASE-3050 | Tax | 29886.24,JOINED,Ledger Quick_Add is expense category; Split_Method drives group.expense.split.*
3053,MTR-APK-3053,Group,Shared Purchase,Purchase,Other,Expense,2026-05-22,18:00:20,2026-05-22 18:00:20,827.34,INR,-827.34,APK Owner,3,PERCENTAGE,MAESTRO-APK-GROUP-PURCHASE-3053 | Other | 827.34,Android,B62,STRESS_3001_3500,CREATED,idem-20260902-apk-3053,android,G06,GROUP_PURCHASE,Expense,G06:Expense,ACTIVE,qa.tile.expense,group.expense.amount,group.expense.note,group.expense.submit,group.expense.split.percentage,Other,MAESTRO-APK-GROUP-PURCHASE-3053 | Other | 827.34,JOINED,Ledger Quick_Add is expense category; Split_Method drives group.expense.split.*
3056,MTR-APK-3056,Group,Shared Purchase,Assets,Purchase,Expense,2026-02-02,14:33:25,2026-02-02 14:33:25,11912.52,INR,-11912.52,APK Aarav,3,EXACT,MAESTRO-APK-GROUP-ASSETS-3056 | Purchase | 11912.52,Android,B62,STRESS_3001_3500,CREATED,idem-20260902-apk-3056,android,G07,SHARED_ASSET,Expense,G07:Expense,ACTIVE,qa.tile.expense,group.expense.amount,group.expense.note,group.expense.submit,group.expense.split.exact,Purchase,MAESTRO-APK-GROUP-ASSETS-3056 | Purchase | 11912.52,JOINED,Ledger Quick_Add is expense category; Split_Method drives group.expense.split.*
3059,MTR-APK-3059,Group,Shared Purchase,Assets,Maintenance,Expense,2025-11-15,18:43:06,2025-11-15 18:43:06,2412.12,INR,-2412.12,APK Meera,3,SHARES,MAESTRO-APK-GROUP-ASSETS-3059 | Maintenance | 2412.12,Android,B62,STRESS_3001_3500,CREATED,idem-20260902-apk-3059,android,G07,SHARED_ASSET,Expense,G07:Expense,ACTIVE,qa.tile.expense,group.expense.amount,group.expense.note,group.expense.submit,group.expense.split.shares,Maintenance,MAESTRO-APK-GROUP-ASSETS-3059 | Maintenance | 2412.12,JOINED,Ledger Quick_Add is expense category; Split_Method drives group.expense.split.*
3062,MTR-APK-3062,Group,Shared Purchase,Assets,Repair,Expense,2026-07-01,06:43:39,2026-07-01 06:43:39,3833.93,INR,-3833.93,APK Owner,3,EQUAL,MAESTRO-APK-GROUP-ASSETS-3062 | Repair | 3833.93,Android,B62,STRESS_3001_3500,CREATED,idem-20260902-apk-3062,android,G07,SHARED_ASSET,Expense,G07:Expense,ACTIVE,qa.tile.expense,group.expense.amount,group.expense.note,group.expense.submit,group.expense.split.equal,Repair,MAESTRO-APK-GROUP-ASSETS-3062 | Repair | 3833.93,JOINED,Ledger Quick_Add is expense category; Split_Method drives group.expense.split.*
3065,MTR-APK-3065,Group,Shared Purchase,Assets,Insurance,Expense,2026-07-26,02:07:55,2026-07-26 02:07:55,29801.03,INR,-29801.03,APK Aarav,3,PERCENTAGE,MAESTRO-APK-GROUP-ASSETS-3065 | Insurance | 29801.03,Android,B62,STRESS_3001_3500,CREATED,idem-20260902-apk-3065,android,G07,SHARED_ASSET,Expense,G07:Expense,ACTIVE,qa.tile.expense,group.expense.amount,group.expense.note,group.expense.submit,group.expense.split.percentage,Insurance,MAESTRO-APK-GROUP-ASSETS-3065 | Insurance | 29801.03,JOINED,Ledger Quick_Add is expense category; Split_Method drives group.expense.split.*
3068,MTR-APK-3068,Group,Shared Purchase,Assets,Other,Expense,2026-05-24,05:35:49,2026-05-24 05:35:49,20700.32,INR,-20700.32,APK Meera,3,EXACT,MAESTRO-APK-GROUP-ASSETS-3068 | Other | 20700.32,Android,B62,STRESS_3001_3500,CREATED,idem-20260902-apk-3068,android,G07,SHARED_ASSET,Expense,G07:Expense,ACTIVE,qa.tile.expense,group.expense.amount,group.expense.note,group.expense.submit,group.expense.split.exact,Other,MAESTRO-APK-GROUP-ASSETS-3068 | Other | 20700.32,JOINED,Ledger Quick_Add is expense category; Split_Method drives group.expense.split.*
3071,MTR-APK-3071,Group,Shared Purchase,Custom Purchase,Custom Expense,Expense,2025-10-06,01:47:22,2025-10-06 01:47:22,10000.0,INR,-10000.0,APK Owner,3,SHARES,MAESTRO-APK-GROUP-CUSTOM_PURCHASE-3071 | Custom Expense | 10000.00,Android,B62,STRESS_3001_3500,CREATED,idem-20260902-apk-3071,android,G08,COMMUNITY_PURCHASE,Expense,G08:Expense,ACTIVE,qa.tile.expense,group.expense.amount,group.expense.note,group.expense.submit,group.expense.split.shares,Custom Expense,MAESTRO-APK-GROUP-CUSTOM_PURCHASE-3071 | Custom Expense | 10000.00,JOINED,Ledger Quick_Add is expense category; Split_Method drives group.expense.split.*
3074,MTR-APK-3074,Group,Shared Purchase,Custom Purchase,Custom Contribution,Contribution,2026-07-05,02:17:55,2026-07-05 02:17:55,19903.39,INR,19903.39,APK Aarav,3,EQUAL,MAESTRO-APK-GROUP-CUSTOM_PURCHASE-3074 | Custom Contribution | 19903.39,Android,B62,STRESS_3001_3500,CREATED,idem-20260902-apk-3074,android,G08,COMMUNITY_PURCHASE,Contribute,G08:Contribute,ACTIVE,qa.tile.contribute,group.contribute.amount,group.contribute.note,group.contribute.submit,group.expense.split.equal,Custom Contribution,MAESTRO-APK-GROUP-CUSTOM_PURCHASE-3074 | Custom Contribution | 19903.39,JOINED,
3077,MTR-APK-3077,Group,Shared Living,Flatmates,Rent,Expense,2026-03-03,14:59:54,2026-03-03 14:59:54,5625.82,INR,-5625.82,APK Meera,3,PERCENTAGE,MAESTRO-APK-GROUP-FLATMATES-3077 | Rent | 5625.82,Android,B62,STRESS_3001_3500,CREATED,idem-20260902-apk-3077,android,G09,FLATMATES,Expense,G09:Expense,ACTIVE,qa.tile.expense,group.expense.amount,group.expense.note,group.expense.submit,group.expense.split.percentage,Rent,MAESTRO-APK-GROUP-FLATMATES-3077 | Rent | 5625.82,JOINED,Ledger Quick_Add is expense category; Split_Method drives group.expense.split.*
3080,MTR-APK-3080,Group,Shared Living,Flatmates,Utilities,Expense,2025-09-01,19:16:25,2025-09-01 19:16:25,10273.14,INR,-10273.14,APK Owner,3,EXACT,MAESTRO-APK-GROUP-FLATMATES-3080 | Utilities | 10273.14,Android,B62,STRESS_3001_3500,CREATED,idem-20260902-apk-3080,android,G09,FLATMATES,Expense,G09:Expense,ACTIVE,qa.tile.expense,group.expense.amount,group.expense.note,group.expense.submit,group.expense.split.exact,Utilities,MAESTRO-APK-GROUP-FLATMATES-3080 | Utilities | 10273.14,JOINED,Ledger Quick_Add is expense category; Split_Method drives group.expense.split.*
3083,MTR-APK-3083,Group,Shared Living,Flatmates,Groceries,Expense,2025-11-12,10:13:07,2025-11-12 10:13:07,24684.97,INR,-24684.97,APK Aarav,3,SHARES,MAESTRO-APK-GROUP-FLATMATES-3083 | Groceries | 24684.97,Android,B62,STRESS_3001_3500,CREATED,idem-20260902-apk-3083,android,G09,FLATMATES,Expense,G09:Expense,ACTIVE,qa.tile.expense,group.expense.amount,group.expense.note,group.expense.submit,group.expense.split.shares,Groceries,MAESTRO-APK-GROUP-FLATMATES-3083 | Groceries | 24684.97,JOINED,Ledger Quick_Add is expense category; Split_Method drives group.expense.split.*
3086,MTR-APK-3086,Group,Shared Living,Flatmates,Internet,Expense,2026-08-17,11:59:18,2026-08-17 11:59:18,13967.41,INR,-13967.41,APK Meera,3,EQUAL,MAESTRO-APK-GROUP-FLATMATES-3086 | Internet | 13967.41,Android,B62,STRESS_3001_3500,CREATED,idem-20260902-apk-3086,android,G09,FLATMATES,Expense,G09:Expense,ACTIVE,qa.tile.expense,group.expense.amount,group.expense.note,group.expense.submit,group.expense.split.equal,Internet,MAESTRO-APK-GROUP-FLATMATES-3086 | Internet | 13967.41,JOINED,Ledger Quick_Add is expense category; Split_Method drives group.expense.split.*
3089,MTR-APK-3089,Group,Shared Living,Flatmates,House Supplies,Expense,2026-02-09,07:47:32,2026-02-09 07:47:32,12932.81,INR,-12932.81,APK Owner,3,PERCENTAGE,MAESTRO-APK-GROUP-FLATMATES-3089 | House Supplies | 12932.81,Android,B62,STRESS_3001_3500,CREATED,idem-20260902-apk-3089,android,G09,FLATMATES,Expense,G09:Expense,ACTIVE,qa.tile.expense,group.expense.amount,group.expense.note,group.expense.submit,group.expense.split.percentage,House Supplies,MAESTRO-APK-GROUP-FLATMATES-3089 | House Supplies | 12932.81,JOINED,Ledger Quick_Add is expense category; Split_Method drives group.expense.split.*
3092,MTR-APK-3092,Group,Shared Living,Flatmates,Repairs,Expense,2026-03-17,18:36:16,2026-03-17 18:36:16,24869.32,INR,-24869.32,APK Aarav,3,EXACT,MAESTRO-APK-GROUP-FLATMATES-3092 | Repairs | 24869.32,Android,B62,STRESS_3001_3500,CREATED,idem-20260902-apk-3092,android,G09,FLATMATES,Expense,G09:Expense,ACTIVE,qa.tile.expense,group.expense.amount,group.expense.note,group.expense.submit,group.expense.split.exact,Repairs,MAESTRO-APK-GROUP-FLATMATES-3092 | Repairs | 24869.32,JOINED,Ledger Quick_Add is expense category; Split_Method drives group.expense.split.*
3095,MTR-APK-3095,Group,Shared Living,Shared Living,Rent,Expense,2026-07-20,04:12:18,2026-07-20 04:12:18,10364.11,INR,-10364.11,APK Meera,3,SHARES,MAESTRO-APK-GROUP-SHARED_LIVING-3095 | Rent | 10364.11,Android,B62,STRESS_3001_3500,CREATED,idem-20260902-apk-3095,android,G11,CO_LIVING,Expense,G11:Expense,ACTIVE,qa.tile.expense,group.expense.amount,group.expense.note,group.expense.submit,group.expense.split.shares,Rent,MAESTRO-APK-GROUP-SHARED_LIVING-3095 | Rent | 10364.11,JOINED,Ledger Quick_Add is expense category; Split_Method drives group.expense.split.*
3098,MTR-APK-3098,Group,Shared Living,Shared Living,Utilities,Expense,2025-12-15,10:09:18,2025-12-15 10:09:18,21253.79,INR,-21253.79,APK Owner,3,EQUAL,MAESTRO-APK-GROUP-SHARED_LIVING-3098 | Utilities | 21253.79,Android,B62,STRESS_3001_3500,CREATED,idem-20260902-apk-3098,android,G11,CO_LIVING,Expense,G11:Expense,ACTIVE,qa.tile.expense,group.expense.amount,group.expense.note,group.expense.submit,group.expense.split.equal,Utilities,MAESTRO-APK-GROUP-SHARED_LIVING-3098 | Utilities | 21253.79,JOINED,Ledger Quick_Add is expense category; Split_Method drives group.expense.split.*
3101,MTR-APK-3101,Group,Shared Living,Shared Living,Groceries,Expense,2026-01-11,02:59:59,2026-01-11 02:59:59,18325.06,INR,-18325.06,APK Aarav,3,PERCENTAGE,MAESTRO-APK-GROUP-SHARED_LIVING-3101 | Groceries | 18325.06,Android,B63,STRESS_3001_3500,CREATED,idem-20260902-apk-3101,android,G11,CO_LIVING,Expense,G11:Expense,ACTIVE,qa.tile.expense,group.expense.amount,group.expense.note,group.expense.submit,group.expense.split.percentage,Groceries,MAESTRO-APK-GROUP-SHARED_LIVING-3101 | Groceries | 18325.06,JOINED,Ledger Quick_Add is expense category; Split_Method drives group.expense.split.*
3104,MTR-APK-3104,Group,Shared Living,Shared Living,Maintenance,Expense,2025-09-23,14:09:06,2025-09-23 14:09:06,24960.9,INR,-24960.9,APK Meera,3,EXACT,MAESTRO-APK-GROUP-SHARED_LIVING-3104 | Maintenance | 24960.90,Android,B63,STRESS_3001_3500,CREATED,idem-20260902-apk-3104,android,G11,CO_LIVING,Expense,G11:Expense,ACTIVE,qa.tile.expense,group.expense.amount,group.expense.note,group.expense.submit,group.expense.split.exact,Maintenance,MAESTRO-APK-GROUP-SHARED_LIVING-3104 | Maintenance | 24960.90,JOINED,Ledger Quick_Add is expense category; Split_Method drives group.expense.split.*
3107,MTR-APK-3107,Group,Shared Living,Shared Living,Other,Expense,2026-01-04,09:34:34,2026-01-04 09:34:34,4005.92,INR,-4005.92,APK Owner,3,SHARES,MAESTRO-APK-GROUP-SHARED_LIVING-3107 | Other | 4005.92,Android,B63,STRESS_3001_3500,CREATED,idem-20260902-apk-3107,android,G11,CO_LIVING,Expense,G11:Expense,ACTIVE,qa.tile.expense,group.expense.amount,group.expense.note,group.expense.submit,group.expense.split.shares,Other,MAESTRO-APK-GROUP-SHARED_LIVING-3107 | Other | 4005.92,JOINED,Ledger Quick_Add is expense category; Split_Method drives group.expense.split.*
3110,MTR-APK-3110,Group,Shared Living,Family Household,School,Expense,2025-09-22,18:27:18,2025-09-22 18:27:18,27817.35,INR,-27817.35,APK Aarav,3,EQUAL,MAESTRO-APK-GROUP-FAMILY_HOUSEHOLD-3110 | School | 27817.35,Android,B63,STRESS_3001_3500,CREATED,idem-20260902-apk-3110,android,G10,FAMILY_HOUSEHOLD,Expense,G10:Expense,ACTIVE,qa.tile.expense,group.expense.amount,group.expense.note,group.expense.submit,group.expense.split.equal,School,MAESTRO-APK-GROUP-FAMILY_HOUSEHOLD-3110 | School | 27817.35,JOINED,Ledger Quick_Add is expense category; Split_Method drives group.expense.split.*
3113,MTR-APK-3113,Group,Shared Living,Family Household,Other,Expense,2026-07-06,08:45:20,2026-07-06 08:45:20,29289.77,INR,-29289.77,APK Meera,3,PERCENTAGE,MAESTRO-APK-GROUP-FAMILY_HOUSEHOLD-3113 | Other | 29289.77,Android,B63,STRESS_3001_3500,CREATED,idem-20260902-apk-3113,android,G10,FAMILY_HOUSEHOLD,Expense,G10:Expense,ACTIVE,qa.tile.expense,group.expense.amount,group.expense.note,group.expense.submit,group.expense.split.percentage,Other,MAESTRO-APK-GROUP-FAMILY_HOUSEHOLD-3113 | Other | 29289.77,JOINED,Ledger Quick_Add is expense category; Split_Method drives group.expense.split.*
3116,MTR-APK-3116,Group,Shared Living,Family Household,Rent,Expense,2026-07-04,03:35:42,2026-07-04 03:35:42,16060.91,INR,-16060.91,APK Owner,3,EXACT,MAESTRO-APK-GROUP-FAMILY_HOUSEHOLD-3116 | Rent | 16060.91,Android,B63,STRESS_3001_3500,CREATED,idem-20260902-apk-3116,android,G10,FAMILY_HOUSEHOLD,Expense,G10:Expense,ACTIVE,qa.tile.expense,group.expense.amount,group.expense.note,group.expense.submit,group.expense.split.exact,Rent,MAESTRO-APK-GROUP-FAMILY_HOUSEHOLD-3116 | Rent | 16060.91,JOINED,Ledger Quick_Add is expense category; Split_Method drives group.expense.split.*
3119,MTR-APK-3119,Group,Shared Living,Family Household,Groceries,Expense,2026-01-29,13:52:42,2026-01-29 13:52:42,6994.45,INR,-6994.45,APK Aarav,3,SHARES,MAESTRO-APK-GROUP-FAMILY_HOUSEHOLD-3119 | Groceries | 6994.45,Android,B63,STRESS_3001_3500,CREATED,idem-20260902-apk-3119,android,G10,FAMILY_HOUSEHOLD,Expense,G10:Expense,ACTIVE,qa.tile.expense,group.expense.amount,group.expense.note,group.expense.submit,group.expense.split.shares,Groceries,MAESTRO-APK-GROUP-FAMILY_HOUSEHOLD-3119 | Groceries | 6994.45,JOINED,Ledger Quick_Add is expense category; Split_Method drives group.expense.split.*
3122,MTR-APK-3122,Group,Shared Living,Family Household,Transport,Expense,2026-01-30,16:55:12,2026-01-30 16:55:12,19244.88,INR,-19244.88,APK Meera,3,EQUAL,MAESTRO-APK-GROUP-FAMILY_HOUSEHOLD-3122 | Transport | 19244.88,Android,B63,STRESS_3001_3500,CREATED,idem-20260902-apk-3122,android,G10,FAMILY_HOUSEHOLD,Expense,G10:Expense,ACTIVE,qa.tile.expense,group.expense.amount,group.expense.note,group.expense.submit,group.expense.split.equal,Transport,MAESTRO-APK-GROUP-FAMILY_HOUSEHOLD-3122 | Transport | 19244.88,JOINED,Ledger Quick_Add is expense category; Split_Method drives group.expense.split.*
3125,MTR-APK-3125,Group,Shared Living,Family Household,Bills,Expense,2026-06-22,17:01:25,2026-06-22 17:01:25,18659.76,INR,-18659.76,APK Owner,3,PERCENTAGE,MAESTRO-APK-GROUP-FAMILY_HOUSEHOLD-3125 | Bills | 18659.76,Android,B63,STRESS_3001_3500,CREATED,idem-20260902-apk-3125,android,G10,FAMILY_HOUSEHOLD,Expense,G10:Expense,ACTIVE,qa.tile.expense,group.expense.amount,group.expense.note,group.expense.submit,group.expense.split.percentage,Bills,MAESTRO-APK-GROUP-FAMILY_HOUSEHOLD-3125 | Bills | 18659.76,JOINED,Ledger Quick_Add is expense category; Split_Method drives group.expense.split.*
3128,MTR-APK-3128,Group,Shared Living,Custom Living,Custom Expense,Expense,2026-06-18,08:21:34,2026-06-18 08:21:34,26779.25,INR,-26779.25,APK Aarav,3,EXACT,MAESTRO-APK-GROUP-CUSTOM_LIVING-3128 | Custom Expense | 26779.25,Android,B63,STRESS_3001_3500,CREATED,idem-20260902-apk-3128,android,G12,COMMUNITY_LIVING,Expense,G12:Expense,ACTIVE,qa.tile.expense,group.expense.amount,group.expense.note,group.expense.submit,group.expense.split.exact,Custom Expense,MAESTRO-APK-GROUP-CUSTOM_LIVING-3128 | Custom Expense | 26779.25,JOINED,Ledger Quick_Add is expense category; Split_Method drives group.expense.split.*
3131,MTR-APK-3131,Group,Shared Living,Custom Living,Custom Contribution,Contribution,2025-12-08,13:31:42,2025-12-08 13:31:42,28325.01,INR,28325.01,APK Meera,3,SHARES,MAESTRO-APK-GROUP-CUSTOM_LIVING-3131 | Custom Contribution | 28325.01,Android,B63,STRESS_3001_3500,CREATED,idem-20260902-apk-3131,android,G12,COMMUNITY_LIVING,Contribute,G12:Contribute,,qa.tile.contribute,group.contribute.amount,group.contribute.note,group.contribute.submit,group.expense.split.shares,Custom Contribution,MAESTRO-APK-GROUP-CUSTOM_LIVING-3131 | Custom Contribution | 28325.01,SKIP_CAPABILITY_GAP,Custom Living hub has no Contribution tile (same as Family Household)
3134,MTR-APK-3134,Group,Shared Experience,Trip,Travel,Expense,2025-09-02,11:07:53,2025-09-02 11:07:53,28651.61,INR,-28651.61,APK Owner,3,EQUAL,MAESTRO-APK-GROUP-TRIP-3134 | Travel | 28651.61,Android,B63,STRESS_3001_3500,CREATED,idem-20260902-apk-3134,android,G01,TRIP,Expense,G01:Expense,ACTIVE,qa.tile.expense,group.expense.amount,group.expense.note,group.expense.submit,group.expense.split.equal,Travel,MAESTRO-APK-GROUP-TRIP-3134 | Travel | 28651.61,JOINED,Ledger Quick_Add is expense category; Split_Method drives group.expense.split.*
3137,MTR-APK-3137,Group,Shared Experience,Trip,Stay,Expense,2025-10-16,21:18:41,2025-10-16 21:18:41,5777.62,INR,-5777.62,APK Aarav,3,PERCENTAGE,MAESTRO-APK-GROUP-TRIP-3137 | Stay | 5777.62,Android,B63,STRESS_3001_3500,CREATED,idem-20260902-apk-3137,android,G01,TRIP,Expense,G01:Expense,ACTIVE,qa.tile.expense,group.expense.amount,group.expense.note,group.expense.submit,group.expense.split.percentage,Stay,MAESTRO-APK-GROUP-TRIP-3137 | Stay | 5777.62,JOINED,Ledger Quick_Add is expense category; Split_Method drives group.expense.split.*
3140,MTR-APK-3140,Group,Shared Experience,Trip,Food,Expense,2026-03-24,16:17:23,2026-03-24 16:17:23,23942.22,INR,-23942.22,APK Meera,3,EXACT,MAESTRO-APK-GROUP-TRIP-3140 | Food | 23942.22,Android,B63,STRESS_3001_3500,CREATED,idem-20260902-apk-3140,android,G01,TRIP,Expense,G01:Expense,ACTIVE,qa.tile.expense,group.expense.amount,group.expense.note,group.expense.submit,group.expense.split.exact,Food,MAESTRO-APK-GROUP-TRIP-3140 | Food | 23942.22,JOINED,Ledger Quick_Add is expense category; Split_Method drives group.expense.split.*
3143,MTR-APK-3143,Group,Shared Experience,Trip,Local Transport,Expense,2026-03-11,17:19:19,2026-03-11 17:19:19,22194.94,INR,-22194.94,APK Owner,3,SHARES,MAESTRO-APK-GROUP-TRIP-3143 | Local Transport | 22194.94,Android,B63,STRESS_3001_3500,CREATED,idem-20260902-apk-3143,android,G01,TRIP,Expense,G01:Expense,ACTIVE,qa.tile.expense,group.expense.amount,group.expense.note,group.expense.submit,group.expense.split.shares,Local Transport,MAESTRO-APK-GROUP-TRIP-3143 | Local Transport | 22194.94,JOINED,Ledger Quick_Add is expense category; Split_Method drives group.expense.split.*
3146,MTR-APK-3146,Group,Shared Experience,Trip,Activities,Expense,2026-01-05,21:03:37,2026-01-05 21:03:37,27090.53,INR,-27090.53,APK Aarav,3,EQUAL,MAESTRO-APK-GROUP-TRIP-3146 | Activities | 27090.53,Android,B63,STRESS_3001_3500,CREATED,idem-20260902-apk-3146,android,G01,TRIP,Expense,G01:Expense,ACTIVE,qa.tile.expense,group.expense.amount,group.expense.note,group.expense.submit,group.expense.split.equal,Activities,MAESTRO-APK-GROUP-TRIP-3146 | Activities | 27090.53,JOINED,Ledger Quick_Add is expense category; Split_Method drives group.expense.split.*
3149,MTR-APK-3149,Group,Shared Experience,Trip,Shopping,Expense,2026-07-23,04:26:11,2026-07-23 04:26:11,6771.91,INR,-6771.91,APK Meera,3,PERCENTAGE,MAESTRO-APK-GROUP-TRIP-3149 | Shopping | 6771.91,Android,B63,STRESS_3001_3500,CREATED,idem-20260902-apk-3149,android,G01,TRIP,Expense,G01:Expense,ACTIVE,qa.tile.expense,group.expense.amount,group.expense.note,group.expense.submit,group.expense.split.percentage,Shopping,MAESTRO-APK-GROUP-TRIP-3149 | Shopping | 6771.91,JOINED,Ledger Quick_Add is expense category; Split_Method drives group.expense.split.*
3152,MTR-APK-3152,Group,Shared Experience,Trip,Other,Expense,2026-07-25,19:28:28,2026-07-25 19:28:28,25497.5,INR,-25497.5,APK Owner,3,EXACT,MAESTRO-APK-GROUP-TRIP-3152 | Other | 25497.50,Android,B64,STRESS_3001_3500,CREATED,idem-20260902-apk-3152,android,G01,TRIP,Expense,G01:Expense,ACTIVE,qa.tile.expense,group.expense.amount,group.expense.note,group.expense.submit,group.expense.split.exact,Other,MAESTRO-APK-GROUP-TRIP-3152 | Other | 25497.50,JOINED,Ledger Quick_Add is expense category; Split_Method drives group.expense.split.*
3155,MTR-APK-3155,Group,Shared Experience,Wedding,Venue,Expense,2026-02-12,10:25:12,2026-02-12 10:25:12,17764.39,INR,-17764.39,APK Aarav,3,SHARES,MAESTRO-APK-GROUP-WEDDING-3155 | Venue | 17764.39,Android,B64,STRESS_3001_3500,CREATED,idem-20260902-apk-3155,android,G02,WEDDING,Expense,G02:Expense,ACTIVE,qa.tile.expense,group.expense.amount,group.expense.note,group.expense.submit,group.expense.split.shares,Venue,MAESTRO-APK-GROUP-WEDDING-3155 | Venue | 17764.39,JOINED,Ledger Quick_Add is expense category; Split_Method drives group.expense.split.*
3158,MTR-APK-3158,Group,Shared Experience,Wedding,Catering,Expense,2026-08-21,19:48:34,2026-08-21 19:48:34,16793.4,INR,-16793.4,APK Meera,3,EQUAL,MAESTRO-APK-GROUP-WEDDING-3158 | Catering | 16793.40,Android,B64,STRESS_3001_3500,CREATED,idem-20260902-apk-3158,android,G02,WEDDING,Expense,G02:Expense,ACTIVE,qa.tile.expense,group.expense.amount,group.expense.note,group.expense.submit,group.expense.split.equal,Catering,MAESTRO-APK-GROUP-WEDDING-3158 | Catering | 16793.40,JOINED,Ledger Quick_Add is expense category; Split_Method drives group.expense.split.*
3161,MTR-APK-3161,Group,Shared Experience,Wedding,Decor,Expense,2026-05-30,22:36:53,2026-05-30 22:36:53,24264.81,INR,-24264.81,APK Owner,3,PERCENTAGE,MAESTRO-APK-GROUP-WEDDING-3161 | Decor | 24264.81,Android,B64,STRESS_3001_3500,CREATED,idem-20260902-apk-3161,android,G02,WEDDING,Expense,G02:Expense,ACTIVE,qa.tile.expense,group.expense.amount,group.expense.note,group.expense.submit,group.expense.split.percentage,Decor,MAESTRO-APK-GROUP-WEDDING-3161 | Decor | 24264.81,JOINED,Ledger Quick_Add is expense category; Split_Method drives group.expense.split.*
3164,MTR-APK-3164,Group,Shared Experience,Wedding,Travel,Expense,2026-06-16,16:23:08,2026-06-16 16:23:08,26270.2,INR,-26270.2,APK Aarav,3,EXACT,MAESTRO-APK-GROUP-WEDDING-3164 | Travel | 26270.20,Android,B64,STRESS_3001_3500,CREATED,idem-20260902-apk-3164,android,G02,WEDDING,Expense,G02:Expense,ACTIVE,qa.tile.expense,group.expense.amount,group.expense.note,group.expense.submit,group.expense.split.exact,Travel,MAESTRO-APK-GROUP-WEDDING-3164 | Travel | 26270.20,JOINED,Ledger Quick_Add is expense category; Split_Method drives group.expense.split.*
3167,MTR-APK-3167,Group,Shared Experience,Wedding,Gifts,Expense,2025-10-11,22:38:13,2025-10-11 22:38:13,27851.86,INR,-27851.86,APK Meera,3,SHARES,MAESTRO-APK-GROUP-WEDDING-3167 | Gifts | 27851.86,Android,B64,STRESS_3001_3500,CREATED,idem-20260902-apk-3167,android,G02,WEDDING,Expense,G02:Expense,ACTIVE,qa.tile.expense,group.expense.amount,group.expense.note,group.expense.submit,group.expense.split.shares,Gifts,MAESTRO-APK-GROUP-WEDDING-3167 | Gifts | 27851.86,JOINED,Ledger Quick_Add is expense category; Split_Method drives group.expense.split.*
3170,MTR-APK-3170,Group,Shared Experience,Wedding,Photography,Expense,2026-06-26,09:46:48,2026-06-26 09:46:48,21875.71,INR,-21875.71,APK Owner,3,EQUAL,MAESTRO-APK-GROUP-WEDDING-3170 | Photography | 21875.71,Android,B64,STRESS_3001_3500,CREATED,idem-20260902-apk-3170,android,G02,WEDDING,Expense,G02:Expense,ACTIVE,qa.tile.expense,group.expense.amount,group.expense.note,group.expense.submit,group.expense.split.equal,Photography,MAESTRO-APK-GROUP-WEDDING-3170 | Photography | 21875.71,JOINED,Ledger Quick_Add is expense category; Split_Method drives group.expense.split.*
3173,MTR-APK-3173,Group,Shared Experience,Wedding,Other,Expense,2026-08-16,14:59:31,2026-08-16 14:59:31,10996.09,INR,-10996.09,APK Aarav,3,PERCENTAGE,MAESTRO-APK-GROUP-WEDDING-3173 | Other | 10996.09,Android,B64,STRESS_3001_3500,CREATED,idem-20260902-apk-3173,android,G02,WEDDING,Expense,G02:Expense,ACTIVE,qa.tile.expense,group.expense.amount,group.expense.note,group.expense.submit,group.expense.split.percentage,Other,MAESTRO-APK-GROUP-WEDDING-3173 | Other | 10996.09,JOINED,Ledger Quick_Add is expense category; Split_Method drives group.expense.split.*
3176,MTR-APK-3176,Group,Shared Experience,Office Outing,Food,Expense,2026-02-22,13:05:15,2026-02-22 13:05:15,4906.74,INR,-4906.74,APK Meera,3,EXACT,MAESTRO-APK-GROUP-OFFICE_OUTING-3176 | Food | 4906.74,Android,B64,STRESS_3001_3500,CREATED,idem-20260902-apk-3176,android,G04,OFFICE_OUTING,Expense,G04:Expense,ACTIVE,qa.tile.expense,group.expense.amount,group.expense.note,group.expense.submit,group.expense.split.exact,Food,MAESTRO-APK-GROUP-OFFICE_OUTING-3176 | Food | 4906.74,JOINED,Ledger Quick_Add is expense category; Split_Method drives group.expense.split.*
3179,MTR-APK-3179,Group,Shared Experience,Office Outing,Travel,Expense,2026-08-31,05:23:25,2026-08-31 05:23:25,17617.36,INR,-17617.36,APK Owner,3,SHARES,MAESTRO-APK-GROUP-OFFICE_OUTING-3179 | Travel | 17617.36,Android,B64,STRESS_3001_3500,CREATED,idem-20260902-apk-3179,android,G04,OFFICE_OUTING,Expense,G04:Expense,ACTIVE,qa.tile.expense,group.expense.amount,group.expense.note,group.expense.submit,group.expense.split.shares,Travel,MAESTRO-APK-GROUP-OFFICE_OUTING-3179 | Travel | 17617.36,JOINED,Ledger Quick_Add is expense category; Split_Method drives group.expense.split.*
3182,MTR-APK-3182,Group,Shared Experience,Office Outing,Activities,Expense,2026-03-17,13:48:22,2026-03-17 13:48:22,99.99,INR,-99.99,APK Aarav,3,EQUAL,MAESTRO-APK-GROUP-OFFICE_OUTING-3182 | Activities | 99.99,Android,B64,STRESS_3001_3500,CREATED,idem-20260902-apk-3182,android,G04,OFFICE_OUTING,Expense,G04:Expense,ACTIVE,qa.tile.expense,group.expense.amount,group.expense.note,group.expense.submit,group.expense.split.equal,Activities,MAESTRO-APK-GROUP-OFFICE_OUTING-3182 | Activities | 99.99,JOINED,Ledger Quick_Add is expense category; Split_Method drives group.expense.split.*
3185,MTR-APK-3185,Group,Shared Experience,Office Outing,Venue,Expense,2025-09-02,14:06:12,2025-09-02 14:06:12,3349.16,INR,-3349.16,APK Meera,3,PERCENTAGE,MAESTRO-APK-GROUP-OFFICE_OUTING-3185 | Venue | 3349.16,Android,B64,STRESS_3001_3500,CREATED,idem-20260902-apk-3185,android,G04,OFFICE_OUTING,Expense,G04:Expense,ACTIVE,qa.tile.expense,group.expense.amount,group.expense.note,group.expense.submit,group.expense.split.percentage,Venue,MAESTRO-APK-GROUP-OFFICE_OUTING-3185 | Venue | 3349.16,JOINED,Ledger Quick_Add is expense category; Split_Method drives group.expense.split.*
3188,MTR-APK-3188,Group,Shared Experience,Office Outing,Other,Expense,2025-09-04,12:58:04,2025-09-04 12:58:04,11771.08,INR,-11771.08,APK Owner,3,EXACT,MAESTRO-APK-GROUP-OFFICE_OUTING-3188 | Other | 11771.08,Android,B64,STRESS_3001_3500,CREATED,idem-20260902-apk-3188,android,G04,OFFICE_OUTING,Expense,G04:Expense,ACTIVE,qa.tile.expense,group.expense.amount,group.expense.note,group.expense.submit,group.expense.split.exact,Other,MAESTRO-APK-GROUP-OFFICE_OUTING-3188 | Other | 11771.08,JOINED,Ledger Quick_Add is expense category; Split_Method drives group.expense.split.*
3191,MTR-APK-3191,Group,Shared Experience,House Party,Food,Expense,2026-07-10,00:54:16,2026-07-10 00:54:16,17932.75,INR,-17932.75,APK Aarav,3,SHARES,MAESTRO-APK-GROUP-HOUSE_PARTY-3191 | Food | 17932.75,Android,B64,STRESS_3001_3500,CREATED,idem-20260902-apk-3191,android,G03,HOUSE_PARTY,Expense,G03:Expense,ACTIVE,qa.tile.expense,group.expense.amount,group.expense.note,group.expense.submit,group.expense.split.shares,Food,MAESTRO-APK-GROUP-HOUSE_PARTY-3191 | Food | 17932.75,JOINED,Ledger Quick_Add is expense category; Split_Method drives group.expense.split.*
3194,MTR-APK-3194,Group,Shared Experience,House Party,Drinks,Expense,2026-01-25,19:30:23,2026-01-25 19:30:23,4029.51,INR,-4029.51,APK Meera,3,EQUAL,MAESTRO-APK-GROUP-HOUSE_PARTY-3194 | Drinks | 4029.51,Android,B64,STRESS_3001_3500,CREATED,idem-20260902-apk-3194,android,G03,HOUSE_PARTY,Expense,G03:Expense,ACTIVE,qa.tile.expense,group.expense.amount,group.expense.note,group.expense.submit,group.expense.split.equal,Drinks,MAESTRO-APK-GROUP-HOUSE_PARTY-3194 | Drinks | 4029.51,JOINED,Ledger Quick_Add is expense category; Split_Method drives group.expense.split.*
3197,MTR-APK-3197,Group,Shared Experience,House Party,Decor,Expense,2026-05-17,07:08:41,2026-05-17 07:08:41,19012.85,INR,-19012.85,APK Owner,3,PERCENTAGE,MAESTRO-APK-GROUP-HOUSE_PARTY-3197 | Decor | 19012.85,Android,B64,STRESS_3001_3500,CREATED,idem-20260902-apk-3197,android,G03,HOUSE_PARTY,Expense,G03:Expense,ACTIVE,qa.tile.expense,group.expense.amount,group.expense.note,group.expense.submit,group.expense.split.percentage,Decor,MAESTRO-APK-GROUP-HOUSE_PARTY-3197 | Decor | 19012.85,JOINED,Ledger Quick_Add is expense category; Split_Method drives group.expense.split.*
3200,MTR-APK-3200,Group,Shared Experience,House Party,Supplies,Expense,2025-10-08,03:51:03,2025-10-08 03:51:03,13856.86,INR,-13856.86,APK Aarav,3,EXACT,MAESTRO-APK-GROUP-HOUSE_PARTY-3200 | Supplies | 13856.86,Android,B64,STRESS_3001_3500,CREATED,idem-20260902-apk-3200,android,G03,HOUSE_PARTY,Expense,G03:Expense,ACTIVE,qa.tile.expense,group.expense.amount,group.expense.note,group.expense.submit,group.expense.split.exact,Supplies,MAESTRO-APK-GROUP-HOUSE_PARTY-3200 | Supplies | 13856.86,JOINED,Ledger Quick_Add is expense category; Split_Method drives group.expense.split.*
3203,MTR-APK-3203,Group,Shared Experience,House Party,Other,Expense,2026-08-17,23:09:02,2026-08-17 23:09:02,20363.3,INR,-20363.3,APK Meera,3,SHARES,MAESTRO-APK-GROUP-HOUSE_PARTY-3203 | Other | 20363.30,Android,B65,STRESS_3001_3500,CREATED,idem-20260902-apk-3203,android,G03,HOUSE_PARTY,Expense,G03:Expense,ACTIVE,qa.tile.expense,group.expense.amount,group.expense.note,group.expense.submit,group.expense.split.shares,Other,MAESTRO-APK-GROUP-HOUSE_PARTY-3203 | Other | 20363.30,JOINED,Ledger Quick_Add is expense category; Split_Method drives group.expense.split.*
3206,MTR-APK-3206,Group,Shared Purchase,Gift Pool,Contribution,Contribution,2026-02-27,00:27:16,2026-02-27 00:27:16,10464.18,INR,10464.18,APK Owner,3,EQUAL,MAESTRO-APK-GROUP-GIFT_POOL-3206 | Contribution | 10464.18,Android,B65,STRESS_3001_3500,CREATED,idem-20260902-apk-3206,android,G05,GIFT_POOL,Contribute,G05:Contribute,ACTIVE,qa.tile.contribute,group.contribute.amount,group.contribute.note,group.contribute.submit,group.expense.split.equal,Contribution,MAESTRO-APK-GROUP-GIFT_POOL-3206 | Contribution | 10464.18,JOINED,
3209,MTR-APK-3209,Group,Shared Purchase,Gift Pool,Gift Purchase,Expense,2026-08-16,01:43:41,2026-08-16 01:43:41,16466.99,INR,-16466.99,APK Aarav,3,PERCENTAGE,MAESTRO-APK-GROUP-GIFT_POOL-3209 | Gift Purchase | 16466.99,Android,B65,STRESS_3001_3500,CREATED,idem-20260902-apk-3209,android,G05,GIFT_POOL,Expense,G05:Expense,ACTIVE,qa.tile.expense,group.expense.amount,group.expense.note,group.expense.submit,group.expense.split.percentage,Gift Purchase,MAESTRO-APK-GROUP-GIFT_POOL-3209 | Gift Purchase | 16466.99,JOINED,Ledger Quick_Add is expense category; Split_Method drives group.expense.split.*
3212,MTR-APK-3212,Group,Shared Purchase,Gift Pool,Delivery,Expense,2026-04-03,12:48:00,2026-04-03 12:48:00,12824.15,INR,-12824.15,APK Meera,3,EXACT,MAESTRO-APK-GROUP-GIFT_POOL-3212 | Delivery | 12824.15,Android,B65,STRESS_3001_3500,CREATED,idem-20260902-apk-3212,android,G05,GIFT_POOL,Expense,G05:Expense,ACTIVE,qa.tile.expense,group.expense.amount,group.expense.note,group.expense.submit,group.expense.split.exact,Delivery,MAESTRO-APK-GROUP-GIFT_POOL-3212 | Delivery | 12824.15,JOINED,Ledger Quick_Add is expense category; Split_Method drives group.expense.split.*
3215,MTR-APK-3215,Group,Shared Purchase,Gift Pool,Other,Expense,2026-04-24,19:36:26,2026-04-24 19:36:26,25888.43,INR,-25888.43,APK Owner,3,SHARES,MAESTRO-APK-GROUP-GIFT_POOL-3215 | Other | 25888.43,Android,B65,STRESS_3001_3500,CREATED,idem-20260902-apk-3215,android,G05,GIFT_POOL,Expense,G05:Expense,ACTIVE,qa.tile.expense,group.expense.amount,group.expense.note,group.expense.submit,group.expense.split.shares,Other,MAESTRO-APK-GROUP-GIFT_POOL-3215 | Other | 25888.43,JOINED,Ledger Quick_Add is expense category; Split_Method drives group.expense.split.*
3218,MTR-APK-3218,Group,Shared Purchase,Purchase,Item,Expense,2026-01-24,08:29:23,2026-01-24 08:29:23,10931.53,INR,-10931.53,APK Aarav,3,EQUAL,MAESTRO-APK-GROUP-PURCHASE-3218 | Item | 10931.53,Android,B65,STRESS_3001_3500,CREATED,idem-20260902-apk-3218,android,G06,GROUP_PURCHASE,Expense,G06:Expense,ACTIVE,qa.tile.expense,group.expense.amount,group.expense.note,group.expense.submit,group.expense.split.equal,Item,MAESTRO-APK-GROUP-PURCHASE-3218 | Item | 10931.53,JOINED,Ledger Quick_Add is expense category; Split_Method drives group.expense.split.*
3221,MTR-APK-3221,Group,Shared Purchase,Purchase,Shipping,Expense,2026-02-04,18:21:25,2026-02-04 18:21:25,12328.34,INR,-12328.34,APK Meera,3,PERCENTAGE,MAESTRO-APK-GROUP-PURCHASE-3221 | Shipping | 12328.34,Android,B65,STRESS_3001_3500,CREATED,idem-20260902-apk-3221,android,G06,GROUP_PURCHASE,Expense,G06:Expense,ACTIVE,qa.tile.expense,group.expense.amount,group.expense.note,group.expense.submit,group.expense.split.percentage,Shipping,MAESTRO-APK-GROUP-PURCHASE-3221 | Shipping | 12328.34,JOINED,Ledger Quick_Add is expense category; Split_Method drives group.expense.split.*
3224,MTR-APK-3224,Group,Shared Purchase,Purchase,Tax,Expense,2025-09-10,15:43:47,2025-09-10 15:43:47,24127.13,INR,-24127.13,APK Owner,3,EXACT,MAESTRO-APK-GROUP-PURCHASE-3224 | Tax | 24127.13,Android,B65,STRESS_3001_3500,CREATED,idem-20260902-apk-3224,android,G06,GROUP_PURCHASE,Expense,G06:Expense,ACTIVE,qa.tile.expense,group.expense.amount,group.expense.note,group.expense.submit,group.expense.split.exact,Tax,MAESTRO-APK-GROUP-PURCHASE-3224 | Tax | 24127.13,JOINED,Ledger Quick_Add is expense category; Split_Method drives group.expense.split.*
3227,MTR-APK-3227,Group,Shared Purchase,Purchase,Other,Expense,2025-10-24,16:27:26,2025-10-24 16:27:26,21375.27,INR,-21375.27,APK Aarav,3,SHARES,MAESTRO-APK-GROUP-PURCHASE-3227 | Other | 21375.27,Android,B65,STRESS_3001_3500,CREATED,idem-20260902-apk-3227,android,G06,GROUP_PURCHASE,Expense,G06:Expense,ACTIVE,qa.tile.expense,group.expense.amount,group.expense.note,group.expense.submit,group.expense.split.shares,Other,MAESTRO-APK-GROUP-PURCHASE-3227 | Other | 21375.27,JOINED,Ledger Quick_Add is expense category; Split_Method drives group.expense.split.*
3230,MTR-APK-3230,Group,Shared Purchase,Assets,Purchase,Expense,2025-10-12,19:30:57,2025-10-12 19:30:57,22412.83,INR,-22412.83,APK Meera,3,EQUAL,MAESTRO-APK-GROUP-ASSETS-3230 | Purchase | 22412.83,Android,B65,STRESS_3001_3500,CREATED,idem-20260902-apk-3230,android,G07,SHARED_ASSET,Expense,G07:Expense,ACTIVE,qa.tile.expense,group.expense.amount,group.expense.note,group.expense.submit,group.expense.split.equal,Purchase,MAESTRO-APK-GROUP-ASSETS-3230 | Purchase | 22412.83,JOINED,Ledger Quick_Add is expense category; Split_Method drives group.expense.split.*
3233,MTR-APK-3233,Group,Shared Purchase,Assets,Maintenance,Expense,2025-09-26,09:27:24,2025-09-26 09:27:24,19336.51,INR,-19336.51,APK Owner,3,PERCENTAGE,MAESTRO-APK-GROUP-ASSETS-3233 | Maintenance | 19336.51,Android,B65,STRESS_3001_3500,CREATED,idem-20260902-apk-3233,android,G07,SHARED_ASSET,Expense,G07:Expense,ACTIVE,qa.tile.expense,group.expense.amount,group.expense.note,group.expense.submit,group.expense.split.percentage,Maintenance,MAESTRO-APK-GROUP-ASSETS-3233 | Maintenance | 19336.51,JOINED,Ledger Quick_Add is expense category; Split_Method drives group.expense.split.*
3236,MTR-APK-3236,Group,Shared Purchase,Assets,Repair,Expense,2026-06-28,07:40:52,2026-06-28 07:40:52,16591.92,INR,-16591.92,APK Aarav,3,EXACT,MAESTRO-APK-GROUP-ASSETS-3236 | Repair | 16591.92,Android,B65,STRESS_3001_3500,CREATED,idem-20260902-apk-3236,android,G07,SHARED_ASSET,Expense,G07:Expense,ACTIVE,qa.tile.expense,group.expense.amount,group.expense.note,group.expense.submit,group.expense.split.exact,Repair,MAESTRO-APK-GROUP-ASSETS-3236 | Repair | 16591.92,JOINED,Ledger Quick_Add is expense category; Split_Method drives group.expense.split.*
3239,MTR-APK-3239,Group,Shared Purchase,Assets,Insurance,Expense,2025-11-08,23:20:36,2025-11-08 23:20:36,15566.77,INR,-15566.77,APK Meera,3,SHARES,MAESTRO-APK-GROUP-ASSETS-3239 | Insurance | 15566.77,Android,B65,STRESS_3001_3500,CREATED,idem-20260902-apk-3239,android,G07,SHARED_ASSET,Expense,G07:Expense,ACTIVE,qa.tile.expense,group.expense.amount,group.expense.note,group.expense.submit,group.expense.split.shares,Insurance,MAESTRO-APK-GROUP-ASSETS-3239 | Insurance | 15566.77,JOINED,Ledger Quick_Add is expense category; Split_Method drives group.expense.split.*
3242,MTR-APK-3242,Group,Shared Purchase,Assets,Other,Expense,2026-05-26,22:29:36,2026-05-26 22:29:36,9035.56,INR,-9035.56,APK Owner,3,EQUAL,MAESTRO-APK-GROUP-ASSETS-3242 | Other | 9035.56,Android,B65,STRESS_3001_3500,CREATED,idem-20260902-apk-3242,android,G07,SHARED_ASSET,Expense,G07:Expense,ACTIVE,qa.tile.expense,group.expense.amount,group.expense.note,group.expense.submit,group.expense.split.equal,Other,MAESTRO-APK-GROUP-ASSETS-3242 | Other | 9035.56,JOINED,Ledger Quick_Add is expense category; Split_Method drives group.expense.split.*
3245,MTR-APK-3245,Group,Shared Purchase,Custom Purchase,Custom Expense,Expense,2025-10-28,08:30:53,2025-10-28 08:30:53,27346.86,INR,-27346.86,APK Aarav,3,PERCENTAGE,MAESTRO-APK-GROUP-CUSTOM_PURCHASE-3245 | Custom Expense | 27346.86,Android,B65,STRESS_3001_3500,CREATED,idem-20260902-apk-3245,android,G08,COMMUNITY_PURCHASE,Expense,G08:Expense,ACTIVE,qa.tile.expense,group.expense.amount,group.expense.note,group.expense.submit,group.expense.split.percentage,Custom Expense,MAESTRO-APK-GROUP-CUSTOM_PURCHASE-3245 | Custom Expense | 27346.86,JOINED,Ledger Quick_Add is expense category; Split_Method drives group.expense.split.*
3248,MTR-APK-3248,Group,Shared Purchase,Custom Purchase,Custom Contribution,Contribution,2026-08-21,03:37:15,2026-08-21 03:37:15,16950.5,INR,16950.5,APK Meera,3,EXACT,MAESTRO-APK-GROUP-CUSTOM_PURCHASE-3248 | Custom Contribution | 16950.50,Android,B65,STRESS_3001_3500,CREATED,idem-20260902-apk-3248,android,G08,COMMUNITY_PURCHASE,Contribute,G08:Contribute,ACTIVE,qa.tile.contribute,group.contribute.amount,group.contribute.note,group.contribute.submit,group.expense.split.exact,Custom Contribution,MAESTRO-APK-GROUP-CUSTOM_PURCHASE-3248 | Custom Contribution | 16950.50,JOINED,
3251,MTR-APK-3251,Group,Shared Living,Flatmates,Rent,Expense,2026-06-24,02:23:24,2026-06-24 02:23:24,17980.24,INR,-17980.24,APK Owner,3,SHARES,MAESTRO-APK-GROUP-FLATMATES-3251 | Rent | 17980.24,Android,B66,STRESS_3001_3500,CREATED,idem-20260902-apk-3251,android,G09,FLATMATES,Expense,G09:Expense,ACTIVE,qa.tile.expense,group.expense.amount,group.expense.note,group.expense.submit,group.expense.split.shares,Rent,MAESTRO-APK-GROUP-FLATMATES-3251 | Rent | 17980.24,JOINED,Ledger Quick_Add is expense category; Split_Method drives group.expense.split.*
3254,MTR-APK-3254,Group,Shared Living,Flatmates,Utilities,Expense,2026-05-08,16:09:12,2026-05-08 16:09:12,1465.62,INR,-1465.62,APK Aarav,3,EQUAL,MAESTRO-APK-GROUP-FLATMATES-3254 | Utilities | 1465.62,Android,B66,STRESS_3001_3500,CREATED,idem-20260902-apk-3254,android,G09,FLATMATES,Expense,G09:Expense,ACTIVE,qa.tile.expense,group.expense.amount,group.expense.note,group.expense.submit,group.expense.split.equal,Utilities,MAESTRO-APK-GROUP-FLATMATES-3254 | Utilities | 1465.62,JOINED,Ledger Quick_Add is expense category; Split_Method drives group.expense.split.*
3257,MTR-APK-3257,Group,Shared Living,Flatmates,Groceries,Expense,2026-02-13,04:06:42,2026-02-13 04:06:42,22143.04,INR,-22143.04,APK Meera,3,PERCENTAGE,MAESTRO-APK-GROUP-FLATMATES-3257 | Groceries | 22143.04,Android,B66,STRESS_3001_3500,CREATED,idem-20260902-apk-3257,android,G09,FLATMATES,Expense,G09:Expense,ACTIVE,qa.tile.expense,group.expense.amount,group.expense.note,group.expense.submit,group.expense.split.percentage,Groceries,MAESTRO-APK-GROUP-FLATMATES-3257 | Groceries | 22143.04,JOINED,Ledger Quick_Add is expense category; Split_Method drives group.expense.split.*
3260,MTR-APK-3260,Group,Shared Living,Flatmates,Internet,Expense,2026-08-27,01:37:31,2026-08-27 01:37:31,28658.01,INR,-28658.01,APK Owner,3,EXACT,MAESTRO-APK-GROUP-FLATMATES-3260 | Internet | 28658.01,Android,B66,STRESS_3001_3500,CREATED,idem-20260902-apk-3260,android,G09,FLATMATES,Expense,G09:Expense,ACTIVE,qa.tile.expense,group.expense.amount,group.expense.note,group.expense.submit,group.expense.split.exact,Internet,MAESTRO-APK-GROUP-FLATMATES-3260 | Internet | 28658.01,JOINED,Ledger Quick_Add is expense category; Split_Method drives group.expense.split.*
3263,MTR-APK-3263,Group,Shared Living,Flatmates,House Supplies,Expense,2026-03-05,19:20:40,2026-03-05 19:20:40,23670.42,INR,-23670.42,APK Aarav,3,SHARES,MAESTRO-APK-GROUP-FLATMATES-3263 | House Supplies | 23670.42,Android,B66,STRESS_3001_3500,CREATED,idem-20260902-apk-3263,android,G09,FLATMATES,Expense,G09:Expense,ACTIVE,qa.tile.expense,group.expense.amount,group.expense.note,group.expense.submit,group.expense.split.shares,House Supplies,MAESTRO-APK-GROUP-FLATMATES-3263 | House Supplies | 23670.42,JOINED,Ledger Quick_Add is expense category; Split_Method drives group.expense.split.*
3266,MTR-APK-3266,Group,Shared Living,Flatmates,Repairs,Expense,2026-08-04,10:58:50,2026-08-04 10:58:50,4901.39,INR,-4901.39,APK Meera,3,EQUAL,MAESTRO-APK-GROUP-FLATMATES-3266 | Repairs | 4901.39,Android,B66,STRESS_3001_3500,CREATED,idem-20260902-apk-3266,android,G09,FLATMATES,Expense,G09:Expense,ACTIVE,qa.tile.expense,group.expense.amount,group.expense.note,group.expense.submit,group.expense.split.equal,Repairs,MAESTRO-APK-GROUP-FLATMATES-3266 | Repairs | 4901.39,JOINED,Ledger Quick_Add is expense category; Split_Method drives group.expense.split.*
3269,MTR-APK-3269,Group,Shared Living,Shared Living,Rent,Expense,2026-03-11,01:13:47,2026-03-11 01:13:47,22263.57,INR,-22263.57,APK Owner,3,PERCENTAGE,MAESTRO-APK-GROUP-SHARED_LIVING-3269 | Rent | 22263.57,Android,B66,STRESS_3001_3500,CREATED,idem-20260902-apk-3269,android,G11,CO_LIVING,Expense,G11:Expense,ACTIVE,qa.tile.expense,group.expense.amount,group.expense.note,group.expense.submit,group.expense.split.percentage,Rent,MAESTRO-APK-GROUP-SHARED_LIVING-3269 | Rent | 22263.57,JOINED,Ledger Quick_Add is expense category; Split_Method drives group.expense.split.*
3272,MTR-APK-3272,Group,Shared Living,Shared Living,Utilities,Expense,2026-03-21,02:31:37,2026-03-21 02:31:37,27068.81,INR,-27068.81,APK Aarav,3,EXACT,MAESTRO-APK-GROUP-SHARED_LIVING-3272 | Utilities | 27068.81,Android,B66,STRESS_3001_3500,CREATED,idem-20260902-apk-3272,android,G11,CO_LIVING,Expense,G11:Expense,ACTIVE,qa.tile.expense,group.expense.amount,group.expense.note,group.expense.submit,group.expense.split.exact,Utilities,MAESTRO-APK-GROUP-SHARED_LIVING-3272 | Utilities | 27068.81,JOINED,Ledger Quick_Add is expense category; Split_Method drives group.expense.split.*
3275,MTR-APK-3275,Group,Shared Living,Shared Living,Groceries,Expense,2026-04-02,14:01:38,2026-04-02 14:01:38,6893.05,INR,-6893.05,APK Meera,3,SHARES,MAESTRO-APK-GROUP-SHARED_LIVING-3275 | Groceries | 6893.05,Android,B66,STRESS_3001_3500,CREATED,idem-20260902-apk-3275,android,G11,CO_LIVING,Expense,G11:Expense,ACTIVE,qa.tile.expense,group.expense.amount,group.expense.note,group.expense.submit,group.expense.split.shares,Groceries,MAESTRO-APK-GROUP-SHARED_LIVING-3275 | Groceries | 6893.05,JOINED,Ledger Quick_Add is expense category; Split_Method drives group.expense.split.*
3278,MTR-APK-3278,Group,Shared Living,Shared Living,Maintenance,Expense,2026-03-06,22:15:08,2026-03-06 22:15:08,163.44,INR,-163.44,APK Owner,3,EQUAL,MAESTRO-APK-GROUP-SHARED_LIVING-3278 | Maintenance | 163.44,Android,B66,STRESS_3001_3500,CREATED,idem-20260902-apk-3278,android,G11,CO_LIVING,Expense,G11:Expense,ACTIVE,qa.tile.expense,group.expense.amount,group.expense.note,group.expense.submit,group.expense.split.equal,Maintenance,MAESTRO-APK-GROUP-SHARED_LIVING-3278 | Maintenance | 163.44,JOINED,Ledger Quick_Add is expense category; Split_Method drives group.expense.split.*
3281,MTR-APK-3281,Group,Shared Living,Shared Living,Other,Expense,2025-11-02,03:18:58,2025-11-02 03:18:58,27351.21,INR,-27351.21,APK Aarav,3,PERCENTAGE,MAESTRO-APK-GROUP-SHARED_LIVING-3281 | Other | 27351.21,Android,B66,STRESS_3001_3500,CREATED,idem-20260902-apk-3281,android,G11,CO_LIVING,Expense,G11:Expense,ACTIVE,qa.tile.expense,group.expense.amount,group.expense.note,group.expense.submit,group.expense.split.percentage,Other,MAESTRO-APK-GROUP-SHARED_LIVING-3281 | Other | 27351.21,JOINED,Ledger Quick_Add is expense category; Split_Method drives group.expense.split.*
3284,MTR-APK-3284,Group,Shared Living,Family Household,Utilities,Expense,2025-12-12,06:34:28,2025-12-12 06:34:28,3356.12,INR,-3356.12,APK Meera,3,EXACT,MAESTRO-APK-GROUP-FAMILY_HOUSEHOLD-3284 | Utilities | 3356.12,Android,B66,STRESS_3001_3500,CREATED,idem-20260902-apk-3284,android,G10,FAMILY_HOUSEHOLD,Expense,G10:Expense,ACTIVE,qa.tile.expense,group.expense.amount,group.expense.note,group.expense.submit,group.expense.split.exact,Utilities,MAESTRO-APK-GROUP-FAMILY_HOUSEHOLD-3284 | Utilities | 3356.12,JOINED,Ledger Quick_Add is expense category; Split_Method drives group.expense.split.*
3287,MTR-APK-3287,Group,Shared Living,Family Household,Healthcare,Expense,2026-06-29,18:08:52,2026-06-29 18:08:52,13458.0,INR,-13458.0,APK Owner,3,SHARES,MAESTRO-APK-GROUP-FAMILY_HOUSEHOLD-3287 | Healthcare | 13458.00,Android,B66,STRESS_3001_3500,CREATED,idem-20260902-apk-3287,android,G10,FAMILY_HOUSEHOLD,Expense,G10:Expense,ACTIVE,qa.tile.expense,group.expense.amount,group.expense.note,group.expense.submit,group.expense.split.shares,Healthcare,MAESTRO-APK-GROUP-FAMILY_HOUSEHOLD-3287 | Healthcare | 13458.00,JOINED,Ledger Quick_Add is expense category; Split_Method drives group.expense.split.*
3290,MTR-APK-3290,Group,Shared Living,Family Household,School,Expense,2026-08-09,20:30:08,2026-08-09 20:30:08,16669.72,INR,-16669.72,APK Aarav,3,EQUAL,MAESTRO-APK-GROUP-FAMILY_HOUSEHOLD-3290 | School | 16669.72,Android,B66,STRESS_3001_3500,CREATED,idem-20260902-apk-3290,android,G10,FAMILY_HOUSEHOLD,Expense,G10:Expense,ACTIVE,qa.tile.expense,group.expense.amount,group.expense.note,group.expense.submit,group.expense.split.equal,School,MAESTRO-APK-GROUP-FAMILY_HOUSEHOLD-3290 | School | 16669.72,JOINED,Ledger Quick_Add is expense category; Split_Method drives group.expense.split.*
3293,MTR-APK-3293,Group,Shared Living,Family Household,Other,Expense,2026-01-23,12:46:21,2026-01-23 12:46:21,10000.0,INR,-10000.0,APK Meera,3,PERCENTAGE,MAESTRO-APK-GROUP-FAMILY_HOUSEHOLD-3293 | Other | 10000.00,Android,B66,STRESS_3001_3500,CREATED,idem-20260902-apk-3293,android,G10,FAMILY_HOUSEHOLD,Expense,G10:Expense,ACTIVE,qa.tile.expense,group.expense.amount,group.expense.note,group.expense.submit,group.expense.split.percentage,Other,MAESTRO-APK-GROUP-FAMILY_HOUSEHOLD-3293 | Other | 10000.00,JOINED,Ledger Quick_Add is expense category; Split_Method drives group.expense.split.*
3296,MTR-APK-3296,Group,Shared Living,Family Household,Rent,Expense,2026-01-18,05:15:40,2026-01-18 05:15:40,10946.75,INR,-10946.75,APK Owner,3,EXACT,MAESTRO-APK-GROUP-FAMILY_HOUSEHOLD-3296 | Rent | 10946.75,Android,B66,STRESS_3001_3500,CREATED,idem-20260902-apk-3296,android,G10,FAMILY_HOUSEHOLD,Expense,G10:Expense,ACTIVE,qa.tile.expense,group.expense.amount,group.expense.note,group.expense.submit,group.expense.split.exact,Rent,MAESTRO-APK-GROUP-FAMILY_HOUSEHOLD-3296 | Rent | 10946.75,JOINED,Ledger Quick_Add is expense category; Split_Method drives group.expense.split.*
3299,MTR-APK-3299,Group,Shared Living,Family Household,Groceries,Expense,2025-09-30,00:26:03,2025-09-30 00:26:03,3835.49,INR,-3835.49,APK Aarav,3,SHARES,MAESTRO-APK-GROUP-FAMILY_HOUSEHOLD-3299 | Groceries | 3835.49,Android,B66,STRESS_3001_3500,CREATED,idem-20260902-apk-3299,android,G10,FAMILY_HOUSEHOLD,Expense,G10:Expense,ACTIVE,qa.tile.expense,group.expense.amount,group.expense.note,group.expense.submit,group.expense.split.shares,Groceries,MAESTRO-APK-GROUP-FAMILY_HOUSEHOLD-3299 | Groceries | 3835.49,JOINED,Ledger Quick_Add is expense category; Split_Method drives group.expense.split.*
3302,MTR-APK-3302,Group,Shared Living,Custom Living,Custom Expense,Expense,2025-11-04,08:34:13,2025-11-04 08:34:13,11588.7,INR,-11588.7,APK Meera,3,EQUAL,MAESTRO-APK-GROUP-CUSTOM_LIVING-3302 | Custom Expense | 11588.70,Android,B67,STRESS_3001_3500,CREATED,idem-20260902-apk-3302,android,G12,COMMUNITY_LIVING,Expense,G12:Expense,ACTIVE,qa.tile.expense,group.expense.amount,group.expense.note,group.expense.submit,group.expense.split.equal,Custom Expense,MAESTRO-APK-GROUP-CUSTOM_LIVING-3302 | Custom Expense | 11588.70,JOINED,Ledger Quick_Add is expense category; Split_Method drives group.expense.split.*
3305,MTR-APK-3305,Group,Shared Living,Custom Living,Custom Contribution,Contribution,2026-02-19,23:58:54,2026-02-19 23:58:54,6667.86,INR,6667.86,APK Owner,3,PERCENTAGE,MAESTRO-APK-GROUP-CUSTOM_LIVING-3305 | Custom Contribution | 6667.86,Android,B67,STRESS_3001_3500,CREATED,idem-20260902-apk-3305,android,G12,COMMUNITY_LIVING,Contribute,G12:Contribute,,qa.tile.contribute,group.contribute.amount,group.contribute.note,group.contribute.submit,group.expense.split.percentage,Custom Contribution,MAESTRO-APK-GROUP-CUSTOM_LIVING-3305 | Custom Contribution | 6667.86,SKIP_CAPABILITY_GAP,Custom Living hub has no Contribution tile (same as Family Household)
3308,MTR-APK-3308,Group,Shared Experience,Trip,Travel,Expense,2026-03-29,18:32:45,2026-03-29 18:32:45,4168.95,INR,-4168.95,APK Aarav,3,EXACT,MAESTRO-APK-GROUP-TRIP-3308 | Travel | 4168.95,Android,B67,STRESS_3001_3500,CREATED,idem-20260902-apk-3308,android,G01,TRIP,Expense,G01:Expense,ACTIVE,qa.tile.expense,group.expense.amount,group.expense.note,group.expense.submit,group.expense.split.exact,Travel,MAESTRO-APK-GROUP-TRIP-3308 | Travel | 4168.95,JOINED,Ledger Quick_Add is expense category; Split_Method drives group.expense.split.*
3311,MTR-APK-3311,Group,Shared Experience,Trip,Stay,Expense,2026-06-04,20:58:15,2026-06-04 20:58:15,6735.56,INR,-6735.56,APK Meera,3,SHARES,MAESTRO-APK-GROUP-TRIP-3311 | Stay | 6735.56,Android,B67,STRESS_3001_3500,CREATED,idem-20260902-apk-3311,android,G01,TRIP,Expense,G01:Expense,ACTIVE,qa.tile.expense,group.expense.amount,group.expense.note,group.expense.submit,group.expense.split.shares,Stay,MAESTRO-APK-GROUP-TRIP-3311 | Stay | 6735.56,JOINED,Ledger Quick_Add is expense category; Split_Method drives group.expense.split.*
3314,MTR-APK-3314,Group,Shared Experience,Trip,Food,Expense,2025-10-23,19:44:56,2025-10-23 19:44:56,25300.63,INR,-25300.63,APK Owner,3,EQUAL,MAESTRO-APK-GROUP-TRIP-3314 | Food | 25300.63,Android,B67,STRESS_3001_3500,CREATED,idem-20260902-apk-3314,android,G01,TRIP,Expense,G01:Expense,ACTIVE,qa.tile.expense,group.expense.amount,group.expense.note,group.expense.submit,group.expense.split.equal,Food,MAESTRO-APK-GROUP-TRIP-3314 | Food | 25300.63,JOINED,Ledger Quick_Add is expense category; Split_Method drives group.expense.split.*
3317,MTR-APK-3317,Group,Shared Experience,Trip,Local Transport,Expense,2026-01-04,02:18:51,2026-01-04 02:18:51,11107.25,INR,-11107.25,APK Aarav,3,PERCENTAGE,MAESTRO-APK-GROUP-TRIP-3317 | Local Transport | 11107.25,Android,B67,STRESS_3001_3500,CREATED,idem-20260902-apk-3317,android,G01,TRIP,Expense,G01:Expense,ACTIVE,qa.tile.expense,group.expense.amount,group.expense.note,group.expense.submit,group.expense.split.percentage,Local Transport,MAESTRO-APK-GROUP-TRIP-3317 | Local Transport | 11107.25,JOINED,Ledger Quick_Add is expense category; Split_Method drives group.expense.split.*
3320,MTR-APK-3320,Group,Shared Experience,Trip,Activities,Expense,2026-02-04,01:49:24,2026-02-04 01:49:24,20825.11,INR,-20825.11,APK Meera,3,EXACT,MAESTRO-APK-GROUP-TRIP-3320 | Activities | 20825.11,Android,B67,STRESS_3001_3500,CREATED,idem-20260902-apk-3320,android,G01,TRIP,Expense,G01:Expense,ACTIVE,qa.tile.expense,group.expense.amount,group.expense.note,group.expense.submit,group.expense.split.exact,Activities,MAESTRO-APK-GROUP-TRIP-3320 | Activities | 20825.11,JOINED,Ledger Quick_Add is expense category; Split_Method drives group.expense.split.*
3323,MTR-APK-3323,Group,Shared Experience,Trip,Shopping,Expense,2026-02-22,22:44:18,2026-02-22 22:44:18,26979.68,INR,-26979.68,APK Owner,3,SHARES,MAESTRO-APK-GROUP-TRIP-3323 | Shopping | 26979.68,Android,B67,STRESS_3001_3500,CREATED,idem-20260902-apk-3323,android,G01,TRIP,Expense,G01:Expense,ACTIVE,qa.tile.expense,group.expense.amount,group.expense.note,group.expense.submit,group.expense.split.shares,Shopping,MAESTRO-APK-GROUP-TRIP-3323 | Shopping | 26979.68,JOINED,Ledger Quick_Add is expense category; Split_Method drives group.expense.split.*
3326,MTR-APK-3326,Group,Shared Experience,Trip,Other,Expense,2026-04-05,18:42:35,2026-04-05 18:42:35,12456.81,INR,-12456.81,APK Aarav,3,EQUAL,MAESTRO-APK-GROUP-TRIP-3326 | Other | 12456.81,Android,B67,STRESS_3001_3500,CREATED,idem-20260902-apk-3326,android,G01,TRIP,Expense,G01:Expense,ACTIVE,qa.tile.expense,group.expense.amount,group.expense.note,group.expense.submit,group.expense.split.equal,Other,MAESTRO-APK-GROUP-TRIP-3326 | Other | 12456.81,JOINED,Ledger Quick_Add is expense category; Split_Method drives group.expense.split.*
3329,MTR-APK-3329,Group,Shared Experience,Wedding,Venue,Expense,2025-11-30,10:08:20,2025-11-30 10:08:20,25414.6,INR,-25414.6,APK Meera,3,PERCENTAGE,MAESTRO-APK-GROUP-WEDDING-3329 | Venue | 25414.60,Android,B67,STRESS_3001_3500,CREATED,idem-20260902-apk-3329,android,G02,WEDDING,Expense,G02:Expense,ACTIVE,qa.tile.expense,group.expense.amount,group.expense.note,group.expense.submit,group.expense.split.percentage,Venue,MAESTRO-APK-GROUP-WEDDING-3329 | Venue | 25414.60,JOINED,Ledger Quick_Add is expense category; Split_Method drives group.expense.split.*
3332,MTR-APK-3332,Group,Shared Experience,Wedding,Catering,Expense,2026-04-27,18:43:47,2026-04-27 18:43:47,29937.61,INR,-29937.61,APK Owner,3,EXACT,MAESTRO-APK-GROUP-WEDDING-3332 | Catering | 29937.61,Android,B67,STRESS_3001_3500,CREATED,idem-20260902-apk-3332,android,G02,WEDDING,Expense,G02:Expense,ACTIVE,qa.tile.expense,group.expense.amount,group.expense.note,group.expense.submit,group.expense.split.exact,Catering,MAESTRO-APK-GROUP-WEDDING-3332 | Catering | 29937.61,JOINED,Ledger Quick_Add is expense category; Split_Method drives group.expense.split.*
3335,MTR-APK-3335,Group,Shared Experience,Wedding,Decor,Expense,2026-01-23,10:11:33,2026-01-23 10:11:33,6824.5,INR,-6824.5,APK Aarav,3,SHARES,MAESTRO-APK-GROUP-WEDDING-3335 | Decor | 6824.50,Android,B67,STRESS_3001_3500,CREATED,idem-20260902-apk-3335,android,G02,WEDDING,Expense,G02:Expense,ACTIVE,qa.tile.expense,group.expense.amount,group.expense.note,group.expense.submit,group.expense.split.shares,Decor,MAESTRO-APK-GROUP-WEDDING-3335 | Decor | 6824.50,JOINED,Ledger Quick_Add is expense category; Split_Method drives group.expense.split.*
3338,MTR-APK-3338,Group,Shared Experience,Wedding,Travel,Expense,2026-05-25,21:08:56,2026-05-25 21:08:56,23675.72,INR,-23675.72,APK Meera,3,EQUAL,MAESTRO-APK-GROUP-WEDDING-3338 | Travel | 23675.72,Android,B67,STRESS_3001_3500,CREATED,idem-20260902-apk-3338,android,G02,WEDDING,Expense,G02:Expense,ACTIVE,qa.tile.expense,group.expense.amount,group.expense.note,group.expense.submit,group.expense.split.equal,Travel,MAESTRO-APK-GROUP-WEDDING-3338 | Travel | 23675.72,JOINED,Ledger Quick_Add is expense category; Split_Method drives group.expense.split.*
3341,MTR-APK-3341,Group,Shared Experience,Wedding,Gifts,Expense,2025-09-10,10:52:03,2025-09-10 10:52:03,2304.59,INR,-2304.59,APK Owner,3,PERCENTAGE,MAESTRO-APK-GROUP-WEDDING-3341 | Gifts | 2304.59,Android,B67,STRESS_3001_3500,CREATED,idem-20260902-apk-3341,android,G02,WEDDING,Expense,G02:Expense,ACTIVE,qa.tile.expense,group.expense.amount,group.expense.note,group.expense.submit,group.expense.split.percentage,Gifts,MAESTRO-APK-GROUP-WEDDING-3341 | Gifts | 2304.59,JOINED,Ledger Quick_Add is expense category; Split_Method drives group.expense.split.*
3344,MTR-APK-3344,Group,Shared Experience,Wedding,Photography,Expense,2026-01-29,17:34:44,2026-01-29 17:34:44,9484.76,INR,-9484.76,APK Aarav,3,EXACT,MAESTRO-APK-GROUP-WEDDING-3344 | Photography | 9484.76,Android,B67,STRESS_3001_3500,CREATED,idem-20260902-apk-3344,android,G02,WEDDING,Expense,G02:Expense,ACTIVE,qa.tile.expense,group.expense.amount,group.expense.note,group.expense.submit,group.expense.split.exact,Photography,MAESTRO-APK-GROUP-WEDDING-3344 | Photography | 9484.76,JOINED,Ledger Quick_Add is expense category; Split_Method drives group.expense.split.*
3347,MTR-APK-3347,Group,Shared Experience,Wedding,Other,Expense,2025-10-12,13:38:04,2025-10-12 13:38:04,23889.93,INR,-23889.93,APK Meera,3,SHARES,MAESTRO-APK-GROUP-WEDDING-3347 | Other | 23889.93,Android,B67,STRESS_3001_3500,CREATED,idem-20260902-apk-3347,android,G02,WEDDING,Expense,G02:Expense,ACTIVE,qa.tile.expense,group.expense.amount,group.expense.note,group.expense.submit,group.expense.split.shares,Other,MAESTRO-APK-GROUP-WEDDING-3347 | Other | 23889.93,JOINED,Ledger Quick_Add is expense category; Split_Method drives group.expense.split.*
3350,MTR-APK-3350,Group,Shared Experience,Office Outing,Food,Expense,2025-11-10,05:24:02,2025-11-10 05:24:02,17347.68,INR,-17347.68,APK Owner,3,EQUAL,MAESTRO-APK-GROUP-OFFICE_OUTING-3350 | Food | 17347.68,Android,B67,STRESS_3001_3500,CREATED,idem-20260902-apk-3350,android,G04,OFFICE_OUTING,Expense,G04:Expense,ACTIVE,qa.tile.expense,group.expense.amount,group.expense.note,group.expense.submit,group.expense.split.equal,Food,MAESTRO-APK-GROUP-OFFICE_OUTING-3350 | Food | 17347.68,JOINED,Ledger Quick_Add is expense category; Split_Method drives group.expense.split.*
3353,MTR-APK-3353,Group,Shared Experience,Office Outing,Travel,Expense,2026-08-21,18:30:57,2026-08-21 18:30:57,12270.44,INR,-12270.44,APK Aarav,3,PERCENTAGE,MAESTRO-APK-GROUP-OFFICE_OUTING-3353 | Travel | 12270.44,Android,B68,STRESS_3001_3500,CREATED,idem-20260902-apk-3353,android,G04,OFFICE_OUTING,Expense,G04:Expense,ACTIVE,qa.tile.expense,group.expense.amount,group.expense.note,group.expense.submit,group.expense.split.percentage,Travel,MAESTRO-APK-GROUP-OFFICE_OUTING-3353 | Travel | 12270.44,JOINED,Ledger Quick_Add is expense category; Split_Method drives group.expense.split.*
3356,MTR-APK-3356,Group,Shared Experience,Office Outing,Activities,Expense,2026-05-12,19:13:46,2026-05-12 19:13:46,6868.54,INR,-6868.54,APK Meera,3,EXACT,MAESTRO-APK-GROUP-OFFICE_OUTING-3356 | Activities | 6868.54,Android,B68,STRESS_3001_3500,CREATED,idem-20260902-apk-3356,android,G04,OFFICE_OUTING,Expense,G04:Expense,ACTIVE,qa.tile.expense,group.expense.amount,group.expense.note,group.expense.submit,group.expense.split.exact,Activities,MAESTRO-APK-GROUP-OFFICE_OUTING-3356 | Activities | 6868.54,JOINED,Ledger Quick_Add is expense category; Split_Method drives group.expense.split.*
3359,MTR-APK-3359,Group,Shared Experience,Office Outing,Venue,Expense,2025-10-25,19:16:14,2025-10-25 19:16:14,6142.75,INR,-6142.75,APK Owner,3,SHARES,MAESTRO-APK-GROUP-OFFICE_OUTING-3359 | Venue | 6142.75,Android,B68,STRESS_3001_3500,CREATED,idem-20260902-apk-3359,android,G04,OFFICE_OUTING,Expense,G04:Expense,ACTIVE,qa.tile.expense,group.expense.amount,group.expense.note,group.expense.submit,group.expense.split.shares,Venue,MAESTRO-APK-GROUP-OFFICE_OUTING-3359 | Venue | 6142.75,JOINED,Ledger Quick_Add is expense category; Split_Method drives group.expense.split.*
3362,MTR-APK-3362,Group,Shared Experience,Office Outing,Other,Expense,2026-05-31,16:19:07,2026-05-31 16:19:07,22097.32,INR,-22097.32,APK Aarav,3,EQUAL,MAESTRO-APK-GROUP-OFFICE_OUTING-3362 | Other | 22097.32,Android,B68,STRESS_3001_3500,CREATED,idem-20260902-apk-3362,android,G04,OFFICE_OUTING,Expense,G04:Expense,ACTIVE,qa.tile.expense,group.expense.amount,group.expense.note,group.expense.submit,group.expense.split.equal,Other,MAESTRO-APK-GROUP-OFFICE_OUTING-3362 | Other | 22097.32,JOINED,Ledger Quick_Add is expense category; Split_Method drives group.expense.split.*
3365,MTR-APK-3365,Group,Shared Experience,House Party,Food,Expense,2026-08-11,17:22:47,2026-08-11 17:22:47,14221.41,INR,-14221.41,APK Meera,3,PERCENTAGE,MAESTRO-APK-GROUP-HOUSE_PARTY-3365 | Food | 14221.41,Android,B68,STRESS_3001_3500,CREATED,idem-20260902-apk-3365,android,G03,HOUSE_PARTY,Expense,G03:Expense,ACTIVE,qa.tile.expense,group.expense.amount,group.expense.note,group.expense.submit,group.expense.split.percentage,Food,MAESTRO-APK-GROUP-HOUSE_PARTY-3365 | Food | 14221.41,JOINED,Ledger Quick_Add is expense category; Split_Method drives group.expense.split.*
3368,MTR-APK-3368,Group,Shared Experience,House Party,Drinks,Expense,2026-07-23,18:06:20,2026-07-23 18:06:20,28670.76,INR,-28670.76,APK Owner,3,EXACT,MAESTRO-APK-GROUP-HOUSE_PARTY-3368 | Drinks | 28670.76,Android,B68,STRESS_3001_3500,CREATED,idem-20260902-apk-3368,android,G03,HOUSE_PARTY,Expense,G03:Expense,ACTIVE,qa.tile.expense,group.expense.amount,group.expense.note,group.expense.submit,group.expense.split.exact,Drinks,MAESTRO-APK-GROUP-HOUSE_PARTY-3368 | Drinks | 28670.76,JOINED,Ledger Quick_Add is expense category; Split_Method drives group.expense.split.*
3371,MTR-APK-3371,Group,Shared Experience,House Party,Decor,Expense,2026-02-08,08:05:26,2026-02-08 08:05:26,20818.26,INR,-20818.26,APK Aarav,3,SHARES,MAESTRO-APK-GROUP-HOUSE_PARTY-3371 | Decor | 20818.26,Android,B68,STRESS_3001_3500,CREATED,idem-20260902-apk-3371,android,G03,HOUSE_PARTY,Expense,G03:Expense,ACTIVE,qa.tile.expense,group.expense.amount,group.expense.note,group.expense.submit,group.expense.split.shares,Decor,MAESTRO-APK-GROUP-HOUSE_PARTY-3371 | Decor | 20818.26,JOINED,Ledger Quick_Add is expense category; Split_Method drives group.expense.split.*
3374,MTR-APK-3374,Group,Shared Experience,House Party,Supplies,Expense,2025-11-10,08:22:46,2025-11-10 08:22:46,12701.4,INR,-12701.4,APK Meera,3,EQUAL,MAESTRO-APK-GROUP-HOUSE_PARTY-3374 | Supplies | 12701.40,Android,B68,STRESS_3001_3500,CREATED,idem-20260902-apk-3374,android,G03,HOUSE_PARTY,Expense,G03:Expense,ACTIVE,qa.tile.expense,group.expense.amount,group.expense.note,group.expense.submit,group.expense.split.equal,Supplies,MAESTRO-APK-GROUP-HOUSE_PARTY-3374 | Supplies | 12701.40,JOINED,Ledger Quick_Add is expense category; Split_Method drives group.expense.split.*
3377,MTR-APK-3377,Group,Shared Experience,House Party,Other,Expense,2026-03-07,14:23:00,2026-03-07 14:23:00,6194.55,INR,-6194.55,APK Owner,3,PERCENTAGE,MAESTRO-APK-GROUP-HOUSE_PARTY-3377 | Other | 6194.55,Android,B68,STRESS_3001_3500,CREATED,idem-20260902-apk-3377,android,G03,HOUSE_PARTY,Expense,G03:Expense,ACTIVE,qa.tile.expense,group.expense.amount,group.expense.note,group.expense.submit,group.expense.split.percentage,Other,MAESTRO-APK-GROUP-HOUSE_PARTY-3377 | Other | 6194.55,JOINED,Ledger Quick_Add is expense category; Split_Method drives group.expense.split.*
3380,MTR-APK-3380,Group,Shared Purchase,Gift Pool,Contribution,Contribution,2026-08-03,18:20:50,2026-08-03 18:20:50,19737.99,INR,19737.99,APK Aarav,3,EXACT,MAESTRO-APK-GROUP-GIFT_POOL-3380 | Contribution | 19737.99,Android,B68,STRESS_3001_3500,CREATED,idem-20260902-apk-3380,android,G05,GIFT_POOL,Contribute,G05:Contribute,ACTIVE,qa.tile.contribute,group.contribute.amount,group.contribute.note,group.contribute.submit,group.expense.split.exact,Contribution,MAESTRO-APK-GROUP-GIFT_POOL-3380 | Contribution | 19737.99,JOINED,
3383,MTR-APK-3383,Group,Shared Purchase,Gift Pool,Gift Purchase,Expense,2025-10-08,14:35:07,2025-10-08 14:35:07,9040.87,INR,-9040.87,APK Meera,3,SHARES,MAESTRO-APK-GROUP-GIFT_POOL-3383 | Gift Purchase | 9040.87,Android,B68,STRESS_3001_3500,CREATED,idem-20260902-apk-3383,android,G05,GIFT_POOL,Expense,G05:Expense,ACTIVE,qa.tile.expense,group.expense.amount,group.expense.note,group.expense.submit,group.expense.split.shares,Gift Purchase,MAESTRO-APK-GROUP-GIFT_POOL-3383 | Gift Purchase | 9040.87,JOINED,Ledger Quick_Add is expense category; Split_Method drives group.expense.split.*
3386,MTR-APK-3386,Group,Shared Purchase,Gift Pool,Delivery,Expense,2026-04-02,09:05:40,2026-04-02 09:05:40,20080.18,INR,-20080.18,APK Owner,3,EQUAL,MAESTRO-APK-GROUP-GIFT_POOL-3386 | Delivery | 20080.18,Android,B68,STRESS_3001_3500,CREATED,idem-20260902-apk-3386,android,G05,GIFT_POOL,Expense,G05:Expense,ACTIVE,qa.tile.expense,group.expense.amount,group.expense.note,group.expense.submit,group.expense.split.equal,Delivery,MAESTRO-APK-GROUP-GIFT_POOL-3386 | Delivery | 20080.18,JOINED,Ledger Quick_Add is expense category; Split_Method drives group.expense.split.*
3389,MTR-APK-3389,Group,Shared Purchase,Gift Pool,Other,Expense,2026-04-28,03:54:31,2026-04-28 03:54:31,29165.19,INR,-29165.19,APK Aarav,3,PERCENTAGE,MAESTRO-APK-GROUP-GIFT_POOL-3389 | Other | 29165.19,Android,B68,STRESS_3001_3500,CREATED,idem-20260902-apk-3389,android,G05,GIFT_POOL,Expense,G05:Expense,ACTIVE,qa.tile.expense,group.expense.amount,group.expense.note,group.expense.submit,group.expense.split.percentage,Other,MAESTRO-APK-GROUP-GIFT_POOL-3389 | Other | 29165.19,JOINED,Ledger Quick_Add is expense category; Split_Method drives group.expense.split.*
3392,MTR-APK-3392,Group,Shared Purchase,Purchase,Item,Expense,2026-06-04,02:58:17,2026-06-04 02:58:17,21887.98,INR,-21887.98,APK Meera,3,EXACT,MAESTRO-APK-GROUP-PURCHASE-3392 | Item | 21887.98,Android,B68,STRESS_3001_3500,CREATED,idem-20260902-apk-3392,android,G06,GROUP_PURCHASE,Expense,G06:Expense,ACTIVE,qa.tile.expense,group.expense.amount,group.expense.note,group.expense.submit,group.expense.split.exact,Item,MAESTRO-APK-GROUP-PURCHASE-3392 | Item | 21887.98,JOINED,Ledger Quick_Add is expense category; Split_Method drives group.expense.split.*
3395,MTR-APK-3395,Group,Shared Purchase,Purchase,Shipping,Expense,2026-02-08,06:15:20,2026-02-08 06:15:20,24797.81,INR,-24797.81,APK Owner,3,SHARES,MAESTRO-APK-GROUP-PURCHASE-3395 | Shipping | 24797.81,Android,B68,STRESS_3001_3500,CREATED,idem-20260902-apk-3395,android,G06,GROUP_PURCHASE,Expense,G06:Expense,ACTIVE,qa.tile.expense,group.expense.amount,group.expense.note,group.expense.submit,group.expense.split.shares,Shipping,MAESTRO-APK-GROUP-PURCHASE-3395 | Shipping | 24797.81,JOINED,Ledger Quick_Add is expense category; Split_Method drives group.expense.split.*
3398,MTR-APK-3398,Group,Shared Purchase,Purchase,Tax,Expense,2026-03-21,01:50:02,2026-03-21 01:50:02,26089.71,INR,-26089.71,APK Aarav,3,EQUAL,MAESTRO-APK-GROUP-PURCHASE-3398 | Tax | 26089.71,Android,B68,STRESS_3001_3500,CREATED,idem-20260902-apk-3398,android,G06,GROUP_PURCHASE,Expense,G06:Expense,ACTIVE,qa.tile.expense,group.expense.amount,group.expense.note,group.expense.submit,group.expense.split.equal,Tax,MAESTRO-APK-GROUP-PURCHASE-3398 | Tax | 26089.71,JOINED,Ledger Quick_Add is expense category; Split_Method drives group.expense.split.*
3401,MTR-APK-3401,Group,Shared Purchase,Purchase,Other,Expense,2026-03-07,02:21:31,2026-03-07 02:21:31,25591.25,INR,-25591.25,APK Meera,3,PERCENTAGE,MAESTRO-APK-GROUP-PURCHASE-3401 | Other | 25591.25,Android,B69,STRESS_3001_3500,CREATED,idem-20260902-apk-3401,android,G06,GROUP_PURCHASE,Expense,G06:Expense,ACTIVE,qa.tile.expense,group.expense.amount,group.expense.note,group.expense.submit,group.expense.split.percentage,Other,MAESTRO-APK-GROUP-PURCHASE-3401 | Other | 25591.25,JOINED,Ledger Quick_Add is expense category; Split_Method drives group.expense.split.*
3404,MTR-APK-3404,Group,Shared Purchase,Assets,Purchase,Expense,2026-01-10,10:28:52,2026-01-10 10:28:52,99.99,INR,-99.99,APK Owner,3,EXACT,MAESTRO-APK-GROUP-ASSETS-3404 | Purchase | 99.99,Android,B69,STRESS_3001_3500,CREATED,idem-20260902-apk-3404,android,G07,SHARED_ASSET,Expense,G07:Expense,ACTIVE,qa.tile.expense,group.expense.amount,group.expense.note,group.expense.submit,group.expense.split.exact,Purchase,MAESTRO-APK-GROUP-ASSETS-3404 | Purchase | 99.99,JOINED,Ledger Quick_Add is expense category; Split_Method drives group.expense.split.*
3407,MTR-APK-3407,Group,Shared Purchase,Assets,Maintenance,Expense,2026-02-23,01:34:37,2026-02-23 01:34:37,853.14,INR,-853.14,APK Aarav,3,SHARES,MAESTRO-APK-GROUP-ASSETS-3407 | Maintenance | 853.14,Android,B69,STRESS_3001_3500,CREATED,idem-20260902-apk-3407,android,G07,SHARED_ASSET,Expense,G07:Expense,ACTIVE,qa.tile.expense,group.expense.amount,group.expense.note,group.expense.submit,group.expense.split.shares,Maintenance,MAESTRO-APK-GROUP-ASSETS-3407 | Maintenance | 853.14,JOINED,Ledger Quick_Add is expense category; Split_Method drives group.expense.split.*
3410,MTR-APK-3410,Group,Shared Purchase,Assets,Repair,Expense,2025-10-18,16:16:17,2025-10-18 16:16:17,3382.46,INR,-3382.46,APK Meera,3,EQUAL,MAESTRO-APK-GROUP-ASSETS-3410 | Repair | 3382.46,Android,B69,STRESS_3001_3500,CREATED,idem-20260902-apk-3410,android,G07,SHARED_ASSET,Expense,G07:Expense,ACTIVE,qa.tile.expense,group.expense.amount,group.expense.note,group.expense.submit,group.expense.split.equal,Repair,MAESTRO-APK-GROUP-ASSETS-3410 | Repair | 3382.46,JOINED,Ledger Quick_Add is expense category; Split_Method drives group.expense.split.*
3413,MTR-APK-3413,Group,Shared Purchase,Assets,Insurance,Expense,2026-03-31,10:31:55,2026-03-31 10:31:55,15879.3,INR,-15879.3,APK Owner,3,PERCENTAGE,MAESTRO-APK-GROUP-ASSETS-3413 | Insurance | 15879.30,Android,B69,STRESS_3001_3500,CREATED,idem-20260902-apk-3413,android,G07,SHARED_ASSET,Expense,G07:Expense,ACTIVE,qa.tile.expense,group.expense.amount,group.expense.note,group.expense.submit,group.expense.split.percentage,Insurance,MAESTRO-APK-GROUP-ASSETS-3413 | Insurance | 15879.30,JOINED,Ledger Quick_Add is expense category; Split_Method drives group.expense.split.*
3416,MTR-APK-3416,Group,Shared Purchase,Assets,Other,Expense,2026-02-07,09:12:47,2026-02-07 09:12:47,14637.01,INR,-14637.01,APK Aarav,3,EXACT,MAESTRO-APK-GROUP-ASSETS-3416 | Other | 14637.01,Android,B69,STRESS_3001_3500,CREATED,idem-20260902-apk-3416,android,G07,SHARED_ASSET,Expense,G07:Expense,ACTIVE,qa.tile.expense,group.expense.amount,group.expense.note,group.expense.submit,group.expense.split.exact,Other,MAESTRO-APK-GROUP-ASSETS-3416 | Other | 14637.01,JOINED,Ledger Quick_Add is expense category; Split_Method drives group.expense.split.*
3419,MTR-APK-3419,Group,Shared Purchase,Custom Purchase,Custom Expense,Expense,2026-07-08,23:49:41,2026-07-08 23:49:41,16075.84,INR,-16075.84,APK Meera,3,SHARES,MAESTRO-APK-GROUP-CUSTOM_PURCHASE-3419 | Custom Expense | 16075.84,Android,B69,STRESS_3001_3500,CREATED,idem-20260902-apk-3419,android,G08,COMMUNITY_PURCHASE,Expense,G08:Expense,ACTIVE,qa.tile.expense,group.expense.amount,group.expense.note,group.expense.submit,group.expense.split.shares,Custom Expense,MAESTRO-APK-GROUP-CUSTOM_PURCHASE-3419 | Custom Expense | 16075.84,JOINED,Ledger Quick_Add is expense category; Split_Method drives group.expense.split.*
3422,MTR-APK-3422,Group,Shared Purchase,Custom Purchase,Custom Contribution,Contribution,2026-01-22,09:27:27,2026-01-22 09:27:27,20669.46,INR,20669.46,APK Owner,3,EQUAL,MAESTRO-APK-GROUP-CUSTOM_PURCHASE-3422 | Custom Contribution | 20669.46,Android,B69,STRESS_3001_3500,CREATED,idem-20260902-apk-3422,android,G08,COMMUNITY_PURCHASE,Contribute,G08:Contribute,ACTIVE,qa.tile.contribute,group.contribute.amount,group.contribute.note,group.contribute.submit,group.expense.split.equal,Custom Contribution,MAESTRO-APK-GROUP-CUSTOM_PURCHASE-3422 | Custom Contribution | 20669.46,JOINED,
3425,MTR-APK-3425,Group,Shared Living,Flatmates,Rent,Expense,2026-03-10,17:01:24,2026-03-10 17:01:24,6620.5,INR,-6620.5,APK Aarav,3,PERCENTAGE,MAESTRO-APK-GROUP-FLATMATES-3425 | Rent | 6620.50,Android,B69,STRESS_3001_3500,CREATED,idem-20260902-apk-3425,android,G09,FLATMATES,Expense,G09:Expense,ACTIVE,qa.tile.expense,group.expense.amount,group.expense.note,group.expense.submit,group.expense.split.percentage,Rent,MAESTRO-APK-GROUP-FLATMATES-3425 | Rent | 6620.50,JOINED,Ledger Quick_Add is expense category; Split_Method drives group.expense.split.*
3428,MTR-APK-3428,Group,Shared Living,Flatmates,Utilities,Expense,2025-09-16,19:37:10,2025-09-16 19:37:10,18320.82,INR,-18320.82,APK Meera,3,EXACT,MAESTRO-APK-GROUP-FLATMATES-3428 | Utilities | 18320.82,Android,B69,STRESS_3001_3500,CREATED,idem-20260902-apk-3428,android,G09,FLATMATES,Expense,G09:Expense,ACTIVE,qa.tile.expense,group.expense.amount,group.expense.note,group.expense.submit,group.expense.split.exact,Utilities,MAESTRO-APK-GROUP-FLATMATES-3428 | Utilities | 18320.82,JOINED,Ledger Quick_Add is expense category; Split_Method drives group.expense.split.*
3431,MTR-APK-3431,Group,Shared Living,Flatmates,Groceries,Expense,2026-08-24,08:11:40,2026-08-24 08:11:40,15073.52,INR,-15073.52,APK Owner,3,SHARES,MAESTRO-APK-GROUP-FLATMATES-3431 | Groceries | 15073.52,Android,B69,STRESS_3001_3500,CREATED,idem-20260902-apk-3431,android,G09,FLATMATES,Expense,G09:Expense,ACTIVE,qa.tile.expense,group.expense.amount,group.expense.note,group.expense.submit,group.expense.split.shares,Groceries,MAESTRO-APK-GROUP-FLATMATES-3431 | Groceries | 15073.52,JOINED,Ledger Quick_Add is expense category; Split_Method drives group.expense.split.*
3434,MTR-APK-3434,Group,Shared Living,Flatmates,Internet,Expense,2026-08-11,19:28:42,2026-08-11 19:28:42,1171.77,INR,-1171.77,APK Aarav,3,EQUAL,MAESTRO-APK-GROUP-FLATMATES-3434 | Internet | 1171.77,Android,B69,STRESS_3001_3500,CREATED,idem-20260902-apk-3434,android,G09,FLATMATES,Expense,G09:Expense,ACTIVE,qa.tile.expense,group.expense.amount,group.expense.note,group.expense.submit,group.expense.split.equal,Internet,MAESTRO-APK-GROUP-FLATMATES-3434 | Internet | 1171.77,JOINED,Ledger Quick_Add is expense category; Split_Method drives group.expense.split.*
3437,MTR-APK-3437,Group,Shared Living,Flatmates,House Supplies,Expense,2026-08-08,05:18:11,2026-08-08 05:18:11,10317.67,INR,-10317.67,APK Meera,3,PERCENTAGE,MAESTRO-APK-GROUP-FLATMATES-3437 | House Supplies | 10317.67,Android,B69,STRESS_3001_3500,CREATED,idem-20260902-apk-3437,android,G09,FLATMATES,Expense,G09:Expense,ACTIVE,qa.tile.expense,group.expense.amount,group.expense.note,group.expense.submit,group.expense.split.percentage,House Supplies,MAESTRO-APK-GROUP-FLATMATES-3437 | House Supplies | 10317.67,JOINED,Ledger Quick_Add is expense category; Split_Method drives group.expense.split.*
3440,MTR-APK-3440,Group,Shared Living,Flatmates,Repairs,Expense,2025-10-25,01:14:07,2025-10-25 01:14:07,12730.19,INR,-12730.19,APK Owner,3,EXACT,MAESTRO-APK-GROUP-FLATMATES-3440 | Repairs | 12730.19,Android,B69,STRESS_3001_3500,CREATED,idem-20260902-apk-3440,android,G09,FLATMATES,Expense,G09:Expense,ACTIVE,qa.tile.expense,group.expense.amount,group.expense.note,group.expense.submit,group.expense.split.exact,Repairs,MAESTRO-APK-GROUP-FLATMATES-3440 | Repairs | 12730.19,JOINED,Ledger Quick_Add is expense category; Split_Method drives group.expense.split.*
3443,MTR-APK-3443,Group,Shared Living,Shared Living,Rent,Expense,2025-10-27,03:46:42,2025-10-27 03:46:42,22962.97,INR,-22962.97,APK Aarav,3,SHARES,MAESTRO-APK-GROUP-SHARED_LIVING-3443 | Rent | 22962.97,Android,B69,STRESS_3001_3500,CREATED,idem-20260902-apk-3443,android,G11,CO_LIVING,Expense,G11:Expense,ACTIVE,qa.tile.expense,group.expense.amount,group.expense.note,group.expense.submit,group.expense.split.shares,Rent,MAESTRO-APK-GROUP-SHARED_LIVING-3443 | Rent | 22962.97,JOINED,Ledger Quick_Add is expense category; Split_Method drives group.expense.split.*
3446,MTR-APK-3446,Group,Shared Living,Shared Living,Utilities,Expense,2026-03-09,06:35:31,2026-03-09 06:35:31,11508.44,INR,-11508.44,APK Meera,3,EQUAL,MAESTRO-APK-GROUP-SHARED_LIVING-3446 | Utilities | 11508.44,Android,B69,STRESS_3001_3500,CREATED,idem-20260902-apk-3446,android,G11,CO_LIVING,Expense,G11:Expense,ACTIVE,qa.tile.expense,group.expense.amount,group.expense.note,group.expense.submit,group.expense.split.equal,Utilities,MAESTRO-APK-GROUP-SHARED_LIVING-3446 | Utilities | 11508.44,JOINED,Ledger Quick_Add is expense category; Split_Method drives group.expense.split.*
3449,MTR-APK-3449,Group,Shared Living,Shared Living,Groceries,Expense,2026-08-02,08:02:36,2026-08-02 08:02:36,19359.31,INR,-19359.31,APK Owner,3,PERCENTAGE,MAESTRO-APK-GROUP-SHARED_LIVING-3449 | Groceries | 19359.31,Android,B69,STRESS_3001_3500,CREATED,idem-20260902-apk-3449,android,G11,CO_LIVING,Expense,G11:Expense,ACTIVE,qa.tile.expense,group.expense.amount,group.expense.note,group.expense.submit,group.expense.split.percentage,Groceries,MAESTRO-APK-GROUP-SHARED_LIVING-3449 | Groceries | 19359.31,JOINED,Ledger Quick_Add is expense category; Split_Method drives group.expense.split.*
3452,MTR-APK-3452,Group,Shared Living,Shared Living,Maintenance,Expense,2025-12-10,07:40:13,2025-12-10 07:40:13,19357.16,INR,-19357.16,APK Aarav,3,EXACT,MAESTRO-APK-GROUP-SHARED_LIVING-3452 | Maintenance | 19357.16,Android,B70,STRESS_3001_3500,CREATED,idem-20260902-apk-3452,android,G11,CO_LIVING,Expense,G11:Expense,ACTIVE,qa.tile.expense,group.expense.amount,group.expense.note,group.expense.submit,group.expense.split.exact,Maintenance,MAESTRO-APK-GROUP-SHARED_LIVING-3452 | Maintenance | 19357.16,JOINED,Ledger Quick_Add is expense category; Split_Method drives group.expense.split.*
3455,MTR-APK-3455,Group,Shared Living,Shared Living,Other,Expense,2025-12-11,16:27:16,2025-12-11 16:27:16,26598.97,INR,-26598.97,APK Meera,3,SHARES,MAESTRO-APK-GROUP-SHARED_LIVING-3455 | Other | 26598.97,Android,B70,STRESS_3001_3500,CREATED,idem-20260902-apk-3455,android,G11,CO_LIVING,Expense,G11:Expense,ACTIVE,qa.tile.expense,group.expense.amount,group.expense.note,group.expense.submit,group.expense.split.shares,Other,MAESTRO-APK-GROUP-SHARED_LIVING-3455 | Other | 26598.97,JOINED,Ledger Quick_Add is expense category; Split_Method drives group.expense.split.*
3458,MTR-APK-3458,Group,Shared Living,Family Household,Transport,Expense,2026-04-25,20:17:43,2026-04-25 20:17:43,8048.83,INR,-8048.83,APK Owner,3,EQUAL,MAESTRO-APK-GROUP-FAMILY_HOUSEHOLD-3458 | Transport | 8048.83,Android,B70,STRESS_3001_3500,CREATED,idem-20260902-apk-3458,android,G10,FAMILY_HOUSEHOLD,Expense,G10:Expense,ACTIVE,qa.tile.expense,group.expense.amount,group.expense.note,group.expense.submit,group.expense.split.equal,Transport,MAESTRO-APK-GROUP-FAMILY_HOUSEHOLD-3458 | Transport | 8048.83,JOINED,Ledger Quick_Add is expense category; Split_Method drives group.expense.split.*
3461,MTR-APK-3461,Group,Shared Living,Family Household,Bills,Expense,2025-09-10,17:05:59,2025-09-10 17:05:59,29284.54,INR,-29284.54,APK Aarav,3,PERCENTAGE,MAESTRO-APK-GROUP-FAMILY_HOUSEHOLD-3461 | Bills | 29284.54,Android,B70,STRESS_3001_3500,CREATED,idem-20260902-apk-3461,android,G10,FAMILY_HOUSEHOLD,Expense,G10:Expense,ACTIVE,qa.tile.expense,group.expense.amount,group.expense.note,group.expense.submit,group.expense.split.percentage,Bills,MAESTRO-APK-GROUP-FAMILY_HOUSEHOLD-3461 | Bills | 29284.54,JOINED,Ledger Quick_Add is expense category; Split_Method drives group.expense.split.*
3464,MTR-APK-3464,Group,Shared Living,Family Household,Utilities,Expense,2026-03-20,23:36:44,2026-03-20 23:36:44,19338.74,INR,-19338.74,APK Meera,3,EXACT,MAESTRO-APK-GROUP-FAMILY_HOUSEHOLD-3464 | Utilities | 19338.74,Android,B70,STRESS_3001_3500,CREATED,idem-20260902-apk-3464,android,G10,FAMILY_HOUSEHOLD,Expense,G10:Expense,ACTIVE,qa.tile.expense,group.expense.amount,group.expense.note,group.expense.submit,group.expense.split.exact,Utilities,MAESTRO-APK-GROUP-FAMILY_HOUSEHOLD-3464 | Utilities | 19338.74,JOINED,Ledger Quick_Add is expense category; Split_Method drives group.expense.split.*
3467,MTR-APK-3467,Group,Shared Living,Family Household,Healthcare,Expense,2025-11-30,16:54:42,2025-11-30 16:54:42,25314.42,INR,-25314.42,APK Owner,3,SHARES,MAESTRO-APK-GROUP-FAMILY_HOUSEHOLD-3467 | Healthcare | 25314.42,Android,B70,STRESS_3001_3500,CREATED,idem-20260902-apk-3467,android,G10,FAMILY_HOUSEHOLD,Expense,G10:Expense,ACTIVE,qa.tile.expense,group.expense.amount,group.expense.note,group.expense.submit,group.expense.split.shares,Healthcare,MAESTRO-APK-GROUP-FAMILY_HOUSEHOLD-3467 | Healthcare | 25314.42,JOINED,Ledger Quick_Add is expense category; Split_Method drives group.expense.split.*
3470,MTR-APK-3470,Group,Shared Living,Family Household,School,Expense,2025-09-05,20:52:27,2025-09-05 20:52:27,13105.29,INR,-13105.29,APK Aarav,3,EQUAL,MAESTRO-APK-GROUP-FAMILY_HOUSEHOLD-3470 | School | 13105.29,Android,B70,STRESS_3001_3500,CREATED,idem-20260902-apk-3470,android,G10,FAMILY_HOUSEHOLD,Expense,G10:Expense,ACTIVE,qa.tile.expense,group.expense.amount,group.expense.note,group.expense.submit,group.expense.split.equal,School,MAESTRO-APK-GROUP-FAMILY_HOUSEHOLD-3470 | School | 13105.29,JOINED,Ledger Quick_Add is expense category; Split_Method drives group.expense.split.*
3473,MTR-APK-3473,Group,Shared Living,Family Household,Other,Expense,2025-12-24,07:26:54,2025-12-24 07:26:54,13709.38,INR,-13709.38,APK Meera,3,PERCENTAGE,MAESTRO-APK-GROUP-FAMILY_HOUSEHOLD-3473 | Other | 13709.38,Android,B70,STRESS_3001_3500,CREATED,idem-20260902-apk-3473,android,G10,FAMILY_HOUSEHOLD,Expense,G10:Expense,ACTIVE,qa.tile.expense,group.expense.amount,group.expense.note,group.expense.submit,group.expense.split.percentage,Other,MAESTRO-APK-GROUP-FAMILY_HOUSEHOLD-3473 | Other | 13709.38,JOINED,Ledger Quick_Add is expense category; Split_Method drives group.expense.split.*
3476,MTR-APK-3476,Group,Shared Living,Custom Living,Custom Expense,Expense,2025-10-18,18:34:55,2025-10-18 18:34:55,24418.54,INR,-24418.54,APK Owner,3,EXACT,MAESTRO-APK-GROUP-CUSTOM_LIVING-3476 | Custom Expense | 24418.54,Android,B70,STRESS_3001_3500,CREATED,idem-20260902-apk-3476,android,G12,COMMUNITY_LIVING,Expense,G12:Expense,ACTIVE,qa.tile.expense,group.expense.amount,group.expense.note,group.expense.submit,group.expense.split.exact,Custom Expense,MAESTRO-APK-GROUP-CUSTOM_LIVING-3476 | Custom Expense | 24418.54,JOINED,Ledger Quick_Add is expense category; Split_Method drives group.expense.split.*
3479,MTR-APK-3479,Group,Shared Living,Custom Living,Custom Contribution,Contribution,2026-06-18,13:45:23,2026-06-18 13:45:23,11287.23,INR,11287.23,APK Aarav,3,SHARES,MAESTRO-APK-GROUP-CUSTOM_LIVING-3479 | Custom Contribution | 11287.23,Android,B70,STRESS_3001_3500,CREATED,idem-20260902-apk-3479,android,G12,COMMUNITY_LIVING,Contribute,G12:Contribute,,qa.tile.contribute,group.contribute.amount,group.contribute.note,group.contribute.submit,group.expense.split.shares,Custom Contribution,MAESTRO-APK-GROUP-CUSTOM_LIVING-3479 | Custom Contribution | 11287.23,SKIP_CAPABILITY_GAP,Custom Living hub has no Contribution tile (same as Family Household)
3482,MTR-APK-3482,Group,Shared Experience,Trip,Travel,Expense,2025-10-20,10:31:34,2025-10-20 10:31:34,14039.18,INR,-14039.18,APK Meera,3,EQUAL,MAESTRO-APK-GROUP-TRIP-3482 | Travel | 14039.18,Android,B70,STRESS_3001_3500,CREATED,idem-20260902-apk-3482,android,G01,TRIP,Expense,G01:Expense,ACTIVE,qa.tile.expense,group.expense.amount,group.expense.note,group.expense.submit,group.expense.split.equal,Travel,MAESTRO-APK-GROUP-TRIP-3482 | Travel | 14039.18,JOINED,Ledger Quick_Add is expense category; Split_Method drives group.expense.split.*
3485,MTR-APK-3485,Group,Shared Experience,Trip,Stay,Expense,2026-08-24,15:07:13,2026-08-24 15:07:13,28049.77,INR,-28049.77,APK Owner,3,PERCENTAGE,MAESTRO-APK-GROUP-TRIP-3485 | Stay | 28049.77,Android,B70,STRESS_3001_3500,CREATED,idem-20260902-apk-3485,android,G01,TRIP,Expense,G01:Expense,ACTIVE,qa.tile.expense,group.expense.amount,group.expense.note,group.expense.submit,group.expense.split.percentage,Stay,MAESTRO-APK-GROUP-TRIP-3485 | Stay | 28049.77,JOINED,Ledger Quick_Add is expense category; Split_Method drives group.expense.split.*
3488,MTR-APK-3488,Group,Shared Experience,Trip,Food,Expense,2026-04-26,23:15:06,2026-04-26 23:15:06,16027.09,INR,-16027.09,APK Aarav,3,EXACT,MAESTRO-APK-GROUP-TRIP-3488 | Food | 16027.09,Android,B70,STRESS_3001_3500,CREATED,idem-20260902-apk-3488,android,G01,TRIP,Expense,G01:Expense,ACTIVE,qa.tile.expense,group.expense.amount,group.expense.note,group.expense.submit,group.expense.split.exact,Food,MAESTRO-APK-GROUP-TRIP-3488 | Food | 16027.09,JOINED,Ledger Quick_Add is expense category; Split_Method drives group.expense.split.*
3491,MTR-APK-3491,Group,Shared Experience,Trip,Local Transport,Expense,2026-08-24,19:41:20,2026-08-24 19:41:20,28138.73,INR,-28138.73,APK Meera,3,SHARES,MAESTRO-APK-GROUP-TRIP-3491 | Local Transport | 28138.73,Android,B70,STRESS_3001_3500,CREATED,idem-20260902-apk-3491,android,G01,TRIP,Expense,G01:Expense,ACTIVE,qa.tile.expense,group.expense.amount,group.expense.note,group.expense.submit,group.expense.split.shares,Local Transport,MAESTRO-APK-GROUP-TRIP-3491 | Local Transport | 28138.73,JOINED,Ledger Quick_Add is expense category; Split_Method drives group.expense.split.*
3494,MTR-APK-3494,Group,Shared Experience,Trip,Activities,Expense,2025-10-10,18:05:08,2025-10-10 18:05:08,8976.52,INR,-8976.52,APK Owner,3,EQUAL,MAESTRO-APK-GROUP-TRIP-3494 | Activities | 8976.52,Android,B70,STRESS_3001_3500,CREATED,idem-20260902-apk-3494,android,G01,TRIP,Expense,G01:Expense,ACTIVE,qa.tile.expense,group.expense.amount,group.expense.note,group.expense.submit,group.expense.split.equal,Activities,MAESTRO-APK-GROUP-TRIP-3494 | Activities | 8976.52,JOINED,Ledger Quick_Add is expense category; Split_Method drives group.expense.split.*
3497,MTR-APK-3497,Group,Shared Experience,Trip,Shopping,Expense,2026-02-08,13:21:17,2026-02-08 13:21:17,16236.52,INR,-16236.52,APK Aarav,3,PERCENTAGE,MAESTRO-APK-GROUP-TRIP-3497 | Shopping | 16236.52,Android,B70,STRESS_3001_3500,CREATED,idem-20260902-apk-3497,android,G01,TRIP,Expense,G01:Expense,ACTIVE,qa.tile.expense,group.expense.amount,group.expense.note,group.expense.submit,group.expense.split.percentage,Shopping,MAESTRO-APK-GROUP-TRIP-3497 | Shopping | 16236.52,JOINED,Ledger Quick_Add is expense category; Split_Method drives group.expense.split.*
3500,MTR-APK-3500,Group,Shared Experience,Trip,Other,Expense,2025-11-24,08:31:49,2025-11-24 08:31:49,27747.83,INR,-27747.83,APK Meera,3,EXACT,MAESTRO-APK-GROUP-TRIP-3500 | Other | 27747.83,Android,B70,STRESS_3001_3500,CREATED,idem-20260902-apk-3500,android,G01,TRIP,Expense,G01:Expense,ACTIVE,qa.tile.expense,group.expense.amount,group.expense.note,group.expense.submit,group.expense.split.exact,Other,MAESTRO-APK-GROUP-TRIP-3500 | Other | 27747.83,JOINED,Ledger Quick_Add is expense category; Split_Method drives group.expense.split.*
