Sequence,Txn_ID,Mode,Family,Moment,Quick_Add,Semantic_Type,Txn_Date,Txn_Time,Timestamp,Amount,Currency,Expected_Signed_Amount,Paid_By,Participant_Count,Split_Method,Description,Device_Target,Run_Batch,Backend_Load_Band,Expected_Status,Idempotency_Key
1,MTR-APK-0001,Personal,Personal,Life Operations,Groceries,Expense,2026-07-10,13:10:57,2026-07-10 13:10:57,16337.79,INR,-16337.79,APK Owner,,,MAESTRO-APK-PERSONAL-LIFE_OPERATIONS-0001 | Groceries | 16337.79,Android,B01,BASELINE_1_500,CREATED,idem-20260902-apk-0001
2,MTR-APK-0002,Group,Shared Experience,Trip,Travel,Expense,2026-06-16,03:13:25,2026-06-16 03:13:25,24638.31,INR,-24638.31,APK Owner,3,EQUAL,MAESTRO-APK-GROUP-TRIP-0002 | Travel | 24638.31,Android,B01,BASELINE_1_500,CREATED,idem-20260902-apk-0002
3,MTR-APK-0003,Business,Business,Team Operations,Payroll,Expense,2026-02-28,00:36:32,2026-02-28 00:36:32,150101.63,INR,-150101.63,APK Owner,,,MAESTRO-APK-BUSINESS-TEAM_OPERATIONS-0003 | Payroll | 150101.63,Android,B01,BASELINE_1_500,CREATED,idem-20260902-apk-0003
4,MTR-APK-0004,Personal,Personal,Life Operations,Rent,Expense,2026-04-18,17:12:44,2026-04-18 17:12:44,12411.67,INR,-12411.67,APK Owner,,,MAESTRO-APK-PERSONAL-LIFE_OPERATIONS-0004 | Rent | 12411.67,Android,B01,BASELINE_1_500,CREATED,idem-20260902-apk-0004
5,MTR-APK-0005,Group,Shared Experience,Trip,Stay,Expense,2026-04-21,11:22:22,2026-04-21 11:22:22,13742.5,INR,-13742.5,APK Aarav,3,PERCENTAGE,MAESTRO-APK-GROUP-TRIP-0005 | Stay | 13742.50,Android,B01,BASELINE_1_500,CREATED,idem-20260902-apk-0005
6,MTR-APK-0006,Business,Business,Team Operations,Contractor,Expense,2025-12-11,17:06:03,2025-12-11 17:06:03,179977.7,INR,-179977.7,APK Owner,,,MAESTRO-APK-BUSINESS-TEAM_OPERATIONS-0006 | Contractor | 179977.70,Android,B01,BASELINE_1_500,CREATED,idem-20260902-apk-0006
7,MTR-APK-0007,Personal,Personal,Life Operations,Bills,Expense,2026-08-28,21:09:06,2026-08-28 21:09:06,12642.87,INR,-12642.87,APK Owner,,,MAESTRO-APK-PERSONAL-LIFE_OPERATIONS-0007 | Bills | 12642.87,Android,B01,BASELINE_1_500,CREATED,idem-20260902-apk-0007
8,MTR-APK-0008,Group,Shared Experience,Trip,Food,Expense,2025-10-25,02:21:40,2025-10-25 02:21:40,5194.86,INR,-5194.86,APK Meera,3,EXACT,MAESTRO-APK-GROUP-TRIP-0008 | Food | 5194.86,Android,B01,BASELINE_1_500,CREATED,idem-20260902-apk-0008
9,MTR-APK-0009,Business,Business,Team Operations,Hiring,Expense,2025-12-10,13:41:38,2025-12-10 13:41:38,6140.41,INR,-6140.41,APK Owner,,,MAESTRO-APK-BUSINESS-TEAM_OPERATIONS-0009 | Hiring | 6140.41,Android,B01,BASELINE_1_500,CREATED,idem-20260902-apk-0009
10,MTR-APK-0010,Personal,Personal,Life Operations,Transport,Expense,2026-03-13,17:19:18,2026-03-13 17:19:18,6869.11,INR,-6869.11,APK Owner,,,MAESTRO-APK-PERSONAL-LIFE_OPERATIONS-0010 | Transport | 6869.11,Android,B01,BASELINE_1_500,CREATED,idem-20260902-apk-0010
11,MTR-APK-0011,Group,Shared Experience,Trip,Local Transport,Expense,2026-08-08,08:11:52,2026-08-08 08:11:52,19092.57,INR,-19092.57,APK Owner,3,SHARES,MAESTRO-APK-GROUP-TRIP-0011 | Local Transport | 19092.57,Android,B01,BASELINE_1_500,CREATED,idem-20260902-apk-0011
12,MTR-APK-0012,Business,Business,Team Operations,Team Meal,Expense,2026-02-07,08:47:46,2026-02-07 08:47:46,57087.93,INR,-57087.93,APK Owner,,,MAESTRO-APK-BUSINESS-TEAM_OPERATIONS-0012 | Team Meal | 57087.93,Android,B01,BASELINE_1_500,CREATED,idem-20260902-apk-0012
13,MTR-APK-0013,Personal,Personal,Life Operations,Healthcare,Expense,2026-04-04,03:40:19,2026-04-04 03:40:19,6325.64,INR,-6325.64,APK Owner,,,MAESTRO-APK-PERSONAL-LIFE_OPERATIONS-0013 | Healthcare | 6325.64,Android,B01,BASELINE_1_500,CREATED,idem-20260902-apk-0013
14,MTR-APK-0014,Group,Shared Experience,Trip,Activities,Expense,2025-09-17,17:58:04,2025-09-17 17:58:04,10894.14,INR,-10894.14,APK Aarav,3,EQUAL,MAESTRO-APK-GROUP-TRIP-0014 | Activities | 10894.14,Android,B01,BASELINE_1_500,CREATED,idem-20260902-apk-0014
15,MTR-APK-0015,Business,Business,Team Operations,Travel,Expense,2026-06-22,05:54:54,2026-06-22 05:54:54,31854.41,INR,-31854.41,APK Owner,,,MAESTRO-APK-BUSINESS-TEAM_OPERATIONS-0015 | Travel | 31854.41,Android,B01,BASELINE_1_500,CREATED,idem-20260902-apk-0015
16,MTR-APK-0016,Personal,Personal,Life Operations,Subscriptions,Expense,2026-03-21,10:49:28,2026-03-21 10:49:28,12497.6,INR,-12497.6,APK Owner,,,MAESTRO-APK-PERSONAL-LIFE_OPERATIONS-0016 | Subscriptions | 12497.60,Android,B01,BASELINE_1_500,CREATED,idem-20260902-apk-0016
17,MTR-APK-0017,Group,Shared Experience,Trip,Shopping,Expense,2025-12-18,06:34:31,2025-12-18 06:34:31,20495.39,INR,-20495.39,APK Meera,3,PERCENTAGE,MAESTRO-APK-GROUP-TRIP-0017 | Shopping | 20495.39,Android,B01,BASELINE_1_500,CREATED,idem-20260902-apk-0017
18,MTR-APK-0018,Business,Business,Team Operations,Training,Expense,2025-09-20,14:39:54,2025-09-20 14:39:54,160903.22,INR,-160903.22,APK Owner,,,MAESTRO-APK-BUSINESS-TEAM_OPERATIONS-0018 | Training | 160903.22,Android,B01,BASELINE_1_500,CREATED,idem-20260902-apk-0018
19,MTR-APK-0019,Personal,Personal,Life Operations,Repairs,Expense,2025-11-23,22:11:09,2025-11-23 22:11:09,4331.15,INR,-4331.15,APK Owner,,,MAESTRO-APK-PERSONAL-LIFE_OPERATIONS-0019 | Repairs | 4331.15,Android,B01,BASELINE_1_500,CREATED,idem-20260902-apk-0019
20,MTR-APK-0020,Group,Shared Experience,Trip,Other,Expense,2026-06-20,19:09:01,2026-06-20 19:09:01,6176.0,INR,-6176.0,APK Owner,3,EXACT,MAESTRO-APK-GROUP-TRIP-0020 | Other | 6176.00,Android,B01,BASELINE_1_500,CREATED,idem-20260902-apk-0020
21,MTR-APK-0021,Business,Business,Team Operations,Tools,Expense,2026-01-08,20:54:57,2026-01-08 20:54:57,102478.06,INR,-102478.06,APK Owner,,,MAESTRO-APK-BUSINESS-TEAM_OPERATIONS-0021 | Tools | 102478.06,Android,B01,BASELINE_1_500,CREATED,idem-20260902-apk-0021
22,MTR-APK-0022,Personal,Personal,Future Building,Savings,Transfer,2025-11-26,05:57:32,2025-11-26 05:57:32,13050.07,INR,0.0,APK Owner,,,MAESTRO-APK-PERSONAL-FUTURE_BUILDING-0022 | Savings | 13050.07,Android,B01,BASELINE_1_500,CREATED,idem-20260902-apk-0022
23,MTR-APK-0023,Group,Shared Experience,Wedding,Venue,Expense,2026-01-26,16:24:14,2026-01-26 16:24:14,5009.34,INR,-5009.34,APK Aarav,3,SHARES,MAESTRO-APK-GROUP-WEDDING-0023 | Venue | 5009.34,Android,B01,BASELINE_1_500,CREATED,idem-20260902-apk-0023
24,MTR-APK-0024,Business,Business,Business Runway,Funding,Income,2025-11-06,15:46:33,2025-11-06 15:46:33,23613.48,INR,23613.48,APK Owner,,,MAESTRO-APK-BUSINESS-BUSINESS_RUNWAY-0024 | Funding | 23613.48,Android,B01,BASELINE_1_500,CREATED,idem-20260902-apk-0024
25,MTR-APK-0025,Personal,Personal,Future Building,Emergency Fund,Transfer,2026-08-01,08:02:16,2026-08-01 08:02:16,1624.6,INR,0.0,APK Owner,,,MAESTRO-APK-PERSONAL-FUTURE_BUILDING-0025 | Emergency Fund | 1624.60,Android,B01,BASELINE_1_500,CREATED,idem-20260902-apk-0025
26,MTR-APK-0026,Group,Shared Experience,Wedding,Catering,Expense,2025-10-06,09:51:58,2025-10-06 09:51:58,9013.12,INR,-9013.12,APK Meera,3,EQUAL,MAESTRO-APK-GROUP-WEDDING-0026 | Catering | 9013.12,Android,B01,BASELINE_1_500,CREATED,idem-20260902-apk-0026
27,MTR-APK-0027,Business,Business,Business Runway,Revenue,Income,2026-05-25,13:21:34,2026-05-25 13:21:34,109992.93,INR,109992.93,APK Owner,,,MAESTRO-APK-BUSINESS-BUSINESS_RUNWAY-0027 | Revenue | 109992.93,Android,B01,BASELINE_1_500,CREATED,idem-20260902-apk-0027
28,MTR-APK-0028,Personal,Personal,Future Building,Investments,Investment,2026-05-17,16:50:35,2026-05-17 16:50:35,11208.9,INR,0.0,APK Owner,,,MAESTRO-APK-PERSONAL-FUTURE_BUILDING-0028 | Investments | 11208.90,Android,B01,BASELINE_1_500,CREATED,idem-20260902-apk-0028
29,MTR-APK-0029,Group,Shared Experience,Wedding,Decor,Expense,2026-02-08,17:00:05,2026-02-08 17:00:05,29739.05,INR,-29739.05,APK Owner,3,PERCENTAGE,MAESTRO-APK-GROUP-WEDDING-0029 | Decor | 29739.05,Android,B01,BASELINE_1_500,CREATED,idem-20260902-apk-0029
30,MTR-APK-0030,Business,Business,Business Runway,Burn,Expense,2026-07-12,00:27:21,2026-07-12 00:27:21,140589.77,INR,-140589.77,APK Owner,,,MAESTRO-APK-BUSINESS-BUSINESS_RUNWAY-0030 | Burn | 140589.77,Android,B01,BASELINE_1_500,CREATED,idem-20260902-apk-0030
31,MTR-APK-0031,Personal,Personal,Future Building,Education,Expense,2025-09-01,20:51:38,2025-09-01 20:51:38,4377.59,INR,-4377.59,APK Owner,,,MAESTRO-APK-PERSONAL-FUTURE_BUILDING-0031 | Education | 4377.59,Android,B01,BASELINE_1_500,CREATED,idem-20260902-apk-0031
32,MTR-APK-0032,Group,Shared Experience,Wedding,Travel,Expense,2026-05-07,14:25:02,2026-05-07 14:25:02,17383.47,INR,-17383.47,APK Aarav,3,EXACT,MAESTRO-APK-GROUP-WEDDING-0032 | Travel | 17383.47,Android,B01,BASELINE_1_500,CREATED,idem-20260902-apk-0032
33,MTR-APK-0033,Business,Business,Business Runway,Reserve,Transfer,2026-08-22,00:20:13,2026-08-22 00:20:13,74089.67,INR,0.0,APK Owner,,,MAESTRO-APK-BUSINESS-BUSINESS_RUNWAY-0033 | Reserve | 74089.67,Android,B01,BASELINE_1_500,CREATED,idem-20260902-apk-0033
34,MTR-APK-0034,Personal,Personal,Future Building,Goal Contribution,Transfer,2026-02-16,18:28:10,2026-02-16 18:28:10,15043.4,INR,0.0,APK Owner,,,MAESTRO-APK-PERSONAL-FUTURE_BUILDING-0034 | Goal Contribution | 15043.40,Android,B01,BASELINE_1_500,CREATED,idem-20260902-apk-0034
35,MTR-APK-0035,Group,Shared Experience,Wedding,Gifts,Expense,2025-11-03,12:53:45,2025-11-03 12:53:45,11051.76,INR,-11051.76,APK Meera,3,SHARES,MAESTRO-APK-GROUP-WEDDING-0035 | Gifts | 11051.76,Android,B01,BASELINE_1_500,CREATED,idem-20260902-apk-0035
36,MTR-APK-0036,Business,Business,Business Runway,Loan,Income,2025-11-02,18:03:39,2025-11-02 18:03:39,127583.08,INR,127583.08,APK Owner,,,MAESTRO-APK-BUSINESS-BUSINESS_RUNWAY-0036 | Loan | 127583.08,Android,B01,BASELINE_1_500,CREATED,idem-20260902-apk-0036
37,MTR-APK-0037,Personal,Personal,Lifestyle,Dining,Expense,2025-12-12,15:37:13,2025-12-12 15:37:13,1.0,INR,-1.0,APK Owner,,,MAESTRO-APK-PERSONAL-LIFESTYLE-0037 | Dining | 1.00,Android,B01,BASELINE_1_500,CREATED,idem-20260902-apk-0037
38,MTR-APK-0038,Group,Shared Experience,Wedding,Photography,Expense,2026-05-27,04:31:44,2026-05-27 04:31:44,2512.06,INR,-2512.06,APK Owner,3,EQUAL,MAESTRO-APK-GROUP-WEDDING-0038 | Photography | 2512.06,Android,B01,BASELINE_1_500,CREATED,idem-20260902-apk-0038
39,MTR-APK-0039,Business,Business,Business Runway,Investment,Income,2026-01-07,00:33:30,2026-01-07 00:33:30,173716.92,INR,173716.92,APK Owner,,,MAESTRO-APK-BUSINESS-BUSINESS_RUNWAY-0039 | Investment | 173716.92,Android,B01,BASELINE_1_500,CREATED,idem-20260902-apk-0039
40,MTR-APK-0040,Personal,Personal,Lifestyle,Shopping,Expense,2026-05-18,11:59:38,2026-05-18 11:59:38,11815.79,INR,-11815.79,APK Owner,,,MAESTRO-APK-PERSONAL-LIFESTYLE-0040 | Shopping | 11815.79,Android,B01,BASELINE_1_500,CREATED,idem-20260902-apk-0040
41,MTR-APK-0041,Group,Shared Experience,Wedding,Other,Expense,2025-12-09,11:54:56,2025-12-09 11:54:56,24454.65,INR,-24454.65,APK Aarav,3,PERCENTAGE,MAESTRO-APK-GROUP-WEDDING-0041 | Other | 24454.65,Android,B01,BASELINE_1_500,CREATED,idem-20260902-apk-0041
42,MTR-APK-0042,Business,Business,Business Operations,Software,Expense,2026-07-31,20:59:50,2026-07-31 20:59:50,94837.63,INR,-94837.63,APK Owner,,,MAESTRO-APK-BUSINESS-BUSINESS_OPERATIONS-0042 | Software | 94837.63,Android,B01,BASELINE_1_500,CREATED,idem-20260902-apk-0042
43,MTR-APK-0043,Personal,Personal,Lifestyle,Entertainment,Expense,2026-05-03,17:13:45,2026-05-03 17:13:45,7994.28,INR,-7994.28,APK Owner,,,MAESTRO-APK-PERSONAL-LIFESTYLE-0043 | Entertainment | 7994.28,Android,B01,BASELINE_1_500,CREATED,idem-20260902-apk-0043
44,MTR-APK-0044,Group,Shared Experience,Office Outing,Food,Expense,2026-06-20,04:38:35,2026-06-20 04:38:35,14815.69,INR,-14815.69,APK Meera,3,EXACT,MAESTRO-APK-GROUP-OFFICE_OUTING-0044 | Food | 14815.69,Android,B01,BASELINE_1_500,CREATED,idem-20260902-apk-0044
45,MTR-APK-0045,Business,Business,Business Operations,Rent,Expense,2026-04-19,14:18:48,2026-04-19 14:18:48,5270.11,INR,-5270.11,APK Owner,,,MAESTRO-APK-BUSINESS-BUSINESS_OPERATIONS-0045 | Rent | 5270.11,Android,B01,BASELINE_1_500,CREATED,idem-20260902-apk-0045
46,MTR-APK-0046,Personal,Personal,Lifestyle,Travel,Expense,2026-08-29,11:21:48,2026-08-29 11:21:48,7775.49,INR,-7775.49,APK Owner,,,MAESTRO-APK-PERSONAL-LIFESTYLE-0046 | Travel | 7775.49,Android,B01,BASELINE_1_500,CREATED,idem-20260902-apk-0046
47,MTR-APK-0047,Group,Shared Experience,Office Outing,Travel,Expense,2025-11-05,13:23:38,2025-11-05 13:23:38,11627.17,INR,-11627.17,APK Owner,3,SHARES,MAESTRO-APK-GROUP-OFFICE_OUTING-0047 | Travel | 11627.17,Android,B01,BASELINE_1_500,CREATED,idem-20260902-apk-0047
48,MTR-APK-0048,Business,Business,Business Operations,Marketing,Expense,2026-01-20,04:43:33,2026-01-20 04:43:33,2624.6,INR,-2624.6,APK Owner,,,MAESTRO-APK-BUSINESS-BUSINESS_OPERATIONS-0048 | Marketing | 2624.60,Android,B01,BASELINE_1_500,CREATED,idem-20260902-apk-0048
49,MTR-APK-0049,Personal,Personal,Lifestyle,Fitness,Expense,2026-03-02,02:43:25,2026-03-02 02:43:25,5113.0,INR,-5113.0,APK Owner,,,MAESTRO-APK-PERSONAL-LIFESTYLE-0049 | Fitness | 5113.00,Android,B01,BASELINE_1_500,CREATED,idem-20260902-apk-0049
50,MTR-APK-0050,Group,Shared Experience,Office Outing,Activities,Expense,2026-06-04,20:06:57,2026-06-04 20:06:57,6311.85,INR,-6311.85,APK Aarav,3,EQUAL,MAESTRO-APK-GROUP-OFFICE_OUTING-0050 | Activities | 6311.85,Android,B01,BASELINE_1_500,CREATED,idem-20260902-apk-0050
51,MTR-APK-0051,Business,Business,Business Operations,Legal,Expense,2026-08-22,20:48:43,2026-08-22 20:48:43,107443.48,INR,-107443.48,APK Owner,,,MAESTRO-APK-BUSINESS-BUSINESS_OPERATIONS-0051 | Legal | 107443.48,Android,B02,BASELINE_1_500,CREATED,idem-20260902-apk-0051
52,MTR-APK-0052,Personal,Personal,Lifestyle,Hobbies,Expense,2025-10-15,16:58:28,2025-10-15 16:58:28,7665.21,INR,-7665.21,APK Owner,,,MAESTRO-APK-PERSONAL-LIFESTYLE-0052 | Hobbies | 7665.21,Android,B02,BASELINE_1_500,CREATED,idem-20260902-apk-0052
53,MTR-APK-0053,Group,Shared Experience,Office Outing,Venue,Expense,2025-09-26,11:34:01,2025-09-26 11:34:01,11630.08,INR,-11630.08,APK Meera,3,PERCENTAGE,MAESTRO-APK-GROUP-OFFICE_OUTING-0053 | Venue | 11630.08,Android,B02,BASELINE_1_500,CREATED,idem-20260902-apk-0053
54,MTR-APK-0054,Business,Business,Business Operations,Accounting,Expense,2025-12-22,02:58:38,2025-12-22 02:58:38,110391.35,INR,-110391.35,APK Owner,,,MAESTRO-APK-BUSINESS-BUSINESS_OPERATIONS-0054 | Accounting | 110391.35,Android,B02,BASELINE_1_500,CREATED,idem-20260902-apk-0054
55,MTR-APK-0055,Personal,Personal,Relationships,Gifts,Expense,2026-04-24,08:21:19,2026-04-24 08:21:19,15569.83,INR,-15569.83,APK Owner,,,MAESTRO-APK-PERSONAL-RELATIONSHIPS-0055 | Gifts | 15569.83,Android,B02,BASELINE_1_500,CREATED,idem-20260902-apk-0055
56,MTR-APK-0056,Group,Shared Experience,Office Outing,Other,Expense,2026-06-16,13:55:36,2026-06-16 13:55:36,22985.03,INR,-22985.03,APK Owner,3,EXACT,MAESTRO-APK-GROUP-OFFICE_OUTING-0056 | Other | 22985.03,Android,B02,BASELINE_1_500,CREATED,idem-20260902-apk-0056
57,MTR-APK-0057,Business,Business,Business Operations,Equipment,Expense,2026-01-13,17:57:32,2026-01-13 17:57:32,109239.85,INR,-109239.85,APK Owner,,,MAESTRO-APK-BUSINESS-BUSINESS_OPERATIONS-0057 | Equipment | 109239.85,Android,B02,BASELINE_1_500,CREATED,idem-20260902-apk-0057
58,MTR-APK-0058,Personal,Personal,Relationships,Dates,Expense,2026-08-06,13:20:58,2026-08-06 13:20:58,6870.56,INR,-6870.56,APK Owner,,,MAESTRO-APK-PERSONAL-RELATIONSHIPS-0058 | Dates | 6870.56,Android,B02,BASELINE_1_500,CREATED,idem-20260902-apk-0058
59,MTR-APK-0059,Group,Shared Experience,House Party,Food,Expense,2026-07-04,00:12:17,2026-07-04 00:12:17,12820.18,INR,-12820.18,APK Aarav,3,SHARES,MAESTRO-APK-GROUP-HOUSE_PARTY-0059 | Food | 12820.18,Android,B02,BASELINE_1_500,CREATED,idem-20260902-apk-0059
60,MTR-APK-0060,Business,Business,Business Operations,Vendor,Expense,2026-03-28,17:15:52,2026-03-28 17:15:52,131027.34,INR,-131027.34,APK Owner,,,MAESTRO-APK-BUSINESS-BUSINESS_OPERATIONS-0060 | Vendor | 131027.34,Android,B02,BASELINE_1_500,CREATED,idem-20260902-apk-0060
61,MTR-APK-0061,Personal,Personal,Relationships,Family,Expense,2025-11-18,01:41:56,2025-11-18 01:41:56,18879.6,INR,-18879.6,APK Owner,,,MAESTRO-APK-PERSONAL-RELATIONSHIPS-0061 | Family | 18879.60,Android,B02,BASELINE_1_500,CREATED,idem-20260902-apk-0061
62,MTR-APK-0062,Group,Shared Experience,House Party,Drinks,Expense,2026-01-02,05:45:12,2026-01-02 05:45:12,4283.14,INR,-4283.14,APK Meera,3,EQUAL,MAESTRO-APK-GROUP-HOUSE_PARTY-0062 | Drinks | 4283.14,Android,B02,BASELINE_1_500,CREATED,idem-20260902-apk-0062
63,MTR-APK-0063,Business,Business,Business Operations,Tax,Expense,2026-04-27,07:47:25,2026-04-27 07:47:25,95718.07,INR,-95718.07,APK Owner,,,MAESTRO-APK-BUSINESS-BUSINESS_OPERATIONS-0063 | Tax | 95718.07,Android,B02,BASELINE_1_500,CREATED,idem-20260902-apk-0063
64,MTR-APK-0064,Personal,Personal,Relationships,Friends,Expense,2025-10-05,14:26:43,2025-10-05 14:26:43,9170.48,INR,-9170.48,APK Owner,,,MAESTRO-APK-PERSONAL-RELATIONSHIPS-0064 | Friends | 9170.48,Android,B02,BASELINE_1_500,CREATED,idem-20260902-apk-0064
65,MTR-APK-0065,Group,Shared Experience,House Party,Decor,Expense,2026-03-19,07:18:10,2026-03-19 07:18:10,29301.22,INR,-29301.22,APK Owner,3,PERCENTAGE,MAESTRO-APK-GROUP-HOUSE_PARTY-0065 | Decor | 29301.22,Android,B02,BASELINE_1_500,CREATED,idem-20260902-apk-0065
66,MTR-APK-0066,Business,Business,Team Operations,Payroll,Expense,2025-10-31,18:45:19,2025-10-31 18:45:19,23122.72,INR,-23122.72,APK Owner,,,MAESTRO-APK-BUSINESS-TEAM_OPERATIONS-0066 | Payroll | 23122.72,Android,B02,BASELINE_1_500,CREATED,idem-20260902-apk-0066
67,MTR-APK-0067,Personal,Personal,Relationships,Celebrations,Expense,2026-04-05,02:10:13,2026-04-05 02:10:13,16346.55,INR,-16346.55,APK Owner,,,MAESTRO-APK-PERSONAL-RELATIONSHIPS-0067 | Celebrations | 16346.55,Android,B02,BASELINE_1_500,CREATED,idem-20260902-apk-0067
68,MTR-APK-0068,Group,Shared Experience,House Party,Supplies,Expense,2025-09-07,18:52:07,2025-09-07 18:52:07,28184.27,INR,-28184.27,APK Aarav,3,EXACT,MAESTRO-APK-GROUP-HOUSE_PARTY-0068 | Supplies | 28184.27,Android,B02,BASELINE_1_500,CREATED,idem-20260902-apk-0068
69,MTR-APK-0069,Business,Business,Team Operations,Contractor,Expense,2026-05-13,17:27:47,2026-05-13 17:27:47,120446.8,INR,-120446.8,APK Owner,,,MAESTRO-APK-BUSINESS-TEAM_OPERATIONS-0069 | Contractor | 120446.80,Android,B02,BASELINE_1_500,CREATED,idem-20260902-apk-0069
70,MTR-APK-0070,Personal,Personal,Life Operations,Groceries,Expense,2025-09-24,05:11:22,2025-09-24 05:11:22,10067.64,INR,-10067.64,APK Owner,,,MAESTRO-APK-PERSONAL-LIFE_OPERATIONS-0070 | Groceries | 10067.64,Android,B02,BASELINE_1_500,CREATED,idem-20260902-apk-0070
71,MTR-APK-0071,Group,Shared Experience,House Party,Other,Expense,2026-01-23,14:50:12,2026-01-23 14:50:12,20798.48,INR,-20798.48,APK Meera,3,SHARES,MAESTRO-APK-GROUP-HOUSE_PARTY-0071 | Other | 20798.48,Android,B02,BASELINE_1_500,CREATED,idem-20260902-apk-0071
72,MTR-APK-0072,Business,Business,Team Operations,Hiring,Expense,2026-07-13,01:10:33,2026-07-13 01:10:33,67719.91,INR,-67719.91,APK Owner,,,MAESTRO-APK-BUSINESS-TEAM_OPERATIONS-0072 | Hiring | 67719.91,Android,B02,BASELINE_1_500,CREATED,idem-20260902-apk-0072
73,MTR-APK-0073,Personal,Personal,Life Operations,Rent,Expense,2025-11-15,18:17:10,2025-11-15 18:17:10,5337.02,INR,-5337.02,APK Owner,,,MAESTRO-APK-PERSONAL-LIFE_OPERATIONS-0073 | Rent | 5337.02,Android,B02,BASELINE_1_500,CREATED,idem-20260902-apk-0073
74,MTR-APK-0074,Group,Shared Purchase,Gift Pool,Contribution,Contribution,2026-02-12,14:57:31,2026-02-12 14:57:31,99.99,INR,99.99,APK Owner,3,EQUAL,MAESTRO-APK-GROUP-GIFT_POOL-0074 | Contribution | 99.99,Android,B02,BASELINE_1_500,CREATED,idem-20260902-apk-0074
75,MTR-APK-0075,Business,Business,Team Operations,Team Meal,Expense,2026-02-28,18:14:55,2026-02-28 18:14:55,65179.98,INR,-65179.98,APK Owner,,,MAESTRO-APK-BUSINESS-TEAM_OPERATIONS-0075 | Team Meal | 65179.98,Android,B02,BASELINE_1_500,CREATED,idem-20260902-apk-0075
76,MTR-APK-0076,Personal,Personal,Life Operations,Bills,Expense,2026-05-18,21:24:04,2026-05-18 21:24:04,4157.82,INR,-4157.82,APK Owner,,,MAESTRO-APK-PERSONAL-LIFE_OPERATIONS-0076 | Bills | 4157.82,Android,B02,BASELINE_1_500,CREATED,idem-20260902-apk-0076
77,MTR-APK-0077,Group,Shared Purchase,Gift Pool,Gift Purchase,Expense,2025-12-09,16:37:01,2025-12-09 16:37:01,6564.16,INR,-6564.16,APK Aarav,3,PERCENTAGE,MAESTRO-APK-GROUP-GIFT_POOL-0077 | Gift Purchase | 6564.16,Android,B02,BASELINE_1_500,CREATED,idem-20260902-apk-0077
78,MTR-APK-0078,Business,Business,Team Operations,Travel,Expense,2026-02-01,08:52:19,2026-02-01 08:52:19,115262.49,INR,-115262.49,APK Owner,,,MAESTRO-APK-BUSINESS-TEAM_OPERATIONS-0078 | Travel | 115262.49,Android,B02,BASELINE_1_500,CREATED,idem-20260902-apk-0078
79,MTR-APK-0079,Personal,Personal,Life Operations,Transport,Expense,2026-04-08,18:02:20,2026-04-08 18:02:20,13324.17,INR,-13324.17,APK Owner,,,MAESTRO-APK-PERSONAL-LIFE_OPERATIONS-0079 | Transport | 13324.17,Android,B02,BASELINE_1_500,CREATED,idem-20260902-apk-0079
80,MTR-APK-0080,Group,Shared Purchase,Gift Pool,Delivery,Expense,2025-12-23,01:40:13,2025-12-23 01:40:13,14120.63,INR,-14120.63,APK Meera,3,EXACT,MAESTRO-APK-GROUP-GIFT_POOL-0080 | Delivery | 14120.63,Android,B02,BASELINE_1_500,CREATED,idem-20260902-apk-0080
81,MTR-APK-0081,Business,Business,Team Operations,Training,Expense,2026-08-15,04:07:15,2026-08-15 04:07:15,32182.44,INR,-32182.44,APK Owner,,,MAESTRO-APK-BUSINESS-TEAM_OPERATIONS-0081 | Training | 32182.44,Android,B02,BASELINE_1_500,CREATED,idem-20260902-apk-0081
82,MTR-APK-0082,Personal,Personal,Life Operations,Healthcare,Expense,2026-08-10,09:13:32,2026-08-10 09:13:32,3299.5,INR,-3299.5,APK Owner,,,MAESTRO-APK-PERSONAL-LIFE_OPERATIONS-0082 | Healthcare | 3299.50,Android,B02,BASELINE_1_500,CREATED,idem-20260902-apk-0082
83,MTR-APK-0083,Group,Shared Purchase,Gift Pool,Other,Expense,2026-07-01,04:07:46,2026-07-01 04:07:46,29651.68,INR,-29651.68,APK Owner,3,SHARES,MAESTRO-APK-GROUP-GIFT_POOL-0083 | Other | 29651.68,Android,B02,BASELINE_1_500,CREATED,idem-20260902-apk-0083
84,MTR-APK-0084,Business,Business,Team Operations,Tools,Expense,2026-03-17,05:28:56,2026-03-17 05:28:56,152613.88,INR,-152613.88,APK Owner,,,MAESTRO-APK-BUSINESS-TEAM_OPERATIONS-0084 | Tools | 152613.88,Android,B02,BASELINE_1_500,CREATED,idem-20260902-apk-0084
85,MTR-APK-0085,Personal,Personal,Life Operations,Subscriptions,Expense,2025-09-25,00:16:18,2025-09-25 00:16:18,10747.65,INR,-10747.65,APK Owner,,,MAESTRO-APK-PERSONAL-LIFE_OPERATIONS-0085 | Subscriptions | 10747.65,Android,B02,BASELINE_1_500,CREATED,idem-20260902-apk-0085
86,MTR-APK-0086,Group,Shared Purchase,Purchase,Item,Expense,2026-01-07,17:15:38,2026-01-07 17:15:38,20358.43,INR,-20358.43,APK Aarav,3,EQUAL,MAESTRO-APK-GROUP-PURCHASE-0086 | Item | 20358.43,Android,B02,BASELINE_1_500,CREATED,idem-20260902-apk-0086
87,MTR-APK-0087,Business,Business,Business Runway,Funding,Income,2026-04-06,07:00:13,2026-04-06 07:00:13,158770.17,INR,158770.17,APK Owner,,,MAESTRO-APK-BUSINESS-BUSINESS_RUNWAY-0087 | Funding | 158770.17,Android,B02,BASELINE_1_500,CREATED,idem-20260902-apk-0087
88,MTR-APK-0088,Personal,Personal,Life Operations,Repairs,Expense,2026-05-28,04:02:07,2026-05-28 04:02:07,10176.89,INR,-10176.89,APK Owner,,,MAESTRO-APK-PERSONAL-LIFE_OPERATIONS-0088 | Repairs | 10176.89,Android,B02,BASELINE_1_500,CREATED,idem-20260902-apk-0088
89,MTR-APK-0089,Group,Shared Purchase,Purchase,Shipping,Expense,2025-11-21,06:49:43,2025-11-21 06:49:43,20379.21,INR,-20379.21,APK Meera,3,PERCENTAGE,MAESTRO-APK-GROUP-PURCHASE-0089 | Shipping | 20379.21,Android,B02,BASELINE_1_500,CREATED,idem-20260902-apk-0089
90,MTR-APK-0090,Business,Business,Business Runway,Revenue,Income,2026-07-02,23:20:52,2026-07-02 23:20:52,45774.39,INR,45774.39,APK Owner,,,MAESTRO-APK-BUSINESS-BUSINESS_RUNWAY-0090 | Revenue | 45774.39,Android,B02,BASELINE_1_500,CREATED,idem-20260902-apk-0090
91,MTR-APK-0091,Personal,Personal,Future Building,Savings,Transfer,2025-12-22,08:37:41,2025-12-22 08:37:41,16345.71,INR,0.0,APK Owner,,,MAESTRO-APK-PERSONAL-FUTURE_BUILDING-0091 | Savings | 16345.71,Android,B02,BASELINE_1_500,CREATED,idem-20260902-apk-0091
92,MTR-APK-0092,Group,Shared Purchase,Purchase,Tax,Expense,2025-10-29,05:48:04,2025-10-29 05:48:04,17660.08,INR,-17660.08,APK Owner,3,EXACT,MAESTRO-APK-GROUP-PURCHASE-0092 | Tax | 17660.08,Android,B02,BASELINE_1_500,CREATED,idem-20260902-apk-0092
93,MTR-APK-0093,Business,Business,Business Runway,Burn,Expense,2025-12-23,01:34:08,2025-12-23 01:34:08,140443.67,INR,-140443.67,APK Owner,,,MAESTRO-APK-BUSINESS-BUSINESS_RUNWAY-0093 | Burn | 140443.67,Android,B02,BASELINE_1_500,CREATED,idem-20260902-apk-0093
94,MTR-APK-0094,Personal,Personal,Future Building,Emergency Fund,Transfer,2026-03-04,22:45:42,2026-03-04 22:45:42,7257.29,INR,0.0,APK Owner,,,MAESTRO-APK-PERSONAL-FUTURE_BUILDING-0094 | Emergency Fund | 7257.29,Android,B02,BASELINE_1_500,CREATED,idem-20260902-apk-0094
95,MTR-APK-0095,Group,Shared Purchase,Purchase,Other,Expense,2026-06-24,10:06:45,2026-06-24 10:06:45,27931.01,INR,-27931.01,APK Aarav,3,SHARES,MAESTRO-APK-GROUP-PURCHASE-0095 | Other | 27931.01,Android,B02,BASELINE_1_500,CREATED,idem-20260902-apk-0095
96,MTR-APK-0096,Business,Business,Business Runway,Reserve,Transfer,2026-01-16,03:32:21,2026-01-16 03:32:21,17759.52,INR,0.0,APK Owner,,,MAESTRO-APK-BUSINESS-BUSINESS_RUNWAY-0096 | Reserve | 17759.52,Android,B02,BASELINE_1_500,CREATED,idem-20260902-apk-0096
97,MTR-APK-0097,Personal,Personal,Future Building,Investments,Investment,2026-02-13,10:15:23,2026-02-13 10:15:23,14044.15,INR,0.0,APK Owner,,,MAESTRO-APK-PERSONAL-FUTURE_BUILDING-0097 | Investments | 14044.15,Android,B02,BASELINE_1_500,CREATED,idem-20260902-apk-0097
98,MTR-APK-0098,Group,Shared Purchase,Assets,Purchase,Expense,2025-09-19,06:56:35,2025-09-19 06:56:35,13518.21,INR,-13518.21,APK Meera,3,EQUAL,MAESTRO-APK-GROUP-ASSETS-0098 | Purchase | 13518.21,Android,B02,BASELINE_1_500,CREATED,idem-20260902-apk-0098
99,MTR-APK-0099,Business,Business,Business Runway,Loan,Income,2026-06-19,08:25:07,2026-06-19 08:25:07,33444.89,INR,33444.89,APK Owner,,,MAESTRO-APK-BUSINESS-BUSINESS_RUNWAY-0099 | Loan | 33444.89,Android,B02,BASELINE_1_500,CREATED,idem-20260902-apk-0099
100,MTR-APK-0100,Personal,Personal,Future Building,Education,Expense,2026-05-02,13:57:10,2026-05-02 13:57:10,14094.75,INR,-14094.75,APK Owner,,,MAESTRO-APK-PERSONAL-FUTURE_BUILDING-0100 | Education | 14094.75,Android,B02,BASELINE_1_500,CREATED,idem-20260902-apk-0100
101,MTR-APK-0101,Group,Shared Purchase,Assets,Maintenance,Expense,2026-05-04,19:31:03,2026-05-04 19:31:03,15192.08,INR,-15192.08,APK Owner,3,PERCENTAGE,MAESTRO-APK-GROUP-ASSETS-0101 | Maintenance | 15192.08,Android,B03,BASELINE_1_500,CREATED,idem-20260902-apk-0101
102,MTR-APK-0102,Business,Business,Business Runway,Investment,Income,2026-07-04,08:55:03,2026-07-04 08:55:03,54834.4,INR,54834.4,APK Owner,,,MAESTRO-APK-BUSINESS-BUSINESS_RUNWAY-0102 | Investment | 54834.40,Android,B03,BASELINE_1_500,CREATED,idem-20260902-apk-0102
103,MTR-APK-0103,Personal,Personal,Future Building,Goal Contribution,Transfer,2026-01-07,10:04:18,2026-01-07 10:04:18,3029.59,INR,0.0,APK Owner,,,MAESTRO-APK-PERSONAL-FUTURE_BUILDING-0103 | Goal Contribution | 3029.59,Android,B03,BASELINE_1_500,CREATED,idem-20260902-apk-0103
104,MTR-APK-0104,Group,Shared Purchase,Assets,Repair,Expense,2025-12-14,15:00:18,2025-12-14 15:00:18,19012.96,INR,-19012.96,APK Aarav,3,EXACT,MAESTRO-APK-GROUP-ASSETS-0104 | Repair | 19012.96,Android,B03,BASELINE_1_500,CREATED,idem-20260902-apk-0104
105,MTR-APK-0105,Business,Business,Business Operations,Software,Expense,2026-02-03,11:46:48,2026-02-03 11:46:48,21375.77,INR,-21375.77,APK Owner,,,MAESTRO-APK-BUSINESS-BUSINESS_OPERATIONS-0105 | Software | 21375.77,Android,B03,BASELINE_1_500,CREATED,idem-20260902-apk-0105
106,MTR-APK-0106,Personal,Personal,Lifestyle,Dining,Expense,2026-01-31,08:32:26,2026-01-31 08:32:26,13569.65,INR,-13569.65,APK Owner,,,MAESTRO-APK-PERSONAL-LIFESTYLE-0106 | Dining | 13569.65,Android,B03,BASELINE_1_500,CREATED,idem-20260902-apk-0106
107,MTR-APK-0107,Group,Shared Purchase,Assets,Insurance,Expense,2026-05-11,13:59:25,2026-05-11 13:59:25,28997.44,INR,-28997.44,APK Meera,3,SHARES,MAESTRO-APK-GROUP-ASSETS-0107 | Insurance | 28997.44,Android,B03,BASELINE_1_500,CREATED,idem-20260902-apk-0107
108,MTR-APK-0108,Business,Business,Business Operations,Rent,Expense,2025-09-20,22:02:36,2025-09-20 22:02:36,158994.59,INR,-158994.59,APK Owner,,,MAESTRO-APK-BUSINESS-BUSINESS_OPERATIONS-0108 | Rent | 158994.59,Android,B03,BASELINE_1_500,CREATED,idem-20260902-apk-0108
109,MTR-APK-0109,Personal,Personal,Lifestyle,Shopping,Expense,2026-06-04,21:51:13,2026-06-04 21:51:13,1691.63,INR,-1691.63,APK Owner,,,MAESTRO-APK-PERSONAL-LIFESTYLE-0109 | Shopping | 1691.63,Android,B03,BASELINE_1_500,CREATED,idem-20260902-apk-0109
110,MTR-APK-0110,Group,Shared Purchase,Assets,Other,Expense,2026-01-27,00:54:16,2026-01-27 00:54:16,3304.67,INR,-3304.67,APK Owner,3,EQUAL,MAESTRO-APK-GROUP-ASSETS-0110 | Other | 3304.67,Android,B03,BASELINE_1_500,CREATED,idem-20260902-apk-0110
111,MTR-APK-0111,Business,Business,Business Operations,Marketing,Expense,2026-02-04,14:26:37,2026-02-04 14:26:37,100.0,INR,-100.0,APK Owner,,,MAESTRO-APK-BUSINESS-BUSINESS_OPERATIONS-0111 | Marketing | 100.00,Android,B03,BASELINE_1_500,CREATED,idem-20260902-apk-0111
112,MTR-APK-0112,Personal,Personal,Lifestyle,Entertainment,Expense,2026-05-01,07:35:21,2026-05-01 07:35:21,16734.55,INR,-16734.55,APK Owner,,,MAESTRO-APK-PERSONAL-LIFESTYLE-0112 | Entertainment | 16734.55,Android,B03,BASELINE_1_500,CREATED,idem-20260902-apk-0112
113,MTR-APK-0113,Group,Shared Purchase,Custom Purchase,Custom Expense,Expense,2026-06-04,14:22:34,2026-06-04 14:22:34,2937.05,INR,-2937.05,APK Aarav,3,PERCENTAGE,MAESTRO-APK-GROUP-CUSTOM_PURCHASE-0113 | Custom Expense | 2937.05,Android,B03,BASELINE_1_500,CREATED,idem-20260902-apk-0113
114,MTR-APK-0114,Business,Business,Business Operations,Legal,Expense,2025-12-06,08:07:41,2025-12-06 08:07:41,155336.59,INR,-155336.59,APK Owner,,,MAESTRO-APK-BUSINESS-BUSINESS_OPERATIONS-0114 | Legal | 155336.59,Android,B03,BASELINE_1_500,CREATED,idem-20260902-apk-0114
115,MTR-APK-0115,Personal,Personal,Lifestyle,Travel,Expense,2026-03-06,15:38:37,2026-03-06 15:38:37,8483.76,INR,-8483.76,APK Owner,,,MAESTRO-APK-PERSONAL-LIFESTYLE-0115 | Travel | 8483.76,Android,B03,BASELINE_1_500,CREATED,idem-20260902-apk-0115
116,MTR-APK-0116,Group,Shared Purchase,Custom Purchase,Custom Contribution,Contribution,2026-01-18,10:39:17,2026-01-18 10:39:17,5926.92,INR,5926.92,APK Meera,3,EXACT,MAESTRO-APK-GROUP-CUSTOM_PURCHASE-0116 | Custom Contribution | 5926.92,Android,B03,BASELINE_1_500,CREATED,idem-20260902-apk-0116
117,MTR-APK-0117,Business,Business,Business Operations,Accounting,Expense,2026-02-02,03:03:18,2026-02-02 03:03:18,42150.33,INR,-42150.33,APK Owner,,,MAESTRO-APK-BUSINESS-BUSINESS_OPERATIONS-0117 | Accounting | 42150.33,Android,B03,BASELINE_1_500,CREATED,idem-20260902-apk-0117
118,MTR-APK-0118,Personal,Personal,Lifestyle,Fitness,Expense,2026-01-28,08:34:32,2026-01-28 08:34:32,15253.93,INR,-15253.93,APK Owner,,,MAESTRO-APK-PERSONAL-LIFESTYLE-0118 | Fitness | 15253.93,Android,B03,BASELINE_1_500,CREATED,idem-20260902-apk-0118
119,MTR-APK-0119,Group,Shared Living,Flatmates,Rent,Expense,2026-02-02,21:51:06,2026-02-02 21:51:06,11479.39,INR,-11479.39,APK Owner,3,SHARES,MAESTRO-APK-GROUP-FLATMATES-0119 | Rent | 11479.39,Android,B03,BASELINE_1_500,CREATED,idem-20260902-apk-0119
120,MTR-APK-0120,Business,Business,Business Operations,Equipment,Expense,2025-11-13,11:28:31,2025-11-13 11:28:31,126732.22,INR,-126732.22,APK Owner,,,MAESTRO-APK-BUSINESS-BUSINESS_OPERATIONS-0120 | Equipment | 126732.22,Android,B03,BASELINE_1_500,CREATED,idem-20260902-apk-0120
121,MTR-APK-0121,Personal,Personal,Lifestyle,Hobbies,Expense,2025-11-04,00:08:46,2025-11-04 00:08:46,11750.7,INR,-11750.7,APK Owner,,,MAESTRO-APK-PERSONAL-LIFESTYLE-0121 | Hobbies | 11750.70,Android,B03,BASELINE_1_500,CREATED,idem-20260902-apk-0121
122,MTR-APK-0122,Group,Shared Living,Flatmates,Utilities,Expense,2025-10-11,09:37:26,2025-10-11 09:37:26,15151.49,INR,-15151.49,APK Aarav,3,EQUAL,MAESTRO-APK-GROUP-FLATMATES-0122 | Utilities | 15151.49,Android,B03,BASELINE_1_500,CREATED,idem-20260902-apk-0122
123,MTR-APK-0123,Business,Business,Business Operations,Vendor,Expense,2026-01-30,11:40:38,2026-01-30 11:40:38,38992.21,INR,-38992.21,APK Owner,,,MAESTRO-APK-BUSINESS-BUSINESS_OPERATIONS-0123 | Vendor | 38992.21,Android,B03,BASELINE_1_500,CREATED,idem-20260902-apk-0123
124,MTR-APK-0124,Personal,Personal,Relationships,Gifts,Expense,2025-09-24,23:06:33,2025-09-24 23:06:33,10293.71,INR,-10293.71,APK Owner,,,MAESTRO-APK-PERSONAL-RELATIONSHIPS-0124 | Gifts | 10293.71,Android,B03,BASELINE_1_500,CREATED,idem-20260902-apk-0124
125,MTR-APK-0125,Group,Shared Living,Flatmates,Groceries,Expense,2026-06-22,16:09:03,2026-06-22 16:09:03,4352.49,INR,-4352.49,APK Meera,3,PERCENTAGE,MAESTRO-APK-GROUP-FLATMATES-0125 | Groceries | 4352.49,Android,B03,BASELINE_1_500,CREATED,idem-20260902-apk-0125
126,MTR-APK-0126,Business,Business,Business Operations,Tax,Expense,2025-12-31,23:31:24,2025-12-31 23:31:24,64813.64,INR,-64813.64,APK Owner,,,MAESTRO-APK-BUSINESS-BUSINESS_OPERATIONS-0126 | Tax | 64813.64,Android,B03,BASELINE_1_500,CREATED,idem-20260902-apk-0126
127,MTR-APK-0127,Personal,Personal,Relationships,Dates,Expense,2026-02-14,22:16:31,2026-02-14 22:16:31,10698.5,INR,-10698.5,APK Owner,,,MAESTRO-APK-PERSONAL-RELATIONSHIPS-0127 | Dates | 10698.50,Android,B03,BASELINE_1_500,CREATED,idem-20260902-apk-0127
128,MTR-APK-0128,Group,Shared Living,Flatmates,Internet,Expense,2026-03-22,12:09:27,2026-03-22 12:09:27,28337.8,INR,-28337.8,APK Owner,3,EXACT,MAESTRO-APK-GROUP-FLATMATES-0128 | Internet | 28337.80,Android,B03,BASELINE_1_500,CREATED,idem-20260902-apk-0128
129,MTR-APK-0129,Business,Business,Team Operations,Payroll,Expense,2026-03-07,14:41:42,2026-03-07 14:41:42,107088.79,INR,-107088.79,APK Owner,,,MAESTRO-APK-BUSINESS-TEAM_OPERATIONS-0129 | Payroll | 107088.79,Android,B03,BASELINE_1_500,CREATED,idem-20260902-apk-0129
130,MTR-APK-0130,Personal,Personal,Relationships,Family,Expense,2026-08-11,13:23:52,2026-08-11 13:23:52,9337.06,INR,-9337.06,APK Owner,,,MAESTRO-APK-PERSONAL-RELATIONSHIPS-0130 | Family | 9337.06,Android,B03,BASELINE_1_500,CREATED,idem-20260902-apk-0130
131,MTR-APK-0131,Group,Shared Living,Flatmates,House Supplies,Expense,2025-11-01,23:19:44,2025-11-01 23:19:44,5644.1,INR,-5644.1,APK Aarav,3,SHARES,MAESTRO-APK-GROUP-FLATMATES-0131 | House Supplies | 5644.10,Android,B03,BASELINE_1_500,CREATED,idem-20260902-apk-0131
132,MTR-APK-0132,Business,Business,Team Operations,Contractor,Expense,2025-12-27,08:04:10,2025-12-27 08:04:10,5799.18,INR,-5799.18,APK Owner,,,MAESTRO-APK-BUSINESS-TEAM_OPERATIONS-0132 | Contractor | 5799.18,Android,B03,BASELINE_1_500,CREATED,idem-20260902-apk-0132
133,MTR-APK-0133,Personal,Personal,Relationships,Friends,Expense,2025-11-25,07:53:18,2025-11-25 07:53:18,1151.38,INR,-1151.38,APK Owner,,,MAESTRO-APK-PERSONAL-RELATIONSHIPS-0133 | Friends | 1151.38,Android,B03,BASELINE_1_500,CREATED,idem-20260902-apk-0133
134,MTR-APK-0134,Group,Shared Living,Flatmates,Repairs,Expense,2026-02-06,22:44:02,2026-02-06 22:44:02,1387.83,INR,-1387.83,APK Meera,3,EQUAL,MAESTRO-APK-GROUP-FLATMATES-0134 | Repairs | 1387.83,Android,B03,BASELINE_1_500,CREATED,idem-20260902-apk-0134
135,MTR-APK-0135,Business,Business,Team Operations,Hiring,Expense,2025-12-31,20:15:56,2025-12-31 20:15:56,49779.4,INR,-49779.4,APK Owner,,,MAESTRO-APK-BUSINESS-TEAM_OPERATIONS-0135 | Hiring | 49779.40,Android,B03,BASELINE_1_500,CREATED,idem-20260902-apk-0135
136,MTR-APK-0136,Personal,Personal,Relationships,Celebrations,Expense,2026-02-23,05:35:00,2026-02-23 05:35:00,3389.94,INR,-3389.94,APK Owner,,,MAESTRO-APK-PERSONAL-RELATIONSHIPS-0136 | Celebrations | 3389.94,Android,B03,BASELINE_1_500,CREATED,idem-20260902-apk-0136
137,MTR-APK-0137,Group,Shared Living,Shared Living,Rent,Expense,2026-05-07,18:44:15,2026-05-07 18:44:15,12078.58,INR,-12078.58,APK Owner,3,PERCENTAGE,MAESTRO-APK-GROUP-SHARED_LIVING-0137 | Rent | 12078.58,Android,B03,BASELINE_1_500,CREATED,idem-20260902-apk-0137
138,MTR-APK-0138,Business,Business,Team Operations,Team Meal,Expense,2025-12-28,20:50:42,2025-12-28 20:50:42,147143.45,INR,-147143.45,APK Owner,,,MAESTRO-APK-BUSINESS-TEAM_OPERATIONS-0138 | Team Meal | 147143.45,Android,B03,BASELINE_1_500,CREATED,idem-20260902-apk-0138
139,MTR-APK-0139,Personal,Personal,Life Operations,Groceries,Expense,2026-01-29,21:56:50,2026-01-29 21:56:50,17251.35,INR,-17251.35,APK Owner,,,MAESTRO-APK-PERSONAL-LIFE_OPERATIONS-0139 | Groceries | 17251.35,Android,B03,BASELINE_1_500,CREATED,idem-20260902-apk-0139
140,MTR-APK-0140,Group,Shared Living,Shared Living,Utilities,Expense,2025-09-19,17:57:00,2025-09-19 17:57:00,17855.15,INR,-17855.15,APK Aarav,3,EXACT,MAESTRO-APK-GROUP-SHARED_LIVING-0140 | Utilities | 17855.15,Android,B03,BASELINE_1_500,CREATED,idem-20260902-apk-0140
141,MTR-APK-0141,Business,Business,Team Operations,Travel,Expense,2026-07-30,02:59:53,2026-07-30 02:59:53,76519.47,INR,-76519.47,APK Owner,,,MAESTRO-APK-BUSINESS-TEAM_OPERATIONS-0141 | Travel | 76519.47,Android,B03,BASELINE_1_500,CREATED,idem-20260902-apk-0141
142,MTR-APK-0142,Personal,Personal,Life Operations,Rent,Expense,2026-08-09,17:34:53,2026-08-09 17:34:53,11819.72,INR,-11819.72,APK Owner,,,MAESTRO-APK-PERSONAL-LIFE_OPERATIONS-0142 | Rent | 11819.72,Android,B03,BASELINE_1_500,CREATED,idem-20260902-apk-0142
143,MTR-APK-0143,Group,Shared Living,Shared Living,Groceries,Expense,2026-04-21,01:38:08,2026-04-21 01:38:08,26763.12,INR,-26763.12,APK Meera,3,SHARES,MAESTRO-APK-GROUP-SHARED_LIVING-0143 | Groceries | 26763.12,Android,B03,BASELINE_1_500,CREATED,idem-20260902-apk-0143
144,MTR-APK-0144,Business,Business,Team Operations,Training,Expense,2025-10-07,01:36:45,2025-10-07 01:36:45,135872.93,INR,-135872.93,APK Owner,,,MAESTRO-APK-BUSINESS-TEAM_OPERATIONS-0144 | Training | 135872.93,Android,B03,BASELINE_1_500,CREATED,idem-20260902-apk-0144
145,MTR-APK-0145,Personal,Personal,Life Operations,Bills,Expense,2026-08-07,03:06:18,2026-08-07 03:06:18,7217.64,INR,-7217.64,APK Owner,,,MAESTRO-APK-PERSONAL-LIFE_OPERATIONS-0145 | Bills | 7217.64,Android,B03,BASELINE_1_500,CREATED,idem-20260902-apk-0145
146,MTR-APK-0146,Group,Shared Living,Shared Living,Maintenance,Expense,2026-01-15,13:48:28,2026-01-15 13:48:28,3337.42,INR,-3337.42,APK Owner,3,EQUAL,MAESTRO-APK-GROUP-SHARED_LIVING-0146 | Maintenance | 3337.42,Android,B03,BASELINE_1_500,CREATED,idem-20260902-apk-0146
147,MTR-APK-0147,Business,Business,Team Operations,Tools,Expense,2025-11-05,08:16:09,2025-11-05 08:16:09,101243.74,INR,-101243.74,APK Owner,,,MAESTRO-APK-BUSINESS-TEAM_OPERATIONS-0147 | Tools | 101243.74,Android,B03,BASELINE_1_500,CREATED,idem-20260902-apk-0147
148,MTR-APK-0148,Personal,Personal,Life Operations,Transport,Expense,2026-01-26,01:43:37,2026-01-26 01:43:37,999.99,INR,-999.99,APK Owner,,,MAESTRO-APK-PERSONAL-LIFE_OPERATIONS-0148 | Transport | 999.99,Android,B03,BASELINE_1_500,CREATED,idem-20260902-apk-0148
149,MTR-APK-0149,Group,Shared Living,Shared Living,Other,Expense,2026-08-12,03:54:12,2026-08-12 03:54:12,4912.7,INR,-4912.7,APK Aarav,3,PERCENTAGE,MAESTRO-APK-GROUP-SHARED_LIVING-0149 | Other | 4912.70,Android,B03,BASELINE_1_500,CREATED,idem-20260902-apk-0149
150,MTR-APK-0150,Business,Business,Business Runway,Funding,Income,2026-01-19,22:16:19,2026-01-19 22:16:19,18132.16,INR,18132.16,APK Owner,,,MAESTRO-APK-BUSINESS-BUSINESS_RUNWAY-0150 | Funding | 18132.16,Android,B03,BASELINE_1_500,CREATED,idem-20260902-apk-0150
151,MTR-APK-0151,Personal,Personal,Life Operations,Healthcare,Expense,2026-02-26,23:48:03,2026-02-26 23:48:03,15620.58,INR,-15620.58,APK Owner,,,MAESTRO-APK-PERSONAL-LIFE_OPERATIONS-0151 | Healthcare | 15620.58,Android,B04,BASELINE_1_500,CREATED,idem-20260902-apk-0151
152,MTR-APK-0152,Group,Shared Living,Family Household,Rent,Expense,2026-03-27,07:22:27,2026-03-27 07:22:27,1764.68,INR,-1764.68,APK Meera,3,EXACT,MAESTRO-APK-GROUP-FAMILY_HOUSEHOLD-0152 | Rent | 1764.68,Android,B04,BASELINE_1_500,CREATED,idem-20260902-apk-0152
153,MTR-APK-0153,Business,Business,Business Runway,Revenue,Income,2025-11-05,00:21:54,2025-11-05 00:21:54,92816.57,INR,92816.57,APK Owner,,,MAESTRO-APK-BUSINESS-BUSINESS_RUNWAY-0153 | Revenue | 92816.57,Android,B04,BASELINE_1_500,CREATED,idem-20260902-apk-0153
154,MTR-APK-0154,Personal,Personal,Life Operations,Subscriptions,Expense,2026-07-28,13:26:05,2026-07-28 13:26:05,13344.26,INR,-13344.26,APK Owner,,,MAESTRO-APK-PERSONAL-LIFE_OPERATIONS-0154 | Subscriptions | 13344.26,Android,B04,BASELINE_1_500,CREATED,idem-20260902-apk-0154
155,MTR-APK-0155,Group,Shared Living,Family Household,Groceries,Expense,2026-06-01,03:59:15,2026-06-01 03:59:15,22918.3,INR,-22918.3,APK Owner,3,SHARES,MAESTRO-APK-GROUP-FAMILY_HOUSEHOLD-0155 | Groceries | 22918.30,Android,B04,BASELINE_1_500,CREATED,idem-20260902-apk-0155
156,MTR-APK-0156,Business,Business,Business Runway,Burn,Expense,2026-02-12,06:37:25,2026-02-12 06:37:25,167537.91,INR,-167537.91,APK Owner,,,MAESTRO-APK-BUSINESS-BUSINESS_RUNWAY-0156 | Burn | 167537.91,Android,B04,BASELINE_1_500,CREATED,idem-20260902-apk-0156
157,MTR-APK-0157,Personal,Personal,Life Operations,Repairs,Expense,2025-09-04,18:28:40,2025-09-04 18:28:40,18165.2,INR,-18165.2,APK Owner,,,MAESTRO-APK-PERSONAL-LIFE_OPERATIONS-0157 | Repairs | 18165.20,Android,B04,BASELINE_1_500,CREATED,idem-20260902-apk-0157
158,MTR-APK-0158,Group,Shared Living,Family Household,Transport,Expense,2026-01-29,09:33:03,2026-01-29 09:33:03,18255.55,INR,-18255.55,APK Aarav,3,EQUAL,MAESTRO-APK-GROUP-FAMILY_HOUSEHOLD-0158 | Transport | 18255.55,Android,B04,BASELINE_1_500,CREATED,idem-20260902-apk-0158
159,MTR-APK-0159,Business,Business,Business Runway,Reserve,Transfer,2026-01-26,19:05:48,2026-01-26 19:05:48,50553.65,INR,0.0,APK Owner,,,MAESTRO-APK-BUSINESS-BUSINESS_RUNWAY-0159 | Reserve | 50553.65,Android,B04,BASELINE_1_500,CREATED,idem-20260902-apk-0159
160,MTR-APK-0160,Personal,Personal,Future Building,Savings,Transfer,2025-12-12,08:05:29,2025-12-12 08:05:29,3198.65,INR,0.0,APK Owner,,,MAESTRO-APK-PERSONAL-FUTURE_BUILDING-0160 | Savings | 3198.65,Android,B04,BASELINE_1_500,CREATED,idem-20260902-apk-0160
161,MTR-APK-0161,Group,Shared Living,Family Household,Bills,Expense,2026-02-23,18:24:29,2026-02-23 18:24:29,3039.02,INR,-3039.02,APK Meera,3,PERCENTAGE,MAESTRO-APK-GROUP-FAMILY_HOUSEHOLD-0161 | Bills | 3039.02,Android,B04,BASELINE_1_500,CREATED,idem-20260902-apk-0161
162,MTR-APK-0162,Business,Business,Business Runway,Loan,Income,2026-01-16,16:22:04,2026-01-16 16:22:04,22549.2,INR,22549.2,APK Owner,,,MAESTRO-APK-BUSINESS-BUSINESS_RUNWAY-0162 | Loan | 22549.20,Android,B04,BASELINE_1_500,CREATED,idem-20260902-apk-0162
163,MTR-APK-0163,Personal,Personal,Future Building,Emergency Fund,Transfer,2026-02-11,06:45:38,2026-02-11 06:45:38,5141.12,INR,0.0,APK Owner,,,MAESTRO-APK-PERSONAL-FUTURE_BUILDING-0163 | Emergency Fund | 5141.12,Android,B04,BASELINE_1_500,CREATED,idem-20260902-apk-0163
164,MTR-APK-0164,Group,Shared Living,Family Household,Utilities,Expense,2026-02-01,00:50:16,2026-02-01 00:50:16,9988.67,INR,-9988.67,APK Owner,3,EXACT,MAESTRO-APK-GROUP-FAMILY_HOUSEHOLD-0164 | Utilities | 9988.67,Android,B04,BASELINE_1_500,CREATED,idem-20260902-apk-0164
165,MTR-APK-0165,Business,Business,Business Runway,Investment,Income,2026-07-01,19:23:54,2026-07-01 19:23:54,21141.27,INR,21141.27,APK Owner,,,MAESTRO-APK-BUSINESS-BUSINESS_RUNWAY-0165 | Investment | 21141.27,Android,B04,BASELINE_1_500,CREATED,idem-20260902-apk-0165
166,MTR-APK-0166,Personal,Personal,Future Building,Investments,Investment,2026-02-23,16:31:53,2026-02-23 16:31:53,179.27,INR,0.0,APK Owner,,,MAESTRO-APK-PERSONAL-FUTURE_BUILDING-0166 | Investments | 179.27,Android,B04,BASELINE_1_500,CREATED,idem-20260902-apk-0166
167,MTR-APK-0167,Group,Shared Living,Family Household,Healthcare,Expense,2025-10-14,16:43:23,2025-10-14 16:43:23,29675.74,INR,-29675.74,APK Aarav,3,SHARES,MAESTRO-APK-GROUP-FAMILY_HOUSEHOLD-0167 | Healthcare | 29675.74,Android,B04,BASELINE_1_500,CREATED,idem-20260902-apk-0167
168,MTR-APK-0168,Business,Business,Business Operations,Software,Expense,2026-03-27,12:13:27,2026-03-27 12:13:27,38578.27,INR,-38578.27,APK Owner,,,MAESTRO-APK-BUSINESS-BUSINESS_OPERATIONS-0168 | Software | 38578.27,Android,B04,BASELINE_1_500,CREATED,idem-20260902-apk-0168
169,MTR-APK-0169,Personal,Personal,Future Building,Education,Expense,2025-12-04,19:40:57,2025-12-04 19:40:57,12905.65,INR,-12905.65,APK Owner,,,MAESTRO-APK-PERSONAL-FUTURE_BUILDING-0169 | Education | 12905.65,Android,B04,BASELINE_1_500,CREATED,idem-20260902-apk-0169
170,MTR-APK-0170,Group,Shared Living,Custom Living,Custom Expense,Expense,2026-03-31,02:23:00,2026-03-31 02:23:00,9498.77,INR,-9498.77,APK Meera,3,EQUAL,MAESTRO-APK-GROUP-CUSTOM_LIVING-0170 | Custom Expense | 9498.77,Android,B04,BASELINE_1_500,CREATED,idem-20260902-apk-0170
171,MTR-APK-0171,Business,Business,Business Operations,Rent,Expense,2026-08-03,15:45:47,2026-08-03 15:45:47,6934.75,INR,-6934.75,APK Owner,,,MAESTRO-APK-BUSINESS-BUSINESS_OPERATIONS-0171 | Rent | 6934.75,Android,B04,BASELINE_1_500,CREATED,idem-20260902-apk-0171
172,MTR-APK-0172,Personal,Personal,Future Building,Goal Contribution,Transfer,2026-01-16,08:46:16,2026-01-16 08:46:16,19331.17,INR,0.0,APK Owner,,,MAESTRO-APK-PERSONAL-FUTURE_BUILDING-0172 | Goal Contribution | 19331.17,Android,B04,BASELINE_1_500,CREATED,idem-20260902-apk-0172
173,MTR-APK-0173,Group,Shared Living,Custom Living,Custom Contribution,Contribution,2026-04-28,18:44:41,2026-04-28 18:44:41,4404.63,INR,4404.63,APK Owner,3,PERCENTAGE,MAESTRO-APK-GROUP-CUSTOM_LIVING-0173 | Custom Contribution | 4404.63,Android,B04,BASELINE_1_500,CREATED,idem-20260902-apk-0173
174,MTR-APK-0174,Business,Business,Business Operations,Marketing,Expense,2025-10-27,22:04:55,2025-10-27 22:04:55,146934.41,INR,-146934.41,APK Owner,,,MAESTRO-APK-BUSINESS-BUSINESS_OPERATIONS-0174 | Marketing | 146934.41,Android,B04,BASELINE_1_500,CREATED,idem-20260902-apk-0174
175,MTR-APK-0175,Personal,Personal,Lifestyle,Dining,Expense,2025-09-12,04:42:00,2025-09-12 04:42:00,4700.21,INR,-4700.21,APK Owner,,,MAESTRO-APK-PERSONAL-LIFESTYLE-0175 | Dining | 4700.21,Android,B04,BASELINE_1_500,CREATED,idem-20260902-apk-0175
176,MTR-APK-0176,Group,Shared Experience,Trip,Travel,Expense,2026-05-14,17:45:45,2026-05-14 17:45:45,20176.17,INR,-20176.17,APK Aarav,3,EXACT,MAESTRO-APK-GROUP-TRIP-0176 | Travel | 20176.17,Android,B04,BASELINE_1_500,CREATED,idem-20260902-apk-0176
177,MTR-APK-0177,Business,Business,Business Operations,Legal,Expense,2026-08-19,15:50:28,2026-08-19 15:50:28,146197.37,INR,-146197.37,APK Owner,,,MAESTRO-APK-BUSINESS-BUSINESS_OPERATIONS-0177 | Legal | 146197.37,Android,B04,BASELINE_1_500,CREATED,idem-20260902-apk-0177
178,MTR-APK-0178,Personal,Personal,Lifestyle,Shopping,Expense,2026-08-29,12:01:30,2026-08-29 12:01:30,19037.88,INR,-19037.88,APK Owner,,,MAESTRO-APK-PERSONAL-LIFESTYLE-0178 | Shopping | 19037.88,Android,B04,BASELINE_1_500,CREATED,idem-20260902-apk-0178
179,MTR-APK-0179,Group,Shared Experience,Trip,Stay,Expense,2026-06-12,07:06:38,2026-06-12 07:06:38,8883.96,INR,-8883.96,APK Meera,3,SHARES,MAESTRO-APK-GROUP-TRIP-0179 | Stay | 8883.96,Android,B04,BASELINE_1_500,CREATED,idem-20260902-apk-0179
180,MTR-APK-0180,Business,Business,Business Operations,Accounting,Expense,2025-10-04,07:30:10,2025-10-04 07:30:10,126345.62,INR,-126345.62,APK Owner,,,MAESTRO-APK-BUSINESS-BUSINESS_OPERATIONS-0180 | Accounting | 126345.62,Android,B04,BASELINE_1_500,CREATED,idem-20260902-apk-0180
181,MTR-APK-0181,Personal,Personal,Lifestyle,Entertainment,Expense,2026-04-22,01:43:08,2026-04-22 01:43:08,988.13,INR,-988.13,APK Owner,,,MAESTRO-APK-PERSONAL-LIFESTYLE-0181 | Entertainment | 988.13,Android,B04,BASELINE_1_500,CREATED,idem-20260902-apk-0181
182,MTR-APK-0182,Group,Shared Experience,Trip,Food,Expense,2025-11-12,19:23:46,2025-11-12 19:23:46,19237.09,INR,-19237.09,APK Owner,3,EQUAL,MAESTRO-APK-GROUP-TRIP-0182 | Food | 19237.09,Android,B04,BASELINE_1_500,CREATED,idem-20260902-apk-0182
183,MTR-APK-0183,Business,Business,Business Operations,Equipment,Expense,2025-10-05,18:42:38,2025-10-05 18:42:38,28864.72,INR,-28864.72,APK Owner,,,MAESTRO-APK-BUSINESS-BUSINESS_OPERATIONS-0183 | Equipment | 28864.72,Android,B04,BASELINE_1_500,CREATED,idem-20260902-apk-0183
184,MTR-APK-0184,Personal,Personal,Lifestyle,Travel,Expense,2026-05-16,22:24:05,2026-05-16 22:24:05,14967.75,INR,-14967.75,APK Owner,,,MAESTRO-APK-PERSONAL-LIFESTYLE-0184 | Travel | 14967.75,Android,B04,BASELINE_1_500,CREATED,idem-20260902-apk-0184
185,MTR-APK-0185,Group,Shared Experience,Trip,Local Transport,Expense,2025-09-12,15:46:17,2025-09-12 15:46:17,10000.0,INR,-10000.0,APK Aarav,3,PERCENTAGE,MAESTRO-APK-GROUP-TRIP-0185 | Local Transport | 10000.00,Android,B04,BASELINE_1_500,CREATED,idem-20260902-apk-0185
186,MTR-APK-0186,Business,Business,Business Operations,Vendor,Expense,2026-04-25,04:09:11,2026-04-25 04:09:11,7924.5,INR,-7924.5,APK Owner,,,MAESTRO-APK-BUSINESS-BUSINESS_OPERATIONS-0186 | Vendor | 7924.50,Android,B04,BASELINE_1_500,CREATED,idem-20260902-apk-0186
187,MTR-APK-0187,Personal,Personal,Lifestyle,Fitness,Expense,2026-03-10,17:12:56,2026-03-10 17:12:56,17591.5,INR,-17591.5,APK Owner,,,MAESTRO-APK-PERSONAL-LIFESTYLE-0187 | Fitness | 17591.50,Android,B04,BASELINE_1_500,CREATED,idem-20260902-apk-0187
188,MTR-APK-0188,Group,Shared Experience,Trip,Activities,Expense,2025-09-08,15:15:52,2025-09-08 15:15:52,29835.6,INR,-29835.6,APK Meera,3,EXACT,MAESTRO-APK-GROUP-TRIP-0188 | Activities | 29835.60,Android,B04,BASELINE_1_500,CREATED,idem-20260902-apk-0188
189,MTR-APK-0189,Business,Business,Business Operations,Tax,Expense,2026-03-27,12:40:26,2026-03-27 12:40:26,141708.15,INR,-141708.15,APK Owner,,,MAESTRO-APK-BUSINESS-BUSINESS_OPERATIONS-0189 | Tax | 141708.15,Android,B04,BASELINE_1_500,CREATED,idem-20260902-apk-0189
190,MTR-APK-0190,Personal,Personal,Lifestyle,Hobbies,Expense,2025-09-13,16:32:34,2025-09-13 16:32:34,6404.5,INR,-6404.5,APK Owner,,,MAESTRO-APK-PERSONAL-LIFESTYLE-0190 | Hobbies | 6404.50,Android,B04,BASELINE_1_500,CREATED,idem-20260902-apk-0190
191,MTR-APK-0191,Group,Shared Experience,Trip,Shopping,Expense,2025-11-26,01:44:26,2025-11-26 01:44:26,23824.08,INR,-23824.08,APK Owner,3,SHARES,MAESTRO-APK-GROUP-TRIP-0191 | Shopping | 23824.08,Android,B04,BASELINE_1_500,CREATED,idem-20260902-apk-0191
192,MTR-APK-0192,Business,Business,Team Operations,Payroll,Expense,2025-11-23,05:02:14,2025-11-23 05:02:14,63303.28,INR,-63303.28,APK Owner,,,MAESTRO-APK-BUSINESS-TEAM_OPERATIONS-0192 | Payroll | 63303.28,Android,B04,BASELINE_1_500,CREATED,idem-20260902-apk-0192
193,MTR-APK-0193,Personal,Personal,Relationships,Gifts,Expense,2026-02-22,07:57:00,2026-02-22 07:57:00,3786.84,INR,-3786.84,APK Owner,,,MAESTRO-APK-PERSONAL-RELATIONSHIPS-0193 | Gifts | 3786.84,Android,B04,BASELINE_1_500,CREATED,idem-20260902-apk-0193
194,MTR-APK-0194,Group,Shared Experience,Trip,Other,Expense,2026-05-03,09:39:45,2026-05-03 09:39:45,28490.95,INR,-28490.95,APK Aarav,3,EQUAL,MAESTRO-APK-GROUP-TRIP-0194 | Other | 28490.95,Android,B04,BASELINE_1_500,CREATED,idem-20260902-apk-0194
195,MTR-APK-0195,Business,Business,Team Operations,Contractor,Expense,2026-05-09,05:40:29,2026-05-09 05:40:29,59519.38,INR,-59519.38,APK Owner,,,MAESTRO-APK-BUSINESS-TEAM_OPERATIONS-0195 | Contractor | 59519.38,Android,B04,BASELINE_1_500,CREATED,idem-20260902-apk-0195
196,MTR-APK-0196,Personal,Personal,Relationships,Dates,Expense,2026-08-10,05:18:49,2026-08-10 05:18:49,11771.12,INR,-11771.12,APK Owner,,,MAESTRO-APK-PERSONAL-RELATIONSHIPS-0196 | Dates | 11771.12,Android,B04,BASELINE_1_500,CREATED,idem-20260902-apk-0196
197,MTR-APK-0197,Group,Shared Experience,Wedding,Venue,Expense,2025-09-11,12:44:44,2025-09-11 12:44:44,7998.12,INR,-7998.12,APK Meera,3,PERCENTAGE,MAESTRO-APK-GROUP-WEDDING-0197 | Venue | 7998.12,Android,B04,BASELINE_1_500,CREATED,idem-20260902-apk-0197
198,MTR-APK-0198,Business,Business,Team Operations,Hiring,Expense,2026-02-27,07:37:29,2026-02-27 07:37:29,6912.13,INR,-6912.13,APK Owner,,,MAESTRO-APK-BUSINESS-TEAM_OPERATIONS-0198 | Hiring | 6912.13,Android,B04,BASELINE_1_500,CREATED,idem-20260902-apk-0198
199,MTR-APK-0199,Personal,Personal,Relationships,Family,Expense,2025-11-14,19:33:10,2025-11-14 19:33:10,7110.68,INR,-7110.68,APK Owner,,,MAESTRO-APK-PERSONAL-RELATIONSHIPS-0199 | Family | 7110.68,Android,B04,BASELINE_1_500,CREATED,idem-20260902-apk-0199
200,MTR-APK-0200,Group,Shared Experience,Wedding,Catering,Expense,2026-06-30,21:21:01,2026-06-30 21:21:01,5049.96,INR,-5049.96,APK Owner,3,EXACT,MAESTRO-APK-GROUP-WEDDING-0200 | Catering | 5049.96,Android,B04,BASELINE_1_500,CREATED,idem-20260902-apk-0200
201,MTR-APK-0201,Business,Business,Team Operations,Team Meal,Expense,2026-01-12,18:46:55,2026-01-12 18:46:55,174474.2,INR,-174474.2,APK Owner,,,MAESTRO-APK-BUSINESS-TEAM_OPERATIONS-0201 | Team Meal | 174474.20,Android,B05,BASELINE_1_500,CREATED,idem-20260902-apk-0201
202,MTR-APK-0202,Personal,Personal,Relationships,Friends,Expense,2025-12-05,13:31:44,2025-12-05 13:31:44,19577.54,INR,-19577.54,APK Owner,,,MAESTRO-APK-PERSONAL-RELATIONSHIPS-0202 | Friends | 19577.54,Android,B05,BASELINE_1_500,CREATED,idem-20260902-apk-0202
203,MTR-APK-0203,Group,Shared Experience,Wedding,Decor,Expense,2026-07-11,17:07:55,2026-07-11 17:07:55,9303.58,INR,-9303.58,APK Aarav,3,SHARES,MAESTRO-APK-GROUP-WEDDING-0203 | Decor | 9303.58,Android,B05,BASELINE_1_500,CREATED,idem-20260902-apk-0203
204,MTR-APK-0204,Business,Business,Team Operations,Travel,Expense,2026-06-09,15:43:30,2026-06-09 15:43:30,61035.9,INR,-61035.9,APK Owner,,,MAESTRO-APK-BUSINESS-TEAM_OPERATIONS-0204 | Travel | 61035.90,Android,B05,BASELINE_1_500,CREATED,idem-20260902-apk-0204
205,MTR-APK-0205,Personal,Personal,Relationships,Celebrations,Expense,2026-04-15,02:07:48,2026-04-15 02:07:48,3210.92,INR,-3210.92,APK Owner,,,MAESTRO-APK-PERSONAL-RELATIONSHIPS-0205 | Celebrations | 3210.92,Android,B05,BASELINE_1_500,CREATED,idem-20260902-apk-0205
206,MTR-APK-0206,Group,Shared Experience,Wedding,Travel,Expense,2025-12-09,21:16:22,2025-12-09 21:16:22,7342.33,INR,-7342.33,APK Meera,3,EQUAL,MAESTRO-APK-GROUP-WEDDING-0206 | Travel | 7342.33,Android,B05,BASELINE_1_500,CREATED,idem-20260902-apk-0206
207,MTR-APK-0207,Business,Business,Team Operations,Training,Expense,2026-02-07,11:24:13,2026-02-07 11:24:13,160049.99,INR,-160049.99,APK Owner,,,MAESTRO-APK-BUSINESS-TEAM_OPERATIONS-0207 | Training | 160049.99,Android,B05,BASELINE_1_500,CREATED,idem-20260902-apk-0207
208,MTR-APK-0208,Personal,Personal,Life Operations,Groceries,Expense,2025-10-23,22:52:39,2025-10-23 22:52:39,11381.9,INR,-11381.9,APK Owner,,,MAESTRO-APK-PERSONAL-LIFE_OPERATIONS-0208 | Groceries | 11381.90,Android,B05,BASELINE_1_500,CREATED,idem-20260902-apk-0208
209,MTR-APK-0209,Group,Shared Experience,Wedding,Gifts,Expense,2026-08-22,04:12:01,2026-08-22 04:12:01,23392.53,INR,-23392.53,APK Owner,3,PERCENTAGE,MAESTRO-APK-GROUP-WEDDING-0209 | Gifts | 23392.53,Android,B05,BASELINE_1_500,CREATED,idem-20260902-apk-0209
210,MTR-APK-0210,Business,Business,Team Operations,Tools,Expense,2026-01-18,08:39:44,2026-01-18 08:39:44,41360.54,INR,-41360.54,APK Owner,,,MAESTRO-APK-BUSINESS-TEAM_OPERATIONS-0210 | Tools | 41360.54,Android,B05,BASELINE_1_500,CREATED,idem-20260902-apk-0210
211,MTR-APK-0211,Personal,Personal,Life Operations,Rent,Expense,2026-01-08,14:39:27,2026-01-08 14:39:27,1291.41,INR,-1291.41,APK Owner,,,MAESTRO-APK-PERSONAL-LIFE_OPERATIONS-0211 | Rent | 1291.41,Android,B05,BASELINE_1_500,CREATED,idem-20260902-apk-0211
212,MTR-APK-0212,Group,Shared Experience,Wedding,Photography,Expense,2026-07-20,23:15:06,2026-07-20 23:15:06,23682.09,INR,-23682.09,APK Aarav,3,EXACT,MAESTRO-APK-GROUP-WEDDING-0212 | Photography | 23682.09,Android,B05,BASELINE_1_500,CREATED,idem-20260902-apk-0212
213,MTR-APK-0213,Business,Business,Business Runway,Funding,Income,2026-02-08,15:31:31,2026-02-08 15:31:31,6800.79,INR,6800.79,APK Owner,,,MAESTRO-APK-BUSINESS-BUSINESS_RUNWAY-0213 | Funding | 6800.79,Android,B05,BASELINE_1_500,CREATED,idem-20260902-apk-0213
214,MTR-APK-0214,Personal,Personal,Life Operations,Bills,Expense,2026-09-01,05:37:24,2026-09-01 05:37:24,10583.4,INR,-10583.4,APK Owner,,,MAESTRO-APK-PERSONAL-LIFE_OPERATIONS-0214 | Bills | 10583.40,Android,B05,BASELINE_1_500,CREATED,idem-20260902-apk-0214
215,MTR-APK-0215,Group,Shared Experience,Wedding,Other,Expense,2026-05-08,01:19:47,2026-05-08 01:19:47,24201.5,INR,-24201.5,APK Meera,3,SHARES,MAESTRO-APK-GROUP-WEDDING-0215 | Other | 24201.50,Android,B05,BASELINE_1_500,CREATED,idem-20260902-apk-0215
216,MTR-APK-0216,Business,Business,Business Runway,Revenue,Income,2025-11-22,00:46:04,2025-11-22 00:46:04,158946.92,INR,158946.92,APK Owner,,,MAESTRO-APK-BUSINESS-BUSINESS_RUNWAY-0216 | Revenue | 158946.92,Android,B05,BASELINE_1_500,CREATED,idem-20260902-apk-0216
217,MTR-APK-0217,Personal,Personal,Life Operations,Transport,Expense,2025-10-26,21:59:45,2025-10-26 21:59:45,7082.39,INR,-7082.39,APK Owner,,,MAESTRO-APK-PERSONAL-LIFE_OPERATIONS-0217 | Transport | 7082.39,Android,B05,BASELINE_1_500,CREATED,idem-20260902-apk-0217
218,MTR-APK-0218,Group,Shared Experience,Office Outing,Food,Expense,2026-08-04,21:32:47,2026-08-04 21:32:47,8492.72,INR,-8492.72,APK Owner,3,EQUAL,MAESTRO-APK-GROUP-OFFICE_OUTING-0218 | Food | 8492.72,Android,B05,BASELINE_1_500,CREATED,idem-20260902-apk-0218
219,MTR-APK-0219,Business,Business,Business Runway,Burn,Expense,2026-08-31,23:13:09,2026-08-31 23:13:09,19749.86,INR,-19749.86,APK Owner,,,MAESTRO-APK-BUSINESS-BUSINESS_RUNWAY-0219 | Burn | 19749.86,Android,B05,BASELINE_1_500,CREATED,idem-20260902-apk-0219
220,MTR-APK-0220,Personal,Personal,Life Operations,Healthcare,Expense,2026-01-21,21:16:10,2026-01-21 21:16:10,15865.57,INR,-15865.57,APK Owner,,,MAESTRO-APK-PERSONAL-LIFE_OPERATIONS-0220 | Healthcare | 15865.57,Android,B05,BASELINE_1_500,CREATED,idem-20260902-apk-0220
221,MTR-APK-0221,Group,Shared Experience,Office Outing,Travel,Expense,2026-03-07,22:13:03,2026-03-07 22:13:03,19293.47,INR,-19293.47,APK Aarav,3,PERCENTAGE,MAESTRO-APK-GROUP-OFFICE_OUTING-0221 | Travel | 19293.47,Android,B05,BASELINE_1_500,CREATED,idem-20260902-apk-0221
222,MTR-APK-0222,Business,Business,Business Runway,Reserve,Transfer,2025-12-10,21:35:17,2025-12-10 21:35:17,0.01,INR,0.0,APK Owner,,,MAESTRO-APK-BUSINESS-BUSINESS_RUNWAY-0222 | Reserve | 0.01,Android,B05,BASELINE_1_500,CREATED,idem-20260902-apk-0222
223,MTR-APK-0223,Personal,Personal,Life Operations,Subscriptions,Expense,2026-06-25,15:39:21,2026-06-25 15:39:21,12896.63,INR,-12896.63,APK Owner,,,MAESTRO-APK-PERSONAL-LIFE_OPERATIONS-0223 | Subscriptions | 12896.63,Android,B05,BASELINE_1_500,CREATED,idem-20260902-apk-0223
224,MTR-APK-0224,Group,Shared Experience,Office Outing,Activities,Expense,2026-08-22,22:43:23,2026-08-22 22:43:23,694.0,INR,-694.0,APK Meera,3,EXACT,MAESTRO-APK-GROUP-OFFICE_OUTING-0224 | Activities | 694.00,Android,B05,BASELINE_1_500,CREATED,idem-20260902-apk-0224
225,MTR-APK-0225,Business,Business,Business Runway,Loan,Income,2025-11-18,10:12:52,2025-11-18 10:12:52,21563.35,INR,21563.35,APK Owner,,,MAESTRO-APK-BUSINESS-BUSINESS_RUNWAY-0225 | Loan | 21563.35,Android,B05,BASELINE_1_500,CREATED,idem-20260902-apk-0225
226,MTR-APK-0226,Personal,Personal,Life Operations,Repairs,Expense,2026-06-03,04:30:39,2026-06-03 04:30:39,19623.62,INR,-19623.62,APK Owner,,,MAESTRO-APK-PERSONAL-LIFE_OPERATIONS-0226 | Repairs | 19623.62,Android,B05,BASELINE_1_500,CREATED,idem-20260902-apk-0226
227,MTR-APK-0227,Group,Shared Experience,Office Outing,Venue,Expense,2026-07-27,17:11:47,2026-07-27 17:11:47,4397.71,INR,-4397.71,APK Owner,3,SHARES,MAESTRO-APK-GROUP-OFFICE_OUTING-0227 | Venue | 4397.71,Android,B05,BASELINE_1_500,CREATED,idem-20260902-apk-0227
228,MTR-APK-0228,Business,Business,Business Runway,Investment,Income,2026-01-28,15:25:51,2026-01-28 15:25:51,77098.16,INR,77098.16,APK Owner,,,MAESTRO-APK-BUSINESS-BUSINESS_RUNWAY-0228 | Investment | 77098.16,Android,B05,BASELINE_1_500,CREATED,idem-20260902-apk-0228
229,MTR-APK-0229,Personal,Personal,Future Building,Savings,Transfer,2026-02-01,18:39:02,2026-02-01 18:39:02,9253.92,INR,0.0,APK Owner,,,MAESTRO-APK-PERSONAL-FUTURE_BUILDING-0229 | Savings | 9253.92,Android,B05,BASELINE_1_500,CREATED,idem-20260902-apk-0229
230,MTR-APK-0230,Group,Shared Experience,Office Outing,Other,Expense,2025-11-28,04:27:28,2025-11-28 04:27:28,12922.71,INR,-12922.71,APK Aarav,3,EQUAL,MAESTRO-APK-GROUP-OFFICE_OUTING-0230 | Other | 12922.71,Android,B05,BASELINE_1_500,CREATED,idem-20260902-apk-0230
231,MTR-APK-0231,Business,Business,Business Operations,Software,Expense,2026-02-27,04:55:16,2026-02-27 04:55:16,177635.06,INR,-177635.06,APK Owner,,,MAESTRO-APK-BUSINESS-BUSINESS_OPERATIONS-0231 | Software | 177635.06,Android,B05,BASELINE_1_500,CREATED,idem-20260902-apk-0231
232,MTR-APK-0232,Personal,Personal,Future Building,Emergency Fund,Transfer,2025-10-12,17:53:48,2025-10-12 17:53:48,7811.0,INR,0.0,APK Owner,,,MAESTRO-APK-PERSONAL-FUTURE_BUILDING-0232 | Emergency Fund | 7811.00,Android,B05,BASELINE_1_500,CREATED,idem-20260902-apk-0232
233,MTR-APK-0233,Group,Shared Experience,House Party,Food,Expense,2025-09-29,16:47:28,2025-09-29 16:47:28,4450.01,INR,-4450.01,APK Meera,3,PERCENTAGE,MAESTRO-APK-GROUP-HOUSE_PARTY-0233 | Food | 4450.01,Android,B05,BASELINE_1_500,CREATED,idem-20260902-apk-0233
234,MTR-APK-0234,Business,Business,Business Operations,Rent,Expense,2026-04-18,06:10:27,2026-04-18 06:10:27,102103.73,INR,-102103.73,APK Owner,,,MAESTRO-APK-BUSINESS-BUSINESS_OPERATIONS-0234 | Rent | 102103.73,Android,B05,BASELINE_1_500,CREATED,idem-20260902-apk-0234
235,MTR-APK-0235,Personal,Personal,Future Building,Investments,Investment,2026-05-10,03:14:15,2026-05-10 03:14:15,5955.92,INR,0.0,APK Owner,,,MAESTRO-APK-PERSONAL-FUTURE_BUILDING-0235 | Investments | 5955.92,Android,B05,BASELINE_1_500,CREATED,idem-20260902-apk-0235
236,MTR-APK-0236,Group,Shared Experience,House Party,Drinks,Expense,2026-04-09,16:28:06,2026-04-09 16:28:06,28785.01,INR,-28785.01,APK Owner,3,EXACT,MAESTRO-APK-GROUP-HOUSE_PARTY-0236 | Drinks | 28785.01,Android,B05,BASELINE_1_500,CREATED,idem-20260902-apk-0236
237,MTR-APK-0237,Business,Business,Business Operations,Marketing,Expense,2026-07-08,23:47:34,2026-07-08 23:47:34,113310.73,INR,-113310.73,APK Owner,,,MAESTRO-APK-BUSINESS-BUSINESS_OPERATIONS-0237 | Marketing | 113310.73,Android,B05,BASELINE_1_500,CREATED,idem-20260902-apk-0237
238,MTR-APK-0238,Personal,Personal,Future Building,Education,Expense,2025-10-11,07:30:58,2025-10-11 07:30:58,5827.31,INR,-5827.31,APK Owner,,,MAESTRO-APK-PERSONAL-FUTURE_BUILDING-0238 | Education | 5827.31,Android,B05,BASELINE_1_500,CREATED,idem-20260902-apk-0238
239,MTR-APK-0239,Group,Shared Experience,House Party,Decor,Expense,2026-03-15,07:01:33,2026-03-15 07:01:33,13564.42,INR,-13564.42,APK Aarav,3,SHARES,MAESTRO-APK-GROUP-HOUSE_PARTY-0239 | Decor | 13564.42,Android,B05,BASELINE_1_500,CREATED,idem-20260902-apk-0239
240,MTR-APK-0240,Business,Business,Business Operations,Legal,Expense,2025-12-13,06:16:24,2025-12-13 06:16:24,11133.25,INR,-11133.25,APK Owner,,,MAESTRO-APK-BUSINESS-BUSINESS_OPERATIONS-0240 | Legal | 11133.25,Android,B05,BASELINE_1_500,CREATED,idem-20260902-apk-0240
241,MTR-APK-0241,Personal,Personal,Future Building,Goal Contribution,Transfer,2026-05-16,01:48:30,2026-05-16 01:48:30,18847.61,INR,0.0,APK Owner,,,MAESTRO-APK-PERSONAL-FUTURE_BUILDING-0241 | Goal Contribution | 18847.61,Android,B05,BASELINE_1_500,CREATED,idem-20260902-apk-0241
242,MTR-APK-0242,Group,Shared Experience,House Party,Supplies,Expense,2026-04-23,11:25:08,2026-04-23 11:25:08,14998.58,INR,-14998.58,APK Meera,3,EQUAL,MAESTRO-APK-GROUP-HOUSE_PARTY-0242 | Supplies | 14998.58,Android,B05,BASELINE_1_500,CREATED,idem-20260902-apk-0242
243,MTR-APK-0243,Business,Business,Business Operations,Accounting,Expense,2025-11-13,09:20:28,2025-11-13 09:20:28,64523.13,INR,-64523.13,APK Owner,,,MAESTRO-APK-BUSINESS-BUSINESS_OPERATIONS-0243 | Accounting | 64523.13,Android,B05,BASELINE_1_500,CREATED,idem-20260902-apk-0243
244,MTR-APK-0244,Personal,Personal,Lifestyle,Dining,Expense,2025-12-16,06:16:40,2025-12-16 06:16:40,8014.21,INR,-8014.21,APK Owner,,,MAESTRO-APK-PERSONAL-LIFESTYLE-0244 | Dining | 8014.21,Android,B05,BASELINE_1_500,CREATED,idem-20260902-apk-0244
245,MTR-APK-0245,Group,Shared Experience,House Party,Other,Expense,2025-10-14,06:33:20,2025-10-14 06:33:20,96.65,INR,-96.65,APK Owner,3,PERCENTAGE,MAESTRO-APK-GROUP-HOUSE_PARTY-0245 | Other | 96.65,Android,B05,BASELINE_1_500,CREATED,idem-20260902-apk-0245
246,MTR-APK-0246,Business,Business,Business Operations,Equipment,Expense,2026-07-22,16:11:08,2026-07-22 16:11:08,32706.91,INR,-32706.91,APK Owner,,,MAESTRO-APK-BUSINESS-BUSINESS_OPERATIONS-0246 | Equipment | 32706.91,Android,B05,BASELINE_1_500,CREATED,idem-20260902-apk-0246
247,MTR-APK-0247,Personal,Personal,Lifestyle,Shopping,Expense,2026-05-29,17:09:32,2026-05-29 17:09:32,4281.83,INR,-4281.83,APK Owner,,,MAESTRO-APK-PERSONAL-LIFESTYLE-0247 | Shopping | 4281.83,Android,B05,BASELINE_1_500,CREATED,idem-20260902-apk-0247
248,MTR-APK-0248,Group,Shared Purchase,Gift Pool,Contribution,Contribution,2026-05-20,15:47:16,2026-05-20 15:47:16,13432.82,INR,13432.82,APK Aarav,3,EXACT,MAESTRO-APK-GROUP-GIFT_POOL-0248 | Contribution | 13432.82,Android,B05,BASELINE_1_500,CREATED,idem-20260902-apk-0248
249,MTR-APK-0249,Business,Business,Business Operations,Vendor,Expense,2026-08-21,16:01:28,2026-08-21 16:01:28,5314.17,INR,-5314.17,APK Owner,,,MAESTRO-APK-BUSINESS-BUSINESS_OPERATIONS-0249 | Vendor | 5314.17,Android,B05,BASELINE_1_500,CREATED,idem-20260902-apk-0249
250,MTR-APK-0250,Personal,Personal,Lifestyle,Entertainment,Expense,2026-07-24,12:54:58,2026-07-24 12:54:58,7242.02,INR,-7242.02,APK Owner,,,MAESTRO-APK-PERSONAL-LIFESTYLE-0250 | Entertainment | 7242.02,Android,B05,BASELINE_1_500,CREATED,idem-20260902-apk-0250
251,MTR-APK-0251,Group,Shared Purchase,Gift Pool,Gift Purchase,Expense,2026-05-15,23:51:01,2026-05-15 23:51:01,8036.56,INR,-8036.56,APK Meera,3,SHARES,MAESTRO-APK-GROUP-GIFT_POOL-0251 | Gift Purchase | 8036.56,Android,B06,BASELINE_1_500,CREATED,idem-20260902-apk-0251
252,MTR-APK-0252,Business,Business,Business Operations,Tax,Expense,2025-09-05,20:04:02,2025-09-05 20:04:02,146319.96,INR,-146319.96,APK Owner,,,MAESTRO-APK-BUSINESS-BUSINESS_OPERATIONS-0252 | Tax | 146319.96,Android,B06,BASELINE_1_500,CREATED,idem-20260902-apk-0252
253,MTR-APK-0253,Personal,Personal,Lifestyle,Travel,Expense,2025-10-14,09:50:04,2025-10-14 09:50:04,19016.47,INR,-19016.47,APK Owner,,,MAESTRO-APK-PERSONAL-LIFESTYLE-0253 | Travel | 19016.47,Android,B06,BASELINE_1_500,CREATED,idem-20260902-apk-0253
254,MTR-APK-0254,Group,Shared Purchase,Gift Pool,Delivery,Expense,2026-03-02,21:36:09,2026-03-02 21:36:09,22088.92,INR,-22088.92,APK Owner,3,EQUAL,MAESTRO-APK-GROUP-GIFT_POOL-0254 | Delivery | 22088.92,Android,B06,BASELINE_1_500,CREATED,idem-20260902-apk-0254
255,MTR-APK-0255,Business,Business,Team Operations,Payroll,Expense,2025-10-27,22:21:10,2025-10-27 22:21:10,42288.77,INR,-42288.77,APK Owner,,,MAESTRO-APK-BUSINESS-TEAM_OPERATIONS-0255 | Payroll | 42288.77,Android,B06,BASELINE_1_500,CREATED,idem-20260902-apk-0255
256,MTR-APK-0256,Personal,Personal,Lifestyle,Fitness,Expense,2025-09-20,14:10:43,2025-09-20 14:10:43,10673.14,INR,-10673.14,APK Owner,,,MAESTRO-APK-PERSONAL-LIFESTYLE-0256 | Fitness | 10673.14,Android,B06,BASELINE_1_500,CREATED,idem-20260902-apk-0256
257,MTR-APK-0257,Group,Shared Purchase,Gift Pool,Other,Expense,2026-06-16,07:23:16,2026-06-16 07:23:16,26982.98,INR,-26982.98,APK Aarav,3,PERCENTAGE,MAESTRO-APK-GROUP-GIFT_POOL-0257 | Other | 26982.98,Android,B06,BASELINE_1_500,CREATED,idem-20260902-apk-0257
258,MTR-APK-0258,Business,Business,Team Operations,Contractor,Expense,2025-11-23,01:42:53,2025-11-23 01:42:53,128414.17,INR,-128414.17,APK Owner,,,MAESTRO-APK-BUSINESS-TEAM_OPERATIONS-0258 | Contractor | 128414.17,Android,B06,BASELINE_1_500,CREATED,idem-20260902-apk-0258
259,MTR-APK-0259,Personal,Personal,Lifestyle,Hobbies,Expense,2025-11-20,12:51:00,2025-11-20 12:51:00,1.0,INR,-1.0,APK Owner,,,MAESTRO-APK-PERSONAL-LIFESTYLE-0259 | Hobbies | 1.00,Android,B06,BASELINE_1_500,CREATED,idem-20260902-apk-0259
260,MTR-APK-0260,Group,Shared Purchase,Purchase,Item,Expense,2026-07-23,07:49:10,2026-07-23 07:49:10,8031.38,INR,-8031.38,APK Meera,3,EXACT,MAESTRO-APK-GROUP-PURCHASE-0260 | Item | 8031.38,Android,B06,BASELINE_1_500,CREATED,idem-20260902-apk-0260
261,MTR-APK-0261,Business,Business,Team Operations,Hiring,Expense,2026-06-02,21:10:51,2026-06-02 21:10:51,122201.81,INR,-122201.81,APK Owner,,,MAESTRO-APK-BUSINESS-TEAM_OPERATIONS-0261 | Hiring | 122201.81,Android,B06,BASELINE_1_500,CREATED,idem-20260902-apk-0261
262,MTR-APK-0262,Personal,Personal,Relationships,Gifts,Expense,2025-10-06,08:11:14,2025-10-06 08:11:14,13721.91,INR,-13721.91,APK Owner,,,MAESTRO-APK-PERSONAL-RELATIONSHIPS-0262 | Gifts | 13721.91,Android,B06,BASELINE_1_500,CREATED,idem-20260902-apk-0262
263,MTR-APK-0263,Group,Shared Purchase,Purchase,Shipping,Expense,2026-01-01,09:22:52,2026-01-01 09:22:52,1495.32,INR,-1495.32,APK Owner,3,SHARES,MAESTRO-APK-GROUP-PURCHASE-0263 | Shipping | 1495.32,Android,B06,BASELINE_1_500,CREATED,idem-20260902-apk-0263
264,MTR-APK-0264,Business,Business,Team Operations,Team Meal,Expense,2026-08-06,00:41:39,2026-08-06 00:41:39,87865.06,INR,-87865.06,APK Owner,,,MAESTRO-APK-BUSINESS-TEAM_OPERATIONS-0264 | Team Meal | 87865.06,Android,B06,BASELINE_1_500,CREATED,idem-20260902-apk-0264
265,MTR-APK-0265,Personal,Personal,Relationships,Dates,Expense,2025-12-11,21:43:53,2025-12-11 21:43:53,10720.68,INR,-10720.68,APK Owner,,,MAESTRO-APK-PERSONAL-RELATIONSHIPS-0265 | Dates | 10720.68,Android,B06,BASELINE_1_500,CREATED,idem-20260902-apk-0265
266,MTR-APK-0266,Group,Shared Purchase,Purchase,Tax,Expense,2026-03-23,15:33:20,2026-03-23 15:33:20,6611.94,INR,-6611.94,APK Aarav,3,EQUAL,MAESTRO-APK-GROUP-PURCHASE-0266 | Tax | 6611.94,Android,B06,BASELINE_1_500,CREATED,idem-20260902-apk-0266
267,MTR-APK-0267,Business,Business,Team Operations,Travel,Expense,2026-02-23,23:15:20,2026-02-23 23:15:20,177731.99,INR,-177731.99,APK Owner,,,MAESTRO-APK-BUSINESS-TEAM_OPERATIONS-0267 | Travel | 177731.99,Android,B06,BASELINE_1_500,CREATED,idem-20260902-apk-0267
268,MTR-APK-0268,Personal,Personal,Relationships,Family,Expense,2026-05-30,08:12:10,2026-05-30 08:12:10,9630.75,INR,-9630.75,APK Owner,,,MAESTRO-APK-PERSONAL-RELATIONSHIPS-0268 | Family | 9630.75,Android,B06,BASELINE_1_500,CREATED,idem-20260902-apk-0268
269,MTR-APK-0269,Group,Shared Purchase,Purchase,Other,Expense,2026-06-21,17:03:34,2026-06-21 17:03:34,17846.28,INR,-17846.28,APK Meera,3,PERCENTAGE,MAESTRO-APK-GROUP-PURCHASE-0269 | Other | 17846.28,Android,B06,BASELINE_1_500,CREATED,idem-20260902-apk-0269
270,MTR-APK-0270,Business,Business,Team Operations,Training,Expense,2026-06-29,19:48:35,2026-06-29 19:48:35,168094.35,INR,-168094.35,APK Owner,,,MAESTRO-APK-BUSINESS-TEAM_OPERATIONS-0270 | Training | 168094.35,Android,B06,BASELINE_1_500,CREATED,idem-20260902-apk-0270
271,MTR-APK-0271,Personal,Personal,Relationships,Friends,Expense,2026-01-28,09:56:33,2026-01-28 09:56:33,14709.38,INR,-14709.38,APK Owner,,,MAESTRO-APK-PERSONAL-RELATIONSHIPS-0271 | Friends | 14709.38,Android,B06,BASELINE_1_500,CREATED,idem-20260902-apk-0271
272,MTR-APK-0272,Group,Shared Purchase,Assets,Purchase,Expense,2025-11-09,01:20:45,2025-11-09 01:20:45,25863.92,INR,-25863.92,APK Owner,3,EXACT,MAESTRO-APK-GROUP-ASSETS-0272 | Purchase | 25863.92,Android,B06,BASELINE_1_500,CREATED,idem-20260902-apk-0272
273,MTR-APK-0273,Business,Business,Team Operations,Tools,Expense,2026-01-04,19:03:19,2026-01-04 19:03:19,134298.15,INR,-134298.15,APK Owner,,,MAESTRO-APK-BUSINESS-TEAM_OPERATIONS-0273 | Tools | 134298.15,Android,B06,BASELINE_1_500,CREATED,idem-20260902-apk-0273
274,MTR-APK-0274,Personal,Personal,Relationships,Celebrations,Expense,2026-05-31,05:20:52,2026-05-31 05:20:52,17325.64,INR,-17325.64,APK Owner,,,MAESTRO-APK-PERSONAL-RELATIONSHIPS-0274 | Celebrations | 17325.64,Android,B06,BASELINE_1_500,CREATED,idem-20260902-apk-0274
275,MTR-APK-0275,Group,Shared Purchase,Assets,Maintenance,Expense,2026-06-14,02:48:58,2026-06-14 02:48:58,22510.33,INR,-22510.33,APK Aarav,3,SHARES,MAESTRO-APK-GROUP-ASSETS-0275 | Maintenance | 22510.33,Android,B06,BASELINE_1_500,CREATED,idem-20260902-apk-0275
276,MTR-APK-0276,Business,Business,Business Runway,Funding,Income,2026-02-12,17:41:44,2026-02-12 17:41:44,86039.28,INR,86039.28,APK Owner,,,MAESTRO-APK-BUSINESS-BUSINESS_RUNWAY-0276 | Funding | 86039.28,Android,B06,BASELINE_1_500,CREATED,idem-20260902-apk-0276
277,MTR-APK-0277,Personal,Personal,Life Operations,Groceries,Expense,2026-04-11,05:53:29,2026-04-11 05:53:29,8311.53,INR,-8311.53,APK Owner,,,MAESTRO-APK-PERSONAL-LIFE_OPERATIONS-0277 | Groceries | 8311.53,Android,B06,BASELINE_1_500,CREATED,idem-20260902-apk-0277
278,MTR-APK-0278,Group,Shared Purchase,Assets,Repair,Expense,2025-11-15,03:23:56,2025-11-15 03:23:56,5834.74,INR,-5834.74,APK Meera,3,EQUAL,MAESTRO-APK-GROUP-ASSETS-0278 | Repair | 5834.74,Android,B06,BASELINE_1_500,CREATED,idem-20260902-apk-0278
279,MTR-APK-0279,Business,Business,Business Runway,Revenue,Income,2026-08-31,13:21:30,2026-08-31 13:21:30,142654.2,INR,142654.2,APK Owner,,,MAESTRO-APK-BUSINESS-BUSINESS_RUNWAY-0279 | Revenue | 142654.20,Android,B06,BASELINE_1_500,CREATED,idem-20260902-apk-0279
280,MTR-APK-0280,Personal,Personal,Life Operations,Rent,Expense,2025-09-12,23:13:16,2025-09-12 23:13:16,16964.38,INR,-16964.38,APK Owner,,,MAESTRO-APK-PERSONAL-LIFE_OPERATIONS-0280 | Rent | 16964.38,Android,B06,BASELINE_1_500,CREATED,idem-20260902-apk-0280
281,MTR-APK-0281,Group,Shared Purchase,Assets,Insurance,Expense,2025-10-30,09:55:35,2025-10-30 09:55:35,11236.45,INR,-11236.45,APK Owner,3,PERCENTAGE,MAESTRO-APK-GROUP-ASSETS-0281 | Insurance | 11236.45,Android,B06,BASELINE_1_500,CREATED,idem-20260902-apk-0281
282,MTR-APK-0282,Business,Business,Business Runway,Burn,Expense,2026-07-26,12:25:12,2026-07-26 12:25:12,33838.02,INR,-33838.02,APK Owner,,,MAESTRO-APK-BUSINESS-BUSINESS_RUNWAY-0282 | Burn | 33838.02,Android,B06,BASELINE_1_500,CREATED,idem-20260902-apk-0282
283,MTR-APK-0283,Personal,Personal,Life Operations,Bills,Expense,2026-05-11,21:16:22,2026-05-11 21:16:22,9688.61,INR,-9688.61,APK Owner,,,MAESTRO-APK-PERSONAL-LIFE_OPERATIONS-0283 | Bills | 9688.61,Android,B06,BASELINE_1_500,CREATED,idem-20260902-apk-0283
284,MTR-APK-0284,Group,Shared Purchase,Assets,Other,Expense,2025-11-17,15:01:15,2025-11-17 15:01:15,1783.73,INR,-1783.73,APK Aarav,3,EXACT,MAESTRO-APK-GROUP-ASSETS-0284 | Other | 1783.73,Android,B06,BASELINE_1_500,CREATED,idem-20260902-apk-0284
285,MTR-APK-0285,Business,Business,Business Runway,Reserve,Transfer,2026-03-07,08:52:41,2026-03-07 08:52:41,53855.38,INR,0.0,APK Owner,,,MAESTRO-APK-BUSINESS-BUSINESS_RUNWAY-0285 | Reserve | 53855.38,Android,B06,BASELINE_1_500,CREATED,idem-20260902-apk-0285
286,MTR-APK-0286,Personal,Personal,Life Operations,Transport,Expense,2026-05-20,21:46:02,2026-05-20 21:46:02,1729.21,INR,-1729.21,APK Owner,,,MAESTRO-APK-PERSONAL-LIFE_OPERATIONS-0286 | Transport | 1729.21,Android,B06,BASELINE_1_500,CREATED,idem-20260902-apk-0286
287,MTR-APK-0287,Group,Shared Purchase,Custom Purchase,Custom Expense,Expense,2026-02-25,05:04:43,2026-02-25 05:04:43,19918.14,INR,-19918.14,APK Meera,3,SHARES,MAESTRO-APK-GROUP-CUSTOM_PURCHASE-0287 | Custom Expense | 19918.14,Android,B06,BASELINE_1_500,CREATED,idem-20260902-apk-0287
288,MTR-APK-0288,Business,Business,Business Runway,Loan,Income,2026-07-20,10:40:33,2026-07-20 10:40:33,63008.32,INR,63008.32,APK Owner,,,MAESTRO-APK-BUSINESS-BUSINESS_RUNWAY-0288 | Loan | 63008.32,Android,B06,BASELINE_1_500,CREATED,idem-20260902-apk-0288
289,MTR-APK-0289,Personal,Personal,Life Operations,Healthcare,Expense,2025-10-01,20:20:43,2025-10-01 20:20:43,13699.85,INR,-13699.85,APK Owner,,,MAESTRO-APK-PERSONAL-LIFE_OPERATIONS-0289 | Healthcare | 13699.85,Android,B06,BASELINE_1_500,CREATED,idem-20260902-apk-0289
290,MTR-APK-0290,Group,Shared Purchase,Custom Purchase,Custom Contribution,Contribution,2026-08-01,17:57:01,2026-08-01 17:57:01,1860.23,INR,1860.23,APK Owner,3,EQUAL,MAESTRO-APK-GROUP-CUSTOM_PURCHASE-0290 | Custom Contribution | 1860.23,Android,B06,BASELINE_1_500,CREATED,idem-20260902-apk-0290
291,MTR-APK-0291,Business,Business,Business Runway,Investment,Income,2026-08-25,23:43:37,2026-08-25 23:43:37,165205.44,INR,165205.44,APK Owner,,,MAESTRO-APK-BUSINESS-BUSINESS_RUNWAY-0291 | Investment | 165205.44,Android,B06,BASELINE_1_500,CREATED,idem-20260902-apk-0291
292,MTR-APK-0292,Personal,Personal,Life Operations,Subscriptions,Expense,2026-07-28,14:13:43,2026-07-28 14:13:43,18921.82,INR,-18921.82,APK Owner,,,MAESTRO-APK-PERSONAL-LIFE_OPERATIONS-0292 | Subscriptions | 18921.82,Android,B06,BASELINE_1_500,CREATED,idem-20260902-apk-0292
293,MTR-APK-0293,Group,Shared Living,Flatmates,Rent,Expense,2026-05-08,02:44:39,2026-05-08 02:44:39,21718.61,INR,-21718.61,APK Aarav,3,PERCENTAGE,MAESTRO-APK-GROUP-FLATMATES-0293 | Rent | 21718.61,Android,B06,BASELINE_1_500,CREATED,idem-20260902-apk-0293
294,MTR-APK-0294,Business,Business,Business Operations,Software,Expense,2026-04-16,18:52:11,2026-04-16 18:52:11,56620.58,INR,-56620.58,APK Owner,,,MAESTRO-APK-BUSINESS-BUSINESS_OPERATIONS-0294 | Software | 56620.58,Android,B06,BASELINE_1_500,CREATED,idem-20260902-apk-0294
295,MTR-APK-0295,Personal,Personal,Life Operations,Repairs,Expense,2026-04-24,16:40:05,2026-04-24 16:40:05,4263.06,INR,-4263.06,APK Owner,,,MAESTRO-APK-PERSONAL-LIFE_OPERATIONS-0295 | Repairs | 4263.06,Android,B06,BASELINE_1_500,CREATED,idem-20260902-apk-0295
296,MTR-APK-0296,Group,Shared Living,Flatmates,Utilities,Expense,2026-08-03,09:06:59,2026-08-03 09:06:59,99.99,INR,-99.99,APK Meera,3,EXACT,MAESTRO-APK-GROUP-FLATMATES-0296 | Utilities | 99.99,Android,B06,BASELINE_1_500,CREATED,idem-20260902-apk-0296
297,MTR-APK-0297,Business,Business,Business Operations,Rent,Expense,2026-02-17,06:41:37,2026-02-17 06:41:37,27779.53,INR,-27779.53,APK Owner,,,MAESTRO-APK-BUSINESS-BUSINESS_OPERATIONS-0297 | Rent | 27779.53,Android,B06,BASELINE_1_500,CREATED,idem-20260902-apk-0297
298,MTR-APK-0298,Personal,Personal,Future Building,Savings,Transfer,2026-07-15,20:21:34,2026-07-15 20:21:34,12739.3,INR,0.0,APK Owner,,,MAESTRO-APK-PERSONAL-FUTURE_BUILDING-0298 | Savings | 12739.30,Android,B06,BASELINE_1_500,CREATED,idem-20260902-apk-0298
299,MTR-APK-0299,Group,Shared Living,Flatmates,Groceries,Expense,2025-12-19,11:04:31,2025-12-19 11:04:31,21581.16,INR,-21581.16,APK Owner,3,SHARES,MAESTRO-APK-GROUP-FLATMATES-0299 | Groceries | 21581.16,Android,B06,BASELINE_1_500,CREATED,idem-20260902-apk-0299
300,MTR-APK-0300,Business,Business,Business Operations,Marketing,Expense,2026-06-28,00:38:01,2026-06-28 00:38:01,15747.51,INR,-15747.51,APK Owner,,,MAESTRO-APK-BUSINESS-BUSINESS_OPERATIONS-0300 | Marketing | 15747.51,Android,B06,BASELINE_1_500,CREATED,idem-20260902-apk-0300
301,MTR-APK-0301,Personal,Personal,Future Building,Emergency Fund,Transfer,2025-11-20,02:58:15,2025-11-20 02:58:15,16761.7,INR,0.0,APK Owner,,,MAESTRO-APK-PERSONAL-FUTURE_BUILDING-0301 | Emergency Fund | 16761.70,Android,B07,BASELINE_1_500,CREATED,idem-20260902-apk-0301
302,MTR-APK-0302,Group,Shared Living,Flatmates,Internet,Expense,2026-05-23,17:00:16,2026-05-23 17:00:16,14898.68,INR,-14898.68,APK Aarav,3,EQUAL,MAESTRO-APK-GROUP-FLATMATES-0302 | Internet | 14898.68,Android,B07,BASELINE_1_500,CREATED,idem-20260902-apk-0302
303,MTR-APK-0303,Business,Business,Business Operations,Legal,Expense,2026-08-28,01:59:23,2026-08-28 01:59:23,108559.28,INR,-108559.28,APK Owner,,,MAESTRO-APK-BUSINESS-BUSINESS_OPERATIONS-0303 | Legal | 108559.28,Android,B07,BASELINE_1_500,CREATED,idem-20260902-apk-0303
304,MTR-APK-0304,Personal,Personal,Future Building,Investments,Investment,2026-04-23,11:57:34,2026-04-23 11:57:34,13128.57,INR,0.0,APK Owner,,,MAESTRO-APK-PERSONAL-FUTURE_BUILDING-0304 | Investments | 13128.57,Android,B07,BASELINE_1_500,CREATED,idem-20260902-apk-0304
305,MTR-APK-0305,Group,Shared Living,Flatmates,House Supplies,Expense,2026-03-21,11:19:02,2026-03-21 11:19:02,6397.26,INR,-6397.26,APK Meera,3,PERCENTAGE,MAESTRO-APK-GROUP-FLATMATES-0305 | House Supplies | 6397.26,Android,B07,BASELINE_1_500,CREATED,idem-20260902-apk-0305
306,MTR-APK-0306,Business,Business,Business Operations,Accounting,Expense,2025-12-10,06:26:03,2025-12-10 06:26:03,35930.12,INR,-35930.12,APK Owner,,,MAESTRO-APK-BUSINESS-BUSINESS_OPERATIONS-0306 | Accounting | 35930.12,Android,B07,BASELINE_1_500,CREATED,idem-20260902-apk-0306
307,MTR-APK-0307,Personal,Personal,Future Building,Education,Expense,2026-05-31,10:59:05,2026-05-31 10:59:05,3003.58,INR,-3003.58,APK Owner,,,MAESTRO-APK-PERSONAL-FUTURE_BUILDING-0307 | Education | 3003.58,Android,B07,BASELINE_1_500,CREATED,idem-20260902-apk-0307
308,MTR-APK-0308,Group,Shared Living,Flatmates,Repairs,Expense,2026-05-03,18:11:11,2026-05-03 18:11:11,15231.12,INR,-15231.12,APK Owner,3,EXACT,MAESTRO-APK-GROUP-FLATMATES-0308 | Repairs | 15231.12,Android,B07,BASELINE_1_500,CREATED,idem-20260902-apk-0308
309,MTR-APK-0309,Business,Business,Business Operations,Equipment,Expense,2026-02-21,08:20:00,2026-02-21 08:20:00,100819.24,INR,-100819.24,APK Owner,,,MAESTRO-APK-BUSINESS-BUSINESS_OPERATIONS-0309 | Equipment | 100819.24,Android,B07,BASELINE_1_500,CREATED,idem-20260902-apk-0309
310,MTR-APK-0310,Personal,Personal,Future Building,Goal Contribution,Transfer,2026-01-16,10:25:56,2026-01-16 10:25:56,6842.67,INR,0.0,APK Owner,,,MAESTRO-APK-PERSONAL-FUTURE_BUILDING-0310 | Goal Contribution | 6842.67,Android,B07,BASELINE_1_500,CREATED,idem-20260902-apk-0310
311,MTR-APK-0311,Group,Shared Living,Shared Living,Rent,Expense,2026-01-09,15:31:53,2026-01-09 15:31:53,13612.05,INR,-13612.05,APK Aarav,3,SHARES,MAESTRO-APK-GROUP-SHARED_LIVING-0311 | Rent | 13612.05,Android,B07,BASELINE_1_500,CREATED,idem-20260902-apk-0311
312,MTR-APK-0312,Business,Business,Business Operations,Vendor,Expense,2025-09-17,12:22:53,2025-09-17 12:22:53,13554.59,INR,-13554.59,APK Owner,,,MAESTRO-APK-BUSINESS-BUSINESS_OPERATIONS-0312 | Vendor | 13554.59,Android,B07,BASELINE_1_500,CREATED,idem-20260902-apk-0312
313,MTR-APK-0313,Personal,Personal,Lifestyle,Dining,Expense,2026-03-13,20:50:39,2026-03-13 20:50:39,17924.79,INR,-17924.79,APK Owner,,,MAESTRO-APK-PERSONAL-LIFESTYLE-0313 | Dining | 17924.79,Android,B07,BASELINE_1_500,CREATED,idem-20260902-apk-0313
314,MTR-APK-0314,Group,Shared Living,Shared Living,Utilities,Expense,2026-07-03,23:56:49,2026-07-03 23:56:49,1903.79,INR,-1903.79,APK Meera,3,EQUAL,MAESTRO-APK-GROUP-SHARED_LIVING-0314 | Utilities | 1903.79,Android,B07,BASELINE_1_500,CREATED,idem-20260902-apk-0314
315,MTR-APK-0315,Business,Business,Business Operations,Tax,Expense,2026-01-06,21:47:41,2026-01-06 21:47:41,123326.78,INR,-123326.78,APK Owner,,,MAESTRO-APK-BUSINESS-BUSINESS_OPERATIONS-0315 | Tax | 123326.78,Android,B07,BASELINE_1_500,CREATED,idem-20260902-apk-0315
316,MTR-APK-0316,Personal,Personal,Lifestyle,Shopping,Expense,2026-03-13,11:59:45,2026-03-13 11:59:45,17382.33,INR,-17382.33,APK Owner,,,MAESTRO-APK-PERSONAL-LIFESTYLE-0316 | Shopping | 17382.33,Android,B07,BASELINE_1_500,CREATED,idem-20260902-apk-0316
317,MTR-APK-0317,Group,Shared Living,Shared Living,Groceries,Expense,2026-04-02,03:51:58,2026-04-02 03:51:58,23511.53,INR,-23511.53,APK Owner,3,PERCENTAGE,MAESTRO-APK-GROUP-SHARED_LIVING-0317 | Groceries | 23511.53,Android,B07,BASELINE_1_500,CREATED,idem-20260902-apk-0317
318,MTR-APK-0318,Business,Business,Team Operations,Payroll,Expense,2026-05-02,18:24:58,2026-05-02 18:24:58,25545.43,INR,-25545.43,APK Owner,,,MAESTRO-APK-BUSINESS-TEAM_OPERATIONS-0318 | Payroll | 25545.43,Android,B07,BASELINE_1_500,CREATED,idem-20260902-apk-0318
319,MTR-APK-0319,Personal,Personal,Lifestyle,Entertainment,Expense,2025-12-21,00:49:09,2025-12-21 00:49:09,15659.54,INR,-15659.54,APK Owner,,,MAESTRO-APK-PERSONAL-LIFESTYLE-0319 | Entertainment | 15659.54,Android,B07,BASELINE_1_500,CREATED,idem-20260902-apk-0319
320,MTR-APK-0320,Group,Shared Living,Shared Living,Maintenance,Expense,2026-03-12,11:22:57,2026-03-12 11:22:57,11191.15,INR,-11191.15,APK Aarav,3,EXACT,MAESTRO-APK-GROUP-SHARED_LIVING-0320 | Maintenance | 11191.15,Android,B07,BASELINE_1_500,CREATED,idem-20260902-apk-0320
321,MTR-APK-0321,Business,Business,Team Operations,Contractor,Expense,2026-08-02,17:53:56,2026-08-02 17:53:56,11160.43,INR,-11160.43,APK Owner,,,MAESTRO-APK-BUSINESS-TEAM_OPERATIONS-0321 | Contractor | 11160.43,Android,B07,BASELINE_1_500,CREATED,idem-20260902-apk-0321
322,MTR-APK-0322,Personal,Personal,Lifestyle,Travel,Expense,2026-05-14,10:51:53,2026-05-14 10:51:53,12630.57,INR,-12630.57,APK Owner,,,MAESTRO-APK-PERSONAL-LIFESTYLE-0322 | Travel | 12630.57,Android,B07,BASELINE_1_500,CREATED,idem-20260902-apk-0322
323,MTR-APK-0323,Group,Shared Living,Shared Living,Other,Expense,2026-06-10,15:15:40,2026-06-10 15:15:40,10259.81,INR,-10259.81,APK Meera,3,SHARES,MAESTRO-APK-GROUP-SHARED_LIVING-0323 | Other | 10259.81,Android,B07,BASELINE_1_500,CREATED,idem-20260902-apk-0323
324,MTR-APK-0324,Business,Business,Team Operations,Hiring,Expense,2025-11-02,18:02:50,2025-11-02 18:02:50,169841.17,INR,-169841.17,APK Owner,,,MAESTRO-APK-BUSINESS-TEAM_OPERATIONS-0324 | Hiring | 169841.17,Android,B07,BASELINE_1_500,CREATED,idem-20260902-apk-0324
325,MTR-APK-0325,Personal,Personal,Lifestyle,Fitness,Expense,2025-09-10,04:53:11,2025-09-10 04:53:11,16232.14,INR,-16232.14,APK Owner,,,MAESTRO-APK-PERSONAL-LIFESTYLE-0325 | Fitness | 16232.14,Android,B07,BASELINE_1_500,CREATED,idem-20260902-apk-0325
326,MTR-APK-0326,Group,Shared Living,Family Household,School,Expense,2025-09-04,07:03:42,2025-09-04 07:03:42,28722.4,INR,-28722.4,APK Owner,3,EQUAL,MAESTRO-APK-GROUP-FAMILY_HOUSEHOLD-0326 | School | 28722.40,Android,B07,BASELINE_1_500,CREATED,idem-20260902-apk-0326
327,MTR-APK-0327,Business,Business,Team Operations,Team Meal,Expense,2025-11-17,22:52:54,2025-11-17 22:52:54,87739.14,INR,-87739.14,APK Owner,,,MAESTRO-APK-BUSINESS-TEAM_OPERATIONS-0327 | Team Meal | 87739.14,Android,B07,BASELINE_1_500,CREATED,idem-20260902-apk-0327
328,MTR-APK-0328,Personal,Personal,Lifestyle,Hobbies,Expense,2026-04-14,14:00:32,2026-04-14 14:00:32,13621.13,INR,-13621.13,APK Owner,,,MAESTRO-APK-PERSONAL-LIFESTYLE-0328 | Hobbies | 13621.13,Android,B07,BASELINE_1_500,CREATED,idem-20260902-apk-0328
329,MTR-APK-0329,Group,Shared Living,Family Household,Other,Expense,2025-10-11,18:12:58,2025-10-11 18:12:58,22698.98,INR,-22698.98,APK Aarav,3,PERCENTAGE,MAESTRO-APK-GROUP-FAMILY_HOUSEHOLD-0329 | Other | 22698.98,Android,B07,BASELINE_1_500,CREATED,idem-20260902-apk-0329
330,MTR-APK-0330,Business,Business,Team Operations,Travel,Expense,2026-07-28,21:00:33,2026-07-28 21:00:33,53913.78,INR,-53913.78,APK Owner,,,MAESTRO-APK-BUSINESS-TEAM_OPERATIONS-0330 | Travel | 53913.78,Android,B07,BASELINE_1_500,CREATED,idem-20260902-apk-0330
331,MTR-APK-0331,Personal,Personal,Relationships,Gifts,Expense,2025-09-10,10:39:37,2025-09-10 10:39:37,1747.02,INR,-1747.02,APK Owner,,,MAESTRO-APK-PERSONAL-RELATIONSHIPS-0331 | Gifts | 1747.02,Android,B07,BASELINE_1_500,CREATED,idem-20260902-apk-0331
332,MTR-APK-0332,Group,Shared Living,Family Household,Rent,Expense,2026-01-23,17:56:01,2026-01-23 17:56:01,23945.21,INR,-23945.21,APK Meera,3,EXACT,MAESTRO-APK-GROUP-FAMILY_HOUSEHOLD-0332 | Rent | 23945.21,Android,B07,BASELINE_1_500,CREATED,idem-20260902-apk-0332
333,MTR-APK-0333,Business,Business,Team Operations,Training,Expense,2026-03-30,04:46:56,2026-03-30 04:46:56,100.0,INR,-100.0,APK Owner,,,MAESTRO-APK-BUSINESS-TEAM_OPERATIONS-0333 | Training | 100.00,Android,B07,BASELINE_1_500,CREATED,idem-20260902-apk-0333
334,MTR-APK-0334,Personal,Personal,Relationships,Dates,Expense,2026-03-11,17:20:41,2026-03-11 17:20:41,4414.14,INR,-4414.14,APK Owner,,,MAESTRO-APK-PERSONAL-RELATIONSHIPS-0334 | Dates | 4414.14,Android,B07,BASELINE_1_500,CREATED,idem-20260902-apk-0334
335,MTR-APK-0335,Group,Shared Living,Family Household,Groceries,Expense,2025-11-12,02:39:06,2025-11-12 02:39:06,28013.9,INR,-28013.9,APK Owner,3,SHARES,MAESTRO-APK-GROUP-FAMILY_HOUSEHOLD-0335 | Groceries | 28013.90,Android,B07,BASELINE_1_500,CREATED,idem-20260902-apk-0335
336,MTR-APK-0336,Business,Business,Team Operations,Tools,Expense,2025-10-17,11:53:49,2025-10-17 11:53:49,47252.54,INR,-47252.54,APK Owner,,,MAESTRO-APK-BUSINESS-TEAM_OPERATIONS-0336 | Tools | 47252.54,Android,B07,BASELINE_1_500,CREATED,idem-20260902-apk-0336
337,MTR-APK-0337,Personal,Personal,Relationships,Family,Expense,2026-06-18,03:23:24,2026-06-18 03:23:24,3162.84,INR,-3162.84,APK Owner,,,MAESTRO-APK-PERSONAL-RELATIONSHIPS-0337 | Family | 3162.84,Android,B07,BASELINE_1_500,CREATED,idem-20260902-apk-0337
338,MTR-APK-0338,Group,Shared Living,Family Household,Transport,Expense,2025-10-29,03:07:10,2025-10-29 03:07:10,14207.88,INR,-14207.88,APK Aarav,3,EQUAL,MAESTRO-APK-GROUP-FAMILY_HOUSEHOLD-0338 | Transport | 14207.88,Android,B07,BASELINE_1_500,CREATED,idem-20260902-apk-0338
339,MTR-APK-0339,Business,Business,Business Runway,Funding,Income,2026-03-19,09:45:13,2026-03-19 09:45:13,178843.22,INR,178843.22,APK Owner,,,MAESTRO-APK-BUSINESS-BUSINESS_RUNWAY-0339 | Funding | 178843.22,Android,B07,BASELINE_1_500,CREATED,idem-20260902-apk-0339
340,MTR-APK-0340,Personal,Personal,Relationships,Friends,Expense,2025-12-11,06:23:36,2025-12-11 06:23:36,2135.52,INR,-2135.52,APK Owner,,,MAESTRO-APK-PERSONAL-RELATIONSHIPS-0340 | Friends | 2135.52,Android,B07,BASELINE_1_500,CREATED,idem-20260902-apk-0340
341,MTR-APK-0341,Group,Shared Living,Family Household,Bills,Expense,2026-02-17,13:48:49,2026-02-17 13:48:49,12731.68,INR,-12731.68,APK Meera,3,PERCENTAGE,MAESTRO-APK-GROUP-FAMILY_HOUSEHOLD-0341 | Bills | 12731.68,Android,B07,BASELINE_1_500,CREATED,idem-20260902-apk-0341
342,MTR-APK-0342,Business,Business,Business Runway,Revenue,Income,2025-09-11,20:35:11,2025-09-11 20:35:11,168662.19,INR,168662.19,APK Owner,,,MAESTRO-APK-BUSINESS-BUSINESS_RUNWAY-0342 | Revenue | 168662.19,Android,B07,BASELINE_1_500,CREATED,idem-20260902-apk-0342
343,MTR-APK-0343,Personal,Personal,Relationships,Celebrations,Expense,2025-09-18,03:07:59,2025-09-18 03:07:59,9775.45,INR,-9775.45,APK Owner,,,MAESTRO-APK-PERSONAL-RELATIONSHIPS-0343 | Celebrations | 9775.45,Android,B07,BASELINE_1_500,CREATED,idem-20260902-apk-0343
344,MTR-APK-0344,Group,Shared Living,Custom Living,Custom Expense,Expense,2025-10-07,03:24:28,2025-10-07 03:24:28,12361.3,INR,-12361.3,APK Owner,3,EXACT,MAESTRO-APK-GROUP-CUSTOM_LIVING-0344 | Custom Expense | 12361.30,Android,B07,BASELINE_1_500,CREATED,idem-20260902-apk-0344
345,MTR-APK-0345,Business,Business,Business Runway,Burn,Expense,2026-07-23,17:42:09,2026-07-23 17:42:09,40911.26,INR,-40911.26,APK Owner,,,MAESTRO-APK-BUSINESS-BUSINESS_RUNWAY-0345 | Burn | 40911.26,Android,B07,BASELINE_1_500,CREATED,idem-20260902-apk-0345
346,MTR-APK-0346,Personal,Personal,Life Operations,Groceries,Expense,2026-08-18,13:02:41,2026-08-18 13:02:41,5100.22,INR,-5100.22,APK Owner,,,MAESTRO-APK-PERSONAL-LIFE_OPERATIONS-0346 | Groceries | 5100.22,Android,B07,BASELINE_1_500,CREATED,idem-20260902-apk-0346
347,MTR-APK-0347,Group,Shared Living,Custom Living,Custom Contribution,Contribution,2025-10-20,04:51:25,2025-10-20 04:51:25,24147.72,INR,24147.72,APK Aarav,3,SHARES,MAESTRO-APK-GROUP-CUSTOM_LIVING-0347 | Custom Contribution | 24147.72,Android,B07,BASELINE_1_500,CREATED,idem-20260902-apk-0347
348,MTR-APK-0348,Business,Business,Business Runway,Reserve,Transfer,2026-03-12,12:32:20,2026-03-12 12:32:20,52678.73,INR,0.0,APK Owner,,,MAESTRO-APK-BUSINESS-BUSINESS_RUNWAY-0348 | Reserve | 52678.73,Android,B07,BASELINE_1_500,CREATED,idem-20260902-apk-0348
349,MTR-APK-0349,Personal,Personal,Life Operations,Rent,Expense,2026-05-11,15:11:20,2026-05-11 15:11:20,4137.47,INR,-4137.47,APK Owner,,,MAESTRO-APK-PERSONAL-LIFE_OPERATIONS-0349 | Rent | 4137.47,Android,B07,BASELINE_1_500,CREATED,idem-20260902-apk-0349
350,MTR-APK-0350,Group,Shared Experience,Trip,Travel,Expense,2026-08-23,08:16:55,2026-08-23 08:16:55,12566.72,INR,-12566.72,APK Meera,3,EQUAL,MAESTRO-APK-GROUP-TRIP-0350 | Travel | 12566.72,Android,B07,BASELINE_1_500,CREATED,idem-20260902-apk-0350
351,MTR-APK-0351,Business,Business,Business Runway,Loan,Income,2026-07-01,10:23:09,2026-07-01 10:23:09,10887.87,INR,10887.87,APK Owner,,,MAESTRO-APK-BUSINESS-BUSINESS_RUNWAY-0351 | Loan | 10887.87,Android,B08,BASELINE_1_500,CREATED,idem-20260902-apk-0351
352,MTR-APK-0352,Personal,Personal,Life Operations,Bills,Expense,2026-05-08,07:40:35,2026-05-08 07:40:35,1380.94,INR,-1380.94,APK Owner,,,MAESTRO-APK-PERSONAL-LIFE_OPERATIONS-0352 | Bills | 1380.94,Android,B08,BASELINE_1_500,CREATED,idem-20260902-apk-0352
353,MTR-APK-0353,Group,Shared Experience,Trip,Stay,Expense,2025-10-19,17:09:38,2025-10-19 17:09:38,11417.66,INR,-11417.66,APK Owner,3,PERCENTAGE,MAESTRO-APK-GROUP-TRIP-0353 | Stay | 11417.66,Android,B08,BASELINE_1_500,CREATED,idem-20260902-apk-0353
354,MTR-APK-0354,Business,Business,Business Runway,Investment,Income,2026-08-16,15:23:30,2026-08-16 15:23:30,86736.53,INR,86736.53,APK Owner,,,MAESTRO-APK-BUSINESS-BUSINESS_RUNWAY-0354 | Investment | 86736.53,Android,B08,BASELINE_1_500,CREATED,idem-20260902-apk-0354
355,MTR-APK-0355,Personal,Personal,Life Operations,Transport,Expense,2025-11-03,10:39:31,2025-11-03 10:39:31,18566.42,INR,-18566.42,APK Owner,,,MAESTRO-APK-PERSONAL-LIFE_OPERATIONS-0355 | Transport | 18566.42,Android,B08,BASELINE_1_500,CREATED,idem-20260902-apk-0355
356,MTR-APK-0356,Group,Shared Experience,Trip,Food,Expense,2026-01-18,00:27:41,2026-01-18 00:27:41,19053.49,INR,-19053.49,APK Aarav,3,EXACT,MAESTRO-APK-GROUP-TRIP-0356 | Food | 19053.49,Android,B08,BASELINE_1_500,CREATED,idem-20260902-apk-0356
357,MTR-APK-0357,Business,Business,Business Operations,Software,Expense,2025-12-30,03:52:10,2025-12-30 03:52:10,150295.77,INR,-150295.77,APK Owner,,,MAESTRO-APK-BUSINESS-BUSINESS_OPERATIONS-0357 | Software | 150295.77,Android,B08,BASELINE_1_500,CREATED,idem-20260902-apk-0357
358,MTR-APK-0358,Personal,Personal,Life Operations,Healthcare,Expense,2026-07-27,13:01:22,2026-07-27 13:01:22,5300.05,INR,-5300.05,APK Owner,,,MAESTRO-APK-PERSONAL-LIFE_OPERATIONS-0358 | Healthcare | 5300.05,Android,B08,BASELINE_1_500,CREATED,idem-20260902-apk-0358
359,MTR-APK-0359,Group,Shared Experience,Trip,Local Transport,Expense,2026-04-19,19:29:10,2026-04-19 19:29:10,14071.41,INR,-14071.41,APK Meera,3,SHARES,MAESTRO-APK-GROUP-TRIP-0359 | Local Transport | 14071.41,Android,B08,BASELINE_1_500,CREATED,idem-20260902-apk-0359
360,MTR-APK-0360,Business,Business,Business Operations,Rent,Expense,2026-07-06,19:58:59,2026-07-06 19:58:59,164955.51,INR,-164955.51,APK Owner,,,MAESTRO-APK-BUSINESS-BUSINESS_OPERATIONS-0360 | Rent | 164955.51,Android,B08,BASELINE_1_500,CREATED,idem-20260902-apk-0360
361,MTR-APK-0361,Personal,Personal,Life Operations,Subscriptions,Expense,2026-05-19,00:57:00,2026-05-19 00:57:00,4405.65,INR,-4405.65,APK Owner,,,MAESTRO-APK-PERSONAL-LIFE_OPERATIONS-0361 | Subscriptions | 4405.65,Android,B08,BASELINE_1_500,CREATED,idem-20260902-apk-0361
362,MTR-APK-0362,Group,Shared Experience,Trip,Activities,Expense,2025-10-06,05:15:09,2025-10-06 05:15:09,21228.78,INR,-21228.78,APK Owner,3,EQUAL,MAESTRO-APK-GROUP-TRIP-0362 | Activities | 21228.78,Android,B08,BASELINE_1_500,CREATED,idem-20260902-apk-0362
363,MTR-APK-0363,Business,Business,Business Operations,Marketing,Expense,2026-02-27,22:39:01,2026-02-27 22:39:01,36544.7,INR,-36544.7,APK Owner,,,MAESTRO-APK-BUSINESS-BUSINESS_OPERATIONS-0363 | Marketing | 36544.70,Android,B08,BASELINE_1_500,CREATED,idem-20260902-apk-0363
364,MTR-APK-0364,Personal,Personal,Life Operations,Repairs,Expense,2026-05-05,03:54:05,2026-05-05 03:54:05,4748.91,INR,-4748.91,APK Owner,,,MAESTRO-APK-PERSONAL-LIFE_OPERATIONS-0364 | Repairs | 4748.91,Android,B08,BASELINE_1_500,CREATED,idem-20260902-apk-0364
365,MTR-APK-0365,Group,Shared Experience,Trip,Shopping,Expense,2026-04-12,11:04:17,2026-04-12 11:04:17,1089.61,INR,-1089.61,APK Aarav,3,PERCENTAGE,MAESTRO-APK-GROUP-TRIP-0365 | Shopping | 1089.61,Android,B08,BASELINE_1_500,CREATED,idem-20260902-apk-0365
366,MTR-APK-0366,Business,Business,Business Operations,Legal,Expense,2025-10-09,19:21:08,2025-10-09 19:21:08,11987.1,INR,-11987.1,APK Owner,,,MAESTRO-APK-BUSINESS-BUSINESS_OPERATIONS-0366 | Legal | 11987.10,Android,B08,BASELINE_1_500,CREATED,idem-20260902-apk-0366
367,MTR-APK-0367,Personal,Personal,Future Building,Savings,Transfer,2026-01-25,17:22:08,2026-01-25 17:22:08,3455.89,INR,0.0,APK Owner,,,MAESTRO-APK-PERSONAL-FUTURE_BUILDING-0367 | Savings | 3455.89,Android,B08,BASELINE_1_500,CREATED,idem-20260902-apk-0367
368,MTR-APK-0368,Group,Shared Experience,Trip,Other,Expense,2026-08-03,22:10:55,2026-08-03 22:10:55,26507.3,INR,-26507.3,APK Meera,3,EXACT,MAESTRO-APK-GROUP-TRIP-0368 | Other | 26507.30,Android,B08,BASELINE_1_500,CREATED,idem-20260902-apk-0368
369,MTR-APK-0369,Business,Business,Business Operations,Accounting,Expense,2026-07-03,14:44:15,2026-07-03 14:44:15,111330.13,INR,-111330.13,APK Owner,,,MAESTRO-APK-BUSINESS-BUSINESS_OPERATIONS-0369 | Accounting | 111330.13,Android,B08,BASELINE_1_500,CREATED,idem-20260902-apk-0369
370,MTR-APK-0370,Personal,Personal,Future Building,Emergency Fund,Transfer,2026-07-14,11:51:38,2026-07-14 11:51:38,999.99,INR,0.0,APK Owner,,,MAESTRO-APK-PERSONAL-FUTURE_BUILDING-0370 | Emergency Fund | 999.99,Android,B08,BASELINE_1_500,CREATED,idem-20260902-apk-0370
371,MTR-APK-0371,Group,Shared Experience,Wedding,Venue,Expense,2026-06-23,16:52:13,2026-06-23 16:52:13,437.97,INR,-437.97,APK Owner,3,SHARES,MAESTRO-APK-GROUP-WEDDING-0371 | Venue | 437.97,Android,B08,BASELINE_1_500,CREATED,idem-20260902-apk-0371
372,MTR-APK-0372,Business,Business,Business Operations,Equipment,Expense,2025-09-01,22:44:29,2025-09-01 22:44:29,112862.36,INR,-112862.36,APK Owner,,,MAESTRO-APK-BUSINESS-BUSINESS_OPERATIONS-0372 | Equipment | 112862.36,Android,B08,BASELINE_1_500,CREATED,idem-20260902-apk-0372
373,MTR-APK-0373,Personal,Personal,Future Building,Investments,Investment,2025-09-04,01:51:28,2025-09-04 01:51:28,1260.27,INR,0.0,APK Owner,,,MAESTRO-APK-PERSONAL-FUTURE_BUILDING-0373 | Investments | 1260.27,Android,B08,BASELINE_1_500,CREATED,idem-20260902-apk-0373
374,MTR-APK-0374,Group,Shared Experience,Wedding,Catering,Expense,2026-08-27,00:03:06,2026-08-27 00:03:06,442.33,INR,-442.33,APK Aarav,3,EQUAL,MAESTRO-APK-GROUP-WEDDING-0374 | Catering | 442.33,Android,B08,BASELINE_1_500,CREATED,idem-20260902-apk-0374
375,MTR-APK-0375,Business,Business,Business Operations,Vendor,Expense,2025-12-03,07:01:56,2025-12-03 07:01:56,11946.93,INR,-11946.93,APK Owner,,,MAESTRO-APK-BUSINESS-BUSINESS_OPERATIONS-0375 | Vendor | 11946.93,Android,B08,BASELINE_1_500,CREATED,idem-20260902-apk-0375
376,MTR-APK-0376,Personal,Personal,Future Building,Education,Expense,2025-09-23,14:40:15,2025-09-23 14:40:15,17083.64,INR,-17083.64,APK Owner,,,MAESTRO-APK-PERSONAL-FUTURE_BUILDING-0376 | Education | 17083.64,Android,B08,BASELINE_1_500,CREATED,idem-20260902-apk-0376
377,MTR-APK-0377,Group,Shared Experience,Wedding,Decor,Expense,2026-04-06,15:20:14,2026-04-06 15:20:14,5917.7,INR,-5917.7,APK Meera,3,PERCENTAGE,MAESTRO-APK-GROUP-WEDDING-0377 | Decor | 5917.70,Android,B08,BASELINE_1_500,CREATED,idem-20260902-apk-0377
378,MTR-APK-0378,Business,Business,Business Operations,Tax,Expense,2026-06-29,10:15:18,2026-06-29 10:15:18,6030.71,INR,-6030.71,APK Owner,,,MAESTRO-APK-BUSINESS-BUSINESS_OPERATIONS-0378 | Tax | 6030.71,Android,B08,BASELINE_1_500,CREATED,idem-20260902-apk-0378
379,MTR-APK-0379,Personal,Personal,Future Building,Goal Contribution,Transfer,2026-03-05,11:43:19,2026-03-05 11:43:19,14460.04,INR,0.0,APK Owner,,,MAESTRO-APK-PERSONAL-FUTURE_BUILDING-0379 | Goal Contribution | 14460.04,Android,B08,BASELINE_1_500,CREATED,idem-20260902-apk-0379
380,MTR-APK-0380,Group,Shared Experience,Wedding,Travel,Expense,2026-08-25,14:30:05,2026-08-25 14:30:05,15883.1,INR,-15883.1,APK Owner,3,EXACT,MAESTRO-APK-GROUP-WEDDING-0380 | Travel | 15883.10,Android,B08,BASELINE_1_500,CREATED,idem-20260902-apk-0380
381,MTR-APK-0381,Business,Business,Team Operations,Payroll,Expense,2026-01-30,17:16:49,2026-01-30 17:16:49,147536.19,INR,-147536.19,APK Owner,,,MAESTRO-APK-BUSINESS-TEAM_OPERATIONS-0381 | Payroll | 147536.19,Android,B08,BASELINE_1_500,CREATED,idem-20260902-apk-0381
382,MTR-APK-0382,Personal,Personal,Lifestyle,Dining,Expense,2026-04-03,04:58:31,2026-04-03 04:58:31,5712.02,INR,-5712.02,APK Owner,,,MAESTRO-APK-PERSONAL-LIFESTYLE-0382 | Dining | 5712.02,Android,B08,BASELINE_1_500,CREATED,idem-20260902-apk-0382
383,MTR-APK-0383,Group,Shared Experience,Wedding,Gifts,Expense,2025-11-15,19:27:56,2025-11-15 19:27:56,9753.79,INR,-9753.79,APK Aarav,3,SHARES,MAESTRO-APK-GROUP-WEDDING-0383 | Gifts | 9753.79,Android,B08,BASELINE_1_500,CREATED,idem-20260902-apk-0383
384,MTR-APK-0384,Business,Business,Team Operations,Contractor,Expense,2025-09-21,16:51:02,2025-09-21 16:51:02,172585.2,INR,-172585.2,APK Owner,,,MAESTRO-APK-BUSINESS-TEAM_OPERATIONS-0384 | Contractor | 172585.20,Android,B08,BASELINE_1_500,CREATED,idem-20260902-apk-0384
385,MTR-APK-0385,Personal,Personal,Lifestyle,Shopping,Expense,2026-08-13,04:29:49,2026-08-13 04:29:49,2567.47,INR,-2567.47,APK Owner,,,MAESTRO-APK-PERSONAL-LIFESTYLE-0385 | Shopping | 2567.47,Android,B08,BASELINE_1_500,CREATED,idem-20260902-apk-0385
386,MTR-APK-0386,Group,Shared Experience,Wedding,Photography,Expense,2026-02-12,04:06:22,2026-02-12 04:06:22,18009.72,INR,-18009.72,APK Meera,3,EQUAL,MAESTRO-APK-GROUP-WEDDING-0386 | Photography | 18009.72,Android,B08,BASELINE_1_500,CREATED,idem-20260902-apk-0386
387,MTR-APK-0387,Business,Business,Team Operations,Hiring,Expense,2025-10-20,20:53:12,2025-10-20 20:53:12,133556.56,INR,-133556.56,APK Owner,,,MAESTRO-APK-BUSINESS-TEAM_OPERATIONS-0387 | Hiring | 133556.56,Android,B08,BASELINE_1_500,CREATED,idem-20260902-apk-0387
388,MTR-APK-0388,Personal,Personal,Lifestyle,Entertainment,Expense,2026-01-26,22:28:36,2026-01-26 22:28:36,943.86,INR,-943.86,APK Owner,,,MAESTRO-APK-PERSONAL-LIFESTYLE-0388 | Entertainment | 943.86,Android,B08,BASELINE_1_500,CREATED,idem-20260902-apk-0388
389,MTR-APK-0389,Group,Shared Experience,Wedding,Other,Expense,2025-11-29,14:16:42,2025-11-29 14:16:42,19281.59,INR,-19281.59,APK Owner,3,PERCENTAGE,MAESTRO-APK-GROUP-WEDDING-0389 | Other | 19281.59,Android,B08,BASELINE_1_500,CREATED,idem-20260902-apk-0389
390,MTR-APK-0390,Business,Business,Team Operations,Team Meal,Expense,2026-04-07,19:32:17,2026-04-07 19:32:17,50557.73,INR,-50557.73,APK Owner,,,MAESTRO-APK-BUSINESS-TEAM_OPERATIONS-0390 | Team Meal | 50557.73,Android,B08,BASELINE_1_500,CREATED,idem-20260902-apk-0390
391,MTR-APK-0391,Personal,Personal,Lifestyle,Travel,Expense,2025-09-29,01:42:51,2025-09-29 01:42:51,3650.22,INR,-3650.22,APK Owner,,,MAESTRO-APK-PERSONAL-LIFESTYLE-0391 | Travel | 3650.22,Android,B08,BASELINE_1_500,CREATED,idem-20260902-apk-0391
392,MTR-APK-0392,Group,Shared Experience,Office Outing,Food,Expense,2025-09-09,12:44:06,2025-09-09 12:44:06,2267.54,INR,-2267.54,APK Aarav,3,EXACT,MAESTRO-APK-GROUP-OFFICE_OUTING-0392 | Food | 2267.54,Android,B08,BASELINE_1_500,CREATED,idem-20260902-apk-0392
393,MTR-APK-0393,Business,Business,Team Operations,Travel,Expense,2026-04-01,06:28:57,2026-04-01 06:28:57,90865.33,INR,-90865.33,APK Owner,,,MAESTRO-APK-BUSINESS-TEAM_OPERATIONS-0393 | Travel | 90865.33,Android,B08,BASELINE_1_500,CREATED,idem-20260902-apk-0393
394,MTR-APK-0394,Personal,Personal,Lifestyle,Fitness,Expense,2026-05-16,17:22:02,2026-05-16 17:22:02,15896.35,INR,-15896.35,APK Owner,,,MAESTRO-APK-PERSONAL-LIFESTYLE-0394 | Fitness | 15896.35,Android,B08,BASELINE_1_500,CREATED,idem-20260902-apk-0394
395,MTR-APK-0395,Group,Shared Experience,Office Outing,Travel,Expense,2025-11-15,17:35:12,2025-11-15 17:35:12,29412.43,INR,-29412.43,APK Meera,3,SHARES,MAESTRO-APK-GROUP-OFFICE_OUTING-0395 | Travel | 29412.43,Android,B08,BASELINE_1_500,CREATED,idem-20260902-apk-0395
396,MTR-APK-0396,Business,Business,Team Operations,Training,Expense,2025-09-18,14:19:14,2025-09-18 14:19:14,146255.8,INR,-146255.8,APK Owner,,,MAESTRO-APK-BUSINESS-TEAM_OPERATIONS-0396 | Training | 146255.80,Android,B08,BASELINE_1_500,CREATED,idem-20260902-apk-0396
397,MTR-APK-0397,Personal,Personal,Lifestyle,Hobbies,Expense,2026-03-25,05:19:35,2026-03-25 05:19:35,788.37,INR,-788.37,APK Owner,,,MAESTRO-APK-PERSONAL-LIFESTYLE-0397 | Hobbies | 788.37,Android,B08,BASELINE_1_500,CREATED,idem-20260902-apk-0397
398,MTR-APK-0398,Group,Shared Experience,Office Outing,Activities,Expense,2026-06-05,01:26:18,2026-06-05 01:26:18,7296.85,INR,-7296.85,APK Owner,3,EQUAL,MAESTRO-APK-GROUP-OFFICE_OUTING-0398 | Activities | 7296.85,Android,B08,BASELINE_1_500,CREATED,idem-20260902-apk-0398
399,MTR-APK-0399,Business,Business,Team Operations,Tools,Expense,2026-07-21,07:43:07,2026-07-21 07:43:07,15180.28,INR,-15180.28,APK Owner,,,MAESTRO-APK-BUSINESS-TEAM_OPERATIONS-0399 | Tools | 15180.28,Android,B08,BASELINE_1_500,CREATED,idem-20260902-apk-0399
400,MTR-APK-0400,Personal,Personal,Relationships,Gifts,Expense,2026-07-15,04:34:02,2026-07-15 04:34:02,16495.76,INR,-16495.76,APK Owner,,,MAESTRO-APK-PERSONAL-RELATIONSHIPS-0400 | Gifts | 16495.76,Android,B08,BASELINE_1_500,CREATED,idem-20260902-apk-0400
401,MTR-APK-0401,Group,Shared Experience,Office Outing,Venue,Expense,2026-05-13,21:33:22,2026-05-13 21:33:22,29174.38,INR,-29174.38,APK Aarav,3,PERCENTAGE,MAESTRO-APK-GROUP-OFFICE_OUTING-0401 | Venue | 29174.38,Android,B09,BASELINE_1_500,CREATED,idem-20260902-apk-0401
402,MTR-APK-0402,Business,Business,Business Runway,Funding,Income,2025-09-13,20:04:03,2025-09-13 20:04:03,165869.02,INR,165869.02,APK Owner,,,MAESTRO-APK-BUSINESS-BUSINESS_RUNWAY-0402 | Funding | 165869.02,Android,B09,BASELINE_1_500,CREATED,idem-20260902-apk-0402
403,MTR-APK-0403,Personal,Personal,Relationships,Dates,Expense,2026-06-22,22:58:48,2026-06-22 22:58:48,234.8,INR,-234.8,APK Owner,,,MAESTRO-APK-PERSONAL-RELATIONSHIPS-0403 | Dates | 234.80,Android,B09,BASELINE_1_500,CREATED,idem-20260902-apk-0403
404,MTR-APK-0404,Group,Shared Experience,Office Outing,Other,Expense,2026-05-11,06:30:42,2026-05-11 06:30:42,8702.4,INR,-8702.4,APK Meera,3,EXACT,MAESTRO-APK-GROUP-OFFICE_OUTING-0404 | Other | 8702.40,Android,B09,BASELINE_1_500,CREATED,idem-20260902-apk-0404
405,MTR-APK-0405,Business,Business,Business Runway,Revenue,Income,2025-10-21,22:25:14,2025-10-21 22:25:14,107841.9,INR,107841.9,APK Owner,,,MAESTRO-APK-BUSINESS-BUSINESS_RUNWAY-0405 | Revenue | 107841.90,Android,B09,BASELINE_1_500,CREATED,idem-20260902-apk-0405
406,MTR-APK-0406,Personal,Personal,Relationships,Family,Expense,2025-12-17,13:04:21,2025-12-17 13:04:21,12490.15,INR,-12490.15,APK Owner,,,MAESTRO-APK-PERSONAL-RELATIONSHIPS-0406 | Family | 12490.15,Android,B09,BASELINE_1_500,CREATED,idem-20260902-apk-0406
407,MTR-APK-0407,Group,Shared Experience,House Party,Food,Expense,2025-11-03,10:38:04,2025-11-03 10:38:04,10000.0,INR,-10000.0,APK Owner,3,SHARES,MAESTRO-APK-GROUP-HOUSE_PARTY-0407 | Food | 10000.00,Android,B09,BASELINE_1_500,CREATED,idem-20260902-apk-0407
408,MTR-APK-0408,Business,Business,Business Runway,Burn,Expense,2026-01-24,10:22:17,2026-01-24 10:22:17,84655.42,INR,-84655.42,APK Owner,,,MAESTRO-APK-BUSINESS-BUSINESS_RUNWAY-0408 | Burn | 84655.42,Android,B09,BASELINE_1_500,CREATED,idem-20260902-apk-0408
409,MTR-APK-0409,Personal,Personal,Relationships,Friends,Expense,2026-01-20,01:50:41,2026-01-20 01:50:41,1364.5,INR,-1364.5,APK Owner,,,MAESTRO-APK-PERSONAL-RELATIONSHIPS-0409 | Friends | 1364.50,Android,B09,BASELINE_1_500,CREATED,idem-20260902-apk-0409
410,MTR-APK-0410,Group,Shared Experience,House Party,Drinks,Expense,2026-03-04,13:49:57,2026-03-04 13:49:57,1040.5,INR,-1040.5,APK Aarav,3,EQUAL,MAESTRO-APK-GROUP-HOUSE_PARTY-0410 | Drinks | 1040.50,Android,B09,BASELINE_1_500,CREATED,idem-20260902-apk-0410
411,MTR-APK-0411,Business,Business,Business Runway,Reserve,Transfer,2025-12-17,15:56:02,2025-12-17 15:56:02,53455.08,INR,0.0,APK Owner,,,MAESTRO-APK-BUSINESS-BUSINESS_RUNWAY-0411 | Reserve | 53455.08,Android,B09,BASELINE_1_500,CREATED,idem-20260902-apk-0411
412,MTR-APK-0412,Personal,Personal,Relationships,Celebrations,Expense,2026-04-02,19:26:58,2026-04-02 19:26:58,15059.39,INR,-15059.39,APK Owner,,,MAESTRO-APK-PERSONAL-RELATIONSHIPS-0412 | Celebrations | 15059.39,Android,B09,BASELINE_1_500,CREATED,idem-20260902-apk-0412
413,MTR-APK-0413,Group,Shared Experience,House Party,Decor,Expense,2026-08-23,08:45:52,2026-08-23 08:45:52,24299.14,INR,-24299.14,APK Meera,3,PERCENTAGE,MAESTRO-APK-GROUP-HOUSE_PARTY-0413 | Decor | 24299.14,Android,B09,BASELINE_1_500,CREATED,idem-20260902-apk-0413
414,MTR-APK-0414,Business,Business,Business Runway,Loan,Income,2026-06-21,20:44:42,2026-06-21 20:44:42,165363.19,INR,165363.19,APK Owner,,,MAESTRO-APK-BUSINESS-BUSINESS_RUNWAY-0414 | Loan | 165363.19,Android,B09,BASELINE_1_500,CREATED,idem-20260902-apk-0414
415,MTR-APK-0415,Personal,Personal,Life Operations,Groceries,Expense,2025-10-19,18:51:41,2025-10-19 18:51:41,470.81,INR,-470.81,APK Owner,,,MAESTRO-APK-PERSONAL-LIFE_OPERATIONS-0415 | Groceries | 470.81,Android,B09,BASELINE_1_500,CREATED,idem-20260902-apk-0415
416,MTR-APK-0416,Group,Shared Experience,House Party,Supplies,Expense,2026-01-21,11:50:54,2026-01-21 11:50:54,16079.52,INR,-16079.52,APK Owner,3,EXACT,MAESTRO-APK-GROUP-HOUSE_PARTY-0416 | Supplies | 16079.52,Android,B09,BASELINE_1_500,CREATED,idem-20260902-apk-0416
417,MTR-APK-0417,Business,Business,Business Runway,Investment,Income,2025-10-05,09:29:06,2025-10-05 09:29:06,150927.58,INR,150927.58,APK Owner,,,MAESTRO-APK-BUSINESS-BUSINESS_RUNWAY-0417 | Investment | 150927.58,Android,B09,BASELINE_1_500,CREATED,idem-20260902-apk-0417
418,MTR-APK-0418,Personal,Personal,Life Operations,Rent,Expense,2025-11-11,23:26:39,2025-11-11 23:26:39,14836.14,INR,-14836.14,APK Owner,,,MAESTRO-APK-PERSONAL-LIFE_OPERATIONS-0418 | Rent | 14836.14,Android,B09,BASELINE_1_500,CREATED,idem-20260902-apk-0418
419,MTR-APK-0419,Group,Shared Experience,House Party,Other,Expense,2026-04-10,15:53:17,2026-04-10 15:53:17,19889.69,INR,-19889.69,APK Aarav,3,SHARES,MAESTRO-APK-GROUP-HOUSE_PARTY-0419 | Other | 19889.69,Android,B09,BASELINE_1_500,CREATED,idem-20260902-apk-0419
420,MTR-APK-0420,Business,Business,Business Operations,Software,Expense,2026-08-10,01:15:28,2026-08-10 01:15:28,97323.51,INR,-97323.51,APK Owner,,,MAESTRO-APK-BUSINESS-BUSINESS_OPERATIONS-0420 | Software | 97323.51,Android,B09,BASELINE_1_500,CREATED,idem-20260902-apk-0420
421,MTR-APK-0421,Personal,Personal,Life Operations,Bills,Expense,2026-06-11,18:33:47,2026-06-11 18:33:47,9066.79,INR,-9066.79,APK Owner,,,MAESTRO-APK-PERSONAL-LIFE_OPERATIONS-0421 | Bills | 9066.79,Android,B09,BASELINE_1_500,CREATED,idem-20260902-apk-0421
422,MTR-APK-0422,Group,Shared Purchase,Gift Pool,Contribution,Contribution,2026-04-27,14:25:30,2026-04-27 14:25:30,4503.95,INR,4503.95,APK Meera,3,EQUAL,MAESTRO-APK-GROUP-GIFT_POOL-0422 | Contribution | 4503.95,Android,B09,BASELINE_1_500,CREATED,idem-20260902-apk-0422
423,MTR-APK-0423,Business,Business,Business Operations,Rent,Expense,2025-11-02,04:09:22,2025-11-02 04:09:22,73132.72,INR,-73132.72,APK Owner,,,MAESTRO-APK-BUSINESS-BUSINESS_OPERATIONS-0423 | Rent | 73132.72,Android,B09,BASELINE_1_500,CREATED,idem-20260902-apk-0423
424,MTR-APK-0424,Personal,Personal,Life Operations,Transport,Expense,2026-04-15,14:03:22,2026-04-15 14:03:22,12950.6,INR,-12950.6,APK Owner,,,MAESTRO-APK-PERSONAL-LIFE_OPERATIONS-0424 | Transport | 12950.60,Android,B09,BASELINE_1_500,CREATED,idem-20260902-apk-0424
425,MTR-APK-0425,Group,Shared Purchase,Gift Pool,Gift Purchase,Expense,2025-12-23,16:11:25,2025-12-23 16:11:25,11864.62,INR,-11864.62,APK Owner,3,PERCENTAGE,MAESTRO-APK-GROUP-GIFT_POOL-0425 | Gift Purchase | 11864.62,Android,B09,BASELINE_1_500,CREATED,idem-20260902-apk-0425
426,MTR-APK-0426,Business,Business,Business Operations,Marketing,Expense,2026-02-06,08:40:35,2026-02-06 08:40:35,156897.83,INR,-156897.83,APK Owner,,,MAESTRO-APK-BUSINESS-BUSINESS_OPERATIONS-0426 | Marketing | 156897.83,Android,B09,BASELINE_1_500,CREATED,idem-20260902-apk-0426
427,MTR-APK-0427,Personal,Personal,Life Operations,Healthcare,Expense,2026-03-03,03:59:01,2026-03-03 03:59:01,17451.95,INR,-17451.95,APK Owner,,,MAESTRO-APK-PERSONAL-LIFE_OPERATIONS-0427 | Healthcare | 17451.95,Android,B09,BASELINE_1_500,CREATED,idem-20260902-apk-0427
428,MTR-APK-0428,Group,Shared Purchase,Gift Pool,Delivery,Expense,2026-01-12,07:08:47,2026-01-12 07:08:47,4051.32,INR,-4051.32,APK Aarav,3,EXACT,MAESTRO-APK-GROUP-GIFT_POOL-0428 | Delivery | 4051.32,Android,B09,BASELINE_1_500,CREATED,idem-20260902-apk-0428
429,MTR-APK-0429,Business,Business,Business Operations,Legal,Expense,2026-08-17,05:13:37,2026-08-17 05:13:37,93280.48,INR,-93280.48,APK Owner,,,MAESTRO-APK-BUSINESS-BUSINESS_OPERATIONS-0429 | Legal | 93280.48,Android,B09,BASELINE_1_500,CREATED,idem-20260902-apk-0429
430,MTR-APK-0430,Personal,Personal,Life Operations,Subscriptions,Expense,2026-03-15,02:45:07,2026-03-15 02:45:07,10872.4,INR,-10872.4,APK Owner,,,MAESTRO-APK-PERSONAL-LIFE_OPERATIONS-0430 | Subscriptions | 10872.40,Android,B09,BASELINE_1_500,CREATED,idem-20260902-apk-0430
431,MTR-APK-0431,Group,Shared Purchase,Gift Pool,Other,Expense,2026-04-20,14:37:05,2026-04-20 14:37:05,8110.86,INR,-8110.86,APK Meera,3,SHARES,MAESTRO-APK-GROUP-GIFT_POOL-0431 | Other | 8110.86,Android,B09,BASELINE_1_500,CREATED,idem-20260902-apk-0431
432,MTR-APK-0432,Business,Business,Business Operations,Accounting,Expense,2025-11-29,13:35:13,2025-11-29 13:35:13,24736.84,INR,-24736.84,APK Owner,,,MAESTRO-APK-BUSINESS-BUSINESS_OPERATIONS-0432 | Accounting | 24736.84,Android,B09,BASELINE_1_500,CREATED,idem-20260902-apk-0432
433,MTR-APK-0433,Personal,Personal,Life Operations,Repairs,Expense,2026-06-18,00:25:56,2026-06-18 00:25:56,1052.94,INR,-1052.94,APK Owner,,,MAESTRO-APK-PERSONAL-LIFE_OPERATIONS-0433 | Repairs | 1052.94,Android,B09,BASELINE_1_500,CREATED,idem-20260902-apk-0433
434,MTR-APK-0434,Group,Shared Purchase,Purchase,Item,Expense,2025-09-10,04:04:41,2025-09-10 04:04:41,29228.24,INR,-29228.24,APK Owner,3,EQUAL,MAESTRO-APK-GROUP-PURCHASE-0434 | Item | 29228.24,Android,B09,BASELINE_1_500,CREATED,idem-20260902-apk-0434
435,MTR-APK-0435,Business,Business,Business Operations,Equipment,Expense,2026-06-15,22:47:20,2026-06-15 22:47:20,173892.97,INR,-173892.97,APK Owner,,,MAESTRO-APK-BUSINESS-BUSINESS_OPERATIONS-0435 | Equipment | 173892.97,Android,B09,BASELINE_1_500,CREATED,idem-20260902-apk-0435
436,MTR-APK-0436,Personal,Personal,Future Building,Savings,Transfer,2026-02-20,02:38:39,2026-02-20 02:38:39,3017.43,INR,0.0,APK Owner,,,MAESTRO-APK-PERSONAL-FUTURE_BUILDING-0436 | Savings | 3017.43,Android,B09,BASELINE_1_500,CREATED,idem-20260902-apk-0436
437,MTR-APK-0437,Group,Shared Purchase,Purchase,Shipping,Expense,2026-06-27,00:02:40,2026-06-27 00:02:40,209.83,INR,-209.83,APK Aarav,3,PERCENTAGE,MAESTRO-APK-GROUP-PURCHASE-0437 | Shipping | 209.83,Android,B09,BASELINE_1_500,CREATED,idem-20260902-apk-0437
438,MTR-APK-0438,Business,Business,Business Operations,Vendor,Expense,2026-01-24,05:35:48,2026-01-24 05:35:48,115554.35,INR,-115554.35,APK Owner,,,MAESTRO-APK-BUSINESS-BUSINESS_OPERATIONS-0438 | Vendor | 115554.35,Android,B09,BASELINE_1_500,CREATED,idem-20260902-apk-0438
439,MTR-APK-0439,Personal,Personal,Future Building,Emergency Fund,Transfer,2026-03-28,22:30:47,2026-03-28 22:30:47,6698.06,INR,0.0,APK Owner,,,MAESTRO-APK-PERSONAL-FUTURE_BUILDING-0439 | Emergency Fund | 6698.06,Android,B09,BASELINE_1_500,CREATED,idem-20260902-apk-0439
440,MTR-APK-0440,Group,Shared Purchase,Purchase,Tax,Expense,2025-12-02,18:59:04,2025-12-02 18:59:04,13604.65,INR,-13604.65,APK Meera,3,EXACT,MAESTRO-APK-GROUP-PURCHASE-0440 | Tax | 13604.65,Android,B09,BASELINE_1_500,CREATED,idem-20260902-apk-0440
441,MTR-APK-0441,Business,Business,Business Operations,Tax,Expense,2025-10-28,18:06:31,2025-10-28 18:06:31,78074.39,INR,-78074.39,APK Owner,,,MAESTRO-APK-BUSINESS-BUSINESS_OPERATIONS-0441 | Tax | 78074.39,Android,B09,BASELINE_1_500,CREATED,idem-20260902-apk-0441
442,MTR-APK-0442,Personal,Personal,Future Building,Investments,Investment,2025-10-10,08:37:07,2025-10-10 08:37:07,12446.29,INR,0.0,APK Owner,,,MAESTRO-APK-PERSONAL-FUTURE_BUILDING-0442 | Investments | 12446.29,Android,B09,BASELINE_1_500,CREATED,idem-20260902-apk-0442
443,MTR-APK-0443,Group,Shared Purchase,Purchase,Other,Expense,2026-07-30,10:45:45,2026-07-30 10:45:45,3050.61,INR,-3050.61,APK Owner,3,SHARES,MAESTRO-APK-GROUP-PURCHASE-0443 | Other | 3050.61,Android,B09,BASELINE_1_500,CREATED,idem-20260902-apk-0443
444,MTR-APK-0444,Business,Business,Team Operations,Payroll,Expense,2026-02-03,10:15:20,2026-02-03 10:15:20,0.01,INR,-0.01,APK Owner,,,MAESTRO-APK-BUSINESS-TEAM_OPERATIONS-0444 | Payroll | 0.01,Android,B09,BASELINE_1_500,CREATED,idem-20260902-apk-0444
445,MTR-APK-0445,Personal,Personal,Future Building,Education,Expense,2025-10-10,17:36:01,2025-10-10 17:36:01,14724.0,INR,-14724.0,APK Owner,,,MAESTRO-APK-PERSONAL-FUTURE_BUILDING-0445 | Education | 14724.00,Android,B09,BASELINE_1_500,CREATED,idem-20260902-apk-0445
446,MTR-APK-0446,Group,Shared Purchase,Assets,Purchase,Expense,2026-05-13,00:29:59,2026-05-13 00:29:59,408.01,INR,-408.01,APK Aarav,3,EQUAL,MAESTRO-APK-GROUP-ASSETS-0446 | Purchase | 408.01,Android,B09,BASELINE_1_500,CREATED,idem-20260902-apk-0446
447,MTR-APK-0447,Business,Business,Team Operations,Contractor,Expense,2025-11-12,13:38:32,2025-11-12 13:38:32,100302.92,INR,-100302.92,APK Owner,,,MAESTRO-APK-BUSINESS-TEAM_OPERATIONS-0447 | Contractor | 100302.92,Android,B09,BASELINE_1_500,CREATED,idem-20260902-apk-0447
448,MTR-APK-0448,Personal,Personal,Future Building,Goal Contribution,Transfer,2025-09-18,03:07:44,2025-09-18 03:07:44,19217.77,INR,0.0,APK Owner,,,MAESTRO-APK-PERSONAL-FUTURE_BUILDING-0448 | Goal Contribution | 19217.77,Android,B09,BASELINE_1_500,CREATED,idem-20260902-apk-0448
449,MTR-APK-0449,Group,Shared Purchase,Assets,Maintenance,Expense,2026-06-15,19:47:49,2026-06-15 19:47:49,16811.96,INR,-16811.96,APK Meera,3,PERCENTAGE,MAESTRO-APK-GROUP-ASSETS-0449 | Maintenance | 16811.96,Android,B09,BASELINE_1_500,CREATED,idem-20260902-apk-0449
450,MTR-APK-0450,Business,Business,Team Operations,Hiring,Expense,2025-12-15,23:25:04,2025-12-15 23:25:04,12378.08,INR,-12378.08,APK Owner,,,MAESTRO-APK-BUSINESS-TEAM_OPERATIONS-0450 | Hiring | 12378.08,Android,B09,BASELINE_1_500,CREATED,idem-20260902-apk-0450
451,MTR-APK-0451,Personal,Personal,Lifestyle,Dining,Expense,2026-07-24,10:34:36,2026-07-24 10:34:36,13794.58,INR,-13794.58,APK Owner,,,MAESTRO-APK-PERSONAL-LIFESTYLE-0451 | Dining | 13794.58,Android,B10,BASELINE_1_500,CREATED,idem-20260902-apk-0451
452,MTR-APK-0452,Group,Shared Purchase,Assets,Repair,Expense,2025-11-06,19:07:33,2025-11-06 19:07:33,29378.13,INR,-29378.13,APK Owner,3,EXACT,MAESTRO-APK-GROUP-ASSETS-0452 | Repair | 29378.13,Android,B10,BASELINE_1_500,CREATED,idem-20260902-apk-0452
453,MTR-APK-0453,Business,Business,Team Operations,Team Meal,Expense,2025-12-26,08:00:35,2025-12-26 08:00:35,92042.11,INR,-92042.11,APK Owner,,,MAESTRO-APK-BUSINESS-TEAM_OPERATIONS-0453 | Team Meal | 92042.11,Android,B10,BASELINE_1_500,CREATED,idem-20260902-apk-0453
454,MTR-APK-0454,Personal,Personal,Lifestyle,Shopping,Expense,2026-06-06,11:58:04,2026-06-06 11:58:04,7267.12,INR,-7267.12,APK Owner,,,MAESTRO-APK-PERSONAL-LIFESTYLE-0454 | Shopping | 7267.12,Android,B10,BASELINE_1_500,CREATED,idem-20260902-apk-0454
455,MTR-APK-0455,Group,Shared Purchase,Assets,Insurance,Expense,2026-01-05,04:16:45,2026-01-05 04:16:45,4639.29,INR,-4639.29,APK Aarav,3,SHARES,MAESTRO-APK-GROUP-ASSETS-0455 | Insurance | 4639.29,Android,B10,BASELINE_1_500,CREATED,idem-20260902-apk-0455
456,MTR-APK-0456,Business,Business,Team Operations,Travel,Expense,2026-03-04,03:00:43,2026-03-04 03:00:43,94941.07,INR,-94941.07,APK Owner,,,MAESTRO-APK-BUSINESS-TEAM_OPERATIONS-0456 | Travel | 94941.07,Android,B10,BASELINE_1_500,CREATED,idem-20260902-apk-0456
457,MTR-APK-0457,Personal,Personal,Lifestyle,Entertainment,Expense,2026-02-15,08:24:22,2026-02-15 08:24:22,2258.02,INR,-2258.02,APK Owner,,,MAESTRO-APK-PERSONAL-LIFESTYLE-0457 | Entertainment | 2258.02,Android,B10,BASELINE_1_500,CREATED,idem-20260902-apk-0457
458,MTR-APK-0458,Group,Shared Purchase,Assets,Other,Expense,2026-03-03,01:26:12,2026-03-03 01:26:12,13054.09,INR,-13054.09,APK Meera,3,EQUAL,MAESTRO-APK-GROUP-ASSETS-0458 | Other | 13054.09,Android,B10,BASELINE_1_500,CREATED,idem-20260902-apk-0458
459,MTR-APK-0459,Business,Business,Team Operations,Training,Expense,2026-04-12,18:48:22,2026-04-12 18:48:22,49033.17,INR,-49033.17,APK Owner,,,MAESTRO-APK-BUSINESS-TEAM_OPERATIONS-0459 | Training | 49033.17,Android,B10,BASELINE_1_500,CREATED,idem-20260902-apk-0459
460,MTR-APK-0460,Personal,Personal,Lifestyle,Travel,Expense,2026-04-13,02:08:32,2026-04-13 02:08:32,119.84,INR,-119.84,APK Owner,,,MAESTRO-APK-PERSONAL-LIFESTYLE-0460 | Travel | 119.84,Android,B10,BASELINE_1_500,CREATED,idem-20260902-apk-0460
461,MTR-APK-0461,Group,Shared Purchase,Custom Purchase,Custom Expense,Expense,2025-12-31,20:05:50,2025-12-31 20:05:50,2502.86,INR,-2502.86,APK Owner,3,PERCENTAGE,MAESTRO-APK-GROUP-CUSTOM_PURCHASE-0461 | Custom Expense | 2502.86,Android,B10,BASELINE_1_500,CREATED,idem-20260902-apk-0461
462,MTR-APK-0462,Business,Business,Team Operations,Tools,Expense,2026-06-15,04:20:36,2026-06-15 04:20:36,133446.12,INR,-133446.12,APK Owner,,,MAESTRO-APK-BUSINESS-TEAM_OPERATIONS-0462 | Tools | 133446.12,Android,B10,BASELINE_1_500,CREATED,idem-20260902-apk-0462
463,MTR-APK-0463,Personal,Personal,Lifestyle,Fitness,Expense,2026-03-09,19:58:21,2026-03-09 19:58:21,3298.02,INR,-3298.02,APK Owner,,,MAESTRO-APK-PERSONAL-LIFESTYLE-0463 | Fitness | 3298.02,Android,B10,BASELINE_1_500,CREATED,idem-20260902-apk-0463
464,MTR-APK-0464,Group,Shared Purchase,Custom Purchase,Custom Contribution,Contribution,2026-07-24,00:13:07,2026-07-24 00:13:07,24043.88,INR,24043.88,APK Aarav,3,EXACT,MAESTRO-APK-GROUP-CUSTOM_PURCHASE-0464 | Custom Contribution | 24043.88,Android,B10,BASELINE_1_500,CREATED,idem-20260902-apk-0464
465,MTR-APK-0465,Business,Business,Business Runway,Funding,Income,2026-07-31,19:14:09,2026-07-31 19:14:09,138274.86,INR,138274.86,APK Owner,,,MAESTRO-APK-BUSINESS-BUSINESS_RUNWAY-0465 | Funding | 138274.86,Android,B10,BASELINE_1_500,CREATED,idem-20260902-apk-0465
466,MTR-APK-0466,Personal,Personal,Lifestyle,Hobbies,Expense,2026-07-28,01:24:05,2026-07-28 01:24:05,14938.29,INR,-14938.29,APK Owner,,,MAESTRO-APK-PERSONAL-LIFESTYLE-0466 | Hobbies | 14938.29,Android,B10,BASELINE_1_500,CREATED,idem-20260902-apk-0466
467,MTR-APK-0467,Group,Shared Living,Flatmates,Rent,Expense,2025-12-04,11:15:22,2025-12-04 11:15:22,22796.42,INR,-22796.42,APK Meera,3,SHARES,MAESTRO-APK-GROUP-FLATMATES-0467 | Rent | 22796.42,Android,B10,BASELINE_1_500,CREATED,idem-20260902-apk-0467
468,MTR-APK-0468,Business,Business,Business Runway,Revenue,Income,2025-10-15,20:38:50,2025-10-15 20:38:50,47361.17,INR,47361.17,APK Owner,,,MAESTRO-APK-BUSINESS-BUSINESS_RUNWAY-0468 | Revenue | 47361.17,Android,B10,BASELINE_1_500,CREATED,idem-20260902-apk-0468
469,MTR-APK-0469,Personal,Personal,Relationships,Gifts,Expense,2026-08-01,06:21:34,2026-08-01 06:21:34,16720.14,INR,-16720.14,APK Owner,,,MAESTRO-APK-PERSONAL-RELATIONSHIPS-0469 | Gifts | 16720.14,Android,B10,BASELINE_1_500,CREATED,idem-20260902-apk-0469
470,MTR-APK-0470,Group,Shared Living,Flatmates,Utilities,Expense,2026-05-16,09:39:52,2026-05-16 09:39:52,5538.13,INR,-5538.13,APK Owner,3,EQUAL,MAESTRO-APK-GROUP-FLATMATES-0470 | Utilities | 5538.13,Android,B10,BASELINE_1_500,CREATED,idem-20260902-apk-0470
471,MTR-APK-0471,Business,Business,Business Runway,Burn,Expense,2026-01-17,23:22:05,2026-01-17 23:22:05,62668.74,INR,-62668.74,APK Owner,,,MAESTRO-APK-BUSINESS-BUSINESS_RUNWAY-0471 | Burn | 62668.74,Android,B10,BASELINE_1_500,CREATED,idem-20260902-apk-0471
472,MTR-APK-0472,Personal,Personal,Relationships,Dates,Expense,2026-01-20,22:40:01,2026-01-20 22:40:01,8149.0,INR,-8149.0,APK Owner,,,MAESTRO-APK-PERSONAL-RELATIONSHIPS-0472 | Dates | 8149.00,Android,B10,BASELINE_1_500,CREATED,idem-20260902-apk-0472
473,MTR-APK-0473,Group,Shared Living,Flatmates,Groceries,Expense,2026-07-13,10:18:21,2026-07-13 10:18:21,14431.77,INR,-14431.77,APK Aarav,3,PERCENTAGE,MAESTRO-APK-GROUP-FLATMATES-0473 | Groceries | 14431.77,Android,B10,BASELINE_1_500,CREATED,idem-20260902-apk-0473
474,MTR-APK-0474,Business,Business,Business Runway,Reserve,Transfer,2026-03-25,06:00:56,2026-03-25 06:00:56,123313.01,INR,0.0,APK Owner,,,MAESTRO-APK-BUSINESS-BUSINESS_RUNWAY-0474 | Reserve | 123313.01,Android,B10,BASELINE_1_500,CREATED,idem-20260902-apk-0474
475,MTR-APK-0475,Personal,Personal,Relationships,Family,Expense,2026-05-06,04:38:04,2026-05-06 04:38:04,14694.94,INR,-14694.94,APK Owner,,,MAESTRO-APK-PERSONAL-RELATIONSHIPS-0475 | Family | 14694.94,Android,B10,BASELINE_1_500,CREATED,idem-20260902-apk-0475
476,MTR-APK-0476,Group,Shared Living,Flatmates,Internet,Expense,2025-09-30,06:04:11,2025-09-30 06:04:11,1020.68,INR,-1020.68,APK Meera,3,EXACT,MAESTRO-APK-GROUP-FLATMATES-0476 | Internet | 1020.68,Android,B10,BASELINE_1_500,CREATED,idem-20260902-apk-0476
477,MTR-APK-0477,Business,Business,Business Runway,Loan,Income,2025-10-08,21:36:25,2025-10-08 21:36:25,25761.06,INR,25761.06,APK Owner,,,MAESTRO-APK-BUSINESS-BUSINESS_RUNWAY-0477 | Loan | 25761.06,Android,B10,BASELINE_1_500,CREATED,idem-20260902-apk-0477
478,MTR-APK-0478,Personal,Personal,Relationships,Friends,Expense,2026-03-23,02:46:12,2026-03-23 02:46:12,4671.71,INR,-4671.71,APK Owner,,,MAESTRO-APK-PERSONAL-RELATIONSHIPS-0478 | Friends | 4671.71,Android,B10,BASELINE_1_500,CREATED,idem-20260902-apk-0478
479,MTR-APK-0479,Group,Shared Living,Flatmates,House Supplies,Expense,2026-05-19,10:51:50,2026-05-19 10:51:50,27589.32,INR,-27589.32,APK Owner,3,SHARES,MAESTRO-APK-GROUP-FLATMATES-0479 | House Supplies | 27589.32,Android,B10,BASELINE_1_500,CREATED,idem-20260902-apk-0479
480,MTR-APK-0480,Business,Business,Business Runway,Investment,Income,2026-06-18,20:20:47,2026-06-18 20:20:47,28032.28,INR,28032.28,APK Owner,,,MAESTRO-APK-BUSINESS-BUSINESS_RUNWAY-0480 | Investment | 28032.28,Android,B10,BASELINE_1_500,CREATED,idem-20260902-apk-0480
481,MTR-APK-0481,Personal,Personal,Relationships,Celebrations,Expense,2025-10-17,07:24:42,2025-10-17 07:24:42,1.0,INR,-1.0,APK Owner,,,MAESTRO-APK-PERSONAL-RELATIONSHIPS-0481 | Celebrations | 1.00,Android,B10,BASELINE_1_500,CREATED,idem-20260902-apk-0481
482,MTR-APK-0482,Group,Shared Living,Flatmates,Repairs,Expense,2026-06-28,09:02:18,2026-06-28 09:02:18,14581.65,INR,-14581.65,APK Aarav,3,EQUAL,MAESTRO-APK-GROUP-FLATMATES-0482 | Repairs | 14581.65,Android,B10,BASELINE_1_500,CREATED,idem-20260902-apk-0482
483,MTR-APK-0483,Business,Business,Business Operations,Software,Expense,2025-12-12,12:04:21,2025-12-12 12:04:21,83512.33,INR,-83512.33,APK Owner,,,MAESTRO-APK-BUSINESS-BUSINESS_OPERATIONS-0483 | Software | 83512.33,Android,B10,BASELINE_1_500,CREATED,idem-20260902-apk-0483
484,MTR-APK-0484,Personal,Personal,Life Operations,Groceries,Expense,2026-06-13,12:27:43,2026-06-13 12:27:43,6319.28,INR,-6319.28,APK Owner,,,MAESTRO-APK-PERSONAL-LIFE_OPERATIONS-0484 | Groceries | 6319.28,Android,B10,BASELINE_1_500,CREATED,idem-20260902-apk-0484
485,MTR-APK-0485,Group,Shared Living,Shared Living,Rent,Expense,2026-02-08,16:42:32,2026-02-08 16:42:32,13549.66,INR,-13549.66,APK Meera,3,PERCENTAGE,MAESTRO-APK-GROUP-SHARED_LIVING-0485 | Rent | 13549.66,Android,B10,BASELINE_1_500,CREATED,idem-20260902-apk-0485
486,MTR-APK-0486,Business,Business,Business Operations,Rent,Expense,2025-09-17,04:24:09,2025-09-17 04:24:09,81284.47,INR,-81284.47,APK Owner,,,MAESTRO-APK-BUSINESS-BUSINESS_OPERATIONS-0486 | Rent | 81284.47,Android,B10,BASELINE_1_500,CREATED,idem-20260902-apk-0486
487,MTR-APK-0487,Personal,Personal,Life Operations,Rent,Expense,2026-03-20,18:40:56,2026-03-20 18:40:56,8249.83,INR,-8249.83,APK Owner,,,MAESTRO-APK-PERSONAL-LIFE_OPERATIONS-0487 | Rent | 8249.83,Android,B10,BASELINE_1_500,CREATED,idem-20260902-apk-0487
488,MTR-APK-0488,Group,Shared Living,Shared Living,Utilities,Expense,2025-10-14,23:24:27,2025-10-14 23:24:27,9538.01,INR,-9538.01,APK Owner,3,EXACT,MAESTRO-APK-GROUP-SHARED_LIVING-0488 | Utilities | 9538.01,Android,B10,BASELINE_1_500,CREATED,idem-20260902-apk-0488
489,MTR-APK-0489,Business,Business,Business Operations,Marketing,Expense,2025-12-27,19:18:10,2025-12-27 19:18:10,4544.39,INR,-4544.39,APK Owner,,,MAESTRO-APK-BUSINESS-BUSINESS_OPERATIONS-0489 | Marketing | 4544.39,Android,B10,BASELINE_1_500,CREATED,idem-20260902-apk-0489
490,MTR-APK-0490,Personal,Personal,Life Operations,Bills,Expense,2025-12-21,02:33:43,2025-12-21 02:33:43,10477.55,INR,-10477.55,APK Owner,,,MAESTRO-APK-PERSONAL-LIFE_OPERATIONS-0490 | Bills | 10477.55,Android,B10,BASELINE_1_500,CREATED,idem-20260902-apk-0490
491,MTR-APK-0491,Group,Shared Living,Shared Living,Groceries,Expense,2026-03-02,22:19:18,2026-03-02 22:19:18,23125.69,INR,-23125.69,APK Aarav,3,SHARES,MAESTRO-APK-GROUP-SHARED_LIVING-0491 | Groceries | 23125.69,Android,B10,BASELINE_1_500,CREATED,idem-20260902-apk-0491
492,MTR-APK-0492,Business,Business,Business Operations,Legal,Expense,2025-11-04,07:57:12,2025-11-04 07:57:12,152418.42,INR,-152418.42,APK Owner,,,MAESTRO-APK-BUSINESS-BUSINESS_OPERATIONS-0492 | Legal | 152418.42,Android,B10,BASELINE_1_500,CREATED,idem-20260902-apk-0492
493,MTR-APK-0493,Personal,Personal,Life Operations,Transport,Expense,2026-07-08,15:15:32,2026-07-08 15:15:32,5489.42,INR,-5489.42,APK Owner,,,MAESTRO-APK-PERSONAL-LIFE_OPERATIONS-0493 | Transport | 5489.42,Android,B10,BASELINE_1_500,CREATED,idem-20260902-apk-0493
494,MTR-APK-0494,Group,Shared Living,Shared Living,Maintenance,Expense,2025-09-05,14:14:47,2025-09-05 14:14:47,20095.34,INR,-20095.34,APK Meera,3,EQUAL,MAESTRO-APK-GROUP-SHARED_LIVING-0494 | Maintenance | 20095.34,Android,B10,BASELINE_1_500,CREATED,idem-20260902-apk-0494
495,MTR-APK-0495,Business,Business,Business Operations,Accounting,Expense,2026-07-29,04:29:21,2026-07-29 04:29:21,134184.16,INR,-134184.16,APK Owner,,,MAESTRO-APK-BUSINESS-BUSINESS_OPERATIONS-0495 | Accounting | 134184.16,Android,B10,BASELINE_1_500,CREATED,idem-20260902-apk-0495
496,MTR-APK-0496,Personal,Personal,Life Operations,Healthcare,Expense,2026-02-02,16:16:51,2026-02-02 16:16:51,5578.51,INR,-5578.51,APK Owner,,,MAESTRO-APK-PERSONAL-LIFE_OPERATIONS-0496 | Healthcare | 5578.51,Android,B10,BASELINE_1_500,CREATED,idem-20260902-apk-0496
497,MTR-APK-0497,Group,Shared Living,Shared Living,Other,Expense,2026-07-08,22:52:08,2026-07-08 22:52:08,23948.15,INR,-23948.15,APK Owner,3,PERCENTAGE,MAESTRO-APK-GROUP-SHARED_LIVING-0497 | Other | 23948.15,Android,B10,BASELINE_1_500,CREATED,idem-20260902-apk-0497
498,MTR-APK-0498,Business,Business,Business Operations,Equipment,Expense,2025-10-13,13:42:04,2025-10-13 13:42:04,138739.77,INR,-138739.77,APK Owner,,,MAESTRO-APK-BUSINESS-BUSINESS_OPERATIONS-0498 | Equipment | 138739.77,Android,B10,BASELINE_1_500,CREATED,idem-20260902-apk-0498
499,MTR-APK-0499,Personal,Personal,Life Operations,Subscriptions,Expense,2026-04-09,10:07:21,2026-04-09 10:07:21,16642.54,INR,-16642.54,APK Owner,,,MAESTRO-APK-PERSONAL-LIFE_OPERATIONS-0499 | Subscriptions | 16642.54,Android,B10,BASELINE_1_500,CREATED,idem-20260902-apk-0499
500,MTR-APK-0500,Group,Shared Living,Family Household,Utilities,Expense,2025-12-26,13:05:57,2025-12-26 13:05:57,23932.87,INR,-23932.87,APK Aarav,3,EXACT,MAESTRO-APK-GROUP-FAMILY_HOUSEHOLD-0500 | Utilities | 23932.87,Android,B10,BASELINE_1_500,CREATED,idem-20260902-apk-0500
501,MTR-APK-0501,Business,Business,Business Operations,Vendor,Expense,2025-10-23,13:06:59,2025-10-23 13:06:59,76677.71,INR,-76677.71,APK Owner,,,MAESTRO-APK-BUSINESS-BUSINESS_OPERATIONS-0501 | Vendor | 76677.71,Android,B11,RAMP_501_1500,CREATED,idem-20260902-apk-0501
502,MTR-APK-0502,Personal,Personal,Life Operations,Repairs,Expense,2026-08-07,20:51:16,2026-08-07 20:51:16,11855.69,INR,-11855.69,APK Owner,,,MAESTRO-APK-PERSONAL-LIFE_OPERATIONS-0502 | Repairs | 11855.69,Android,B11,RAMP_501_1500,CREATED,idem-20260902-apk-0502
503,MTR-APK-0503,Group,Shared Living,Family Household,Healthcare,Expense,2026-07-25,06:11:31,2026-07-25 06:11:31,23459.38,INR,-23459.38,APK Meera,3,SHARES,MAESTRO-APK-GROUP-FAMILY_HOUSEHOLD-0503 | Healthcare | 23459.38,Android,B11,RAMP_501_1500,CREATED,idem-20260902-apk-0503
504,MTR-APK-0504,Business,Business,Business Operations,Tax,Expense,2025-10-02,14:40:18,2025-10-02 14:40:18,148659.07,INR,-148659.07,APK Owner,,,MAESTRO-APK-BUSINESS-BUSINESS_OPERATIONS-0504 | Tax | 148659.07,Android,B11,RAMP_501_1500,CREATED,idem-20260902-apk-0504
505,MTR-APK-0505,Personal,Personal,Future Building,Savings,Transfer,2025-12-04,12:49:30,2025-12-04 12:49:30,2252.21,INR,0.0,APK Owner,,,MAESTRO-APK-PERSONAL-FUTURE_BUILDING-0505 | Savings | 2252.21,Android,B11,RAMP_501_1500,CREATED,idem-20260902-apk-0505
506,MTR-APK-0506,Group,Shared Living,Family Household,School,Expense,2026-01-24,21:23:43,2026-01-24 21:23:43,16825.78,INR,-16825.78,APK Owner,3,EQUAL,MAESTRO-APK-GROUP-FAMILY_HOUSEHOLD-0506 | School | 16825.78,Android,B11,RAMP_501_1500,CREATED,idem-20260902-apk-0506
507,MTR-APK-0507,Business,Business,Team Operations,Payroll,Expense,2025-10-08,06:01:01,2025-10-08 06:01:01,43070.77,INR,-43070.77,APK Owner,,,MAESTRO-APK-BUSINESS-TEAM_OPERATIONS-0507 | Payroll | 43070.77,Android,B11,RAMP_501_1500,CREATED,idem-20260902-apk-0507
508,MTR-APK-0508,Personal,Personal,Future Building,Emergency Fund,Transfer,2025-10-25,09:41:49,2025-10-25 09:41:49,9539.73,INR,0.0,APK Owner,,,MAESTRO-APK-PERSONAL-FUTURE_BUILDING-0508 | Emergency Fund | 9539.73,Android,B11,RAMP_501_1500,CREATED,idem-20260902-apk-0508
509,MTR-APK-0509,Group,Shared Living,Family Household,Other,Expense,2026-09-01,01:47:25,2026-09-01 01:47:25,20341.99,INR,-20341.99,APK Aarav,3,PERCENTAGE,MAESTRO-APK-GROUP-FAMILY_HOUSEHOLD-0509 | Other | 20341.99,Android,B11,RAMP_501_1500,CREATED,idem-20260902-apk-0509
510,MTR-APK-0510,Business,Business,Team Operations,Contractor,Expense,2025-12-17,04:39:22,2025-12-17 04:39:22,1847.9,INR,-1847.9,APK Owner,,,MAESTRO-APK-BUSINESS-TEAM_OPERATIONS-0510 | Contractor | 1847.90,Android,B11,RAMP_501_1500,CREATED,idem-20260902-apk-0510
511,MTR-APK-0511,Personal,Personal,Future Building,Investments,Investment,2026-06-29,15:10:12,2026-06-29 15:10:12,7873.82,INR,0.0,APK Owner,,,MAESTRO-APK-PERSONAL-FUTURE_BUILDING-0511 | Investments | 7873.82,Android,B11,RAMP_501_1500,CREATED,idem-20260902-apk-0511
512,MTR-APK-0512,Group,Shared Living,Family Household,Rent,Expense,2026-08-06,18:16:34,2026-08-06 18:16:34,27058.68,INR,-27058.68,APK Meera,3,EXACT,MAESTRO-APK-GROUP-FAMILY_HOUSEHOLD-0512 | Rent | 27058.68,Android,B11,RAMP_501_1500,CREATED,idem-20260902-apk-0512
513,MTR-APK-0513,Business,Business,Team Operations,Hiring,Expense,2026-07-17,08:21:44,2026-07-17 08:21:44,138029.28,INR,-138029.28,APK Owner,,,MAESTRO-APK-BUSINESS-TEAM_OPERATIONS-0513 | Hiring | 138029.28,Android,B11,RAMP_501_1500,CREATED,idem-20260902-apk-0513
514,MTR-APK-0514,Personal,Personal,Future Building,Education,Expense,2026-01-05,08:08:07,2026-01-05 08:08:07,3042.71,INR,-3042.71,APK Owner,,,MAESTRO-APK-PERSONAL-FUTURE_BUILDING-0514 | Education | 3042.71,Android,B11,RAMP_501_1500,CREATED,idem-20260902-apk-0514
515,MTR-APK-0515,Group,Shared Living,Family Household,Groceries,Expense,2026-05-22,08:18:00,2026-05-22 08:18:00,22433.11,INR,-22433.11,APK Owner,3,SHARES,MAESTRO-APK-GROUP-FAMILY_HOUSEHOLD-0515 | Groceries | 22433.11,Android,B11,RAMP_501_1500,CREATED,idem-20260902-apk-0515
516,MTR-APK-0516,Business,Business,Team Operations,Team Meal,Expense,2025-10-21,15:07:08,2025-10-21 15:07:08,47848.03,INR,-47848.03,APK Owner,,,MAESTRO-APK-BUSINESS-TEAM_OPERATIONS-0516 | Team Meal | 47848.03,Android,B11,RAMP_501_1500,CREATED,idem-20260902-apk-0516
517,MTR-APK-0517,Personal,Personal,Future Building,Goal Contribution,Transfer,2026-08-13,16:03:01,2026-08-13 16:03:01,18854.93,INR,0.0,APK Owner,,,MAESTRO-APK-PERSONAL-FUTURE_BUILDING-0517 | Goal Contribution | 18854.93,Android,B11,RAMP_501_1500,CREATED,idem-20260902-apk-0517
518,MTR-APK-0518,Group,Shared Living,Custom Living,Custom Expense,Expense,2026-08-05,10:05:13,2026-08-05 10:05:13,99.99,INR,-99.99,APK Aarav,3,EQUAL,MAESTRO-APK-GROUP-CUSTOM_LIVING-0518 | Custom Expense | 99.99,Android,B11,RAMP_501_1500,CREATED,idem-20260902-apk-0518
519,MTR-APK-0519,Business,Business,Team Operations,Travel,Expense,2026-01-13,06:59:06,2026-01-13 06:59:06,120693.85,INR,-120693.85,APK Owner,,,MAESTRO-APK-BUSINESS-TEAM_OPERATIONS-0519 | Travel | 120693.85,Android,B11,RAMP_501_1500,CREATED,idem-20260902-apk-0519
520,MTR-APK-0520,Personal,Personal,Lifestyle,Dining,Expense,2025-12-29,12:44:36,2025-12-29 12:44:36,17986.31,INR,-17986.31,APK Owner,,,MAESTRO-APK-PERSONAL-LIFESTYLE-0520 | Dining | 17986.31,Android,B11,RAMP_501_1500,CREATED,idem-20260902-apk-0520
521,MTR-APK-0521,Group,Shared Living,Custom Living,Custom Contribution,Contribution,2026-03-23,13:11:37,2026-03-23 13:11:37,28244.62,INR,28244.62,APK Meera,3,PERCENTAGE,MAESTRO-APK-GROUP-CUSTOM_LIVING-0521 | Custom Contribution | 28244.62,Android,B11,RAMP_501_1500,CREATED,idem-20260902-apk-0521
522,MTR-APK-0522,Business,Business,Team Operations,Training,Expense,2026-03-13,11:22:07,2026-03-13 11:22:07,56804.0,INR,-56804.0,APK Owner,,,MAESTRO-APK-BUSINESS-TEAM_OPERATIONS-0522 | Training | 56804.00,Android,B11,RAMP_501_1500,CREATED,idem-20260902-apk-0522
523,MTR-APK-0523,Personal,Personal,Lifestyle,Shopping,Expense,2026-01-22,02:44:50,2026-01-22 02:44:50,4640.05,INR,-4640.05,APK Owner,,,MAESTRO-APK-PERSONAL-LIFESTYLE-0523 | Shopping | 4640.05,Android,B11,RAMP_501_1500,CREATED,idem-20260902-apk-0523
524,MTR-APK-0524,Group,Shared Experience,Trip,Travel,Expense,2026-04-17,22:58:51,2026-04-17 22:58:51,8435.05,INR,-8435.05,APK Owner,3,EXACT,MAESTRO-APK-GROUP-TRIP-0524 | Travel | 8435.05,Android,B11,RAMP_501_1500,CREATED,idem-20260902-apk-0524
525,MTR-APK-0525,Business,Business,Team Operations,Tools,Expense,2025-10-19,05:56:21,2025-10-19 05:56:21,19401.04,INR,-19401.04,APK Owner,,,MAESTRO-APK-BUSINESS-TEAM_OPERATIONS-0525 | Tools | 19401.04,Android,B11,RAMP_501_1500,CREATED,idem-20260902-apk-0525
526,MTR-APK-0526,Personal,Personal,Lifestyle,Entertainment,Expense,2026-07-24,22:07:07,2026-07-24 22:07:07,4797.65,INR,-4797.65,APK Owner,,,MAESTRO-APK-PERSONAL-LIFESTYLE-0526 | Entertainment | 4797.65,Android,B11,RAMP_501_1500,CREATED,idem-20260902-apk-0526
527,MTR-APK-0527,Group,Shared Experience,Trip,Stay,Expense,2026-07-04,11:30:57,2026-07-04 11:30:57,19167.86,INR,-19167.86,APK Aarav,3,SHARES,MAESTRO-APK-GROUP-TRIP-0527 | Stay | 19167.86,Android,B11,RAMP_501_1500,CREATED,idem-20260902-apk-0527
528,MTR-APK-0528,Business,Business,Business Runway,Funding,Income,2025-09-02,22:41:57,2025-09-02 22:41:57,10682.02,INR,10682.02,APK Owner,,,MAESTRO-APK-BUSINESS-BUSINESS_RUNWAY-0528 | Funding | 10682.02,Android,B11,RAMP_501_1500,CREATED,idem-20260902-apk-0528
529,MTR-APK-0529,Personal,Personal,Lifestyle,Travel,Expense,2025-11-18,15:51:59,2025-11-18 15:51:59,5889.12,INR,-5889.12,APK Owner,,,MAESTRO-APK-PERSONAL-LIFESTYLE-0529 | Travel | 5889.12,Android,B11,RAMP_501_1500,CREATED,idem-20260902-apk-0529
530,MTR-APK-0530,Group,Shared Experience,Trip,Food,Expense,2026-02-26,16:43:48,2026-02-26 16:43:48,4283.02,INR,-4283.02,APK Meera,3,EQUAL,MAESTRO-APK-GROUP-TRIP-0530 | Food | 4283.02,Android,B11,RAMP_501_1500,CREATED,idem-20260902-apk-0530
531,MTR-APK-0531,Business,Business,Business Runway,Revenue,Income,2026-03-21,01:06:34,2026-03-21 01:06:34,41595.1,INR,41595.1,APK Owner,,,MAESTRO-APK-BUSINESS-BUSINESS_RUNWAY-0531 | Revenue | 41595.10,Android,B11,RAMP_501_1500,CREATED,idem-20260902-apk-0531
532,MTR-APK-0532,Personal,Personal,Lifestyle,Fitness,Expense,2026-01-11,13:14:22,2026-01-11 13:14:22,11919.18,INR,-11919.18,APK Owner,,,MAESTRO-APK-PERSONAL-LIFESTYLE-0532 | Fitness | 11919.18,Android,B11,RAMP_501_1500,CREATED,idem-20260902-apk-0532
533,MTR-APK-0533,Group,Shared Experience,Trip,Local Transport,Expense,2026-07-27,13:44:10,2026-07-27 13:44:10,19527.44,INR,-19527.44,APK Owner,3,PERCENTAGE,MAESTRO-APK-GROUP-TRIP-0533 | Local Transport | 19527.44,Android,B11,RAMP_501_1500,CREATED,idem-20260902-apk-0533
534,MTR-APK-0534,Business,Business,Business Runway,Burn,Expense,2026-07-28,02:05:44,2026-07-28 02:05:44,13214.74,INR,-13214.74,APK Owner,,,MAESTRO-APK-BUSINESS-BUSINESS_RUNWAY-0534 | Burn | 13214.74,Android,B11,RAMP_501_1500,CREATED,idem-20260902-apk-0534
535,MTR-APK-0535,Personal,Personal,Lifestyle,Hobbies,Expense,2026-01-10,17:16:47,2026-01-10 17:16:47,7704.7,INR,-7704.7,APK Owner,,,MAESTRO-APK-PERSONAL-LIFESTYLE-0535 | Hobbies | 7704.70,Android,B11,RAMP_501_1500,CREATED,idem-20260902-apk-0535
536,MTR-APK-0536,Group,Shared Experience,Trip,Activities,Expense,2025-12-06,20:03:09,2025-12-06 20:03:09,28266.43,INR,-28266.43,APK Aarav,3,EXACT,MAESTRO-APK-GROUP-TRIP-0536 | Activities | 28266.43,Android,B11,RAMP_501_1500,CREATED,idem-20260902-apk-0536
537,MTR-APK-0537,Business,Business,Business Runway,Reserve,Transfer,2026-06-19,07:39:23,2026-06-19 07:39:23,120222.95,INR,0.0,APK Owner,,,MAESTRO-APK-BUSINESS-BUSINESS_RUNWAY-0537 | Reserve | 120222.95,Android,B11,RAMP_501_1500,CREATED,idem-20260902-apk-0537
538,MTR-APK-0538,Personal,Personal,Relationships,Gifts,Expense,2025-12-21,02:07:17,2025-12-21 02:07:17,12320.37,INR,-12320.37,APK Owner,,,MAESTRO-APK-PERSONAL-RELATIONSHIPS-0538 | Gifts | 12320.37,Android,B11,RAMP_501_1500,CREATED,idem-20260902-apk-0538
539,MTR-APK-0539,Group,Shared Experience,Trip,Shopping,Expense,2025-12-10,18:17:19,2025-12-10 18:17:19,2553.3,INR,-2553.3,APK Meera,3,SHARES,MAESTRO-APK-GROUP-TRIP-0539 | Shopping | 2553.30,Android,B11,RAMP_501_1500,CREATED,idem-20260902-apk-0539
540,MTR-APK-0540,Business,Business,Business Runway,Loan,Income,2026-08-15,09:28:09,2026-08-15 09:28:09,46350.11,INR,46350.11,APK Owner,,,MAESTRO-APK-BUSINESS-BUSINESS_RUNWAY-0540 | Loan | 46350.11,Android,B11,RAMP_501_1500,CREATED,idem-20260902-apk-0540
541,MTR-APK-0541,Personal,Personal,Relationships,Dates,Expense,2025-11-04,01:34:04,2025-11-04 01:34:04,5137.88,INR,-5137.88,APK Owner,,,MAESTRO-APK-PERSONAL-RELATIONSHIPS-0541 | Dates | 5137.88,Android,B11,RAMP_501_1500,CREATED,idem-20260902-apk-0541
542,MTR-APK-0542,Group,Shared Experience,Trip,Other,Expense,2026-08-08,02:01:29,2026-08-08 02:01:29,28426.1,INR,-28426.1,APK Owner,3,EQUAL,MAESTRO-APK-GROUP-TRIP-0542 | Other | 28426.10,Android,B11,RAMP_501_1500,CREATED,idem-20260902-apk-0542
543,MTR-APK-0543,Business,Business,Business Runway,Investment,Income,2025-12-11,07:10:38,2025-12-11 07:10:38,136187.31,INR,136187.31,APK Owner,,,MAESTRO-APK-BUSINESS-BUSINESS_RUNWAY-0543 | Investment | 136187.31,Android,B11,RAMP_501_1500,CREATED,idem-20260902-apk-0543
544,MTR-APK-0544,Personal,Personal,Relationships,Family,Expense,2025-09-28,08:37:53,2025-09-28 08:37:53,11141.2,INR,-11141.2,APK Owner,,,MAESTRO-APK-PERSONAL-RELATIONSHIPS-0544 | Family | 11141.20,Android,B11,RAMP_501_1500,CREATED,idem-20260902-apk-0544
545,MTR-APK-0545,Group,Shared Experience,Wedding,Venue,Expense,2026-02-21,13:51:37,2026-02-21 13:51:37,20274.85,INR,-20274.85,APK Aarav,3,PERCENTAGE,MAESTRO-APK-GROUP-WEDDING-0545 | Venue | 20274.85,Android,B11,RAMP_501_1500,CREATED,idem-20260902-apk-0545
546,MTR-APK-0546,Business,Business,Business Operations,Software,Expense,2026-07-01,21:24:09,2026-07-01 21:24:09,80801.27,INR,-80801.27,APK Owner,,,MAESTRO-APK-BUSINESS-BUSINESS_OPERATIONS-0546 | Software | 80801.27,Android,B11,RAMP_501_1500,CREATED,idem-20260902-apk-0546
547,MTR-APK-0547,Personal,Personal,Relationships,Friends,Expense,2025-11-12,09:17:09,2025-11-12 09:17:09,11027.33,INR,-11027.33,APK Owner,,,MAESTRO-APK-PERSONAL-RELATIONSHIPS-0547 | Friends | 11027.33,Android,B11,RAMP_501_1500,CREATED,idem-20260902-apk-0547
548,MTR-APK-0548,Group,Shared Experience,Wedding,Catering,Expense,2026-04-23,09:23:03,2026-04-23 09:23:03,26993.9,INR,-26993.9,APK Meera,3,EXACT,MAESTRO-APK-GROUP-WEDDING-0548 | Catering | 26993.90,Android,B11,RAMP_501_1500,CREATED,idem-20260902-apk-0548
549,MTR-APK-0549,Business,Business,Business Operations,Rent,Expense,2026-08-16,18:48:39,2026-08-16 18:48:39,173741.08,INR,-173741.08,APK Owner,,,MAESTRO-APK-BUSINESS-BUSINESS_OPERATIONS-0549 | Rent | 173741.08,Android,B11,RAMP_501_1500,CREATED,idem-20260902-apk-0549
550,MTR-APK-0550,Personal,Personal,Relationships,Celebrations,Expense,2025-12-20,18:47:13,2025-12-20 18:47:13,18953.6,INR,-18953.6,APK Owner,,,MAESTRO-APK-PERSONAL-RELATIONSHIPS-0550 | Celebrations | 18953.60,Android,B11,RAMP_501_1500,CREATED,idem-20260902-apk-0550
551,MTR-APK-0551,Group,Shared Experience,Wedding,Decor,Expense,2026-07-29,22:31:23,2026-07-29 22:31:23,13238.3,INR,-13238.3,APK Owner,3,SHARES,MAESTRO-APK-GROUP-WEDDING-0551 | Decor | 13238.30,Android,B12,RAMP_501_1500,CREATED,idem-20260902-apk-0551
552,MTR-APK-0552,Business,Business,Business Operations,Marketing,Expense,2025-11-20,17:08:23,2025-11-20 17:08:23,126992.23,INR,-126992.23,APK Owner,,,MAESTRO-APK-BUSINESS-BUSINESS_OPERATIONS-0552 | Marketing | 126992.23,Android,B12,RAMP_501_1500,CREATED,idem-20260902-apk-0552
553,MTR-APK-0553,Personal,Personal,Life Operations,Groceries,Expense,2026-04-11,22:08:53,2026-04-11 22:08:53,11445.94,INR,-11445.94,APK Owner,,,MAESTRO-APK-PERSONAL-LIFE_OPERATIONS-0553 | Groceries | 11445.94,Android,B12,RAMP_501_1500,CREATED,idem-20260902-apk-0553
554,MTR-APK-0554,Group,Shared Experience,Wedding,Travel,Expense,2025-12-28,06:31:14,2025-12-28 06:31:14,4879.67,INR,-4879.67,APK Aarav,3,EQUAL,MAESTRO-APK-GROUP-WEDDING-0554 | Travel | 4879.67,Android,B12,RAMP_501_1500,CREATED,idem-20260902-apk-0554
555,MTR-APK-0555,Business,Business,Business Operations,Legal,Expense,2026-03-06,18:31:04,2026-03-06 18:31:04,100.0,INR,-100.0,APK Owner,,,MAESTRO-APK-BUSINESS-BUSINESS_OPERATIONS-0555 | Legal | 100.00,Android,B12,RAMP_501_1500,CREATED,idem-20260902-apk-0555
556,MTR-APK-0556,Personal,Personal,Life Operations,Rent,Expense,2026-06-16,17:23:53,2026-06-16 17:23:53,13451.22,INR,-13451.22,APK Owner,,,MAESTRO-APK-PERSONAL-LIFE_OPERATIONS-0556 | Rent | 13451.22,Android,B12,RAMP_501_1500,CREATED,idem-20260902-apk-0556
557,MTR-APK-0557,Group,Shared Experience,Wedding,Gifts,Expense,2026-02-20,14:15:38,2026-02-20 14:15:38,11047.04,INR,-11047.04,APK Meera,3,PERCENTAGE,MAESTRO-APK-GROUP-WEDDING-0557 | Gifts | 11047.04,Android,B12,RAMP_501_1500,CREATED,idem-20260902-apk-0557
558,MTR-APK-0558,Business,Business,Business Operations,Accounting,Expense,2026-04-20,21:35:45,2026-04-20 21:35:45,58522.05,INR,-58522.05,APK Owner,,,MAESTRO-APK-BUSINESS-BUSINESS_OPERATIONS-0558 | Accounting | 58522.05,Android,B12,RAMP_501_1500,CREATED,idem-20260902-apk-0558
559,MTR-APK-0559,Personal,Personal,Life Operations,Bills,Expense,2025-12-29,16:49:16,2025-12-29 16:49:16,8990.34,INR,-8990.34,APK Owner,,,MAESTRO-APK-PERSONAL-LIFE_OPERATIONS-0559 | Bills | 8990.34,Android,B12,RAMP_501_1500,CREATED,idem-20260902-apk-0559
560,MTR-APK-0560,Group,Shared Experience,Wedding,Photography,Expense,2025-12-11,09:36:04,2025-12-11 09:36:04,29416.63,INR,-29416.63,APK Owner,3,EXACT,MAESTRO-APK-GROUP-WEDDING-0560 | Photography | 29416.63,Android,B12,RAMP_501_1500,CREATED,idem-20260902-apk-0560
561,MTR-APK-0561,Business,Business,Business Operations,Equipment,Expense,2026-04-20,07:54:07,2026-04-20 07:54:07,44950.96,INR,-44950.96,APK Owner,,,MAESTRO-APK-BUSINESS-BUSINESS_OPERATIONS-0561 | Equipment | 44950.96,Android,B12,RAMP_501_1500,CREATED,idem-20260902-apk-0561
562,MTR-APK-0562,Personal,Personal,Life Operations,Transport,Expense,2025-10-18,02:10:38,2025-10-18 02:10:38,11820.13,INR,-11820.13,APK Owner,,,MAESTRO-APK-PERSONAL-LIFE_OPERATIONS-0562 | Transport | 11820.13,Android,B12,RAMP_501_1500,CREATED,idem-20260902-apk-0562
563,MTR-APK-0563,Group,Shared Experience,Wedding,Other,Expense,2026-07-07,17:41:46,2026-07-07 17:41:46,21773.74,INR,-21773.74,APK Aarav,3,SHARES,MAESTRO-APK-GROUP-WEDDING-0563 | Other | 21773.74,Android,B12,RAMP_501_1500,CREATED,idem-20260902-apk-0563
564,MTR-APK-0564,Business,Business,Business Operations,Vendor,Expense,2025-12-02,16:02:55,2025-12-02 16:02:55,79902.16,INR,-79902.16,APK Owner,,,MAESTRO-APK-BUSINESS-BUSINESS_OPERATIONS-0564 | Vendor | 79902.16,Android,B12,RAMP_501_1500,CREATED,idem-20260902-apk-0564
565,MTR-APK-0565,Personal,Personal,Life Operations,Healthcare,Expense,2025-11-20,03:57:29,2025-11-20 03:57:29,14445.82,INR,-14445.82,APK Owner,,,MAESTRO-APK-PERSONAL-LIFE_OPERATIONS-0565 | Healthcare | 14445.82,Android,B12,RAMP_501_1500,CREATED,idem-20260902-apk-0565
566,MTR-APK-0566,Group,Shared Experience,Office Outing,Food,Expense,2025-09-29,10:29:21,2025-09-29 10:29:21,3648.34,INR,-3648.34,APK Meera,3,EQUAL,MAESTRO-APK-GROUP-OFFICE_OUTING-0566 | Food | 3648.34,Android,B12,RAMP_501_1500,CREATED,idem-20260902-apk-0566
567,MTR-APK-0567,Business,Business,Business Operations,Tax,Expense,2026-07-10,14:23:01,2026-07-10 14:23:01,147329.72,INR,-147329.72,APK Owner,,,MAESTRO-APK-BUSINESS-BUSINESS_OPERATIONS-0567 | Tax | 147329.72,Android,B12,RAMP_501_1500,CREATED,idem-20260902-apk-0567
568,MTR-APK-0568,Personal,Personal,Life Operations,Subscriptions,Expense,2026-08-03,16:34:08,2026-08-03 16:34:08,5118.46,INR,-5118.46,APK Owner,,,MAESTRO-APK-PERSONAL-LIFE_OPERATIONS-0568 | Subscriptions | 5118.46,Android,B12,RAMP_501_1500,CREATED,idem-20260902-apk-0568
569,MTR-APK-0569,Group,Shared Experience,Office Outing,Travel,Expense,2026-05-09,17:43:28,2026-05-09 17:43:28,19462.25,INR,-19462.25,APK Owner,3,PERCENTAGE,MAESTRO-APK-GROUP-OFFICE_OUTING-0569 | Travel | 19462.25,Android,B12,RAMP_501_1500,CREATED,idem-20260902-apk-0569
570,MTR-APK-0570,Business,Business,Team Operations,Payroll,Expense,2026-01-18,02:10:43,2026-01-18 02:10:43,81847.67,INR,-81847.67,APK Owner,,,MAESTRO-APK-BUSINESS-TEAM_OPERATIONS-0570 | Payroll | 81847.67,Android,B12,RAMP_501_1500,CREATED,idem-20260902-apk-0570
571,MTR-APK-0571,Personal,Personal,Life Operations,Repairs,Expense,2025-10-06,11:42:35,2025-10-06 11:42:35,18312.19,INR,-18312.19,APK Owner,,,MAESTRO-APK-PERSONAL-LIFE_OPERATIONS-0571 | Repairs | 18312.19,Android,B12,RAMP_501_1500,CREATED,idem-20260902-apk-0571
572,MTR-APK-0572,Group,Shared Experience,Office Outing,Activities,Expense,2026-07-11,12:10:49,2026-07-11 12:10:49,145.6,INR,-145.6,APK Aarav,3,EXACT,MAESTRO-APK-GROUP-OFFICE_OUTING-0572 | Activities | 145.60,Android,B12,RAMP_501_1500,CREATED,idem-20260902-apk-0572
573,MTR-APK-0573,Business,Business,Team Operations,Contractor,Expense,2026-07-26,13:02:10,2026-07-26 13:02:10,50825.39,INR,-50825.39,APK Owner,,,MAESTRO-APK-BUSINESS-TEAM_OPERATIONS-0573 | Contractor | 50825.39,Android,B12,RAMP_501_1500,CREATED,idem-20260902-apk-0573
574,MTR-APK-0574,Personal,Personal,Future Building,Savings,Transfer,2026-07-09,14:46:56,2026-07-09 14:46:56,3719.1,INR,0.0,APK Owner,,,MAESTRO-APK-PERSONAL-FUTURE_BUILDING-0574 | Savings | 3719.10,Android,B12,RAMP_501_1500,CREATED,idem-20260902-apk-0574
575,MTR-APK-0575,Group,Shared Experience,Office Outing,Venue,Expense,2025-10-29,09:28:02,2025-10-29 09:28:02,12466.94,INR,-12466.94,APK Meera,3,SHARES,MAESTRO-APK-GROUP-OFFICE_OUTING-0575 | Venue | 12466.94,Android,B12,RAMP_501_1500,CREATED,idem-20260902-apk-0575
576,MTR-APK-0576,Business,Business,Team Operations,Hiring,Expense,2026-06-07,17:19:57,2026-06-07 17:19:57,96463.26,INR,-96463.26,APK Owner,,,MAESTRO-APK-BUSINESS-TEAM_OPERATIONS-0576 | Hiring | 96463.26,Android,B12,RAMP_501_1500,CREATED,idem-20260902-apk-0576
577,MTR-APK-0577,Personal,Personal,Future Building,Emergency Fund,Transfer,2026-01-17,03:11:36,2026-01-17 03:11:36,15402.86,INR,0.0,APK Owner,,,MAESTRO-APK-PERSONAL-FUTURE_BUILDING-0577 | Emergency Fund | 15402.86,Android,B12,RAMP_501_1500,CREATED,idem-20260902-apk-0577
578,MTR-APK-0578,Group,Shared Experience,Office Outing,Other,Expense,2025-09-20,03:33:38,2025-09-20 03:33:38,10944.17,INR,-10944.17,APK Owner,3,EQUAL,MAESTRO-APK-GROUP-OFFICE_OUTING-0578 | Other | 10944.17,Android,B12,RAMP_501_1500,CREATED,idem-20260902-apk-0578
579,MTR-APK-0579,Business,Business,Team Operations,Team Meal,Expense,2026-05-31,07:31:53,2026-05-31 07:31:53,169339.59,INR,-169339.59,APK Owner,,,MAESTRO-APK-BUSINESS-TEAM_OPERATIONS-0579 | Team Meal | 169339.59,Android,B12,RAMP_501_1500,CREATED,idem-20260902-apk-0579
580,MTR-APK-0580,Personal,Personal,Future Building,Investments,Investment,2026-07-12,13:31:13,2026-07-12 13:31:13,13094.74,INR,0.0,APK Owner,,,MAESTRO-APK-PERSONAL-FUTURE_BUILDING-0580 | Investments | 13094.74,Android,B12,RAMP_501_1500,CREATED,idem-20260902-apk-0580
581,MTR-APK-0581,Group,Shared Experience,House Party,Food,Expense,2026-01-21,22:43:00,2026-01-21 22:43:00,3147.56,INR,-3147.56,APK Aarav,3,PERCENTAGE,MAESTRO-APK-GROUP-HOUSE_PARTY-0581 | Food | 3147.56,Android,B12,RAMP_501_1500,CREATED,idem-20260902-apk-0581
582,MTR-APK-0582,Business,Business,Team Operations,Travel,Expense,2026-01-31,07:28:14,2026-01-31 07:28:14,150955.69,INR,-150955.69,APK Owner,,,MAESTRO-APK-BUSINESS-TEAM_OPERATIONS-0582 | Travel | 150955.69,Android,B12,RAMP_501_1500,CREATED,idem-20260902-apk-0582
583,MTR-APK-0583,Personal,Personal,Future Building,Education,Expense,2026-06-18,00:34:23,2026-06-18 00:34:23,6934.58,INR,-6934.58,APK Owner,,,MAESTRO-APK-PERSONAL-FUTURE_BUILDING-0583 | Education | 6934.58,Android,B12,RAMP_501_1500,CREATED,idem-20260902-apk-0583
584,MTR-APK-0584,Group,Shared Experience,House Party,Drinks,Expense,2026-06-24,06:53:51,2026-06-24 06:53:51,9690.47,INR,-9690.47,APK Meera,3,EXACT,MAESTRO-APK-GROUP-HOUSE_PARTY-0584 | Drinks | 9690.47,Android,B12,RAMP_501_1500,CREATED,idem-20260902-apk-0584
585,MTR-APK-0585,Business,Business,Team Operations,Training,Expense,2026-05-07,00:34:31,2026-05-07 00:34:31,48707.4,INR,-48707.4,APK Owner,,,MAESTRO-APK-BUSINESS-TEAM_OPERATIONS-0585 | Training | 48707.40,Android,B12,RAMP_501_1500,CREATED,idem-20260902-apk-0585
586,MTR-APK-0586,Personal,Personal,Future Building,Goal Contribution,Transfer,2025-12-02,13:47:28,2025-12-02 13:47:28,6570.78,INR,0.0,APK Owner,,,MAESTRO-APK-PERSONAL-FUTURE_BUILDING-0586 | Goal Contribution | 6570.78,Android,B12,RAMP_501_1500,CREATED,idem-20260902-apk-0586
587,MTR-APK-0587,Group,Shared Experience,House Party,Decor,Expense,2026-03-10,06:39:47,2026-03-10 06:39:47,21507.86,INR,-21507.86,APK Owner,3,SHARES,MAESTRO-APK-GROUP-HOUSE_PARTY-0587 | Decor | 21507.86,Android,B12,RAMP_501_1500,CREATED,idem-20260902-apk-0587
588,MTR-APK-0588,Business,Business,Team Operations,Tools,Expense,2026-05-20,14:15:05,2026-05-20 14:15:05,111209.31,INR,-111209.31,APK Owner,,,MAESTRO-APK-BUSINESS-TEAM_OPERATIONS-0588 | Tools | 111209.31,Android,B12,RAMP_501_1500,CREATED,idem-20260902-apk-0588
589,MTR-APK-0589,Personal,Personal,Lifestyle,Dining,Expense,2026-07-29,21:52:22,2026-07-29 21:52:22,19198.17,INR,-19198.17,APK Owner,,,MAESTRO-APK-PERSONAL-LIFESTYLE-0589 | Dining | 19198.17,Android,B12,RAMP_501_1500,CREATED,idem-20260902-apk-0589
590,MTR-APK-0590,Group,Shared Experience,House Party,Supplies,Expense,2025-10-26,17:58:13,2025-10-26 17:58:13,11985.89,INR,-11985.89,APK Aarav,3,EQUAL,MAESTRO-APK-GROUP-HOUSE_PARTY-0590 | Supplies | 11985.89,Android,B12,RAMP_501_1500,CREATED,idem-20260902-apk-0590
591,MTR-APK-0591,Business,Business,Business Runway,Funding,Income,2025-09-22,15:46:50,2025-09-22 15:46:50,80847.53,INR,80847.53,APK Owner,,,MAESTRO-APK-BUSINESS-BUSINESS_RUNWAY-0591 | Funding | 80847.53,Android,B12,RAMP_501_1500,CREATED,idem-20260902-apk-0591
592,MTR-APK-0592,Personal,Personal,Lifestyle,Shopping,Expense,2026-08-14,21:40:43,2026-08-14 21:40:43,999.99,INR,-999.99,APK Owner,,,MAESTRO-APK-PERSONAL-LIFESTYLE-0592 | Shopping | 999.99,Android,B12,RAMP_501_1500,CREATED,idem-20260902-apk-0592
593,MTR-APK-0593,Group,Shared Experience,House Party,Other,Expense,2026-08-09,13:09:52,2026-08-09 13:09:52,26405.03,INR,-26405.03,APK Meera,3,PERCENTAGE,MAESTRO-APK-GROUP-HOUSE_PARTY-0593 | Other | 26405.03,Android,B12,RAMP_501_1500,CREATED,idem-20260902-apk-0593
594,MTR-APK-0594,Business,Business,Business Runway,Revenue,Income,2026-02-02,20:18:02,2026-02-02 20:18:02,20523.69,INR,20523.69,APK Owner,,,MAESTRO-APK-BUSINESS-BUSINESS_RUNWAY-0594 | Revenue | 20523.69,Android,B12,RAMP_501_1500,CREATED,idem-20260902-apk-0594
595,MTR-APK-0595,Personal,Personal,Lifestyle,Entertainment,Expense,2025-12-15,10:36:56,2025-12-15 10:36:56,17823.56,INR,-17823.56,APK Owner,,,MAESTRO-APK-PERSONAL-LIFESTYLE-0595 | Entertainment | 17823.56,Android,B12,RAMP_501_1500,CREATED,idem-20260902-apk-0595
596,MTR-APK-0596,Group,Shared Purchase,Gift Pool,Contribution,Contribution,2025-10-13,07:56:52,2025-10-13 07:56:52,28630.34,INR,28630.34,APK Owner,3,EXACT,MAESTRO-APK-GROUP-GIFT_POOL-0596 | Contribution | 28630.34,Android,B12,RAMP_501_1500,CREATED,idem-20260902-apk-0596
597,MTR-APK-0597,Business,Business,Business Runway,Burn,Expense,2026-05-01,06:36:20,2026-05-01 06:36:20,62527.42,INR,-62527.42,APK Owner,,,MAESTRO-APK-BUSINESS-BUSINESS_RUNWAY-0597 | Burn | 62527.42,Android,B12,RAMP_501_1500,CREATED,idem-20260902-apk-0597
598,MTR-APK-0598,Personal,Personal,Lifestyle,Travel,Expense,2025-11-25,03:38:53,2025-11-25 03:38:53,5192.74,INR,-5192.74,APK Owner,,,MAESTRO-APK-PERSONAL-LIFESTYLE-0598 | Travel | 5192.74,Android,B12,RAMP_501_1500,CREATED,idem-20260902-apk-0598
599,MTR-APK-0599,Group,Shared Purchase,Gift Pool,Gift Purchase,Expense,2026-01-06,23:32:23,2026-01-06 23:32:23,652.33,INR,-652.33,APK Aarav,3,SHARES,MAESTRO-APK-GROUP-GIFT_POOL-0599 | Gift Purchase | 652.33,Android,B12,RAMP_501_1500,CREATED,idem-20260902-apk-0599
600,MTR-APK-0600,Business,Business,Business Runway,Reserve,Transfer,2026-02-13,17:52:45,2026-02-13 17:52:45,146767.37,INR,0.0,APK Owner,,,MAESTRO-APK-BUSINESS-BUSINESS_RUNWAY-0600 | Reserve | 146767.37,Android,B12,RAMP_501_1500,CREATED,idem-20260902-apk-0600
601,MTR-APK-0601,Personal,Personal,Lifestyle,Fitness,Expense,2026-04-21,17:24:55,2026-04-21 17:24:55,3134.26,INR,-3134.26,APK Owner,,,MAESTRO-APK-PERSONAL-LIFESTYLE-0601 | Fitness | 3134.26,Android,B13,RAMP_501_1500,CREATED,idem-20260902-apk-0601
602,MTR-APK-0602,Group,Shared Purchase,Gift Pool,Delivery,Expense,2025-12-19,00:10:10,2025-12-19 00:10:10,22787.14,INR,-22787.14,APK Meera,3,EQUAL,MAESTRO-APK-GROUP-GIFT_POOL-0602 | Delivery | 22787.14,Android,B13,RAMP_501_1500,CREATED,idem-20260902-apk-0602
603,MTR-APK-0603,Business,Business,Business Runway,Loan,Income,2026-06-13,03:04:56,2026-06-13 03:04:56,53461.46,INR,53461.46,APK Owner,,,MAESTRO-APK-BUSINESS-BUSINESS_RUNWAY-0603 | Loan | 53461.46,Android,B13,RAMP_501_1500,CREATED,idem-20260902-apk-0603
604,MTR-APK-0604,Personal,Personal,Lifestyle,Hobbies,Expense,2026-06-23,10:28:43,2026-06-23 10:28:43,9655.32,INR,-9655.32,APK Owner,,,MAESTRO-APK-PERSONAL-LIFESTYLE-0604 | Hobbies | 9655.32,Android,B13,RAMP_501_1500,CREATED,idem-20260902-apk-0604
605,MTR-APK-0605,Group,Shared Purchase,Gift Pool,Other,Expense,2025-10-12,16:02:05,2025-10-12 16:02:05,3844.47,INR,-3844.47,APK Owner,3,PERCENTAGE,MAESTRO-APK-GROUP-GIFT_POOL-0605 | Other | 3844.47,Android,B13,RAMP_501_1500,CREATED,idem-20260902-apk-0605
606,MTR-APK-0606,Business,Business,Business Runway,Investment,Income,2026-01-12,01:18:39,2026-01-12 01:18:39,8854.75,INR,8854.75,APK Owner,,,MAESTRO-APK-BUSINESS-BUSINESS_RUNWAY-0606 | Investment | 8854.75,Android,B13,RAMP_501_1500,CREATED,idem-20260902-apk-0606
607,MTR-APK-0607,Personal,Personal,Relationships,Gifts,Expense,2026-06-01,12:11:51,2026-06-01 12:11:51,10296.51,INR,-10296.51,APK Owner,,,MAESTRO-APK-PERSONAL-RELATIONSHIPS-0607 | Gifts | 10296.51,Android,B13,RAMP_501_1500,CREATED,idem-20260902-apk-0607
608,MTR-APK-0608,Group,Shared Purchase,Purchase,Item,Expense,2026-08-17,18:39:27,2026-08-17 18:39:27,15393.91,INR,-15393.91,APK Aarav,3,EXACT,MAESTRO-APK-GROUP-PURCHASE-0608 | Item | 15393.91,Android,B13,RAMP_501_1500,CREATED,idem-20260902-apk-0608
609,MTR-APK-0609,Business,Business,Business Operations,Software,Expense,2026-03-10,13:27:32,2026-03-10 13:27:32,120530.78,INR,-120530.78,APK Owner,,,MAESTRO-APK-BUSINESS-BUSINESS_OPERATIONS-0609 | Software | 120530.78,Android,B13,RAMP_501_1500,CREATED,idem-20260902-apk-0609
610,MTR-APK-0610,Personal,Personal,Relationships,Dates,Expense,2026-05-14,05:51:34,2026-05-14 05:51:34,7767.94,INR,-7767.94,APK Owner,,,MAESTRO-APK-PERSONAL-RELATIONSHIPS-0610 | Dates | 7767.94,Android,B13,RAMP_501_1500,CREATED,idem-20260902-apk-0610
611,MTR-APK-0611,Group,Shared Purchase,Purchase,Shipping,Expense,2026-06-18,07:35:59,2026-06-18 07:35:59,19211.71,INR,-19211.71,APK Meera,3,SHARES,MAESTRO-APK-GROUP-PURCHASE-0611 | Shipping | 19211.71,Android,B13,RAMP_501_1500,CREATED,idem-20260902-apk-0611
612,MTR-APK-0612,Business,Business,Business Operations,Rent,Expense,2025-11-01,11:46:14,2025-11-01 11:46:14,165668.6,INR,-165668.6,APK Owner,,,MAESTRO-APK-BUSINESS-BUSINESS_OPERATIONS-0612 | Rent | 165668.60,Android,B13,RAMP_501_1500,CREATED,idem-20260902-apk-0612
613,MTR-APK-0613,Personal,Personal,Relationships,Family,Expense,2026-06-29,21:52:04,2026-06-29 21:52:04,3622.63,INR,-3622.63,APK Owner,,,MAESTRO-APK-PERSONAL-RELATIONSHIPS-0613 | Family | 3622.63,Android,B13,RAMP_501_1500,CREATED,idem-20260902-apk-0613
614,MTR-APK-0614,Group,Shared Purchase,Purchase,Tax,Expense,2025-12-30,15:13:09,2025-12-30 15:13:09,9137.72,INR,-9137.72,APK Owner,3,EQUAL,MAESTRO-APK-GROUP-PURCHASE-0614 | Tax | 9137.72,Android,B13,RAMP_501_1500,CREATED,idem-20260902-apk-0614
615,MTR-APK-0615,Business,Business,Business Operations,Marketing,Expense,2025-10-21,09:08:36,2025-10-21 09:08:36,83659.81,INR,-83659.81,APK Owner,,,MAESTRO-APK-BUSINESS-BUSINESS_OPERATIONS-0615 | Marketing | 83659.81,Android,B13,RAMP_501_1500,CREATED,idem-20260902-apk-0615
616,MTR-APK-0616,Personal,Personal,Relationships,Friends,Expense,2026-04-01,23:08:25,2026-04-01 23:08:25,8245.2,INR,-8245.2,APK Owner,,,MAESTRO-APK-PERSONAL-RELATIONSHIPS-0616 | Friends | 8245.20,Android,B13,RAMP_501_1500,CREATED,idem-20260902-apk-0616
617,MTR-APK-0617,Group,Shared Purchase,Purchase,Other,Expense,2025-10-23,17:08:50,2025-10-23 17:08:50,24387.42,INR,-24387.42,APK Aarav,3,PERCENTAGE,MAESTRO-APK-GROUP-PURCHASE-0617 | Other | 24387.42,Android,B13,RAMP_501_1500,CREATED,idem-20260902-apk-0617
618,MTR-APK-0618,Business,Business,Business Operations,Legal,Expense,2026-04-08,15:35:27,2026-04-08 15:35:27,86141.08,INR,-86141.08,APK Owner,,,MAESTRO-APK-BUSINESS-BUSINESS_OPERATIONS-0618 | Legal | 86141.08,Android,B13,RAMP_501_1500,CREATED,idem-20260902-apk-0618
619,MTR-APK-0619,Personal,Personal,Relationships,Celebrations,Expense,2025-12-30,09:47:44,2025-12-30 09:47:44,19936.96,INR,-19936.96,APK Owner,,,MAESTRO-APK-PERSONAL-RELATIONSHIPS-0619 | Celebrations | 19936.96,Android,B13,RAMP_501_1500,CREATED,idem-20260902-apk-0619
620,MTR-APK-0620,Group,Shared Purchase,Assets,Purchase,Expense,2026-07-07,19:40:12,2026-07-07 19:40:12,3771.51,INR,-3771.51,APK Meera,3,EXACT,MAESTRO-APK-GROUP-ASSETS-0620 | Purchase | 3771.51,Android,B13,RAMP_501_1500,CREATED,idem-20260902-apk-0620
621,MTR-APK-0621,Business,Business,Business Operations,Accounting,Expense,2026-07-08,13:40:23,2026-07-08 13:40:23,15434.18,INR,-15434.18,APK Owner,,,MAESTRO-APK-BUSINESS-BUSINESS_OPERATIONS-0621 | Accounting | 15434.18,Android,B13,RAMP_501_1500,CREATED,idem-20260902-apk-0621
622,MTR-APK-0622,Personal,Personal,Life Operations,Groceries,Expense,2026-04-18,19:28:22,2026-04-18 19:28:22,1638.25,INR,-1638.25,APK Owner,,,MAESTRO-APK-PERSONAL-LIFE_OPERATIONS-0622 | Groceries | 1638.25,Android,B13,RAMP_501_1500,CREATED,idem-20260902-apk-0622
623,MTR-APK-0623,Group,Shared Purchase,Assets,Maintenance,Expense,2025-11-09,15:01:10,2025-11-09 15:01:10,14557.81,INR,-14557.81,APK Owner,3,SHARES,MAESTRO-APK-GROUP-ASSETS-0623 | Maintenance | 14557.81,Android,B13,RAMP_501_1500,CREATED,idem-20260902-apk-0623
624,MTR-APK-0624,Business,Business,Business Operations,Equipment,Expense,2026-05-13,16:43:35,2026-05-13 16:43:35,148995.62,INR,-148995.62,APK Owner,,,MAESTRO-APK-BUSINESS-BUSINESS_OPERATIONS-0624 | Equipment | 148995.62,Android,B13,RAMP_501_1500,CREATED,idem-20260902-apk-0624
625,MTR-APK-0625,Personal,Personal,Life Operations,Rent,Expense,2025-11-14,17:27:44,2025-11-14 17:27:44,6931.69,INR,-6931.69,APK Owner,,,MAESTRO-APK-PERSONAL-LIFE_OPERATIONS-0625 | Rent | 6931.69,Android,B13,RAMP_501_1500,CREATED,idem-20260902-apk-0625
626,MTR-APK-0626,Group,Shared Purchase,Assets,Repair,Expense,2026-07-14,20:45:29,2026-07-14 20:45:29,19300.4,INR,-19300.4,APK Aarav,3,EQUAL,MAESTRO-APK-GROUP-ASSETS-0626 | Repair | 19300.40,Android,B13,RAMP_501_1500,CREATED,idem-20260902-apk-0626
627,MTR-APK-0627,Business,Business,Business Operations,Vendor,Expense,2026-01-12,00:05:00,2026-01-12 00:05:00,59306.13,INR,-59306.13,APK Owner,,,MAESTRO-APK-BUSINESS-BUSINESS_OPERATIONS-0627 | Vendor | 59306.13,Android,B13,RAMP_501_1500,CREATED,idem-20260902-apk-0627
628,MTR-APK-0628,Personal,Personal,Life Operations,Bills,Expense,2026-08-19,10:29:51,2026-08-19 10:29:51,15415.81,INR,-15415.81,APK Owner,,,MAESTRO-APK-PERSONAL-LIFE_OPERATIONS-0628 | Bills | 15415.81,Android,B13,RAMP_501_1500,CREATED,idem-20260902-apk-0628
629,MTR-APK-0629,Group,Shared Purchase,Assets,Insurance,Expense,2025-12-26,16:28:23,2025-12-26 16:28:23,10000.0,INR,-10000.0,APK Meera,3,PERCENTAGE,MAESTRO-APK-GROUP-ASSETS-0629 | Insurance | 10000.00,Android,B13,RAMP_501_1500,CREATED,idem-20260902-apk-0629
630,MTR-APK-0630,Business,Business,Business Operations,Tax,Expense,2025-12-07,04:52:02,2025-12-07 04:52:02,40457.77,INR,-40457.77,APK Owner,,,MAESTRO-APK-BUSINESS-BUSINESS_OPERATIONS-0630 | Tax | 40457.77,Android,B13,RAMP_501_1500,CREATED,idem-20260902-apk-0630
631,MTR-APK-0631,Personal,Personal,Life Operations,Transport,Expense,2025-11-13,15:06:55,2025-11-13 15:06:55,4066.05,INR,-4066.05,APK Owner,,,MAESTRO-APK-PERSONAL-LIFE_OPERATIONS-0631 | Transport | 4066.05,Android,B13,RAMP_501_1500,CREATED,idem-20260902-apk-0631
632,MTR-APK-0632,Group,Shared Purchase,Assets,Other,Expense,2026-01-08,16:17:38,2026-01-08 16:17:38,9797.18,INR,-9797.18,APK Owner,3,EXACT,MAESTRO-APK-GROUP-ASSETS-0632 | Other | 9797.18,Android,B13,RAMP_501_1500,CREATED,idem-20260902-apk-0632
633,MTR-APK-0633,Business,Business,Team Operations,Payroll,Expense,2026-04-10,07:45:22,2026-04-10 07:45:22,84547.66,INR,-84547.66,APK Owner,,,MAESTRO-APK-BUSINESS-TEAM_OPERATIONS-0633 | Payroll | 84547.66,Android,B13,RAMP_501_1500,CREATED,idem-20260902-apk-0633
634,MTR-APK-0634,Personal,Personal,Life Operations,Healthcare,Expense,2026-04-12,21:37:12,2026-04-12 21:37:12,1996.51,INR,-1996.51,APK Owner,,,MAESTRO-APK-PERSONAL-LIFE_OPERATIONS-0634 | Healthcare | 1996.51,Android,B13,RAMP_501_1500,CREATED,idem-20260902-apk-0634
635,MTR-APK-0635,Group,Shared Purchase,Custom Purchase,Custom Expense,Expense,2025-09-18,14:15:49,2025-09-18 14:15:49,20998.33,INR,-20998.33,APK Aarav,3,SHARES,MAESTRO-APK-GROUP-CUSTOM_PURCHASE-0635 | Custom Expense | 20998.33,Android,B13,RAMP_501_1500,CREATED,idem-20260902-apk-0635
636,MTR-APK-0636,Business,Business,Team Operations,Contractor,Expense,2025-10-04,15:53:20,2025-10-04 15:53:20,109696.37,INR,-109696.37,APK Owner,,,MAESTRO-APK-BUSINESS-TEAM_OPERATIONS-0636 | Contractor | 109696.37,Android,B13,RAMP_501_1500,CREATED,idem-20260902-apk-0636
637,MTR-APK-0637,Personal,Personal,Life Operations,Subscriptions,Expense,2026-04-11,07:16:51,2026-04-11 07:16:51,1355.25,INR,-1355.25,APK Owner,,,MAESTRO-APK-PERSONAL-LIFE_OPERATIONS-0637 | Subscriptions | 1355.25,Android,B13,RAMP_501_1500,CREATED,idem-20260902-apk-0637
638,MTR-APK-0638,Group,Shared Purchase,Custom Purchase,Custom Contribution,Contribution,2026-03-27,02:57:39,2026-03-27 02:57:39,4243.98,INR,4243.98,APK Meera,3,EQUAL,MAESTRO-APK-GROUP-CUSTOM_PURCHASE-0638 | Custom Contribution | 4243.98,Android,B13,RAMP_501_1500,CREATED,idem-20260902-apk-0638
639,MTR-APK-0639,Business,Business,Team Operations,Hiring,Expense,2025-12-19,08:18:19,2025-12-19 08:18:19,22938.07,INR,-22938.07,APK Owner,,,MAESTRO-APK-BUSINESS-TEAM_OPERATIONS-0639 | Hiring | 22938.07,Android,B13,RAMP_501_1500,CREATED,idem-20260902-apk-0639
640,MTR-APK-0640,Personal,Personal,Life Operations,Repairs,Expense,2026-02-16,22:32:52,2026-02-16 22:32:52,11873.48,INR,-11873.48,APK Owner,,,MAESTRO-APK-PERSONAL-LIFE_OPERATIONS-0640 | Repairs | 11873.48,Android,B13,RAMP_501_1500,CREATED,idem-20260902-apk-0640
641,MTR-APK-0641,Group,Shared Living,Flatmates,Rent,Expense,2026-08-18,02:36:44,2026-08-18 02:36:44,20831.5,INR,-20831.5,APK Owner,3,PERCENTAGE,MAESTRO-APK-GROUP-FLATMATES-0641 | Rent | 20831.50,Android,B13,RAMP_501_1500,CREATED,idem-20260902-apk-0641
642,MTR-APK-0642,Business,Business,Team Operations,Team Meal,Expense,2025-12-01,19:05:57,2025-12-01 19:05:57,169284.67,INR,-169284.67,APK Owner,,,MAESTRO-APK-BUSINESS-TEAM_OPERATIONS-0642 | Team Meal | 169284.67,Android,B13,RAMP_501_1500,CREATED,idem-20260902-apk-0642
643,MTR-APK-0643,Personal,Personal,Future Building,Savings,Transfer,2026-04-28,02:34:32,2026-04-28 02:34:32,11660.76,INR,0.0,APK Owner,,,MAESTRO-APK-PERSONAL-FUTURE_BUILDING-0643 | Savings | 11660.76,Android,B13,RAMP_501_1500,CREATED,idem-20260902-apk-0643
644,MTR-APK-0644,Group,Shared Living,Flatmates,Utilities,Expense,2026-09-01,11:30:46,2026-09-01 11:30:46,13764.51,INR,-13764.51,APK Aarav,3,EXACT,MAESTRO-APK-GROUP-FLATMATES-0644 | Utilities | 13764.51,Android,B13,RAMP_501_1500,CREATED,idem-20260902-apk-0644
645,MTR-APK-0645,Business,Business,Team Operations,Travel,Expense,2026-03-20,17:03:16,2026-03-20 17:03:16,87937.24,INR,-87937.24,APK Owner,,,MAESTRO-APK-BUSINESS-TEAM_OPERATIONS-0645 | Travel | 87937.24,Android,B13,RAMP_501_1500,CREATED,idem-20260902-apk-0645
646,MTR-APK-0646,Personal,Personal,Future Building,Emergency Fund,Transfer,2026-03-06,01:39:11,2026-03-06 01:39:11,13154.12,INR,0.0,APK Owner,,,MAESTRO-APK-PERSONAL-FUTURE_BUILDING-0646 | Emergency Fund | 13154.12,Android,B13,RAMP_501_1500,CREATED,idem-20260902-apk-0646
647,MTR-APK-0647,Group,Shared Living,Flatmates,Groceries,Expense,2026-05-01,13:34:11,2026-05-01 13:34:11,22293.19,INR,-22293.19,APK Meera,3,SHARES,MAESTRO-APK-GROUP-FLATMATES-0647 | Groceries | 22293.19,Android,B13,RAMP_501_1500,CREATED,idem-20260902-apk-0647
648,MTR-APK-0648,Business,Business,Team Operations,Training,Expense,2025-10-26,15:04:58,2025-10-26 15:04:58,136667.98,INR,-136667.98,APK Owner,,,MAESTRO-APK-BUSINESS-TEAM_OPERATIONS-0648 | Training | 136667.98,Android,B13,RAMP_501_1500,CREATED,idem-20260902-apk-0648
649,MTR-APK-0649,Personal,Personal,Future Building,Investments,Investment,2026-05-10,21:59:41,2026-05-10 21:59:41,4367.01,INR,0.0,APK Owner,,,MAESTRO-APK-PERSONAL-FUTURE_BUILDING-0649 | Investments | 4367.01,Android,B13,RAMP_501_1500,CREATED,idem-20260902-apk-0649
650,MTR-APK-0650,Group,Shared Living,Flatmates,Internet,Expense,2026-01-25,13:13:52,2026-01-25 13:13:52,7830.71,INR,-7830.71,APK Owner,3,EQUAL,MAESTRO-APK-GROUP-FLATMATES-0650 | Internet | 7830.71,Android,B13,RAMP_501_1500,CREATED,idem-20260902-apk-0650
651,MTR-APK-0651,Business,Business,Team Operations,Tools,Expense,2025-12-21,18:39:55,2025-12-21 18:39:55,73867.0,INR,-73867.0,APK Owner,,,MAESTRO-APK-BUSINESS-TEAM_OPERATIONS-0651 | Tools | 73867.00,Android,B14,RAMP_501_1500,CREATED,idem-20260902-apk-0651
652,MTR-APK-0652,Personal,Personal,Future Building,Education,Expense,2025-10-19,16:30:45,2025-10-19 16:30:45,911.64,INR,-911.64,APK Owner,,,MAESTRO-APK-PERSONAL-FUTURE_BUILDING-0652 | Education | 911.64,Android,B14,RAMP_501_1500,CREATED,idem-20260902-apk-0652
653,MTR-APK-0653,Group,Shared Living,Flatmates,House Supplies,Expense,2026-04-10,16:54:57,2026-04-10 16:54:57,26895.15,INR,-26895.15,APK Aarav,3,PERCENTAGE,MAESTRO-APK-GROUP-FLATMATES-0653 | House Supplies | 26895.15,Android,B14,RAMP_501_1500,CREATED,idem-20260902-apk-0653
654,MTR-APK-0654,Business,Business,Business Runway,Funding,Income,2025-12-01,10:24:00,2025-12-01 10:24:00,77899.64,INR,77899.64,APK Owner,,,MAESTRO-APK-BUSINESS-BUSINESS_RUNWAY-0654 | Funding | 77899.64,Android,B14,RAMP_501_1500,CREATED,idem-20260902-apk-0654
655,MTR-APK-0655,Personal,Personal,Future Building,Goal Contribution,Transfer,2026-05-30,17:25:49,2026-05-30 17:25:49,18303.37,INR,0.0,APK Owner,,,MAESTRO-APK-PERSONAL-FUTURE_BUILDING-0655 | Goal Contribution | 18303.37,Android,B14,RAMP_501_1500,CREATED,idem-20260902-apk-0655
656,MTR-APK-0656,Group,Shared Living,Flatmates,Repairs,Expense,2026-05-12,18:44:54,2026-05-12 18:44:54,17364.84,INR,-17364.84,APK Meera,3,EXACT,MAESTRO-APK-GROUP-FLATMATES-0656 | Repairs | 17364.84,Android,B14,RAMP_501_1500,CREATED,idem-20260902-apk-0656
657,MTR-APK-0657,Business,Business,Business Runway,Revenue,Income,2026-03-03,13:44:02,2026-03-03 13:44:02,62863.47,INR,62863.47,APK Owner,,,MAESTRO-APK-BUSINESS-BUSINESS_RUNWAY-0657 | Revenue | 62863.47,Android,B14,RAMP_501_1500,CREATED,idem-20260902-apk-0657
658,MTR-APK-0658,Personal,Personal,Lifestyle,Dining,Expense,2026-03-04,12:05:55,2026-03-04 12:05:55,8665.33,INR,-8665.33,APK Owner,,,MAESTRO-APK-PERSONAL-LIFESTYLE-0658 | Dining | 8665.33,Android,B14,RAMP_501_1500,CREATED,idem-20260902-apk-0658
659,MTR-APK-0659,Group,Shared Living,Shared Living,Rent,Expense,2025-11-26,08:22:34,2025-11-26 08:22:34,28329.75,INR,-28329.75,APK Owner,3,SHARES,MAESTRO-APK-GROUP-SHARED_LIVING-0659 | Rent | 28329.75,Android,B14,RAMP_501_1500,CREATED,idem-20260902-apk-0659
660,MTR-APK-0660,Business,Business,Business Runway,Burn,Expense,2025-09-28,15:53:01,2025-09-28 15:53:01,170377.39,INR,-170377.39,APK Owner,,,MAESTRO-APK-BUSINESS-BUSINESS_RUNWAY-0660 | Burn | 170377.39,Android,B14,RAMP_501_1500,CREATED,idem-20260902-apk-0660
661,MTR-APK-0661,Personal,Personal,Lifestyle,Shopping,Expense,2026-05-02,12:43:47,2026-05-02 12:43:47,11404.0,INR,-11404.0,APK Owner,,,MAESTRO-APK-PERSONAL-LIFESTYLE-0661 | Shopping | 11404.00,Android,B14,RAMP_501_1500,CREATED,idem-20260902-apk-0661
662,MTR-APK-0662,Group,Shared Living,Shared Living,Utilities,Expense,2026-08-21,03:02:46,2026-08-21 03:02:46,1126.88,INR,-1126.88,APK Aarav,3,EQUAL,MAESTRO-APK-GROUP-SHARED_LIVING-0662 | Utilities | 1126.88,Android,B14,RAMP_501_1500,CREATED,idem-20260902-apk-0662
663,MTR-APK-0663,Business,Business,Business Runway,Reserve,Transfer,2026-04-30,04:26:41,2026-04-30 04:26:41,21901.4,INR,0.0,APK Owner,,,MAESTRO-APK-BUSINESS-BUSINESS_RUNWAY-0663 | Reserve | 21901.40,Android,B14,RAMP_501_1500,CREATED,idem-20260902-apk-0663
664,MTR-APK-0664,Personal,Personal,Lifestyle,Entertainment,Expense,2025-09-14,04:56:08,2025-09-14 04:56:08,1548.55,INR,-1548.55,APK Owner,,,MAESTRO-APK-PERSONAL-LIFESTYLE-0664 | Entertainment | 1548.55,Android,B14,RAMP_501_1500,CREATED,idem-20260902-apk-0664
665,MTR-APK-0665,Group,Shared Living,Shared Living,Groceries,Expense,2026-02-20,15:14:11,2026-02-20 15:14:11,23743.13,INR,-23743.13,APK Meera,3,PERCENTAGE,MAESTRO-APK-GROUP-SHARED_LIVING-0665 | Groceries | 23743.13,Android,B14,RAMP_501_1500,CREATED,idem-20260902-apk-0665
666,MTR-APK-0666,Business,Business,Business Runway,Loan,Income,2026-05-14,11:11:49,2026-05-14 11:11:49,0.01,INR,0.01,APK Owner,,,MAESTRO-APK-BUSINESS-BUSINESS_RUNWAY-0666 | Loan | 0.01,Android,B14,RAMP_501_1500,CREATED,idem-20260902-apk-0666
667,MTR-APK-0667,Personal,Personal,Lifestyle,Travel,Expense,2025-12-23,12:35:07,2025-12-23 12:35:07,1811.19,INR,-1811.19,APK Owner,,,MAESTRO-APK-PERSONAL-LIFESTYLE-0667 | Travel | 1811.19,Android,B14,RAMP_501_1500,CREATED,idem-20260902-apk-0667
668,MTR-APK-0668,Group,Shared Living,Shared Living,Maintenance,Expense,2026-04-15,13:33:25,2026-04-15 13:33:25,29915.54,INR,-29915.54,APK Owner,3,EXACT,MAESTRO-APK-GROUP-SHARED_LIVING-0668 | Maintenance | 29915.54,Android,B14,RAMP_501_1500,CREATED,idem-20260902-apk-0668
669,MTR-APK-0669,Business,Business,Business Runway,Investment,Income,2026-07-08,02:41:41,2026-07-08 02:41:41,90978.17,INR,90978.17,APK Owner,,,MAESTRO-APK-BUSINESS-BUSINESS_RUNWAY-0669 | Investment | 90978.17,Android,B14,RAMP_501_1500,CREATED,idem-20260902-apk-0669
670,MTR-APK-0670,Personal,Personal,Lifestyle,Fitness,Expense,2026-05-20,00:04:47,2026-05-20 00:04:47,3493.91,INR,-3493.91,APK Owner,,,MAESTRO-APK-PERSONAL-LIFESTYLE-0670 | Fitness | 3493.91,Android,B14,RAMP_501_1500,CREATED,idem-20260902-apk-0670
671,MTR-APK-0671,Group,Shared Living,Shared Living,Other,Expense,2026-05-26,15:25:57,2026-05-26 15:25:57,16577.39,INR,-16577.39,APK Aarav,3,SHARES,MAESTRO-APK-GROUP-SHARED_LIVING-0671 | Other | 16577.39,Android,B14,RAMP_501_1500,CREATED,idem-20260902-apk-0671
672,MTR-APK-0672,Business,Business,Business Operations,Software,Expense,2026-04-10,14:31:04,2026-04-10 14:31:04,29368.96,INR,-29368.96,APK Owner,,,MAESTRO-APK-BUSINESS-BUSINESS_OPERATIONS-0672 | Software | 29368.96,Android,B14,RAMP_501_1500,CREATED,idem-20260902-apk-0672
673,MTR-APK-0673,Personal,Personal,Lifestyle,Hobbies,Expense,2025-10-12,04:32:50,2025-10-12 04:32:50,15809.12,INR,-15809.12,APK Owner,,,MAESTRO-APK-PERSONAL-LIFESTYLE-0673 | Hobbies | 15809.12,Android,B14,RAMP_501_1500,CREATED,idem-20260902-apk-0673
674,MTR-APK-0674,Group,Shared Living,Family Household,Transport,Expense,2025-11-16,23:22:06,2025-11-16 23:22:06,27212.7,INR,-27212.7,APK Meera,3,EQUAL,MAESTRO-APK-GROUP-FAMILY_HOUSEHOLD-0674 | Transport | 27212.70,Android,B14,RAMP_501_1500,CREATED,idem-20260902-apk-0674
675,MTR-APK-0675,Business,Business,Business Operations,Rent,Expense,2026-02-18,19:03:15,2026-02-18 19:03:15,178786.25,INR,-178786.25,APK Owner,,,MAESTRO-APK-BUSINESS-BUSINESS_OPERATIONS-0675 | Rent | 178786.25,Android,B14,RAMP_501_1500,CREATED,idem-20260902-apk-0675
676,MTR-APK-0676,Personal,Personal,Relationships,Gifts,Expense,2025-10-11,22:30:13,2025-10-11 22:30:13,6868.15,INR,-6868.15,APK Owner,,,MAESTRO-APK-PERSONAL-RELATIONSHIPS-0676 | Gifts | 6868.15,Android,B14,RAMP_501_1500,CREATED,idem-20260902-apk-0676
677,MTR-APK-0677,Group,Shared Living,Family Household,Bills,Expense,2026-06-08,00:34:52,2026-06-08 00:34:52,6048.63,INR,-6048.63,APK Owner,3,PERCENTAGE,MAESTRO-APK-GROUP-FAMILY_HOUSEHOLD-0677 | Bills | 6048.63,Android,B14,RAMP_501_1500,CREATED,idem-20260902-apk-0677
678,MTR-APK-0678,Business,Business,Business Operations,Marketing,Expense,2026-03-14,01:50:20,2026-03-14 01:50:20,37372.57,INR,-37372.57,APK Owner,,,MAESTRO-APK-BUSINESS-BUSINESS_OPERATIONS-0678 | Marketing | 37372.57,Android,B14,RAMP_501_1500,CREATED,idem-20260902-apk-0678
679,MTR-APK-0679,Personal,Personal,Relationships,Dates,Expense,2026-01-07,07:43:03,2026-01-07 07:43:03,8108.14,INR,-8108.14,APK Owner,,,MAESTRO-APK-PERSONAL-RELATIONSHIPS-0679 | Dates | 8108.14,Android,B14,RAMP_501_1500,CREATED,idem-20260902-apk-0679
680,MTR-APK-0680,Group,Shared Living,Family Household,Utilities,Expense,2026-05-12,15:37:14,2026-05-12 15:37:14,13886.91,INR,-13886.91,APK Aarav,3,EXACT,MAESTRO-APK-GROUP-FAMILY_HOUSEHOLD-0680 | Utilities | 13886.91,Android,B14,RAMP_501_1500,CREATED,idem-20260902-apk-0680
681,MTR-APK-0681,Business,Business,Business Operations,Legal,Expense,2026-05-10,11:36:02,2026-05-10 11:36:02,142938.61,INR,-142938.61,APK Owner,,,MAESTRO-APK-BUSINESS-BUSINESS_OPERATIONS-0681 | Legal | 142938.61,Android,B14,RAMP_501_1500,CREATED,idem-20260902-apk-0681
682,MTR-APK-0682,Personal,Personal,Relationships,Family,Expense,2026-02-07,05:29:33,2026-02-07 05:29:33,18223.77,INR,-18223.77,APK Owner,,,MAESTRO-APK-PERSONAL-RELATIONSHIPS-0682 | Family | 18223.77,Android,B14,RAMP_501_1500,CREATED,idem-20260902-apk-0682
683,MTR-APK-0683,Group,Shared Living,Family Household,Healthcare,Expense,2025-12-27,11:58:41,2025-12-27 11:58:41,12577.4,INR,-12577.4,APK Meera,3,SHARES,MAESTRO-APK-GROUP-FAMILY_HOUSEHOLD-0683 | Healthcare | 12577.40,Android,B14,RAMP_501_1500,CREATED,idem-20260902-apk-0683
684,MTR-APK-0684,Business,Business,Business Operations,Accounting,Expense,2026-01-31,04:43:09,2026-01-31 04:43:09,166200.09,INR,-166200.09,APK Owner,,,MAESTRO-APK-BUSINESS-BUSINESS_OPERATIONS-0684 | Accounting | 166200.09,Android,B14,RAMP_501_1500,CREATED,idem-20260902-apk-0684
685,MTR-APK-0685,Personal,Personal,Relationships,Friends,Expense,2026-08-14,21:17:01,2026-08-14 21:17:01,1534.76,INR,-1534.76,APK Owner,,,MAESTRO-APK-PERSONAL-RELATIONSHIPS-0685 | Friends | 1534.76,Android,B14,RAMP_501_1500,CREATED,idem-20260902-apk-0685
686,MTR-APK-0686,Group,Shared Living,Family Household,School,Expense,2025-12-09,11:24:10,2025-12-09 11:24:10,14948.56,INR,-14948.56,APK Owner,3,EQUAL,MAESTRO-APK-GROUP-FAMILY_HOUSEHOLD-0686 | School | 14948.56,Android,B14,RAMP_501_1500,CREATED,idem-20260902-apk-0686
687,MTR-APK-0687,Business,Business,Business Operations,Equipment,Expense,2025-11-09,07:01:37,2025-11-09 07:01:37,152013.94,INR,-152013.94,APK Owner,,,MAESTRO-APK-BUSINESS-BUSINESS_OPERATIONS-0687 | Equipment | 152013.94,Android,B14,RAMP_501_1500,CREATED,idem-20260902-apk-0687
688,MTR-APK-0688,Personal,Personal,Relationships,Celebrations,Expense,2026-08-21,11:29:44,2026-08-21 11:29:44,18736.5,INR,-18736.5,APK Owner,,,MAESTRO-APK-PERSONAL-RELATIONSHIPS-0688 | Celebrations | 18736.50,Android,B14,RAMP_501_1500,CREATED,idem-20260902-apk-0688
689,MTR-APK-0689,Group,Shared Living,Family Household,Other,Expense,2025-12-16,02:47:57,2025-12-16 02:47:57,15058.51,INR,-15058.51,APK Aarav,3,PERCENTAGE,MAESTRO-APK-GROUP-FAMILY_HOUSEHOLD-0689 | Other | 15058.51,Android,B14,RAMP_501_1500,CREATED,idem-20260902-apk-0689
690,MTR-APK-0690,Business,Business,Business Operations,Vendor,Expense,2026-06-05,04:26:43,2026-06-05 04:26:43,32362.95,INR,-32362.95,APK Owner,,,MAESTRO-APK-BUSINESS-BUSINESS_OPERATIONS-0690 | Vendor | 32362.95,Android,B14,RAMP_501_1500,CREATED,idem-20260902-apk-0690
691,MTR-APK-0691,Personal,Personal,Life Operations,Groceries,Expense,2025-12-15,07:05:47,2025-12-15 07:05:47,15213.29,INR,-15213.29,APK Owner,,,MAESTRO-APK-PERSONAL-LIFE_OPERATIONS-0691 | Groceries | 15213.29,Android,B14,RAMP_501_1500,CREATED,idem-20260902-apk-0691
692,MTR-APK-0692,Group,Shared Living,Custom Living,Custom Expense,Expense,2025-10-28,08:01:58,2025-10-28 08:01:58,9985.12,INR,-9985.12,APK Meera,3,EXACT,MAESTRO-APK-GROUP-CUSTOM_LIVING-0692 | Custom Expense | 9985.12,Android,B14,RAMP_501_1500,CREATED,idem-20260902-apk-0692
693,MTR-APK-0693,Business,Business,Business Operations,Tax,Expense,2026-04-28,14:41:14,2026-04-28 14:41:14,90635.57,INR,-90635.57,APK Owner,,,MAESTRO-APK-BUSINESS-BUSINESS_OPERATIONS-0693 | Tax | 90635.57,Android,B14,RAMP_501_1500,CREATED,idem-20260902-apk-0693
694,MTR-APK-0694,Personal,Personal,Life Operations,Rent,Expense,2025-11-18,02:21:36,2025-11-18 02:21:36,1017.89,INR,-1017.89,APK Owner,,,MAESTRO-APK-PERSONAL-LIFE_OPERATIONS-0694 | Rent | 1017.89,Android,B14,RAMP_501_1500,CREATED,idem-20260902-apk-0694
695,MTR-APK-0695,Group,Shared Living,Custom Living,Custom Contribution,Contribution,2026-07-14,01:40:34,2026-07-14 01:40:34,29179.7,INR,29179.7,APK Owner,3,SHARES,MAESTRO-APK-GROUP-CUSTOM_LIVING-0695 | Custom Contribution | 29179.70,Android,B14,RAMP_501_1500,CREATED,idem-20260902-apk-0695
696,MTR-APK-0696,Business,Business,Team Operations,Payroll,Expense,2026-01-02,14:08:02,2026-01-02 14:08:02,46770.63,INR,-46770.63,APK Owner,,,MAESTRO-APK-BUSINESS-TEAM_OPERATIONS-0696 | Payroll | 46770.63,Android,B14,RAMP_501_1500,CREATED,idem-20260902-apk-0696
697,MTR-APK-0697,Personal,Personal,Life Operations,Bills,Expense,2026-07-21,11:41:32,2026-07-21 11:41:32,5604.16,INR,-5604.16,APK Owner,,,MAESTRO-APK-PERSONAL-LIFE_OPERATIONS-0697 | Bills | 5604.16,Android,B14,RAMP_501_1500,CREATED,idem-20260902-apk-0697
698,MTR-APK-0698,Group,Shared Experience,Trip,Travel,Expense,2026-03-07,01:27:29,2026-03-07 01:27:29,10464.83,INR,-10464.83,APK Aarav,3,EQUAL,MAESTRO-APK-GROUP-TRIP-0698 | Travel | 10464.83,Android,B14,RAMP_501_1500,CREATED,idem-20260902-apk-0698
699,MTR-APK-0699,Business,Business,Team Operations,Contractor,Expense,2025-12-04,09:25:03,2025-12-04 09:25:03,60932.37,INR,-60932.37,APK Owner,,,MAESTRO-APK-BUSINESS-TEAM_OPERATIONS-0699 | Contractor | 60932.37,Android,B14,RAMP_501_1500,CREATED,idem-20260902-apk-0699
700,MTR-APK-0700,Personal,Personal,Life Operations,Transport,Expense,2026-04-16,21:03:14,2026-04-16 21:03:14,8470.51,INR,-8470.51,APK Owner,,,MAESTRO-APK-PERSONAL-LIFE_OPERATIONS-0700 | Transport | 8470.51,Android,B14,RAMP_501_1500,CREATED,idem-20260902-apk-0700
701,MTR-APK-0701,Group,Shared Experience,Trip,Stay,Expense,2025-12-25,00:19:40,2025-12-25 00:19:40,20003.98,INR,-20003.98,APK Meera,3,PERCENTAGE,MAESTRO-APK-GROUP-TRIP-0701 | Stay | 20003.98,Android,B15,RAMP_501_1500,CREATED,idem-20260902-apk-0701
702,MTR-APK-0702,Business,Business,Team Operations,Hiring,Expense,2025-12-12,21:08:06,2025-12-12 21:08:06,178939.03,INR,-178939.03,APK Owner,,,MAESTRO-APK-BUSINESS-TEAM_OPERATIONS-0702 | Hiring | 178939.03,Android,B15,RAMP_501_1500,CREATED,idem-20260902-apk-0702
703,MTR-APK-0703,Personal,Personal,Life Operations,Healthcare,Expense,2026-04-29,12:10:51,2026-04-29 12:10:51,1.0,INR,-1.0,APK Owner,,,MAESTRO-APK-PERSONAL-LIFE_OPERATIONS-0703 | Healthcare | 1.00,Android,B15,RAMP_501_1500,CREATED,idem-20260902-apk-0703
704,MTR-APK-0704,Group,Shared Experience,Trip,Food,Expense,2025-09-29,17:55:10,2025-09-29 17:55:10,14695.47,INR,-14695.47,APK Owner,3,EXACT,MAESTRO-APK-GROUP-TRIP-0704 | Food | 14695.47,Android,B15,RAMP_501_1500,CREATED,idem-20260902-apk-0704
705,MTR-APK-0705,Business,Business,Team Operations,Team Meal,Expense,2026-08-31,11:23:21,2026-08-31 11:23:21,13952.25,INR,-13952.25,APK Owner,,,MAESTRO-APK-BUSINESS-TEAM_OPERATIONS-0705 | Team Meal | 13952.25,Android,B15,RAMP_501_1500,CREATED,idem-20260902-apk-0705
706,MTR-APK-0706,Personal,Personal,Life Operations,Subscriptions,Expense,2025-11-03,13:31:22,2025-11-03 13:31:22,3821.11,INR,-3821.11,APK Owner,,,MAESTRO-APK-PERSONAL-LIFE_OPERATIONS-0706 | Subscriptions | 3821.11,Android,B15,RAMP_501_1500,CREATED,idem-20260902-apk-0706
707,MTR-APK-0707,Group,Shared Experience,Trip,Local Transport,Expense,2026-03-19,04:01:27,2026-03-19 04:01:27,10822.12,INR,-10822.12,APK Aarav,3,SHARES,MAESTRO-APK-GROUP-TRIP-0707 | Local Transport | 10822.12,Android,B15,RAMP_501_1500,CREATED,idem-20260902-apk-0707
708,MTR-APK-0708,Business,Business,Team Operations,Travel,Expense,2025-11-16,16:21:42,2025-11-16 16:21:42,131502.3,INR,-131502.3,APK Owner,,,MAESTRO-APK-BUSINESS-TEAM_OPERATIONS-0708 | Travel | 131502.30,Android,B15,RAMP_501_1500,CREATED,idem-20260902-apk-0708
709,MTR-APK-0709,Personal,Personal,Life Operations,Repairs,Expense,2026-01-23,16:22:57,2026-01-23 16:22:57,11097.52,INR,-11097.52,APK Owner,,,MAESTRO-APK-PERSONAL-LIFE_OPERATIONS-0709 | Repairs | 11097.52,Android,B15,RAMP_501_1500,CREATED,idem-20260902-apk-0709
710,MTR-APK-0710,Group,Shared Experience,Trip,Activities,Expense,2026-05-16,09:20:30,2026-05-16 09:20:30,22464.77,INR,-22464.77,APK Meera,3,EQUAL,MAESTRO-APK-GROUP-TRIP-0710 | Activities | 22464.77,Android,B15,RAMP_501_1500,CREATED,idem-20260902-apk-0710
711,MTR-APK-0711,Business,Business,Team Operations,Training,Expense,2025-11-18,16:36:07,2025-11-18 16:36:07,35265.39,INR,-35265.39,APK Owner,,,MAESTRO-APK-BUSINESS-TEAM_OPERATIONS-0711 | Training | 35265.39,Android,B15,RAMP_501_1500,CREATED,idem-20260902-apk-0711
712,MTR-APK-0712,Personal,Personal,Future Building,Savings,Transfer,2026-01-24,11:29:33,2026-01-24 11:29:33,10321.1,INR,0.0,APK Owner,,,MAESTRO-APK-PERSONAL-FUTURE_BUILDING-0712 | Savings | 10321.10,Android,B15,RAMP_501_1500,CREATED,idem-20260902-apk-0712
713,MTR-APK-0713,Group,Shared Experience,Trip,Shopping,Expense,2026-04-08,14:16:59,2026-04-08 14:16:59,5253.26,INR,-5253.26,APK Owner,3,PERCENTAGE,MAESTRO-APK-GROUP-TRIP-0713 | Shopping | 5253.26,Android,B15,RAMP_501_1500,CREATED,idem-20260902-apk-0713
714,MTR-APK-0714,Business,Business,Team Operations,Tools,Expense,2025-09-24,18:10:57,2025-09-24 18:10:57,122849.71,INR,-122849.71,APK Owner,,,MAESTRO-APK-BUSINESS-TEAM_OPERATIONS-0714 | Tools | 122849.71,Android,B15,RAMP_501_1500,CREATED,idem-20260902-apk-0714
715,MTR-APK-0715,Personal,Personal,Future Building,Emergency Fund,Transfer,2026-01-14,14:00:12,2026-01-14 14:00:12,16345.36,INR,0.0,APK Owner,,,MAESTRO-APK-PERSONAL-FUTURE_BUILDING-0715 | Emergency Fund | 16345.36,Android,B15,RAMP_501_1500,CREATED,idem-20260902-apk-0715
716,MTR-APK-0716,Group,Shared Experience,Trip,Other,Expense,2025-10-18,17:02:44,2025-10-18 17:02:44,4620.9,INR,-4620.9,APK Aarav,3,EXACT,MAESTRO-APK-GROUP-TRIP-0716 | Other | 4620.90,Android,B15,RAMP_501_1500,CREATED,idem-20260902-apk-0716
717,MTR-APK-0717,Business,Business,Business Runway,Funding,Income,2026-03-13,19:08:40,2026-03-13 19:08:40,15683.95,INR,15683.95,APK Owner,,,MAESTRO-APK-BUSINESS-BUSINESS_RUNWAY-0717 | Funding | 15683.95,Android,B15,RAMP_501_1500,CREATED,idem-20260902-apk-0717
718,MTR-APK-0718,Personal,Personal,Future Building,Investments,Investment,2026-01-15,18:34:06,2026-01-15 18:34:06,14501.47,INR,0.0,APK Owner,,,MAESTRO-APK-PERSONAL-FUTURE_BUILDING-0718 | Investments | 14501.47,Android,B15,RAMP_501_1500,CREATED,idem-20260902-apk-0718
719,MTR-APK-0719,Group,Shared Experience,Wedding,Venue,Expense,2026-01-21,12:42:18,2026-01-21 12:42:18,19462.91,INR,-19462.91,APK Meera,3,SHARES,MAESTRO-APK-GROUP-WEDDING-0719 | Venue | 19462.91,Android,B15,RAMP_501_1500,CREATED,idem-20260902-apk-0719
720,MTR-APK-0720,Business,Business,Business Runway,Revenue,Income,2025-12-26,00:50:04,2025-12-26 00:50:04,147844.42,INR,147844.42,APK Owner,,,MAESTRO-APK-BUSINESS-BUSINESS_RUNWAY-0720 | Revenue | 147844.42,Android,B15,RAMP_501_1500,CREATED,idem-20260902-apk-0720
721,MTR-APK-0721,Personal,Personal,Future Building,Education,Expense,2025-11-18,15:44:03,2025-11-18 15:44:03,15323.52,INR,-15323.52,APK Owner,,,MAESTRO-APK-PERSONAL-FUTURE_BUILDING-0721 | Education | 15323.52,Android,B15,RAMP_501_1500,CREATED,idem-20260902-apk-0721
722,MTR-APK-0722,Group,Shared Experience,Wedding,Catering,Expense,2026-04-01,17:41:44,2026-04-01 17:41:44,27643.31,INR,-27643.31,APK Owner,3,EQUAL,MAESTRO-APK-GROUP-WEDDING-0722 | Catering | 27643.31,Android,B15,RAMP_501_1500,CREATED,idem-20260902-apk-0722
723,MTR-APK-0723,Business,Business,Business Runway,Burn,Expense,2025-12-30,12:38:42,2025-12-30 12:38:42,116975.24,INR,-116975.24,APK Owner,,,MAESTRO-APK-BUSINESS-BUSINESS_RUNWAY-0723 | Burn | 116975.24,Android,B15,RAMP_501_1500,CREATED,idem-20260902-apk-0723
724,MTR-APK-0724,Personal,Personal,Future Building,Goal Contribution,Transfer,2026-04-20,04:53:58,2026-04-20 04:53:58,6472.24,INR,0.0,APK Owner,,,MAESTRO-APK-PERSONAL-FUTURE_BUILDING-0724 | Goal Contribution | 6472.24,Android,B15,RAMP_501_1500,CREATED,idem-20260902-apk-0724
725,MTR-APK-0725,Group,Shared Experience,Wedding,Decor,Expense,2025-12-24,16:29:27,2025-12-24 16:29:27,6148.1,INR,-6148.1,APK Aarav,3,PERCENTAGE,MAESTRO-APK-GROUP-WEDDING-0725 | Decor | 6148.10,Android,B15,RAMP_501_1500,CREATED,idem-20260902-apk-0725
726,MTR-APK-0726,Business,Business,Business Runway,Reserve,Transfer,2026-06-09,19:52:44,2026-06-09 19:52:44,147536.77,INR,0.0,APK Owner,,,MAESTRO-APK-BUSINESS-BUSINESS_RUNWAY-0726 | Reserve | 147536.77,Android,B15,RAMP_501_1500,CREATED,idem-20260902-apk-0726
727,MTR-APK-0727,Personal,Personal,Lifestyle,Dining,Expense,2026-03-09,12:43:11,2026-03-09 12:43:11,3104.68,INR,-3104.68,APK Owner,,,MAESTRO-APK-PERSONAL-LIFESTYLE-0727 | Dining | 3104.68,Android,B15,RAMP_501_1500,CREATED,idem-20260902-apk-0727
728,MTR-APK-0728,Group,Shared Experience,Wedding,Travel,Expense,2026-04-06,23:56:03,2026-04-06 23:56:03,15920.39,INR,-15920.39,APK Meera,3,EXACT,MAESTRO-APK-GROUP-WEDDING-0728 | Travel | 15920.39,Android,B15,RAMP_501_1500,CREATED,idem-20260902-apk-0728
729,MTR-APK-0729,Business,Business,Business Runway,Loan,Income,2025-10-20,01:06:02,2025-10-20 01:06:02,166638.06,INR,166638.06,APK Owner,,,MAESTRO-APK-BUSINESS-BUSINESS_RUNWAY-0729 | Loan | 166638.06,Android,B15,RAMP_501_1500,CREATED,idem-20260902-apk-0729
730,MTR-APK-0730,Personal,Personal,Lifestyle,Shopping,Expense,2026-06-19,22:15:07,2026-06-19 22:15:07,7593.28,INR,-7593.28,APK Owner,,,MAESTRO-APK-PERSONAL-LIFESTYLE-0730 | Shopping | 7593.28,Android,B15,RAMP_501_1500,CREATED,idem-20260902-apk-0730
731,MTR-APK-0731,Group,Shared Experience,Wedding,Gifts,Expense,2025-09-02,20:47:49,2025-09-02 20:47:49,8905.45,INR,-8905.45,APK Owner,3,SHARES,MAESTRO-APK-GROUP-WEDDING-0731 | Gifts | 8905.45,Android,B15,RAMP_501_1500,CREATED,idem-20260902-apk-0731
732,MTR-APK-0732,Business,Business,Business Runway,Investment,Income,2026-06-19,05:51:10,2026-06-19 05:51:10,162282.84,INR,162282.84,APK Owner,,,MAESTRO-APK-BUSINESS-BUSINESS_RUNWAY-0732 | Investment | 162282.84,Android,B15,RAMP_501_1500,CREATED,idem-20260902-apk-0732
733,MTR-APK-0733,Personal,Personal,Lifestyle,Entertainment,Expense,2025-11-06,09:19:53,2025-11-06 09:19:53,5185.19,INR,-5185.19,APK Owner,,,MAESTRO-APK-PERSONAL-LIFESTYLE-0733 | Entertainment | 5185.19,Android,B15,RAMP_501_1500,CREATED,idem-20260902-apk-0733
734,MTR-APK-0734,Group,Shared Experience,Wedding,Photography,Expense,2026-06-10,07:06:12,2026-06-10 07:06:12,18763.93,INR,-18763.93,APK Aarav,3,EQUAL,MAESTRO-APK-GROUP-WEDDING-0734 | Photography | 18763.93,Android,B15,RAMP_501_1500,CREATED,idem-20260902-apk-0734
735,MTR-APK-0735,Business,Business,Business Operations,Software,Expense,2026-05-23,12:35:32,2026-05-23 12:35:32,83433.01,INR,-83433.01,APK Owner,,,MAESTRO-APK-BUSINESS-BUSINESS_OPERATIONS-0735 | Software | 83433.01,Android,B15,RAMP_501_1500,CREATED,idem-20260902-apk-0735
736,MTR-APK-0736,Personal,Personal,Lifestyle,Travel,Expense,2026-08-31,03:45:53,2026-08-31 03:45:53,3383.1,INR,-3383.1,APK Owner,,,MAESTRO-APK-PERSONAL-LIFESTYLE-0736 | Travel | 3383.10,Android,B15,RAMP_501_1500,CREATED,idem-20260902-apk-0736
737,MTR-APK-0737,Group,Shared Experience,Wedding,Other,Expense,2026-03-16,02:20:05,2026-03-16 02:20:05,24163.28,INR,-24163.28,APK Meera,3,PERCENTAGE,MAESTRO-APK-GROUP-WEDDING-0737 | Other | 24163.28,Android,B15,RAMP_501_1500,CREATED,idem-20260902-apk-0737
738,MTR-APK-0738,Business,Business,Business Operations,Rent,Expense,2025-10-27,20:53:48,2025-10-27 20:53:48,18502.85,INR,-18502.85,APK Owner,,,MAESTRO-APK-BUSINESS-BUSINESS_OPERATIONS-0738 | Rent | 18502.85,Android,B15,RAMP_501_1500,CREATED,idem-20260902-apk-0738
739,MTR-APK-0739,Personal,Personal,Lifestyle,Fitness,Expense,2026-07-09,01:17:01,2026-07-09 01:17:01,6712.98,INR,-6712.98,APK Owner,,,MAESTRO-APK-PERSONAL-LIFESTYLE-0739 | Fitness | 6712.98,Android,B15,RAMP_501_1500,CREATED,idem-20260902-apk-0739
740,MTR-APK-0740,Group,Shared Experience,Office Outing,Food,Expense,2026-02-09,00:14:10,2026-02-09 00:14:10,99.99,INR,-99.99,APK Owner,3,EXACT,MAESTRO-APK-GROUP-OFFICE_OUTING-0740 | Food | 99.99,Android,B15,RAMP_501_1500,CREATED,idem-20260902-apk-0740
741,MTR-APK-0741,Business,Business,Business Operations,Marketing,Expense,2025-10-12,07:56:19,2025-10-12 07:56:19,163024.35,INR,-163024.35,APK Owner,,,MAESTRO-APK-BUSINESS-BUSINESS_OPERATIONS-0741 | Marketing | 163024.35,Android,B15,RAMP_501_1500,CREATED,idem-20260902-apk-0741
742,MTR-APK-0742,Personal,Personal,Lifestyle,Hobbies,Expense,2025-09-29,22:11:05,2025-09-29 22:11:05,17206.67,INR,-17206.67,APK Owner,,,MAESTRO-APK-PERSONAL-LIFESTYLE-0742 | Hobbies | 17206.67,Android,B15,RAMP_501_1500,CREATED,idem-20260902-apk-0742
743,MTR-APK-0743,Group,Shared Experience,Office Outing,Travel,Expense,2025-09-27,03:17:59,2025-09-27 03:17:59,3286.45,INR,-3286.45,APK Aarav,3,SHARES,MAESTRO-APK-GROUP-OFFICE_OUTING-0743 | Travel | 3286.45,Android,B15,RAMP_501_1500,CREATED,idem-20260902-apk-0743
744,MTR-APK-0744,Business,Business,Business Operations,Legal,Expense,2026-04-10,05:24:42,2026-04-10 05:24:42,174716.49,INR,-174716.49,APK Owner,,,MAESTRO-APK-BUSINESS-BUSINESS_OPERATIONS-0744 | Legal | 174716.49,Android,B15,RAMP_501_1500,CREATED,idem-20260902-apk-0744
745,MTR-APK-0745,Personal,Personal,Relationships,Gifts,Expense,2026-05-06,08:00:48,2026-05-06 08:00:48,4056.6,INR,-4056.6,APK Owner,,,MAESTRO-APK-PERSONAL-RELATIONSHIPS-0745 | Gifts | 4056.60,Android,B15,RAMP_501_1500,CREATED,idem-20260902-apk-0745
746,MTR-APK-0746,Group,Shared Experience,Office Outing,Activities,Expense,2026-02-06,09:02:49,2026-02-06 09:02:49,25119.83,INR,-25119.83,APK Meera,3,EQUAL,MAESTRO-APK-GROUP-OFFICE_OUTING-0746 | Activities | 25119.83,Android,B15,RAMP_501_1500,CREATED,idem-20260902-apk-0746
747,MTR-APK-0747,Business,Business,Business Operations,Accounting,Expense,2026-04-17,22:54:08,2026-04-17 22:54:08,53968.69,INR,-53968.69,APK Owner,,,MAESTRO-APK-BUSINESS-BUSINESS_OPERATIONS-0747 | Accounting | 53968.69,Android,B15,RAMP_501_1500,CREATED,idem-20260902-apk-0747
748,MTR-APK-0748,Personal,Personal,Relationships,Dates,Expense,2025-11-18,10:22:38,2025-11-18 10:22:38,6327.68,INR,-6327.68,APK Owner,,,MAESTRO-APK-PERSONAL-RELATIONSHIPS-0748 | Dates | 6327.68,Android,B15,RAMP_501_1500,CREATED,idem-20260902-apk-0748
749,MTR-APK-0749,Group,Shared Experience,Office Outing,Venue,Expense,2025-12-14,16:29:47,2025-12-14 16:29:47,8528.31,INR,-8528.31,APK Owner,3,PERCENTAGE,MAESTRO-APK-GROUP-OFFICE_OUTING-0749 | Venue | 8528.31,Android,B15,RAMP_501_1500,CREATED,idem-20260902-apk-0749
750,MTR-APK-0750,Business,Business,Business Operations,Equipment,Expense,2025-11-12,14:05:21,2025-11-12 14:05:21,149764.02,INR,-149764.02,APK Owner,,,MAESTRO-APK-BUSINESS-BUSINESS_OPERATIONS-0750 | Equipment | 149764.02,Android,B15,RAMP_501_1500,CREATED,idem-20260902-apk-0750
751,MTR-APK-0751,Personal,Personal,Relationships,Family,Expense,2025-12-03,15:38:39,2025-12-03 15:38:39,1362.28,INR,-1362.28,APK Owner,,,MAESTRO-APK-PERSONAL-RELATIONSHIPS-0751 | Family | 1362.28,Android,B16,RAMP_501_1500,CREATED,idem-20260902-apk-0751
752,MTR-APK-0752,Group,Shared Experience,Office Outing,Other,Expense,2026-05-11,00:55:45,2026-05-11 00:55:45,5688.92,INR,-5688.92,APK Aarav,3,EXACT,MAESTRO-APK-GROUP-OFFICE_OUTING-0752 | Other | 5688.92,Android,B16,RAMP_501_1500,CREATED,idem-20260902-apk-0752
753,MTR-APK-0753,Business,Business,Business Operations,Vendor,Expense,2026-07-18,20:33:13,2026-07-18 20:33:13,124698.88,INR,-124698.88,APK Owner,,,MAESTRO-APK-BUSINESS-BUSINESS_OPERATIONS-0753 | Vendor | 124698.88,Android,B16,RAMP_501_1500,CREATED,idem-20260902-apk-0753
754,MTR-APK-0754,Personal,Personal,Relationships,Friends,Expense,2026-08-01,11:37:29,2026-08-01 11:37:29,1157.43,INR,-1157.43,APK Owner,,,MAESTRO-APK-PERSONAL-RELATIONSHIPS-0754 | Friends | 1157.43,Android,B16,RAMP_501_1500,CREATED,idem-20260902-apk-0754
755,MTR-APK-0755,Group,Shared Experience,House Party,Food,Expense,2025-12-16,10:27:41,2025-12-16 10:27:41,11309.44,INR,-11309.44,APK Meera,3,SHARES,MAESTRO-APK-GROUP-HOUSE_PARTY-0755 | Food | 11309.44,Android,B16,RAMP_501_1500,CREATED,idem-20260902-apk-0755
756,MTR-APK-0756,Business,Business,Business Operations,Tax,Expense,2025-11-22,19:17:39,2025-11-22 19:17:39,124103.31,INR,-124103.31,APK Owner,,,MAESTRO-APK-BUSINESS-BUSINESS_OPERATIONS-0756 | Tax | 124103.31,Android,B16,RAMP_501_1500,CREATED,idem-20260902-apk-0756
757,MTR-APK-0757,Personal,Personal,Relationships,Celebrations,Expense,2026-08-15,20:39:05,2026-08-15 20:39:05,14094.49,INR,-14094.49,APK Owner,,,MAESTRO-APK-PERSONAL-RELATIONSHIPS-0757 | Celebrations | 14094.49,Android,B16,RAMP_501_1500,CREATED,idem-20260902-apk-0757
758,MTR-APK-0758,Group,Shared Experience,House Party,Drinks,Expense,2026-01-24,23:56:30,2026-01-24 23:56:30,27281.41,INR,-27281.41,APK Owner,3,EQUAL,MAESTRO-APK-GROUP-HOUSE_PARTY-0758 | Drinks | 27281.41,Android,B16,RAMP_501_1500,CREATED,idem-20260902-apk-0758
759,MTR-APK-0759,Business,Business,Team Operations,Payroll,Expense,2025-12-01,12:46:25,2025-12-01 12:46:25,25063.25,INR,-25063.25,APK Owner,,,MAESTRO-APK-BUSINESS-TEAM_OPERATIONS-0759 | Payroll | 25063.25,Android,B16,RAMP_501_1500,CREATED,idem-20260902-apk-0759
760,MTR-APK-0760,Personal,Personal,Life Operations,Groceries,Expense,2026-07-22,13:52:28,2026-07-22 13:52:28,221.0,INR,-221.0,APK Owner,,,MAESTRO-APK-PERSONAL-LIFE_OPERATIONS-0760 | Groceries | 221.00,Android,B16,RAMP_501_1500,CREATED,idem-20260902-apk-0760
761,MTR-APK-0761,Group,Shared Experience,House Party,Decor,Expense,2025-12-21,08:20:52,2025-12-21 08:20:52,13479.69,INR,-13479.69,APK Aarav,3,PERCENTAGE,MAESTRO-APK-GROUP-HOUSE_PARTY-0761 | Decor | 13479.69,Android,B16,RAMP_501_1500,CREATED,idem-20260902-apk-0761
762,MTR-APK-0762,Business,Business,Team Operations,Contractor,Expense,2026-08-15,05:56:58,2026-08-15 05:56:58,68080.12,INR,-68080.12,APK Owner,,,MAESTRO-APK-BUSINESS-TEAM_OPERATIONS-0762 | Contractor | 68080.12,Android,B16,RAMP_501_1500,CREATED,idem-20260902-apk-0762
763,MTR-APK-0763,Personal,Personal,Life Operations,Rent,Expense,2026-04-18,23:54:42,2026-04-18 23:54:42,12374.78,INR,-12374.78,APK Owner,,,MAESTRO-APK-PERSONAL-LIFE_OPERATIONS-0763 | Rent | 12374.78,Android,B16,RAMP_501_1500,CREATED,idem-20260902-apk-0763
764,MTR-APK-0764,Group,Shared Experience,House Party,Supplies,Expense,2025-11-16,18:39:31,2025-11-16 18:39:31,5363.18,INR,-5363.18,APK Meera,3,EXACT,MAESTRO-APK-GROUP-HOUSE_PARTY-0764 | Supplies | 5363.18,Android,B16,RAMP_501_1500,CREATED,idem-20260902-apk-0764
765,MTR-APK-0765,Business,Business,Team Operations,Hiring,Expense,2026-02-02,09:52:26,2026-02-02 09:52:26,103795.82,INR,-103795.82,APK Owner,,,MAESTRO-APK-BUSINESS-TEAM_OPERATIONS-0765 | Hiring | 103795.82,Android,B16,RAMP_501_1500,CREATED,idem-20260902-apk-0765
766,MTR-APK-0766,Personal,Personal,Life Operations,Bills,Expense,2026-04-18,17:57:04,2026-04-18 17:57:04,16989.13,INR,-16989.13,APK Owner,,,MAESTRO-APK-PERSONAL-LIFE_OPERATIONS-0766 | Bills | 16989.13,Android,B16,RAMP_501_1500,CREATED,idem-20260902-apk-0766
767,MTR-APK-0767,Group,Shared Experience,House Party,Other,Expense,2025-11-11,10:44:00,2025-11-11 10:44:00,1616.6,INR,-1616.6,APK Owner,3,SHARES,MAESTRO-APK-GROUP-HOUSE_PARTY-0767 | Other | 1616.60,Android,B16,RAMP_501_1500,CREATED,idem-20260902-apk-0767
768,MTR-APK-0768,Business,Business,Team Operations,Team Meal,Expense,2025-12-08,17:31:04,2025-12-08 17:31:04,139744.32,INR,-139744.32,APK Owner,,,MAESTRO-APK-BUSINESS-TEAM_OPERATIONS-0768 | Team Meal | 139744.32,Android,B16,RAMP_501_1500,CREATED,idem-20260902-apk-0768
769,MTR-APK-0769,Personal,Personal,Life Operations,Transport,Expense,2026-06-25,05:33:38,2026-06-25 05:33:38,520.91,INR,-520.91,APK Owner,,,MAESTRO-APK-PERSONAL-LIFE_OPERATIONS-0769 | Transport | 520.91,Android,B16,RAMP_501_1500,CREATED,idem-20260902-apk-0769
770,MTR-APK-0770,Group,Shared Purchase,Gift Pool,Contribution,Contribution,2026-08-03,12:16:15,2026-08-03 12:16:15,4319.35,INR,4319.35,APK Aarav,3,EQUAL,MAESTRO-APK-GROUP-GIFT_POOL-0770 | Contribution | 4319.35,Android,B16,RAMP_501_1500,CREATED,idem-20260902-apk-0770
771,MTR-APK-0771,Business,Business,Team Operations,Travel,Expense,2025-12-13,08:00:31,2025-12-13 08:00:31,55584.91,INR,-55584.91,APK Owner,,,MAESTRO-APK-BUSINESS-TEAM_OPERATIONS-0771 | Travel | 55584.91,Android,B16,RAMP_501_1500,CREATED,idem-20260902-apk-0771
772,MTR-APK-0772,Personal,Personal,Life Operations,Healthcare,Expense,2025-09-08,10:29:02,2025-09-08 10:29:02,2915.82,INR,-2915.82,APK Owner,,,MAESTRO-APK-PERSONAL-LIFE_OPERATIONS-0772 | Healthcare | 2915.82,Android,B16,RAMP_501_1500,CREATED,idem-20260902-apk-0772
773,MTR-APK-0773,Group,Shared Purchase,Gift Pool,Gift Purchase,Expense,2026-07-11,03:30:30,2026-07-11 03:30:30,27094.04,INR,-27094.04,APK Meera,3,PERCENTAGE,MAESTRO-APK-GROUP-GIFT_POOL-0773 | Gift Purchase | 27094.04,Android,B16,RAMP_501_1500,CREATED,idem-20260902-apk-0773
774,MTR-APK-0774,Business,Business,Team Operations,Training,Expense,2026-04-14,15:38:00,2026-04-14 15:38:00,38558.0,INR,-38558.0,APK Owner,,,MAESTRO-APK-BUSINESS-TEAM_OPERATIONS-0774 | Training | 38558.00,Android,B16,RAMP_501_1500,CREATED,idem-20260902-apk-0774
775,MTR-APK-0775,Personal,Personal,Life Operations,Subscriptions,Expense,2026-08-24,15:16:24,2026-08-24 15:16:24,10454.86,INR,-10454.86,APK Owner,,,MAESTRO-APK-PERSONAL-LIFE_OPERATIONS-0775 | Subscriptions | 10454.86,Android,B16,RAMP_501_1500,CREATED,idem-20260902-apk-0775
776,MTR-APK-0776,Group,Shared Purchase,Gift Pool,Delivery,Expense,2025-09-27,09:40:23,2025-09-27 09:40:23,22337.87,INR,-22337.87,APK Owner,3,EXACT,MAESTRO-APK-GROUP-GIFT_POOL-0776 | Delivery | 22337.87,Android,B16,RAMP_501_1500,CREATED,idem-20260902-apk-0776
777,MTR-APK-0777,Business,Business,Team Operations,Tools,Expense,2026-08-05,22:44:30,2026-08-05 22:44:30,100.0,INR,-100.0,APK Owner,,,MAESTRO-APK-BUSINESS-TEAM_OPERATIONS-0777 | Tools | 100.00,Android,B16,RAMP_501_1500,CREATED,idem-20260902-apk-0777
778,MTR-APK-0778,Personal,Personal,Life Operations,Repairs,Expense,2025-10-26,02:45:51,2025-10-26 02:45:51,15015.97,INR,-15015.97,APK Owner,,,MAESTRO-APK-PERSONAL-LIFE_OPERATIONS-0778 | Repairs | 15015.97,Android,B16,RAMP_501_1500,CREATED,idem-20260902-apk-0778
779,MTR-APK-0779,Group,Shared Purchase,Gift Pool,Other,Expense,2025-09-27,08:42:33,2025-09-27 08:42:33,1487.59,INR,-1487.59,APK Aarav,3,SHARES,MAESTRO-APK-GROUP-GIFT_POOL-0779 | Other | 1487.59,Android,B16,RAMP_501_1500,CREATED,idem-20260902-apk-0779
780,MTR-APK-0780,Business,Business,Business Runway,Funding,Income,2026-01-23,10:17:23,2026-01-23 10:17:23,89472.62,INR,89472.62,APK Owner,,,MAESTRO-APK-BUSINESS-BUSINESS_RUNWAY-0780 | Funding | 89472.62,Android,B16,RAMP_501_1500,CREATED,idem-20260902-apk-0780
781,MTR-APK-0781,Personal,Personal,Future Building,Savings,Transfer,2026-04-19,20:23:06,2026-04-19 20:23:06,952.21,INR,0.0,APK Owner,,,MAESTRO-APK-PERSONAL-FUTURE_BUILDING-0781 | Savings | 952.21,Android,B16,RAMP_501_1500,CREATED,idem-20260902-apk-0781
782,MTR-APK-0782,Group,Shared Purchase,Purchase,Item,Expense,2026-05-20,12:30:25,2026-05-20 12:30:25,10325.95,INR,-10325.95,APK Meera,3,EQUAL,MAESTRO-APK-GROUP-PURCHASE-0782 | Item | 10325.95,Android,B16,RAMP_501_1500,CREATED,idem-20260902-apk-0782
783,MTR-APK-0783,Business,Business,Business Runway,Revenue,Income,2026-08-10,21:46:15,2026-08-10 21:46:15,175116.66,INR,175116.66,APK Owner,,,MAESTRO-APK-BUSINESS-BUSINESS_RUNWAY-0783 | Revenue | 175116.66,Android,B16,RAMP_501_1500,CREATED,idem-20260902-apk-0783
784,MTR-APK-0784,Personal,Personal,Future Building,Emergency Fund,Transfer,2026-07-15,09:31:40,2026-07-15 09:31:40,15660.72,INR,0.0,APK Owner,,,MAESTRO-APK-PERSONAL-FUTURE_BUILDING-0784 | Emergency Fund | 15660.72,Android,B16,RAMP_501_1500,CREATED,idem-20260902-apk-0784
785,MTR-APK-0785,Group,Shared Purchase,Purchase,Shipping,Expense,2026-04-01,00:39:47,2026-04-01 00:39:47,25744.76,INR,-25744.76,APK Owner,3,PERCENTAGE,MAESTRO-APK-GROUP-PURCHASE-0785 | Shipping | 25744.76,Android,B16,RAMP_501_1500,CREATED,idem-20260902-apk-0785
786,MTR-APK-0786,Business,Business,Business Runway,Burn,Expense,2025-09-26,22:01:29,2025-09-26 22:01:29,113568.16,INR,-113568.16,APK Owner,,,MAESTRO-APK-BUSINESS-BUSINESS_RUNWAY-0786 | Burn | 113568.16,Android,B16,RAMP_501_1500,CREATED,idem-20260902-apk-0786
787,MTR-APK-0787,Personal,Personal,Future Building,Investments,Investment,2026-05-09,23:23:57,2026-05-09 23:23:57,13589.49,INR,0.0,APK Owner,,,MAESTRO-APK-PERSONAL-FUTURE_BUILDING-0787 | Investments | 13589.49,Android,B16,RAMP_501_1500,CREATED,idem-20260902-apk-0787
788,MTR-APK-0788,Group,Shared Purchase,Purchase,Tax,Expense,2026-07-03,15:13:13,2026-07-03 15:13:13,7403.43,INR,-7403.43,APK Aarav,3,EXACT,MAESTRO-APK-GROUP-PURCHASE-0788 | Tax | 7403.43,Android,B16,RAMP_501_1500,CREATED,idem-20260902-apk-0788
789,MTR-APK-0789,Business,Business,Business Runway,Reserve,Transfer,2026-05-30,15:15:11,2026-05-30 15:15:11,13152.35,INR,0.0,APK Owner,,,MAESTRO-APK-BUSINESS-BUSINESS_RUNWAY-0789 | Reserve | 13152.35,Android,B16,RAMP_501_1500,CREATED,idem-20260902-apk-0789
790,MTR-APK-0790,Personal,Personal,Future Building,Education,Expense,2025-12-14,05:48:21,2025-12-14 05:48:21,8201.15,INR,-8201.15,APK Owner,,,MAESTRO-APK-PERSONAL-FUTURE_BUILDING-0790 | Education | 8201.15,Android,B16,RAMP_501_1500,CREATED,idem-20260902-apk-0790
791,MTR-APK-0791,Group,Shared Purchase,Purchase,Other,Expense,2025-10-14,17:47:21,2025-10-14 17:47:21,1321.75,INR,-1321.75,APK Meera,3,SHARES,MAESTRO-APK-GROUP-PURCHASE-0791 | Other | 1321.75,Android,B16,RAMP_501_1500,CREATED,idem-20260902-apk-0791
792,MTR-APK-0792,Business,Business,Business Runway,Loan,Income,2026-02-18,10:40:15,2026-02-18 10:40:15,117968.11,INR,117968.11,APK Owner,,,MAESTRO-APK-BUSINESS-BUSINESS_RUNWAY-0792 | Loan | 117968.11,Android,B16,RAMP_501_1500,CREATED,idem-20260902-apk-0792
793,MTR-APK-0793,Personal,Personal,Future Building,Goal Contribution,Transfer,2026-05-07,15:41:58,2026-05-07 15:41:58,8010.59,INR,0.0,APK Owner,,,MAESTRO-APK-PERSONAL-FUTURE_BUILDING-0793 | Goal Contribution | 8010.59,Android,B16,RAMP_501_1500,CREATED,idem-20260902-apk-0793
794,MTR-APK-0794,Group,Shared Purchase,Assets,Purchase,Expense,2026-06-10,14:22:55,2026-06-10 14:22:55,22265.2,INR,-22265.2,APK Owner,3,EQUAL,MAESTRO-APK-GROUP-ASSETS-0794 | Purchase | 22265.20,Android,B16,RAMP_501_1500,CREATED,idem-20260902-apk-0794
795,MTR-APK-0795,Business,Business,Business Runway,Investment,Income,2026-07-13,07:24:48,2026-07-13 07:24:48,32302.97,INR,32302.97,APK Owner,,,MAESTRO-APK-BUSINESS-BUSINESS_RUNWAY-0795 | Investment | 32302.97,Android,B16,RAMP_501_1500,CREATED,idem-20260902-apk-0795
796,MTR-APK-0796,Personal,Personal,Lifestyle,Dining,Expense,2025-10-29,01:00:21,2025-10-29 01:00:21,5903.11,INR,-5903.11,APK Owner,,,MAESTRO-APK-PERSONAL-LIFESTYLE-0796 | Dining | 5903.11,Android,B16,RAMP_501_1500,CREATED,idem-20260902-apk-0796
797,MTR-APK-0797,Group,Shared Purchase,Assets,Maintenance,Expense,2025-12-19,20:48:42,2025-12-19 20:48:42,538.8,INR,-538.8,APK Aarav,3,PERCENTAGE,MAESTRO-APK-GROUP-ASSETS-0797 | Maintenance | 538.80,Android,B16,RAMP_501_1500,CREATED,idem-20260902-apk-0797
798,MTR-APK-0798,Business,Business,Business Operations,Software,Expense,2025-09-30,10:59:26,2025-09-30 10:59:26,55205.52,INR,-55205.52,APK Owner,,,MAESTRO-APK-BUSINESS-BUSINESS_OPERATIONS-0798 | Software | 55205.52,Android,B16,RAMP_501_1500,CREATED,idem-20260902-apk-0798
799,MTR-APK-0799,Personal,Personal,Lifestyle,Shopping,Expense,2026-03-23,01:35:49,2026-03-23 01:35:49,27.88,INR,-27.88,APK Owner,,,MAESTRO-APK-PERSONAL-LIFESTYLE-0799 | Shopping | 27.88,Android,B16,RAMP_501_1500,CREATED,idem-20260902-apk-0799
800,MTR-APK-0800,Group,Shared Purchase,Assets,Repair,Expense,2026-04-20,07:24:42,2026-04-20 07:24:42,21574.46,INR,-21574.46,APK Meera,3,EXACT,MAESTRO-APK-GROUP-ASSETS-0800 | Repair | 21574.46,Android,B16,RAMP_501_1500,CREATED,idem-20260902-apk-0800
801,MTR-APK-0801,Business,Business,Business Operations,Rent,Expense,2026-02-13,21:18:02,2026-02-13 21:18:02,56679.45,INR,-56679.45,APK Owner,,,MAESTRO-APK-BUSINESS-BUSINESS_OPERATIONS-0801 | Rent | 56679.45,Android,B17,RAMP_501_1500,CREATED,idem-20260902-apk-0801
802,MTR-APK-0802,Personal,Personal,Lifestyle,Entertainment,Expense,2026-01-27,20:49:06,2026-01-27 20:49:06,18216.17,INR,-18216.17,APK Owner,,,MAESTRO-APK-PERSONAL-LIFESTYLE-0802 | Entertainment | 18216.17,Android,B17,RAMP_501_1500,CREATED,idem-20260902-apk-0802
803,MTR-APK-0803,Group,Shared Purchase,Assets,Insurance,Expense,2026-08-22,01:36:25,2026-08-22 01:36:25,24455.65,INR,-24455.65,APK Owner,3,SHARES,MAESTRO-APK-GROUP-ASSETS-0803 | Insurance | 24455.65,Android,B17,RAMP_501_1500,CREATED,idem-20260902-apk-0803
804,MTR-APK-0804,Business,Business,Business Operations,Marketing,Expense,2026-05-11,19:42:10,2026-05-11 19:42:10,138392.77,INR,-138392.77,APK Owner,,,MAESTRO-APK-BUSINESS-BUSINESS_OPERATIONS-0804 | Marketing | 138392.77,Android,B17,RAMP_501_1500,CREATED,idem-20260902-apk-0804
805,MTR-APK-0805,Personal,Personal,Lifestyle,Travel,Expense,2025-11-04,19:41:46,2025-11-04 19:41:46,685.86,INR,-685.86,APK Owner,,,MAESTRO-APK-PERSONAL-LIFESTYLE-0805 | Travel | 685.86,Android,B17,RAMP_501_1500,CREATED,idem-20260902-apk-0805
806,MTR-APK-0806,Group,Shared Purchase,Assets,Other,Expense,2025-11-11,06:26:21,2025-11-11 06:26:21,18920.13,INR,-18920.13,APK Aarav,3,EQUAL,MAESTRO-APK-GROUP-ASSETS-0806 | Other | 18920.13,Android,B17,RAMP_501_1500,CREATED,idem-20260902-apk-0806
807,MTR-APK-0807,Business,Business,Business Operations,Legal,Expense,2025-11-24,16:00:36,2025-11-24 16:00:36,123768.19,INR,-123768.19,APK Owner,,,MAESTRO-APK-BUSINESS-BUSINESS_OPERATIONS-0807 | Legal | 123768.19,Android,B17,RAMP_501_1500,CREATED,idem-20260902-apk-0807
808,MTR-APK-0808,Personal,Personal,Lifestyle,Fitness,Expense,2026-02-10,08:38:25,2026-02-10 08:38:25,18230.22,INR,-18230.22,APK Owner,,,MAESTRO-APK-PERSONAL-LIFESTYLE-0808 | Fitness | 18230.22,Android,B17,RAMP_501_1500,CREATED,idem-20260902-apk-0808
809,MTR-APK-0809,Group,Shared Purchase,Custom Purchase,Custom Expense,Expense,2026-07-06,03:06:03,2026-07-06 03:06:03,9778.01,INR,-9778.01,APK Meera,3,PERCENTAGE,MAESTRO-APK-GROUP-CUSTOM_PURCHASE-0809 | Custom Expense | 9778.01,Android,B17,RAMP_501_1500,CREATED,idem-20260902-apk-0809
810,MTR-APK-0810,Business,Business,Business Operations,Accounting,Expense,2026-01-21,16:48:41,2026-01-21 16:48:41,73772.2,INR,-73772.2,APK Owner,,,MAESTRO-APK-BUSINESS-BUSINESS_OPERATIONS-0810 | Accounting | 73772.20,Android,B17,RAMP_501_1500,CREATED,idem-20260902-apk-0810
811,MTR-APK-0811,Personal,Personal,Lifestyle,Hobbies,Expense,2026-08-22,17:38:31,2026-08-22 17:38:31,18367.26,INR,-18367.26,APK Owner,,,MAESTRO-APK-PERSONAL-LIFESTYLE-0811 | Hobbies | 18367.26,Android,B17,RAMP_501_1500,CREATED,idem-20260902-apk-0811
812,MTR-APK-0812,Group,Shared Purchase,Custom Purchase,Custom Contribution,Contribution,2026-04-29,06:27:20,2026-04-29 06:27:20,4051.85,INR,4051.85,APK Owner,3,EXACT,MAESTRO-APK-GROUP-CUSTOM_PURCHASE-0812 | Custom Contribution | 4051.85,Android,B17,RAMP_501_1500,CREATED,idem-20260902-apk-0812
813,MTR-APK-0813,Business,Business,Business Operations,Equipment,Expense,2026-03-27,05:51:07,2026-03-27 05:51:07,164975.73,INR,-164975.73,APK Owner,,,MAESTRO-APK-BUSINESS-BUSINESS_OPERATIONS-0813 | Equipment | 164975.73,Android,B17,RAMP_501_1500,CREATED,idem-20260902-apk-0813
814,MTR-APK-0814,Personal,Personal,Relationships,Gifts,Expense,2025-11-13,04:47:09,2025-11-13 04:47:09,999.99,INR,-999.99,APK Owner,,,MAESTRO-APK-PERSONAL-RELATIONSHIPS-0814 | Gifts | 999.99,Android,B17,RAMP_501_1500,CREATED,idem-20260902-apk-0814
815,MTR-APK-0815,Group,Shared Living,Flatmates,Rent,Expense,2026-06-21,23:09:55,2026-06-21 23:09:55,27481.42,INR,-27481.42,APK Aarav,3,SHARES,MAESTRO-APK-GROUP-FLATMATES-0815 | Rent | 27481.42,Android,B17,RAMP_501_1500,CREATED,idem-20260902-apk-0815
816,MTR-APK-0816,Business,Business,Business Operations,Vendor,Expense,2025-11-15,00:36:25,2025-11-15 00:36:25,58181.3,INR,-58181.3,APK Owner,,,MAESTRO-APK-BUSINESS-BUSINESS_OPERATIONS-0816 | Vendor | 58181.30,Android,B17,RAMP_501_1500,CREATED,idem-20260902-apk-0816
817,MTR-APK-0817,Personal,Personal,Relationships,Dates,Expense,2026-07-28,12:35:50,2026-07-28 12:35:50,17180.58,INR,-17180.58,APK Owner,,,MAESTRO-APK-PERSONAL-RELATIONSHIPS-0817 | Dates | 17180.58,Android,B17,RAMP_501_1500,CREATED,idem-20260902-apk-0817
818,MTR-APK-0818,Group,Shared Living,Flatmates,Utilities,Expense,2025-10-05,10:38:14,2025-10-05 10:38:14,22040.56,INR,-22040.56,APK Meera,3,EQUAL,MAESTRO-APK-GROUP-FLATMATES-0818 | Utilities | 22040.56,Android,B17,RAMP_501_1500,CREATED,idem-20260902-apk-0818
819,MTR-APK-0819,Business,Business,Business Operations,Tax,Expense,2025-10-10,20:31:02,2025-10-10 20:31:02,19363.9,INR,-19363.9,APK Owner,,,MAESTRO-APK-BUSINESS-BUSINESS_OPERATIONS-0819 | Tax | 19363.90,Android,B17,RAMP_501_1500,CREATED,idem-20260902-apk-0819
820,MTR-APK-0820,Personal,Personal,Relationships,Family,Expense,2026-07-19,05:10:32,2026-07-19 05:10:32,8988.62,INR,-8988.62,APK Owner,,,MAESTRO-APK-PERSONAL-RELATIONSHIPS-0820 | Family | 8988.62,Android,B17,RAMP_501_1500,CREATED,idem-20260902-apk-0820
821,MTR-APK-0821,Group,Shared Living,Flatmates,Groceries,Expense,2026-08-13,11:54:13,2026-08-13 11:54:13,2730.14,INR,-2730.14,APK Owner,3,PERCENTAGE,MAESTRO-APK-GROUP-FLATMATES-0821 | Groceries | 2730.14,Android,B17,RAMP_501_1500,CREATED,idem-20260902-apk-0821
822,MTR-APK-0822,Business,Business,Team Operations,Payroll,Expense,2026-02-17,12:42:51,2026-02-17 12:42:51,144792.31,INR,-144792.31,APK Owner,,,MAESTRO-APK-BUSINESS-TEAM_OPERATIONS-0822 | Payroll | 144792.31,Android,B17,RAMP_501_1500,CREATED,idem-20260902-apk-0822
823,MTR-APK-0823,Personal,Personal,Relationships,Friends,Expense,2026-03-01,23:59:04,2026-03-01 23:59:04,11292.68,INR,-11292.68,APK Owner,,,MAESTRO-APK-PERSONAL-RELATIONSHIPS-0823 | Friends | 11292.68,Android,B17,RAMP_501_1500,CREATED,idem-20260902-apk-0823
824,MTR-APK-0824,Group,Shared Living,Flatmates,Internet,Expense,2026-05-09,12:12:32,2026-05-09 12:12:32,20344.94,INR,-20344.94,APK Aarav,3,EXACT,MAESTRO-APK-GROUP-FLATMATES-0824 | Internet | 20344.94,Android,B17,RAMP_501_1500,CREATED,idem-20260902-apk-0824
825,MTR-APK-0825,Business,Business,Team Operations,Contractor,Expense,2025-10-04,16:01:52,2025-10-04 16:01:52,93749.17,INR,-93749.17,APK Owner,,,MAESTRO-APK-BUSINESS-TEAM_OPERATIONS-0825 | Contractor | 93749.17,Android,B17,RAMP_501_1500,CREATED,idem-20260902-apk-0825
826,MTR-APK-0826,Personal,Personal,Relationships,Celebrations,Expense,2026-05-24,03:55:06,2026-05-24 03:55:06,2280.34,INR,-2280.34,APK Owner,,,MAESTRO-APK-PERSONAL-RELATIONSHIPS-0826 | Celebrations | 2280.34,Android,B17,RAMP_501_1500,CREATED,idem-20260902-apk-0826
827,MTR-APK-0827,Group,Shared Living,Flatmates,House Supplies,Expense,2026-07-21,09:16:46,2026-07-21 09:16:46,15689.23,INR,-15689.23,APK Meera,3,SHARES,MAESTRO-APK-GROUP-FLATMATES-0827 | House Supplies | 15689.23,Android,B17,RAMP_501_1500,CREATED,idem-20260902-apk-0827
828,MTR-APK-0828,Business,Business,Team Operations,Hiring,Expense,2025-09-01,00:35:02,2025-09-01 00:35:02,13289.86,INR,-13289.86,APK Owner,,,MAESTRO-APK-BUSINESS-TEAM_OPERATIONS-0828 | Hiring | 13289.86,Android,B17,RAMP_501_1500,CREATED,idem-20260902-apk-0828
829,MTR-APK-0829,Personal,Personal,Life Operations,Groceries,Expense,2025-10-04,10:42:50,2025-10-04 10:42:50,10974.97,INR,-10974.97,APK Owner,,,MAESTRO-APK-PERSONAL-LIFE_OPERATIONS-0829 | Groceries | 10974.97,Android,B17,RAMP_501_1500,CREATED,idem-20260902-apk-0829
830,MTR-APK-0830,Group,Shared Living,Flatmates,Repairs,Expense,2026-04-06,07:08:32,2026-04-06 07:08:32,12596.67,INR,-12596.67,APK Owner,3,EQUAL,MAESTRO-APK-GROUP-FLATMATES-0830 | Repairs | 12596.67,Android,B17,RAMP_501_1500,CREATED,idem-20260902-apk-0830
831,MTR-APK-0831,Business,Business,Team Operations,Team Meal,Expense,2026-04-06,10:42:54,2026-04-06 10:42:54,51716.0,INR,-51716.0,APK Owner,,,MAESTRO-APK-BUSINESS-TEAM_OPERATIONS-0831 | Team Meal | 51716.00,Android,B17,RAMP_501_1500,CREATED,idem-20260902-apk-0831
832,MTR-APK-0832,Personal,Personal,Life Operations,Rent,Expense,2025-12-25,20:22:47,2025-12-25 20:22:47,6126.0,INR,-6126.0,APK Owner,,,MAESTRO-APK-PERSONAL-LIFE_OPERATIONS-0832 | Rent | 6126.00,Android,B17,RAMP_501_1500,CREATED,idem-20260902-apk-0832
833,MTR-APK-0833,Group,Shared Living,Shared Living,Rent,Expense,2026-04-19,04:02:01,2026-04-19 04:02:01,3347.93,INR,-3347.93,APK Aarav,3,PERCENTAGE,MAESTRO-APK-GROUP-SHARED_LIVING-0833 | Rent | 3347.93,Android,B17,RAMP_501_1500,CREATED,idem-20260902-apk-0833
834,MTR-APK-0834,Business,Business,Team Operations,Travel,Expense,2026-01-06,01:24:14,2026-01-06 01:24:14,126617.51,INR,-126617.51,APK Owner,,,MAESTRO-APK-BUSINESS-TEAM_OPERATIONS-0834 | Travel | 126617.51,Android,B17,RAMP_501_1500,CREATED,idem-20260902-apk-0834
835,MTR-APK-0835,Personal,Personal,Life Operations,Bills,Expense,2026-08-24,02:33:39,2026-08-24 02:33:39,8949.8,INR,-8949.8,APK Owner,,,MAESTRO-APK-PERSONAL-LIFE_OPERATIONS-0835 | Bills | 8949.80,Android,B17,RAMP_501_1500,CREATED,idem-20260902-apk-0835
836,MTR-APK-0836,Group,Shared Living,Shared Living,Utilities,Expense,2026-02-25,13:01:03,2026-02-25 13:01:03,26506.66,INR,-26506.66,APK Meera,3,EXACT,MAESTRO-APK-GROUP-SHARED_LIVING-0836 | Utilities | 26506.66,Android,B17,RAMP_501_1500,CREATED,idem-20260902-apk-0836
837,MTR-APK-0837,Business,Business,Team Operations,Training,Expense,2025-10-18,03:06:13,2025-10-18 03:06:13,138528.66,INR,-138528.66,APK Owner,,,MAESTRO-APK-BUSINESS-TEAM_OPERATIONS-0837 | Training | 138528.66,Android,B17,RAMP_501_1500,CREATED,idem-20260902-apk-0837
838,MTR-APK-0838,Personal,Personal,Life Operations,Transport,Expense,2026-03-18,03:23:01,2026-03-18 03:23:01,10443.46,INR,-10443.46,APK Owner,,,MAESTRO-APK-PERSONAL-LIFE_OPERATIONS-0838 | Transport | 10443.46,Android,B17,RAMP_501_1500,CREATED,idem-20260902-apk-0838
839,MTR-APK-0839,Group,Shared Living,Shared Living,Groceries,Expense,2025-12-09,20:51:41,2025-12-09 20:51:41,21565.46,INR,-21565.46,APK Owner,3,SHARES,MAESTRO-APK-GROUP-SHARED_LIVING-0839 | Groceries | 21565.46,Android,B17,RAMP_501_1500,CREATED,idem-20260902-apk-0839
840,MTR-APK-0840,Business,Business,Team Operations,Tools,Expense,2026-03-05,07:44:36,2026-03-05 07:44:36,30053.84,INR,-30053.84,APK Owner,,,MAESTRO-APK-BUSINESS-TEAM_OPERATIONS-0840 | Tools | 30053.84,Android,B17,RAMP_501_1500,CREATED,idem-20260902-apk-0840
841,MTR-APK-0841,Personal,Personal,Life Operations,Healthcare,Expense,2025-12-23,19:26:27,2025-12-23 19:26:27,6872.44,INR,-6872.44,APK Owner,,,MAESTRO-APK-PERSONAL-LIFE_OPERATIONS-0841 | Healthcare | 6872.44,Android,B17,RAMP_501_1500,CREATED,idem-20260902-apk-0841
842,MTR-APK-0842,Group,Shared Living,Shared Living,Maintenance,Expense,2025-12-06,17:05:13,2025-12-06 17:05:13,21722.57,INR,-21722.57,APK Aarav,3,EQUAL,MAESTRO-APK-GROUP-SHARED_LIVING-0842 | Maintenance | 21722.57,Android,B17,RAMP_501_1500,CREATED,idem-20260902-apk-0842
843,MTR-APK-0843,Business,Business,Business Runway,Funding,Income,2026-08-19,13:48:34,2026-08-19 13:48:34,172424.94,INR,172424.94,APK Owner,,,MAESTRO-APK-BUSINESS-BUSINESS_RUNWAY-0843 | Funding | 172424.94,Android,B17,RAMP_501_1500,CREATED,idem-20260902-apk-0843
844,MTR-APK-0844,Personal,Personal,Life Operations,Subscriptions,Expense,2026-08-15,14:44:22,2026-08-15 14:44:22,16859.95,INR,-16859.95,APK Owner,,,MAESTRO-APK-PERSONAL-LIFE_OPERATIONS-0844 | Subscriptions | 16859.95,Android,B17,RAMP_501_1500,CREATED,idem-20260902-apk-0844
845,MTR-APK-0845,Group,Shared Living,Shared Living,Other,Expense,2026-01-06,04:29:41,2026-01-06 04:29:41,25192.0,INR,-25192.0,APK Meera,3,PERCENTAGE,MAESTRO-APK-GROUP-SHARED_LIVING-0845 | Other | 25192.00,Android,B17,RAMP_501_1500,CREATED,idem-20260902-apk-0845
846,MTR-APK-0846,Business,Business,Business Runway,Revenue,Income,2026-07-11,21:48:35,2026-07-11 21:48:35,126331.32,INR,126331.32,APK Owner,,,MAESTRO-APK-BUSINESS-BUSINESS_RUNWAY-0846 | Revenue | 126331.32,Android,B17,RAMP_501_1500,CREATED,idem-20260902-apk-0846
847,MTR-APK-0847,Personal,Personal,Life Operations,Repairs,Expense,2025-09-25,06:30:39,2025-09-25 06:30:39,15942.93,INR,-15942.93,APK Owner,,,MAESTRO-APK-PERSONAL-LIFE_OPERATIONS-0847 | Repairs | 15942.93,Android,B17,RAMP_501_1500,CREATED,idem-20260902-apk-0847
848,MTR-APK-0848,Group,Shared Living,Family Household,Rent,Expense,2026-02-10,03:28:49,2026-02-10 03:28:49,23716.22,INR,-23716.22,APK Owner,3,EXACT,MAESTRO-APK-GROUP-FAMILY_HOUSEHOLD-0848 | Rent | 23716.22,Android,B17,RAMP_501_1500,CREATED,idem-20260902-apk-0848
849,MTR-APK-0849,Business,Business,Business Runway,Burn,Expense,2026-04-08,06:32:05,2026-04-08 06:32:05,29107.43,INR,-29107.43,APK Owner,,,MAESTRO-APK-BUSINESS-BUSINESS_RUNWAY-0849 | Burn | 29107.43,Android,B17,RAMP_501_1500,CREATED,idem-20260902-apk-0849
850,MTR-APK-0850,Personal,Personal,Future Building,Savings,Transfer,2026-08-21,02:49:34,2026-08-21 02:49:34,1268.56,INR,0.0,APK Owner,,,MAESTRO-APK-PERSONAL-FUTURE_BUILDING-0850 | Savings | 1268.56,Android,B17,RAMP_501_1500,CREATED,idem-20260902-apk-0850
851,MTR-APK-0851,Group,Shared Living,Family Household,Groceries,Expense,2026-02-19,08:55:12,2026-02-19 08:55:12,10000.0,INR,-10000.0,APK Aarav,3,SHARES,MAESTRO-APK-GROUP-FAMILY_HOUSEHOLD-0851 | Groceries | 10000.00,Android,B18,RAMP_501_1500,CREATED,idem-20260902-apk-0851
852,MTR-APK-0852,Business,Business,Business Runway,Reserve,Transfer,2026-03-02,15:23:57,2026-03-02 15:23:57,91323.18,INR,0.0,APK Owner,,,MAESTRO-APK-BUSINESS-BUSINESS_RUNWAY-0852 | Reserve | 91323.18,Android,B18,RAMP_501_1500,CREATED,idem-20260902-apk-0852
853,MTR-APK-0853,Personal,Personal,Future Building,Emergency Fund,Transfer,2026-06-13,14:44:06,2026-06-13 14:44:06,19126.23,INR,0.0,APK Owner,,,MAESTRO-APK-PERSONAL-FUTURE_BUILDING-0853 | Emergency Fund | 19126.23,Android,B18,RAMP_501_1500,CREATED,idem-20260902-apk-0853
854,MTR-APK-0854,Group,Shared Living,Family Household,Transport,Expense,2026-07-31,20:23:00,2026-07-31 20:23:00,20767.14,INR,-20767.14,APK Meera,3,EQUAL,MAESTRO-APK-GROUP-FAMILY_HOUSEHOLD-0854 | Transport | 20767.14,Android,B18,RAMP_501_1500,CREATED,idem-20260902-apk-0854
855,MTR-APK-0855,Business,Business,Business Runway,Loan,Income,2026-01-05,09:52:59,2026-01-05 09:52:59,133587.44,INR,133587.44,APK Owner,,,MAESTRO-APK-BUSINESS-BUSINESS_RUNWAY-0855 | Loan | 133587.44,Android,B18,RAMP_501_1500,CREATED,idem-20260902-apk-0855
856,MTR-APK-0856,Personal,Personal,Future Building,Investments,Investment,2025-11-11,09:48:12,2025-11-11 09:48:12,4215.26,INR,0.0,APK Owner,,,MAESTRO-APK-PERSONAL-FUTURE_BUILDING-0856 | Investments | 4215.26,Android,B18,RAMP_501_1500,CREATED,idem-20260902-apk-0856
857,MTR-APK-0857,Group,Shared Living,Family Household,Bills,Expense,2026-08-28,12:55:14,2026-08-28 12:55:14,17571.68,INR,-17571.68,APK Owner,3,PERCENTAGE,MAESTRO-APK-GROUP-FAMILY_HOUSEHOLD-0857 | Bills | 17571.68,Android,B18,RAMP_501_1500,CREATED,idem-20260902-apk-0857
858,MTR-APK-0858,Business,Business,Business Runway,Investment,Income,2025-09-16,04:14:01,2025-09-16 04:14:01,33155.26,INR,33155.26,APK Owner,,,MAESTRO-APK-BUSINESS-BUSINESS_RUNWAY-0858 | Investment | 33155.26,Android,B18,RAMP_501_1500,CREATED,idem-20260902-apk-0858
859,MTR-APK-0859,Personal,Personal,Future Building,Education,Expense,2026-05-07,13:36:50,2026-05-07 13:36:50,4097.01,INR,-4097.01,APK Owner,,,MAESTRO-APK-PERSONAL-FUTURE_BUILDING-0859 | Education | 4097.01,Android,B18,RAMP_501_1500,CREATED,idem-20260902-apk-0859
860,MTR-APK-0860,Group,Shared Living,Family Household,Utilities,Expense,2026-03-06,10:32:56,2026-03-06 10:32:56,20232.35,INR,-20232.35,APK Aarav,3,EXACT,MAESTRO-APK-GROUP-FAMILY_HOUSEHOLD-0860 | Utilities | 20232.35,Android,B18,RAMP_501_1500,CREATED,idem-20260902-apk-0860
861,MTR-APK-0861,Business,Business,Business Operations,Software,Expense,2025-10-31,12:32:33,2025-10-31 12:32:33,125756.19,INR,-125756.19,APK Owner,,,MAESTRO-APK-BUSINESS-BUSINESS_OPERATIONS-0861 | Software | 125756.19,Android,B18,RAMP_501_1500,CREATED,idem-20260902-apk-0861
862,MTR-APK-0862,Personal,Personal,Future Building,Goal Contribution,Transfer,2026-02-02,12:16:24,2026-02-02 12:16:24,15003.73,INR,0.0,APK Owner,,,MAESTRO-APK-PERSONAL-FUTURE_BUILDING-0862 | Goal Contribution | 15003.73,Android,B18,RAMP_501_1500,CREATED,idem-20260902-apk-0862
863,MTR-APK-0863,Group,Shared Living,Family Household,Healthcare,Expense,2026-04-10,22:09:01,2026-04-10 22:09:01,20082.62,INR,-20082.62,APK Meera,3,SHARES,MAESTRO-APK-GROUP-FAMILY_HOUSEHOLD-0863 | Healthcare | 20082.62,Android,B18,RAMP_501_1500,CREATED,idem-20260902-apk-0863
864,MTR-APK-0864,Business,Business,Business Operations,Rent,Expense,2025-10-31,00:13:20,2025-10-31 00:13:20,131076.55,INR,-131076.55,APK Owner,,,MAESTRO-APK-BUSINESS-BUSINESS_OPERATIONS-0864 | Rent | 131076.55,Android,B18,RAMP_501_1500,CREATED,idem-20260902-apk-0864
865,MTR-APK-0865,Personal,Personal,Lifestyle,Dining,Expense,2026-01-13,16:09:59,2026-01-13 16:09:59,9880.99,INR,-9880.99,APK Owner,,,MAESTRO-APK-PERSONAL-LIFESTYLE-0865 | Dining | 9880.99,Android,B18,RAMP_501_1500,CREATED,idem-20260902-apk-0865
866,MTR-APK-0866,Group,Shared Living,Custom Living,Custom Expense,Expense,2026-07-02,00:47:58,2026-07-02 00:47:58,23844.48,INR,-23844.48,APK Owner,3,EQUAL,MAESTRO-APK-GROUP-CUSTOM_LIVING-0866 | Custom Expense | 23844.48,Android,B18,RAMP_501_1500,CREATED,idem-20260902-apk-0866
867,MTR-APK-0867,Business,Business,Business Operations,Marketing,Expense,2026-07-29,12:53:22,2026-07-29 12:53:22,160759.62,INR,-160759.62,APK Owner,,,MAESTRO-APK-BUSINESS-BUSINESS_OPERATIONS-0867 | Marketing | 160759.62,Android,B18,RAMP_501_1500,CREATED,idem-20260902-apk-0867
868,MTR-APK-0868,Personal,Personal,Lifestyle,Shopping,Expense,2026-02-09,19:05:30,2026-02-09 19:05:30,17760.86,INR,-17760.86,APK Owner,,,MAESTRO-APK-PERSONAL-LIFESTYLE-0868 | Shopping | 17760.86,Android,B18,RAMP_501_1500,CREATED,idem-20260902-apk-0868
869,MTR-APK-0869,Group,Shared Living,Custom Living,Custom Contribution,Contribution,2025-11-17,18:36:36,2025-11-17 18:36:36,22912.43,INR,22912.43,APK Aarav,3,PERCENTAGE,MAESTRO-APK-GROUP-CUSTOM_LIVING-0869 | Custom Contribution | 22912.43,Android,B18,RAMP_501_1500,CREATED,idem-20260902-apk-0869
870,MTR-APK-0870,Business,Business,Business Operations,Legal,Expense,2026-02-19,15:47:56,2026-02-19 15:47:56,96738.66,INR,-96738.66,APK Owner,,,MAESTRO-APK-BUSINESS-BUSINESS_OPERATIONS-0870 | Legal | 96738.66,Android,B18,RAMP_501_1500,CREATED,idem-20260902-apk-0870
871,MTR-APK-0871,Personal,Personal,Lifestyle,Entertainment,Expense,2026-04-14,14:05:16,2026-04-14 14:05:16,3414.26,INR,-3414.26,APK Owner,,,MAESTRO-APK-PERSONAL-LIFESTYLE-0871 | Entertainment | 3414.26,Android,B18,RAMP_501_1500,CREATED,idem-20260902-apk-0871
872,MTR-APK-0872,Group,Shared Experience,Trip,Travel,Expense,2025-09-24,04:51:02,2025-09-24 04:51:02,1738.88,INR,-1738.88,APK Meera,3,EXACT,MAESTRO-APK-GROUP-TRIP-0872 | Travel | 1738.88,Android,B18,RAMP_501_1500,CREATED,idem-20260902-apk-0872
873,MTR-APK-0873,Business,Business,Business Operations,Accounting,Expense,2026-05-23,23:21:23,2026-05-23 23:21:23,116681.87,INR,-116681.87,APK Owner,,,MAESTRO-APK-BUSINESS-BUSINESS_OPERATIONS-0873 | Accounting | 116681.87,Android,B18,RAMP_501_1500,CREATED,idem-20260902-apk-0873
874,MTR-APK-0874,Personal,Personal,Lifestyle,Travel,Expense,2026-01-03,13:22:21,2026-01-03 13:22:21,10670.45,INR,-10670.45,APK Owner,,,MAESTRO-APK-PERSONAL-LIFESTYLE-0874 | Travel | 10670.45,Android,B18,RAMP_501_1500,CREATED,idem-20260902-apk-0874
875,MTR-APK-0875,Group,Shared Experience,Trip,Stay,Expense,2026-05-19,21:49:50,2026-05-19 21:49:50,29812.53,INR,-29812.53,APK Owner,3,SHARES,MAESTRO-APK-GROUP-TRIP-0875 | Stay | 29812.53,Android,B18,RAMP_501_1500,CREATED,idem-20260902-apk-0875
876,MTR-APK-0876,Business,Business,Business Operations,Equipment,Expense,2026-04-07,10:28:19,2026-04-07 10:28:19,155107.4,INR,-155107.4,APK Owner,,,MAESTRO-APK-BUSINESS-BUSINESS_OPERATIONS-0876 | Equipment | 155107.40,Android,B18,RAMP_501_1500,CREATED,idem-20260902-apk-0876
877,MTR-APK-0877,Personal,Personal,Lifestyle,Fitness,Expense,2026-05-02,08:39:27,2026-05-02 08:39:27,6509.3,INR,-6509.3,APK Owner,,,MAESTRO-APK-PERSONAL-LIFESTYLE-0877 | Fitness | 6509.30,Android,B18,RAMP_501_1500,CREATED,idem-20260902-apk-0877
878,MTR-APK-0878,Group,Shared Experience,Trip,Food,Expense,2026-05-01,09:47:55,2026-05-01 09:47:55,14815.72,INR,-14815.72,APK Aarav,3,EQUAL,MAESTRO-APK-GROUP-TRIP-0878 | Food | 14815.72,Android,B18,RAMP_501_1500,CREATED,idem-20260902-apk-0878
879,MTR-APK-0879,Business,Business,Business Operations,Vendor,Expense,2026-02-21,05:59:03,2026-02-21 05:59:03,179749.26,INR,-179749.26,APK Owner,,,MAESTRO-APK-BUSINESS-BUSINESS_OPERATIONS-0879 | Vendor | 179749.26,Android,B18,RAMP_501_1500,CREATED,idem-20260902-apk-0879
880,MTR-APK-0880,Personal,Personal,Lifestyle,Hobbies,Expense,2025-10-27,08:44:56,2025-10-27 08:44:56,1383.29,INR,-1383.29,APK Owner,,,MAESTRO-APK-PERSONAL-LIFESTYLE-0880 | Hobbies | 1383.29,Android,B18,RAMP_501_1500,CREATED,idem-20260902-apk-0880
881,MTR-APK-0881,Group,Shared Experience,Trip,Local Transport,Expense,2026-07-19,23:50:02,2026-07-19 23:50:02,13075.28,INR,-13075.28,APK Meera,3,PERCENTAGE,MAESTRO-APK-GROUP-TRIP-0881 | Local Transport | 13075.28,Android,B18,RAMP_501_1500,CREATED,idem-20260902-apk-0881
882,MTR-APK-0882,Business,Business,Business Operations,Tax,Expense,2025-11-11,23:42:05,2025-11-11 23:42:05,41933.18,INR,-41933.18,APK Owner,,,MAESTRO-APK-BUSINESS-BUSINESS_OPERATIONS-0882 | Tax | 41933.18,Android,B18,RAMP_501_1500,CREATED,idem-20260902-apk-0882
883,MTR-APK-0883,Personal,Personal,Relationships,Gifts,Expense,2026-05-19,04:12:43,2026-05-19 04:12:43,16234.17,INR,-16234.17,APK Owner,,,MAESTRO-APK-PERSONAL-RELATIONSHIPS-0883 | Gifts | 16234.17,Android,B18,RAMP_501_1500,CREATED,idem-20260902-apk-0883
884,MTR-APK-0884,Group,Shared Experience,Trip,Activities,Expense,2026-08-17,10:49:28,2026-08-17 10:49:28,6794.37,INR,-6794.37,APK Owner,3,EXACT,MAESTRO-APK-GROUP-TRIP-0884 | Activities | 6794.37,Android,B18,RAMP_501_1500,CREATED,idem-20260902-apk-0884
885,MTR-APK-0885,Business,Business,Team Operations,Payroll,Expense,2025-10-20,10:09:32,2025-10-20 10:09:32,94733.7,INR,-94733.7,APK Owner,,,MAESTRO-APK-BUSINESS-TEAM_OPERATIONS-0885 | Payroll | 94733.70,Android,B18,RAMP_501_1500,CREATED,idem-20260902-apk-0885
886,MTR-APK-0886,Personal,Personal,Relationships,Dates,Expense,2026-05-25,19:47:24,2026-05-25 19:47:24,72.48,INR,-72.48,APK Owner,,,MAESTRO-APK-PERSONAL-RELATIONSHIPS-0886 | Dates | 72.48,Android,B18,RAMP_501_1500,CREATED,idem-20260902-apk-0886
887,MTR-APK-0887,Group,Shared Experience,Trip,Shopping,Expense,2025-10-30,01:05:10,2025-10-30 01:05:10,19673.26,INR,-19673.26,APK Aarav,3,SHARES,MAESTRO-APK-GROUP-TRIP-0887 | Shopping | 19673.26,Android,B18,RAMP_501_1500,CREATED,idem-20260902-apk-0887
888,MTR-APK-0888,Business,Business,Team Operations,Contractor,Expense,2025-12-14,04:01:23,2025-12-14 04:01:23,0.01,INR,-0.01,APK Owner,,,MAESTRO-APK-BUSINESS-TEAM_OPERATIONS-0888 | Contractor | 0.01,Android,B18,RAMP_501_1500,CREATED,idem-20260902-apk-0888
889,MTR-APK-0889,Personal,Personal,Relationships,Family,Expense,2025-12-05,20:17:08,2025-12-05 20:17:08,2409.31,INR,-2409.31,APK Owner,,,MAESTRO-APK-PERSONAL-RELATIONSHIPS-0889 | Family | 2409.31,Android,B18,RAMP_501_1500,CREATED,idem-20260902-apk-0889
890,MTR-APK-0890,Group,Shared Experience,Trip,Other,Expense,2025-12-13,10:34:42,2025-12-13 10:34:42,24491.47,INR,-24491.47,APK Meera,3,EQUAL,MAESTRO-APK-GROUP-TRIP-0890 | Other | 24491.47,Android,B18,RAMP_501_1500,CREATED,idem-20260902-apk-0890
891,MTR-APK-0891,Business,Business,Team Operations,Hiring,Expense,2026-01-24,09:18:26,2026-01-24 09:18:26,116062.86,INR,-116062.86,APK Owner,,,MAESTRO-APK-BUSINESS-TEAM_OPERATIONS-0891 | Hiring | 116062.86,Android,B18,RAMP_501_1500,CREATED,idem-20260902-apk-0891
892,MTR-APK-0892,Personal,Personal,Relationships,Friends,Expense,2026-05-21,14:22:53,2026-05-21 14:22:53,18721.35,INR,-18721.35,APK Owner,,,MAESTRO-APK-PERSONAL-RELATIONSHIPS-0892 | Friends | 18721.35,Android,B18,RAMP_501_1500,CREATED,idem-20260902-apk-0892
893,MTR-APK-0893,Group,Shared Experience,Wedding,Venue,Expense,2026-02-27,14:54:58,2026-02-27 14:54:58,10600.82,INR,-10600.82,APK Owner,3,PERCENTAGE,MAESTRO-APK-GROUP-WEDDING-0893 | Venue | 10600.82,Android,B18,RAMP_501_1500,CREATED,idem-20260902-apk-0893
894,MTR-APK-0894,Business,Business,Team Operations,Team Meal,Expense,2025-11-29,13:28:17,2025-11-29 13:28:17,136725.86,INR,-136725.86,APK Owner,,,MAESTRO-APK-BUSINESS-TEAM_OPERATIONS-0894 | Team Meal | 136725.86,Android,B18,RAMP_501_1500,CREATED,idem-20260902-apk-0894
895,MTR-APK-0895,Personal,Personal,Relationships,Celebrations,Expense,2026-05-03,23:23:48,2026-05-03 23:23:48,1372.91,INR,-1372.91,APK Owner,,,MAESTRO-APK-PERSONAL-RELATIONSHIPS-0895 | Celebrations | 1372.91,Android,B18,RAMP_501_1500,CREATED,idem-20260902-apk-0895
896,MTR-APK-0896,Group,Shared Experience,Wedding,Catering,Expense,2026-06-17,07:11:58,2026-06-17 07:11:58,11179.49,INR,-11179.49,APK Aarav,3,EXACT,MAESTRO-APK-GROUP-WEDDING-0896 | Catering | 11179.49,Android,B18,RAMP_501_1500,CREATED,idem-20260902-apk-0896
897,MTR-APK-0897,Business,Business,Team Operations,Travel,Expense,2026-05-04,23:05:03,2026-05-04 23:05:03,363.6,INR,-363.6,APK Owner,,,MAESTRO-APK-BUSINESS-TEAM_OPERATIONS-0897 | Travel | 363.60,Android,B18,RAMP_501_1500,CREATED,idem-20260902-apk-0897
898,MTR-APK-0898,Personal,Personal,Life Operations,Groceries,Expense,2026-08-29,01:41:55,2026-08-29 01:41:55,19710.81,INR,-19710.81,APK Owner,,,MAESTRO-APK-PERSONAL-LIFE_OPERATIONS-0898 | Groceries | 19710.81,Android,B18,RAMP_501_1500,CREATED,idem-20260902-apk-0898
899,MTR-APK-0899,Group,Shared Experience,Wedding,Decor,Expense,2026-08-20,23:14:26,2026-08-20 23:14:26,26224.59,INR,-26224.59,APK Meera,3,SHARES,MAESTRO-APK-GROUP-WEDDING-0899 | Decor | 26224.59,Android,B18,RAMP_501_1500,CREATED,idem-20260902-apk-0899
900,MTR-APK-0900,Business,Business,Team Operations,Training,Expense,2026-04-02,06:51:31,2026-04-02 06:51:31,140485.2,INR,-140485.2,APK Owner,,,MAESTRO-APK-BUSINESS-TEAM_OPERATIONS-0900 | Training | 140485.20,Android,B18,RAMP_501_1500,CREATED,idem-20260902-apk-0900
901,MTR-APK-0901,Personal,Personal,Life Operations,Rent,Expense,2026-03-13,00:40:27,2026-03-13 00:40:27,5708.03,INR,-5708.03,APK Owner,,,MAESTRO-APK-PERSONAL-LIFE_OPERATIONS-0901 | Rent | 5708.03,Android,B19,RAMP_501_1500,CREATED,idem-20260902-apk-0901
902,MTR-APK-0902,Group,Shared Experience,Wedding,Travel,Expense,2026-05-12,15:51:28,2026-05-12 15:51:28,7408.69,INR,-7408.69,APK Owner,3,EQUAL,MAESTRO-APK-GROUP-WEDDING-0902 | Travel | 7408.69,Android,B19,RAMP_501_1500,CREATED,idem-20260902-apk-0902
903,MTR-APK-0903,Business,Business,Team Operations,Tools,Expense,2025-09-30,03:08:41,2025-09-30 03:08:41,138721.87,INR,-138721.87,APK Owner,,,MAESTRO-APK-BUSINESS-TEAM_OPERATIONS-0903 | Tools | 138721.87,Android,B19,RAMP_501_1500,CREATED,idem-20260902-apk-0903
904,MTR-APK-0904,Personal,Personal,Life Operations,Bills,Expense,2025-12-06,00:40:35,2025-12-06 00:40:35,19340.98,INR,-19340.98,APK Owner,,,MAESTRO-APK-PERSONAL-LIFE_OPERATIONS-0904 | Bills | 19340.98,Android,B19,RAMP_501_1500,CREATED,idem-20260902-apk-0904
905,MTR-APK-0905,Group,Shared Experience,Wedding,Gifts,Expense,2025-12-15,17:13:37,2025-12-15 17:13:37,3141.99,INR,-3141.99,APK Aarav,3,PERCENTAGE,MAESTRO-APK-GROUP-WEDDING-0905 | Gifts | 3141.99,Android,B19,RAMP_501_1500,CREATED,idem-20260902-apk-0905
906,MTR-APK-0906,Business,Business,Business Runway,Funding,Income,2025-10-15,20:41:40,2025-10-15 20:41:40,114193.82,INR,114193.82,APK Owner,,,MAESTRO-APK-BUSINESS-BUSINESS_RUNWAY-0906 | Funding | 114193.82,Android,B19,RAMP_501_1500,CREATED,idem-20260902-apk-0906
907,MTR-APK-0907,Personal,Personal,Life Operations,Transport,Expense,2026-01-17,22:29:42,2026-01-17 22:29:42,14382.3,INR,-14382.3,APK Owner,,,MAESTRO-APK-PERSONAL-LIFE_OPERATIONS-0907 | Transport | 14382.30,Android,B19,RAMP_501_1500,CREATED,idem-20260902-apk-0907
908,MTR-APK-0908,Group,Shared Experience,Wedding,Photography,Expense,2025-11-20,06:57:44,2025-11-20 06:57:44,4520.35,INR,-4520.35,APK Meera,3,EXACT,MAESTRO-APK-GROUP-WEDDING-0908 | Photography | 4520.35,Android,B19,RAMP_501_1500,CREATED,idem-20260902-apk-0908
909,MTR-APK-0909,Business,Business,Business Runway,Revenue,Income,2026-03-31,19:23:33,2026-03-31 19:23:33,72645.11,INR,72645.11,APK Owner,,,MAESTRO-APK-BUSINESS-BUSINESS_RUNWAY-0909 | Revenue | 72645.11,Android,B19,RAMP_501_1500,CREATED,idem-20260902-apk-0909
910,MTR-APK-0910,Personal,Personal,Life Operations,Healthcare,Expense,2026-04-19,04:42:03,2026-04-19 04:42:03,9420.7,INR,-9420.7,APK Owner,,,MAESTRO-APK-PERSONAL-LIFE_OPERATIONS-0910 | Healthcare | 9420.70,Android,B19,RAMP_501_1500,CREATED,idem-20260902-apk-0910
911,MTR-APK-0911,Group,Shared Experience,Wedding,Other,Expense,2026-04-19,05:40:40,2026-04-19 05:40:40,9045.15,INR,-9045.15,APK Owner,3,SHARES,MAESTRO-APK-GROUP-WEDDING-0911 | Other | 9045.15,Android,B19,RAMP_501_1500,CREATED,idem-20260902-apk-0911
912,MTR-APK-0912,Business,Business,Business Runway,Burn,Expense,2026-03-25,01:35:08,2026-03-25 01:35:08,172636.6,INR,-172636.6,APK Owner,,,MAESTRO-APK-BUSINESS-BUSINESS_RUNWAY-0912 | Burn | 172636.60,Android,B19,RAMP_501_1500,CREATED,idem-20260902-apk-0912
913,MTR-APK-0913,Personal,Personal,Life Operations,Subscriptions,Expense,2025-12-01,10:56:38,2025-12-01 10:56:38,5085.18,INR,-5085.18,APK Owner,,,MAESTRO-APK-PERSONAL-LIFE_OPERATIONS-0913 | Subscriptions | 5085.18,Android,B19,RAMP_501_1500,CREATED,idem-20260902-apk-0913
914,MTR-APK-0914,Group,Shared Experience,Office Outing,Food,Expense,2026-02-14,16:31:06,2026-02-14 16:31:06,20853.69,INR,-20853.69,APK Aarav,3,EQUAL,MAESTRO-APK-GROUP-OFFICE_OUTING-0914 | Food | 20853.69,Android,B19,RAMP_501_1500,CREATED,idem-20260902-apk-0914
915,MTR-APK-0915,Business,Business,Business Runway,Reserve,Transfer,2026-08-12,10:26:30,2026-08-12 10:26:30,75066.95,INR,0.0,APK Owner,,,MAESTRO-APK-BUSINESS-BUSINESS_RUNWAY-0915 | Reserve | 75066.95,Android,B19,RAMP_501_1500,CREATED,idem-20260902-apk-0915
916,MTR-APK-0916,Personal,Personal,Life Operations,Repairs,Expense,2025-12-20,18:32:46,2025-12-20 18:32:46,16588.78,INR,-16588.78,APK Owner,,,MAESTRO-APK-PERSONAL-LIFE_OPERATIONS-0916 | Repairs | 16588.78,Android,B19,RAMP_501_1500,CREATED,idem-20260902-apk-0916
917,MTR-APK-0917,Group,Shared Experience,Office Outing,Travel,Expense,2026-08-16,19:12:31,2026-08-16 19:12:31,7340.37,INR,-7340.37,APK Meera,3,PERCENTAGE,MAESTRO-APK-GROUP-OFFICE_OUTING-0917 | Travel | 7340.37,Android,B19,RAMP_501_1500,CREATED,idem-20260902-apk-0917
918,MTR-APK-0918,Business,Business,Business Runway,Loan,Income,2026-04-28,12:47:16,2026-04-28 12:47:16,122465.09,INR,122465.09,APK Owner,,,MAESTRO-APK-BUSINESS-BUSINESS_RUNWAY-0918 | Loan | 122465.09,Android,B19,RAMP_501_1500,CREATED,idem-20260902-apk-0918
919,MTR-APK-0919,Personal,Personal,Future Building,Savings,Transfer,2026-06-09,04:13:47,2026-06-09 04:13:47,13346.35,INR,0.0,APK Owner,,,MAESTRO-APK-PERSONAL-FUTURE_BUILDING-0919 | Savings | 13346.35,Android,B19,RAMP_501_1500,CREATED,idem-20260902-apk-0919
920,MTR-APK-0920,Group,Shared Experience,Office Outing,Activities,Expense,2026-02-07,04:01:36,2026-02-07 04:01:36,27512.89,INR,-27512.89,APK Owner,3,EXACT,MAESTRO-APK-GROUP-OFFICE_OUTING-0920 | Activities | 27512.89,Android,B19,RAMP_501_1500,CREATED,idem-20260902-apk-0920
921,MTR-APK-0921,Business,Business,Business Runway,Investment,Income,2025-10-24,12:59:11,2025-10-24 12:59:11,65960.54,INR,65960.54,APK Owner,,,MAESTRO-APK-BUSINESS-BUSINESS_RUNWAY-0921 | Investment | 65960.54,Android,B19,RAMP_501_1500,CREATED,idem-20260902-apk-0921
922,MTR-APK-0922,Personal,Personal,Future Building,Emergency Fund,Transfer,2026-02-13,08:07:02,2026-02-13 08:07:02,1449.71,INR,0.0,APK Owner,,,MAESTRO-APK-PERSONAL-FUTURE_BUILDING-0922 | Emergency Fund | 1449.71,Android,B19,RAMP_501_1500,CREATED,idem-20260902-apk-0922
923,MTR-APK-0923,Group,Shared Experience,Office Outing,Venue,Expense,2026-03-08,17:46:08,2026-03-08 17:46:08,29965.75,INR,-29965.75,APK Aarav,3,SHARES,MAESTRO-APK-GROUP-OFFICE_OUTING-0923 | Venue | 29965.75,Android,B19,RAMP_501_1500,CREATED,idem-20260902-apk-0923
924,MTR-APK-0924,Business,Business,Business Operations,Software,Expense,2026-08-06,05:37:50,2026-08-06 05:37:50,8266.51,INR,-8266.51,APK Owner,,,MAESTRO-APK-BUSINESS-BUSINESS_OPERATIONS-0924 | Software | 8266.51,Android,B19,RAMP_501_1500,CREATED,idem-20260902-apk-0924
925,MTR-APK-0925,Personal,Personal,Future Building,Investments,Investment,2026-01-12,23:45:13,2026-01-12 23:45:13,1.0,INR,0.0,APK Owner,,,MAESTRO-APK-PERSONAL-FUTURE_BUILDING-0925 | Investments | 1.00,Android,B19,RAMP_501_1500,CREATED,idem-20260902-apk-0925
926,MTR-APK-0926,Group,Shared Experience,Office Outing,Other,Expense,2026-07-03,04:57:45,2026-07-03 04:57:45,27764.23,INR,-27764.23,APK Meera,3,EQUAL,MAESTRO-APK-GROUP-OFFICE_OUTING-0926 | Other | 27764.23,Android,B19,RAMP_501_1500,CREATED,idem-20260902-apk-0926
927,MTR-APK-0927,Business,Business,Business Operations,Rent,Expense,2026-04-01,20:55:40,2026-04-01 20:55:40,127058.0,INR,-127058.0,APK Owner,,,MAESTRO-APK-BUSINESS-BUSINESS_OPERATIONS-0927 | Rent | 127058.00,Android,B19,RAMP_501_1500,CREATED,idem-20260902-apk-0927
928,MTR-APK-0928,Personal,Personal,Future Building,Education,Expense,2026-06-13,22:13:35,2026-06-13 22:13:35,15718.46,INR,-15718.46,APK Owner,,,MAESTRO-APK-PERSONAL-FUTURE_BUILDING-0928 | Education | 15718.46,Android,B19,RAMP_501_1500,CREATED,idem-20260902-apk-0928
929,MTR-APK-0929,Group,Shared Experience,House Party,Food,Expense,2025-10-27,18:18:38,2025-10-27 18:18:38,24577.8,INR,-24577.8,APK Owner,3,PERCENTAGE,MAESTRO-APK-GROUP-HOUSE_PARTY-0929 | Food | 24577.80,Android,B19,RAMP_501_1500,CREATED,idem-20260902-apk-0929
930,MTR-APK-0930,Business,Business,Business Operations,Marketing,Expense,2026-07-17,19:11:02,2026-07-17 19:11:02,10793.41,INR,-10793.41,APK Owner,,,MAESTRO-APK-BUSINESS-BUSINESS_OPERATIONS-0930 | Marketing | 10793.41,Android,B19,RAMP_501_1500,CREATED,idem-20260902-apk-0930
931,MTR-APK-0931,Personal,Personal,Future Building,Goal Contribution,Transfer,2025-10-01,07:37:08,2025-10-01 07:37:08,13738.27,INR,0.0,APK Owner,,,MAESTRO-APK-PERSONAL-FUTURE_BUILDING-0931 | Goal Contribution | 13738.27,Android,B19,RAMP_501_1500,CREATED,idem-20260902-apk-0931
932,MTR-APK-0932,Group,Shared Experience,House Party,Drinks,Expense,2026-04-12,05:50:02,2026-04-12 05:50:02,14338.49,INR,-14338.49,APK Aarav,3,EXACT,MAESTRO-APK-GROUP-HOUSE_PARTY-0932 | Drinks | 14338.49,Android,B19,RAMP_501_1500,CREATED,idem-20260902-apk-0932
933,MTR-APK-0933,Business,Business,Business Operations,Legal,Expense,2026-08-10,01:01:42,2026-08-10 01:01:42,102817.49,INR,-102817.49,APK Owner,,,MAESTRO-APK-BUSINESS-BUSINESS_OPERATIONS-0933 | Legal | 102817.49,Android,B19,RAMP_501_1500,CREATED,idem-20260902-apk-0933
934,MTR-APK-0934,Personal,Personal,Lifestyle,Dining,Expense,2025-09-03,21:22:57,2025-09-03 21:22:57,12677.99,INR,-12677.99,APK Owner,,,MAESTRO-APK-PERSONAL-LIFESTYLE-0934 | Dining | 12677.99,Android,B19,RAMP_501_1500,CREATED,idem-20260902-apk-0934
935,MTR-APK-0935,Group,Shared Experience,House Party,Decor,Expense,2026-01-15,16:13:09,2026-01-15 16:13:09,29343.18,INR,-29343.18,APK Meera,3,SHARES,MAESTRO-APK-GROUP-HOUSE_PARTY-0935 | Decor | 29343.18,Android,B19,RAMP_501_1500,CREATED,idem-20260902-apk-0935
936,MTR-APK-0936,Business,Business,Business Operations,Accounting,Expense,2025-12-27,08:52:19,2025-12-27 08:52:19,159256.14,INR,-159256.14,APK Owner,,,MAESTRO-APK-BUSINESS-BUSINESS_OPERATIONS-0936 | Accounting | 159256.14,Android,B19,RAMP_501_1500,CREATED,idem-20260902-apk-0936
937,MTR-APK-0937,Personal,Personal,Lifestyle,Shopping,Expense,2026-04-08,14:59:53,2026-04-08 14:59:53,12821.41,INR,-12821.41,APK Owner,,,MAESTRO-APK-PERSONAL-LIFESTYLE-0937 | Shopping | 12821.41,Android,B19,RAMP_501_1500,CREATED,idem-20260902-apk-0937
938,MTR-APK-0938,Group,Shared Experience,House Party,Supplies,Expense,2026-06-04,19:27:19,2026-06-04 19:27:19,25071.64,INR,-25071.64,APK Owner,3,EQUAL,MAESTRO-APK-GROUP-HOUSE_PARTY-0938 | Supplies | 25071.64,Android,B19,RAMP_501_1500,CREATED,idem-20260902-apk-0938
939,MTR-APK-0939,Business,Business,Business Operations,Equipment,Expense,2026-03-31,19:22:50,2026-03-31 19:22:50,38467.24,INR,-38467.24,APK Owner,,,MAESTRO-APK-BUSINESS-BUSINESS_OPERATIONS-0939 | Equipment | 38467.24,Android,B19,RAMP_501_1500,CREATED,idem-20260902-apk-0939
940,MTR-APK-0940,Personal,Personal,Lifestyle,Entertainment,Expense,2025-12-13,08:18:49,2025-12-13 08:18:49,6110.46,INR,-6110.46,APK Owner,,,MAESTRO-APK-PERSONAL-LIFESTYLE-0940 | Entertainment | 6110.46,Android,B19,RAMP_501_1500,CREATED,idem-20260902-apk-0940
941,MTR-APK-0941,Group,Shared Experience,House Party,Other,Expense,2026-08-31,01:27:11,2026-08-31 01:27:11,6025.86,INR,-6025.86,APK Aarav,3,PERCENTAGE,MAESTRO-APK-GROUP-HOUSE_PARTY-0941 | Other | 6025.86,Android,B19,RAMP_501_1500,CREATED,idem-20260902-apk-0941
942,MTR-APK-0942,Business,Business,Business Operations,Vendor,Expense,2025-10-06,18:59:16,2025-10-06 18:59:16,61584.9,INR,-61584.9,APK Owner,,,MAESTRO-APK-BUSINESS-BUSINESS_OPERATIONS-0942 | Vendor | 61584.90,Android,B19,RAMP_501_1500,CREATED,idem-20260902-apk-0942
943,MTR-APK-0943,Personal,Personal,Lifestyle,Travel,Expense,2026-04-17,15:17:00,2026-04-17 15:17:00,17486.22,INR,-17486.22,APK Owner,,,MAESTRO-APK-PERSONAL-LIFESTYLE-0943 | Travel | 17486.22,Android,B19,RAMP_501_1500,CREATED,idem-20260902-apk-0943
944,MTR-APK-0944,Group,Shared Purchase,Gift Pool,Contribution,Contribution,2026-05-26,21:02:05,2026-05-26 21:02:05,22697.94,INR,22697.94,APK Meera,3,EXACT,MAESTRO-APK-GROUP-GIFT_POOL-0944 | Contribution | 22697.94,Android,B19,RAMP_501_1500,CREATED,idem-20260902-apk-0944
945,MTR-APK-0945,Business,Business,Business Operations,Tax,Expense,2026-04-29,01:25:32,2026-04-29 01:25:32,49752.17,INR,-49752.17,APK Owner,,,MAESTRO-APK-BUSINESS-BUSINESS_OPERATIONS-0945 | Tax | 49752.17,Android,B19,RAMP_501_1500,CREATED,idem-20260902-apk-0945
946,MTR-APK-0946,Personal,Personal,Lifestyle,Fitness,Expense,2026-02-27,06:41:54,2026-02-27 06:41:54,8520.57,INR,-8520.57,APK Owner,,,MAESTRO-APK-PERSONAL-LIFESTYLE-0946 | Fitness | 8520.57,Android,B19,RAMP_501_1500,CREATED,idem-20260902-apk-0946
947,MTR-APK-0947,Group,Shared Purchase,Gift Pool,Gift Purchase,Expense,2025-12-22,15:30:06,2025-12-22 15:30:06,20329.41,INR,-20329.41,APK Owner,3,SHARES,MAESTRO-APK-GROUP-GIFT_POOL-0947 | Gift Purchase | 20329.41,Android,B19,RAMP_501_1500,CREATED,idem-20260902-apk-0947
948,MTR-APK-0948,Business,Business,Team Operations,Payroll,Expense,2025-09-04,21:44:20,2025-09-04 21:44:20,103489.12,INR,-103489.12,APK Owner,,,MAESTRO-APK-BUSINESS-TEAM_OPERATIONS-0948 | Payroll | 103489.12,Android,B19,RAMP_501_1500,CREATED,idem-20260902-apk-0948
949,MTR-APK-0949,Personal,Personal,Lifestyle,Hobbies,Expense,2026-04-21,13:39:54,2026-04-21 13:39:54,1361.67,INR,-1361.67,APK Owner,,,MAESTRO-APK-PERSONAL-LIFESTYLE-0949 | Hobbies | 1361.67,Android,B19,RAMP_501_1500,CREATED,idem-20260902-apk-0949
950,MTR-APK-0950,Group,Shared Purchase,Gift Pool,Delivery,Expense,2026-07-25,00:29:49,2026-07-25 00:29:49,1722.6,INR,-1722.6,APK Aarav,3,EQUAL,MAESTRO-APK-GROUP-GIFT_POOL-0950 | Delivery | 1722.60,Android,B19,RAMP_501_1500,CREATED,idem-20260902-apk-0950
951,MTR-APK-0951,Business,Business,Team Operations,Contractor,Expense,2026-05-09,12:56:12,2026-05-09 12:56:12,64886.9,INR,-64886.9,APK Owner,,,MAESTRO-APK-BUSINESS-TEAM_OPERATIONS-0951 | Contractor | 64886.90,Android,B20,RAMP_501_1500,CREATED,idem-20260902-apk-0951
952,MTR-APK-0952,Personal,Personal,Relationships,Gifts,Expense,2026-09-01,06:15:26,2026-09-01 06:15:26,15581.83,INR,-15581.83,APK Owner,,,MAESTRO-APK-PERSONAL-RELATIONSHIPS-0952 | Gifts | 15581.83,Android,B20,RAMP_501_1500,CREATED,idem-20260902-apk-0952
953,MTR-APK-0953,Group,Shared Purchase,Gift Pool,Other,Expense,2026-07-11,06:52:06,2026-07-11 06:52:06,8426.21,INR,-8426.21,APK Meera,3,PERCENTAGE,MAESTRO-APK-GROUP-GIFT_POOL-0953 | Other | 8426.21,Android,B20,RAMP_501_1500,CREATED,idem-20260902-apk-0953
954,MTR-APK-0954,Business,Business,Team Operations,Hiring,Expense,2026-04-10,07:46:28,2026-04-10 07:46:28,101615.14,INR,-101615.14,APK Owner,,,MAESTRO-APK-BUSINESS-TEAM_OPERATIONS-0954 | Hiring | 101615.14,Android,B20,RAMP_501_1500,CREATED,idem-20260902-apk-0954
955,MTR-APK-0955,Personal,Personal,Relationships,Dates,Expense,2026-08-01,17:33:26,2026-08-01 17:33:26,6873.38,INR,-6873.38,APK Owner,,,MAESTRO-APK-PERSONAL-RELATIONSHIPS-0955 | Dates | 6873.38,Android,B20,RAMP_501_1500,CREATED,idem-20260902-apk-0955
956,MTR-APK-0956,Group,Shared Purchase,Purchase,Item,Expense,2026-08-19,12:53:24,2026-08-19 12:53:24,13476.29,INR,-13476.29,APK Owner,3,EXACT,MAESTRO-APK-GROUP-PURCHASE-0956 | Item | 13476.29,Android,B20,RAMP_501_1500,CREATED,idem-20260902-apk-0956
957,MTR-APK-0957,Business,Business,Team Operations,Team Meal,Expense,2025-11-04,12:00:36,2025-11-04 12:00:36,14021.4,INR,-14021.4,APK Owner,,,MAESTRO-APK-BUSINESS-TEAM_OPERATIONS-0957 | Team Meal | 14021.40,Android,B20,RAMP_501_1500,CREATED,idem-20260902-apk-0957
958,MTR-APK-0958,Personal,Personal,Relationships,Family,Expense,2026-03-22,00:49:07,2026-03-22 00:49:07,2727.07,INR,-2727.07,APK Owner,,,MAESTRO-APK-PERSONAL-RELATIONSHIPS-0958 | Family | 2727.07,Android,B20,RAMP_501_1500,CREATED,idem-20260902-apk-0958
959,MTR-APK-0959,Group,Shared Purchase,Purchase,Shipping,Expense,2026-06-10,15:20:36,2026-06-10 15:20:36,11801.72,INR,-11801.72,APK Aarav,3,SHARES,MAESTRO-APK-GROUP-PURCHASE-0959 | Shipping | 11801.72,Android,B20,RAMP_501_1500,CREATED,idem-20260902-apk-0959
960,MTR-APK-0960,Business,Business,Team Operations,Travel,Expense,2025-11-29,08:02:39,2025-11-29 08:02:39,19529.39,INR,-19529.39,APK Owner,,,MAESTRO-APK-BUSINESS-TEAM_OPERATIONS-0960 | Travel | 19529.39,Android,B20,RAMP_501_1500,CREATED,idem-20260902-apk-0960
961,MTR-APK-0961,Personal,Personal,Relationships,Friends,Expense,2026-06-28,03:03:10,2026-06-28 03:03:10,8564.82,INR,-8564.82,APK Owner,,,MAESTRO-APK-PERSONAL-RELATIONSHIPS-0961 | Friends | 8564.82,Android,B20,RAMP_501_1500,CREATED,idem-20260902-apk-0961
962,MTR-APK-0962,Group,Shared Purchase,Purchase,Tax,Expense,2026-07-18,04:46:47,2026-07-18 04:46:47,99.99,INR,-99.99,APK Meera,3,EQUAL,MAESTRO-APK-GROUP-PURCHASE-0962 | Tax | 99.99,Android,B20,RAMP_501_1500,CREATED,idem-20260902-apk-0962
963,MTR-APK-0963,Business,Business,Team Operations,Training,Expense,2026-04-06,17:10:04,2026-04-06 17:10:04,136640.68,INR,-136640.68,APK Owner,,,MAESTRO-APK-BUSINESS-TEAM_OPERATIONS-0963 | Training | 136640.68,Android,B20,RAMP_501_1500,CREATED,idem-20260902-apk-0963
964,MTR-APK-0964,Personal,Personal,Relationships,Celebrations,Expense,2026-03-16,05:18:22,2026-03-16 05:18:22,9918.77,INR,-9918.77,APK Owner,,,MAESTRO-APK-PERSONAL-RELATIONSHIPS-0964 | Celebrations | 9918.77,Android,B20,RAMP_501_1500,CREATED,idem-20260902-apk-0964
965,MTR-APK-0965,Group,Shared Purchase,Purchase,Other,Expense,2026-02-01,02:33:59,2026-02-01 02:33:59,16528.26,INR,-16528.26,APK Owner,3,PERCENTAGE,MAESTRO-APK-GROUP-PURCHASE-0965 | Other | 16528.26,Android,B20,RAMP_501_1500,CREATED,idem-20260902-apk-0965
966,MTR-APK-0966,Business,Business,Team Operations,Tools,Expense,2026-07-25,19:22:00,2026-07-25 19:22:00,120070.32,INR,-120070.32,APK Owner,,,MAESTRO-APK-BUSINESS-TEAM_OPERATIONS-0966 | Tools | 120070.32,Android,B20,RAMP_501_1500,CREATED,idem-20260902-apk-0966
967,MTR-APK-0967,Personal,Personal,Life Operations,Groceries,Expense,2026-05-26,06:40:30,2026-05-26 06:40:30,6351.2,INR,-6351.2,APK Owner,,,MAESTRO-APK-PERSONAL-LIFE_OPERATIONS-0967 | Groceries | 6351.20,Android,B20,RAMP_501_1500,CREATED,idem-20260902-apk-0967
968,MTR-APK-0968,Group,Shared Purchase,Assets,Purchase,Expense,2026-07-27,08:39:40,2026-07-27 08:39:40,20413.31,INR,-20413.31,APK Aarav,3,EXACT,MAESTRO-APK-GROUP-ASSETS-0968 | Purchase | 20413.31,Android,B20,RAMP_501_1500,CREATED,idem-20260902-apk-0968
969,MTR-APK-0969,Business,Business,Business Runway,Funding,Income,2025-10-24,23:46:10,2025-10-24 23:46:10,67739.49,INR,67739.49,APK Owner,,,MAESTRO-APK-BUSINESS-BUSINESS_RUNWAY-0969 | Funding | 67739.49,Android,B20,RAMP_501_1500,CREATED,idem-20260902-apk-0969
970,MTR-APK-0970,Personal,Personal,Life Operations,Rent,Expense,2025-10-18,10:57:26,2025-10-18 10:57:26,8054.23,INR,-8054.23,APK Owner,,,MAESTRO-APK-PERSONAL-LIFE_OPERATIONS-0970 | Rent | 8054.23,Android,B20,RAMP_501_1500,CREATED,idem-20260902-apk-0970
971,MTR-APK-0971,Group,Shared Purchase,Assets,Maintenance,Expense,2026-07-27,02:30:46,2026-07-27 02:30:46,13352.51,INR,-13352.51,APK Meera,3,SHARES,MAESTRO-APK-GROUP-ASSETS-0971 | Maintenance | 13352.51,Android,B20,RAMP_501_1500,CREATED,idem-20260902-apk-0971
972,MTR-APK-0972,Business,Business,Business Runway,Revenue,Income,2025-10-28,03:22:02,2025-10-28 03:22:02,47395.91,INR,47395.91,APK Owner,,,MAESTRO-APK-BUSINESS-BUSINESS_RUNWAY-0972 | Revenue | 47395.91,Android,B20,RAMP_501_1500,CREATED,idem-20260902-apk-0972
973,MTR-APK-0973,Personal,Personal,Life Operations,Bills,Expense,2026-04-09,16:13:24,2026-04-09 16:13:24,19080.47,INR,-19080.47,APK Owner,,,MAESTRO-APK-PERSONAL-LIFE_OPERATIONS-0973 | Bills | 19080.47,Android,B20,RAMP_501_1500,CREATED,idem-20260902-apk-0973
974,MTR-APK-0974,Group,Shared Purchase,Assets,Repair,Expense,2026-08-31,20:08:43,2026-08-31 20:08:43,28181.95,INR,-28181.95,APK Owner,3,EQUAL,MAESTRO-APK-GROUP-ASSETS-0974 | Repair | 28181.95,Android,B20,RAMP_501_1500,CREATED,idem-20260902-apk-0974
975,MTR-APK-0975,Business,Business,Business Runway,Burn,Expense,2026-03-04,02:15:04,2026-03-04 02:15:04,176965.25,INR,-176965.25,APK Owner,,,MAESTRO-APK-BUSINESS-BUSINESS_RUNWAY-0975 | Burn | 176965.25,Android,B20,RAMP_501_1500,CREATED,idem-20260902-apk-0975
976,MTR-APK-0976,Personal,Personal,Life Operations,Transport,Expense,2025-11-24,23:13:19,2025-11-24 23:13:19,13174.2,INR,-13174.2,APK Owner,,,MAESTRO-APK-PERSONAL-LIFE_OPERATIONS-0976 | Transport | 13174.20,Android,B20,RAMP_501_1500,CREATED,idem-20260902-apk-0976
977,MTR-APK-0977,Group,Shared Purchase,Assets,Insurance,Expense,2026-03-26,18:36:26,2026-03-26 18:36:26,7892.29,INR,-7892.29,APK Aarav,3,PERCENTAGE,MAESTRO-APK-GROUP-ASSETS-0977 | Insurance | 7892.29,Android,B20,RAMP_501_1500,CREATED,idem-20260902-apk-0977
978,MTR-APK-0978,Business,Business,Business Runway,Reserve,Transfer,2025-12-26,06:55:45,2025-12-26 06:55:45,4478.06,INR,0.0,APK Owner,,,MAESTRO-APK-BUSINESS-BUSINESS_RUNWAY-0978 | Reserve | 4478.06,Android,B20,RAMP_501_1500,CREATED,idem-20260902-apk-0978
979,MTR-APK-0979,Personal,Personal,Life Operations,Healthcare,Expense,2025-10-23,12:20:36,2025-10-23 12:20:36,8669.38,INR,-8669.38,APK Owner,,,MAESTRO-APK-PERSONAL-LIFE_OPERATIONS-0979 | Healthcare | 8669.38,Android,B20,RAMP_501_1500,CREATED,idem-20260902-apk-0979
980,MTR-APK-0980,Group,Shared Purchase,Assets,Other,Expense,2026-01-12,21:44:17,2026-01-12 21:44:17,1600.27,INR,-1600.27,APK Meera,3,EXACT,MAESTRO-APK-GROUP-ASSETS-0980 | Other | 1600.27,Android,B20,RAMP_501_1500,CREATED,idem-20260902-apk-0980
981,MTR-APK-0981,Business,Business,Business Runway,Loan,Income,2026-08-22,19:34:00,2026-08-22 19:34:00,33229.46,INR,33229.46,APK Owner,,,MAESTRO-APK-BUSINESS-BUSINESS_RUNWAY-0981 | Loan | 33229.46,Android,B20,RAMP_501_1500,CREATED,idem-20260902-apk-0981
982,MTR-APK-0982,Personal,Personal,Life Operations,Subscriptions,Expense,2026-03-14,11:29:35,2026-03-14 11:29:35,4875.37,INR,-4875.37,APK Owner,,,MAESTRO-APK-PERSONAL-LIFE_OPERATIONS-0982 | Subscriptions | 4875.37,Android,B20,RAMP_501_1500,CREATED,idem-20260902-apk-0982
983,MTR-APK-0983,Group,Shared Purchase,Custom Purchase,Custom Expense,Expense,2026-01-02,20:20:59,2026-01-02 20:20:59,22650.19,INR,-22650.19,APK Owner,3,SHARES,MAESTRO-APK-GROUP-CUSTOM_PURCHASE-0983 | Custom Expense | 22650.19,Android,B20,RAMP_501_1500,CREATED,idem-20260902-apk-0983
984,MTR-APK-0984,Business,Business,Business Runway,Investment,Income,2026-01-09,02:08:03,2026-01-09 02:08:03,169582.93,INR,169582.93,APK Owner,,,MAESTRO-APK-BUSINESS-BUSINESS_RUNWAY-0984 | Investment | 169582.93,Android,B20,RAMP_501_1500,CREATED,idem-20260902-apk-0984
985,MTR-APK-0985,Personal,Personal,Life Operations,Repairs,Expense,2026-05-31,06:42:36,2026-05-31 06:42:36,3638.35,INR,-3638.35,APK Owner,,,MAESTRO-APK-PERSONAL-LIFE_OPERATIONS-0985 | Repairs | 3638.35,Android,B20,RAMP_501_1500,CREATED,idem-20260902-apk-0985
986,MTR-APK-0986,Group,Shared Purchase,Custom Purchase,Custom Contribution,Contribution,2026-03-25,11:00:19,2026-03-25 11:00:19,25720.44,INR,25720.44,APK Aarav,3,EQUAL,MAESTRO-APK-GROUP-CUSTOM_PURCHASE-0986 | Custom Contribution | 25720.44,Android,B20,RAMP_501_1500,CREATED,idem-20260902-apk-0986
987,MTR-APK-0987,Business,Business,Business Operations,Software,Expense,2026-07-31,14:48:20,2026-07-31 14:48:20,68312.17,INR,-68312.17,APK Owner,,,MAESTRO-APK-BUSINESS-BUSINESS_OPERATIONS-0987 | Software | 68312.17,Android,B20,RAMP_501_1500,CREATED,idem-20260902-apk-0987
988,MTR-APK-0988,Personal,Personal,Future Building,Savings,Transfer,2025-10-16,16:06:06,2025-10-16 16:06:06,19493.2,INR,0.0,APK Owner,,,MAESTRO-APK-PERSONAL-FUTURE_BUILDING-0988 | Savings | 19493.20,Android,B20,RAMP_501_1500,CREATED,idem-20260902-apk-0988
989,MTR-APK-0989,Group,Shared Living,Flatmates,Rent,Expense,2026-04-27,00:30:05,2026-04-27 00:30:05,13872.33,INR,-13872.33,APK Meera,3,PERCENTAGE,MAESTRO-APK-GROUP-FLATMATES-0989 | Rent | 13872.33,Android,B20,RAMP_501_1500,CREATED,idem-20260902-apk-0989
990,MTR-APK-0990,Business,Business,Business Operations,Rent,Expense,2026-05-03,03:13:14,2026-05-03 03:13:14,128033.15,INR,-128033.15,APK Owner,,,MAESTRO-APK-BUSINESS-BUSINESS_OPERATIONS-0990 | Rent | 128033.15,Android,B20,RAMP_501_1500,CREATED,idem-20260902-apk-0990
991,MTR-APK-0991,Personal,Personal,Future Building,Emergency Fund,Transfer,2025-11-04,16:30:26,2025-11-04 16:30:26,809.93,INR,0.0,APK Owner,,,MAESTRO-APK-PERSONAL-FUTURE_BUILDING-0991 | Emergency Fund | 809.93,Android,B20,RAMP_501_1500,CREATED,idem-20260902-apk-0991
992,MTR-APK-0992,Group,Shared Living,Flatmates,Utilities,Expense,2026-03-19,21:31:17,2026-03-19 21:31:17,8081.93,INR,-8081.93,APK Owner,3,EXACT,MAESTRO-APK-GROUP-FLATMATES-0992 | Utilities | 8081.93,Android,B20,RAMP_501_1500,CREATED,idem-20260902-apk-0992
993,MTR-APK-0993,Business,Business,Business Operations,Marketing,Expense,2026-07-31,17:27:15,2026-07-31 17:27:15,89500.53,INR,-89500.53,APK Owner,,,MAESTRO-APK-BUSINESS-BUSINESS_OPERATIONS-0993 | Marketing | 89500.53,Android,B20,RAMP_501_1500,CREATED,idem-20260902-apk-0993
994,MTR-APK-0994,Personal,Personal,Future Building,Investments,Investment,2026-02-23,20:23:26,2026-02-23 20:23:26,17385.7,INR,0.0,APK Owner,,,MAESTRO-APK-PERSONAL-FUTURE_BUILDING-0994 | Investments | 17385.70,Android,B20,RAMP_501_1500,CREATED,idem-20260902-apk-0994
995,MTR-APK-0995,Group,Shared Living,Flatmates,Groceries,Expense,2026-04-28,10:38:26,2026-04-28 10:38:26,18771.0,INR,-18771.0,APK Aarav,3,SHARES,MAESTRO-APK-GROUP-FLATMATES-0995 | Groceries | 18771.00,Android,B20,RAMP_501_1500,CREATED,idem-20260902-apk-0995
996,MTR-APK-0996,Business,Business,Business Operations,Legal,Expense,2026-03-19,17:56:54,2026-03-19 17:56:54,87732.12,INR,-87732.12,APK Owner,,,MAESTRO-APK-BUSINESS-BUSINESS_OPERATIONS-0996 | Legal | 87732.12,Android,B20,RAMP_501_1500,CREATED,idem-20260902-apk-0996
997,MTR-APK-0997,Personal,Personal,Future Building,Education,Expense,2025-11-03,19:16:08,2025-11-03 19:16:08,7619.15,INR,-7619.15,APK Owner,,,MAESTRO-APK-PERSONAL-FUTURE_BUILDING-0997 | Education | 7619.15,Android,B20,RAMP_501_1500,CREATED,idem-20260902-apk-0997
998,MTR-APK-0998,Group,Shared Living,Flatmates,Internet,Expense,2026-08-21,07:30:23,2026-08-21 07:30:23,1292.76,INR,-1292.76,APK Meera,3,EQUAL,MAESTRO-APK-GROUP-FLATMATES-0998 | Internet | 1292.76,Android,B20,RAMP_501_1500,CREATED,idem-20260902-apk-0998
999,MTR-APK-0999,Business,Business,Business Operations,Accounting,Expense,2026-03-01,15:33:46,2026-03-01 15:33:46,100.0,INR,-100.0,APK Owner,,,MAESTRO-APK-BUSINESS-BUSINESS_OPERATIONS-0999 | Accounting | 100.00,Android,B20,RAMP_501_1500,CREATED,idem-20260902-apk-0999
1000,MTR-APK-1000,Personal,Personal,Future Building,Goal Contribution,Transfer,2026-04-09,15:11:31,2026-04-09 15:11:31,15657.97,INR,0.0,APK Owner,,,MAESTRO-APK-PERSONAL-FUTURE_BUILDING-1000 | Goal Contribution | 15657.97,Android,B20,RAMP_501_1500,CREATED,idem-20260902-apk-1000
1001,MTR-APK-1001,Group,Shared Living,Flatmates,House Supplies,Expense,2026-04-26,21:41:34,2026-04-26 21:41:34,5101.98,INR,-5101.98,APK Owner,3,PERCENTAGE,MAESTRO-APK-GROUP-FLATMATES-1001 | House Supplies | 5101.98,Android,B21,RAMP_501_1500,CREATED,idem-20260902-apk-1001
1002,MTR-APK-1002,Business,Business,Business Operations,Equipment,Expense,2026-02-21,23:25:24,2026-02-21 23:25:24,46474.27,INR,-46474.27,APK Owner,,,MAESTRO-APK-BUSINESS-BUSINESS_OPERATIONS-1002 | Equipment | 46474.27,Android,B21,RAMP_501_1500,CREATED,idem-20260902-apk-1002
1003,MTR-APK-1003,Personal,Personal,Lifestyle,Dining,Expense,2026-01-28,18:22:04,2026-01-28 18:22:04,10443.74,INR,-10443.74,APK Owner,,,MAESTRO-APK-PERSONAL-LIFESTYLE-1003 | Dining | 10443.74,Android,B21,RAMP_501_1500,CREATED,idem-20260902-apk-1003
1004,MTR-APK-1004,Group,Shared Living,Flatmates,Repairs,Expense,2025-10-06,14:59:59,2025-10-06 14:59:59,23248.3,INR,-23248.3,APK Aarav,3,EXACT,MAESTRO-APK-GROUP-FLATMATES-1004 | Repairs | 23248.30,Android,B21,RAMP_501_1500,CREATED,idem-20260902-apk-1004
1005,MTR-APK-1005,Business,Business,Business Operations,Vendor,Expense,2025-09-09,14:04:22,2025-09-09 14:04:22,151590.4,INR,-151590.4,APK Owner,,,MAESTRO-APK-BUSINESS-BUSINESS_OPERATIONS-1005 | Vendor | 151590.40,Android,B21,RAMP_501_1500,CREATED,idem-20260902-apk-1005
1006,MTR-APK-1006,Personal,Personal,Lifestyle,Shopping,Expense,2026-01-24,02:26:18,2026-01-24 02:26:18,12203.67,INR,-12203.67,APK Owner,,,MAESTRO-APK-PERSONAL-LIFESTYLE-1006 | Shopping | 12203.67,Android,B21,RAMP_501_1500,CREATED,idem-20260902-apk-1006
1007,MTR-APK-1007,Group,Shared Living,Shared Living,Rent,Expense,2026-08-15,08:30:03,2026-08-15 08:30:03,26172.12,INR,-26172.12,APK Meera,3,SHARES,MAESTRO-APK-GROUP-SHARED_LIVING-1007 | Rent | 26172.12,Android,B21,RAMP_501_1500,CREATED,idem-20260902-apk-1007
1008,MTR-APK-1008,Business,Business,Business Operations,Tax,Expense,2025-09-22,18:49:07,2025-09-22 18:49:07,130871.08,INR,-130871.08,APK Owner,,,MAESTRO-APK-BUSINESS-BUSINESS_OPERATIONS-1008 | Tax | 130871.08,Android,B21,RAMP_501_1500,CREATED,idem-20260902-apk-1008
1009,MTR-APK-1009,Personal,Personal,Lifestyle,Entertainment,Expense,2026-03-20,04:28:33,2026-03-20 04:28:33,14191.18,INR,-14191.18,APK Owner,,,MAESTRO-APK-PERSONAL-LIFESTYLE-1009 | Entertainment | 14191.18,Android,B21,RAMP_501_1500,CREATED,idem-20260902-apk-1009
1010,MTR-APK-1010,Group,Shared Living,Shared Living,Utilities,Expense,2026-06-02,11:03:39,2026-06-02 11:03:39,15665.8,INR,-15665.8,APK Owner,3,EQUAL,MAESTRO-APK-GROUP-SHARED_LIVING-1010 | Utilities | 15665.80,Android,B21,RAMP_501_1500,CREATED,idem-20260902-apk-1010
1011,MTR-APK-1011,Business,Business,Team Operations,Payroll,Expense,2026-06-30,14:17:14,2026-06-30 14:17:14,38523.51,INR,-38523.51,APK Owner,,,MAESTRO-APK-BUSINESS-TEAM_OPERATIONS-1011 | Payroll | 38523.51,Android,B21,RAMP_501_1500,CREATED,idem-20260902-apk-1011
1012,MTR-APK-1012,Personal,Personal,Lifestyle,Travel,Expense,2026-02-11,05:56:48,2026-02-11 05:56:48,17754.34,INR,-17754.34,APK Owner,,,MAESTRO-APK-PERSONAL-LIFESTYLE-1012 | Travel | 17754.34,Android,B21,RAMP_501_1500,CREATED,idem-20260902-apk-1012
1013,MTR-APK-1013,Group,Shared Living,Shared Living,Groceries,Expense,2025-09-20,20:02:07,2025-09-20 20:02:07,28399.56,INR,-28399.56,APK Aarav,3,PERCENTAGE,MAESTRO-APK-GROUP-SHARED_LIVING-1013 | Groceries | 28399.56,Android,B21,RAMP_501_1500,CREATED,idem-20260902-apk-1013
1014,MTR-APK-1014,Business,Business,Team Operations,Contractor,Expense,2026-06-06,22:10:49,2026-06-06 22:10:49,90710.84,INR,-90710.84,APK Owner,,,MAESTRO-APK-BUSINESS-TEAM_OPERATIONS-1014 | Contractor | 90710.84,Android,B21,RAMP_501_1500,CREATED,idem-20260902-apk-1014
1015,MTR-APK-1015,Personal,Personal,Lifestyle,Fitness,Expense,2026-04-09,12:18:35,2026-04-09 12:18:35,16536.19,INR,-16536.19,APK Owner,,,MAESTRO-APK-PERSONAL-LIFESTYLE-1015 | Fitness | 16536.19,Android,B21,RAMP_501_1500,CREATED,idem-20260902-apk-1015
1016,MTR-APK-1016,Group,Shared Living,Shared Living,Maintenance,Expense,2026-01-10,07:58:59,2026-01-10 07:58:59,17286.45,INR,-17286.45,APK Meera,3,EXACT,MAESTRO-APK-GROUP-SHARED_LIVING-1016 | Maintenance | 17286.45,Android,B21,RAMP_501_1500,CREATED,idem-20260902-apk-1016
1017,MTR-APK-1017,Business,Business,Team Operations,Hiring,Expense,2026-01-02,10:56:25,2026-01-02 10:56:25,49741.5,INR,-49741.5,APK Owner,,,MAESTRO-APK-BUSINESS-TEAM_OPERATIONS-1017 | Hiring | 49741.50,Android,B21,RAMP_501_1500,CREATED,idem-20260902-apk-1017
1018,MTR-APK-1018,Personal,Personal,Lifestyle,Hobbies,Expense,2025-09-15,20:02:06,2025-09-15 20:02:06,9928.7,INR,-9928.7,APK Owner,,,MAESTRO-APK-PERSONAL-LIFESTYLE-1018 | Hobbies | 9928.70,Android,B21,RAMP_501_1500,CREATED,idem-20260902-apk-1018
1019,MTR-APK-1019,Group,Shared Living,Shared Living,Other,Expense,2025-11-01,10:18:29,2025-11-01 10:18:29,20059.54,INR,-20059.54,APK Owner,3,SHARES,MAESTRO-APK-GROUP-SHARED_LIVING-1019 | Other | 20059.54,Android,B21,RAMP_501_1500,CREATED,idem-20260902-apk-1019
1020,MTR-APK-1020,Business,Business,Team Operations,Team Meal,Expense,2025-12-14,08:28:50,2025-12-14 08:28:50,106099.56,INR,-106099.56,APK Owner,,,MAESTRO-APK-BUSINESS-TEAM_OPERATIONS-1020 | Team Meal | 106099.56,Android,B21,RAMP_501_1500,CREATED,idem-20260902-apk-1020
1021,MTR-APK-1021,Personal,Personal,Relationships,Gifts,Expense,2025-11-18,06:02:27,2025-11-18 06:02:27,16318.2,INR,-16318.2,APK Owner,,,MAESTRO-APK-PERSONAL-RELATIONSHIPS-1021 | Gifts | 16318.20,Android,B21,RAMP_501_1500,CREATED,idem-20260902-apk-1021
1022,MTR-APK-1022,Group,Shared Living,Family Household,School,Expense,2025-10-25,11:46:48,2025-10-25 11:46:48,11777.39,INR,-11777.39,APK Aarav,3,EQUAL,MAESTRO-APK-GROUP-FAMILY_HOUSEHOLD-1022 | School | 11777.39,Android,B21,RAMP_501_1500,CREATED,idem-20260902-apk-1022
1023,MTR-APK-1023,Business,Business,Team Operations,Travel,Expense,2025-12-26,08:55:49,2025-12-26 08:55:49,116655.18,INR,-116655.18,APK Owner,,,MAESTRO-APK-BUSINESS-TEAM_OPERATIONS-1023 | Travel | 116655.18,Android,B21,RAMP_501_1500,CREATED,idem-20260902-apk-1023
1024,MTR-APK-1024,Personal,Personal,Relationships,Dates,Expense,2026-04-02,07:02:06,2026-04-02 07:02:06,7842.84,INR,-7842.84,APK Owner,,,MAESTRO-APK-PERSONAL-RELATIONSHIPS-1024 | Dates | 7842.84,Android,B21,RAMP_501_1500,CREATED,idem-20260902-apk-1024
1025,MTR-APK-1025,Group,Shared Living,Family Household,Other,Expense,2026-08-16,01:55:30,2026-08-16 01:55:30,15614.02,INR,-15614.02,APK Meera,3,PERCENTAGE,MAESTRO-APK-GROUP-FAMILY_HOUSEHOLD-1025 | Other | 15614.02,Android,B21,RAMP_501_1500,CREATED,idem-20260902-apk-1025
1026,MTR-APK-1026,Business,Business,Team Operations,Training,Expense,2026-03-24,07:29:42,2026-03-24 07:29:42,153622.72,INR,-153622.72,APK Owner,,,MAESTRO-APK-BUSINESS-TEAM_OPERATIONS-1026 | Training | 153622.72,Android,B21,RAMP_501_1500,CREATED,idem-20260902-apk-1026
1027,MTR-APK-1027,Personal,Personal,Relationships,Family,Expense,2025-12-03,16:11:14,2025-12-03 16:11:14,18135.15,INR,-18135.15,APK Owner,,,MAESTRO-APK-PERSONAL-RELATIONSHIPS-1027 | Family | 18135.15,Android,B21,RAMP_501_1500,CREATED,idem-20260902-apk-1027
1028,MTR-APK-1028,Group,Shared Living,Family Household,Rent,Expense,2026-07-26,13:10:55,2026-07-26 13:10:55,558.94,INR,-558.94,APK Owner,3,EXACT,MAESTRO-APK-GROUP-FAMILY_HOUSEHOLD-1028 | Rent | 558.94,Android,B21,RAMP_501_1500,CREATED,idem-20260902-apk-1028
1029,MTR-APK-1029,Business,Business,Team Operations,Tools,Expense,2026-04-29,08:21:22,2026-04-29 08:21:22,118501.38,INR,-118501.38,APK Owner,,,MAESTRO-APK-BUSINESS-TEAM_OPERATIONS-1029 | Tools | 118501.38,Android,B21,RAMP_501_1500,CREATED,idem-20260902-apk-1029
1030,MTR-APK-1030,Personal,Personal,Relationships,Friends,Expense,2026-02-27,07:36:38,2026-02-27 07:36:38,14268.0,INR,-14268.0,APK Owner,,,MAESTRO-APK-PERSONAL-RELATIONSHIPS-1030 | Friends | 14268.00,Android,B21,RAMP_501_1500,CREATED,idem-20260902-apk-1030
1031,MTR-APK-1031,Group,Shared Living,Family Household,Groceries,Expense,2026-03-29,19:53:48,2026-03-29 19:53:48,16249.54,INR,-16249.54,APK Aarav,3,SHARES,MAESTRO-APK-GROUP-FAMILY_HOUSEHOLD-1031 | Groceries | 16249.54,Android,B21,RAMP_501_1500,CREATED,idem-20260902-apk-1031
1032,MTR-APK-1032,Business,Business,Business Runway,Funding,Income,2026-05-03,12:02:03,2026-05-03 12:02:03,54146.06,INR,54146.06,APK Owner,,,MAESTRO-APK-BUSINESS-BUSINESS_RUNWAY-1032 | Funding | 54146.06,Android,B21,RAMP_501_1500,CREATED,idem-20260902-apk-1032
1033,MTR-APK-1033,Personal,Personal,Relationships,Celebrations,Expense,2025-11-14,07:06:47,2025-11-14 07:06:47,19752.03,INR,-19752.03,APK Owner,,,MAESTRO-APK-PERSONAL-RELATIONSHIPS-1033 | Celebrations | 19752.03,Android,B21,RAMP_501_1500,CREATED,idem-20260902-apk-1033
1034,MTR-APK-1034,Group,Shared Living,Family Household,Transport,Expense,2026-02-10,18:11:36,2026-02-10 18:11:36,818.7,INR,-818.7,APK Meera,3,EQUAL,MAESTRO-APK-GROUP-FAMILY_HOUSEHOLD-1034 | Transport | 818.70,Android,B21,RAMP_501_1500,CREATED,idem-20260902-apk-1034
1035,MTR-APK-1035,Business,Business,Business Runway,Revenue,Income,2025-12-10,04:51:24,2025-12-10 04:51:24,75548.72,INR,75548.72,APK Owner,,,MAESTRO-APK-BUSINESS-BUSINESS_RUNWAY-1035 | Revenue | 75548.72,Android,B21,RAMP_501_1500,CREATED,idem-20260902-apk-1035
1036,MTR-APK-1036,Personal,Personal,Life Operations,Groceries,Expense,2026-07-25,04:27:56,2026-07-25 04:27:56,999.99,INR,-999.99,APK Owner,,,MAESTRO-APK-PERSONAL-LIFE_OPERATIONS-1036 | Groceries | 999.99,Android,B21,RAMP_501_1500,CREATED,idem-20260902-apk-1036
1037,MTR-APK-1037,Group,Shared Living,Family Household,Bills,Expense,2025-11-04,21:30:54,2025-11-04 21:30:54,27161.15,INR,-27161.15,APK Owner,3,PERCENTAGE,MAESTRO-APK-GROUP-FAMILY_HOUSEHOLD-1037 | Bills | 27161.15,Android,B21,RAMP_501_1500,CREATED,idem-20260902-apk-1037
1038,MTR-APK-1038,Business,Business,Business Runway,Burn,Expense,2025-11-01,23:30:31,2025-11-01 23:30:31,152430.8,INR,-152430.8,APK Owner,,,MAESTRO-APK-BUSINESS-BUSINESS_RUNWAY-1038 | Burn | 152430.80,Android,B21,RAMP_501_1500,CREATED,idem-20260902-apk-1038
1039,MTR-APK-1039,Personal,Personal,Life Operations,Rent,Expense,2026-07-28,19:01:17,2026-07-28 19:01:17,8502.52,INR,-8502.52,APK Owner,,,MAESTRO-APK-PERSONAL-LIFE_OPERATIONS-1039 | Rent | 8502.52,Android,B21,RAMP_501_1500,CREATED,idem-20260902-apk-1039
1040,MTR-APK-1040,Group,Shared Living,Custom Living,Custom Expense,Expense,2026-08-09,21:31:01,2026-08-09 21:31:01,21943.69,INR,-21943.69,APK Aarav,3,EXACT,MAESTRO-APK-GROUP-CUSTOM_LIVING-1040 | Custom Expense | 21943.69,Android,B21,RAMP_501_1500,CREATED,idem-20260902-apk-1040
1041,MTR-APK-1041,Business,Business,Business Runway,Reserve,Transfer,2025-09-10,15:52:13,2025-09-10 15:52:13,68433.96,INR,0.0,APK Owner,,,MAESTRO-APK-BUSINESS-BUSINESS_RUNWAY-1041 | Reserve | 68433.96,Android,B21,RAMP_501_1500,CREATED,idem-20260902-apk-1041
1042,MTR-APK-1042,Personal,Personal,Life Operations,Bills,Expense,2026-05-16,20:47:15,2026-05-16 20:47:15,15404.3,INR,-15404.3,APK Owner,,,MAESTRO-APK-PERSONAL-LIFE_OPERATIONS-1042 | Bills | 15404.30,Android,B21,RAMP_501_1500,CREATED,idem-20260902-apk-1042
1043,MTR-APK-1043,Group,Shared Living,Custom Living,Custom Contribution,Contribution,2025-12-15,07:26:23,2025-12-15 07:26:23,15407.63,INR,15407.63,APK Meera,3,SHARES,MAESTRO-APK-GROUP-CUSTOM_LIVING-1043 | Custom Contribution | 15407.63,Android,B21,RAMP_501_1500,CREATED,idem-20260902-apk-1043
1044,MTR-APK-1044,Business,Business,Business Runway,Loan,Income,2025-12-06,09:39:09,2025-12-06 09:39:09,4804.69,INR,4804.69,APK Owner,,,MAESTRO-APK-BUSINESS-BUSINESS_RUNWAY-1044 | Loan | 4804.69,Android,B21,RAMP_501_1500,CREATED,idem-20260902-apk-1044
1045,MTR-APK-1045,Personal,Personal,Life Operations,Transport,Expense,2026-07-04,20:13:12,2026-07-04 20:13:12,4231.74,INR,-4231.74,APK Owner,,,MAESTRO-APK-PERSONAL-LIFE_OPERATIONS-1045 | Transport | 4231.74,Android,B21,RAMP_501_1500,CREATED,idem-20260902-apk-1045
1046,MTR-APK-1046,Group,Shared Experience,Trip,Travel,Expense,2026-02-07,07:29:12,2026-02-07 07:29:12,27342.79,INR,-27342.79,APK Owner,3,EQUAL,MAESTRO-APK-GROUP-TRIP-1046 | Travel | 27342.79,Android,B21,RAMP_501_1500,CREATED,idem-20260902-apk-1046
1047,MTR-APK-1047,Business,Business,Business Runway,Investment,Income,2026-04-21,09:56:03,2026-04-21 09:56:03,26230.67,INR,26230.67,APK Owner,,,MAESTRO-APK-BUSINESS-BUSINESS_RUNWAY-1047 | Investment | 26230.67,Android,B21,RAMP_501_1500,CREATED,idem-20260902-apk-1047
1048,MTR-APK-1048,Personal,Personal,Life Operations,Healthcare,Expense,2025-09-07,03:42:34,2025-09-07 03:42:34,12504.51,INR,-12504.51,APK Owner,,,MAESTRO-APK-PERSONAL-LIFE_OPERATIONS-1048 | Healthcare | 12504.51,Android,B21,RAMP_501_1500,CREATED,idem-20260902-apk-1048
1049,MTR-APK-1049,Group,Shared Experience,Trip,Stay,Expense,2026-03-13,09:42:29,2026-03-13 09:42:29,16440.48,INR,-16440.48,APK Aarav,3,PERCENTAGE,MAESTRO-APK-GROUP-TRIP-1049 | Stay | 16440.48,Android,B21,RAMP_501_1500,CREATED,idem-20260902-apk-1049
1050,MTR-APK-1050,Business,Business,Business Operations,Software,Expense,2025-10-07,22:30:24,2025-10-07 22:30:24,161985.28,INR,-161985.28,APK Owner,,,MAESTRO-APK-BUSINESS-BUSINESS_OPERATIONS-1050 | Software | 161985.28,Android,B21,RAMP_501_1500,CREATED,idem-20260902-apk-1050
1051,MTR-APK-1051,Personal,Personal,Life Operations,Subscriptions,Expense,2026-04-03,18:48:25,2026-04-03 18:48:25,19309.03,INR,-19309.03,APK Owner,,,MAESTRO-APK-PERSONAL-LIFE_OPERATIONS-1051 | Subscriptions | 19309.03,Android,B22,RAMP_501_1500,CREATED,idem-20260902-apk-1051
1052,MTR-APK-1052,Group,Shared Experience,Trip,Food,Expense,2026-06-13,14:25:53,2026-06-13 14:25:53,13794.7,INR,-13794.7,APK Meera,3,EXACT,MAESTRO-APK-GROUP-TRIP-1052 | Food | 13794.70,Android,B22,RAMP_501_1500,CREATED,idem-20260902-apk-1052
1053,MTR-APK-1053,Business,Business,Business Operations,Rent,Expense,2026-02-26,04:44:57,2026-02-26 04:44:57,19913.01,INR,-19913.01,APK Owner,,,MAESTRO-APK-BUSINESS-BUSINESS_OPERATIONS-1053 | Rent | 19913.01,Android,B22,RAMP_501_1500,CREATED,idem-20260902-apk-1053
1054,MTR-APK-1054,Personal,Personal,Life Operations,Repairs,Expense,2026-01-17,07:40:40,2026-01-17 07:40:40,3075.62,INR,-3075.62,APK Owner,,,MAESTRO-APK-PERSONAL-LIFE_OPERATIONS-1054 | Repairs | 3075.62,Android,B22,RAMP_501_1500,CREATED,idem-20260902-apk-1054
1055,MTR-APK-1055,Group,Shared Experience,Trip,Local Transport,Expense,2026-01-21,14:04:34,2026-01-21 14:04:34,18087.97,INR,-18087.97,APK Owner,3,SHARES,MAESTRO-APK-GROUP-TRIP-1055 | Local Transport | 18087.97,Android,B22,RAMP_501_1500,CREATED,idem-20260902-apk-1055
1056,MTR-APK-1056,Business,Business,Business Operations,Marketing,Expense,2026-06-09,18:57:11,2026-06-09 18:57:11,97223.44,INR,-97223.44,APK Owner,,,MAESTRO-APK-BUSINESS-BUSINESS_OPERATIONS-1056 | Marketing | 97223.44,Android,B22,RAMP_501_1500,CREATED,idem-20260902-apk-1056
1057,MTR-APK-1057,Personal,Personal,Future Building,Savings,Transfer,2025-12-24,03:43:33,2025-12-24 03:43:33,7553.56,INR,0.0,APK Owner,,,MAESTRO-APK-PERSONAL-FUTURE_BUILDING-1057 | Savings | 7553.56,Android,B22,RAMP_501_1500,CREATED,idem-20260902-apk-1057
1058,MTR-APK-1058,Group,Shared Experience,Trip,Activities,Expense,2026-04-27,18:35:16,2026-04-27 18:35:16,11400.83,INR,-11400.83,APK Aarav,3,EQUAL,MAESTRO-APK-GROUP-TRIP-1058 | Activities | 11400.83,Android,B22,RAMP_501_1500,CREATED,idem-20260902-apk-1058
1059,MTR-APK-1059,Business,Business,Business Operations,Legal,Expense,2026-05-16,14:35:25,2026-05-16 14:35:25,19392.83,INR,-19392.83,APK Owner,,,MAESTRO-APK-BUSINESS-BUSINESS_OPERATIONS-1059 | Legal | 19392.83,Android,B22,RAMP_501_1500,CREATED,idem-20260902-apk-1059
1060,MTR-APK-1060,Personal,Personal,Future Building,Emergency Fund,Transfer,2026-06-03,11:19:26,2026-06-03 11:19:26,4762.35,INR,0.0,APK Owner,,,MAESTRO-APK-PERSONAL-FUTURE_BUILDING-1060 | Emergency Fund | 4762.35,Android,B22,RAMP_501_1500,CREATED,idem-20260902-apk-1060
1061,MTR-APK-1061,Group,Shared Experience,Trip,Shopping,Expense,2026-02-25,11:09:30,2026-02-25 11:09:30,17280.87,INR,-17280.87,APK Meera,3,PERCENTAGE,MAESTRO-APK-GROUP-TRIP-1061 | Shopping | 17280.87,Android,B22,RAMP_501_1500,CREATED,idem-20260902-apk-1061
1062,MTR-APK-1062,Business,Business,Business Operations,Accounting,Expense,2026-05-27,00:41:11,2026-05-27 00:41:11,121740.15,INR,-121740.15,APK Owner,,,MAESTRO-APK-BUSINESS-BUSINESS_OPERATIONS-1062 | Accounting | 121740.15,Android,B22,RAMP_501_1500,CREATED,idem-20260902-apk-1062
1063,MTR-APK-1063,Personal,Personal,Future Building,Investments,Investment,2026-08-04,00:09:07,2026-08-04 00:09:07,17851.58,INR,0.0,APK Owner,,,MAESTRO-APK-PERSONAL-FUTURE_BUILDING-1063 | Investments | 17851.58,Android,B22,RAMP_501_1500,CREATED,idem-20260902-apk-1063
1064,MTR-APK-1064,Group,Shared Experience,Trip,Other,Expense,2026-04-30,12:54:55,2026-04-30 12:54:55,15171.27,INR,-15171.27,APK Owner,3,EXACT,MAESTRO-APK-GROUP-TRIP-1064 | Other | 15171.27,Android,B22,RAMP_501_1500,CREATED,idem-20260902-apk-1064
1065,MTR-APK-1065,Business,Business,Business Operations,Equipment,Expense,2026-07-04,03:43:57,2026-07-04 03:43:57,31604.1,INR,-31604.1,APK Owner,,,MAESTRO-APK-BUSINESS-BUSINESS_OPERATIONS-1065 | Equipment | 31604.10,Android,B22,RAMP_501_1500,CREATED,idem-20260902-apk-1065
1066,MTR-APK-1066,Personal,Personal,Future Building,Education,Expense,2026-01-20,10:44:03,2026-01-20 10:44:03,18527.07,INR,-18527.07,APK Owner,,,MAESTRO-APK-PERSONAL-FUTURE_BUILDING-1066 | Education | 18527.07,Android,B22,RAMP_501_1500,CREATED,idem-20260902-apk-1066
1067,MTR-APK-1067,Group,Shared Experience,Wedding,Venue,Expense,2025-11-11,16:58:20,2025-11-11 16:58:20,12058.21,INR,-12058.21,APK Aarav,3,SHARES,MAESTRO-APK-GROUP-WEDDING-1067 | Venue | 12058.21,Android,B22,RAMP_501_1500,CREATED,idem-20260902-apk-1067
1068,MTR-APK-1068,Business,Business,Business Operations,Vendor,Expense,2026-05-01,21:17:25,2026-05-01 21:17:25,98805.45,INR,-98805.45,APK Owner,,,MAESTRO-APK-BUSINESS-BUSINESS_OPERATIONS-1068 | Vendor | 98805.45,Android,B22,RAMP_501_1500,CREATED,idem-20260902-apk-1068
1069,MTR-APK-1069,Personal,Personal,Future Building,Goal Contribution,Transfer,2026-01-17,19:53:23,2026-01-17 19:53:23,15422.74,INR,0.0,APK Owner,,,MAESTRO-APK-PERSONAL-FUTURE_BUILDING-1069 | Goal Contribution | 15422.74,Android,B22,RAMP_501_1500,CREATED,idem-20260902-apk-1069
1070,MTR-APK-1070,Group,Shared Experience,Wedding,Catering,Expense,2026-02-23,23:18:59,2026-02-23 23:18:59,10473.38,INR,-10473.38,APK Meera,3,EQUAL,MAESTRO-APK-GROUP-WEDDING-1070 | Catering | 10473.38,Android,B22,RAMP_501_1500,CREATED,idem-20260902-apk-1070
1071,MTR-APK-1071,Business,Business,Business Operations,Tax,Expense,2026-03-22,04:12:02,2026-03-22 04:12:02,56390.3,INR,-56390.3,APK Owner,,,MAESTRO-APK-BUSINESS-BUSINESS_OPERATIONS-1071 | Tax | 56390.30,Android,B22,RAMP_501_1500,CREATED,idem-20260902-apk-1071
1072,MTR-APK-1072,Personal,Personal,Lifestyle,Dining,Expense,2025-10-25,20:55:50,2025-10-25 20:55:50,1345.81,INR,-1345.81,APK Owner,,,MAESTRO-APK-PERSONAL-LIFESTYLE-1072 | Dining | 1345.81,Android,B22,RAMP_501_1500,CREATED,idem-20260902-apk-1072
1073,MTR-APK-1073,Group,Shared Experience,Wedding,Decor,Expense,2026-05-13,08:33:10,2026-05-13 08:33:10,10000.0,INR,-10000.0,APK Owner,3,PERCENTAGE,MAESTRO-APK-GROUP-WEDDING-1073 | Decor | 10000.00,Android,B22,RAMP_501_1500,CREATED,idem-20260902-apk-1073
1074,MTR-APK-1074,Business,Business,Team Operations,Payroll,Expense,2025-10-29,21:31:59,2025-10-29 21:31:59,98311.69,INR,-98311.69,APK Owner,,,MAESTRO-APK-BUSINESS-TEAM_OPERATIONS-1074 | Payroll | 98311.69,Android,B22,RAMP_501_1500,CREATED,idem-20260902-apk-1074
1075,MTR-APK-1075,Personal,Personal,Lifestyle,Shopping,Expense,2026-02-23,02:58:08,2026-02-23 02:58:08,17787.87,INR,-17787.87,APK Owner,,,MAESTRO-APK-PERSONAL-LIFESTYLE-1075 | Shopping | 17787.87,Android,B22,RAMP_501_1500,CREATED,idem-20260902-apk-1075
1076,MTR-APK-1076,Group,Shared Experience,Wedding,Travel,Expense,2026-04-21,09:13:47,2026-04-21 09:13:47,25219.59,INR,-25219.59,APK Aarav,3,EXACT,MAESTRO-APK-GROUP-WEDDING-1076 | Travel | 25219.59,Android,B22,RAMP_501_1500,CREATED,idem-20260902-apk-1076
1077,MTR-APK-1077,Business,Business,Team Operations,Contractor,Expense,2026-06-02,22:36:36,2026-06-02 22:36:36,139473.21,INR,-139473.21,APK Owner,,,MAESTRO-APK-BUSINESS-TEAM_OPERATIONS-1077 | Contractor | 139473.21,Android,B22,RAMP_501_1500,CREATED,idem-20260902-apk-1077
1078,MTR-APK-1078,Personal,Personal,Lifestyle,Entertainment,Expense,2025-12-12,19:22:47,2025-12-12 19:22:47,9112.45,INR,-9112.45,APK Owner,,,MAESTRO-APK-PERSONAL-LIFESTYLE-1078 | Entertainment | 9112.45,Android,B22,RAMP_501_1500,CREATED,idem-20260902-apk-1078
1079,MTR-APK-1079,Group,Shared Experience,Wedding,Gifts,Expense,2026-02-02,09:29:06,2026-02-02 09:29:06,18741.51,INR,-18741.51,APK Meera,3,SHARES,MAESTRO-APK-GROUP-WEDDING-1079 | Gifts | 18741.51,Android,B22,RAMP_501_1500,CREATED,idem-20260902-apk-1079
1080,MTR-APK-1080,Business,Business,Team Operations,Hiring,Expense,2026-05-07,00:26:46,2026-05-07 00:26:46,23420.15,INR,-23420.15,APK Owner,,,MAESTRO-APK-BUSINESS-TEAM_OPERATIONS-1080 | Hiring | 23420.15,Android,B22,RAMP_501_1500,CREATED,idem-20260902-apk-1080
1081,MTR-APK-1081,Personal,Personal,Lifestyle,Travel,Expense,2025-12-27,07:45:31,2025-12-27 07:45:31,2251.45,INR,-2251.45,APK Owner,,,MAESTRO-APK-PERSONAL-LIFESTYLE-1081 | Travel | 2251.45,Android,B22,RAMP_501_1500,CREATED,idem-20260902-apk-1081
1082,MTR-APK-1082,Group,Shared Experience,Wedding,Photography,Expense,2025-12-08,01:13:22,2025-12-08 01:13:22,10859.37,INR,-10859.37,APK Owner,3,EQUAL,MAESTRO-APK-GROUP-WEDDING-1082 | Photography | 10859.37,Android,B22,RAMP_501_1500,CREATED,idem-20260902-apk-1082
1083,MTR-APK-1083,Business,Business,Team Operations,Team Meal,Expense,2026-03-01,19:01:09,2026-03-01 19:01:09,115234.98,INR,-115234.98,APK Owner,,,MAESTRO-APK-BUSINESS-TEAM_OPERATIONS-1083 | Team Meal | 115234.98,Android,B22,RAMP_501_1500,CREATED,idem-20260902-apk-1083
1084,MTR-APK-1084,Personal,Personal,Lifestyle,Fitness,Expense,2025-10-29,02:04:16,2025-10-29 02:04:16,979.3,INR,-979.3,APK Owner,,,MAESTRO-APK-PERSONAL-LIFESTYLE-1084 | Fitness | 979.30,Android,B22,RAMP_501_1500,CREATED,idem-20260902-apk-1084
1085,MTR-APK-1085,Group,Shared Experience,Wedding,Other,Expense,2026-07-05,20:07:15,2026-07-05 20:07:15,8449.74,INR,-8449.74,APK Aarav,3,PERCENTAGE,MAESTRO-APK-GROUP-WEDDING-1085 | Other | 8449.74,Android,B22,RAMP_501_1500,CREATED,idem-20260902-apk-1085
1086,MTR-APK-1086,Business,Business,Team Operations,Travel,Expense,2025-12-27,17:06:47,2025-12-27 17:06:47,52531.66,INR,-52531.66,APK Owner,,,MAESTRO-APK-BUSINESS-TEAM_OPERATIONS-1086 | Travel | 52531.66,Android,B22,RAMP_501_1500,CREATED,idem-20260902-apk-1086
1087,MTR-APK-1087,Personal,Personal,Lifestyle,Hobbies,Expense,2026-01-28,22:55:42,2026-01-28 22:55:42,14294.28,INR,-14294.28,APK Owner,,,MAESTRO-APK-PERSONAL-LIFESTYLE-1087 | Hobbies | 14294.28,Android,B22,RAMP_501_1500,CREATED,idem-20260902-apk-1087
1088,MTR-APK-1088,Group,Shared Experience,Office Outing,Food,Expense,2026-01-23,03:27:58,2026-01-23 03:27:58,7212.32,INR,-7212.32,APK Meera,3,EXACT,MAESTRO-APK-GROUP-OFFICE_OUTING-1088 | Food | 7212.32,Android,B22,RAMP_501_1500,CREATED,idem-20260902-apk-1088
1089,MTR-APK-1089,Business,Business,Team Operations,Training,Expense,2026-02-21,03:47:59,2026-02-21 03:47:59,12876.67,INR,-12876.67,APK Owner,,,MAESTRO-APK-BUSINESS-TEAM_OPERATIONS-1089 | Training | 12876.67,Android,B22,RAMP_501_1500,CREATED,idem-20260902-apk-1089
1090,MTR-APK-1090,Personal,Personal,Relationships,Gifts,Expense,2026-02-01,13:03:05,2026-02-01 13:03:05,16091.68,INR,-16091.68,APK Owner,,,MAESTRO-APK-PERSONAL-RELATIONSHIPS-1090 | Gifts | 16091.68,Android,B22,RAMP_501_1500,CREATED,idem-20260902-apk-1090
1091,MTR-APK-1091,Group,Shared Experience,Office Outing,Travel,Expense,2026-07-04,08:00:09,2026-07-04 08:00:09,29888.09,INR,-29888.09,APK Owner,3,SHARES,MAESTRO-APK-GROUP-OFFICE_OUTING-1091 | Travel | 29888.09,Android,B22,RAMP_501_1500,CREATED,idem-20260902-apk-1091
1092,MTR-APK-1092,Business,Business,Team Operations,Tools,Expense,2025-10-12,18:18:19,2025-10-12 18:18:19,114050.1,INR,-114050.1,APK Owner,,,MAESTRO-APK-BUSINESS-TEAM_OPERATIONS-1092 | Tools | 114050.10,Android,B22,RAMP_501_1500,CREATED,idem-20260902-apk-1092
1093,MTR-APK-1093,Personal,Personal,Relationships,Dates,Expense,2025-12-11,22:31:04,2025-12-11 22:31:04,10801.96,INR,-10801.96,APK Owner,,,MAESTRO-APK-PERSONAL-RELATIONSHIPS-1093 | Dates | 10801.96,Android,B22,RAMP_501_1500,CREATED,idem-20260902-apk-1093
1094,MTR-APK-1094,Group,Shared Experience,Office Outing,Activities,Expense,2026-01-04,19:14:07,2026-01-04 19:14:07,8910.64,INR,-8910.64,APK Aarav,3,EQUAL,MAESTRO-APK-GROUP-OFFICE_OUTING-1094 | Activities | 8910.64,Android,B22,RAMP_501_1500,CREATED,idem-20260902-apk-1094
1095,MTR-APK-1095,Business,Business,Business Runway,Funding,Income,2026-04-03,11:21:49,2026-04-03 11:21:49,137514.71,INR,137514.71,APK Owner,,,MAESTRO-APK-BUSINESS-BUSINESS_RUNWAY-1095 | Funding | 137514.71,Android,B22,RAMP_501_1500,CREATED,idem-20260902-apk-1095
1096,MTR-APK-1096,Personal,Personal,Relationships,Family,Expense,2026-01-30,12:39:40,2026-01-30 12:39:40,16868.83,INR,-16868.83,APK Owner,,,MAESTRO-APK-PERSONAL-RELATIONSHIPS-1096 | Family | 16868.83,Android,B22,RAMP_501_1500,CREATED,idem-20260902-apk-1096
1097,MTR-APK-1097,Group,Shared Experience,Office Outing,Venue,Expense,2026-02-10,04:46:05,2026-02-10 04:46:05,21380.56,INR,-21380.56,APK Meera,3,PERCENTAGE,MAESTRO-APK-GROUP-OFFICE_OUTING-1097 | Venue | 21380.56,Android,B22,RAMP_501_1500,CREATED,idem-20260902-apk-1097
1098,MTR-APK-1098,Business,Business,Business Runway,Revenue,Income,2026-01-15,21:56:43,2026-01-15 21:56:43,134877.98,INR,134877.98,APK Owner,,,MAESTRO-APK-BUSINESS-BUSINESS_RUNWAY-1098 | Revenue | 134877.98,Android,B22,RAMP_501_1500,CREATED,idem-20260902-apk-1098
1099,MTR-APK-1099,Personal,Personal,Relationships,Friends,Expense,2026-02-09,00:00:10,2026-02-09 00:00:10,19399.47,INR,-19399.47,APK Owner,,,MAESTRO-APK-PERSONAL-RELATIONSHIPS-1099 | Friends | 19399.47,Android,B22,RAMP_501_1500,CREATED,idem-20260902-apk-1099
1100,MTR-APK-1100,Group,Shared Experience,Office Outing,Other,Expense,2026-02-10,19:45:13,2026-02-10 19:45:13,26999.85,INR,-26999.85,APK Owner,3,EXACT,MAESTRO-APK-GROUP-OFFICE_OUTING-1100 | Other | 26999.85,Android,B22,RAMP_501_1500,CREATED,idem-20260902-apk-1100
1101,MTR-APK-1101,Business,Business,Business Runway,Burn,Expense,2026-05-15,06:41:53,2026-05-15 06:41:53,30643.83,INR,-30643.83,APK Owner,,,MAESTRO-APK-BUSINESS-BUSINESS_RUNWAY-1101 | Burn | 30643.83,Android,B23,RAMP_501_1500,CREATED,idem-20260902-apk-1101
1102,MTR-APK-1102,Personal,Personal,Relationships,Celebrations,Expense,2026-06-23,12:19:12,2026-06-23 12:19:12,5829.41,INR,-5829.41,APK Owner,,,MAESTRO-APK-PERSONAL-RELATIONSHIPS-1102 | Celebrations | 5829.41,Android,B23,RAMP_501_1500,CREATED,idem-20260902-apk-1102
1103,MTR-APK-1103,Group,Shared Experience,House Party,Food,Expense,2026-08-21,21:22:37,2026-08-21 21:22:37,828.86,INR,-828.86,APK Aarav,3,SHARES,MAESTRO-APK-GROUP-HOUSE_PARTY-1103 | Food | 828.86,Android,B23,RAMP_501_1500,CREATED,idem-20260902-apk-1103
1104,MTR-APK-1104,Business,Business,Business Runway,Reserve,Transfer,2026-06-23,21:09:47,2026-06-23 21:09:47,17186.32,INR,0.0,APK Owner,,,MAESTRO-APK-BUSINESS-BUSINESS_RUNWAY-1104 | Reserve | 17186.32,Android,B23,RAMP_501_1500,CREATED,idem-20260902-apk-1104
1105,MTR-APK-1105,Personal,Personal,Life Operations,Groceries,Expense,2026-07-24,03:10:13,2026-07-24 03:10:13,68.34,INR,-68.34,APK Owner,,,MAESTRO-APK-PERSONAL-LIFE_OPERATIONS-1105 | Groceries | 68.34,Android,B23,RAMP_501_1500,CREATED,idem-20260902-apk-1105
1106,MTR-APK-1106,Group,Shared Experience,House Party,Drinks,Expense,2026-05-13,06:11:30,2026-05-13 06:11:30,18440.38,INR,-18440.38,APK Meera,3,EQUAL,MAESTRO-APK-GROUP-HOUSE_PARTY-1106 | Drinks | 18440.38,Android,B23,RAMP_501_1500,CREATED,idem-20260902-apk-1106
1107,MTR-APK-1107,Business,Business,Business Runway,Loan,Income,2026-07-25,20:03:04,2026-07-25 20:03:04,177377.98,INR,177377.98,APK Owner,,,MAESTRO-APK-BUSINESS-BUSINESS_RUNWAY-1107 | Loan | 177377.98,Android,B23,RAMP_501_1500,CREATED,idem-20260902-apk-1107
1108,MTR-APK-1108,Personal,Personal,Life Operations,Rent,Expense,2025-11-27,08:55:20,2025-11-27 08:55:20,3180.73,INR,-3180.73,APK Owner,,,MAESTRO-APK-PERSONAL-LIFE_OPERATIONS-1108 | Rent | 3180.73,Android,B23,RAMP_501_1500,CREATED,idem-20260902-apk-1108
1109,MTR-APK-1109,Group,Shared Experience,House Party,Decor,Expense,2026-05-25,03:21:42,2026-05-25 03:21:42,14948.55,INR,-14948.55,APK Owner,3,PERCENTAGE,MAESTRO-APK-GROUP-HOUSE_PARTY-1109 | Decor | 14948.55,Android,B23,RAMP_501_1500,CREATED,idem-20260902-apk-1109
1110,MTR-APK-1110,Business,Business,Business Runway,Investment,Income,2026-05-24,05:12:17,2026-05-24 05:12:17,0.01,INR,0.01,APK Owner,,,MAESTRO-APK-BUSINESS-BUSINESS_RUNWAY-1110 | Investment | 0.01,Android,B23,RAMP_501_1500,CREATED,idem-20260902-apk-1110
1111,MTR-APK-1111,Personal,Personal,Life Operations,Bills,Expense,2025-12-25,11:39:58,2025-12-25 11:39:58,12470.89,INR,-12470.89,APK Owner,,,MAESTRO-APK-PERSONAL-LIFE_OPERATIONS-1111 | Bills | 12470.89,Android,B23,RAMP_501_1500,CREATED,idem-20260902-apk-1111
1112,MTR-APK-1112,Group,Shared Experience,House Party,Supplies,Expense,2025-09-02,16:04:45,2025-09-02 16:04:45,25380.24,INR,-25380.24,APK Aarav,3,EXACT,MAESTRO-APK-GROUP-HOUSE_PARTY-1112 | Supplies | 25380.24,Android,B23,RAMP_501_1500,CREATED,idem-20260902-apk-1112
1113,MTR-APK-1113,Business,Business,Business Operations,Software,Expense,2026-06-30,21:49:43,2026-06-30 21:49:43,7440.59,INR,-7440.59,APK Owner,,,MAESTRO-APK-BUSINESS-BUSINESS_OPERATIONS-1113 | Software | 7440.59,Android,B23,RAMP_501_1500,CREATED,idem-20260902-apk-1113
1114,MTR-APK-1114,Personal,Personal,Life Operations,Transport,Expense,2026-03-21,07:56:06,2026-03-21 07:56:06,6534.99,INR,-6534.99,APK Owner,,,MAESTRO-APK-PERSONAL-LIFE_OPERATIONS-1114 | Transport | 6534.99,Android,B23,RAMP_501_1500,CREATED,idem-20260902-apk-1114
1115,MTR-APK-1115,Group,Shared Experience,House Party,Other,Expense,2026-08-02,22:22:56,2026-08-02 22:22:56,1537.5,INR,-1537.5,APK Meera,3,SHARES,MAESTRO-APK-GROUP-HOUSE_PARTY-1115 | Other | 1537.50,Android,B23,RAMP_501_1500,CREATED,idem-20260902-apk-1115
1116,MTR-APK-1116,Business,Business,Business Operations,Rent,Expense,2025-12-05,14:56:05,2025-12-05 14:56:05,6907.36,INR,-6907.36,APK Owner,,,MAESTRO-APK-BUSINESS-BUSINESS_OPERATIONS-1116 | Rent | 6907.36,Android,B23,RAMP_501_1500,CREATED,idem-20260902-apk-1116
1117,MTR-APK-1117,Personal,Personal,Life Operations,Healthcare,Expense,2026-02-04,12:22:44,2026-02-04 12:22:44,5261.43,INR,-5261.43,APK Owner,,,MAESTRO-APK-PERSONAL-LIFE_OPERATIONS-1117 | Healthcare | 5261.43,Android,B23,RAMP_501_1500,CREATED,idem-20260902-apk-1117
1118,MTR-APK-1118,Group,Shared Purchase,Gift Pool,Contribution,Contribution,2025-12-15,16:45:47,2025-12-15 16:45:47,171.59,INR,171.59,APK Owner,3,EQUAL,MAESTRO-APK-GROUP-GIFT_POOL-1118 | Contribution | 171.59,Android,B23,RAMP_501_1500,CREATED,idem-20260902-apk-1118
1119,MTR-APK-1119,Business,Business,Business Operations,Marketing,Expense,2026-05-19,09:37:12,2026-05-19 09:37:12,13699.62,INR,-13699.62,APK Owner,,,MAESTRO-APK-BUSINESS-BUSINESS_OPERATIONS-1119 | Marketing | 13699.62,Android,B23,RAMP_501_1500,CREATED,idem-20260902-apk-1119
1120,MTR-APK-1120,Personal,Personal,Life Operations,Subscriptions,Expense,2026-07-20,17:23:09,2026-07-20 17:23:09,14936.4,INR,-14936.4,APK Owner,,,MAESTRO-APK-PERSONAL-LIFE_OPERATIONS-1120 | Subscriptions | 14936.40,Android,B23,RAMP_501_1500,CREATED,idem-20260902-apk-1120
1121,MTR-APK-1121,Group,Shared Purchase,Gift Pool,Gift Purchase,Expense,2025-10-05,20:50:24,2025-10-05 20:50:24,12621.21,INR,-12621.21,APK Aarav,3,PERCENTAGE,MAESTRO-APK-GROUP-GIFT_POOL-1121 | Gift Purchase | 12621.21,Android,B23,RAMP_501_1500,CREATED,idem-20260902-apk-1121
1122,MTR-APK-1122,Business,Business,Business Operations,Legal,Expense,2025-11-03,00:43:12,2025-11-03 00:43:12,15337.65,INR,-15337.65,APK Owner,,,MAESTRO-APK-BUSINESS-BUSINESS_OPERATIONS-1122 | Legal | 15337.65,Android,B23,RAMP_501_1500,CREATED,idem-20260902-apk-1122
1123,MTR-APK-1123,Personal,Personal,Life Operations,Repairs,Expense,2026-08-10,15:45:49,2026-08-10 15:45:49,3291.69,INR,-3291.69,APK Owner,,,MAESTRO-APK-PERSONAL-LIFE_OPERATIONS-1123 | Repairs | 3291.69,Android,B23,RAMP_501_1500,CREATED,idem-20260902-apk-1123
1124,MTR-APK-1124,Group,Shared Purchase,Gift Pool,Delivery,Expense,2026-08-11,15:04:36,2026-08-11 15:04:36,29487.2,INR,-29487.2,APK Meera,3,EXACT,MAESTRO-APK-GROUP-GIFT_POOL-1124 | Delivery | 29487.20,Android,B23,RAMP_501_1500,CREATED,idem-20260902-apk-1124
1125,MTR-APK-1125,Business,Business,Business Operations,Accounting,Expense,2025-10-12,16:36:04,2025-10-12 16:36:04,158668.85,INR,-158668.85,APK Owner,,,MAESTRO-APK-BUSINESS-BUSINESS_OPERATIONS-1125 | Accounting | 158668.85,Android,B23,RAMP_501_1500,CREATED,idem-20260902-apk-1125
1126,MTR-APK-1126,Personal,Personal,Future Building,Savings,Transfer,2026-05-13,22:56:16,2026-05-13 22:56:16,14398.19,INR,0.0,APK Owner,,,MAESTRO-APK-PERSONAL-FUTURE_BUILDING-1126 | Savings | 14398.19,Android,B23,RAMP_501_1500,CREATED,idem-20260902-apk-1126
1127,MTR-APK-1127,Group,Shared Purchase,Gift Pool,Other,Expense,2026-07-29,07:49:42,2026-07-29 07:49:42,18136.67,INR,-18136.67,APK Owner,3,SHARES,MAESTRO-APK-GROUP-GIFT_POOL-1127 | Other | 18136.67,Android,B23,RAMP_501_1500,CREATED,idem-20260902-apk-1127
1128,MTR-APK-1128,Business,Business,Business Operations,Equipment,Expense,2025-10-17,09:02:17,2025-10-17 09:02:17,45436.03,INR,-45436.03,APK Owner,,,MAESTRO-APK-BUSINESS-BUSINESS_OPERATIONS-1128 | Equipment | 45436.03,Android,B23,RAMP_501_1500,CREATED,idem-20260902-apk-1128
1129,MTR-APK-1129,Personal,Personal,Future Building,Emergency Fund,Transfer,2025-10-19,02:12:07,2025-10-19 02:12:07,4840.36,INR,0.0,APK Owner,,,MAESTRO-APK-PERSONAL-FUTURE_BUILDING-1129 | Emergency Fund | 4840.36,Android,B23,RAMP_501_1500,CREATED,idem-20260902-apk-1129
1130,MTR-APK-1130,Group,Shared Purchase,Purchase,Item,Expense,2026-02-24,09:39:52,2026-02-24 09:39:52,8461.94,INR,-8461.94,APK Aarav,3,EQUAL,MAESTRO-APK-GROUP-PURCHASE-1130 | Item | 8461.94,Android,B23,RAMP_501_1500,CREATED,idem-20260902-apk-1130
1131,MTR-APK-1131,Business,Business,Business Operations,Vendor,Expense,2025-10-18,16:32:27,2025-10-18 16:32:27,39142.79,INR,-39142.79,APK Owner,,,MAESTRO-APK-BUSINESS-BUSINESS_OPERATIONS-1131 | Vendor | 39142.79,Android,B23,RAMP_501_1500,CREATED,idem-20260902-apk-1131
1132,MTR-APK-1132,Personal,Personal,Future Building,Investments,Investment,2026-05-29,13:45:33,2026-05-29 13:45:33,16852.73,INR,0.0,APK Owner,,,MAESTRO-APK-PERSONAL-FUTURE_BUILDING-1132 | Investments | 16852.73,Android,B23,RAMP_501_1500,CREATED,idem-20260902-apk-1132
1133,MTR-APK-1133,Group,Shared Purchase,Purchase,Shipping,Expense,2026-02-13,14:41:58,2026-02-13 14:41:58,7101.89,INR,-7101.89,APK Meera,3,PERCENTAGE,MAESTRO-APK-GROUP-PURCHASE-1133 | Shipping | 7101.89,Android,B23,RAMP_501_1500,CREATED,idem-20260902-apk-1133
1134,MTR-APK-1134,Business,Business,Business Operations,Tax,Expense,2026-07-21,05:31:57,2026-07-21 05:31:57,2676.79,INR,-2676.79,APK Owner,,,MAESTRO-APK-BUSINESS-BUSINESS_OPERATIONS-1134 | Tax | 2676.79,Android,B23,RAMP_501_1500,CREATED,idem-20260902-apk-1134
1135,MTR-APK-1135,Personal,Personal,Future Building,Education,Expense,2026-07-19,11:29:09,2026-07-19 11:29:09,17640.07,INR,-17640.07,APK Owner,,,MAESTRO-APK-PERSONAL-FUTURE_BUILDING-1135 | Education | 17640.07,Android,B23,RAMP_501_1500,CREATED,idem-20260902-apk-1135
1136,MTR-APK-1136,Group,Shared Purchase,Purchase,Tax,Expense,2026-08-29,21:59:18,2026-08-29 21:59:18,17587.99,INR,-17587.99,APK Owner,3,EXACT,MAESTRO-APK-GROUP-PURCHASE-1136 | Tax | 17587.99,Android,B23,RAMP_501_1500,CREATED,idem-20260902-apk-1136
1137,MTR-APK-1137,Business,Business,Team Operations,Payroll,Expense,2026-01-02,15:49:56,2026-01-02 15:49:56,99581.77,INR,-99581.77,APK Owner,,,MAESTRO-APK-BUSINESS-TEAM_OPERATIONS-1137 | Payroll | 99581.77,Android,B23,RAMP_501_1500,CREATED,idem-20260902-apk-1137
1138,MTR-APK-1138,Personal,Personal,Future Building,Goal Contribution,Transfer,2025-12-29,14:47:53,2025-12-29 14:47:53,15569.59,INR,0.0,APK Owner,,,MAESTRO-APK-PERSONAL-FUTURE_BUILDING-1138 | Goal Contribution | 15569.59,Android,B23,RAMP_501_1500,CREATED,idem-20260902-apk-1138
1139,MTR-APK-1139,Group,Shared Purchase,Purchase,Other,Expense,2026-05-11,20:33:53,2026-05-11 20:33:53,19330.24,INR,-19330.24,APK Aarav,3,SHARES,MAESTRO-APK-GROUP-PURCHASE-1139 | Other | 19330.24,Android,B23,RAMP_501_1500,CREATED,idem-20260902-apk-1139
1140,MTR-APK-1140,Business,Business,Team Operations,Contractor,Expense,2026-08-14,05:07:48,2026-08-14 05:07:48,154429.74,INR,-154429.74,APK Owner,,,MAESTRO-APK-BUSINESS-TEAM_OPERATIONS-1140 | Contractor | 154429.74,Android,B23,RAMP_501_1500,CREATED,idem-20260902-apk-1140
1141,MTR-APK-1141,Personal,Personal,Lifestyle,Dining,Expense,2025-10-17,19:44:26,2025-10-17 19:44:26,3108.09,INR,-3108.09,APK Owner,,,MAESTRO-APK-PERSONAL-LIFESTYLE-1141 | Dining | 3108.09,Android,B23,RAMP_501_1500,CREATED,idem-20260902-apk-1141
1142,MTR-APK-1142,Group,Shared Purchase,Assets,Purchase,Expense,2025-10-07,11:40:43,2025-10-07 11:40:43,6180.37,INR,-6180.37,APK Meera,3,EQUAL,MAESTRO-APK-GROUP-ASSETS-1142 | Purchase | 6180.37,Android,B23,RAMP_501_1500,CREATED,idem-20260902-apk-1142
1143,MTR-APK-1143,Business,Business,Team Operations,Hiring,Expense,2026-07-11,04:25:25,2026-07-11 04:25:25,12999.62,INR,-12999.62,APK Owner,,,MAESTRO-APK-BUSINESS-TEAM_OPERATIONS-1143 | Hiring | 12999.62,Android,B23,RAMP_501_1500,CREATED,idem-20260902-apk-1143
1144,MTR-APK-1144,Personal,Personal,Lifestyle,Shopping,Expense,2025-12-18,17:47:32,2025-12-18 17:47:32,5007.74,INR,-5007.74,APK Owner,,,MAESTRO-APK-PERSONAL-LIFESTYLE-1144 | Shopping | 5007.74,Android,B23,RAMP_501_1500,CREATED,idem-20260902-apk-1144
1145,MTR-APK-1145,Group,Shared Purchase,Assets,Maintenance,Expense,2026-02-25,19:56:32,2026-02-25 19:56:32,1223.58,INR,-1223.58,APK Owner,3,PERCENTAGE,MAESTRO-APK-GROUP-ASSETS-1145 | Maintenance | 1223.58,Android,B23,RAMP_501_1500,CREATED,idem-20260902-apk-1145
1146,MTR-APK-1146,Business,Business,Team Operations,Team Meal,Expense,2025-11-26,09:32:01,2025-11-26 09:32:01,155943.16,INR,-155943.16,APK Owner,,,MAESTRO-APK-BUSINESS-TEAM_OPERATIONS-1146 | Team Meal | 155943.16,Android,B23,RAMP_501_1500,CREATED,idem-20260902-apk-1146
1147,MTR-APK-1147,Personal,Personal,Lifestyle,Entertainment,Expense,2025-10-14,22:44:36,2025-10-14 22:44:36,1.0,INR,-1.0,APK Owner,,,MAESTRO-APK-PERSONAL-LIFESTYLE-1147 | Entertainment | 1.00,Android,B23,RAMP_501_1500,CREATED,idem-20260902-apk-1147
1148,MTR-APK-1148,Group,Shared Purchase,Assets,Repair,Expense,2026-02-15,15:18:30,2026-02-15 15:18:30,24888.88,INR,-24888.88,APK Aarav,3,EXACT,MAESTRO-APK-GROUP-ASSETS-1148 | Repair | 24888.88,Android,B23,RAMP_501_1500,CREATED,idem-20260902-apk-1148
1149,MTR-APK-1149,Business,Business,Team Operations,Travel,Expense,2026-01-25,01:23:07,2026-01-25 01:23:07,129890.48,INR,-129890.48,APK Owner,,,MAESTRO-APK-BUSINESS-TEAM_OPERATIONS-1149 | Travel | 129890.48,Android,B23,RAMP_501_1500,CREATED,idem-20260902-apk-1149
1150,MTR-APK-1150,Personal,Personal,Lifestyle,Travel,Expense,2025-10-11,15:33:47,2025-10-11 15:33:47,18839.75,INR,-18839.75,APK Owner,,,MAESTRO-APK-PERSONAL-LIFESTYLE-1150 | Travel | 18839.75,Android,B23,RAMP_501_1500,CREATED,idem-20260902-apk-1150
1151,MTR-APK-1151,Group,Shared Purchase,Assets,Insurance,Expense,2025-10-04,20:02:04,2025-10-04 20:02:04,23928.41,INR,-23928.41,APK Meera,3,SHARES,MAESTRO-APK-GROUP-ASSETS-1151 | Insurance | 23928.41,Android,B24,RAMP_501_1500,CREATED,idem-20260902-apk-1151
1152,MTR-APK-1152,Business,Business,Team Operations,Training,Expense,2025-10-31,01:38:36,2025-10-31 01:38:36,101496.44,INR,-101496.44,APK Owner,,,MAESTRO-APK-BUSINESS-TEAM_OPERATIONS-1152 | Training | 101496.44,Android,B24,RAMP_501_1500,CREATED,idem-20260902-apk-1152
1153,MTR-APK-1153,Personal,Personal,Lifestyle,Fitness,Expense,2026-07-12,10:02:49,2026-07-12 10:02:49,19832.71,INR,-19832.71,APK Owner,,,MAESTRO-APK-PERSONAL-LIFESTYLE-1153 | Fitness | 19832.71,Android,B24,RAMP_501_1500,CREATED,idem-20260902-apk-1153
1154,MTR-APK-1154,Group,Shared Purchase,Assets,Other,Expense,2026-07-16,23:52:55,2026-07-16 23:52:55,27417.61,INR,-27417.61,APK Owner,3,EQUAL,MAESTRO-APK-GROUP-ASSETS-1154 | Other | 27417.61,Android,B24,RAMP_501_1500,CREATED,idem-20260902-apk-1154
1155,MTR-APK-1155,Business,Business,Team Operations,Tools,Expense,2026-03-14,05:27:33,2026-03-14 05:27:33,70479.95,INR,-70479.95,APK Owner,,,MAESTRO-APK-BUSINESS-TEAM_OPERATIONS-1155 | Tools | 70479.95,Android,B24,RAMP_501_1500,CREATED,idem-20260902-apk-1155
1156,MTR-APK-1156,Personal,Personal,Lifestyle,Hobbies,Expense,2026-02-21,12:28:06,2026-02-21 12:28:06,3354.29,INR,-3354.29,APK Owner,,,MAESTRO-APK-PERSONAL-LIFESTYLE-1156 | Hobbies | 3354.29,Android,B24,RAMP_501_1500,CREATED,idem-20260902-apk-1156
1157,MTR-APK-1157,Group,Shared Purchase,Custom Purchase,Custom Expense,Expense,2026-01-01,01:25:23,2026-01-01 01:25:23,17391.12,INR,-17391.12,APK Aarav,3,PERCENTAGE,MAESTRO-APK-GROUP-CUSTOM_PURCHASE-1157 | Custom Expense | 17391.12,Android,B24,RAMP_501_1500,CREATED,idem-20260902-apk-1157
1158,MTR-APK-1158,Business,Business,Business Runway,Funding,Income,2025-11-03,12:59:54,2025-11-03 12:59:54,81071.21,INR,81071.21,APK Owner,,,MAESTRO-APK-BUSINESS-BUSINESS_RUNWAY-1158 | Funding | 81071.21,Android,B24,RAMP_501_1500,CREATED,idem-20260902-apk-1158
1159,MTR-APK-1159,Personal,Personal,Relationships,Gifts,Expense,2026-03-13,18:32:38,2026-03-13 18:32:38,12399.53,INR,-12399.53,APK Owner,,,MAESTRO-APK-PERSONAL-RELATIONSHIPS-1159 | Gifts | 12399.53,Android,B24,RAMP_501_1500,CREATED,idem-20260902-apk-1159
1160,MTR-APK-1160,Group,Shared Purchase,Custom Purchase,Custom Contribution,Contribution,2025-09-06,13:46:09,2025-09-06 13:46:09,10532.42,INR,10532.42,APK Meera,3,EXACT,MAESTRO-APK-GROUP-CUSTOM_PURCHASE-1160 | Custom Contribution | 10532.42,Android,B24,RAMP_501_1500,CREATED,idem-20260902-apk-1160
1161,MTR-APK-1161,Business,Business,Business Runway,Revenue,Income,2025-11-21,08:18:00,2025-11-21 08:18:00,5127.02,INR,5127.02,APK Owner,,,MAESTRO-APK-BUSINESS-BUSINESS_RUNWAY-1161 | Revenue | 5127.02,Android,B24,RAMP_501_1500,CREATED,idem-20260902-apk-1161
1162,MTR-APK-1162,Personal,Personal,Relationships,Dates,Expense,2026-02-14,06:03:42,2026-02-14 06:03:42,17056.1,INR,-17056.1,APK Owner,,,MAESTRO-APK-PERSONAL-RELATIONSHIPS-1162 | Dates | 17056.10,Android,B24,RAMP_501_1500,CREATED,idem-20260902-apk-1162
1163,MTR-APK-1163,Group,Shared Living,Flatmates,Rent,Expense,2025-09-23,18:24:59,2025-09-23 18:24:59,4140.1,INR,-4140.1,APK Owner,3,SHARES,MAESTRO-APK-GROUP-FLATMATES-1163 | Rent | 4140.10,Android,B24,RAMP_501_1500,CREATED,idem-20260902-apk-1163
1164,MTR-APK-1164,Business,Business,Business Runway,Burn,Expense,2026-08-14,06:19:54,2026-08-14 06:19:54,65586.81,INR,-65586.81,APK Owner,,,MAESTRO-APK-BUSINESS-BUSINESS_RUNWAY-1164 | Burn | 65586.81,Android,B24,RAMP_501_1500,CREATED,idem-20260902-apk-1164
1165,MTR-APK-1165,Personal,Personal,Relationships,Family,Expense,2026-03-02,04:43:45,2026-03-02 04:43:45,11248.85,INR,-11248.85,APK Owner,,,MAESTRO-APK-PERSONAL-RELATIONSHIPS-1165 | Family | 11248.85,Android,B24,RAMP_501_1500,CREATED,idem-20260902-apk-1165
1166,MTR-APK-1166,Group,Shared Living,Flatmates,Utilities,Expense,2025-11-13,05:58:03,2025-11-13 05:58:03,2612.95,INR,-2612.95,APK Aarav,3,EQUAL,MAESTRO-APK-GROUP-FLATMATES-1166 | Utilities | 2612.95,Android,B24,RAMP_501_1500,CREATED,idem-20260902-apk-1166
1167,MTR-APK-1167,Business,Business,Business Runway,Reserve,Transfer,2026-01-16,06:38:19,2026-01-16 06:38:19,177685.58,INR,0.0,APK Owner,,,MAESTRO-APK-BUSINESS-BUSINESS_RUNWAY-1167 | Reserve | 177685.58,Android,B24,RAMP_501_1500,CREATED,idem-20260902-apk-1167
1168,MTR-APK-1168,Personal,Personal,Relationships,Friends,Expense,2026-02-07,17:00:13,2026-02-07 17:00:13,1861.51,INR,-1861.51,APK Owner,,,MAESTRO-APK-PERSONAL-RELATIONSHIPS-1168 | Friends | 1861.51,Android,B24,RAMP_501_1500,CREATED,idem-20260902-apk-1168
1169,MTR-APK-1169,Group,Shared Living,Flatmates,Groceries,Expense,2026-08-05,17:11:06,2026-08-05 17:11:06,3921.96,INR,-3921.96,APK Meera,3,PERCENTAGE,MAESTRO-APK-GROUP-FLATMATES-1169 | Groceries | 3921.96,Android,B24,RAMP_501_1500,CREATED,idem-20260902-apk-1169
1170,MTR-APK-1170,Business,Business,Business Runway,Loan,Income,2026-08-26,08:25:20,2026-08-26 08:25:20,163869.8,INR,163869.8,APK Owner,,,MAESTRO-APK-BUSINESS-BUSINESS_RUNWAY-1170 | Loan | 163869.80,Android,B24,RAMP_501_1500,CREATED,idem-20260902-apk-1170
1171,MTR-APK-1171,Personal,Personal,Relationships,Celebrations,Expense,2026-01-19,15:28:04,2026-01-19 15:28:04,11341.03,INR,-11341.03,APK Owner,,,MAESTRO-APK-PERSONAL-RELATIONSHIPS-1171 | Celebrations | 11341.03,Android,B24,RAMP_501_1500,CREATED,idem-20260902-apk-1171
1172,MTR-APK-1172,Group,Shared Living,Flatmates,Internet,Expense,2026-01-15,17:55:51,2026-01-15 17:55:51,2909.58,INR,-2909.58,APK Owner,3,EXACT,MAESTRO-APK-GROUP-FLATMATES-1172 | Internet | 2909.58,Android,B24,RAMP_501_1500,CREATED,idem-20260902-apk-1172
1173,MTR-APK-1173,Business,Business,Business Runway,Investment,Income,2026-07-08,22:02:05,2026-07-08 22:02:05,166764.17,INR,166764.17,APK Owner,,,MAESTRO-APK-BUSINESS-BUSINESS_RUNWAY-1173 | Investment | 166764.17,Android,B24,RAMP_501_1500,CREATED,idem-20260902-apk-1173
1174,MTR-APK-1174,Personal,Personal,Life Operations,Groceries,Expense,2025-11-12,07:05:28,2025-11-12 07:05:28,5897.39,INR,-5897.39,APK Owner,,,MAESTRO-APK-PERSONAL-LIFE_OPERATIONS-1174 | Groceries | 5897.39,Android,B24,RAMP_501_1500,CREATED,idem-20260902-apk-1174
1175,MTR-APK-1175,Group,Shared Living,Flatmates,House Supplies,Expense,2026-06-23,20:27:20,2026-06-23 20:27:20,25205.84,INR,-25205.84,APK Aarav,3,SHARES,MAESTRO-APK-GROUP-FLATMATES-1175 | House Supplies | 25205.84,Android,B24,RAMP_501_1500,CREATED,idem-20260902-apk-1175
1176,MTR-APK-1176,Business,Business,Business Operations,Software,Expense,2025-10-07,20:51:02,2025-10-07 20:51:02,118342.12,INR,-118342.12,APK Owner,,,MAESTRO-APK-BUSINESS-BUSINESS_OPERATIONS-1176 | Software | 118342.12,Android,B24,RAMP_501_1500,CREATED,idem-20260902-apk-1176
1177,MTR-APK-1177,Personal,Personal,Life Operations,Rent,Expense,2026-06-14,18:50:52,2026-06-14 18:50:52,1111.27,INR,-1111.27,APK Owner,,,MAESTRO-APK-PERSONAL-LIFE_OPERATIONS-1177 | Rent | 1111.27,Android,B24,RAMP_501_1500,CREATED,idem-20260902-apk-1177
1178,MTR-APK-1178,Group,Shared Living,Flatmates,Repairs,Expense,2025-11-26,20:54:42,2025-11-26 20:54:42,3323.88,INR,-3323.88,APK Meera,3,EQUAL,MAESTRO-APK-GROUP-FLATMATES-1178 | Repairs | 3323.88,Android,B24,RAMP_501_1500,CREATED,idem-20260902-apk-1178
1179,MTR-APK-1179,Business,Business,Business Operations,Rent,Expense,2026-06-06,14:34:17,2026-06-06 14:34:17,108701.51,INR,-108701.51,APK Owner,,,MAESTRO-APK-BUSINESS-BUSINESS_OPERATIONS-1179 | Rent | 108701.51,Android,B24,RAMP_501_1500,CREATED,idem-20260902-apk-1179
1180,MTR-APK-1180,Personal,Personal,Life Operations,Bills,Expense,2026-08-27,12:12:01,2026-08-27 12:12:01,14538.65,INR,-14538.65,APK Owner,,,MAESTRO-APK-PERSONAL-LIFE_OPERATIONS-1180 | Bills | 14538.65,Android,B24,RAMP_501_1500,CREATED,idem-20260902-apk-1180
1181,MTR-APK-1181,Group,Shared Living,Shared Living,Rent,Expense,2026-06-15,22:50:23,2026-06-15 22:50:23,28443.19,INR,-28443.19,APK Owner,3,PERCENTAGE,MAESTRO-APK-GROUP-SHARED_LIVING-1181 | Rent | 28443.19,Android,B24,RAMP_501_1500,CREATED,idem-20260902-apk-1181
1182,MTR-APK-1182,Business,Business,Business Operations,Marketing,Expense,2026-02-11,23:06:28,2026-02-11 23:06:28,148223.91,INR,-148223.91,APK Owner,,,MAESTRO-APK-BUSINESS-BUSINESS_OPERATIONS-1182 | Marketing | 148223.91,Android,B24,RAMP_501_1500,CREATED,idem-20260902-apk-1182
1183,MTR-APK-1183,Personal,Personal,Life Operations,Transport,Expense,2025-11-06,04:43:26,2025-11-06 04:43:26,12992.94,INR,-12992.94,APK Owner,,,MAESTRO-APK-PERSONAL-LIFE_OPERATIONS-1183 | Transport | 12992.94,Android,B24,RAMP_501_1500,CREATED,idem-20260902-apk-1183
1184,MTR-APK-1184,Group,Shared Living,Shared Living,Utilities,Expense,2025-11-14,06:16:31,2025-11-14 06:16:31,99.99,INR,-99.99,APK Aarav,3,EXACT,MAESTRO-APK-GROUP-SHARED_LIVING-1184 | Utilities | 99.99,Android,B24,RAMP_501_1500,CREATED,idem-20260902-apk-1184
1185,MTR-APK-1185,Business,Business,Business Operations,Legal,Expense,2026-03-04,21:14:08,2026-03-04 21:14:08,144616.46,INR,-144616.46,APK Owner,,,MAESTRO-APK-BUSINESS-BUSINESS_OPERATIONS-1185 | Legal | 144616.46,Android,B24,RAMP_501_1500,CREATED,idem-20260902-apk-1185
1186,MTR-APK-1186,Personal,Personal,Life Operations,Healthcare,Expense,2026-08-07,21:30:37,2026-08-07 21:30:37,14659.19,INR,-14659.19,APK Owner,,,MAESTRO-APK-PERSONAL-LIFE_OPERATIONS-1186 | Healthcare | 14659.19,Android,B24,RAMP_501_1500,CREATED,idem-20260902-apk-1186
1187,MTR-APK-1187,Group,Shared Living,Shared Living,Groceries,Expense,2026-08-22,12:10:53,2026-08-22 12:10:53,21246.36,INR,-21246.36,APK Meera,3,SHARES,MAESTRO-APK-GROUP-SHARED_LIVING-1187 | Groceries | 21246.36,Android,B24,RAMP_501_1500,CREATED,idem-20260902-apk-1187
1188,MTR-APK-1188,Business,Business,Business Operations,Accounting,Expense,2026-04-15,12:28:14,2026-04-15 12:28:14,166759.89,INR,-166759.89,APK Owner,,,MAESTRO-APK-BUSINESS-BUSINESS_OPERATIONS-1188 | Accounting | 166759.89,Android,B24,RAMP_501_1500,CREATED,idem-20260902-apk-1188
1189,MTR-APK-1189,Personal,Personal,Life Operations,Subscriptions,Expense,2025-11-14,11:57:52,2025-11-14 11:57:52,14478.97,INR,-14478.97,APK Owner,,,MAESTRO-APK-PERSONAL-LIFE_OPERATIONS-1189 | Subscriptions | 14478.97,Android,B24,RAMP_501_1500,CREATED,idem-20260902-apk-1189
1190,MTR-APK-1190,Group,Shared Living,Shared Living,Maintenance,Expense,2026-04-14,04:38:01,2026-04-14 04:38:01,3000.64,INR,-3000.64,APK Owner,3,EQUAL,MAESTRO-APK-GROUP-SHARED_LIVING-1190 | Maintenance | 3000.64,Android,B24,RAMP_501_1500,CREATED,idem-20260902-apk-1190
1191,MTR-APK-1191,Business,Business,Business Operations,Equipment,Expense,2026-01-21,04:34:24,2026-01-21 04:34:24,10696.25,INR,-10696.25,APK Owner,,,MAESTRO-APK-BUSINESS-BUSINESS_OPERATIONS-1191 | Equipment | 10696.25,Android,B24,RAMP_501_1500,CREATED,idem-20260902-apk-1191
1192,MTR-APK-1192,Personal,Personal,Life Operations,Repairs,Expense,2026-04-29,04:32:18,2026-04-29 04:32:18,5050.69,INR,-5050.69,APK Owner,,,MAESTRO-APK-PERSONAL-LIFE_OPERATIONS-1192 | Repairs | 5050.69,Android,B24,RAMP_501_1500,CREATED,idem-20260902-apk-1192
1193,MTR-APK-1193,Group,Shared Living,Shared Living,Other,Expense,2026-02-13,09:59:47,2026-02-13 09:59:47,16513.45,INR,-16513.45,APK Aarav,3,PERCENTAGE,MAESTRO-APK-GROUP-SHARED_LIVING-1193 | Other | 16513.45,Android,B24,RAMP_501_1500,CREATED,idem-20260902-apk-1193
1194,MTR-APK-1194,Business,Business,Business Operations,Vendor,Expense,2026-08-01,12:05:54,2026-08-01 12:05:54,83704.02,INR,-83704.02,APK Owner,,,MAESTRO-APK-BUSINESS-BUSINESS_OPERATIONS-1194 | Vendor | 83704.02,Android,B24,RAMP_501_1500,CREATED,idem-20260902-apk-1194
1195,MTR-APK-1195,Personal,Personal,Future Building,Savings,Transfer,2026-08-29,16:13:15,2026-08-29 16:13:15,15452.68,INR,0.0,APK Owner,,,MAESTRO-APK-PERSONAL-FUTURE_BUILDING-1195 | Savings | 15452.68,Android,B24,RAMP_501_1500,CREATED,idem-20260902-apk-1195
1196,MTR-APK-1196,Group,Shared Living,Family Household,Utilities,Expense,2025-12-23,19:07:07,2025-12-23 19:07:07,21655.24,INR,-21655.24,APK Meera,3,EXACT,MAESTRO-APK-GROUP-FAMILY_HOUSEHOLD-1196 | Utilities | 21655.24,Android,B24,RAMP_501_1500,CREATED,idem-20260902-apk-1196
1197,MTR-APK-1197,Business,Business,Business Operations,Tax,Expense,2026-05-16,09:05:23,2026-05-16 09:05:23,83686.27,INR,-83686.27,APK Owner,,,MAESTRO-APK-BUSINESS-BUSINESS_OPERATIONS-1197 | Tax | 83686.27,Android,B24,RAMP_501_1500,CREATED,idem-20260902-apk-1197
1198,MTR-APK-1198,Personal,Personal,Future Building,Emergency Fund,Transfer,2026-03-07,03:04:35,2026-03-07 03:04:35,19318.09,INR,0.0,APK Owner,,,MAESTRO-APK-PERSONAL-FUTURE_BUILDING-1198 | Emergency Fund | 19318.09,Android,B24,RAMP_501_1500,CREATED,idem-20260902-apk-1198
1199,MTR-APK-1199,Group,Shared Living,Family Household,Healthcare,Expense,2025-10-05,04:22:33,2025-10-05 04:22:33,10500.24,INR,-10500.24,APK Owner,3,SHARES,MAESTRO-APK-GROUP-FAMILY_HOUSEHOLD-1199 | Healthcare | 10500.24,Android,B24,RAMP_501_1500,CREATED,idem-20260902-apk-1199
1200,MTR-APK-1200,Business,Business,Team Operations,Payroll,Expense,2025-12-31,21:46:26,2025-12-31 21:46:26,91227.67,INR,-91227.67,APK Owner,,,MAESTRO-APK-BUSINESS-TEAM_OPERATIONS-1200 | Payroll | 91227.67,Android,B24,RAMP_501_1500,CREATED,idem-20260902-apk-1200
1201,MTR-APK-1201,Personal,Personal,Future Building,Investments,Investment,2026-04-08,00:17:42,2026-04-08 00:17:42,14426.34,INR,0.0,APK Owner,,,MAESTRO-APK-PERSONAL-FUTURE_BUILDING-1201 | Investments | 14426.34,Android,B25,RAMP_501_1500,CREATED,idem-20260902-apk-1201
1202,MTR-APK-1202,Group,Shared Living,Family Household,School,Expense,2025-09-01,11:56:30,2025-09-01 11:56:30,23702.27,INR,-23702.27,APK Aarav,3,EQUAL,MAESTRO-APK-GROUP-FAMILY_HOUSEHOLD-1202 | School | 23702.27,Android,B25,RAMP_501_1500,CREATED,idem-20260902-apk-1202
1203,MTR-APK-1203,Business,Business,Team Operations,Contractor,Expense,2025-11-26,08:17:48,2025-11-26 08:17:48,66698.34,INR,-66698.34,APK Owner,,,MAESTRO-APK-BUSINESS-TEAM_OPERATIONS-1203 | Contractor | 66698.34,Android,B25,RAMP_501_1500,CREATED,idem-20260902-apk-1203
1204,MTR-APK-1204,Personal,Personal,Future Building,Education,Expense,2026-02-20,10:50:20,2026-02-20 10:50:20,15647.55,INR,-15647.55,APK Owner,,,MAESTRO-APK-PERSONAL-FUTURE_BUILDING-1204 | Education | 15647.55,Android,B25,RAMP_501_1500,CREATED,idem-20260902-apk-1204
1205,MTR-APK-1205,Group,Shared Living,Family Household,Other,Expense,2026-07-29,20:50:57,2026-07-29 20:50:57,1413.96,INR,-1413.96,APK Meera,3,PERCENTAGE,MAESTRO-APK-GROUP-FAMILY_HOUSEHOLD-1205 | Other | 1413.96,Android,B25,RAMP_501_1500,CREATED,idem-20260902-apk-1205
1206,MTR-APK-1206,Business,Business,Team Operations,Hiring,Expense,2026-06-08,20:38:00,2026-06-08 20:38:00,66994.49,INR,-66994.49,APK Owner,,,MAESTRO-APK-BUSINESS-TEAM_OPERATIONS-1206 | Hiring | 66994.49,Android,B25,RAMP_501_1500,CREATED,idem-20260902-apk-1206
1207,MTR-APK-1207,Personal,Personal,Future Building,Goal Contribution,Transfer,2026-03-19,01:18:44,2026-03-19 01:18:44,17902.27,INR,0.0,APK Owner,,,MAESTRO-APK-PERSONAL-FUTURE_BUILDING-1207 | Goal Contribution | 17902.27,Android,B25,RAMP_501_1500,CREATED,idem-20260902-apk-1207
1208,MTR-APK-1208,Group,Shared Living,Family Household,Rent,Expense,2025-11-12,19:14:27,2025-11-12 19:14:27,2598.07,INR,-2598.07,APK Owner,3,EXACT,MAESTRO-APK-GROUP-FAMILY_HOUSEHOLD-1208 | Rent | 2598.07,Android,B25,RAMP_501_1500,CREATED,idem-20260902-apk-1208
1209,MTR-APK-1209,Business,Business,Team Operations,Team Meal,Expense,2026-04-07,03:43:34,2026-04-07 03:43:34,100759.49,INR,-100759.49,APK Owner,,,MAESTRO-APK-BUSINESS-TEAM_OPERATIONS-1209 | Team Meal | 100759.49,Android,B25,RAMP_501_1500,CREATED,idem-20260902-apk-1209
1210,MTR-APK-1210,Personal,Personal,Lifestyle,Dining,Expense,2026-06-16,12:43:34,2026-06-16 12:43:34,5886.93,INR,-5886.93,APK Owner,,,MAESTRO-APK-PERSONAL-LIFESTYLE-1210 | Dining | 5886.93,Android,B25,RAMP_501_1500,CREATED,idem-20260902-apk-1210
1211,MTR-APK-1211,Group,Shared Living,Family Household,Groceries,Expense,2025-09-19,05:16:05,2025-09-19 05:16:05,8585.29,INR,-8585.29,APK Aarav,3,SHARES,MAESTRO-APK-GROUP-FAMILY_HOUSEHOLD-1211 | Groceries | 8585.29,Android,B25,RAMP_501_1500,CREATED,idem-20260902-apk-1211
1212,MTR-APK-1212,Business,Business,Team Operations,Travel,Expense,2026-03-23,14:34:46,2026-03-23 14:34:46,171843.43,INR,-171843.43,APK Owner,,,MAESTRO-APK-BUSINESS-TEAM_OPERATIONS-1212 | Travel | 171843.43,Android,B25,RAMP_501_1500,CREATED,idem-20260902-apk-1212
1213,MTR-APK-1213,Personal,Personal,Lifestyle,Shopping,Expense,2026-05-23,10:05:41,2026-05-23 10:05:41,14326.78,INR,-14326.78,APK Owner,,,MAESTRO-APK-PERSONAL-LIFESTYLE-1213 | Shopping | 14326.78,Android,B25,RAMP_501_1500,CREATED,idem-20260902-apk-1213
1214,MTR-APK-1214,Group,Shared Living,Custom Living,Custom Expense,Expense,2026-04-04,21:06:58,2026-04-04 21:06:58,20205.98,INR,-20205.98,APK Meera,3,EQUAL,MAESTRO-APK-GROUP-CUSTOM_LIVING-1214 | Custom Expense | 20205.98,Android,B25,RAMP_501_1500,CREATED,idem-20260902-apk-1214
1215,MTR-APK-1215,Business,Business,Team Operations,Training,Expense,2026-01-14,14:11:39,2026-01-14 14:11:39,123164.05,INR,-123164.05,APK Owner,,,MAESTRO-APK-BUSINESS-TEAM_OPERATIONS-1215 | Training | 123164.05,Android,B25,RAMP_501_1500,CREATED,idem-20260902-apk-1215
1216,MTR-APK-1216,Personal,Personal,Lifestyle,Entertainment,Expense,2025-12-16,20:47:03,2025-12-16 20:47:03,16342.45,INR,-16342.45,APK Owner,,,MAESTRO-APK-PERSONAL-LIFESTYLE-1216 | Entertainment | 16342.45,Android,B25,RAMP_501_1500,CREATED,idem-20260902-apk-1216
1217,MTR-APK-1217,Group,Shared Living,Custom Living,Custom Contribution,Contribution,2025-09-01,17:39:20,2025-09-01 17:39:20,28001.87,INR,28001.87,APK Owner,3,PERCENTAGE,MAESTRO-APK-GROUP-CUSTOM_LIVING-1217 | Custom Contribution | 28001.87,Android,B25,RAMP_501_1500,CREATED,idem-20260902-apk-1217
1218,MTR-APK-1218,Business,Business,Team Operations,Tools,Expense,2026-01-15,18:07:50,2026-01-15 18:07:50,105311.07,INR,-105311.07,APK Owner,,,MAESTRO-APK-BUSINESS-TEAM_OPERATIONS-1218 | Tools | 105311.07,Android,B25,RAMP_501_1500,CREATED,idem-20260902-apk-1218
1219,MTR-APK-1219,Personal,Personal,Lifestyle,Travel,Expense,2025-12-20,18:27:30,2025-12-20 18:27:30,3367.43,INR,-3367.43,APK Owner,,,MAESTRO-APK-PERSONAL-LIFESTYLE-1219 | Travel | 3367.43,Android,B25,RAMP_501_1500,CREATED,idem-20260902-apk-1219
1220,MTR-APK-1220,Group,Shared Experience,Trip,Travel,Expense,2025-11-19,13:38:34,2025-11-19 13:38:34,27266.91,INR,-27266.91,APK Aarav,3,EXACT,MAESTRO-APK-GROUP-TRIP-1220 | Travel | 27266.91,Android,B25,RAMP_501_1500,CREATED,idem-20260902-apk-1220
1221,MTR-APK-1221,Business,Business,Business Runway,Funding,Income,2025-12-27,16:47:47,2025-12-27 16:47:47,100.0,INR,100.0,APK Owner,,,MAESTRO-APK-BUSINESS-BUSINESS_RUNWAY-1221 | Funding | 100.00,Android,B25,RAMP_501_1500,CREATED,idem-20260902-apk-1221
1222,MTR-APK-1222,Personal,Personal,Lifestyle,Fitness,Expense,2026-01-25,00:35:27,2026-01-25 00:35:27,7657.51,INR,-7657.51,APK Owner,,,MAESTRO-APK-PERSONAL-LIFESTYLE-1222 | Fitness | 7657.51,Android,B25,RAMP_501_1500,CREATED,idem-20260902-apk-1222
1223,MTR-APK-1223,Group,Shared Experience,Trip,Stay,Expense,2025-12-20,15:32:58,2025-12-20 15:32:58,11927.55,INR,-11927.55,APK Meera,3,SHARES,MAESTRO-APK-GROUP-TRIP-1223 | Stay | 11927.55,Android,B25,RAMP_501_1500,CREATED,idem-20260902-apk-1223
1224,MTR-APK-1224,Business,Business,Business Runway,Revenue,Income,2025-10-04,13:51:19,2025-10-04 13:51:19,68835.52,INR,68835.52,APK Owner,,,MAESTRO-APK-BUSINESS-BUSINESS_RUNWAY-1224 | Revenue | 68835.52,Android,B25,RAMP_501_1500,CREATED,idem-20260902-apk-1224
1225,MTR-APK-1225,Personal,Personal,Lifestyle,Hobbies,Expense,2026-02-03,05:51:03,2026-02-03 05:51:03,12731.64,INR,-12731.64,APK Owner,,,MAESTRO-APK-PERSONAL-LIFESTYLE-1225 | Hobbies | 12731.64,Android,B25,RAMP_501_1500,CREATED,idem-20260902-apk-1225
1226,MTR-APK-1226,Group,Shared Experience,Trip,Food,Expense,2025-11-18,04:35:59,2025-11-18 04:35:59,3363.11,INR,-3363.11,APK Owner,3,EQUAL,MAESTRO-APK-GROUP-TRIP-1226 | Food | 3363.11,Android,B25,RAMP_501_1500,CREATED,idem-20260902-apk-1226
1227,MTR-APK-1227,Business,Business,Business Runway,Burn,Expense,2026-04-17,01:53:17,2026-04-17 01:53:17,71594.91,INR,-71594.91,APK Owner,,,MAESTRO-APK-BUSINESS-BUSINESS_RUNWAY-1227 | Burn | 71594.91,Android,B25,RAMP_501_1500,CREATED,idem-20260902-apk-1227
1228,MTR-APK-1228,Personal,Personal,Relationships,Gifts,Expense,2026-01-20,14:58:57,2026-01-20 14:58:57,2626.14,INR,-2626.14,APK Owner,,,MAESTRO-APK-PERSONAL-RELATIONSHIPS-1228 | Gifts | 2626.14,Android,B25,RAMP_501_1500,CREATED,idem-20260902-apk-1228
1229,MTR-APK-1229,Group,Shared Experience,Trip,Local Transport,Expense,2026-06-16,07:16:18,2026-06-16 07:16:18,4659.38,INR,-4659.38,APK Aarav,3,PERCENTAGE,MAESTRO-APK-GROUP-TRIP-1229 | Local Transport | 4659.38,Android,B25,RAMP_501_1500,CREATED,idem-20260902-apk-1229
1230,MTR-APK-1230,Business,Business,Business Runway,Reserve,Transfer,2026-05-19,22:00:50,2026-05-19 22:00:50,58690.9,INR,0.0,APK Owner,,,MAESTRO-APK-BUSINESS-BUSINESS_RUNWAY-1230 | Reserve | 58690.90,Android,B25,RAMP_501_1500,CREATED,idem-20260902-apk-1230
1231,MTR-APK-1231,Personal,Personal,Relationships,Dates,Expense,2026-04-26,20:30:51,2026-04-26 20:30:51,7422.58,INR,-7422.58,APK Owner,,,MAESTRO-APK-PERSONAL-RELATIONSHIPS-1231 | Dates | 7422.58,Android,B25,RAMP_501_1500,CREATED,idem-20260902-apk-1231
1232,MTR-APK-1232,Group,Shared Experience,Trip,Activities,Expense,2025-10-05,12:16:25,2025-10-05 12:16:25,12209.99,INR,-12209.99,APK Meera,3,EXACT,MAESTRO-APK-GROUP-TRIP-1232 | Activities | 12209.99,Android,B25,RAMP_501_1500,CREATED,idem-20260902-apk-1232
1233,MTR-APK-1233,Business,Business,Business Runway,Loan,Income,2026-05-01,08:53:15,2026-05-01 08:53:15,130057.44,INR,130057.44,APK Owner,,,MAESTRO-APK-BUSINESS-BUSINESS_RUNWAY-1233 | Loan | 130057.44,Android,B25,RAMP_501_1500,CREATED,idem-20260902-apk-1233
1234,MTR-APK-1234,Personal,Personal,Relationships,Family,Expense,2026-06-09,22:12:47,2026-06-09 22:12:47,3012.63,INR,-3012.63,APK Owner,,,MAESTRO-APK-PERSONAL-RELATIONSHIPS-1234 | Family | 3012.63,Android,B25,RAMP_501_1500,CREATED,idem-20260902-apk-1234
1235,MTR-APK-1235,Group,Shared Experience,Trip,Shopping,Expense,2025-09-08,20:20:03,2025-09-08 20:20:03,15452.64,INR,-15452.64,APK Owner,3,SHARES,MAESTRO-APK-GROUP-TRIP-1235 | Shopping | 15452.64,Android,B25,RAMP_501_1500,CREATED,idem-20260902-apk-1235
1236,MTR-APK-1236,Business,Business,Business Runway,Investment,Income,2026-01-18,04:29:32,2026-01-18 04:29:32,126232.23,INR,126232.23,APK Owner,,,MAESTRO-APK-BUSINESS-BUSINESS_RUNWAY-1236 | Investment | 126232.23,Android,B25,RAMP_501_1500,CREATED,idem-20260902-apk-1236
1237,MTR-APK-1237,Personal,Personal,Relationships,Friends,Expense,2025-12-09,00:41:53,2025-12-09 00:41:53,8960.74,INR,-8960.74,APK Owner,,,MAESTRO-APK-PERSONAL-RELATIONSHIPS-1237 | Friends | 8960.74,Android,B25,RAMP_501_1500,CREATED,idem-20260902-apk-1237
1238,MTR-APK-1238,Group,Shared Experience,Trip,Other,Expense,2025-12-21,02:02:55,2025-12-21 02:02:55,22336.22,INR,-22336.22,APK Aarav,3,EQUAL,MAESTRO-APK-GROUP-TRIP-1238 | Other | 22336.22,Android,B25,RAMP_501_1500,CREATED,idem-20260902-apk-1238
1239,MTR-APK-1239,Business,Business,Business Operations,Software,Expense,2025-09-11,16:52:55,2025-09-11 16:52:55,99117.48,INR,-99117.48,APK Owner,,,MAESTRO-APK-BUSINESS-BUSINESS_OPERATIONS-1239 | Software | 99117.48,Android,B25,RAMP_501_1500,CREATED,idem-20260902-apk-1239
1240,MTR-APK-1240,Personal,Personal,Relationships,Celebrations,Expense,2026-05-10,14:35:02,2026-05-10 14:35:02,6330.6,INR,-6330.6,APK Owner,,,MAESTRO-APK-PERSONAL-RELATIONSHIPS-1240 | Celebrations | 6330.60,Android,B25,RAMP_501_1500,CREATED,idem-20260902-apk-1240
1241,MTR-APK-1241,Group,Shared Experience,Wedding,Venue,Expense,2026-06-04,06:48:20,2026-06-04 06:48:20,15176.28,INR,-15176.28,APK Meera,3,PERCENTAGE,MAESTRO-APK-GROUP-WEDDING-1241 | Venue | 15176.28,Android,B25,RAMP_501_1500,CREATED,idem-20260902-apk-1241
1242,MTR-APK-1242,Business,Business,Business Operations,Rent,Expense,2026-08-11,06:29:22,2026-08-11 06:29:22,164026.32,INR,-164026.32,APK Owner,,,MAESTRO-APK-BUSINESS-BUSINESS_OPERATIONS-1242 | Rent | 164026.32,Android,B25,RAMP_501_1500,CREATED,idem-20260902-apk-1242
1243,MTR-APK-1243,Personal,Personal,Life Operations,Groceries,Expense,2025-12-23,13:23:39,2025-12-23 13:23:39,9288.63,INR,-9288.63,APK Owner,,,MAESTRO-APK-PERSONAL-LIFE_OPERATIONS-1243 | Groceries | 9288.63,Android,B25,RAMP_501_1500,CREATED,idem-20260902-apk-1243
1244,MTR-APK-1244,Group,Shared Experience,Wedding,Catering,Expense,2025-12-23,00:51:13,2025-12-23 00:51:13,26916.91,INR,-26916.91,APK Owner,3,EXACT,MAESTRO-APK-GROUP-WEDDING-1244 | Catering | 26916.91,Android,B25,RAMP_501_1500,CREATED,idem-20260902-apk-1244
1245,MTR-APK-1245,Business,Business,Business Operations,Marketing,Expense,2026-07-31,16:45:43,2026-07-31 16:45:43,7348.2,INR,-7348.2,APK Owner,,,MAESTRO-APK-BUSINESS-BUSINESS_OPERATIONS-1245 | Marketing | 7348.20,Android,B25,RAMP_501_1500,CREATED,idem-20260902-apk-1245
1246,MTR-APK-1246,Personal,Personal,Life Operations,Rent,Expense,2025-11-12,03:20:38,2025-11-12 03:20:38,6470.0,INR,-6470.0,APK Owner,,,MAESTRO-APK-PERSONAL-LIFE_OPERATIONS-1246 | Rent | 6470.00,Android,B25,RAMP_501_1500,CREATED,idem-20260902-apk-1246
1247,MTR-APK-1247,Group,Shared Experience,Wedding,Decor,Expense,2026-08-20,22:49:58,2026-08-20 22:49:58,3905.4,INR,-3905.4,APK Aarav,3,SHARES,MAESTRO-APK-GROUP-WEDDING-1247 | Decor | 3905.40,Android,B25,RAMP_501_1500,CREATED,idem-20260902-apk-1247
1248,MTR-APK-1248,Business,Business,Business Operations,Legal,Expense,2025-12-20,04:49:50,2025-12-20 04:49:50,98765.91,INR,-98765.91,APK Owner,,,MAESTRO-APK-BUSINESS-BUSINESS_OPERATIONS-1248 | Legal | 98765.91,Android,B25,RAMP_501_1500,CREATED,idem-20260902-apk-1248
1249,MTR-APK-1249,Personal,Personal,Life Operations,Bills,Expense,2026-07-23,00:46:20,2026-07-23 00:46:20,12948.94,INR,-12948.94,APK Owner,,,MAESTRO-APK-PERSONAL-LIFE_OPERATIONS-1249 | Bills | 12948.94,Android,B25,RAMP_501_1500,CREATED,idem-20260902-apk-1249
1250,MTR-APK-1250,Group,Shared Experience,Wedding,Travel,Expense,2026-06-08,14:57:05,2026-06-08 14:57:05,3657.6,INR,-3657.6,APK Meera,3,EQUAL,MAESTRO-APK-GROUP-WEDDING-1250 | Travel | 3657.60,Android,B25,RAMP_501_1500,CREATED,idem-20260902-apk-1250
1251,MTR-APK-1251,Business,Business,Business Operations,Accounting,Expense,2026-06-12,20:58:33,2026-06-12 20:58:33,76472.3,INR,-76472.3,APK Owner,,,MAESTRO-APK-BUSINESS-BUSINESS_OPERATIONS-1251 | Accounting | 76472.30,Android,B26,RAMP_501_1500,CREATED,idem-20260902-apk-1251
1252,MTR-APK-1252,Personal,Personal,Life Operations,Transport,Expense,2026-07-11,22:02:11,2026-07-11 22:02:11,13901.54,INR,-13901.54,APK Owner,,,MAESTRO-APK-PERSONAL-LIFE_OPERATIONS-1252 | Transport | 13901.54,Android,B26,RAMP_501_1500,CREATED,idem-20260902-apk-1252
1253,MTR-APK-1253,Group,Shared Experience,Wedding,Gifts,Expense,2026-02-25,07:15:26,2026-02-25 07:15:26,5006.5,INR,-5006.5,APK Owner,3,PERCENTAGE,MAESTRO-APK-GROUP-WEDDING-1253 | Gifts | 5006.50,Android,B26,RAMP_501_1500,CREATED,idem-20260902-apk-1253
1254,MTR-APK-1254,Business,Business,Business Operations,Equipment,Expense,2025-09-28,15:58:48,2025-09-28 15:58:48,45615.85,INR,-45615.85,APK Owner,,,MAESTRO-APK-BUSINESS-BUSINESS_OPERATIONS-1254 | Equipment | 45615.85,Android,B26,RAMP_501_1500,CREATED,idem-20260902-apk-1254
1255,MTR-APK-1255,Personal,Personal,Life Operations,Healthcare,Expense,2026-03-27,15:22:40,2026-03-27 15:22:40,15402.72,INR,-15402.72,APK Owner,,,MAESTRO-APK-PERSONAL-LIFE_OPERATIONS-1255 | Healthcare | 15402.72,Android,B26,RAMP_501_1500,CREATED,idem-20260902-apk-1255
1256,MTR-APK-1256,Group,Shared Experience,Wedding,Photography,Expense,2026-02-22,03:16:10,2026-02-22 03:16:10,12359.65,INR,-12359.65,APK Aarav,3,EXACT,MAESTRO-APK-GROUP-WEDDING-1256 | Photography | 12359.65,Android,B26,RAMP_501_1500,CREATED,idem-20260902-apk-1256
1257,MTR-APK-1257,Business,Business,Business Operations,Vendor,Expense,2025-10-06,05:15:28,2025-10-06 05:15:28,172391.72,INR,-172391.72,APK Owner,,,MAESTRO-APK-BUSINESS-BUSINESS_OPERATIONS-1257 | Vendor | 172391.72,Android,B26,RAMP_501_1500,CREATED,idem-20260902-apk-1257
1258,MTR-APK-1258,Personal,Personal,Life Operations,Subscriptions,Expense,2025-11-01,07:58:05,2025-11-01 07:58:05,999.99,INR,-999.99,APK Owner,,,MAESTRO-APK-PERSONAL-LIFE_OPERATIONS-1258 | Subscriptions | 999.99,Android,B26,RAMP_501_1500,CREATED,idem-20260902-apk-1258
1259,MTR-APK-1259,Group,Shared Experience,Wedding,Other,Expense,2025-12-18,06:03:07,2025-12-18 06:03:07,12916.78,INR,-12916.78,APK Meera,3,SHARES,MAESTRO-APK-GROUP-WEDDING-1259 | Other | 12916.78,Android,B26,RAMP_501_1500,CREATED,idem-20260902-apk-1259
1260,MTR-APK-1260,Business,Business,Business Operations,Tax,Expense,2026-05-27,16:24:17,2026-05-27 16:24:17,50696.1,INR,-50696.1,APK Owner,,,MAESTRO-APK-BUSINESS-BUSINESS_OPERATIONS-1260 | Tax | 50696.10,Android,B26,RAMP_501_1500,CREATED,idem-20260902-apk-1260
1261,MTR-APK-1261,Personal,Personal,Life Operations,Repairs,Expense,2026-02-26,14:04:40,2026-02-26 14:04:40,12445.12,INR,-12445.12,APK Owner,,,MAESTRO-APK-PERSONAL-LIFE_OPERATIONS-1261 | Repairs | 12445.12,Android,B26,RAMP_501_1500,CREATED,idem-20260902-apk-1261
1262,MTR-APK-1262,Group,Shared Experience,Office Outing,Food,Expense,2026-06-09,19:32:52,2026-06-09 19:32:52,10590.17,INR,-10590.17,APK Owner,3,EQUAL,MAESTRO-APK-GROUP-OFFICE_OUTING-1262 | Food | 10590.17,Android,B26,RAMP_501_1500,CREATED,idem-20260902-apk-1262
1263,MTR-APK-1263,Business,Business,Team Operations,Payroll,Expense,2026-05-26,22:39:44,2026-05-26 22:39:44,51661.2,INR,-51661.2,APK Owner,,,MAESTRO-APK-BUSINESS-TEAM_OPERATIONS-1263 | Payroll | 51661.20,Android,B26,RAMP_501_1500,CREATED,idem-20260902-apk-1263
1264,MTR-APK-1264,Personal,Personal,Future Building,Savings,Transfer,2025-11-22,01:46:27,2025-11-22 01:46:27,12090.79,INR,0.0,APK Owner,,,MAESTRO-APK-PERSONAL-FUTURE_BUILDING-1264 | Savings | 12090.79,Android,B26,RAMP_501_1500,CREATED,idem-20260902-apk-1264
1265,MTR-APK-1265,Group,Shared Experience,Office Outing,Travel,Expense,2025-10-06,03:47:55,2025-10-06 03:47:55,16223.09,INR,-16223.09,APK Aarav,3,PERCENTAGE,MAESTRO-APK-GROUP-OFFICE_OUTING-1265 | Travel | 16223.09,Android,B26,RAMP_501_1500,CREATED,idem-20260902-apk-1265
1266,MTR-APK-1266,Business,Business,Team Operations,Contractor,Expense,2026-07-11,18:41:26,2026-07-11 18:41:26,119303.33,INR,-119303.33,APK Owner,,,MAESTRO-APK-BUSINESS-TEAM_OPERATIONS-1266 | Contractor | 119303.33,Android,B26,RAMP_501_1500,CREATED,idem-20260902-apk-1266
1267,MTR-APK-1267,Personal,Personal,Future Building,Emergency Fund,Transfer,2026-01-08,02:47:14,2026-01-08 02:47:14,16191.54,INR,0.0,APK Owner,,,MAESTRO-APK-PERSONAL-FUTURE_BUILDING-1267 | Emergency Fund | 16191.54,Android,B26,RAMP_501_1500,CREATED,idem-20260902-apk-1267
1268,MTR-APK-1268,Group,Shared Experience,Office Outing,Activities,Expense,2026-06-18,22:53:42,2026-06-18 22:53:42,24168.7,INR,-24168.7,APK Meera,3,EXACT,MAESTRO-APK-GROUP-OFFICE_OUTING-1268 | Activities | 24168.70,Android,B26,RAMP_501_1500,CREATED,idem-20260902-apk-1268
1269,MTR-APK-1269,Business,Business,Team Operations,Hiring,Expense,2026-02-23,10:32:13,2026-02-23 10:32:13,96712.95,INR,-96712.95,APK Owner,,,MAESTRO-APK-BUSINESS-TEAM_OPERATIONS-1269 | Hiring | 96712.95,Android,B26,RAMP_501_1500,CREATED,idem-20260902-apk-1269
1270,MTR-APK-1270,Personal,Personal,Future Building,Investments,Investment,2025-11-30,18:55:11,2025-11-30 18:55:11,3376.81,INR,0.0,APK Owner,,,MAESTRO-APK-PERSONAL-FUTURE_BUILDING-1270 | Investments | 3376.81,Android,B26,RAMP_501_1500,CREATED,idem-20260902-apk-1270
1271,MTR-APK-1271,Group,Shared Experience,Office Outing,Venue,Expense,2026-08-27,01:44:53,2026-08-27 01:44:53,2030.27,INR,-2030.27,APK Owner,3,SHARES,MAESTRO-APK-GROUP-OFFICE_OUTING-1271 | Venue | 2030.27,Android,B26,RAMP_501_1500,CREATED,idem-20260902-apk-1271
1272,MTR-APK-1272,Business,Business,Team Operations,Team Meal,Expense,2026-03-21,09:49:18,2026-03-21 09:49:18,164964.63,INR,-164964.63,APK Owner,,,MAESTRO-APK-BUSINESS-TEAM_OPERATIONS-1272 | Team Meal | 164964.63,Android,B26,RAMP_501_1500,CREATED,idem-20260902-apk-1272
1273,MTR-APK-1273,Personal,Personal,Future Building,Education,Expense,2026-03-19,20:26:25,2026-03-19 20:26:25,5273.35,INR,-5273.35,APK Owner,,,MAESTRO-APK-PERSONAL-FUTURE_BUILDING-1273 | Education | 5273.35,Android,B26,RAMP_501_1500,CREATED,idem-20260902-apk-1273
1274,MTR-APK-1274,Group,Shared Experience,Office Outing,Other,Expense,2026-05-25,20:37:24,2026-05-25 20:37:24,12069.17,INR,-12069.17,APK Aarav,3,EQUAL,MAESTRO-APK-GROUP-OFFICE_OUTING-1274 | Other | 12069.17,Android,B26,RAMP_501_1500,CREATED,idem-20260902-apk-1274
1275,MTR-APK-1275,Business,Business,Team Operations,Travel,Expense,2026-01-30,22:53:58,2026-01-30 22:53:58,168566.14,INR,-168566.14,APK Owner,,,MAESTRO-APK-BUSINESS-TEAM_OPERATIONS-1275 | Travel | 168566.14,Android,B26,RAMP_501_1500,CREATED,idem-20260902-apk-1275
1276,MTR-APK-1276,Personal,Personal,Future Building,Goal Contribution,Transfer,2025-12-01,22:56:03,2025-12-01 22:56:03,713.32,INR,0.0,APK Owner,,,MAESTRO-APK-PERSONAL-FUTURE_BUILDING-1276 | Goal Contribution | 713.32,Android,B26,RAMP_501_1500,CREATED,idem-20260902-apk-1276
1277,MTR-APK-1277,Group,Shared Experience,House Party,Food,Expense,2025-10-28,23:11:28,2025-10-28 23:11:28,20746.93,INR,-20746.93,APK Meera,3,PERCENTAGE,MAESTRO-APK-GROUP-HOUSE_PARTY-1277 | Food | 20746.93,Android,B26,RAMP_501_1500,CREATED,idem-20260902-apk-1277
1278,MTR-APK-1278,Business,Business,Team Operations,Training,Expense,2026-02-15,00:10:41,2026-02-15 00:10:41,19286.1,INR,-19286.1,APK Owner,,,MAESTRO-APK-BUSINESS-TEAM_OPERATIONS-1278 | Training | 19286.10,Android,B26,RAMP_501_1500,CREATED,idem-20260902-apk-1278
1279,MTR-APK-1279,Personal,Personal,Lifestyle,Dining,Expense,2026-05-09,16:26:33,2026-05-09 16:26:33,3363.55,INR,-3363.55,APK Owner,,,MAESTRO-APK-PERSONAL-LIFESTYLE-1279 | Dining | 3363.55,Android,B26,RAMP_501_1500,CREATED,idem-20260902-apk-1279
1280,MTR-APK-1280,Group,Shared Experience,House Party,Drinks,Expense,2026-06-30,21:46:13,2026-06-30 21:46:13,3567.96,INR,-3567.96,APK Owner,3,EXACT,MAESTRO-APK-GROUP-HOUSE_PARTY-1280 | Drinks | 3567.96,Android,B26,RAMP_501_1500,CREATED,idem-20260902-apk-1280
1281,MTR-APK-1281,Business,Business,Team Operations,Tools,Expense,2026-04-20,16:17:00,2026-04-20 16:17:00,114592.13,INR,-114592.13,APK Owner,,,MAESTRO-APK-BUSINESS-TEAM_OPERATIONS-1281 | Tools | 114592.13,Android,B26,RAMP_501_1500,CREATED,idem-20260902-apk-1281
1282,MTR-APK-1282,Personal,Personal,Lifestyle,Shopping,Expense,2026-05-12,20:07:59,2026-05-12 20:07:59,866.14,INR,-866.14,APK Owner,,,MAESTRO-APK-PERSONAL-LIFESTYLE-1282 | Shopping | 866.14,Android,B26,RAMP_501_1500,CREATED,idem-20260902-apk-1282
1283,MTR-APK-1283,Group,Shared Experience,House Party,Decor,Expense,2026-05-07,11:24:32,2026-05-07 11:24:32,141.02,INR,-141.02,APK Aarav,3,SHARES,MAESTRO-APK-GROUP-HOUSE_PARTY-1283 | Decor | 141.02,Android,B26,RAMP_501_1500,CREATED,idem-20260902-apk-1283
1284,MTR-APK-1284,Business,Business,Business Runway,Funding,Income,2026-06-03,12:26:23,2026-06-03 12:26:23,68751.41,INR,68751.41,APK Owner,,,MAESTRO-APK-BUSINESS-BUSINESS_RUNWAY-1284 | Funding | 68751.41,Android,B26,RAMP_501_1500,CREATED,idem-20260902-apk-1284
1285,MTR-APK-1285,Personal,Personal,Lifestyle,Entertainment,Expense,2026-09-01,14:44:51,2026-09-01 14:44:51,10244.59,INR,-10244.59,APK Owner,,,MAESTRO-APK-PERSONAL-LIFESTYLE-1285 | Entertainment | 10244.59,Android,B26,RAMP_501_1500,CREATED,idem-20260902-apk-1285
1286,MTR-APK-1286,Group,Shared Experience,House Party,Supplies,Expense,2026-08-12,03:20:24,2026-08-12 03:20:24,21697.22,INR,-21697.22,APK Meera,3,EQUAL,MAESTRO-APK-GROUP-HOUSE_PARTY-1286 | Supplies | 21697.22,Android,B26,RAMP_501_1500,CREATED,idem-20260902-apk-1286
1287,MTR-APK-1287,Business,Business,Business Runway,Revenue,Income,2026-07-27,03:01:45,2026-07-27 03:01:45,136404.63,INR,136404.63,APK Owner,,,MAESTRO-APK-BUSINESS-BUSINESS_RUNWAY-1287 | Revenue | 136404.63,Android,B26,RAMP_501_1500,CREATED,idem-20260902-apk-1287
1288,MTR-APK-1288,Personal,Personal,Lifestyle,Travel,Expense,2026-05-15,20:33:29,2026-05-15 20:33:29,14251.51,INR,-14251.51,APK Owner,,,MAESTRO-APK-PERSONAL-LIFESTYLE-1288 | Travel | 14251.51,Android,B26,RAMP_501_1500,CREATED,idem-20260902-apk-1288
1289,MTR-APK-1289,Group,Shared Experience,House Party,Other,Expense,2025-10-22,05:01:32,2025-10-22 05:01:32,26370.98,INR,-26370.98,APK Owner,3,PERCENTAGE,MAESTRO-APK-GROUP-HOUSE_PARTY-1289 | Other | 26370.98,Android,B26,RAMP_501_1500,CREATED,idem-20260902-apk-1289
1290,MTR-APK-1290,Business,Business,Business Runway,Burn,Expense,2025-12-14,11:51:17,2025-12-14 11:51:17,87232.28,INR,-87232.28,APK Owner,,,MAESTRO-APK-BUSINESS-BUSINESS_RUNWAY-1290 | Burn | 87232.28,Android,B26,RAMP_501_1500,CREATED,idem-20260902-apk-1290
1291,MTR-APK-1291,Personal,Personal,Lifestyle,Fitness,Expense,2025-11-02,05:56:54,2025-11-02 05:56:54,662.41,INR,-662.41,APK Owner,,,MAESTRO-APK-PERSONAL-LIFESTYLE-1291 | Fitness | 662.41,Android,B26,RAMP_501_1500,CREATED,idem-20260902-apk-1291
1292,MTR-APK-1292,Group,Shared Purchase,Gift Pool,Contribution,Contribution,2026-01-22,22:36:50,2026-01-22 22:36:50,828.55,INR,828.55,APK Aarav,3,EXACT,MAESTRO-APK-GROUP-GIFT_POOL-1292 | Contribution | 828.55,Android,B26,RAMP_501_1500,CREATED,idem-20260902-apk-1292
1293,MTR-APK-1293,Business,Business,Business Runway,Reserve,Transfer,2026-04-28,22:10:59,2026-04-28 22:10:59,21798.79,INR,0.0,APK Owner,,,MAESTRO-APK-BUSINESS-BUSINESS_RUNWAY-1293 | Reserve | 21798.79,Android,B26,RAMP_501_1500,CREATED,idem-20260902-apk-1293
1294,MTR-APK-1294,Personal,Personal,Lifestyle,Hobbies,Expense,2025-11-18,17:22:14,2025-11-18 17:22:14,15120.08,INR,-15120.08,APK Owner,,,MAESTRO-APK-PERSONAL-LIFESTYLE-1294 | Hobbies | 15120.08,Android,B26,RAMP_501_1500,CREATED,idem-20260902-apk-1294
1295,MTR-APK-1295,Group,Shared Purchase,Gift Pool,Gift Purchase,Expense,2026-03-31,23:34:18,2026-03-31 23:34:18,10000.0,INR,-10000.0,APK Meera,3,SHARES,MAESTRO-APK-GROUP-GIFT_POOL-1295 | Gift Purchase | 10000.00,Android,B26,RAMP_501_1500,CREATED,idem-20260902-apk-1295
1296,MTR-APK-1296,Business,Business,Business Runway,Loan,Income,2026-07-02,10:37:25,2026-07-02 10:37:25,22211.18,INR,22211.18,APK Owner,,,MAESTRO-APK-BUSINESS-BUSINESS_RUNWAY-1296 | Loan | 22211.18,Android,B26,RAMP_501_1500,CREATED,idem-20260902-apk-1296
1297,MTR-APK-1297,Personal,Personal,Relationships,Gifts,Expense,2026-04-29,11:06:09,2026-04-29 11:06:09,5286.14,INR,-5286.14,APK Owner,,,MAESTRO-APK-PERSONAL-RELATIONSHIPS-1297 | Gifts | 5286.14,Android,B26,RAMP_501_1500,CREATED,idem-20260902-apk-1297
1298,MTR-APK-1298,Group,Shared Purchase,Gift Pool,Delivery,Expense,2025-11-16,18:13:58,2025-11-16 18:13:58,19859.72,INR,-19859.72,APK Owner,3,EQUAL,MAESTRO-APK-GROUP-GIFT_POOL-1298 | Delivery | 19859.72,Android,B26,RAMP_501_1500,CREATED,idem-20260902-apk-1298
1299,MTR-APK-1299,Business,Business,Business Runway,Investment,Income,2026-05-07,18:10:56,2026-05-07 18:10:56,142741.21,INR,142741.21,APK Owner,,,MAESTRO-APK-BUSINESS-BUSINESS_RUNWAY-1299 | Investment | 142741.21,Android,B26,RAMP_501_1500,CREATED,idem-20260902-apk-1299
1300,MTR-APK-1300,Personal,Personal,Relationships,Dates,Expense,2025-11-22,19:45:06,2025-11-22 19:45:06,1299.46,INR,-1299.46,APK Owner,,,MAESTRO-APK-PERSONAL-RELATIONSHIPS-1300 | Dates | 1299.46,Android,B26,RAMP_501_1500,CREATED,idem-20260902-apk-1300
1301,MTR-APK-1301,Group,Shared Purchase,Gift Pool,Other,Expense,2026-03-02,04:37:51,2026-03-02 04:37:51,29127.25,INR,-29127.25,APK Aarav,3,PERCENTAGE,MAESTRO-APK-GROUP-GIFT_POOL-1301 | Other | 29127.25,Android,B27,RAMP_501_1500,CREATED,idem-20260902-apk-1301
1302,MTR-APK-1302,Business,Business,Business Operations,Software,Expense,2026-03-25,13:54:45,2026-03-25 13:54:45,123387.1,INR,-123387.1,APK Owner,,,MAESTRO-APK-BUSINESS-BUSINESS_OPERATIONS-1302 | Software | 123387.10,Android,B27,RAMP_501_1500,CREATED,idem-20260902-apk-1302
1303,MTR-APK-1303,Personal,Personal,Relationships,Family,Expense,2026-08-11,10:20:13,2026-08-11 10:20:13,18338.77,INR,-18338.77,APK Owner,,,MAESTRO-APK-PERSONAL-RELATIONSHIPS-1303 | Family | 18338.77,Android,B27,RAMP_501_1500,CREATED,idem-20260902-apk-1303
1304,MTR-APK-1304,Group,Shared Purchase,Purchase,Item,Expense,2026-07-16,01:10:50,2026-07-16 01:10:50,14690.79,INR,-14690.79,APK Meera,3,EXACT,MAESTRO-APK-GROUP-PURCHASE-1304 | Item | 14690.79,Android,B27,RAMP_501_1500,CREATED,idem-20260902-apk-1304
1305,MTR-APK-1305,Business,Business,Business Operations,Rent,Expense,2026-07-31,05:26:31,2026-07-31 05:26:31,61009.23,INR,-61009.23,APK Owner,,,MAESTRO-APK-BUSINESS-BUSINESS_OPERATIONS-1305 | Rent | 61009.23,Android,B27,RAMP_501_1500,CREATED,idem-20260902-apk-1305
1306,MTR-APK-1306,Personal,Personal,Relationships,Friends,Expense,2026-01-06,10:24:31,2026-01-06 10:24:31,17268.48,INR,-17268.48,APK Owner,,,MAESTRO-APK-PERSONAL-RELATIONSHIPS-1306 | Friends | 17268.48,Android,B27,RAMP_501_1500,CREATED,idem-20260902-apk-1306
1307,MTR-APK-1307,Group,Shared Purchase,Purchase,Shipping,Expense,2026-02-26,17:25:39,2026-02-26 17:25:39,17922.26,INR,-17922.26,APK Owner,3,SHARES,MAESTRO-APK-GROUP-PURCHASE-1307 | Shipping | 17922.26,Android,B27,RAMP_501_1500,CREATED,idem-20260902-apk-1307
1308,MTR-APK-1308,Business,Business,Business Operations,Marketing,Expense,2026-03-03,21:46:18,2026-03-03 21:46:18,122892.5,INR,-122892.5,APK Owner,,,MAESTRO-APK-BUSINESS-BUSINESS_OPERATIONS-1308 | Marketing | 122892.50,Android,B27,RAMP_501_1500,CREATED,idem-20260902-apk-1308
1309,MTR-APK-1309,Personal,Personal,Relationships,Celebrations,Expense,2025-11-27,20:19:24,2025-11-27 20:19:24,8251.02,INR,-8251.02,APK Owner,,,MAESTRO-APK-PERSONAL-RELATIONSHIPS-1309 | Celebrations | 8251.02,Android,B27,RAMP_501_1500,CREATED,idem-20260902-apk-1309
1310,MTR-APK-1310,Group,Shared Purchase,Purchase,Tax,Expense,2025-11-26,11:39:32,2025-11-26 11:39:32,20665.53,INR,-20665.53,APK Aarav,3,EQUAL,MAESTRO-APK-GROUP-PURCHASE-1310 | Tax | 20665.53,Android,B27,RAMP_501_1500,CREATED,idem-20260902-apk-1310
1311,MTR-APK-1311,Business,Business,Business Operations,Legal,Expense,2026-03-01,03:42:42,2026-03-01 03:42:42,770.06,INR,-770.06,APK Owner,,,MAESTRO-APK-BUSINESS-BUSINESS_OPERATIONS-1311 | Legal | 770.06,Android,B27,RAMP_501_1500,CREATED,idem-20260902-apk-1311
1312,MTR-APK-1312,Personal,Personal,Life Operations,Groceries,Expense,2026-08-07,11:20:04,2026-08-07 11:20:04,4769.62,INR,-4769.62,APK Owner,,,MAESTRO-APK-PERSONAL-LIFE_OPERATIONS-1312 | Groceries | 4769.62,Android,B27,RAMP_501_1500,CREATED,idem-20260902-apk-1312
1313,MTR-APK-1313,Group,Shared Purchase,Purchase,Other,Expense,2026-05-05,04:05:25,2026-05-05 04:05:25,21216.41,INR,-21216.41,APK Meera,3,PERCENTAGE,MAESTRO-APK-GROUP-PURCHASE-1313 | Other | 21216.41,Android,B27,RAMP_501_1500,CREATED,idem-20260902-apk-1313
1314,MTR-APK-1314,Business,Business,Business Operations,Accounting,Expense,2025-12-12,22:34:14,2025-12-12 22:34:14,104365.62,INR,-104365.62,APK Owner,,,MAESTRO-APK-BUSINESS-BUSINESS_OPERATIONS-1314 | Accounting | 104365.62,Android,B27,RAMP_501_1500,CREATED,idem-20260902-apk-1314
1315,MTR-APK-1315,Personal,Personal,Life Operations,Rent,Expense,2026-04-23,12:07:08,2026-04-23 12:07:08,9374.93,INR,-9374.93,APK Owner,,,MAESTRO-APK-PERSONAL-LIFE_OPERATIONS-1315 | Rent | 9374.93,Android,B27,RAMP_501_1500,CREATED,idem-20260902-apk-1315
1316,MTR-APK-1316,Group,Shared Purchase,Assets,Purchase,Expense,2026-08-18,23:32:06,2026-08-18 23:32:06,27052.22,INR,-27052.22,APK Owner,3,EXACT,MAESTRO-APK-GROUP-ASSETS-1316 | Purchase | 27052.22,Android,B27,RAMP_501_1500,CREATED,idem-20260902-apk-1316
1317,MTR-APK-1317,Business,Business,Business Operations,Equipment,Expense,2025-12-23,18:58:02,2025-12-23 18:58:02,153241.38,INR,-153241.38,APK Owner,,,MAESTRO-APK-BUSINESS-BUSINESS_OPERATIONS-1317 | Equipment | 153241.38,Android,B27,RAMP_501_1500,CREATED,idem-20260902-apk-1317
1318,MTR-APK-1318,Personal,Personal,Life Operations,Bills,Expense,2026-02-05,00:44:04,2026-02-05 00:44:04,4627.47,INR,-4627.47,APK Owner,,,MAESTRO-APK-PERSONAL-LIFE_OPERATIONS-1318 | Bills | 4627.47,Android,B27,RAMP_501_1500,CREATED,idem-20260902-apk-1318
1319,MTR-APK-1319,Group,Shared Purchase,Assets,Maintenance,Expense,2025-10-12,15:05:23,2025-10-12 15:05:23,114.97,INR,-114.97,APK Aarav,3,SHARES,MAESTRO-APK-GROUP-ASSETS-1319 | Maintenance | 114.97,Android,B27,RAMP_501_1500,CREATED,idem-20260902-apk-1319
1320,MTR-APK-1320,Business,Business,Business Operations,Vendor,Expense,2026-08-22,02:01:36,2026-08-22 02:01:36,108422.66,INR,-108422.66,APK Owner,,,MAESTRO-APK-BUSINESS-BUSINESS_OPERATIONS-1320 | Vendor | 108422.66,Android,B27,RAMP_501_1500,CREATED,idem-20260902-apk-1320
1321,MTR-APK-1321,Personal,Personal,Life Operations,Transport,Expense,2025-09-30,23:14:51,2025-09-30 23:14:51,5112.05,INR,-5112.05,APK Owner,,,MAESTRO-APK-PERSONAL-LIFE_OPERATIONS-1321 | Transport | 5112.05,Android,B27,RAMP_501_1500,CREATED,idem-20260902-apk-1321
1322,MTR-APK-1322,Group,Shared Purchase,Assets,Repair,Expense,2025-11-16,01:41:37,2025-11-16 01:41:37,19746.41,INR,-19746.41,APK Meera,3,EQUAL,MAESTRO-APK-GROUP-ASSETS-1322 | Repair | 19746.41,Android,B27,RAMP_501_1500,CREATED,idem-20260902-apk-1322
1323,MTR-APK-1323,Business,Business,Business Operations,Tax,Expense,2026-06-25,13:44:13,2026-06-25 13:44:13,80003.53,INR,-80003.53,APK Owner,,,MAESTRO-APK-BUSINESS-BUSINESS_OPERATIONS-1323 | Tax | 80003.53,Android,B27,RAMP_501_1500,CREATED,idem-20260902-apk-1323
1324,MTR-APK-1324,Personal,Personal,Life Operations,Healthcare,Expense,2025-09-19,00:57:51,2025-09-19 00:57:51,12593.44,INR,-12593.44,APK Owner,,,MAESTRO-APK-PERSONAL-LIFE_OPERATIONS-1324 | Healthcare | 12593.44,Android,B27,RAMP_501_1500,CREATED,idem-20260902-apk-1324
1325,MTR-APK-1325,Group,Shared Purchase,Assets,Insurance,Expense,2026-08-12,03:29:30,2026-08-12 03:29:30,11775.13,INR,-11775.13,APK Owner,3,PERCENTAGE,MAESTRO-APK-GROUP-ASSETS-1325 | Insurance | 11775.13,Android,B27,RAMP_501_1500,CREATED,idem-20260902-apk-1325
1326,MTR-APK-1326,Business,Business,Team Operations,Payroll,Expense,2026-03-23,02:35:54,2026-03-23 02:35:54,13666.84,INR,-13666.84,APK Owner,,,MAESTRO-APK-BUSINESS-TEAM_OPERATIONS-1326 | Payroll | 13666.84,Android,B27,RAMP_501_1500,CREATED,idem-20260902-apk-1326
1327,MTR-APK-1327,Personal,Personal,Life Operations,Subscriptions,Expense,2026-06-20,22:31:17,2026-06-20 22:31:17,5373.37,INR,-5373.37,APK Owner,,,MAESTRO-APK-PERSONAL-LIFE_OPERATIONS-1327 | Subscriptions | 5373.37,Android,B27,RAMP_501_1500,CREATED,idem-20260902-apk-1327
1328,MTR-APK-1328,Group,Shared Purchase,Assets,Other,Expense,2025-12-16,12:20:17,2025-12-16 12:20:17,5236.89,INR,-5236.89,APK Aarav,3,EXACT,MAESTRO-APK-GROUP-ASSETS-1328 | Other | 5236.89,Android,B27,RAMP_501_1500,CREATED,idem-20260902-apk-1328
1329,MTR-APK-1329,Business,Business,Team Operations,Contractor,Expense,2025-09-16,08:00:23,2025-09-16 08:00:23,18482.55,INR,-18482.55,APK Owner,,,MAESTRO-APK-BUSINESS-TEAM_OPERATIONS-1329 | Contractor | 18482.55,Android,B27,RAMP_501_1500,CREATED,idem-20260902-apk-1329
1330,MTR-APK-1330,Personal,Personal,Life Operations,Repairs,Expense,2025-09-08,12:53:11,2025-09-08 12:53:11,10389.08,INR,-10389.08,APK Owner,,,MAESTRO-APK-PERSONAL-LIFE_OPERATIONS-1330 | Repairs | 10389.08,Android,B27,RAMP_501_1500,CREATED,idem-20260902-apk-1330
1331,MTR-APK-1331,Group,Shared Purchase,Custom Purchase,Custom Expense,Expense,2026-06-25,23:46:01,2026-06-25 23:46:01,20697.32,INR,-20697.32,APK Meera,3,SHARES,MAESTRO-APK-GROUP-CUSTOM_PURCHASE-1331 | Custom Expense | 20697.32,Android,B27,RAMP_501_1500,CREATED,idem-20260902-apk-1331
1332,MTR-APK-1332,Business,Business,Team Operations,Hiring,Expense,2026-08-04,11:08:25,2026-08-04 11:08:25,0.01,INR,-0.01,APK Owner,,,MAESTRO-APK-BUSINESS-TEAM_OPERATIONS-1332 | Hiring | 0.01,Android,B27,RAMP_501_1500,CREATED,idem-20260902-apk-1332
1333,MTR-APK-1333,Personal,Personal,Future Building,Savings,Transfer,2026-03-28,00:32:15,2026-03-28 00:32:15,17170.52,INR,0.0,APK Owner,,,MAESTRO-APK-PERSONAL-FUTURE_BUILDING-1333 | Savings | 17170.52,Android,B27,RAMP_501_1500,CREATED,idem-20260902-apk-1333
1334,MTR-APK-1334,Group,Shared Purchase,Custom Purchase,Custom Contribution,Contribution,2026-05-20,00:44:06,2026-05-20 00:44:06,9749.3,INR,9749.3,APK Owner,3,EQUAL,MAESTRO-APK-GROUP-CUSTOM_PURCHASE-1334 | Custom Contribution | 9749.30,Android,B27,RAMP_501_1500,CREATED,idem-20260902-apk-1334
1335,MTR-APK-1335,Business,Business,Team Operations,Team Meal,Expense,2025-10-01,07:28:55,2025-10-01 07:28:55,81355.53,INR,-81355.53,APK Owner,,,MAESTRO-APK-BUSINESS-TEAM_OPERATIONS-1335 | Team Meal | 81355.53,Android,B27,RAMP_501_1500,CREATED,idem-20260902-apk-1335
1336,MTR-APK-1336,Personal,Personal,Future Building,Emergency Fund,Transfer,2026-03-09,19:58:21,2026-03-09 19:58:21,8466.12,INR,0.0,APK Owner,,,MAESTRO-APK-PERSONAL-FUTURE_BUILDING-1336 | Emergency Fund | 8466.12,Android,B27,RAMP_501_1500,CREATED,idem-20260902-apk-1336
1337,MTR-APK-1337,Group,Shared Living,Flatmates,Rent,Expense,2025-11-23,15:19:32,2025-11-23 15:19:32,21542.94,INR,-21542.94,APK Aarav,3,PERCENTAGE,MAESTRO-APK-GROUP-FLATMATES-1337 | Rent | 21542.94,Android,B27,RAMP_501_1500,CREATED,idem-20260902-apk-1337
1338,MTR-APK-1338,Business,Business,Team Operations,Travel,Expense,2026-07-15,22:58:05,2026-07-15 22:58:05,111800.85,INR,-111800.85,APK Owner,,,MAESTRO-APK-BUSINESS-TEAM_OPERATIONS-1338 | Travel | 111800.85,Android,B27,RAMP_501_1500,CREATED,idem-20260902-apk-1338
1339,MTR-APK-1339,Personal,Personal,Future Building,Investments,Investment,2025-09-18,07:16:13,2025-09-18 07:16:13,6973.83,INR,0.0,APK Owner,,,MAESTRO-APK-PERSONAL-FUTURE_BUILDING-1339 | Investments | 6973.83,Android,B27,RAMP_501_1500,CREATED,idem-20260902-apk-1339
1340,MTR-APK-1340,Group,Shared Living,Flatmates,Utilities,Expense,2026-05-21,16:17:45,2026-05-21 16:17:45,21685.38,INR,-21685.38,APK Meera,3,EXACT,MAESTRO-APK-GROUP-FLATMATES-1340 | Utilities | 21685.38,Android,B27,RAMP_501_1500,CREATED,idem-20260902-apk-1340
1341,MTR-APK-1341,Business,Business,Team Operations,Training,Expense,2026-04-04,11:08:56,2026-04-04 11:08:56,91184.38,INR,-91184.38,APK Owner,,,MAESTRO-APK-BUSINESS-TEAM_OPERATIONS-1341 | Training | 91184.38,Android,B27,RAMP_501_1500,CREATED,idem-20260902-apk-1341
1342,MTR-APK-1342,Personal,Personal,Future Building,Education,Expense,2026-04-14,11:03:14,2026-04-14 11:03:14,19069.52,INR,-19069.52,APK Owner,,,MAESTRO-APK-PERSONAL-FUTURE_BUILDING-1342 | Education | 19069.52,Android,B27,RAMP_501_1500,CREATED,idem-20260902-apk-1342
1343,MTR-APK-1343,Group,Shared Living,Flatmates,Groceries,Expense,2026-06-07,20:51:13,2026-06-07 20:51:13,13589.33,INR,-13589.33,APK Owner,3,SHARES,MAESTRO-APK-GROUP-FLATMATES-1343 | Groceries | 13589.33,Android,B27,RAMP_501_1500,CREATED,idem-20260902-apk-1343
1344,MTR-APK-1344,Business,Business,Team Operations,Tools,Expense,2025-10-23,03:55:16,2025-10-23 03:55:16,59605.26,INR,-59605.26,APK Owner,,,MAESTRO-APK-BUSINESS-TEAM_OPERATIONS-1344 | Tools | 59605.26,Android,B27,RAMP_501_1500,CREATED,idem-20260902-apk-1344
1345,MTR-APK-1345,Personal,Personal,Future Building,Goal Contribution,Transfer,2025-09-28,03:00:16,2025-09-28 03:00:16,6914.44,INR,0.0,APK Owner,,,MAESTRO-APK-PERSONAL-FUTURE_BUILDING-1345 | Goal Contribution | 6914.44,Android,B27,RAMP_501_1500,CREATED,idem-20260902-apk-1345
1346,MTR-APK-1346,Group,Shared Living,Flatmates,Internet,Expense,2025-09-28,13:31:21,2025-09-28 13:31:21,13424.04,INR,-13424.04,APK Aarav,3,EQUAL,MAESTRO-APK-GROUP-FLATMATES-1346 | Internet | 13424.04,Android,B27,RAMP_501_1500,CREATED,idem-20260902-apk-1346
1347,MTR-APK-1347,Business,Business,Business Runway,Funding,Income,2026-03-12,19:04:06,2026-03-12 19:04:06,131071.29,INR,131071.29,APK Owner,,,MAESTRO-APK-BUSINESS-BUSINESS_RUNWAY-1347 | Funding | 131071.29,Android,B27,RAMP_501_1500,CREATED,idem-20260902-apk-1347
1348,MTR-APK-1348,Personal,Personal,Lifestyle,Dining,Expense,2025-10-31,14:42:59,2025-10-31 14:42:59,6665.04,INR,-6665.04,APK Owner,,,MAESTRO-APK-PERSONAL-LIFESTYLE-1348 | Dining | 6665.04,Android,B27,RAMP_501_1500,CREATED,idem-20260902-apk-1348
1349,MTR-APK-1349,Group,Shared Living,Flatmates,House Supplies,Expense,2026-04-23,17:09:02,2026-04-23 17:09:02,9840.96,INR,-9840.96,APK Meera,3,PERCENTAGE,MAESTRO-APK-GROUP-FLATMATES-1349 | House Supplies | 9840.96,Android,B27,RAMP_501_1500,CREATED,idem-20260902-apk-1349
1350,MTR-APK-1350,Business,Business,Business Runway,Revenue,Income,2026-04-23,05:54:39,2026-04-23 05:54:39,24004.47,INR,24004.47,APK Owner,,,MAESTRO-APK-BUSINESS-BUSINESS_RUNWAY-1350 | Revenue | 24004.47,Android,B27,RAMP_501_1500,CREATED,idem-20260902-apk-1350
1351,MTR-APK-1351,Personal,Personal,Lifestyle,Shopping,Expense,2025-12-31,06:32:34,2025-12-31 06:32:34,11905.88,INR,-11905.88,APK Owner,,,MAESTRO-APK-PERSONAL-LIFESTYLE-1351 | Shopping | 11905.88,Android,B28,RAMP_501_1500,CREATED,idem-20260902-apk-1351
1352,MTR-APK-1352,Group,Shared Living,Flatmates,Repairs,Expense,2025-12-26,16:46:46,2025-12-26 16:46:46,5216.25,INR,-5216.25,APK Owner,3,EXACT,MAESTRO-APK-GROUP-FLATMATES-1352 | Repairs | 5216.25,Android,B28,RAMP_501_1500,CREATED,idem-20260902-apk-1352
1353,MTR-APK-1353,Business,Business,Business Runway,Burn,Expense,2025-09-22,06:11:22,2025-09-22 06:11:22,26095.0,INR,-26095.0,APK Owner,,,MAESTRO-APK-BUSINESS-BUSINESS_RUNWAY-1353 | Burn | 26095.00,Android,B28,RAMP_501_1500,CREATED,idem-20260902-apk-1353
1354,MTR-APK-1354,Personal,Personal,Lifestyle,Entertainment,Expense,2025-09-22,00:42:32,2025-09-22 00:42:32,10515.46,INR,-10515.46,APK Owner,,,MAESTRO-APK-PERSONAL-LIFESTYLE-1354 | Entertainment | 10515.46,Android,B28,RAMP_501_1500,CREATED,idem-20260902-apk-1354
1355,MTR-APK-1355,Group,Shared Living,Shared Living,Rent,Expense,2026-08-06,14:40:14,2026-08-06 14:40:14,2859.55,INR,-2859.55,APK Aarav,3,SHARES,MAESTRO-APK-GROUP-SHARED_LIVING-1355 | Rent | 2859.55,Android,B28,RAMP_501_1500,CREATED,idem-20260902-apk-1355
1356,MTR-APK-1356,Business,Business,Business Runway,Reserve,Transfer,2025-11-07,20:22:09,2025-11-07 20:22:09,121294.23,INR,0.0,APK Owner,,,MAESTRO-APK-BUSINESS-BUSINESS_RUNWAY-1356 | Reserve | 121294.23,Android,B28,RAMP_501_1500,CREATED,idem-20260902-apk-1356
1357,MTR-APK-1357,Personal,Personal,Lifestyle,Travel,Expense,2025-11-17,18:57:30,2025-11-17 18:57:30,7870.7,INR,-7870.7,APK Owner,,,MAESTRO-APK-PERSONAL-LIFESTYLE-1357 | Travel | 7870.70,Android,B28,RAMP_501_1500,CREATED,idem-20260902-apk-1357
1358,MTR-APK-1358,Group,Shared Living,Shared Living,Utilities,Expense,2026-01-30,08:18:37,2026-01-30 08:18:37,29567.09,INR,-29567.09,APK Meera,3,EQUAL,MAESTRO-APK-GROUP-SHARED_LIVING-1358 | Utilities | 29567.09,Android,B28,RAMP_501_1500,CREATED,idem-20260902-apk-1358
1359,MTR-APK-1359,Business,Business,Business Runway,Loan,Income,2025-12-31,22:49:15,2025-12-31 22:49:15,97968.33,INR,97968.33,APK Owner,,,MAESTRO-APK-BUSINESS-BUSINESS_RUNWAY-1359 | Loan | 97968.33,Android,B28,RAMP_501_1500,CREATED,idem-20260902-apk-1359
1360,MTR-APK-1360,Personal,Personal,Lifestyle,Fitness,Expense,2026-04-24,19:08:01,2026-04-24 19:08:01,11664.62,INR,-11664.62,APK Owner,,,MAESTRO-APK-PERSONAL-LIFESTYLE-1360 | Fitness | 11664.62,Android,B28,RAMP_501_1500,CREATED,idem-20260902-apk-1360
1361,MTR-APK-1361,Group,Shared Living,Shared Living,Groceries,Expense,2026-08-04,07:14:37,2026-08-04 07:14:37,3031.72,INR,-3031.72,APK Owner,3,PERCENTAGE,MAESTRO-APK-GROUP-SHARED_LIVING-1361 | Groceries | 3031.72,Android,B28,RAMP_501_1500,CREATED,idem-20260902-apk-1361
1362,MTR-APK-1362,Business,Business,Business Runway,Investment,Income,2026-04-23,06:17:27,2026-04-23 06:17:27,2615.62,INR,2615.62,APK Owner,,,MAESTRO-APK-BUSINESS-BUSINESS_RUNWAY-1362 | Investment | 2615.62,Android,B28,RAMP_501_1500,CREATED,idem-20260902-apk-1362
1363,MTR-APK-1363,Personal,Personal,Lifestyle,Hobbies,Expense,2026-04-15,05:22:11,2026-04-15 05:22:11,1342.84,INR,-1342.84,APK Owner,,,MAESTRO-APK-PERSONAL-LIFESTYLE-1363 | Hobbies | 1342.84,Android,B28,RAMP_501_1500,CREATED,idem-20260902-apk-1363
1364,MTR-APK-1364,Group,Shared Living,Shared Living,Maintenance,Expense,2025-11-24,10:13:59,2025-11-24 10:13:59,23304.69,INR,-23304.69,APK Aarav,3,EXACT,MAESTRO-APK-GROUP-SHARED_LIVING-1364 | Maintenance | 23304.69,Android,B28,RAMP_501_1500,CREATED,idem-20260902-apk-1364
1365,MTR-APK-1365,Business,Business,Business Operations,Software,Expense,2026-08-05,10:53:21,2026-08-05 10:53:21,53444.59,INR,-53444.59,APK Owner,,,MAESTRO-APK-BUSINESS-BUSINESS_OPERATIONS-1365 | Software | 53444.59,Android,B28,RAMP_501_1500,CREATED,idem-20260902-apk-1365
1366,MTR-APK-1366,Personal,Personal,Relationships,Gifts,Expense,2025-10-15,01:59:38,2025-10-15 01:59:38,18050.7,INR,-18050.7,APK Owner,,,MAESTRO-APK-PERSONAL-RELATIONSHIPS-1366 | Gifts | 18050.70,Android,B28,RAMP_501_1500,CREATED,idem-20260902-apk-1366
1367,MTR-APK-1367,Group,Shared Living,Shared Living,Other,Expense,2026-01-13,02:52:55,2026-01-13 02:52:55,1558.67,INR,-1558.67,APK Meera,3,SHARES,MAESTRO-APK-GROUP-SHARED_LIVING-1367 | Other | 1558.67,Android,B28,RAMP_501_1500,CREATED,idem-20260902-apk-1367
1368,MTR-APK-1368,Business,Business,Business Operations,Rent,Expense,2026-01-08,20:26:02,2026-01-08 20:26:02,167560.08,INR,-167560.08,APK Owner,,,MAESTRO-APK-BUSINESS-BUSINESS_OPERATIONS-1368 | Rent | 167560.08,Android,B28,RAMP_501_1500,CREATED,idem-20260902-apk-1368
1369,MTR-APK-1369,Personal,Personal,Relationships,Dates,Expense,2026-06-27,22:43:31,2026-06-27 22:43:31,1.0,INR,-1.0,APK Owner,,,MAESTRO-APK-PERSONAL-RELATIONSHIPS-1369 | Dates | 1.00,Android,B28,RAMP_501_1500,CREATED,idem-20260902-apk-1369
1370,MTR-APK-1370,Group,Shared Living,Family Household,Transport,Expense,2026-01-31,08:51:19,2026-01-31 08:51:19,6136.63,INR,-6136.63,APK Owner,3,EQUAL,MAESTRO-APK-GROUP-FAMILY_HOUSEHOLD-1370 | Transport | 6136.63,Android,B28,RAMP_501_1500,CREATED,idem-20260902-apk-1370
1371,MTR-APK-1371,Business,Business,Business Operations,Marketing,Expense,2026-01-15,00:04:49,2026-01-15 00:04:49,24556.14,INR,-24556.14,APK Owner,,,MAESTRO-APK-BUSINESS-BUSINESS_OPERATIONS-1371 | Marketing | 24556.14,Android,B28,RAMP_501_1500,CREATED,idem-20260902-apk-1371
1372,MTR-APK-1372,Personal,Personal,Relationships,Family,Expense,2026-04-07,17:29:22,2026-04-07 17:29:22,9345.08,INR,-9345.08,APK Owner,,,MAESTRO-APK-PERSONAL-RELATIONSHIPS-1372 | Family | 9345.08,Android,B28,RAMP_501_1500,CREATED,idem-20260902-apk-1372
1373,MTR-APK-1373,Group,Shared Living,Family Household,Bills,Expense,2026-04-26,00:38:08,2026-04-26 00:38:08,546.93,INR,-546.93,APK Aarav,3,PERCENTAGE,MAESTRO-APK-GROUP-FAMILY_HOUSEHOLD-1373 | Bills | 546.93,Android,B28,RAMP_501_1500,CREATED,idem-20260902-apk-1373
1374,MTR-APK-1374,Business,Business,Business Operations,Legal,Expense,2026-05-26,13:15:57,2026-05-26 13:15:57,43580.82,INR,-43580.82,APK Owner,,,MAESTRO-APK-BUSINESS-BUSINESS_OPERATIONS-1374 | Legal | 43580.82,Android,B28,RAMP_501_1500,CREATED,idem-20260902-apk-1374
1375,MTR-APK-1375,Personal,Personal,Relationships,Friends,Expense,2026-06-18,00:18:13,2026-06-18 00:18:13,1674.13,INR,-1674.13,APK Owner,,,MAESTRO-APK-PERSONAL-RELATIONSHIPS-1375 | Friends | 1674.13,Android,B28,RAMP_501_1500,CREATED,idem-20260902-apk-1375
1376,MTR-APK-1376,Group,Shared Living,Family Household,Utilities,Expense,2026-06-20,19:30:07,2026-06-20 19:30:07,29125.87,INR,-29125.87,APK Meera,3,EXACT,MAESTRO-APK-GROUP-FAMILY_HOUSEHOLD-1376 | Utilities | 29125.87,Android,B28,RAMP_501_1500,CREATED,idem-20260902-apk-1376
1377,MTR-APK-1377,Business,Business,Business Operations,Accounting,Expense,2026-01-24,19:16:02,2026-01-24 19:16:02,33155.85,INR,-33155.85,APK Owner,,,MAESTRO-APK-BUSINESS-BUSINESS_OPERATIONS-1377 | Accounting | 33155.85,Android,B28,RAMP_501_1500,CREATED,idem-20260902-apk-1377
1378,MTR-APK-1378,Personal,Personal,Relationships,Celebrations,Expense,2026-03-20,20:09:44,2026-03-20 20:09:44,18424.57,INR,-18424.57,APK Owner,,,MAESTRO-APK-PERSONAL-RELATIONSHIPS-1378 | Celebrations | 18424.57,Android,B28,RAMP_501_1500,CREATED,idem-20260902-apk-1378
1379,MTR-APK-1379,Group,Shared Living,Family Household,Healthcare,Expense,2025-12-05,19:18:16,2025-12-05 19:18:16,5708.27,INR,-5708.27,APK Owner,3,SHARES,MAESTRO-APK-GROUP-FAMILY_HOUSEHOLD-1379 | Healthcare | 5708.27,Android,B28,RAMP_501_1500,CREATED,idem-20260902-apk-1379
1380,MTR-APK-1380,Business,Business,Business Operations,Equipment,Expense,2026-05-27,03:24:51,2026-05-27 03:24:51,146907.26,INR,-146907.26,APK Owner,,,MAESTRO-APK-BUSINESS-BUSINESS_OPERATIONS-1380 | Equipment | 146907.26,Android,B28,RAMP_501_1500,CREATED,idem-20260902-apk-1380
1381,MTR-APK-1381,Personal,Personal,Life Operations,Groceries,Expense,2025-11-09,16:20:43,2025-11-09 16:20:43,411.85,INR,-411.85,APK Owner,,,MAESTRO-APK-PERSONAL-LIFE_OPERATIONS-1381 | Groceries | 411.85,Android,B28,RAMP_501_1500,CREATED,idem-20260902-apk-1381
1382,MTR-APK-1382,Group,Shared Living,Family Household,School,Expense,2026-08-06,08:07:26,2026-08-06 08:07:26,28028.72,INR,-28028.72,APK Aarav,3,EQUAL,MAESTRO-APK-GROUP-FAMILY_HOUSEHOLD-1382 | School | 28028.72,Android,B28,RAMP_501_1500,CREATED,idem-20260902-apk-1382
1383,MTR-APK-1383,Business,Business,Business Operations,Vendor,Expense,2026-08-19,20:42:41,2026-08-19 20:42:41,18134.49,INR,-18134.49,APK Owner,,,MAESTRO-APK-BUSINESS-BUSINESS_OPERATIONS-1383 | Vendor | 18134.49,Android,B28,RAMP_501_1500,CREATED,idem-20260902-apk-1383
1384,MTR-APK-1384,Personal,Personal,Life Operations,Rent,Expense,2026-07-23,01:37:42,2026-07-23 01:37:42,16433.64,INR,-16433.64,APK Owner,,,MAESTRO-APK-PERSONAL-LIFE_OPERATIONS-1384 | Rent | 16433.64,Android,B28,RAMP_501_1500,CREATED,idem-20260902-apk-1384
1385,MTR-APK-1385,Group,Shared Living,Family Household,Other,Expense,2026-04-16,14:54:37,2026-04-16 14:54:37,24211.35,INR,-24211.35,APK Meera,3,PERCENTAGE,MAESTRO-APK-GROUP-FAMILY_HOUSEHOLD-1385 | Other | 24211.35,Android,B28,RAMP_501_1500,CREATED,idem-20260902-apk-1385
1386,MTR-APK-1386,Business,Business,Business Operations,Tax,Expense,2025-09-30,02:33:45,2025-09-30 02:33:45,86779.84,INR,-86779.84,APK Owner,,,MAESTRO-APK-BUSINESS-BUSINESS_OPERATIONS-1386 | Tax | 86779.84,Android,B28,RAMP_501_1500,CREATED,idem-20260902-apk-1386
1387,MTR-APK-1387,Personal,Personal,Life Operations,Bills,Expense,2026-05-22,02:54:22,2026-05-22 02:54:22,5664.26,INR,-5664.26,APK Owner,,,MAESTRO-APK-PERSONAL-LIFE_OPERATIONS-1387 | Bills | 5664.26,Android,B28,RAMP_501_1500,CREATED,idem-20260902-apk-1387
1388,MTR-APK-1388,Group,Shared Living,Custom Living,Custom Expense,Expense,2026-01-02,14:13:20,2026-01-02 14:13:20,6765.68,INR,-6765.68,APK Owner,3,EXACT,MAESTRO-APK-GROUP-CUSTOM_LIVING-1388 | Custom Expense | 6765.68,Android,B28,RAMP_501_1500,CREATED,idem-20260902-apk-1388
1389,MTR-APK-1389,Business,Business,Team Operations,Payroll,Expense,2026-04-07,20:32:33,2026-04-07 20:32:33,72380.85,INR,-72380.85,APK Owner,,,MAESTRO-APK-BUSINESS-TEAM_OPERATIONS-1389 | Payroll | 72380.85,Android,B28,RAMP_501_1500,CREATED,idem-20260902-apk-1389
1390,MTR-APK-1390,Personal,Personal,Life Operations,Transport,Expense,2026-05-03,22:06:05,2026-05-03 22:06:05,8462.96,INR,-8462.96,APK Owner,,,MAESTRO-APK-PERSONAL-LIFE_OPERATIONS-1390 | Transport | 8462.96,Android,B28,RAMP_501_1500,CREATED,idem-20260902-apk-1390
1391,MTR-APK-1391,Group,Shared Living,Custom Living,Custom Contribution,Contribution,2026-05-31,07:46:35,2026-05-31 07:46:35,23298.79,INR,23298.79,APK Aarav,3,SHARES,MAESTRO-APK-GROUP-CUSTOM_LIVING-1391 | Custom Contribution | 23298.79,Android,B28,RAMP_501_1500,CREATED,idem-20260902-apk-1391
1392,MTR-APK-1392,Business,Business,Team Operations,Contractor,Expense,2026-05-27,11:11:48,2026-05-27 11:11:48,147385.51,INR,-147385.51,APK Owner,,,MAESTRO-APK-BUSINESS-TEAM_OPERATIONS-1392 | Contractor | 147385.51,Android,B28,RAMP_501_1500,CREATED,idem-20260902-apk-1392
1393,MTR-APK-1393,Personal,Personal,Life Operations,Healthcare,Expense,2026-08-31,09:56:41,2026-08-31 09:56:41,18675.83,INR,-18675.83,APK Owner,,,MAESTRO-APK-PERSONAL-LIFE_OPERATIONS-1393 | Healthcare | 18675.83,Android,B28,RAMP_501_1500,CREATED,idem-20260902-apk-1393
1394,MTR-APK-1394,Group,Shared Experience,Trip,Travel,Expense,2025-11-03,23:42:41,2025-11-03 23:42:41,28235.13,INR,-28235.13,APK Meera,3,EQUAL,MAESTRO-APK-GROUP-TRIP-1394 | Travel | 28235.13,Android,B28,RAMP_501_1500,CREATED,idem-20260902-apk-1394
1395,MTR-APK-1395,Business,Business,Team Operations,Hiring,Expense,2026-07-02,10:08:49,2026-07-02 10:08:49,145346.22,INR,-145346.22,APK Owner,,,MAESTRO-APK-BUSINESS-TEAM_OPERATIONS-1395 | Hiring | 145346.22,Android,B28,RAMP_501_1500,CREATED,idem-20260902-apk-1395
1396,MTR-APK-1396,Personal,Personal,Life Operations,Subscriptions,Expense,2026-03-02,15:15:47,2026-03-02 15:15:47,7793.78,INR,-7793.78,APK Owner,,,MAESTRO-APK-PERSONAL-LIFE_OPERATIONS-1396 | Subscriptions | 7793.78,Android,B28,RAMP_501_1500,CREATED,idem-20260902-apk-1396
1397,MTR-APK-1397,Group,Shared Experience,Trip,Stay,Expense,2025-09-26,23:18:19,2025-09-26 23:18:19,2912.11,INR,-2912.11,APK Owner,3,PERCENTAGE,MAESTRO-APK-GROUP-TRIP-1397 | Stay | 2912.11,Android,B28,RAMP_501_1500,CREATED,idem-20260902-apk-1397
1398,MTR-APK-1398,Business,Business,Team Operations,Team Meal,Expense,2025-10-19,12:02:13,2025-10-19 12:02:13,96563.11,INR,-96563.11,APK Owner,,,MAESTRO-APK-BUSINESS-TEAM_OPERATIONS-1398 | Team Meal | 96563.11,Android,B28,RAMP_501_1500,CREATED,idem-20260902-apk-1398
1399,MTR-APK-1399,Personal,Personal,Life Operations,Repairs,Expense,2026-03-05,09:08:21,2026-03-05 09:08:21,4387.51,INR,-4387.51,APK Owner,,,MAESTRO-APK-PERSONAL-LIFE_OPERATIONS-1399 | Repairs | 4387.51,Android,B28,RAMP_501_1500,CREATED,idem-20260902-apk-1399
1400,MTR-APK-1400,Group,Shared Experience,Trip,Food,Expense,2026-01-12,22:42:28,2026-01-12 22:42:28,16349.05,INR,-16349.05,APK Aarav,3,EXACT,MAESTRO-APK-GROUP-TRIP-1400 | Food | 16349.05,Android,B28,RAMP_501_1500,CREATED,idem-20260902-apk-1400
1401,MTR-APK-1401,Business,Business,Team Operations,Travel,Expense,2025-10-22,15:55:05,2025-10-22 15:55:05,77404.44,INR,-77404.44,APK Owner,,,MAESTRO-APK-BUSINESS-TEAM_OPERATIONS-1401 | Travel | 77404.44,Android,B29,RAMP_501_1500,CREATED,idem-20260902-apk-1401
1402,MTR-APK-1402,Personal,Personal,Future Building,Savings,Transfer,2025-10-10,12:59:16,2025-10-10 12:59:16,8754.99,INR,0.0,APK Owner,,,MAESTRO-APK-PERSONAL-FUTURE_BUILDING-1402 | Savings | 8754.99,Android,B29,RAMP_501_1500,CREATED,idem-20260902-apk-1402
1403,MTR-APK-1403,Group,Shared Experience,Trip,Local Transport,Expense,2026-04-04,13:08:19,2026-04-04 13:08:19,479.26,INR,-479.26,APK Meera,3,SHARES,MAESTRO-APK-GROUP-TRIP-1403 | Local Transport | 479.26,Android,B29,RAMP_501_1500,CREATED,idem-20260902-apk-1403
1404,MTR-APK-1404,Business,Business,Team Operations,Training,Expense,2026-05-30,01:21:25,2026-05-30 01:21:25,45299.24,INR,-45299.24,APK Owner,,,MAESTRO-APK-BUSINESS-TEAM_OPERATIONS-1404 | Training | 45299.24,Android,B29,RAMP_501_1500,CREATED,idem-20260902-apk-1404
1405,MTR-APK-1405,Personal,Personal,Future Building,Emergency Fund,Transfer,2025-12-15,09:50:32,2025-12-15 09:50:32,3600.15,INR,0.0,APK Owner,,,MAESTRO-APK-PERSONAL-FUTURE_BUILDING-1405 | Emergency Fund | 3600.15,Android,B29,RAMP_501_1500,CREATED,idem-20260902-apk-1405
1406,MTR-APK-1406,Group,Shared Experience,Trip,Activities,Expense,2025-10-01,12:00:08,2025-10-01 12:00:08,99.99,INR,-99.99,APK Owner,3,EQUAL,MAESTRO-APK-GROUP-TRIP-1406 | Activities | 99.99,Android,B29,RAMP_501_1500,CREATED,idem-20260902-apk-1406
1407,MTR-APK-1407,Business,Business,Team Operations,Tools,Expense,2026-05-12,17:39:25,2026-05-12 17:39:25,35073.29,INR,-35073.29,APK Owner,,,MAESTRO-APK-BUSINESS-TEAM_OPERATIONS-1407 | Tools | 35073.29,Android,B29,RAMP_501_1500,CREATED,idem-20260902-apk-1407
1408,MTR-APK-1408,Personal,Personal,Future Building,Investments,Investment,2026-05-18,05:13:16,2026-05-18 05:13:16,6194.26,INR,0.0,APK Owner,,,MAESTRO-APK-PERSONAL-FUTURE_BUILDING-1408 | Investments | 6194.26,Android,B29,RAMP_501_1500,CREATED,idem-20260902-apk-1408
1409,MTR-APK-1409,Group,Shared Experience,Trip,Shopping,Expense,2025-10-20,12:32:25,2025-10-20 12:32:25,15978.96,INR,-15978.96,APK Aarav,3,PERCENTAGE,MAESTRO-APK-GROUP-TRIP-1409 | Shopping | 15978.96,Android,B29,RAMP_501_1500,CREATED,idem-20260902-apk-1409
1410,MTR-APK-1410,Business,Business,Business Runway,Funding,Income,2025-11-12,21:34:29,2025-11-12 21:34:29,94885.9,INR,94885.9,APK Owner,,,MAESTRO-APK-BUSINESS-BUSINESS_RUNWAY-1410 | Funding | 94885.90,Android,B29,RAMP_501_1500,CREATED,idem-20260902-apk-1410
1411,MTR-APK-1411,Personal,Personal,Future Building,Education,Expense,2025-10-09,16:37:42,2025-10-09 16:37:42,7812.29,INR,-7812.29,APK Owner,,,MAESTRO-APK-PERSONAL-FUTURE_BUILDING-1411 | Education | 7812.29,Android,B29,RAMP_501_1500,CREATED,idem-20260902-apk-1411
1412,MTR-APK-1412,Group,Shared Experience,Trip,Other,Expense,2026-03-29,05:12:31,2026-03-29 05:12:31,18512.65,INR,-18512.65,APK Meera,3,EXACT,MAESTRO-APK-GROUP-TRIP-1412 | Other | 18512.65,Android,B29,RAMP_501_1500,CREATED,idem-20260902-apk-1412
1413,MTR-APK-1413,Business,Business,Business Runway,Revenue,Income,2025-10-17,08:52:58,2025-10-17 08:52:58,35025.96,INR,35025.96,APK Owner,,,MAESTRO-APK-BUSINESS-BUSINESS_RUNWAY-1413 | Revenue | 35025.96,Android,B29,RAMP_501_1500,CREATED,idem-20260902-apk-1413
1414,MTR-APK-1414,Personal,Personal,Future Building,Goal Contribution,Transfer,2025-10-19,10:53:34,2025-10-19 10:53:34,16722.3,INR,0.0,APK Owner,,,MAESTRO-APK-PERSONAL-FUTURE_BUILDING-1414 | Goal Contribution | 16722.30,Android,B29,RAMP_501_1500,CREATED,idem-20260902-apk-1414
1415,MTR-APK-1415,Group,Shared Experience,Wedding,Venue,Expense,2026-02-10,18:45:21,2026-02-10 18:45:21,4316.93,INR,-4316.93,APK Owner,3,SHARES,MAESTRO-APK-GROUP-WEDDING-1415 | Venue | 4316.93,Android,B29,RAMP_501_1500,CREATED,idem-20260902-apk-1415
1416,MTR-APK-1416,Business,Business,Business Runway,Burn,Expense,2026-06-26,07:19:33,2026-06-26 07:19:33,157379.69,INR,-157379.69,APK Owner,,,MAESTRO-APK-BUSINESS-BUSINESS_RUNWAY-1416 | Burn | 157379.69,Android,B29,RAMP_501_1500,CREATED,idem-20260902-apk-1416
1417,MTR-APK-1417,Personal,Personal,Lifestyle,Dining,Expense,2026-01-16,17:19:37,2026-01-16 17:19:37,16695.0,INR,-16695.0,APK Owner,,,MAESTRO-APK-PERSONAL-LIFESTYLE-1417 | Dining | 16695.00,Android,B29,RAMP_501_1500,CREATED,idem-20260902-apk-1417
1418,MTR-APK-1418,Group,Shared Experience,Wedding,Catering,Expense,2025-11-19,09:34:03,2025-11-19 09:34:03,25450.95,INR,-25450.95,APK Aarav,3,EQUAL,MAESTRO-APK-GROUP-WEDDING-1418 | Catering | 25450.95,Android,B29,RAMP_501_1500,CREATED,idem-20260902-apk-1418
1419,MTR-APK-1419,Business,Business,Business Runway,Reserve,Transfer,2026-02-03,19:29:09,2026-02-03 19:29:09,60518.73,INR,0.0,APK Owner,,,MAESTRO-APK-BUSINESS-BUSINESS_RUNWAY-1419 | Reserve | 60518.73,Android,B29,RAMP_501_1500,CREATED,idem-20260902-apk-1419
1420,MTR-APK-1420,Personal,Personal,Lifestyle,Shopping,Expense,2025-09-20,05:02:10,2025-09-20 05:02:10,5014.3,INR,-5014.3,APK Owner,,,MAESTRO-APK-PERSONAL-LIFESTYLE-1420 | Shopping | 5014.30,Android,B29,RAMP_501_1500,CREATED,idem-20260902-apk-1420
1421,MTR-APK-1421,Group,Shared Experience,Wedding,Decor,Expense,2026-05-22,09:22:25,2026-05-22 09:22:25,22118.27,INR,-22118.27,APK Meera,3,PERCENTAGE,MAESTRO-APK-GROUP-WEDDING-1421 | Decor | 22118.27,Android,B29,RAMP_501_1500,CREATED,idem-20260902-apk-1421
1422,MTR-APK-1422,Business,Business,Business Runway,Loan,Income,2026-08-26,06:31:01,2026-08-26 06:31:01,25723.06,INR,25723.06,APK Owner,,,MAESTRO-APK-BUSINESS-BUSINESS_RUNWAY-1422 | Loan | 25723.06,Android,B29,RAMP_501_1500,CREATED,idem-20260902-apk-1422
1423,MTR-APK-1423,Personal,Personal,Lifestyle,Entertainment,Expense,2025-10-07,11:26:12,2025-10-07 11:26:12,5901.99,INR,-5901.99,APK Owner,,,MAESTRO-APK-PERSONAL-LIFESTYLE-1423 | Entertainment | 5901.99,Android,B29,RAMP_501_1500,CREATED,idem-20260902-apk-1423
1424,MTR-APK-1424,Group,Shared Experience,Wedding,Travel,Expense,2026-04-06,09:30:10,2026-04-06 09:30:10,17687.9,INR,-17687.9,APK Owner,3,EXACT,MAESTRO-APK-GROUP-WEDDING-1424 | Travel | 17687.90,Android,B29,RAMP_501_1500,CREATED,idem-20260902-apk-1424
1425,MTR-APK-1425,Business,Business,Business Runway,Investment,Income,2026-05-24,10:15:34,2026-05-24 10:15:34,167637.98,INR,167637.98,APK Owner,,,MAESTRO-APK-BUSINESS-BUSINESS_RUNWAY-1425 | Investment | 167637.98,Android,B29,RAMP_501_1500,CREATED,idem-20260902-apk-1425
1426,MTR-APK-1426,Personal,Personal,Lifestyle,Travel,Expense,2025-12-25,16:02:08,2025-12-25 16:02:08,19303.99,INR,-19303.99,APK Owner,,,MAESTRO-APK-PERSONAL-LIFESTYLE-1426 | Travel | 19303.99,Android,B29,RAMP_501_1500,CREATED,idem-20260902-apk-1426
1427,MTR-APK-1427,Group,Shared Experience,Wedding,Gifts,Expense,2025-12-10,02:14:39,2025-12-10 02:14:39,7840.49,INR,-7840.49,APK Aarav,3,SHARES,MAESTRO-APK-GROUP-WEDDING-1427 | Gifts | 7840.49,Android,B29,RAMP_501_1500,CREATED,idem-20260902-apk-1427
1428,MTR-APK-1428,Business,Business,Business Operations,Software,Expense,2025-11-03,02:19:45,2025-11-03 02:19:45,138277.82,INR,-138277.82,APK Owner,,,MAESTRO-APK-BUSINESS-BUSINESS_OPERATIONS-1428 | Software | 138277.82,Android,B29,RAMP_501_1500,CREATED,idem-20260902-apk-1428
1429,MTR-APK-1429,Personal,Personal,Lifestyle,Fitness,Expense,2026-06-14,15:38:13,2026-06-14 15:38:13,2027.37,INR,-2027.37,APK Owner,,,MAESTRO-APK-PERSONAL-LIFESTYLE-1429 | Fitness | 2027.37,Android,B29,RAMP_501_1500,CREATED,idem-20260902-apk-1429
1430,MTR-APK-1430,Group,Shared Experience,Wedding,Photography,Expense,2026-02-06,01:24:49,2026-02-06 01:24:49,4416.47,INR,-4416.47,APK Meera,3,EQUAL,MAESTRO-APK-GROUP-WEDDING-1430 | Photography | 4416.47,Android,B29,RAMP_501_1500,CREATED,idem-20260902-apk-1430
1431,MTR-APK-1431,Business,Business,Business Operations,Rent,Expense,2025-12-22,04:36:34,2025-12-22 04:36:34,130142.17,INR,-130142.17,APK Owner,,,MAESTRO-APK-BUSINESS-BUSINESS_OPERATIONS-1431 | Rent | 130142.17,Android,B29,RAMP_501_1500,CREATED,idem-20260902-apk-1431
1432,MTR-APK-1432,Personal,Personal,Lifestyle,Hobbies,Expense,2025-10-03,01:50:07,2025-10-03 01:50:07,9038.4,INR,-9038.4,APK Owner,,,MAESTRO-APK-PERSONAL-LIFESTYLE-1432 | Hobbies | 9038.40,Android,B29,RAMP_501_1500,CREATED,idem-20260902-apk-1432
1433,MTR-APK-1433,Group,Shared Experience,Wedding,Other,Expense,2025-11-02,10:17:38,2025-11-02 10:17:38,17160.38,INR,-17160.38,APK Owner,3,PERCENTAGE,MAESTRO-APK-GROUP-WEDDING-1433 | Other | 17160.38,Android,B29,RAMP_501_1500,CREATED,idem-20260902-apk-1433
1434,MTR-APK-1434,Business,Business,Business Operations,Marketing,Expense,2026-03-04,20:03:34,2026-03-04 20:03:34,32421.93,INR,-32421.93,APK Owner,,,MAESTRO-APK-BUSINESS-BUSINESS_OPERATIONS-1434 | Marketing | 32421.93,Android,B29,RAMP_501_1500,CREATED,idem-20260902-apk-1434
1435,MTR-APK-1435,Personal,Personal,Relationships,Gifts,Expense,2026-05-18,20:38:47,2026-05-18 20:38:47,17904.93,INR,-17904.93,APK Owner,,,MAESTRO-APK-PERSONAL-RELATIONSHIPS-1435 | Gifts | 17904.93,Android,B29,RAMP_501_1500,CREATED,idem-20260902-apk-1435
1436,MTR-APK-1436,Group,Shared Experience,Office Outing,Food,Expense,2026-06-28,04:45:00,2026-06-28 04:45:00,22337.59,INR,-22337.59,APK Aarav,3,EXACT,MAESTRO-APK-GROUP-OFFICE_OUTING-1436 | Food | 22337.59,Android,B29,RAMP_501_1500,CREATED,idem-20260902-apk-1436
1437,MTR-APK-1437,Business,Business,Business Operations,Legal,Expense,2026-03-04,09:19:40,2026-03-04 09:19:40,142724.07,INR,-142724.07,APK Owner,,,MAESTRO-APK-BUSINESS-BUSINESS_OPERATIONS-1437 | Legal | 142724.07,Android,B29,RAMP_501_1500,CREATED,idem-20260902-apk-1437
1438,MTR-APK-1438,Personal,Personal,Relationships,Dates,Expense,2025-11-27,20:41:11,2025-11-27 20:41:11,9436.63,INR,-9436.63,APK Owner,,,MAESTRO-APK-PERSONAL-RELATIONSHIPS-1438 | Dates | 9436.63,Android,B29,RAMP_501_1500,CREATED,idem-20260902-apk-1438
1439,MTR-APK-1439,Group,Shared Experience,Office Outing,Travel,Expense,2026-03-17,13:09:49,2026-03-17 13:09:49,11821.7,INR,-11821.7,APK Meera,3,SHARES,MAESTRO-APK-GROUP-OFFICE_OUTING-1439 | Travel | 11821.70,Android,B29,RAMP_501_1500,CREATED,idem-20260902-apk-1439
1440,MTR-APK-1440,Business,Business,Business Operations,Accounting,Expense,2026-04-19,06:19:47,2026-04-19 06:19:47,54128.73,INR,-54128.73,APK Owner,,,MAESTRO-APK-BUSINESS-BUSINESS_OPERATIONS-1440 | Accounting | 54128.73,Android,B29,RAMP_501_1500,CREATED,idem-20260902-apk-1440
1441,MTR-APK-1441,Personal,Personal,Relationships,Family,Expense,2025-09-03,02:53:14,2025-09-03 02:53:14,17091.72,INR,-17091.72,APK Owner,,,MAESTRO-APK-PERSONAL-RELATIONSHIPS-1441 | Family | 17091.72,Android,B29,RAMP_501_1500,CREATED,idem-20260902-apk-1441
1442,MTR-APK-1442,Group,Shared Experience,Office Outing,Activities,Expense,2026-06-01,12:35:24,2026-06-01 12:35:24,29893.96,INR,-29893.96,APK Owner,3,EQUAL,MAESTRO-APK-GROUP-OFFICE_OUTING-1442 | Activities | 29893.96,Android,B29,RAMP_501_1500,CREATED,idem-20260902-apk-1442
1443,MTR-APK-1443,Business,Business,Business Operations,Equipment,Expense,2026-06-22,00:36:39,2026-06-22 00:36:39,100.0,INR,-100.0,APK Owner,,,MAESTRO-APK-BUSINESS-BUSINESS_OPERATIONS-1443 | Equipment | 100.00,Android,B29,RAMP_501_1500,CREATED,idem-20260902-apk-1443
1444,MTR-APK-1444,Personal,Personal,Relationships,Friends,Expense,2026-06-11,16:57:11,2026-06-11 16:57:11,2946.8,INR,-2946.8,APK Owner,,,MAESTRO-APK-PERSONAL-RELATIONSHIPS-1444 | Friends | 2946.80,Android,B29,RAMP_501_1500,CREATED,idem-20260902-apk-1444
1445,MTR-APK-1445,Group,Shared Experience,Office Outing,Venue,Expense,2026-06-03,15:53:02,2026-06-03 15:53:02,9962.61,INR,-9962.61,APK Aarav,3,PERCENTAGE,MAESTRO-APK-GROUP-OFFICE_OUTING-1445 | Venue | 9962.61,Android,B29,RAMP_501_1500,CREATED,idem-20260902-apk-1445
1446,MTR-APK-1446,Business,Business,Business Operations,Vendor,Expense,2026-04-30,06:06:08,2026-04-30 06:06:08,45145.44,INR,-45145.44,APK Owner,,,MAESTRO-APK-BUSINESS-BUSINESS_OPERATIONS-1446 | Vendor | 45145.44,Android,B29,RAMP_501_1500,CREATED,idem-20260902-apk-1446
1447,MTR-APK-1447,Personal,Personal,Relationships,Celebrations,Expense,2026-05-30,19:53:26,2026-05-30 19:53:26,15673.75,INR,-15673.75,APK Owner,,,MAESTRO-APK-PERSONAL-RELATIONSHIPS-1447 | Celebrations | 15673.75,Android,B29,RAMP_501_1500,CREATED,idem-20260902-apk-1447
1448,MTR-APK-1448,Group,Shared Experience,Office Outing,Other,Expense,2026-07-16,08:04:31,2026-07-16 08:04:31,5038.07,INR,-5038.07,APK Meera,3,EXACT,MAESTRO-APK-GROUP-OFFICE_OUTING-1448 | Other | 5038.07,Android,B29,RAMP_501_1500,CREATED,idem-20260902-apk-1448
1449,MTR-APK-1449,Business,Business,Business Operations,Tax,Expense,2026-06-10,21:17:08,2026-06-10 21:17:08,83483.32,INR,-83483.32,APK Owner,,,MAESTRO-APK-BUSINESS-BUSINESS_OPERATIONS-1449 | Tax | 83483.32,Android,B29,RAMP_501_1500,CREATED,idem-20260902-apk-1449
1450,MTR-APK-1450,Personal,Personal,Life Operations,Groceries,Expense,2025-10-30,09:22:18,2025-10-30 09:22:18,19117.23,INR,-19117.23,APK Owner,,,MAESTRO-APK-PERSONAL-LIFE_OPERATIONS-1450 | Groceries | 19117.23,Android,B29,RAMP_501_1500,CREATED,idem-20260902-apk-1450
1451,MTR-APK-1451,Group,Shared Experience,House Party,Food,Expense,2026-08-09,15:51:40,2026-08-09 15:51:40,21757.44,INR,-21757.44,APK Owner,3,SHARES,MAESTRO-APK-GROUP-HOUSE_PARTY-1451 | Food | 21757.44,Android,B30,RAMP_501_1500,CREATED,idem-20260902-apk-1451
1452,MTR-APK-1452,Business,Business,Team Operations,Payroll,Expense,2026-05-19,15:52:30,2026-05-19 15:52:30,36290.48,INR,-36290.48,APK Owner,,,MAESTRO-APK-BUSINESS-TEAM_OPERATIONS-1452 | Payroll | 36290.48,Android,B30,RAMP_501_1500,CREATED,idem-20260902-apk-1452
1453,MTR-APK-1453,Personal,Personal,Life Operations,Rent,Expense,2025-09-18,06:44:11,2025-09-18 06:44:11,8686.94,INR,-8686.94,APK Owner,,,MAESTRO-APK-PERSONAL-LIFE_OPERATIONS-1453 | Rent | 8686.94,Android,B30,RAMP_501_1500,CREATED,idem-20260902-apk-1453
1454,MTR-APK-1454,Group,Shared Experience,House Party,Drinks,Expense,2026-02-05,20:46:52,2026-02-05 20:46:52,8587.23,INR,-8587.23,APK Aarav,3,EQUAL,MAESTRO-APK-GROUP-HOUSE_PARTY-1454 | Drinks | 8587.23,Android,B30,RAMP_501_1500,CREATED,idem-20260902-apk-1454
1455,MTR-APK-1455,Business,Business,Team Operations,Contractor,Expense,2026-01-02,22:11:01,2026-01-02 22:11:01,52551.26,INR,-52551.26,APK Owner,,,MAESTRO-APK-BUSINESS-TEAM_OPERATIONS-1455 | Contractor | 52551.26,Android,B30,RAMP_501_1500,CREATED,idem-20260902-apk-1455
1456,MTR-APK-1456,Personal,Personal,Life Operations,Bills,Expense,2026-03-18,14:47:28,2026-03-18 14:47:28,19064.15,INR,-19064.15,APK Owner,,,MAESTRO-APK-PERSONAL-LIFE_OPERATIONS-1456 | Bills | 19064.15,Android,B30,RAMP_501_1500,CREATED,idem-20260902-apk-1456
1457,MTR-APK-1457,Group,Shared Experience,House Party,Decor,Expense,2025-12-28,23:27:41,2025-12-28 23:27:41,6441.54,INR,-6441.54,APK Meera,3,PERCENTAGE,MAESTRO-APK-GROUP-HOUSE_PARTY-1457 | Decor | 6441.54,Android,B30,RAMP_501_1500,CREATED,idem-20260902-apk-1457
1458,MTR-APK-1458,Business,Business,Team Operations,Hiring,Expense,2025-11-26,00:37:39,2025-11-26 00:37:39,133931.09,INR,-133931.09,APK Owner,,,MAESTRO-APK-BUSINESS-TEAM_OPERATIONS-1458 | Hiring | 133931.09,Android,B30,RAMP_501_1500,CREATED,idem-20260902-apk-1458
1459,MTR-APK-1459,Personal,Personal,Life Operations,Transport,Expense,2026-02-20,06:51:18,2026-02-20 06:51:18,13638.12,INR,-13638.12,APK Owner,,,MAESTRO-APK-PERSONAL-LIFE_OPERATIONS-1459 | Transport | 13638.12,Android,B30,RAMP_501_1500,CREATED,idem-20260902-apk-1459
1460,MTR-APK-1460,Group,Shared Experience,House Party,Supplies,Expense,2026-07-19,19:11:05,2026-07-19 19:11:05,29200.75,INR,-29200.75,APK Owner,3,EXACT,MAESTRO-APK-GROUP-HOUSE_PARTY-1460 | Supplies | 29200.75,Android,B30,RAMP_501_1500,CREATED,idem-20260902-apk-1460
1461,MTR-APK-1461,Business,Business,Team Operations,Team Meal,Expense,2026-02-23,16:57:32,2026-02-23 16:57:32,169621.06,INR,-169621.06,APK Owner,,,MAESTRO-APK-BUSINESS-TEAM_OPERATIONS-1461 | Team Meal | 169621.06,Android,B30,RAMP_501_1500,CREATED,idem-20260902-apk-1461
1462,MTR-APK-1462,Personal,Personal,Life Operations,Healthcare,Expense,2026-06-14,03:36:52,2026-06-14 03:36:52,12357.86,INR,-12357.86,APK Owner,,,MAESTRO-APK-PERSONAL-LIFE_OPERATIONS-1462 | Healthcare | 12357.86,Android,B30,RAMP_501_1500,CREATED,idem-20260902-apk-1462
1463,MTR-APK-1463,Group,Shared Experience,House Party,Other,Expense,2026-06-12,17:29:44,2026-06-12 17:29:44,2711.82,INR,-2711.82,APK Aarav,3,SHARES,MAESTRO-APK-GROUP-HOUSE_PARTY-1463 | Other | 2711.82,Android,B30,RAMP_501_1500,CREATED,idem-20260902-apk-1463
1464,MTR-APK-1464,Business,Business,Team Operations,Travel,Expense,2026-04-13,03:29:56,2026-04-13 03:29:56,32624.78,INR,-32624.78,APK Owner,,,MAESTRO-APK-BUSINESS-TEAM_OPERATIONS-1464 | Travel | 32624.78,Android,B30,RAMP_501_1500,CREATED,idem-20260902-apk-1464
1465,MTR-APK-1465,Personal,Personal,Life Operations,Subscriptions,Expense,2026-06-15,09:11:57,2026-06-15 09:11:57,2725.61,INR,-2725.61,APK Owner,,,MAESTRO-APK-PERSONAL-LIFE_OPERATIONS-1465 | Subscriptions | 2725.61,Android,B30,RAMP_501_1500,CREATED,idem-20260902-apk-1465
1466,MTR-APK-1466,Group,Shared Purchase,Gift Pool,Contribution,Contribution,2026-08-15,11:52:01,2026-08-15 11:52:01,1028.51,INR,1028.51,APK Meera,3,EQUAL,MAESTRO-APK-GROUP-GIFT_POOL-1466 | Contribution | 1028.51,Android,B30,RAMP_501_1500,CREATED,idem-20260902-apk-1466
1467,MTR-APK-1467,Business,Business,Team Operations,Training,Expense,2026-06-26,11:04:15,2026-06-26 11:04:15,4592.89,INR,-4592.89,APK Owner,,,MAESTRO-APK-BUSINESS-TEAM_OPERATIONS-1467 | Training | 4592.89,Android,B30,RAMP_501_1500,CREATED,idem-20260902-apk-1467
1468,MTR-APK-1468,Personal,Personal,Life Operations,Repairs,Expense,2026-03-24,22:24:57,2026-03-24 22:24:57,15140.23,INR,-15140.23,APK Owner,,,MAESTRO-APK-PERSONAL-LIFE_OPERATIONS-1468 | Repairs | 15140.23,Android,B30,RAMP_501_1500,CREATED,idem-20260902-apk-1468
1469,MTR-APK-1469,Group,Shared Purchase,Gift Pool,Gift Purchase,Expense,2025-09-04,05:35:55,2025-09-04 05:35:55,22942.99,INR,-22942.99,APK Owner,3,PERCENTAGE,MAESTRO-APK-GROUP-GIFT_POOL-1469 | Gift Purchase | 22942.99,Android,B30,RAMP_501_1500,CREATED,idem-20260902-apk-1469
1470,MTR-APK-1470,Business,Business,Team Operations,Tools,Expense,2026-07-19,08:07:33,2026-07-19 08:07:33,9865.15,INR,-9865.15,APK Owner,,,MAESTRO-APK-BUSINESS-TEAM_OPERATIONS-1470 | Tools | 9865.15,Android,B30,RAMP_501_1500,CREATED,idem-20260902-apk-1470
1471,MTR-APK-1471,Personal,Personal,Future Building,Savings,Transfer,2025-10-10,19:00:02,2025-10-10 19:00:02,12963.11,INR,0.0,APK Owner,,,MAESTRO-APK-PERSONAL-FUTURE_BUILDING-1471 | Savings | 12963.11,Android,B30,RAMP_501_1500,CREATED,idem-20260902-apk-1471
1472,MTR-APK-1472,Group,Shared Purchase,Gift Pool,Delivery,Expense,2026-02-11,01:58:22,2026-02-11 01:58:22,13086.83,INR,-13086.83,APK Aarav,3,EXACT,MAESTRO-APK-GROUP-GIFT_POOL-1472 | Delivery | 13086.83,Android,B30,RAMP_501_1500,CREATED,idem-20260902-apk-1472
1473,MTR-APK-1473,Business,Business,Business Runway,Funding,Income,2025-10-23,16:13:33,2025-10-23 16:13:33,167852.15,INR,167852.15,APK Owner,,,MAESTRO-APK-BUSINESS-BUSINESS_RUNWAY-1473 | Funding | 167852.15,Android,B30,RAMP_501_1500,CREATED,idem-20260902-apk-1473
1474,MTR-APK-1474,Personal,Personal,Future Building,Emergency Fund,Transfer,2025-09-21,05:21:18,2025-09-21 05:21:18,9004.72,INR,0.0,APK Owner,,,MAESTRO-APK-PERSONAL-FUTURE_BUILDING-1474 | Emergency Fund | 9004.72,Android,B30,RAMP_501_1500,CREATED,idem-20260902-apk-1474
1475,MTR-APK-1475,Group,Shared Purchase,Gift Pool,Other,Expense,2026-05-06,14:57:17,2026-05-06 14:57:17,19394.73,INR,-19394.73,APK Meera,3,SHARES,MAESTRO-APK-GROUP-GIFT_POOL-1475 | Other | 19394.73,Android,B30,RAMP_501_1500,CREATED,idem-20260902-apk-1475
1476,MTR-APK-1476,Business,Business,Business Runway,Revenue,Income,2026-05-28,21:16:35,2026-05-28 21:16:35,178445.63,INR,178445.63,APK Owner,,,MAESTRO-APK-BUSINESS-BUSINESS_RUNWAY-1476 | Revenue | 178445.63,Android,B30,RAMP_501_1500,CREATED,idem-20260902-apk-1476
1477,MTR-APK-1477,Personal,Personal,Future Building,Investments,Investment,2025-10-07,16:56:42,2025-10-07 16:56:42,11696.54,INR,0.0,APK Owner,,,MAESTRO-APK-PERSONAL-FUTURE_BUILDING-1477 | Investments | 11696.54,Android,B30,RAMP_501_1500,CREATED,idem-20260902-apk-1477
1478,MTR-APK-1478,Group,Shared Purchase,Purchase,Item,Expense,2026-02-19,12:51:13,2026-02-19 12:51:13,9832.97,INR,-9832.97,APK Owner,3,EQUAL,MAESTRO-APK-GROUP-PURCHASE-1478 | Item | 9832.97,Android,B30,RAMP_501_1500,CREATED,idem-20260902-apk-1478
1479,MTR-APK-1479,Business,Business,Business Runway,Burn,Expense,2026-01-30,17:12:17,2026-01-30 17:12:17,367.85,INR,-367.85,APK Owner,,,MAESTRO-APK-BUSINESS-BUSINESS_RUNWAY-1479 | Burn | 367.85,Android,B30,RAMP_501_1500,CREATED,idem-20260902-apk-1479
1480,MTR-APK-1480,Personal,Personal,Future Building,Education,Expense,2025-10-20,18:37:57,2025-10-20 18:37:57,999.99,INR,-999.99,APK Owner,,,MAESTRO-APK-PERSONAL-FUTURE_BUILDING-1480 | Education | 999.99,Android,B30,RAMP_501_1500,CREATED,idem-20260902-apk-1480
1481,MTR-APK-1481,Group,Shared Purchase,Purchase,Shipping,Expense,2026-04-26,04:24:43,2026-04-26 04:24:43,14860.6,INR,-14860.6,APK Aarav,3,PERCENTAGE,MAESTRO-APK-GROUP-PURCHASE-1481 | Shipping | 14860.60,Android,B30,RAMP_501_1500,CREATED,idem-20260902-apk-1481
1482,MTR-APK-1482,Business,Business,Business Runway,Reserve,Transfer,2025-11-23,19:32:35,2025-11-23 19:32:35,166434.95,INR,0.0,APK Owner,,,MAESTRO-APK-BUSINESS-BUSINESS_RUNWAY-1482 | Reserve | 166434.95,Android,B30,RAMP_501_1500,CREATED,idem-20260902-apk-1482
1483,MTR-APK-1483,Personal,Personal,Future Building,Goal Contribution,Transfer,2026-08-29,00:44:53,2026-08-29 00:44:53,2141.76,INR,0.0,APK Owner,,,MAESTRO-APK-PERSONAL-FUTURE_BUILDING-1483 | Goal Contribution | 2141.76,Android,B30,RAMP_501_1500,CREATED,idem-20260902-apk-1483
1484,MTR-APK-1484,Group,Shared Purchase,Purchase,Tax,Expense,2026-02-28,03:31:32,2026-02-28 03:31:32,15615.44,INR,-15615.44,APK Meera,3,EXACT,MAESTRO-APK-GROUP-PURCHASE-1484 | Tax | 15615.44,Android,B30,RAMP_501_1500,CREATED,idem-20260902-apk-1484
1485,MTR-APK-1485,Business,Business,Business Runway,Loan,Income,2025-12-27,05:03:51,2025-12-27 05:03:51,105253.24,INR,105253.24,APK Owner,,,MAESTRO-APK-BUSINESS-BUSINESS_RUNWAY-1485 | Loan | 105253.24,Android,B30,RAMP_501_1500,CREATED,idem-20260902-apk-1485
1486,MTR-APK-1486,Personal,Personal,Lifestyle,Dining,Expense,2026-08-21,11:36:34,2026-08-21 11:36:34,11626.71,INR,-11626.71,APK Owner,,,MAESTRO-APK-PERSONAL-LIFESTYLE-1486 | Dining | 11626.71,Android,B30,RAMP_501_1500,CREATED,idem-20260902-apk-1486
1487,MTR-APK-1487,Group,Shared Purchase,Purchase,Other,Expense,2026-08-25,05:10:01,2026-08-25 05:10:01,6002.41,INR,-6002.41,APK Owner,3,SHARES,MAESTRO-APK-GROUP-PURCHASE-1487 | Other | 6002.41,Android,B30,RAMP_501_1500,CREATED,idem-20260902-apk-1487
1488,MTR-APK-1488,Business,Business,Business Runway,Investment,Income,2026-06-27,22:27:25,2026-06-27 22:27:25,34246.13,INR,34246.13,APK Owner,,,MAESTRO-APK-BUSINESS-BUSINESS_RUNWAY-1488 | Investment | 34246.13,Android,B30,RAMP_501_1500,CREATED,idem-20260902-apk-1488
1489,MTR-APK-1489,Personal,Personal,Lifestyle,Shopping,Expense,2025-12-01,12:40:06,2025-12-01 12:40:06,4907.2,INR,-4907.2,APK Owner,,,MAESTRO-APK-PERSONAL-LIFESTYLE-1489 | Shopping | 4907.20,Android,B30,RAMP_501_1500,CREATED,idem-20260902-apk-1489
1490,MTR-APK-1490,Group,Shared Purchase,Assets,Purchase,Expense,2026-06-06,22:30:55,2026-06-06 22:30:55,24230.98,INR,-24230.98,APK Aarav,3,EQUAL,MAESTRO-APK-GROUP-ASSETS-1490 | Purchase | 24230.98,Android,B30,RAMP_501_1500,CREATED,idem-20260902-apk-1490
1491,MTR-APK-1491,Business,Business,Business Operations,Software,Expense,2026-04-20,16:11:51,2026-04-20 16:11:51,19429.78,INR,-19429.78,APK Owner,,,MAESTRO-APK-BUSINESS-BUSINESS_OPERATIONS-1491 | Software | 19429.78,Android,B30,RAMP_501_1500,CREATED,idem-20260902-apk-1491
1492,MTR-APK-1492,Personal,Personal,Lifestyle,Entertainment,Expense,2026-07-31,10:20:11,2026-07-31 10:20:11,10319.26,INR,-10319.26,APK Owner,,,MAESTRO-APK-PERSONAL-LIFESTYLE-1492 | Entertainment | 10319.26,Android,B30,RAMP_501_1500,CREATED,idem-20260902-apk-1492
1493,MTR-APK-1493,Group,Shared Purchase,Assets,Maintenance,Expense,2026-06-19,22:21:50,2026-06-19 22:21:50,25028.59,INR,-25028.59,APK Meera,3,PERCENTAGE,MAESTRO-APK-GROUP-ASSETS-1493 | Maintenance | 25028.59,Android,B30,RAMP_501_1500,CREATED,idem-20260902-apk-1493
1494,MTR-APK-1494,Business,Business,Business Operations,Rent,Expense,2026-02-02,11:19:31,2026-02-02 11:19:31,174682.83,INR,-174682.83,APK Owner,,,MAESTRO-APK-BUSINESS-BUSINESS_OPERATIONS-1494 | Rent | 174682.83,Android,B30,RAMP_501_1500,CREATED,idem-20260902-apk-1494
1495,MTR-APK-1495,Personal,Personal,Lifestyle,Travel,Expense,2026-07-02,14:49:53,2026-07-02 14:49:53,2282.92,INR,-2282.92,APK Owner,,,MAESTRO-APK-PERSONAL-LIFESTYLE-1495 | Travel | 2282.92,Android,B30,RAMP_501_1500,CREATED,idem-20260902-apk-1495
1496,MTR-APK-1496,Group,Shared Purchase,Assets,Repair,Expense,2026-03-12,12:28:53,2026-03-12 12:28:53,23791.41,INR,-23791.41,APK Owner,3,EXACT,MAESTRO-APK-GROUP-ASSETS-1496 | Repair | 23791.41,Android,B30,RAMP_501_1500,CREATED,idem-20260902-apk-1496
1497,MTR-APK-1497,Business,Business,Business Operations,Marketing,Expense,2026-06-14,06:09:00,2026-06-14 06:09:00,123941.14,INR,-123941.14,APK Owner,,,MAESTRO-APK-BUSINESS-BUSINESS_OPERATIONS-1497 | Marketing | 123941.14,Android,B30,RAMP_501_1500,CREATED,idem-20260902-apk-1497
1498,MTR-APK-1498,Personal,Personal,Lifestyle,Fitness,Expense,2026-05-10,00:51:03,2026-05-10 00:51:03,12657.47,INR,-12657.47,APK Owner,,,MAESTRO-APK-PERSONAL-LIFESTYLE-1498 | Fitness | 12657.47,Android,B30,RAMP_501_1500,CREATED,idem-20260902-apk-1498
1499,MTR-APK-1499,Group,Shared Purchase,Assets,Insurance,Expense,2025-12-12,22:20:47,2025-12-12 22:20:47,27805.75,INR,-27805.75,APK Aarav,3,SHARES,MAESTRO-APK-GROUP-ASSETS-1499 | Insurance | 27805.75,Android,B30,RAMP_501_1500,CREATED,idem-20260902-apk-1499
1500,MTR-APK-1500,Business,Business,Business Operations,Legal,Expense,2026-06-23,00:36:42,2026-06-23 00:36:42,140022.72,INR,-140022.72,APK Owner,,,MAESTRO-APK-BUSINESS-BUSINESS_OPERATIONS-1500 | Legal | 140022.72,Android,B30,RAMP_501_1500,CREATED,idem-20260902-apk-1500
1501,MTR-APK-1501,Personal,Personal,Lifestyle,Hobbies,Expense,2026-05-17,20:57:11,2026-05-17 20:57:11,19268.29,INR,-19268.29,APK Owner,,,MAESTRO-APK-PERSONAL-LIFESTYLE-1501 | Hobbies | 19268.29,Android,B31,RAMP_1501_2500,CREATED,idem-20260902-apk-1501
1502,MTR-APK-1502,Group,Shared Purchase,Assets,Other,Expense,2026-08-25,05:21:09,2026-08-25 05:21:09,5057.11,INR,-5057.11,APK Meera,3,EQUAL,MAESTRO-APK-GROUP-ASSETS-1502 | Other | 5057.11,Android,B31,RAMP_1501_2500,CREATED,idem-20260902-apk-1502
1503,MTR-APK-1503,Business,Business,Business Operations,Accounting,Expense,2026-03-19,20:22:13,2026-03-19 20:22:13,102557.62,INR,-102557.62,APK Owner,,,MAESTRO-APK-BUSINESS-BUSINESS_OPERATIONS-1503 | Accounting | 102557.62,Android,B31,RAMP_1501_2500,CREATED,idem-20260902-apk-1503
1504,MTR-APK-1504,Personal,Personal,Relationships,Gifts,Expense,2026-05-15,18:05:26,2026-05-15 18:05:26,17114.0,INR,-17114.0,APK Owner,,,MAESTRO-APK-PERSONAL-RELATIONSHIPS-1504 | Gifts | 17114.00,Android,B31,RAMP_1501_2500,CREATED,idem-20260902-apk-1504
1505,MTR-APK-1505,Group,Shared Purchase,Custom Purchase,Custom Expense,Expense,2026-02-11,19:26:59,2026-02-11 19:26:59,1295.85,INR,-1295.85,APK Owner,3,PERCENTAGE,MAESTRO-APK-GROUP-CUSTOM_PURCHASE-1505 | Custom Expense | 1295.85,Android,B31,RAMP_1501_2500,CREATED,idem-20260902-apk-1505
1506,MTR-APK-1506,Business,Business,Business Operations,Equipment,Expense,2025-11-05,16:41:51,2025-11-05 16:41:51,130436.79,INR,-130436.79,APK Owner,,,MAESTRO-APK-BUSINESS-BUSINESS_OPERATIONS-1506 | Equipment | 130436.79,Android,B31,RAMP_1501_2500,CREATED,idem-20260902-apk-1506
1507,MTR-APK-1507,Personal,Personal,Relationships,Dates,Expense,2025-12-06,09:50:06,2025-12-06 09:50:06,19130.55,INR,-19130.55,APK Owner,,,MAESTRO-APK-PERSONAL-RELATIONSHIPS-1507 | Dates | 19130.55,Android,B31,RAMP_1501_2500,CREATED,idem-20260902-apk-1507
1508,MTR-APK-1508,Group,Shared Purchase,Custom Purchase,Custom Contribution,Contribution,2025-11-11,21:50:31,2025-11-11 21:50:31,2608.13,INR,2608.13,APK Aarav,3,EXACT,MAESTRO-APK-GROUP-CUSTOM_PURCHASE-1508 | Custom Contribution | 2608.13,Android,B31,RAMP_1501_2500,CREATED,idem-20260902-apk-1508
1509,MTR-APK-1509,Business,Business,Business Operations,Vendor,Expense,2026-05-21,05:36:12,2026-05-21 05:36:12,101254.14,INR,-101254.14,APK Owner,,,MAESTRO-APK-BUSINESS-BUSINESS_OPERATIONS-1509 | Vendor | 101254.14,Android,B31,RAMP_1501_2500,CREATED,idem-20260902-apk-1509
1510,MTR-APK-1510,Personal,Personal,Relationships,Family,Expense,2026-04-30,08:42:47,2026-04-30 08:42:47,11325.04,INR,-11325.04,APK Owner,,,MAESTRO-APK-PERSONAL-RELATIONSHIPS-1510 | Family | 11325.04,Android,B31,RAMP_1501_2500,CREATED,idem-20260902-apk-1510
1511,MTR-APK-1511,Group,Shared Living,Flatmates,Rent,Expense,2026-05-18,20:18:08,2026-05-18 20:18:08,16827.36,INR,-16827.36,APK Meera,3,SHARES,MAESTRO-APK-GROUP-FLATMATES-1511 | Rent | 16827.36,Android,B31,RAMP_1501_2500,CREATED,idem-20260902-apk-1511
1512,MTR-APK-1512,Business,Business,Business Operations,Tax,Expense,2025-10-29,17:11:30,2025-10-29 17:11:30,116554.58,INR,-116554.58,APK Owner,,,MAESTRO-APK-BUSINESS-BUSINESS_OPERATIONS-1512 | Tax | 116554.58,Android,B31,RAMP_1501_2500,CREATED,idem-20260902-apk-1512
1513,MTR-APK-1513,Personal,Personal,Relationships,Friends,Expense,2026-01-03,11:19:17,2026-01-03 11:19:17,18422.95,INR,-18422.95,APK Owner,,,MAESTRO-APK-PERSONAL-RELATIONSHIPS-1513 | Friends | 18422.95,Android,B31,RAMP_1501_2500,CREATED,idem-20260902-apk-1513
1514,MTR-APK-1514,Group,Shared Living,Flatmates,Utilities,Expense,2025-11-04,18:22:29,2025-11-04 18:22:29,5559.07,INR,-5559.07,APK Owner,3,EQUAL,MAESTRO-APK-GROUP-FLATMATES-1514 | Utilities | 5559.07,Android,B31,RAMP_1501_2500,CREATED,idem-20260902-apk-1514
1515,MTR-APK-1515,Business,Business,Team Operations,Payroll,Expense,2026-07-16,10:58:29,2026-07-16 10:58:29,43739.8,INR,-43739.8,APK Owner,,,MAESTRO-APK-BUSINESS-TEAM_OPERATIONS-1515 | Payroll | 43739.80,Android,B31,RAMP_1501_2500,CREATED,idem-20260902-apk-1515
1516,MTR-APK-1516,Personal,Personal,Relationships,Celebrations,Expense,2026-06-16,12:23:39,2026-06-16 12:23:39,5222.81,INR,-5222.81,APK Owner,,,MAESTRO-APK-PERSONAL-RELATIONSHIPS-1516 | Celebrations | 5222.81,Android,B31,RAMP_1501_2500,CREATED,idem-20260902-apk-1516
1517,MTR-APK-1517,Group,Shared Living,Flatmates,Groceries,Expense,2026-05-25,06:58:24,2026-05-25 06:58:24,10000.0,INR,-10000.0,APK Aarav,3,PERCENTAGE,MAESTRO-APK-GROUP-FLATMATES-1517 | Groceries | 10000.00,Android,B31,RAMP_1501_2500,CREATED,idem-20260902-apk-1517
1518,MTR-APK-1518,Business,Business,Team Operations,Contractor,Expense,2026-07-16,11:52:27,2026-07-16 11:52:27,140563.45,INR,-140563.45,APK Owner,,,MAESTRO-APK-BUSINESS-TEAM_OPERATIONS-1518 | Contractor | 140563.45,Android,B31,RAMP_1501_2500,CREATED,idem-20260902-apk-1518
1519,MTR-APK-1519,Personal,Personal,Life Operations,Groceries,Expense,2026-04-08,07:40:18,2026-04-08 07:40:18,5413.68,INR,-5413.68,APK Owner,,,MAESTRO-APK-PERSONAL-LIFE_OPERATIONS-1519 | Groceries | 5413.68,Android,B31,RAMP_1501_2500,CREATED,idem-20260902-apk-1519
1520,MTR-APK-1520,Group,Shared Living,Flatmates,Internet,Expense,2025-12-23,00:12:00,2025-12-23 00:12:00,1024.59,INR,-1024.59,APK Meera,3,EXACT,MAESTRO-APK-GROUP-FLATMATES-1520 | Internet | 1024.59,Android,B31,RAMP_1501_2500,CREATED,idem-20260902-apk-1520
1521,MTR-APK-1521,Business,Business,Team Operations,Hiring,Expense,2026-02-26,22:15:43,2026-02-26 22:15:43,8559.17,INR,-8559.17,APK Owner,,,MAESTRO-APK-BUSINESS-TEAM_OPERATIONS-1521 | Hiring | 8559.17,Android,B31,RAMP_1501_2500,CREATED,idem-20260902-apk-1521
1522,MTR-APK-1522,Personal,Personal,Life Operations,Rent,Expense,2026-07-18,04:51:27,2026-07-18 04:51:27,7846.59,INR,-7846.59,APK Owner,,,MAESTRO-APK-PERSONAL-LIFE_OPERATIONS-1522 | Rent | 7846.59,Android,B31,RAMP_1501_2500,CREATED,idem-20260902-apk-1522
1523,MTR-APK-1523,Group,Shared Living,Flatmates,House Supplies,Expense,2026-02-10,06:27:23,2026-02-10 06:27:23,28093.82,INR,-28093.82,APK Owner,3,SHARES,MAESTRO-APK-GROUP-FLATMATES-1523 | House Supplies | 28093.82,Android,B31,RAMP_1501_2500,CREATED,idem-20260902-apk-1523
1524,MTR-APK-1524,Business,Business,Team Operations,Team Meal,Expense,2026-07-11,11:48:53,2026-07-11 11:48:53,156721.85,INR,-156721.85,APK Owner,,,MAESTRO-APK-BUSINESS-TEAM_OPERATIONS-1524 | Team Meal | 156721.85,Android,B31,RAMP_1501_2500,CREATED,idem-20260902-apk-1524
1525,MTR-APK-1525,Personal,Personal,Life Operations,Bills,Expense,2025-12-11,17:21:06,2025-12-11 17:21:06,99.22,INR,-99.22,APK Owner,,,MAESTRO-APK-PERSONAL-LIFE_OPERATIONS-1525 | Bills | 99.22,Android,B31,RAMP_1501_2500,CREATED,idem-20260902-apk-1525
1526,MTR-APK-1526,Group,Shared Living,Flatmates,Repairs,Expense,2025-12-29,21:23:09,2025-12-29 21:23:09,12435.59,INR,-12435.59,APK Aarav,3,EQUAL,MAESTRO-APK-GROUP-FLATMATES-1526 | Repairs | 12435.59,Android,B31,RAMP_1501_2500,CREATED,idem-20260902-apk-1526
1527,MTR-APK-1527,Business,Business,Team Operations,Travel,Expense,2026-01-30,05:38:01,2026-01-30 05:38:01,42723.08,INR,-42723.08,APK Owner,,,MAESTRO-APK-BUSINESS-TEAM_OPERATIONS-1527 | Travel | 42723.08,Android,B31,RAMP_1501_2500,CREATED,idem-20260902-apk-1527
1528,MTR-APK-1528,Personal,Personal,Life Operations,Transport,Expense,2025-09-27,07:56:58,2025-09-27 07:56:58,7446.18,INR,-7446.18,APK Owner,,,MAESTRO-APK-PERSONAL-LIFE_OPERATIONS-1528 | Transport | 7446.18,Android,B31,RAMP_1501_2500,CREATED,idem-20260902-apk-1528
1529,MTR-APK-1529,Group,Shared Living,Shared Living,Rent,Expense,2026-03-31,01:21:27,2026-03-31 01:21:27,25040.1,INR,-25040.1,APK Meera,3,PERCENTAGE,MAESTRO-APK-GROUP-SHARED_LIVING-1529 | Rent | 25040.10,Android,B31,RAMP_1501_2500,CREATED,idem-20260902-apk-1529
1530,MTR-APK-1530,Business,Business,Team Operations,Training,Expense,2026-07-12,09:01:01,2026-07-12 09:01:01,119379.62,INR,-119379.62,APK Owner,,,MAESTRO-APK-BUSINESS-TEAM_OPERATIONS-1530 | Training | 119379.62,Android,B31,RAMP_1501_2500,CREATED,idem-20260902-apk-1530
1531,MTR-APK-1531,Personal,Personal,Life Operations,Healthcare,Expense,2026-04-28,22:00:41,2026-04-28 22:00:41,18215.62,INR,-18215.62,APK Owner,,,MAESTRO-APK-PERSONAL-LIFE_OPERATIONS-1531 | Healthcare | 18215.62,Android,B31,RAMP_1501_2500,CREATED,idem-20260902-apk-1531
1532,MTR-APK-1532,Group,Shared Living,Shared Living,Utilities,Expense,2026-02-09,16:40:25,2026-02-09 16:40:25,16556.57,INR,-16556.57,APK Owner,3,EXACT,MAESTRO-APK-GROUP-SHARED_LIVING-1532 | Utilities | 16556.57,Android,B31,RAMP_1501_2500,CREATED,idem-20260902-apk-1532
1533,MTR-APK-1533,Business,Business,Team Operations,Tools,Expense,2026-07-26,02:00:14,2026-07-26 02:00:14,179976.83,INR,-179976.83,APK Owner,,,MAESTRO-APK-BUSINESS-TEAM_OPERATIONS-1533 | Tools | 179976.83,Android,B31,RAMP_1501_2500,CREATED,idem-20260902-apk-1533
1534,MTR-APK-1534,Personal,Personal,Life Operations,Subscriptions,Expense,2025-12-25,05:46:55,2025-12-25 05:46:55,16866.48,INR,-16866.48,APK Owner,,,MAESTRO-APK-PERSONAL-LIFE_OPERATIONS-1534 | Subscriptions | 16866.48,Android,B31,RAMP_1501_2500,CREATED,idem-20260902-apk-1534
1535,MTR-APK-1535,Group,Shared Living,Shared Living,Groceries,Expense,2026-03-16,13:37:25,2026-03-16 13:37:25,10576.1,INR,-10576.1,APK Aarav,3,SHARES,MAESTRO-APK-GROUP-SHARED_LIVING-1535 | Groceries | 10576.10,Android,B31,RAMP_1501_2500,CREATED,idem-20260902-apk-1535
1536,MTR-APK-1536,Business,Business,Business Runway,Funding,Income,2025-12-24,04:26:39,2025-12-24 04:26:39,88930.55,INR,88930.55,APK Owner,,,MAESTRO-APK-BUSINESS-BUSINESS_RUNWAY-1536 | Funding | 88930.55,Android,B31,RAMP_1501_2500,CREATED,idem-20260902-apk-1536
1537,MTR-APK-1537,Personal,Personal,Life Operations,Repairs,Expense,2026-03-02,16:43:56,2026-03-02 16:43:56,5381.86,INR,-5381.86,APK Owner,,,MAESTRO-APK-PERSONAL-LIFE_OPERATIONS-1537 | Repairs | 5381.86,Android,B31,RAMP_1501_2500,CREATED,idem-20260902-apk-1537
1538,MTR-APK-1538,Group,Shared Living,Shared Living,Maintenance,Expense,2025-10-05,02:44:56,2025-10-05 02:44:56,29979.64,INR,-29979.64,APK Meera,3,EQUAL,MAESTRO-APK-GROUP-SHARED_LIVING-1538 | Maintenance | 29979.64,Android,B31,RAMP_1501_2500,CREATED,idem-20260902-apk-1538
1539,MTR-APK-1539,Business,Business,Business Runway,Revenue,Income,2025-12-20,10:09:29,2025-12-20 10:09:29,135392.72,INR,135392.72,APK Owner,,,MAESTRO-APK-BUSINESS-BUSINESS_RUNWAY-1539 | Revenue | 135392.72,Android,B31,RAMP_1501_2500,CREATED,idem-20260902-apk-1539
1540,MTR-APK-1540,Personal,Personal,Future Building,Savings,Transfer,2026-05-08,16:50:55,2026-05-08 16:50:55,8464.17,INR,0.0,APK Owner,,,MAESTRO-APK-PERSONAL-FUTURE_BUILDING-1540 | Savings | 8464.17,Android,B31,RAMP_1501_2500,CREATED,idem-20260902-apk-1540
1541,MTR-APK-1541,Group,Shared Living,Shared Living,Other,Expense,2026-05-03,17:03:31,2026-05-03 17:03:31,909.56,INR,-909.56,APK Owner,3,PERCENTAGE,MAESTRO-APK-GROUP-SHARED_LIVING-1541 | Other | 909.56,Android,B31,RAMP_1501_2500,CREATED,idem-20260902-apk-1541
1542,MTR-APK-1542,Business,Business,Business Runway,Burn,Expense,2026-02-21,11:45:05,2026-02-21 11:45:05,100165.2,INR,-100165.2,APK Owner,,,MAESTRO-APK-BUSINESS-BUSINESS_RUNWAY-1542 | Burn | 100165.20,Android,B31,RAMP_1501_2500,CREATED,idem-20260902-apk-1542
1543,MTR-APK-1543,Personal,Personal,Future Building,Emergency Fund,Transfer,2026-03-12,09:38:50,2026-03-12 09:38:50,4741.62,INR,0.0,APK Owner,,,MAESTRO-APK-PERSONAL-FUTURE_BUILDING-1543 | Emergency Fund | 4741.62,Android,B31,RAMP_1501_2500,CREATED,idem-20260902-apk-1543
1544,MTR-APK-1544,Group,Shared Living,Family Household,Rent,Expense,2026-03-21,21:54:51,2026-03-21 21:54:51,7773.37,INR,-7773.37,APK Aarav,3,EXACT,MAESTRO-APK-GROUP-FAMILY_HOUSEHOLD-1544 | Rent | 7773.37,Android,B31,RAMP_1501_2500,CREATED,idem-20260902-apk-1544
1545,MTR-APK-1545,Business,Business,Business Runway,Reserve,Transfer,2026-07-19,05:22:08,2026-07-19 05:22:08,141683.56,INR,0.0,APK Owner,,,MAESTRO-APK-BUSINESS-BUSINESS_RUNWAY-1545 | Reserve | 141683.56,Android,B31,RAMP_1501_2500,CREATED,idem-20260902-apk-1545
1546,MTR-APK-1546,Personal,Personal,Future Building,Investments,Investment,2026-01-14,22:10:40,2026-01-14 22:10:40,8137.52,INR,0.0,APK Owner,,,MAESTRO-APK-PERSONAL-FUTURE_BUILDING-1546 | Investments | 8137.52,Android,B31,RAMP_1501_2500,CREATED,idem-20260902-apk-1546
1547,MTR-APK-1547,Group,Shared Living,Family Household,Groceries,Expense,2026-08-10,20:10:17,2026-08-10 20:10:17,16849.78,INR,-16849.78,APK Meera,3,SHARES,MAESTRO-APK-GROUP-FAMILY_HOUSEHOLD-1547 | Groceries | 16849.78,Android,B31,RAMP_1501_2500,CREATED,idem-20260902-apk-1547
1548,MTR-APK-1548,Business,Business,Business Runway,Loan,Income,2025-10-09,16:13:18,2025-10-09 16:13:18,161476.12,INR,161476.12,APK Owner,,,MAESTRO-APK-BUSINESS-BUSINESS_RUNWAY-1548 | Loan | 161476.12,Android,B31,RAMP_1501_2500,CREATED,idem-20260902-apk-1548
1549,MTR-APK-1549,Personal,Personal,Future Building,Education,Expense,2025-10-05,05:42:39,2025-10-05 05:42:39,8990.89,INR,-8990.89,APK Owner,,,MAESTRO-APK-PERSONAL-FUTURE_BUILDING-1549 | Education | 8990.89,Android,B31,RAMP_1501_2500,CREATED,idem-20260902-apk-1549
1550,MTR-APK-1550,Group,Shared Living,Family Household,Transport,Expense,2025-10-05,09:41:22,2025-10-05 09:41:22,15105.67,INR,-15105.67,APK Owner,3,EQUAL,MAESTRO-APK-GROUP-FAMILY_HOUSEHOLD-1550 | Transport | 15105.67,Android,B31,RAMP_1501_2500,CREATED,idem-20260902-apk-1550
1551,MTR-APK-1551,Business,Business,Business Runway,Investment,Income,2025-10-20,09:42:54,2025-10-20 09:42:54,7986.59,INR,7986.59,APK Owner,,,MAESTRO-APK-BUSINESS-BUSINESS_RUNWAY-1551 | Investment | 7986.59,Android,B32,RAMP_1501_2500,CREATED,idem-20260902-apk-1551
1552,MTR-APK-1552,Personal,Personal,Future Building,Goal Contribution,Transfer,2025-09-08,10:50:33,2025-09-08 10:50:33,4500.0,INR,0.0,APK Owner,,,MAESTRO-APK-PERSONAL-FUTURE_BUILDING-1552 | Goal Contribution | 4500.00,Android,B32,RAMP_1501_2500,CREATED,idem-20260902-apk-1552
1553,MTR-APK-1553,Group,Shared Living,Family Household,Bills,Expense,2026-05-22,14:16:43,2026-05-22 14:16:43,8426.47,INR,-8426.47,APK Aarav,3,PERCENTAGE,MAESTRO-APK-GROUP-FAMILY_HOUSEHOLD-1553 | Bills | 8426.47,Android,B32,RAMP_1501_2500,CREATED,idem-20260902-apk-1553
1554,MTR-APK-1554,Business,Business,Business Operations,Software,Expense,2026-03-22,00:30:28,2026-03-22 00:30:28,0.01,INR,-0.01,APK Owner,,,MAESTRO-APK-BUSINESS-BUSINESS_OPERATIONS-1554 | Software | 0.01,Android,B32,RAMP_1501_2500,CREATED,idem-20260902-apk-1554
1555,MTR-APK-1555,Personal,Personal,Lifestyle,Dining,Expense,2025-10-27,20:17:07,2025-10-27 20:17:07,12594.69,INR,-12594.69,APK Owner,,,MAESTRO-APK-PERSONAL-LIFESTYLE-1555 | Dining | 12594.69,Android,B32,RAMP_1501_2500,CREATED,idem-20260902-apk-1555
1556,MTR-APK-1556,Group,Shared Living,Family Household,Utilities,Expense,2025-12-26,17:36:36,2025-12-26 17:36:36,16330.84,INR,-16330.84,APK Meera,3,EXACT,MAESTRO-APK-GROUP-FAMILY_HOUSEHOLD-1556 | Utilities | 16330.84,Android,B32,RAMP_1501_2500,CREATED,idem-20260902-apk-1556
1557,MTR-APK-1557,Business,Business,Business Operations,Rent,Expense,2026-08-19,11:12:21,2026-08-19 11:12:21,14684.26,INR,-14684.26,APK Owner,,,MAESTRO-APK-BUSINESS-BUSINESS_OPERATIONS-1557 | Rent | 14684.26,Android,B32,RAMP_1501_2500,CREATED,idem-20260902-apk-1557
1558,MTR-APK-1558,Personal,Personal,Lifestyle,Shopping,Expense,2026-08-05,23:44:11,2026-08-05 23:44:11,2741.42,INR,-2741.42,APK Owner,,,MAESTRO-APK-PERSONAL-LIFESTYLE-1558 | Shopping | 2741.42,Android,B32,RAMP_1501_2500,CREATED,idem-20260902-apk-1558
1559,MTR-APK-1559,Group,Shared Living,Family Household,Healthcare,Expense,2025-12-19,01:21:31,2025-12-19 01:21:31,1292.97,INR,-1292.97,APK Owner,3,SHARES,MAESTRO-APK-GROUP-FAMILY_HOUSEHOLD-1559 | Healthcare | 1292.97,Android,B32,RAMP_1501_2500,CREATED,idem-20260902-apk-1559
1560,MTR-APK-1560,Business,Business,Business Operations,Marketing,Expense,2026-07-20,18:33:31,2026-07-20 18:33:31,156582.34,INR,-156582.34,APK Owner,,,MAESTRO-APK-BUSINESS-BUSINESS_OPERATIONS-1560 | Marketing | 156582.34,Android,B32,RAMP_1501_2500,CREATED,idem-20260902-apk-1560
1561,MTR-APK-1561,Personal,Personal,Lifestyle,Entertainment,Expense,2025-09-25,00:51:34,2025-09-25 00:51:34,12890.84,INR,-12890.84,APK Owner,,,MAESTRO-APK-PERSONAL-LIFESTYLE-1561 | Entertainment | 12890.84,Android,B32,RAMP_1501_2500,CREATED,idem-20260902-apk-1561
1562,MTR-APK-1562,Group,Shared Living,Custom Living,Custom Expense,Expense,2026-05-22,03:08:33,2026-05-22 03:08:33,10488.68,INR,-10488.68,APK Aarav,3,EQUAL,MAESTRO-APK-GROUP-CUSTOM_LIVING-1562 | Custom Expense | 10488.68,Android,B32,RAMP_1501_2500,CREATED,idem-20260902-apk-1562
1563,MTR-APK-1563,Business,Business,Business Operations,Legal,Expense,2026-03-15,16:52:19,2026-03-15 16:52:19,35755.81,INR,-35755.81,APK Owner,,,MAESTRO-APK-BUSINESS-BUSINESS_OPERATIONS-1563 | Legal | 35755.81,Android,B32,RAMP_1501_2500,CREATED,idem-20260902-apk-1563
1564,MTR-APK-1564,Personal,Personal,Lifestyle,Travel,Expense,2026-02-20,10:31:01,2026-02-20 10:31:01,15452.88,INR,-15452.88,APK Owner,,,MAESTRO-APK-PERSONAL-LIFESTYLE-1564 | Travel | 15452.88,Android,B32,RAMP_1501_2500,CREATED,idem-20260902-apk-1564
1565,MTR-APK-1565,Group,Shared Living,Custom Living,Custom Contribution,Contribution,2026-03-05,17:38:45,2026-03-05 17:38:45,11660.66,INR,11660.66,APK Meera,3,PERCENTAGE,MAESTRO-APK-GROUP-CUSTOM_LIVING-1565 | Custom Contribution | 11660.66,Android,B32,RAMP_1501_2500,CREATED,idem-20260902-apk-1565
1566,MTR-APK-1566,Business,Business,Business Operations,Accounting,Expense,2025-10-30,19:29:00,2025-10-30 19:29:00,55509.22,INR,-55509.22,APK Owner,,,MAESTRO-APK-BUSINESS-BUSINESS_OPERATIONS-1566 | Accounting | 55509.22,Android,B32,RAMP_1501_2500,CREATED,idem-20260902-apk-1566
1567,MTR-APK-1567,Personal,Personal,Lifestyle,Fitness,Expense,2026-07-04,09:24:39,2026-07-04 09:24:39,8015.69,INR,-8015.69,APK Owner,,,MAESTRO-APK-PERSONAL-LIFESTYLE-1567 | Fitness | 8015.69,Android,B32,RAMP_1501_2500,CREATED,idem-20260902-apk-1567
1568,MTR-APK-1568,Group,Shared Experience,Trip,Travel,Expense,2026-07-17,19:41:31,2026-07-17 19:41:31,15769.43,INR,-15769.43,APK Owner,3,EXACT,MAESTRO-APK-GROUP-TRIP-1568 | Travel | 15769.43,Android,B32,RAMP_1501_2500,CREATED,idem-20260902-apk-1568
1569,MTR-APK-1569,Business,Business,Business Operations,Equipment,Expense,2025-10-28,12:36:56,2025-10-28 12:36:56,2207.07,INR,-2207.07,APK Owner,,,MAESTRO-APK-BUSINESS-BUSINESS_OPERATIONS-1569 | Equipment | 2207.07,Android,B32,RAMP_1501_2500,CREATED,idem-20260902-apk-1569
1570,MTR-APK-1570,Personal,Personal,Lifestyle,Hobbies,Expense,2026-04-24,21:56:01,2026-04-24 21:56:01,9554.4,INR,-9554.4,APK Owner,,,MAESTRO-APK-PERSONAL-LIFESTYLE-1570 | Hobbies | 9554.40,Android,B32,RAMP_1501_2500,CREATED,idem-20260902-apk-1570
1571,MTR-APK-1571,Group,Shared Experience,Trip,Stay,Expense,2026-04-19,06:31:03,2026-04-19 06:31:03,2583.16,INR,-2583.16,APK Aarav,3,SHARES,MAESTRO-APK-GROUP-TRIP-1571 | Stay | 2583.16,Android,B32,RAMP_1501_2500,CREATED,idem-20260902-apk-1571
1572,MTR-APK-1572,Business,Business,Business Operations,Vendor,Expense,2026-04-20,05:12:00,2026-04-20 05:12:00,132879.64,INR,-132879.64,APK Owner,,,MAESTRO-APK-BUSINESS-BUSINESS_OPERATIONS-1572 | Vendor | 132879.64,Android,B32,RAMP_1501_2500,CREATED,idem-20260902-apk-1572
1573,MTR-APK-1573,Personal,Personal,Relationships,Gifts,Expense,2025-11-16,16:17:01,2025-11-16 16:17:01,2952.4,INR,-2952.4,APK Owner,,,MAESTRO-APK-PERSONAL-RELATIONSHIPS-1573 | Gifts | 2952.40,Android,B32,RAMP_1501_2500,CREATED,idem-20260902-apk-1573
1574,MTR-APK-1574,Group,Shared Experience,Trip,Food,Expense,2025-09-20,21:38:40,2025-09-20 21:38:40,19986.97,INR,-19986.97,APK Meera,3,EQUAL,MAESTRO-APK-GROUP-TRIP-1574 | Food | 19986.97,Android,B32,RAMP_1501_2500,CREATED,idem-20260902-apk-1574
1575,MTR-APK-1575,Business,Business,Business Operations,Tax,Expense,2025-12-30,00:57:19,2025-12-30 00:57:19,8806.5,INR,-8806.5,APK Owner,,,MAESTRO-APK-BUSINESS-BUSINESS_OPERATIONS-1575 | Tax | 8806.50,Android,B32,RAMP_1501_2500,CREATED,idem-20260902-apk-1575
1576,MTR-APK-1576,Personal,Personal,Relationships,Dates,Expense,2025-10-23,19:33:18,2025-10-23 19:33:18,12543.29,INR,-12543.29,APK Owner,,,MAESTRO-APK-PERSONAL-RELATIONSHIPS-1576 | Dates | 12543.29,Android,B32,RAMP_1501_2500,CREATED,idem-20260902-apk-1576
1577,MTR-APK-1577,Group,Shared Experience,Trip,Local Transport,Expense,2026-05-02,11:10:28,2026-05-02 11:10:28,10455.6,INR,-10455.6,APK Owner,3,PERCENTAGE,MAESTRO-APK-GROUP-TRIP-1577 | Local Transport | 10455.60,Android,B32,RAMP_1501_2500,CREATED,idem-20260902-apk-1577
1578,MTR-APK-1578,Business,Business,Team Operations,Payroll,Expense,2025-12-24,06:11:32,2025-12-24 06:11:32,107519.75,INR,-107519.75,APK Owner,,,MAESTRO-APK-BUSINESS-TEAM_OPERATIONS-1578 | Payroll | 107519.75,Android,B32,RAMP_1501_2500,CREATED,idem-20260902-apk-1578
1579,MTR-APK-1579,Personal,Personal,Relationships,Family,Expense,2026-03-22,19:34:16,2026-03-22 19:34:16,4243.28,INR,-4243.28,APK Owner,,,MAESTRO-APK-PERSONAL-RELATIONSHIPS-1579 | Family | 4243.28,Android,B32,RAMP_1501_2500,CREATED,idem-20260902-apk-1579
1580,MTR-APK-1580,Group,Shared Experience,Trip,Activities,Expense,2026-06-13,02:46:34,2026-06-13 02:46:34,16530.08,INR,-16530.08,APK Aarav,3,EXACT,MAESTRO-APK-GROUP-TRIP-1580 | Activities | 16530.08,Android,B32,RAMP_1501_2500,CREATED,idem-20260902-apk-1580
1581,MTR-APK-1581,Business,Business,Team Operations,Contractor,Expense,2026-03-17,03:18:21,2026-03-17 03:18:21,177618.4,INR,-177618.4,APK Owner,,,MAESTRO-APK-BUSINESS-TEAM_OPERATIONS-1581 | Contractor | 177618.40,Android,B32,RAMP_1501_2500,CREATED,idem-20260902-apk-1581
1582,MTR-APK-1582,Personal,Personal,Relationships,Friends,Expense,2026-01-07,01:18:48,2026-01-07 01:18:48,7999.45,INR,-7999.45,APK Owner,,,MAESTRO-APK-PERSONAL-RELATIONSHIPS-1582 | Friends | 7999.45,Android,B32,RAMP_1501_2500,CREATED,idem-20260902-apk-1582
1583,MTR-APK-1583,Group,Shared Experience,Trip,Shopping,Expense,2026-07-27,13:17:36,2026-07-27 13:17:36,8097.02,INR,-8097.02,APK Meera,3,SHARES,MAESTRO-APK-GROUP-TRIP-1583 | Shopping | 8097.02,Android,B32,RAMP_1501_2500,CREATED,idem-20260902-apk-1583
1584,MTR-APK-1584,Business,Business,Team Operations,Hiring,Expense,2026-09-01,21:30:14,2026-09-01 21:30:14,109492.73,INR,-109492.73,APK Owner,,,MAESTRO-APK-BUSINESS-TEAM_OPERATIONS-1584 | Hiring | 109492.73,Android,B32,RAMP_1501_2500,CREATED,idem-20260902-apk-1584
1585,MTR-APK-1585,Personal,Personal,Relationships,Celebrations,Expense,2026-06-25,06:53:12,2026-06-25 06:53:12,16849.44,INR,-16849.44,APK Owner,,,MAESTRO-APK-PERSONAL-RELATIONSHIPS-1585 | Celebrations | 16849.44,Android,B32,RAMP_1501_2500,CREATED,idem-20260902-apk-1585
1586,MTR-APK-1586,Group,Shared Experience,Trip,Other,Expense,2025-10-05,00:59:34,2025-10-05 00:59:34,12770.15,INR,-12770.15,APK Owner,3,EQUAL,MAESTRO-APK-GROUP-TRIP-1586 | Other | 12770.15,Android,B32,RAMP_1501_2500,CREATED,idem-20260902-apk-1586
1587,MTR-APK-1587,Business,Business,Team Operations,Team Meal,Expense,2026-04-03,17:40:11,2026-04-03 17:40:11,104974.74,INR,-104974.74,APK Owner,,,MAESTRO-APK-BUSINESS-TEAM_OPERATIONS-1587 | Team Meal | 104974.74,Android,B32,RAMP_1501_2500,CREATED,idem-20260902-apk-1587
1588,MTR-APK-1588,Personal,Personal,Life Operations,Groceries,Expense,2026-03-21,04:37:59,2026-03-21 04:37:59,2460.91,INR,-2460.91,APK Owner,,,MAESTRO-APK-PERSONAL-LIFE_OPERATIONS-1588 | Groceries | 2460.91,Android,B32,RAMP_1501_2500,CREATED,idem-20260902-apk-1588
1589,MTR-APK-1589,Group,Shared Experience,Wedding,Venue,Expense,2025-09-24,21:09:34,2025-09-24 21:09:34,8046.28,INR,-8046.28,APK Aarav,3,PERCENTAGE,MAESTRO-APK-GROUP-WEDDING-1589 | Venue | 8046.28,Android,B32,RAMP_1501_2500,CREATED,idem-20260902-apk-1589
1590,MTR-APK-1590,Business,Business,Team Operations,Travel,Expense,2025-12-26,04:50:04,2025-12-26 04:50:04,85884.77,INR,-85884.77,APK Owner,,,MAESTRO-APK-BUSINESS-TEAM_OPERATIONS-1590 | Travel | 85884.77,Android,B32,RAMP_1501_2500,CREATED,idem-20260902-apk-1590
1591,MTR-APK-1591,Personal,Personal,Life Operations,Rent,Expense,2025-10-11,02:40:35,2025-10-11 02:40:35,1.0,INR,-1.0,APK Owner,,,MAESTRO-APK-PERSONAL-LIFE_OPERATIONS-1591 | Rent | 1.00,Android,B32,RAMP_1501_2500,CREATED,idem-20260902-apk-1591
1592,MTR-APK-1592,Group,Shared Experience,Wedding,Catering,Expense,2026-05-29,04:41:03,2026-05-29 04:41:03,13743.52,INR,-13743.52,APK Meera,3,EXACT,MAESTRO-APK-GROUP-WEDDING-1592 | Catering | 13743.52,Android,B32,RAMP_1501_2500,CREATED,idem-20260902-apk-1592
1593,MTR-APK-1593,Business,Business,Team Operations,Training,Expense,2025-12-19,02:52:38,2025-12-19 02:52:38,179719.24,INR,-179719.24,APK Owner,,,MAESTRO-APK-BUSINESS-TEAM_OPERATIONS-1593 | Training | 179719.24,Android,B32,RAMP_1501_2500,CREATED,idem-20260902-apk-1593
1594,MTR-APK-1594,Personal,Personal,Life Operations,Bills,Expense,2025-12-27,00:56:33,2025-12-27 00:56:33,640.34,INR,-640.34,APK Owner,,,MAESTRO-APK-PERSONAL-LIFE_OPERATIONS-1594 | Bills | 640.34,Android,B32,RAMP_1501_2500,CREATED,idem-20260902-apk-1594
1595,MTR-APK-1595,Group,Shared Experience,Wedding,Decor,Expense,2025-12-06,22:40:41,2025-12-06 22:40:41,23485.56,INR,-23485.56,APK Owner,3,SHARES,MAESTRO-APK-GROUP-WEDDING-1595 | Decor | 23485.56,Android,B32,RAMP_1501_2500,CREATED,idem-20260902-apk-1595
1596,MTR-APK-1596,Business,Business,Team Operations,Tools,Expense,2025-09-23,20:10:27,2025-09-23 20:10:27,56358.4,INR,-56358.4,APK Owner,,,MAESTRO-APK-BUSINESS-TEAM_OPERATIONS-1596 | Tools | 56358.40,Android,B32,RAMP_1501_2500,CREATED,idem-20260902-apk-1596
1597,MTR-APK-1597,Personal,Personal,Life Operations,Transport,Expense,2026-07-15,19:22:07,2026-07-15 19:22:07,1038.47,INR,-1038.47,APK Owner,,,MAESTRO-APK-PERSONAL-LIFE_OPERATIONS-1597 | Transport | 1038.47,Android,B32,RAMP_1501_2500,CREATED,idem-20260902-apk-1597
1598,MTR-APK-1598,Group,Shared Experience,Wedding,Travel,Expense,2026-01-19,08:32:36,2026-01-19 08:32:36,5723.12,INR,-5723.12,APK Aarav,3,EQUAL,MAESTRO-APK-GROUP-WEDDING-1598 | Travel | 5723.12,Android,B32,RAMP_1501_2500,CREATED,idem-20260902-apk-1598
1599,MTR-APK-1599,Business,Business,Business Runway,Funding,Income,2025-10-31,07:00:54,2025-10-31 07:00:54,145272.67,INR,145272.67,APK Owner,,,MAESTRO-APK-BUSINESS-BUSINESS_RUNWAY-1599 | Funding | 145272.67,Android,B32,RAMP_1501_2500,CREATED,idem-20260902-apk-1599
1600,MTR-APK-1600,Personal,Personal,Life Operations,Healthcare,Expense,2026-06-27,11:37:52,2026-06-27 11:37:52,354.89,INR,-354.89,APK Owner,,,MAESTRO-APK-PERSONAL-LIFE_OPERATIONS-1600 | Healthcare | 354.89,Android,B32,RAMP_1501_2500,CREATED,idem-20260902-apk-1600
1601,MTR-APK-1601,Group,Shared Experience,Wedding,Gifts,Expense,2026-08-29,22:52:23,2026-08-29 22:52:23,3019.45,INR,-3019.45,APK Meera,3,PERCENTAGE,MAESTRO-APK-GROUP-WEDDING-1601 | Gifts | 3019.45,Android,B33,RAMP_1501_2500,CREATED,idem-20260902-apk-1601
1602,MTR-APK-1602,Business,Business,Business Runway,Revenue,Income,2025-11-27,07:09:57,2025-11-27 07:09:57,122612.68,INR,122612.68,APK Owner,,,MAESTRO-APK-BUSINESS-BUSINESS_RUNWAY-1602 | Revenue | 122612.68,Android,B33,RAMP_1501_2500,CREATED,idem-20260902-apk-1602
1603,MTR-APK-1603,Personal,Personal,Life Operations,Subscriptions,Expense,2026-06-20,07:53:50,2026-06-20 07:53:50,4021.84,INR,-4021.84,APK Owner,,,MAESTRO-APK-PERSONAL-LIFE_OPERATIONS-1603 | Subscriptions | 4021.84,Android,B33,RAMP_1501_2500,CREATED,idem-20260902-apk-1603
1604,MTR-APK-1604,Group,Shared Experience,Wedding,Photography,Expense,2026-02-05,09:09:21,2026-02-05 09:09:21,7271.58,INR,-7271.58,APK Owner,3,EXACT,MAESTRO-APK-GROUP-WEDDING-1604 | Photography | 7271.58,Android,B33,RAMP_1501_2500,CREATED,idem-20260902-apk-1604
1605,MTR-APK-1605,Business,Business,Business Runway,Burn,Expense,2026-05-20,06:04:53,2026-05-20 06:04:53,140621.28,INR,-140621.28,APK Owner,,,MAESTRO-APK-BUSINESS-BUSINESS_RUNWAY-1605 | Burn | 140621.28,Android,B33,RAMP_1501_2500,CREATED,idem-20260902-apk-1605
1606,MTR-APK-1606,Personal,Personal,Life Operations,Repairs,Expense,2026-01-27,19:49:59,2026-01-27 19:49:59,1618.23,INR,-1618.23,APK Owner,,,MAESTRO-APK-PERSONAL-LIFE_OPERATIONS-1606 | Repairs | 1618.23,Android,B33,RAMP_1501_2500,CREATED,idem-20260902-apk-1606
1607,MTR-APK-1607,Group,Shared Experience,Wedding,Other,Expense,2026-01-07,07:18:38,2026-01-07 07:18:38,22868.72,INR,-22868.72,APK Aarav,3,SHARES,MAESTRO-APK-GROUP-WEDDING-1607 | Other | 22868.72,Android,B33,RAMP_1501_2500,CREATED,idem-20260902-apk-1607
1608,MTR-APK-1608,Business,Business,Business Runway,Reserve,Transfer,2026-04-13,21:24:59,2026-04-13 21:24:59,55450.21,INR,0.0,APK Owner,,,MAESTRO-APK-BUSINESS-BUSINESS_RUNWAY-1608 | Reserve | 55450.21,Android,B33,RAMP_1501_2500,CREATED,idem-20260902-apk-1608
1609,MTR-APK-1609,Personal,Personal,Future Building,Savings,Transfer,2026-02-23,23:00:47,2026-02-23 23:00:47,14447.56,INR,0.0,APK Owner,,,MAESTRO-APK-PERSONAL-FUTURE_BUILDING-1609 | Savings | 14447.56,Android,B33,RAMP_1501_2500,CREATED,idem-20260902-apk-1609
1610,MTR-APK-1610,Group,Shared Experience,Office Outing,Food,Expense,2026-05-10,16:46:12,2026-05-10 16:46:12,22204.0,INR,-22204.0,APK Meera,3,EQUAL,MAESTRO-APK-GROUP-OFFICE_OUTING-1610 | Food | 22204.00,Android,B33,RAMP_1501_2500,CREATED,idem-20260902-apk-1610
1611,MTR-APK-1611,Business,Business,Business Runway,Loan,Income,2026-03-10,15:42:36,2026-03-10 15:42:36,86889.04,INR,86889.04,APK Owner,,,MAESTRO-APK-BUSINESS-BUSINESS_RUNWAY-1611 | Loan | 86889.04,Android,B33,RAMP_1501_2500,CREATED,idem-20260902-apk-1611
1612,MTR-APK-1612,Personal,Personal,Future Building,Emergency Fund,Transfer,2026-08-12,04:15:57,2026-08-12 04:15:57,10694.39,INR,0.0,APK Owner,,,MAESTRO-APK-PERSONAL-FUTURE_BUILDING-1612 | Emergency Fund | 10694.39,Android,B33,RAMP_1501_2500,CREATED,idem-20260902-apk-1612
1613,MTR-APK-1613,Group,Shared Experience,Office Outing,Travel,Expense,2026-05-19,21:16:07,2026-05-19 21:16:07,10310.86,INR,-10310.86,APK Owner,3,PERCENTAGE,MAESTRO-APK-GROUP-OFFICE_OUTING-1613 | Travel | 10310.86,Android,B33,RAMP_1501_2500,CREATED,idem-20260902-apk-1613
1614,MTR-APK-1614,Business,Business,Business Runway,Investment,Income,2025-10-27,06:23:49,2025-10-27 06:23:49,44987.19,INR,44987.19,APK Owner,,,MAESTRO-APK-BUSINESS-BUSINESS_RUNWAY-1614 | Investment | 44987.19,Android,B33,RAMP_1501_2500,CREATED,idem-20260902-apk-1614
1615,MTR-APK-1615,Personal,Personal,Future Building,Investments,Investment,2025-10-07,08:30:25,2025-10-07 08:30:25,15770.77,INR,0.0,APK Owner,,,MAESTRO-APK-PERSONAL-FUTURE_BUILDING-1615 | Investments | 15770.77,Android,B33,RAMP_1501_2500,CREATED,idem-20260902-apk-1615
1616,MTR-APK-1616,Group,Shared Experience,Office Outing,Activities,Expense,2026-06-20,21:51:12,2026-06-20 21:51:12,29028.16,INR,-29028.16,APK Aarav,3,EXACT,MAESTRO-APK-GROUP-OFFICE_OUTING-1616 | Activities | 29028.16,Android,B33,RAMP_1501_2500,CREATED,idem-20260902-apk-1616
1617,MTR-APK-1617,Business,Business,Business Operations,Software,Expense,2025-09-01,14:49:10,2025-09-01 14:49:10,63718.53,INR,-63718.53,APK Owner,,,MAESTRO-APK-BUSINESS-BUSINESS_OPERATIONS-1617 | Software | 63718.53,Android,B33,RAMP_1501_2500,CREATED,idem-20260902-apk-1617
1618,MTR-APK-1618,Personal,Personal,Future Building,Education,Expense,2026-06-12,05:04:05,2026-06-12 05:04:05,7389.73,INR,-7389.73,APK Owner,,,MAESTRO-APK-PERSONAL-FUTURE_BUILDING-1618 | Education | 7389.73,Android,B33,RAMP_1501_2500,CREATED,idem-20260902-apk-1618
1619,MTR-APK-1619,Group,Shared Experience,Office Outing,Venue,Expense,2026-01-02,01:57:50,2026-01-02 01:57:50,25565.17,INR,-25565.17,APK Meera,3,SHARES,MAESTRO-APK-GROUP-OFFICE_OUTING-1619 | Venue | 25565.17,Android,B33,RAMP_1501_2500,CREATED,idem-20260902-apk-1619
1620,MTR-APK-1620,Business,Business,Business Operations,Rent,Expense,2026-06-22,23:48:10,2026-06-22 23:48:10,49966.88,INR,-49966.88,APK Owner,,,MAESTRO-APK-BUSINESS-BUSINESS_OPERATIONS-1620 | Rent | 49966.88,Android,B33,RAMP_1501_2500,CREATED,idem-20260902-apk-1620
1621,MTR-APK-1621,Personal,Personal,Future Building,Goal Contribution,Transfer,2025-11-19,16:38:13,2025-11-19 16:38:13,10396.32,INR,0.0,APK Owner,,,MAESTRO-APK-PERSONAL-FUTURE_BUILDING-1621 | Goal Contribution | 10396.32,Android,B33,RAMP_1501_2500,CREATED,idem-20260902-apk-1621
1622,MTR-APK-1622,Group,Shared Experience,Office Outing,Other,Expense,2026-03-08,17:17:50,2026-03-08 17:17:50,15056.4,INR,-15056.4,APK Owner,3,EQUAL,MAESTRO-APK-GROUP-OFFICE_OUTING-1622 | Other | 15056.40,Android,B33,RAMP_1501_2500,CREATED,idem-20260902-apk-1622
1623,MTR-APK-1623,Business,Business,Business Operations,Marketing,Expense,2026-08-02,17:35:16,2026-08-02 17:35:16,17138.93,INR,-17138.93,APK Owner,,,MAESTRO-APK-BUSINESS-BUSINESS_OPERATIONS-1623 | Marketing | 17138.93,Android,B33,RAMP_1501_2500,CREATED,idem-20260902-apk-1623
1624,MTR-APK-1624,Personal,Personal,Lifestyle,Dining,Expense,2025-11-23,20:08:52,2025-11-23 20:08:52,3059.68,INR,-3059.68,APK Owner,,,MAESTRO-APK-PERSONAL-LIFESTYLE-1624 | Dining | 3059.68,Android,B33,RAMP_1501_2500,CREATED,idem-20260902-apk-1624
1625,MTR-APK-1625,Group,Shared Experience,House Party,Food,Expense,2025-12-17,07:21:23,2025-12-17 07:21:23,2834.47,INR,-2834.47,APK Aarav,3,PERCENTAGE,MAESTRO-APK-GROUP-HOUSE_PARTY-1625 | Food | 2834.47,Android,B33,RAMP_1501_2500,CREATED,idem-20260902-apk-1625
1626,MTR-APK-1626,Business,Business,Business Operations,Legal,Expense,2025-11-08,18:29:38,2025-11-08 18:29:38,86796.61,INR,-86796.61,APK Owner,,,MAESTRO-APK-BUSINESS-BUSINESS_OPERATIONS-1626 | Legal | 86796.61,Android,B33,RAMP_1501_2500,CREATED,idem-20260902-apk-1626
1627,MTR-APK-1627,Personal,Personal,Lifestyle,Shopping,Expense,2026-01-21,04:09:08,2026-01-21 04:09:08,16939.83,INR,-16939.83,APK Owner,,,MAESTRO-APK-PERSONAL-LIFESTYLE-1627 | Shopping | 16939.83,Android,B33,RAMP_1501_2500,CREATED,idem-20260902-apk-1627
1628,MTR-APK-1628,Group,Shared Experience,House Party,Drinks,Expense,2026-05-21,12:26:25,2026-05-21 12:26:25,99.99,INR,-99.99,APK Meera,3,EXACT,MAESTRO-APK-GROUP-HOUSE_PARTY-1628 | Drinks | 99.99,Android,B33,RAMP_1501_2500,CREATED,idem-20260902-apk-1628
1629,MTR-APK-1629,Business,Business,Business Operations,Accounting,Expense,2025-09-10,04:57:04,2025-09-10 04:57:04,125099.36,INR,-125099.36,APK Owner,,,MAESTRO-APK-BUSINESS-BUSINESS_OPERATIONS-1629 | Accounting | 125099.36,Android,B33,RAMP_1501_2500,CREATED,idem-20260902-apk-1629
1630,MTR-APK-1630,Personal,Personal,Lifestyle,Entertainment,Expense,2026-08-17,16:09:23,2026-08-17 16:09:23,14876.47,INR,-14876.47,APK Owner,,,MAESTRO-APK-PERSONAL-LIFESTYLE-1630 | Entertainment | 14876.47,Android,B33,RAMP_1501_2500,CREATED,idem-20260902-apk-1630
1631,MTR-APK-1631,Group,Shared Experience,House Party,Decor,Expense,2025-11-08,08:50:41,2025-11-08 08:50:41,13561.32,INR,-13561.32,APK Owner,3,SHARES,MAESTRO-APK-GROUP-HOUSE_PARTY-1631 | Decor | 13561.32,Android,B33,RAMP_1501_2500,CREATED,idem-20260902-apk-1631
1632,MTR-APK-1632,Business,Business,Business Operations,Equipment,Expense,2026-08-19,11:24:39,2026-08-19 11:24:39,42558.63,INR,-42558.63,APK Owner,,,MAESTRO-APK-BUSINESS-BUSINESS_OPERATIONS-1632 | Equipment | 42558.63,Android,B33,RAMP_1501_2500,CREATED,idem-20260902-apk-1632
1633,MTR-APK-1633,Personal,Personal,Lifestyle,Travel,Expense,2025-09-27,09:11:28,2025-09-27 09:11:28,2888.15,INR,-2888.15,APK Owner,,,MAESTRO-APK-PERSONAL-LIFESTYLE-1633 | Travel | 2888.15,Android,B33,RAMP_1501_2500,CREATED,idem-20260902-apk-1633
1634,MTR-APK-1634,Group,Shared Experience,House Party,Supplies,Expense,2026-08-01,16:59:10,2026-08-01 16:59:10,28901.59,INR,-28901.59,APK Aarav,3,EQUAL,MAESTRO-APK-GROUP-HOUSE_PARTY-1634 | Supplies | 28901.59,Android,B33,RAMP_1501_2500,CREATED,idem-20260902-apk-1634
1635,MTR-APK-1635,Business,Business,Business Operations,Vendor,Expense,2026-03-13,18:12:46,2026-03-13 18:12:46,103262.11,INR,-103262.11,APK Owner,,,MAESTRO-APK-BUSINESS-BUSINESS_OPERATIONS-1635 | Vendor | 103262.11,Android,B33,RAMP_1501_2500,CREATED,idem-20260902-apk-1635
1636,MTR-APK-1636,Personal,Personal,Lifestyle,Fitness,Expense,2026-02-15,05:30:48,2026-02-15 05:30:48,10163.42,INR,-10163.42,APK Owner,,,MAESTRO-APK-PERSONAL-LIFESTYLE-1636 | Fitness | 10163.42,Android,B33,RAMP_1501_2500,CREATED,idem-20260902-apk-1636
1637,MTR-APK-1637,Group,Shared Experience,House Party,Other,Expense,2026-06-20,00:37:51,2026-06-20 00:37:51,29619.72,INR,-29619.72,APK Meera,3,PERCENTAGE,MAESTRO-APK-GROUP-HOUSE_PARTY-1637 | Other | 29619.72,Android,B33,RAMP_1501_2500,CREATED,idem-20260902-apk-1637
1638,MTR-APK-1638,Business,Business,Business Operations,Tax,Expense,2025-09-20,04:43:15,2025-09-20 04:43:15,147559.44,INR,-147559.44,APK Owner,,,MAESTRO-APK-BUSINESS-BUSINESS_OPERATIONS-1638 | Tax | 147559.44,Android,B33,RAMP_1501_2500,CREATED,idem-20260902-apk-1638
1639,MTR-APK-1639,Personal,Personal,Lifestyle,Hobbies,Expense,2026-03-12,02:55:45,2026-03-12 02:55:45,9756.2,INR,-9756.2,APK Owner,,,MAESTRO-APK-PERSONAL-LIFESTYLE-1639 | Hobbies | 9756.20,Android,B33,RAMP_1501_2500,CREATED,idem-20260902-apk-1639
1640,MTR-APK-1640,Group,Shared Purchase,Gift Pool,Contribution,Contribution,2026-03-24,07:19:50,2026-03-24 07:19:50,13164.79,INR,13164.79,APK Owner,3,EXACT,MAESTRO-APK-GROUP-GIFT_POOL-1640 | Contribution | 13164.79,Android,B33,RAMP_1501_2500,CREATED,idem-20260902-apk-1640
1641,MTR-APK-1641,Business,Business,Team Operations,Payroll,Expense,2026-02-12,02:38:20,2026-02-12 02:38:20,101766.66,INR,-101766.66,APK Owner,,,MAESTRO-APK-BUSINESS-TEAM_OPERATIONS-1641 | Payroll | 101766.66,Android,B33,RAMP_1501_2500,CREATED,idem-20260902-apk-1641
1642,MTR-APK-1642,Personal,Personal,Relationships,Gifts,Expense,2025-11-03,13:58:37,2025-11-03 13:58:37,17249.02,INR,-17249.02,APK Owner,,,MAESTRO-APK-PERSONAL-RELATIONSHIPS-1642 | Gifts | 17249.02,Android,B33,RAMP_1501_2500,CREATED,idem-20260902-apk-1642
1643,MTR-APK-1643,Group,Shared Purchase,Gift Pool,Gift Purchase,Expense,2025-09-25,04:42:15,2025-09-25 04:42:15,17227.61,INR,-17227.61,APK Aarav,3,SHARES,MAESTRO-APK-GROUP-GIFT_POOL-1643 | Gift Purchase | 17227.61,Android,B33,RAMP_1501_2500,CREATED,idem-20260902-apk-1643
1644,MTR-APK-1644,Business,Business,Team Operations,Contractor,Expense,2026-08-27,05:21:45,2026-08-27 05:21:45,103158.93,INR,-103158.93,APK Owner,,,MAESTRO-APK-BUSINESS-TEAM_OPERATIONS-1644 | Contractor | 103158.93,Android,B33,RAMP_1501_2500,CREATED,idem-20260902-apk-1644
1645,MTR-APK-1645,Personal,Personal,Relationships,Dates,Expense,2025-10-16,12:12:46,2025-10-16 12:12:46,6368.37,INR,-6368.37,APK Owner,,,MAESTRO-APK-PERSONAL-RELATIONSHIPS-1645 | Dates | 6368.37,Android,B33,RAMP_1501_2500,CREATED,idem-20260902-apk-1645
1646,MTR-APK-1646,Group,Shared Purchase,Gift Pool,Delivery,Expense,2025-09-28,02:27:11,2025-09-28 02:27:11,332.38,INR,-332.38,APK Meera,3,EQUAL,MAESTRO-APK-GROUP-GIFT_POOL-1646 | Delivery | 332.38,Android,B33,RAMP_1501_2500,CREATED,idem-20260902-apk-1646
1647,MTR-APK-1647,Business,Business,Team Operations,Hiring,Expense,2026-07-29,14:01:19,2026-07-29 14:01:19,12640.49,INR,-12640.49,APK Owner,,,MAESTRO-APK-BUSINESS-TEAM_OPERATIONS-1647 | Hiring | 12640.49,Android,B33,RAMP_1501_2500,CREATED,idem-20260902-apk-1647
1648,MTR-APK-1648,Personal,Personal,Relationships,Family,Expense,2026-07-13,07:42:24,2026-07-13 07:42:24,5598.05,INR,-5598.05,APK Owner,,,MAESTRO-APK-PERSONAL-RELATIONSHIPS-1648 | Family | 5598.05,Android,B33,RAMP_1501_2500,CREATED,idem-20260902-apk-1648
1649,MTR-APK-1649,Group,Shared Purchase,Gift Pool,Other,Expense,2026-03-19,08:27:15,2026-03-19 08:27:15,19026.65,INR,-19026.65,APK Owner,3,PERCENTAGE,MAESTRO-APK-GROUP-GIFT_POOL-1649 | Other | 19026.65,Android,B33,RAMP_1501_2500,CREATED,idem-20260902-apk-1649
1650,MTR-APK-1650,Business,Business,Team Operations,Team Meal,Expense,2026-05-12,23:19:25,2026-05-12 23:19:25,55255.47,INR,-55255.47,APK Owner,,,MAESTRO-APK-BUSINESS-TEAM_OPERATIONS-1650 | Team Meal | 55255.47,Android,B33,RAMP_1501_2500,CREATED,idem-20260902-apk-1650
1651,MTR-APK-1651,Personal,Personal,Relationships,Friends,Expense,2025-12-16,10:05:16,2025-12-16 10:05:16,2230.82,INR,-2230.82,APK Owner,,,MAESTRO-APK-PERSONAL-RELATIONSHIPS-1651 | Friends | 2230.82,Android,B34,RAMP_1501_2500,CREATED,idem-20260902-apk-1651
1652,MTR-APK-1652,Group,Shared Purchase,Purchase,Item,Expense,2025-10-16,07:54:20,2025-10-16 07:54:20,29319.63,INR,-29319.63,APK Aarav,3,EXACT,MAESTRO-APK-GROUP-PURCHASE-1652 | Item | 29319.63,Android,B34,RAMP_1501_2500,CREATED,idem-20260902-apk-1652
1653,MTR-APK-1653,Business,Business,Team Operations,Travel,Expense,2026-06-05,21:44:52,2026-06-05 21:44:52,329.41,INR,-329.41,APK Owner,,,MAESTRO-APK-BUSINESS-TEAM_OPERATIONS-1653 | Travel | 329.41,Android,B34,RAMP_1501_2500,CREATED,idem-20260902-apk-1653
1654,MTR-APK-1654,Personal,Personal,Relationships,Celebrations,Expense,2025-10-23,15:41:45,2025-10-23 15:41:45,10937.4,INR,-10937.4,APK Owner,,,MAESTRO-APK-PERSONAL-RELATIONSHIPS-1654 | Celebrations | 10937.40,Android,B34,RAMP_1501_2500,CREATED,idem-20260902-apk-1654
1655,MTR-APK-1655,Group,Shared Purchase,Purchase,Shipping,Expense,2026-07-02,03:00:23,2026-07-02 03:00:23,4658.27,INR,-4658.27,APK Meera,3,SHARES,MAESTRO-APK-GROUP-PURCHASE-1655 | Shipping | 4658.27,Android,B34,RAMP_1501_2500,CREATED,idem-20260902-apk-1655
1656,MTR-APK-1656,Business,Business,Team Operations,Training,Expense,2025-11-06,13:45:05,2025-11-06 13:45:05,54581.03,INR,-54581.03,APK Owner,,,MAESTRO-APK-BUSINESS-TEAM_OPERATIONS-1656 | Training | 54581.03,Android,B34,RAMP_1501_2500,CREATED,idem-20260902-apk-1656
1657,MTR-APK-1657,Personal,Personal,Life Operations,Groceries,Expense,2025-09-19,15:22:03,2025-09-19 15:22:03,7400.27,INR,-7400.27,APK Owner,,,MAESTRO-APK-PERSONAL-LIFE_OPERATIONS-1657 | Groceries | 7400.27,Android,B34,RAMP_1501_2500,CREATED,idem-20260902-apk-1657
1658,MTR-APK-1658,Group,Shared Purchase,Purchase,Tax,Expense,2026-05-11,20:24:53,2026-05-11 20:24:53,18166.38,INR,-18166.38,APK Owner,3,EQUAL,MAESTRO-APK-GROUP-PURCHASE-1658 | Tax | 18166.38,Android,B34,RAMP_1501_2500,CREATED,idem-20260902-apk-1658
1659,MTR-APK-1659,Business,Business,Team Operations,Tools,Expense,2026-04-18,12:54:35,2026-04-18 12:54:35,100495.81,INR,-100495.81,APK Owner,,,MAESTRO-APK-BUSINESS-TEAM_OPERATIONS-1659 | Tools | 100495.81,Android,B34,RAMP_1501_2500,CREATED,idem-20260902-apk-1659
1660,MTR-APK-1660,Personal,Personal,Life Operations,Rent,Expense,2026-06-23,17:58:41,2026-06-23 17:58:41,4248.59,INR,-4248.59,APK Owner,,,MAESTRO-APK-PERSONAL-LIFE_OPERATIONS-1660 | Rent | 4248.59,Android,B34,RAMP_1501_2500,CREATED,idem-20260902-apk-1660
1661,MTR-APK-1661,Group,Shared Purchase,Purchase,Other,Expense,2026-08-26,03:42:01,2026-08-26 03:42:01,21046.67,INR,-21046.67,APK Aarav,3,PERCENTAGE,MAESTRO-APK-GROUP-PURCHASE-1661 | Other | 21046.67,Android,B34,RAMP_1501_2500,CREATED,idem-20260902-apk-1661
1662,MTR-APK-1662,Business,Business,Business Runway,Funding,Income,2026-06-10,02:16:42,2026-06-10 02:16:42,139706.47,INR,139706.47,APK Owner,,,MAESTRO-APK-BUSINESS-BUSINESS_RUNWAY-1662 | Funding | 139706.47,Android,B34,RAMP_1501_2500,CREATED,idem-20260902-apk-1662
1663,MTR-APK-1663,Personal,Personal,Life Operations,Bills,Expense,2026-01-28,16:22:02,2026-01-28 16:22:02,9821.91,INR,-9821.91,APK Owner,,,MAESTRO-APK-PERSONAL-LIFE_OPERATIONS-1663 | Bills | 9821.91,Android,B34,RAMP_1501_2500,CREATED,idem-20260902-apk-1663
1664,MTR-APK-1664,Group,Shared Purchase,Assets,Purchase,Expense,2026-02-02,11:41:03,2026-02-02 11:41:03,7812.48,INR,-7812.48,APK Meera,3,EXACT,MAESTRO-APK-GROUP-ASSETS-1664 | Purchase | 7812.48,Android,B34,RAMP_1501_2500,CREATED,idem-20260902-apk-1664
1665,MTR-APK-1665,Business,Business,Business Runway,Revenue,Income,2026-03-10,03:08:03,2026-03-10 03:08:03,100.0,INR,100.0,APK Owner,,,MAESTRO-APK-BUSINESS-BUSINESS_RUNWAY-1665 | Revenue | 100.00,Android,B34,RAMP_1501_2500,CREATED,idem-20260902-apk-1665
1666,MTR-APK-1666,Personal,Personal,Life Operations,Transport,Expense,2026-07-30,13:48:50,2026-07-30 13:48:50,2790.31,INR,-2790.31,APK Owner,,,MAESTRO-APK-PERSONAL-LIFE_OPERATIONS-1666 | Transport | 2790.31,Android,B34,RAMP_1501_2500,CREATED,idem-20260902-apk-1666
1667,MTR-APK-1667,Group,Shared Purchase,Assets,Maintenance,Expense,2026-05-02,01:30:28,2026-05-02 01:30:28,21280.77,INR,-21280.77,APK Owner,3,SHARES,MAESTRO-APK-GROUP-ASSETS-1667 | Maintenance | 21280.77,Android,B34,RAMP_1501_2500,CREATED,idem-20260902-apk-1667
1668,MTR-APK-1668,Business,Business,Business Runway,Burn,Expense,2025-09-08,18:01:55,2025-09-08 18:01:55,179729.77,INR,-179729.77,APK Owner,,,MAESTRO-APK-BUSINESS-BUSINESS_RUNWAY-1668 | Burn | 179729.77,Android,B34,RAMP_1501_2500,CREATED,idem-20260902-apk-1668
1669,MTR-APK-1669,Personal,Personal,Life Operations,Healthcare,Expense,2026-02-05,20:31:58,2026-02-05 20:31:58,17330.8,INR,-17330.8,APK Owner,,,MAESTRO-APK-PERSONAL-LIFE_OPERATIONS-1669 | Healthcare | 17330.80,Android,B34,RAMP_1501_2500,CREATED,idem-20260902-apk-1669
1670,MTR-APK-1670,Group,Shared Purchase,Assets,Repair,Expense,2025-12-25,04:19:36,2025-12-25 04:19:36,8002.86,INR,-8002.86,APK Aarav,3,EQUAL,MAESTRO-APK-GROUP-ASSETS-1670 | Repair | 8002.86,Android,B34,RAMP_1501_2500,CREATED,idem-20260902-apk-1670
1671,MTR-APK-1671,Business,Business,Business Runway,Reserve,Transfer,2025-10-09,07:25:22,2025-10-09 07:25:22,79096.16,INR,0.0,APK Owner,,,MAESTRO-APK-BUSINESS-BUSINESS_RUNWAY-1671 | Reserve | 79096.16,Android,B34,RAMP_1501_2500,CREATED,idem-20260902-apk-1671
1672,MTR-APK-1672,Personal,Personal,Life Operations,Subscriptions,Expense,2026-07-22,21:10:13,2026-07-22 21:10:13,10128.05,INR,-10128.05,APK Owner,,,MAESTRO-APK-PERSONAL-LIFE_OPERATIONS-1672 | Subscriptions | 10128.05,Android,B34,RAMP_1501_2500,CREATED,idem-20260902-apk-1672
1673,MTR-APK-1673,Group,Shared Purchase,Assets,Insurance,Expense,2026-05-25,08:24:19,2026-05-25 08:24:19,28993.12,INR,-28993.12,APK Meera,3,PERCENTAGE,MAESTRO-APK-GROUP-ASSETS-1673 | Insurance | 28993.12,Android,B34,RAMP_1501_2500,CREATED,idem-20260902-apk-1673
1674,MTR-APK-1674,Business,Business,Business Runway,Loan,Income,2026-04-16,22:05:56,2026-04-16 22:05:56,176667.93,INR,176667.93,APK Owner,,,MAESTRO-APK-BUSINESS-BUSINESS_RUNWAY-1674 | Loan | 176667.93,Android,B34,RAMP_1501_2500,CREATED,idem-20260902-apk-1674
1675,MTR-APK-1675,Personal,Personal,Life Operations,Repairs,Expense,2026-03-28,01:08:12,2026-03-28 01:08:12,10508.49,INR,-10508.49,APK Owner,,,MAESTRO-APK-PERSONAL-LIFE_OPERATIONS-1675 | Repairs | 10508.49,Android,B34,RAMP_1501_2500,CREATED,idem-20260902-apk-1675
1676,MTR-APK-1676,Group,Shared Purchase,Assets,Other,Expense,2026-03-28,23:55:25,2026-03-28 23:55:25,14900.6,INR,-14900.6,APK Owner,3,EXACT,MAESTRO-APK-GROUP-ASSETS-1676 | Other | 14900.60,Android,B34,RAMP_1501_2500,CREATED,idem-20260902-apk-1676
1677,MTR-APK-1677,Business,Business,Business Runway,Investment,Income,2026-04-18,16:14:05,2026-04-18 16:14:05,178306.35,INR,178306.35,APK Owner,,,MAESTRO-APK-BUSINESS-BUSINESS_RUNWAY-1677 | Investment | 178306.35,Android,B34,RAMP_1501_2500,CREATED,idem-20260902-apk-1677
1678,MTR-APK-1678,Personal,Personal,Future Building,Savings,Transfer,2026-06-21,13:19:37,2026-06-21 13:19:37,9911.56,INR,0.0,APK Owner,,,MAESTRO-APK-PERSONAL-FUTURE_BUILDING-1678 | Savings | 9911.56,Android,B34,RAMP_1501_2500,CREATED,idem-20260902-apk-1678
1679,MTR-APK-1679,Group,Shared Purchase,Custom Purchase,Custom Expense,Expense,2025-09-06,06:11:51,2025-09-06 06:11:51,12389.76,INR,-12389.76,APK Aarav,3,SHARES,MAESTRO-APK-GROUP-CUSTOM_PURCHASE-1679 | Custom Expense | 12389.76,Android,B34,RAMP_1501_2500,CREATED,idem-20260902-apk-1679
1680,MTR-APK-1680,Business,Business,Business Operations,Software,Expense,2026-07-12,13:28:06,2026-07-12 13:28:06,30441.98,INR,-30441.98,APK Owner,,,MAESTRO-APK-BUSINESS-BUSINESS_OPERATIONS-1680 | Software | 30441.98,Android,B34,RAMP_1501_2500,CREATED,idem-20260902-apk-1680
1681,MTR-APK-1681,Personal,Personal,Future Building,Emergency Fund,Transfer,2026-05-05,17:54:57,2026-05-05 17:54:57,18296.33,INR,0.0,APK Owner,,,MAESTRO-APK-PERSONAL-FUTURE_BUILDING-1681 | Emergency Fund | 18296.33,Android,B34,RAMP_1501_2500,CREATED,idem-20260902-apk-1681
1682,MTR-APK-1682,Group,Shared Purchase,Custom Purchase,Custom Contribution,Contribution,2025-12-11,13:28:01,2025-12-11 13:28:01,27716.92,INR,27716.92,APK Meera,3,EQUAL,MAESTRO-APK-GROUP-CUSTOM_PURCHASE-1682 | Custom Contribution | 27716.92,Android,B34,RAMP_1501_2500,CREATED,idem-20260902-apk-1682
1683,MTR-APK-1683,Business,Business,Business Operations,Rent,Expense,2026-02-03,06:58:52,2026-02-03 06:58:52,88622.36,INR,-88622.36,APK Owner,,,MAESTRO-APK-BUSINESS-BUSINESS_OPERATIONS-1683 | Rent | 88622.36,Android,B34,RAMP_1501_2500,CREATED,idem-20260902-apk-1683
1684,MTR-APK-1684,Personal,Personal,Future Building,Investments,Investment,2026-01-29,22:25:21,2026-01-29 22:25:21,10362.2,INR,0.0,APK Owner,,,MAESTRO-APK-PERSONAL-FUTURE_BUILDING-1684 | Investments | 10362.20,Android,B34,RAMP_1501_2500,CREATED,idem-20260902-apk-1684
1685,MTR-APK-1685,Group,Shared Living,Flatmates,Rent,Expense,2026-04-10,16:52:18,2026-04-10 16:52:18,27984.45,INR,-27984.45,APK Owner,3,PERCENTAGE,MAESTRO-APK-GROUP-FLATMATES-1685 | Rent | 27984.45,Android,B34,RAMP_1501_2500,CREATED,idem-20260902-apk-1685
1686,MTR-APK-1686,Business,Business,Business Operations,Marketing,Expense,2026-03-16,01:22:02,2026-03-16 01:22:02,93304.23,INR,-93304.23,APK Owner,,,MAESTRO-APK-BUSINESS-BUSINESS_OPERATIONS-1686 | Marketing | 93304.23,Android,B34,RAMP_1501_2500,CREATED,idem-20260902-apk-1686
1687,MTR-APK-1687,Personal,Personal,Future Building,Education,Expense,2025-12-18,00:03:40,2025-12-18 00:03:40,13077.16,INR,-13077.16,APK Owner,,,MAESTRO-APK-PERSONAL-FUTURE_BUILDING-1687 | Education | 13077.16,Android,B34,RAMP_1501_2500,CREATED,idem-20260902-apk-1687
1688,MTR-APK-1688,Group,Shared Living,Flatmates,Utilities,Expense,2026-01-11,07:50:12,2026-01-11 07:50:12,17974.61,INR,-17974.61,APK Aarav,3,EXACT,MAESTRO-APK-GROUP-FLATMATES-1688 | Utilities | 17974.61,Android,B34,RAMP_1501_2500,CREATED,idem-20260902-apk-1688
1689,MTR-APK-1689,Business,Business,Business Operations,Legal,Expense,2025-09-11,17:09:35,2025-09-11 17:09:35,104492.37,INR,-104492.37,APK Owner,,,MAESTRO-APK-BUSINESS-BUSINESS_OPERATIONS-1689 | Legal | 104492.37,Android,B34,RAMP_1501_2500,CREATED,idem-20260902-apk-1689
1690,MTR-APK-1690,Personal,Personal,Future Building,Goal Contribution,Transfer,2026-05-30,14:45:35,2026-05-30 14:45:35,17079.18,INR,0.0,APK Owner,,,MAESTRO-APK-PERSONAL-FUTURE_BUILDING-1690 | Goal Contribution | 17079.18,Android,B34,RAMP_1501_2500,CREATED,idem-20260902-apk-1690
1691,MTR-APK-1691,Group,Shared Living,Flatmates,Groceries,Expense,2025-12-12,07:52:33,2025-12-12 07:52:33,15902.3,INR,-15902.3,APK Meera,3,SHARES,MAESTRO-APK-GROUP-FLATMATES-1691 | Groceries | 15902.30,Android,B34,RAMP_1501_2500,CREATED,idem-20260902-apk-1691
1692,MTR-APK-1692,Business,Business,Business Operations,Accounting,Expense,2025-09-05,23:15:07,2025-09-05 23:15:07,136059.38,INR,-136059.38,APK Owner,,,MAESTRO-APK-BUSINESS-BUSINESS_OPERATIONS-1692 | Accounting | 136059.38,Android,B34,RAMP_1501_2500,CREATED,idem-20260902-apk-1692
1693,MTR-APK-1693,Personal,Personal,Lifestyle,Dining,Expense,2026-05-10,17:42:43,2026-05-10 17:42:43,3018.59,INR,-3018.59,APK Owner,,,MAESTRO-APK-PERSONAL-LIFESTYLE-1693 | Dining | 3018.59,Android,B34,RAMP_1501_2500,CREATED,idem-20260902-apk-1693
1694,MTR-APK-1694,Group,Shared Living,Flatmates,Internet,Expense,2026-06-24,22:05:25,2026-06-24 22:05:25,5091.62,INR,-5091.62,APK Owner,3,EQUAL,MAESTRO-APK-GROUP-FLATMATES-1694 | Internet | 5091.62,Android,B34,RAMP_1501_2500,CREATED,idem-20260902-apk-1694
1695,MTR-APK-1695,Business,Business,Business Operations,Equipment,Expense,2026-02-17,18:14:41,2026-02-17 18:14:41,131272.67,INR,-131272.67,APK Owner,,,MAESTRO-APK-BUSINESS-BUSINESS_OPERATIONS-1695 | Equipment | 131272.67,Android,B34,RAMP_1501_2500,CREATED,idem-20260902-apk-1695
1696,MTR-APK-1696,Personal,Personal,Lifestyle,Shopping,Expense,2026-02-26,14:07:41,2026-02-26 14:07:41,18092.77,INR,-18092.77,APK Owner,,,MAESTRO-APK-PERSONAL-LIFESTYLE-1696 | Shopping | 18092.77,Android,B34,RAMP_1501_2500,CREATED,idem-20260902-apk-1696
1697,MTR-APK-1697,Group,Shared Living,Flatmates,House Supplies,Expense,2026-07-08,17:04:54,2026-07-08 17:04:54,29125.67,INR,-29125.67,APK Aarav,3,PERCENTAGE,MAESTRO-APK-GROUP-FLATMATES-1697 | House Supplies | 29125.67,Android,B34,RAMP_1501_2500,CREATED,idem-20260902-apk-1697
1698,MTR-APK-1698,Business,Business,Business Operations,Vendor,Expense,2025-11-16,18:18:31,2025-11-16 18:18:31,52887.72,INR,-52887.72,APK Owner,,,MAESTRO-APK-BUSINESS-BUSINESS_OPERATIONS-1698 | Vendor | 52887.72,Android,B34,RAMP_1501_2500,CREATED,idem-20260902-apk-1698
1699,MTR-APK-1699,Personal,Personal,Lifestyle,Entertainment,Expense,2025-11-03,00:11:58,2025-11-03 00:11:58,5245.56,INR,-5245.56,APK Owner,,,MAESTRO-APK-PERSONAL-LIFESTYLE-1699 | Entertainment | 5245.56,Android,B34,RAMP_1501_2500,CREATED,idem-20260902-apk-1699
1700,MTR-APK-1700,Group,Shared Living,Flatmates,Repairs,Expense,2026-01-21,17:04:02,2026-01-21 17:04:02,6170.36,INR,-6170.36,APK Meera,3,EXACT,MAESTRO-APK-GROUP-FLATMATES-1700 | Repairs | 6170.36,Android,B34,RAMP_1501_2500,CREATED,idem-20260902-apk-1700
1701,MTR-APK-1701,Business,Business,Business Operations,Tax,Expense,2025-10-24,08:44:31,2025-10-24 08:44:31,124019.88,INR,-124019.88,APK Owner,,,MAESTRO-APK-BUSINESS-BUSINESS_OPERATIONS-1701 | Tax | 124019.88,Android,B35,RAMP_1501_2500,CREATED,idem-20260902-apk-1701
1702,MTR-APK-1702,Personal,Personal,Lifestyle,Travel,Expense,2026-04-06,19:28:50,2026-04-06 19:28:50,999.99,INR,-999.99,APK Owner,,,MAESTRO-APK-PERSONAL-LIFESTYLE-1702 | Travel | 999.99,Android,B35,RAMP_1501_2500,CREATED,idem-20260902-apk-1702
1703,MTR-APK-1703,Group,Shared Living,Shared Living,Rent,Expense,2026-08-04,05:48:50,2026-08-04 05:48:50,28791.54,INR,-28791.54,APK Owner,3,SHARES,MAESTRO-APK-GROUP-SHARED_LIVING-1703 | Rent | 28791.54,Android,B35,RAMP_1501_2500,CREATED,idem-20260902-apk-1703
1704,MTR-APK-1704,Business,Business,Team Operations,Payroll,Expense,2025-12-03,21:23:11,2025-12-03 21:23:11,32600.56,INR,-32600.56,APK Owner,,,MAESTRO-APK-BUSINESS-TEAM_OPERATIONS-1704 | Payroll | 32600.56,Android,B35,RAMP_1501_2500,CREATED,idem-20260902-apk-1704
1705,MTR-APK-1705,Personal,Personal,Lifestyle,Fitness,Expense,2026-01-28,19:45:30,2026-01-28 19:45:30,102.41,INR,-102.41,APK Owner,,,MAESTRO-APK-PERSONAL-LIFESTYLE-1705 | Fitness | 102.41,Android,B35,RAMP_1501_2500,CREATED,idem-20260902-apk-1705
1706,MTR-APK-1706,Group,Shared Living,Shared Living,Utilities,Expense,2025-10-18,05:07:11,2025-10-18 05:07:11,1784.24,INR,-1784.24,APK Aarav,3,EQUAL,MAESTRO-APK-GROUP-SHARED_LIVING-1706 | Utilities | 1784.24,Android,B35,RAMP_1501_2500,CREATED,idem-20260902-apk-1706
1707,MTR-APK-1707,Business,Business,Team Operations,Contractor,Expense,2026-06-01,22:26:57,2026-06-01 22:26:57,60317.51,INR,-60317.51,APK Owner,,,MAESTRO-APK-BUSINESS-TEAM_OPERATIONS-1707 | Contractor | 60317.51,Android,B35,RAMP_1501_2500,CREATED,idem-20260902-apk-1707
1708,MTR-APK-1708,Personal,Personal,Lifestyle,Hobbies,Expense,2025-10-08,14:30:13,2025-10-08 14:30:13,14441.39,INR,-14441.39,APK Owner,,,MAESTRO-APK-PERSONAL-LIFESTYLE-1708 | Hobbies | 14441.39,Android,B35,RAMP_1501_2500,CREATED,idem-20260902-apk-1708
1709,MTR-APK-1709,Group,Shared Living,Shared Living,Groceries,Expense,2026-05-18,23:27:00,2026-05-18 23:27:00,23744.38,INR,-23744.38,APK Meera,3,PERCENTAGE,MAESTRO-APK-GROUP-SHARED_LIVING-1709 | Groceries | 23744.38,Android,B35,RAMP_1501_2500,CREATED,idem-20260902-apk-1709
1710,MTR-APK-1710,Business,Business,Team Operations,Hiring,Expense,2025-12-03,02:15:10,2025-12-03 02:15:10,72322.24,INR,-72322.24,APK Owner,,,MAESTRO-APK-BUSINESS-TEAM_OPERATIONS-1710 | Hiring | 72322.24,Android,B35,RAMP_1501_2500,CREATED,idem-20260902-apk-1710
1711,MTR-APK-1711,Personal,Personal,Relationships,Gifts,Expense,2026-08-23,03:07:54,2026-08-23 03:07:54,10073.28,INR,-10073.28,APK Owner,,,MAESTRO-APK-PERSONAL-RELATIONSHIPS-1711 | Gifts | 10073.28,Android,B35,RAMP_1501_2500,CREATED,idem-20260902-apk-1711
1712,MTR-APK-1712,Group,Shared Living,Shared Living,Maintenance,Expense,2026-05-20,09:10:28,2026-05-20 09:10:28,6647.15,INR,-6647.15,APK Owner,3,EXACT,MAESTRO-APK-GROUP-SHARED_LIVING-1712 | Maintenance | 6647.15,Android,B35,RAMP_1501_2500,CREATED,idem-20260902-apk-1712
1713,MTR-APK-1713,Business,Business,Team Operations,Team Meal,Expense,2025-10-10,13:08:19,2025-10-10 13:08:19,163463.85,INR,-163463.85,APK Owner,,,MAESTRO-APK-BUSINESS-TEAM_OPERATIONS-1713 | Team Meal | 163463.85,Android,B35,RAMP_1501_2500,CREATED,idem-20260902-apk-1713
1714,MTR-APK-1714,Personal,Personal,Relationships,Dates,Expense,2026-04-03,03:03:38,2026-04-03 03:03:38,10523.62,INR,-10523.62,APK Owner,,,MAESTRO-APK-PERSONAL-RELATIONSHIPS-1714 | Dates | 10523.62,Android,B35,RAMP_1501_2500,CREATED,idem-20260902-apk-1714
1715,MTR-APK-1715,Group,Shared Living,Shared Living,Other,Expense,2025-09-24,21:36:22,2025-09-24 21:36:22,8338.73,INR,-8338.73,APK Aarav,3,SHARES,MAESTRO-APK-GROUP-SHARED_LIVING-1715 | Other | 8338.73,Android,B35,RAMP_1501_2500,CREATED,idem-20260902-apk-1715
1716,MTR-APK-1716,Business,Business,Team Operations,Travel,Expense,2026-04-10,14:32:13,2026-04-10 14:32:13,119706.44,INR,-119706.44,APK Owner,,,MAESTRO-APK-BUSINESS-TEAM_OPERATIONS-1716 | Travel | 119706.44,Android,B35,RAMP_1501_2500,CREATED,idem-20260902-apk-1716
1717,MTR-APK-1717,Personal,Personal,Relationships,Family,Expense,2026-06-29,05:54:03,2026-06-29 05:54:03,13520.03,INR,-13520.03,APK Owner,,,MAESTRO-APK-PERSONAL-RELATIONSHIPS-1717 | Family | 13520.03,Android,B35,RAMP_1501_2500,CREATED,idem-20260902-apk-1717
1718,MTR-APK-1718,Group,Shared Living,Family Household,School,Expense,2025-10-26,00:10:56,2025-10-26 00:10:56,5645.75,INR,-5645.75,APK Meera,3,EQUAL,MAESTRO-APK-GROUP-FAMILY_HOUSEHOLD-1718 | School | 5645.75,Android,B35,RAMP_1501_2500,CREATED,idem-20260902-apk-1718
1719,MTR-APK-1719,Business,Business,Team Operations,Training,Expense,2025-10-26,08:59:21,2025-10-26 08:59:21,40097.03,INR,-40097.03,APK Owner,,,MAESTRO-APK-BUSINESS-TEAM_OPERATIONS-1719 | Training | 40097.03,Android,B35,RAMP_1501_2500,CREATED,idem-20260902-apk-1719
1720,MTR-APK-1720,Personal,Personal,Relationships,Friends,Expense,2026-08-05,08:55:13,2026-08-05 08:55:13,1496.18,INR,-1496.18,APK Owner,,,MAESTRO-APK-PERSONAL-RELATIONSHIPS-1720 | Friends | 1496.18,Android,B35,RAMP_1501_2500,CREATED,idem-20260902-apk-1720
1721,MTR-APK-1721,Group,Shared Living,Family Household,Other,Expense,2025-12-22,12:08:52,2025-12-22 12:08:52,27045.43,INR,-27045.43,APK Owner,3,PERCENTAGE,MAESTRO-APK-GROUP-FAMILY_HOUSEHOLD-1721 | Other | 27045.43,Android,B35,RAMP_1501_2500,CREATED,idem-20260902-apk-1721
1722,MTR-APK-1722,Business,Business,Team Operations,Tools,Expense,2025-11-08,09:20:31,2025-11-08 09:20:31,64840.73,INR,-64840.73,APK Owner,,,MAESTRO-APK-BUSINESS-TEAM_OPERATIONS-1722 | Tools | 64840.73,Android,B35,RAMP_1501_2500,CREATED,idem-20260902-apk-1722
1723,MTR-APK-1723,Personal,Personal,Relationships,Celebrations,Expense,2026-08-11,03:57:00,2026-08-11 03:57:00,12706.6,INR,-12706.6,APK Owner,,,MAESTRO-APK-PERSONAL-RELATIONSHIPS-1723 | Celebrations | 12706.60,Android,B35,RAMP_1501_2500,CREATED,idem-20260902-apk-1723
1724,MTR-APK-1724,Group,Shared Living,Family Household,Rent,Expense,2025-09-09,12:44:20,2025-09-09 12:44:20,27009.34,INR,-27009.34,APK Aarav,3,EXACT,MAESTRO-APK-GROUP-FAMILY_HOUSEHOLD-1724 | Rent | 27009.34,Android,B35,RAMP_1501_2500,CREATED,idem-20260902-apk-1724
1725,MTR-APK-1725,Business,Business,Business Runway,Funding,Income,2026-07-03,06:54:26,2026-07-03 06:54:26,173473.4,INR,173473.4,APK Owner,,,MAESTRO-APK-BUSINESS-BUSINESS_RUNWAY-1725 | Funding | 173473.40,Android,B35,RAMP_1501_2500,CREATED,idem-20260902-apk-1725
1726,MTR-APK-1726,Personal,Personal,Life Operations,Groceries,Expense,2026-05-16,09:03:16,2026-05-16 09:03:16,5041.23,INR,-5041.23,APK Owner,,,MAESTRO-APK-PERSONAL-LIFE_OPERATIONS-1726 | Groceries | 5041.23,Android,B35,RAMP_1501_2500,CREATED,idem-20260902-apk-1726
1727,MTR-APK-1727,Group,Shared Living,Family Household,Groceries,Expense,2026-07-27,22:14:34,2026-07-27 22:14:34,23596.78,INR,-23596.78,APK Meera,3,SHARES,MAESTRO-APK-GROUP-FAMILY_HOUSEHOLD-1727 | Groceries | 23596.78,Android,B35,RAMP_1501_2500,CREATED,idem-20260902-apk-1727
1728,MTR-APK-1728,Business,Business,Business Runway,Revenue,Income,2025-12-21,16:38:12,2025-12-21 16:38:12,74161.57,INR,74161.57,APK Owner,,,MAESTRO-APK-BUSINESS-BUSINESS_RUNWAY-1728 | Revenue | 74161.57,Android,B35,RAMP_1501_2500,CREATED,idem-20260902-apk-1728
1729,MTR-APK-1729,Personal,Personal,Life Operations,Rent,Expense,2026-04-22,04:14:06,2026-04-22 04:14:06,1661.71,INR,-1661.71,APK Owner,,,MAESTRO-APK-PERSONAL-LIFE_OPERATIONS-1729 | Rent | 1661.71,Android,B35,RAMP_1501_2500,CREATED,idem-20260902-apk-1729
1730,MTR-APK-1730,Group,Shared Living,Family Household,Transport,Expense,2026-06-13,10:41:27,2026-06-13 10:41:27,14578.25,INR,-14578.25,APK Owner,3,EQUAL,MAESTRO-APK-GROUP-FAMILY_HOUSEHOLD-1730 | Transport | 14578.25,Android,B35,RAMP_1501_2500,CREATED,idem-20260902-apk-1730
1731,MTR-APK-1731,Business,Business,Business Runway,Burn,Expense,2025-11-25,16:28:17,2025-11-25 16:28:17,82959.78,INR,-82959.78,APK Owner,,,MAESTRO-APK-BUSINESS-BUSINESS_RUNWAY-1731 | Burn | 82959.78,Android,B35,RAMP_1501_2500,CREATED,idem-20260902-apk-1731
1732,MTR-APK-1732,Personal,Personal,Life Operations,Bills,Expense,2026-04-19,04:22:04,2026-04-19 04:22:04,18751.35,INR,-18751.35,APK Owner,,,MAESTRO-APK-PERSONAL-LIFE_OPERATIONS-1732 | Bills | 18751.35,Android,B35,RAMP_1501_2500,CREATED,idem-20260902-apk-1732
1733,MTR-APK-1733,Group,Shared Living,Family Household,Bills,Expense,2026-07-13,04:21:22,2026-07-13 04:21:22,4913.94,INR,-4913.94,APK Aarav,3,PERCENTAGE,MAESTRO-APK-GROUP-FAMILY_HOUSEHOLD-1733 | Bills | 4913.94,Android,B35,RAMP_1501_2500,CREATED,idem-20260902-apk-1733
1734,MTR-APK-1734,Business,Business,Business Runway,Reserve,Transfer,2026-04-06,22:48:38,2026-04-06 22:48:38,172949.65,INR,0.0,APK Owner,,,MAESTRO-APK-BUSINESS-BUSINESS_RUNWAY-1734 | Reserve | 172949.65,Android,B35,RAMP_1501_2500,CREATED,idem-20260902-apk-1734
1735,MTR-APK-1735,Personal,Personal,Life Operations,Transport,Expense,2025-09-05,05:02:50,2025-09-05 05:02:50,5111.09,INR,-5111.09,APK Owner,,,MAESTRO-APK-PERSONAL-LIFE_OPERATIONS-1735 | Transport | 5111.09,Android,B35,RAMP_1501_2500,CREATED,idem-20260902-apk-1735
1736,MTR-APK-1736,Group,Shared Living,Custom Living,Custom Expense,Expense,2025-11-25,03:55:28,2025-11-25 03:55:28,9523.96,INR,-9523.96,APK Meera,3,EXACT,MAESTRO-APK-GROUP-CUSTOM_LIVING-1736 | Custom Expense | 9523.96,Android,B35,RAMP_1501_2500,CREATED,idem-20260902-apk-1736
1737,MTR-APK-1737,Business,Business,Business Runway,Loan,Income,2025-11-02,16:59:50,2025-11-02 16:59:50,101164.47,INR,101164.47,APK Owner,,,MAESTRO-APK-BUSINESS-BUSINESS_RUNWAY-1737 | Loan | 101164.47,Android,B35,RAMP_1501_2500,CREATED,idem-20260902-apk-1737
1738,MTR-APK-1738,Personal,Personal,Life Operations,Healthcare,Expense,2026-06-20,10:22:32,2026-06-20 10:22:32,3260.39,INR,-3260.39,APK Owner,,,MAESTRO-APK-PERSONAL-LIFE_OPERATIONS-1738 | Healthcare | 3260.39,Android,B35,RAMP_1501_2500,CREATED,idem-20260902-apk-1738
1739,MTR-APK-1739,Group,Shared Living,Custom Living,Custom Contribution,Contribution,2025-12-09,01:45:56,2025-12-09 01:45:56,10000.0,INR,10000.0,APK Owner,3,SHARES,MAESTRO-APK-GROUP-CUSTOM_LIVING-1739 | Custom Contribution | 10000.00,Android,B35,RAMP_1501_2500,CREATED,idem-20260902-apk-1739
1740,MTR-APK-1740,Business,Business,Business Runway,Investment,Income,2026-04-24,12:18:04,2026-04-24 12:18:04,66054.79,INR,66054.79,APK Owner,,,MAESTRO-APK-BUSINESS-BUSINESS_RUNWAY-1740 | Investment | 66054.79,Android,B35,RAMP_1501_2500,CREATED,idem-20260902-apk-1740
1741,MTR-APK-1741,Personal,Personal,Life Operations,Subscriptions,Expense,2026-05-08,05:03:05,2026-05-08 05:03:05,2233.55,INR,-2233.55,APK Owner,,,MAESTRO-APK-PERSONAL-LIFE_OPERATIONS-1741 | Subscriptions | 2233.55,Android,B35,RAMP_1501_2500,CREATED,idem-20260902-apk-1741
1742,MTR-APK-1742,Group,Shared Experience,Trip,Travel,Expense,2026-05-26,02:59:23,2026-05-26 02:59:23,19478.48,INR,-19478.48,APK Aarav,3,EQUAL,MAESTRO-APK-GROUP-TRIP-1742 | Travel | 19478.48,Android,B35,RAMP_1501_2500,CREATED,idem-20260902-apk-1742
1743,MTR-APK-1743,Business,Business,Business Operations,Software,Expense,2026-02-08,22:00:01,2026-02-08 22:00:01,163307.34,INR,-163307.34,APK Owner,,,MAESTRO-APK-BUSINESS-BUSINESS_OPERATIONS-1743 | Software | 163307.34,Android,B35,RAMP_1501_2500,CREATED,idem-20260902-apk-1743
1744,MTR-APK-1744,Personal,Personal,Life Operations,Repairs,Expense,2026-03-18,16:57:44,2026-03-18 16:57:44,19542.65,INR,-19542.65,APK Owner,,,MAESTRO-APK-PERSONAL-LIFE_OPERATIONS-1744 | Repairs | 19542.65,Android,B35,RAMP_1501_2500,CREATED,idem-20260902-apk-1744
1745,MTR-APK-1745,Group,Shared Experience,Trip,Stay,Expense,2026-02-07,14:31:12,2026-02-07 14:31:12,17854.05,INR,-17854.05,APK Meera,3,PERCENTAGE,MAESTRO-APK-GROUP-TRIP-1745 | Stay | 17854.05,Android,B35,RAMP_1501_2500,CREATED,idem-20260902-apk-1745
1746,MTR-APK-1746,Business,Business,Business Operations,Rent,Expense,2026-05-18,23:23:14,2026-05-18 23:23:14,60035.28,INR,-60035.28,APK Owner,,,MAESTRO-APK-BUSINESS-BUSINESS_OPERATIONS-1746 | Rent | 60035.28,Android,B35,RAMP_1501_2500,CREATED,idem-20260902-apk-1746
1747,MTR-APK-1747,Personal,Personal,Future Building,Savings,Transfer,2025-11-25,00:03:22,2025-11-25 00:03:22,6188.03,INR,0.0,APK Owner,,,MAESTRO-APK-PERSONAL-FUTURE_BUILDING-1747 | Savings | 6188.03,Android,B35,RAMP_1501_2500,CREATED,idem-20260902-apk-1747
1748,MTR-APK-1748,Group,Shared Experience,Trip,Food,Expense,2025-10-31,11:35:16,2025-10-31 11:35:16,10407.03,INR,-10407.03,APK Owner,3,EXACT,MAESTRO-APK-GROUP-TRIP-1748 | Food | 10407.03,Android,B35,RAMP_1501_2500,CREATED,idem-20260902-apk-1748
1749,MTR-APK-1749,Business,Business,Business Operations,Marketing,Expense,2025-10-15,07:50:15,2025-10-15 07:50:15,44478.53,INR,-44478.53,APK Owner,,,MAESTRO-APK-BUSINESS-BUSINESS_OPERATIONS-1749 | Marketing | 44478.53,Android,B35,RAMP_1501_2500,CREATED,idem-20260902-apk-1749
1750,MTR-APK-1750,Personal,Personal,Future Building,Emergency Fund,Transfer,2025-10-16,13:46:49,2025-10-16 13:46:49,9238.51,INR,0.0,APK Owner,,,MAESTRO-APK-PERSONAL-FUTURE_BUILDING-1750 | Emergency Fund | 9238.51,Android,B35,RAMP_1501_2500,CREATED,idem-20260902-apk-1750
1751,MTR-APK-1751,Group,Shared Experience,Trip,Local Transport,Expense,2025-12-24,00:39:39,2025-12-24 00:39:39,16117.45,INR,-16117.45,APK Aarav,3,SHARES,MAESTRO-APK-GROUP-TRIP-1751 | Local Transport | 16117.45,Android,B36,RAMP_1501_2500,CREATED,idem-20260902-apk-1751
1752,MTR-APK-1752,Business,Business,Business Operations,Legal,Expense,2026-07-17,13:54:05,2026-07-17 13:54:05,173806.06,INR,-173806.06,APK Owner,,,MAESTRO-APK-BUSINESS-BUSINESS_OPERATIONS-1752 | Legal | 173806.06,Android,B36,RAMP_1501_2500,CREATED,idem-20260902-apk-1752
1753,MTR-APK-1753,Personal,Personal,Future Building,Investments,Investment,2025-12-19,12:40:23,2025-12-19 12:40:23,1832.37,INR,0.0,APK Owner,,,MAESTRO-APK-PERSONAL-FUTURE_BUILDING-1753 | Investments | 1832.37,Android,B36,RAMP_1501_2500,CREATED,idem-20260902-apk-1753
1754,MTR-APK-1754,Group,Shared Experience,Trip,Activities,Expense,2025-11-07,05:47:59,2025-11-07 05:47:59,27089.11,INR,-27089.11,APK Meera,3,EQUAL,MAESTRO-APK-GROUP-TRIP-1754 | Activities | 27089.11,Android,B36,RAMP_1501_2500,CREATED,idem-20260902-apk-1754
1755,MTR-APK-1755,Business,Business,Business Operations,Accounting,Expense,2026-01-09,04:10:53,2026-01-09 04:10:53,41646.94,INR,-41646.94,APK Owner,,,MAESTRO-APK-BUSINESS-BUSINESS_OPERATIONS-1755 | Accounting | 41646.94,Android,B36,RAMP_1501_2500,CREATED,idem-20260902-apk-1755
1756,MTR-APK-1756,Personal,Personal,Future Building,Education,Expense,2026-08-02,16:25:09,2026-08-02 16:25:09,10229.3,INR,-10229.3,APK Owner,,,MAESTRO-APK-PERSONAL-FUTURE_BUILDING-1756 | Education | 10229.30,Android,B36,RAMP_1501_2500,CREATED,idem-20260902-apk-1756
1757,MTR-APK-1757,Group,Shared Experience,Trip,Shopping,Expense,2026-08-31,17:07:22,2026-08-31 17:07:22,1195.5,INR,-1195.5,APK Owner,3,PERCENTAGE,MAESTRO-APK-GROUP-TRIP-1757 | Shopping | 1195.50,Android,B36,RAMP_1501_2500,CREATED,idem-20260902-apk-1757
1758,MTR-APK-1758,Business,Business,Business Operations,Equipment,Expense,2025-11-12,05:12:44,2025-11-12 05:12:44,26977.55,INR,-26977.55,APK Owner,,,MAESTRO-APK-BUSINESS-BUSINESS_OPERATIONS-1758 | Equipment | 26977.55,Android,B36,RAMP_1501_2500,CREATED,idem-20260902-apk-1758
1759,MTR-APK-1759,Personal,Personal,Future Building,Goal Contribution,Transfer,2026-05-21,05:35:35,2026-05-21 05:35:35,821.78,INR,0.0,APK Owner,,,MAESTRO-APK-PERSONAL-FUTURE_BUILDING-1759 | Goal Contribution | 821.78,Android,B36,RAMP_1501_2500,CREATED,idem-20260902-apk-1759
1760,MTR-APK-1760,Group,Shared Experience,Trip,Other,Expense,2026-08-07,02:59:00,2026-08-07 02:59:00,12976.47,INR,-12976.47,APK Aarav,3,EXACT,MAESTRO-APK-GROUP-TRIP-1760 | Other | 12976.47,Android,B36,RAMP_1501_2500,CREATED,idem-20260902-apk-1760
1761,MTR-APK-1761,Business,Business,Business Operations,Vendor,Expense,2026-01-02,07:50:19,2026-01-02 07:50:19,51410.93,INR,-51410.93,APK Owner,,,MAESTRO-APK-BUSINESS-BUSINESS_OPERATIONS-1761 | Vendor | 51410.93,Android,B36,RAMP_1501_2500,CREATED,idem-20260902-apk-1761
1762,MTR-APK-1762,Personal,Personal,Lifestyle,Dining,Expense,2026-05-18,20:40:06,2026-05-18 20:40:06,19815.27,INR,-19815.27,APK Owner,,,MAESTRO-APK-PERSONAL-LIFESTYLE-1762 | Dining | 19815.27,Android,B36,RAMP_1501_2500,CREATED,idem-20260902-apk-1762
1763,MTR-APK-1763,Group,Shared Experience,Wedding,Venue,Expense,2026-07-20,13:28:32,2026-07-20 13:28:32,25422.33,INR,-25422.33,APK Meera,3,SHARES,MAESTRO-APK-GROUP-WEDDING-1763 | Venue | 25422.33,Android,B36,RAMP_1501_2500,CREATED,idem-20260902-apk-1763
1764,MTR-APK-1764,Business,Business,Business Operations,Tax,Expense,2026-03-05,16:44:42,2026-03-05 16:44:42,154908.86,INR,-154908.86,APK Owner,,,MAESTRO-APK-BUSINESS-BUSINESS_OPERATIONS-1764 | Tax | 154908.86,Android,B36,RAMP_1501_2500,CREATED,idem-20260902-apk-1764
1765,MTR-APK-1765,Personal,Personal,Lifestyle,Shopping,Expense,2026-04-26,11:13:14,2026-04-26 11:13:14,3662.24,INR,-3662.24,APK Owner,,,MAESTRO-APK-PERSONAL-LIFESTYLE-1765 | Shopping | 3662.24,Android,B36,RAMP_1501_2500,CREATED,idem-20260902-apk-1765
1766,MTR-APK-1766,Group,Shared Experience,Wedding,Catering,Expense,2026-04-20,23:27:19,2026-04-20 23:27:19,9611.77,INR,-9611.77,APK Owner,3,EQUAL,MAESTRO-APK-GROUP-WEDDING-1766 | Catering | 9611.77,Android,B36,RAMP_1501_2500,CREATED,idem-20260902-apk-1766
1767,MTR-APK-1767,Business,Business,Team Operations,Payroll,Expense,2026-04-27,09:13:57,2026-04-27 09:13:57,54183.15,INR,-54183.15,APK Owner,,,MAESTRO-APK-BUSINESS-TEAM_OPERATIONS-1767 | Payroll | 54183.15,Android,B36,RAMP_1501_2500,CREATED,idem-20260902-apk-1767
1768,MTR-APK-1768,Personal,Personal,Lifestyle,Entertainment,Expense,2026-04-09,03:03:54,2026-04-09 03:03:54,17490.9,INR,-17490.9,APK Owner,,,MAESTRO-APK-PERSONAL-LIFESTYLE-1768 | Entertainment | 17490.90,Android,B36,RAMP_1501_2500,CREATED,idem-20260902-apk-1768
1769,MTR-APK-1769,Group,Shared Experience,Wedding,Decor,Expense,2026-01-26,19:18:56,2026-01-26 19:18:56,22635.91,INR,-22635.91,APK Aarav,3,PERCENTAGE,MAESTRO-APK-GROUP-WEDDING-1769 | Decor | 22635.91,Android,B36,RAMP_1501_2500,CREATED,idem-20260902-apk-1769
1770,MTR-APK-1770,Business,Business,Team Operations,Contractor,Expense,2026-08-04,15:40:11,2026-08-04 15:40:11,61174.65,INR,-61174.65,APK Owner,,,MAESTRO-APK-BUSINESS-TEAM_OPERATIONS-1770 | Contractor | 61174.65,Android,B36,RAMP_1501_2500,CREATED,idem-20260902-apk-1770
1771,MTR-APK-1771,Personal,Personal,Lifestyle,Travel,Expense,2026-01-07,13:47:37,2026-01-07 13:47:37,7452.1,INR,-7452.1,APK Owner,,,MAESTRO-APK-PERSONAL-LIFESTYLE-1771 | Travel | 7452.10,Android,B36,RAMP_1501_2500,CREATED,idem-20260902-apk-1771
1772,MTR-APK-1772,Group,Shared Experience,Wedding,Travel,Expense,2026-06-03,21:00:40,2026-06-03 21:00:40,21640.52,INR,-21640.52,APK Meera,3,EXACT,MAESTRO-APK-GROUP-WEDDING-1772 | Travel | 21640.52,Android,B36,RAMP_1501_2500,CREATED,idem-20260902-apk-1772
1773,MTR-APK-1773,Business,Business,Team Operations,Hiring,Expense,2026-01-21,09:04:37,2026-01-21 09:04:37,139493.12,INR,-139493.12,APK Owner,,,MAESTRO-APK-BUSINESS-TEAM_OPERATIONS-1773 | Hiring | 139493.12,Android,B36,RAMP_1501_2500,CREATED,idem-20260902-apk-1773
1774,MTR-APK-1774,Personal,Personal,Lifestyle,Fitness,Expense,2026-01-19,16:06:40,2026-01-19 16:06:40,16443.51,INR,-16443.51,APK Owner,,,MAESTRO-APK-PERSONAL-LIFESTYLE-1774 | Fitness | 16443.51,Android,B36,RAMP_1501_2500,CREATED,idem-20260902-apk-1774
1775,MTR-APK-1775,Group,Shared Experience,Wedding,Gifts,Expense,2026-01-18,09:06:34,2026-01-18 09:06:34,1846.9,INR,-1846.9,APK Owner,3,SHARES,MAESTRO-APK-GROUP-WEDDING-1775 | Gifts | 1846.90,Android,B36,RAMP_1501_2500,CREATED,idem-20260902-apk-1775
1776,MTR-APK-1776,Business,Business,Team Operations,Team Meal,Expense,2025-09-23,21:30:39,2025-09-23 21:30:39,0.01,INR,-0.01,APK Owner,,,MAESTRO-APK-BUSINESS-TEAM_OPERATIONS-1776 | Team Meal | 0.01,Android,B36,RAMP_1501_2500,CREATED,idem-20260902-apk-1776
1777,MTR-APK-1777,Personal,Personal,Lifestyle,Hobbies,Expense,2026-05-13,10:22:12,2026-05-13 10:22:12,824.91,INR,-824.91,APK Owner,,,MAESTRO-APK-PERSONAL-LIFESTYLE-1777 | Hobbies | 824.91,Android,B36,RAMP_1501_2500,CREATED,idem-20260902-apk-1777
1778,MTR-APK-1778,Group,Shared Experience,Wedding,Photography,Expense,2026-08-29,03:40:37,2026-08-29 03:40:37,18189.25,INR,-18189.25,APK Aarav,3,EQUAL,MAESTRO-APK-GROUP-WEDDING-1778 | Photography | 18189.25,Android,B36,RAMP_1501_2500,CREATED,idem-20260902-apk-1778
1779,MTR-APK-1779,Business,Business,Team Operations,Travel,Expense,2026-02-06,09:19:31,2026-02-06 09:19:31,39403.91,INR,-39403.91,APK Owner,,,MAESTRO-APK-BUSINESS-TEAM_OPERATIONS-1779 | Travel | 39403.91,Android,B36,RAMP_1501_2500,CREATED,idem-20260902-apk-1779
1780,MTR-APK-1780,Personal,Personal,Relationships,Gifts,Expense,2026-02-24,02:56:38,2026-02-24 02:56:38,2885.86,INR,-2885.86,APK Owner,,,MAESTRO-APK-PERSONAL-RELATIONSHIPS-1780 | Gifts | 2885.86,Android,B36,RAMP_1501_2500,CREATED,idem-20260902-apk-1780
1781,MTR-APK-1781,Group,Shared Experience,Wedding,Other,Expense,2026-06-23,11:42:38,2026-06-23 11:42:38,6253.7,INR,-6253.7,APK Meera,3,PERCENTAGE,MAESTRO-APK-GROUP-WEDDING-1781 | Other | 6253.70,Android,B36,RAMP_1501_2500,CREATED,idem-20260902-apk-1781
1782,MTR-APK-1782,Business,Business,Team Operations,Training,Expense,2025-11-26,19:32:02,2025-11-26 19:32:02,95216.45,INR,-95216.45,APK Owner,,,MAESTRO-APK-BUSINESS-TEAM_OPERATIONS-1782 | Training | 95216.45,Android,B36,RAMP_1501_2500,CREATED,idem-20260902-apk-1782
1783,MTR-APK-1783,Personal,Personal,Relationships,Dates,Expense,2026-08-01,18:37:14,2026-08-01 18:37:14,2048.04,INR,-2048.04,APK Owner,,,MAESTRO-APK-PERSONAL-RELATIONSHIPS-1783 | Dates | 2048.04,Android,B36,RAMP_1501_2500,CREATED,idem-20260902-apk-1783
1784,MTR-APK-1784,Group,Shared Experience,Office Outing,Food,Expense,2026-01-14,19:07:53,2026-01-14 19:07:53,10109.52,INR,-10109.52,APK Owner,3,EXACT,MAESTRO-APK-GROUP-OFFICE_OUTING-1784 | Food | 10109.52,Android,B36,RAMP_1501_2500,CREATED,idem-20260902-apk-1784
1785,MTR-APK-1785,Business,Business,Team Operations,Tools,Expense,2026-03-01,08:16:53,2026-03-01 08:16:53,82617.63,INR,-82617.63,APK Owner,,,MAESTRO-APK-BUSINESS-TEAM_OPERATIONS-1785 | Tools | 82617.63,Android,B36,RAMP_1501_2500,CREATED,idem-20260902-apk-1785
1786,MTR-APK-1786,Personal,Personal,Relationships,Family,Expense,2026-02-15,09:03:16,2026-02-15 09:03:16,10866.85,INR,-10866.85,APK Owner,,,MAESTRO-APK-PERSONAL-RELATIONSHIPS-1786 | Family | 10866.85,Android,B36,RAMP_1501_2500,CREATED,idem-20260902-apk-1786
1787,MTR-APK-1787,Group,Shared Experience,Office Outing,Travel,Expense,2025-10-28,18:50:56,2025-10-28 18:50:56,7986.53,INR,-7986.53,APK Aarav,3,SHARES,MAESTRO-APK-GROUP-OFFICE_OUTING-1787 | Travel | 7986.53,Android,B36,RAMP_1501_2500,CREATED,idem-20260902-apk-1787
1788,MTR-APK-1788,Business,Business,Business Runway,Funding,Income,2025-09-01,23:04:13,2025-09-01 23:04:13,46674.86,INR,46674.86,APK Owner,,,MAESTRO-APK-BUSINESS-BUSINESS_RUNWAY-1788 | Funding | 46674.86,Android,B36,RAMP_1501_2500,CREATED,idem-20260902-apk-1788
1789,MTR-APK-1789,Personal,Personal,Relationships,Friends,Expense,2026-01-09,18:37:32,2026-01-09 18:37:32,9448.7,INR,-9448.7,APK Owner,,,MAESTRO-APK-PERSONAL-RELATIONSHIPS-1789 | Friends | 9448.70,Android,B36,RAMP_1501_2500,CREATED,idem-20260902-apk-1789
1790,MTR-APK-1790,Group,Shared Experience,Office Outing,Activities,Expense,2025-11-25,03:44:01,2025-11-25 03:44:01,9608.8,INR,-9608.8,APK Meera,3,EQUAL,MAESTRO-APK-GROUP-OFFICE_OUTING-1790 | Activities | 9608.80,Android,B36,RAMP_1501_2500,CREATED,idem-20260902-apk-1790
1791,MTR-APK-1791,Business,Business,Business Runway,Revenue,Income,2026-01-13,12:17:24,2026-01-13 12:17:24,115055.27,INR,115055.27,APK Owner,,,MAESTRO-APK-BUSINESS-BUSINESS_RUNWAY-1791 | Revenue | 115055.27,Android,B36,RAMP_1501_2500,CREATED,idem-20260902-apk-1791
1792,MTR-APK-1792,Personal,Personal,Relationships,Celebrations,Expense,2025-12-10,07:16:53,2025-12-10 07:16:53,11262.71,INR,-11262.71,APK Owner,,,MAESTRO-APK-PERSONAL-RELATIONSHIPS-1792 | Celebrations | 11262.71,Android,B36,RAMP_1501_2500,CREATED,idem-20260902-apk-1792
1793,MTR-APK-1793,Group,Shared Experience,Office Outing,Venue,Expense,2026-06-25,01:09:30,2026-06-25 01:09:30,21895.04,INR,-21895.04,APK Owner,3,PERCENTAGE,MAESTRO-APK-GROUP-OFFICE_OUTING-1793 | Venue | 21895.04,Android,B36,RAMP_1501_2500,CREATED,idem-20260902-apk-1793
1794,MTR-APK-1794,Business,Business,Business Runway,Burn,Expense,2026-03-21,23:22:34,2026-03-21 23:22:34,153083.05,INR,-153083.05,APK Owner,,,MAESTRO-APK-BUSINESS-BUSINESS_RUNWAY-1794 | Burn | 153083.05,Android,B36,RAMP_1501_2500,CREATED,idem-20260902-apk-1794
1795,MTR-APK-1795,Personal,Personal,Life Operations,Groceries,Expense,2025-10-21,15:23:26,2025-10-21 15:23:26,15611.69,INR,-15611.69,APK Owner,,,MAESTRO-APK-PERSONAL-LIFE_OPERATIONS-1795 | Groceries | 15611.69,Android,B36,RAMP_1501_2500,CREATED,idem-20260902-apk-1795
1796,MTR-APK-1796,Group,Shared Experience,Office Outing,Other,Expense,2025-11-24,05:10:17,2025-11-24 05:10:17,17857.62,INR,-17857.62,APK Aarav,3,EXACT,MAESTRO-APK-GROUP-OFFICE_OUTING-1796 | Other | 17857.62,Android,B36,RAMP_1501_2500,CREATED,idem-20260902-apk-1796
1797,MTR-APK-1797,Business,Business,Business Runway,Reserve,Transfer,2026-07-10,11:16:42,2026-07-10 11:16:42,63462.32,INR,0.0,APK Owner,,,MAESTRO-APK-BUSINESS-BUSINESS_RUNWAY-1797 | Reserve | 63462.32,Android,B36,RAMP_1501_2500,CREATED,idem-20260902-apk-1797
1798,MTR-APK-1798,Personal,Personal,Life Operations,Rent,Expense,2026-04-08,00:43:39,2026-04-08 00:43:39,7290.46,INR,-7290.46,APK Owner,,,MAESTRO-APK-PERSONAL-LIFE_OPERATIONS-1798 | Rent | 7290.46,Android,B36,RAMP_1501_2500,CREATED,idem-20260902-apk-1798
1799,MTR-APK-1799,Group,Shared Experience,House Party,Food,Expense,2026-08-16,13:02:28,2026-08-16 13:02:28,646.16,INR,-646.16,APK Meera,3,SHARES,MAESTRO-APK-GROUP-HOUSE_PARTY-1799 | Food | 646.16,Android,B36,RAMP_1501_2500,CREATED,idem-20260902-apk-1799
1800,MTR-APK-1800,Business,Business,Business Runway,Loan,Income,2026-01-22,00:14:04,2026-01-22 00:14:04,29357.67,INR,29357.67,APK Owner,,,MAESTRO-APK-BUSINESS-BUSINESS_RUNWAY-1800 | Loan | 29357.67,Android,B36,RAMP_1501_2500,CREATED,idem-20260902-apk-1800
1801,MTR-APK-1801,Personal,Personal,Life Operations,Bills,Expense,2026-03-31,13:16:06,2026-03-31 13:16:06,8153.61,INR,-8153.61,APK Owner,,,MAESTRO-APK-PERSONAL-LIFE_OPERATIONS-1801 | Bills | 8153.61,Android,B37,RAMP_1501_2500,CREATED,idem-20260902-apk-1801
1802,MTR-APK-1802,Group,Shared Experience,House Party,Drinks,Expense,2026-03-05,05:54:20,2026-03-05 05:54:20,5390.79,INR,-5390.79,APK Owner,3,EQUAL,MAESTRO-APK-GROUP-HOUSE_PARTY-1802 | Drinks | 5390.79,Android,B37,RAMP_1501_2500,CREATED,idem-20260902-apk-1802
1803,MTR-APK-1803,Business,Business,Business Runway,Investment,Income,2026-01-02,21:43:36,2026-01-02 21:43:36,21616.41,INR,21616.41,APK Owner,,,MAESTRO-APK-BUSINESS-BUSINESS_RUNWAY-1803 | Investment | 21616.41,Android,B37,RAMP_1501_2500,CREATED,idem-20260902-apk-1803
1804,MTR-APK-1804,Personal,Personal,Life Operations,Transport,Expense,2026-07-16,02:07:23,2026-07-16 02:07:23,1709.58,INR,-1709.58,APK Owner,,,MAESTRO-APK-PERSONAL-LIFE_OPERATIONS-1804 | Transport | 1709.58,Android,B37,RAMP_1501_2500,CREATED,idem-20260902-apk-1804
1805,MTR-APK-1805,Group,Shared Experience,House Party,Decor,Expense,2026-06-11,06:05:26,2026-06-11 06:05:26,22893.57,INR,-22893.57,APK Aarav,3,PERCENTAGE,MAESTRO-APK-GROUP-HOUSE_PARTY-1805 | Decor | 22893.57,Android,B37,RAMP_1501_2500,CREATED,idem-20260902-apk-1805
1806,MTR-APK-1806,Business,Business,Business Operations,Software,Expense,2025-10-11,19:45:01,2025-10-11 19:45:01,119451.43,INR,-119451.43,APK Owner,,,MAESTRO-APK-BUSINESS-BUSINESS_OPERATIONS-1806 | Software | 119451.43,Android,B37,RAMP_1501_2500,CREATED,idem-20260902-apk-1806
1807,MTR-APK-1807,Personal,Personal,Life Operations,Healthcare,Expense,2025-12-26,09:57:38,2025-12-26 09:57:38,11237.36,INR,-11237.36,APK Owner,,,MAESTRO-APK-PERSONAL-LIFE_OPERATIONS-1807 | Healthcare | 11237.36,Android,B37,RAMP_1501_2500,CREATED,idem-20260902-apk-1807
1808,MTR-APK-1808,Group,Shared Experience,House Party,Supplies,Expense,2026-03-14,19:26:17,2026-03-14 19:26:17,1800.18,INR,-1800.18,APK Meera,3,EXACT,MAESTRO-APK-GROUP-HOUSE_PARTY-1808 | Supplies | 1800.18,Android,B37,RAMP_1501_2500,CREATED,idem-20260902-apk-1808
1809,MTR-APK-1809,Business,Business,Business Operations,Rent,Expense,2025-10-14,15:17:18,2025-10-14 15:17:18,29577.41,INR,-29577.41,APK Owner,,,MAESTRO-APK-BUSINESS-BUSINESS_OPERATIONS-1809 | Rent | 29577.41,Android,B37,RAMP_1501_2500,CREATED,idem-20260902-apk-1809
1810,MTR-APK-1810,Personal,Personal,Life Operations,Subscriptions,Expense,2025-09-06,03:44:35,2025-09-06 03:44:35,9286.11,INR,-9286.11,APK Owner,,,MAESTRO-APK-PERSONAL-LIFE_OPERATIONS-1810 | Subscriptions | 9286.11,Android,B37,RAMP_1501_2500,CREATED,idem-20260902-apk-1810
1811,MTR-APK-1811,Group,Shared Experience,House Party,Other,Expense,2025-11-29,00:36:59,2025-11-29 00:36:59,7905.42,INR,-7905.42,APK Owner,3,SHARES,MAESTRO-APK-GROUP-HOUSE_PARTY-1811 | Other | 7905.42,Android,B37,RAMP_1501_2500,CREATED,idem-20260902-apk-1811
1812,MTR-APK-1812,Business,Business,Business Operations,Marketing,Expense,2026-06-29,00:48:02,2026-06-29 00:48:02,150461.77,INR,-150461.77,APK Owner,,,MAESTRO-APK-BUSINESS-BUSINESS_OPERATIONS-1812 | Marketing | 150461.77,Android,B37,RAMP_1501_2500,CREATED,idem-20260902-apk-1812
1813,MTR-APK-1813,Personal,Personal,Life Operations,Repairs,Expense,2026-05-20,02:46:08,2026-05-20 02:46:08,1.0,INR,-1.0,APK Owner,,,MAESTRO-APK-PERSONAL-LIFE_OPERATIONS-1813 | Repairs | 1.00,Android,B37,RAMP_1501_2500,CREATED,idem-20260902-apk-1813
1814,MTR-APK-1814,Group,Shared Purchase,Gift Pool,Contribution,Contribution,2025-09-25,00:19:05,2025-09-25 00:19:05,17190.97,INR,17190.97,APK Aarav,3,EQUAL,MAESTRO-APK-GROUP-GIFT_POOL-1814 | Contribution | 17190.97,Android,B37,RAMP_1501_2500,CREATED,idem-20260902-apk-1814
1815,MTR-APK-1815,Business,Business,Business Operations,Legal,Expense,2025-09-11,04:41:41,2025-09-11 04:41:41,129950.03,INR,-129950.03,APK Owner,,,MAESTRO-APK-BUSINESS-BUSINESS_OPERATIONS-1815 | Legal | 129950.03,Android,B37,RAMP_1501_2500,CREATED,idem-20260902-apk-1815
1816,MTR-APK-1816,Personal,Personal,Future Building,Savings,Transfer,2025-11-13,04:57:00,2025-11-13 04:57:00,14837.04,INR,0.0,APK Owner,,,MAESTRO-APK-PERSONAL-FUTURE_BUILDING-1816 | Savings | 14837.04,Android,B37,RAMP_1501_2500,CREATED,idem-20260902-apk-1816
1817,MTR-APK-1817,Group,Shared Purchase,Gift Pool,Gift Purchase,Expense,2025-10-23,01:55:56,2025-10-23 01:55:56,6269.32,INR,-6269.32,APK Meera,3,PERCENTAGE,MAESTRO-APK-GROUP-GIFT_POOL-1817 | Gift Purchase | 6269.32,Android,B37,RAMP_1501_2500,CREATED,idem-20260902-apk-1817
1818,MTR-APK-1818,Business,Business,Business Operations,Accounting,Expense,2025-11-18,09:00:52,2025-11-18 09:00:52,30762.34,INR,-30762.34,APK Owner,,,MAESTRO-APK-BUSINESS-BUSINESS_OPERATIONS-1818 | Accounting | 30762.34,Android,B37,RAMP_1501_2500,CREATED,idem-20260902-apk-1818
1819,MTR-APK-1819,Personal,Personal,Future Building,Emergency Fund,Transfer,2025-12-03,06:10:55,2025-12-03 06:10:55,8268.26,INR,0.0,APK Owner,,,MAESTRO-APK-PERSONAL-FUTURE_BUILDING-1819 | Emergency Fund | 8268.26,Android,B37,RAMP_1501_2500,CREATED,idem-20260902-apk-1819
1820,MTR-APK-1820,Group,Shared Purchase,Gift Pool,Delivery,Expense,2026-02-03,08:05:19,2026-02-03 08:05:19,20981.09,INR,-20981.09,APK Owner,3,EXACT,MAESTRO-APK-GROUP-GIFT_POOL-1820 | Delivery | 20981.09,Android,B37,RAMP_1501_2500,CREATED,idem-20260902-apk-1820
1821,MTR-APK-1821,Business,Business,Business Operations,Equipment,Expense,2026-05-14,17:22:30,2026-05-14 17:22:30,94633.55,INR,-94633.55,APK Owner,,,MAESTRO-APK-BUSINESS-BUSINESS_OPERATIONS-1821 | Equipment | 94633.55,Android,B37,RAMP_1501_2500,CREATED,idem-20260902-apk-1821
1822,MTR-APK-1822,Personal,Personal,Future Building,Investments,Investment,2026-07-01,13:36:43,2026-07-01 13:36:43,4291.98,INR,0.0,APK Owner,,,MAESTRO-APK-PERSONAL-FUTURE_BUILDING-1822 | Investments | 4291.98,Android,B37,RAMP_1501_2500,CREATED,idem-20260902-apk-1822
1823,MTR-APK-1823,Group,Shared Purchase,Gift Pool,Other,Expense,2026-08-14,22:44:10,2026-08-14 22:44:10,774.14,INR,-774.14,APK Aarav,3,SHARES,MAESTRO-APK-GROUP-GIFT_POOL-1823 | Other | 774.14,Android,B37,RAMP_1501_2500,CREATED,idem-20260902-apk-1823
1824,MTR-APK-1824,Business,Business,Business Operations,Vendor,Expense,2026-02-16,09:03:59,2026-02-16 09:03:59,133663.31,INR,-133663.31,APK Owner,,,MAESTRO-APK-BUSINESS-BUSINESS_OPERATIONS-1824 | Vendor | 133663.31,Android,B37,RAMP_1501_2500,CREATED,idem-20260902-apk-1824
1825,MTR-APK-1825,Personal,Personal,Future Building,Education,Expense,2025-09-08,18:23:27,2025-09-08 18:23:27,8888.57,INR,-8888.57,APK Owner,,,MAESTRO-APK-PERSONAL-FUTURE_BUILDING-1825 | Education | 8888.57,Android,B37,RAMP_1501_2500,CREATED,idem-20260902-apk-1825
1826,MTR-APK-1826,Group,Shared Purchase,Purchase,Item,Expense,2026-02-03,11:08:42,2026-02-03 11:08:42,14118.52,INR,-14118.52,APK Meera,3,EQUAL,MAESTRO-APK-GROUP-PURCHASE-1826 | Item | 14118.52,Android,B37,RAMP_1501_2500,CREATED,idem-20260902-apk-1826
1827,MTR-APK-1827,Business,Business,Business Operations,Tax,Expense,2026-03-08,15:26:13,2026-03-08 15:26:13,161807.0,INR,-161807.0,APK Owner,,,MAESTRO-APK-BUSINESS-BUSINESS_OPERATIONS-1827 | Tax | 161807.00,Android,B37,RAMP_1501_2500,CREATED,idem-20260902-apk-1827
1828,MTR-APK-1828,Personal,Personal,Future Building,Goal Contribution,Transfer,2026-05-07,23:23:58,2026-05-07 23:23:58,6218.97,INR,0.0,APK Owner,,,MAESTRO-APK-PERSONAL-FUTURE_BUILDING-1828 | Goal Contribution | 6218.97,Android,B37,RAMP_1501_2500,CREATED,idem-20260902-apk-1828
1829,MTR-APK-1829,Group,Shared Purchase,Purchase,Shipping,Expense,2025-11-14,03:23:04,2025-11-14 03:23:04,15472.08,INR,-15472.08,APK Owner,3,PERCENTAGE,MAESTRO-APK-GROUP-PURCHASE-1829 | Shipping | 15472.08,Android,B37,RAMP_1501_2500,CREATED,idem-20260902-apk-1829
1830,MTR-APK-1830,Business,Business,Team Operations,Payroll,Expense,2026-01-19,05:59:50,2026-01-19 05:59:50,162199.83,INR,-162199.83,APK Owner,,,MAESTRO-APK-BUSINESS-TEAM_OPERATIONS-1830 | Payroll | 162199.83,Android,B37,RAMP_1501_2500,CREATED,idem-20260902-apk-1830
1831,MTR-APK-1831,Personal,Personal,Lifestyle,Dining,Expense,2026-04-10,05:24:08,2026-04-10 05:24:08,6637.65,INR,-6637.65,APK Owner,,,MAESTRO-APK-PERSONAL-LIFESTYLE-1831 | Dining | 6637.65,Android,B37,RAMP_1501_2500,CREATED,idem-20260902-apk-1831
1832,MTR-APK-1832,Group,Shared Purchase,Purchase,Tax,Expense,2025-09-28,00:02:26,2025-09-28 00:02:26,28649.55,INR,-28649.55,APK Aarav,3,EXACT,MAESTRO-APK-GROUP-PURCHASE-1832 | Tax | 28649.55,Android,B37,RAMP_1501_2500,CREATED,idem-20260902-apk-1832
1833,MTR-APK-1833,Business,Business,Team Operations,Contractor,Expense,2026-04-19,13:24:34,2026-04-19 13:24:34,18227.18,INR,-18227.18,APK Owner,,,MAESTRO-APK-BUSINESS-TEAM_OPERATIONS-1833 | Contractor | 18227.18,Android,B37,RAMP_1501_2500,CREATED,idem-20260902-apk-1833
1834,MTR-APK-1834,Personal,Personal,Lifestyle,Shopping,Expense,2026-03-05,13:18:52,2026-03-05 13:18:52,15581.41,INR,-15581.41,APK Owner,,,MAESTRO-APK-PERSONAL-LIFESTYLE-1834 | Shopping | 15581.41,Android,B37,RAMP_1501_2500,CREATED,idem-20260902-apk-1834
1835,MTR-APK-1835,Group,Shared Purchase,Purchase,Other,Expense,2026-02-19,07:16:42,2026-02-19 07:16:42,4480.54,INR,-4480.54,APK Meera,3,SHARES,MAESTRO-APK-GROUP-PURCHASE-1835 | Other | 4480.54,Android,B37,RAMP_1501_2500,CREATED,idem-20260902-apk-1835
1836,MTR-APK-1836,Business,Business,Team Operations,Hiring,Expense,2026-03-13,11:04:08,2026-03-13 11:04:08,163385.68,INR,-163385.68,APK Owner,,,MAESTRO-APK-BUSINESS-TEAM_OPERATIONS-1836 | Hiring | 163385.68,Android,B37,RAMP_1501_2500,CREATED,idem-20260902-apk-1836
1837,MTR-APK-1837,Personal,Personal,Lifestyle,Entertainment,Expense,2025-10-11,04:06:00,2025-10-11 04:06:00,4143.3,INR,-4143.3,APK Owner,,,MAESTRO-APK-PERSONAL-LIFESTYLE-1837 | Entertainment | 4143.30,Android,B37,RAMP_1501_2500,CREATED,idem-20260902-apk-1837
1838,MTR-APK-1838,Group,Shared Purchase,Assets,Purchase,Expense,2026-02-03,03:28:43,2026-02-03 03:28:43,22468.75,INR,-22468.75,APK Owner,3,EQUAL,MAESTRO-APK-GROUP-ASSETS-1838 | Purchase | 22468.75,Android,B37,RAMP_1501_2500,CREATED,idem-20260902-apk-1838
1839,MTR-APK-1839,Business,Business,Team Operations,Team Meal,Expense,2025-11-03,22:10:43,2025-11-03 22:10:43,127467.46,INR,-127467.46,APK Owner,,,MAESTRO-APK-BUSINESS-TEAM_OPERATIONS-1839 | Team Meal | 127467.46,Android,B37,RAMP_1501_2500,CREATED,idem-20260902-apk-1839
1840,MTR-APK-1840,Personal,Personal,Lifestyle,Travel,Expense,2025-11-15,14:32:27,2025-11-15 14:32:27,5804.32,INR,-5804.32,APK Owner,,,MAESTRO-APK-PERSONAL-LIFESTYLE-1840 | Travel | 5804.32,Android,B37,RAMP_1501_2500,CREATED,idem-20260902-apk-1840
1841,MTR-APK-1841,Group,Shared Purchase,Assets,Maintenance,Expense,2026-06-18,03:07:08,2026-06-18 03:07:08,11508.73,INR,-11508.73,APK Aarav,3,PERCENTAGE,MAESTRO-APK-GROUP-ASSETS-1841 | Maintenance | 11508.73,Android,B37,RAMP_1501_2500,CREATED,idem-20260902-apk-1841
1842,MTR-APK-1842,Business,Business,Team Operations,Travel,Expense,2026-01-23,11:54:52,2026-01-23 11:54:52,133380.96,INR,-133380.96,APK Owner,,,MAESTRO-APK-BUSINESS-TEAM_OPERATIONS-1842 | Travel | 133380.96,Android,B37,RAMP_1501_2500,CREATED,idem-20260902-apk-1842
1843,MTR-APK-1843,Personal,Personal,Lifestyle,Fitness,Expense,2025-10-12,01:29:54,2025-10-12 01:29:54,16470.87,INR,-16470.87,APK Owner,,,MAESTRO-APK-PERSONAL-LIFESTYLE-1843 | Fitness | 16470.87,Android,B37,RAMP_1501_2500,CREATED,idem-20260902-apk-1843
1844,MTR-APK-1844,Group,Shared Purchase,Assets,Repair,Expense,2026-08-28,05:20:32,2026-08-28 05:20:32,24386.36,INR,-24386.36,APK Meera,3,EXACT,MAESTRO-APK-GROUP-ASSETS-1844 | Repair | 24386.36,Android,B37,RAMP_1501_2500,CREATED,idem-20260902-apk-1844
1845,MTR-APK-1845,Business,Business,Team Operations,Training,Expense,2026-04-08,17:58:19,2026-04-08 17:58:19,174241.8,INR,-174241.8,APK Owner,,,MAESTRO-APK-BUSINESS-TEAM_OPERATIONS-1845 | Training | 174241.80,Android,B37,RAMP_1501_2500,CREATED,idem-20260902-apk-1845
1846,MTR-APK-1846,Personal,Personal,Lifestyle,Hobbies,Expense,2026-01-03,23:22:12,2026-01-03 23:22:12,8599.45,INR,-8599.45,APK Owner,,,MAESTRO-APK-PERSONAL-LIFESTYLE-1846 | Hobbies | 8599.45,Android,B37,RAMP_1501_2500,CREATED,idem-20260902-apk-1846
1847,MTR-APK-1847,Group,Shared Purchase,Assets,Insurance,Expense,2025-09-08,18:29:52,2025-09-08 18:29:52,20421.32,INR,-20421.32,APK Owner,3,SHARES,MAESTRO-APK-GROUP-ASSETS-1847 | Insurance | 20421.32,Android,B37,RAMP_1501_2500,CREATED,idem-20260902-apk-1847
1848,MTR-APK-1848,Business,Business,Team Operations,Tools,Expense,2026-01-26,23:41:23,2026-01-26 23:41:23,176149.56,INR,-176149.56,APK Owner,,,MAESTRO-APK-BUSINESS-TEAM_OPERATIONS-1848 | Tools | 176149.56,Android,B37,RAMP_1501_2500,CREATED,idem-20260902-apk-1848
1849,MTR-APK-1849,Personal,Personal,Relationships,Gifts,Expense,2025-09-03,16:22:56,2025-09-03 16:22:56,5419.22,INR,-5419.22,APK Owner,,,MAESTRO-APK-PERSONAL-RELATIONSHIPS-1849 | Gifts | 5419.22,Android,B37,RAMP_1501_2500,CREATED,idem-20260902-apk-1849
1850,MTR-APK-1850,Group,Shared Purchase,Assets,Other,Expense,2026-06-24,16:53:14,2026-06-24 16:53:14,99.99,INR,-99.99,APK Aarav,3,EQUAL,MAESTRO-APK-GROUP-ASSETS-1850 | Other | 99.99,Android,B37,RAMP_1501_2500,CREATED,idem-20260902-apk-1850
1851,MTR-APK-1851,Business,Business,Business Runway,Funding,Income,2025-12-23,10:35:40,2025-12-23 10:35:40,75519.27,INR,75519.27,APK Owner,,,MAESTRO-APK-BUSINESS-BUSINESS_RUNWAY-1851 | Funding | 75519.27,Android,B38,RAMP_1501_2500,CREATED,idem-20260902-apk-1851
1852,MTR-APK-1852,Personal,Personal,Relationships,Dates,Expense,2025-09-12,14:05:42,2025-09-12 14:05:42,10325.77,INR,-10325.77,APK Owner,,,MAESTRO-APK-PERSONAL-RELATIONSHIPS-1852 | Dates | 10325.77,Android,B38,RAMP_1501_2500,CREATED,idem-20260902-apk-1852
1853,MTR-APK-1853,Group,Shared Purchase,Custom Purchase,Custom Expense,Expense,2025-09-12,03:19:59,2025-09-12 03:19:59,19031.7,INR,-19031.7,APK Meera,3,PERCENTAGE,MAESTRO-APK-GROUP-CUSTOM_PURCHASE-1853 | Custom Expense | 19031.70,Android,B38,RAMP_1501_2500,CREATED,idem-20260902-apk-1853
1854,MTR-APK-1854,Business,Business,Business Runway,Revenue,Income,2026-04-02,03:40:00,2026-04-02 03:40:00,94478.92,INR,94478.92,APK Owner,,,MAESTRO-APK-BUSINESS-BUSINESS_RUNWAY-1854 | Revenue | 94478.92,Android,B38,RAMP_1501_2500,CREATED,idem-20260902-apk-1854
1855,MTR-APK-1855,Personal,Personal,Relationships,Family,Expense,2026-07-19,11:09:16,2026-07-19 11:09:16,17295.15,INR,-17295.15,APK Owner,,,MAESTRO-APK-PERSONAL-RELATIONSHIPS-1855 | Family | 17295.15,Android,B38,RAMP_1501_2500,CREATED,idem-20260902-apk-1855
1856,MTR-APK-1856,Group,Shared Purchase,Custom Purchase,Custom Contribution,Contribution,2025-11-02,13:21:51,2025-11-02 13:21:51,13378.67,INR,13378.67,APK Owner,3,EXACT,MAESTRO-APK-GROUP-CUSTOM_PURCHASE-1856 | Custom Contribution | 13378.67,Android,B38,RAMP_1501_2500,CREATED,idem-20260902-apk-1856
1857,MTR-APK-1857,Business,Business,Business Runway,Burn,Expense,2025-10-21,05:19:49,2025-10-21 05:19:49,34524.74,INR,-34524.74,APK Owner,,,MAESTRO-APK-BUSINESS-BUSINESS_RUNWAY-1857 | Burn | 34524.74,Android,B38,RAMP_1501_2500,CREATED,idem-20260902-apk-1857
1858,MTR-APK-1858,Personal,Personal,Relationships,Friends,Expense,2026-08-29,22:50:30,2026-08-29 22:50:30,17384.47,INR,-17384.47,APK Owner,,,MAESTRO-APK-PERSONAL-RELATIONSHIPS-1858 | Friends | 17384.47,Android,B38,RAMP_1501_2500,CREATED,idem-20260902-apk-1858
1859,MTR-APK-1859,Group,Shared Living,Flatmates,Rent,Expense,2026-06-28,18:09:10,2026-06-28 18:09:10,24213.14,INR,-24213.14,APK Aarav,3,SHARES,MAESTRO-APK-GROUP-FLATMATES-1859 | Rent | 24213.14,Android,B38,RAMP_1501_2500,CREATED,idem-20260902-apk-1859
1860,MTR-APK-1860,Business,Business,Business Runway,Reserve,Transfer,2025-10-18,09:47:48,2025-10-18 09:47:48,148645.61,INR,0.0,APK Owner,,,MAESTRO-APK-BUSINESS-BUSINESS_RUNWAY-1860 | Reserve | 148645.61,Android,B38,RAMP_1501_2500,CREATED,idem-20260902-apk-1860
1861,MTR-APK-1861,Personal,Personal,Relationships,Celebrations,Expense,2025-12-24,01:20:36,2025-12-24 01:20:36,1977.79,INR,-1977.79,APK Owner,,,MAESTRO-APK-PERSONAL-RELATIONSHIPS-1861 | Celebrations | 1977.79,Android,B38,RAMP_1501_2500,CREATED,idem-20260902-apk-1861
1862,MTR-APK-1862,Group,Shared Living,Flatmates,Utilities,Expense,2026-05-31,09:40:32,2026-05-31 09:40:32,3475.01,INR,-3475.01,APK Meera,3,EQUAL,MAESTRO-APK-GROUP-FLATMATES-1862 | Utilities | 3475.01,Android,B38,RAMP_1501_2500,CREATED,idem-20260902-apk-1862
1863,MTR-APK-1863,Business,Business,Business Runway,Loan,Income,2026-03-31,21:06:59,2026-03-31 21:06:59,41046.86,INR,41046.86,APK Owner,,,MAESTRO-APK-BUSINESS-BUSINESS_RUNWAY-1863 | Loan | 41046.86,Android,B38,RAMP_1501_2500,CREATED,idem-20260902-apk-1863
1864,MTR-APK-1864,Personal,Personal,Life Operations,Groceries,Expense,2026-05-13,08:44:46,2026-05-13 08:44:46,8387.97,INR,-8387.97,APK Owner,,,MAESTRO-APK-PERSONAL-LIFE_OPERATIONS-1864 | Groceries | 8387.97,Android,B38,RAMP_1501_2500,CREATED,idem-20260902-apk-1864
1865,MTR-APK-1865,Group,Shared Living,Flatmates,Groceries,Expense,2026-04-15,09:16:16,2026-04-15 09:16:16,21428.09,INR,-21428.09,APK Owner,3,PERCENTAGE,MAESTRO-APK-GROUP-FLATMATES-1865 | Groceries | 21428.09,Android,B38,RAMP_1501_2500,CREATED,idem-20260902-apk-1865
1866,MTR-APK-1866,Business,Business,Business Runway,Investment,Income,2025-10-29,20:06:48,2025-10-29 20:06:48,91399.25,INR,91399.25,APK Owner,,,MAESTRO-APK-BUSINESS-BUSINESS_RUNWAY-1866 | Investment | 91399.25,Android,B38,RAMP_1501_2500,CREATED,idem-20260902-apk-1866
1867,MTR-APK-1867,Personal,Personal,Life Operations,Rent,Expense,2026-08-20,20:49:42,2026-08-20 20:49:42,2147.34,INR,-2147.34,APK Owner,,,MAESTRO-APK-PERSONAL-LIFE_OPERATIONS-1867 | Rent | 2147.34,Android,B38,RAMP_1501_2500,CREATED,idem-20260902-apk-1867
1868,MTR-APK-1868,Group,Shared Living,Flatmates,Internet,Expense,2025-09-10,08:15:19,2025-09-10 08:15:19,5138.03,INR,-5138.03,APK Aarav,3,EXACT,MAESTRO-APK-GROUP-FLATMATES-1868 | Internet | 5138.03,Android,B38,RAMP_1501_2500,CREATED,idem-20260902-apk-1868
1869,MTR-APK-1869,Business,Business,Business Operations,Software,Expense,2025-10-17,14:41:22,2025-10-17 14:41:22,44530.3,INR,-44530.3,APK Owner,,,MAESTRO-APK-BUSINESS-BUSINESS_OPERATIONS-1869 | Software | 44530.30,Android,B38,RAMP_1501_2500,CREATED,idem-20260902-apk-1869
1870,MTR-APK-1870,Personal,Personal,Life Operations,Bills,Expense,2026-03-31,04:29:57,2026-03-31 04:29:57,10389.48,INR,-10389.48,APK Owner,,,MAESTRO-APK-PERSONAL-LIFE_OPERATIONS-1870 | Bills | 10389.48,Android,B38,RAMP_1501_2500,CREATED,idem-20260902-apk-1870
1871,MTR-APK-1871,Group,Shared Living,Flatmates,House Supplies,Expense,2026-05-20,14:11:26,2026-05-20 14:11:26,11959.22,INR,-11959.22,APK Meera,3,SHARES,MAESTRO-APK-GROUP-FLATMATES-1871 | House Supplies | 11959.22,Android,B38,RAMP_1501_2500,CREATED,idem-20260902-apk-1871
1872,MTR-APK-1872,Business,Business,Business Operations,Rent,Expense,2026-08-16,08:39:01,2026-08-16 08:39:01,176437.65,INR,-176437.65,APK Owner,,,MAESTRO-APK-BUSINESS-BUSINESS_OPERATIONS-1872 | Rent | 176437.65,Android,B38,RAMP_1501_2500,CREATED,idem-20260902-apk-1872
1873,MTR-APK-1873,Personal,Personal,Life Operations,Transport,Expense,2025-12-26,11:47:26,2025-12-26 11:47:26,4934.5,INR,-4934.5,APK Owner,,,MAESTRO-APK-PERSONAL-LIFE_OPERATIONS-1873 | Transport | 4934.50,Android,B38,RAMP_1501_2500,CREATED,idem-20260902-apk-1873
1874,MTR-APK-1874,Group,Shared Living,Flatmates,Repairs,Expense,2026-05-30,10:27:50,2026-05-30 10:27:50,7031.25,INR,-7031.25,APK Owner,3,EQUAL,MAESTRO-APK-GROUP-FLATMATES-1874 | Repairs | 7031.25,Android,B38,RAMP_1501_2500,CREATED,idem-20260902-apk-1874
1875,MTR-APK-1875,Business,Business,Business Operations,Marketing,Expense,2026-07-03,07:43:36,2026-07-03 07:43:36,127892.94,INR,-127892.94,APK Owner,,,MAESTRO-APK-BUSINESS-BUSINESS_OPERATIONS-1875 | Marketing | 127892.94,Android,B38,RAMP_1501_2500,CREATED,idem-20260902-apk-1875
1876,MTR-APK-1876,Personal,Personal,Life Operations,Healthcare,Expense,2025-11-06,16:07:25,2025-11-06 16:07:25,1052.05,INR,-1052.05,APK Owner,,,MAESTRO-APK-PERSONAL-LIFE_OPERATIONS-1876 | Healthcare | 1052.05,Android,B38,RAMP_1501_2500,CREATED,idem-20260902-apk-1876
1877,MTR-APK-1877,Group,Shared Living,Shared Living,Rent,Expense,2026-06-01,23:52:46,2026-06-01 23:52:46,19179.81,INR,-19179.81,APK Aarav,3,PERCENTAGE,MAESTRO-APK-GROUP-SHARED_LIVING-1877 | Rent | 19179.81,Android,B38,RAMP_1501_2500,CREATED,idem-20260902-apk-1877
1878,MTR-APK-1878,Business,Business,Business Operations,Legal,Expense,2025-10-05,12:05:05,2025-10-05 12:05:05,172842.4,INR,-172842.4,APK Owner,,,MAESTRO-APK-BUSINESS-BUSINESS_OPERATIONS-1878 | Legal | 172842.40,Android,B38,RAMP_1501_2500,CREATED,idem-20260902-apk-1878
1879,MTR-APK-1879,Personal,Personal,Life Operations,Subscriptions,Expense,2026-04-16,07:53:50,2026-04-16 07:53:50,14894.58,INR,-14894.58,APK Owner,,,MAESTRO-APK-PERSONAL-LIFE_OPERATIONS-1879 | Subscriptions | 14894.58,Android,B38,RAMP_1501_2500,CREATED,idem-20260902-apk-1879
1880,MTR-APK-1880,Group,Shared Living,Shared Living,Utilities,Expense,2026-06-27,14:40:02,2026-06-27 14:40:02,16642.13,INR,-16642.13,APK Meera,3,EXACT,MAESTRO-APK-GROUP-SHARED_LIVING-1880 | Utilities | 16642.13,Android,B38,RAMP_1501_2500,CREATED,idem-20260902-apk-1880
1881,MTR-APK-1881,Business,Business,Business Operations,Accounting,Expense,2025-11-23,11:16:47,2025-11-23 11:16:47,4493.32,INR,-4493.32,APK Owner,,,MAESTRO-APK-BUSINESS-BUSINESS_OPERATIONS-1881 | Accounting | 4493.32,Android,B38,RAMP_1501_2500,CREATED,idem-20260902-apk-1881
1882,MTR-APK-1882,Personal,Personal,Life Operations,Repairs,Expense,2025-09-20,04:33:35,2025-09-20 04:33:35,103.8,INR,-103.8,APK Owner,,,MAESTRO-APK-PERSONAL-LIFE_OPERATIONS-1882 | Repairs | 103.80,Android,B38,RAMP_1501_2500,CREATED,idem-20260902-apk-1882
1883,MTR-APK-1883,Group,Shared Living,Shared Living,Groceries,Expense,2025-09-08,03:16:37,2025-09-08 03:16:37,14802.33,INR,-14802.33,APK Owner,3,SHARES,MAESTRO-APK-GROUP-SHARED_LIVING-1883 | Groceries | 14802.33,Android,B38,RAMP_1501_2500,CREATED,idem-20260902-apk-1883
1884,MTR-APK-1884,Business,Business,Business Operations,Equipment,Expense,2026-05-28,22:09:12,2026-05-28 22:09:12,129058.26,INR,-129058.26,APK Owner,,,MAESTRO-APK-BUSINESS-BUSINESS_OPERATIONS-1884 | Equipment | 129058.26,Android,B38,RAMP_1501_2500,CREATED,idem-20260902-apk-1884
1885,MTR-APK-1885,Personal,Personal,Future Building,Savings,Transfer,2026-06-27,18:19:10,2026-06-27 18:19:10,10103.75,INR,0.0,APK Owner,,,MAESTRO-APK-PERSONAL-FUTURE_BUILDING-1885 | Savings | 10103.75,Android,B38,RAMP_1501_2500,CREATED,idem-20260902-apk-1885
1886,MTR-APK-1886,Group,Shared Living,Shared Living,Maintenance,Expense,2026-08-23,00:20:14,2026-08-23 00:20:14,2456.34,INR,-2456.34,APK Aarav,3,EQUAL,MAESTRO-APK-GROUP-SHARED_LIVING-1886 | Maintenance | 2456.34,Android,B38,RAMP_1501_2500,CREATED,idem-20260902-apk-1886
1887,MTR-APK-1887,Business,Business,Business Operations,Vendor,Expense,2026-08-24,06:45:22,2026-08-24 06:45:22,100.0,INR,-100.0,APK Owner,,,MAESTRO-APK-BUSINESS-BUSINESS_OPERATIONS-1887 | Vendor | 100.00,Android,B38,RAMP_1501_2500,CREATED,idem-20260902-apk-1887
1888,MTR-APK-1888,Personal,Personal,Future Building,Emergency Fund,Transfer,2026-07-21,23:34:58,2026-07-21 23:34:58,923.24,INR,0.0,APK Owner,,,MAESTRO-APK-PERSONAL-FUTURE_BUILDING-1888 | Emergency Fund | 923.24,Android,B38,RAMP_1501_2500,CREATED,idem-20260902-apk-1888
1889,MTR-APK-1889,Group,Shared Living,Shared Living,Other,Expense,2026-07-31,23:40:08,2026-07-31 23:40:08,416.17,INR,-416.17,APK Meera,3,PERCENTAGE,MAESTRO-APK-GROUP-SHARED_LIVING-1889 | Other | 416.17,Android,B38,RAMP_1501_2500,CREATED,idem-20260902-apk-1889
1890,MTR-APK-1890,Business,Business,Business Operations,Tax,Expense,2026-02-25,07:38:20,2026-02-25 07:38:20,178951.5,INR,-178951.5,APK Owner,,,MAESTRO-APK-BUSINESS-BUSINESS_OPERATIONS-1890 | Tax | 178951.50,Android,B38,RAMP_1501_2500,CREATED,idem-20260902-apk-1890
1891,MTR-APK-1891,Personal,Personal,Future Building,Investments,Investment,2026-03-08,20:50:37,2026-03-08 20:50:37,10634.04,INR,0.0,APK Owner,,,MAESTRO-APK-PERSONAL-FUTURE_BUILDING-1891 | Investments | 10634.04,Android,B38,RAMP_1501_2500,CREATED,idem-20260902-apk-1891
1892,MTR-APK-1892,Group,Shared Living,Family Household,Utilities,Expense,2026-01-06,09:03:13,2026-01-06 09:03:13,27445.08,INR,-27445.08,APK Owner,3,EXACT,MAESTRO-APK-GROUP-FAMILY_HOUSEHOLD-1892 | Utilities | 27445.08,Android,B38,RAMP_1501_2500,CREATED,idem-20260902-apk-1892
1893,MTR-APK-1893,Business,Business,Team Operations,Payroll,Expense,2026-07-17,08:20:27,2026-07-17 08:20:27,20661.13,INR,-20661.13,APK Owner,,,MAESTRO-APK-BUSINESS-TEAM_OPERATIONS-1893 | Payroll | 20661.13,Android,B38,RAMP_1501_2500,CREATED,idem-20260902-apk-1893
1894,MTR-APK-1894,Personal,Personal,Future Building,Education,Expense,2026-04-26,21:35:24,2026-04-26 21:35:24,7594.8,INR,-7594.8,APK Owner,,,MAESTRO-APK-PERSONAL-FUTURE_BUILDING-1894 | Education | 7594.80,Android,B38,RAMP_1501_2500,CREATED,idem-20260902-apk-1894
1895,MTR-APK-1895,Group,Shared Living,Family Household,Healthcare,Expense,2025-12-16,04:34:45,2025-12-16 04:34:45,25264.23,INR,-25264.23,APK Aarav,3,SHARES,MAESTRO-APK-GROUP-FAMILY_HOUSEHOLD-1895 | Healthcare | 25264.23,Android,B38,RAMP_1501_2500,CREATED,idem-20260902-apk-1895
1896,MTR-APK-1896,Business,Business,Team Operations,Contractor,Expense,2025-10-17,01:54:59,2025-10-17 01:54:59,35223.01,INR,-35223.01,APK Owner,,,MAESTRO-APK-BUSINESS-TEAM_OPERATIONS-1896 | Contractor | 35223.01,Android,B38,RAMP_1501_2500,CREATED,idem-20260902-apk-1896
1897,MTR-APK-1897,Personal,Personal,Future Building,Goal Contribution,Transfer,2026-06-19,01:28:10,2026-06-19 01:28:10,5784.53,INR,0.0,APK Owner,,,MAESTRO-APK-PERSONAL-FUTURE_BUILDING-1897 | Goal Contribution | 5784.53,Android,B38,RAMP_1501_2500,CREATED,idem-20260902-apk-1897
1898,MTR-APK-1898,Group,Shared Living,Family Household,School,Expense,2025-12-28,07:07:22,2025-12-28 07:07:22,21377.48,INR,-21377.48,APK Meera,3,EQUAL,MAESTRO-APK-GROUP-FAMILY_HOUSEHOLD-1898 | School | 21377.48,Android,B38,RAMP_1501_2500,CREATED,idem-20260902-apk-1898
1899,MTR-APK-1899,Business,Business,Team Operations,Hiring,Expense,2025-12-19,21:24:23,2025-12-19 21:24:23,113262.78,INR,-113262.78,APK Owner,,,MAESTRO-APK-BUSINESS-TEAM_OPERATIONS-1899 | Hiring | 113262.78,Android,B38,RAMP_1501_2500,CREATED,idem-20260902-apk-1899
1900,MTR-APK-1900,Personal,Personal,Lifestyle,Dining,Expense,2025-11-10,15:00:47,2025-11-10 15:00:47,8850.79,INR,-8850.79,APK Owner,,,MAESTRO-APK-PERSONAL-LIFESTYLE-1900 | Dining | 8850.79,Android,B38,RAMP_1501_2500,CREATED,idem-20260902-apk-1900
1901,MTR-APK-1901,Group,Shared Living,Family Household,Other,Expense,2026-02-01,16:19:00,2026-02-01 16:19:00,1152.41,INR,-1152.41,APK Owner,3,PERCENTAGE,MAESTRO-APK-GROUP-FAMILY_HOUSEHOLD-1901 | Other | 1152.41,Android,B39,RAMP_1501_2500,CREATED,idem-20260902-apk-1901
1902,MTR-APK-1902,Business,Business,Team Operations,Team Meal,Expense,2026-01-04,23:51:20,2026-01-04 23:51:20,59644.96,INR,-59644.96,APK Owner,,,MAESTRO-APK-BUSINESS-TEAM_OPERATIONS-1902 | Team Meal | 59644.96,Android,B39,RAMP_1501_2500,CREATED,idem-20260902-apk-1902
1903,MTR-APK-1903,Personal,Personal,Lifestyle,Shopping,Expense,2026-06-22,02:48:14,2026-06-22 02:48:14,17706.05,INR,-17706.05,APK Owner,,,MAESTRO-APK-PERSONAL-LIFESTYLE-1903 | Shopping | 17706.05,Android,B39,RAMP_1501_2500,CREATED,idem-20260902-apk-1903
1904,MTR-APK-1904,Group,Shared Living,Family Household,Rent,Expense,2025-12-26,22:31:49,2025-12-26 22:31:49,3403.11,INR,-3403.11,APK Aarav,3,EXACT,MAESTRO-APK-GROUP-FAMILY_HOUSEHOLD-1904 | Rent | 3403.11,Android,B39,RAMP_1501_2500,CREATED,idem-20260902-apk-1904
1905,MTR-APK-1905,Business,Business,Team Operations,Travel,Expense,2025-11-18,07:13:21,2025-11-18 07:13:21,12373.96,INR,-12373.96,APK Owner,,,MAESTRO-APK-BUSINESS-TEAM_OPERATIONS-1905 | Travel | 12373.96,Android,B39,RAMP_1501_2500,CREATED,idem-20260902-apk-1905
1906,MTR-APK-1906,Personal,Personal,Lifestyle,Entertainment,Expense,2025-09-21,02:16:09,2025-09-21 02:16:09,18227.38,INR,-18227.38,APK Owner,,,MAESTRO-APK-PERSONAL-LIFESTYLE-1906 | Entertainment | 18227.38,Android,B39,RAMP_1501_2500,CREATED,idem-20260902-apk-1906
1907,MTR-APK-1907,Group,Shared Living,Family Household,Groceries,Expense,2026-04-13,20:29:33,2026-04-13 20:29:33,8863.03,INR,-8863.03,APK Meera,3,SHARES,MAESTRO-APK-GROUP-FAMILY_HOUSEHOLD-1907 | Groceries | 8863.03,Android,B39,RAMP_1501_2500,CREATED,idem-20260902-apk-1907
1908,MTR-APK-1908,Business,Business,Team Operations,Training,Expense,2026-02-22,22:01:22,2026-02-22 22:01:22,159698.05,INR,-159698.05,APK Owner,,,MAESTRO-APK-BUSINESS-TEAM_OPERATIONS-1908 | Training | 159698.05,Android,B39,RAMP_1501_2500,CREATED,idem-20260902-apk-1908
1909,MTR-APK-1909,Personal,Personal,Lifestyle,Travel,Expense,2025-12-04,14:24:38,2025-12-04 14:24:38,15730.07,INR,-15730.07,APK Owner,,,MAESTRO-APK-PERSONAL-LIFESTYLE-1909 | Travel | 15730.07,Android,B39,RAMP_1501_2500,CREATED,idem-20260902-apk-1909
1910,MTR-APK-1910,Group,Shared Living,Custom Living,Custom Expense,Expense,2026-01-30,00:42:52,2026-01-30 00:42:52,24098.27,INR,-24098.27,APK Owner,3,EQUAL,MAESTRO-APK-GROUP-CUSTOM_LIVING-1910 | Custom Expense | 24098.27,Android,B39,RAMP_1501_2500,CREATED,idem-20260902-apk-1910
1911,MTR-APK-1911,Business,Business,Team Operations,Tools,Expense,2025-12-07,09:19:03,2025-12-07 09:19:03,110577.01,INR,-110577.01,APK Owner,,,MAESTRO-APK-BUSINESS-TEAM_OPERATIONS-1911 | Tools | 110577.01,Android,B39,RAMP_1501_2500,CREATED,idem-20260902-apk-1911
1912,MTR-APK-1912,Personal,Personal,Lifestyle,Fitness,Expense,2025-12-24,16:58:20,2025-12-24 16:58:20,12052.64,INR,-12052.64,APK Owner,,,MAESTRO-APK-PERSONAL-LIFESTYLE-1912 | Fitness | 12052.64,Android,B39,RAMP_1501_2500,CREATED,idem-20260902-apk-1912
1913,MTR-APK-1913,Group,Shared Living,Custom Living,Custom Contribution,Contribution,2026-04-28,20:21:01,2026-04-28 20:21:01,27750.72,INR,27750.72,APK Aarav,3,PERCENTAGE,MAESTRO-APK-GROUP-CUSTOM_LIVING-1913 | Custom Contribution | 27750.72,Android,B39,RAMP_1501_2500,CREATED,idem-20260902-apk-1913
1914,MTR-APK-1914,Business,Business,Business Runway,Funding,Income,2026-07-08,08:30:10,2026-07-08 08:30:10,28088.11,INR,28088.11,APK Owner,,,MAESTRO-APK-BUSINESS-BUSINESS_RUNWAY-1914 | Funding | 28088.11,Android,B39,RAMP_1501_2500,CREATED,idem-20260902-apk-1914
1915,MTR-APK-1915,Personal,Personal,Lifestyle,Hobbies,Expense,2025-09-06,17:02:50,2025-09-06 17:02:50,2723.74,INR,-2723.74,APK Owner,,,MAESTRO-APK-PERSONAL-LIFESTYLE-1915 | Hobbies | 2723.74,Android,B39,RAMP_1501_2500,CREATED,idem-20260902-apk-1915
1916,MTR-APK-1916,Group,Shared Experience,Trip,Travel,Expense,2026-05-20,08:20:21,2026-05-20 08:20:21,23764.68,INR,-23764.68,APK Meera,3,EXACT,MAESTRO-APK-GROUP-TRIP-1916 | Travel | 23764.68,Android,B39,RAMP_1501_2500,CREATED,idem-20260902-apk-1916
1917,MTR-APK-1917,Business,Business,Business Runway,Revenue,Income,2026-07-23,09:13:12,2026-07-23 09:13:12,172686.31,INR,172686.31,APK Owner,,,MAESTRO-APK-BUSINESS-BUSINESS_RUNWAY-1917 | Revenue | 172686.31,Android,B39,RAMP_1501_2500,CREATED,idem-20260902-apk-1917
1918,MTR-APK-1918,Personal,Personal,Relationships,Gifts,Expense,2026-04-27,19:04:36,2026-04-27 19:04:36,3357.07,INR,-3357.07,APK Owner,,,MAESTRO-APK-PERSONAL-RELATIONSHIPS-1918 | Gifts | 3357.07,Android,B39,RAMP_1501_2500,CREATED,idem-20260902-apk-1918
1919,MTR-APK-1919,Group,Shared Experience,Trip,Stay,Expense,2025-09-23,20:26:10,2025-09-23 20:26:10,24974.73,INR,-24974.73,APK Owner,3,SHARES,MAESTRO-APK-GROUP-TRIP-1919 | Stay | 24974.73,Android,B39,RAMP_1501_2500,CREATED,idem-20260902-apk-1919
1920,MTR-APK-1920,Business,Business,Business Runway,Burn,Expense,2026-03-19,00:35:09,2026-03-19 00:35:09,118450.66,INR,-118450.66,APK Owner,,,MAESTRO-APK-BUSINESS-BUSINESS_RUNWAY-1920 | Burn | 118450.66,Android,B39,RAMP_1501_2500,CREATED,idem-20260902-apk-1920
1921,MTR-APK-1921,Personal,Personal,Relationships,Dates,Expense,2025-09-23,19:54:02,2025-09-23 19:54:02,16967.57,INR,-16967.57,APK Owner,,,MAESTRO-APK-PERSONAL-RELATIONSHIPS-1921 | Dates | 16967.57,Android,B39,RAMP_1501_2500,CREATED,idem-20260902-apk-1921
1922,MTR-APK-1922,Group,Shared Experience,Trip,Food,Expense,2025-12-15,09:38:46,2025-12-15 09:38:46,4982.13,INR,-4982.13,APK Aarav,3,EQUAL,MAESTRO-APK-GROUP-TRIP-1922 | Food | 4982.13,Android,B39,RAMP_1501_2500,CREATED,idem-20260902-apk-1922
1923,MTR-APK-1923,Business,Business,Business Runway,Reserve,Transfer,2026-07-05,19:57:51,2026-07-05 19:57:51,20878.34,INR,0.0,APK Owner,,,MAESTRO-APK-BUSINESS-BUSINESS_RUNWAY-1923 | Reserve | 20878.34,Android,B39,RAMP_1501_2500,CREATED,idem-20260902-apk-1923
1924,MTR-APK-1924,Personal,Personal,Relationships,Family,Expense,2026-06-14,06:15:34,2026-06-14 06:15:34,999.99,INR,-999.99,APK Owner,,,MAESTRO-APK-PERSONAL-RELATIONSHIPS-1924 | Family | 999.99,Android,B39,RAMP_1501_2500,CREATED,idem-20260902-apk-1924
1925,MTR-APK-1925,Group,Shared Experience,Trip,Local Transport,Expense,2025-12-06,04:42:25,2025-12-06 04:42:25,27258.87,INR,-27258.87,APK Meera,3,PERCENTAGE,MAESTRO-APK-GROUP-TRIP-1925 | Local Transport | 27258.87,Android,B39,RAMP_1501_2500,CREATED,idem-20260902-apk-1925
1926,MTR-APK-1926,Business,Business,Business Runway,Loan,Income,2026-03-24,07:02:51,2026-03-24 07:02:51,8901.55,INR,8901.55,APK Owner,,,MAESTRO-APK-BUSINESS-BUSINESS_RUNWAY-1926 | Loan | 8901.55,Android,B39,RAMP_1501_2500,CREATED,idem-20260902-apk-1926
1927,MTR-APK-1927,Personal,Personal,Relationships,Friends,Expense,2026-01-03,19:05:52,2026-01-03 19:05:52,14269.93,INR,-14269.93,APK Owner,,,MAESTRO-APK-PERSONAL-RELATIONSHIPS-1927 | Friends | 14269.93,Android,B39,RAMP_1501_2500,CREATED,idem-20260902-apk-1927
1928,MTR-APK-1928,Group,Shared Experience,Trip,Activities,Expense,2026-03-10,10:44:55,2026-03-10 10:44:55,6286.35,INR,-6286.35,APK Owner,3,EXACT,MAESTRO-APK-GROUP-TRIP-1928 | Activities | 6286.35,Android,B39,RAMP_1501_2500,CREATED,idem-20260902-apk-1928
1929,MTR-APK-1929,Business,Business,Business Runway,Investment,Income,2026-08-16,01:00:56,2026-08-16 01:00:56,102285.95,INR,102285.95,APK Owner,,,MAESTRO-APK-BUSINESS-BUSINESS_RUNWAY-1929 | Investment | 102285.95,Android,B39,RAMP_1501_2500,CREATED,idem-20260902-apk-1929
1930,MTR-APK-1930,Personal,Personal,Relationships,Celebrations,Expense,2026-03-25,05:45:12,2026-03-25 05:45:12,1116.98,INR,-1116.98,APK Owner,,,MAESTRO-APK-PERSONAL-RELATIONSHIPS-1930 | Celebrations | 1116.98,Android,B39,RAMP_1501_2500,CREATED,idem-20260902-apk-1930
1931,MTR-APK-1931,Group,Shared Experience,Trip,Shopping,Expense,2026-02-14,20:38:52,2026-02-14 20:38:52,27115.12,INR,-27115.12,APK Aarav,3,SHARES,MAESTRO-APK-GROUP-TRIP-1931 | Shopping | 27115.12,Android,B39,RAMP_1501_2500,CREATED,idem-20260902-apk-1931
1932,MTR-APK-1932,Business,Business,Business Operations,Software,Expense,2026-06-13,12:25:35,2026-06-13 12:25:35,130715.79,INR,-130715.79,APK Owner,,,MAESTRO-APK-BUSINESS-BUSINESS_OPERATIONS-1932 | Software | 130715.79,Android,B39,RAMP_1501_2500,CREATED,idem-20260902-apk-1932
1933,MTR-APK-1933,Personal,Personal,Life Operations,Groceries,Expense,2026-06-09,17:56:07,2026-06-09 17:56:07,9198.78,INR,-9198.78,APK Owner,,,MAESTRO-APK-PERSONAL-LIFE_OPERATIONS-1933 | Groceries | 9198.78,Android,B39,RAMP_1501_2500,CREATED,idem-20260902-apk-1933
1934,MTR-APK-1934,Group,Shared Experience,Trip,Other,Expense,2026-02-27,22:42:56,2026-02-27 22:42:56,29647.44,INR,-29647.44,APK Meera,3,EQUAL,MAESTRO-APK-GROUP-TRIP-1934 | Other | 29647.44,Android,B39,RAMP_1501_2500,CREATED,idem-20260902-apk-1934
1935,MTR-APK-1935,Business,Business,Business Operations,Rent,Expense,2026-04-21,13:46:00,2026-04-21 13:46:00,36072.34,INR,-36072.34,APK Owner,,,MAESTRO-APK-BUSINESS-BUSINESS_OPERATIONS-1935 | Rent | 36072.34,Android,B39,RAMP_1501_2500,CREATED,idem-20260902-apk-1935
1936,MTR-APK-1936,Personal,Personal,Life Operations,Rent,Expense,2026-03-12,20:32:40,2026-03-12 20:32:40,6066.47,INR,-6066.47,APK Owner,,,MAESTRO-APK-PERSONAL-LIFE_OPERATIONS-1936 | Rent | 6066.47,Android,B39,RAMP_1501_2500,CREATED,idem-20260902-apk-1936
1937,MTR-APK-1937,Group,Shared Experience,Wedding,Venue,Expense,2026-08-28,10:30:12,2026-08-28 10:30:12,2350.26,INR,-2350.26,APK Owner,3,PERCENTAGE,MAESTRO-APK-GROUP-WEDDING-1937 | Venue | 2350.26,Android,B39,RAMP_1501_2500,CREATED,idem-20260902-apk-1937
1938,MTR-APK-1938,Business,Business,Business Operations,Marketing,Expense,2026-05-10,15:43:00,2026-05-10 15:43:00,82662.85,INR,-82662.85,APK Owner,,,MAESTRO-APK-BUSINESS-BUSINESS_OPERATIONS-1938 | Marketing | 82662.85,Android,B39,RAMP_1501_2500,CREATED,idem-20260902-apk-1938
1939,MTR-APK-1939,Personal,Personal,Life Operations,Bills,Expense,2026-03-29,14:42:31,2026-03-29 14:42:31,11815.88,INR,-11815.88,APK Owner,,,MAESTRO-APK-PERSONAL-LIFE_OPERATIONS-1939 | Bills | 11815.88,Android,B39,RAMP_1501_2500,CREATED,idem-20260902-apk-1939
1940,MTR-APK-1940,Group,Shared Experience,Wedding,Catering,Expense,2025-10-12,23:17:33,2025-10-12 23:17:33,2158.08,INR,-2158.08,APK Aarav,3,EXACT,MAESTRO-APK-GROUP-WEDDING-1940 | Catering | 2158.08,Android,B39,RAMP_1501_2500,CREATED,idem-20260902-apk-1940
1941,MTR-APK-1941,Business,Business,Business Operations,Legal,Expense,2026-07-21,20:10:11,2026-07-21 20:10:11,31040.27,INR,-31040.27,APK Owner,,,MAESTRO-APK-BUSINESS-BUSINESS_OPERATIONS-1941 | Legal | 31040.27,Android,B39,RAMP_1501_2500,CREATED,idem-20260902-apk-1941
1942,MTR-APK-1942,Personal,Personal,Life Operations,Transport,Expense,2026-08-03,10:35:24,2026-08-03 10:35:24,10438.93,INR,-10438.93,APK Owner,,,MAESTRO-APK-PERSONAL-LIFE_OPERATIONS-1942 | Transport | 10438.93,Android,B39,RAMP_1501_2500,CREATED,idem-20260902-apk-1942
1943,MTR-APK-1943,Group,Shared Experience,Wedding,Decor,Expense,2026-07-09,17:28:41,2026-07-09 17:28:41,5848.6,INR,-5848.6,APK Meera,3,SHARES,MAESTRO-APK-GROUP-WEDDING-1943 | Decor | 5848.60,Android,B39,RAMP_1501_2500,CREATED,idem-20260902-apk-1943
1944,MTR-APK-1944,Business,Business,Business Operations,Accounting,Expense,2025-09-01,17:01:20,2025-09-01 17:01:20,81174.45,INR,-81174.45,APK Owner,,,MAESTRO-APK-BUSINESS-BUSINESS_OPERATIONS-1944 | Accounting | 81174.45,Android,B39,RAMP_1501_2500,CREATED,idem-20260902-apk-1944
1945,MTR-APK-1945,Personal,Personal,Life Operations,Healthcare,Expense,2026-08-07,12:22:37,2026-08-07 12:22:37,8255.25,INR,-8255.25,APK Owner,,,MAESTRO-APK-PERSONAL-LIFE_OPERATIONS-1945 | Healthcare | 8255.25,Android,B39,RAMP_1501_2500,CREATED,idem-20260902-apk-1945
1946,MTR-APK-1946,Group,Shared Experience,Wedding,Travel,Expense,2026-08-19,07:33:44,2026-08-19 07:33:44,28812.89,INR,-28812.89,APK Owner,3,EQUAL,MAESTRO-APK-GROUP-WEDDING-1946 | Travel | 28812.89,Android,B39,RAMP_1501_2500,CREATED,idem-20260902-apk-1946
1947,MTR-APK-1947,Business,Business,Business Operations,Equipment,Expense,2025-12-20,06:10:10,2025-12-20 06:10:10,44969.17,INR,-44969.17,APK Owner,,,MAESTRO-APK-BUSINESS-BUSINESS_OPERATIONS-1947 | Equipment | 44969.17,Android,B39,RAMP_1501_2500,CREATED,idem-20260902-apk-1947
1948,MTR-APK-1948,Personal,Personal,Life Operations,Subscriptions,Expense,2026-01-22,04:29:34,2026-01-22 04:29:34,6656.24,INR,-6656.24,APK Owner,,,MAESTRO-APK-PERSONAL-LIFE_OPERATIONS-1948 | Subscriptions | 6656.24,Android,B39,RAMP_1501_2500,CREATED,idem-20260902-apk-1948
1949,MTR-APK-1949,Group,Shared Experience,Wedding,Gifts,Expense,2026-02-06,01:40:24,2026-02-06 01:40:24,9844.41,INR,-9844.41,APK Aarav,3,PERCENTAGE,MAESTRO-APK-GROUP-WEDDING-1949 | Gifts | 9844.41,Android,B39,RAMP_1501_2500,CREATED,idem-20260902-apk-1949
1950,MTR-APK-1950,Business,Business,Business Operations,Vendor,Expense,2025-09-11,08:42:09,2025-09-11 08:42:09,125770.7,INR,-125770.7,APK Owner,,,MAESTRO-APK-BUSINESS-BUSINESS_OPERATIONS-1950 | Vendor | 125770.70,Android,B39,RAMP_1501_2500,CREATED,idem-20260902-apk-1950
1951,MTR-APK-1951,Personal,Personal,Life Operations,Repairs,Expense,2025-11-12,10:53:44,2025-11-12 10:53:44,15400.47,INR,-15400.47,APK Owner,,,MAESTRO-APK-PERSONAL-LIFE_OPERATIONS-1951 | Repairs | 15400.47,Android,B40,RAMP_1501_2500,CREATED,idem-20260902-apk-1951
1952,MTR-APK-1952,Group,Shared Experience,Wedding,Photography,Expense,2025-12-25,06:35:05,2025-12-25 06:35:05,3139.53,INR,-3139.53,APK Meera,3,EXACT,MAESTRO-APK-GROUP-WEDDING-1952 | Photography | 3139.53,Android,B40,RAMP_1501_2500,CREATED,idem-20260902-apk-1952
1953,MTR-APK-1953,Business,Business,Business Operations,Tax,Expense,2026-06-06,16:12:58,2026-06-06 16:12:58,1217.49,INR,-1217.49,APK Owner,,,MAESTRO-APK-BUSINESS-BUSINESS_OPERATIONS-1953 | Tax | 1217.49,Android,B40,RAMP_1501_2500,CREATED,idem-20260902-apk-1953
1954,MTR-APK-1954,Personal,Personal,Future Building,Savings,Transfer,2026-08-26,18:30:53,2026-08-26 18:30:53,2498.66,INR,0.0,APK Owner,,,MAESTRO-APK-PERSONAL-FUTURE_BUILDING-1954 | Savings | 2498.66,Android,B40,RAMP_1501_2500,CREATED,idem-20260902-apk-1954
1955,MTR-APK-1955,Group,Shared Experience,Wedding,Other,Expense,2026-01-30,19:37:45,2026-01-30 19:37:45,19845.41,INR,-19845.41,APK Owner,3,SHARES,MAESTRO-APK-GROUP-WEDDING-1955 | Other | 19845.41,Android,B40,RAMP_1501_2500,CREATED,idem-20260902-apk-1955
1956,MTR-APK-1956,Business,Business,Team Operations,Payroll,Expense,2025-10-28,22:06:54,2025-10-28 22:06:54,48560.97,INR,-48560.97,APK Owner,,,MAESTRO-APK-BUSINESS-TEAM_OPERATIONS-1956 | Payroll | 48560.97,Android,B40,RAMP_1501_2500,CREATED,idem-20260902-apk-1956
1957,MTR-APK-1957,Personal,Personal,Future Building,Emergency Fund,Transfer,2026-05-23,07:29:32,2026-05-23 07:29:32,12506.02,INR,0.0,APK Owner,,,MAESTRO-APK-PERSONAL-FUTURE_BUILDING-1957 | Emergency Fund | 12506.02,Android,B40,RAMP_1501_2500,CREATED,idem-20260902-apk-1957
1958,MTR-APK-1958,Group,Shared Experience,Office Outing,Food,Expense,2026-01-23,18:16:01,2026-01-23 18:16:01,11924.0,INR,-11924.0,APK Aarav,3,EQUAL,MAESTRO-APK-GROUP-OFFICE_OUTING-1958 | Food | 11924.00,Android,B40,RAMP_1501_2500,CREATED,idem-20260902-apk-1958
1959,MTR-APK-1959,Business,Business,Team Operations,Contractor,Expense,2026-01-26,16:22:11,2026-01-26 16:22:11,158751.6,INR,-158751.6,APK Owner,,,MAESTRO-APK-BUSINESS-TEAM_OPERATIONS-1959 | Contractor | 158751.60,Android,B40,RAMP_1501_2500,CREATED,idem-20260902-apk-1959
1960,MTR-APK-1960,Personal,Personal,Future Building,Investments,Investment,2025-11-15,07:55:48,2025-11-15 07:55:48,12112.77,INR,0.0,APK Owner,,,MAESTRO-APK-PERSONAL-FUTURE_BUILDING-1960 | Investments | 12112.77,Android,B40,RAMP_1501_2500,CREATED,idem-20260902-apk-1960
1961,MTR-APK-1961,Group,Shared Experience,Office Outing,Travel,Expense,2026-02-16,06:51:52,2026-02-16 06:51:52,10000.0,INR,-10000.0,APK Meera,3,PERCENTAGE,MAESTRO-APK-GROUP-OFFICE_OUTING-1961 | Travel | 10000.00,Android,B40,RAMP_1501_2500,CREATED,idem-20260902-apk-1961
1962,MTR-APK-1962,Business,Business,Team Operations,Hiring,Expense,2026-02-28,02:04:20,2026-02-28 02:04:20,25650.17,INR,-25650.17,APK Owner,,,MAESTRO-APK-BUSINESS-TEAM_OPERATIONS-1962 | Hiring | 25650.17,Android,B40,RAMP_1501_2500,CREATED,idem-20260902-apk-1962
1963,MTR-APK-1963,Personal,Personal,Future Building,Education,Expense,2026-02-26,19:23:12,2026-02-26 19:23:12,14106.58,INR,-14106.58,APK Owner,,,MAESTRO-APK-PERSONAL-FUTURE_BUILDING-1963 | Education | 14106.58,Android,B40,RAMP_1501_2500,CREATED,idem-20260902-apk-1963
1964,MTR-APK-1964,Group,Shared Experience,Office Outing,Activities,Expense,2026-05-23,21:56:12,2026-05-23 21:56:12,28814.32,INR,-28814.32,APK Owner,3,EXACT,MAESTRO-APK-GROUP-OFFICE_OUTING-1964 | Activities | 28814.32,Android,B40,RAMP_1501_2500,CREATED,idem-20260902-apk-1964
1965,MTR-APK-1965,Business,Business,Team Operations,Team Meal,Expense,2025-09-01,04:06:38,2025-09-01 04:06:38,152959.24,INR,-152959.24,APK Owner,,,MAESTRO-APK-BUSINESS-TEAM_OPERATIONS-1965 | Team Meal | 152959.24,Android,B40,RAMP_1501_2500,CREATED,idem-20260902-apk-1965
1966,MTR-APK-1966,Personal,Personal,Future Building,Goal Contribution,Transfer,2026-03-03,17:07:18,2026-03-03 17:07:18,11723.41,INR,0.0,APK Owner,,,MAESTRO-APK-PERSONAL-FUTURE_BUILDING-1966 | Goal Contribution | 11723.41,Android,B40,RAMP_1501_2500,CREATED,idem-20260902-apk-1966
1967,MTR-APK-1967,Group,Shared Experience,Office Outing,Venue,Expense,2026-05-09,14:38:33,2026-05-09 14:38:33,15220.49,INR,-15220.49,APK Aarav,3,SHARES,MAESTRO-APK-GROUP-OFFICE_OUTING-1967 | Venue | 15220.49,Android,B40,RAMP_1501_2500,CREATED,idem-20260902-apk-1967
1968,MTR-APK-1968,Business,Business,Team Operations,Travel,Expense,2026-02-15,06:27:25,2026-02-15 06:27:25,126008.85,INR,-126008.85,APK Owner,,,MAESTRO-APK-BUSINESS-TEAM_OPERATIONS-1968 | Travel | 126008.85,Android,B40,RAMP_1501_2500,CREATED,idem-20260902-apk-1968
1969,MTR-APK-1969,Personal,Personal,Lifestyle,Dining,Expense,2025-10-01,21:42:15,2025-10-01 21:42:15,18098.78,INR,-18098.78,APK Owner,,,MAESTRO-APK-PERSONAL-LIFESTYLE-1969 | Dining | 18098.78,Android,B40,RAMP_1501_2500,CREATED,idem-20260902-apk-1969
1970,MTR-APK-1970,Group,Shared Experience,Office Outing,Other,Expense,2026-03-16,14:53:24,2026-03-16 14:53:24,16957.51,INR,-16957.51,APK Meera,3,EQUAL,MAESTRO-APK-GROUP-OFFICE_OUTING-1970 | Other | 16957.51,Android,B40,RAMP_1501_2500,CREATED,idem-20260902-apk-1970
1971,MTR-APK-1971,Business,Business,Team Operations,Training,Expense,2025-11-06,22:52:56,2025-11-06 22:52:56,40318.76,INR,-40318.76,APK Owner,,,MAESTRO-APK-BUSINESS-TEAM_OPERATIONS-1971 | Training | 40318.76,Android,B40,RAMP_1501_2500,CREATED,idem-20260902-apk-1971
1972,MTR-APK-1972,Personal,Personal,Lifestyle,Shopping,Expense,2026-03-06,17:43:21,2026-03-06 17:43:21,4211.06,INR,-4211.06,APK Owner,,,MAESTRO-APK-PERSONAL-LIFESTYLE-1972 | Shopping | 4211.06,Android,B40,RAMP_1501_2500,CREATED,idem-20260902-apk-1972
1973,MTR-APK-1973,Group,Shared Experience,House Party,Food,Expense,2026-06-02,14:59:37,2026-06-02 14:59:37,19974.16,INR,-19974.16,APK Owner,3,PERCENTAGE,MAESTRO-APK-GROUP-HOUSE_PARTY-1973 | Food | 19974.16,Android,B40,RAMP_1501_2500,CREATED,idem-20260902-apk-1973
1974,MTR-APK-1974,Business,Business,Team Operations,Tools,Expense,2026-07-15,04:10:41,2026-07-15 04:10:41,119415.89,INR,-119415.89,APK Owner,,,MAESTRO-APK-BUSINESS-TEAM_OPERATIONS-1974 | Tools | 119415.89,Android,B40,RAMP_1501_2500,CREATED,idem-20260902-apk-1974
1975,MTR-APK-1975,Personal,Personal,Lifestyle,Entertainment,Expense,2026-03-15,21:31:43,2026-03-15 21:31:43,8666.06,INR,-8666.06,APK Owner,,,MAESTRO-APK-PERSONAL-LIFESTYLE-1975 | Entertainment | 8666.06,Android,B40,RAMP_1501_2500,CREATED,idem-20260902-apk-1975
1976,MTR-APK-1976,Group,Shared Experience,House Party,Drinks,Expense,2026-03-03,02:31:17,2026-03-03 02:31:17,27386.76,INR,-27386.76,APK Aarav,3,EXACT,MAESTRO-APK-GROUP-HOUSE_PARTY-1976 | Drinks | 27386.76,Android,B40,RAMP_1501_2500,CREATED,idem-20260902-apk-1976
1977,MTR-APK-1977,Business,Business,Business Runway,Funding,Income,2025-11-11,23:54:06,2025-11-11 23:54:06,91051.34,INR,91051.34,APK Owner,,,MAESTRO-APK-BUSINESS-BUSINESS_RUNWAY-1977 | Funding | 91051.34,Android,B40,RAMP_1501_2500,CREATED,idem-20260902-apk-1977
1978,MTR-APK-1978,Personal,Personal,Lifestyle,Travel,Expense,2026-07-14,08:00:27,2026-07-14 08:00:27,13230.9,INR,-13230.9,APK Owner,,,MAESTRO-APK-PERSONAL-LIFESTYLE-1978 | Travel | 13230.90,Android,B40,RAMP_1501_2500,CREATED,idem-20260902-apk-1978
1979,MTR-APK-1979,Group,Shared Experience,House Party,Decor,Expense,2026-06-05,18:46:29,2026-06-05 18:46:29,5873.19,INR,-5873.19,APK Meera,3,SHARES,MAESTRO-APK-GROUP-HOUSE_PARTY-1979 | Decor | 5873.19,Android,B40,RAMP_1501_2500,CREATED,idem-20260902-apk-1979
1980,MTR-APK-1980,Business,Business,Business Runway,Revenue,Income,2026-05-25,02:06:18,2026-05-25 02:06:18,175138.21,INR,175138.21,APK Owner,,,MAESTRO-APK-BUSINESS-BUSINESS_RUNWAY-1980 | Revenue | 175138.21,Android,B40,RAMP_1501_2500,CREATED,idem-20260902-apk-1980
1981,MTR-APK-1981,Personal,Personal,Lifestyle,Fitness,Expense,2026-01-09,19:42:12,2026-01-09 19:42:12,5109.19,INR,-5109.19,APK Owner,,,MAESTRO-APK-PERSONAL-LIFESTYLE-1981 | Fitness | 5109.19,Android,B40,RAMP_1501_2500,CREATED,idem-20260902-apk-1981
1982,MTR-APK-1982,Group,Shared Experience,House Party,Supplies,Expense,2026-06-28,08:21:31,2026-06-28 08:21:31,21982.94,INR,-21982.94,APK Owner,3,EQUAL,MAESTRO-APK-GROUP-HOUSE_PARTY-1982 | Supplies | 21982.94,Android,B40,RAMP_1501_2500,CREATED,idem-20260902-apk-1982
1983,MTR-APK-1983,Business,Business,Business Runway,Burn,Expense,2026-05-09,21:30:49,2026-05-09 21:30:49,15943.66,INR,-15943.66,APK Owner,,,MAESTRO-APK-BUSINESS-BUSINESS_RUNWAY-1983 | Burn | 15943.66,Android,B40,RAMP_1501_2500,CREATED,idem-20260902-apk-1983
1984,MTR-APK-1984,Personal,Personal,Lifestyle,Hobbies,Expense,2025-10-20,06:46:19,2025-10-20 06:46:19,4463.46,INR,-4463.46,APK Owner,,,MAESTRO-APK-PERSONAL-LIFESTYLE-1984 | Hobbies | 4463.46,Android,B40,RAMP_1501_2500,CREATED,idem-20260902-apk-1984
1985,MTR-APK-1985,Group,Shared Experience,House Party,Other,Expense,2025-09-18,13:49:27,2025-09-18 13:49:27,1785.97,INR,-1785.97,APK Aarav,3,PERCENTAGE,MAESTRO-APK-GROUP-HOUSE_PARTY-1985 | Other | 1785.97,Android,B40,RAMP_1501_2500,CREATED,idem-20260902-apk-1985
1986,MTR-APK-1986,Business,Business,Business Runway,Reserve,Transfer,2026-02-28,16:21:16,2026-02-28 16:21:16,99699.43,INR,0.0,APK Owner,,,MAESTRO-APK-BUSINESS-BUSINESS_RUNWAY-1986 | Reserve | 99699.43,Android,B40,RAMP_1501_2500,CREATED,idem-20260902-apk-1986
1987,MTR-APK-1987,Personal,Personal,Relationships,Gifts,Expense,2026-07-14,06:58:00,2026-07-14 06:58:00,18280.37,INR,-18280.37,APK Owner,,,MAESTRO-APK-PERSONAL-RELATIONSHIPS-1987 | Gifts | 18280.37,Android,B40,RAMP_1501_2500,CREATED,idem-20260902-apk-1987
1988,MTR-APK-1988,Group,Shared Purchase,Gift Pool,Contribution,Contribution,2025-09-29,17:30:01,2025-09-29 17:30:01,18781.84,INR,18781.84,APK Meera,3,EXACT,MAESTRO-APK-GROUP-GIFT_POOL-1988 | Contribution | 18781.84,Android,B40,RAMP_1501_2500,CREATED,idem-20260902-apk-1988
1989,MTR-APK-1989,Business,Business,Business Runway,Loan,Income,2025-10-12,03:40:28,2025-10-12 03:40:28,142986.36,INR,142986.36,APK Owner,,,MAESTRO-APK-BUSINESS-BUSINESS_RUNWAY-1989 | Loan | 142986.36,Android,B40,RAMP_1501_2500,CREATED,idem-20260902-apk-1989
1990,MTR-APK-1990,Personal,Personal,Relationships,Dates,Expense,2026-04-26,12:53:14,2026-04-26 12:53:14,5338.38,INR,-5338.38,APK Owner,,,MAESTRO-APK-PERSONAL-RELATIONSHIPS-1990 | Dates | 5338.38,Android,B40,RAMP_1501_2500,CREATED,idem-20260902-apk-1990
1991,MTR-APK-1991,Group,Shared Purchase,Gift Pool,Gift Purchase,Expense,2026-06-19,12:26:30,2026-06-19 12:26:30,23918.58,INR,-23918.58,APK Owner,3,SHARES,MAESTRO-APK-GROUP-GIFT_POOL-1991 | Gift Purchase | 23918.58,Android,B40,RAMP_1501_2500,CREATED,idem-20260902-apk-1991
1992,MTR-APK-1992,Business,Business,Business Runway,Investment,Income,2026-07-04,02:22:32,2026-07-04 02:22:32,70112.37,INR,70112.37,APK Owner,,,MAESTRO-APK-BUSINESS-BUSINESS_RUNWAY-1992 | Investment | 70112.37,Android,B40,RAMP_1501_2500,CREATED,idem-20260902-apk-1992
1993,MTR-APK-1993,Personal,Personal,Relationships,Family,Expense,2026-05-31,12:19:44,2026-05-31 12:19:44,13047.34,INR,-13047.34,APK Owner,,,MAESTRO-APK-PERSONAL-RELATIONSHIPS-1993 | Family | 13047.34,Android,B40,RAMP_1501_2500,CREATED,idem-20260902-apk-1993
1994,MTR-APK-1994,Group,Shared Purchase,Gift Pool,Delivery,Expense,2026-07-19,19:10:44,2026-07-19 19:10:44,14242.23,INR,-14242.23,APK Aarav,3,EQUAL,MAESTRO-APK-GROUP-GIFT_POOL-1994 | Delivery | 14242.23,Android,B40,RAMP_1501_2500,CREATED,idem-20260902-apk-1994
1995,MTR-APK-1995,Business,Business,Business Operations,Software,Expense,2025-10-26,16:14:11,2025-10-26 16:14:11,124381.13,INR,-124381.13,APK Owner,,,MAESTRO-APK-BUSINESS-BUSINESS_OPERATIONS-1995 | Software | 124381.13,Android,B40,RAMP_1501_2500,CREATED,idem-20260902-apk-1995
1996,MTR-APK-1996,Personal,Personal,Relationships,Friends,Expense,2026-02-19,05:25:09,2026-02-19 05:25:09,12648.49,INR,-12648.49,APK Owner,,,MAESTRO-APK-PERSONAL-RELATIONSHIPS-1996 | Friends | 12648.49,Android,B40,RAMP_1501_2500,CREATED,idem-20260902-apk-1996
1997,MTR-APK-1997,Group,Shared Purchase,Gift Pool,Other,Expense,2026-02-14,08:39:45,2026-02-14 08:39:45,17055.45,INR,-17055.45,APK Meera,3,PERCENTAGE,MAESTRO-APK-GROUP-GIFT_POOL-1997 | Other | 17055.45,Android,B40,RAMP_1501_2500,CREATED,idem-20260902-apk-1997
1998,MTR-APK-1998,Business,Business,Business Operations,Rent,Expense,2026-08-12,08:02:09,2026-08-12 08:02:09,0.01,INR,-0.01,APK Owner,,,MAESTRO-APK-BUSINESS-BUSINESS_OPERATIONS-1998 | Rent | 0.01,Android,B40,RAMP_1501_2500,CREATED,idem-20260902-apk-1998
1999,MTR-APK-1999,Personal,Personal,Relationships,Celebrations,Expense,2025-09-09,03:31:45,2025-09-09 03:31:45,5760.85,INR,-5760.85,APK Owner,,,MAESTRO-APK-PERSONAL-RELATIONSHIPS-1999 | Celebrations | 5760.85,Android,B40,RAMP_1501_2500,CREATED,idem-20260902-apk-1999
2000,MTR-APK-2000,Group,Shared Purchase,Purchase,Item,Expense,2026-04-19,01:27:01,2026-04-19 01:27:01,14693.4,INR,-14693.4,APK Owner,3,EXACT,MAESTRO-APK-GROUP-PURCHASE-2000 | Item | 14693.40,Android,B40,RAMP_1501_2500,CREATED,idem-20260902-apk-2000
2001,MTR-APK-2001,Business,Business,Business Operations,Marketing,Expense,2026-02-23,08:29:36,2026-02-23 08:29:36,82257.91,INR,-82257.91,APK Owner,,,MAESTRO-APK-BUSINESS-BUSINESS_OPERATIONS-2001 | Marketing | 82257.91,Android,B41,RAMP_1501_2500,CREATED,idem-20260902-apk-2001
2002,MTR-APK-2002,Personal,Personal,Life Operations,Groceries,Expense,2026-05-26,18:35:17,2026-05-26 18:35:17,16567.92,INR,-16567.92,APK Owner,,,MAESTRO-APK-PERSONAL-LIFE_OPERATIONS-2002 | Groceries | 16567.92,Android,B41,RAMP_1501_2500,CREATED,idem-20260902-apk-2002
2003,MTR-APK-2003,Group,Shared Purchase,Purchase,Shipping,Expense,2025-12-05,04:18:13,2025-12-05 04:18:13,6932.26,INR,-6932.26,APK Aarav,3,SHARES,MAESTRO-APK-GROUP-PURCHASE-2003 | Shipping | 6932.26,Android,B41,RAMP_1501_2500,CREATED,idem-20260902-apk-2003
2004,MTR-APK-2004,Business,Business,Business Operations,Legal,Expense,2025-11-19,22:05:56,2025-11-19 22:05:56,158535.76,INR,-158535.76,APK Owner,,,MAESTRO-APK-BUSINESS-BUSINESS_OPERATIONS-2004 | Legal | 158535.76,Android,B41,RAMP_1501_2500,CREATED,idem-20260902-apk-2004
2005,MTR-APK-2005,Personal,Personal,Life Operations,Rent,Expense,2026-06-09,19:53:26,2026-06-09 19:53:26,10639.13,INR,-10639.13,APK Owner,,,MAESTRO-APK-PERSONAL-LIFE_OPERATIONS-2005 | Rent | 10639.13,Android,B41,RAMP_1501_2500,CREATED,idem-20260902-apk-2005
2006,MTR-APK-2006,Group,Shared Purchase,Purchase,Tax,Expense,2026-03-03,09:39:11,2026-03-03 09:39:11,10766.07,INR,-10766.07,APK Meera,3,EQUAL,MAESTRO-APK-GROUP-PURCHASE-2006 | Tax | 10766.07,Android,B41,RAMP_1501_2500,CREATED,idem-20260902-apk-2006
2007,MTR-APK-2007,Business,Business,Business Operations,Accounting,Expense,2026-07-21,19:00:59,2026-07-21 19:00:59,15223.01,INR,-15223.01,APK Owner,,,MAESTRO-APK-BUSINESS-BUSINESS_OPERATIONS-2007 | Accounting | 15223.01,Android,B41,RAMP_1501_2500,CREATED,idem-20260902-apk-2007
2008,MTR-APK-2008,Personal,Personal,Life Operations,Bills,Expense,2026-04-06,18:09:36,2026-04-06 18:09:36,18875.54,INR,-18875.54,APK Owner,,,MAESTRO-APK-PERSONAL-LIFE_OPERATIONS-2008 | Bills | 18875.54,Android,B41,RAMP_1501_2500,CREATED,idem-20260902-apk-2008
2009,MTR-APK-2009,Group,Shared Purchase,Purchase,Other,Expense,2025-10-01,05:49:05,2025-10-01 05:49:05,14952.56,INR,-14952.56,APK Owner,3,PERCENTAGE,MAESTRO-APK-GROUP-PURCHASE-2009 | Other | 14952.56,Android,B41,RAMP_1501_2500,CREATED,idem-20260902-apk-2009
2010,MTR-APK-2010,Business,Business,Business Operations,Equipment,Expense,2026-07-15,16:20:31,2026-07-15 16:20:31,145799.33,INR,-145799.33,APK Owner,,,MAESTRO-APK-BUSINESS-BUSINESS_OPERATIONS-2010 | Equipment | 145799.33,Android,B41,RAMP_1501_2500,CREATED,idem-20260902-apk-2010
2011,MTR-APK-2011,Personal,Personal,Life Operations,Transport,Expense,2026-01-16,04:27:37,2026-01-16 04:27:37,4482.56,INR,-4482.56,APK Owner,,,MAESTRO-APK-PERSONAL-LIFE_OPERATIONS-2011 | Transport | 4482.56,Android,B41,RAMP_1501_2500,CREATED,idem-20260902-apk-2011
2012,MTR-APK-2012,Group,Shared Purchase,Assets,Purchase,Expense,2026-07-25,11:03:54,2026-07-25 11:03:54,3317.48,INR,-3317.48,APK Aarav,3,EXACT,MAESTRO-APK-GROUP-ASSETS-2012 | Purchase | 3317.48,Android,B41,RAMP_1501_2500,CREATED,idem-20260902-apk-2012
2013,MTR-APK-2013,Business,Business,Business Operations,Vendor,Expense,2025-09-04,06:51:37,2025-09-04 06:51:37,67385.9,INR,-67385.9,APK Owner,,,MAESTRO-APK-BUSINESS-BUSINESS_OPERATIONS-2013 | Vendor | 67385.90,Android,B41,RAMP_1501_2500,CREATED,idem-20260902-apk-2013
2014,MTR-APK-2014,Personal,Personal,Life Operations,Healthcare,Expense,2026-01-09,21:42:06,2026-01-09 21:42:06,4734.46,INR,-4734.46,APK Owner,,,MAESTRO-APK-PERSONAL-LIFE_OPERATIONS-2014 | Healthcare | 4734.46,Android,B41,RAMP_1501_2500,CREATED,idem-20260902-apk-2014
2015,MTR-APK-2015,Group,Shared Purchase,Assets,Maintenance,Expense,2026-06-21,22:40:38,2026-06-21 22:40:38,23797.53,INR,-23797.53,APK Meera,3,SHARES,MAESTRO-APK-GROUP-ASSETS-2015 | Maintenance | 23797.53,Android,B41,RAMP_1501_2500,CREATED,idem-20260902-apk-2015
2016,MTR-APK-2016,Business,Business,Business Operations,Tax,Expense,2026-06-28,00:30:39,2026-06-28 00:30:39,30527.41,INR,-30527.41,APK Owner,,,MAESTRO-APK-BUSINESS-BUSINESS_OPERATIONS-2016 | Tax | 30527.41,Android,B41,RAMP_1501_2500,CREATED,idem-20260902-apk-2016
2017,MTR-APK-2017,Personal,Personal,Life Operations,Subscriptions,Expense,2025-11-20,08:33:03,2025-11-20 08:33:03,2322.41,INR,-2322.41,APK Owner,,,MAESTRO-APK-PERSONAL-LIFE_OPERATIONS-2017 | Subscriptions | 2322.41,Android,B41,RAMP_1501_2500,CREATED,idem-20260902-apk-2017
2018,MTR-APK-2018,Group,Shared Purchase,Assets,Repair,Expense,2025-11-26,01:01:45,2025-11-26 01:01:45,6158.99,INR,-6158.99,APK Owner,3,EQUAL,MAESTRO-APK-GROUP-ASSETS-2018 | Repair | 6158.99,Android,B41,RAMP_1501_2500,CREATED,idem-20260902-apk-2018
2019,MTR-APK-2019,Business,Business,Team Operations,Payroll,Expense,2026-08-26,11:47:48,2026-08-26 11:47:48,27479.47,INR,-27479.47,APK Owner,,,MAESTRO-APK-BUSINESS-TEAM_OPERATIONS-2019 | Payroll | 27479.47,Android,B41,RAMP_1501_2500,CREATED,idem-20260902-apk-2019
2020,MTR-APK-2020,Personal,Personal,Life Operations,Repairs,Expense,2026-01-19,11:17:17,2026-01-19 11:17:17,4548.55,INR,-4548.55,APK Owner,,,MAESTRO-APK-PERSONAL-LIFE_OPERATIONS-2020 | Repairs | 4548.55,Android,B41,RAMP_1501_2500,CREATED,idem-20260902-apk-2020
2021,MTR-APK-2021,Group,Shared Purchase,Assets,Insurance,Expense,2026-06-09,03:10:29,2026-06-09 03:10:29,10660.51,INR,-10660.51,APK Aarav,3,PERCENTAGE,MAESTRO-APK-GROUP-ASSETS-2021 | Insurance | 10660.51,Android,B41,RAMP_1501_2500,CREATED,idem-20260902-apk-2021
2022,MTR-APK-2022,Business,Business,Team Operations,Contractor,Expense,2025-09-01,06:20:56,2025-09-01 06:20:56,68699.64,INR,-68699.64,APK Owner,,,MAESTRO-APK-BUSINESS-TEAM_OPERATIONS-2022 | Contractor | 68699.64,Android,B41,RAMP_1501_2500,CREATED,idem-20260902-apk-2022
2023,MTR-APK-2023,Personal,Personal,Future Building,Savings,Transfer,2025-10-11,04:34:25,2025-10-11 04:34:25,16457.08,INR,0.0,APK Owner,,,MAESTRO-APK-PERSONAL-FUTURE_BUILDING-2023 | Savings | 16457.08,Android,B41,RAMP_1501_2500,CREATED,idem-20260902-apk-2023
2024,MTR-APK-2024,Group,Shared Purchase,Assets,Other,Expense,2026-07-09,18:14:44,2026-07-09 18:14:44,21554.44,INR,-21554.44,APK Meera,3,EXACT,MAESTRO-APK-GROUP-ASSETS-2024 | Other | 21554.44,Android,B41,RAMP_1501_2500,CREATED,idem-20260902-apk-2024
2025,MTR-APK-2025,Business,Business,Team Operations,Hiring,Expense,2026-05-29,04:16:17,2026-05-29 04:16:17,21202.83,INR,-21202.83,APK Owner,,,MAESTRO-APK-BUSINESS-TEAM_OPERATIONS-2025 | Hiring | 21202.83,Android,B41,RAMP_1501_2500,CREATED,idem-20260902-apk-2025
2026,MTR-APK-2026,Personal,Personal,Future Building,Emergency Fund,Transfer,2026-07-17,02:18:21,2026-07-17 02:18:21,17023.68,INR,0.0,APK Owner,,,MAESTRO-APK-PERSONAL-FUTURE_BUILDING-2026 | Emergency Fund | 17023.68,Android,B41,RAMP_1501_2500,CREATED,idem-20260902-apk-2026
2027,MTR-APK-2027,Group,Shared Purchase,Custom Purchase,Custom Expense,Expense,2026-03-01,03:18:23,2026-03-01 03:18:23,25120.97,INR,-25120.97,APK Owner,3,SHARES,MAESTRO-APK-GROUP-CUSTOM_PURCHASE-2027 | Custom Expense | 25120.97,Android,B41,RAMP_1501_2500,CREATED,idem-20260902-apk-2027
2028,MTR-APK-2028,Business,Business,Team Operations,Team Meal,Expense,2026-07-11,21:47:53,2026-07-11 21:47:53,73336.4,INR,-73336.4,APK Owner,,,MAESTRO-APK-BUSINESS-TEAM_OPERATIONS-2028 | Team Meal | 73336.40,Android,B41,RAMP_1501_2500,CREATED,idem-20260902-apk-2028
2029,MTR-APK-2029,Personal,Personal,Future Building,Investments,Investment,2026-03-05,16:08:38,2026-03-05 16:08:38,13948.31,INR,0.0,APK Owner,,,MAESTRO-APK-PERSONAL-FUTURE_BUILDING-2029 | Investments | 13948.31,Android,B41,RAMP_1501_2500,CREATED,idem-20260902-apk-2029
2030,MTR-APK-2030,Group,Shared Purchase,Custom Purchase,Custom Contribution,Contribution,2025-10-04,09:06:38,2025-10-04 09:06:38,15752.62,INR,15752.62,APK Aarav,3,EQUAL,MAESTRO-APK-GROUP-CUSTOM_PURCHASE-2030 | Custom Contribution | 15752.62,Android,B41,RAMP_1501_2500,CREATED,idem-20260902-apk-2030
2031,MTR-APK-2031,Business,Business,Team Operations,Travel,Expense,2025-11-22,13:32:58,2025-11-22 13:32:58,48864.07,INR,-48864.07,APK Owner,,,MAESTRO-APK-BUSINESS-TEAM_OPERATIONS-2031 | Travel | 48864.07,Android,B41,RAMP_1501_2500,CREATED,idem-20260902-apk-2031
2032,MTR-APK-2032,Personal,Personal,Future Building,Education,Expense,2026-05-13,18:03:39,2026-05-13 18:03:39,11013.46,INR,-11013.46,APK Owner,,,MAESTRO-APK-PERSONAL-FUTURE_BUILDING-2032 | Education | 11013.46,Android,B41,RAMP_1501_2500,CREATED,idem-20260902-apk-2032
2033,MTR-APK-2033,Group,Shared Living,Flatmates,Rent,Expense,2025-11-26,19:02:34,2025-11-26 19:02:34,26973.13,INR,-26973.13,APK Meera,3,PERCENTAGE,MAESTRO-APK-GROUP-FLATMATES-2033 | Rent | 26973.13,Android,B41,RAMP_1501_2500,CREATED,idem-20260902-apk-2033
2034,MTR-APK-2034,Business,Business,Team Operations,Training,Expense,2026-08-22,21:14:26,2026-08-22 21:14:26,167588.22,INR,-167588.22,APK Owner,,,MAESTRO-APK-BUSINESS-TEAM_OPERATIONS-2034 | Training | 167588.22,Android,B41,RAMP_1501_2500,CREATED,idem-20260902-apk-2034
2035,MTR-APK-2035,Personal,Personal,Future Building,Goal Contribution,Transfer,2026-07-25,20:12:12,2026-07-25 20:12:12,1.0,INR,0.0,APK Owner,,,MAESTRO-APK-PERSONAL-FUTURE_BUILDING-2035 | Goal Contribution | 1.00,Android,B41,RAMP_1501_2500,CREATED,idem-20260902-apk-2035
2036,MTR-APK-2036,Group,Shared Living,Flatmates,Utilities,Expense,2025-09-04,21:16:30,2025-09-04 21:16:30,13961.41,INR,-13961.41,APK Owner,3,EXACT,MAESTRO-APK-GROUP-FLATMATES-2036 | Utilities | 13961.41,Android,B41,RAMP_1501_2500,CREATED,idem-20260902-apk-2036
2037,MTR-APK-2037,Business,Business,Team Operations,Tools,Expense,2026-03-13,20:04:57,2026-03-13 20:04:57,53068.15,INR,-53068.15,APK Owner,,,MAESTRO-APK-BUSINESS-TEAM_OPERATIONS-2037 | Tools | 53068.15,Android,B41,RAMP_1501_2500,CREATED,idem-20260902-apk-2037
2038,MTR-APK-2038,Personal,Personal,Lifestyle,Dining,Expense,2026-07-22,22:44:48,2026-07-22 22:44:48,9173.93,INR,-9173.93,APK Owner,,,MAESTRO-APK-PERSONAL-LIFESTYLE-2038 | Dining | 9173.93,Android,B41,RAMP_1501_2500,CREATED,idem-20260902-apk-2038
2039,MTR-APK-2039,Group,Shared Living,Flatmates,Groceries,Expense,2026-06-13,09:32:54,2026-06-13 09:32:54,18127.85,INR,-18127.85,APK Aarav,3,SHARES,MAESTRO-APK-GROUP-FLATMATES-2039 | Groceries | 18127.85,Android,B41,RAMP_1501_2500,CREATED,idem-20260902-apk-2039
2040,MTR-APK-2040,Business,Business,Business Runway,Funding,Income,2026-07-27,04:07:42,2026-07-27 04:07:42,36253.64,INR,36253.64,APK Owner,,,MAESTRO-APK-BUSINESS-BUSINESS_RUNWAY-2040 | Funding | 36253.64,Android,B41,RAMP_1501_2500,CREATED,idem-20260902-apk-2040
2041,MTR-APK-2041,Personal,Personal,Lifestyle,Shopping,Expense,2025-10-04,20:23:59,2025-10-04 20:23:59,1970.6,INR,-1970.6,APK Owner,,,MAESTRO-APK-PERSONAL-LIFESTYLE-2041 | Shopping | 1970.60,Android,B41,RAMP_1501_2500,CREATED,idem-20260902-apk-2041
2042,MTR-APK-2042,Group,Shared Living,Flatmates,Internet,Expense,2025-12-09,04:45:06,2025-12-09 04:45:06,18445.72,INR,-18445.72,APK Meera,3,EQUAL,MAESTRO-APK-GROUP-FLATMATES-2042 | Internet | 18445.72,Android,B41,RAMP_1501_2500,CREATED,idem-20260902-apk-2042
2043,MTR-APK-2043,Business,Business,Business Runway,Revenue,Income,2026-07-28,22:05:14,2026-07-28 22:05:14,37474.22,INR,37474.22,APK Owner,,,MAESTRO-APK-BUSINESS-BUSINESS_RUNWAY-2043 | Revenue | 37474.22,Android,B41,RAMP_1501_2500,CREATED,idem-20260902-apk-2043
2044,MTR-APK-2044,Personal,Personal,Lifestyle,Entertainment,Expense,2026-02-18,01:28:38,2026-02-18 01:28:38,18806.09,INR,-18806.09,APK Owner,,,MAESTRO-APK-PERSONAL-LIFESTYLE-2044 | Entertainment | 18806.09,Android,B41,RAMP_1501_2500,CREATED,idem-20260902-apk-2044
2045,MTR-APK-2045,Group,Shared Living,Flatmates,House Supplies,Expense,2025-11-02,17:59:47,2025-11-02 17:59:47,22846.04,INR,-22846.04,APK Owner,3,PERCENTAGE,MAESTRO-APK-GROUP-FLATMATES-2045 | House Supplies | 22846.04,Android,B41,RAMP_1501_2500,CREATED,idem-20260902-apk-2045
2046,MTR-APK-2046,Business,Business,Business Runway,Burn,Expense,2026-01-04,05:16:15,2026-01-04 05:16:15,320.14,INR,-320.14,APK Owner,,,MAESTRO-APK-BUSINESS-BUSINESS_RUNWAY-2046 | Burn | 320.14,Android,B41,RAMP_1501_2500,CREATED,idem-20260902-apk-2046
2047,MTR-APK-2047,Personal,Personal,Lifestyle,Travel,Expense,2026-06-24,13:54:16,2026-06-24 13:54:16,17853.21,INR,-17853.21,APK Owner,,,MAESTRO-APK-PERSONAL-LIFESTYLE-2047 | Travel | 17853.21,Android,B41,RAMP_1501_2500,CREATED,idem-20260902-apk-2047
2048,MTR-APK-2048,Group,Shared Living,Flatmates,Repairs,Expense,2026-06-13,00:35:55,2026-06-13 00:35:55,17575.23,INR,-17575.23,APK Aarav,3,EXACT,MAESTRO-APK-GROUP-FLATMATES-2048 | Repairs | 17575.23,Android,B41,RAMP_1501_2500,CREATED,idem-20260902-apk-2048
2049,MTR-APK-2049,Business,Business,Business Runway,Reserve,Transfer,2026-06-22,12:10:42,2026-06-22 12:10:42,156957.62,INR,0.0,APK Owner,,,MAESTRO-APK-BUSINESS-BUSINESS_RUNWAY-2049 | Reserve | 156957.62,Android,B41,RAMP_1501_2500,CREATED,idem-20260902-apk-2049
2050,MTR-APK-2050,Personal,Personal,Lifestyle,Fitness,Expense,2025-12-03,08:42:58,2025-12-03 08:42:58,2223.49,INR,-2223.49,APK Owner,,,MAESTRO-APK-PERSONAL-LIFESTYLE-2050 | Fitness | 2223.49,Android,B41,RAMP_1501_2500,CREATED,idem-20260902-apk-2050
2051,MTR-APK-2051,Group,Shared Living,Shared Living,Rent,Expense,2025-11-25,10:11:59,2025-11-25 10:11:59,874.35,INR,-874.35,APK Meera,3,SHARES,MAESTRO-APK-GROUP-SHARED_LIVING-2051 | Rent | 874.35,Android,B42,RAMP_1501_2500,CREATED,idem-20260902-apk-2051
2052,MTR-APK-2052,Business,Business,Business Runway,Loan,Income,2026-07-21,22:12:27,2026-07-21 22:12:27,29125.26,INR,29125.26,APK Owner,,,MAESTRO-APK-BUSINESS-BUSINESS_RUNWAY-2052 | Loan | 29125.26,Android,B42,RAMP_1501_2500,CREATED,idem-20260902-apk-2052
2053,MTR-APK-2053,Personal,Personal,Lifestyle,Hobbies,Expense,2025-11-03,19:42:23,2025-11-03 19:42:23,15966.32,INR,-15966.32,APK Owner,,,MAESTRO-APK-PERSONAL-LIFESTYLE-2053 | Hobbies | 15966.32,Android,B42,RAMP_1501_2500,CREATED,idem-20260902-apk-2053
2054,MTR-APK-2054,Group,Shared Living,Shared Living,Utilities,Expense,2026-08-27,19:28:42,2026-08-27 19:28:42,26645.23,INR,-26645.23,APK Owner,3,EQUAL,MAESTRO-APK-GROUP-SHARED_LIVING-2054 | Utilities | 26645.23,Android,B42,RAMP_1501_2500,CREATED,idem-20260902-apk-2054
2055,MTR-APK-2055,Business,Business,Business Runway,Investment,Income,2025-09-29,10:54:54,2025-09-29 10:54:54,139280.1,INR,139280.1,APK Owner,,,MAESTRO-APK-BUSINESS-BUSINESS_RUNWAY-2055 | Investment | 139280.10,Android,B42,RAMP_1501_2500,CREATED,idem-20260902-apk-2055
2056,MTR-APK-2056,Personal,Personal,Relationships,Gifts,Expense,2025-11-09,17:40:13,2025-11-09 17:40:13,18401.09,INR,-18401.09,APK Owner,,,MAESTRO-APK-PERSONAL-RELATIONSHIPS-2056 | Gifts | 18401.09,Android,B42,RAMP_1501_2500,CREATED,idem-20260902-apk-2056
2057,MTR-APK-2057,Group,Shared Living,Shared Living,Groceries,Expense,2026-04-09,08:52:12,2026-04-09 08:52:12,9197.66,INR,-9197.66,APK Aarav,3,PERCENTAGE,MAESTRO-APK-GROUP-SHARED_LIVING-2057 | Groceries | 9197.66,Android,B42,RAMP_1501_2500,CREATED,idem-20260902-apk-2057
2058,MTR-APK-2058,Business,Business,Business Operations,Software,Expense,2025-12-03,15:48:29,2025-12-03 15:48:29,77179.84,INR,-77179.84,APK Owner,,,MAESTRO-APK-BUSINESS-BUSINESS_OPERATIONS-2058 | Software | 77179.84,Android,B42,RAMP_1501_2500,CREATED,idem-20260902-apk-2058
2059,MTR-APK-2059,Personal,Personal,Relationships,Dates,Expense,2026-01-28,17:36:51,2026-01-28 17:36:51,18658.42,INR,-18658.42,APK Owner,,,MAESTRO-APK-PERSONAL-RELATIONSHIPS-2059 | Dates | 18658.42,Android,B42,RAMP_1501_2500,CREATED,idem-20260902-apk-2059
2060,MTR-APK-2060,Group,Shared Living,Shared Living,Maintenance,Expense,2025-11-28,21:05:08,2025-11-28 21:05:08,4526.91,INR,-4526.91,APK Meera,3,EXACT,MAESTRO-APK-GROUP-SHARED_LIVING-2060 | Maintenance | 4526.91,Android,B42,RAMP_1501_2500,CREATED,idem-20260902-apk-2060
2061,MTR-APK-2061,Business,Business,Business Operations,Rent,Expense,2026-05-12,20:20:05,2026-05-12 20:20:05,148523.38,INR,-148523.38,APK Owner,,,MAESTRO-APK-BUSINESS-BUSINESS_OPERATIONS-2061 | Rent | 148523.38,Android,B42,RAMP_1501_2500,CREATED,idem-20260902-apk-2061
2062,MTR-APK-2062,Personal,Personal,Relationships,Family,Expense,2025-09-06,14:37:27,2025-09-06 14:37:27,18799.22,INR,-18799.22,APK Owner,,,MAESTRO-APK-PERSONAL-RELATIONSHIPS-2062 | Family | 18799.22,Android,B42,RAMP_1501_2500,CREATED,idem-20260902-apk-2062
2063,MTR-APK-2063,Group,Shared Living,Shared Living,Other,Expense,2025-10-31,17:22:23,2025-10-31 17:22:23,9133.01,INR,-9133.01,APK Owner,3,SHARES,MAESTRO-APK-GROUP-SHARED_LIVING-2063 | Other | 9133.01,Android,B42,RAMP_1501_2500,CREATED,idem-20260902-apk-2063
2064,MTR-APK-2064,Business,Business,Business Operations,Marketing,Expense,2025-12-26,05:14:42,2025-12-26 05:14:42,12041.91,INR,-12041.91,APK Owner,,,MAESTRO-APK-BUSINESS-BUSINESS_OPERATIONS-2064 | Marketing | 12041.91,Android,B42,RAMP_1501_2500,CREATED,idem-20260902-apk-2064
2065,MTR-APK-2065,Personal,Personal,Relationships,Friends,Expense,2026-05-04,10:06:14,2026-05-04 10:06:14,13700.56,INR,-13700.56,APK Owner,,,MAESTRO-APK-PERSONAL-RELATIONSHIPS-2065 | Friends | 13700.56,Android,B42,RAMP_1501_2500,CREATED,idem-20260902-apk-2065
2066,MTR-APK-2066,Group,Shared Living,Family Household,Transport,Expense,2026-05-09,15:47:45,2026-05-09 15:47:45,26639.85,INR,-26639.85,APK Aarav,3,EQUAL,MAESTRO-APK-GROUP-FAMILY_HOUSEHOLD-2066 | Transport | 26639.85,Android,B42,RAMP_1501_2500,CREATED,idem-20260902-apk-2066
2067,MTR-APK-2067,Business,Business,Business Operations,Legal,Expense,2026-03-12,18:07:03,2026-03-12 18:07:03,81229.9,INR,-81229.9,APK Owner,,,MAESTRO-APK-BUSINESS-BUSINESS_OPERATIONS-2067 | Legal | 81229.90,Android,B42,RAMP_1501_2500,CREATED,idem-20260902-apk-2067
2068,MTR-APK-2068,Personal,Personal,Relationships,Celebrations,Expense,2026-07-10,16:35:49,2026-07-10 16:35:49,10968.32,INR,-10968.32,APK Owner,,,MAESTRO-APK-PERSONAL-RELATIONSHIPS-2068 | Celebrations | 10968.32,Android,B42,RAMP_1501_2500,CREATED,idem-20260902-apk-2068
2069,MTR-APK-2069,Group,Shared Living,Family Household,Bills,Expense,2026-07-09,04:04:51,2026-07-09 04:04:51,14857.2,INR,-14857.2,APK Meera,3,PERCENTAGE,MAESTRO-APK-GROUP-FAMILY_HOUSEHOLD-2069 | Bills | 14857.20,Android,B42,RAMP_1501_2500,CREATED,idem-20260902-apk-2069
2070,MTR-APK-2070,Business,Business,Business Operations,Accounting,Expense,2025-10-01,10:39:48,2025-10-01 10:39:48,42507.42,INR,-42507.42,APK Owner,,,MAESTRO-APK-BUSINESS-BUSINESS_OPERATIONS-2070 | Accounting | 42507.42,Android,B42,RAMP_1501_2500,CREATED,idem-20260902-apk-2070
2071,MTR-APK-2071,Personal,Personal,Life Operations,Groceries,Expense,2026-05-08,05:21:05,2026-05-08 05:21:05,8556.9,INR,-8556.9,APK Owner,,,MAESTRO-APK-PERSONAL-LIFE_OPERATIONS-2071 | Groceries | 8556.90,Android,B42,RAMP_1501_2500,CREATED,idem-20260902-apk-2071
2072,MTR-APK-2072,Group,Shared Living,Family Household,Utilities,Expense,2026-02-25,14:33:00,2026-02-25 14:33:00,99.99,INR,-99.99,APK Owner,3,EXACT,MAESTRO-APK-GROUP-FAMILY_HOUSEHOLD-2072 | Utilities | 99.99,Android,B42,RAMP_1501_2500,CREATED,idem-20260902-apk-2072
2073,MTR-APK-2073,Business,Business,Business Operations,Equipment,Expense,2025-12-10,02:57:00,2025-12-10 02:57:00,177180.11,INR,-177180.11,APK Owner,,,MAESTRO-APK-BUSINESS-BUSINESS_OPERATIONS-2073 | Equipment | 177180.11,Android,B42,RAMP_1501_2500,CREATED,idem-20260902-apk-2073
2074,MTR-APK-2074,Personal,Personal,Life Operations,Rent,Expense,2026-06-10,00:59:02,2026-06-10 00:59:02,17951.9,INR,-17951.9,APK Owner,,,MAESTRO-APK-PERSONAL-LIFE_OPERATIONS-2074 | Rent | 17951.90,Android,B42,RAMP_1501_2500,CREATED,idem-20260902-apk-2074
2075,MTR-APK-2075,Group,Shared Living,Family Household,Healthcare,Expense,2025-12-05,11:34:28,2025-12-05 11:34:28,20467.04,INR,-20467.04,APK Aarav,3,SHARES,MAESTRO-APK-GROUP-FAMILY_HOUSEHOLD-2075 | Healthcare | 20467.04,Android,B42,RAMP_1501_2500,CREATED,idem-20260902-apk-2075
2076,MTR-APK-2076,Business,Business,Business Operations,Vendor,Expense,2026-07-27,07:36:21,2026-07-27 07:36:21,146901.69,INR,-146901.69,APK Owner,,,MAESTRO-APK-BUSINESS-BUSINESS_OPERATIONS-2076 | Vendor | 146901.69,Android,B42,RAMP_1501_2500,CREATED,idem-20260902-apk-2076
2077,MTR-APK-2077,Personal,Personal,Life Operations,Bills,Expense,2025-12-27,21:19:09,2025-12-27 21:19:09,13842.79,INR,-13842.79,APK Owner,,,MAESTRO-APK-PERSONAL-LIFE_OPERATIONS-2077 | Bills | 13842.79,Android,B42,RAMP_1501_2500,CREATED,idem-20260902-apk-2077
2078,MTR-APK-2078,Group,Shared Living,Family Household,School,Expense,2026-03-02,18:01:06,2026-03-02 18:01:06,1891.74,INR,-1891.74,APK Meera,3,EQUAL,MAESTRO-APK-GROUP-FAMILY_HOUSEHOLD-2078 | School | 1891.74,Android,B42,RAMP_1501_2500,CREATED,idem-20260902-apk-2078
2079,MTR-APK-2079,Business,Business,Business Operations,Tax,Expense,2025-09-06,02:38:02,2025-09-06 02:38:02,23949.85,INR,-23949.85,APK Owner,,,MAESTRO-APK-BUSINESS-BUSINESS_OPERATIONS-2079 | Tax | 23949.85,Android,B42,RAMP_1501_2500,CREATED,idem-20260902-apk-2079
2080,MTR-APK-2080,Personal,Personal,Life Operations,Transport,Expense,2026-01-02,18:19:26,2026-01-02 18:19:26,6853.59,INR,-6853.59,APK Owner,,,MAESTRO-APK-PERSONAL-LIFE_OPERATIONS-2080 | Transport | 6853.59,Android,B42,RAMP_1501_2500,CREATED,idem-20260902-apk-2080
2081,MTR-APK-2081,Group,Shared Living,Family Household,Other,Expense,2026-04-12,21:24:09,2026-04-12 21:24:09,22389.91,INR,-22389.91,APK Owner,3,PERCENTAGE,MAESTRO-APK-GROUP-FAMILY_HOUSEHOLD-2081 | Other | 22389.91,Android,B42,RAMP_1501_2500,CREATED,idem-20260902-apk-2081
2082,MTR-APK-2082,Business,Business,Team Operations,Payroll,Expense,2026-04-03,18:45:47,2026-04-03 18:45:47,31873.7,INR,-31873.7,APK Owner,,,MAESTRO-APK-BUSINESS-TEAM_OPERATIONS-2082 | Payroll | 31873.70,Android,B42,RAMP_1501_2500,CREATED,idem-20260902-apk-2082
2083,MTR-APK-2083,Personal,Personal,Life Operations,Healthcare,Expense,2026-04-20,11:26:50,2026-04-20 11:26:50,12415.06,INR,-12415.06,APK Owner,,,MAESTRO-APK-PERSONAL-LIFE_OPERATIONS-2083 | Healthcare | 12415.06,Android,B42,RAMP_1501_2500,CREATED,idem-20260902-apk-2083
2084,MTR-APK-2084,Group,Shared Living,Custom Living,Custom Expense,Expense,2025-09-02,21:18:33,2025-09-02 21:18:33,793.95,INR,-793.95,APK Aarav,3,EXACT,MAESTRO-APK-GROUP-CUSTOM_LIVING-2084 | Custom Expense | 793.95,Android,B42,RAMP_1501_2500,CREATED,idem-20260902-apk-2084
2085,MTR-APK-2085,Business,Business,Team Operations,Contractor,Expense,2025-10-17,20:35:34,2025-10-17 20:35:34,10425.81,INR,-10425.81,APK Owner,,,MAESTRO-APK-BUSINESS-TEAM_OPERATIONS-2085 | Contractor | 10425.81,Android,B42,RAMP_1501_2500,CREATED,idem-20260902-apk-2085
2086,MTR-APK-2086,Personal,Personal,Life Operations,Subscriptions,Expense,2026-06-01,07:53:36,2026-06-01 07:53:36,14180.03,INR,-14180.03,APK Owner,,,MAESTRO-APK-PERSONAL-LIFE_OPERATIONS-2086 | Subscriptions | 14180.03,Android,B42,RAMP_1501_2500,CREATED,idem-20260902-apk-2086
2087,MTR-APK-2087,Group,Shared Living,Custom Living,Custom Contribution,Contribution,2026-03-25,22:05:33,2026-03-25 22:05:33,8429.25,INR,8429.25,APK Meera,3,SHARES,MAESTRO-APK-GROUP-CUSTOM_LIVING-2087 | Custom Contribution | 8429.25,Android,B42,RAMP_1501_2500,CREATED,idem-20260902-apk-2087
2088,MTR-APK-2088,Business,Business,Team Operations,Hiring,Expense,2026-02-02,16:48:46,2026-02-02 16:48:46,30968.24,INR,-30968.24,APK Owner,,,MAESTRO-APK-BUSINESS-TEAM_OPERATIONS-2088 | Hiring | 30968.24,Android,B42,RAMP_1501_2500,CREATED,idem-20260902-apk-2088
2089,MTR-APK-2089,Personal,Personal,Life Operations,Repairs,Expense,2026-04-07,01:20:57,2026-04-07 01:20:57,2851.11,INR,-2851.11,APK Owner,,,MAESTRO-APK-PERSONAL-LIFE_OPERATIONS-2089 | Repairs | 2851.11,Android,B42,RAMP_1501_2500,CREATED,idem-20260902-apk-2089
2090,MTR-APK-2090,Group,Shared Experience,Trip,Travel,Expense,2025-12-26,07:09:31,2025-12-26 07:09:31,23100.94,INR,-23100.94,APK Owner,3,EQUAL,MAESTRO-APK-GROUP-TRIP-2090 | Travel | 23100.94,Android,B42,RAMP_1501_2500,CREATED,idem-20260902-apk-2090
2091,MTR-APK-2091,Business,Business,Team Operations,Team Meal,Expense,2025-11-07,07:16:06,2025-11-07 07:16:06,93897.23,INR,-93897.23,APK Owner,,,MAESTRO-APK-BUSINESS-TEAM_OPERATIONS-2091 | Team Meal | 93897.23,Android,B42,RAMP_1501_2500,CREATED,idem-20260902-apk-2091
2092,MTR-APK-2092,Personal,Personal,Future Building,Savings,Transfer,2026-05-30,08:40:34,2026-05-30 08:40:34,7319.02,INR,0.0,APK Owner,,,MAESTRO-APK-PERSONAL-FUTURE_BUILDING-2092 | Savings | 7319.02,Android,B42,RAMP_1501_2500,CREATED,idem-20260902-apk-2092
2093,MTR-APK-2093,Group,Shared Experience,Trip,Stay,Expense,2026-05-03,10:23:21,2026-05-03 10:23:21,16119.1,INR,-16119.1,APK Aarav,3,PERCENTAGE,MAESTRO-APK-GROUP-TRIP-2093 | Stay | 16119.10,Android,B42,RAMP_1501_2500,CREATED,idem-20260902-apk-2093
2094,MTR-APK-2094,Business,Business,Team Operations,Travel,Expense,2025-09-21,20:47:10,2025-09-21 20:47:10,103543.75,INR,-103543.75,APK Owner,,,MAESTRO-APK-BUSINESS-TEAM_OPERATIONS-2094 | Travel | 103543.75,Android,B42,RAMP_1501_2500,CREATED,idem-20260902-apk-2094
2095,MTR-APK-2095,Personal,Personal,Future Building,Emergency Fund,Transfer,2025-12-26,13:58:23,2025-12-26 13:58:23,16251.61,INR,0.0,APK Owner,,,MAESTRO-APK-PERSONAL-FUTURE_BUILDING-2095 | Emergency Fund | 16251.61,Android,B42,RAMP_1501_2500,CREATED,idem-20260902-apk-2095
2096,MTR-APK-2096,Group,Shared Experience,Trip,Food,Expense,2025-09-20,09:59:49,2025-09-20 09:59:49,21003.74,INR,-21003.74,APK Meera,3,EXACT,MAESTRO-APK-GROUP-TRIP-2096 | Food | 21003.74,Android,B42,RAMP_1501_2500,CREATED,idem-20260902-apk-2096
2097,MTR-APK-2097,Business,Business,Team Operations,Training,Expense,2025-10-14,07:13:32,2025-10-14 07:13:32,176777.42,INR,-176777.42,APK Owner,,,MAESTRO-APK-BUSINESS-TEAM_OPERATIONS-2097 | Training | 176777.42,Android,B42,RAMP_1501_2500,CREATED,idem-20260902-apk-2097
2098,MTR-APK-2098,Personal,Personal,Future Building,Investments,Investment,2026-06-11,16:28:27,2026-06-11 16:28:27,1393.64,INR,0.0,APK Owner,,,MAESTRO-APK-PERSONAL-FUTURE_BUILDING-2098 | Investments | 1393.64,Android,B42,RAMP_1501_2500,CREATED,idem-20260902-apk-2098
2099,MTR-APK-2099,Group,Shared Experience,Trip,Local Transport,Expense,2025-10-12,08:11:23,2025-10-12 08:11:23,18837.89,INR,-18837.89,APK Owner,3,SHARES,MAESTRO-APK-GROUP-TRIP-2099 | Local Transport | 18837.89,Android,B42,RAMP_1501_2500,CREATED,idem-20260902-apk-2099
2100,MTR-APK-2100,Business,Business,Team Operations,Tools,Expense,2026-09-01,13:26:32,2026-09-01 13:26:32,152730.51,INR,-152730.51,APK Owner,,,MAESTRO-APK-BUSINESS-TEAM_OPERATIONS-2100 | Tools | 152730.51,Android,B42,RAMP_1501_2500,CREATED,idem-20260902-apk-2100
2101,MTR-APK-2101,Personal,Personal,Future Building,Education,Expense,2026-06-19,07:49:21,2026-06-19 07:49:21,19031.21,INR,-19031.21,APK Owner,,,MAESTRO-APK-PERSONAL-FUTURE_BUILDING-2101 | Education | 19031.21,Android,B43,RAMP_1501_2500,CREATED,idem-20260902-apk-2101
2102,MTR-APK-2102,Group,Shared Experience,Trip,Activities,Expense,2026-07-06,03:30:04,2026-07-06 03:30:04,26684.82,INR,-26684.82,APK Aarav,3,EQUAL,MAESTRO-APK-GROUP-TRIP-2102 | Activities | 26684.82,Android,B43,RAMP_1501_2500,CREATED,idem-20260902-apk-2102
2103,MTR-APK-2103,Business,Business,Business Runway,Funding,Income,2025-12-14,02:57:31,2025-12-14 02:57:31,10842.76,INR,10842.76,APK Owner,,,MAESTRO-APK-BUSINESS-BUSINESS_RUNWAY-2103 | Funding | 10842.76,Android,B43,RAMP_1501_2500,CREATED,idem-20260902-apk-2103
2104,MTR-APK-2104,Personal,Personal,Future Building,Goal Contribution,Transfer,2026-07-18,12:03:37,2026-07-18 12:03:37,14957.95,INR,0.0,APK Owner,,,MAESTRO-APK-PERSONAL-FUTURE_BUILDING-2104 | Goal Contribution | 14957.95,Android,B43,RAMP_1501_2500,CREATED,idem-20260902-apk-2104
2105,MTR-APK-2105,Group,Shared Experience,Trip,Shopping,Expense,2026-08-04,05:36:32,2026-08-04 05:36:32,28653.58,INR,-28653.58,APK Meera,3,PERCENTAGE,MAESTRO-APK-GROUP-TRIP-2105 | Shopping | 28653.58,Android,B43,RAMP_1501_2500,CREATED,idem-20260902-apk-2105
2106,MTR-APK-2106,Business,Business,Business Runway,Revenue,Income,2026-08-25,03:11:11,2026-08-25 03:11:11,35159.08,INR,35159.08,APK Owner,,,MAESTRO-APK-BUSINESS-BUSINESS_RUNWAY-2106 | Revenue | 35159.08,Android,B43,RAMP_1501_2500,CREATED,idem-20260902-apk-2106
2107,MTR-APK-2107,Personal,Personal,Lifestyle,Dining,Expense,2025-10-04,00:15:18,2025-10-04 00:15:18,13226.2,INR,-13226.2,APK Owner,,,MAESTRO-APK-PERSONAL-LIFESTYLE-2107 | Dining | 13226.20,Android,B43,RAMP_1501_2500,CREATED,idem-20260902-apk-2107
2108,MTR-APK-2108,Group,Shared Experience,Trip,Other,Expense,2026-04-17,18:06:28,2026-04-17 18:06:28,7477.04,INR,-7477.04,APK Owner,3,EXACT,MAESTRO-APK-GROUP-TRIP-2108 | Other | 7477.04,Android,B43,RAMP_1501_2500,CREATED,idem-20260902-apk-2108
2109,MTR-APK-2109,Business,Business,Business Runway,Burn,Expense,2026-01-05,03:42:26,2026-01-05 03:42:26,100.0,INR,-100.0,APK Owner,,,MAESTRO-APK-BUSINESS-BUSINESS_RUNWAY-2109 | Burn | 100.00,Android,B43,RAMP_1501_2500,CREATED,idem-20260902-apk-2109
2110,MTR-APK-2110,Personal,Personal,Lifestyle,Shopping,Expense,2026-05-11,10:00:59,2026-05-11 10:00:59,5394.95,INR,-5394.95,APK Owner,,,MAESTRO-APK-PERSONAL-LIFESTYLE-2110 | Shopping | 5394.95,Android,B43,RAMP_1501_2500,CREATED,idem-20260902-apk-2110
2111,MTR-APK-2111,Group,Shared Experience,Wedding,Venue,Expense,2026-02-12,22:41:28,2026-02-12 22:41:28,27197.54,INR,-27197.54,APK Aarav,3,SHARES,MAESTRO-APK-GROUP-WEDDING-2111 | Venue | 27197.54,Android,B43,RAMP_1501_2500,CREATED,idem-20260902-apk-2111
2112,MTR-APK-2112,Business,Business,Business Runway,Reserve,Transfer,2025-11-11,12:47:57,2025-11-11 12:47:57,116807.67,INR,0.0,APK Owner,,,MAESTRO-APK-BUSINESS-BUSINESS_RUNWAY-2112 | Reserve | 116807.67,Android,B43,RAMP_1501_2500,CREATED,idem-20260902-apk-2112
2113,MTR-APK-2113,Personal,Personal,Lifestyle,Entertainment,Expense,2026-07-02,01:48:59,2026-07-02 01:48:59,16856.68,INR,-16856.68,APK Owner,,,MAESTRO-APK-PERSONAL-LIFESTYLE-2113 | Entertainment | 16856.68,Android,B43,RAMP_1501_2500,CREATED,idem-20260902-apk-2113
2114,MTR-APK-2114,Group,Shared Experience,Wedding,Catering,Expense,2026-08-03,21:33:03,2026-08-03 21:33:03,27111.02,INR,-27111.02,APK Meera,3,EQUAL,MAESTRO-APK-GROUP-WEDDING-2114 | Catering | 27111.02,Android,B43,RAMP_1501_2500,CREATED,idem-20260902-apk-2114
2115,MTR-APK-2115,Business,Business,Business Runway,Loan,Income,2025-10-09,10:56:22,2025-10-09 10:56:22,88758.15,INR,88758.15,APK Owner,,,MAESTRO-APK-BUSINESS-BUSINESS_RUNWAY-2115 | Loan | 88758.15,Android,B43,RAMP_1501_2500,CREATED,idem-20260902-apk-2115
2116,MTR-APK-2116,Personal,Personal,Lifestyle,Travel,Expense,2026-07-25,22:11:59,2026-07-25 22:11:59,15118.31,INR,-15118.31,APK Owner,,,MAESTRO-APK-PERSONAL-LIFESTYLE-2116 | Travel | 15118.31,Android,B43,RAMP_1501_2500,CREATED,idem-20260902-apk-2116
2117,MTR-APK-2117,Group,Shared Experience,Wedding,Decor,Expense,2026-04-28,15:08:16,2026-04-28 15:08:16,10417.61,INR,-10417.61,APK Owner,3,PERCENTAGE,MAESTRO-APK-GROUP-WEDDING-2117 | Decor | 10417.61,Android,B43,RAMP_1501_2500,CREATED,idem-20260902-apk-2117
2118,MTR-APK-2118,Business,Business,Business Runway,Investment,Income,2026-05-14,05:59:11,2026-05-14 05:59:11,119625.31,INR,119625.31,APK Owner,,,MAESTRO-APK-BUSINESS-BUSINESS_RUNWAY-2118 | Investment | 119625.31,Android,B43,RAMP_1501_2500,CREATED,idem-20260902-apk-2118
2119,MTR-APK-2119,Personal,Personal,Lifestyle,Fitness,Expense,2026-03-11,07:23:17,2026-03-11 07:23:17,7071.24,INR,-7071.24,APK Owner,,,MAESTRO-APK-PERSONAL-LIFESTYLE-2119 | Fitness | 7071.24,Android,B43,RAMP_1501_2500,CREATED,idem-20260902-apk-2119
2120,MTR-APK-2120,Group,Shared Experience,Wedding,Travel,Expense,2025-09-12,22:01:05,2025-09-12 22:01:05,18845.69,INR,-18845.69,APK Aarav,3,EXACT,MAESTRO-APK-GROUP-WEDDING-2120 | Travel | 18845.69,Android,B43,RAMP_1501_2500,CREATED,idem-20260902-apk-2120
2121,MTR-APK-2121,Business,Business,Business Operations,Software,Expense,2025-09-12,04:54:57,2025-09-12 04:54:57,105185.34,INR,-105185.34,APK Owner,,,MAESTRO-APK-BUSINESS-BUSINESS_OPERATIONS-2121 | Software | 105185.34,Android,B43,RAMP_1501_2500,CREATED,idem-20260902-apk-2121
2122,MTR-APK-2122,Personal,Personal,Lifestyle,Hobbies,Expense,2026-02-26,07:17:36,2026-02-26 07:17:36,11773.86,INR,-11773.86,APK Owner,,,MAESTRO-APK-PERSONAL-LIFESTYLE-2122 | Hobbies | 11773.86,Android,B43,RAMP_1501_2500,CREATED,idem-20260902-apk-2122
2123,MTR-APK-2123,Group,Shared Experience,Wedding,Gifts,Expense,2026-07-11,19:29:02,2026-07-11 19:29:02,18923.69,INR,-18923.69,APK Meera,3,SHARES,MAESTRO-APK-GROUP-WEDDING-2123 | Gifts | 18923.69,Android,B43,RAMP_1501_2500,CREATED,idem-20260902-apk-2123
2124,MTR-APK-2124,Business,Business,Business Operations,Rent,Expense,2026-03-05,16:02:10,2026-03-05 16:02:10,87116.12,INR,-87116.12,APK Owner,,,MAESTRO-APK-BUSINESS-BUSINESS_OPERATIONS-2124 | Rent | 87116.12,Android,B43,RAMP_1501_2500,CREATED,idem-20260902-apk-2124
2125,MTR-APK-2125,Personal,Personal,Relationships,Gifts,Expense,2025-09-17,23:33:31,2025-09-17 23:33:31,16574.87,INR,-16574.87,APK Owner,,,MAESTRO-APK-PERSONAL-RELATIONSHIPS-2125 | Gifts | 16574.87,Android,B43,RAMP_1501_2500,CREATED,idem-20260902-apk-2125
2126,MTR-APK-2126,Group,Shared Experience,Wedding,Photography,Expense,2025-09-07,11:18:38,2025-09-07 11:18:38,23049.49,INR,-23049.49,APK Owner,3,EQUAL,MAESTRO-APK-GROUP-WEDDING-2126 | Photography | 23049.49,Android,B43,RAMP_1501_2500,CREATED,idem-20260902-apk-2126
2127,MTR-APK-2127,Business,Business,Business Operations,Marketing,Expense,2025-11-27,17:23:06,2025-11-27 17:23:06,149286.8,INR,-149286.8,APK Owner,,,MAESTRO-APK-BUSINESS-BUSINESS_OPERATIONS-2127 | Marketing | 149286.80,Android,B43,RAMP_1501_2500,CREATED,idem-20260902-apk-2127
2128,MTR-APK-2128,Personal,Personal,Relationships,Dates,Expense,2025-12-09,12:39:07,2025-12-09 12:39:07,12936.97,INR,-12936.97,APK Owner,,,MAESTRO-APK-PERSONAL-RELATIONSHIPS-2128 | Dates | 12936.97,Android,B43,RAMP_1501_2500,CREATED,idem-20260902-apk-2128
2129,MTR-APK-2129,Group,Shared Experience,Wedding,Other,Expense,2025-10-05,19:29:24,2025-10-05 19:29:24,18908.61,INR,-18908.61,APK Aarav,3,PERCENTAGE,MAESTRO-APK-GROUP-WEDDING-2129 | Other | 18908.61,Android,B43,RAMP_1501_2500,CREATED,idem-20260902-apk-2129
2130,MTR-APK-2130,Business,Business,Business Operations,Legal,Expense,2025-09-22,10:38:01,2025-09-22 10:38:01,147736.34,INR,-147736.34,APK Owner,,,MAESTRO-APK-BUSINESS-BUSINESS_OPERATIONS-2130 | Legal | 147736.34,Android,B43,RAMP_1501_2500,CREATED,idem-20260902-apk-2130
2131,MTR-APK-2131,Personal,Personal,Relationships,Family,Expense,2026-06-24,21:27:08,2026-06-24 21:27:08,12172.54,INR,-12172.54,APK Owner,,,MAESTRO-APK-PERSONAL-RELATIONSHIPS-2131 | Family | 12172.54,Android,B43,RAMP_1501_2500,CREATED,idem-20260902-apk-2131
2132,MTR-APK-2132,Group,Shared Experience,Office Outing,Food,Expense,2026-01-20,12:59:21,2026-01-20 12:59:21,2002.08,INR,-2002.08,APK Meera,3,EXACT,MAESTRO-APK-GROUP-OFFICE_OUTING-2132 | Food | 2002.08,Android,B43,RAMP_1501_2500,CREATED,idem-20260902-apk-2132
2133,MTR-APK-2133,Business,Business,Business Operations,Accounting,Expense,2025-10-10,20:58:24,2025-10-10 20:58:24,93416.06,INR,-93416.06,APK Owner,,,MAESTRO-APK-BUSINESS-BUSINESS_OPERATIONS-2133 | Accounting | 93416.06,Android,B43,RAMP_1501_2500,CREATED,idem-20260902-apk-2133
2134,MTR-APK-2134,Personal,Personal,Relationships,Friends,Expense,2025-10-01,14:23:12,2025-10-01 14:23:12,10606.65,INR,-10606.65,APK Owner,,,MAESTRO-APK-PERSONAL-RELATIONSHIPS-2134 | Friends | 10606.65,Android,B43,RAMP_1501_2500,CREATED,idem-20260902-apk-2134
2135,MTR-APK-2135,Group,Shared Experience,Office Outing,Travel,Expense,2026-02-09,20:51:50,2026-02-09 20:51:50,20191.66,INR,-20191.66,APK Owner,3,SHARES,MAESTRO-APK-GROUP-OFFICE_OUTING-2135 | Travel | 20191.66,Android,B43,RAMP_1501_2500,CREATED,idem-20260902-apk-2135
2136,MTR-APK-2136,Business,Business,Business Operations,Equipment,Expense,2025-10-18,05:47:33,2025-10-18 05:47:33,51172.67,INR,-51172.67,APK Owner,,,MAESTRO-APK-BUSINESS-BUSINESS_OPERATIONS-2136 | Equipment | 51172.67,Android,B43,RAMP_1501_2500,CREATED,idem-20260902-apk-2136
2137,MTR-APK-2137,Personal,Personal,Relationships,Celebrations,Expense,2025-09-14,15:19:21,2025-09-14 15:19:21,16000.44,INR,-16000.44,APK Owner,,,MAESTRO-APK-PERSONAL-RELATIONSHIPS-2137 | Celebrations | 16000.44,Android,B43,RAMP_1501_2500,CREATED,idem-20260902-apk-2137
2138,MTR-APK-2138,Group,Shared Experience,Office Outing,Activities,Expense,2025-09-13,10:17:28,2025-09-13 10:17:28,28631.64,INR,-28631.64,APK Aarav,3,EQUAL,MAESTRO-APK-GROUP-OFFICE_OUTING-2138 | Activities | 28631.64,Android,B43,RAMP_1501_2500,CREATED,idem-20260902-apk-2138
2139,MTR-APK-2139,Business,Business,Business Operations,Vendor,Expense,2025-12-09,23:08:44,2025-12-09 23:08:44,15709.6,INR,-15709.6,APK Owner,,,MAESTRO-APK-BUSINESS-BUSINESS_OPERATIONS-2139 | Vendor | 15709.60,Android,B43,RAMP_1501_2500,CREATED,idem-20260902-apk-2139
2140,MTR-APK-2140,Personal,Personal,Life Operations,Groceries,Expense,2025-09-25,09:25:00,2025-09-25 09:25:00,5350.7,INR,-5350.7,APK Owner,,,MAESTRO-APK-PERSONAL-LIFE_OPERATIONS-2140 | Groceries | 5350.70,Android,B43,RAMP_1501_2500,CREATED,idem-20260902-apk-2140
2141,MTR-APK-2141,Group,Shared Experience,Office Outing,Venue,Expense,2025-12-24,12:43:05,2025-12-24 12:43:05,26024.33,INR,-26024.33,APK Meera,3,PERCENTAGE,MAESTRO-APK-GROUP-OFFICE_OUTING-2141 | Venue | 26024.33,Android,B43,RAMP_1501_2500,CREATED,idem-20260902-apk-2141
2142,MTR-APK-2142,Business,Business,Business Operations,Tax,Expense,2025-12-11,11:59:35,2025-12-11 11:59:35,119670.62,INR,-119670.62,APK Owner,,,MAESTRO-APK-BUSINESS-BUSINESS_OPERATIONS-2142 | Tax | 119670.62,Android,B43,RAMP_1501_2500,CREATED,idem-20260902-apk-2142
2143,MTR-APK-2143,Personal,Personal,Life Operations,Rent,Expense,2026-01-27,12:08:53,2026-01-27 12:08:53,4810.11,INR,-4810.11,APK Owner,,,MAESTRO-APK-PERSONAL-LIFE_OPERATIONS-2143 | Rent | 4810.11,Android,B43,RAMP_1501_2500,CREATED,idem-20260902-apk-2143
2144,MTR-APK-2144,Group,Shared Experience,Office Outing,Other,Expense,2026-07-25,01:11:11,2026-07-25 01:11:11,3353.1,INR,-3353.1,APK Owner,3,EXACT,MAESTRO-APK-GROUP-OFFICE_OUTING-2144 | Other | 3353.10,Android,B43,RAMP_1501_2500,CREATED,idem-20260902-apk-2144
2145,MTR-APK-2145,Business,Business,Team Operations,Payroll,Expense,2026-07-18,18:39:52,2026-07-18 18:39:52,128415.54,INR,-128415.54,APK Owner,,,MAESTRO-APK-BUSINESS-TEAM_OPERATIONS-2145 | Payroll | 128415.54,Android,B43,RAMP_1501_2500,CREATED,idem-20260902-apk-2145
2146,MTR-APK-2146,Personal,Personal,Life Operations,Bills,Expense,2026-05-13,20:13:36,2026-05-13 20:13:36,999.99,INR,-999.99,APK Owner,,,MAESTRO-APK-PERSONAL-LIFE_OPERATIONS-2146 | Bills | 999.99,Android,B43,RAMP_1501_2500,CREATED,idem-20260902-apk-2146
2147,MTR-APK-2147,Group,Shared Experience,House Party,Food,Expense,2026-04-06,06:29:14,2026-04-06 06:29:14,23683.75,INR,-23683.75,APK Aarav,3,SHARES,MAESTRO-APK-GROUP-HOUSE_PARTY-2147 | Food | 23683.75,Android,B43,RAMP_1501_2500,CREATED,idem-20260902-apk-2147
2148,MTR-APK-2148,Business,Business,Team Operations,Contractor,Expense,2026-04-13,18:46:30,2026-04-13 18:46:30,90465.49,INR,-90465.49,APK Owner,,,MAESTRO-APK-BUSINESS-TEAM_OPERATIONS-2148 | Contractor | 90465.49,Android,B43,RAMP_1501_2500,CREATED,idem-20260902-apk-2148
2149,MTR-APK-2149,Personal,Personal,Life Operations,Transport,Expense,2025-11-15,11:10:29,2025-11-15 11:10:29,5123.48,INR,-5123.48,APK Owner,,,MAESTRO-APK-PERSONAL-LIFE_OPERATIONS-2149 | Transport | 5123.48,Android,B43,RAMP_1501_2500,CREATED,idem-20260902-apk-2149
2150,MTR-APK-2150,Group,Shared Experience,House Party,Drinks,Expense,2025-11-27,01:09:59,2025-11-27 01:09:59,8170.42,INR,-8170.42,APK Meera,3,EQUAL,MAESTRO-APK-GROUP-HOUSE_PARTY-2150 | Drinks | 8170.42,Android,B43,RAMP_1501_2500,CREATED,idem-20260902-apk-2150
2151,MTR-APK-2151,Business,Business,Team Operations,Hiring,Expense,2026-05-20,05:19:04,2026-05-20 05:19:04,174319.64,INR,-174319.64,APK Owner,,,MAESTRO-APK-BUSINESS-TEAM_OPERATIONS-2151 | Hiring | 174319.64,Android,B44,RAMP_1501_2500,CREATED,idem-20260902-apk-2151
2152,MTR-APK-2152,Personal,Personal,Life Operations,Healthcare,Expense,2026-07-26,03:51:01,2026-07-26 03:51:01,18547.17,INR,-18547.17,APK Owner,,,MAESTRO-APK-PERSONAL-LIFE_OPERATIONS-2152 | Healthcare | 18547.17,Android,B44,RAMP_1501_2500,CREATED,idem-20260902-apk-2152
2153,MTR-APK-2153,Group,Shared Experience,House Party,Decor,Expense,2026-08-02,19:55:35,2026-08-02 19:55:35,5737.41,INR,-5737.41,APK Owner,3,PERCENTAGE,MAESTRO-APK-GROUP-HOUSE_PARTY-2153 | Decor | 5737.41,Android,B44,RAMP_1501_2500,CREATED,idem-20260902-apk-2153
2154,MTR-APK-2154,Business,Business,Team Operations,Team Meal,Expense,2026-08-05,20:52:12,2026-08-05 20:52:12,55085.41,INR,-55085.41,APK Owner,,,MAESTRO-APK-BUSINESS-TEAM_OPERATIONS-2154 | Team Meal | 55085.41,Android,B44,RAMP_1501_2500,CREATED,idem-20260902-apk-2154
2155,MTR-APK-2155,Personal,Personal,Life Operations,Subscriptions,Expense,2025-10-01,22:56:27,2025-10-01 22:56:27,649.53,INR,-649.53,APK Owner,,,MAESTRO-APK-PERSONAL-LIFE_OPERATIONS-2155 | Subscriptions | 649.53,Android,B44,RAMP_1501_2500,CREATED,idem-20260902-apk-2155
2156,MTR-APK-2156,Group,Shared Experience,House Party,Supplies,Expense,2025-10-27,04:56:22,2025-10-27 04:56:22,15243.28,INR,-15243.28,APK Aarav,3,EXACT,MAESTRO-APK-GROUP-HOUSE_PARTY-2156 | Supplies | 15243.28,Android,B44,RAMP_1501_2500,CREATED,idem-20260902-apk-2156
2157,MTR-APK-2157,Business,Business,Team Operations,Travel,Expense,2026-08-04,07:17:39,2026-08-04 07:17:39,7560.67,INR,-7560.67,APK Owner,,,MAESTRO-APK-BUSINESS-TEAM_OPERATIONS-2157 | Travel | 7560.67,Android,B44,RAMP_1501_2500,CREATED,idem-20260902-apk-2157
2158,MTR-APK-2158,Personal,Personal,Life Operations,Repairs,Expense,2026-05-23,21:41:01,2026-05-23 21:41:01,13206.85,INR,-13206.85,APK Owner,,,MAESTRO-APK-PERSONAL-LIFE_OPERATIONS-2158 | Repairs | 13206.85,Android,B44,RAMP_1501_2500,CREATED,idem-20260902-apk-2158
2159,MTR-APK-2159,Group,Shared Experience,House Party,Other,Expense,2025-09-28,02:52:35,2025-09-28 02:52:35,224.85,INR,-224.85,APK Meera,3,SHARES,MAESTRO-APK-GROUP-HOUSE_PARTY-2159 | Other | 224.85,Android,B44,RAMP_1501_2500,CREATED,idem-20260902-apk-2159
2160,MTR-APK-2160,Business,Business,Team Operations,Training,Expense,2026-08-18,12:38:46,2026-08-18 12:38:46,80134.02,INR,-80134.02,APK Owner,,,MAESTRO-APK-BUSINESS-TEAM_OPERATIONS-2160 | Training | 80134.02,Android,B44,RAMP_1501_2500,CREATED,idem-20260902-apk-2160
2161,MTR-APK-2161,Personal,Personal,Future Building,Savings,Transfer,2025-09-13,12:37:45,2025-09-13 12:37:45,15623.21,INR,0.0,APK Owner,,,MAESTRO-APK-PERSONAL-FUTURE_BUILDING-2161 | Savings | 15623.21,Android,B44,RAMP_1501_2500,CREATED,idem-20260902-apk-2161
2162,MTR-APK-2162,Group,Shared Purchase,Gift Pool,Contribution,Contribution,2026-02-19,05:45:15,2026-02-19 05:45:15,29230.54,INR,29230.54,APK Owner,3,EQUAL,MAESTRO-APK-GROUP-GIFT_POOL-2162 | Contribution | 29230.54,Android,B44,RAMP_1501_2500,CREATED,idem-20260902-apk-2162
2163,MTR-APK-2163,Business,Business,Team Operations,Tools,Expense,2026-08-06,19:57:37,2026-08-06 19:57:37,175127.99,INR,-175127.99,APK Owner,,,MAESTRO-APK-BUSINESS-TEAM_OPERATIONS-2163 | Tools | 175127.99,Android,B44,RAMP_1501_2500,CREATED,idem-20260902-apk-2163
2164,MTR-APK-2164,Personal,Personal,Future Building,Emergency Fund,Transfer,2025-10-01,04:56:36,2025-10-01 04:56:36,9874.58,INR,0.0,APK Owner,,,MAESTRO-APK-PERSONAL-FUTURE_BUILDING-2164 | Emergency Fund | 9874.58,Android,B44,RAMP_1501_2500,CREATED,idem-20260902-apk-2164
2165,MTR-APK-2165,Group,Shared Purchase,Gift Pool,Gift Purchase,Expense,2026-03-27,23:41:27,2026-03-27 23:41:27,29829.01,INR,-29829.01,APK Aarav,3,PERCENTAGE,MAESTRO-APK-GROUP-GIFT_POOL-2165 | Gift Purchase | 29829.01,Android,B44,RAMP_1501_2500,CREATED,idem-20260902-apk-2165
2166,MTR-APK-2166,Business,Business,Business Runway,Funding,Income,2026-07-18,17:29:40,2026-07-18 17:29:40,50447.46,INR,50447.46,APK Owner,,,MAESTRO-APK-BUSINESS-BUSINESS_RUNWAY-2166 | Funding | 50447.46,Android,B44,RAMP_1501_2500,CREATED,idem-20260902-apk-2166
2167,MTR-APK-2167,Personal,Personal,Future Building,Investments,Investment,2025-09-04,01:02:25,2025-09-04 01:02:25,10050.17,INR,0.0,APK Owner,,,MAESTRO-APK-PERSONAL-FUTURE_BUILDING-2167 | Investments | 10050.17,Android,B44,RAMP_1501_2500,CREATED,idem-20260902-apk-2167
2168,MTR-APK-2168,Group,Shared Purchase,Gift Pool,Delivery,Expense,2025-12-13,14:49:56,2025-12-13 14:49:56,20006.14,INR,-20006.14,APK Meera,3,EXACT,MAESTRO-APK-GROUP-GIFT_POOL-2168 | Delivery | 20006.14,Android,B44,RAMP_1501_2500,CREATED,idem-20260902-apk-2168
2169,MTR-APK-2169,Business,Business,Business Runway,Revenue,Income,2025-09-01,03:13:20,2025-09-01 03:13:20,84498.85,INR,84498.85,APK Owner,,,MAESTRO-APK-BUSINESS-BUSINESS_RUNWAY-2169 | Revenue | 84498.85,Android,B44,RAMP_1501_2500,CREATED,idem-20260902-apk-2169
2170,MTR-APK-2170,Personal,Personal,Future Building,Education,Expense,2025-10-10,16:08:12,2025-10-10 16:08:12,19744.45,INR,-19744.45,APK Owner,,,MAESTRO-APK-PERSONAL-FUTURE_BUILDING-2170 | Education | 19744.45,Android,B44,RAMP_1501_2500,CREATED,idem-20260902-apk-2170
2171,MTR-APK-2171,Group,Shared Purchase,Gift Pool,Other,Expense,2025-10-02,03:31:06,2025-10-02 03:31:06,13733.63,INR,-13733.63,APK Owner,3,SHARES,MAESTRO-APK-GROUP-GIFT_POOL-2171 | Other | 13733.63,Android,B44,RAMP_1501_2500,CREATED,idem-20260902-apk-2171
2172,MTR-APK-2172,Business,Business,Business Runway,Burn,Expense,2026-01-13,09:24:56,2026-01-13 09:24:56,39403.13,INR,-39403.13,APK Owner,,,MAESTRO-APK-BUSINESS-BUSINESS_RUNWAY-2172 | Burn | 39403.13,Android,B44,RAMP_1501_2500,CREATED,idem-20260902-apk-2172
2173,MTR-APK-2173,Personal,Personal,Future Building,Goal Contribution,Transfer,2025-10-23,13:52:29,2025-10-23 13:52:29,11531.37,INR,0.0,APK Owner,,,MAESTRO-APK-PERSONAL-FUTURE_BUILDING-2173 | Goal Contribution | 11531.37,Android,B44,RAMP_1501_2500,CREATED,idem-20260902-apk-2173
2174,MTR-APK-2174,Group,Shared Purchase,Purchase,Item,Expense,2025-12-18,11:43:18,2025-12-18 11:43:18,18756.28,INR,-18756.28,APK Aarav,3,EQUAL,MAESTRO-APK-GROUP-PURCHASE-2174 | Item | 18756.28,Android,B44,RAMP_1501_2500,CREATED,idem-20260902-apk-2174
2175,MTR-APK-2175,Business,Business,Business Runway,Reserve,Transfer,2026-01-31,21:40:46,2026-01-31 21:40:46,120623.58,INR,0.0,APK Owner,,,MAESTRO-APK-BUSINESS-BUSINESS_RUNWAY-2175 | Reserve | 120623.58,Android,B44,RAMP_1501_2500,CREATED,idem-20260902-apk-2175
2176,MTR-APK-2176,Personal,Personal,Lifestyle,Dining,Expense,2026-03-26,10:18:24,2026-03-26 10:18:24,17564.43,INR,-17564.43,APK Owner,,,MAESTRO-APK-PERSONAL-LIFESTYLE-2176 | Dining | 17564.43,Android,B44,RAMP_1501_2500,CREATED,idem-20260902-apk-2176
2177,MTR-APK-2177,Group,Shared Purchase,Purchase,Shipping,Expense,2026-07-01,11:56:53,2026-07-01 11:56:53,24487.67,INR,-24487.67,APK Meera,3,PERCENTAGE,MAESTRO-APK-GROUP-PURCHASE-2177 | Shipping | 24487.67,Android,B44,RAMP_1501_2500,CREATED,idem-20260902-apk-2177
2178,MTR-APK-2178,Business,Business,Business Runway,Loan,Income,2025-10-08,05:25:54,2025-10-08 05:25:54,97363.51,INR,97363.51,APK Owner,,,MAESTRO-APK-BUSINESS-BUSINESS_RUNWAY-2178 | Loan | 97363.51,Android,B44,RAMP_1501_2500,CREATED,idem-20260902-apk-2178
2179,MTR-APK-2179,Personal,Personal,Lifestyle,Shopping,Expense,2026-04-17,21:06:18,2026-04-17 21:06:18,17349.59,INR,-17349.59,APK Owner,,,MAESTRO-APK-PERSONAL-LIFESTYLE-2179 | Shopping | 17349.59,Android,B44,RAMP_1501_2500,CREATED,idem-20260902-apk-2179
2180,MTR-APK-2180,Group,Shared Purchase,Purchase,Tax,Expense,2025-11-30,15:02:41,2025-11-30 15:02:41,18425.42,INR,-18425.42,APK Owner,3,EXACT,MAESTRO-APK-GROUP-PURCHASE-2180 | Tax | 18425.42,Android,B44,RAMP_1501_2500,CREATED,idem-20260902-apk-2180
2181,MTR-APK-2181,Business,Business,Business Runway,Investment,Income,2026-08-13,08:27:03,2026-08-13 08:27:03,114704.49,INR,114704.49,APK Owner,,,MAESTRO-APK-BUSINESS-BUSINESS_RUNWAY-2181 | Investment | 114704.49,Android,B44,RAMP_1501_2500,CREATED,idem-20260902-apk-2181
2182,MTR-APK-2182,Personal,Personal,Lifestyle,Entertainment,Expense,2026-06-29,09:32:55,2026-06-29 09:32:55,10460.45,INR,-10460.45,APK Owner,,,MAESTRO-APK-PERSONAL-LIFESTYLE-2182 | Entertainment | 10460.45,Android,B44,RAMP_1501_2500,CREATED,idem-20260902-apk-2182
2183,MTR-APK-2183,Group,Shared Purchase,Purchase,Other,Expense,2025-09-07,23:00:00,2025-09-07 23:00:00,10000.0,INR,-10000.0,APK Aarav,3,SHARES,MAESTRO-APK-GROUP-PURCHASE-2183 | Other | 10000.00,Android,B44,RAMP_1501_2500,CREATED,idem-20260902-apk-2183
2184,MTR-APK-2184,Business,Business,Business Operations,Software,Expense,2026-04-02,00:57:27,2026-04-02 00:57:27,9429.59,INR,-9429.59,APK Owner,,,MAESTRO-APK-BUSINESS-BUSINESS_OPERATIONS-2184 | Software | 9429.59,Android,B44,RAMP_1501_2500,CREATED,idem-20260902-apk-2184
2185,MTR-APK-2185,Personal,Personal,Lifestyle,Travel,Expense,2025-09-08,02:19:52,2025-09-08 02:19:52,11888.76,INR,-11888.76,APK Owner,,,MAESTRO-APK-PERSONAL-LIFESTYLE-2185 | Travel | 11888.76,Android,B44,RAMP_1501_2500,CREATED,idem-20260902-apk-2185
2186,MTR-APK-2186,Group,Shared Purchase,Assets,Purchase,Expense,2025-10-31,18:42:59,2025-10-31 18:42:59,16556.5,INR,-16556.5,APK Meera,3,EQUAL,MAESTRO-APK-GROUP-ASSETS-2186 | Purchase | 16556.50,Android,B44,RAMP_1501_2500,CREATED,idem-20260902-apk-2186
2187,MTR-APK-2187,Business,Business,Business Operations,Rent,Expense,2026-09-01,05:54:25,2026-09-01 05:54:25,159732.03,INR,-159732.03,APK Owner,,,MAESTRO-APK-BUSINESS-BUSINESS_OPERATIONS-2187 | Rent | 159732.03,Android,B44,RAMP_1501_2500,CREATED,idem-20260902-apk-2187
2188,MTR-APK-2188,Personal,Personal,Lifestyle,Fitness,Expense,2025-09-21,15:03:47,2025-09-21 15:03:47,5111.93,INR,-5111.93,APK Owner,,,MAESTRO-APK-PERSONAL-LIFESTYLE-2188 | Fitness | 5111.93,Android,B44,RAMP_1501_2500,CREATED,idem-20260902-apk-2188
2189,MTR-APK-2189,Group,Shared Purchase,Assets,Maintenance,Expense,2026-06-17,10:10:31,2026-06-17 10:10:31,16608.98,INR,-16608.98,APK Owner,3,PERCENTAGE,MAESTRO-APK-GROUP-ASSETS-2189 | Maintenance | 16608.98,Android,B44,RAMP_1501_2500,CREATED,idem-20260902-apk-2189
2190,MTR-APK-2190,Business,Business,Business Operations,Marketing,Expense,2026-02-23,14:06:46,2026-02-23 14:06:46,66558.54,INR,-66558.54,APK Owner,,,MAESTRO-APK-BUSINESS-BUSINESS_OPERATIONS-2190 | Marketing | 66558.54,Android,B44,RAMP_1501_2500,CREATED,idem-20260902-apk-2190
2191,MTR-APK-2191,Personal,Personal,Lifestyle,Hobbies,Expense,2026-03-31,17:46:39,2026-03-31 17:46:39,6123.34,INR,-6123.34,APK Owner,,,MAESTRO-APK-PERSONAL-LIFESTYLE-2191 | Hobbies | 6123.34,Android,B44,RAMP_1501_2500,CREATED,idem-20260902-apk-2191
2192,MTR-APK-2192,Group,Shared Purchase,Assets,Repair,Expense,2026-01-28,05:51:35,2026-01-28 05:51:35,23346.27,INR,-23346.27,APK Aarav,3,EXACT,MAESTRO-APK-GROUP-ASSETS-2192 | Repair | 23346.27,Android,B44,RAMP_1501_2500,CREATED,idem-20260902-apk-2192
2193,MTR-APK-2193,Business,Business,Business Operations,Legal,Expense,2025-10-27,04:02:14,2025-10-27 04:02:14,175095.51,INR,-175095.51,APK Owner,,,MAESTRO-APK-BUSINESS-BUSINESS_OPERATIONS-2193 | Legal | 175095.51,Android,B44,RAMP_1501_2500,CREATED,idem-20260902-apk-2193
2194,MTR-APK-2194,Personal,Personal,Relationships,Gifts,Expense,2025-12-18,01:37:49,2025-12-18 01:37:49,9114.49,INR,-9114.49,APK Owner,,,MAESTRO-APK-PERSONAL-RELATIONSHIPS-2194 | Gifts | 9114.49,Android,B44,RAMP_1501_2500,CREATED,idem-20260902-apk-2194
2195,MTR-APK-2195,Group,Shared Purchase,Assets,Insurance,Expense,2026-03-14,05:05:21,2026-03-14 05:05:21,16922.37,INR,-16922.37,APK Meera,3,SHARES,MAESTRO-APK-GROUP-ASSETS-2195 | Insurance | 16922.37,Android,B44,RAMP_1501_2500,CREATED,idem-20260902-apk-2195
2196,MTR-APK-2196,Business,Business,Business Operations,Accounting,Expense,2026-08-21,05:36:51,2026-08-21 05:36:51,36119.13,INR,-36119.13,APK Owner,,,MAESTRO-APK-BUSINESS-BUSINESS_OPERATIONS-2196 | Accounting | 36119.13,Android,B44,RAMP_1501_2500,CREATED,idem-20260902-apk-2196
2197,MTR-APK-2197,Personal,Personal,Relationships,Dates,Expense,2026-02-12,19:23:05,2026-02-12 19:23:05,17515.02,INR,-17515.02,APK Owner,,,MAESTRO-APK-PERSONAL-RELATIONSHIPS-2197 | Dates | 17515.02,Android,B44,RAMP_1501_2500,CREATED,idem-20260902-apk-2197
2198,MTR-APK-2198,Group,Shared Purchase,Assets,Other,Expense,2025-12-21,06:13:48,2025-12-21 06:13:48,29026.52,INR,-29026.52,APK Owner,3,EQUAL,MAESTRO-APK-GROUP-ASSETS-2198 | Other | 29026.52,Android,B44,RAMP_1501_2500,CREATED,idem-20260902-apk-2198
2199,MTR-APK-2199,Business,Business,Business Operations,Equipment,Expense,2026-05-27,21:16:19,2026-05-27 21:16:19,162269.13,INR,-162269.13,APK Owner,,,MAESTRO-APK-BUSINESS-BUSINESS_OPERATIONS-2199 | Equipment | 162269.13,Android,B44,RAMP_1501_2500,CREATED,idem-20260902-apk-2199
2200,MTR-APK-2200,Personal,Personal,Relationships,Family,Expense,2026-07-08,12:14:50,2026-07-08 12:14:50,17364.17,INR,-17364.17,APK Owner,,,MAESTRO-APK-PERSONAL-RELATIONSHIPS-2200 | Family | 17364.17,Android,B44,RAMP_1501_2500,CREATED,idem-20260902-apk-2200
2201,MTR-APK-2201,Group,Shared Purchase,Custom Purchase,Custom Expense,Expense,2025-09-24,07:01:49,2025-09-24 07:01:49,15153.66,INR,-15153.66,APK Aarav,3,PERCENTAGE,MAESTRO-APK-GROUP-CUSTOM_PURCHASE-2201 | Custom Expense | 15153.66,Android,B45,RAMP_1501_2500,CREATED,idem-20260902-apk-2201
2202,MTR-APK-2202,Business,Business,Business Operations,Vendor,Expense,2025-10-30,12:16:26,2025-10-30 12:16:26,100945.45,INR,-100945.45,APK Owner,,,MAESTRO-APK-BUSINESS-BUSINESS_OPERATIONS-2202 | Vendor | 100945.45,Android,B45,RAMP_1501_2500,CREATED,idem-20260902-apk-2202
2203,MTR-APK-2203,Personal,Personal,Relationships,Friends,Expense,2026-07-29,20:40:49,2026-07-29 20:40:49,5431.59,INR,-5431.59,APK Owner,,,MAESTRO-APK-PERSONAL-RELATIONSHIPS-2203 | Friends | 5431.59,Android,B45,RAMP_1501_2500,CREATED,idem-20260902-apk-2203
2204,MTR-APK-2204,Group,Shared Purchase,Custom Purchase,Custom Contribution,Contribution,2026-03-10,10:21:48,2026-03-10 10:21:48,1866.96,INR,1866.96,APK Meera,3,EXACT,MAESTRO-APK-GROUP-CUSTOM_PURCHASE-2204 | Custom Contribution | 1866.96,Android,B45,RAMP_1501_2500,CREATED,idem-20260902-apk-2204
2205,MTR-APK-2205,Business,Business,Business Operations,Tax,Expense,2026-05-28,06:52:47,2026-05-28 06:52:47,125414.62,INR,-125414.62,APK Owner,,,MAESTRO-APK-BUSINESS-BUSINESS_OPERATIONS-2205 | Tax | 125414.62,Android,B45,RAMP_1501_2500,CREATED,idem-20260902-apk-2205
2206,MTR-APK-2206,Personal,Personal,Relationships,Celebrations,Expense,2026-05-24,20:59:26,2026-05-24 20:59:26,8219.63,INR,-8219.63,APK Owner,,,MAESTRO-APK-PERSONAL-RELATIONSHIPS-2206 | Celebrations | 8219.63,Android,B45,RAMP_1501_2500,CREATED,idem-20260902-apk-2206
2207,MTR-APK-2207,Group,Shared Living,Flatmates,Rent,Expense,2025-09-23,19:39:23,2025-09-23 19:39:23,12317.22,INR,-12317.22,APK Owner,3,SHARES,MAESTRO-APK-GROUP-FLATMATES-2207 | Rent | 12317.22,Android,B45,RAMP_1501_2500,CREATED,idem-20260902-apk-2207
2208,MTR-APK-2208,Business,Business,Team Operations,Payroll,Expense,2026-09-01,03:07:13,2026-09-01 03:07:13,94363.57,INR,-94363.57,APK Owner,,,MAESTRO-APK-BUSINESS-TEAM_OPERATIONS-2208 | Payroll | 94363.57,Android,B45,RAMP_1501_2500,CREATED,idem-20260902-apk-2208
2209,MTR-APK-2209,Personal,Personal,Life Operations,Groceries,Expense,2025-10-09,05:01:38,2025-10-09 05:01:38,19306.68,INR,-19306.68,APK Owner,,,MAESTRO-APK-PERSONAL-LIFE_OPERATIONS-2209 | Groceries | 19306.68,Android,B45,RAMP_1501_2500,CREATED,idem-20260902-apk-2209
2210,MTR-APK-2210,Group,Shared Living,Flatmates,Utilities,Expense,2026-03-28,09:00:48,2026-03-28 09:00:48,24098.61,INR,-24098.61,APK Aarav,3,EQUAL,MAESTRO-APK-GROUP-FLATMATES-2210 | Utilities | 24098.61,Android,B45,RAMP_1501_2500,CREATED,idem-20260902-apk-2210
2211,MTR-APK-2211,Business,Business,Team Operations,Contractor,Expense,2026-08-08,06:36:40,2026-08-08 06:36:40,68314.26,INR,-68314.26,APK Owner,,,MAESTRO-APK-BUSINESS-TEAM_OPERATIONS-2211 | Contractor | 68314.26,Android,B45,RAMP_1501_2500,CREATED,idem-20260902-apk-2211
2212,MTR-APK-2212,Personal,Personal,Life Operations,Rent,Expense,2025-10-09,10:35:45,2025-10-09 10:35:45,19997.91,INR,-19997.91,APK Owner,,,MAESTRO-APK-PERSONAL-LIFE_OPERATIONS-2212 | Rent | 19997.91,Android,B45,RAMP_1501_2500,CREATED,idem-20260902-apk-2212
2213,MTR-APK-2213,Group,Shared Living,Flatmates,Groceries,Expense,2026-08-12,00:56:42,2026-08-12 00:56:42,21438.55,INR,-21438.55,APK Meera,3,PERCENTAGE,MAESTRO-APK-GROUP-FLATMATES-2213 | Groceries | 21438.55,Android,B45,RAMP_1501_2500,CREATED,idem-20260902-apk-2213
2214,MTR-APK-2214,Business,Business,Team Operations,Hiring,Expense,2025-12-28,21:06:00,2025-12-28 21:06:00,63613.26,INR,-63613.26,APK Owner,,,MAESTRO-APK-BUSINESS-TEAM_OPERATIONS-2214 | Hiring | 63613.26,Android,B45,RAMP_1501_2500,CREATED,idem-20260902-apk-2214
2215,MTR-APK-2215,Personal,Personal,Life Operations,Bills,Expense,2025-11-29,22:49:09,2025-11-29 22:49:09,11240.78,INR,-11240.78,APK Owner,,,MAESTRO-APK-PERSONAL-LIFE_OPERATIONS-2215 | Bills | 11240.78,Android,B45,RAMP_1501_2500,CREATED,idem-20260902-apk-2215
2216,MTR-APK-2216,Group,Shared Living,Flatmates,Internet,Expense,2026-02-11,13:53:11,2026-02-11 13:53:11,4146.32,INR,-4146.32,APK Owner,3,EXACT,MAESTRO-APK-GROUP-FLATMATES-2216 | Internet | 4146.32,Android,B45,RAMP_1501_2500,CREATED,idem-20260902-apk-2216
2217,MTR-APK-2217,Business,Business,Team Operations,Team Meal,Expense,2025-10-27,08:36:50,2025-10-27 08:36:50,123172.46,INR,-123172.46,APK Owner,,,MAESTRO-APK-BUSINESS-TEAM_OPERATIONS-2217 | Team Meal | 123172.46,Android,B45,RAMP_1501_2500,CREATED,idem-20260902-apk-2217
2218,MTR-APK-2218,Personal,Personal,Life Operations,Transport,Expense,2025-12-19,03:21:11,2025-12-19 03:21:11,12738.52,INR,-12738.52,APK Owner,,,MAESTRO-APK-PERSONAL-LIFE_OPERATIONS-2218 | Transport | 12738.52,Android,B45,RAMP_1501_2500,CREATED,idem-20260902-apk-2218
2219,MTR-APK-2219,Group,Shared Living,Flatmates,House Supplies,Expense,2026-07-12,03:23:06,2026-07-12 03:23:06,21547.59,INR,-21547.59,APK Aarav,3,SHARES,MAESTRO-APK-GROUP-FLATMATES-2219 | House Supplies | 21547.59,Android,B45,RAMP_1501_2500,CREATED,idem-20260902-apk-2219
2220,MTR-APK-2220,Business,Business,Team Operations,Travel,Expense,2026-05-17,02:38:23,2026-05-17 02:38:23,0.01,INR,-0.01,APK Owner,,,MAESTRO-APK-BUSINESS-TEAM_OPERATIONS-2220 | Travel | 0.01,Android,B45,RAMP_1501_2500,CREATED,idem-20260902-apk-2220
2221,MTR-APK-2221,Personal,Personal,Life Operations,Healthcare,Expense,2026-07-21,23:54:32,2026-07-21 23:54:32,12636.92,INR,-12636.92,APK Owner,,,MAESTRO-APK-PERSONAL-LIFE_OPERATIONS-2221 | Healthcare | 12636.92,Android,B45,RAMP_1501_2500,CREATED,idem-20260902-apk-2221
2222,MTR-APK-2222,Group,Shared Living,Flatmates,Repairs,Expense,2026-08-01,07:30:14,2026-08-01 07:30:14,4139.51,INR,-4139.51,APK Meera,3,EQUAL,MAESTRO-APK-GROUP-FLATMATES-2222 | Repairs | 4139.51,Android,B45,RAMP_1501_2500,CREATED,idem-20260902-apk-2222
2223,MTR-APK-2223,Business,Business,Team Operations,Training,Expense,2026-06-08,14:47:02,2026-06-08 14:47:02,7599.39,INR,-7599.39,APK Owner,,,MAESTRO-APK-BUSINESS-TEAM_OPERATIONS-2223 | Training | 7599.39,Android,B45,RAMP_1501_2500,CREATED,idem-20260902-apk-2223
2224,MTR-APK-2224,Personal,Personal,Life Operations,Subscriptions,Expense,2026-02-20,21:33:32,2026-02-20 21:33:32,13386.07,INR,-13386.07,APK Owner,,,MAESTRO-APK-PERSONAL-LIFE_OPERATIONS-2224 | Subscriptions | 13386.07,Android,B45,RAMP_1501_2500,CREATED,idem-20260902-apk-2224
2225,MTR-APK-2225,Group,Shared Living,Shared Living,Rent,Expense,2026-07-30,07:20:25,2026-07-30 07:20:25,7109.74,INR,-7109.74,APK Owner,3,PERCENTAGE,MAESTRO-APK-GROUP-SHARED_LIVING-2225 | Rent | 7109.74,Android,B45,RAMP_1501_2500,CREATED,idem-20260902-apk-2225
2226,MTR-APK-2226,Business,Business,Team Operations,Tools,Expense,2026-06-09,01:42:40,2026-06-09 01:42:40,29831.41,INR,-29831.41,APK Owner,,,MAESTRO-APK-BUSINESS-TEAM_OPERATIONS-2226 | Tools | 29831.41,Android,B45,RAMP_1501_2500,CREATED,idem-20260902-apk-2226
2227,MTR-APK-2227,Personal,Personal,Life Operations,Repairs,Expense,2026-05-18,23:04:38,2026-05-18 23:04:38,18525.27,INR,-18525.27,APK Owner,,,MAESTRO-APK-PERSONAL-LIFE_OPERATIONS-2227 | Repairs | 18525.27,Android,B45,RAMP_1501_2500,CREATED,idem-20260902-apk-2227
2228,MTR-APK-2228,Group,Shared Living,Shared Living,Utilities,Expense,2025-10-31,00:04:25,2025-10-31 00:04:25,2691.5,INR,-2691.5,APK Aarav,3,EXACT,MAESTRO-APK-GROUP-SHARED_LIVING-2228 | Utilities | 2691.50,Android,B45,RAMP_1501_2500,CREATED,idem-20260902-apk-2228
2229,MTR-APK-2229,Business,Business,Business Runway,Funding,Income,2026-02-08,16:18:58,2026-02-08 16:18:58,155993.44,INR,155993.44,APK Owner,,,MAESTRO-APK-BUSINESS-BUSINESS_RUNWAY-2229 | Funding | 155993.44,Android,B45,RAMP_1501_2500,CREATED,idem-20260902-apk-2229
2230,MTR-APK-2230,Personal,Personal,Future Building,Savings,Transfer,2026-08-16,00:54:35,2026-08-16 00:54:35,4400.42,INR,0.0,APK Owner,,,MAESTRO-APK-PERSONAL-FUTURE_BUILDING-2230 | Savings | 4400.42,Android,B45,RAMP_1501_2500,CREATED,idem-20260902-apk-2230
2231,MTR-APK-2231,Group,Shared Living,Shared Living,Groceries,Expense,2025-11-14,02:50:00,2025-11-14 02:50:00,23257.98,INR,-23257.98,APK Meera,3,SHARES,MAESTRO-APK-GROUP-SHARED_LIVING-2231 | Groceries | 23257.98,Android,B45,RAMP_1501_2500,CREATED,idem-20260902-apk-2231
2232,MTR-APK-2232,Business,Business,Business Runway,Revenue,Income,2025-09-28,08:05:35,2025-09-28 08:05:35,177373.26,INR,177373.26,APK Owner,,,MAESTRO-APK-BUSINESS-BUSINESS_RUNWAY-2232 | Revenue | 177373.26,Android,B45,RAMP_1501_2500,CREATED,idem-20260902-apk-2232
2233,MTR-APK-2233,Personal,Personal,Future Building,Emergency Fund,Transfer,2025-12-23,03:10:18,2025-12-23 03:10:18,16227.67,INR,0.0,APK Owner,,,MAESTRO-APK-PERSONAL-FUTURE_BUILDING-2233 | Emergency Fund | 16227.67,Android,B45,RAMP_1501_2500,CREATED,idem-20260902-apk-2233
2234,MTR-APK-2234,Group,Shared Living,Shared Living,Maintenance,Expense,2026-01-26,12:44:56,2026-01-26 12:44:56,28260.34,INR,-28260.34,APK Owner,3,EQUAL,MAESTRO-APK-GROUP-SHARED_LIVING-2234 | Maintenance | 28260.34,Android,B45,RAMP_1501_2500,CREATED,idem-20260902-apk-2234
2235,MTR-APK-2235,Business,Business,Business Runway,Burn,Expense,2026-03-27,06:37:04,2026-03-27 06:37:04,39584.44,INR,-39584.44,APK Owner,,,MAESTRO-APK-BUSINESS-BUSINESS_RUNWAY-2235 | Burn | 39584.44,Android,B45,RAMP_1501_2500,CREATED,idem-20260902-apk-2235
2236,MTR-APK-2236,Personal,Personal,Future Building,Investments,Investment,2025-09-06,20:48:06,2025-09-06 20:48:06,2634.62,INR,0.0,APK Owner,,,MAESTRO-APK-PERSONAL-FUTURE_BUILDING-2236 | Investments | 2634.62,Android,B45,RAMP_1501_2500,CREATED,idem-20260902-apk-2236
2237,MTR-APK-2237,Group,Shared Living,Shared Living,Other,Expense,2025-10-28,13:28:15,2025-10-28 13:28:15,29315.0,INR,-29315.0,APK Aarav,3,PERCENTAGE,MAESTRO-APK-GROUP-SHARED_LIVING-2237 | Other | 29315.00,Android,B45,RAMP_1501_2500,CREATED,idem-20260902-apk-2237
2238,MTR-APK-2238,Business,Business,Business Runway,Reserve,Transfer,2026-07-13,00:27:14,2026-07-13 00:27:14,89208.43,INR,0.0,APK Owner,,,MAESTRO-APK-BUSINESS-BUSINESS_RUNWAY-2238 | Reserve | 89208.43,Android,B45,RAMP_1501_2500,CREATED,idem-20260902-apk-2238
2239,MTR-APK-2239,Personal,Personal,Future Building,Education,Expense,2026-01-27,06:43:56,2026-01-27 06:43:56,6854.55,INR,-6854.55,APK Owner,,,MAESTRO-APK-PERSONAL-FUTURE_BUILDING-2239 | Education | 6854.55,Android,B45,RAMP_1501_2500,CREATED,idem-20260902-apk-2239
2240,MTR-APK-2240,Group,Shared Living,Family Household,Rent,Expense,2025-12-18,05:13:28,2025-12-18 05:13:28,20120.66,INR,-20120.66,APK Meera,3,EXACT,MAESTRO-APK-GROUP-FAMILY_HOUSEHOLD-2240 | Rent | 20120.66,Android,B45,RAMP_1501_2500,CREATED,idem-20260902-apk-2240
2241,MTR-APK-2241,Business,Business,Business Runway,Loan,Income,2026-06-12,15:31:43,2026-06-12 15:31:43,88717.43,INR,88717.43,APK Owner,,,MAESTRO-APK-BUSINESS-BUSINESS_RUNWAY-2241 | Loan | 88717.43,Android,B45,RAMP_1501_2500,CREATED,idem-20260902-apk-2241
2242,MTR-APK-2242,Personal,Personal,Future Building,Goal Contribution,Transfer,2025-12-27,08:28:09,2025-12-27 08:28:09,7333.37,INR,0.0,APK Owner,,,MAESTRO-APK-PERSONAL-FUTURE_BUILDING-2242 | Goal Contribution | 7333.37,Android,B45,RAMP_1501_2500,CREATED,idem-20260902-apk-2242
2243,MTR-APK-2243,Group,Shared Living,Family Household,Groceries,Expense,2025-10-28,22:53:14,2025-10-28 22:53:14,29796.76,INR,-29796.76,APK Owner,3,SHARES,MAESTRO-APK-GROUP-FAMILY_HOUSEHOLD-2243 | Groceries | 29796.76,Android,B45,RAMP_1501_2500,CREATED,idem-20260902-apk-2243
2244,MTR-APK-2244,Business,Business,Business Runway,Investment,Income,2026-04-24,21:49:35,2026-04-24 21:49:35,115238.34,INR,115238.34,APK Owner,,,MAESTRO-APK-BUSINESS-BUSINESS_RUNWAY-2244 | Investment | 115238.34,Android,B45,RAMP_1501_2500,CREATED,idem-20260902-apk-2244
2245,MTR-APK-2245,Personal,Personal,Lifestyle,Dining,Expense,2025-12-14,06:47:27,2025-12-14 06:47:27,12972.71,INR,-12972.71,APK Owner,,,MAESTRO-APK-PERSONAL-LIFESTYLE-2245 | Dining | 12972.71,Android,B45,RAMP_1501_2500,CREATED,idem-20260902-apk-2245
2246,MTR-APK-2246,Group,Shared Living,Family Household,Transport,Expense,2025-10-09,18:33:29,2025-10-09 18:33:29,27979.56,INR,-27979.56,APK Aarav,3,EQUAL,MAESTRO-APK-GROUP-FAMILY_HOUSEHOLD-2246 | Transport | 27979.56,Android,B45,RAMP_1501_2500,CREATED,idem-20260902-apk-2246
2247,MTR-APK-2247,Business,Business,Business Operations,Software,Expense,2025-12-04,00:50:22,2025-12-04 00:50:22,83867.98,INR,-83867.98,APK Owner,,,MAESTRO-APK-BUSINESS-BUSINESS_OPERATIONS-2247 | Software | 83867.98,Android,B45,RAMP_1501_2500,CREATED,idem-20260902-apk-2247
2248,MTR-APK-2248,Personal,Personal,Lifestyle,Shopping,Expense,2026-04-27,18:13:25,2026-04-27 18:13:25,3408.38,INR,-3408.38,APK Owner,,,MAESTRO-APK-PERSONAL-LIFESTYLE-2248 | Shopping | 3408.38,Android,B45,RAMP_1501_2500,CREATED,idem-20260902-apk-2248
2249,MTR-APK-2249,Group,Shared Living,Family Household,Bills,Expense,2025-09-23,09:17:58,2025-09-23 09:17:58,10492.65,INR,-10492.65,APK Meera,3,PERCENTAGE,MAESTRO-APK-GROUP-FAMILY_HOUSEHOLD-2249 | Bills | 10492.65,Android,B45,RAMP_1501_2500,CREATED,idem-20260902-apk-2249
2250,MTR-APK-2250,Business,Business,Business Operations,Rent,Expense,2026-07-13,22:32:07,2026-07-13 22:32:07,88946.38,INR,-88946.38,APK Owner,,,MAESTRO-APK-BUSINESS-BUSINESS_OPERATIONS-2250 | Rent | 88946.38,Android,B45,RAMP_1501_2500,CREATED,idem-20260902-apk-2250
2251,MTR-APK-2251,Personal,Personal,Lifestyle,Entertainment,Expense,2026-03-29,10:52:59,2026-03-29 10:52:59,10267.27,INR,-10267.27,APK Owner,,,MAESTRO-APK-PERSONAL-LIFESTYLE-2251 | Entertainment | 10267.27,Android,B46,RAMP_1501_2500,CREATED,idem-20260902-apk-2251
2252,MTR-APK-2252,Group,Shared Living,Family Household,Utilities,Expense,2026-09-01,04:06:44,2026-09-01 04:06:44,25304.12,INR,-25304.12,APK Owner,3,EXACT,MAESTRO-APK-GROUP-FAMILY_HOUSEHOLD-2252 | Utilities | 25304.12,Android,B46,RAMP_1501_2500,CREATED,idem-20260902-apk-2252
2253,MTR-APK-2253,Business,Business,Business Operations,Marketing,Expense,2026-03-18,13:59:15,2026-03-18 13:59:15,112380.21,INR,-112380.21,APK Owner,,,MAESTRO-APK-BUSINESS-BUSINESS_OPERATIONS-2253 | Marketing | 112380.21,Android,B46,RAMP_1501_2500,CREATED,idem-20260902-apk-2253
2254,MTR-APK-2254,Personal,Personal,Lifestyle,Travel,Expense,2026-07-18,04:34:56,2026-07-18 04:34:56,7483.48,INR,-7483.48,APK Owner,,,MAESTRO-APK-PERSONAL-LIFESTYLE-2254 | Travel | 7483.48,Android,B46,RAMP_1501_2500,CREATED,idem-20260902-apk-2254
2255,MTR-APK-2255,Group,Shared Living,Family Household,Healthcare,Expense,2026-07-12,15:33:17,2026-07-12 15:33:17,21334.28,INR,-21334.28,APK Aarav,3,SHARES,MAESTRO-APK-GROUP-FAMILY_HOUSEHOLD-2255 | Healthcare | 21334.28,Android,B46,RAMP_1501_2500,CREATED,idem-20260902-apk-2255
2256,MTR-APK-2256,Business,Business,Business Operations,Legal,Expense,2026-08-28,09:33:12,2026-08-28 09:33:12,167843.86,INR,-167843.86,APK Owner,,,MAESTRO-APK-BUSINESS-BUSINESS_OPERATIONS-2256 | Legal | 167843.86,Android,B46,RAMP_1501_2500,CREATED,idem-20260902-apk-2256
2257,MTR-APK-2257,Personal,Personal,Lifestyle,Fitness,Expense,2025-11-14,20:03:16,2025-11-14 20:03:16,1.0,INR,-1.0,APK Owner,,,MAESTRO-APK-PERSONAL-LIFESTYLE-2257 | Fitness | 1.00,Android,B46,RAMP_1501_2500,CREATED,idem-20260902-apk-2257
2258,MTR-APK-2258,Group,Shared Living,Custom Living,Custom Expense,Expense,2025-10-23,06:36:45,2025-10-23 06:36:45,20374.92,INR,-20374.92,APK Meera,3,EQUAL,MAESTRO-APK-GROUP-CUSTOM_LIVING-2258 | Custom Expense | 20374.92,Android,B46,RAMP_1501_2500,CREATED,idem-20260902-apk-2258
2259,MTR-APK-2259,Business,Business,Business Operations,Accounting,Expense,2026-06-05,11:29:15,2026-06-05 11:29:15,113724.16,INR,-113724.16,APK Owner,,,MAESTRO-APK-BUSINESS-BUSINESS_OPERATIONS-2259 | Accounting | 113724.16,Android,B46,RAMP_1501_2500,CREATED,idem-20260902-apk-2259
2260,MTR-APK-2260,Personal,Personal,Lifestyle,Hobbies,Expense,2025-09-30,08:47:09,2025-09-30 08:47:09,15858.4,INR,-15858.4,APK Owner,,,MAESTRO-APK-PERSONAL-LIFESTYLE-2260 | Hobbies | 15858.40,Android,B46,RAMP_1501_2500,CREATED,idem-20260902-apk-2260
2261,MTR-APK-2261,Group,Shared Living,Custom Living,Custom Contribution,Contribution,2026-06-08,21:26:46,2026-06-08 21:26:46,3213.56,INR,3213.56,APK Owner,3,PERCENTAGE,MAESTRO-APK-GROUP-CUSTOM_LIVING-2261 | Custom Contribution | 3213.56,Android,B46,RAMP_1501_2500,CREATED,idem-20260902-apk-2261
2262,MTR-APK-2262,Business,Business,Business Operations,Equipment,Expense,2026-07-03,23:42:32,2026-07-03 23:42:32,177953.0,INR,-177953.0,APK Owner,,,MAESTRO-APK-BUSINESS-BUSINESS_OPERATIONS-2262 | Equipment | 177953.00,Android,B46,RAMP_1501_2500,CREATED,idem-20260902-apk-2262
2263,MTR-APK-2263,Personal,Personal,Relationships,Gifts,Expense,2026-06-04,11:32:52,2026-06-04 11:32:52,7694.6,INR,-7694.6,APK Owner,,,MAESTRO-APK-PERSONAL-RELATIONSHIPS-2263 | Gifts | 7694.60,Android,B46,RAMP_1501_2500,CREATED,idem-20260902-apk-2263
2264,MTR-APK-2264,Group,Shared Experience,Trip,Travel,Expense,2026-08-02,21:10:14,2026-08-02 21:10:14,20141.92,INR,-20141.92,APK Aarav,3,EXACT,MAESTRO-APK-GROUP-TRIP-2264 | Travel | 20141.92,Android,B46,RAMP_1501_2500,CREATED,idem-20260902-apk-2264
2265,MTR-APK-2265,Business,Business,Business Operations,Vendor,Expense,2026-08-01,13:00:54,2026-08-01 13:00:54,167414.3,INR,-167414.3,APK Owner,,,MAESTRO-APK-BUSINESS-BUSINESS_OPERATIONS-2265 | Vendor | 167414.30,Android,B46,RAMP_1501_2500,CREATED,idem-20260902-apk-2265
2266,MTR-APK-2266,Personal,Personal,Relationships,Dates,Expense,2026-03-09,02:53:29,2026-03-09 02:53:29,8430.21,INR,-8430.21,APK Owner,,,MAESTRO-APK-PERSONAL-RELATIONSHIPS-2266 | Dates | 8430.21,Android,B46,RAMP_1501_2500,CREATED,idem-20260902-apk-2266
2267,MTR-APK-2267,Group,Shared Experience,Trip,Stay,Expense,2026-04-14,17:59:32,2026-04-14 17:59:32,21861.07,INR,-21861.07,APK Meera,3,SHARES,MAESTRO-APK-GROUP-TRIP-2267 | Stay | 21861.07,Android,B46,RAMP_1501_2500,CREATED,idem-20260902-apk-2267
2268,MTR-APK-2268,Business,Business,Business Operations,Tax,Expense,2025-09-11,02:07:41,2025-09-11 02:07:41,13793.31,INR,-13793.31,APK Owner,,,MAESTRO-APK-BUSINESS-BUSINESS_OPERATIONS-2268 | Tax | 13793.31,Android,B46,RAMP_1501_2500,CREATED,idem-20260902-apk-2268
2269,MTR-APK-2269,Personal,Personal,Relationships,Family,Expense,2026-02-09,08:46:04,2026-02-09 08:46:04,6338.79,INR,-6338.79,APK Owner,,,MAESTRO-APK-PERSONAL-RELATIONSHIPS-2269 | Family | 6338.79,Android,B46,RAMP_1501_2500,CREATED,idem-20260902-apk-2269
2270,MTR-APK-2270,Group,Shared Experience,Trip,Food,Expense,2026-06-19,18:39:39,2026-06-19 18:39:39,24935.98,INR,-24935.98,APK Owner,3,EQUAL,MAESTRO-APK-GROUP-TRIP-2270 | Food | 24935.98,Android,B46,RAMP_1501_2500,CREATED,idem-20260902-apk-2270
2271,MTR-APK-2271,Business,Business,Team Operations,Payroll,Expense,2025-12-22,18:23:09,2025-12-22 18:23:09,128200.48,INR,-128200.48,APK Owner,,,MAESTRO-APK-BUSINESS-TEAM_OPERATIONS-2271 | Payroll | 128200.48,Android,B46,RAMP_1501_2500,CREATED,idem-20260902-apk-2271
2272,MTR-APK-2272,Personal,Personal,Relationships,Friends,Expense,2025-09-13,15:42:41,2025-09-13 15:42:41,9614.67,INR,-9614.67,APK Owner,,,MAESTRO-APK-PERSONAL-RELATIONSHIPS-2272 | Friends | 9614.67,Android,B46,RAMP_1501_2500,CREATED,idem-20260902-apk-2272
2273,MTR-APK-2273,Group,Shared Experience,Trip,Local Transport,Expense,2026-06-30,10:26:56,2026-06-30 10:26:56,6594.89,INR,-6594.89,APK Aarav,3,PERCENTAGE,MAESTRO-APK-GROUP-TRIP-2273 | Local Transport | 6594.89,Android,B46,RAMP_1501_2500,CREATED,idem-20260902-apk-2273
2274,MTR-APK-2274,Business,Business,Team Operations,Contractor,Expense,2026-04-06,01:34:47,2026-04-06 01:34:47,111373.3,INR,-111373.3,APK Owner,,,MAESTRO-APK-BUSINESS-TEAM_OPERATIONS-2274 | Contractor | 111373.30,Android,B46,RAMP_1501_2500,CREATED,idem-20260902-apk-2274
2275,MTR-APK-2275,Personal,Personal,Relationships,Celebrations,Expense,2025-11-06,23:46:34,2025-11-06 23:46:34,9304.49,INR,-9304.49,APK Owner,,,MAESTRO-APK-PERSONAL-RELATIONSHIPS-2275 | Celebrations | 9304.49,Android,B46,RAMP_1501_2500,CREATED,idem-20260902-apk-2275
2276,MTR-APK-2276,Group,Shared Experience,Trip,Activities,Expense,2026-04-07,20:52:26,2026-04-07 20:52:26,1062.34,INR,-1062.34,APK Meera,3,EXACT,MAESTRO-APK-GROUP-TRIP-2276 | Activities | 1062.34,Android,B46,RAMP_1501_2500,CREATED,idem-20260902-apk-2276
2277,MTR-APK-2277,Business,Business,Team Operations,Hiring,Expense,2026-06-27,00:57:51,2026-06-27 00:57:51,160214.69,INR,-160214.69,APK Owner,,,MAESTRO-APK-BUSINESS-TEAM_OPERATIONS-2277 | Hiring | 160214.69,Android,B46,RAMP_1501_2500,CREATED,idem-20260902-apk-2277
2278,MTR-APK-2278,Personal,Personal,Life Operations,Groceries,Expense,2026-05-24,15:59:34,2026-05-24 15:59:34,19485.09,INR,-19485.09,APK Owner,,,MAESTRO-APK-PERSONAL-LIFE_OPERATIONS-2278 | Groceries | 19485.09,Android,B46,RAMP_1501_2500,CREATED,idem-20260902-apk-2278
2279,MTR-APK-2279,Group,Shared Experience,Trip,Shopping,Expense,2025-10-25,09:55:11,2025-10-25 09:55:11,25410.62,INR,-25410.62,APK Owner,3,SHARES,MAESTRO-APK-GROUP-TRIP-2279 | Shopping | 25410.62,Android,B46,RAMP_1501_2500,CREATED,idem-20260902-apk-2279
2280,MTR-APK-2280,Business,Business,Team Operations,Team Meal,Expense,2026-07-11,13:48:59,2026-07-11 13:48:59,114265.65,INR,-114265.65,APK Owner,,,MAESTRO-APK-BUSINESS-TEAM_OPERATIONS-2280 | Team Meal | 114265.65,Android,B46,RAMP_1501_2500,CREATED,idem-20260902-apk-2280
2281,MTR-APK-2281,Personal,Personal,Life Operations,Rent,Expense,2025-10-07,03:57:02,2025-10-07 03:57:02,10764.41,INR,-10764.41,APK Owner,,,MAESTRO-APK-PERSONAL-LIFE_OPERATIONS-2281 | Rent | 10764.41,Android,B46,RAMP_1501_2500,CREATED,idem-20260902-apk-2281
2282,MTR-APK-2282,Group,Shared Experience,Trip,Other,Expense,2026-07-27,00:44:46,2026-07-27 00:44:46,29123.35,INR,-29123.35,APK Aarav,3,EQUAL,MAESTRO-APK-GROUP-TRIP-2282 | Other | 29123.35,Android,B46,RAMP_1501_2500,CREATED,idem-20260902-apk-2282
2283,MTR-APK-2283,Business,Business,Team Operations,Travel,Expense,2026-01-02,18:48:19,2026-01-02 18:48:19,89782.28,INR,-89782.28,APK Owner,,,MAESTRO-APK-BUSINESS-TEAM_OPERATIONS-2283 | Travel | 89782.28,Android,B46,RAMP_1501_2500,CREATED,idem-20260902-apk-2283
2284,MTR-APK-2284,Personal,Personal,Life Operations,Bills,Expense,2025-12-21,05:14:47,2025-12-21 05:14:47,11896.14,INR,-11896.14,APK Owner,,,MAESTRO-APK-PERSONAL-LIFE_OPERATIONS-2284 | Bills | 11896.14,Android,B46,RAMP_1501_2500,CREATED,idem-20260902-apk-2284
2285,MTR-APK-2285,Group,Shared Experience,Wedding,Venue,Expense,2026-06-20,01:33:30,2026-06-20 01:33:30,19700.43,INR,-19700.43,APK Meera,3,PERCENTAGE,MAESTRO-APK-GROUP-WEDDING-2285 | Venue | 19700.43,Android,B46,RAMP_1501_2500,CREATED,idem-20260902-apk-2285
2286,MTR-APK-2286,Business,Business,Team Operations,Training,Expense,2025-09-25,15:56:58,2025-09-25 15:56:58,129079.45,INR,-129079.45,APK Owner,,,MAESTRO-APK-BUSINESS-TEAM_OPERATIONS-2286 | Training | 129079.45,Android,B46,RAMP_1501_2500,CREATED,idem-20260902-apk-2286
2287,MTR-APK-2287,Personal,Personal,Life Operations,Transport,Expense,2026-04-18,20:28:20,2026-04-18 20:28:20,5620.65,INR,-5620.65,APK Owner,,,MAESTRO-APK-PERSONAL-LIFE_OPERATIONS-2287 | Transport | 5620.65,Android,B46,RAMP_1501_2500,CREATED,idem-20260902-apk-2287
2288,MTR-APK-2288,Group,Shared Experience,Wedding,Catering,Expense,2026-03-21,09:06:01,2026-03-21 09:06:01,8126.78,INR,-8126.78,APK Owner,3,EXACT,MAESTRO-APK-GROUP-WEDDING-2288 | Catering | 8126.78,Android,B46,RAMP_1501_2500,CREATED,idem-20260902-apk-2288
2289,MTR-APK-2289,Business,Business,Team Operations,Tools,Expense,2026-04-07,19:57:58,2026-04-07 19:57:58,160917.67,INR,-160917.67,APK Owner,,,MAESTRO-APK-BUSINESS-TEAM_OPERATIONS-2289 | Tools | 160917.67,Android,B46,RAMP_1501_2500,CREATED,idem-20260902-apk-2289
2290,MTR-APK-2290,Personal,Personal,Life Operations,Healthcare,Expense,2026-03-22,21:37:58,2026-03-22 21:37:58,2412.76,INR,-2412.76,APK Owner,,,MAESTRO-APK-PERSONAL-LIFE_OPERATIONS-2290 | Healthcare | 2412.76,Android,B46,RAMP_1501_2500,CREATED,idem-20260902-apk-2290
2291,MTR-APK-2291,Group,Shared Experience,Wedding,Decor,Expense,2026-06-06,13:53:36,2026-06-06 13:53:36,29053.05,INR,-29053.05,APK Aarav,3,SHARES,MAESTRO-APK-GROUP-WEDDING-2291 | Decor | 29053.05,Android,B46,RAMP_1501_2500,CREATED,idem-20260902-apk-2291
2292,MTR-APK-2292,Business,Business,Business Runway,Funding,Income,2026-08-18,07:34:20,2026-08-18 07:34:20,116205.32,INR,116205.32,APK Owner,,,MAESTRO-APK-BUSINESS-BUSINESS_RUNWAY-2292 | Funding | 116205.32,Android,B46,RAMP_1501_2500,CREATED,idem-20260902-apk-2292
2293,MTR-APK-2293,Personal,Personal,Life Operations,Subscriptions,Expense,2026-06-01,15:43:12,2026-06-01 15:43:12,12234.08,INR,-12234.08,APK Owner,,,MAESTRO-APK-PERSONAL-LIFE_OPERATIONS-2293 | Subscriptions | 12234.08,Android,B46,RAMP_1501_2500,CREATED,idem-20260902-apk-2293
2294,MTR-APK-2294,Group,Shared Experience,Wedding,Travel,Expense,2025-10-09,23:08:40,2025-10-09 23:08:40,99.99,INR,-99.99,APK Meera,3,EQUAL,MAESTRO-APK-GROUP-WEDDING-2294 | Travel | 99.99,Android,B46,RAMP_1501_2500,CREATED,idem-20260902-apk-2294
2295,MTR-APK-2295,Business,Business,Business Runway,Revenue,Income,2026-02-08,21:28:38,2026-02-08 21:28:38,31866.94,INR,31866.94,APK Owner,,,MAESTRO-APK-BUSINESS-BUSINESS_RUNWAY-2295 | Revenue | 31866.94,Android,B46,RAMP_1501_2500,CREATED,idem-20260902-apk-2295
2296,MTR-APK-2296,Personal,Personal,Life Operations,Repairs,Expense,2025-11-21,16:44:50,2025-11-21 16:44:50,13547.93,INR,-13547.93,APK Owner,,,MAESTRO-APK-PERSONAL-LIFE_OPERATIONS-2296 | Repairs | 13547.93,Android,B46,RAMP_1501_2500,CREATED,idem-20260902-apk-2296
2297,MTR-APK-2297,Group,Shared Experience,Wedding,Gifts,Expense,2026-08-01,07:57:57,2026-08-01 07:57:57,15919.15,INR,-15919.15,APK Owner,3,PERCENTAGE,MAESTRO-APK-GROUP-WEDDING-2297 | Gifts | 15919.15,Android,B46,RAMP_1501_2500,CREATED,idem-20260902-apk-2297
2298,MTR-APK-2298,Business,Business,Business Runway,Burn,Expense,2026-01-28,17:48:23,2026-01-28 17:48:23,102203.0,INR,-102203.0,APK Owner,,,MAESTRO-APK-BUSINESS-BUSINESS_RUNWAY-2298 | Burn | 102203.00,Android,B46,RAMP_1501_2500,CREATED,idem-20260902-apk-2298
2299,MTR-APK-2299,Personal,Personal,Future Building,Savings,Transfer,2026-06-19,17:15:16,2026-06-19 17:15:16,3339.64,INR,0.0,APK Owner,,,MAESTRO-APK-PERSONAL-FUTURE_BUILDING-2299 | Savings | 3339.64,Android,B46,RAMP_1501_2500,CREATED,idem-20260902-apk-2299
2300,MTR-APK-2300,Group,Shared Experience,Wedding,Photography,Expense,2025-10-10,21:56:46,2025-10-10 21:56:46,147.28,INR,-147.28,APK Aarav,3,EXACT,MAESTRO-APK-GROUP-WEDDING-2300 | Photography | 147.28,Android,B46,RAMP_1501_2500,CREATED,idem-20260902-apk-2300
2301,MTR-APK-2301,Business,Business,Business Runway,Reserve,Transfer,2026-04-10,03:26:54,2026-04-10 03:26:54,66035.39,INR,0.0,APK Owner,,,MAESTRO-APK-BUSINESS-BUSINESS_RUNWAY-2301 | Reserve | 66035.39,Android,B47,RAMP_1501_2500,CREATED,idem-20260902-apk-2301
2302,MTR-APK-2302,Personal,Personal,Future Building,Emergency Fund,Transfer,2026-03-08,11:16:12,2026-03-08 11:16:12,1500.91,INR,0.0,APK Owner,,,MAESTRO-APK-PERSONAL-FUTURE_BUILDING-2302 | Emergency Fund | 1500.91,Android,B47,RAMP_1501_2500,CREATED,idem-20260902-apk-2302
2303,MTR-APK-2303,Group,Shared Experience,Wedding,Other,Expense,2025-12-06,17:21:41,2025-12-06 17:21:41,23481.97,INR,-23481.97,APK Meera,3,SHARES,MAESTRO-APK-GROUP-WEDDING-2303 | Other | 23481.97,Android,B47,RAMP_1501_2500,CREATED,idem-20260902-apk-2303
2304,MTR-APK-2304,Business,Business,Business Runway,Loan,Income,2026-04-23,16:01:41,2026-04-23 16:01:41,66732.13,INR,66732.13,APK Owner,,,MAESTRO-APK-BUSINESS-BUSINESS_RUNWAY-2304 | Loan | 66732.13,Android,B47,RAMP_1501_2500,CREATED,idem-20260902-apk-2304
2305,MTR-APK-2305,Personal,Personal,Future Building,Investments,Investment,2025-09-21,05:26:37,2025-09-21 05:26:37,4105.39,INR,0.0,APK Owner,,,MAESTRO-APK-PERSONAL-FUTURE_BUILDING-2305 | Investments | 4105.39,Android,B47,RAMP_1501_2500,CREATED,idem-20260902-apk-2305
2306,MTR-APK-2306,Group,Shared Experience,Office Outing,Food,Expense,2026-05-27,13:15:20,2026-05-27 13:15:20,28296.84,INR,-28296.84,APK Owner,3,EQUAL,MAESTRO-APK-GROUP-OFFICE_OUTING-2306 | Food | 28296.84,Android,B47,RAMP_1501_2500,CREATED,idem-20260902-apk-2306
2307,MTR-APK-2307,Business,Business,Business Runway,Investment,Income,2026-07-25,22:59:10,2026-07-25 22:59:10,9361.76,INR,9361.76,APK Owner,,,MAESTRO-APK-BUSINESS-BUSINESS_RUNWAY-2307 | Investment | 9361.76,Android,B47,RAMP_1501_2500,CREATED,idem-20260902-apk-2307
2308,MTR-APK-2308,Personal,Personal,Future Building,Education,Expense,2026-06-02,14:58:12,2026-06-02 14:58:12,4530.27,INR,-4530.27,APK Owner,,,MAESTRO-APK-PERSONAL-FUTURE_BUILDING-2308 | Education | 4530.27,Android,B47,RAMP_1501_2500,CREATED,idem-20260902-apk-2308
2309,MTR-APK-2309,Group,Shared Experience,Office Outing,Travel,Expense,2025-12-28,01:42:10,2025-12-28 01:42:10,6853.3,INR,-6853.3,APK Aarav,3,PERCENTAGE,MAESTRO-APK-GROUP-OFFICE_OUTING-2309 | Travel | 6853.30,Android,B47,RAMP_1501_2500,CREATED,idem-20260902-apk-2309
2310,MTR-APK-2310,Business,Business,Business Operations,Software,Expense,2026-03-21,09:23:39,2026-03-21 09:23:39,179171.09,INR,-179171.09,APK Owner,,,MAESTRO-APK-BUSINESS-BUSINESS_OPERATIONS-2310 | Software | 179171.09,Android,B47,RAMP_1501_2500,CREATED,idem-20260902-apk-2310
2311,MTR-APK-2311,Personal,Personal,Future Building,Goal Contribution,Transfer,2026-02-28,00:30:41,2026-02-28 00:30:41,18155.39,INR,0.0,APK Owner,,,MAESTRO-APK-PERSONAL-FUTURE_BUILDING-2311 | Goal Contribution | 18155.39,Android,B47,RAMP_1501_2500,CREATED,idem-20260902-apk-2311
2312,MTR-APK-2312,Group,Shared Experience,Office Outing,Activities,Expense,2026-06-10,13:48:48,2026-06-10 13:48:48,29152.07,INR,-29152.07,APK Meera,3,EXACT,MAESTRO-APK-GROUP-OFFICE_OUTING-2312 | Activities | 29152.07,Android,B47,RAMP_1501_2500,CREATED,idem-20260902-apk-2312
2313,MTR-APK-2313,Business,Business,Business Operations,Rent,Expense,2025-10-04,03:30:25,2025-10-04 03:30:25,97651.98,INR,-97651.98,APK Owner,,,MAESTRO-APK-BUSINESS-BUSINESS_OPERATIONS-2313 | Rent | 97651.98,Android,B47,RAMP_1501_2500,CREATED,idem-20260902-apk-2313
2314,MTR-APK-2314,Personal,Personal,Lifestyle,Dining,Expense,2025-10-26,09:48:08,2025-10-26 09:48:08,15888.88,INR,-15888.88,APK Owner,,,MAESTRO-APK-PERSONAL-LIFESTYLE-2314 | Dining | 15888.88,Android,B47,RAMP_1501_2500,CREATED,idem-20260902-apk-2314
2315,MTR-APK-2315,Group,Shared Experience,Office Outing,Venue,Expense,2025-11-12,22:15:26,2025-11-12 22:15:26,9668.31,INR,-9668.31,APK Owner,3,SHARES,MAESTRO-APK-GROUP-OFFICE_OUTING-2315 | Venue | 9668.31,Android,B47,RAMP_1501_2500,CREATED,idem-20260902-apk-2315
2316,MTR-APK-2316,Business,Business,Business Operations,Marketing,Expense,2026-03-31,13:48:23,2026-03-31 13:48:23,142300.63,INR,-142300.63,APK Owner,,,MAESTRO-APK-BUSINESS-BUSINESS_OPERATIONS-2316 | Marketing | 142300.63,Android,B47,RAMP_1501_2500,CREATED,idem-20260902-apk-2316
2317,MTR-APK-2317,Personal,Personal,Lifestyle,Shopping,Expense,2026-04-28,07:40:44,2026-04-28 07:40:44,720.39,INR,-720.39,APK Owner,,,MAESTRO-APK-PERSONAL-LIFESTYLE-2317 | Shopping | 720.39,Android,B47,RAMP_1501_2500,CREATED,idem-20260902-apk-2317
2318,MTR-APK-2318,Group,Shared Experience,Office Outing,Other,Expense,2026-03-15,08:14:48,2026-03-15 08:14:48,6470.78,INR,-6470.78,APK Aarav,3,EQUAL,MAESTRO-APK-GROUP-OFFICE_OUTING-2318 | Other | 6470.78,Android,B47,RAMP_1501_2500,CREATED,idem-20260902-apk-2318
2319,MTR-APK-2319,Business,Business,Business Operations,Legal,Expense,2026-03-06,22:16:32,2026-03-06 22:16:32,71036.34,INR,-71036.34,APK Owner,,,MAESTRO-APK-BUSINESS-BUSINESS_OPERATIONS-2319 | Legal | 71036.34,Android,B47,RAMP_1501_2500,CREATED,idem-20260902-apk-2319
2320,MTR-APK-2320,Personal,Personal,Lifestyle,Entertainment,Expense,2026-04-17,00:30:12,2026-04-17 00:30:12,19886.41,INR,-19886.41,APK Owner,,,MAESTRO-APK-PERSONAL-LIFESTYLE-2320 | Entertainment | 19886.41,Android,B47,RAMP_1501_2500,CREATED,idem-20260902-apk-2320
2321,MTR-APK-2321,Group,Shared Experience,House Party,Food,Expense,2026-05-30,18:56:42,2026-05-30 18:56:42,12231.13,INR,-12231.13,APK Meera,3,PERCENTAGE,MAESTRO-APK-GROUP-HOUSE_PARTY-2321 | Food | 12231.13,Android,B47,RAMP_1501_2500,CREATED,idem-20260902-apk-2321
2322,MTR-APK-2322,Business,Business,Business Operations,Accounting,Expense,2025-10-10,22:17:27,2025-10-10 22:17:27,79212.7,INR,-79212.7,APK Owner,,,MAESTRO-APK-BUSINESS-BUSINESS_OPERATIONS-2322 | Accounting | 79212.70,Android,B47,RAMP_1501_2500,CREATED,idem-20260902-apk-2322
2323,MTR-APK-2323,Personal,Personal,Lifestyle,Travel,Expense,2026-07-01,19:59:43,2026-07-01 19:59:43,18101.58,INR,-18101.58,APK Owner,,,MAESTRO-APK-PERSONAL-LIFESTYLE-2323 | Travel | 18101.58,Android,B47,RAMP_1501_2500,CREATED,idem-20260902-apk-2323
2324,MTR-APK-2324,Group,Shared Experience,House Party,Drinks,Expense,2026-05-02,22:09:22,2026-05-02 22:09:22,12813.77,INR,-12813.77,APK Owner,3,EXACT,MAESTRO-APK-GROUP-HOUSE_PARTY-2324 | Drinks | 12813.77,Android,B47,RAMP_1501_2500,CREATED,idem-20260902-apk-2324
2325,MTR-APK-2325,Business,Business,Business Operations,Equipment,Expense,2026-07-03,01:46:58,2026-07-03 01:46:58,70567.66,INR,-70567.66,APK Owner,,,MAESTRO-APK-BUSINESS-BUSINESS_OPERATIONS-2325 | Equipment | 70567.66,Android,B47,RAMP_1501_2500,CREATED,idem-20260902-apk-2325
2326,MTR-APK-2326,Personal,Personal,Lifestyle,Fitness,Expense,2026-07-03,14:01:47,2026-07-03 14:01:47,378.36,INR,-378.36,APK Owner,,,MAESTRO-APK-PERSONAL-LIFESTYLE-2326 | Fitness | 378.36,Android,B47,RAMP_1501_2500,CREATED,idem-20260902-apk-2326
2327,MTR-APK-2327,Group,Shared Experience,House Party,Decor,Expense,2025-11-26,06:21:43,2025-11-26 06:21:43,16031.62,INR,-16031.62,APK Aarav,3,SHARES,MAESTRO-APK-GROUP-HOUSE_PARTY-2327 | Decor | 16031.62,Android,B47,RAMP_1501_2500,CREATED,idem-20260902-apk-2327
2328,MTR-APK-2328,Business,Business,Business Operations,Vendor,Expense,2025-11-24,08:45:29,2025-11-24 08:45:29,54024.68,INR,-54024.68,APK Owner,,,MAESTRO-APK-BUSINESS-BUSINESS_OPERATIONS-2328 | Vendor | 54024.68,Android,B47,RAMP_1501_2500,CREATED,idem-20260902-apk-2328
2329,MTR-APK-2329,Personal,Personal,Lifestyle,Hobbies,Expense,2026-04-26,19:19:40,2026-04-26 19:19:40,3950.13,INR,-3950.13,APK Owner,,,MAESTRO-APK-PERSONAL-LIFESTYLE-2329 | Hobbies | 3950.13,Android,B47,RAMP_1501_2500,CREATED,idem-20260902-apk-2329
2330,MTR-APK-2330,Group,Shared Experience,House Party,Supplies,Expense,2026-01-24,04:29:39,2026-01-24 04:29:39,8063.7,INR,-8063.7,APK Meera,3,EQUAL,MAESTRO-APK-GROUP-HOUSE_PARTY-2330 | Supplies | 8063.70,Android,B47,RAMP_1501_2500,CREATED,idem-20260902-apk-2330
2331,MTR-APK-2331,Business,Business,Business Operations,Tax,Expense,2026-04-01,23:53:29,2026-04-01 23:53:29,100.0,INR,-100.0,APK Owner,,,MAESTRO-APK-BUSINESS-BUSINESS_OPERATIONS-2331 | Tax | 100.00,Android,B47,RAMP_1501_2500,CREATED,idem-20260902-apk-2331
2332,MTR-APK-2332,Personal,Personal,Relationships,Gifts,Expense,2025-11-08,05:41:33,2025-11-08 05:41:33,6092.54,INR,-6092.54,APK Owner,,,MAESTRO-APK-PERSONAL-RELATIONSHIPS-2332 | Gifts | 6092.54,Android,B47,RAMP_1501_2500,CREATED,idem-20260902-apk-2332
2333,MTR-APK-2333,Group,Shared Experience,House Party,Other,Expense,2026-03-13,13:18:38,2026-03-13 13:18:38,29771.76,INR,-29771.76,APK Owner,3,PERCENTAGE,MAESTRO-APK-GROUP-HOUSE_PARTY-2333 | Other | 29771.76,Android,B47,RAMP_1501_2500,CREATED,idem-20260902-apk-2333
2334,MTR-APK-2334,Business,Business,Team Operations,Payroll,Expense,2025-12-23,01:51:37,2025-12-23 01:51:37,158236.36,INR,-158236.36,APK Owner,,,MAESTRO-APK-BUSINESS-TEAM_OPERATIONS-2334 | Payroll | 158236.36,Android,B47,RAMP_1501_2500,CREATED,idem-20260902-apk-2334
2335,MTR-APK-2335,Personal,Personal,Relationships,Dates,Expense,2025-09-25,21:16:13,2025-09-25 21:16:13,15798.43,INR,-15798.43,APK Owner,,,MAESTRO-APK-PERSONAL-RELATIONSHIPS-2335 | Dates | 15798.43,Android,B47,RAMP_1501_2500,CREATED,idem-20260902-apk-2335
2336,MTR-APK-2336,Group,Shared Purchase,Gift Pool,Contribution,Contribution,2026-05-27,15:59:43,2026-05-27 15:59:43,4219.88,INR,4219.88,APK Aarav,3,EXACT,MAESTRO-APK-GROUP-GIFT_POOL-2336 | Contribution | 4219.88,Android,B47,RAMP_1501_2500,CREATED,idem-20260902-apk-2336
2337,MTR-APK-2337,Business,Business,Team Operations,Contractor,Expense,2025-12-30,02:51:55,2025-12-30 02:51:55,23851.02,INR,-23851.02,APK Owner,,,MAESTRO-APK-BUSINESS-TEAM_OPERATIONS-2337 | Contractor | 23851.02,Android,B47,RAMP_1501_2500,CREATED,idem-20260902-apk-2337
2338,MTR-APK-2338,Personal,Personal,Relationships,Family,Expense,2025-11-26,00:11:50,2025-11-26 00:11:50,14557.78,INR,-14557.78,APK Owner,,,MAESTRO-APK-PERSONAL-RELATIONSHIPS-2338 | Family | 14557.78,Android,B47,RAMP_1501_2500,CREATED,idem-20260902-apk-2338
2339,MTR-APK-2339,Group,Shared Purchase,Gift Pool,Gift Purchase,Expense,2026-01-20,15:30:30,2026-01-20 15:30:30,27504.29,INR,-27504.29,APK Meera,3,SHARES,MAESTRO-APK-GROUP-GIFT_POOL-2339 | Gift Purchase | 27504.29,Android,B47,RAMP_1501_2500,CREATED,idem-20260902-apk-2339
2340,MTR-APK-2340,Business,Business,Team Operations,Hiring,Expense,2026-03-18,01:40:38,2026-03-18 01:40:38,123874.89,INR,-123874.89,APK Owner,,,MAESTRO-APK-BUSINESS-TEAM_OPERATIONS-2340 | Hiring | 123874.89,Android,B47,RAMP_1501_2500,CREATED,idem-20260902-apk-2340
2341,MTR-APK-2341,Personal,Personal,Relationships,Friends,Expense,2025-11-21,02:09:22,2025-11-21 02:09:22,10299.67,INR,-10299.67,APK Owner,,,MAESTRO-APK-PERSONAL-RELATIONSHIPS-2341 | Friends | 10299.67,Android,B47,RAMP_1501_2500,CREATED,idem-20260902-apk-2341
2342,MTR-APK-2342,Group,Shared Purchase,Gift Pool,Delivery,Expense,2026-01-06,21:42:37,2026-01-06 21:42:37,20877.33,INR,-20877.33,APK Owner,3,EQUAL,MAESTRO-APK-GROUP-GIFT_POOL-2342 | Delivery | 20877.33,Android,B47,RAMP_1501_2500,CREATED,idem-20260902-apk-2342
2343,MTR-APK-2343,Business,Business,Team Operations,Team Meal,Expense,2025-09-29,05:57:09,2025-09-29 05:57:09,3500.07,INR,-3500.07,APK Owner,,,MAESTRO-APK-BUSINESS-TEAM_OPERATIONS-2343 | Team Meal | 3500.07,Android,B47,RAMP_1501_2500,CREATED,idem-20260902-apk-2343
2344,MTR-APK-2344,Personal,Personal,Relationships,Celebrations,Expense,2026-08-20,22:11:46,2026-08-20 22:11:46,9925.89,INR,-9925.89,APK Owner,,,MAESTRO-APK-PERSONAL-RELATIONSHIPS-2344 | Celebrations | 9925.89,Android,B47,RAMP_1501_2500,CREATED,idem-20260902-apk-2344
2345,MTR-APK-2345,Group,Shared Purchase,Gift Pool,Other,Expense,2025-11-11,18:47:34,2025-11-11 18:47:34,19182.66,INR,-19182.66,APK Aarav,3,PERCENTAGE,MAESTRO-APK-GROUP-GIFT_POOL-2345 | Other | 19182.66,Android,B47,RAMP_1501_2500,CREATED,idem-20260902-apk-2345
2346,MTR-APK-2346,Business,Business,Team Operations,Travel,Expense,2026-02-09,03:19:40,2026-02-09 03:19:40,119179.57,INR,-119179.57,APK Owner,,,MAESTRO-APK-BUSINESS-TEAM_OPERATIONS-2346 | Travel | 119179.57,Android,B47,RAMP_1501_2500,CREATED,idem-20260902-apk-2346
2347,MTR-APK-2347,Personal,Personal,Life Operations,Groceries,Expense,2025-11-26,15:53:04,2025-11-26 15:53:04,4264.81,INR,-4264.81,APK Owner,,,MAESTRO-APK-PERSONAL-LIFE_OPERATIONS-2347 | Groceries | 4264.81,Android,B47,RAMP_1501_2500,CREATED,idem-20260902-apk-2347
2348,MTR-APK-2348,Group,Shared Purchase,Purchase,Item,Expense,2026-04-16,16:32:55,2026-04-16 16:32:55,16484.87,INR,-16484.87,APK Meera,3,EXACT,MAESTRO-APK-GROUP-PURCHASE-2348 | Item | 16484.87,Android,B47,RAMP_1501_2500,CREATED,idem-20260902-apk-2348
2349,MTR-APK-2349,Business,Business,Team Operations,Training,Expense,2025-11-24,16:52:06,2025-11-24 16:52:06,14669.33,INR,-14669.33,APK Owner,,,MAESTRO-APK-BUSINESS-TEAM_OPERATIONS-2349 | Training | 14669.33,Android,B47,RAMP_1501_2500,CREATED,idem-20260902-apk-2349
2350,MTR-APK-2350,Personal,Personal,Life Operations,Rent,Expense,2026-04-29,11:44:29,2026-04-29 11:44:29,19456.98,INR,-19456.98,APK Owner,,,MAESTRO-APK-PERSONAL-LIFE_OPERATIONS-2350 | Rent | 19456.98,Android,B47,RAMP_1501_2500,CREATED,idem-20260902-apk-2350
2351,MTR-APK-2351,Group,Shared Purchase,Purchase,Shipping,Expense,2025-09-16,22:03:15,2025-09-16 22:03:15,20505.31,INR,-20505.31,APK Owner,3,SHARES,MAESTRO-APK-GROUP-PURCHASE-2351 | Shipping | 20505.31,Android,B48,RAMP_1501_2500,CREATED,idem-20260902-apk-2351
2352,MTR-APK-2352,Business,Business,Team Operations,Tools,Expense,2026-07-10,05:32:48,2026-07-10 05:32:48,41924.0,INR,-41924.0,APK Owner,,,MAESTRO-APK-BUSINESS-TEAM_OPERATIONS-2352 | Tools | 41924.00,Android,B48,RAMP_1501_2500,CREATED,idem-20260902-apk-2352
2353,MTR-APK-2353,Personal,Personal,Life Operations,Bills,Expense,2026-07-20,02:29:25,2026-07-20 02:29:25,8920.73,INR,-8920.73,APK Owner,,,MAESTRO-APK-PERSONAL-LIFE_OPERATIONS-2353 | Bills | 8920.73,Android,B48,RAMP_1501_2500,CREATED,idem-20260902-apk-2353
2354,MTR-APK-2354,Group,Shared Purchase,Purchase,Tax,Expense,2025-10-27,14:38:33,2025-10-27 14:38:33,28200.07,INR,-28200.07,APK Aarav,3,EQUAL,MAESTRO-APK-GROUP-PURCHASE-2354 | Tax | 28200.07,Android,B48,RAMP_1501_2500,CREATED,idem-20260902-apk-2354
2355,MTR-APK-2355,Business,Business,Business Runway,Funding,Income,2026-08-10,12:38:00,2026-08-10 12:38:00,14884.38,INR,14884.38,APK Owner,,,MAESTRO-APK-BUSINESS-BUSINESS_RUNWAY-2355 | Funding | 14884.38,Android,B48,RAMP_1501_2500,CREATED,idem-20260902-apk-2355
2356,MTR-APK-2356,Personal,Personal,Life Operations,Transport,Expense,2026-04-21,16:01:24,2026-04-21 16:01:24,9075.44,INR,-9075.44,APK Owner,,,MAESTRO-APK-PERSONAL-LIFE_OPERATIONS-2356 | Transport | 9075.44,Android,B48,RAMP_1501_2500,CREATED,idem-20260902-apk-2356
2357,MTR-APK-2357,Group,Shared Purchase,Purchase,Other,Expense,2025-12-30,06:52:27,2025-12-30 06:52:27,27909.8,INR,-27909.8,APK Meera,3,PERCENTAGE,MAESTRO-APK-GROUP-PURCHASE-2357 | Other | 27909.80,Android,B48,RAMP_1501_2500,CREATED,idem-20260902-apk-2357
2358,MTR-APK-2358,Business,Business,Business Runway,Revenue,Income,2026-04-19,08:42:06,2026-04-19 08:42:06,177611.66,INR,177611.66,APK Owner,,,MAESTRO-APK-BUSINESS-BUSINESS_RUNWAY-2358 | Revenue | 177611.66,Android,B48,RAMP_1501_2500,CREATED,idem-20260902-apk-2358
2359,MTR-APK-2359,Personal,Personal,Life Operations,Healthcare,Expense,2025-10-08,07:36:07,2025-10-08 07:36:07,3992.39,INR,-3992.39,APK Owner,,,MAESTRO-APK-PERSONAL-LIFE_OPERATIONS-2359 | Healthcare | 3992.39,Android,B48,RAMP_1501_2500,CREATED,idem-20260902-apk-2359
2360,MTR-APK-2360,Group,Shared Purchase,Assets,Purchase,Expense,2026-01-03,18:40:27,2026-01-03 18:40:27,4741.52,INR,-4741.52,APK Owner,3,EXACT,MAESTRO-APK-GROUP-ASSETS-2360 | Purchase | 4741.52,Android,B48,RAMP_1501_2500,CREATED,idem-20260902-apk-2360
2361,MTR-APK-2361,Business,Business,Business Runway,Burn,Expense,2025-10-31,16:42:29,2025-10-31 16:42:29,110844.69,INR,-110844.69,APK Owner,,,MAESTRO-APK-BUSINESS-BUSINESS_RUNWAY-2361 | Burn | 110844.69,Android,B48,RAMP_1501_2500,CREATED,idem-20260902-apk-2361
2362,MTR-APK-2362,Personal,Personal,Life Operations,Subscriptions,Expense,2026-01-30,17:35:01,2026-01-30 17:35:01,18992.35,INR,-18992.35,APK Owner,,,MAESTRO-APK-PERSONAL-LIFE_OPERATIONS-2362 | Subscriptions | 18992.35,Android,B48,RAMP_1501_2500,CREATED,idem-20260902-apk-2362
2363,MTR-APK-2363,Group,Shared Purchase,Assets,Maintenance,Expense,2026-05-23,07:49:28,2026-05-23 07:49:28,22208.06,INR,-22208.06,APK Aarav,3,SHARES,MAESTRO-APK-GROUP-ASSETS-2363 | Maintenance | 22208.06,Android,B48,RAMP_1501_2500,CREATED,idem-20260902-apk-2363
2364,MTR-APK-2364,Business,Business,Business Runway,Reserve,Transfer,2026-08-02,01:39:33,2026-08-02 01:39:33,4922.5,INR,0.0,APK Owner,,,MAESTRO-APK-BUSINESS-BUSINESS_RUNWAY-2364 | Reserve | 4922.50,Android,B48,RAMP_1501_2500,CREATED,idem-20260902-apk-2364
2365,MTR-APK-2365,Personal,Personal,Life Operations,Repairs,Expense,2025-11-27,01:19:18,2025-11-27 01:19:18,16438.3,INR,-16438.3,APK Owner,,,MAESTRO-APK-PERSONAL-LIFE_OPERATIONS-2365 | Repairs | 16438.30,Android,B48,RAMP_1501_2500,CREATED,idem-20260902-apk-2365
2366,MTR-APK-2366,Group,Shared Purchase,Assets,Repair,Expense,2025-10-20,01:44:33,2025-10-20 01:44:33,5495.51,INR,-5495.51,APK Meera,3,EQUAL,MAESTRO-APK-GROUP-ASSETS-2366 | Repair | 5495.51,Android,B48,RAMP_1501_2500,CREATED,idem-20260902-apk-2366
2367,MTR-APK-2367,Business,Business,Business Runway,Loan,Income,2026-04-08,05:00:35,2026-04-08 05:00:35,25749.84,INR,25749.84,APK Owner,,,MAESTRO-APK-BUSINESS-BUSINESS_RUNWAY-2367 | Loan | 25749.84,Android,B48,RAMP_1501_2500,CREATED,idem-20260902-apk-2367
2368,MTR-APK-2368,Personal,Personal,Future Building,Savings,Transfer,2026-04-21,10:39:53,2026-04-21 10:39:53,999.99,INR,0.0,APK Owner,,,MAESTRO-APK-PERSONAL-FUTURE_BUILDING-2368 | Savings | 999.99,Android,B48,RAMP_1501_2500,CREATED,idem-20260902-apk-2368
2369,MTR-APK-2369,Group,Shared Purchase,Assets,Insurance,Expense,2025-10-13,03:16:48,2025-10-13 03:16:48,28507.98,INR,-28507.98,APK Owner,3,PERCENTAGE,MAESTRO-APK-GROUP-ASSETS-2369 | Insurance | 28507.98,Android,B48,RAMP_1501_2500,CREATED,idem-20260902-apk-2369
2370,MTR-APK-2370,Business,Business,Business Runway,Investment,Income,2026-07-26,23:17:40,2026-07-26 23:17:40,90251.24,INR,90251.24,APK Owner,,,MAESTRO-APK-BUSINESS-BUSINESS_RUNWAY-2370 | Investment | 90251.24,Android,B48,RAMP_1501_2500,CREATED,idem-20260902-apk-2370
2371,MTR-APK-2371,Personal,Personal,Future Building,Emergency Fund,Transfer,2026-02-09,14:37:07,2026-02-09 14:37:07,15834.1,INR,0.0,APK Owner,,,MAESTRO-APK-PERSONAL-FUTURE_BUILDING-2371 | Emergency Fund | 15834.10,Android,B48,RAMP_1501_2500,CREATED,idem-20260902-apk-2371
2372,MTR-APK-2372,Group,Shared Purchase,Assets,Other,Expense,2026-02-16,14:09:48,2026-02-16 14:09:48,850.57,INR,-850.57,APK Aarav,3,EXACT,MAESTRO-APK-GROUP-ASSETS-2372 | Other | 850.57,Android,B48,RAMP_1501_2500,CREATED,idem-20260902-apk-2372
2373,MTR-APK-2373,Business,Business,Business Operations,Software,Expense,2026-08-31,11:10:01,2026-08-31 11:10:01,84993.68,INR,-84993.68,APK Owner,,,MAESTRO-APK-BUSINESS-BUSINESS_OPERATIONS-2373 | Software | 84993.68,Android,B48,RAMP_1501_2500,CREATED,idem-20260902-apk-2373
2374,MTR-APK-2374,Personal,Personal,Future Building,Investments,Investment,2026-05-07,17:31:42,2026-05-07 17:31:42,13266.5,INR,0.0,APK Owner,,,MAESTRO-APK-PERSONAL-FUTURE_BUILDING-2374 | Investments | 13266.50,Android,B48,RAMP_1501_2500,CREATED,idem-20260902-apk-2374
2375,MTR-APK-2375,Group,Shared Purchase,Custom Purchase,Custom Expense,Expense,2026-06-24,09:16:23,2026-06-24 09:16:23,23464.62,INR,-23464.62,APK Meera,3,SHARES,MAESTRO-APK-GROUP-CUSTOM_PURCHASE-2375 | Custom Expense | 23464.62,Android,B48,RAMP_1501_2500,CREATED,idem-20260902-apk-2375
2376,MTR-APK-2376,Business,Business,Business Operations,Rent,Expense,2025-10-17,05:36:31,2025-10-17 05:36:31,132071.28,INR,-132071.28,APK Owner,,,MAESTRO-APK-BUSINESS-BUSINESS_OPERATIONS-2376 | Rent | 132071.28,Android,B48,RAMP_1501_2500,CREATED,idem-20260902-apk-2376
2377,MTR-APK-2377,Personal,Personal,Future Building,Education,Expense,2025-12-27,12:28:36,2025-12-27 12:28:36,19112.29,INR,-19112.29,APK Owner,,,MAESTRO-APK-PERSONAL-FUTURE_BUILDING-2377 | Education | 19112.29,Android,B48,RAMP_1501_2500,CREATED,idem-20260902-apk-2377
2378,MTR-APK-2378,Group,Shared Purchase,Custom Purchase,Custom Contribution,Contribution,2025-12-10,21:36:53,2025-12-10 21:36:53,9260.57,INR,9260.57,APK Owner,3,EQUAL,MAESTRO-APK-GROUP-CUSTOM_PURCHASE-2378 | Custom Contribution | 9260.57,Android,B48,RAMP_1501_2500,CREATED,idem-20260902-apk-2378
2379,MTR-APK-2379,Business,Business,Business Operations,Marketing,Expense,2026-01-25,07:40:11,2026-01-25 07:40:11,41241.52,INR,-41241.52,APK Owner,,,MAESTRO-APK-BUSINESS-BUSINESS_OPERATIONS-2379 | Marketing | 41241.52,Android,B48,RAMP_1501_2500,CREATED,idem-20260902-apk-2379
2380,MTR-APK-2380,Personal,Personal,Future Building,Goal Contribution,Transfer,2026-08-19,07:04:42,2026-08-19 07:04:42,4884.76,INR,0.0,APK Owner,,,MAESTRO-APK-PERSONAL-FUTURE_BUILDING-2380 | Goal Contribution | 4884.76,Android,B48,RAMP_1501_2500,CREATED,idem-20260902-apk-2380
2381,MTR-APK-2381,Group,Shared Living,Flatmates,Rent,Expense,2026-04-26,20:56:32,2026-04-26 20:56:32,15845.28,INR,-15845.28,APK Aarav,3,PERCENTAGE,MAESTRO-APK-GROUP-FLATMATES-2381 | Rent | 15845.28,Android,B48,RAMP_1501_2500,CREATED,idem-20260902-apk-2381
2382,MTR-APK-2382,Business,Business,Business Operations,Legal,Expense,2026-02-12,01:13:05,2026-02-12 01:13:05,150828.87,INR,-150828.87,APK Owner,,,MAESTRO-APK-BUSINESS-BUSINESS_OPERATIONS-2382 | Legal | 150828.87,Android,B48,RAMP_1501_2500,CREATED,idem-20260902-apk-2382
2383,MTR-APK-2383,Personal,Personal,Lifestyle,Dining,Expense,2026-08-14,13:14:38,2026-08-14 13:14:38,19679.54,INR,-19679.54,APK Owner,,,MAESTRO-APK-PERSONAL-LIFESTYLE-2383 | Dining | 19679.54,Android,B48,RAMP_1501_2500,CREATED,idem-20260902-apk-2383
2384,MTR-APK-2384,Group,Shared Living,Flatmates,Utilities,Expense,2025-10-02,04:50:29,2025-10-02 04:50:29,9576.93,INR,-9576.93,APK Meera,3,EXACT,MAESTRO-APK-GROUP-FLATMATES-2384 | Utilities | 9576.93,Android,B48,RAMP_1501_2500,CREATED,idem-20260902-apk-2384
2385,MTR-APK-2385,Business,Business,Business Operations,Accounting,Expense,2026-06-22,13:22:44,2026-06-22 13:22:44,174903.39,INR,-174903.39,APK Owner,,,MAESTRO-APK-BUSINESS-BUSINESS_OPERATIONS-2385 | Accounting | 174903.39,Android,B48,RAMP_1501_2500,CREATED,idem-20260902-apk-2385
2386,MTR-APK-2386,Personal,Personal,Lifestyle,Shopping,Expense,2026-05-10,09:37:50,2026-05-10 09:37:50,7018.99,INR,-7018.99,APK Owner,,,MAESTRO-APK-PERSONAL-LIFESTYLE-2386 | Shopping | 7018.99,Android,B48,RAMP_1501_2500,CREATED,idem-20260902-apk-2386
2387,MTR-APK-2387,Group,Shared Living,Flatmates,Groceries,Expense,2026-01-07,11:48:19,2026-01-07 11:48:19,16362.26,INR,-16362.26,APK Owner,3,SHARES,MAESTRO-APK-GROUP-FLATMATES-2387 | Groceries | 16362.26,Android,B48,RAMP_1501_2500,CREATED,idem-20260902-apk-2387
2388,MTR-APK-2388,Business,Business,Business Operations,Equipment,Expense,2026-08-30,16:58:59,2026-08-30 16:58:59,176065.51,INR,-176065.51,APK Owner,,,MAESTRO-APK-BUSINESS-BUSINESS_OPERATIONS-2388 | Equipment | 176065.51,Android,B48,RAMP_1501_2500,CREATED,idem-20260902-apk-2388
2389,MTR-APK-2389,Personal,Personal,Lifestyle,Entertainment,Expense,2025-10-11,22:39:58,2025-10-11 22:39:58,16214.03,INR,-16214.03,APK Owner,,,MAESTRO-APK-PERSONAL-LIFESTYLE-2389 | Entertainment | 16214.03,Android,B48,RAMP_1501_2500,CREATED,idem-20260902-apk-2389
2390,MTR-APK-2390,Group,Shared Living,Flatmates,Internet,Expense,2025-09-24,05:11:47,2025-09-24 05:11:47,18033.93,INR,-18033.93,APK Aarav,3,EQUAL,MAESTRO-APK-GROUP-FLATMATES-2390 | Internet | 18033.93,Android,B48,RAMP_1501_2500,CREATED,idem-20260902-apk-2390
2391,MTR-APK-2391,Business,Business,Business Operations,Vendor,Expense,2026-08-16,16:51:29,2026-08-16 16:51:29,107472.57,INR,-107472.57,APK Owner,,,MAESTRO-APK-BUSINESS-BUSINESS_OPERATIONS-2391 | Vendor | 107472.57,Android,B48,RAMP_1501_2500,CREATED,idem-20260902-apk-2391
2392,MTR-APK-2392,Personal,Personal,Lifestyle,Travel,Expense,2026-07-20,22:05:06,2026-07-20 22:05:06,9678.46,INR,-9678.46,APK Owner,,,MAESTRO-APK-PERSONAL-LIFESTYLE-2392 | Travel | 9678.46,Android,B48,RAMP_1501_2500,CREATED,idem-20260902-apk-2392
2393,MTR-APK-2393,Group,Shared Living,Flatmates,House Supplies,Expense,2026-06-06,00:13:59,2026-06-06 00:13:59,21804.29,INR,-21804.29,APK Meera,3,PERCENTAGE,MAESTRO-APK-GROUP-FLATMATES-2393 | House Supplies | 21804.29,Android,B48,RAMP_1501_2500,CREATED,idem-20260902-apk-2393
2394,MTR-APK-2394,Business,Business,Business Operations,Tax,Expense,2026-05-29,15:49:46,2026-05-29 15:49:46,149266.1,INR,-149266.1,APK Owner,,,MAESTRO-APK-BUSINESS-BUSINESS_OPERATIONS-2394 | Tax | 149266.10,Android,B48,RAMP_1501_2500,CREATED,idem-20260902-apk-2394
2395,MTR-APK-2395,Personal,Personal,Lifestyle,Fitness,Expense,2026-06-15,03:20:30,2026-06-15 03:20:30,13559.94,INR,-13559.94,APK Owner,,,MAESTRO-APK-PERSONAL-LIFESTYLE-2395 | Fitness | 13559.94,Android,B48,RAMP_1501_2500,CREATED,idem-20260902-apk-2395
2396,MTR-APK-2396,Group,Shared Living,Flatmates,Repairs,Expense,2025-12-21,09:01:25,2025-12-21 09:01:25,21052.62,INR,-21052.62,APK Owner,3,EXACT,MAESTRO-APK-GROUP-FLATMATES-2396 | Repairs | 21052.62,Android,B48,RAMP_1501_2500,CREATED,idem-20260902-apk-2396
2397,MTR-APK-2397,Business,Business,Team Operations,Payroll,Expense,2026-07-07,03:45:56,2026-07-07 03:45:56,118537.42,INR,-118537.42,APK Owner,,,MAESTRO-APK-BUSINESS-TEAM_OPERATIONS-2397 | Payroll | 118537.42,Android,B48,RAMP_1501_2500,CREATED,idem-20260902-apk-2397
2398,MTR-APK-2398,Personal,Personal,Lifestyle,Hobbies,Expense,2026-03-22,01:58:03,2026-03-22 01:58:03,1047.01,INR,-1047.01,APK Owner,,,MAESTRO-APK-PERSONAL-LIFESTYLE-2398 | Hobbies | 1047.01,Android,B48,RAMP_1501_2500,CREATED,idem-20260902-apk-2398
2399,MTR-APK-2399,Group,Shared Living,Shared Living,Rent,Expense,2025-12-31,06:23:18,2025-12-31 06:23:18,27980.4,INR,-27980.4,APK Aarav,3,SHARES,MAESTRO-APK-GROUP-SHARED_LIVING-2399 | Rent | 27980.40,Android,B48,RAMP_1501_2500,CREATED,idem-20260902-apk-2399
2400,MTR-APK-2400,Business,Business,Team Operations,Contractor,Expense,2025-10-28,03:57:07,2025-10-28 03:57:07,125840.53,INR,-125840.53,APK Owner,,,MAESTRO-APK-BUSINESS-TEAM_OPERATIONS-2400 | Contractor | 125840.53,Android,B48,RAMP_1501_2500,CREATED,idem-20260902-apk-2400
2401,MTR-APK-2401,Personal,Personal,Relationships,Gifts,Expense,2026-01-23,06:49:31,2026-01-23 06:49:31,14219.07,INR,-14219.07,APK Owner,,,MAESTRO-APK-PERSONAL-RELATIONSHIPS-2401 | Gifts | 14219.07,Android,B49,RAMP_1501_2500,CREATED,idem-20260902-apk-2401
2402,MTR-APK-2402,Group,Shared Living,Shared Living,Utilities,Expense,2026-01-18,04:06:40,2026-01-18 04:06:40,24793.35,INR,-24793.35,APK Meera,3,EQUAL,MAESTRO-APK-GROUP-SHARED_LIVING-2402 | Utilities | 24793.35,Android,B49,RAMP_1501_2500,CREATED,idem-20260902-apk-2402
2403,MTR-APK-2403,Business,Business,Team Operations,Hiring,Expense,2025-12-30,14:53:14,2025-12-30 14:53:14,153970.93,INR,-153970.93,APK Owner,,,MAESTRO-APK-BUSINESS-TEAM_OPERATIONS-2403 | Hiring | 153970.93,Android,B49,RAMP_1501_2500,CREATED,idem-20260902-apk-2403
2404,MTR-APK-2404,Personal,Personal,Relationships,Dates,Expense,2025-10-08,17:32:04,2025-10-08 17:32:04,7112.79,INR,-7112.79,APK Owner,,,MAESTRO-APK-PERSONAL-RELATIONSHIPS-2404 | Dates | 7112.79,Android,B49,RAMP_1501_2500,CREATED,idem-20260902-apk-2404
2405,MTR-APK-2405,Group,Shared Living,Shared Living,Groceries,Expense,2026-07-25,16:48:29,2026-07-25 16:48:29,10000.0,INR,-10000.0,APK Owner,3,PERCENTAGE,MAESTRO-APK-GROUP-SHARED_LIVING-2405 | Groceries | 10000.00,Android,B49,RAMP_1501_2500,CREATED,idem-20260902-apk-2405
2406,MTR-APK-2406,Business,Business,Team Operations,Team Meal,Expense,2026-03-14,02:39:19,2026-03-14 02:39:19,27445.11,INR,-27445.11,APK Owner,,,MAESTRO-APK-BUSINESS-TEAM_OPERATIONS-2406 | Team Meal | 27445.11,Android,B49,RAMP_1501_2500,CREATED,idem-20260902-apk-2406
2407,MTR-APK-2407,Personal,Personal,Relationships,Family,Expense,2026-06-06,02:04:52,2026-06-06 02:04:52,18874.42,INR,-18874.42,APK Owner,,,MAESTRO-APK-PERSONAL-RELATIONSHIPS-2407 | Family | 18874.42,Android,B49,RAMP_1501_2500,CREATED,idem-20260902-apk-2407
2408,MTR-APK-2408,Group,Shared Living,Shared Living,Maintenance,Expense,2025-11-14,10:52:30,2025-11-14 10:52:30,28238.51,INR,-28238.51,APK Aarav,3,EXACT,MAESTRO-APK-GROUP-SHARED_LIVING-2408 | Maintenance | 28238.51,Android,B49,RAMP_1501_2500,CREATED,idem-20260902-apk-2408
2409,MTR-APK-2409,Business,Business,Team Operations,Travel,Expense,2025-10-24,21:16:49,2025-10-24 21:16:49,67321.62,INR,-67321.62,APK Owner,,,MAESTRO-APK-BUSINESS-TEAM_OPERATIONS-2409 | Travel | 67321.62,Android,B49,RAMP_1501_2500,CREATED,idem-20260902-apk-2409
2410,MTR-APK-2410,Personal,Personal,Relationships,Friends,Expense,2026-06-27,19:07:51,2026-06-27 19:07:51,5060.65,INR,-5060.65,APK Owner,,,MAESTRO-APK-PERSONAL-RELATIONSHIPS-2410 | Friends | 5060.65,Android,B49,RAMP_1501_2500,CREATED,idem-20260902-apk-2410
2411,MTR-APK-2411,Group,Shared Living,Shared Living,Other,Expense,2025-10-15,12:34:20,2025-10-15 12:34:20,19269.1,INR,-19269.1,APK Meera,3,SHARES,MAESTRO-APK-GROUP-SHARED_LIVING-2411 | Other | 19269.10,Android,B49,RAMP_1501_2500,CREATED,idem-20260902-apk-2411
2412,MTR-APK-2412,Business,Business,Team Operations,Training,Expense,2026-06-30,02:28:19,2026-06-30 02:28:19,66978.76,INR,-66978.76,APK Owner,,,MAESTRO-APK-BUSINESS-TEAM_OPERATIONS-2412 | Training | 66978.76,Android,B49,RAMP_1501_2500,CREATED,idem-20260902-apk-2412
2413,MTR-APK-2413,Personal,Personal,Relationships,Celebrations,Expense,2026-06-01,12:38:10,2026-06-01 12:38:10,7545.22,INR,-7545.22,APK Owner,,,MAESTRO-APK-PERSONAL-RELATIONSHIPS-2413 | Celebrations | 7545.22,Android,B49,RAMP_1501_2500,CREATED,idem-20260902-apk-2413
2414,MTR-APK-2414,Group,Shared Living,Family Household,School,Expense,2025-09-05,19:22:00,2025-09-05 19:22:00,14968.77,INR,-14968.77,APK Owner,3,EQUAL,MAESTRO-APK-GROUP-FAMILY_HOUSEHOLD-2414 | School | 14968.77,Android,B49,RAMP_1501_2500,CREATED,idem-20260902-apk-2414
2415,MTR-APK-2415,Business,Business,Team Operations,Tools,Expense,2026-07-24,13:12:27,2026-07-24 13:12:27,279.42,INR,-279.42,APK Owner,,,MAESTRO-APK-BUSINESS-TEAM_OPERATIONS-2415 | Tools | 279.42,Android,B49,RAMP_1501_2500,CREATED,idem-20260902-apk-2415
2416,MTR-APK-2416,Personal,Personal,Life Operations,Groceries,Expense,2026-03-17,22:22:42,2026-03-17 22:22:42,9798.17,INR,-9798.17,APK Owner,,,MAESTRO-APK-PERSONAL-LIFE_OPERATIONS-2416 | Groceries | 9798.17,Android,B49,RAMP_1501_2500,CREATED,idem-20260902-apk-2416
2417,MTR-APK-2417,Group,Shared Living,Family Household,Other,Expense,2026-05-19,19:42:14,2026-05-19 19:42:14,11137.18,INR,-11137.18,APK Aarav,3,PERCENTAGE,MAESTRO-APK-GROUP-FAMILY_HOUSEHOLD-2417 | Other | 11137.18,Android,B49,RAMP_1501_2500,CREATED,idem-20260902-apk-2417
2418,MTR-APK-2418,Business,Business,Business Runway,Funding,Income,2026-01-14,03:49:12,2026-01-14 03:49:12,70617.36,INR,70617.36,APK Owner,,,MAESTRO-APK-BUSINESS-BUSINESS_RUNWAY-2418 | Funding | 70617.36,Android,B49,RAMP_1501_2500,CREATED,idem-20260902-apk-2418
2419,MTR-APK-2419,Personal,Personal,Life Operations,Rent,Expense,2026-03-27,23:41:45,2026-03-27 23:41:45,10762.36,INR,-10762.36,APK Owner,,,MAESTRO-APK-PERSONAL-LIFE_OPERATIONS-2419 | Rent | 10762.36,Android,B49,RAMP_1501_2500,CREATED,idem-20260902-apk-2419
2420,MTR-APK-2420,Group,Shared Living,Family Household,Rent,Expense,2025-10-28,16:27:15,2025-10-28 16:27:15,1538.16,INR,-1538.16,APK Meera,3,EXACT,MAESTRO-APK-GROUP-FAMILY_HOUSEHOLD-2420 | Rent | 1538.16,Android,B49,RAMP_1501_2500,CREATED,idem-20260902-apk-2420
2421,MTR-APK-2421,Business,Business,Business Runway,Revenue,Income,2025-10-23,15:34:40,2025-10-23 15:34:40,37940.8,INR,37940.8,APK Owner,,,MAESTRO-APK-BUSINESS-BUSINESS_RUNWAY-2421 | Revenue | 37940.80,Android,B49,RAMP_1501_2500,CREATED,idem-20260902-apk-2421
2422,MTR-APK-2422,Personal,Personal,Life Operations,Bills,Expense,2026-08-30,21:47:05,2026-08-30 21:47:05,19628.18,INR,-19628.18,APK Owner,,,MAESTRO-APK-PERSONAL-LIFE_OPERATIONS-2422 | Bills | 19628.18,Android,B49,RAMP_1501_2500,CREATED,idem-20260902-apk-2422
2423,MTR-APK-2423,Group,Shared Living,Family Household,Groceries,Expense,2025-11-30,12:37:37,2025-11-30 12:37:37,29736.73,INR,-29736.73,APK Owner,3,SHARES,MAESTRO-APK-GROUP-FAMILY_HOUSEHOLD-2423 | Groceries | 29736.73,Android,B49,RAMP_1501_2500,CREATED,idem-20260902-apk-2423
2424,MTR-APK-2424,Business,Business,Business Runway,Burn,Expense,2026-01-22,12:46:32,2026-01-22 12:46:32,96529.37,INR,-96529.37,APK Owner,,,MAESTRO-APK-BUSINESS-BUSINESS_RUNWAY-2424 | Burn | 96529.37,Android,B49,RAMP_1501_2500,CREATED,idem-20260902-apk-2424
2425,MTR-APK-2425,Personal,Personal,Life Operations,Transport,Expense,2026-01-04,20:14:14,2026-01-04 20:14:14,4789.12,INR,-4789.12,APK Owner,,,MAESTRO-APK-PERSONAL-LIFE_OPERATIONS-2425 | Transport | 4789.12,Android,B49,RAMP_1501_2500,CREATED,idem-20260902-apk-2425
2426,MTR-APK-2426,Group,Shared Living,Family Household,Transport,Expense,2026-06-07,17:30:28,2026-06-07 17:30:28,10477.11,INR,-10477.11,APK Aarav,3,EQUAL,MAESTRO-APK-GROUP-FAMILY_HOUSEHOLD-2426 | Transport | 10477.11,Android,B49,RAMP_1501_2500,CREATED,idem-20260902-apk-2426
2427,MTR-APK-2427,Business,Business,Business Runway,Reserve,Transfer,2025-11-02,18:25:07,2025-11-02 18:25:07,118401.7,INR,0.0,APK Owner,,,MAESTRO-APK-BUSINESS-BUSINESS_RUNWAY-2427 | Reserve | 118401.70,Android,B49,RAMP_1501_2500,CREATED,idem-20260902-apk-2427
2428,MTR-APK-2428,Personal,Personal,Life Operations,Healthcare,Expense,2026-05-20,01:58:37,2026-05-20 01:58:37,3601.06,INR,-3601.06,APK Owner,,,MAESTRO-APK-PERSONAL-LIFE_OPERATIONS-2428 | Healthcare | 3601.06,Android,B49,RAMP_1501_2500,CREATED,idem-20260902-apk-2428
2429,MTR-APK-2429,Group,Shared Living,Family Household,Bills,Expense,2025-10-18,00:47:35,2025-10-18 00:47:35,28161.52,INR,-28161.52,APK Meera,3,PERCENTAGE,MAESTRO-APK-GROUP-FAMILY_HOUSEHOLD-2429 | Bills | 28161.52,Android,B49,RAMP_1501_2500,CREATED,idem-20260902-apk-2429
2430,MTR-APK-2430,Business,Business,Business Runway,Loan,Income,2025-10-08,16:20:02,2025-10-08 16:20:02,169704.02,INR,169704.02,APK Owner,,,MAESTRO-APK-BUSINESS-BUSINESS_RUNWAY-2430 | Loan | 169704.02,Android,B49,RAMP_1501_2500,CREATED,idem-20260902-apk-2430
2431,MTR-APK-2431,Personal,Personal,Life Operations,Subscriptions,Expense,2026-03-19,11:54:50,2026-03-19 11:54:50,10939.87,INR,-10939.87,APK Owner,,,MAESTRO-APK-PERSONAL-LIFE_OPERATIONS-2431 | Subscriptions | 10939.87,Android,B49,RAMP_1501_2500,CREATED,idem-20260902-apk-2431
2432,MTR-APK-2432,Group,Shared Living,Custom Living,Custom Expense,Expense,2026-07-16,05:40:42,2026-07-16 05:40:42,23946.6,INR,-23946.6,APK Owner,3,EXACT,MAESTRO-APK-GROUP-CUSTOM_LIVING-2432 | Custom Expense | 23946.60,Android,B49,RAMP_1501_2500,CREATED,idem-20260902-apk-2432
2433,MTR-APK-2433,Business,Business,Business Runway,Investment,Income,2026-08-17,19:29:53,2026-08-17 19:29:53,164021.26,INR,164021.26,APK Owner,,,MAESTRO-APK-BUSINESS-BUSINESS_RUNWAY-2433 | Investment | 164021.26,Android,B49,RAMP_1501_2500,CREATED,idem-20260902-apk-2433
2434,MTR-APK-2434,Personal,Personal,Life Operations,Repairs,Expense,2026-05-13,08:36:19,2026-05-13 08:36:19,9806.6,INR,-9806.6,APK Owner,,,MAESTRO-APK-PERSONAL-LIFE_OPERATIONS-2434 | Repairs | 9806.60,Android,B49,RAMP_1501_2500,CREATED,idem-20260902-apk-2434
2435,MTR-APK-2435,Group,Shared Living,Custom Living,Custom Contribution,Contribution,2026-05-05,05:45:59,2026-05-05 05:45:59,11316.05,INR,11316.05,APK Aarav,3,SHARES,MAESTRO-APK-GROUP-CUSTOM_LIVING-2435 | Custom Contribution | 11316.05,Android,B49,RAMP_1501_2500,CREATED,idem-20260902-apk-2435
2436,MTR-APK-2436,Business,Business,Business Operations,Software,Expense,2026-06-10,08:58:35,2026-06-10 08:58:35,84972.54,INR,-84972.54,APK Owner,,,MAESTRO-APK-BUSINESS-BUSINESS_OPERATIONS-2436 | Software | 84972.54,Android,B49,RAMP_1501_2500,CREATED,idem-20260902-apk-2436
2437,MTR-APK-2437,Personal,Personal,Future Building,Savings,Transfer,2026-07-16,17:29:48,2026-07-16 17:29:48,18099.07,INR,0.0,APK Owner,,,MAESTRO-APK-PERSONAL-FUTURE_BUILDING-2437 | Savings | 18099.07,Android,B49,RAMP_1501_2500,CREATED,idem-20260902-apk-2437
2438,MTR-APK-2438,Group,Shared Experience,Trip,Travel,Expense,2025-09-06,21:41:54,2025-09-06 21:41:54,21135.51,INR,-21135.51,APK Meera,3,EQUAL,MAESTRO-APK-GROUP-TRIP-2438 | Travel | 21135.51,Android,B49,RAMP_1501_2500,CREATED,idem-20260902-apk-2438
2439,MTR-APK-2439,Business,Business,Business Operations,Rent,Expense,2025-10-21,21:59:32,2025-10-21 21:59:32,154351.7,INR,-154351.7,APK Owner,,,MAESTRO-APK-BUSINESS-BUSINESS_OPERATIONS-2439 | Rent | 154351.70,Android,B49,RAMP_1501_2500,CREATED,idem-20260902-apk-2439
2440,MTR-APK-2440,Personal,Personal,Future Building,Emergency Fund,Transfer,2026-03-18,12:53:28,2026-03-18 12:53:28,14316.1,INR,0.0,APK Owner,,,MAESTRO-APK-PERSONAL-FUTURE_BUILDING-2440 | Emergency Fund | 14316.10,Android,B49,RAMP_1501_2500,CREATED,idem-20260902-apk-2440
2441,MTR-APK-2441,Group,Shared Experience,Trip,Stay,Expense,2026-02-28,06:16:10,2026-02-28 06:16:10,5288.6,INR,-5288.6,APK Owner,3,PERCENTAGE,MAESTRO-APK-GROUP-TRIP-2441 | Stay | 5288.60,Android,B49,RAMP_1501_2500,CREATED,idem-20260902-apk-2441
2442,MTR-APK-2442,Business,Business,Business Operations,Marketing,Expense,2025-12-14,03:36:27,2025-12-14 03:36:27,0.01,INR,-0.01,APK Owner,,,MAESTRO-APK-BUSINESS-BUSINESS_OPERATIONS-2442 | Marketing | 0.01,Android,B49,RAMP_1501_2500,CREATED,idem-20260902-apk-2442
2443,MTR-APK-2443,Personal,Personal,Future Building,Investments,Investment,2026-01-20,07:50:05,2026-01-20 07:50:05,3943.57,INR,0.0,APK Owner,,,MAESTRO-APK-PERSONAL-FUTURE_BUILDING-2443 | Investments | 3943.57,Android,B49,RAMP_1501_2500,CREATED,idem-20260902-apk-2443
2444,MTR-APK-2444,Group,Shared Experience,Trip,Food,Expense,2026-04-25,14:40:42,2026-04-25 14:40:42,20916.21,INR,-20916.21,APK Aarav,3,EXACT,MAESTRO-APK-GROUP-TRIP-2444 | Food | 20916.21,Android,B49,RAMP_1501_2500,CREATED,idem-20260902-apk-2444
2445,MTR-APK-2445,Business,Business,Business Operations,Legal,Expense,2026-07-10,03:41:42,2026-07-10 03:41:42,121326.94,INR,-121326.94,APK Owner,,,MAESTRO-APK-BUSINESS-BUSINESS_OPERATIONS-2445 | Legal | 121326.94,Android,B49,RAMP_1501_2500,CREATED,idem-20260902-apk-2445
2446,MTR-APK-2446,Personal,Personal,Future Building,Education,Expense,2025-10-25,22:02:46,2025-10-25 22:02:46,17690.17,INR,-17690.17,APK Owner,,,MAESTRO-APK-PERSONAL-FUTURE_BUILDING-2446 | Education | 17690.17,Android,B49,RAMP_1501_2500,CREATED,idem-20260902-apk-2446
2447,MTR-APK-2447,Group,Shared Experience,Trip,Local Transport,Expense,2025-12-15,04:57:27,2025-12-15 04:57:27,29398.54,INR,-29398.54,APK Meera,3,SHARES,MAESTRO-APK-GROUP-TRIP-2447 | Local Transport | 29398.54,Android,B49,RAMP_1501_2500,CREATED,idem-20260902-apk-2447
2448,MTR-APK-2448,Business,Business,Business Operations,Accounting,Expense,2026-02-04,07:17:11,2026-02-04 07:17:11,136845.18,INR,-136845.18,APK Owner,,,MAESTRO-APK-BUSINESS-BUSINESS_OPERATIONS-2448 | Accounting | 136845.18,Android,B49,RAMP_1501_2500,CREATED,idem-20260902-apk-2448
2449,MTR-APK-2449,Personal,Personal,Future Building,Goal Contribution,Transfer,2025-11-20,12:03:14,2025-11-20 12:03:14,8918.12,INR,0.0,APK Owner,,,MAESTRO-APK-PERSONAL-FUTURE_BUILDING-2449 | Goal Contribution | 8918.12,Android,B49,RAMP_1501_2500,CREATED,idem-20260902-apk-2449
2450,MTR-APK-2450,Group,Shared Experience,Trip,Activities,Expense,2025-11-18,06:35:24,2025-11-18 06:35:24,9402.72,INR,-9402.72,APK Owner,3,EQUAL,MAESTRO-APK-GROUP-TRIP-2450 | Activities | 9402.72,Android,B49,RAMP_1501_2500,CREATED,idem-20260902-apk-2450
2451,MTR-APK-2451,Business,Business,Business Operations,Equipment,Expense,2026-05-20,05:28:41,2026-05-20 05:28:41,126903.04,INR,-126903.04,APK Owner,,,MAESTRO-APK-BUSINESS-BUSINESS_OPERATIONS-2451 | Equipment | 126903.04,Android,B50,RAMP_1501_2500,CREATED,idem-20260902-apk-2451
2452,MTR-APK-2452,Personal,Personal,Lifestyle,Dining,Expense,2026-07-29,02:44:01,2026-07-29 02:44:01,16886.1,INR,-16886.1,APK Owner,,,MAESTRO-APK-PERSONAL-LIFESTYLE-2452 | Dining | 16886.10,Android,B50,RAMP_1501_2500,CREATED,idem-20260902-apk-2452
2453,MTR-APK-2453,Group,Shared Experience,Trip,Shopping,Expense,2026-06-26,01:39:49,2026-06-26 01:39:49,8088.16,INR,-8088.16,APK Aarav,3,PERCENTAGE,MAESTRO-APK-GROUP-TRIP-2453 | Shopping | 8088.16,Android,B50,RAMP_1501_2500,CREATED,idem-20260902-apk-2453
2454,MTR-APK-2454,Business,Business,Business Operations,Vendor,Expense,2026-03-16,21:59:48,2026-03-16 21:59:48,35035.1,INR,-35035.1,APK Owner,,,MAESTRO-APK-BUSINESS-BUSINESS_OPERATIONS-2454 | Vendor | 35035.10,Android,B50,RAMP_1501_2500,CREATED,idem-20260902-apk-2454
2455,MTR-APK-2455,Personal,Personal,Lifestyle,Shopping,Expense,2026-07-02,07:53:16,2026-07-02 07:53:16,9972.72,INR,-9972.72,APK Owner,,,MAESTRO-APK-PERSONAL-LIFESTYLE-2455 | Shopping | 9972.72,Android,B50,RAMP_1501_2500,CREATED,idem-20260902-apk-2455
2456,MTR-APK-2456,Group,Shared Experience,Trip,Other,Expense,2026-05-29,15:35:24,2026-05-29 15:35:24,21509.25,INR,-21509.25,APK Meera,3,EXACT,MAESTRO-APK-GROUP-TRIP-2456 | Other | 21509.25,Android,B50,RAMP_1501_2500,CREATED,idem-20260902-apk-2456
2457,MTR-APK-2457,Business,Business,Business Operations,Tax,Expense,2026-08-18,15:45:29,2026-08-18 15:45:29,176714.11,INR,-176714.11,APK Owner,,,MAESTRO-APK-BUSINESS-BUSINESS_OPERATIONS-2457 | Tax | 176714.11,Android,B50,RAMP_1501_2500,CREATED,idem-20260902-apk-2457
2458,MTR-APK-2458,Personal,Personal,Lifestyle,Entertainment,Expense,2026-05-23,13:26:10,2026-05-23 13:26:10,13110.91,INR,-13110.91,APK Owner,,,MAESTRO-APK-PERSONAL-LIFESTYLE-2458 | Entertainment | 13110.91,Android,B50,RAMP_1501_2500,CREATED,idem-20260902-apk-2458
2459,MTR-APK-2459,Group,Shared Experience,Wedding,Venue,Expense,2025-12-01,13:03:45,2025-12-01 13:03:45,10403.97,INR,-10403.97,APK Owner,3,SHARES,MAESTRO-APK-GROUP-WEDDING-2459 | Venue | 10403.97,Android,B50,RAMP_1501_2500,CREATED,idem-20260902-apk-2459
2460,MTR-APK-2460,Business,Business,Team Operations,Payroll,Expense,2026-02-09,12:46:17,2026-02-09 12:46:17,173463.02,INR,-173463.02,APK Owner,,,MAESTRO-APK-BUSINESS-TEAM_OPERATIONS-2460 | Payroll | 173463.02,Android,B50,RAMP_1501_2500,CREATED,idem-20260902-apk-2460
2461,MTR-APK-2461,Personal,Personal,Lifestyle,Travel,Expense,2026-01-02,03:21:48,2026-01-02 03:21:48,2643.89,INR,-2643.89,APK Owner,,,MAESTRO-APK-PERSONAL-LIFESTYLE-2461 | Travel | 2643.89,Android,B50,RAMP_1501_2500,CREATED,idem-20260902-apk-2461
2462,MTR-APK-2462,Group,Shared Experience,Wedding,Catering,Expense,2025-10-09,22:56:57,2025-10-09 22:56:57,13253.61,INR,-13253.61,APK Aarav,3,EQUAL,MAESTRO-APK-GROUP-WEDDING-2462 | Catering | 13253.61,Android,B50,RAMP_1501_2500,CREATED,idem-20260902-apk-2462
2463,MTR-APK-2463,Business,Business,Team Operations,Contractor,Expense,2026-06-10,19:56:20,2026-06-10 19:56:20,96191.93,INR,-96191.93,APK Owner,,,MAESTRO-APK-BUSINESS-TEAM_OPERATIONS-2463 | Contractor | 96191.93,Android,B50,RAMP_1501_2500,CREATED,idem-20260902-apk-2463
2464,MTR-APK-2464,Personal,Personal,Lifestyle,Fitness,Expense,2026-06-29,09:44:01,2026-06-29 09:44:01,16720.11,INR,-16720.11,APK Owner,,,MAESTRO-APK-PERSONAL-LIFESTYLE-2464 | Fitness | 16720.11,Android,B50,RAMP_1501_2500,CREATED,idem-20260902-apk-2464
2465,MTR-APK-2465,Group,Shared Experience,Wedding,Decor,Expense,2025-11-01,18:35:37,2025-11-01 18:35:37,22619.86,INR,-22619.86,APK Meera,3,PERCENTAGE,MAESTRO-APK-GROUP-WEDDING-2465 | Decor | 22619.86,Android,B50,RAMP_1501_2500,CREATED,idem-20260902-apk-2465
2466,MTR-APK-2466,Business,Business,Team Operations,Hiring,Expense,2025-12-22,18:01:35,2025-12-22 18:01:35,174494.31,INR,-174494.31,APK Owner,,,MAESTRO-APK-BUSINESS-TEAM_OPERATIONS-2466 | Hiring | 174494.31,Android,B50,RAMP_1501_2500,CREATED,idem-20260902-apk-2466
2467,MTR-APK-2467,Personal,Personal,Lifestyle,Hobbies,Expense,2026-01-07,12:35:23,2026-01-07 12:35:23,12170.36,INR,-12170.36,APK Owner,,,MAESTRO-APK-PERSONAL-LIFESTYLE-2467 | Hobbies | 12170.36,Android,B50,RAMP_1501_2500,CREATED,idem-20260902-apk-2467
2468,MTR-APK-2468,Group,Shared Experience,Wedding,Travel,Expense,2026-07-19,01:19:02,2026-07-19 01:19:02,4189.1,INR,-4189.1,APK Owner,3,EXACT,MAESTRO-APK-GROUP-WEDDING-2468 | Travel | 4189.10,Android,B50,RAMP_1501_2500,CREATED,idem-20260902-apk-2468
2469,MTR-APK-2469,Business,Business,Team Operations,Team Meal,Expense,2026-03-05,03:15:36,2026-03-05 03:15:36,132289.33,INR,-132289.33,APK Owner,,,MAESTRO-APK-BUSINESS-TEAM_OPERATIONS-2469 | Team Meal | 132289.33,Android,B50,RAMP_1501_2500,CREATED,idem-20260902-apk-2469
2470,MTR-APK-2470,Personal,Personal,Relationships,Gifts,Expense,2026-03-17,14:07:01,2026-03-17 14:07:01,4539.24,INR,-4539.24,APK Owner,,,MAESTRO-APK-PERSONAL-RELATIONSHIPS-2470 | Gifts | 4539.24,Android,B50,RAMP_1501_2500,CREATED,idem-20260902-apk-2470
2471,MTR-APK-2471,Group,Shared Experience,Wedding,Gifts,Expense,2025-11-26,02:56:47,2025-11-26 02:56:47,5311.12,INR,-5311.12,APK Aarav,3,SHARES,MAESTRO-APK-GROUP-WEDDING-2471 | Gifts | 5311.12,Android,B50,RAMP_1501_2500,CREATED,idem-20260902-apk-2471
2472,MTR-APK-2472,Business,Business,Team Operations,Travel,Expense,2026-08-01,06:54:50,2026-08-01 06:54:50,17032.76,INR,-17032.76,APK Owner,,,MAESTRO-APK-BUSINESS-TEAM_OPERATIONS-2472 | Travel | 17032.76,Android,B50,RAMP_1501_2500,CREATED,idem-20260902-apk-2472
2473,MTR-APK-2473,Personal,Personal,Relationships,Dates,Expense,2025-12-03,18:17:56,2025-12-03 18:17:56,14270.97,INR,-14270.97,APK Owner,,,MAESTRO-APK-PERSONAL-RELATIONSHIPS-2473 | Dates | 14270.97,Android,B50,RAMP_1501_2500,CREATED,idem-20260902-apk-2473
2474,MTR-APK-2474,Group,Shared Experience,Wedding,Photography,Expense,2026-05-02,01:28:47,2026-05-02 01:28:47,11524.17,INR,-11524.17,APK Meera,3,EQUAL,MAESTRO-APK-GROUP-WEDDING-2474 | Photography | 11524.17,Android,B50,RAMP_1501_2500,CREATED,idem-20260902-apk-2474
2475,MTR-APK-2475,Business,Business,Team Operations,Training,Expense,2026-03-14,12:49:54,2026-03-14 12:49:54,84272.04,INR,-84272.04,APK Owner,,,MAESTRO-APK-BUSINESS-TEAM_OPERATIONS-2475 | Training | 84272.04,Android,B50,RAMP_1501_2500,CREATED,idem-20260902-apk-2475
2476,MTR-APK-2476,Personal,Personal,Relationships,Family,Expense,2026-04-08,12:40:25,2026-04-08 12:40:25,5538.9,INR,-5538.9,APK Owner,,,MAESTRO-APK-PERSONAL-RELATIONSHIPS-2476 | Family | 5538.90,Android,B50,RAMP_1501_2500,CREATED,idem-20260902-apk-2476
2477,MTR-APK-2477,Group,Shared Experience,Wedding,Other,Expense,2026-03-12,20:43:34,2026-03-12 20:43:34,4731.68,INR,-4731.68,APK Owner,3,PERCENTAGE,MAESTRO-APK-GROUP-WEDDING-2477 | Other | 4731.68,Android,B50,RAMP_1501_2500,CREATED,idem-20260902-apk-2477
2478,MTR-APK-2478,Business,Business,Team Operations,Tools,Expense,2025-12-17,21:02:37,2025-12-17 21:02:37,37334.24,INR,-37334.24,APK Owner,,,MAESTRO-APK-BUSINESS-TEAM_OPERATIONS-2478 | Tools | 37334.24,Android,B50,RAMP_1501_2500,CREATED,idem-20260902-apk-2478
2479,MTR-APK-2479,Personal,Personal,Relationships,Friends,Expense,2025-12-08,15:25:39,2025-12-08 15:25:39,1.0,INR,-1.0,APK Owner,,,MAESTRO-APK-PERSONAL-RELATIONSHIPS-2479 | Friends | 1.00,Android,B50,RAMP_1501_2500,CREATED,idem-20260902-apk-2479
2480,MTR-APK-2480,Group,Shared Experience,Office Outing,Food,Expense,2026-03-01,18:23:53,2026-03-01 18:23:53,27043.61,INR,-27043.61,APK Aarav,3,EXACT,MAESTRO-APK-GROUP-OFFICE_OUTING-2480 | Food | 27043.61,Android,B50,RAMP_1501_2500,CREATED,idem-20260902-apk-2480
2481,MTR-APK-2481,Business,Business,Business Runway,Funding,Income,2026-04-08,01:58:48,2026-04-08 01:58:48,51024.11,INR,51024.11,APK Owner,,,MAESTRO-APK-BUSINESS-BUSINESS_RUNWAY-2481 | Funding | 51024.11,Android,B50,RAMP_1501_2500,CREATED,idem-20260902-apk-2481
2482,MTR-APK-2482,Personal,Personal,Relationships,Celebrations,Expense,2026-08-30,23:09:52,2026-08-30 23:09:52,11258.31,INR,-11258.31,APK Owner,,,MAESTRO-APK-PERSONAL-RELATIONSHIPS-2482 | Celebrations | 11258.31,Android,B50,RAMP_1501_2500,CREATED,idem-20260902-apk-2482
2483,MTR-APK-2483,Group,Shared Experience,Office Outing,Travel,Expense,2025-11-17,03:24:31,2025-11-17 03:24:31,1162.98,INR,-1162.98,APK Meera,3,SHARES,MAESTRO-APK-GROUP-OFFICE_OUTING-2483 | Travel | 1162.98,Android,B50,RAMP_1501_2500,CREATED,idem-20260902-apk-2483
2484,MTR-APK-2484,Business,Business,Business Runway,Revenue,Income,2026-03-09,07:04:24,2026-03-09 07:04:24,144445.6,INR,144445.6,APK Owner,,,MAESTRO-APK-BUSINESS-BUSINESS_RUNWAY-2484 | Revenue | 144445.60,Android,B50,RAMP_1501_2500,CREATED,idem-20260902-apk-2484
2485,MTR-APK-2485,Personal,Personal,Life Operations,Groceries,Expense,2026-08-06,00:38:05,2026-08-06 00:38:05,9426.23,INR,-9426.23,APK Owner,,,MAESTRO-APK-PERSONAL-LIFE_OPERATIONS-2485 | Groceries | 9426.23,Android,B50,RAMP_1501_2500,CREATED,idem-20260902-apk-2485
2486,MTR-APK-2486,Group,Shared Experience,Office Outing,Activities,Expense,2026-04-12,02:08:52,2026-04-12 02:08:52,604.87,INR,-604.87,APK Owner,3,EQUAL,MAESTRO-APK-GROUP-OFFICE_OUTING-2486 | Activities | 604.87,Android,B50,RAMP_1501_2500,CREATED,idem-20260902-apk-2486
2487,MTR-APK-2487,Business,Business,Business Runway,Burn,Expense,2026-07-06,05:37:46,2026-07-06 05:37:46,166396.82,INR,-166396.82,APK Owner,,,MAESTRO-APK-BUSINESS-BUSINESS_RUNWAY-2487 | Burn | 166396.82,Android,B50,RAMP_1501_2500,CREATED,idem-20260902-apk-2487
2488,MTR-APK-2488,Personal,Personal,Life Operations,Rent,Expense,2025-10-03,17:32:30,2025-10-03 17:32:30,13015.73,INR,-13015.73,APK Owner,,,MAESTRO-APK-PERSONAL-LIFE_OPERATIONS-2488 | Rent | 13015.73,Android,B50,RAMP_1501_2500,CREATED,idem-20260902-apk-2488
2489,MTR-APK-2489,Group,Shared Experience,Office Outing,Venue,Expense,2025-09-21,00:20:39,2025-09-21 00:20:39,11540.29,INR,-11540.29,APK Aarav,3,PERCENTAGE,MAESTRO-APK-GROUP-OFFICE_OUTING-2489 | Venue | 11540.29,Android,B50,RAMP_1501_2500,CREATED,idem-20260902-apk-2489
2490,MTR-APK-2490,Business,Business,Business Runway,Reserve,Transfer,2026-03-17,01:57:04,2026-03-17 01:57:04,111816.48,INR,0.0,APK Owner,,,MAESTRO-APK-BUSINESS-BUSINESS_RUNWAY-2490 | Reserve | 111816.48,Android,B50,RAMP_1501_2500,CREATED,idem-20260902-apk-2490
2491,MTR-APK-2491,Personal,Personal,Life Operations,Bills,Expense,2026-06-07,01:48:09,2026-06-07 01:48:09,4451.89,INR,-4451.89,APK Owner,,,MAESTRO-APK-PERSONAL-LIFE_OPERATIONS-2491 | Bills | 4451.89,Android,B50,RAMP_1501_2500,CREATED,idem-20260902-apk-2491
2492,MTR-APK-2492,Group,Shared Experience,Office Outing,Other,Expense,2026-03-08,05:23:25,2026-03-08 05:23:25,20301.05,INR,-20301.05,APK Meera,3,EXACT,MAESTRO-APK-GROUP-OFFICE_OUTING-2492 | Other | 20301.05,Android,B50,RAMP_1501_2500,CREATED,idem-20260902-apk-2492
2493,MTR-APK-2493,Business,Business,Business Runway,Loan,Income,2025-10-09,23:57:38,2025-10-09 23:57:38,30602.09,INR,30602.09,APK Owner,,,MAESTRO-APK-BUSINESS-BUSINESS_RUNWAY-2493 | Loan | 30602.09,Android,B50,RAMP_1501_2500,CREATED,idem-20260902-apk-2493
2494,MTR-APK-2494,Personal,Personal,Life Operations,Transport,Expense,2026-05-02,16:04:24,2026-05-02 16:04:24,8265.23,INR,-8265.23,APK Owner,,,MAESTRO-APK-PERSONAL-LIFE_OPERATIONS-2494 | Transport | 8265.23,Android,B50,RAMP_1501_2500,CREATED,idem-20260902-apk-2494
2495,MTR-APK-2495,Group,Shared Experience,House Party,Food,Expense,2025-12-25,10:27:49,2025-12-25 10:27:49,13750.46,INR,-13750.46,APK Owner,3,SHARES,MAESTRO-APK-GROUP-HOUSE_PARTY-2495 | Food | 13750.46,Android,B50,RAMP_1501_2500,CREATED,idem-20260902-apk-2495
2496,MTR-APK-2496,Business,Business,Business Runway,Investment,Income,2026-07-05,04:31:10,2026-07-05 04:31:10,9844.92,INR,9844.92,APK Owner,,,MAESTRO-APK-BUSINESS-BUSINESS_RUNWAY-2496 | Investment | 9844.92,Android,B50,RAMP_1501_2500,CREATED,idem-20260902-apk-2496
2497,MTR-APK-2497,Personal,Personal,Life Operations,Healthcare,Expense,2025-12-04,11:27:31,2025-12-04 11:27:31,13006.79,INR,-13006.79,APK Owner,,,MAESTRO-APK-PERSONAL-LIFE_OPERATIONS-2497 | Healthcare | 13006.79,Android,B50,RAMP_1501_2500,CREATED,idem-20260902-apk-2497
2498,MTR-APK-2498,Group,Shared Experience,House Party,Drinks,Expense,2026-02-09,18:53:01,2026-02-09 18:53:01,3839.56,INR,-3839.56,APK Aarav,3,EQUAL,MAESTRO-APK-GROUP-HOUSE_PARTY-2498 | Drinks | 3839.56,Android,B50,RAMP_1501_2500,CREATED,idem-20260902-apk-2498
2499,MTR-APK-2499,Business,Business,Business Operations,Software,Expense,2026-04-16,00:02:31,2026-04-16 00:02:31,66928.52,INR,-66928.52,APK Owner,,,MAESTRO-APK-BUSINESS-BUSINESS_OPERATIONS-2499 | Software | 66928.52,Android,B50,RAMP_1501_2500,CREATED,idem-20260902-apk-2499
2500,MTR-APK-2500,Personal,Personal,Life Operations,Subscriptions,Expense,2026-02-12,03:28:01,2026-02-12 03:28:01,18230.0,INR,-18230.0,APK Owner,,,MAESTRO-APK-PERSONAL-LIFE_OPERATIONS-2500 | Subscriptions | 18230.00,Android,B50,RAMP_1501_2500,CREATED,idem-20260902-apk-2500
2501,MTR-APK-2501,Group,Shared Experience,House Party,Decor,Expense,2025-10-11,14:07:31,2025-10-11 14:07:31,14874.63,INR,-14874.63,APK Meera,3,PERCENTAGE,MAESTRO-APK-GROUP-HOUSE_PARTY-2501 | Decor | 14874.63,Android,B51,HIGH_2501_3000,CREATED,idem-20260902-apk-2501
2502,MTR-APK-2502,Business,Business,Business Operations,Rent,Expense,2026-07-10,18:17:50,2026-07-10 18:17:50,58481.64,INR,-58481.64,APK Owner,,,MAESTRO-APK-BUSINESS-BUSINESS_OPERATIONS-2502 | Rent | 58481.64,Android,B51,HIGH_2501_3000,CREATED,idem-20260902-apk-2502
2503,MTR-APK-2503,Personal,Personal,Life Operations,Repairs,Expense,2026-01-09,09:17:51,2026-01-09 09:17:51,13447.48,INR,-13447.48,APK Owner,,,MAESTRO-APK-PERSONAL-LIFE_OPERATIONS-2503 | Repairs | 13447.48,Android,B51,HIGH_2501_3000,CREATED,idem-20260902-apk-2503
2504,MTR-APK-2504,Group,Shared Experience,House Party,Supplies,Expense,2026-03-19,10:11:41,2026-03-19 10:11:41,14850.7,INR,-14850.7,APK Owner,3,EXACT,MAESTRO-APK-GROUP-HOUSE_PARTY-2504 | Supplies | 14850.70,Android,B51,HIGH_2501_3000,CREATED,idem-20260902-apk-2504
2505,MTR-APK-2505,Business,Business,Business Operations,Marketing,Expense,2026-06-11,20:43:54,2026-06-11 20:43:54,67192.25,INR,-67192.25,APK Owner,,,MAESTRO-APK-BUSINESS-BUSINESS_OPERATIONS-2505 | Marketing | 67192.25,Android,B51,HIGH_2501_3000,CREATED,idem-20260902-apk-2505
2506,MTR-APK-2506,Personal,Personal,Future Building,Savings,Transfer,2025-09-09,08:00:30,2025-09-09 08:00:30,14403.23,INR,0.0,APK Owner,,,MAESTRO-APK-PERSONAL-FUTURE_BUILDING-2506 | Savings | 14403.23,Android,B51,HIGH_2501_3000,CREATED,idem-20260902-apk-2506
2507,MTR-APK-2507,Group,Shared Experience,House Party,Other,Expense,2025-10-23,06:51:24,2025-10-23 06:51:24,20842.68,INR,-20842.68,APK Aarav,3,SHARES,MAESTRO-APK-GROUP-HOUSE_PARTY-2507 | Other | 20842.68,Android,B51,HIGH_2501_3000,CREATED,idem-20260902-apk-2507
2508,MTR-APK-2508,Business,Business,Business Operations,Legal,Expense,2026-08-14,04:15:36,2026-08-14 04:15:36,41709.21,INR,-41709.21,APK Owner,,,MAESTRO-APK-BUSINESS-BUSINESS_OPERATIONS-2508 | Legal | 41709.21,Android,B51,HIGH_2501_3000,CREATED,idem-20260902-apk-2508
2509,MTR-APK-2509,Personal,Personal,Future Building,Emergency Fund,Transfer,2026-03-27,17:23:00,2026-03-27 17:23:00,1349.15,INR,0.0,APK Owner,,,MAESTRO-APK-PERSONAL-FUTURE_BUILDING-2509 | Emergency Fund | 1349.15,Android,B51,HIGH_2501_3000,CREATED,idem-20260902-apk-2509
2510,MTR-APK-2510,Group,Shared Purchase,Gift Pool,Contribution,Contribution,2025-09-25,17:15:04,2025-09-25 17:15:04,29880.48,INR,29880.48,APK Meera,3,EQUAL,MAESTRO-APK-GROUP-GIFT_POOL-2510 | Contribution | 29880.48,Android,B51,HIGH_2501_3000,CREATED,idem-20260902-apk-2510
2511,MTR-APK-2511,Business,Business,Business Operations,Accounting,Expense,2026-02-20,23:06:08,2026-02-20 23:06:08,21843.48,INR,-21843.48,APK Owner,,,MAESTRO-APK-BUSINESS-BUSINESS_OPERATIONS-2511 | Accounting | 21843.48,Android,B51,HIGH_2501_3000,CREATED,idem-20260902-apk-2511
2512,MTR-APK-2512,Personal,Personal,Future Building,Investments,Investment,2025-12-13,10:22:44,2025-12-13 10:22:44,5435.73,INR,0.0,APK Owner,,,MAESTRO-APK-PERSONAL-FUTURE_BUILDING-2512 | Investments | 5435.73,Android,B51,HIGH_2501_3000,CREATED,idem-20260902-apk-2512
2513,MTR-APK-2513,Group,Shared Purchase,Gift Pool,Gift Purchase,Expense,2025-12-20,21:13:18,2025-12-20 21:13:18,29140.92,INR,-29140.92,APK Owner,3,PERCENTAGE,MAESTRO-APK-GROUP-GIFT_POOL-2513 | Gift Purchase | 29140.92,Android,B51,HIGH_2501_3000,CREATED,idem-20260902-apk-2513
2514,MTR-APK-2514,Business,Business,Business Operations,Equipment,Expense,2026-06-20,21:24:27,2026-06-20 21:24:27,116013.15,INR,-116013.15,APK Owner,,,MAESTRO-APK-BUSINESS-BUSINESS_OPERATIONS-2514 | Equipment | 116013.15,Android,B51,HIGH_2501_3000,CREATED,idem-20260902-apk-2514
2515,MTR-APK-2515,Personal,Personal,Future Building,Education,Expense,2026-06-14,20:39:13,2026-06-14 20:39:13,13665.81,INR,-13665.81,APK Owner,,,MAESTRO-APK-PERSONAL-FUTURE_BUILDING-2515 | Education | 13665.81,Android,B51,HIGH_2501_3000,CREATED,idem-20260902-apk-2515
2516,MTR-APK-2516,Group,Shared Purchase,Gift Pool,Delivery,Expense,2026-08-30,12:58:16,2026-08-30 12:58:16,99.99,INR,-99.99,APK Aarav,3,EXACT,MAESTRO-APK-GROUP-GIFT_POOL-2516 | Delivery | 99.99,Android,B51,HIGH_2501_3000,CREATED,idem-20260902-apk-2516
2517,MTR-APK-2517,Business,Business,Business Operations,Vendor,Expense,2026-05-18,12:55:01,2026-05-18 12:55:01,161857.13,INR,-161857.13,APK Owner,,,MAESTRO-APK-BUSINESS-BUSINESS_OPERATIONS-2517 | Vendor | 161857.13,Android,B51,HIGH_2501_3000,CREATED,idem-20260902-apk-2517
2518,MTR-APK-2518,Personal,Personal,Future Building,Goal Contribution,Transfer,2025-11-27,04:26:30,2025-11-27 04:26:30,1298.01,INR,0.0,APK Owner,,,MAESTRO-APK-PERSONAL-FUTURE_BUILDING-2518 | Goal Contribution | 1298.01,Android,B51,HIGH_2501_3000,CREATED,idem-20260902-apk-2518
2519,MTR-APK-2519,Group,Shared Purchase,Gift Pool,Other,Expense,2025-12-26,00:59:54,2025-12-26 00:59:54,5523.41,INR,-5523.41,APK Meera,3,SHARES,MAESTRO-APK-GROUP-GIFT_POOL-2519 | Other | 5523.41,Android,B51,HIGH_2501_3000,CREATED,idem-20260902-apk-2519
2520,MTR-APK-2520,Business,Business,Business Operations,Tax,Expense,2025-09-05,13:02:10,2025-09-05 13:02:10,107024.98,INR,-107024.98,APK Owner,,,MAESTRO-APK-BUSINESS-BUSINESS_OPERATIONS-2520 | Tax | 107024.98,Android,B51,HIGH_2501_3000,CREATED,idem-20260902-apk-2520
2521,MTR-APK-2521,Personal,Personal,Lifestyle,Dining,Expense,2026-03-28,12:39:48,2026-03-28 12:39:48,18923.09,INR,-18923.09,APK Owner,,,MAESTRO-APK-PERSONAL-LIFESTYLE-2521 | Dining | 18923.09,Android,B51,HIGH_2501_3000,CREATED,idem-20260902-apk-2521
2522,MTR-APK-2522,Group,Shared Purchase,Purchase,Item,Expense,2025-10-03,17:57:02,2025-10-03 17:57:02,26617.03,INR,-26617.03,APK Owner,3,EQUAL,MAESTRO-APK-GROUP-PURCHASE-2522 | Item | 26617.03,Android,B51,HIGH_2501_3000,CREATED,idem-20260902-apk-2522
2523,MTR-APK-2523,Business,Business,Team Operations,Payroll,Expense,2025-09-08,11:53:43,2025-09-08 11:53:43,129814.12,INR,-129814.12,APK Owner,,,MAESTRO-APK-BUSINESS-TEAM_OPERATIONS-2523 | Payroll | 129814.12,Android,B51,HIGH_2501_3000,CREATED,idem-20260902-apk-2523
2524,MTR-APK-2524,Personal,Personal,Lifestyle,Shopping,Expense,2026-08-23,01:54:01,2026-08-23 01:54:01,17952.46,INR,-17952.46,APK Owner,,,MAESTRO-APK-PERSONAL-LIFESTYLE-2524 | Shopping | 17952.46,Android,B51,HIGH_2501_3000,CREATED,idem-20260902-apk-2524
2525,MTR-APK-2525,Group,Shared Purchase,Purchase,Shipping,Expense,2026-01-31,14:36:23,2026-01-31 14:36:23,26317.22,INR,-26317.22,APK Aarav,3,PERCENTAGE,MAESTRO-APK-GROUP-PURCHASE-2525 | Shipping | 26317.22,Android,B51,HIGH_2501_3000,CREATED,idem-20260902-apk-2525
2526,MTR-APK-2526,Business,Business,Team Operations,Contractor,Expense,2026-08-18,08:05:32,2026-08-18 08:05:32,140092.82,INR,-140092.82,APK Owner,,,MAESTRO-APK-BUSINESS-TEAM_OPERATIONS-2526 | Contractor | 140092.82,Android,B51,HIGH_2501_3000,CREATED,idem-20260902-apk-2526
2527,MTR-APK-2527,Personal,Personal,Lifestyle,Entertainment,Expense,2025-09-21,05:43:11,2025-09-21 05:43:11,1202.44,INR,-1202.44,APK Owner,,,MAESTRO-APK-PERSONAL-LIFESTYLE-2527 | Entertainment | 1202.44,Android,B51,HIGH_2501_3000,CREATED,idem-20260902-apk-2527
2528,MTR-APK-2528,Group,Shared Purchase,Purchase,Tax,Expense,2025-11-05,22:49:59,2025-11-05 22:49:59,28191.75,INR,-28191.75,APK Meera,3,EXACT,MAESTRO-APK-GROUP-PURCHASE-2528 | Tax | 28191.75,Android,B51,HIGH_2501_3000,CREATED,idem-20260902-apk-2528
2529,MTR-APK-2529,Business,Business,Team Operations,Hiring,Expense,2025-12-20,07:49:53,2025-12-20 07:49:53,139807.66,INR,-139807.66,APK Owner,,,MAESTRO-APK-BUSINESS-TEAM_OPERATIONS-2529 | Hiring | 139807.66,Android,B51,HIGH_2501_3000,CREATED,idem-20260902-apk-2529
2530,MTR-APK-2530,Personal,Personal,Lifestyle,Travel,Expense,2026-06-25,00:01:56,2026-06-25 00:01:56,3581.61,INR,-3581.61,APK Owner,,,MAESTRO-APK-PERSONAL-LIFESTYLE-2530 | Travel | 3581.61,Android,B51,HIGH_2501_3000,CREATED,idem-20260902-apk-2530
2531,MTR-APK-2531,Group,Shared Purchase,Purchase,Other,Expense,2026-05-16,13:30:35,2026-05-16 13:30:35,29608.78,INR,-29608.78,APK Owner,3,SHARES,MAESTRO-APK-GROUP-PURCHASE-2531 | Other | 29608.78,Android,B51,HIGH_2501_3000,CREATED,idem-20260902-apk-2531
2532,MTR-APK-2532,Business,Business,Team Operations,Team Meal,Expense,2025-09-15,17:39:08,2025-09-15 17:39:08,168565.45,INR,-168565.45,APK Owner,,,MAESTRO-APK-BUSINESS-TEAM_OPERATIONS-2532 | Team Meal | 168565.45,Android,B51,HIGH_2501_3000,CREATED,idem-20260902-apk-2532
2533,MTR-APK-2533,Personal,Personal,Lifestyle,Fitness,Expense,2026-04-22,10:42:17,2026-04-22 10:42:17,4733.16,INR,-4733.16,APK Owner,,,MAESTRO-APK-PERSONAL-LIFESTYLE-2533 | Fitness | 4733.16,Android,B51,HIGH_2501_3000,CREATED,idem-20260902-apk-2533
2534,MTR-APK-2534,Group,Shared Purchase,Assets,Purchase,Expense,2025-09-29,17:32:34,2025-09-29 17:32:34,21129.32,INR,-21129.32,APK Aarav,3,EQUAL,MAESTRO-APK-GROUP-ASSETS-2534 | Purchase | 21129.32,Android,B51,HIGH_2501_3000,CREATED,idem-20260902-apk-2534
2535,MTR-APK-2535,Business,Business,Team Operations,Travel,Expense,2025-10-15,07:11:53,2025-10-15 07:11:53,11932.04,INR,-11932.04,APK Owner,,,MAESTRO-APK-BUSINESS-TEAM_OPERATIONS-2535 | Travel | 11932.04,Android,B51,HIGH_2501_3000,CREATED,idem-20260902-apk-2535
2536,MTR-APK-2536,Personal,Personal,Lifestyle,Hobbies,Expense,2026-01-13,06:23:21,2026-01-13 06:23:21,14922.19,INR,-14922.19,APK Owner,,,MAESTRO-APK-PERSONAL-LIFESTYLE-2536 | Hobbies | 14922.19,Android,B51,HIGH_2501_3000,CREATED,idem-20260902-apk-2536
2537,MTR-APK-2537,Group,Shared Purchase,Assets,Maintenance,Expense,2025-09-26,20:45:16,2025-09-26 20:45:16,27480.5,INR,-27480.5,APK Meera,3,PERCENTAGE,MAESTRO-APK-GROUP-ASSETS-2537 | Maintenance | 27480.50,Android,B51,HIGH_2501_3000,CREATED,idem-20260902-apk-2537
2538,MTR-APK-2538,Business,Business,Team Operations,Training,Expense,2026-01-25,18:08:35,2026-01-25 18:08:35,70410.82,INR,-70410.82,APK Owner,,,MAESTRO-APK-BUSINESS-TEAM_OPERATIONS-2538 | Training | 70410.82,Android,B51,HIGH_2501_3000,CREATED,idem-20260902-apk-2538
2539,MTR-APK-2539,Personal,Personal,Relationships,Gifts,Expense,2026-07-21,11:33:30,2026-07-21 11:33:30,6965.77,INR,-6965.77,APK Owner,,,MAESTRO-APK-PERSONAL-RELATIONSHIPS-2539 | Gifts | 6965.77,Android,B51,HIGH_2501_3000,CREATED,idem-20260902-apk-2539
2540,MTR-APK-2540,Group,Shared Purchase,Assets,Repair,Expense,2026-05-19,00:22:36,2026-05-19 00:22:36,19733.43,INR,-19733.43,APK Owner,3,EXACT,MAESTRO-APK-GROUP-ASSETS-2540 | Repair | 19733.43,Android,B51,HIGH_2501_3000,CREATED,idem-20260902-apk-2540
2541,MTR-APK-2541,Business,Business,Team Operations,Tools,Expense,2026-03-27,07:03:48,2026-03-27 07:03:48,43756.35,INR,-43756.35,APK Owner,,,MAESTRO-APK-BUSINESS-TEAM_OPERATIONS-2541 | Tools | 43756.35,Android,B51,HIGH_2501_3000,CREATED,idem-20260902-apk-2541
2542,MTR-APK-2542,Personal,Personal,Relationships,Dates,Expense,2025-10-28,06:41:28,2025-10-28 06:41:28,18012.59,INR,-18012.59,APK Owner,,,MAESTRO-APK-PERSONAL-RELATIONSHIPS-2542 | Dates | 18012.59,Android,B51,HIGH_2501_3000,CREATED,idem-20260902-apk-2542
2543,MTR-APK-2543,Group,Shared Purchase,Assets,Insurance,Expense,2026-01-19,19:20:33,2026-01-19 19:20:33,13339.88,INR,-13339.88,APK Aarav,3,SHARES,MAESTRO-APK-GROUP-ASSETS-2543 | Insurance | 13339.88,Android,B51,HIGH_2501_3000,CREATED,idem-20260902-apk-2543
2544,MTR-APK-2544,Business,Business,Business Runway,Funding,Income,2026-04-10,07:53:23,2026-04-10 07:53:23,135628.37,INR,135628.37,APK Owner,,,MAESTRO-APK-BUSINESS-BUSINESS_RUNWAY-2544 | Funding | 135628.37,Android,B51,HIGH_2501_3000,CREATED,idem-20260902-apk-2544
2545,MTR-APK-2545,Personal,Personal,Relationships,Family,Expense,2026-06-28,18:47:54,2026-06-28 18:47:54,9375.32,INR,-9375.32,APK Owner,,,MAESTRO-APK-PERSONAL-RELATIONSHIPS-2545 | Family | 9375.32,Android,B51,HIGH_2501_3000,CREATED,idem-20260902-apk-2545
2546,MTR-APK-2546,Group,Shared Purchase,Assets,Other,Expense,2026-05-29,03:50:46,2026-05-29 03:50:46,10852.79,INR,-10852.79,APK Meera,3,EQUAL,MAESTRO-APK-GROUP-ASSETS-2546 | Other | 10852.79,Android,B51,HIGH_2501_3000,CREATED,idem-20260902-apk-2546
2547,MTR-APK-2547,Business,Business,Business Runway,Revenue,Income,2026-09-01,06:24:39,2026-09-01 06:24:39,52013.52,INR,52013.52,APK Owner,,,MAESTRO-APK-BUSINESS-BUSINESS_RUNWAY-2547 | Revenue | 52013.52,Android,B51,HIGH_2501_3000,CREATED,idem-20260902-apk-2547
2548,MTR-APK-2548,Personal,Personal,Relationships,Friends,Expense,2025-12-09,15:24:18,2025-12-09 15:24:18,4547.87,INR,-4547.87,APK Owner,,,MAESTRO-APK-PERSONAL-RELATIONSHIPS-2548 | Friends | 4547.87,Android,B51,HIGH_2501_3000,CREATED,idem-20260902-apk-2548
2549,MTR-APK-2549,Group,Shared Purchase,Custom Purchase,Custom Expense,Expense,2026-06-20,04:33:25,2026-06-20 04:33:25,18498.9,INR,-18498.9,APK Owner,3,PERCENTAGE,MAESTRO-APK-GROUP-CUSTOM_PURCHASE-2549 | Custom Expense | 18498.90,Android,B51,HIGH_2501_3000,CREATED,idem-20260902-apk-2549
2550,MTR-APK-2550,Business,Business,Business Runway,Burn,Expense,2026-01-29,18:31:54,2026-01-29 18:31:54,147735.72,INR,-147735.72,APK Owner,,,MAESTRO-APK-BUSINESS-BUSINESS_RUNWAY-2550 | Burn | 147735.72,Android,B51,HIGH_2501_3000,CREATED,idem-20260902-apk-2550
2551,MTR-APK-2551,Personal,Personal,Relationships,Celebrations,Expense,2026-01-18,13:27:28,2026-01-18 13:27:28,2339.92,INR,-2339.92,APK Owner,,,MAESTRO-APK-PERSONAL-RELATIONSHIPS-2551 | Celebrations | 2339.92,Android,B52,HIGH_2501_3000,CREATED,idem-20260902-apk-2551
2552,MTR-APK-2552,Group,Shared Purchase,Custom Purchase,Custom Contribution,Contribution,2026-07-11,21:45:39,2026-07-11 21:45:39,12815.91,INR,12815.91,APK Aarav,3,EXACT,MAESTRO-APK-GROUP-CUSTOM_PURCHASE-2552 | Custom Contribution | 12815.91,Android,B52,HIGH_2501_3000,CREATED,idem-20260902-apk-2552
2553,MTR-APK-2553,Business,Business,Business Runway,Reserve,Transfer,2026-06-14,16:17:23,2026-06-14 16:17:23,100.0,INR,0.0,APK Owner,,,MAESTRO-APK-BUSINESS-BUSINESS_RUNWAY-2553 | Reserve | 100.00,Android,B52,HIGH_2501_3000,CREATED,idem-20260902-apk-2553
2554,MTR-APK-2554,Personal,Personal,Life Operations,Groceries,Expense,2026-03-10,09:23:04,2026-03-10 09:23:04,4304.67,INR,-4304.67,APK Owner,,,MAESTRO-APK-PERSONAL-LIFE_OPERATIONS-2554 | Groceries | 4304.67,Android,B52,HIGH_2501_3000,CREATED,idem-20260902-apk-2554
2555,MTR-APK-2555,Group,Shared Living,Flatmates,Rent,Expense,2025-09-30,12:19:40,2025-09-30 12:19:40,7116.73,INR,-7116.73,APK Meera,3,SHARES,MAESTRO-APK-GROUP-FLATMATES-2555 | Rent | 7116.73,Android,B52,HIGH_2501_3000,CREATED,idem-20260902-apk-2555
2556,MTR-APK-2556,Business,Business,Business Runway,Loan,Income,2026-08-12,18:58:19,2026-08-12 18:58:19,4674.92,INR,4674.92,APK Owner,,,MAESTRO-APK-BUSINESS-BUSINESS_RUNWAY-2556 | Loan | 4674.92,Android,B52,HIGH_2501_3000,CREATED,idem-20260902-apk-2556
2557,MTR-APK-2557,Personal,Personal,Life Operations,Rent,Expense,2025-12-14,12:09:52,2025-12-14 12:09:52,490.39,INR,-490.39,APK Owner,,,MAESTRO-APK-PERSONAL-LIFE_OPERATIONS-2557 | Rent | 490.39,Android,B52,HIGH_2501_3000,CREATED,idem-20260902-apk-2557
2558,MTR-APK-2558,Group,Shared Living,Flatmates,Utilities,Expense,2025-10-01,22:39:57,2025-10-01 22:39:57,29952.54,INR,-29952.54,APK Owner,3,EQUAL,MAESTRO-APK-GROUP-FLATMATES-2558 | Utilities | 29952.54,Android,B52,HIGH_2501_3000,CREATED,idem-20260902-apk-2558
2559,MTR-APK-2559,Business,Business,Business Runway,Investment,Income,2025-12-30,09:21:17,2025-12-30 09:21:17,89954.78,INR,89954.78,APK Owner,,,MAESTRO-APK-BUSINESS-BUSINESS_RUNWAY-2559 | Investment | 89954.78,Android,B52,HIGH_2501_3000,CREATED,idem-20260902-apk-2559
2560,MTR-APK-2560,Personal,Personal,Life Operations,Bills,Expense,2025-10-25,17:54:27,2025-10-25 17:54:27,16302.95,INR,-16302.95,APK Owner,,,MAESTRO-APK-PERSONAL-LIFE_OPERATIONS-2560 | Bills | 16302.95,Android,B52,HIGH_2501_3000,CREATED,idem-20260902-apk-2560
2561,MTR-APK-2561,Group,Shared Living,Flatmates,Groceries,Expense,2025-09-14,09:19:08,2025-09-14 09:19:08,6520.11,INR,-6520.11,APK Aarav,3,PERCENTAGE,MAESTRO-APK-GROUP-FLATMATES-2561 | Groceries | 6520.11,Android,B52,HIGH_2501_3000,CREATED,idem-20260902-apk-2561
2562,MTR-APK-2562,Business,Business,Business Operations,Software,Expense,2026-08-30,09:40:26,2026-08-30 09:40:26,6995.85,INR,-6995.85,APK Owner,,,MAESTRO-APK-BUSINESS-BUSINESS_OPERATIONS-2562 | Software | 6995.85,Android,B52,HIGH_2501_3000,CREATED,idem-20260902-apk-2562
2563,MTR-APK-2563,Personal,Personal,Life Operations,Transport,Expense,2026-02-28,17:41:26,2026-02-28 17:41:26,19420.09,INR,-19420.09,APK Owner,,,MAESTRO-APK-PERSONAL-LIFE_OPERATIONS-2563 | Transport | 19420.09,Android,B52,HIGH_2501_3000,CREATED,idem-20260902-apk-2563
2564,MTR-APK-2564,Group,Shared Living,Flatmates,Internet,Expense,2025-09-25,03:18:22,2025-09-25 03:18:22,5753.91,INR,-5753.91,APK Meera,3,EXACT,MAESTRO-APK-GROUP-FLATMATES-2564 | Internet | 5753.91,Android,B52,HIGH_2501_3000,CREATED,idem-20260902-apk-2564
2565,MTR-APK-2565,Business,Business,Business Operations,Rent,Expense,2026-07-09,17:17:10,2026-07-09 17:17:10,19506.04,INR,-19506.04,APK Owner,,,MAESTRO-APK-BUSINESS-BUSINESS_OPERATIONS-2565 | Rent | 19506.04,Android,B52,HIGH_2501_3000,CREATED,idem-20260902-apk-2565
2566,MTR-APK-2566,Personal,Personal,Life Operations,Healthcare,Expense,2026-04-23,12:56:56,2026-04-23 12:56:56,9509.04,INR,-9509.04,APK Owner,,,MAESTRO-APK-PERSONAL-LIFE_OPERATIONS-2566 | Healthcare | 9509.04,Android,B52,HIGH_2501_3000,CREATED,idem-20260902-apk-2566
2567,MTR-APK-2567,Group,Shared Living,Flatmates,House Supplies,Expense,2025-11-13,11:03:19,2025-11-13 11:03:19,5503.81,INR,-5503.81,APK Owner,3,SHARES,MAESTRO-APK-GROUP-FLATMATES-2567 | House Supplies | 5503.81,Android,B52,HIGH_2501_3000,CREATED,idem-20260902-apk-2567
2568,MTR-APK-2568,Business,Business,Business Operations,Marketing,Expense,2026-01-29,16:53:50,2026-01-29 16:53:50,56871.01,INR,-56871.01,APK Owner,,,MAESTRO-APK-BUSINESS-BUSINESS_OPERATIONS-2568 | Marketing | 56871.01,Android,B52,HIGH_2501_3000,CREATED,idem-20260902-apk-2568
2569,MTR-APK-2569,Personal,Personal,Life Operations,Subscriptions,Expense,2025-10-15,04:43:01,2025-10-15 04:43:01,18444.1,INR,-18444.1,APK Owner,,,MAESTRO-APK-PERSONAL-LIFE_OPERATIONS-2569 | Subscriptions | 18444.10,Android,B52,HIGH_2501_3000,CREATED,idem-20260902-apk-2569
2570,MTR-APK-2570,Group,Shared Living,Flatmates,Repairs,Expense,2025-12-20,19:06:39,2025-12-20 19:06:39,18284.77,INR,-18284.77,APK Aarav,3,EQUAL,MAESTRO-APK-GROUP-FLATMATES-2570 | Repairs | 18284.77,Android,B52,HIGH_2501_3000,CREATED,idem-20260902-apk-2570
2571,MTR-APK-2571,Business,Business,Business Operations,Legal,Expense,2026-04-11,17:41:53,2026-04-11 17:41:53,96303.22,INR,-96303.22,APK Owner,,,MAESTRO-APK-BUSINESS-BUSINESS_OPERATIONS-2571 | Legal | 96303.22,Android,B52,HIGH_2501_3000,CREATED,idem-20260902-apk-2571
2572,MTR-APK-2572,Personal,Personal,Life Operations,Repairs,Expense,2026-04-13,12:07:29,2026-04-13 12:07:29,13222.92,INR,-13222.92,APK Owner,,,MAESTRO-APK-PERSONAL-LIFE_OPERATIONS-2572 | Repairs | 13222.92,Android,B52,HIGH_2501_3000,CREATED,idem-20260902-apk-2572
2573,MTR-APK-2573,Group,Shared Living,Shared Living,Rent,Expense,2025-10-07,13:29:41,2025-10-07 13:29:41,21106.29,INR,-21106.29,APK Meera,3,PERCENTAGE,MAESTRO-APK-GROUP-SHARED_LIVING-2573 | Rent | 21106.29,Android,B52,HIGH_2501_3000,CREATED,idem-20260902-apk-2573
2574,MTR-APK-2574,Business,Business,Business Operations,Accounting,Expense,2026-01-02,07:45:30,2026-01-02 07:45:30,140603.26,INR,-140603.26,APK Owner,,,MAESTRO-APK-BUSINESS-BUSINESS_OPERATIONS-2574 | Accounting | 140603.26,Android,B52,HIGH_2501_3000,CREATED,idem-20260902-apk-2574
2575,MTR-APK-2575,Personal,Personal,Future Building,Savings,Transfer,2025-10-30,02:48:30,2025-10-30 02:48:30,7842.22,INR,0.0,APK Owner,,,MAESTRO-APK-PERSONAL-FUTURE_BUILDING-2575 | Savings | 7842.22,Android,B52,HIGH_2501_3000,CREATED,idem-20260902-apk-2575
2576,MTR-APK-2576,Group,Shared Living,Shared Living,Utilities,Expense,2025-11-10,03:27:18,2025-11-10 03:27:18,153.66,INR,-153.66,APK Owner,3,EXACT,MAESTRO-APK-GROUP-SHARED_LIVING-2576 | Utilities | 153.66,Android,B52,HIGH_2501_3000,CREATED,idem-20260902-apk-2576
2577,MTR-APK-2577,Business,Business,Business Operations,Equipment,Expense,2025-09-03,23:25:25,2025-09-03 23:25:25,170414.77,INR,-170414.77,APK Owner,,,MAESTRO-APK-BUSINESS-BUSINESS_OPERATIONS-2577 | Equipment | 170414.77,Android,B52,HIGH_2501_3000,CREATED,idem-20260902-apk-2577
2578,MTR-APK-2578,Personal,Personal,Future Building,Emergency Fund,Transfer,2025-10-04,16:04:24,2025-10-04 16:04:24,3949.98,INR,0.0,APK Owner,,,MAESTRO-APK-PERSONAL-FUTURE_BUILDING-2578 | Emergency Fund | 3949.98,Android,B52,HIGH_2501_3000,CREATED,idem-20260902-apk-2578
2579,MTR-APK-2579,Group,Shared Living,Shared Living,Groceries,Expense,2026-05-09,12:23:15,2026-05-09 12:23:15,26993.88,INR,-26993.88,APK Aarav,3,SHARES,MAESTRO-APK-GROUP-SHARED_LIVING-2579 | Groceries | 26993.88,Android,B52,HIGH_2501_3000,CREATED,idem-20260902-apk-2579
2580,MTR-APK-2580,Business,Business,Business Operations,Vendor,Expense,2025-09-21,08:34:01,2025-09-21 08:34:01,4289.8,INR,-4289.8,APK Owner,,,MAESTRO-APK-BUSINESS-BUSINESS_OPERATIONS-2580 | Vendor | 4289.80,Android,B52,HIGH_2501_3000,CREATED,idem-20260902-apk-2580
2581,MTR-APK-2581,Personal,Personal,Future Building,Investments,Investment,2026-06-14,03:42:14,2026-06-14 03:42:14,2160.2,INR,0.0,APK Owner,,,MAESTRO-APK-PERSONAL-FUTURE_BUILDING-2581 | Investments | 2160.20,Android,B52,HIGH_2501_3000,CREATED,idem-20260902-apk-2581
2582,MTR-APK-2582,Group,Shared Living,Shared Living,Maintenance,Expense,2026-04-08,16:14:28,2026-04-08 16:14:28,2515.66,INR,-2515.66,APK Meera,3,EQUAL,MAESTRO-APK-GROUP-SHARED_LIVING-2582 | Maintenance | 2515.66,Android,B52,HIGH_2501_3000,CREATED,idem-20260902-apk-2582
2583,MTR-APK-2583,Business,Business,Business Operations,Tax,Expense,2026-07-14,21:23:22,2026-07-14 21:23:22,77341.92,INR,-77341.92,APK Owner,,,MAESTRO-APK-BUSINESS-BUSINESS_OPERATIONS-2583 | Tax | 77341.92,Android,B52,HIGH_2501_3000,CREATED,idem-20260902-apk-2583
2584,MTR-APK-2584,Personal,Personal,Future Building,Education,Expense,2025-11-25,04:22:45,2025-11-25 04:22:45,9542.45,INR,-9542.45,APK Owner,,,MAESTRO-APK-PERSONAL-FUTURE_BUILDING-2584 | Education | 9542.45,Android,B52,HIGH_2501_3000,CREATED,idem-20260902-apk-2584
2585,MTR-APK-2585,Group,Shared Living,Shared Living,Other,Expense,2025-09-04,15:32:21,2025-09-04 15:32:21,3860.43,INR,-3860.43,APK Owner,3,PERCENTAGE,MAESTRO-APK-GROUP-SHARED_LIVING-2585 | Other | 3860.43,Android,B52,HIGH_2501_3000,CREATED,idem-20260902-apk-2585
2586,MTR-APK-2586,Business,Business,Team Operations,Payroll,Expense,2026-04-10,01:09:46,2026-04-10 01:09:46,36122.96,INR,-36122.96,APK Owner,,,MAESTRO-APK-BUSINESS-TEAM_OPERATIONS-2586 | Payroll | 36122.96,Android,B52,HIGH_2501_3000,CREATED,idem-20260902-apk-2586
2587,MTR-APK-2587,Personal,Personal,Future Building,Goal Contribution,Transfer,2026-07-25,01:50:12,2026-07-25 01:50:12,2661.61,INR,0.0,APK Owner,,,MAESTRO-APK-PERSONAL-FUTURE_BUILDING-2587 | Goal Contribution | 2661.61,Android,B52,HIGH_2501_3000,CREATED,idem-20260902-apk-2587
2588,MTR-APK-2588,Group,Shared Living,Family Household,Utilities,Expense,2025-09-21,19:54:15,2025-09-21 19:54:15,5610.78,INR,-5610.78,APK Aarav,3,EXACT,MAESTRO-APK-GROUP-FAMILY_HOUSEHOLD-2588 | Utilities | 5610.78,Android,B52,HIGH_2501_3000,CREATED,idem-20260902-apk-2588
2589,MTR-APK-2589,Business,Business,Team Operations,Contractor,Expense,2026-05-16,12:31:54,2026-05-16 12:31:54,88688.74,INR,-88688.74,APK Owner,,,MAESTRO-APK-BUSINESS-TEAM_OPERATIONS-2589 | Contractor | 88688.74,Android,B52,HIGH_2501_3000,CREATED,idem-20260902-apk-2589
2590,MTR-APK-2590,Personal,Personal,Lifestyle,Dining,Expense,2025-09-26,01:33:26,2025-09-26 01:33:26,999.99,INR,-999.99,APK Owner,,,MAESTRO-APK-PERSONAL-LIFESTYLE-2590 | Dining | 999.99,Android,B52,HIGH_2501_3000,CREATED,idem-20260902-apk-2590
2591,MTR-APK-2591,Group,Shared Living,Family Household,Healthcare,Expense,2025-09-26,14:52:06,2025-09-26 14:52:06,166.03,INR,-166.03,APK Meera,3,SHARES,MAESTRO-APK-GROUP-FAMILY_HOUSEHOLD-2591 | Healthcare | 166.03,Android,B52,HIGH_2501_3000,CREATED,idem-20260902-apk-2591
2592,MTR-APK-2592,Business,Business,Team Operations,Hiring,Expense,2026-02-19,10:39:28,2026-02-19 10:39:28,90174.49,INR,-90174.49,APK Owner,,,MAESTRO-APK-BUSINESS-TEAM_OPERATIONS-2592 | Hiring | 90174.49,Android,B52,HIGH_2501_3000,CREATED,idem-20260902-apk-2592
2593,MTR-APK-2593,Personal,Personal,Lifestyle,Shopping,Expense,2026-02-22,09:31:58,2026-02-22 09:31:58,17761.88,INR,-17761.88,APK Owner,,,MAESTRO-APK-PERSONAL-LIFESTYLE-2593 | Shopping | 17761.88,Android,B52,HIGH_2501_3000,CREATED,idem-20260902-apk-2593
2594,MTR-APK-2594,Group,Shared Living,Family Household,School,Expense,2026-01-14,02:33:23,2026-01-14 02:33:23,23108.94,INR,-23108.94,APK Owner,3,EQUAL,MAESTRO-APK-GROUP-FAMILY_HOUSEHOLD-2594 | School | 23108.94,Android,B52,HIGH_2501_3000,CREATED,idem-20260902-apk-2594
2595,MTR-APK-2595,Business,Business,Team Operations,Team Meal,Expense,2026-03-07,07:49:52,2026-03-07 07:49:52,157566.43,INR,-157566.43,APK Owner,,,MAESTRO-APK-BUSINESS-TEAM_OPERATIONS-2595 | Team Meal | 157566.43,Android,B52,HIGH_2501_3000,CREATED,idem-20260902-apk-2595
2596,MTR-APK-2596,Personal,Personal,Lifestyle,Entertainment,Expense,2025-09-24,01:23:53,2025-09-24 01:23:53,6914.85,INR,-6914.85,APK Owner,,,MAESTRO-APK-PERSONAL-LIFESTYLE-2596 | Entertainment | 6914.85,Android,B52,HIGH_2501_3000,CREATED,idem-20260902-apk-2596
2597,MTR-APK-2597,Group,Shared Living,Family Household,Other,Expense,2026-06-17,12:18:40,2026-06-17 12:18:40,28635.32,INR,-28635.32,APK Aarav,3,PERCENTAGE,MAESTRO-APK-GROUP-FAMILY_HOUSEHOLD-2597 | Other | 28635.32,Android,B52,HIGH_2501_3000,CREATED,idem-20260902-apk-2597
2598,MTR-APK-2598,Business,Business,Team Operations,Travel,Expense,2026-04-13,22:43:46,2026-04-13 22:43:46,179095.89,INR,-179095.89,APK Owner,,,MAESTRO-APK-BUSINESS-TEAM_OPERATIONS-2598 | Travel | 179095.89,Android,B52,HIGH_2501_3000,CREATED,idem-20260902-apk-2598
2599,MTR-APK-2599,Personal,Personal,Lifestyle,Travel,Expense,2025-12-02,08:57:53,2025-12-02 08:57:53,18594.57,INR,-18594.57,APK Owner,,,MAESTRO-APK-PERSONAL-LIFESTYLE-2599 | Travel | 18594.57,Android,B52,HIGH_2501_3000,CREATED,idem-20260902-apk-2599
2600,MTR-APK-2600,Group,Shared Living,Family Household,Rent,Expense,2026-07-26,11:02:56,2026-07-26 11:02:56,14811.89,INR,-14811.89,APK Meera,3,EXACT,MAESTRO-APK-GROUP-FAMILY_HOUSEHOLD-2600 | Rent | 14811.89,Android,B52,HIGH_2501_3000,CREATED,idem-20260902-apk-2600
2601,MTR-APK-2601,Business,Business,Team Operations,Training,Expense,2026-04-20,17:56:38,2026-04-20 17:56:38,145764.5,INR,-145764.5,APK Owner,,,MAESTRO-APK-BUSINESS-TEAM_OPERATIONS-2601 | Training | 145764.50,Android,B53,HIGH_2501_3000,CREATED,idem-20260902-apk-2601
2602,MTR-APK-2602,Personal,Personal,Lifestyle,Fitness,Expense,2026-06-12,20:15:29,2026-06-12 20:15:29,17990.7,INR,-17990.7,APK Owner,,,MAESTRO-APK-PERSONAL-LIFESTYLE-2602 | Fitness | 17990.70,Android,B53,HIGH_2501_3000,CREATED,idem-20260902-apk-2602
2603,MTR-APK-2603,Group,Shared Living,Family Household,Groceries,Expense,2026-08-25,03:45:28,2026-08-25 03:45:28,6046.67,INR,-6046.67,APK Owner,3,SHARES,MAESTRO-APK-GROUP-FAMILY_HOUSEHOLD-2603 | Groceries | 6046.67,Android,B53,HIGH_2501_3000,CREATED,idem-20260902-apk-2603
2604,MTR-APK-2604,Business,Business,Team Operations,Tools,Expense,2025-09-04,06:48:39,2025-09-04 06:48:39,151715.07,INR,-151715.07,APK Owner,,,MAESTRO-APK-BUSINESS-TEAM_OPERATIONS-2604 | Tools | 151715.07,Android,B53,HIGH_2501_3000,CREATED,idem-20260902-apk-2604
2605,MTR-APK-2605,Personal,Personal,Lifestyle,Hobbies,Expense,2025-11-17,18:08:56,2025-11-17 18:08:56,15372.92,INR,-15372.92,APK Owner,,,MAESTRO-APK-PERSONAL-LIFESTYLE-2605 | Hobbies | 15372.92,Android,B53,HIGH_2501_3000,CREATED,idem-20260902-apk-2605
2606,MTR-APK-2606,Group,Shared Living,Custom Living,Custom Expense,Expense,2026-05-10,10:30:08,2026-05-10 10:30:08,25371.23,INR,-25371.23,APK Aarav,3,EQUAL,MAESTRO-APK-GROUP-CUSTOM_LIVING-2606 | Custom Expense | 25371.23,Android,B53,HIGH_2501_3000,CREATED,idem-20260902-apk-2606
2607,MTR-APK-2607,Business,Business,Business Runway,Funding,Income,2026-05-14,18:42:15,2026-05-14 18:42:15,124159.77,INR,124159.77,APK Owner,,,MAESTRO-APK-BUSINESS-BUSINESS_RUNWAY-2607 | Funding | 124159.77,Android,B53,HIGH_2501_3000,CREATED,idem-20260902-apk-2607
2608,MTR-APK-2608,Personal,Personal,Relationships,Gifts,Expense,2025-12-10,10:00:10,2025-12-10 10:00:10,666.73,INR,-666.73,APK Owner,,,MAESTRO-APK-PERSONAL-RELATIONSHIPS-2608 | Gifts | 666.73,Android,B53,HIGH_2501_3000,CREATED,idem-20260902-apk-2608
2609,MTR-APK-2609,Group,Shared Living,Custom Living,Custom Contribution,Contribution,2025-11-30,04:48:53,2025-11-30 04:48:53,10032.55,INR,10032.55,APK Meera,3,PERCENTAGE,MAESTRO-APK-GROUP-CUSTOM_LIVING-2609 | Custom Contribution | 10032.55,Android,B53,HIGH_2501_3000,CREATED,idem-20260902-apk-2609
2610,MTR-APK-2610,Business,Business,Business Runway,Revenue,Income,2025-11-26,11:06:55,2025-11-26 11:06:55,38108.21,INR,38108.21,APK Owner,,,MAESTRO-APK-BUSINESS-BUSINESS_RUNWAY-2610 | Revenue | 38108.21,Android,B53,HIGH_2501_3000,CREATED,idem-20260902-apk-2610
2611,MTR-APK-2611,Personal,Personal,Relationships,Dates,Expense,2026-03-27,20:44:49,2026-03-27 20:44:49,5063.01,INR,-5063.01,APK Owner,,,MAESTRO-APK-PERSONAL-RELATIONSHIPS-2611 | Dates | 5063.01,Android,B53,HIGH_2501_3000,CREATED,idem-20260902-apk-2611
2612,MTR-APK-2612,Group,Shared Experience,Trip,Travel,Expense,2026-04-19,01:25:27,2026-04-19 01:25:27,4562.62,INR,-4562.62,APK Owner,3,EXACT,MAESTRO-APK-GROUP-TRIP-2612 | Travel | 4562.62,Android,B53,HIGH_2501_3000,CREATED,idem-20260902-apk-2612
2613,MTR-APK-2613,Business,Business,Business Runway,Burn,Expense,2026-07-04,02:05:35,2026-07-04 02:05:35,117602.92,INR,-117602.92,APK Owner,,,MAESTRO-APK-BUSINESS-BUSINESS_RUNWAY-2613 | Burn | 117602.92,Android,B53,HIGH_2501_3000,CREATED,idem-20260902-apk-2613
2614,MTR-APK-2614,Personal,Personal,Relationships,Family,Expense,2025-09-29,18:11:18,2025-09-29 18:11:18,3162.88,INR,-3162.88,APK Owner,,,MAESTRO-APK-PERSONAL-RELATIONSHIPS-2614 | Family | 3162.88,Android,B53,HIGH_2501_3000,CREATED,idem-20260902-apk-2614
2615,MTR-APK-2615,Group,Shared Experience,Trip,Stay,Expense,2026-01-01,21:25:54,2026-01-01 21:25:54,14794.46,INR,-14794.46,APK Aarav,3,SHARES,MAESTRO-APK-GROUP-TRIP-2615 | Stay | 14794.46,Android,B53,HIGH_2501_3000,CREATED,idem-20260902-apk-2615
2616,MTR-APK-2616,Business,Business,Business Runway,Reserve,Transfer,2025-10-06,20:50:43,2025-10-06 20:50:43,26505.35,INR,0.0,APK Owner,,,MAESTRO-APK-BUSINESS-BUSINESS_RUNWAY-2616 | Reserve | 26505.35,Android,B53,HIGH_2501_3000,CREATED,idem-20260902-apk-2616
2617,MTR-APK-2617,Personal,Personal,Relationships,Friends,Expense,2026-05-06,17:58:42,2026-05-06 17:58:42,2861.84,INR,-2861.84,APK Owner,,,MAESTRO-APK-PERSONAL-RELATIONSHIPS-2617 | Friends | 2861.84,Android,B53,HIGH_2501_3000,CREATED,idem-20260902-apk-2617
2618,MTR-APK-2618,Group,Shared Experience,Trip,Food,Expense,2026-06-17,03:37:40,2026-06-17 03:37:40,29907.08,INR,-29907.08,APK Meera,3,EQUAL,MAESTRO-APK-GROUP-TRIP-2618 | Food | 29907.08,Android,B53,HIGH_2501_3000,CREATED,idem-20260902-apk-2618
2619,MTR-APK-2619,Business,Business,Business Runway,Loan,Income,2026-03-31,13:48:22,2026-03-31 13:48:22,79300.59,INR,79300.59,APK Owner,,,MAESTRO-APK-BUSINESS-BUSINESS_RUNWAY-2619 | Loan | 79300.59,Android,B53,HIGH_2501_3000,CREATED,idem-20260902-apk-2619
2620,MTR-APK-2620,Personal,Personal,Relationships,Celebrations,Expense,2026-08-23,18:57:53,2026-08-23 18:57:53,18558.07,INR,-18558.07,APK Owner,,,MAESTRO-APK-PERSONAL-RELATIONSHIPS-2620 | Celebrations | 18558.07,Android,B53,HIGH_2501_3000,CREATED,idem-20260902-apk-2620
2621,MTR-APK-2621,Group,Shared Experience,Trip,Local Transport,Expense,2025-12-16,10:32:49,2025-12-16 10:32:49,16599.24,INR,-16599.24,APK Owner,3,PERCENTAGE,MAESTRO-APK-GROUP-TRIP-2621 | Local Transport | 16599.24,Android,B53,HIGH_2501_3000,CREATED,idem-20260902-apk-2621
2622,MTR-APK-2622,Business,Business,Business Runway,Investment,Income,2026-04-26,09:23:46,2026-04-26 09:23:46,36943.18,INR,36943.18,APK Owner,,,MAESTRO-APK-BUSINESS-BUSINESS_RUNWAY-2622 | Investment | 36943.18,Android,B53,HIGH_2501_3000,CREATED,idem-20260902-apk-2622
2623,MTR-APK-2623,Personal,Personal,Life Operations,Groceries,Expense,2026-07-23,06:32:17,2026-07-23 06:32:17,10116.94,INR,-10116.94,APK Owner,,,MAESTRO-APK-PERSONAL-LIFE_OPERATIONS-2623 | Groceries | 10116.94,Android,B53,HIGH_2501_3000,CREATED,idem-20260902-apk-2623
2624,MTR-APK-2624,Group,Shared Experience,Trip,Activities,Expense,2026-03-09,14:02:38,2026-03-09 14:02:38,3169.05,INR,-3169.05,APK Aarav,3,EXACT,MAESTRO-APK-GROUP-TRIP-2624 | Activities | 3169.05,Android,B53,HIGH_2501_3000,CREATED,idem-20260902-apk-2624
2625,MTR-APK-2625,Business,Business,Business Operations,Software,Expense,2026-02-14,18:49:16,2026-02-14 18:49:16,40293.63,INR,-40293.63,APK Owner,,,MAESTRO-APK-BUSINESS-BUSINESS_OPERATIONS-2625 | Software | 40293.63,Android,B53,HIGH_2501_3000,CREATED,idem-20260902-apk-2625
2626,MTR-APK-2626,Personal,Personal,Life Operations,Rent,Expense,2026-01-19,02:32:39,2026-01-19 02:32:39,4916.99,INR,-4916.99,APK Owner,,,MAESTRO-APK-PERSONAL-LIFE_OPERATIONS-2626 | Rent | 4916.99,Android,B53,HIGH_2501_3000,CREATED,idem-20260902-apk-2626
2627,MTR-APK-2627,Group,Shared Experience,Trip,Shopping,Expense,2026-06-21,06:50:54,2026-06-21 06:50:54,10000.0,INR,-10000.0,APK Meera,3,SHARES,MAESTRO-APK-GROUP-TRIP-2627 | Shopping | 10000.00,Android,B53,HIGH_2501_3000,CREATED,idem-20260902-apk-2627
2628,MTR-APK-2628,Business,Business,Business Operations,Rent,Expense,2026-01-19,12:03:40,2026-01-19 12:03:40,82321.5,INR,-82321.5,APK Owner,,,MAESTRO-APK-BUSINESS-BUSINESS_OPERATIONS-2628 | Rent | 82321.50,Android,B53,HIGH_2501_3000,CREATED,idem-20260902-apk-2628
2629,MTR-APK-2629,Personal,Personal,Life Operations,Bills,Expense,2025-12-19,20:12:05,2025-12-19 20:12:05,19730.5,INR,-19730.5,APK Owner,,,MAESTRO-APK-PERSONAL-LIFE_OPERATIONS-2629 | Bills | 19730.50,Android,B53,HIGH_2501_3000,CREATED,idem-20260902-apk-2629
2630,MTR-APK-2630,Group,Shared Experience,Trip,Other,Expense,2025-10-04,01:49:01,2025-10-04 01:49:01,22755.58,INR,-22755.58,APK Owner,3,EQUAL,MAESTRO-APK-GROUP-TRIP-2630 | Other | 22755.58,Android,B53,HIGH_2501_3000,CREATED,idem-20260902-apk-2630
2631,MTR-APK-2631,Business,Business,Business Operations,Marketing,Expense,2026-01-28,14:01:09,2026-01-28 14:01:09,109383.16,INR,-109383.16,APK Owner,,,MAESTRO-APK-BUSINESS-BUSINESS_OPERATIONS-2631 | Marketing | 109383.16,Android,B53,HIGH_2501_3000,CREATED,idem-20260902-apk-2631
2632,MTR-APK-2632,Personal,Personal,Life Operations,Transport,Expense,2026-05-16,07:12:05,2026-05-16 07:12:05,19075.91,INR,-19075.91,APK Owner,,,MAESTRO-APK-PERSONAL-LIFE_OPERATIONS-2632 | Transport | 19075.91,Android,B53,HIGH_2501_3000,CREATED,idem-20260902-apk-2632
2633,MTR-APK-2633,Group,Shared Experience,Wedding,Venue,Expense,2025-10-05,22:53:25,2025-10-05 22:53:25,17413.64,INR,-17413.64,APK Aarav,3,PERCENTAGE,MAESTRO-APK-GROUP-WEDDING-2633 | Venue | 17413.64,Android,B53,HIGH_2501_3000,CREATED,idem-20260902-apk-2633
2634,MTR-APK-2634,Business,Business,Business Operations,Legal,Expense,2026-08-30,06:37:00,2026-08-30 06:37:00,144104.61,INR,-144104.61,APK Owner,,,MAESTRO-APK-BUSINESS-BUSINESS_OPERATIONS-2634 | Legal | 144104.61,Android,B53,HIGH_2501_3000,CREATED,idem-20260902-apk-2634
2635,MTR-APK-2635,Personal,Personal,Life Operations,Healthcare,Expense,2026-03-09,17:21:55,2026-03-09 17:21:55,4947.64,INR,-4947.64,APK Owner,,,MAESTRO-APK-PERSONAL-LIFE_OPERATIONS-2635 | Healthcare | 4947.64,Android,B53,HIGH_2501_3000,CREATED,idem-20260902-apk-2635
2636,MTR-APK-2636,Group,Shared Experience,Wedding,Catering,Expense,2025-09-06,08:45:31,2025-09-06 08:45:31,29626.94,INR,-29626.94,APK Meera,3,EXACT,MAESTRO-APK-GROUP-WEDDING-2636 | Catering | 29626.94,Android,B53,HIGH_2501_3000,CREATED,idem-20260902-apk-2636
2637,MTR-APK-2637,Business,Business,Business Operations,Accounting,Expense,2026-06-15,13:06:23,2026-06-15 13:06:23,60679.14,INR,-60679.14,APK Owner,,,MAESTRO-APK-BUSINESS-BUSINESS_OPERATIONS-2637 | Accounting | 60679.14,Android,B53,HIGH_2501_3000,CREATED,idem-20260902-apk-2637
2638,MTR-APK-2638,Personal,Personal,Life Operations,Subscriptions,Expense,2025-12-19,03:43:52,2025-12-19 03:43:52,11019.06,INR,-11019.06,APK Owner,,,MAESTRO-APK-PERSONAL-LIFE_OPERATIONS-2638 | Subscriptions | 11019.06,Android,B53,HIGH_2501_3000,CREATED,idem-20260902-apk-2638
2639,MTR-APK-2639,Group,Shared Experience,Wedding,Decor,Expense,2026-03-18,16:11:58,2026-03-18 16:11:58,20486.63,INR,-20486.63,APK Owner,3,SHARES,MAESTRO-APK-GROUP-WEDDING-2639 | Decor | 20486.63,Android,B53,HIGH_2501_3000,CREATED,idem-20260902-apk-2639
2640,MTR-APK-2640,Business,Business,Business Operations,Equipment,Expense,2026-07-02,20:31:27,2026-07-02 20:31:27,173394.26,INR,-173394.26,APK Owner,,,MAESTRO-APK-BUSINESS-BUSINESS_OPERATIONS-2640 | Equipment | 173394.26,Android,B53,HIGH_2501_3000,CREATED,idem-20260902-apk-2640
2641,MTR-APK-2641,Personal,Personal,Life Operations,Repairs,Expense,2026-01-02,03:17:04,2026-01-02 03:17:04,14530.91,INR,-14530.91,APK Owner,,,MAESTRO-APK-PERSONAL-LIFE_OPERATIONS-2641 | Repairs | 14530.91,Android,B53,HIGH_2501_3000,CREATED,idem-20260902-apk-2641
2642,MTR-APK-2642,Group,Shared Experience,Wedding,Travel,Expense,2026-01-14,12:07:45,2026-01-14 12:07:45,29825.31,INR,-29825.31,APK Aarav,3,EQUAL,MAESTRO-APK-GROUP-WEDDING-2642 | Travel | 29825.31,Android,B53,HIGH_2501_3000,CREATED,idem-20260902-apk-2642
2643,MTR-APK-2643,Business,Business,Business Operations,Vendor,Expense,2026-05-19,21:01:44,2026-05-19 21:01:44,35476.52,INR,-35476.52,APK Owner,,,MAESTRO-APK-BUSINESS-BUSINESS_OPERATIONS-2643 | Vendor | 35476.52,Android,B53,HIGH_2501_3000,CREATED,idem-20260902-apk-2643
2644,MTR-APK-2644,Personal,Personal,Future Building,Savings,Transfer,2026-05-12,00:15:42,2026-05-12 00:15:42,4716.17,INR,0.0,APK Owner,,,MAESTRO-APK-PERSONAL-FUTURE_BUILDING-2644 | Savings | 4716.17,Android,B53,HIGH_2501_3000,CREATED,idem-20260902-apk-2644
2645,MTR-APK-2645,Group,Shared Experience,Wedding,Gifts,Expense,2025-12-22,10:46:02,2025-12-22 10:46:02,14623.06,INR,-14623.06,APK Meera,3,PERCENTAGE,MAESTRO-APK-GROUP-WEDDING-2645 | Gifts | 14623.06,Android,B53,HIGH_2501_3000,CREATED,idem-20260902-apk-2645
2646,MTR-APK-2646,Business,Business,Business Operations,Tax,Expense,2025-09-16,03:02:16,2025-09-16 03:02:16,32813.83,INR,-32813.83,APK Owner,,,MAESTRO-APK-BUSINESS-BUSINESS_OPERATIONS-2646 | Tax | 32813.83,Android,B53,HIGH_2501_3000,CREATED,idem-20260902-apk-2646
2647,MTR-APK-2647,Personal,Personal,Future Building,Emergency Fund,Transfer,2026-07-30,01:34:18,2026-07-30 01:34:18,6725.73,INR,0.0,APK Owner,,,MAESTRO-APK-PERSONAL-FUTURE_BUILDING-2647 | Emergency Fund | 6725.73,Android,B53,HIGH_2501_3000,CREATED,idem-20260902-apk-2647
2648,MTR-APK-2648,Group,Shared Experience,Wedding,Photography,Expense,2025-12-31,09:30:16,2025-12-31 09:30:16,11573.55,INR,-11573.55,APK Owner,3,EXACT,MAESTRO-APK-GROUP-WEDDING-2648 | Photography | 11573.55,Android,B53,HIGH_2501_3000,CREATED,idem-20260902-apk-2648
2649,MTR-APK-2649,Business,Business,Team Operations,Payroll,Expense,2026-01-11,09:01:11,2026-01-11 09:01:11,145855.57,INR,-145855.57,APK Owner,,,MAESTRO-APK-BUSINESS-TEAM_OPERATIONS-2649 | Payroll | 145855.57,Android,B53,HIGH_2501_3000,CREATED,idem-20260902-apk-2649
2650,MTR-APK-2650,Personal,Personal,Future Building,Investments,Investment,2025-09-02,22:20:40,2025-09-02 22:20:40,3583.96,INR,0.0,APK Owner,,,MAESTRO-APK-PERSONAL-FUTURE_BUILDING-2650 | Investments | 3583.96,Android,B53,HIGH_2501_3000,CREATED,idem-20260902-apk-2650
2651,MTR-APK-2651,Group,Shared Experience,Wedding,Other,Expense,2025-12-12,09:17:40,2025-12-12 09:17:40,11587.4,INR,-11587.4,APK Aarav,3,SHARES,MAESTRO-APK-GROUP-WEDDING-2651 | Other | 11587.40,Android,B54,HIGH_2501_3000,CREATED,idem-20260902-apk-2651
2652,MTR-APK-2652,Business,Business,Team Operations,Contractor,Expense,2025-10-20,04:57:15,2025-10-20 04:57:15,114690.03,INR,-114690.03,APK Owner,,,MAESTRO-APK-BUSINESS-TEAM_OPERATIONS-2652 | Contractor | 114690.03,Android,B54,HIGH_2501_3000,CREATED,idem-20260902-apk-2652
2653,MTR-APK-2653,Personal,Personal,Future Building,Education,Expense,2026-02-12,19:31:09,2026-02-12 19:31:09,6974.41,INR,-6974.41,APK Owner,,,MAESTRO-APK-PERSONAL-FUTURE_BUILDING-2653 | Education | 6974.41,Android,B54,HIGH_2501_3000,CREATED,idem-20260902-apk-2653
2654,MTR-APK-2654,Group,Shared Experience,Office Outing,Food,Expense,2026-08-25,13:32:16,2026-08-25 13:32:16,10918.23,INR,-10918.23,APK Meera,3,EQUAL,MAESTRO-APK-GROUP-OFFICE_OUTING-2654 | Food | 10918.23,Android,B54,HIGH_2501_3000,CREATED,idem-20260902-apk-2654
2655,MTR-APK-2655,Business,Business,Team Operations,Hiring,Expense,2026-05-20,11:46:54,2026-05-20 11:46:54,66314.12,INR,-66314.12,APK Owner,,,MAESTRO-APK-BUSINESS-TEAM_OPERATIONS-2655 | Hiring | 66314.12,Android,B54,HIGH_2501_3000,CREATED,idem-20260902-apk-2655
2656,MTR-APK-2656,Personal,Personal,Future Building,Goal Contribution,Transfer,2026-04-05,03:22:15,2026-04-05 03:22:15,10028.26,INR,0.0,APK Owner,,,MAESTRO-APK-PERSONAL-FUTURE_BUILDING-2656 | Goal Contribution | 10028.26,Android,B54,HIGH_2501_3000,CREATED,idem-20260902-apk-2656
2657,MTR-APK-2657,Group,Shared Experience,Office Outing,Travel,Expense,2026-02-11,22:31:33,2026-02-11 22:31:33,2858.51,INR,-2858.51,APK Owner,3,PERCENTAGE,MAESTRO-APK-GROUP-OFFICE_OUTING-2657 | Travel | 2858.51,Android,B54,HIGH_2501_3000,CREATED,idem-20260902-apk-2657
2658,MTR-APK-2658,Business,Business,Team Operations,Team Meal,Expense,2025-12-21,16:37:32,2025-12-21 16:37:32,62844.88,INR,-62844.88,APK Owner,,,MAESTRO-APK-BUSINESS-TEAM_OPERATIONS-2658 | Team Meal | 62844.88,Android,B54,HIGH_2501_3000,CREATED,idem-20260902-apk-2658
2659,MTR-APK-2659,Personal,Personal,Lifestyle,Dining,Expense,2025-10-10,13:42:49,2025-10-10 13:42:49,8637.89,INR,-8637.89,APK Owner,,,MAESTRO-APK-PERSONAL-LIFESTYLE-2659 | Dining | 8637.89,Android,B54,HIGH_2501_3000,CREATED,idem-20260902-apk-2659
2660,MTR-APK-2660,Group,Shared Experience,Office Outing,Activities,Expense,2026-05-21,17:17:21,2026-05-21 17:17:21,14355.22,INR,-14355.22,APK Aarav,3,EXACT,MAESTRO-APK-GROUP-OFFICE_OUTING-2660 | Activities | 14355.22,Android,B54,HIGH_2501_3000,CREATED,idem-20260902-apk-2660
2661,MTR-APK-2661,Business,Business,Team Operations,Travel,Expense,2026-07-05,01:19:57,2026-07-05 01:19:57,1071.24,INR,-1071.24,APK Owner,,,MAESTRO-APK-BUSINESS-TEAM_OPERATIONS-2661 | Travel | 1071.24,Android,B54,HIGH_2501_3000,CREATED,idem-20260902-apk-2661
2662,MTR-APK-2662,Personal,Personal,Lifestyle,Shopping,Expense,2026-03-21,00:03:07,2026-03-21 00:03:07,6476.76,INR,-6476.76,APK Owner,,,MAESTRO-APK-PERSONAL-LIFESTYLE-2662 | Shopping | 6476.76,Android,B54,HIGH_2501_3000,CREATED,idem-20260902-apk-2662
2663,MTR-APK-2663,Group,Shared Experience,Office Outing,Venue,Expense,2026-02-19,01:19:08,2026-02-19 01:19:08,29648.58,INR,-29648.58,APK Meera,3,SHARES,MAESTRO-APK-GROUP-OFFICE_OUTING-2663 | Venue | 29648.58,Android,B54,HIGH_2501_3000,CREATED,idem-20260902-apk-2663
2664,MTR-APK-2664,Business,Business,Team Operations,Training,Expense,2026-07-17,03:40:17,2026-07-17 03:40:17,0.01,INR,-0.01,APK Owner,,,MAESTRO-APK-BUSINESS-TEAM_OPERATIONS-2664 | Training | 0.01,Android,B54,HIGH_2501_3000,CREATED,idem-20260902-apk-2664
2665,MTR-APK-2665,Personal,Personal,Lifestyle,Entertainment,Expense,2026-02-21,21:44:52,2026-02-21 21:44:52,17586.95,INR,-17586.95,APK Owner,,,MAESTRO-APK-PERSONAL-LIFESTYLE-2665 | Entertainment | 17586.95,Android,B54,HIGH_2501_3000,CREATED,idem-20260902-apk-2665
2666,MTR-APK-2666,Group,Shared Experience,Office Outing,Other,Expense,2026-03-20,23:14:29,2026-03-20 23:14:29,2807.47,INR,-2807.47,APK Owner,3,EQUAL,MAESTRO-APK-GROUP-OFFICE_OUTING-2666 | Other | 2807.47,Android,B54,HIGH_2501_3000,CREATED,idem-20260902-apk-2666
2667,MTR-APK-2667,Business,Business,Team Operations,Tools,Expense,2025-12-22,19:06:17,2025-12-22 19:06:17,103606.58,INR,-103606.58,APK Owner,,,MAESTRO-APK-BUSINESS-TEAM_OPERATIONS-2667 | Tools | 103606.58,Android,B54,HIGH_2501_3000,CREATED,idem-20260902-apk-2667
2668,MTR-APK-2668,Personal,Personal,Lifestyle,Travel,Expense,2026-01-17,21:49:34,2026-01-17 21:49:34,1763.71,INR,-1763.71,APK Owner,,,MAESTRO-APK-PERSONAL-LIFESTYLE-2668 | Travel | 1763.71,Android,B54,HIGH_2501_3000,CREATED,idem-20260902-apk-2668
2669,MTR-APK-2669,Group,Shared Experience,House Party,Food,Expense,2026-04-28,08:33:03,2026-04-28 08:33:03,1387.0,INR,-1387.0,APK Aarav,3,PERCENTAGE,MAESTRO-APK-GROUP-HOUSE_PARTY-2669 | Food | 1387.00,Android,B54,HIGH_2501_3000,CREATED,idem-20260902-apk-2669
2670,MTR-APK-2670,Business,Business,Business Runway,Funding,Income,2026-02-10,23:43:11,2026-02-10 23:43:11,42020.8,INR,42020.8,APK Owner,,,MAESTRO-APK-BUSINESS-BUSINESS_RUNWAY-2670 | Funding | 42020.80,Android,B54,HIGH_2501_3000,CREATED,idem-20260902-apk-2670
2671,MTR-APK-2671,Personal,Personal,Lifestyle,Fitness,Expense,2026-03-04,00:33:40,2026-03-04 00:33:40,9634.95,INR,-9634.95,APK Owner,,,MAESTRO-APK-PERSONAL-LIFESTYLE-2671 | Fitness | 9634.95,Android,B54,HIGH_2501_3000,CREATED,idem-20260902-apk-2671
2672,MTR-APK-2672,Group,Shared Experience,House Party,Drinks,Expense,2026-03-05,05:48:03,2026-03-05 05:48:03,20343.03,INR,-20343.03,APK Meera,3,EXACT,MAESTRO-APK-GROUP-HOUSE_PARTY-2672 | Drinks | 20343.03,Android,B54,HIGH_2501_3000,CREATED,idem-20260902-apk-2672
2673,MTR-APK-2673,Business,Business,Business Runway,Revenue,Income,2026-04-14,12:39:52,2026-04-14 12:39:52,98440.35,INR,98440.35,APK Owner,,,MAESTRO-APK-BUSINESS-BUSINESS_RUNWAY-2673 | Revenue | 98440.35,Android,B54,HIGH_2501_3000,CREATED,idem-20260902-apk-2673
2674,MTR-APK-2674,Personal,Personal,Lifestyle,Hobbies,Expense,2026-04-25,10:01:48,2026-04-25 10:01:48,6263.16,INR,-6263.16,APK Owner,,,MAESTRO-APK-PERSONAL-LIFESTYLE-2674 | Hobbies | 6263.16,Android,B54,HIGH_2501_3000,CREATED,idem-20260902-apk-2674
2675,MTR-APK-2675,Group,Shared Experience,House Party,Decor,Expense,2026-06-06,06:11:01,2026-06-06 06:11:01,219.37,INR,-219.37,APK Owner,3,SHARES,MAESTRO-APK-GROUP-HOUSE_PARTY-2675 | Decor | 219.37,Android,B54,HIGH_2501_3000,CREATED,idem-20260902-apk-2675
2676,MTR-APK-2676,Business,Business,Business Runway,Burn,Expense,2025-11-10,15:15:00,2025-11-10 15:15:00,141988.15,INR,-141988.15,APK Owner,,,MAESTRO-APK-BUSINESS-BUSINESS_RUNWAY-2676 | Burn | 141988.15,Android,B54,HIGH_2501_3000,CREATED,idem-20260902-apk-2676
2677,MTR-APK-2677,Personal,Personal,Relationships,Gifts,Expense,2025-09-22,00:45:20,2025-09-22 00:45:20,17822.48,INR,-17822.48,APK Owner,,,MAESTRO-APK-PERSONAL-RELATIONSHIPS-2677 | Gifts | 17822.48,Android,B54,HIGH_2501_3000,CREATED,idem-20260902-apk-2677
2678,MTR-APK-2678,Group,Shared Experience,House Party,Supplies,Expense,2026-06-02,04:52:39,2026-06-02 04:52:39,16840.64,INR,-16840.64,APK Aarav,3,EQUAL,MAESTRO-APK-GROUP-HOUSE_PARTY-2678 | Supplies | 16840.64,Android,B54,HIGH_2501_3000,CREATED,idem-20260902-apk-2678
2679,MTR-APK-2679,Business,Business,Business Runway,Reserve,Transfer,2025-12-03,22:19:32,2025-12-03 22:19:32,15772.62,INR,0.0,APK Owner,,,MAESTRO-APK-BUSINESS-BUSINESS_RUNWAY-2679 | Reserve | 15772.62,Android,B54,HIGH_2501_3000,CREATED,idem-20260902-apk-2679
2680,MTR-APK-2680,Personal,Personal,Relationships,Dates,Expense,2025-11-05,08:31:37,2025-11-05 08:31:37,7037.38,INR,-7037.38,APK Owner,,,MAESTRO-APK-PERSONAL-RELATIONSHIPS-2680 | Dates | 7037.38,Android,B54,HIGH_2501_3000,CREATED,idem-20260902-apk-2680
2681,MTR-APK-2681,Group,Shared Experience,House Party,Other,Expense,2025-11-14,03:18:37,2025-11-14 03:18:37,5491.5,INR,-5491.5,APK Meera,3,PERCENTAGE,MAESTRO-APK-GROUP-HOUSE_PARTY-2681 | Other | 5491.50,Android,B54,HIGH_2501_3000,CREATED,idem-20260902-apk-2681
2682,MTR-APK-2682,Business,Business,Business Runway,Loan,Income,2025-09-27,01:56:44,2025-09-27 01:56:44,175345.01,INR,175345.01,APK Owner,,,MAESTRO-APK-BUSINESS-BUSINESS_RUNWAY-2682 | Loan | 175345.01,Android,B54,HIGH_2501_3000,CREATED,idem-20260902-apk-2682
2683,MTR-APK-2683,Personal,Personal,Relationships,Family,Expense,2025-11-02,12:29:37,2025-11-02 12:29:37,5633.62,INR,-5633.62,APK Owner,,,MAESTRO-APK-PERSONAL-RELATIONSHIPS-2683 | Family | 5633.62,Android,B54,HIGH_2501_3000,CREATED,idem-20260902-apk-2683
2684,MTR-APK-2684,Group,Shared Purchase,Gift Pool,Contribution,Contribution,2026-05-06,23:35:00,2026-05-06 23:35:00,18001.94,INR,18001.94,APK Owner,3,EXACT,MAESTRO-APK-GROUP-GIFT_POOL-2684 | Contribution | 18001.94,Android,B54,HIGH_2501_3000,CREATED,idem-20260902-apk-2684
2685,MTR-APK-2685,Business,Business,Business Runway,Investment,Income,2025-09-24,19:11:25,2025-09-24 19:11:25,84170.8,INR,84170.8,APK Owner,,,MAESTRO-APK-BUSINESS-BUSINESS_RUNWAY-2685 | Investment | 84170.80,Android,B54,HIGH_2501_3000,CREATED,idem-20260902-apk-2685
2686,MTR-APK-2686,Personal,Personal,Relationships,Friends,Expense,2026-06-28,03:00:44,2026-06-28 03:00:44,1879.86,INR,-1879.86,APK Owner,,,MAESTRO-APK-PERSONAL-RELATIONSHIPS-2686 | Friends | 1879.86,Android,B54,HIGH_2501_3000,CREATED,idem-20260902-apk-2686
2687,MTR-APK-2687,Group,Shared Purchase,Gift Pool,Gift Purchase,Expense,2026-01-12,06:29:22,2026-01-12 06:29:22,749.69,INR,-749.69,APK Aarav,3,SHARES,MAESTRO-APK-GROUP-GIFT_POOL-2687 | Gift Purchase | 749.69,Android,B54,HIGH_2501_3000,CREATED,idem-20260902-apk-2687
2688,MTR-APK-2688,Business,Business,Business Operations,Software,Expense,2026-03-12,22:48:26,2026-03-12 22:48:26,101170.79,INR,-101170.79,APK Owner,,,MAESTRO-APK-BUSINESS-BUSINESS_OPERATIONS-2688 | Software | 101170.79,Android,B54,HIGH_2501_3000,CREATED,idem-20260902-apk-2688
2689,MTR-APK-2689,Personal,Personal,Relationships,Celebrations,Expense,2026-08-14,17:50:50,2026-08-14 17:50:50,13873.09,INR,-13873.09,APK Owner,,,MAESTRO-APK-PERSONAL-RELATIONSHIPS-2689 | Celebrations | 13873.09,Android,B54,HIGH_2501_3000,CREATED,idem-20260902-apk-2689
2690,MTR-APK-2690,Group,Shared Purchase,Gift Pool,Delivery,Expense,2025-11-13,11:36:01,2025-11-13 11:36:01,28335.59,INR,-28335.59,APK Meera,3,EQUAL,MAESTRO-APK-GROUP-GIFT_POOL-2690 | Delivery | 28335.59,Android,B54,HIGH_2501_3000,CREATED,idem-20260902-apk-2690
2691,MTR-APK-2691,Business,Business,Business Operations,Rent,Expense,2026-01-21,09:35:01,2026-01-21 09:35:01,168451.53,INR,-168451.53,APK Owner,,,MAESTRO-APK-BUSINESS-BUSINESS_OPERATIONS-2691 | Rent | 168451.53,Android,B54,HIGH_2501_3000,CREATED,idem-20260902-apk-2691
2692,MTR-APK-2692,Personal,Personal,Life Operations,Groceries,Expense,2026-04-22,17:54:52,2026-04-22 17:54:52,5114.32,INR,-5114.32,APK Owner,,,MAESTRO-APK-PERSONAL-LIFE_OPERATIONS-2692 | Groceries | 5114.32,Android,B54,HIGH_2501_3000,CREATED,idem-20260902-apk-2692
2693,MTR-APK-2693,Group,Shared Purchase,Gift Pool,Other,Expense,2026-03-16,05:46:58,2026-03-16 05:46:58,25080.02,INR,-25080.02,APK Owner,3,PERCENTAGE,MAESTRO-APK-GROUP-GIFT_POOL-2693 | Other | 25080.02,Android,B54,HIGH_2501_3000,CREATED,idem-20260902-apk-2693
2694,MTR-APK-2694,Business,Business,Business Operations,Marketing,Expense,2025-12-18,07:58:06,2025-12-18 07:58:06,2382.05,INR,-2382.05,APK Owner,,,MAESTRO-APK-BUSINESS-BUSINESS_OPERATIONS-2694 | Marketing | 2382.05,Android,B54,HIGH_2501_3000,CREATED,idem-20260902-apk-2694
2695,MTR-APK-2695,Personal,Personal,Life Operations,Rent,Expense,2026-02-10,04:45:29,2026-02-10 04:45:29,5624.18,INR,-5624.18,APK Owner,,,MAESTRO-APK-PERSONAL-LIFE_OPERATIONS-2695 | Rent | 5624.18,Android,B54,HIGH_2501_3000,CREATED,idem-20260902-apk-2695
2696,MTR-APK-2696,Group,Shared Purchase,Purchase,Item,Expense,2026-02-05,03:41:28,2026-02-05 03:41:28,21994.82,INR,-21994.82,APK Aarav,3,EXACT,MAESTRO-APK-GROUP-PURCHASE-2696 | Item | 21994.82,Android,B54,HIGH_2501_3000,CREATED,idem-20260902-apk-2696
2697,MTR-APK-2697,Business,Business,Business Operations,Legal,Expense,2025-11-15,21:14:46,2025-11-15 21:14:46,118241.5,INR,-118241.5,APK Owner,,,MAESTRO-APK-BUSINESS-BUSINESS_OPERATIONS-2697 | Legal | 118241.50,Android,B54,HIGH_2501_3000,CREATED,idem-20260902-apk-2697
2698,MTR-APK-2698,Personal,Personal,Life Operations,Bills,Expense,2026-02-15,12:40:07,2026-02-15 12:40:07,14240.01,INR,-14240.01,APK Owner,,,MAESTRO-APK-PERSONAL-LIFE_OPERATIONS-2698 | Bills | 14240.01,Android,B54,HIGH_2501_3000,CREATED,idem-20260902-apk-2698
2699,MTR-APK-2699,Group,Shared Purchase,Purchase,Shipping,Expense,2025-10-17,13:25:01,2025-10-17 13:25:01,14015.19,INR,-14015.19,APK Meera,3,SHARES,MAESTRO-APK-GROUP-PURCHASE-2699 | Shipping | 14015.19,Android,B54,HIGH_2501_3000,CREATED,idem-20260902-apk-2699
2700,MTR-APK-2700,Business,Business,Business Operations,Accounting,Expense,2025-12-21,08:47:36,2025-12-21 08:47:36,15271.07,INR,-15271.07,APK Owner,,,MAESTRO-APK-BUSINESS-BUSINESS_OPERATIONS-2700 | Accounting | 15271.07,Android,B54,HIGH_2501_3000,CREATED,idem-20260902-apk-2700
2701,MTR-APK-2701,Personal,Personal,Life Operations,Transport,Expense,2026-07-13,03:52:24,2026-07-13 03:52:24,1.0,INR,-1.0,APK Owner,,,MAESTRO-APK-PERSONAL-LIFE_OPERATIONS-2701 | Transport | 1.00,Android,B55,HIGH_2501_3000,CREATED,idem-20260902-apk-2701
2702,MTR-APK-2702,Group,Shared Purchase,Purchase,Tax,Expense,2026-06-03,11:08:35,2026-06-03 11:08:35,15114.45,INR,-15114.45,APK Owner,3,EQUAL,MAESTRO-APK-GROUP-PURCHASE-2702 | Tax | 15114.45,Android,B55,HIGH_2501_3000,CREATED,idem-20260902-apk-2702
2703,MTR-APK-2703,Business,Business,Business Operations,Equipment,Expense,2025-12-06,12:10:17,2025-12-06 12:10:17,124246.46,INR,-124246.46,APK Owner,,,MAESTRO-APK-BUSINESS-BUSINESS_OPERATIONS-2703 | Equipment | 124246.46,Android,B55,HIGH_2501_3000,CREATED,idem-20260902-apk-2703
2704,MTR-APK-2704,Personal,Personal,Life Operations,Healthcare,Expense,2026-07-23,20:27:53,2026-07-23 20:27:53,16949.44,INR,-16949.44,APK Owner,,,MAESTRO-APK-PERSONAL-LIFE_OPERATIONS-2704 | Healthcare | 16949.44,Android,B55,HIGH_2501_3000,CREATED,idem-20260902-apk-2704
2705,MTR-APK-2705,Group,Shared Purchase,Purchase,Other,Expense,2026-04-21,19:30:03,2026-04-21 19:30:03,110.64,INR,-110.64,APK Aarav,3,PERCENTAGE,MAESTRO-APK-GROUP-PURCHASE-2705 | Other | 110.64,Android,B55,HIGH_2501_3000,CREATED,idem-20260902-apk-2705
2706,MTR-APK-2706,Business,Business,Business Operations,Vendor,Expense,2025-10-20,21:21:53,2025-10-20 21:21:53,105668.97,INR,-105668.97,APK Owner,,,MAESTRO-APK-BUSINESS-BUSINESS_OPERATIONS-2706 | Vendor | 105668.97,Android,B55,HIGH_2501_3000,CREATED,idem-20260902-apk-2706
2707,MTR-APK-2707,Personal,Personal,Life Operations,Subscriptions,Expense,2026-01-10,15:42:59,2026-01-10 15:42:59,9984.05,INR,-9984.05,APK Owner,,,MAESTRO-APK-PERSONAL-LIFE_OPERATIONS-2707 | Subscriptions | 9984.05,Android,B55,HIGH_2501_3000,CREATED,idem-20260902-apk-2707
2708,MTR-APK-2708,Group,Shared Purchase,Assets,Purchase,Expense,2026-07-19,00:58:11,2026-07-19 00:58:11,21941.53,INR,-21941.53,APK Meera,3,EXACT,MAESTRO-APK-GROUP-ASSETS-2708 | Purchase | 21941.53,Android,B55,HIGH_2501_3000,CREATED,idem-20260902-apk-2708
2709,MTR-APK-2709,Business,Business,Business Operations,Tax,Expense,2026-09-01,21:55:12,2026-09-01 21:55:12,99157.15,INR,-99157.15,APK Owner,,,MAESTRO-APK-BUSINESS-BUSINESS_OPERATIONS-2709 | Tax | 99157.15,Android,B55,HIGH_2501_3000,CREATED,idem-20260902-apk-2709
2710,MTR-APK-2710,Personal,Personal,Life Operations,Repairs,Expense,2025-11-04,07:11:23,2025-11-04 07:11:23,19938.04,INR,-19938.04,APK Owner,,,MAESTRO-APK-PERSONAL-LIFE_OPERATIONS-2710 | Repairs | 19938.04,Android,B55,HIGH_2501_3000,CREATED,idem-20260902-apk-2710
2711,MTR-APK-2711,Group,Shared Purchase,Assets,Maintenance,Expense,2026-08-25,19:07:52,2026-08-25 19:07:52,28231.38,INR,-28231.38,APK Owner,3,SHARES,MAESTRO-APK-GROUP-ASSETS-2711 | Maintenance | 28231.38,Android,B55,HIGH_2501_3000,CREATED,idem-20260902-apk-2711
2712,MTR-APK-2712,Business,Business,Team Operations,Payroll,Expense,2025-12-21,13:58:26,2025-12-21 13:58:26,62341.54,INR,-62341.54,APK Owner,,,MAESTRO-APK-BUSINESS-TEAM_OPERATIONS-2712 | Payroll | 62341.54,Android,B55,HIGH_2501_3000,CREATED,idem-20260902-apk-2712
2713,MTR-APK-2713,Personal,Personal,Future Building,Savings,Transfer,2026-06-01,08:59:00,2026-06-01 08:59:00,16863.47,INR,0.0,APK Owner,,,MAESTRO-APK-PERSONAL-FUTURE_BUILDING-2713 | Savings | 16863.47,Android,B55,HIGH_2501_3000,CREATED,idem-20260902-apk-2713
2714,MTR-APK-2714,Group,Shared Purchase,Assets,Repair,Expense,2025-12-09,10:26:26,2025-12-09 10:26:26,21819.49,INR,-21819.49,APK Aarav,3,EQUAL,MAESTRO-APK-GROUP-ASSETS-2714 | Repair | 21819.49,Android,B55,HIGH_2501_3000,CREATED,idem-20260902-apk-2714
2715,MTR-APK-2715,Business,Business,Team Operations,Contractor,Expense,2026-06-30,15:00:12,2026-06-30 15:00:12,97643.44,INR,-97643.44,APK Owner,,,MAESTRO-APK-BUSINESS-TEAM_OPERATIONS-2715 | Contractor | 97643.44,Android,B55,HIGH_2501_3000,CREATED,idem-20260902-apk-2715
2716,MTR-APK-2716,Personal,Personal,Future Building,Emergency Fund,Transfer,2026-05-08,17:39:17,2026-05-08 17:39:17,7305.32,INR,0.0,APK Owner,,,MAESTRO-APK-PERSONAL-FUTURE_BUILDING-2716 | Emergency Fund | 7305.32,Android,B55,HIGH_2501_3000,CREATED,idem-20260902-apk-2716
2717,MTR-APK-2717,Group,Shared Purchase,Assets,Insurance,Expense,2025-11-06,18:55:01,2025-11-06 18:55:01,1261.51,INR,-1261.51,APK Meera,3,PERCENTAGE,MAESTRO-APK-GROUP-ASSETS-2717 | Insurance | 1261.51,Android,B55,HIGH_2501_3000,CREATED,idem-20260902-apk-2717
2718,MTR-APK-2718,Business,Business,Team Operations,Hiring,Expense,2026-07-14,10:45:56,2026-07-14 10:45:56,125096.84,INR,-125096.84,APK Owner,,,MAESTRO-APK-BUSINESS-TEAM_OPERATIONS-2718 | Hiring | 125096.84,Android,B55,HIGH_2501_3000,CREATED,idem-20260902-apk-2718
2719,MTR-APK-2719,Personal,Personal,Future Building,Investments,Investment,2025-12-13,05:53:15,2025-12-13 05:53:15,9044.05,INR,0.0,APK Owner,,,MAESTRO-APK-PERSONAL-FUTURE_BUILDING-2719 | Investments | 9044.05,Android,B55,HIGH_2501_3000,CREATED,idem-20260902-apk-2719
2720,MTR-APK-2720,Group,Shared Purchase,Assets,Other,Expense,2026-07-16,19:50:22,2026-07-16 19:50:22,28776.94,INR,-28776.94,APK Owner,3,EXACT,MAESTRO-APK-GROUP-ASSETS-2720 | Other | 28776.94,Android,B55,HIGH_2501_3000,CREATED,idem-20260902-apk-2720
2721,MTR-APK-2721,Business,Business,Team Operations,Team Meal,Expense,2026-02-18,08:45:59,2026-02-18 08:45:59,159890.26,INR,-159890.26,APK Owner,,,MAESTRO-APK-BUSINESS-TEAM_OPERATIONS-2721 | Team Meal | 159890.26,Android,B55,HIGH_2501_3000,CREATED,idem-20260902-apk-2721
2722,MTR-APK-2722,Personal,Personal,Future Building,Education,Expense,2026-08-04,20:02:11,2026-08-04 20:02:11,18732.94,INR,-18732.94,APK Owner,,,MAESTRO-APK-PERSONAL-FUTURE_BUILDING-2722 | Education | 18732.94,Android,B55,HIGH_2501_3000,CREATED,idem-20260902-apk-2722
2723,MTR-APK-2723,Group,Shared Purchase,Custom Purchase,Custom Expense,Expense,2026-05-29,00:59:06,2026-05-29 00:59:06,27095.22,INR,-27095.22,APK Aarav,3,SHARES,MAESTRO-APK-GROUP-CUSTOM_PURCHASE-2723 | Custom Expense | 27095.22,Android,B55,HIGH_2501_3000,CREATED,idem-20260902-apk-2723
2724,MTR-APK-2724,Business,Business,Team Operations,Travel,Expense,2026-08-31,18:09:08,2026-08-31 18:09:08,166538.96,INR,-166538.96,APK Owner,,,MAESTRO-APK-BUSINESS-TEAM_OPERATIONS-2724 | Travel | 166538.96,Android,B55,HIGH_2501_3000,CREATED,idem-20260902-apk-2724
2725,MTR-APK-2725,Personal,Personal,Future Building,Goal Contribution,Transfer,2025-09-24,00:05:54,2025-09-24 00:05:54,18993.4,INR,0.0,APK Owner,,,MAESTRO-APK-PERSONAL-FUTURE_BUILDING-2725 | Goal Contribution | 18993.40,Android,B55,HIGH_2501_3000,CREATED,idem-20260902-apk-2725
2726,MTR-APK-2726,Group,Shared Purchase,Custom Purchase,Custom Contribution,Contribution,2026-04-02,22:13:27,2026-04-02 22:13:27,15993.0,INR,15993.0,APK Meera,3,EQUAL,MAESTRO-APK-GROUP-CUSTOM_PURCHASE-2726 | Custom Contribution | 15993.00,Android,B55,HIGH_2501_3000,CREATED,idem-20260902-apk-2726
2727,MTR-APK-2727,Business,Business,Team Operations,Training,Expense,2026-06-20,21:08:16,2026-06-20 21:08:16,85282.62,INR,-85282.62,APK Owner,,,MAESTRO-APK-BUSINESS-TEAM_OPERATIONS-2727 | Training | 85282.62,Android,B55,HIGH_2501_3000,CREATED,idem-20260902-apk-2727
2728,MTR-APK-2728,Personal,Personal,Lifestyle,Dining,Expense,2025-09-24,06:26:48,2025-09-24 06:26:48,4317.6,INR,-4317.6,APK Owner,,,MAESTRO-APK-PERSONAL-LIFESTYLE-2728 | Dining | 4317.60,Android,B55,HIGH_2501_3000,CREATED,idem-20260902-apk-2728
2729,MTR-APK-2729,Group,Shared Living,Flatmates,Rent,Expense,2026-03-23,21:27:06,2026-03-23 21:27:06,24923.51,INR,-24923.51,APK Owner,3,PERCENTAGE,MAESTRO-APK-GROUP-FLATMATES-2729 | Rent | 24923.51,Android,B55,HIGH_2501_3000,CREATED,idem-20260902-apk-2729
2730,MTR-APK-2730,Business,Business,Team Operations,Tools,Expense,2026-02-11,23:26:28,2026-02-11 23:26:28,137268.61,INR,-137268.61,APK Owner,,,MAESTRO-APK-BUSINESS-TEAM_OPERATIONS-2730 | Tools | 137268.61,Android,B55,HIGH_2501_3000,CREATED,idem-20260902-apk-2730
2731,MTR-APK-2731,Personal,Personal,Lifestyle,Shopping,Expense,2026-06-18,04:20:26,2026-06-18 04:20:26,4775.96,INR,-4775.96,APK Owner,,,MAESTRO-APK-PERSONAL-LIFESTYLE-2731 | Shopping | 4775.96,Android,B55,HIGH_2501_3000,CREATED,idem-20260902-apk-2731
2732,MTR-APK-2732,Group,Shared Living,Flatmates,Utilities,Expense,2026-01-21,06:24:26,2026-01-21 06:24:26,24979.27,INR,-24979.27,APK Aarav,3,EXACT,MAESTRO-APK-GROUP-FLATMATES-2732 | Utilities | 24979.27,Android,B55,HIGH_2501_3000,CREATED,idem-20260902-apk-2732
2733,MTR-APK-2733,Business,Business,Business Runway,Funding,Income,2026-03-04,00:47:08,2026-03-04 00:47:08,112372.14,INR,112372.14,APK Owner,,,MAESTRO-APK-BUSINESS-BUSINESS_RUNWAY-2733 | Funding | 112372.14,Android,B55,HIGH_2501_3000,CREATED,idem-20260902-apk-2733
2734,MTR-APK-2734,Personal,Personal,Lifestyle,Entertainment,Expense,2026-05-06,16:06:52,2026-05-06 16:06:52,12696.5,INR,-12696.5,APK Owner,,,MAESTRO-APK-PERSONAL-LIFESTYLE-2734 | Entertainment | 12696.50,Android,B55,HIGH_2501_3000,CREATED,idem-20260902-apk-2734
2735,MTR-APK-2735,Group,Shared Living,Flatmates,Groceries,Expense,2026-04-11,11:13:32,2026-04-11 11:13:32,21296.29,INR,-21296.29,APK Meera,3,SHARES,MAESTRO-APK-GROUP-FLATMATES-2735 | Groceries | 21296.29,Android,B55,HIGH_2501_3000,CREATED,idem-20260902-apk-2735
2736,MTR-APK-2736,Business,Business,Business Runway,Revenue,Income,2026-02-17,09:28:57,2026-02-17 09:28:57,80479.83,INR,80479.83,APK Owner,,,MAESTRO-APK-BUSINESS-BUSINESS_RUNWAY-2736 | Revenue | 80479.83,Android,B55,HIGH_2501_3000,CREATED,idem-20260902-apk-2736
2737,MTR-APK-2737,Personal,Personal,Lifestyle,Travel,Expense,2026-07-29,22:57:14,2026-07-29 22:57:14,18457.0,INR,-18457.0,APK Owner,,,MAESTRO-APK-PERSONAL-LIFESTYLE-2737 | Travel | 18457.00,Android,B55,HIGH_2501_3000,CREATED,idem-20260902-apk-2737
2738,MTR-APK-2738,Group,Shared Living,Flatmates,Internet,Expense,2026-01-29,10:21:58,2026-01-29 10:21:58,99.99,INR,-99.99,APK Owner,3,EQUAL,MAESTRO-APK-GROUP-FLATMATES-2738 | Internet | 99.99,Android,B55,HIGH_2501_3000,CREATED,idem-20260902-apk-2738
2739,MTR-APK-2739,Business,Business,Business Runway,Burn,Expense,2026-05-21,09:13:59,2026-05-21 09:13:59,134961.98,INR,-134961.98,APK Owner,,,MAESTRO-APK-BUSINESS-BUSINESS_RUNWAY-2739 | Burn | 134961.98,Android,B55,HIGH_2501_3000,CREATED,idem-20260902-apk-2739
2740,MTR-APK-2740,Personal,Personal,Lifestyle,Fitness,Expense,2026-01-03,05:33:12,2026-01-03 05:33:12,1383.64,INR,-1383.64,APK Owner,,,MAESTRO-APK-PERSONAL-LIFESTYLE-2740 | Fitness | 1383.64,Android,B55,HIGH_2501_3000,CREATED,idem-20260902-apk-2740
2741,MTR-APK-2741,Group,Shared Living,Flatmates,House Supplies,Expense,2026-04-19,22:34:34,2026-04-19 22:34:34,12171.93,INR,-12171.93,APK Aarav,3,PERCENTAGE,MAESTRO-APK-GROUP-FLATMATES-2741 | House Supplies | 12171.93,Android,B55,HIGH_2501_3000,CREATED,idem-20260902-apk-2741
2742,MTR-APK-2742,Business,Business,Business Runway,Reserve,Transfer,2026-07-20,12:00:03,2026-07-20 12:00:03,155331.32,INR,0.0,APK Owner,,,MAESTRO-APK-BUSINESS-BUSINESS_RUNWAY-2742 | Reserve | 155331.32,Android,B55,HIGH_2501_3000,CREATED,idem-20260902-apk-2742
2743,MTR-APK-2743,Personal,Personal,Lifestyle,Hobbies,Expense,2026-01-10,05:20:07,2026-01-10 05:20:07,18909.02,INR,-18909.02,APK Owner,,,MAESTRO-APK-PERSONAL-LIFESTYLE-2743 | Hobbies | 18909.02,Android,B55,HIGH_2501_3000,CREATED,idem-20260902-apk-2743
2744,MTR-APK-2744,Group,Shared Living,Flatmates,Repairs,Expense,2025-10-17,15:30:13,2025-10-17 15:30:13,2910.54,INR,-2910.54,APK Meera,3,EXACT,MAESTRO-APK-GROUP-FLATMATES-2744 | Repairs | 2910.54,Android,B55,HIGH_2501_3000,CREATED,idem-20260902-apk-2744
2745,MTR-APK-2745,Business,Business,Business Runway,Loan,Income,2025-12-15,02:11:58,2025-12-15 02:11:58,72211.29,INR,72211.29,APK Owner,,,MAESTRO-APK-BUSINESS-BUSINESS_RUNWAY-2745 | Loan | 72211.29,Android,B55,HIGH_2501_3000,CREATED,idem-20260902-apk-2745
2746,MTR-APK-2746,Personal,Personal,Relationships,Gifts,Expense,2026-03-22,00:19:25,2026-03-22 00:19:25,16504.29,INR,-16504.29,APK Owner,,,MAESTRO-APK-PERSONAL-RELATIONSHIPS-2746 | Gifts | 16504.29,Android,B55,HIGH_2501_3000,CREATED,idem-20260902-apk-2746
2747,MTR-APK-2747,Group,Shared Living,Shared Living,Rent,Expense,2026-06-04,23:38:08,2026-06-04 23:38:08,14319.61,INR,-14319.61,APK Owner,3,SHARES,MAESTRO-APK-GROUP-SHARED_LIVING-2747 | Rent | 14319.61,Android,B55,HIGH_2501_3000,CREATED,idem-20260902-apk-2747
2748,MTR-APK-2748,Business,Business,Business Runway,Investment,Income,2025-12-14,21:28:42,2025-12-14 21:28:42,82048.03,INR,82048.03,APK Owner,,,MAESTRO-APK-BUSINESS-BUSINESS_RUNWAY-2748 | Investment | 82048.03,Android,B55,HIGH_2501_3000,CREATED,idem-20260902-apk-2748
2749,MTR-APK-2749,Personal,Personal,Relationships,Dates,Expense,2025-10-18,03:29:58,2025-10-18 03:29:58,5258.74,INR,-5258.74,APK Owner,,,MAESTRO-APK-PERSONAL-RELATIONSHIPS-2749 | Dates | 5258.74,Android,B55,HIGH_2501_3000,CREATED,idem-20260902-apk-2749
2750,MTR-APK-2750,Group,Shared Living,Shared Living,Utilities,Expense,2025-09-14,15:34:36,2025-09-14 15:34:36,2671.62,INR,-2671.62,APK Aarav,3,EQUAL,MAESTRO-APK-GROUP-SHARED_LIVING-2750 | Utilities | 2671.62,Android,B55,HIGH_2501_3000,CREATED,idem-20260902-apk-2750
2751,MTR-APK-2751,Business,Business,Business Operations,Software,Expense,2026-06-14,02:52:39,2026-06-14 02:52:39,78400.51,INR,-78400.51,APK Owner,,,MAESTRO-APK-BUSINESS-BUSINESS_OPERATIONS-2751 | Software | 78400.51,Android,B56,HIGH_2501_3000,CREATED,idem-20260902-apk-2751
2752,MTR-APK-2752,Personal,Personal,Relationships,Family,Expense,2026-05-19,00:45:26,2026-05-19 00:45:26,6167.6,INR,-6167.6,APK Owner,,,MAESTRO-APK-PERSONAL-RELATIONSHIPS-2752 | Family | 6167.60,Android,B56,HIGH_2501_3000,CREATED,idem-20260902-apk-2752
2753,MTR-APK-2753,Group,Shared Living,Shared Living,Groceries,Expense,2026-07-28,21:39:46,2026-07-28 21:39:46,14237.0,INR,-14237.0,APK Meera,3,PERCENTAGE,MAESTRO-APK-GROUP-SHARED_LIVING-2753 | Groceries | 14237.00,Android,B56,HIGH_2501_3000,CREATED,idem-20260902-apk-2753
2754,MTR-APK-2754,Business,Business,Business Operations,Rent,Expense,2026-08-31,00:21:44,2026-08-31 00:21:44,128543.57,INR,-128543.57,APK Owner,,,MAESTRO-APK-BUSINESS-BUSINESS_OPERATIONS-2754 | Rent | 128543.57,Android,B56,HIGH_2501_3000,CREATED,idem-20260902-apk-2754
2755,MTR-APK-2755,Personal,Personal,Relationships,Friends,Expense,2026-01-06,04:07:43,2026-01-06 04:07:43,18148.15,INR,-18148.15,APK Owner,,,MAESTRO-APK-PERSONAL-RELATIONSHIPS-2755 | Friends | 18148.15,Android,B56,HIGH_2501_3000,CREATED,idem-20260902-apk-2755
2756,MTR-APK-2756,Group,Shared Living,Shared Living,Maintenance,Expense,2026-07-17,06:19:34,2026-07-17 06:19:34,10661.87,INR,-10661.87,APK Owner,3,EXACT,MAESTRO-APK-GROUP-SHARED_LIVING-2756 | Maintenance | 10661.87,Android,B56,HIGH_2501_3000,CREATED,idem-20260902-apk-2756
2757,MTR-APK-2757,Business,Business,Business Operations,Marketing,Expense,2025-10-03,02:50:23,2025-10-03 02:50:23,110370.5,INR,-110370.5,APK Owner,,,MAESTRO-APK-BUSINESS-BUSINESS_OPERATIONS-2757 | Marketing | 110370.50,Android,B56,HIGH_2501_3000,CREATED,idem-20260902-apk-2757
2758,MTR-APK-2758,Personal,Personal,Relationships,Celebrations,Expense,2026-02-25,05:04:48,2026-02-25 05:04:48,19797.54,INR,-19797.54,APK Owner,,,MAESTRO-APK-PERSONAL-RELATIONSHIPS-2758 | Celebrations | 19797.54,Android,B56,HIGH_2501_3000,CREATED,idem-20260902-apk-2758
2759,MTR-APK-2759,Group,Shared Living,Shared Living,Other,Expense,2026-07-26,06:04:25,2026-07-26 06:04:25,8051.05,INR,-8051.05,APK Aarav,3,SHARES,MAESTRO-APK-GROUP-SHARED_LIVING-2759 | Other | 8051.05,Android,B56,HIGH_2501_3000,CREATED,idem-20260902-apk-2759
2760,MTR-APK-2760,Business,Business,Business Operations,Legal,Expense,2025-12-05,21:34:43,2025-12-05 21:34:43,73856.28,INR,-73856.28,APK Owner,,,MAESTRO-APK-BUSINESS-BUSINESS_OPERATIONS-2760 | Legal | 73856.28,Android,B56,HIGH_2501_3000,CREATED,idem-20260902-apk-2760
2761,MTR-APK-2761,Personal,Personal,Life Operations,Groceries,Expense,2026-02-27,10:39:43,2026-02-27 10:39:43,1384.08,INR,-1384.08,APK Owner,,,MAESTRO-APK-PERSONAL-LIFE_OPERATIONS-2761 | Groceries | 1384.08,Android,B56,HIGH_2501_3000,CREATED,idem-20260902-apk-2761
2762,MTR-APK-2762,Group,Shared Living,Family Household,Transport,Expense,2026-07-14,05:31:07,2026-07-14 05:31:07,24055.7,INR,-24055.7,APK Meera,3,EQUAL,MAESTRO-APK-GROUP-FAMILY_HOUSEHOLD-2762 | Transport | 24055.70,Android,B56,HIGH_2501_3000,CREATED,idem-20260902-apk-2762
2763,MTR-APK-2763,Business,Business,Business Operations,Accounting,Expense,2025-12-20,21:12:10,2025-12-20 21:12:10,70006.75,INR,-70006.75,APK Owner,,,MAESTRO-APK-BUSINESS-BUSINESS_OPERATIONS-2763 | Accounting | 70006.75,Android,B56,HIGH_2501_3000,CREATED,idem-20260902-apk-2763
2764,MTR-APK-2764,Personal,Personal,Life Operations,Rent,Expense,2026-08-07,05:22:15,2026-08-07 05:22:15,3906.9,INR,-3906.9,APK Owner,,,MAESTRO-APK-PERSONAL-LIFE_OPERATIONS-2764 | Rent | 3906.90,Android,B56,HIGH_2501_3000,CREATED,idem-20260902-apk-2764
2765,MTR-APK-2765,Group,Shared Living,Family Household,Bills,Expense,2026-01-16,04:17:12,2026-01-16 04:17:12,17119.02,INR,-17119.02,APK Owner,3,PERCENTAGE,MAESTRO-APK-GROUP-FAMILY_HOUSEHOLD-2765 | Bills | 17119.02,Android,B56,HIGH_2501_3000,CREATED,idem-20260902-apk-2765
2766,MTR-APK-2766,Business,Business,Business Operations,Equipment,Expense,2026-08-25,12:26:32,2026-08-25 12:26:32,169285.5,INR,-169285.5,APK Owner,,,MAESTRO-APK-BUSINESS-BUSINESS_OPERATIONS-2766 | Equipment | 169285.50,Android,B56,HIGH_2501_3000,CREATED,idem-20260902-apk-2766
2767,MTR-APK-2767,Personal,Personal,Life Operations,Bills,Expense,2026-06-01,10:23:49,2026-06-01 10:23:49,1320.67,INR,-1320.67,APK Owner,,,MAESTRO-APK-PERSONAL-LIFE_OPERATIONS-2767 | Bills | 1320.67,Android,B56,HIGH_2501_3000,CREATED,idem-20260902-apk-2767
2768,MTR-APK-2768,Group,Shared Living,Family Household,Utilities,Expense,2026-05-15,07:10:56,2026-05-15 07:10:56,18373.3,INR,-18373.3,APK Aarav,3,EXACT,MAESTRO-APK-GROUP-FAMILY_HOUSEHOLD-2768 | Utilities | 18373.30,Android,B56,HIGH_2501_3000,CREATED,idem-20260902-apk-2768
2769,MTR-APK-2769,Business,Business,Business Operations,Vendor,Expense,2026-04-02,21:17:41,2026-04-02 21:17:41,75319.97,INR,-75319.97,APK Owner,,,MAESTRO-APK-BUSINESS-BUSINESS_OPERATIONS-2769 | Vendor | 75319.97,Android,B56,HIGH_2501_3000,CREATED,idem-20260902-apk-2769
2770,MTR-APK-2770,Personal,Personal,Life Operations,Transport,Expense,2025-10-28,14:57:48,2025-10-28 14:57:48,5591.87,INR,-5591.87,APK Owner,,,MAESTRO-APK-PERSONAL-LIFE_OPERATIONS-2770 | Transport | 5591.87,Android,B56,HIGH_2501_3000,CREATED,idem-20260902-apk-2770
2771,MTR-APK-2771,Group,Shared Living,Family Household,Healthcare,Expense,2026-01-26,22:12:04,2026-01-26 22:12:04,12028.42,INR,-12028.42,APK Meera,3,SHARES,MAESTRO-APK-GROUP-FAMILY_HOUSEHOLD-2771 | Healthcare | 12028.42,Android,B56,HIGH_2501_3000,CREATED,idem-20260902-apk-2771
2772,MTR-APK-2772,Business,Business,Business Operations,Tax,Expense,2025-09-09,23:37:16,2025-09-09 23:37:16,128982.99,INR,-128982.99,APK Owner,,,MAESTRO-APK-BUSINESS-BUSINESS_OPERATIONS-2772 | Tax | 128982.99,Android,B56,HIGH_2501_3000,CREATED,idem-20260902-apk-2772
2773,MTR-APK-2773,Personal,Personal,Life Operations,Healthcare,Expense,2025-09-10,00:36:29,2025-09-10 00:36:29,18239.3,INR,-18239.3,APK Owner,,,MAESTRO-APK-PERSONAL-LIFE_OPERATIONS-2773 | Healthcare | 18239.30,Android,B56,HIGH_2501_3000,CREATED,idem-20260902-apk-2773
2774,MTR-APK-2774,Group,Shared Living,Family Household,School,Expense,2026-08-30,06:44:54,2026-08-30 06:44:54,4567.79,INR,-4567.79,APK Owner,3,EQUAL,MAESTRO-APK-GROUP-FAMILY_HOUSEHOLD-2774 | School | 4567.79,Android,B56,HIGH_2501_3000,CREATED,idem-20260902-apk-2774
2775,MTR-APK-2775,Business,Business,Team Operations,Payroll,Expense,2025-11-25,02:49:43,2025-11-25 02:49:43,100.0,INR,-100.0,APK Owner,,,MAESTRO-APK-BUSINESS-TEAM_OPERATIONS-2775 | Payroll | 100.00,Android,B56,HIGH_2501_3000,CREATED,idem-20260902-apk-2775
2776,MTR-APK-2776,Personal,Personal,Life Operations,Subscriptions,Expense,2026-01-02,06:19:29,2026-01-02 06:19:29,3083.65,INR,-3083.65,APK Owner,,,MAESTRO-APK-PERSONAL-LIFE_OPERATIONS-2776 | Subscriptions | 3083.65,Android,B56,HIGH_2501_3000,CREATED,idem-20260902-apk-2776
2777,MTR-APK-2777,Group,Shared Living,Family Household,Other,Expense,2025-12-18,22:42:11,2025-12-18 22:42:11,17763.3,INR,-17763.3,APK Aarav,3,PERCENTAGE,MAESTRO-APK-GROUP-FAMILY_HOUSEHOLD-2777 | Other | 17763.30,Android,B56,HIGH_2501_3000,CREATED,idem-20260902-apk-2777
2778,MTR-APK-2778,Business,Business,Team Operations,Contractor,Expense,2025-11-24,06:23:42,2025-11-24 06:23:42,128846.16,INR,-128846.16,APK Owner,,,MAESTRO-APK-BUSINESS-TEAM_OPERATIONS-2778 | Contractor | 128846.16,Android,B56,HIGH_2501_3000,CREATED,idem-20260902-apk-2778
2779,MTR-APK-2779,Personal,Personal,Life Operations,Repairs,Expense,2026-06-27,13:56:08,2026-06-27 13:56:08,6887.38,INR,-6887.38,APK Owner,,,MAESTRO-APK-PERSONAL-LIFE_OPERATIONS-2779 | Repairs | 6887.38,Android,B56,HIGH_2501_3000,CREATED,idem-20260902-apk-2779
2780,MTR-APK-2780,Group,Shared Living,Custom Living,Custom Expense,Expense,2026-03-26,20:40:19,2026-03-26 20:40:19,6875.0,INR,-6875.0,APK Meera,3,EXACT,MAESTRO-APK-GROUP-CUSTOM_LIVING-2780 | Custom Expense | 6875.00,Android,B56,HIGH_2501_3000,CREATED,idem-20260902-apk-2780
2781,MTR-APK-2781,Business,Business,Team Operations,Hiring,Expense,2025-10-06,02:11:00,2025-10-06 02:11:00,116855.8,INR,-116855.8,APK Owner,,,MAESTRO-APK-BUSINESS-TEAM_OPERATIONS-2781 | Hiring | 116855.80,Android,B56,HIGH_2501_3000,CREATED,idem-20260902-apk-2781
2782,MTR-APK-2782,Personal,Personal,Future Building,Savings,Transfer,2026-08-20,06:01:40,2026-08-20 06:01:40,11077.85,INR,0.0,APK Owner,,,MAESTRO-APK-PERSONAL-FUTURE_BUILDING-2782 | Savings | 11077.85,Android,B56,HIGH_2501_3000,CREATED,idem-20260902-apk-2782
2783,MTR-APK-2783,Group,Shared Living,Custom Living,Custom Contribution,Contribution,2025-12-08,13:39:59,2025-12-08 13:39:59,9041.87,INR,9041.87,APK Owner,3,SHARES,MAESTRO-APK-GROUP-CUSTOM_LIVING-2783 | Custom Contribution | 9041.87,Android,B56,HIGH_2501_3000,CREATED,idem-20260902-apk-2783
2784,MTR-APK-2784,Business,Business,Team Operations,Team Meal,Expense,2026-04-30,05:29:08,2026-04-30 05:29:08,81033.51,INR,-81033.51,APK Owner,,,MAESTRO-APK-BUSINESS-TEAM_OPERATIONS-2784 | Team Meal | 81033.51,Android,B56,HIGH_2501_3000,CREATED,idem-20260902-apk-2784
2785,MTR-APK-2785,Personal,Personal,Future Building,Emergency Fund,Transfer,2025-09-02,23:56:23,2025-09-02 23:56:23,17343.0,INR,0.0,APK Owner,,,MAESTRO-APK-PERSONAL-FUTURE_BUILDING-2785 | Emergency Fund | 17343.00,Android,B56,HIGH_2501_3000,CREATED,idem-20260902-apk-2785
2786,MTR-APK-2786,Group,Shared Experience,Trip,Travel,Expense,2026-02-26,01:41:01,2026-02-26 01:41:01,4443.29,INR,-4443.29,APK Aarav,3,EQUAL,MAESTRO-APK-GROUP-TRIP-2786 | Travel | 4443.29,Android,B56,HIGH_2501_3000,CREATED,idem-20260902-apk-2786
2787,MTR-APK-2787,Business,Business,Team Operations,Travel,Expense,2026-06-23,23:26:51,2026-06-23 23:26:51,140954.46,INR,-140954.46,APK Owner,,,MAESTRO-APK-BUSINESS-TEAM_OPERATIONS-2787 | Travel | 140954.46,Android,B56,HIGH_2501_3000,CREATED,idem-20260902-apk-2787
2788,MTR-APK-2788,Personal,Personal,Future Building,Investments,Investment,2025-09-08,16:53:00,2025-09-08 16:53:00,9563.49,INR,0.0,APK Owner,,,MAESTRO-APK-PERSONAL-FUTURE_BUILDING-2788 | Investments | 9563.49,Android,B56,HIGH_2501_3000,CREATED,idem-20260902-apk-2788
2789,MTR-APK-2789,Group,Shared Experience,Trip,Stay,Expense,2026-03-14,09:30:38,2026-03-14 09:30:38,28190.2,INR,-28190.2,APK Meera,3,PERCENTAGE,MAESTRO-APK-GROUP-TRIP-2789 | Stay | 28190.20,Android,B56,HIGH_2501_3000,CREATED,idem-20260902-apk-2789
2790,MTR-APK-2790,Business,Business,Team Operations,Training,Expense,2025-12-26,21:09:22,2025-12-26 21:09:22,534.47,INR,-534.47,APK Owner,,,MAESTRO-APK-BUSINESS-TEAM_OPERATIONS-2790 | Training | 534.47,Android,B56,HIGH_2501_3000,CREATED,idem-20260902-apk-2790
2791,MTR-APK-2791,Personal,Personal,Future Building,Education,Expense,2026-04-15,13:27:57,2026-04-15 13:27:57,9630.48,INR,-9630.48,APK Owner,,,MAESTRO-APK-PERSONAL-FUTURE_BUILDING-2791 | Education | 9630.48,Android,B56,HIGH_2501_3000,CREATED,idem-20260902-apk-2791
2792,MTR-APK-2792,Group,Shared Experience,Trip,Food,Expense,2026-08-26,07:31:28,2026-08-26 07:31:28,21036.08,INR,-21036.08,APK Owner,3,EXACT,MAESTRO-APK-GROUP-TRIP-2792 | Food | 21036.08,Android,B56,HIGH_2501_3000,CREATED,idem-20260902-apk-2792
2793,MTR-APK-2793,Business,Business,Team Operations,Tools,Expense,2025-10-30,02:21:16,2025-10-30 02:21:16,90689.95,INR,-90689.95,APK Owner,,,MAESTRO-APK-BUSINESS-TEAM_OPERATIONS-2793 | Tools | 90689.95,Android,B56,HIGH_2501_3000,CREATED,idem-20260902-apk-2793
2794,MTR-APK-2794,Personal,Personal,Future Building,Goal Contribution,Transfer,2026-08-13,05:09:43,2026-08-13 05:09:43,2745.79,INR,0.0,APK Owner,,,MAESTRO-APK-PERSONAL-FUTURE_BUILDING-2794 | Goal Contribution | 2745.79,Android,B56,HIGH_2501_3000,CREATED,idem-20260902-apk-2794
2795,MTR-APK-2795,Group,Shared Experience,Trip,Local Transport,Expense,2025-09-21,06:40:29,2025-09-21 06:40:29,26360.38,INR,-26360.38,APK Aarav,3,SHARES,MAESTRO-APK-GROUP-TRIP-2795 | Local Transport | 26360.38,Android,B56,HIGH_2501_3000,CREATED,idem-20260902-apk-2795
2796,MTR-APK-2796,Business,Business,Business Runway,Funding,Income,2026-03-31,08:32:26,2026-03-31 08:32:26,43965.99,INR,43965.99,APK Owner,,,MAESTRO-APK-BUSINESS-BUSINESS_RUNWAY-2796 | Funding | 43965.99,Android,B56,HIGH_2501_3000,CREATED,idem-20260902-apk-2796
2797,MTR-APK-2797,Personal,Personal,Lifestyle,Dining,Expense,2026-02-15,00:24:32,2026-02-15 00:24:32,11339.05,INR,-11339.05,APK Owner,,,MAESTRO-APK-PERSONAL-LIFESTYLE-2797 | Dining | 11339.05,Android,B56,HIGH_2501_3000,CREATED,idem-20260902-apk-2797
2798,MTR-APK-2798,Group,Shared Experience,Trip,Activities,Expense,2026-08-06,00:01:29,2026-08-06 00:01:29,3940.31,INR,-3940.31,APK Meera,3,EQUAL,MAESTRO-APK-GROUP-TRIP-2798 | Activities | 3940.31,Android,B56,HIGH_2501_3000,CREATED,idem-20260902-apk-2798
2799,MTR-APK-2799,Business,Business,Business Runway,Revenue,Income,2025-09-06,11:52:41,2025-09-06 11:52:41,37262.17,INR,37262.17,APK Owner,,,MAESTRO-APK-BUSINESS-BUSINESS_RUNWAY-2799 | Revenue | 37262.17,Android,B56,HIGH_2501_3000,CREATED,idem-20260902-apk-2799
2800,MTR-APK-2800,Personal,Personal,Lifestyle,Shopping,Expense,2025-12-23,22:41:26,2025-12-23 22:41:26,19804.64,INR,-19804.64,APK Owner,,,MAESTRO-APK-PERSONAL-LIFESTYLE-2800 | Shopping | 19804.64,Android,B56,HIGH_2501_3000,CREATED,idem-20260902-apk-2800
2801,MTR-APK-2801,Group,Shared Experience,Trip,Shopping,Expense,2025-12-23,03:55:12,2025-12-23 03:55:12,23594.06,INR,-23594.06,APK Owner,3,PERCENTAGE,MAESTRO-APK-GROUP-TRIP-2801 | Shopping | 23594.06,Android,B57,HIGH_2501_3000,CREATED,idem-20260902-apk-2801
2802,MTR-APK-2802,Business,Business,Business Runway,Burn,Expense,2025-11-11,22:15:03,2025-11-11 22:15:03,49941.54,INR,-49941.54,APK Owner,,,MAESTRO-APK-BUSINESS-BUSINESS_RUNWAY-2802 | Burn | 49941.54,Android,B57,HIGH_2501_3000,CREATED,idem-20260902-apk-2802
2803,MTR-APK-2803,Personal,Personal,Lifestyle,Entertainment,Expense,2026-07-09,05:02:03,2026-07-09 05:02:03,15460.54,INR,-15460.54,APK Owner,,,MAESTRO-APK-PERSONAL-LIFESTYLE-2803 | Entertainment | 15460.54,Android,B57,HIGH_2501_3000,CREATED,idem-20260902-apk-2803
2804,MTR-APK-2804,Group,Shared Experience,Trip,Other,Expense,2025-11-11,17:36:53,2025-11-11 17:36:53,11122.67,INR,-11122.67,APK Aarav,3,EXACT,MAESTRO-APK-GROUP-TRIP-2804 | Other | 11122.67,Android,B57,HIGH_2501_3000,CREATED,idem-20260902-apk-2804
2805,MTR-APK-2805,Business,Business,Business Runway,Reserve,Transfer,2026-02-06,02:04:23,2026-02-06 02:04:23,38094.57,INR,0.0,APK Owner,,,MAESTRO-APK-BUSINESS-BUSINESS_RUNWAY-2805 | Reserve | 38094.57,Android,B57,HIGH_2501_3000,CREATED,idem-20260902-apk-2805
2806,MTR-APK-2806,Personal,Personal,Lifestyle,Travel,Expense,2026-07-18,21:40:16,2026-07-18 21:40:16,11588.19,INR,-11588.19,APK Owner,,,MAESTRO-APK-PERSONAL-LIFESTYLE-2806 | Travel | 11588.19,Android,B57,HIGH_2501_3000,CREATED,idem-20260902-apk-2806
2807,MTR-APK-2807,Group,Shared Experience,Wedding,Venue,Expense,2026-03-13,02:34:17,2026-03-13 02:34:17,2063.94,INR,-2063.94,APK Meera,3,SHARES,MAESTRO-APK-GROUP-WEDDING-2807 | Venue | 2063.94,Android,B57,HIGH_2501_3000,CREATED,idem-20260902-apk-2807
2808,MTR-APK-2808,Business,Business,Business Runway,Loan,Income,2025-12-30,01:10:48,2025-12-30 01:10:48,96818.21,INR,96818.21,APK Owner,,,MAESTRO-APK-BUSINESS-BUSINESS_RUNWAY-2808 | Loan | 96818.21,Android,B57,HIGH_2501_3000,CREATED,idem-20260902-apk-2808
2809,MTR-APK-2809,Personal,Personal,Lifestyle,Fitness,Expense,2026-07-14,13:08:13,2026-07-14 13:08:13,15939.75,INR,-15939.75,APK Owner,,,MAESTRO-APK-PERSONAL-LIFESTYLE-2809 | Fitness | 15939.75,Android,B57,HIGH_2501_3000,CREATED,idem-20260902-apk-2809
2810,MTR-APK-2810,Group,Shared Experience,Wedding,Catering,Expense,2026-08-19,11:20:50,2026-08-19 11:20:50,2813.13,INR,-2813.13,APK Owner,3,EQUAL,MAESTRO-APK-GROUP-WEDDING-2810 | Catering | 2813.13,Android,B57,HIGH_2501_3000,CREATED,idem-20260902-apk-2810
2811,MTR-APK-2811,Business,Business,Business Runway,Investment,Income,2026-06-29,12:33:04,2026-06-29 12:33:04,24916.04,INR,24916.04,APK Owner,,,MAESTRO-APK-BUSINESS-BUSINESS_RUNWAY-2811 | Investment | 24916.04,Android,B57,HIGH_2501_3000,CREATED,idem-20260902-apk-2811
2812,MTR-APK-2812,Personal,Personal,Lifestyle,Hobbies,Expense,2026-01-13,22:03:04,2026-01-13 22:03:04,999.99,INR,-999.99,APK Owner,,,MAESTRO-APK-PERSONAL-LIFESTYLE-2812 | Hobbies | 999.99,Android,B57,HIGH_2501_3000,CREATED,idem-20260902-apk-2812
2813,MTR-APK-2813,Group,Shared Experience,Wedding,Decor,Expense,2026-08-29,13:53:44,2026-08-29 13:53:44,3446.34,INR,-3446.34,APK Aarav,3,PERCENTAGE,MAESTRO-APK-GROUP-WEDDING-2813 | Decor | 3446.34,Android,B57,HIGH_2501_3000,CREATED,idem-20260902-apk-2813
2814,MTR-APK-2814,Business,Business,Business Operations,Software,Expense,2026-06-09,00:49:46,2026-06-09 00:49:46,155656.9,INR,-155656.9,APK Owner,,,MAESTRO-APK-BUSINESS-BUSINESS_OPERATIONS-2814 | Software | 155656.90,Android,B57,HIGH_2501_3000,CREATED,idem-20260902-apk-2814
2815,MTR-APK-2815,Personal,Personal,Relationships,Gifts,Expense,2026-01-28,07:13:00,2026-01-28 07:13:00,14005.16,INR,-14005.16,APK Owner,,,MAESTRO-APK-PERSONAL-RELATIONSHIPS-2815 | Gifts | 14005.16,Android,B57,HIGH_2501_3000,CREATED,idem-20260902-apk-2815
2816,MTR-APK-2816,Group,Shared Experience,Wedding,Travel,Expense,2025-09-19,16:40:02,2025-09-19 16:40:02,27079.31,INR,-27079.31,APK Meera,3,EXACT,MAESTRO-APK-GROUP-WEDDING-2816 | Travel | 27079.31,Android,B57,HIGH_2501_3000,CREATED,idem-20260902-apk-2816
2817,MTR-APK-2817,Business,Business,Business Operations,Rent,Expense,2026-02-01,11:52:12,2026-02-01 11:52:12,110836.95,INR,-110836.95,APK Owner,,,MAESTRO-APK-BUSINESS-BUSINESS_OPERATIONS-2817 | Rent | 110836.95,Android,B57,HIGH_2501_3000,CREATED,idem-20260902-apk-2817
2818,MTR-APK-2818,Personal,Personal,Relationships,Dates,Expense,2026-08-06,02:50:20,2026-08-06 02:50:20,16633.59,INR,-16633.59,APK Owner,,,MAESTRO-APK-PERSONAL-RELATIONSHIPS-2818 | Dates | 16633.59,Android,B57,HIGH_2501_3000,CREATED,idem-20260902-apk-2818
2819,MTR-APK-2819,Group,Shared Experience,Wedding,Gifts,Expense,2025-11-02,04:44:21,2025-11-02 04:44:21,2505.55,INR,-2505.55,APK Owner,3,SHARES,MAESTRO-APK-GROUP-WEDDING-2819 | Gifts | 2505.55,Android,B57,HIGH_2501_3000,CREATED,idem-20260902-apk-2819
2820,MTR-APK-2820,Business,Business,Business Operations,Marketing,Expense,2026-02-12,16:35:16,2026-02-12 16:35:16,13823.12,INR,-13823.12,APK Owner,,,MAESTRO-APK-BUSINESS-BUSINESS_OPERATIONS-2820 | Marketing | 13823.12,Android,B57,HIGH_2501_3000,CREATED,idem-20260902-apk-2820
2821,MTR-APK-2821,Personal,Personal,Relationships,Family,Expense,2025-11-21,15:17:22,2025-11-21 15:17:22,12599.52,INR,-12599.52,APK Owner,,,MAESTRO-APK-PERSONAL-RELATIONSHIPS-2821 | Family | 12599.52,Android,B57,HIGH_2501_3000,CREATED,idem-20260902-apk-2821
2822,MTR-APK-2822,Group,Shared Experience,Wedding,Photography,Expense,2025-12-04,10:19:43,2025-12-04 10:19:43,27122.52,INR,-27122.52,APK Aarav,3,EQUAL,MAESTRO-APK-GROUP-WEDDING-2822 | Photography | 27122.52,Android,B57,HIGH_2501_3000,CREATED,idem-20260902-apk-2822
2823,MTR-APK-2823,Business,Business,Business Operations,Legal,Expense,2025-09-14,05:31:51,2025-09-14 05:31:51,134047.07,INR,-134047.07,APK Owner,,,MAESTRO-APK-BUSINESS-BUSINESS_OPERATIONS-2823 | Legal | 134047.07,Android,B57,HIGH_2501_3000,CREATED,idem-20260902-apk-2823
2824,MTR-APK-2824,Personal,Personal,Relationships,Friends,Expense,2026-01-24,10:08:45,2026-01-24 10:08:45,6172.8,INR,-6172.8,APK Owner,,,MAESTRO-APK-PERSONAL-RELATIONSHIPS-2824 | Friends | 6172.80,Android,B57,HIGH_2501_3000,CREATED,idem-20260902-apk-2824
2825,MTR-APK-2825,Group,Shared Experience,Wedding,Other,Expense,2026-03-19,15:11:00,2026-03-19 15:11:00,7832.98,INR,-7832.98,APK Meera,3,PERCENTAGE,MAESTRO-APK-GROUP-WEDDING-2825 | Other | 7832.98,Android,B57,HIGH_2501_3000,CREATED,idem-20260902-apk-2825
2826,MTR-APK-2826,Business,Business,Business Operations,Accounting,Expense,2025-12-23,15:22:37,2025-12-23 15:22:37,2091.02,INR,-2091.02,APK Owner,,,MAESTRO-APK-BUSINESS-BUSINESS_OPERATIONS-2826 | Accounting | 2091.02,Android,B57,HIGH_2501_3000,CREATED,idem-20260902-apk-2826
2827,MTR-APK-2827,Personal,Personal,Relationships,Celebrations,Expense,2025-12-18,22:48:29,2025-12-18 22:48:29,17234.71,INR,-17234.71,APK Owner,,,MAESTRO-APK-PERSONAL-RELATIONSHIPS-2827 | Celebrations | 17234.71,Android,B57,HIGH_2501_3000,CREATED,idem-20260902-apk-2827
2828,MTR-APK-2828,Group,Shared Experience,Office Outing,Food,Expense,2026-04-29,01:33:05,2026-04-29 01:33:05,27827.27,INR,-27827.27,APK Owner,3,EXACT,MAESTRO-APK-GROUP-OFFICE_OUTING-2828 | Food | 27827.27,Android,B57,HIGH_2501_3000,CREATED,idem-20260902-apk-2828
2829,MTR-APK-2829,Business,Business,Business Operations,Equipment,Expense,2025-10-23,14:47:16,2025-10-23 14:47:16,104690.52,INR,-104690.52,APK Owner,,,MAESTRO-APK-BUSINESS-BUSINESS_OPERATIONS-2829 | Equipment | 104690.52,Android,B57,HIGH_2501_3000,CREATED,idem-20260902-apk-2829
2830,MTR-APK-2830,Personal,Personal,Life Operations,Groceries,Expense,2026-03-12,18:25:15,2026-03-12 18:25:15,1685.11,INR,-1685.11,APK Owner,,,MAESTRO-APK-PERSONAL-LIFE_OPERATIONS-2830 | Groceries | 1685.11,Android,B57,HIGH_2501_3000,CREATED,idem-20260902-apk-2830
2831,MTR-APK-2831,Group,Shared Experience,Office Outing,Travel,Expense,2026-06-16,08:53:45,2026-06-16 08:53:45,12720.94,INR,-12720.94,APK Aarav,3,SHARES,MAESTRO-APK-GROUP-OFFICE_OUTING-2831 | Travel | 12720.94,Android,B57,HIGH_2501_3000,CREATED,idem-20260902-apk-2831
2832,MTR-APK-2832,Business,Business,Business Operations,Vendor,Expense,2025-11-25,20:44:12,2025-11-25 20:44:12,165998.69,INR,-165998.69,APK Owner,,,MAESTRO-APK-BUSINESS-BUSINESS_OPERATIONS-2832 | Vendor | 165998.69,Android,B57,HIGH_2501_3000,CREATED,idem-20260902-apk-2832
2833,MTR-APK-2833,Personal,Personal,Life Operations,Rent,Expense,2026-04-30,15:37:47,2026-04-30 15:37:47,5826.04,INR,-5826.04,APK Owner,,,MAESTRO-APK-PERSONAL-LIFE_OPERATIONS-2833 | Rent | 5826.04,Android,B57,HIGH_2501_3000,CREATED,idem-20260902-apk-2833
2834,MTR-APK-2834,Group,Shared Experience,Office Outing,Activities,Expense,2026-06-07,05:30:28,2026-06-07 05:30:28,22465.16,INR,-22465.16,APK Meera,3,EQUAL,MAESTRO-APK-GROUP-OFFICE_OUTING-2834 | Activities | 22465.16,Android,B57,HIGH_2501_3000,CREATED,idem-20260902-apk-2834
2835,MTR-APK-2835,Business,Business,Business Operations,Tax,Expense,2025-10-08,09:25:35,2025-10-08 09:25:35,101676.61,INR,-101676.61,APK Owner,,,MAESTRO-APK-BUSINESS-BUSINESS_OPERATIONS-2835 | Tax | 101676.61,Android,B57,HIGH_2501_3000,CREATED,idem-20260902-apk-2835
2836,MTR-APK-2836,Personal,Personal,Life Operations,Bills,Expense,2025-09-07,06:04:04,2025-09-07 06:04:04,10134.94,INR,-10134.94,APK Owner,,,MAESTRO-APK-PERSONAL-LIFE_OPERATIONS-2836 | Bills | 10134.94,Android,B57,HIGH_2501_3000,CREATED,idem-20260902-apk-2836
2837,MTR-APK-2837,Group,Shared Experience,Office Outing,Venue,Expense,2026-06-28,13:30:36,2026-06-28 13:30:36,8188.05,INR,-8188.05,APK Owner,3,PERCENTAGE,MAESTRO-APK-GROUP-OFFICE_OUTING-2837 | Venue | 8188.05,Android,B57,HIGH_2501_3000,CREATED,idem-20260902-apk-2837
2838,MTR-APK-2838,Business,Business,Team Operations,Payroll,Expense,2025-10-03,20:22:47,2025-10-03 20:22:47,104148.03,INR,-104148.03,APK Owner,,,MAESTRO-APK-BUSINESS-TEAM_OPERATIONS-2838 | Payroll | 104148.03,Android,B57,HIGH_2501_3000,CREATED,idem-20260902-apk-2838
2839,MTR-APK-2839,Personal,Personal,Life Operations,Transport,Expense,2025-12-03,11:02:43,2025-12-03 11:02:43,17272.1,INR,-17272.1,APK Owner,,,MAESTRO-APK-PERSONAL-LIFE_OPERATIONS-2839 | Transport | 17272.10,Android,B57,HIGH_2501_3000,CREATED,idem-20260902-apk-2839
2840,MTR-APK-2840,Group,Shared Experience,Office Outing,Other,Expense,2026-05-16,21:12:06,2026-05-16 21:12:06,18502.2,INR,-18502.2,APK Aarav,3,EXACT,MAESTRO-APK-GROUP-OFFICE_OUTING-2840 | Other | 18502.20,Android,B57,HIGH_2501_3000,CREATED,idem-20260902-apk-2840
2841,MTR-APK-2841,Business,Business,Team Operations,Contractor,Expense,2026-07-31,04:52:06,2026-07-31 04:52:06,80625.49,INR,-80625.49,APK Owner,,,MAESTRO-APK-BUSINESS-TEAM_OPERATIONS-2841 | Contractor | 80625.49,Android,B57,HIGH_2501_3000,CREATED,idem-20260902-apk-2841
2842,MTR-APK-2842,Personal,Personal,Life Operations,Healthcare,Expense,2025-10-20,15:43:48,2025-10-20 15:43:48,4870.08,INR,-4870.08,APK Owner,,,MAESTRO-APK-PERSONAL-LIFE_OPERATIONS-2842 | Healthcare | 4870.08,Android,B57,HIGH_2501_3000,CREATED,idem-20260902-apk-2842
2843,MTR-APK-2843,Group,Shared Experience,House Party,Food,Expense,2025-12-27,11:04:20,2025-12-27 11:04:20,7274.81,INR,-7274.81,APK Meera,3,SHARES,MAESTRO-APK-GROUP-HOUSE_PARTY-2843 | Food | 7274.81,Android,B57,HIGH_2501_3000,CREATED,idem-20260902-apk-2843
2844,MTR-APK-2844,Business,Business,Team Operations,Hiring,Expense,2026-04-18,17:18:35,2026-04-18 17:18:35,117654.38,INR,-117654.38,APK Owner,,,MAESTRO-APK-BUSINESS-TEAM_OPERATIONS-2844 | Hiring | 117654.38,Android,B57,HIGH_2501_3000,CREATED,idem-20260902-apk-2844
2845,MTR-APK-2845,Personal,Personal,Life Operations,Subscriptions,Expense,2026-07-18,16:47:07,2026-07-18 16:47:07,14800.45,INR,-14800.45,APK Owner,,,MAESTRO-APK-PERSONAL-LIFE_OPERATIONS-2845 | Subscriptions | 14800.45,Android,B57,HIGH_2501_3000,CREATED,idem-20260902-apk-2845
2846,MTR-APK-2846,Group,Shared Experience,House Party,Drinks,Expense,2025-09-18,21:36:22,2025-09-18 21:36:22,4822.74,INR,-4822.74,APK Owner,3,EQUAL,MAESTRO-APK-GROUP-HOUSE_PARTY-2846 | Drinks | 4822.74,Android,B57,HIGH_2501_3000,CREATED,idem-20260902-apk-2846
2847,MTR-APK-2847,Business,Business,Team Operations,Team Meal,Expense,2025-11-04,22:00:36,2025-11-04 22:00:36,61384.91,INR,-61384.91,APK Owner,,,MAESTRO-APK-BUSINESS-TEAM_OPERATIONS-2847 | Team Meal | 61384.91,Android,B57,HIGH_2501_3000,CREATED,idem-20260902-apk-2847
2848,MTR-APK-2848,Personal,Personal,Life Operations,Repairs,Expense,2026-03-19,13:26:02,2026-03-19 13:26:02,8260.31,INR,-8260.31,APK Owner,,,MAESTRO-APK-PERSONAL-LIFE_OPERATIONS-2848 | Repairs | 8260.31,Android,B57,HIGH_2501_3000,CREATED,idem-20260902-apk-2848
2849,MTR-APK-2849,Group,Shared Experience,House Party,Decor,Expense,2025-11-25,09:34:54,2025-11-25 09:34:54,10000.0,INR,-10000.0,APK Aarav,3,PERCENTAGE,MAESTRO-APK-GROUP-HOUSE_PARTY-2849 | Decor | 10000.00,Android,B57,HIGH_2501_3000,CREATED,idem-20260902-apk-2849
2850,MTR-APK-2850,Business,Business,Team Operations,Travel,Expense,2026-06-05,05:40:00,2026-06-05 05:40:00,42096.7,INR,-42096.7,APK Owner,,,MAESTRO-APK-BUSINESS-TEAM_OPERATIONS-2850 | Travel | 42096.70,Android,B57,HIGH_2501_3000,CREATED,idem-20260902-apk-2850
2851,MTR-APK-2851,Personal,Personal,Future Building,Savings,Transfer,2026-04-07,09:07:55,2026-04-07 09:07:55,9930.41,INR,0.0,APK Owner,,,MAESTRO-APK-PERSONAL-FUTURE_BUILDING-2851 | Savings | 9930.41,Android,B58,HIGH_2501_3000,CREATED,idem-20260902-apk-2851
2852,MTR-APK-2852,Group,Shared Experience,House Party,Supplies,Expense,2026-04-17,13:39:54,2026-04-17 13:39:54,27212.92,INR,-27212.92,APK Meera,3,EXACT,MAESTRO-APK-GROUP-HOUSE_PARTY-2852 | Supplies | 27212.92,Android,B58,HIGH_2501_3000,CREATED,idem-20260902-apk-2852
2853,MTR-APK-2853,Business,Business,Team Operations,Training,Expense,2026-06-10,17:33:35,2026-06-10 17:33:35,64945.09,INR,-64945.09,APK Owner,,,MAESTRO-APK-BUSINESS-TEAM_OPERATIONS-2853 | Training | 64945.09,Android,B58,HIGH_2501_3000,CREATED,idem-20260902-apk-2853
2854,MTR-APK-2854,Personal,Personal,Future Building,Emergency Fund,Transfer,2026-03-18,08:16:25,2026-03-18 08:16:25,1470.84,INR,0.0,APK Owner,,,MAESTRO-APK-PERSONAL-FUTURE_BUILDING-2854 | Emergency Fund | 1470.84,Android,B58,HIGH_2501_3000,CREATED,idem-20260902-apk-2854
2855,MTR-APK-2855,Group,Shared Experience,House Party,Other,Expense,2026-08-02,09:20:32,2026-08-02 09:20:32,8981.57,INR,-8981.57,APK Owner,3,SHARES,MAESTRO-APK-GROUP-HOUSE_PARTY-2855 | Other | 8981.57,Android,B58,HIGH_2501_3000,CREATED,idem-20260902-apk-2855
2856,MTR-APK-2856,Business,Business,Team Operations,Tools,Expense,2025-11-28,03:01:08,2025-11-28 03:01:08,127846.53,INR,-127846.53,APK Owner,,,MAESTRO-APK-BUSINESS-TEAM_OPERATIONS-2856 | Tools | 127846.53,Android,B58,HIGH_2501_3000,CREATED,idem-20260902-apk-2856
2857,MTR-APK-2857,Personal,Personal,Future Building,Investments,Investment,2025-10-22,21:14:04,2025-10-22 21:14:04,3853.36,INR,0.0,APK Owner,,,MAESTRO-APK-PERSONAL-FUTURE_BUILDING-2857 | Investments | 3853.36,Android,B58,HIGH_2501_3000,CREATED,idem-20260902-apk-2857
2858,MTR-APK-2858,Group,Shared Purchase,Gift Pool,Contribution,Contribution,2025-11-02,20:37:34,2025-11-02 20:37:34,3378.44,INR,3378.44,APK Aarav,3,EQUAL,MAESTRO-APK-GROUP-GIFT_POOL-2858 | Contribution | 3378.44,Android,B58,HIGH_2501_3000,CREATED,idem-20260902-apk-2858
2859,MTR-APK-2859,Business,Business,Business Runway,Funding,Income,2026-01-04,14:08:18,2026-01-04 14:08:18,148908.04,INR,148908.04,APK Owner,,,MAESTRO-APK-BUSINESS-BUSINESS_RUNWAY-2859 | Funding | 148908.04,Android,B58,HIGH_2501_3000,CREATED,idem-20260902-apk-2859
2860,MTR-APK-2860,Personal,Personal,Future Building,Education,Expense,2026-03-31,23:39:59,2026-03-31 23:39:59,959.26,INR,-959.26,APK Owner,,,MAESTRO-APK-PERSONAL-FUTURE_BUILDING-2860 | Education | 959.26,Android,B58,HIGH_2501_3000,CREATED,idem-20260902-apk-2860
2861,MTR-APK-2861,Group,Shared Purchase,Gift Pool,Gift Purchase,Expense,2026-06-06,13:36:40,2026-06-06 13:36:40,11883.29,INR,-11883.29,APK Meera,3,PERCENTAGE,MAESTRO-APK-GROUP-GIFT_POOL-2861 | Gift Purchase | 11883.29,Android,B58,HIGH_2501_3000,CREATED,idem-20260902-apk-2861
2862,MTR-APK-2862,Business,Business,Business Runway,Revenue,Income,2025-11-06,20:20:29,2025-11-06 20:20:29,92171.7,INR,92171.7,APK Owner,,,MAESTRO-APK-BUSINESS-BUSINESS_RUNWAY-2862 | Revenue | 92171.70,Android,B58,HIGH_2501_3000,CREATED,idem-20260902-apk-2862
2863,MTR-APK-2863,Personal,Personal,Future Building,Goal Contribution,Transfer,2026-03-27,19:14:15,2026-03-27 19:14:15,13736.26,INR,0.0,APK Owner,,,MAESTRO-APK-PERSONAL-FUTURE_BUILDING-2863 | Goal Contribution | 13736.26,Android,B58,HIGH_2501_3000,CREATED,idem-20260902-apk-2863
2864,MTR-APK-2864,Group,Shared Purchase,Gift Pool,Delivery,Expense,2026-02-18,02:23:32,2026-02-18 02:23:32,2560.13,INR,-2560.13,APK Owner,3,EXACT,MAESTRO-APK-GROUP-GIFT_POOL-2864 | Delivery | 2560.13,Android,B58,HIGH_2501_3000,CREATED,idem-20260902-apk-2864
2865,MTR-APK-2865,Business,Business,Business Runway,Burn,Expense,2025-10-21,23:31:34,2025-10-21 23:31:34,138304.23,INR,-138304.23,APK Owner,,,MAESTRO-APK-BUSINESS-BUSINESS_RUNWAY-2865 | Burn | 138304.23,Android,B58,HIGH_2501_3000,CREATED,idem-20260902-apk-2865
2866,MTR-APK-2866,Personal,Personal,Lifestyle,Dining,Expense,2025-11-03,04:53:45,2025-11-03 04:53:45,15957.09,INR,-15957.09,APK Owner,,,MAESTRO-APK-PERSONAL-LIFESTYLE-2866 | Dining | 15957.09,Android,B58,HIGH_2501_3000,CREATED,idem-20260902-apk-2866
2867,MTR-APK-2867,Group,Shared Purchase,Gift Pool,Other,Expense,2026-04-05,02:30:57,2026-04-05 02:30:57,20472.32,INR,-20472.32,APK Aarav,3,SHARES,MAESTRO-APK-GROUP-GIFT_POOL-2867 | Other | 20472.32,Android,B58,HIGH_2501_3000,CREATED,idem-20260902-apk-2867
2868,MTR-APK-2868,Business,Business,Business Runway,Reserve,Transfer,2025-10-25,11:53:57,2025-10-25 11:53:57,19137.25,INR,0.0,APK Owner,,,MAESTRO-APK-BUSINESS-BUSINESS_RUNWAY-2868 | Reserve | 19137.25,Android,B58,HIGH_2501_3000,CREATED,idem-20260902-apk-2868
2869,MTR-APK-2869,Personal,Personal,Lifestyle,Shopping,Expense,2026-02-17,23:01:52,2026-02-17 23:01:52,7244.6,INR,-7244.6,APK Owner,,,MAESTRO-APK-PERSONAL-LIFESTYLE-2869 | Shopping | 7244.60,Android,B58,HIGH_2501_3000,CREATED,idem-20260902-apk-2869
2870,MTR-APK-2870,Group,Shared Purchase,Purchase,Item,Expense,2025-10-09,13:35:06,2025-10-09 13:35:06,3480.88,INR,-3480.88,APK Meera,3,EQUAL,MAESTRO-APK-GROUP-PURCHASE-2870 | Item | 3480.88,Android,B58,HIGH_2501_3000,CREATED,idem-20260902-apk-2870
2871,MTR-APK-2871,Business,Business,Business Runway,Loan,Income,2025-12-07,20:19:46,2025-12-07 20:19:46,121223.76,INR,121223.76,APK Owner,,,MAESTRO-APK-BUSINESS-BUSINESS_RUNWAY-2871 | Loan | 121223.76,Android,B58,HIGH_2501_3000,CREATED,idem-20260902-apk-2871
2872,MTR-APK-2872,Personal,Personal,Lifestyle,Entertainment,Expense,2025-10-10,09:16:13,2025-10-10 09:16:13,5963.42,INR,-5963.42,APK Owner,,,MAESTRO-APK-PERSONAL-LIFESTYLE-2872 | Entertainment | 5963.42,Android,B58,HIGH_2501_3000,CREATED,idem-20260902-apk-2872
2873,MTR-APK-2873,Group,Shared Purchase,Purchase,Shipping,Expense,2026-03-02,14:54:37,2026-03-02 14:54:37,25164.38,INR,-25164.38,APK Owner,3,PERCENTAGE,MAESTRO-APK-GROUP-PURCHASE-2873 | Shipping | 25164.38,Android,B58,HIGH_2501_3000,CREATED,idem-20260902-apk-2873
2874,MTR-APK-2874,Business,Business,Business Runway,Investment,Income,2026-03-19,11:25:22,2026-03-19 11:25:22,128000.53,INR,128000.53,APK Owner,,,MAESTRO-APK-BUSINESS-BUSINESS_RUNWAY-2874 | Investment | 128000.53,Android,B58,HIGH_2501_3000,CREATED,idem-20260902-apk-2874
2875,MTR-APK-2875,Personal,Personal,Lifestyle,Travel,Expense,2026-05-07,03:03:14,2026-05-07 03:03:14,241.31,INR,-241.31,APK Owner,,,MAESTRO-APK-PERSONAL-LIFESTYLE-2875 | Travel | 241.31,Android,B58,HIGH_2501_3000,CREATED,idem-20260902-apk-2875
2876,MTR-APK-2876,Group,Shared Purchase,Purchase,Tax,Expense,2026-07-10,14:39:43,2026-07-10 14:39:43,22598.87,INR,-22598.87,APK Aarav,3,EXACT,MAESTRO-APK-GROUP-PURCHASE-2876 | Tax | 22598.87,Android,B58,HIGH_2501_3000,CREATED,idem-20260902-apk-2876
2877,MTR-APK-2877,Business,Business,Business Operations,Software,Expense,2026-07-19,04:11:06,2026-07-19 04:11:06,2840.66,INR,-2840.66,APK Owner,,,MAESTRO-APK-BUSINESS-BUSINESS_OPERATIONS-2877 | Software | 2840.66,Android,B58,HIGH_2501_3000,CREATED,idem-20260902-apk-2877
2878,MTR-APK-2878,Personal,Personal,Lifestyle,Fitness,Expense,2025-12-12,22:29:01,2025-12-12 22:29:01,12023.81,INR,-12023.81,APK Owner,,,MAESTRO-APK-PERSONAL-LIFESTYLE-2878 | Fitness | 12023.81,Android,B58,HIGH_2501_3000,CREATED,idem-20260902-apk-2878
2879,MTR-APK-2879,Group,Shared Purchase,Purchase,Other,Expense,2025-11-01,04:57:39,2025-11-01 04:57:39,15988.38,INR,-15988.38,APK Meera,3,SHARES,MAESTRO-APK-GROUP-PURCHASE-2879 | Other | 15988.38,Android,B58,HIGH_2501_3000,CREATED,idem-20260902-apk-2879
2880,MTR-APK-2880,Business,Business,Business Operations,Rent,Expense,2026-02-18,17:34:40,2026-02-18 17:34:40,159719.37,INR,-159719.37,APK Owner,,,MAESTRO-APK-BUSINESS-BUSINESS_OPERATIONS-2880 | Rent | 159719.37,Android,B58,HIGH_2501_3000,CREATED,idem-20260902-apk-2880
2881,MTR-APK-2881,Personal,Personal,Lifestyle,Hobbies,Expense,2026-07-25,00:25:43,2026-07-25 00:25:43,17822.57,INR,-17822.57,APK Owner,,,MAESTRO-APK-PERSONAL-LIFESTYLE-2881 | Hobbies | 17822.57,Android,B58,HIGH_2501_3000,CREATED,idem-20260902-apk-2881
2882,MTR-APK-2882,Group,Shared Purchase,Assets,Purchase,Expense,2026-06-16,22:47:20,2026-06-16 22:47:20,11878.21,INR,-11878.21,APK Owner,3,EQUAL,MAESTRO-APK-GROUP-ASSETS-2882 | Purchase | 11878.21,Android,B58,HIGH_2501_3000,CREATED,idem-20260902-apk-2882
2883,MTR-APK-2883,Business,Business,Business Operations,Marketing,Expense,2026-07-07,17:31:46,2026-07-07 17:31:46,14902.61,INR,-14902.61,APK Owner,,,MAESTRO-APK-BUSINESS-BUSINESS_OPERATIONS-2883 | Marketing | 14902.61,Android,B58,HIGH_2501_3000,CREATED,idem-20260902-apk-2883
2884,MTR-APK-2884,Personal,Personal,Relationships,Gifts,Expense,2026-07-10,21:15:46,2026-07-10 21:15:46,4811.96,INR,-4811.96,APK Owner,,,MAESTRO-APK-PERSONAL-RELATIONSHIPS-2884 | Gifts | 4811.96,Android,B58,HIGH_2501_3000,CREATED,idem-20260902-apk-2884
2885,MTR-APK-2885,Group,Shared Purchase,Assets,Maintenance,Expense,2026-05-27,14:00:12,2026-05-27 14:00:12,23574.49,INR,-23574.49,APK Aarav,3,PERCENTAGE,MAESTRO-APK-GROUP-ASSETS-2885 | Maintenance | 23574.49,Android,B58,HIGH_2501_3000,CREATED,idem-20260902-apk-2885
2886,MTR-APK-2886,Business,Business,Business Operations,Legal,Expense,2025-09-14,23:43:17,2025-09-14 23:43:17,0.01,INR,-0.01,APK Owner,,,MAESTRO-APK-BUSINESS-BUSINESS_OPERATIONS-2886 | Legal | 0.01,Android,B58,HIGH_2501_3000,CREATED,idem-20260902-apk-2886
2887,MTR-APK-2887,Personal,Personal,Relationships,Dates,Expense,2026-08-26,07:52:19,2026-08-26 07:52:19,3688.93,INR,-3688.93,APK Owner,,,MAESTRO-APK-PERSONAL-RELATIONSHIPS-2887 | Dates | 3688.93,Android,B58,HIGH_2501_3000,CREATED,idem-20260902-apk-2887
2888,MTR-APK-2888,Group,Shared Purchase,Assets,Repair,Expense,2026-04-17,16:47:13,2026-04-17 16:47:13,2519.91,INR,-2519.91,APK Meera,3,EXACT,MAESTRO-APK-GROUP-ASSETS-2888 | Repair | 2519.91,Android,B58,HIGH_2501_3000,CREATED,idem-20260902-apk-2888
2889,MTR-APK-2889,Business,Business,Business Operations,Accounting,Expense,2026-08-15,18:31:37,2026-08-15 18:31:37,154722.81,INR,-154722.81,APK Owner,,,MAESTRO-APK-BUSINESS-BUSINESS_OPERATIONS-2889 | Accounting | 154722.81,Android,B58,HIGH_2501_3000,CREATED,idem-20260902-apk-2889
2890,MTR-APK-2890,Personal,Personal,Relationships,Family,Expense,2026-08-31,01:08:19,2026-08-31 01:08:19,6701.0,INR,-6701.0,APK Owner,,,MAESTRO-APK-PERSONAL-RELATIONSHIPS-2890 | Family | 6701.00,Android,B58,HIGH_2501_3000,CREATED,idem-20260902-apk-2890
2891,MTR-APK-2891,Group,Shared Purchase,Assets,Insurance,Expense,2026-04-20,06:42:56,2026-04-20 06:42:56,3519.68,INR,-3519.68,APK Owner,3,SHARES,MAESTRO-APK-GROUP-ASSETS-2891 | Insurance | 3519.68,Android,B58,HIGH_2501_3000,CREATED,idem-20260902-apk-2891
2892,MTR-APK-2892,Business,Business,Business Operations,Equipment,Expense,2026-07-04,12:17:30,2026-07-04 12:17:30,65488.19,INR,-65488.19,APK Owner,,,MAESTRO-APK-BUSINESS-BUSINESS_OPERATIONS-2892 | Equipment | 65488.19,Android,B58,HIGH_2501_3000,CREATED,idem-20260902-apk-2892
2893,MTR-APK-2893,Personal,Personal,Relationships,Friends,Expense,2026-08-13,02:08:29,2026-08-13 02:08:29,9557.51,INR,-9557.51,APK Owner,,,MAESTRO-APK-PERSONAL-RELATIONSHIPS-2893 | Friends | 9557.51,Android,B58,HIGH_2501_3000,CREATED,idem-20260902-apk-2893
2894,MTR-APK-2894,Group,Shared Purchase,Assets,Other,Expense,2026-06-02,07:15:25,2026-06-02 07:15:25,13849.91,INR,-13849.91,APK Aarav,3,EQUAL,MAESTRO-APK-GROUP-ASSETS-2894 | Other | 13849.91,Android,B58,HIGH_2501_3000,CREATED,idem-20260902-apk-2894
2895,MTR-APK-2895,Business,Business,Business Operations,Vendor,Expense,2026-06-30,08:28:42,2026-06-30 08:28:42,144292.25,INR,-144292.25,APK Owner,,,MAESTRO-APK-BUSINESS-BUSINESS_OPERATIONS-2895 | Vendor | 144292.25,Android,B58,HIGH_2501_3000,CREATED,idem-20260902-apk-2895
2896,MTR-APK-2896,Personal,Personal,Relationships,Celebrations,Expense,2026-05-19,03:06:24,2026-05-19 03:06:24,11931.85,INR,-11931.85,APK Owner,,,MAESTRO-APK-PERSONAL-RELATIONSHIPS-2896 | Celebrations | 11931.85,Android,B58,HIGH_2501_3000,CREATED,idem-20260902-apk-2896
2897,MTR-APK-2897,Group,Shared Purchase,Custom Purchase,Custom Expense,Expense,2025-11-12,03:04:01,2025-11-12 03:04:01,8135.1,INR,-8135.1,APK Meera,3,PERCENTAGE,MAESTRO-APK-GROUP-CUSTOM_PURCHASE-2897 | Custom Expense | 8135.10,Android,B58,HIGH_2501_3000,CREATED,idem-20260902-apk-2897
2898,MTR-APK-2898,Business,Business,Business Operations,Tax,Expense,2025-11-03,02:06:22,2025-11-03 02:06:22,96254.42,INR,-96254.42,APK Owner,,,MAESTRO-APK-BUSINESS-BUSINESS_OPERATIONS-2898 | Tax | 96254.42,Android,B58,HIGH_2501_3000,CREATED,idem-20260902-apk-2898
2899,MTR-APK-2899,Personal,Personal,Life Operations,Groceries,Expense,2025-11-07,23:59:53,2025-11-07 23:59:53,1970.17,INR,-1970.17,APK Owner,,,MAESTRO-APK-PERSONAL-LIFE_OPERATIONS-2899 | Groceries | 1970.17,Android,B58,HIGH_2501_3000,CREATED,idem-20260902-apk-2899
2900,MTR-APK-2900,Group,Shared Purchase,Custom Purchase,Custom Contribution,Contribution,2025-12-26,20:29:46,2025-12-26 20:29:46,18508.22,INR,18508.22,APK Owner,3,EXACT,MAESTRO-APK-GROUP-CUSTOM_PURCHASE-2900 | Custom Contribution | 18508.22,Android,B58,HIGH_2501_3000,CREATED,idem-20260902-apk-2900
2901,MTR-APK-2901,Business,Business,Team Operations,Payroll,Expense,2026-06-09,08:08:02,2026-06-09 08:08:02,423.49,INR,-423.49,APK Owner,,,MAESTRO-APK-BUSINESS-TEAM_OPERATIONS-2901 | Payroll | 423.49,Android,B59,HIGH_2501_3000,CREATED,idem-20260902-apk-2901
2902,MTR-APK-2902,Personal,Personal,Life Operations,Rent,Expense,2026-02-16,08:14:50,2026-02-16 08:14:50,9590.91,INR,-9590.91,APK Owner,,,MAESTRO-APK-PERSONAL-LIFE_OPERATIONS-2902 | Rent | 9590.91,Android,B59,HIGH_2501_3000,CREATED,idem-20260902-apk-2902
2903,MTR-APK-2903,Group,Shared Living,Flatmates,Rent,Expense,2025-11-08,19:41:04,2025-11-08 19:41:04,12643.79,INR,-12643.79,APK Aarav,3,SHARES,MAESTRO-APK-GROUP-FLATMATES-2903 | Rent | 12643.79,Android,B59,HIGH_2501_3000,CREATED,idem-20260902-apk-2903
2904,MTR-APK-2904,Business,Business,Team Operations,Contractor,Expense,2025-10-09,11:59:31,2025-10-09 11:59:31,66141.31,INR,-66141.31,APK Owner,,,MAESTRO-APK-BUSINESS-TEAM_OPERATIONS-2904 | Contractor | 66141.31,Android,B59,HIGH_2501_3000,CREATED,idem-20260902-apk-2904
2905,MTR-APK-2905,Personal,Personal,Life Operations,Bills,Expense,2026-01-19,19:56:20,2026-01-19 19:56:20,10092.44,INR,-10092.44,APK Owner,,,MAESTRO-APK-PERSONAL-LIFE_OPERATIONS-2905 | Bills | 10092.44,Android,B59,HIGH_2501_3000,CREATED,idem-20260902-apk-2905
2906,MTR-APK-2906,Group,Shared Living,Flatmates,Utilities,Expense,2026-05-06,06:47:47,2026-05-06 06:47:47,6539.57,INR,-6539.57,APK Meera,3,EQUAL,MAESTRO-APK-GROUP-FLATMATES-2906 | Utilities | 6539.57,Android,B59,HIGH_2501_3000,CREATED,idem-20260902-apk-2906
2907,MTR-APK-2907,Business,Business,Team Operations,Hiring,Expense,2026-03-19,05:47:29,2026-03-19 05:47:29,89423.07,INR,-89423.07,APK Owner,,,MAESTRO-APK-BUSINESS-TEAM_OPERATIONS-2907 | Hiring | 89423.07,Android,B59,HIGH_2501_3000,CREATED,idem-20260902-apk-2907
2908,MTR-APK-2908,Personal,Personal,Life Operations,Transport,Expense,2025-12-31,18:43:07,2025-12-31 18:43:07,6653.51,INR,-6653.51,APK Owner,,,MAESTRO-APK-PERSONAL-LIFE_OPERATIONS-2908 | Transport | 6653.51,Android,B59,HIGH_2501_3000,CREATED,idem-20260902-apk-2908
2909,MTR-APK-2909,Group,Shared Living,Flatmates,Groceries,Expense,2025-11-19,01:42:59,2025-11-19 01:42:59,16930.75,INR,-16930.75,APK Owner,3,PERCENTAGE,MAESTRO-APK-GROUP-FLATMATES-2909 | Groceries | 16930.75,Android,B59,HIGH_2501_3000,CREATED,idem-20260902-apk-2909
2910,MTR-APK-2910,Business,Business,Team Operations,Team Meal,Expense,2026-04-15,21:05:21,2026-04-15 21:05:21,52670.69,INR,-52670.69,APK Owner,,,MAESTRO-APK-BUSINESS-TEAM_OPERATIONS-2910 | Team Meal | 52670.69,Android,B59,HIGH_2501_3000,CREATED,idem-20260902-apk-2910
2911,MTR-APK-2911,Personal,Personal,Life Operations,Healthcare,Expense,2026-02-11,11:46:27,2026-02-11 11:46:27,11722.42,INR,-11722.42,APK Owner,,,MAESTRO-APK-PERSONAL-LIFE_OPERATIONS-2911 | Healthcare | 11722.42,Android,B59,HIGH_2501_3000,CREATED,idem-20260902-apk-2911
2912,MTR-APK-2912,Group,Shared Living,Flatmates,Internet,Expense,2026-06-10,22:22:08,2026-06-10 22:22:08,4989.27,INR,-4989.27,APK Aarav,3,EXACT,MAESTRO-APK-GROUP-FLATMATES-2912 | Internet | 4989.27,Android,B59,HIGH_2501_3000,CREATED,idem-20260902-apk-2912
2913,MTR-APK-2913,Business,Business,Team Operations,Travel,Expense,2026-01-15,06:11:53,2026-01-15 06:11:53,114170.49,INR,-114170.49,APK Owner,,,MAESTRO-APK-BUSINESS-TEAM_OPERATIONS-2913 | Travel | 114170.49,Android,B59,HIGH_2501_3000,CREATED,idem-20260902-apk-2913
2914,MTR-APK-2914,Personal,Personal,Life Operations,Subscriptions,Expense,2025-11-19,18:28:38,2025-11-19 18:28:38,13717.72,INR,-13717.72,APK Owner,,,MAESTRO-APK-PERSONAL-LIFE_OPERATIONS-2914 | Subscriptions | 13717.72,Android,B59,HIGH_2501_3000,CREATED,idem-20260902-apk-2914
2915,MTR-APK-2915,Group,Shared Living,Flatmates,House Supplies,Expense,2026-08-14,12:29:52,2026-08-14 12:29:52,29420.11,INR,-29420.11,APK Meera,3,SHARES,MAESTRO-APK-GROUP-FLATMATES-2915 | House Supplies | 29420.11,Android,B59,HIGH_2501_3000,CREATED,idem-20260902-apk-2915
2916,MTR-APK-2916,Business,Business,Team Operations,Training,Expense,2026-03-10,10:13:58,2026-03-10 10:13:58,116512.79,INR,-116512.79,APK Owner,,,MAESTRO-APK-BUSINESS-TEAM_OPERATIONS-2916 | Training | 116512.79,Android,B59,HIGH_2501_3000,CREATED,idem-20260902-apk-2916
2917,MTR-APK-2917,Personal,Personal,Life Operations,Repairs,Expense,2026-05-18,05:49:30,2026-05-18 05:49:30,7414.94,INR,-7414.94,APK Owner,,,MAESTRO-APK-PERSONAL-LIFE_OPERATIONS-2917 | Repairs | 7414.94,Android,B59,HIGH_2501_3000,CREATED,idem-20260902-apk-2917
2918,MTR-APK-2918,Group,Shared Living,Flatmates,Repairs,Expense,2026-04-08,20:12:21,2026-04-08 20:12:21,9850.17,INR,-9850.17,APK Owner,3,EQUAL,MAESTRO-APK-GROUP-FLATMATES-2918 | Repairs | 9850.17,Android,B59,HIGH_2501_3000,CREATED,idem-20260902-apk-2918
2919,MTR-APK-2919,Business,Business,Team Operations,Tools,Expense,2026-02-15,09:11:04,2026-02-15 09:11:04,20553.08,INR,-20553.08,APK Owner,,,MAESTRO-APK-BUSINESS-TEAM_OPERATIONS-2919 | Tools | 20553.08,Android,B59,HIGH_2501_3000,CREATED,idem-20260902-apk-2919
2920,MTR-APK-2920,Personal,Personal,Future Building,Savings,Transfer,2026-06-16,05:28:16,2026-06-16 05:28:16,7488.56,INR,0.0,APK Owner,,,MAESTRO-APK-PERSONAL-FUTURE_BUILDING-2920 | Savings | 7488.56,Android,B59,HIGH_2501_3000,CREATED,idem-20260902-apk-2920
2921,MTR-APK-2921,Group,Shared Living,Shared Living,Rent,Expense,2025-11-08,01:22:42,2025-11-08 01:22:42,1858.98,INR,-1858.98,APK Aarav,3,PERCENTAGE,MAESTRO-APK-GROUP-SHARED_LIVING-2921 | Rent | 1858.98,Android,B59,HIGH_2501_3000,CREATED,idem-20260902-apk-2921
2922,MTR-APK-2922,Business,Business,Business Runway,Funding,Income,2025-10-18,13:27:48,2025-10-18 13:27:48,135871.55,INR,135871.55,APK Owner,,,MAESTRO-APK-BUSINESS-BUSINESS_RUNWAY-2922 | Funding | 135871.55,Android,B59,HIGH_2501_3000,CREATED,idem-20260902-apk-2922
2923,MTR-APK-2923,Personal,Personal,Future Building,Emergency Fund,Transfer,2026-08-07,07:31:03,2026-08-07 07:31:03,1.0,INR,0.0,APK Owner,,,MAESTRO-APK-PERSONAL-FUTURE_BUILDING-2923 | Emergency Fund | 1.00,Android,B59,HIGH_2501_3000,CREATED,idem-20260902-apk-2923
2924,MTR-APK-2924,Group,Shared Living,Shared Living,Utilities,Expense,2026-08-08,14:04:50,2026-08-08 14:04:50,13193.11,INR,-13193.11,APK Meera,3,EXACT,MAESTRO-APK-GROUP-SHARED_LIVING-2924 | Utilities | 13193.11,Android,B59,HIGH_2501_3000,CREATED,idem-20260902-apk-2924
2925,MTR-APK-2925,Business,Business,Business Runway,Revenue,Income,2026-07-20,02:09:17,2026-07-20 02:09:17,64754.87,INR,64754.87,APK Owner,,,MAESTRO-APK-BUSINESS-BUSINESS_RUNWAY-2925 | Revenue | 64754.87,Android,B59,HIGH_2501_3000,CREATED,idem-20260902-apk-2925
2926,MTR-APK-2926,Personal,Personal,Future Building,Investments,Investment,2025-09-08,05:05:33,2025-09-08 05:05:33,14473.2,INR,0.0,APK Owner,,,MAESTRO-APK-PERSONAL-FUTURE_BUILDING-2926 | Investments | 14473.20,Android,B59,HIGH_2501_3000,CREATED,idem-20260902-apk-2926
2927,MTR-APK-2927,Group,Shared Living,Shared Living,Groceries,Expense,2026-04-27,15:51:35,2026-04-27 15:51:35,24864.79,INR,-24864.79,APK Owner,3,SHARES,MAESTRO-APK-GROUP-SHARED_LIVING-2927 | Groceries | 24864.79,Android,B59,HIGH_2501_3000,CREATED,idem-20260902-apk-2927
2928,MTR-APK-2928,Business,Business,Business Runway,Burn,Expense,2026-02-23,01:10:32,2026-02-23 01:10:32,69662.45,INR,-69662.45,APK Owner,,,MAESTRO-APK-BUSINESS-BUSINESS_RUNWAY-2928 | Burn | 69662.45,Android,B59,HIGH_2501_3000,CREATED,idem-20260902-apk-2928
2929,MTR-APK-2929,Personal,Personal,Future Building,Education,Expense,2025-09-30,23:39:16,2025-09-30 23:39:16,13049.92,INR,-13049.92,APK Owner,,,MAESTRO-APK-PERSONAL-FUTURE_BUILDING-2929 | Education | 13049.92,Android,B59,HIGH_2501_3000,CREATED,idem-20260902-apk-2929
2930,MTR-APK-2930,Group,Shared Living,Shared Living,Maintenance,Expense,2026-06-16,13:07:32,2026-06-16 13:07:32,14902.83,INR,-14902.83,APK Aarav,3,EQUAL,MAESTRO-APK-GROUP-SHARED_LIVING-2930 | Maintenance | 14902.83,Android,B59,HIGH_2501_3000,CREATED,idem-20260902-apk-2930
2931,MTR-APK-2931,Business,Business,Business Runway,Reserve,Transfer,2026-05-28,16:44:49,2026-05-28 16:44:49,118702.12,INR,0.0,APK Owner,,,MAESTRO-APK-BUSINESS-BUSINESS_RUNWAY-2931 | Reserve | 118702.12,Android,B59,HIGH_2501_3000,CREATED,idem-20260902-apk-2931
2932,MTR-APK-2932,Personal,Personal,Future Building,Goal Contribution,Transfer,2026-07-28,07:32:33,2026-07-28 07:32:33,8645.03,INR,0.0,APK Owner,,,MAESTRO-APK-PERSONAL-FUTURE_BUILDING-2932 | Goal Contribution | 8645.03,Android,B59,HIGH_2501_3000,CREATED,idem-20260902-apk-2932
2933,MTR-APK-2933,Group,Shared Living,Shared Living,Other,Expense,2026-03-10,23:19:04,2026-03-10 23:19:04,26498.53,INR,-26498.53,APK Meera,3,PERCENTAGE,MAESTRO-APK-GROUP-SHARED_LIVING-2933 | Other | 26498.53,Android,B59,HIGH_2501_3000,CREATED,idem-20260902-apk-2933
2934,MTR-APK-2934,Business,Business,Business Runway,Loan,Income,2026-01-13,02:43:38,2026-01-13 02:43:38,162547.55,INR,162547.55,APK Owner,,,MAESTRO-APK-BUSINESS-BUSINESS_RUNWAY-2934 | Loan | 162547.55,Android,B59,HIGH_2501_3000,CREATED,idem-20260902-apk-2934
2935,MTR-APK-2935,Personal,Personal,Lifestyle,Dining,Expense,2026-06-25,20:06:58,2026-06-25 20:06:58,2988.18,INR,-2988.18,APK Owner,,,MAESTRO-APK-PERSONAL-LIFESTYLE-2935 | Dining | 2988.18,Android,B59,HIGH_2501_3000,CREATED,idem-20260902-apk-2935
2936,MTR-APK-2936,Group,Shared Living,Family Household,Rent,Expense,2025-09-20,10:25:54,2025-09-20 10:25:54,26119.1,INR,-26119.1,APK Owner,3,EXACT,MAESTRO-APK-GROUP-FAMILY_HOUSEHOLD-2936 | Rent | 26119.10,Android,B59,HIGH_2501_3000,CREATED,idem-20260902-apk-2936
2937,MTR-APK-2937,Business,Business,Business Runway,Investment,Income,2026-03-28,17:12:50,2026-03-28 17:12:50,166426.28,INR,166426.28,APK Owner,,,MAESTRO-APK-BUSINESS-BUSINESS_RUNWAY-2937 | Investment | 166426.28,Android,B59,HIGH_2501_3000,CREATED,idem-20260902-apk-2937
2938,MTR-APK-2938,Personal,Personal,Lifestyle,Shopping,Expense,2026-04-03,13:27:01,2026-04-03 13:27:01,19145.89,INR,-19145.89,APK Owner,,,MAESTRO-APK-PERSONAL-LIFESTYLE-2938 | Shopping | 19145.89,Android,B59,HIGH_2501_3000,CREATED,idem-20260902-apk-2938
2939,MTR-APK-2939,Group,Shared Living,Family Household,Groceries,Expense,2026-08-30,02:40:01,2026-08-30 02:40:01,13838.2,INR,-13838.2,APK Aarav,3,SHARES,MAESTRO-APK-GROUP-FAMILY_HOUSEHOLD-2939 | Groceries | 13838.20,Android,B59,HIGH_2501_3000,CREATED,idem-20260902-apk-2939
2940,MTR-APK-2940,Business,Business,Business Operations,Software,Expense,2026-08-31,23:20:34,2026-08-31 23:20:34,126602.49,INR,-126602.49,APK Owner,,,MAESTRO-APK-BUSINESS-BUSINESS_OPERATIONS-2940 | Software | 126602.49,Android,B59,HIGH_2501_3000,CREATED,idem-20260902-apk-2940
2941,MTR-APK-2941,Personal,Personal,Lifestyle,Entertainment,Expense,2025-11-02,23:21:19,2025-11-02 23:21:19,890.93,INR,-890.93,APK Owner,,,MAESTRO-APK-PERSONAL-LIFESTYLE-2941 | Entertainment | 890.93,Android,B59,HIGH_2501_3000,CREATED,idem-20260902-apk-2941
2942,MTR-APK-2942,Group,Shared Living,Family Household,Transport,Expense,2026-07-31,16:09:33,2026-07-31 16:09:33,14845.53,INR,-14845.53,APK Meera,3,EQUAL,MAESTRO-APK-GROUP-FAMILY_HOUSEHOLD-2942 | Transport | 14845.53,Android,B59,HIGH_2501_3000,CREATED,idem-20260902-apk-2942
2943,MTR-APK-2943,Business,Business,Business Operations,Rent,Expense,2025-11-12,07:58:30,2025-11-12 07:58:30,48648.92,INR,-48648.92,APK Owner,,,MAESTRO-APK-BUSINESS-BUSINESS_OPERATIONS-2943 | Rent | 48648.92,Android,B59,HIGH_2501_3000,CREATED,idem-20260902-apk-2943
2944,MTR-APK-2944,Personal,Personal,Lifestyle,Travel,Expense,2026-01-15,17:44:40,2026-01-15 17:44:40,10446.17,INR,-10446.17,APK Owner,,,MAESTRO-APK-PERSONAL-LIFESTYLE-2944 | Travel | 10446.17,Android,B59,HIGH_2501_3000,CREATED,idem-20260902-apk-2944
2945,MTR-APK-2945,Group,Shared Living,Family Household,Bills,Expense,2025-09-20,23:27:39,2025-09-20 23:27:39,8621.35,INR,-8621.35,APK Owner,3,PERCENTAGE,MAESTRO-APK-GROUP-FAMILY_HOUSEHOLD-2945 | Bills | 8621.35,Android,B59,HIGH_2501_3000,CREATED,idem-20260902-apk-2945
2946,MTR-APK-2946,Business,Business,Business Operations,Marketing,Expense,2025-10-17,12:39:23,2025-10-17 12:39:23,115157.7,INR,-115157.7,APK Owner,,,MAESTRO-APK-BUSINESS-BUSINESS_OPERATIONS-2946 | Marketing | 115157.70,Android,B59,HIGH_2501_3000,CREATED,idem-20260902-apk-2946
2947,MTR-APK-2947,Personal,Personal,Lifestyle,Fitness,Expense,2026-07-20,21:25:37,2026-07-20 21:25:37,47.57,INR,-47.57,APK Owner,,,MAESTRO-APK-PERSONAL-LIFESTYLE-2947 | Fitness | 47.57,Android,B59,HIGH_2501_3000,CREATED,idem-20260902-apk-2947
2948,MTR-APK-2948,Group,Shared Living,Family Household,Utilities,Expense,2026-04-13,16:15:48,2026-04-13 16:15:48,7142.48,INR,-7142.48,APK Aarav,3,EXACT,MAESTRO-APK-GROUP-FAMILY_HOUSEHOLD-2948 | Utilities | 7142.48,Android,B59,HIGH_2501_3000,CREATED,idem-20260902-apk-2948
2949,MTR-APK-2949,Business,Business,Business Operations,Legal,Expense,2026-05-14,01:25:25,2026-05-14 01:25:25,100737.91,INR,-100737.91,APK Owner,,,MAESTRO-APK-BUSINESS-BUSINESS_OPERATIONS-2949 | Legal | 100737.91,Android,B59,HIGH_2501_3000,CREATED,idem-20260902-apk-2949
2950,MTR-APK-2950,Personal,Personal,Lifestyle,Hobbies,Expense,2026-04-23,06:47:57,2026-04-23 06:47:57,13413.37,INR,-13413.37,APK Owner,,,MAESTRO-APK-PERSONAL-LIFESTYLE-2950 | Hobbies | 13413.37,Android,B59,HIGH_2501_3000,CREATED,idem-20260902-apk-2950
2951,MTR-APK-2951,Group,Shared Living,Family Household,Healthcare,Expense,2025-11-13,13:59:26,2025-11-13 13:59:26,18091.88,INR,-18091.88,APK Meera,3,SHARES,MAESTRO-APK-GROUP-FAMILY_HOUSEHOLD-2951 | Healthcare | 18091.88,Android,B60,HIGH_2501_3000,CREATED,idem-20260902-apk-2951
2952,MTR-APK-2952,Business,Business,Business Operations,Accounting,Expense,2026-04-27,16:08:01,2026-04-27 16:08:01,95579.74,INR,-95579.74,APK Owner,,,MAESTRO-APK-BUSINESS-BUSINESS_OPERATIONS-2952 | Accounting | 95579.74,Android,B60,HIGH_2501_3000,CREATED,idem-20260902-apk-2952
2953,MTR-APK-2953,Personal,Personal,Relationships,Gifts,Expense,2025-10-05,13:31:18,2025-10-05 13:31:18,12249.45,INR,-12249.45,APK Owner,,,MAESTRO-APK-PERSONAL-RELATIONSHIPS-2953 | Gifts | 12249.45,Android,B60,HIGH_2501_3000,CREATED,idem-20260902-apk-2953
2954,MTR-APK-2954,Group,Shared Living,Custom Living,Custom Expense,Expense,2025-09-25,02:54:58,2025-09-25 02:54:58,23598.67,INR,-23598.67,APK Owner,3,EQUAL,MAESTRO-APK-GROUP-CUSTOM_LIVING-2954 | Custom Expense | 23598.67,Android,B60,HIGH_2501_3000,CREATED,idem-20260902-apk-2954
2955,MTR-APK-2955,Business,Business,Business Operations,Equipment,Expense,2026-03-05,03:48:51,2026-03-05 03:48:51,59890.69,INR,-59890.69,APK Owner,,,MAESTRO-APK-BUSINESS-BUSINESS_OPERATIONS-2955 | Equipment | 59890.69,Android,B60,HIGH_2501_3000,CREATED,idem-20260902-apk-2955
2956,MTR-APK-2956,Personal,Personal,Relationships,Dates,Expense,2025-11-30,13:36:17,2025-11-30 13:36:17,6852.67,INR,-6852.67,APK Owner,,,MAESTRO-APK-PERSONAL-RELATIONSHIPS-2956 | Dates | 6852.67,Android,B60,HIGH_2501_3000,CREATED,idem-20260902-apk-2956
2957,MTR-APK-2957,Group,Shared Living,Custom Living,Custom Contribution,Contribution,2026-05-08,13:26:43,2026-05-08 13:26:43,19850.03,INR,19850.03,APK Aarav,3,PERCENTAGE,MAESTRO-APK-GROUP-CUSTOM_LIVING-2957 | Custom Contribution | 19850.03,Android,B60,HIGH_2501_3000,CREATED,idem-20260902-apk-2957
2958,MTR-APK-2958,Business,Business,Business Operations,Vendor,Expense,2026-04-10,17:31:59,2026-04-10 17:31:59,168068.6,INR,-168068.6,APK Owner,,,MAESTRO-APK-BUSINESS-BUSINESS_OPERATIONS-2958 | Vendor | 168068.60,Android,B60,HIGH_2501_3000,CREATED,idem-20260902-apk-2958
2959,MTR-APK-2959,Personal,Personal,Relationships,Family,Expense,2026-04-21,11:13:29,2026-04-21 11:13:29,2578.08,INR,-2578.08,APK Owner,,,MAESTRO-APK-PERSONAL-RELATIONSHIPS-2959 | Family | 2578.08,Android,B60,HIGH_2501_3000,CREATED,idem-20260902-apk-2959
2960,MTR-APK-2960,Group,Shared Experience,Trip,Travel,Expense,2025-10-10,09:15:58,2025-10-10 09:15:58,99.99,INR,-99.99,APK Meera,3,EXACT,MAESTRO-APK-GROUP-TRIP-2960 | Travel | 99.99,Android,B60,HIGH_2501_3000,CREATED,idem-20260902-apk-2960
2961,MTR-APK-2961,Business,Business,Business Operations,Tax,Expense,2026-01-22,19:28:37,2026-01-22 19:28:37,136290.59,INR,-136290.59,APK Owner,,,MAESTRO-APK-BUSINESS-BUSINESS_OPERATIONS-2961 | Tax | 136290.59,Android,B60,HIGH_2501_3000,CREATED,idem-20260902-apk-2961
2962,MTR-APK-2962,Personal,Personal,Relationships,Friends,Expense,2026-05-17,10:10:51,2026-05-17 10:10:51,12836.64,INR,-12836.64,APK Owner,,,MAESTRO-APK-PERSONAL-RELATIONSHIPS-2962 | Friends | 12836.64,Android,B60,HIGH_2501_3000,CREATED,idem-20260902-apk-2962
2963,MTR-APK-2963,Group,Shared Experience,Trip,Stay,Expense,2026-02-15,07:15:01,2026-02-15 07:15:01,19812.88,INR,-19812.88,APK Owner,3,SHARES,MAESTRO-APK-GROUP-TRIP-2963 | Stay | 19812.88,Android,B60,HIGH_2501_3000,CREATED,idem-20260902-apk-2963
2964,MTR-APK-2964,Business,Business,Team Operations,Payroll,Expense,2026-06-13,19:56:23,2026-06-13 19:56:23,142992.12,INR,-142992.12,APK Owner,,,MAESTRO-APK-BUSINESS-TEAM_OPERATIONS-2964 | Payroll | 142992.12,Android,B60,HIGH_2501_3000,CREATED,idem-20260902-apk-2964
2965,MTR-APK-2965,Personal,Personal,Relationships,Celebrations,Expense,2025-09-21,22:18:21,2025-09-21 22:18:21,6016.16,INR,-6016.16,APK Owner,,,MAESTRO-APK-PERSONAL-RELATIONSHIPS-2965 | Celebrations | 6016.16,Android,B60,HIGH_2501_3000,CREATED,idem-20260902-apk-2965
2966,MTR-APK-2966,Group,Shared Experience,Trip,Food,Expense,2026-08-22,02:50:07,2026-08-22 02:50:07,4152.16,INR,-4152.16,APK Aarav,3,EQUAL,MAESTRO-APK-GROUP-TRIP-2966 | Food | 4152.16,Android,B60,HIGH_2501_3000,CREATED,idem-20260902-apk-2966
2967,MTR-APK-2967,Business,Business,Team Operations,Contractor,Expense,2026-07-04,12:46:17,2026-07-04 12:46:17,124016.47,INR,-124016.47,APK Owner,,,MAESTRO-APK-BUSINESS-TEAM_OPERATIONS-2967 | Contractor | 124016.47,Android,B60,HIGH_2501_3000,CREATED,idem-20260902-apk-2967
2968,MTR-APK-2968,Personal,Personal,Life Operations,Groceries,Expense,2026-04-11,22:16:07,2026-04-11 22:16:07,11730.46,INR,-11730.46,APK Owner,,,MAESTRO-APK-PERSONAL-LIFE_OPERATIONS-2968 | Groceries | 11730.46,Android,B60,HIGH_2501_3000,CREATED,idem-20260902-apk-2968
2969,MTR-APK-2969,Group,Shared Experience,Trip,Local Transport,Expense,2026-06-21,22:03:25,2026-06-21 22:03:25,7644.64,INR,-7644.64,APK Meera,3,PERCENTAGE,MAESTRO-APK-GROUP-TRIP-2969 | Local Transport | 7644.64,Android,B60,HIGH_2501_3000,CREATED,idem-20260902-apk-2969
2970,MTR-APK-2970,Business,Business,Team Operations,Hiring,Expense,2026-01-09,09:26:16,2026-01-09 09:26:16,140025.49,INR,-140025.49,APK Owner,,,MAESTRO-APK-BUSINESS-TEAM_OPERATIONS-2970 | Hiring | 140025.49,Android,B60,HIGH_2501_3000,CREATED,idem-20260902-apk-2970
2971,MTR-APK-2971,Personal,Personal,Life Operations,Rent,Expense,2025-12-09,13:15:08,2025-12-09 13:15:08,7449.76,INR,-7449.76,APK Owner,,,MAESTRO-APK-PERSONAL-LIFE_OPERATIONS-2971 | Rent | 7449.76,Android,B60,HIGH_2501_3000,CREATED,idem-20260902-apk-2971
2972,MTR-APK-2972,Group,Shared Experience,Trip,Activities,Expense,2025-10-23,02:01:35,2025-10-23 02:01:35,2580.6,INR,-2580.6,APK Owner,3,EXACT,MAESTRO-APK-GROUP-TRIP-2972 | Activities | 2580.60,Android,B60,HIGH_2501_3000,CREATED,idem-20260902-apk-2972
2973,MTR-APK-2973,Business,Business,Team Operations,Team Meal,Expense,2026-01-28,15:11:17,2026-01-28 15:11:17,61958.62,INR,-61958.62,APK Owner,,,MAESTRO-APK-BUSINESS-TEAM_OPERATIONS-2973 | Team Meal | 61958.62,Android,B60,HIGH_2501_3000,CREATED,idem-20260902-apk-2973
2974,MTR-APK-2974,Personal,Personal,Life Operations,Bills,Expense,2025-11-30,23:14:02,2025-11-30 23:14:02,987.68,INR,-987.68,APK Owner,,,MAESTRO-APK-PERSONAL-LIFE_OPERATIONS-2974 | Bills | 987.68,Android,B60,HIGH_2501_3000,CREATED,idem-20260902-apk-2974
2975,MTR-APK-2975,Group,Shared Experience,Trip,Shopping,Expense,2025-11-27,15:42:53,2025-11-27 15:42:53,28842.77,INR,-28842.77,APK Aarav,3,SHARES,MAESTRO-APK-GROUP-TRIP-2975 | Shopping | 28842.77,Android,B60,HIGH_2501_3000,CREATED,idem-20260902-apk-2975
2976,MTR-APK-2976,Business,Business,Team Operations,Travel,Expense,2025-10-26,11:19:34,2025-10-26 11:19:34,102424.75,INR,-102424.75,APK Owner,,,MAESTRO-APK-BUSINESS-TEAM_OPERATIONS-2976 | Travel | 102424.75,Android,B60,HIGH_2501_3000,CREATED,idem-20260902-apk-2976
2977,MTR-APK-2977,Personal,Personal,Life Operations,Transport,Expense,2026-06-06,20:59:11,2026-06-06 20:59:11,7655.07,INR,-7655.07,APK Owner,,,MAESTRO-APK-PERSONAL-LIFE_OPERATIONS-2977 | Transport | 7655.07,Android,B60,HIGH_2501_3000,CREATED,idem-20260902-apk-2977
2978,MTR-APK-2978,Group,Shared Experience,Trip,Other,Expense,2026-07-05,19:23:10,2026-07-05 19:23:10,15958.9,INR,-15958.9,APK Meera,3,EQUAL,MAESTRO-APK-GROUP-TRIP-2978 | Other | 15958.90,Android,B60,HIGH_2501_3000,CREATED,idem-20260902-apk-2978
2979,MTR-APK-2979,Business,Business,Team Operations,Training,Expense,2026-02-25,15:42:17,2026-02-25 15:42:17,126893.11,INR,-126893.11,APK Owner,,,MAESTRO-APK-BUSINESS-TEAM_OPERATIONS-2979 | Training | 126893.11,Android,B60,HIGH_2501_3000,CREATED,idem-20260902-apk-2979
2980,MTR-APK-2980,Personal,Personal,Life Operations,Healthcare,Expense,2026-07-08,11:58:26,2026-07-08 11:58:26,18292.66,INR,-18292.66,APK Owner,,,MAESTRO-APK-PERSONAL-LIFE_OPERATIONS-2980 | Healthcare | 18292.66,Android,B60,HIGH_2501_3000,CREATED,idem-20260902-apk-2980
2981,MTR-APK-2981,Group,Shared Experience,Wedding,Venue,Expense,2025-11-12,08:55:21,2025-11-12 08:55:21,21870.71,INR,-21870.71,APK Owner,3,PERCENTAGE,MAESTRO-APK-GROUP-WEDDING-2981 | Venue | 21870.71,Android,B60,HIGH_2501_3000,CREATED,idem-20260902-apk-2981
2982,MTR-APK-2982,Business,Business,Team Operations,Tools,Expense,2025-12-27,21:44:19,2025-12-27 21:44:19,120925.65,INR,-120925.65,APK Owner,,,MAESTRO-APK-BUSINESS-TEAM_OPERATIONS-2982 | Tools | 120925.65,Android,B60,HIGH_2501_3000,CREATED,idem-20260902-apk-2982
2983,MTR-APK-2983,Personal,Personal,Life Operations,Subscriptions,Expense,2025-10-14,09:15:53,2025-10-14 09:15:53,18914.53,INR,-18914.53,APK Owner,,,MAESTRO-APK-PERSONAL-LIFE_OPERATIONS-2983 | Subscriptions | 18914.53,Android,B60,HIGH_2501_3000,CREATED,idem-20260902-apk-2983
2984,MTR-APK-2984,Group,Shared Experience,Wedding,Catering,Expense,2026-01-24,05:17:08,2026-01-24 05:17:08,9399.58,INR,-9399.58,APK Aarav,3,EXACT,MAESTRO-APK-GROUP-WEDDING-2984 | Catering | 9399.58,Android,B60,HIGH_2501_3000,CREATED,idem-20260902-apk-2984
2985,MTR-APK-2985,Business,Business,Business Runway,Funding,Income,2026-08-11,23:07:17,2026-08-11 23:07:17,150516.35,INR,150516.35,APK Owner,,,MAESTRO-APK-BUSINESS-BUSINESS_RUNWAY-2985 | Funding | 150516.35,Android,B60,HIGH_2501_3000,CREATED,idem-20260902-apk-2985
2986,MTR-APK-2986,Personal,Personal,Life Operations,Repairs,Expense,2026-03-30,00:10:29,2026-03-30 00:10:29,6921.16,INR,-6921.16,APK Owner,,,MAESTRO-APK-PERSONAL-LIFE_OPERATIONS-2986 | Repairs | 6921.16,Android,B60,HIGH_2501_3000,CREATED,idem-20260902-apk-2986
2987,MTR-APK-2987,Group,Shared Experience,Wedding,Decor,Expense,2025-12-04,02:45:32,2025-12-04 02:45:32,4239.88,INR,-4239.88,APK Meera,3,SHARES,MAESTRO-APK-GROUP-WEDDING-2987 | Decor | 4239.88,Android,B60,HIGH_2501_3000,CREATED,idem-20260902-apk-2987
2988,MTR-APK-2988,Business,Business,Business Runway,Revenue,Income,2026-05-27,11:54:27,2026-05-27 11:54:27,113244.86,INR,113244.86,APK Owner,,,MAESTRO-APK-BUSINESS-BUSINESS_RUNWAY-2988 | Revenue | 113244.86,Android,B60,HIGH_2501_3000,CREATED,idem-20260902-apk-2988
2989,MTR-APK-2989,Personal,Personal,Future Building,Savings,Transfer,2026-03-30,21:17:41,2026-03-30 21:17:41,11012.81,INR,0.0,APK Owner,,,MAESTRO-APK-PERSONAL-FUTURE_BUILDING-2989 | Savings | 11012.81,Android,B60,HIGH_2501_3000,CREATED,idem-20260902-apk-2989
2990,MTR-APK-2990,Group,Shared Experience,Wedding,Travel,Expense,2026-03-30,06:46:11,2026-03-30 06:46:11,8356.73,INR,-8356.73,APK Owner,3,EQUAL,MAESTRO-APK-GROUP-WEDDING-2990 | Travel | 8356.73,Android,B60,HIGH_2501_3000,CREATED,idem-20260902-apk-2990
2991,MTR-APK-2991,Business,Business,Business Runway,Burn,Expense,2026-08-01,11:50:14,2026-08-01 11:50:14,145187.64,INR,-145187.64,APK Owner,,,MAESTRO-APK-BUSINESS-BUSINESS_RUNWAY-2991 | Burn | 145187.64,Android,B60,HIGH_2501_3000,CREATED,idem-20260902-apk-2991
2992,MTR-APK-2992,Personal,Personal,Future Building,Emergency Fund,Transfer,2026-01-02,09:44:13,2026-01-02 09:44:13,11622.3,INR,0.0,APK Owner,,,MAESTRO-APK-PERSONAL-FUTURE_BUILDING-2992 | Emergency Fund | 11622.30,Android,B60,HIGH_2501_3000,CREATED,idem-20260902-apk-2992
2993,MTR-APK-2993,Group,Shared Experience,Wedding,Gifts,Expense,2026-05-31,21:13:04,2026-05-31 21:13:04,11817.26,INR,-11817.26,APK Aarav,3,PERCENTAGE,MAESTRO-APK-GROUP-WEDDING-2993 | Gifts | 11817.26,Android,B60,HIGH_2501_3000,CREATED,idem-20260902-apk-2993
2994,MTR-APK-2994,Business,Business,Business Runway,Reserve,Transfer,2025-11-04,12:28:07,2025-11-04 12:28:07,16429.65,INR,0.0,APK Owner,,,MAESTRO-APK-BUSINESS-BUSINESS_RUNWAY-2994 | Reserve | 16429.65,Android,B60,HIGH_2501_3000,CREATED,idem-20260902-apk-2994
2995,MTR-APK-2995,Personal,Personal,Future Building,Investments,Investment,2025-10-12,00:32:11,2025-10-12 00:32:11,14436.06,INR,0.0,APK Owner,,,MAESTRO-APK-PERSONAL-FUTURE_BUILDING-2995 | Investments | 14436.06,Android,B60,HIGH_2501_3000,CREATED,idem-20260902-apk-2995
2996,MTR-APK-2996,Group,Shared Experience,Wedding,Photography,Expense,2025-10-07,13:26:43,2025-10-07 13:26:43,3834.61,INR,-3834.61,APK Meera,3,EXACT,MAESTRO-APK-GROUP-WEDDING-2996 | Photography | 3834.61,Android,B60,HIGH_2501_3000,CREATED,idem-20260902-apk-2996
2997,MTR-APK-2997,Business,Business,Business Runway,Loan,Income,2026-07-06,04:00:58,2026-07-06 04:00:58,100.0,INR,100.0,APK Owner,,,MAESTRO-APK-BUSINESS-BUSINESS_RUNWAY-2997 | Loan | 100.00,Android,B60,HIGH_2501_3000,CREATED,idem-20260902-apk-2997
2998,MTR-APK-2998,Personal,Personal,Future Building,Education,Expense,2026-02-09,14:44:34,2026-02-09 14:44:34,1248.1,INR,-1248.1,APK Owner,,,MAESTRO-APK-PERSONAL-FUTURE_BUILDING-2998 | Education | 1248.10,Android,B60,HIGH_2501_3000,CREATED,idem-20260902-apk-2998
2999,MTR-APK-2999,Group,Shared Experience,Wedding,Other,Expense,2026-07-05,04:13:12,2026-07-05 04:13:12,14561.86,INR,-14561.86,APK Owner,3,SHARES,MAESTRO-APK-GROUP-WEDDING-2999 | Other | 14561.86,Android,B60,HIGH_2501_3000,CREATED,idem-20260902-apk-2999
3000,MTR-APK-3000,Business,Business,Business Runway,Investment,Income,2026-08-02,01:01:05,2026-08-02 01:01:05,159219.1,INR,159219.1,APK Owner,,,MAESTRO-APK-BUSINESS-BUSINESS_RUNWAY-3000 | Investment | 159219.10,Android,B60,HIGH_2501_3000,CREATED,idem-20260902-apk-3000
3001,MTR-APK-3001,Personal,Personal,Future Building,Goal Contribution,Transfer,2026-08-03,11:37:53,2026-08-03 11:37:53,11510.12,INR,0.0,APK Owner,,,MAESTRO-APK-PERSONAL-FUTURE_BUILDING-3001 | Goal Contribution | 11510.12,Android,B61,STRESS_3001_3500,CREATED,idem-20260902-apk-3001
3002,MTR-APK-3002,Group,Shared Experience,Office Outing,Food,Expense,2026-02-07,00:27:18,2026-02-07 00:27:18,13894.27,INR,-13894.27,APK Aarav,3,EQUAL,MAESTRO-APK-GROUP-OFFICE_OUTING-3002 | Food | 13894.27,Android,B61,STRESS_3001_3500,CREATED,idem-20260902-apk-3002
3003,MTR-APK-3003,Business,Business,Business Operations,Software,Expense,2026-03-20,02:49:14,2026-03-20 02:49:14,97940.39,INR,-97940.39,APK Owner,,,MAESTRO-APK-BUSINESS-BUSINESS_OPERATIONS-3003 | Software | 97940.39,Android,B61,STRESS_3001_3500,CREATED,idem-20260902-apk-3003
3004,MTR-APK-3004,Personal,Personal,Lifestyle,Dining,Expense,2026-08-04,07:08:07,2026-08-04 07:08:07,16471.75,INR,-16471.75,APK Owner,,,MAESTRO-APK-PERSONAL-LIFESTYLE-3004 | Dining | 16471.75,Android,B61,STRESS_3001_3500,CREATED,idem-20260902-apk-3004
3005,MTR-APK-3005,Group,Shared Experience,Office Outing,Travel,Expense,2025-12-17,13:13:53,2025-12-17 13:13:53,4978.78,INR,-4978.78,APK Meera,3,PERCENTAGE,MAESTRO-APK-GROUP-OFFICE_OUTING-3005 | Travel | 4978.78,Android,B61,STRESS_3001_3500,CREATED,idem-20260902-apk-3005
3006,MTR-APK-3006,Business,Business,Business Operations,Rent,Expense,2026-08-21,08:23:14,2026-08-21 08:23:14,171990.94,INR,-171990.94,APK Owner,,,MAESTRO-APK-BUSINESS-BUSINESS_OPERATIONS-3006 | Rent | 171990.94,Android,B61,STRESS_3001_3500,CREATED,idem-20260902-apk-3006
3007,MTR-APK-3007,Personal,Personal,Lifestyle,Shopping,Expense,2026-07-16,18:41:03,2026-07-16 18:41:03,4286.11,INR,-4286.11,APK Owner,,,MAESTRO-APK-PERSONAL-LIFESTYLE-3007 | Shopping | 4286.11,Android,B61,STRESS_3001_3500,CREATED,idem-20260902-apk-3007
3008,MTR-APK-3008,Group,Shared Experience,Office Outing,Activities,Expense,2026-01-30,03:24:49,2026-01-30 03:24:49,16863.09,INR,-16863.09,APK Owner,3,EXACT,MAESTRO-APK-GROUP-OFFICE_OUTING-3008 | Activities | 16863.09,Android,B61,STRESS_3001_3500,CREATED,idem-20260902-apk-3008
3009,MTR-APK-3009,Business,Business,Business Operations,Marketing,Expense,2026-07-05,21:35:29,2026-07-05 21:35:29,98339.8,INR,-98339.8,APK Owner,,,MAESTRO-APK-BUSINESS-BUSINESS_OPERATIONS-3009 | Marketing | 98339.80,Android,B61,STRESS_3001_3500,CREATED,idem-20260902-apk-3009
3010,MTR-APK-3010,Personal,Personal,Lifestyle,Entertainment,Expense,2026-02-01,00:11:01,2026-02-01 00:11:01,6264.35,INR,-6264.35,APK Owner,,,MAESTRO-APK-PERSONAL-LIFESTYLE-3010 | Entertainment | 6264.35,Android,B61,STRESS_3001_3500,CREATED,idem-20260902-apk-3010
3011,MTR-APK-3011,Group,Shared Experience,Office Outing,Venue,Expense,2026-03-13,13:32:37,2026-03-13 13:32:37,20541.18,INR,-20541.18,APK Aarav,3,SHARES,MAESTRO-APK-GROUP-OFFICE_OUTING-3011 | Venue | 20541.18,Android,B61,STRESS_3001_3500,CREATED,idem-20260902-apk-3011
3012,MTR-APK-3012,Business,Business,Business Operations,Legal,Expense,2026-04-03,04:32:59,2026-04-03 04:32:59,19464.39,INR,-19464.39,APK Owner,,,MAESTRO-APK-BUSINESS-BUSINESS_OPERATIONS-3012 | Legal | 19464.39,Android,B61,STRESS_3001_3500,CREATED,idem-20260902-apk-3012
3013,MTR-APK-3013,Personal,Personal,Lifestyle,Travel,Expense,2026-01-06,13:48:20,2026-01-06 13:48:20,6378.75,INR,-6378.75,APK Owner,,,MAESTRO-APK-PERSONAL-LIFESTYLE-3013 | Travel | 6378.75,Android,B61,STRESS_3001_3500,CREATED,idem-20260902-apk-3013
3014,MTR-APK-3014,Group,Shared Experience,Office Outing,Other,Expense,2026-03-05,10:11:42,2026-03-05 10:11:42,18893.48,INR,-18893.48,APK Meera,3,EQUAL,MAESTRO-APK-GROUP-OFFICE_OUTING-3014 | Other | 18893.48,Android,B61,STRESS_3001_3500,CREATED,idem-20260902-apk-3014
3015,MTR-APK-3015,Business,Business,Business Operations,Accounting,Expense,2025-09-23,14:40:34,2025-09-23 14:40:34,38642.3,INR,-38642.3,APK Owner,,,MAESTRO-APK-BUSINESS-BUSINESS_OPERATIONS-3015 | Accounting | 38642.30,Android,B61,STRESS_3001_3500,CREATED,idem-20260902-apk-3015
3016,MTR-APK-3016,Personal,Personal,Lifestyle,Fitness,Expense,2025-12-10,05:56:13,2025-12-10 05:56:13,7250.03,INR,-7250.03,APK Owner,,,MAESTRO-APK-PERSONAL-LIFESTYLE-3016 | Fitness | 7250.03,Android,B61,STRESS_3001_3500,CREATED,idem-20260902-apk-3016
3017,MTR-APK-3017,Group,Shared Experience,House Party,Food,Expense,2026-06-06,02:53:47,2026-06-06 02:53:47,25391.33,INR,-25391.33,APK Owner,3,PERCENTAGE,MAESTRO-APK-GROUP-HOUSE_PARTY-3017 | Food | 25391.33,Android,B61,STRESS_3001_3500,CREATED,idem-20260902-apk-3017
3018,MTR-APK-3018,Business,Business,Business Operations,Equipment,Expense,2025-10-21,01:36:13,2025-10-21 01:36:13,12675.59,INR,-12675.59,APK Owner,,,MAESTRO-APK-BUSINESS-BUSINESS_OPERATIONS-3018 | Equipment | 12675.59,Android,B61,STRESS_3001_3500,CREATED,idem-20260902-apk-3018
3019,MTR-APK-3019,Personal,Personal,Lifestyle,Hobbies,Expense,2026-01-07,11:51:51,2026-01-07 11:51:51,15359.1,INR,-15359.1,APK Owner,,,MAESTRO-APK-PERSONAL-LIFESTYLE-3019 | Hobbies | 15359.10,Android,B61,STRESS_3001_3500,CREATED,idem-20260902-apk-3019
3020,MTR-APK-3020,Group,Shared Experience,House Party,Drinks,Expense,2026-04-13,15:46:11,2026-04-13 15:46:11,24374.56,INR,-24374.56,APK Aarav,3,EXACT,MAESTRO-APK-GROUP-HOUSE_PARTY-3020 | Drinks | 24374.56,Android,B61,STRESS_3001_3500,CREATED,idem-20260902-apk-3020
3021,MTR-APK-3021,Business,Business,Business Operations,Vendor,Expense,2026-04-24,04:01:17,2026-04-24 04:01:17,18240.56,INR,-18240.56,APK Owner,,,MAESTRO-APK-BUSINESS-BUSINESS_OPERATIONS-3021 | Vendor | 18240.56,Android,B61,STRESS_3001_3500,CREATED,idem-20260902-apk-3021
3022,MTR-APK-3022,Personal,Personal,Relationships,Gifts,Expense,2025-09-10,15:08:05,2025-09-10 15:08:05,10450.09,INR,-10450.09,APK Owner,,,MAESTRO-APK-PERSONAL-RELATIONSHIPS-3022 | Gifts | 10450.09,Android,B61,STRESS_3001_3500,CREATED,idem-20260902-apk-3022
3023,MTR-APK-3023,Group,Shared Experience,House Party,Decor,Expense,2026-01-27,06:16:22,2026-01-27 06:16:22,16821.82,INR,-16821.82,APK Meera,3,SHARES,MAESTRO-APK-GROUP-HOUSE_PARTY-3023 | Decor | 16821.82,Android,B61,STRESS_3001_3500,CREATED,idem-20260902-apk-3023
3024,MTR-APK-3024,Business,Business,Business Operations,Tax,Expense,2026-05-05,22:36:13,2026-05-05 22:36:13,161555.22,INR,-161555.22,APK Owner,,,MAESTRO-APK-BUSINESS-BUSINESS_OPERATIONS-3024 | Tax | 161555.22,Android,B61,STRESS_3001_3500,CREATED,idem-20260902-apk-3024
3025,MTR-APK-3025,Personal,Personal,Relationships,Dates,Expense,2025-11-16,11:14:41,2025-11-16 11:14:41,14299.72,INR,-14299.72,APK Owner,,,MAESTRO-APK-PERSONAL-RELATIONSHIPS-3025 | Dates | 14299.72,Android,B61,STRESS_3001_3500,CREATED,idem-20260902-apk-3025
3026,MTR-APK-3026,Group,Shared Experience,House Party,Supplies,Expense,2026-08-12,10:42:11,2026-08-12 10:42:11,19108.17,INR,-19108.17,APK Owner,3,EQUAL,MAESTRO-APK-GROUP-HOUSE_PARTY-3026 | Supplies | 19108.17,Android,B61,STRESS_3001_3500,CREATED,idem-20260902-apk-3026
3027,MTR-APK-3027,Business,Business,Team Operations,Payroll,Expense,2025-12-18,06:30:14,2025-12-18 06:30:14,73150.41,INR,-73150.41,APK Owner,,,MAESTRO-APK-BUSINESS-TEAM_OPERATIONS-3027 | Payroll | 73150.41,Android,B61,STRESS_3001_3500,CREATED,idem-20260902-apk-3027
3028,MTR-APK-3028,Personal,Personal,Relationships,Family,Expense,2025-11-09,01:49:44,2025-11-09 01:49:44,19339.16,INR,-19339.16,APK Owner,,,MAESTRO-APK-PERSONAL-RELATIONSHIPS-3028 | Family | 19339.16,Android,B61,STRESS_3001_3500,CREATED,idem-20260902-apk-3028
3029,MTR-APK-3029,Group,Shared Experience,House Party,Other,Expense,2025-09-02,19:18:18,2025-09-02 19:18:18,8889.79,INR,-8889.79,APK Aarav,3,PERCENTAGE,MAESTRO-APK-GROUP-HOUSE_PARTY-3029 | Other | 8889.79,Android,B61,STRESS_3001_3500,CREATED,idem-20260902-apk-3029
3030,MTR-APK-3030,Business,Business,Team Operations,Contractor,Expense,2026-08-13,23:03:01,2026-08-13 23:03:01,109602.3,INR,-109602.3,APK Owner,,,MAESTRO-APK-BUSINESS-TEAM_OPERATIONS-3030 | Contractor | 109602.30,Android,B61,STRESS_3001_3500,CREATED,idem-20260902-apk-3030
3031,MTR-APK-3031,Personal,Personal,Relationships,Friends,Expense,2026-04-29,09:04:26,2026-04-29 09:04:26,2520.56,INR,-2520.56,APK Owner,,,MAESTRO-APK-PERSONAL-RELATIONSHIPS-3031 | Friends | 2520.56,Android,B61,STRESS_3001_3500,CREATED,idem-20260902-apk-3031
3032,MTR-APK-3032,Group,Shared Purchase,Gift Pool,Contribution,Contribution,2026-08-02,14:03:54,2026-08-02 14:03:54,10590.34,INR,10590.34,APK Meera,3,EXACT,MAESTRO-APK-GROUP-GIFT_POOL-3032 | Contribution | 10590.34,Android,B61,STRESS_3001_3500,CREATED,idem-20260902-apk-3032
3033,MTR-APK-3033,Business,Business,Team Operations,Hiring,Expense,2025-11-08,14:15:21,2025-11-08 14:15:21,133095.45,INR,-133095.45,APK Owner,,,MAESTRO-APK-BUSINESS-TEAM_OPERATIONS-3033 | Hiring | 133095.45,Android,B61,STRESS_3001_3500,CREATED,idem-20260902-apk-3033
3034,MTR-APK-3034,Personal,Personal,Relationships,Celebrations,Expense,2026-06-09,13:28:41,2026-06-09 13:28:41,999.99,INR,-999.99,APK Owner,,,MAESTRO-APK-PERSONAL-RELATIONSHIPS-3034 | Celebrations | 999.99,Android,B61,STRESS_3001_3500,CREATED,idem-20260902-apk-3034
3035,MTR-APK-3035,Group,Shared Purchase,Gift Pool,Gift Purchase,Expense,2026-07-23,04:11:06,2026-07-23 04:11:06,6698.62,INR,-6698.62,APK Owner,3,SHARES,MAESTRO-APK-GROUP-GIFT_POOL-3035 | Gift Purchase | 6698.62,Android,B61,STRESS_3001_3500,CREATED,idem-20260902-apk-3035
3036,MTR-APK-3036,Business,Business,Team Operations,Team Meal,Expense,2026-06-01,00:42:53,2026-06-01 00:42:53,17155.33,INR,-17155.33,APK Owner,,,MAESTRO-APK-BUSINESS-TEAM_OPERATIONS-3036 | Team Meal | 17155.33,Android,B61,STRESS_3001_3500,CREATED,idem-20260902-apk-3036
3037,MTR-APK-3037,Personal,Personal,Life Operations,Groceries,Expense,2026-06-16,14:03:43,2026-06-16 14:03:43,1008.64,INR,-1008.64,APK Owner,,,MAESTRO-APK-PERSONAL-LIFE_OPERATIONS-3037 | Groceries | 1008.64,Android,B61,STRESS_3001_3500,CREATED,idem-20260902-apk-3037
3038,MTR-APK-3038,Group,Shared Purchase,Gift Pool,Delivery,Expense,2026-04-14,13:36:16,2026-04-14 13:36:16,12226.95,INR,-12226.95,APK Aarav,3,EQUAL,MAESTRO-APK-GROUP-GIFT_POOL-3038 | Delivery | 12226.95,Android,B61,STRESS_3001_3500,CREATED,idem-20260902-apk-3038
3039,MTR-APK-3039,Business,Business,Team Operations,Travel,Expense,2026-02-27,05:52:52,2026-02-27 05:52:52,120213.59,INR,-120213.59,APK Owner,,,MAESTRO-APK-BUSINESS-TEAM_OPERATIONS-3039 | Travel | 120213.59,Android,B61,STRESS_3001_3500,CREATED,idem-20260902-apk-3039
3040,MTR-APK-3040,Personal,Personal,Life Operations,Rent,Expense,2026-07-29,16:05:53,2026-07-29 16:05:53,17913.99,INR,-17913.99,APK Owner,,,MAESTRO-APK-PERSONAL-LIFE_OPERATIONS-3040 | Rent | 17913.99,Android,B61,STRESS_3001_3500,CREATED,idem-20260902-apk-3040
3041,MTR-APK-3041,Group,Shared Purchase,Gift Pool,Other,Expense,2026-07-29,06:58:23,2026-07-29 06:58:23,10045.14,INR,-10045.14,APK Meera,3,PERCENTAGE,MAESTRO-APK-GROUP-GIFT_POOL-3041 | Other | 10045.14,Android,B61,STRESS_3001_3500,CREATED,idem-20260902-apk-3041
3042,MTR-APK-3042,Business,Business,Team Operations,Training,Expense,2026-04-29,18:43:04,2026-04-29 18:43:04,114530.76,INR,-114530.76,APK Owner,,,MAESTRO-APK-BUSINESS-TEAM_OPERATIONS-3042 | Training | 114530.76,Android,B61,STRESS_3001_3500,CREATED,idem-20260902-apk-3042
3043,MTR-APK-3043,Personal,Personal,Life Operations,Bills,Expense,2026-01-28,20:18:30,2026-01-28 20:18:30,17918.01,INR,-17918.01,APK Owner,,,MAESTRO-APK-PERSONAL-LIFE_OPERATIONS-3043 | Bills | 17918.01,Android,B61,STRESS_3001_3500,CREATED,idem-20260902-apk-3043
3044,MTR-APK-3044,Group,Shared Purchase,Purchase,Item,Expense,2026-03-21,10:54:54,2026-03-21 10:54:54,2872.0,INR,-2872.0,APK Owner,3,EXACT,MAESTRO-APK-GROUP-PURCHASE-3044 | Item | 2872.00,Android,B61,STRESS_3001_3500,CREATED,idem-20260902-apk-3044
3045,MTR-APK-3045,Business,Business,Team Operations,Tools,Expense,2025-12-23,19:29:57,2025-12-23 19:29:57,168920.53,INR,-168920.53,APK Owner,,,MAESTRO-APK-BUSINESS-TEAM_OPERATIONS-3045 | Tools | 168920.53,Android,B61,STRESS_3001_3500,CREATED,idem-20260902-apk-3045
3046,MTR-APK-3046,Personal,Personal,Life Operations,Transport,Expense,2026-02-26,10:52:30,2026-02-26 10:52:30,5944.86,INR,-5944.86,APK Owner,,,MAESTRO-APK-PERSONAL-LIFE_OPERATIONS-3046 | Transport | 5944.86,Android,B61,STRESS_3001_3500,CREATED,idem-20260902-apk-3046
3047,MTR-APK-3047,Group,Shared Purchase,Purchase,Shipping,Expense,2026-01-12,07:22:51,2026-01-12 07:22:51,14561.73,INR,-14561.73,APK Aarav,3,SHARES,MAESTRO-APK-GROUP-PURCHASE-3047 | Shipping | 14561.73,Android,B61,STRESS_3001_3500,CREATED,idem-20260902-apk-3047
3048,MTR-APK-3048,Business,Business,Business Runway,Funding,Income,2026-04-03,08:47:25,2026-04-03 08:47:25,179507.8,INR,179507.8,APK Owner,,,MAESTRO-APK-BUSINESS-BUSINESS_RUNWAY-3048 | Funding | 179507.80,Android,B61,STRESS_3001_3500,CREATED,idem-20260902-apk-3048
3049,MTR-APK-3049,Personal,Personal,Life Operations,Healthcare,Expense,2026-03-20,17:27:00,2026-03-20 17:27:00,1272.93,INR,-1272.93,APK Owner,,,MAESTRO-APK-PERSONAL-LIFE_OPERATIONS-3049 | Healthcare | 1272.93,Android,B61,STRESS_3001_3500,CREATED,idem-20260902-apk-3049
3050,MTR-APK-3050,Group,Shared Purchase,Purchase,Tax,Expense,2026-03-08,18:43:47,2026-03-08 18:43:47,29886.24,INR,-29886.24,APK Meera,3,EQUAL,MAESTRO-APK-GROUP-PURCHASE-3050 | Tax | 29886.24,Android,B61,STRESS_3001_3500,CREATED,idem-20260902-apk-3050
3051,MTR-APK-3051,Business,Business,Business Runway,Revenue,Income,2025-11-28,06:29:20,2025-11-28 06:29:20,46084.94,INR,46084.94,APK Owner,,,MAESTRO-APK-BUSINESS-BUSINESS_RUNWAY-3051 | Revenue | 46084.94,Android,B62,STRESS_3001_3500,CREATED,idem-20260902-apk-3051
3052,MTR-APK-3052,Personal,Personal,Life Operations,Subscriptions,Expense,2026-02-28,11:19:21,2026-02-28 11:19:21,2613.17,INR,-2613.17,APK Owner,,,MAESTRO-APK-PERSONAL-LIFE_OPERATIONS-3052 | Subscriptions | 2613.17,Android,B62,STRESS_3001_3500,CREATED,idem-20260902-apk-3052
3053,MTR-APK-3053,Group,Shared Purchase,Purchase,Other,Expense,2026-05-22,18:00:20,2026-05-22 18:00:20,827.34,INR,-827.34,APK Owner,3,PERCENTAGE,MAESTRO-APK-GROUP-PURCHASE-3053 | Other | 827.34,Android,B62,STRESS_3001_3500,CREATED,idem-20260902-apk-3053
3054,MTR-APK-3054,Business,Business,Business Runway,Burn,Expense,2026-06-23,13:51:22,2026-06-23 13:51:22,36021.08,INR,-36021.08,APK Owner,,,MAESTRO-APK-BUSINESS-BUSINESS_RUNWAY-3054 | Burn | 36021.08,Android,B62,STRESS_3001_3500,CREATED,idem-20260902-apk-3054
3055,MTR-APK-3055,Personal,Personal,Life Operations,Repairs,Expense,2026-07-12,03:11:36,2026-07-12 03:11:36,8637.88,INR,-8637.88,APK Owner,,,MAESTRO-APK-PERSONAL-LIFE_OPERATIONS-3055 | Repairs | 8637.88,Android,B62,STRESS_3001_3500,CREATED,idem-20260902-apk-3055
3056,MTR-APK-3056,Group,Shared Purchase,Assets,Purchase,Expense,2026-02-02,14:33:25,2026-02-02 14:33:25,11912.52,INR,-11912.52,APK Aarav,3,EXACT,MAESTRO-APK-GROUP-ASSETS-3056 | Purchase | 11912.52,Android,B62,STRESS_3001_3500,CREATED,idem-20260902-apk-3056
3057,MTR-APK-3057,Business,Business,Business Runway,Reserve,Transfer,2026-08-30,07:19:26,2026-08-30 07:19:26,117171.1,INR,0.0,APK Owner,,,MAESTRO-APK-BUSINESS-BUSINESS_RUNWAY-3057 | Reserve | 117171.10,Android,B62,STRESS_3001_3500,CREATED,idem-20260902-apk-3057
3058,MTR-APK-3058,Personal,Personal,Future Building,Savings,Transfer,2025-11-07,21:53:18,2025-11-07 21:53:18,4841.83,INR,0.0,APK Owner,,,MAESTRO-APK-PERSONAL-FUTURE_BUILDING-3058 | Savings | 4841.83,Android,B62,STRESS_3001_3500,CREATED,idem-20260902-apk-3058
3059,MTR-APK-3059,Group,Shared Purchase,Assets,Maintenance,Expense,2025-11-15,18:43:06,2025-11-15 18:43:06,2412.12,INR,-2412.12,APK Meera,3,SHARES,MAESTRO-APK-GROUP-ASSETS-3059 | Maintenance | 2412.12,Android,B62,STRESS_3001_3500,CREATED,idem-20260902-apk-3059
3060,MTR-APK-3060,Business,Business,Business Runway,Loan,Income,2025-09-27,11:21:11,2025-09-27 11:21:11,132930.88,INR,132930.88,APK Owner,,,MAESTRO-APK-BUSINESS-BUSINESS_RUNWAY-3060 | Loan | 132930.88,Android,B62,STRESS_3001_3500,CREATED,idem-20260902-apk-3060
3061,MTR-APK-3061,Personal,Personal,Future Building,Emergency Fund,Transfer,2025-12-17,16:28:59,2025-12-17 16:28:59,10117.37,INR,0.0,APK Owner,,,MAESTRO-APK-PERSONAL-FUTURE_BUILDING-3061 | Emergency Fund | 10117.37,Android,B62,STRESS_3001_3500,CREATED,idem-20260902-apk-3061
3062,MTR-APK-3062,Group,Shared Purchase,Assets,Repair,Expense,2026-07-01,06:43:39,2026-07-01 06:43:39,3833.93,INR,-3833.93,APK Owner,3,EQUAL,MAESTRO-APK-GROUP-ASSETS-3062 | Repair | 3833.93,Android,B62,STRESS_3001_3500,CREATED,idem-20260902-apk-3062
3063,MTR-APK-3063,Business,Business,Business Runway,Investment,Income,2026-01-20,16:44:22,2026-01-20 16:44:22,83859.76,INR,83859.76,APK Owner,,,MAESTRO-APK-BUSINESS-BUSINESS_RUNWAY-3063 | Investment | 83859.76,Android,B62,STRESS_3001_3500,CREATED,idem-20260902-apk-3063
3064,MTR-APK-3064,Personal,Personal,Future Building,Investments,Investment,2026-05-15,01:58:02,2026-05-15 01:58:02,8415.19,INR,0.0,APK Owner,,,MAESTRO-APK-PERSONAL-FUTURE_BUILDING-3064 | Investments | 8415.19,Android,B62,STRESS_3001_3500,CREATED,idem-20260902-apk-3064
3065,MTR-APK-3065,Group,Shared Purchase,Assets,Insurance,Expense,2026-07-26,02:07:55,2026-07-26 02:07:55,29801.03,INR,-29801.03,APK Aarav,3,PERCENTAGE,MAESTRO-APK-GROUP-ASSETS-3065 | Insurance | 29801.03,Android,B62,STRESS_3001_3500,CREATED,idem-20260902-apk-3065
3066,MTR-APK-3066,Business,Business,Business Operations,Software,Expense,2025-11-23,07:08:49,2025-11-23 07:08:49,113884.12,INR,-113884.12,APK Owner,,,MAESTRO-APK-BUSINESS-BUSINESS_OPERATIONS-3066 | Software | 113884.12,Android,B62,STRESS_3001_3500,CREATED,idem-20260902-apk-3066
3067,MTR-APK-3067,Personal,Personal,Future Building,Education,Expense,2026-07-16,01:13:33,2026-07-16 01:13:33,15850.49,INR,-15850.49,APK Owner,,,MAESTRO-APK-PERSONAL-FUTURE_BUILDING-3067 | Education | 15850.49,Android,B62,STRESS_3001_3500,CREATED,idem-20260902-apk-3067
3068,MTR-APK-3068,Group,Shared Purchase,Assets,Other,Expense,2026-05-24,05:35:49,2026-05-24 05:35:49,20700.32,INR,-20700.32,APK Meera,3,EXACT,MAESTRO-APK-GROUP-ASSETS-3068 | Other | 20700.32,Android,B62,STRESS_3001_3500,CREATED,idem-20260902-apk-3068
3069,MTR-APK-3069,Business,Business,Business Operations,Rent,Expense,2026-02-21,03:29:26,2026-02-21 03:29:26,32667.74,INR,-32667.74,APK Owner,,,MAESTRO-APK-BUSINESS-BUSINESS_OPERATIONS-3069 | Rent | 32667.74,Android,B62,STRESS_3001_3500,CREATED,idem-20260902-apk-3069
3070,MTR-APK-3070,Personal,Personal,Future Building,Goal Contribution,Transfer,2026-07-09,21:09:06,2026-07-09 21:09:06,10558.97,INR,0.0,APK Owner,,,MAESTRO-APK-PERSONAL-FUTURE_BUILDING-3070 | Goal Contribution | 10558.97,Android,B62,STRESS_3001_3500,CREATED,idem-20260902-apk-3070
3071,MTR-APK-3071,Group,Shared Purchase,Custom Purchase,Custom Expense,Expense,2025-10-06,01:47:22,2025-10-06 01:47:22,10000.0,INR,-10000.0,APK Owner,3,SHARES,MAESTRO-APK-GROUP-CUSTOM_PURCHASE-3071 | Custom Expense | 10000.00,Android,B62,STRESS_3001_3500,CREATED,idem-20260902-apk-3071
3072,MTR-APK-3072,Business,Business,Business Operations,Marketing,Expense,2025-11-12,13:35:37,2025-11-12 13:35:37,59747.05,INR,-59747.05,APK Owner,,,MAESTRO-APK-BUSINESS-BUSINESS_OPERATIONS-3072 | Marketing | 59747.05,Android,B62,STRESS_3001_3500,CREATED,idem-20260902-apk-3072
3073,MTR-APK-3073,Personal,Personal,Lifestyle,Dining,Expense,2025-11-17,18:58:53,2025-11-17 18:58:53,17179.62,INR,-17179.62,APK Owner,,,MAESTRO-APK-PERSONAL-LIFESTYLE-3073 | Dining | 17179.62,Android,B62,STRESS_3001_3500,CREATED,idem-20260902-apk-3073
3074,MTR-APK-3074,Group,Shared Purchase,Custom Purchase,Custom Contribution,Contribution,2026-07-05,02:17:55,2026-07-05 02:17:55,19903.39,INR,19903.39,APK Aarav,3,EQUAL,MAESTRO-APK-GROUP-CUSTOM_PURCHASE-3074 | Custom Contribution | 19903.39,Android,B62,STRESS_3001_3500,CREATED,idem-20260902-apk-3074
3075,MTR-APK-3075,Business,Business,Business Operations,Legal,Expense,2025-12-23,22:48:53,2025-12-23 22:48:53,151712.31,INR,-151712.31,APK Owner,,,MAESTRO-APK-BUSINESS-BUSINESS_OPERATIONS-3075 | Legal | 151712.31,Android,B62,STRESS_3001_3500,CREATED,idem-20260902-apk-3075
3076,MTR-APK-3076,Personal,Personal,Lifestyle,Shopping,Expense,2026-03-25,12:54:34,2026-03-25 12:54:34,17585.88,INR,-17585.88,APK Owner,,,MAESTRO-APK-PERSONAL-LIFESTYLE-3076 | Shopping | 17585.88,Android,B62,STRESS_3001_3500,CREATED,idem-20260902-apk-3076
3077,MTR-APK-3077,Group,Shared Living,Flatmates,Rent,Expense,2026-03-03,14:59:54,2026-03-03 14:59:54,5625.82,INR,-5625.82,APK Meera,3,PERCENTAGE,MAESTRO-APK-GROUP-FLATMATES-3077 | Rent | 5625.82,Android,B62,STRESS_3001_3500,CREATED,idem-20260902-apk-3077
3078,MTR-APK-3078,Business,Business,Business Operations,Accounting,Expense,2025-10-22,17:59:13,2025-10-22 17:59:13,7743.75,INR,-7743.75,APK Owner,,,MAESTRO-APK-BUSINESS-BUSINESS_OPERATIONS-3078 | Accounting | 7743.75,Android,B62,STRESS_3001_3500,CREATED,idem-20260902-apk-3078
3079,MTR-APK-3079,Personal,Personal,Lifestyle,Entertainment,Expense,2026-01-20,01:06:00,2026-01-20 01:06:00,12727.93,INR,-12727.93,APK Owner,,,MAESTRO-APK-PERSONAL-LIFESTYLE-3079 | Entertainment | 12727.93,Android,B62,STRESS_3001_3500,CREATED,idem-20260902-apk-3079
3080,MTR-APK-3080,Group,Shared Living,Flatmates,Utilities,Expense,2025-09-01,19:16:25,2025-09-01 19:16:25,10273.14,INR,-10273.14,APK Owner,3,EXACT,MAESTRO-APK-GROUP-FLATMATES-3080 | Utilities | 10273.14,Android,B62,STRESS_3001_3500,CREATED,idem-20260902-apk-3080
3081,MTR-APK-3081,Business,Business,Business Operations,Equipment,Expense,2026-04-15,22:25:05,2026-04-15 22:25:05,107545.68,INR,-107545.68,APK Owner,,,MAESTRO-APK-BUSINESS-BUSINESS_OPERATIONS-3081 | Equipment | 107545.68,Android,B62,STRESS_3001_3500,CREATED,idem-20260902-apk-3081
3082,MTR-APK-3082,Personal,Personal,Lifestyle,Travel,Expense,2026-08-30,09:02:53,2026-08-30 09:02:53,5372.74,INR,-5372.74,APK Owner,,,MAESTRO-APK-PERSONAL-LIFESTYLE-3082 | Travel | 5372.74,Android,B62,STRESS_3001_3500,CREATED,idem-20260902-apk-3082
3083,MTR-APK-3083,Group,Shared Living,Flatmates,Groceries,Expense,2025-11-12,10:13:07,2025-11-12 10:13:07,24684.97,INR,-24684.97,APK Aarav,3,SHARES,MAESTRO-APK-GROUP-FLATMATES-3083 | Groceries | 24684.97,Android,B62,STRESS_3001_3500,CREATED,idem-20260902-apk-3083
3084,MTR-APK-3084,Business,Business,Business Operations,Vendor,Expense,2025-12-10,05:11:05,2025-12-10 05:11:05,69873.72,INR,-69873.72,APK Owner,,,MAESTRO-APK-BUSINESS-BUSINESS_OPERATIONS-3084 | Vendor | 69873.72,Android,B62,STRESS_3001_3500,CREATED,idem-20260902-apk-3084
3085,MTR-APK-3085,Personal,Personal,Lifestyle,Fitness,Expense,2025-11-16,18:41:24,2025-11-16 18:41:24,8823.67,INR,-8823.67,APK Owner,,,MAESTRO-APK-PERSONAL-LIFESTYLE-3085 | Fitness | 8823.67,Android,B62,STRESS_3001_3500,CREATED,idem-20260902-apk-3085
3086,MTR-APK-3086,Group,Shared Living,Flatmates,Internet,Expense,2026-08-17,11:59:18,2026-08-17 11:59:18,13967.41,INR,-13967.41,APK Meera,3,EQUAL,MAESTRO-APK-GROUP-FLATMATES-3086 | Internet | 13967.41,Android,B62,STRESS_3001_3500,CREATED,idem-20260902-apk-3086
3087,MTR-APK-3087,Business,Business,Business Operations,Tax,Expense,2026-03-13,22:38:40,2026-03-13 22:38:40,128011.48,INR,-128011.48,APK Owner,,,MAESTRO-APK-BUSINESS-BUSINESS_OPERATIONS-3087 | Tax | 128011.48,Android,B62,STRESS_3001_3500,CREATED,idem-20260902-apk-3087
3088,MTR-APK-3088,Personal,Personal,Lifestyle,Hobbies,Expense,2025-12-16,08:16:06,2025-12-16 08:16:06,5283.54,INR,-5283.54,APK Owner,,,MAESTRO-APK-PERSONAL-LIFESTYLE-3088 | Hobbies | 5283.54,Android,B62,STRESS_3001_3500,CREATED,idem-20260902-apk-3088
3089,MTR-APK-3089,Group,Shared Living,Flatmates,House Supplies,Expense,2026-02-09,07:47:32,2026-02-09 07:47:32,12932.81,INR,-12932.81,APK Owner,3,PERCENTAGE,MAESTRO-APK-GROUP-FLATMATES-3089 | House Supplies | 12932.81,Android,B62,STRESS_3001_3500,CREATED,idem-20260902-apk-3089
3090,MTR-APK-3090,Business,Business,Team Operations,Payroll,Expense,2026-03-01,23:35:57,2026-03-01 23:35:57,108777.4,INR,-108777.4,APK Owner,,,MAESTRO-APK-BUSINESS-TEAM_OPERATIONS-3090 | Payroll | 108777.40,Android,B62,STRESS_3001_3500,CREATED,idem-20260902-apk-3090
3091,MTR-APK-3091,Personal,Personal,Relationships,Gifts,Expense,2026-08-06,17:51:26,2026-08-06 17:51:26,14441.71,INR,-14441.71,APK Owner,,,MAESTRO-APK-PERSONAL-RELATIONSHIPS-3091 | Gifts | 14441.71,Android,B62,STRESS_3001_3500,CREATED,idem-20260902-apk-3091
3092,MTR-APK-3092,Group,Shared Living,Flatmates,Repairs,Expense,2026-03-17,18:36:16,2026-03-17 18:36:16,24869.32,INR,-24869.32,APK Aarav,3,EXACT,MAESTRO-APK-GROUP-FLATMATES-3092 | Repairs | 24869.32,Android,B62,STRESS_3001_3500,CREATED,idem-20260902-apk-3092
3093,MTR-APK-3093,Business,Business,Team Operations,Contractor,Expense,2025-11-13,18:15:47,2025-11-13 18:15:47,72609.65,INR,-72609.65,APK Owner,,,MAESTRO-APK-BUSINESS-TEAM_OPERATIONS-3093 | Contractor | 72609.65,Android,B62,STRESS_3001_3500,CREATED,idem-20260902-apk-3093
3094,MTR-APK-3094,Personal,Personal,Relationships,Dates,Expense,2026-01-28,09:56:08,2026-01-28 09:56:08,9001.48,INR,-9001.48,APK Owner,,,MAESTRO-APK-PERSONAL-RELATIONSHIPS-3094 | Dates | 9001.48,Android,B62,STRESS_3001_3500,CREATED,idem-20260902-apk-3094
3095,MTR-APK-3095,Group,Shared Living,Shared Living,Rent,Expense,2026-07-20,04:12:18,2026-07-20 04:12:18,10364.11,INR,-10364.11,APK Meera,3,SHARES,MAESTRO-APK-GROUP-SHARED_LIVING-3095 | Rent | 10364.11,Android,B62,STRESS_3001_3500,CREATED,idem-20260902-apk-3095
3096,MTR-APK-3096,Business,Business,Team Operations,Hiring,Expense,2026-01-04,13:18:06,2026-01-04 13:18:06,22843.67,INR,-22843.67,APK Owner,,,MAESTRO-APK-BUSINESS-TEAM_OPERATIONS-3096 | Hiring | 22843.67,Android,B62,STRESS_3001_3500,CREATED,idem-20260902-apk-3096
3097,MTR-APK-3097,Personal,Personal,Relationships,Family,Expense,2025-09-14,16:22:01,2025-09-14 16:22:01,16357.76,INR,-16357.76,APK Owner,,,MAESTRO-APK-PERSONAL-RELATIONSHIPS-3097 | Family | 16357.76,Android,B62,STRESS_3001_3500,CREATED,idem-20260902-apk-3097
3098,MTR-APK-3098,Group,Shared Living,Shared Living,Utilities,Expense,2025-12-15,10:09:18,2025-12-15 10:09:18,21253.79,INR,-21253.79,APK Owner,3,EQUAL,MAESTRO-APK-GROUP-SHARED_LIVING-3098 | Utilities | 21253.79,Android,B62,STRESS_3001_3500,CREATED,idem-20260902-apk-3098
3099,MTR-APK-3099,Business,Business,Team Operations,Team Meal,Expense,2025-09-06,02:02:09,2025-09-06 02:02:09,56297.09,INR,-56297.09,APK Owner,,,MAESTRO-APK-BUSINESS-TEAM_OPERATIONS-3099 | Team Meal | 56297.09,Android,B62,STRESS_3001_3500,CREATED,idem-20260902-apk-3099
3100,MTR-APK-3100,Personal,Personal,Relationships,Friends,Expense,2026-02-11,08:34:25,2026-02-11 08:34:25,10034.15,INR,-10034.15,APK Owner,,,MAESTRO-APK-PERSONAL-RELATIONSHIPS-3100 | Friends | 10034.15,Android,B62,STRESS_3001_3500,CREATED,idem-20260902-apk-3100
3101,MTR-APK-3101,Group,Shared Living,Shared Living,Groceries,Expense,2026-01-11,02:59:59,2026-01-11 02:59:59,18325.06,INR,-18325.06,APK Aarav,3,PERCENTAGE,MAESTRO-APK-GROUP-SHARED_LIVING-3101 | Groceries | 18325.06,Android,B63,STRESS_3001_3500,CREATED,idem-20260902-apk-3101
3102,MTR-APK-3102,Business,Business,Team Operations,Travel,Expense,2025-11-07,21:05:05,2025-11-07 21:05:05,154093.47,INR,-154093.47,APK Owner,,,MAESTRO-APK-BUSINESS-TEAM_OPERATIONS-3102 | Travel | 154093.47,Android,B63,STRESS_3001_3500,CREATED,idem-20260902-apk-3102
3103,MTR-APK-3103,Personal,Personal,Relationships,Celebrations,Expense,2026-08-16,22:35:23,2026-08-16 22:35:23,9130.97,INR,-9130.97,APK Owner,,,MAESTRO-APK-PERSONAL-RELATIONSHIPS-3103 | Celebrations | 9130.97,Android,B63,STRESS_3001_3500,CREATED,idem-20260902-apk-3103
3104,MTR-APK-3104,Group,Shared Living,Shared Living,Maintenance,Expense,2025-09-23,14:09:06,2025-09-23 14:09:06,24960.9,INR,-24960.9,APK Meera,3,EXACT,MAESTRO-APK-GROUP-SHARED_LIVING-3104 | Maintenance | 24960.90,Android,B63,STRESS_3001_3500,CREATED,idem-20260902-apk-3104
3105,MTR-APK-3105,Business,Business,Team Operations,Training,Expense,2026-08-31,12:33:35,2026-08-31 12:33:35,113093.56,INR,-113093.56,APK Owner,,,MAESTRO-APK-BUSINESS-TEAM_OPERATIONS-3105 | Training | 113093.56,Android,B63,STRESS_3001_3500,CREATED,idem-20260902-apk-3105
3106,MTR-APK-3106,Personal,Personal,Life Operations,Groceries,Expense,2026-01-15,12:31:21,2026-01-15 12:31:21,15926.46,INR,-15926.46,APK Owner,,,MAESTRO-APK-PERSONAL-LIFE_OPERATIONS-3106 | Groceries | 15926.46,Android,B63,STRESS_3001_3500,CREATED,idem-20260902-apk-3106
3107,MTR-APK-3107,Group,Shared Living,Shared Living,Other,Expense,2026-01-04,09:34:34,2026-01-04 09:34:34,4005.92,INR,-4005.92,APK Owner,3,SHARES,MAESTRO-APK-GROUP-SHARED_LIVING-3107 | Other | 4005.92,Android,B63,STRESS_3001_3500,CREATED,idem-20260902-apk-3107
3108,MTR-APK-3108,Business,Business,Team Operations,Tools,Expense,2026-02-27,01:27:53,2026-02-27 01:27:53,0.01,INR,-0.01,APK Owner,,,MAESTRO-APK-BUSINESS-TEAM_OPERATIONS-3108 | Tools | 0.01,Android,B63,STRESS_3001_3500,CREATED,idem-20260902-apk-3108
3109,MTR-APK-3109,Personal,Personal,Life Operations,Rent,Expense,2026-01-03,19:04:23,2026-01-03 19:04:23,12190.26,INR,-12190.26,APK Owner,,,MAESTRO-APK-PERSONAL-LIFE_OPERATIONS-3109 | Rent | 12190.26,Android,B63,STRESS_3001_3500,CREATED,idem-20260902-apk-3109
3110,MTR-APK-3110,Group,Shared Living,Family Household,School,Expense,2025-09-22,18:27:18,2025-09-22 18:27:18,27817.35,INR,-27817.35,APK Aarav,3,EQUAL,MAESTRO-APK-GROUP-FAMILY_HOUSEHOLD-3110 | School | 27817.35,Android,B63,STRESS_3001_3500,CREATED,idem-20260902-apk-3110
3111,MTR-APK-3111,Business,Business,Business Runway,Funding,Income,2025-11-03,13:36:12,2025-11-03 13:36:12,103687.89,INR,103687.89,APK Owner,,,MAESTRO-APK-BUSINESS-BUSINESS_RUNWAY-3111 | Funding | 103687.89,Android,B63,STRESS_3001_3500,CREATED,idem-20260902-apk-3111
3112,MTR-APK-3112,Personal,Personal,Life Operations,Bills,Expense,2026-04-29,21:01:13,2026-04-29 21:01:13,17971.25,INR,-17971.25,APK Owner,,,MAESTRO-APK-PERSONAL-LIFE_OPERATIONS-3112 | Bills | 17971.25,Android,B63,STRESS_3001_3500,CREATED,idem-20260902-apk-3112
3113,MTR-APK-3113,Group,Shared Living,Family Household,Other,Expense,2026-07-06,08:45:20,2026-07-06 08:45:20,29289.77,INR,-29289.77,APK Meera,3,PERCENTAGE,MAESTRO-APK-GROUP-FAMILY_HOUSEHOLD-3113 | Other | 29289.77,Android,B63,STRESS_3001_3500,CREATED,idem-20260902-apk-3113
3114,MTR-APK-3114,Business,Business,Business Runway,Revenue,Income,2026-04-08,01:31:36,2026-04-08 01:31:36,71606.03,INR,71606.03,APK Owner,,,MAESTRO-APK-BUSINESS-BUSINESS_RUNWAY-3114 | Revenue | 71606.03,Android,B63,STRESS_3001_3500,CREATED,idem-20260902-apk-3114
3115,MTR-APK-3115,Personal,Personal,Life Operations,Transport,Expense,2025-09-26,22:37:46,2025-09-26 22:37:46,10284.49,INR,-10284.49,APK Owner,,,MAESTRO-APK-PERSONAL-LIFE_OPERATIONS-3115 | Transport | 10284.49,Android,B63,STRESS_3001_3500,CREATED,idem-20260902-apk-3115
3116,MTR-APK-3116,Group,Shared Living,Family Household,Rent,Expense,2026-07-04,03:35:42,2026-07-04 03:35:42,16060.91,INR,-16060.91,APK Owner,3,EXACT,MAESTRO-APK-GROUP-FAMILY_HOUSEHOLD-3116 | Rent | 16060.91,Android,B63,STRESS_3001_3500,CREATED,idem-20260902-apk-3116
3117,MTR-APK-3117,Business,Business,Business Runway,Burn,Expense,2026-04-10,11:58:49,2026-04-10 11:58:49,14463.38,INR,-14463.38,APK Owner,,,MAESTRO-APK-BUSINESS-BUSINESS_RUNWAY-3117 | Burn | 14463.38,Android,B63,STRESS_3001_3500,CREATED,idem-20260902-apk-3117
3118,MTR-APK-3118,Personal,Personal,Life Operations,Healthcare,Expense,2025-11-03,04:15:16,2025-11-03 04:15:16,13628.3,INR,-13628.3,APK Owner,,,MAESTRO-APK-PERSONAL-LIFE_OPERATIONS-3118 | Healthcare | 13628.30,Android,B63,STRESS_3001_3500,CREATED,idem-20260902-apk-3118
3119,MTR-APK-3119,Group,Shared Living,Family Household,Groceries,Expense,2026-01-29,13:52:42,2026-01-29 13:52:42,6994.45,INR,-6994.45,APK Aarav,3,SHARES,MAESTRO-APK-GROUP-FAMILY_HOUSEHOLD-3119 | Groceries | 6994.45,Android,B63,STRESS_3001_3500,CREATED,idem-20260902-apk-3119
3120,MTR-APK-3120,Business,Business,Business Runway,Reserve,Transfer,2026-06-21,06:27:17,2026-06-21 06:27:17,130358.54,INR,0.0,APK Owner,,,MAESTRO-APK-BUSINESS-BUSINESS_RUNWAY-3120 | Reserve | 130358.54,Android,B63,STRESS_3001_3500,CREATED,idem-20260902-apk-3120
3121,MTR-APK-3121,Personal,Personal,Life Operations,Subscriptions,Expense,2025-12-31,06:30:06,2025-12-31 06:30:06,11178.61,INR,-11178.61,APK Owner,,,MAESTRO-APK-PERSONAL-LIFE_OPERATIONS-3121 | Subscriptions | 11178.61,Android,B63,STRESS_3001_3500,CREATED,idem-20260902-apk-3121
3122,MTR-APK-3122,Group,Shared Living,Family Household,Transport,Expense,2026-01-30,16:55:12,2026-01-30 16:55:12,19244.88,INR,-19244.88,APK Meera,3,EQUAL,MAESTRO-APK-GROUP-FAMILY_HOUSEHOLD-3122 | Transport | 19244.88,Android,B63,STRESS_3001_3500,CREATED,idem-20260902-apk-3122
3123,MTR-APK-3123,Business,Business,Business Runway,Loan,Income,2025-10-10,11:07:35,2025-10-10 11:07:35,116199.27,INR,116199.27,APK Owner,,,MAESTRO-APK-BUSINESS-BUSINESS_RUNWAY-3123 | Loan | 116199.27,Android,B63,STRESS_3001_3500,CREATED,idem-20260902-apk-3123
3124,MTR-APK-3124,Personal,Personal,Life Operations,Repairs,Expense,2026-04-30,11:19:03,2026-04-30 11:19:03,12230.68,INR,-12230.68,APK Owner,,,MAESTRO-APK-PERSONAL-LIFE_OPERATIONS-3124 | Repairs | 12230.68,Android,B63,STRESS_3001_3500,CREATED,idem-20260902-apk-3124
3125,MTR-APK-3125,Group,Shared Living,Family Household,Bills,Expense,2026-06-22,17:01:25,2026-06-22 17:01:25,18659.76,INR,-18659.76,APK Owner,3,PERCENTAGE,MAESTRO-APK-GROUP-FAMILY_HOUSEHOLD-3125 | Bills | 18659.76,Android,B63,STRESS_3001_3500,CREATED,idem-20260902-apk-3125
3126,MTR-APK-3126,Business,Business,Business Runway,Investment,Income,2026-04-20,16:57:41,2026-04-20 16:57:41,163448.77,INR,163448.77,APK Owner,,,MAESTRO-APK-BUSINESS-BUSINESS_RUNWAY-3126 | Investment | 163448.77,Android,B63,STRESS_3001_3500,CREATED,idem-20260902-apk-3126
3127,MTR-APK-3127,Personal,Personal,Future Building,Savings,Transfer,2026-04-29,20:11:50,2026-04-29 20:11:50,752.96,INR,0.0,APK Owner,,,MAESTRO-APK-PERSONAL-FUTURE_BUILDING-3127 | Savings | 752.96,Android,B63,STRESS_3001_3500,CREATED,idem-20260902-apk-3127
3128,MTR-APK-3128,Group,Shared Living,Custom Living,Custom Expense,Expense,2026-06-18,08:21:34,2026-06-18 08:21:34,26779.25,INR,-26779.25,APK Aarav,3,EXACT,MAESTRO-APK-GROUP-CUSTOM_LIVING-3128 | Custom Expense | 26779.25,Android,B63,STRESS_3001_3500,CREATED,idem-20260902-apk-3128
3129,MTR-APK-3129,Business,Business,Business Operations,Software,Expense,2026-08-23,11:07:40,2026-08-23 11:07:40,89493.94,INR,-89493.94,APK Owner,,,MAESTRO-APK-BUSINESS-BUSINESS_OPERATIONS-3129 | Software | 89493.94,Android,B63,STRESS_3001_3500,CREATED,idem-20260902-apk-3129
3130,MTR-APK-3130,Personal,Personal,Future Building,Emergency Fund,Transfer,2026-07-25,20:01:17,2026-07-25 20:01:17,9305.54,INR,0.0,APK Owner,,,MAESTRO-APK-PERSONAL-FUTURE_BUILDING-3130 | Emergency Fund | 9305.54,Android,B63,STRESS_3001_3500,CREATED,idem-20260902-apk-3130
3131,MTR-APK-3131,Group,Shared Living,Custom Living,Custom Contribution,Contribution,2025-12-08,13:31:42,2025-12-08 13:31:42,28325.01,INR,28325.01,APK Meera,3,SHARES,MAESTRO-APK-GROUP-CUSTOM_LIVING-3131 | Custom Contribution | 28325.01,Android,B63,STRESS_3001_3500,CREATED,idem-20260902-apk-3131
3132,MTR-APK-3132,Business,Business,Business Operations,Rent,Expense,2026-01-24,15:00:31,2026-01-24 15:00:31,42832.48,INR,-42832.48,APK Owner,,,MAESTRO-APK-BUSINESS-BUSINESS_OPERATIONS-3132 | Rent | 42832.48,Android,B63,STRESS_3001_3500,CREATED,idem-20260902-apk-3132
3133,MTR-APK-3133,Personal,Personal,Future Building,Investments,Investment,2025-11-14,22:29:33,2025-11-14 22:29:33,3535.73,INR,0.0,APK Owner,,,MAESTRO-APK-PERSONAL-FUTURE_BUILDING-3133 | Investments | 3535.73,Android,B63,STRESS_3001_3500,CREATED,idem-20260902-apk-3133
3134,MTR-APK-3134,Group,Shared Experience,Trip,Travel,Expense,2025-09-02,11:07:53,2025-09-02 11:07:53,28651.61,INR,-28651.61,APK Owner,3,EQUAL,MAESTRO-APK-GROUP-TRIP-3134 | Travel | 28651.61,Android,B63,STRESS_3001_3500,CREATED,idem-20260902-apk-3134
3135,MTR-APK-3135,Business,Business,Business Operations,Marketing,Expense,2026-01-01,11:39:01,2026-01-01 11:39:01,110576.05,INR,-110576.05,APK Owner,,,MAESTRO-APK-BUSINESS-BUSINESS_OPERATIONS-3135 | Marketing | 110576.05,Android,B63,STRESS_3001_3500,CREATED,idem-20260902-apk-3135
3136,MTR-APK-3136,Personal,Personal,Future Building,Education,Expense,2026-06-29,05:00:08,2026-06-29 05:00:08,11673.24,INR,-11673.24,APK Owner,,,MAESTRO-APK-PERSONAL-FUTURE_BUILDING-3136 | Education | 11673.24,Android,B63,STRESS_3001_3500,CREATED,idem-20260902-apk-3136
3137,MTR-APK-3137,Group,Shared Experience,Trip,Stay,Expense,2025-10-16,21:18:41,2025-10-16 21:18:41,5777.62,INR,-5777.62,APK Aarav,3,PERCENTAGE,MAESTRO-APK-GROUP-TRIP-3137 | Stay | 5777.62,Android,B63,STRESS_3001_3500,CREATED,idem-20260902-apk-3137
3138,MTR-APK-3138,Business,Business,Business Operations,Legal,Expense,2026-04-22,17:23:09,2026-04-22 17:23:09,112252.74,INR,-112252.74,APK Owner,,,MAESTRO-APK-BUSINESS-BUSINESS_OPERATIONS-3138 | Legal | 112252.74,Android,B63,STRESS_3001_3500,CREATED,idem-20260902-apk-3138
3139,MTR-APK-3139,Personal,Personal,Future Building,Goal Contribution,Transfer,2026-03-26,14:13:35,2026-03-26 14:13:35,16056.24,INR,0.0,APK Owner,,,MAESTRO-APK-PERSONAL-FUTURE_BUILDING-3139 | Goal Contribution | 16056.24,Android,B63,STRESS_3001_3500,CREATED,idem-20260902-apk-3139
3140,MTR-APK-3140,Group,Shared Experience,Trip,Food,Expense,2026-03-24,16:17:23,2026-03-24 16:17:23,23942.22,INR,-23942.22,APK Meera,3,EXACT,MAESTRO-APK-GROUP-TRIP-3140 | Food | 23942.22,Android,B63,STRESS_3001_3500,CREATED,idem-20260902-apk-3140
3141,MTR-APK-3141,Business,Business,Business Operations,Accounting,Expense,2025-10-04,08:34:38,2025-10-04 08:34:38,21565.34,INR,-21565.34,APK Owner,,,MAESTRO-APK-BUSINESS-BUSINESS_OPERATIONS-3141 | Accounting | 21565.34,Android,B63,STRESS_3001_3500,CREATED,idem-20260902-apk-3141
3142,MTR-APK-3142,Personal,Personal,Lifestyle,Dining,Expense,2026-05-24,11:03:49,2026-05-24 11:03:49,16581.52,INR,-16581.52,APK Owner,,,MAESTRO-APK-PERSONAL-LIFESTYLE-3142 | Dining | 16581.52,Android,B63,STRESS_3001_3500,CREATED,idem-20260902-apk-3142
3143,MTR-APK-3143,Group,Shared Experience,Trip,Local Transport,Expense,2026-03-11,17:19:19,2026-03-11 17:19:19,22194.94,INR,-22194.94,APK Owner,3,SHARES,MAESTRO-APK-GROUP-TRIP-3143 | Local Transport | 22194.94,Android,B63,STRESS_3001_3500,CREATED,idem-20260902-apk-3143
3144,MTR-APK-3144,Business,Business,Business Operations,Equipment,Expense,2025-10-25,21:51:43,2025-10-25 21:51:43,141422.59,INR,-141422.59,APK Owner,,,MAESTRO-APK-BUSINESS-BUSINESS_OPERATIONS-3144 | Equipment | 141422.59,Android,B63,STRESS_3001_3500,CREATED,idem-20260902-apk-3144
3145,MTR-APK-3145,Personal,Personal,Lifestyle,Shopping,Expense,2025-12-25,01:05:02,2025-12-25 01:05:02,1.0,INR,-1.0,APK Owner,,,MAESTRO-APK-PERSONAL-LIFESTYLE-3145 | Shopping | 1.00,Android,B63,STRESS_3001_3500,CREATED,idem-20260902-apk-3145
3146,MTR-APK-3146,Group,Shared Experience,Trip,Activities,Expense,2026-01-05,21:03:37,2026-01-05 21:03:37,27090.53,INR,-27090.53,APK Aarav,3,EQUAL,MAESTRO-APK-GROUP-TRIP-3146 | Activities | 27090.53,Android,B63,STRESS_3001_3500,CREATED,idem-20260902-apk-3146
3147,MTR-APK-3147,Business,Business,Business Operations,Vendor,Expense,2026-01-06,07:34:12,2026-01-06 07:34:12,149786.08,INR,-149786.08,APK Owner,,,MAESTRO-APK-BUSINESS-BUSINESS_OPERATIONS-3147 | Vendor | 149786.08,Android,B63,STRESS_3001_3500,CREATED,idem-20260902-apk-3147
3148,MTR-APK-3148,Personal,Personal,Lifestyle,Entertainment,Expense,2025-09-28,17:17:48,2025-09-28 17:17:48,1885.41,INR,-1885.41,APK Owner,,,MAESTRO-APK-PERSONAL-LIFESTYLE-3148 | Entertainment | 1885.41,Android,B63,STRESS_3001_3500,CREATED,idem-20260902-apk-3148
3149,MTR-APK-3149,Group,Shared Experience,Trip,Shopping,Expense,2026-07-23,04:26:11,2026-07-23 04:26:11,6771.91,INR,-6771.91,APK Meera,3,PERCENTAGE,MAESTRO-APK-GROUP-TRIP-3149 | Shopping | 6771.91,Android,B63,STRESS_3001_3500,CREATED,idem-20260902-apk-3149
3150,MTR-APK-3150,Business,Business,Business Operations,Tax,Expense,2026-02-23,04:22:11,2026-02-23 04:22:11,13581.74,INR,-13581.74,APK Owner,,,MAESTRO-APK-BUSINESS-BUSINESS_OPERATIONS-3150 | Tax | 13581.74,Android,B63,STRESS_3001_3500,CREATED,idem-20260902-apk-3150
3151,MTR-APK-3151,Personal,Personal,Lifestyle,Travel,Expense,2026-03-17,19:54:28,2026-03-17 19:54:28,8564.84,INR,-8564.84,APK Owner,,,MAESTRO-APK-PERSONAL-LIFESTYLE-3151 | Travel | 8564.84,Android,B64,STRESS_3001_3500,CREATED,idem-20260902-apk-3151
3152,MTR-APK-3152,Group,Shared Experience,Trip,Other,Expense,2026-07-25,19:28:28,2026-07-25 19:28:28,25497.5,INR,-25497.5,APK Owner,3,EXACT,MAESTRO-APK-GROUP-TRIP-3152 | Other | 25497.50,Android,B64,STRESS_3001_3500,CREATED,idem-20260902-apk-3152
3153,MTR-APK-3153,Business,Business,Team Operations,Payroll,Expense,2025-10-26,19:26:28,2025-10-26 19:26:28,47479.82,INR,-47479.82,APK Owner,,,MAESTRO-APK-BUSINESS-TEAM_OPERATIONS-3153 | Payroll | 47479.82,Android,B64,STRESS_3001_3500,CREATED,idem-20260902-apk-3153
3154,MTR-APK-3154,Personal,Personal,Lifestyle,Fitness,Expense,2025-11-12,19:35:49,2025-11-12 19:35:49,7219.55,INR,-7219.55,APK Owner,,,MAESTRO-APK-PERSONAL-LIFESTYLE-3154 | Fitness | 7219.55,Android,B64,STRESS_3001_3500,CREATED,idem-20260902-apk-3154
3155,MTR-APK-3155,Group,Shared Experience,Wedding,Venue,Expense,2026-02-12,10:25:12,2026-02-12 10:25:12,17764.39,INR,-17764.39,APK Aarav,3,SHARES,MAESTRO-APK-GROUP-WEDDING-3155 | Venue | 17764.39,Android,B64,STRESS_3001_3500,CREATED,idem-20260902-apk-3155
3156,MTR-APK-3156,Business,Business,Team Operations,Contractor,Expense,2026-02-04,13:36:28,2026-02-04 13:36:28,18484.46,INR,-18484.46,APK Owner,,,MAESTRO-APK-BUSINESS-TEAM_OPERATIONS-3156 | Contractor | 18484.46,Android,B64,STRESS_3001_3500,CREATED,idem-20260902-apk-3156
3157,MTR-APK-3157,Personal,Personal,Lifestyle,Hobbies,Expense,2026-06-20,19:27:48,2026-06-20 19:27:48,10117.21,INR,-10117.21,APK Owner,,,MAESTRO-APK-PERSONAL-LIFESTYLE-3157 | Hobbies | 10117.21,Android,B64,STRESS_3001_3500,CREATED,idem-20260902-apk-3157
3158,MTR-APK-3158,Group,Shared Experience,Wedding,Catering,Expense,2026-08-21,19:48:34,2026-08-21 19:48:34,16793.4,INR,-16793.4,APK Meera,3,EQUAL,MAESTRO-APK-GROUP-WEDDING-3158 | Catering | 16793.40,Android,B64,STRESS_3001_3500,CREATED,idem-20260902-apk-3158
3159,MTR-APK-3159,Business,Business,Team Operations,Hiring,Expense,2026-01-03,13:17:19,2026-01-03 13:17:19,129430.13,INR,-129430.13,APK Owner,,,MAESTRO-APK-BUSINESS-TEAM_OPERATIONS-3159 | Hiring | 129430.13,Android,B64,STRESS_3001_3500,CREATED,idem-20260902-apk-3159
3160,MTR-APK-3160,Personal,Personal,Relationships,Gifts,Expense,2025-11-30,05:08:20,2025-11-30 05:08:20,18137.22,INR,-18137.22,APK Owner,,,MAESTRO-APK-PERSONAL-RELATIONSHIPS-3160 | Gifts | 18137.22,Android,B64,STRESS_3001_3500,CREATED,idem-20260902-apk-3160
3161,MTR-APK-3161,Group,Shared Experience,Wedding,Decor,Expense,2026-05-30,22:36:53,2026-05-30 22:36:53,24264.81,INR,-24264.81,APK Owner,3,PERCENTAGE,MAESTRO-APK-GROUP-WEDDING-3161 | Decor | 24264.81,Android,B64,STRESS_3001_3500,CREATED,idem-20260902-apk-3161
3162,MTR-APK-3162,Business,Business,Team Operations,Team Meal,Expense,2026-05-06,14:12:32,2026-05-06 14:12:32,19336.66,INR,-19336.66,APK Owner,,,MAESTRO-APK-BUSINESS-TEAM_OPERATIONS-3162 | Team Meal | 19336.66,Android,B64,STRESS_3001_3500,CREATED,idem-20260902-apk-3162
3163,MTR-APK-3163,Personal,Personal,Relationships,Dates,Expense,2025-10-24,03:11:47,2025-10-24 03:11:47,52.39,INR,-52.39,APK Owner,,,MAESTRO-APK-PERSONAL-RELATIONSHIPS-3163 | Dates | 52.39,Android,B64,STRESS_3001_3500,CREATED,idem-20260902-apk-3163
3164,MTR-APK-3164,Group,Shared Experience,Wedding,Travel,Expense,2026-06-16,16:23:08,2026-06-16 16:23:08,26270.2,INR,-26270.2,APK Aarav,3,EXACT,MAESTRO-APK-GROUP-WEDDING-3164 | Travel | 26270.20,Android,B64,STRESS_3001_3500,CREATED,idem-20260902-apk-3164
3165,MTR-APK-3165,Business,Business,Team Operations,Travel,Expense,2026-07-02,13:27:01,2026-07-02 13:27:01,118430.02,INR,-118430.02,APK Owner,,,MAESTRO-APK-BUSINESS-TEAM_OPERATIONS-3165 | Travel | 118430.02,Android,B64,STRESS_3001_3500,CREATED,idem-20260902-apk-3165
3166,MTR-APK-3166,Personal,Personal,Relationships,Family,Expense,2025-09-12,08:33:16,2025-09-12 08:33:16,15616.63,INR,-15616.63,APK Owner,,,MAESTRO-APK-PERSONAL-RELATIONSHIPS-3166 | Family | 15616.63,Android,B64,STRESS_3001_3500,CREATED,idem-20260902-apk-3166
3167,MTR-APK-3167,Group,Shared Experience,Wedding,Gifts,Expense,2025-10-11,22:38:13,2025-10-11 22:38:13,27851.86,INR,-27851.86,APK Meera,3,SHARES,MAESTRO-APK-GROUP-WEDDING-3167 | Gifts | 27851.86,Android,B64,STRESS_3001_3500,CREATED,idem-20260902-apk-3167
3168,MTR-APK-3168,Business,Business,Team Operations,Training,Expense,2025-09-14,04:42:54,2025-09-14 04:42:54,128379.24,INR,-128379.24,APK Owner,,,MAESTRO-APK-BUSINESS-TEAM_OPERATIONS-3168 | Training | 128379.24,Android,B64,STRESS_3001_3500,CREATED,idem-20260902-apk-3168
3169,MTR-APK-3169,Personal,Personal,Relationships,Friends,Expense,2025-10-09,06:56:41,2025-10-09 06:56:41,1987.63,INR,-1987.63,APK Owner,,,MAESTRO-APK-PERSONAL-RELATIONSHIPS-3169 | Friends | 1987.63,Android,B64,STRESS_3001_3500,CREATED,idem-20260902-apk-3169
3170,MTR-APK-3170,Group,Shared Experience,Wedding,Photography,Expense,2026-06-26,09:46:48,2026-06-26 09:46:48,21875.71,INR,-21875.71,APK Owner,3,EQUAL,MAESTRO-APK-GROUP-WEDDING-3170 | Photography | 21875.71,Android,B64,STRESS_3001_3500,CREATED,idem-20260902-apk-3170
3171,MTR-APK-3171,Business,Business,Team Operations,Tools,Expense,2026-02-04,06:34:18,2026-02-04 06:34:18,71696.49,INR,-71696.49,APK Owner,,,MAESTRO-APK-BUSINESS-TEAM_OPERATIONS-3171 | Tools | 71696.49,Android,B64,STRESS_3001_3500,CREATED,idem-20260902-apk-3171
3172,MTR-APK-3172,Personal,Personal,Relationships,Celebrations,Expense,2025-10-23,03:43:25,2025-10-23 03:43:25,7831.47,INR,-7831.47,APK Owner,,,MAESTRO-APK-PERSONAL-RELATIONSHIPS-3172 | Celebrations | 7831.47,Android,B64,STRESS_3001_3500,CREATED,idem-20260902-apk-3172
3173,MTR-APK-3173,Group,Shared Experience,Wedding,Other,Expense,2026-08-16,14:59:31,2026-08-16 14:59:31,10996.09,INR,-10996.09,APK Aarav,3,PERCENTAGE,MAESTRO-APK-GROUP-WEDDING-3173 | Other | 10996.09,Android,B64,STRESS_3001_3500,CREATED,idem-20260902-apk-3173
3174,MTR-APK-3174,Business,Business,Business Runway,Funding,Income,2026-01-01,18:36:21,2026-01-01 18:36:21,103197.7,INR,103197.7,APK Owner,,,MAESTRO-APK-BUSINESS-BUSINESS_RUNWAY-3174 | Funding | 103197.70,Android,B64,STRESS_3001_3500,CREATED,idem-20260902-apk-3174
3175,MTR-APK-3175,Personal,Personal,Life Operations,Groceries,Expense,2025-12-22,09:51:08,2025-12-22 09:51:08,12018.6,INR,-12018.6,APK Owner,,,MAESTRO-APK-PERSONAL-LIFE_OPERATIONS-3175 | Groceries | 12018.60,Android,B64,STRESS_3001_3500,CREATED,idem-20260902-apk-3175
3176,MTR-APK-3176,Group,Shared Experience,Office Outing,Food,Expense,2026-02-22,13:05:15,2026-02-22 13:05:15,4906.74,INR,-4906.74,APK Meera,3,EXACT,MAESTRO-APK-GROUP-OFFICE_OUTING-3176 | Food | 4906.74,Android,B64,STRESS_3001_3500,CREATED,idem-20260902-apk-3176
3177,MTR-APK-3177,Business,Business,Business Runway,Revenue,Income,2026-02-02,02:21:27,2026-02-02 02:21:27,147748.85,INR,147748.85,APK Owner,,,MAESTRO-APK-BUSINESS-BUSINESS_RUNWAY-3177 | Revenue | 147748.85,Android,B64,STRESS_3001_3500,CREATED,idem-20260902-apk-3177
3178,MTR-APK-3178,Personal,Personal,Life Operations,Rent,Expense,2026-06-26,16:57:15,2026-06-26 16:57:15,10023.72,INR,-10023.72,APK Owner,,,MAESTRO-APK-PERSONAL-LIFE_OPERATIONS-3178 | Rent | 10023.72,Android,B64,STRESS_3001_3500,CREATED,idem-20260902-apk-3178
3179,MTR-APK-3179,Group,Shared Experience,Office Outing,Travel,Expense,2026-08-31,05:23:25,2026-08-31 05:23:25,17617.36,INR,-17617.36,APK Owner,3,SHARES,MAESTRO-APK-GROUP-OFFICE_OUTING-3179 | Travel | 17617.36,Android,B64,STRESS_3001_3500,CREATED,idem-20260902-apk-3179
3180,MTR-APK-3180,Business,Business,Business Runway,Burn,Expense,2026-04-03,23:56:06,2026-04-03 23:56:06,151791.5,INR,-151791.5,APK Owner,,,MAESTRO-APK-BUSINESS-BUSINESS_RUNWAY-3180 | Burn | 151791.50,Android,B64,STRESS_3001_3500,CREATED,idem-20260902-apk-3180
3181,MTR-APK-3181,Personal,Personal,Life Operations,Bills,Expense,2026-01-12,04:38:58,2026-01-12 04:38:58,3189.0,INR,-3189.0,APK Owner,,,MAESTRO-APK-PERSONAL-LIFE_OPERATIONS-3181 | Bills | 3189.00,Android,B64,STRESS_3001_3500,CREATED,idem-20260902-apk-3181
3182,MTR-APK-3182,Group,Shared Experience,Office Outing,Activities,Expense,2026-03-17,13:48:22,2026-03-17 13:48:22,99.99,INR,-99.99,APK Aarav,3,EQUAL,MAESTRO-APK-GROUP-OFFICE_OUTING-3182 | Activities | 99.99,Android,B64,STRESS_3001_3500,CREATED,idem-20260902-apk-3182
3183,MTR-APK-3183,Business,Business,Business Runway,Reserve,Transfer,2025-09-05,12:29:51,2025-09-05 12:29:51,150544.83,INR,0.0,APK Owner,,,MAESTRO-APK-BUSINESS-BUSINESS_RUNWAY-3183 | Reserve | 150544.83,Android,B64,STRESS_3001_3500,CREATED,idem-20260902-apk-3183
3184,MTR-APK-3184,Personal,Personal,Life Operations,Transport,Expense,2026-07-19,18:07:15,2026-07-19 18:07:15,15185.05,INR,-15185.05,APK Owner,,,MAESTRO-APK-PERSONAL-LIFE_OPERATIONS-3184 | Transport | 15185.05,Android,B64,STRESS_3001_3500,CREATED,idem-20260902-apk-3184
3185,MTR-APK-3185,Group,Shared Experience,Office Outing,Venue,Expense,2025-09-02,14:06:12,2025-09-02 14:06:12,3349.16,INR,-3349.16,APK Meera,3,PERCENTAGE,MAESTRO-APK-GROUP-OFFICE_OUTING-3185 | Venue | 3349.16,Android,B64,STRESS_3001_3500,CREATED,idem-20260902-apk-3185
3186,MTR-APK-3186,Business,Business,Business Runway,Loan,Income,2025-12-21,09:34:31,2025-12-21 09:34:31,135513.97,INR,135513.97,APK Owner,,,MAESTRO-APK-BUSINESS-BUSINESS_RUNWAY-3186 | Loan | 135513.97,Android,B64,STRESS_3001_3500,CREATED,idem-20260902-apk-3186
3187,MTR-APK-3187,Personal,Personal,Life Operations,Healthcare,Expense,2026-05-05,10:13:19,2026-05-05 10:13:19,1600.57,INR,-1600.57,APK Owner,,,MAESTRO-APK-PERSONAL-LIFE_OPERATIONS-3187 | Healthcare | 1600.57,Android,B64,STRESS_3001_3500,CREATED,idem-20260902-apk-3187
3188,MTR-APK-3188,Group,Shared Experience,Office Outing,Other,Expense,2025-09-04,12:58:04,2025-09-04 12:58:04,11771.08,INR,-11771.08,APK Owner,3,EXACT,MAESTRO-APK-GROUP-OFFICE_OUTING-3188 | Other | 11771.08,Android,B64,STRESS_3001_3500,CREATED,idem-20260902-apk-3188
3189,MTR-APK-3189,Business,Business,Business Runway,Investment,Income,2026-05-08,00:35:30,2026-05-08 00:35:30,59849.45,INR,59849.45,APK Owner,,,MAESTRO-APK-BUSINESS-BUSINESS_RUNWAY-3189 | Investment | 59849.45,Android,B64,STRESS_3001_3500,CREATED,idem-20260902-apk-3189
3190,MTR-APK-3190,Personal,Personal,Life Operations,Subscriptions,Expense,2026-06-21,18:04:09,2026-06-21 18:04:09,9341.76,INR,-9341.76,APK Owner,,,MAESTRO-APK-PERSONAL-LIFE_OPERATIONS-3190 | Subscriptions | 9341.76,Android,B64,STRESS_3001_3500,CREATED,idem-20260902-apk-3190
3191,MTR-APK-3191,Group,Shared Experience,House Party,Food,Expense,2026-07-10,00:54:16,2026-07-10 00:54:16,17932.75,INR,-17932.75,APK Aarav,3,SHARES,MAESTRO-APK-GROUP-HOUSE_PARTY-3191 | Food | 17932.75,Android,B64,STRESS_3001_3500,CREATED,idem-20260902-apk-3191
3192,MTR-APK-3192,Business,Business,Business Operations,Software,Expense,2025-12-10,18:56:22,2025-12-10 18:56:22,80145.99,INR,-80145.99,APK Owner,,,MAESTRO-APK-BUSINESS-BUSINESS_OPERATIONS-3192 | Software | 80145.99,Android,B64,STRESS_3001_3500,CREATED,idem-20260902-apk-3192
3193,MTR-APK-3193,Personal,Personal,Life Operations,Repairs,Expense,2026-08-04,19:38:38,2026-08-04 19:38:38,6259.17,INR,-6259.17,APK Owner,,,MAESTRO-APK-PERSONAL-LIFE_OPERATIONS-3193 | Repairs | 6259.17,Android,B64,STRESS_3001_3500,CREATED,idem-20260902-apk-3193
3194,MTR-APK-3194,Group,Shared Experience,House Party,Drinks,Expense,2026-01-25,19:30:23,2026-01-25 19:30:23,4029.51,INR,-4029.51,APK Meera,3,EQUAL,MAESTRO-APK-GROUP-HOUSE_PARTY-3194 | Drinks | 4029.51,Android,B64,STRESS_3001_3500,CREATED,idem-20260902-apk-3194
3195,MTR-APK-3195,Business,Business,Business Operations,Rent,Expense,2026-05-09,10:59:04,2026-05-09 10:59:04,13686.96,INR,-13686.96,APK Owner,,,MAESTRO-APK-BUSINESS-BUSINESS_OPERATIONS-3195 | Rent | 13686.96,Android,B64,STRESS_3001_3500,CREATED,idem-20260902-apk-3195
3196,MTR-APK-3196,Personal,Personal,Future Building,Savings,Transfer,2026-08-24,15:38:48,2026-08-24 15:38:48,18009.43,INR,0.0,APK Owner,,,MAESTRO-APK-PERSONAL-FUTURE_BUILDING-3196 | Savings | 18009.43,Android,B64,STRESS_3001_3500,CREATED,idem-20260902-apk-3196
3197,MTR-APK-3197,Group,Shared Experience,House Party,Decor,Expense,2026-05-17,07:08:41,2026-05-17 07:08:41,19012.85,INR,-19012.85,APK Owner,3,PERCENTAGE,MAESTRO-APK-GROUP-HOUSE_PARTY-3197 | Decor | 19012.85,Android,B64,STRESS_3001_3500,CREATED,idem-20260902-apk-3197
3198,MTR-APK-3198,Business,Business,Business Operations,Marketing,Expense,2026-05-03,15:11:08,2026-05-03 15:11:08,63971.43,INR,-63971.43,APK Owner,,,MAESTRO-APK-BUSINESS-BUSINESS_OPERATIONS-3198 | Marketing | 63971.43,Android,B64,STRESS_3001_3500,CREATED,idem-20260902-apk-3198
3199,MTR-APK-3199,Personal,Personal,Future Building,Emergency Fund,Transfer,2025-12-27,14:21:00,2025-12-27 14:21:00,18451.47,INR,0.0,APK Owner,,,MAESTRO-APK-PERSONAL-FUTURE_BUILDING-3199 | Emergency Fund | 18451.47,Android,B64,STRESS_3001_3500,CREATED,idem-20260902-apk-3199
3200,MTR-APK-3200,Group,Shared Experience,House Party,Supplies,Expense,2025-10-08,03:51:03,2025-10-08 03:51:03,13856.86,INR,-13856.86,APK Aarav,3,EXACT,MAESTRO-APK-GROUP-HOUSE_PARTY-3200 | Supplies | 13856.86,Android,B64,STRESS_3001_3500,CREATED,idem-20260902-apk-3200
3201,MTR-APK-3201,Business,Business,Business Operations,Legal,Expense,2026-07-11,19:59:27,2026-07-11 19:59:27,126488.57,INR,-126488.57,APK Owner,,,MAESTRO-APK-BUSINESS-BUSINESS_OPERATIONS-3201 | Legal | 126488.57,Android,B65,STRESS_3001_3500,CREATED,idem-20260902-apk-3201
3202,MTR-APK-3202,Personal,Personal,Future Building,Investments,Investment,2026-02-10,04:42:19,2026-02-10 04:42:19,12649.75,INR,0.0,APK Owner,,,MAESTRO-APK-PERSONAL-FUTURE_BUILDING-3202 | Investments | 12649.75,Android,B65,STRESS_3001_3500,CREATED,idem-20260902-apk-3202
3203,MTR-APK-3203,Group,Shared Experience,House Party,Other,Expense,2026-08-17,23:09:02,2026-08-17 23:09:02,20363.3,INR,-20363.3,APK Meera,3,SHARES,MAESTRO-APK-GROUP-HOUSE_PARTY-3203 | Other | 20363.30,Android,B65,STRESS_3001_3500,CREATED,idem-20260902-apk-3203
3204,MTR-APK-3204,Business,Business,Business Operations,Accounting,Expense,2026-05-27,22:24:01,2026-05-27 22:24:01,139701.44,INR,-139701.44,APK Owner,,,MAESTRO-APK-BUSINESS-BUSINESS_OPERATIONS-3204 | Accounting | 139701.44,Android,B65,STRESS_3001_3500,CREATED,idem-20260902-apk-3204
3205,MTR-APK-3205,Personal,Personal,Future Building,Education,Expense,2026-02-04,12:51:39,2026-02-04 12:51:39,474.56,INR,-474.56,APK Owner,,,MAESTRO-APK-PERSONAL-FUTURE_BUILDING-3205 | Education | 474.56,Android,B65,STRESS_3001_3500,CREATED,idem-20260902-apk-3205
3206,MTR-APK-3206,Group,Shared Purchase,Gift Pool,Contribution,Contribution,2026-02-27,00:27:16,2026-02-27 00:27:16,10464.18,INR,10464.18,APK Owner,3,EQUAL,MAESTRO-APK-GROUP-GIFT_POOL-3206 | Contribution | 10464.18,Android,B65,STRESS_3001_3500,CREATED,idem-20260902-apk-3206
3207,MTR-APK-3207,Business,Business,Business Operations,Equipment,Expense,2026-01-08,09:43:39,2026-01-08 09:43:39,19855.36,INR,-19855.36,APK Owner,,,MAESTRO-APK-BUSINESS-BUSINESS_OPERATIONS-3207 | Equipment | 19855.36,Android,B65,STRESS_3001_3500,CREATED,idem-20260902-apk-3207
3208,MTR-APK-3208,Personal,Personal,Future Building,Goal Contribution,Transfer,2026-01-31,06:37:29,2026-01-31 06:37:29,4807.94,INR,0.0,APK Owner,,,MAESTRO-APK-PERSONAL-FUTURE_BUILDING-3208 | Goal Contribution | 4807.94,Android,B65,STRESS_3001_3500,CREATED,idem-20260902-apk-3208
3209,MTR-APK-3209,Group,Shared Purchase,Gift Pool,Gift Purchase,Expense,2026-08-16,01:43:41,2026-08-16 01:43:41,16466.99,INR,-16466.99,APK Aarav,3,PERCENTAGE,MAESTRO-APK-GROUP-GIFT_POOL-3209 | Gift Purchase | 16466.99,Android,B65,STRESS_3001_3500,CREATED,idem-20260902-apk-3209
3210,MTR-APK-3210,Business,Business,Business Operations,Vendor,Expense,2025-11-07,08:49:47,2025-11-07 08:49:47,156358.76,INR,-156358.76,APK Owner,,,MAESTRO-APK-BUSINESS-BUSINESS_OPERATIONS-3210 | Vendor | 156358.76,Android,B65,STRESS_3001_3500,CREATED,idem-20260902-apk-3210
3211,MTR-APK-3211,Personal,Personal,Lifestyle,Dining,Expense,2026-09-01,16:15:20,2026-09-01 16:15:20,12692.07,INR,-12692.07,APK Owner,,,MAESTRO-APK-PERSONAL-LIFESTYLE-3211 | Dining | 12692.07,Android,B65,STRESS_3001_3500,CREATED,idem-20260902-apk-3211
3212,MTR-APK-3212,Group,Shared Purchase,Gift Pool,Delivery,Expense,2026-04-03,12:48:00,2026-04-03 12:48:00,12824.15,INR,-12824.15,APK Meera,3,EXACT,MAESTRO-APK-GROUP-GIFT_POOL-3212 | Delivery | 12824.15,Android,B65,STRESS_3001_3500,CREATED,idem-20260902-apk-3212
3213,MTR-APK-3213,Business,Business,Business Operations,Tax,Expense,2026-03-02,02:55:36,2026-03-02 02:55:36,59972.3,INR,-59972.3,APK Owner,,,MAESTRO-APK-BUSINESS-BUSINESS_OPERATIONS-3213 | Tax | 59972.30,Android,B65,STRESS_3001_3500,CREATED,idem-20260902-apk-3213
3214,MTR-APK-3214,Personal,Personal,Lifestyle,Shopping,Expense,2026-02-06,18:42:57,2026-02-06 18:42:57,7569.73,INR,-7569.73,APK Owner,,,MAESTRO-APK-PERSONAL-LIFESTYLE-3214 | Shopping | 7569.73,Android,B65,STRESS_3001_3500,CREATED,idem-20260902-apk-3214
3215,MTR-APK-3215,Group,Shared Purchase,Gift Pool,Other,Expense,2026-04-24,19:36:26,2026-04-24 19:36:26,25888.43,INR,-25888.43,APK Owner,3,SHARES,MAESTRO-APK-GROUP-GIFT_POOL-3215 | Other | 25888.43,Android,B65,STRESS_3001_3500,CREATED,idem-20260902-apk-3215
3216,MTR-APK-3216,Business,Business,Team Operations,Payroll,Expense,2025-11-09,09:59:16,2025-11-09 09:59:16,67732.59,INR,-67732.59,APK Owner,,,MAESTRO-APK-BUSINESS-TEAM_OPERATIONS-3216 | Payroll | 67732.59,Android,B65,STRESS_3001_3500,CREATED,idem-20260902-apk-3216
3217,MTR-APK-3217,Personal,Personal,Lifestyle,Entertainment,Expense,2026-06-03,11:03:41,2026-06-03 11:03:41,2880.35,INR,-2880.35,APK Owner,,,MAESTRO-APK-PERSONAL-LIFESTYLE-3217 | Entertainment | 2880.35,Android,B65,STRESS_3001_3500,CREATED,idem-20260902-apk-3217
3218,MTR-APK-3218,Group,Shared Purchase,Purchase,Item,Expense,2026-01-24,08:29:23,2026-01-24 08:29:23,10931.53,INR,-10931.53,APK Aarav,3,EQUAL,MAESTRO-APK-GROUP-PURCHASE-3218 | Item | 10931.53,Android,B65,STRESS_3001_3500,CREATED,idem-20260902-apk-3218
3219,MTR-APK-3219,Business,Business,Team Operations,Contractor,Expense,2026-01-16,08:58:34,2026-01-16 08:58:34,100.0,INR,-100.0,APK Owner,,,MAESTRO-APK-BUSINESS-TEAM_OPERATIONS-3219 | Contractor | 100.00,Android,B65,STRESS_3001_3500,CREATED,idem-20260902-apk-3219
3220,MTR-APK-3220,Personal,Personal,Lifestyle,Travel,Expense,2026-08-03,01:57:58,2026-08-03 01:57:58,17311.14,INR,-17311.14,APK Owner,,,MAESTRO-APK-PERSONAL-LIFESTYLE-3220 | Travel | 17311.14,Android,B65,STRESS_3001_3500,CREATED,idem-20260902-apk-3220
3221,MTR-APK-3221,Group,Shared Purchase,Purchase,Shipping,Expense,2026-02-04,18:21:25,2026-02-04 18:21:25,12328.34,INR,-12328.34,APK Meera,3,PERCENTAGE,MAESTRO-APK-GROUP-PURCHASE-3221 | Shipping | 12328.34,Android,B65,STRESS_3001_3500,CREATED,idem-20260902-apk-3221
3222,MTR-APK-3222,Business,Business,Team Operations,Hiring,Expense,2026-08-26,04:16:36,2026-08-26 04:16:36,25106.71,INR,-25106.71,APK Owner,,,MAESTRO-APK-BUSINESS-TEAM_OPERATIONS-3222 | Hiring | 25106.71,Android,B65,STRESS_3001_3500,CREATED,idem-20260902-apk-3222
3223,MTR-APK-3223,Personal,Personal,Lifestyle,Fitness,Expense,2025-10-13,11:59:04,2025-10-13 11:59:04,10037.74,INR,-10037.74,APK Owner,,,MAESTRO-APK-PERSONAL-LIFESTYLE-3223 | Fitness | 10037.74,Android,B65,STRESS_3001_3500,CREATED,idem-20260902-apk-3223
3224,MTR-APK-3224,Group,Shared Purchase,Purchase,Tax,Expense,2025-09-10,15:43:47,2025-09-10 15:43:47,24127.13,INR,-24127.13,APK Owner,3,EXACT,MAESTRO-APK-GROUP-PURCHASE-3224 | Tax | 24127.13,Android,B65,STRESS_3001_3500,CREATED,idem-20260902-apk-3224
3225,MTR-APK-3225,Business,Business,Team Operations,Team Meal,Expense,2026-07-03,11:10:01,2026-07-03 11:10:01,111120.55,INR,-111120.55,APK Owner,,,MAESTRO-APK-BUSINESS-TEAM_OPERATIONS-3225 | Team Meal | 111120.55,Android,B65,STRESS_3001_3500,CREATED,idem-20260902-apk-3225
3226,MTR-APK-3226,Personal,Personal,Lifestyle,Hobbies,Expense,2025-10-21,13:29:24,2025-10-21 13:29:24,6936.34,INR,-6936.34,APK Owner,,,MAESTRO-APK-PERSONAL-LIFESTYLE-3226 | Hobbies | 6936.34,Android,B65,STRESS_3001_3500,CREATED,idem-20260902-apk-3226
3227,MTR-APK-3227,Group,Shared Purchase,Purchase,Other,Expense,2025-10-24,16:27:26,2025-10-24 16:27:26,21375.27,INR,-21375.27,APK Aarav,3,SHARES,MAESTRO-APK-GROUP-PURCHASE-3227 | Other | 21375.27,Android,B65,STRESS_3001_3500,CREATED,idem-20260902-apk-3227
3228,MTR-APK-3228,Business,Business,Team Operations,Travel,Expense,2025-09-02,09:02:30,2025-09-02 09:02:30,41843.23,INR,-41843.23,APK Owner,,,MAESTRO-APK-BUSINESS-TEAM_OPERATIONS-3228 | Travel | 41843.23,Android,B65,STRESS_3001_3500,CREATED,idem-20260902-apk-3228
3229,MTR-APK-3229,Personal,Personal,Relationships,Gifts,Expense,2026-04-17,01:49:00,2026-04-17 01:49:00,8500.15,INR,-8500.15,APK Owner,,,MAESTRO-APK-PERSONAL-RELATIONSHIPS-3229 | Gifts | 8500.15,Android,B65,STRESS_3001_3500,CREATED,idem-20260902-apk-3229
3230,MTR-APK-3230,Group,Shared Purchase,Assets,Purchase,Expense,2025-10-12,19:30:57,2025-10-12 19:30:57,22412.83,INR,-22412.83,APK Meera,3,EQUAL,MAESTRO-APK-GROUP-ASSETS-3230 | Purchase | 22412.83,Android,B65,STRESS_3001_3500,CREATED,idem-20260902-apk-3230
3231,MTR-APK-3231,Business,Business,Team Operations,Training,Expense,2026-03-04,01:47:04,2026-03-04 01:47:04,94379.66,INR,-94379.66,APK Owner,,,MAESTRO-APK-BUSINESS-TEAM_OPERATIONS-3231 | Training | 94379.66,Android,B65,STRESS_3001_3500,CREATED,idem-20260902-apk-3231
3232,MTR-APK-3232,Personal,Personal,Relationships,Dates,Expense,2025-11-15,14:04:21,2025-11-15 14:04:21,8128.48,INR,-8128.48,APK Owner,,,MAESTRO-APK-PERSONAL-RELATIONSHIPS-3232 | Dates | 8128.48,Android,B65,STRESS_3001_3500,CREATED,idem-20260902-apk-3232
3233,MTR-APK-3233,Group,Shared Purchase,Assets,Maintenance,Expense,2025-09-26,09:27:24,2025-09-26 09:27:24,19336.51,INR,-19336.51,APK Owner,3,PERCENTAGE,MAESTRO-APK-GROUP-ASSETS-3233 | Maintenance | 19336.51,Android,B65,STRESS_3001_3500,CREATED,idem-20260902-apk-3233
3234,MTR-APK-3234,Business,Business,Team Operations,Tools,Expense,2026-03-20,21:39:12,2026-03-20 21:39:12,170454.63,INR,-170454.63,APK Owner,,,MAESTRO-APK-BUSINESS-TEAM_OPERATIONS-3234 | Tools | 170454.63,Android,B65,STRESS_3001_3500,CREATED,idem-20260902-apk-3234
3235,MTR-APK-3235,Personal,Personal,Relationships,Family,Expense,2025-10-21,21:25:27,2025-10-21 21:25:27,16965.14,INR,-16965.14,APK Owner,,,MAESTRO-APK-PERSONAL-RELATIONSHIPS-3235 | Family | 16965.14,Android,B65,STRESS_3001_3500,CREATED,idem-20260902-apk-3235
3236,MTR-APK-3236,Group,Shared Purchase,Assets,Repair,Expense,2026-06-28,07:40:52,2026-06-28 07:40:52,16591.92,INR,-16591.92,APK Aarav,3,EXACT,MAESTRO-APK-GROUP-ASSETS-3236 | Repair | 16591.92,Android,B65,STRESS_3001_3500,CREATED,idem-20260902-apk-3236
3237,MTR-APK-3237,Business,Business,Business Runway,Funding,Income,2025-10-09,22:42:14,2025-10-09 22:42:14,122361.79,INR,122361.79,APK Owner,,,MAESTRO-APK-BUSINESS-BUSINESS_RUNWAY-3237 | Funding | 122361.79,Android,B65,STRESS_3001_3500,CREATED,idem-20260902-apk-3237
3238,MTR-APK-3238,Personal,Personal,Relationships,Friends,Expense,2025-09-26,00:32:00,2025-09-26 00:32:00,2056.27,INR,-2056.27,APK Owner,,,MAESTRO-APK-PERSONAL-RELATIONSHIPS-3238 | Friends | 2056.27,Android,B65,STRESS_3001_3500,CREATED,idem-20260902-apk-3238
3239,MTR-APK-3239,Group,Shared Purchase,Assets,Insurance,Expense,2025-11-08,23:20:36,2025-11-08 23:20:36,15566.77,INR,-15566.77,APK Meera,3,SHARES,MAESTRO-APK-GROUP-ASSETS-3239 | Insurance | 15566.77,Android,B65,STRESS_3001_3500,CREATED,idem-20260902-apk-3239
3240,MTR-APK-3240,Business,Business,Business Runway,Revenue,Income,2026-04-01,08:11:21,2026-04-01 08:11:21,57037.12,INR,57037.12,APK Owner,,,MAESTRO-APK-BUSINESS-BUSINESS_RUNWAY-3240 | Revenue | 57037.12,Android,B65,STRESS_3001_3500,CREATED,idem-20260902-apk-3240
3241,MTR-APK-3241,Personal,Personal,Relationships,Celebrations,Expense,2026-03-24,15:50:39,2026-03-24 15:50:39,12655.38,INR,-12655.38,APK Owner,,,MAESTRO-APK-PERSONAL-RELATIONSHIPS-3241 | Celebrations | 12655.38,Android,B65,STRESS_3001_3500,CREATED,idem-20260902-apk-3241
3242,MTR-APK-3242,Group,Shared Purchase,Assets,Other,Expense,2026-05-26,22:29:36,2026-05-26 22:29:36,9035.56,INR,-9035.56,APK Owner,3,EQUAL,MAESTRO-APK-GROUP-ASSETS-3242 | Other | 9035.56,Android,B65,STRESS_3001_3500,CREATED,idem-20260902-apk-3242
3243,MTR-APK-3243,Business,Business,Business Runway,Burn,Expense,2025-09-28,08:03:29,2025-09-28 08:03:29,62556.1,INR,-62556.1,APK Owner,,,MAESTRO-APK-BUSINESS-BUSINESS_RUNWAY-3243 | Burn | 62556.10,Android,B65,STRESS_3001_3500,CREATED,idem-20260902-apk-3243
3244,MTR-APK-3244,Personal,Personal,Life Operations,Groceries,Expense,2026-01-18,06:05:26,2026-01-18 06:05:26,8134.62,INR,-8134.62,APK Owner,,,MAESTRO-APK-PERSONAL-LIFE_OPERATIONS-3244 | Groceries | 8134.62,Android,B65,STRESS_3001_3500,CREATED,idem-20260902-apk-3244
3245,MTR-APK-3245,Group,Shared Purchase,Custom Purchase,Custom Expense,Expense,2025-10-28,08:30:53,2025-10-28 08:30:53,27346.86,INR,-27346.86,APK Aarav,3,PERCENTAGE,MAESTRO-APK-GROUP-CUSTOM_PURCHASE-3245 | Custom Expense | 27346.86,Android,B65,STRESS_3001_3500,CREATED,idem-20260902-apk-3245
3246,MTR-APK-3246,Business,Business,Business Runway,Reserve,Transfer,2026-04-12,04:25:08,2026-04-12 04:25:08,38435.14,INR,0.0,APK Owner,,,MAESTRO-APK-BUSINESS-BUSINESS_RUNWAY-3246 | Reserve | 38435.14,Android,B65,STRESS_3001_3500,CREATED,idem-20260902-apk-3246
3247,MTR-APK-3247,Personal,Personal,Life Operations,Rent,Expense,2026-02-08,22:53:19,2026-02-08 22:53:19,9935.01,INR,-9935.01,APK Owner,,,MAESTRO-APK-PERSONAL-LIFE_OPERATIONS-3247 | Rent | 9935.01,Android,B65,STRESS_3001_3500,CREATED,idem-20260902-apk-3247
3248,MTR-APK-3248,Group,Shared Purchase,Custom Purchase,Custom Contribution,Contribution,2026-08-21,03:37:15,2026-08-21 03:37:15,16950.5,INR,16950.5,APK Meera,3,EXACT,MAESTRO-APK-GROUP-CUSTOM_PURCHASE-3248 | Custom Contribution | 16950.50,Android,B65,STRESS_3001_3500,CREATED,idem-20260902-apk-3248
3249,MTR-APK-3249,Business,Business,Business Runway,Loan,Income,2026-05-21,14:52:55,2026-05-21 14:52:55,143012.41,INR,143012.41,APK Owner,,,MAESTRO-APK-BUSINESS-BUSINESS_RUNWAY-3249 | Loan | 143012.41,Android,B65,STRESS_3001_3500,CREATED,idem-20260902-apk-3249
3250,MTR-APK-3250,Personal,Personal,Life Operations,Bills,Expense,2025-11-22,20:37:05,2025-11-22 20:37:05,10304.31,INR,-10304.31,APK Owner,,,MAESTRO-APK-PERSONAL-LIFE_OPERATIONS-3250 | Bills | 10304.31,Android,B65,STRESS_3001_3500,CREATED,idem-20260902-apk-3250
3251,MTR-APK-3251,Group,Shared Living,Flatmates,Rent,Expense,2026-06-24,02:23:24,2026-06-24 02:23:24,17980.24,INR,-17980.24,APK Owner,3,SHARES,MAESTRO-APK-GROUP-FLATMATES-3251 | Rent | 17980.24,Android,B66,STRESS_3001_3500,CREATED,idem-20260902-apk-3251
3252,MTR-APK-3252,Business,Business,Business Runway,Investment,Income,2026-04-27,02:53:54,2026-04-27 02:53:54,96618.14,INR,96618.14,APK Owner,,,MAESTRO-APK-BUSINESS-BUSINESS_RUNWAY-3252 | Investment | 96618.14,Android,B66,STRESS_3001_3500,CREATED,idem-20260902-apk-3252
3253,MTR-APK-3253,Personal,Personal,Life Operations,Transport,Expense,2026-08-25,20:53:42,2026-08-25 20:53:42,65.57,INR,-65.57,APK Owner,,,MAESTRO-APK-PERSONAL-LIFE_OPERATIONS-3253 | Transport | 65.57,Android,B66,STRESS_3001_3500,CREATED,idem-20260902-apk-3253
3254,MTR-APK-3254,Group,Shared Living,Flatmates,Utilities,Expense,2026-05-08,16:09:12,2026-05-08 16:09:12,1465.62,INR,-1465.62,APK Aarav,3,EQUAL,MAESTRO-APK-GROUP-FLATMATES-3254 | Utilities | 1465.62,Android,B66,STRESS_3001_3500,CREATED,idem-20260902-apk-3254
3255,MTR-APK-3255,Business,Business,Business Operations,Software,Expense,2026-05-13,10:41:41,2026-05-13 10:41:41,6572.94,INR,-6572.94,APK Owner,,,MAESTRO-APK-BUSINESS-BUSINESS_OPERATIONS-3255 | Software | 6572.94,Android,B66,STRESS_3001_3500,CREATED,idem-20260902-apk-3255
3256,MTR-APK-3256,Personal,Personal,Life Operations,Healthcare,Expense,2025-10-13,09:05:30,2025-10-13 09:05:30,999.99,INR,-999.99,APK Owner,,,MAESTRO-APK-PERSONAL-LIFE_OPERATIONS-3256 | Healthcare | 999.99,Android,B66,STRESS_3001_3500,CREATED,idem-20260902-apk-3256
3257,MTR-APK-3257,Group,Shared Living,Flatmates,Groceries,Expense,2026-02-13,04:06:42,2026-02-13 04:06:42,22143.04,INR,-22143.04,APK Meera,3,PERCENTAGE,MAESTRO-APK-GROUP-FLATMATES-3257 | Groceries | 22143.04,Android,B66,STRESS_3001_3500,CREATED,idem-20260902-apk-3257
3258,MTR-APK-3258,Business,Business,Business Operations,Rent,Expense,2025-11-15,04:58:50,2025-11-15 04:58:50,84007.22,INR,-84007.22,APK Owner,,,MAESTRO-APK-BUSINESS-BUSINESS_OPERATIONS-3258 | Rent | 84007.22,Android,B66,STRESS_3001_3500,CREATED,idem-20260902-apk-3258
3259,MTR-APK-3259,Personal,Personal,Life Operations,Subscriptions,Expense,2025-09-30,05:22:42,2025-09-30 05:22:42,9333.66,INR,-9333.66,APK Owner,,,MAESTRO-APK-PERSONAL-LIFE_OPERATIONS-3259 | Subscriptions | 9333.66,Android,B66,STRESS_3001_3500,CREATED,idem-20260902-apk-3259
3260,MTR-APK-3260,Group,Shared Living,Flatmates,Internet,Expense,2026-08-27,01:37:31,2026-08-27 01:37:31,28658.01,INR,-28658.01,APK Owner,3,EXACT,MAESTRO-APK-GROUP-FLATMATES-3260 | Internet | 28658.01,Android,B66,STRESS_3001_3500,CREATED,idem-20260902-apk-3260
3261,MTR-APK-3261,Business,Business,Business Operations,Marketing,Expense,2025-11-15,20:01:53,2025-11-15 20:01:53,158204.49,INR,-158204.49,APK Owner,,,MAESTRO-APK-BUSINESS-BUSINESS_OPERATIONS-3261 | Marketing | 158204.49,Android,B66,STRESS_3001_3500,CREATED,idem-20260902-apk-3261
3262,MTR-APK-3262,Personal,Personal,Life Operations,Repairs,Expense,2026-06-30,16:25:25,2026-06-30 16:25:25,1336.11,INR,-1336.11,APK Owner,,,MAESTRO-APK-PERSONAL-LIFE_OPERATIONS-3262 | Repairs | 1336.11,Android,B66,STRESS_3001_3500,CREATED,idem-20260902-apk-3262
3263,MTR-APK-3263,Group,Shared Living,Flatmates,House Supplies,Expense,2026-03-05,19:20:40,2026-03-05 19:20:40,23670.42,INR,-23670.42,APK Aarav,3,SHARES,MAESTRO-APK-GROUP-FLATMATES-3263 | House Supplies | 23670.42,Android,B66,STRESS_3001_3500,CREATED,idem-20260902-apk-3263
3264,MTR-APK-3264,Business,Business,Business Operations,Legal,Expense,2026-07-31,10:25:15,2026-07-31 10:25:15,179579.99,INR,-179579.99,APK Owner,,,MAESTRO-APK-BUSINESS-BUSINESS_OPERATIONS-3264 | Legal | 179579.99,Android,B66,STRESS_3001_3500,CREATED,idem-20260902-apk-3264
3265,MTR-APK-3265,Personal,Personal,Future Building,Savings,Transfer,2025-09-11,10:26:10,2025-09-11 10:26:10,286.95,INR,0.0,APK Owner,,,MAESTRO-APK-PERSONAL-FUTURE_BUILDING-3265 | Savings | 286.95,Android,B66,STRESS_3001_3500,CREATED,idem-20260902-apk-3265
3266,MTR-APK-3266,Group,Shared Living,Flatmates,Repairs,Expense,2026-08-04,10:58:50,2026-08-04 10:58:50,4901.39,INR,-4901.39,APK Meera,3,EQUAL,MAESTRO-APK-GROUP-FLATMATES-3266 | Repairs | 4901.39,Android,B66,STRESS_3001_3500,CREATED,idem-20260902-apk-3266
3267,MTR-APK-3267,Business,Business,Business Operations,Accounting,Expense,2026-08-31,14:38:35,2026-08-31 14:38:35,106564.84,INR,-106564.84,APK Owner,,,MAESTRO-APK-BUSINESS-BUSINESS_OPERATIONS-3267 | Accounting | 106564.84,Android,B66,STRESS_3001_3500,CREATED,idem-20260902-apk-3267
3268,MTR-APK-3268,Personal,Personal,Future Building,Emergency Fund,Transfer,2026-03-31,15:26:46,2026-03-31 15:26:46,12163.4,INR,0.0,APK Owner,,,MAESTRO-APK-PERSONAL-FUTURE_BUILDING-3268 | Emergency Fund | 12163.40,Android,B66,STRESS_3001_3500,CREATED,idem-20260902-apk-3268
3269,MTR-APK-3269,Group,Shared Living,Shared Living,Rent,Expense,2026-03-11,01:13:47,2026-03-11 01:13:47,22263.57,INR,-22263.57,APK Owner,3,PERCENTAGE,MAESTRO-APK-GROUP-SHARED_LIVING-3269 | Rent | 22263.57,Android,B66,STRESS_3001_3500,CREATED,idem-20260902-apk-3269
3270,MTR-APK-3270,Business,Business,Business Operations,Equipment,Expense,2025-11-04,12:23:58,2025-11-04 12:23:58,115657.79,INR,-115657.79,APK Owner,,,MAESTRO-APK-BUSINESS-BUSINESS_OPERATIONS-3270 | Equipment | 115657.79,Android,B66,STRESS_3001_3500,CREATED,idem-20260902-apk-3270
3271,MTR-APK-3271,Personal,Personal,Future Building,Investments,Investment,2025-10-25,10:37:13,2025-10-25 10:37:13,11801.41,INR,0.0,APK Owner,,,MAESTRO-APK-PERSONAL-FUTURE_BUILDING-3271 | Investments | 11801.41,Android,B66,STRESS_3001_3500,CREATED,idem-20260902-apk-3271
3272,MTR-APK-3272,Group,Shared Living,Shared Living,Utilities,Expense,2026-03-21,02:31:37,2026-03-21 02:31:37,27068.81,INR,-27068.81,APK Aarav,3,EXACT,MAESTRO-APK-GROUP-SHARED_LIVING-3272 | Utilities | 27068.81,Android,B66,STRESS_3001_3500,CREATED,idem-20260902-apk-3272
3273,MTR-APK-3273,Business,Business,Business Operations,Vendor,Expense,2025-09-20,03:12:14,2025-09-20 03:12:14,168030.56,INR,-168030.56,APK Owner,,,MAESTRO-APK-BUSINESS-BUSINESS_OPERATIONS-3273 | Vendor | 168030.56,Android,B66,STRESS_3001_3500,CREATED,idem-20260902-apk-3273
3274,MTR-APK-3274,Personal,Personal,Future Building,Education,Expense,2026-04-23,12:43:11,2026-04-23 12:43:11,6661.76,INR,-6661.76,APK Owner,,,MAESTRO-APK-PERSONAL-FUTURE_BUILDING-3274 | Education | 6661.76,Android,B66,STRESS_3001_3500,CREATED,idem-20260902-apk-3274
3275,MTR-APK-3275,Group,Shared Living,Shared Living,Groceries,Expense,2026-04-02,14:01:38,2026-04-02 14:01:38,6893.05,INR,-6893.05,APK Meera,3,SHARES,MAESTRO-APK-GROUP-SHARED_LIVING-3275 | Groceries | 6893.05,Android,B66,STRESS_3001_3500,CREATED,idem-20260902-apk-3275
3276,MTR-APK-3276,Business,Business,Business Operations,Tax,Expense,2026-04-13,19:09:43,2026-04-13 19:09:43,42874.48,INR,-42874.48,APK Owner,,,MAESTRO-APK-BUSINESS-BUSINESS_OPERATIONS-3276 | Tax | 42874.48,Android,B66,STRESS_3001_3500,CREATED,idem-20260902-apk-3276
3277,MTR-APK-3277,Personal,Personal,Future Building,Goal Contribution,Transfer,2026-08-16,02:44:55,2026-08-16 02:44:55,5595.58,INR,0.0,APK Owner,,,MAESTRO-APK-PERSONAL-FUTURE_BUILDING-3277 | Goal Contribution | 5595.58,Android,B66,STRESS_3001_3500,CREATED,idem-20260902-apk-3277
3278,MTR-APK-3278,Group,Shared Living,Shared Living,Maintenance,Expense,2026-03-06,22:15:08,2026-03-06 22:15:08,163.44,INR,-163.44,APK Owner,3,EQUAL,MAESTRO-APK-GROUP-SHARED_LIVING-3278 | Maintenance | 163.44,Android,B66,STRESS_3001_3500,CREATED,idem-20260902-apk-3278
3279,MTR-APK-3279,Business,Business,Team Operations,Payroll,Expense,2026-03-08,17:47:45,2026-03-08 17:47:45,355.61,INR,-355.61,APK Owner,,,MAESTRO-APK-BUSINESS-TEAM_OPERATIONS-3279 | Payroll | 355.61,Android,B66,STRESS_3001_3500,CREATED,idem-20260902-apk-3279
3280,MTR-APK-3280,Personal,Personal,Lifestyle,Dining,Expense,2025-12-30,18:16:56,2025-12-30 18:16:56,742.47,INR,-742.47,APK Owner,,,MAESTRO-APK-PERSONAL-LIFESTYLE-3280 | Dining | 742.47,Android,B66,STRESS_3001_3500,CREATED,idem-20260902-apk-3280
3281,MTR-APK-3281,Group,Shared Living,Shared Living,Other,Expense,2025-11-02,03:18:58,2025-11-02 03:18:58,27351.21,INR,-27351.21,APK Aarav,3,PERCENTAGE,MAESTRO-APK-GROUP-SHARED_LIVING-3281 | Other | 27351.21,Android,B66,STRESS_3001_3500,CREATED,idem-20260902-apk-3281
3282,MTR-APK-3282,Business,Business,Team Operations,Contractor,Expense,2025-12-24,18:13:09,2025-12-24 18:13:09,112300.25,INR,-112300.25,APK Owner,,,MAESTRO-APK-BUSINESS-TEAM_OPERATIONS-3282 | Contractor | 112300.25,Android,B66,STRESS_3001_3500,CREATED,idem-20260902-apk-3282
3283,MTR-APK-3283,Personal,Personal,Lifestyle,Shopping,Expense,2025-12-23,02:45:33,2025-12-23 02:45:33,18870.35,INR,-18870.35,APK Owner,,,MAESTRO-APK-PERSONAL-LIFESTYLE-3283 | Shopping | 18870.35,Android,B66,STRESS_3001_3500,CREATED,idem-20260902-apk-3283
3284,MTR-APK-3284,Group,Shared Living,Family Household,Utilities,Expense,2025-12-12,06:34:28,2025-12-12 06:34:28,3356.12,INR,-3356.12,APK Meera,3,EXACT,MAESTRO-APK-GROUP-FAMILY_HOUSEHOLD-3284 | Utilities | 3356.12,Android,B66,STRESS_3001_3500,CREATED,idem-20260902-apk-3284
3285,MTR-APK-3285,Business,Business,Team Operations,Hiring,Expense,2026-05-24,14:05:49,2026-05-24 14:05:49,14662.75,INR,-14662.75,APK Owner,,,MAESTRO-APK-BUSINESS-TEAM_OPERATIONS-3285 | Hiring | 14662.75,Android,B66,STRESS_3001_3500,CREATED,idem-20260902-apk-3285
3286,MTR-APK-3286,Personal,Personal,Lifestyle,Entertainment,Expense,2026-05-06,07:29:22,2026-05-06 07:29:22,1578.87,INR,-1578.87,APK Owner,,,MAESTRO-APK-PERSONAL-LIFESTYLE-3286 | Entertainment | 1578.87,Android,B66,STRESS_3001_3500,CREATED,idem-20260902-apk-3286
3287,MTR-APK-3287,Group,Shared Living,Family Household,Healthcare,Expense,2026-06-29,18:08:52,2026-06-29 18:08:52,13458.0,INR,-13458.0,APK Owner,3,SHARES,MAESTRO-APK-GROUP-FAMILY_HOUSEHOLD-3287 | Healthcare | 13458.00,Android,B66,STRESS_3001_3500,CREATED,idem-20260902-apk-3287
3288,MTR-APK-3288,Business,Business,Team Operations,Team Meal,Expense,2026-07-06,20:13:33,2026-07-06 20:13:33,22989.11,INR,-22989.11,APK Owner,,,MAESTRO-APK-BUSINESS-TEAM_OPERATIONS-3288 | Team Meal | 22989.11,Android,B66,STRESS_3001_3500,CREATED,idem-20260902-apk-3288
3289,MTR-APK-3289,Personal,Personal,Lifestyle,Travel,Expense,2026-02-23,09:23:35,2026-02-23 09:23:35,16348.12,INR,-16348.12,APK Owner,,,MAESTRO-APK-PERSONAL-LIFESTYLE-3289 | Travel | 16348.12,Android,B66,STRESS_3001_3500,CREATED,idem-20260902-apk-3289
3290,MTR-APK-3290,Group,Shared Living,Family Household,School,Expense,2026-08-09,20:30:08,2026-08-09 20:30:08,16669.72,INR,-16669.72,APK Aarav,3,EQUAL,MAESTRO-APK-GROUP-FAMILY_HOUSEHOLD-3290 | School | 16669.72,Android,B66,STRESS_3001_3500,CREATED,idem-20260902-apk-3290
3291,MTR-APK-3291,Business,Business,Team Operations,Travel,Expense,2026-06-07,03:36:36,2026-06-07 03:36:36,5876.66,INR,-5876.66,APK Owner,,,MAESTRO-APK-BUSINESS-TEAM_OPERATIONS-3291 | Travel | 5876.66,Android,B66,STRESS_3001_3500,CREATED,idem-20260902-apk-3291
3292,MTR-APK-3292,Personal,Personal,Lifestyle,Fitness,Expense,2026-04-19,06:00:54,2026-04-19 06:00:54,5966.68,INR,-5966.68,APK Owner,,,MAESTRO-APK-PERSONAL-LIFESTYLE-3292 | Fitness | 5966.68,Android,B66,STRESS_3001_3500,CREATED,idem-20260902-apk-3292
3293,MTR-APK-3293,Group,Shared Living,Family Household,Other,Expense,2026-01-23,12:46:21,2026-01-23 12:46:21,10000.0,INR,-10000.0,APK Meera,3,PERCENTAGE,MAESTRO-APK-GROUP-FAMILY_HOUSEHOLD-3293 | Other | 10000.00,Android,B66,STRESS_3001_3500,CREATED,idem-20260902-apk-3293
3294,MTR-APK-3294,Business,Business,Team Operations,Training,Expense,2025-12-14,18:29:56,2025-12-14 18:29:56,43226.85,INR,-43226.85,APK Owner,,,MAESTRO-APK-BUSINESS-TEAM_OPERATIONS-3294 | Training | 43226.85,Android,B66,STRESS_3001_3500,CREATED,idem-20260902-apk-3294
3295,MTR-APK-3295,Personal,Personal,Lifestyle,Hobbies,Expense,2026-01-08,16:01:56,2026-01-08 16:01:56,5184.6,INR,-5184.6,APK Owner,,,MAESTRO-APK-PERSONAL-LIFESTYLE-3295 | Hobbies | 5184.60,Android,B66,STRESS_3001_3500,CREATED,idem-20260902-apk-3295
3296,MTR-APK-3296,Group,Shared Living,Family Household,Rent,Expense,2026-01-18,05:15:40,2026-01-18 05:15:40,10946.75,INR,-10946.75,APK Owner,3,EXACT,MAESTRO-APK-GROUP-FAMILY_HOUSEHOLD-3296 | Rent | 10946.75,Android,B66,STRESS_3001_3500,CREATED,idem-20260902-apk-3296
3297,MTR-APK-3297,Business,Business,Team Operations,Tools,Expense,2026-01-02,00:32:31,2026-01-02 00:32:31,179849.74,INR,-179849.74,APK Owner,,,MAESTRO-APK-BUSINESS-TEAM_OPERATIONS-3297 | Tools | 179849.74,Android,B66,STRESS_3001_3500,CREATED,idem-20260902-apk-3297
3298,MTR-APK-3298,Personal,Personal,Relationships,Gifts,Expense,2025-10-24,16:02:04,2025-10-24 16:02:04,15986.03,INR,-15986.03,APK Owner,,,MAESTRO-APK-PERSONAL-RELATIONSHIPS-3298 | Gifts | 15986.03,Android,B66,STRESS_3001_3500,CREATED,idem-20260902-apk-3298
3299,MTR-APK-3299,Group,Shared Living,Family Household,Groceries,Expense,2025-09-30,00:26:03,2025-09-30 00:26:03,3835.49,INR,-3835.49,APK Aarav,3,SHARES,MAESTRO-APK-GROUP-FAMILY_HOUSEHOLD-3299 | Groceries | 3835.49,Android,B66,STRESS_3001_3500,CREATED,idem-20260902-apk-3299
3300,MTR-APK-3300,Business,Business,Business Runway,Funding,Income,2026-04-25,11:12:02,2026-04-25 11:12:02,26376.44,INR,26376.44,APK Owner,,,MAESTRO-APK-BUSINESS-BUSINESS_RUNWAY-3300 | Funding | 26376.44,Android,B66,STRESS_3001_3500,CREATED,idem-20260902-apk-3300
3301,MTR-APK-3301,Personal,Personal,Relationships,Dates,Expense,2026-07-07,08:45:50,2026-07-07 08:45:50,17266.9,INR,-17266.9,APK Owner,,,MAESTRO-APK-PERSONAL-RELATIONSHIPS-3301 | Dates | 17266.90,Android,B67,STRESS_3001_3500,CREATED,idem-20260902-apk-3301
3302,MTR-APK-3302,Group,Shared Living,Custom Living,Custom Expense,Expense,2025-11-04,08:34:13,2025-11-04 08:34:13,11588.7,INR,-11588.7,APK Meera,3,EQUAL,MAESTRO-APK-GROUP-CUSTOM_LIVING-3302 | Custom Expense | 11588.70,Android,B67,STRESS_3001_3500,CREATED,idem-20260902-apk-3302
3303,MTR-APK-3303,Business,Business,Business Runway,Revenue,Income,2026-03-12,08:34:48,2026-03-12 08:34:48,146564.46,INR,146564.46,APK Owner,,,MAESTRO-APK-BUSINESS-BUSINESS_RUNWAY-3303 | Revenue | 146564.46,Android,B67,STRESS_3001_3500,CREATED,idem-20260902-apk-3303
3304,MTR-APK-3304,Personal,Personal,Relationships,Family,Expense,2026-04-07,21:37:31,2026-04-07 21:37:31,16265.58,INR,-16265.58,APK Owner,,,MAESTRO-APK-PERSONAL-RELATIONSHIPS-3304 | Family | 16265.58,Android,B67,STRESS_3001_3500,CREATED,idem-20260902-apk-3304
3305,MTR-APK-3305,Group,Shared Living,Custom Living,Custom Contribution,Contribution,2026-02-19,23:58:54,2026-02-19 23:58:54,6667.86,INR,6667.86,APK Owner,3,PERCENTAGE,MAESTRO-APK-GROUP-CUSTOM_LIVING-3305 | Custom Contribution | 6667.86,Android,B67,STRESS_3001_3500,CREATED,idem-20260902-apk-3305
3306,MTR-APK-3306,Business,Business,Business Runway,Burn,Expense,2026-04-11,04:47:34,2026-04-11 04:47:34,72781.29,INR,-72781.29,APK Owner,,,MAESTRO-APK-BUSINESS-BUSINESS_RUNWAY-3306 | Burn | 72781.29,Android,B67,STRESS_3001_3500,CREATED,idem-20260902-apk-3306
3307,MTR-APK-3307,Personal,Personal,Relationships,Friends,Expense,2025-09-27,08:11:19,2025-09-27 08:11:19,17394.3,INR,-17394.3,APK Owner,,,MAESTRO-APK-PERSONAL-RELATIONSHIPS-3307 | Friends | 17394.30,Android,B67,STRESS_3001_3500,CREATED,idem-20260902-apk-3307
3308,MTR-APK-3308,Group,Shared Experience,Trip,Travel,Expense,2026-03-29,18:32:45,2026-03-29 18:32:45,4168.95,INR,-4168.95,APK Aarav,3,EXACT,MAESTRO-APK-GROUP-TRIP-3308 | Travel | 4168.95,Android,B67,STRESS_3001_3500,CREATED,idem-20260902-apk-3308
3309,MTR-APK-3309,Business,Business,Business Runway,Reserve,Transfer,2025-12-01,12:23:35,2025-12-01 12:23:35,134130.71,INR,0.0,APK Owner,,,MAESTRO-APK-BUSINESS-BUSINESS_RUNWAY-3309 | Reserve | 134130.71,Android,B67,STRESS_3001_3500,CREATED,idem-20260902-apk-3309
3310,MTR-APK-3310,Personal,Personal,Relationships,Celebrations,Expense,2026-08-13,16:19:26,2026-08-13 16:19:26,5938.75,INR,-5938.75,APK Owner,,,MAESTRO-APK-PERSONAL-RELATIONSHIPS-3310 | Celebrations | 5938.75,Android,B67,STRESS_3001_3500,CREATED,idem-20260902-apk-3310
3311,MTR-APK-3311,Group,Shared Experience,Trip,Stay,Expense,2026-06-04,20:58:15,2026-06-04 20:58:15,6735.56,INR,-6735.56,APK Meera,3,SHARES,MAESTRO-APK-GROUP-TRIP-3311 | Stay | 6735.56,Android,B67,STRESS_3001_3500,CREATED,idem-20260902-apk-3311
3312,MTR-APK-3312,Business,Business,Business Runway,Loan,Income,2026-02-09,23:07:46,2026-02-09 23:07:46,153489.43,INR,153489.43,APK Owner,,,MAESTRO-APK-BUSINESS-BUSINESS_RUNWAY-3312 | Loan | 153489.43,Android,B67,STRESS_3001_3500,CREATED,idem-20260902-apk-3312
3313,MTR-APK-3313,Personal,Personal,Life Operations,Groceries,Expense,2026-03-28,15:28:56,2026-03-28 15:28:56,7904.49,INR,-7904.49,APK Owner,,,MAESTRO-APK-PERSONAL-LIFE_OPERATIONS-3313 | Groceries | 7904.49,Android,B67,STRESS_3001_3500,CREATED,idem-20260902-apk-3313
3314,MTR-APK-3314,Group,Shared Experience,Trip,Food,Expense,2025-10-23,19:44:56,2025-10-23 19:44:56,25300.63,INR,-25300.63,APK Owner,3,EQUAL,MAESTRO-APK-GROUP-TRIP-3314 | Food | 25300.63,Android,B67,STRESS_3001_3500,CREATED,idem-20260902-apk-3314
3315,MTR-APK-3315,Business,Business,Business Runway,Investment,Income,2025-11-14,10:02:36,2025-11-14 10:02:36,106230.48,INR,106230.48,APK Owner,,,MAESTRO-APK-BUSINESS-BUSINESS_RUNWAY-3315 | Investment | 106230.48,Android,B67,STRESS_3001_3500,CREATED,idem-20260902-apk-3315
3316,MTR-APK-3316,Personal,Personal,Life Operations,Rent,Expense,2026-03-05,15:28:46,2026-03-05 15:28:46,11277.93,INR,-11277.93,APK Owner,,,MAESTRO-APK-PERSONAL-LIFE_OPERATIONS-3316 | Rent | 11277.93,Android,B67,STRESS_3001_3500,CREATED,idem-20260902-apk-3316
3317,MTR-APK-3317,Group,Shared Experience,Trip,Local Transport,Expense,2026-01-04,02:18:51,2026-01-04 02:18:51,11107.25,INR,-11107.25,APK Aarav,3,PERCENTAGE,MAESTRO-APK-GROUP-TRIP-3317 | Local Transport | 11107.25,Android,B67,STRESS_3001_3500,CREATED,idem-20260902-apk-3317
3318,MTR-APK-3318,Business,Business,Business Operations,Software,Expense,2026-02-25,02:09:05,2026-02-25 02:09:05,93872.17,INR,-93872.17,APK Owner,,,MAESTRO-APK-BUSINESS-BUSINESS_OPERATIONS-3318 | Software | 93872.17,Android,B67,STRESS_3001_3500,CREATED,idem-20260902-apk-3318
3319,MTR-APK-3319,Personal,Personal,Life Operations,Bills,Expense,2026-07-24,22:42:00,2026-07-24 22:42:00,1307.8,INR,-1307.8,APK Owner,,,MAESTRO-APK-PERSONAL-LIFE_OPERATIONS-3319 | Bills | 1307.80,Android,B67,STRESS_3001_3500,CREATED,idem-20260902-apk-3319
3320,MTR-APK-3320,Group,Shared Experience,Trip,Activities,Expense,2026-02-04,01:49:24,2026-02-04 01:49:24,20825.11,INR,-20825.11,APK Meera,3,EXACT,MAESTRO-APK-GROUP-TRIP-3320 | Activities | 20825.11,Android,B67,STRESS_3001_3500,CREATED,idem-20260902-apk-3320
3321,MTR-APK-3321,Business,Business,Business Operations,Rent,Expense,2026-04-15,14:39:53,2026-04-15 14:39:53,24551.95,INR,-24551.95,APK Owner,,,MAESTRO-APK-BUSINESS-BUSINESS_OPERATIONS-3321 | Rent | 24551.95,Android,B67,STRESS_3001_3500,CREATED,idem-20260902-apk-3321
3322,MTR-APK-3322,Personal,Personal,Life Operations,Transport,Expense,2025-10-31,23:05:45,2025-10-31 23:05:45,8679.87,INR,-8679.87,APK Owner,,,MAESTRO-APK-PERSONAL-LIFE_OPERATIONS-3322 | Transport | 8679.87,Android,B67,STRESS_3001_3500,CREATED,idem-20260902-apk-3322
3323,MTR-APK-3323,Group,Shared Experience,Trip,Shopping,Expense,2026-02-22,22:44:18,2026-02-22 22:44:18,26979.68,INR,-26979.68,APK Owner,3,SHARES,MAESTRO-APK-GROUP-TRIP-3323 | Shopping | 26979.68,Android,B67,STRESS_3001_3500,CREATED,idem-20260902-apk-3323
3324,MTR-APK-3324,Business,Business,Business Operations,Marketing,Expense,2026-09-01,07:16:06,2026-09-01 07:16:06,166833.73,INR,-166833.73,APK Owner,,,MAESTRO-APK-BUSINESS-BUSINESS_OPERATIONS-3324 | Marketing | 166833.73,Android,B67,STRESS_3001_3500,CREATED,idem-20260902-apk-3324
3325,MTR-APK-3325,Personal,Personal,Life Operations,Healthcare,Expense,2025-10-17,02:47:09,2025-10-17 02:47:09,11443.17,INR,-11443.17,APK Owner,,,MAESTRO-APK-PERSONAL-LIFE_OPERATIONS-3325 | Healthcare | 11443.17,Android,B67,STRESS_3001_3500,CREATED,idem-20260902-apk-3325
3326,MTR-APK-3326,Group,Shared Experience,Trip,Other,Expense,2026-04-05,18:42:35,2026-04-05 18:42:35,12456.81,INR,-12456.81,APK Aarav,3,EQUAL,MAESTRO-APK-GROUP-TRIP-3326 | Other | 12456.81,Android,B67,STRESS_3001_3500,CREATED,idem-20260902-apk-3326
3327,MTR-APK-3327,Business,Business,Business Operations,Legal,Expense,2026-01-14,20:41:12,2026-01-14 20:41:12,81206.43,INR,-81206.43,APK Owner,,,MAESTRO-APK-BUSINESS-BUSINESS_OPERATIONS-3327 | Legal | 81206.43,Android,B67,STRESS_3001_3500,CREATED,idem-20260902-apk-3327
3328,MTR-APK-3328,Personal,Personal,Life Operations,Subscriptions,Expense,2025-12-05,11:10:15,2025-12-05 11:10:15,9302.96,INR,-9302.96,APK Owner,,,MAESTRO-APK-PERSONAL-LIFE_OPERATIONS-3328 | Subscriptions | 9302.96,Android,B67,STRESS_3001_3500,CREATED,idem-20260902-apk-3328
3329,MTR-APK-3329,Group,Shared Experience,Wedding,Venue,Expense,2025-11-30,10:08:20,2025-11-30 10:08:20,25414.6,INR,-25414.6,APK Meera,3,PERCENTAGE,MAESTRO-APK-GROUP-WEDDING-3329 | Venue | 25414.60,Android,B67,STRESS_3001_3500,CREATED,idem-20260902-apk-3329
3330,MTR-APK-3330,Business,Business,Business Operations,Accounting,Expense,2025-10-27,04:46:04,2025-10-27 04:46:04,0.01,INR,-0.01,APK Owner,,,MAESTRO-APK-BUSINESS-BUSINESS_OPERATIONS-3330 | Accounting | 0.01,Android,B67,STRESS_3001_3500,CREATED,idem-20260902-apk-3330
3331,MTR-APK-3331,Personal,Personal,Life Operations,Repairs,Expense,2025-10-22,10:47:28,2025-10-22 10:47:28,12924.7,INR,-12924.7,APK Owner,,,MAESTRO-APK-PERSONAL-LIFE_OPERATIONS-3331 | Repairs | 12924.70,Android,B67,STRESS_3001_3500,CREATED,idem-20260902-apk-3331
3332,MTR-APK-3332,Group,Shared Experience,Wedding,Catering,Expense,2026-04-27,18:43:47,2026-04-27 18:43:47,29937.61,INR,-29937.61,APK Owner,3,EXACT,MAESTRO-APK-GROUP-WEDDING-3332 | Catering | 29937.61,Android,B67,STRESS_3001_3500,CREATED,idem-20260902-apk-3332
3333,MTR-APK-3333,Business,Business,Business Operations,Equipment,Expense,2026-03-12,23:09:41,2026-03-12 23:09:41,51128.06,INR,-51128.06,APK Owner,,,MAESTRO-APK-BUSINESS-BUSINESS_OPERATIONS-3333 | Equipment | 51128.06,Android,B67,STRESS_3001_3500,CREATED,idem-20260902-apk-3333
3334,MTR-APK-3334,Personal,Personal,Future Building,Savings,Transfer,2026-02-15,02:22:36,2026-02-15 02:22:36,12607.71,INR,0.0,APK Owner,,,MAESTRO-APK-PERSONAL-FUTURE_BUILDING-3334 | Savings | 12607.71,Android,B67,STRESS_3001_3500,CREATED,idem-20260902-apk-3334
3335,MTR-APK-3335,Group,Shared Experience,Wedding,Decor,Expense,2026-01-23,10:11:33,2026-01-23 10:11:33,6824.5,INR,-6824.5,APK Aarav,3,SHARES,MAESTRO-APK-GROUP-WEDDING-3335 | Decor | 6824.50,Android,B67,STRESS_3001_3500,CREATED,idem-20260902-apk-3335
3336,MTR-APK-3336,Business,Business,Business Operations,Vendor,Expense,2026-06-09,08:54:42,2026-06-09 08:54:42,7056.44,INR,-7056.44,APK Owner,,,MAESTRO-APK-BUSINESS-BUSINESS_OPERATIONS-3336 | Vendor | 7056.44,Android,B67,STRESS_3001_3500,CREATED,idem-20260902-apk-3336
3337,MTR-APK-3337,Personal,Personal,Future Building,Emergency Fund,Transfer,2026-08-29,06:31:46,2026-08-29 06:31:46,13505.24,INR,0.0,APK Owner,,,MAESTRO-APK-PERSONAL-FUTURE_BUILDING-3337 | Emergency Fund | 13505.24,Android,B67,STRESS_3001_3500,CREATED,idem-20260902-apk-3337
3338,MTR-APK-3338,Group,Shared Experience,Wedding,Travel,Expense,2026-05-25,21:08:56,2026-05-25 21:08:56,23675.72,INR,-23675.72,APK Meera,3,EQUAL,MAESTRO-APK-GROUP-WEDDING-3338 | Travel | 23675.72,Android,B67,STRESS_3001_3500,CREATED,idem-20260902-apk-3338
3339,MTR-APK-3339,Business,Business,Business Operations,Tax,Expense,2026-01-24,09:48:18,2026-01-24 09:48:18,42745.63,INR,-42745.63,APK Owner,,,MAESTRO-APK-BUSINESS-BUSINESS_OPERATIONS-3339 | Tax | 42745.63,Android,B67,STRESS_3001_3500,CREATED,idem-20260902-apk-3339
3340,MTR-APK-3340,Personal,Personal,Future Building,Investments,Investment,2026-02-10,04:37:39,2026-02-10 04:37:39,2080.5,INR,0.0,APK Owner,,,MAESTRO-APK-PERSONAL-FUTURE_BUILDING-3340 | Investments | 2080.50,Android,B67,STRESS_3001_3500,CREATED,idem-20260902-apk-3340
3341,MTR-APK-3341,Group,Shared Experience,Wedding,Gifts,Expense,2025-09-10,10:52:03,2025-09-10 10:52:03,2304.59,INR,-2304.59,APK Owner,3,PERCENTAGE,MAESTRO-APK-GROUP-WEDDING-3341 | Gifts | 2304.59,Android,B67,STRESS_3001_3500,CREATED,idem-20260902-apk-3341
3342,MTR-APK-3342,Business,Business,Team Operations,Payroll,Expense,2026-01-05,00:43:38,2026-01-05 00:43:38,156244.46,INR,-156244.46,APK Owner,,,MAESTRO-APK-BUSINESS-TEAM_OPERATIONS-3342 | Payroll | 156244.46,Android,B67,STRESS_3001_3500,CREATED,idem-20260902-apk-3342
3343,MTR-APK-3343,Personal,Personal,Future Building,Education,Expense,2025-12-13,08:31:16,2025-12-13 08:31:16,19964.64,INR,-19964.64,APK Owner,,,MAESTRO-APK-PERSONAL-FUTURE_BUILDING-3343 | Education | 19964.64,Android,B67,STRESS_3001_3500,CREATED,idem-20260902-apk-3343
3344,MTR-APK-3344,Group,Shared Experience,Wedding,Photography,Expense,2026-01-29,17:34:44,2026-01-29 17:34:44,9484.76,INR,-9484.76,APK Aarav,3,EXACT,MAESTRO-APK-GROUP-WEDDING-3344 | Photography | 9484.76,Android,B67,STRESS_3001_3500,CREATED,idem-20260902-apk-3344
3345,MTR-APK-3345,Business,Business,Team Operations,Contractor,Expense,2026-01-10,02:26:18,2026-01-10 02:26:18,60526.55,INR,-60526.55,APK Owner,,,MAESTRO-APK-BUSINESS-TEAM_OPERATIONS-3345 | Contractor | 60526.55,Android,B67,STRESS_3001_3500,CREATED,idem-20260902-apk-3345
3346,MTR-APK-3346,Personal,Personal,Future Building,Goal Contribution,Transfer,2026-05-13,04:37:01,2026-05-13 04:37:01,9621.8,INR,0.0,APK Owner,,,MAESTRO-APK-PERSONAL-FUTURE_BUILDING-3346 | Goal Contribution | 9621.80,Android,B67,STRESS_3001_3500,CREATED,idem-20260902-apk-3346
3347,MTR-APK-3347,Group,Shared Experience,Wedding,Other,Expense,2025-10-12,13:38:04,2025-10-12 13:38:04,23889.93,INR,-23889.93,APK Meera,3,SHARES,MAESTRO-APK-GROUP-WEDDING-3347 | Other | 23889.93,Android,B67,STRESS_3001_3500,CREATED,idem-20260902-apk-3347
3348,MTR-APK-3348,Business,Business,Team Operations,Hiring,Expense,2026-08-13,09:53:12,2026-08-13 09:53:12,106219.44,INR,-106219.44,APK Owner,,,MAESTRO-APK-BUSINESS-TEAM_OPERATIONS-3348 | Hiring | 106219.44,Android,B67,STRESS_3001_3500,CREATED,idem-20260902-apk-3348
3349,MTR-APK-3349,Personal,Personal,Lifestyle,Dining,Expense,2026-08-27,06:12:52,2026-08-27 06:12:52,19964.61,INR,-19964.61,APK Owner,,,MAESTRO-APK-PERSONAL-LIFESTYLE-3349 | Dining | 19964.61,Android,B67,STRESS_3001_3500,CREATED,idem-20260902-apk-3349
3350,MTR-APK-3350,Group,Shared Experience,Office Outing,Food,Expense,2025-11-10,05:24:02,2025-11-10 05:24:02,17347.68,INR,-17347.68,APK Owner,3,EQUAL,MAESTRO-APK-GROUP-OFFICE_OUTING-3350 | Food | 17347.68,Android,B67,STRESS_3001_3500,CREATED,idem-20260902-apk-3350
3351,MTR-APK-3351,Business,Business,Team Operations,Team Meal,Expense,2026-07-19,03:13:02,2026-07-19 03:13:02,124970.5,INR,-124970.5,APK Owner,,,MAESTRO-APK-BUSINESS-TEAM_OPERATIONS-3351 | Team Meal | 124970.50,Android,B68,STRESS_3001_3500,CREATED,idem-20260902-apk-3351
3352,MTR-APK-3352,Personal,Personal,Lifestyle,Shopping,Expense,2026-06-02,00:55:04,2026-06-02 00:55:04,19657.41,INR,-19657.41,APK Owner,,,MAESTRO-APK-PERSONAL-LIFESTYLE-3352 | Shopping | 19657.41,Android,B68,STRESS_3001_3500,CREATED,idem-20260902-apk-3352
3353,MTR-APK-3353,Group,Shared Experience,Office Outing,Travel,Expense,2026-08-21,18:30:57,2026-08-21 18:30:57,12270.44,INR,-12270.44,APK Aarav,3,PERCENTAGE,MAESTRO-APK-GROUP-OFFICE_OUTING-3353 | Travel | 12270.44,Android,B68,STRESS_3001_3500,CREATED,idem-20260902-apk-3353
3354,MTR-APK-3354,Business,Business,Team Operations,Travel,Expense,2026-02-14,07:59:10,2026-02-14 07:59:10,79285.6,INR,-79285.6,APK Owner,,,MAESTRO-APK-BUSINESS-TEAM_OPERATIONS-3354 | Travel | 79285.60,Android,B68,STRESS_3001_3500,CREATED,idem-20260902-apk-3354
3355,MTR-APK-3355,Personal,Personal,Lifestyle,Entertainment,Expense,2025-12-29,00:55:52,2025-12-29 00:55:52,3282.3,INR,-3282.3,APK Owner,,,MAESTRO-APK-PERSONAL-LIFESTYLE-3355 | Entertainment | 3282.30,Android,B68,STRESS_3001_3500,CREATED,idem-20260902-apk-3355
3356,MTR-APK-3356,Group,Shared Experience,Office Outing,Activities,Expense,2026-05-12,19:13:46,2026-05-12 19:13:46,6868.54,INR,-6868.54,APK Meera,3,EXACT,MAESTRO-APK-GROUP-OFFICE_OUTING-3356 | Activities | 6868.54,Android,B68,STRESS_3001_3500,CREATED,idem-20260902-apk-3356
3357,MTR-APK-3357,Business,Business,Team Operations,Training,Expense,2026-04-03,16:45:07,2026-04-03 16:45:07,13084.7,INR,-13084.7,APK Owner,,,MAESTRO-APK-BUSINESS-TEAM_OPERATIONS-3357 | Training | 13084.70,Android,B68,STRESS_3001_3500,CREATED,idem-20260902-apk-3357
3358,MTR-APK-3358,Personal,Personal,Lifestyle,Travel,Expense,2026-03-09,06:15:15,2026-03-09 06:15:15,17214.88,INR,-17214.88,APK Owner,,,MAESTRO-APK-PERSONAL-LIFESTYLE-3358 | Travel | 17214.88,Android,B68,STRESS_3001_3500,CREATED,idem-20260902-apk-3358
3359,MTR-APK-3359,Group,Shared Experience,Office Outing,Venue,Expense,2025-10-25,19:16:14,2025-10-25 19:16:14,6142.75,INR,-6142.75,APK Owner,3,SHARES,MAESTRO-APK-GROUP-OFFICE_OUTING-3359 | Venue | 6142.75,Android,B68,STRESS_3001_3500,CREATED,idem-20260902-apk-3359
3360,MTR-APK-3360,Business,Business,Team Operations,Tools,Expense,2026-03-04,11:08:54,2026-03-04 11:08:54,79022.8,INR,-79022.8,APK Owner,,,MAESTRO-APK-BUSINESS-TEAM_OPERATIONS-3360 | Tools | 79022.80,Android,B68,STRESS_3001_3500,CREATED,idem-20260902-apk-3360
3361,MTR-APK-3361,Personal,Personal,Lifestyle,Fitness,Expense,2026-04-10,19:51:21,2026-04-10 19:51:21,16474.77,INR,-16474.77,APK Owner,,,MAESTRO-APK-PERSONAL-LIFESTYLE-3361 | Fitness | 16474.77,Android,B68,STRESS_3001_3500,CREATED,idem-20260902-apk-3361
3362,MTR-APK-3362,Group,Shared Experience,Office Outing,Other,Expense,2026-05-31,16:19:07,2026-05-31 16:19:07,22097.32,INR,-22097.32,APK Aarav,3,EQUAL,MAESTRO-APK-GROUP-OFFICE_OUTING-3362 | Other | 22097.32,Android,B68,STRESS_3001_3500,CREATED,idem-20260902-apk-3362
3363,MTR-APK-3363,Business,Business,Business Runway,Funding,Income,2025-11-28,12:08:26,2025-11-28 12:08:26,165705.13,INR,165705.13,APK Owner,,,MAESTRO-APK-BUSINESS-BUSINESS_RUNWAY-3363 | Funding | 165705.13,Android,B68,STRESS_3001_3500,CREATED,idem-20260902-apk-3363
3364,MTR-APK-3364,Personal,Personal,Lifestyle,Hobbies,Expense,2026-02-03,22:50:22,2026-02-03 22:50:22,18123.7,INR,-18123.7,APK Owner,,,MAESTRO-APK-PERSONAL-LIFESTYLE-3364 | Hobbies | 18123.70,Android,B68,STRESS_3001_3500,CREATED,idem-20260902-apk-3364
3365,MTR-APK-3365,Group,Shared Experience,House Party,Food,Expense,2026-08-11,17:22:47,2026-08-11 17:22:47,14221.41,INR,-14221.41,APK Meera,3,PERCENTAGE,MAESTRO-APK-GROUP-HOUSE_PARTY-3365 | Food | 14221.41,Android,B68,STRESS_3001_3500,CREATED,idem-20260902-apk-3365
3366,MTR-APK-3366,Business,Business,Business Runway,Revenue,Income,2025-11-05,04:53:20,2025-11-05 04:53:20,125818.13,INR,125818.13,APK Owner,,,MAESTRO-APK-BUSINESS-BUSINESS_RUNWAY-3366 | Revenue | 125818.13,Android,B68,STRESS_3001_3500,CREATED,idem-20260902-apk-3366
3367,MTR-APK-3367,Personal,Personal,Relationships,Gifts,Expense,2026-03-06,21:58:37,2026-03-06 21:58:37,1.0,INR,-1.0,APK Owner,,,MAESTRO-APK-PERSONAL-RELATIONSHIPS-3367 | Gifts | 1.00,Android,B68,STRESS_3001_3500,CREATED,idem-20260902-apk-3367
3368,MTR-APK-3368,Group,Shared Experience,House Party,Drinks,Expense,2026-07-23,18:06:20,2026-07-23 18:06:20,28670.76,INR,-28670.76,APK Owner,3,EXACT,MAESTRO-APK-GROUP-HOUSE_PARTY-3368 | Drinks | 28670.76,Android,B68,STRESS_3001_3500,CREATED,idem-20260902-apk-3368
3369,MTR-APK-3369,Business,Business,Business Runway,Burn,Expense,2025-12-07,03:41:44,2025-12-07 03:41:44,6594.14,INR,-6594.14,APK Owner,,,MAESTRO-APK-BUSINESS-BUSINESS_RUNWAY-3369 | Burn | 6594.14,Android,B68,STRESS_3001_3500,CREATED,idem-20260902-apk-3369
3370,MTR-APK-3370,Personal,Personal,Relationships,Dates,Expense,2025-12-11,07:28:40,2025-12-11 07:28:40,7430.23,INR,-7430.23,APK Owner,,,MAESTRO-APK-PERSONAL-RELATIONSHIPS-3370 | Dates | 7430.23,Android,B68,STRESS_3001_3500,CREATED,idem-20260902-apk-3370
3371,MTR-APK-3371,Group,Shared Experience,House Party,Decor,Expense,2026-02-08,08:05:26,2026-02-08 08:05:26,20818.26,INR,-20818.26,APK Aarav,3,SHARES,MAESTRO-APK-GROUP-HOUSE_PARTY-3371 | Decor | 20818.26,Android,B68,STRESS_3001_3500,CREATED,idem-20260902-apk-3371
3372,MTR-APK-3372,Business,Business,Business Runway,Reserve,Transfer,2025-12-11,04:39:59,2025-12-11 04:39:59,65963.42,INR,0.0,APK Owner,,,MAESTRO-APK-BUSINESS-BUSINESS_RUNWAY-3372 | Reserve | 65963.42,Android,B68,STRESS_3001_3500,CREATED,idem-20260902-apk-3372
3373,MTR-APK-3373,Personal,Personal,Relationships,Family,Expense,2026-02-12,05:10:52,2026-02-12 05:10:52,2088.75,INR,-2088.75,APK Owner,,,MAESTRO-APK-PERSONAL-RELATIONSHIPS-3373 | Family | 2088.75,Android,B68,STRESS_3001_3500,CREATED,idem-20260902-apk-3373
3374,MTR-APK-3374,Group,Shared Experience,House Party,Supplies,Expense,2025-11-10,08:22:46,2025-11-10 08:22:46,12701.4,INR,-12701.4,APK Meera,3,EQUAL,MAESTRO-APK-GROUP-HOUSE_PARTY-3374 | Supplies | 12701.40,Android,B68,STRESS_3001_3500,CREATED,idem-20260902-apk-3374
3375,MTR-APK-3375,Business,Business,Business Runway,Loan,Income,2026-03-31,17:23:27,2026-03-31 17:23:27,144754.99,INR,144754.99,APK Owner,,,MAESTRO-APK-BUSINESS-BUSINESS_RUNWAY-3375 | Loan | 144754.99,Android,B68,STRESS_3001_3500,CREATED,idem-20260902-apk-3375
3376,MTR-APK-3376,Personal,Personal,Relationships,Friends,Expense,2025-10-19,19:18:01,2025-10-19 19:18:01,10648.58,INR,-10648.58,APK Owner,,,MAESTRO-APK-PERSONAL-RELATIONSHIPS-3376 | Friends | 10648.58,Android,B68,STRESS_3001_3500,CREATED,idem-20260902-apk-3376
3377,MTR-APK-3377,Group,Shared Experience,House Party,Other,Expense,2026-03-07,14:23:00,2026-03-07 14:23:00,6194.55,INR,-6194.55,APK Owner,3,PERCENTAGE,MAESTRO-APK-GROUP-HOUSE_PARTY-3377 | Other | 6194.55,Android,B68,STRESS_3001_3500,CREATED,idem-20260902-apk-3377
3378,MTR-APK-3378,Business,Business,Business Runway,Investment,Income,2026-06-19,08:05:37,2026-06-19 08:05:37,26976.07,INR,26976.07,APK Owner,,,MAESTRO-APK-BUSINESS-BUSINESS_RUNWAY-3378 | Investment | 26976.07,Android,B68,STRESS_3001_3500,CREATED,idem-20260902-apk-3378
3379,MTR-APK-3379,Personal,Personal,Relationships,Celebrations,Expense,2026-01-29,13:28:24,2026-01-29 13:28:24,17928.18,INR,-17928.18,APK Owner,,,MAESTRO-APK-PERSONAL-RELATIONSHIPS-3379 | Celebrations | 17928.18,Android,B68,STRESS_3001_3500,CREATED,idem-20260902-apk-3379
3380,MTR-APK-3380,Group,Shared Purchase,Gift Pool,Contribution,Contribution,2026-08-03,18:20:50,2026-08-03 18:20:50,19737.99,INR,19737.99,APK Aarav,3,EXACT,MAESTRO-APK-GROUP-GIFT_POOL-3380 | Contribution | 19737.99,Android,B68,STRESS_3001_3500,CREATED,idem-20260902-apk-3380
3381,MTR-APK-3381,Business,Business,Business Operations,Software,Expense,2026-01-21,06:25:53,2026-01-21 06:25:53,44070.65,INR,-44070.65,APK Owner,,,MAESTRO-APK-BUSINESS-BUSINESS_OPERATIONS-3381 | Software | 44070.65,Android,B68,STRESS_3001_3500,CREATED,idem-20260902-apk-3381
3382,MTR-APK-3382,Personal,Personal,Life Operations,Groceries,Expense,2026-07-28,21:26:24,2026-07-28 21:26:24,6017.28,INR,-6017.28,APK Owner,,,MAESTRO-APK-PERSONAL-LIFE_OPERATIONS-3382 | Groceries | 6017.28,Android,B68,STRESS_3001_3500,CREATED,idem-20260902-apk-3382
3383,MTR-APK-3383,Group,Shared Purchase,Gift Pool,Gift Purchase,Expense,2025-10-08,14:35:07,2025-10-08 14:35:07,9040.87,INR,-9040.87,APK Meera,3,SHARES,MAESTRO-APK-GROUP-GIFT_POOL-3383 | Gift Purchase | 9040.87,Android,B68,STRESS_3001_3500,CREATED,idem-20260902-apk-3383
3384,MTR-APK-3384,Business,Business,Business Operations,Rent,Expense,2025-12-06,23:42:06,2025-12-06 23:42:06,116554.5,INR,-116554.5,APK Owner,,,MAESTRO-APK-BUSINESS-BUSINESS_OPERATIONS-3384 | Rent | 116554.50,Android,B68,STRESS_3001_3500,CREATED,idem-20260902-apk-3384
3385,MTR-APK-3385,Personal,Personal,Life Operations,Rent,Expense,2025-12-09,00:17:15,2025-12-09 00:17:15,9999.23,INR,-9999.23,APK Owner,,,MAESTRO-APK-PERSONAL-LIFE_OPERATIONS-3385 | Rent | 9999.23,Android,B68,STRESS_3001_3500,CREATED,idem-20260902-apk-3385
3386,MTR-APK-3386,Group,Shared Purchase,Gift Pool,Delivery,Expense,2026-04-02,09:05:40,2026-04-02 09:05:40,20080.18,INR,-20080.18,APK Owner,3,EQUAL,MAESTRO-APK-GROUP-GIFT_POOL-3386 | Delivery | 20080.18,Android,B68,STRESS_3001_3500,CREATED,idem-20260902-apk-3386
3387,MTR-APK-3387,Business,Business,Business Operations,Marketing,Expense,2025-10-14,05:12:10,2025-10-14 05:12:10,85413.3,INR,-85413.3,APK Owner,,,MAESTRO-APK-BUSINESS-BUSINESS_OPERATIONS-3387 | Marketing | 85413.30,Android,B68,STRESS_3001_3500,CREATED,idem-20260902-apk-3387
3388,MTR-APK-3388,Personal,Personal,Life Operations,Bills,Expense,2026-02-05,21:27:45,2026-02-05 21:27:45,11811.36,INR,-11811.36,APK Owner,,,MAESTRO-APK-PERSONAL-LIFE_OPERATIONS-3388 | Bills | 11811.36,Android,B68,STRESS_3001_3500,CREATED,idem-20260902-apk-3388
3389,MTR-APK-3389,Group,Shared Purchase,Gift Pool,Other,Expense,2026-04-28,03:54:31,2026-04-28 03:54:31,29165.19,INR,-29165.19,APK Aarav,3,PERCENTAGE,MAESTRO-APK-GROUP-GIFT_POOL-3389 | Other | 29165.19,Android,B68,STRESS_3001_3500,CREATED,idem-20260902-apk-3389
3390,MTR-APK-3390,Business,Business,Business Operations,Legal,Expense,2025-10-02,01:18:08,2025-10-02 01:18:08,167930.46,INR,-167930.46,APK Owner,,,MAESTRO-APK-BUSINESS-BUSINESS_OPERATIONS-3390 | Legal | 167930.46,Android,B68,STRESS_3001_3500,CREATED,idem-20260902-apk-3390
3391,MTR-APK-3391,Personal,Personal,Life Operations,Transport,Expense,2026-04-21,01:34:44,2026-04-21 01:34:44,3747.65,INR,-3747.65,APK Owner,,,MAESTRO-APK-PERSONAL-LIFE_OPERATIONS-3391 | Transport | 3747.65,Android,B68,STRESS_3001_3500,CREATED,idem-20260902-apk-3391
3392,MTR-APK-3392,Group,Shared Purchase,Purchase,Item,Expense,2026-06-04,02:58:17,2026-06-04 02:58:17,21887.98,INR,-21887.98,APK Meera,3,EXACT,MAESTRO-APK-GROUP-PURCHASE-3392 | Item | 21887.98,Android,B68,STRESS_3001_3500,CREATED,idem-20260902-apk-3392
3393,MTR-APK-3393,Business,Business,Business Operations,Accounting,Expense,2026-03-31,20:15:00,2026-03-31 20:15:00,161126.65,INR,-161126.65,APK Owner,,,MAESTRO-APK-BUSINESS-BUSINESS_OPERATIONS-3393 | Accounting | 161126.65,Android,B68,STRESS_3001_3500,CREATED,idem-20260902-apk-3393
3394,MTR-APK-3394,Personal,Personal,Life Operations,Healthcare,Expense,2026-05-27,20:35:38,2026-05-27 20:35:38,12455.5,INR,-12455.5,APK Owner,,,MAESTRO-APK-PERSONAL-LIFE_OPERATIONS-3394 | Healthcare | 12455.50,Android,B68,STRESS_3001_3500,CREATED,idem-20260902-apk-3394
3395,MTR-APK-3395,Group,Shared Purchase,Purchase,Shipping,Expense,2026-02-08,06:15:20,2026-02-08 06:15:20,24797.81,INR,-24797.81,APK Owner,3,SHARES,MAESTRO-APK-GROUP-PURCHASE-3395 | Shipping | 24797.81,Android,B68,STRESS_3001_3500,CREATED,idem-20260902-apk-3395
3396,MTR-APK-3396,Business,Business,Business Operations,Equipment,Expense,2026-08-22,21:48:56,2026-08-22 21:48:56,8761.19,INR,-8761.19,APK Owner,,,MAESTRO-APK-BUSINESS-BUSINESS_OPERATIONS-3396 | Equipment | 8761.19,Android,B68,STRESS_3001_3500,CREATED,idem-20260902-apk-3396
3397,MTR-APK-3397,Personal,Personal,Life Operations,Subscriptions,Expense,2026-03-13,22:53:50,2026-03-13 22:53:50,2660.75,INR,-2660.75,APK Owner,,,MAESTRO-APK-PERSONAL-LIFE_OPERATIONS-3397 | Subscriptions | 2660.75,Android,B68,STRESS_3001_3500,CREATED,idem-20260902-apk-3397
3398,MTR-APK-3398,Group,Shared Purchase,Purchase,Tax,Expense,2026-03-21,01:50:02,2026-03-21 01:50:02,26089.71,INR,-26089.71,APK Aarav,3,EQUAL,MAESTRO-APK-GROUP-PURCHASE-3398 | Tax | 26089.71,Android,B68,STRESS_3001_3500,CREATED,idem-20260902-apk-3398
3399,MTR-APK-3399,Business,Business,Business Operations,Vendor,Expense,2026-03-13,22:53:17,2026-03-13 22:53:17,58428.42,INR,-58428.42,APK Owner,,,MAESTRO-APK-BUSINESS-BUSINESS_OPERATIONS-3399 | Vendor | 58428.42,Android,B68,STRESS_3001_3500,CREATED,idem-20260902-apk-3399
3400,MTR-APK-3400,Personal,Personal,Life Operations,Repairs,Expense,2025-12-16,18:12:06,2025-12-16 18:12:06,10852.97,INR,-10852.97,APK Owner,,,MAESTRO-APK-PERSONAL-LIFE_OPERATIONS-3400 | Repairs | 10852.97,Android,B68,STRESS_3001_3500,CREATED,idem-20260902-apk-3400
3401,MTR-APK-3401,Group,Shared Purchase,Purchase,Other,Expense,2026-03-07,02:21:31,2026-03-07 02:21:31,25591.25,INR,-25591.25,APK Meera,3,PERCENTAGE,MAESTRO-APK-GROUP-PURCHASE-3401 | Other | 25591.25,Android,B69,STRESS_3001_3500,CREATED,idem-20260902-apk-3401
3402,MTR-APK-3402,Business,Business,Business Operations,Tax,Expense,2026-06-06,17:47:13,2026-06-06 17:47:13,33625.72,INR,-33625.72,APK Owner,,,MAESTRO-APK-BUSINESS-BUSINESS_OPERATIONS-3402 | Tax | 33625.72,Android,B69,STRESS_3001_3500,CREATED,idem-20260902-apk-3402
3403,MTR-APK-3403,Personal,Personal,Future Building,Savings,Transfer,2026-08-17,05:38:47,2026-08-17 05:38:47,12530.01,INR,0.0,APK Owner,,,MAESTRO-APK-PERSONAL-FUTURE_BUILDING-3403 | Savings | 12530.01,Android,B69,STRESS_3001_3500,CREATED,idem-20260902-apk-3403
3404,MTR-APK-3404,Group,Shared Purchase,Assets,Purchase,Expense,2026-01-10,10:28:52,2026-01-10 10:28:52,99.99,INR,-99.99,APK Owner,3,EXACT,MAESTRO-APK-GROUP-ASSETS-3404 | Purchase | 99.99,Android,B69,STRESS_3001_3500,CREATED,idem-20260902-apk-3404
3405,MTR-APK-3405,Business,Business,Team Operations,Payroll,Expense,2026-01-09,00:53:50,2026-01-09 00:53:50,75325.64,INR,-75325.64,APK Owner,,,MAESTRO-APK-BUSINESS-TEAM_OPERATIONS-3405 | Payroll | 75325.64,Android,B69,STRESS_3001_3500,CREATED,idem-20260902-apk-3405
3406,MTR-APK-3406,Personal,Personal,Future Building,Emergency Fund,Transfer,2025-12-03,01:25:58,2025-12-03 01:25:58,16606.26,INR,0.0,APK Owner,,,MAESTRO-APK-PERSONAL-FUTURE_BUILDING-3406 | Emergency Fund | 16606.26,Android,B69,STRESS_3001_3500,CREATED,idem-20260902-apk-3406
3407,MTR-APK-3407,Group,Shared Purchase,Assets,Maintenance,Expense,2026-02-23,01:34:37,2026-02-23 01:34:37,853.14,INR,-853.14,APK Aarav,3,SHARES,MAESTRO-APK-GROUP-ASSETS-3407 | Maintenance | 853.14,Android,B69,STRESS_3001_3500,CREATED,idem-20260902-apk-3407
3408,MTR-APK-3408,Business,Business,Team Operations,Contractor,Expense,2025-12-01,08:52:42,2025-12-01 08:52:42,150636.59,INR,-150636.59,APK Owner,,,MAESTRO-APK-BUSINESS-TEAM_OPERATIONS-3408 | Contractor | 150636.59,Android,B69,STRESS_3001_3500,CREATED,idem-20260902-apk-3408
3409,MTR-APK-3409,Personal,Personal,Future Building,Investments,Investment,2025-09-20,17:12:55,2025-09-20 17:12:55,5419.87,INR,0.0,APK Owner,,,MAESTRO-APK-PERSONAL-FUTURE_BUILDING-3409 | Investments | 5419.87,Android,B69,STRESS_3001_3500,CREATED,idem-20260902-apk-3409
3410,MTR-APK-3410,Group,Shared Purchase,Assets,Repair,Expense,2025-10-18,16:16:17,2025-10-18 16:16:17,3382.46,INR,-3382.46,APK Meera,3,EQUAL,MAESTRO-APK-GROUP-ASSETS-3410 | Repair | 3382.46,Android,B69,STRESS_3001_3500,CREATED,idem-20260902-apk-3410
3411,MTR-APK-3411,Business,Business,Team Operations,Hiring,Expense,2025-11-27,15:17:43,2025-11-27 15:17:43,36969.04,INR,-36969.04,APK Owner,,,MAESTRO-APK-BUSINESS-TEAM_OPERATIONS-3411 | Hiring | 36969.04,Android,B69,STRESS_3001_3500,CREATED,idem-20260902-apk-3411
3412,MTR-APK-3412,Personal,Personal,Future Building,Education,Expense,2026-05-27,09:15:26,2026-05-27 09:15:26,5805.44,INR,-5805.44,APK Owner,,,MAESTRO-APK-PERSONAL-FUTURE_BUILDING-3412 | Education | 5805.44,Android,B69,STRESS_3001_3500,CREATED,idem-20260902-apk-3412
3413,MTR-APK-3413,Group,Shared Purchase,Assets,Insurance,Expense,2026-03-31,10:31:55,2026-03-31 10:31:55,15879.3,INR,-15879.3,APK Owner,3,PERCENTAGE,MAESTRO-APK-GROUP-ASSETS-3413 | Insurance | 15879.30,Android,B69,STRESS_3001_3500,CREATED,idem-20260902-apk-3413
3414,MTR-APK-3414,Business,Business,Team Operations,Team Meal,Expense,2025-12-03,12:21:44,2025-12-03 12:21:44,95906.48,INR,-95906.48,APK Owner,,,MAESTRO-APK-BUSINESS-TEAM_OPERATIONS-3414 | Team Meal | 95906.48,Android,B69,STRESS_3001_3500,CREATED,idem-20260902-apk-3414
3415,MTR-APK-3415,Personal,Personal,Future Building,Goal Contribution,Transfer,2026-08-05,06:46:34,2026-08-05 06:46:34,11869.29,INR,0.0,APK Owner,,,MAESTRO-APK-PERSONAL-FUTURE_BUILDING-3415 | Goal Contribution | 11869.29,Android,B69,STRESS_3001_3500,CREATED,idem-20260902-apk-3415
3416,MTR-APK-3416,Group,Shared Purchase,Assets,Other,Expense,2026-02-07,09:12:47,2026-02-07 09:12:47,14637.01,INR,-14637.01,APK Aarav,3,EXACT,MAESTRO-APK-GROUP-ASSETS-3416 | Other | 14637.01,Android,B69,STRESS_3001_3500,CREATED,idem-20260902-apk-3416
3417,MTR-APK-3417,Business,Business,Team Operations,Travel,Expense,2026-03-31,12:45:05,2026-03-31 12:45:05,57901.71,INR,-57901.71,APK Owner,,,MAESTRO-APK-BUSINESS-TEAM_OPERATIONS-3417 | Travel | 57901.71,Android,B69,STRESS_3001_3500,CREATED,idem-20260902-apk-3417
3418,MTR-APK-3418,Personal,Personal,Lifestyle,Dining,Expense,2026-05-17,02:26:21,2026-05-17 02:26:21,1221.4,INR,-1221.4,APK Owner,,,MAESTRO-APK-PERSONAL-LIFESTYLE-3418 | Dining | 1221.40,Android,B69,STRESS_3001_3500,CREATED,idem-20260902-apk-3418
3419,MTR-APK-3419,Group,Shared Purchase,Custom Purchase,Custom Expense,Expense,2026-07-08,23:49:41,2026-07-08 23:49:41,16075.84,INR,-16075.84,APK Meera,3,SHARES,MAESTRO-APK-GROUP-CUSTOM_PURCHASE-3419 | Custom Expense | 16075.84,Android,B69,STRESS_3001_3500,CREATED,idem-20260902-apk-3419
3420,MTR-APK-3420,Business,Business,Team Operations,Training,Expense,2026-06-19,00:40:05,2026-06-19 00:40:05,2597.15,INR,-2597.15,APK Owner,,,MAESTRO-APK-BUSINESS-TEAM_OPERATIONS-3420 | Training | 2597.15,Android,B69,STRESS_3001_3500,CREATED,idem-20260902-apk-3420
3421,MTR-APK-3421,Personal,Personal,Lifestyle,Shopping,Expense,2025-11-22,14:42:25,2025-11-22 14:42:25,19694.34,INR,-19694.34,APK Owner,,,MAESTRO-APK-PERSONAL-LIFESTYLE-3421 | Shopping | 19694.34,Android,B69,STRESS_3001_3500,CREATED,idem-20260902-apk-3421
3422,MTR-APK-3422,Group,Shared Purchase,Custom Purchase,Custom Contribution,Contribution,2026-01-22,09:27:27,2026-01-22 09:27:27,20669.46,INR,20669.46,APK Owner,3,EQUAL,MAESTRO-APK-GROUP-CUSTOM_PURCHASE-3422 | Custom Contribution | 20669.46,Android,B69,STRESS_3001_3500,CREATED,idem-20260902-apk-3422
3423,MTR-APK-3423,Business,Business,Team Operations,Tools,Expense,2026-07-22,15:43:40,2026-07-22 15:43:40,85718.29,INR,-85718.29,APK Owner,,,MAESTRO-APK-BUSINESS-TEAM_OPERATIONS-3423 | Tools | 85718.29,Android,B69,STRESS_3001_3500,CREATED,idem-20260902-apk-3423
3424,MTR-APK-3424,Personal,Personal,Lifestyle,Entertainment,Expense,2025-11-15,02:46:36,2025-11-15 02:46:36,19430.1,INR,-19430.1,APK Owner,,,MAESTRO-APK-PERSONAL-LIFESTYLE-3424 | Entertainment | 19430.10,Android,B69,STRESS_3001_3500,CREATED,idem-20260902-apk-3424
3425,MTR-APK-3425,Group,Shared Living,Flatmates,Rent,Expense,2026-03-10,17:01:24,2026-03-10 17:01:24,6620.5,INR,-6620.5,APK Aarav,3,PERCENTAGE,MAESTRO-APK-GROUP-FLATMATES-3425 | Rent | 6620.50,Android,B69,STRESS_3001_3500,CREATED,idem-20260902-apk-3425
3426,MTR-APK-3426,Business,Business,Business Runway,Funding,Income,2026-01-06,01:38:25,2026-01-06 01:38:25,166788.17,INR,166788.17,APK Owner,,,MAESTRO-APK-BUSINESS-BUSINESS_RUNWAY-3426 | Funding | 166788.17,Android,B69,STRESS_3001_3500,CREATED,idem-20260902-apk-3426
3427,MTR-APK-3427,Personal,Personal,Lifestyle,Travel,Expense,2026-03-17,04:17:23,2026-03-17 04:17:23,7934.94,INR,-7934.94,APK Owner,,,MAESTRO-APK-PERSONAL-LIFESTYLE-3427 | Travel | 7934.94,Android,B69,STRESS_3001_3500,CREATED,idem-20260902-apk-3427
3428,MTR-APK-3428,Group,Shared Living,Flatmates,Utilities,Expense,2025-09-16,19:37:10,2025-09-16 19:37:10,18320.82,INR,-18320.82,APK Meera,3,EXACT,MAESTRO-APK-GROUP-FLATMATES-3428 | Utilities | 18320.82,Android,B69,STRESS_3001_3500,CREATED,idem-20260902-apk-3428
3429,MTR-APK-3429,Business,Business,Business Runway,Revenue,Income,2025-09-15,06:18:02,2025-09-15 06:18:02,92724.7,INR,92724.7,APK Owner,,,MAESTRO-APK-BUSINESS-BUSINESS_RUNWAY-3429 | Revenue | 92724.70,Android,B69,STRESS_3001_3500,CREATED,idem-20260902-apk-3429
3430,MTR-APK-3430,Personal,Personal,Lifestyle,Fitness,Expense,2026-02-07,23:37:10,2026-02-07 23:37:10,820.93,INR,-820.93,APK Owner,,,MAESTRO-APK-PERSONAL-LIFESTYLE-3430 | Fitness | 820.93,Android,B69,STRESS_3001_3500,CREATED,idem-20260902-apk-3430
3431,MTR-APK-3431,Group,Shared Living,Flatmates,Groceries,Expense,2026-08-24,08:11:40,2026-08-24 08:11:40,15073.52,INR,-15073.52,APK Owner,3,SHARES,MAESTRO-APK-GROUP-FLATMATES-3431 | Groceries | 15073.52,Android,B69,STRESS_3001_3500,CREATED,idem-20260902-apk-3431
3432,MTR-APK-3432,Business,Business,Business Runway,Burn,Expense,2026-04-14,21:59:41,2026-04-14 21:59:41,116251.91,INR,-116251.91,APK Owner,,,MAESTRO-APK-BUSINESS-BUSINESS_RUNWAY-3432 | Burn | 116251.91,Android,B69,STRESS_3001_3500,CREATED,idem-20260902-apk-3432
3433,MTR-APK-3433,Personal,Personal,Lifestyle,Hobbies,Expense,2026-03-04,06:09:41,2026-03-04 06:09:41,3265.49,INR,-3265.49,APK Owner,,,MAESTRO-APK-PERSONAL-LIFESTYLE-3433 | Hobbies | 3265.49,Android,B69,STRESS_3001_3500,CREATED,idem-20260902-apk-3433
3434,MTR-APK-3434,Group,Shared Living,Flatmates,Internet,Expense,2026-08-11,19:28:42,2026-08-11 19:28:42,1171.77,INR,-1171.77,APK Aarav,3,EQUAL,MAESTRO-APK-GROUP-FLATMATES-3434 | Internet | 1171.77,Android,B69,STRESS_3001_3500,CREATED,idem-20260902-apk-3434
3435,MTR-APK-3435,Business,Business,Business Runway,Reserve,Transfer,2026-05-07,21:38:03,2026-05-07 21:38:03,114715.88,INR,0.0,APK Owner,,,MAESTRO-APK-BUSINESS-BUSINESS_RUNWAY-3435 | Reserve | 114715.88,Android,B69,STRESS_3001_3500,CREATED,idem-20260902-apk-3435
3436,MTR-APK-3436,Personal,Personal,Relationships,Gifts,Expense,2025-11-29,07:10:29,2025-11-29 07:10:29,15542.45,INR,-15542.45,APK Owner,,,MAESTRO-APK-PERSONAL-RELATIONSHIPS-3436 | Gifts | 15542.45,Android,B69,STRESS_3001_3500,CREATED,idem-20260902-apk-3436
3437,MTR-APK-3437,Group,Shared Living,Flatmates,House Supplies,Expense,2026-08-08,05:18:11,2026-08-08 05:18:11,10317.67,INR,-10317.67,APK Meera,3,PERCENTAGE,MAESTRO-APK-GROUP-FLATMATES-3437 | House Supplies | 10317.67,Android,B69,STRESS_3001_3500,CREATED,idem-20260902-apk-3437
3438,MTR-APK-3438,Business,Business,Business Runway,Loan,Income,2026-07-11,14:03:32,2026-07-11 14:03:32,101566.68,INR,101566.68,APK Owner,,,MAESTRO-APK-BUSINESS-BUSINESS_RUNWAY-3438 | Loan | 101566.68,Android,B69,STRESS_3001_3500,CREATED,idem-20260902-apk-3438
3439,MTR-APK-3439,Personal,Personal,Relationships,Dates,Expense,2025-10-18,14:43:45,2025-10-18 14:43:45,910.1,INR,-910.1,APK Owner,,,MAESTRO-APK-PERSONAL-RELATIONSHIPS-3439 | Dates | 910.10,Android,B69,STRESS_3001_3500,CREATED,idem-20260902-apk-3439
3440,MTR-APK-3440,Group,Shared Living,Flatmates,Repairs,Expense,2025-10-25,01:14:07,2025-10-25 01:14:07,12730.19,INR,-12730.19,APK Owner,3,EXACT,MAESTRO-APK-GROUP-FLATMATES-3440 | Repairs | 12730.19,Android,B69,STRESS_3001_3500,CREATED,idem-20260902-apk-3440
3441,MTR-APK-3441,Business,Business,Business Runway,Investment,Income,2026-01-21,03:32:44,2026-01-21 03:32:44,100.0,INR,100.0,APK Owner,,,MAESTRO-APK-BUSINESS-BUSINESS_RUNWAY-3441 | Investment | 100.00,Android,B69,STRESS_3001_3500,CREATED,idem-20260902-apk-3441
3442,MTR-APK-3442,Personal,Personal,Relationships,Family,Expense,2026-06-05,12:57:43,2026-06-05 12:57:43,1971.48,INR,-1971.48,APK Owner,,,MAESTRO-APK-PERSONAL-RELATIONSHIPS-3442 | Family | 1971.48,Android,B69,STRESS_3001_3500,CREATED,idem-20260902-apk-3442
3443,MTR-APK-3443,Group,Shared Living,Shared Living,Rent,Expense,2025-10-27,03:46:42,2025-10-27 03:46:42,22962.97,INR,-22962.97,APK Aarav,3,SHARES,MAESTRO-APK-GROUP-SHARED_LIVING-3443 | Rent | 22962.97,Android,B69,STRESS_3001_3500,CREATED,idem-20260902-apk-3443
3444,MTR-APK-3444,Business,Business,Business Operations,Software,Expense,2025-11-26,00:14:19,2025-11-26 00:14:19,15410.55,INR,-15410.55,APK Owner,,,MAESTRO-APK-BUSINESS-BUSINESS_OPERATIONS-3444 | Software | 15410.55,Android,B69,STRESS_3001_3500,CREATED,idem-20260902-apk-3444
3445,MTR-APK-3445,Personal,Personal,Relationships,Friends,Expense,2026-04-28,15:42:54,2026-04-28 15:42:54,12526.59,INR,-12526.59,APK Owner,,,MAESTRO-APK-PERSONAL-RELATIONSHIPS-3445 | Friends | 12526.59,Android,B69,STRESS_3001_3500,CREATED,idem-20260902-apk-3445
3446,MTR-APK-3446,Group,Shared Living,Shared Living,Utilities,Expense,2026-03-09,06:35:31,2026-03-09 06:35:31,11508.44,INR,-11508.44,APK Meera,3,EQUAL,MAESTRO-APK-GROUP-SHARED_LIVING-3446 | Utilities | 11508.44,Android,B69,STRESS_3001_3500,CREATED,idem-20260902-apk-3446
3447,MTR-APK-3447,Business,Business,Business Operations,Rent,Expense,2026-06-13,11:17:59,2026-06-13 11:17:59,55788.13,INR,-55788.13,APK Owner,,,MAESTRO-APK-BUSINESS-BUSINESS_OPERATIONS-3447 | Rent | 55788.13,Android,B69,STRESS_3001_3500,CREATED,idem-20260902-apk-3447
3448,MTR-APK-3448,Personal,Personal,Relationships,Celebrations,Expense,2026-06-04,02:12:31,2026-06-04 02:12:31,8033.74,INR,-8033.74,APK Owner,,,MAESTRO-APK-PERSONAL-RELATIONSHIPS-3448 | Celebrations | 8033.74,Android,B69,STRESS_3001_3500,CREATED,idem-20260902-apk-3448
3449,MTR-APK-3449,Group,Shared Living,Shared Living,Groceries,Expense,2026-08-02,08:02:36,2026-08-02 08:02:36,19359.31,INR,-19359.31,APK Owner,3,PERCENTAGE,MAESTRO-APK-GROUP-SHARED_LIVING-3449 | Groceries | 19359.31,Android,B69,STRESS_3001_3500,CREATED,idem-20260902-apk-3449
3450,MTR-APK-3450,Business,Business,Business Operations,Marketing,Expense,2025-10-17,15:29:22,2025-10-17 15:29:22,70334.0,INR,-70334.0,APK Owner,,,MAESTRO-APK-BUSINESS-BUSINESS_OPERATIONS-3450 | Marketing | 70334.00,Android,B69,STRESS_3001_3500,CREATED,idem-20260902-apk-3450
3451,MTR-APK-3451,Personal,Personal,Life Operations,Groceries,Expense,2026-06-19,19:52:39,2026-06-19 19:52:39,6167.83,INR,-6167.83,APK Owner,,,MAESTRO-APK-PERSONAL-LIFE_OPERATIONS-3451 | Groceries | 6167.83,Android,B70,STRESS_3001_3500,CREATED,idem-20260902-apk-3451
3452,MTR-APK-3452,Group,Shared Living,Shared Living,Maintenance,Expense,2025-12-10,07:40:13,2025-12-10 07:40:13,19357.16,INR,-19357.16,APK Aarav,3,EXACT,MAESTRO-APK-GROUP-SHARED_LIVING-3452 | Maintenance | 19357.16,Android,B70,STRESS_3001_3500,CREATED,idem-20260902-apk-3452
3453,MTR-APK-3453,Business,Business,Business Operations,Legal,Expense,2026-06-23,00:01:34,2026-06-23 00:01:34,136495.12,INR,-136495.12,APK Owner,,,MAESTRO-APK-BUSINESS-BUSINESS_OPERATIONS-3453 | Legal | 136495.12,Android,B70,STRESS_3001_3500,CREATED,idem-20260902-apk-3453
3454,MTR-APK-3454,Personal,Personal,Life Operations,Rent,Expense,2025-11-11,10:34:18,2025-11-11 10:34:18,18736.69,INR,-18736.69,APK Owner,,,MAESTRO-APK-PERSONAL-LIFE_OPERATIONS-3454 | Rent | 18736.69,Android,B70,STRESS_3001_3500,CREATED,idem-20260902-apk-3454
3455,MTR-APK-3455,Group,Shared Living,Shared Living,Other,Expense,2025-12-11,16:27:16,2025-12-11 16:27:16,26598.97,INR,-26598.97,APK Meera,3,SHARES,MAESTRO-APK-GROUP-SHARED_LIVING-3455 | Other | 26598.97,Android,B70,STRESS_3001_3500,CREATED,idem-20260902-apk-3455
3456,MTR-APK-3456,Business,Business,Business Operations,Accounting,Expense,2026-02-23,05:36:06,2026-02-23 05:36:06,137066.96,INR,-137066.96,APK Owner,,,MAESTRO-APK-BUSINESS-BUSINESS_OPERATIONS-3456 | Accounting | 137066.96,Android,B70,STRESS_3001_3500,CREATED,idem-20260902-apk-3456
3457,MTR-APK-3457,Personal,Personal,Life Operations,Bills,Expense,2026-06-27,10:55:41,2026-06-27 10:55:41,17417.59,INR,-17417.59,APK Owner,,,MAESTRO-APK-PERSONAL-LIFE_OPERATIONS-3457 | Bills | 17417.59,Android,B70,STRESS_3001_3500,CREATED,idem-20260902-apk-3457
3458,MTR-APK-3458,Group,Shared Living,Family Household,Transport,Expense,2026-04-25,20:17:43,2026-04-25 20:17:43,8048.83,INR,-8048.83,APK Owner,3,EQUAL,MAESTRO-APK-GROUP-FAMILY_HOUSEHOLD-3458 | Transport | 8048.83,Android,B70,STRESS_3001_3500,CREATED,idem-20260902-apk-3458
3459,MTR-APK-3459,Business,Business,Business Operations,Equipment,Expense,2026-02-25,14:35:38,2026-02-25 14:35:38,82673.13,INR,-82673.13,APK Owner,,,MAESTRO-APK-BUSINESS-BUSINESS_OPERATIONS-3459 | Equipment | 82673.13,Android,B70,STRESS_3001_3500,CREATED,idem-20260902-apk-3459
3460,MTR-APK-3460,Personal,Personal,Life Operations,Transport,Expense,2026-03-25,04:32:08,2026-03-25 04:32:08,8587.25,INR,-8587.25,APK Owner,,,MAESTRO-APK-PERSONAL-LIFE_OPERATIONS-3460 | Transport | 8587.25,Android,B70,STRESS_3001_3500,CREATED,idem-20260902-apk-3460
3461,MTR-APK-3461,Group,Shared Living,Family Household,Bills,Expense,2025-09-10,17:05:59,2025-09-10 17:05:59,29284.54,INR,-29284.54,APK Aarav,3,PERCENTAGE,MAESTRO-APK-GROUP-FAMILY_HOUSEHOLD-3461 | Bills | 29284.54,Android,B70,STRESS_3001_3500,CREATED,idem-20260902-apk-3461
3462,MTR-APK-3462,Business,Business,Business Operations,Vendor,Expense,2025-12-25,15:53:55,2025-12-25 15:53:55,126692.46,INR,-126692.46,APK Owner,,,MAESTRO-APK-BUSINESS-BUSINESS_OPERATIONS-3462 | Vendor | 126692.46,Android,B70,STRESS_3001_3500,CREATED,idem-20260902-apk-3462
3463,MTR-APK-3463,Personal,Personal,Life Operations,Healthcare,Expense,2026-05-31,00:55:14,2026-05-31 00:55:14,11715.52,INR,-11715.52,APK Owner,,,MAESTRO-APK-PERSONAL-LIFE_OPERATIONS-3463 | Healthcare | 11715.52,Android,B70,STRESS_3001_3500,CREATED,idem-20260902-apk-3463
3464,MTR-APK-3464,Group,Shared Living,Family Household,Utilities,Expense,2026-03-20,23:36:44,2026-03-20 23:36:44,19338.74,INR,-19338.74,APK Meera,3,EXACT,MAESTRO-APK-GROUP-FAMILY_HOUSEHOLD-3464 | Utilities | 19338.74,Android,B70,STRESS_3001_3500,CREATED,idem-20260902-apk-3464
3465,MTR-APK-3465,Business,Business,Business Operations,Tax,Expense,2026-04-05,08:24:08,2026-04-05 08:24:08,179602.48,INR,-179602.48,APK Owner,,,MAESTRO-APK-BUSINESS-BUSINESS_OPERATIONS-3465 | Tax | 179602.48,Android,B70,STRESS_3001_3500,CREATED,idem-20260902-apk-3465
3466,MTR-APK-3466,Personal,Personal,Life Operations,Subscriptions,Expense,2026-01-02,20:11:31,2026-01-02 20:11:31,6077.17,INR,-6077.17,APK Owner,,,MAESTRO-APK-PERSONAL-LIFE_OPERATIONS-3466 | Subscriptions | 6077.17,Android,B70,STRESS_3001_3500,CREATED,idem-20260902-apk-3466
3467,MTR-APK-3467,Group,Shared Living,Family Household,Healthcare,Expense,2025-11-30,16:54:42,2025-11-30 16:54:42,25314.42,INR,-25314.42,APK Owner,3,SHARES,MAESTRO-APK-GROUP-FAMILY_HOUSEHOLD-3467 | Healthcare | 25314.42,Android,B70,STRESS_3001_3500,CREATED,idem-20260902-apk-3467
3468,MTR-APK-3468,Business,Business,Team Operations,Payroll,Expense,2026-03-22,07:21:02,2026-03-22 07:21:02,75778.76,INR,-75778.76,APK Owner,,,MAESTRO-APK-BUSINESS-TEAM_OPERATIONS-3468 | Payroll | 75778.76,Android,B70,STRESS_3001_3500,CREATED,idem-20260902-apk-3468
3469,MTR-APK-3469,Personal,Personal,Life Operations,Repairs,Expense,2026-07-05,16:08:01,2026-07-05 16:08:01,16684.7,INR,-16684.7,APK Owner,,,MAESTRO-APK-PERSONAL-LIFE_OPERATIONS-3469 | Repairs | 16684.70,Android,B70,STRESS_3001_3500,CREATED,idem-20260902-apk-3469
3470,MTR-APK-3470,Group,Shared Living,Family Household,School,Expense,2025-09-05,20:52:27,2025-09-05 20:52:27,13105.29,INR,-13105.29,APK Aarav,3,EQUAL,MAESTRO-APK-GROUP-FAMILY_HOUSEHOLD-3470 | School | 13105.29,Android,B70,STRESS_3001_3500,CREATED,idem-20260902-apk-3470
3471,MTR-APK-3471,Business,Business,Team Operations,Contractor,Expense,2026-07-01,23:38:19,2026-07-01 23:38:19,2773.15,INR,-2773.15,APK Owner,,,MAESTRO-APK-BUSINESS-TEAM_OPERATIONS-3471 | Contractor | 2773.15,Android,B70,STRESS_3001_3500,CREATED,idem-20260902-apk-3471
3472,MTR-APK-3472,Personal,Personal,Future Building,Savings,Transfer,2026-07-14,04:56:31,2026-07-14 04:56:31,13636.48,INR,0.0,APK Owner,,,MAESTRO-APK-PERSONAL-FUTURE_BUILDING-3472 | Savings | 13636.48,Android,B70,STRESS_3001_3500,CREATED,idem-20260902-apk-3472
3473,MTR-APK-3473,Group,Shared Living,Family Household,Other,Expense,2025-12-24,07:26:54,2025-12-24 07:26:54,13709.38,INR,-13709.38,APK Meera,3,PERCENTAGE,MAESTRO-APK-GROUP-FAMILY_HOUSEHOLD-3473 | Other | 13709.38,Android,B70,STRESS_3001_3500,CREATED,idem-20260902-apk-3473
3474,MTR-APK-3474,Business,Business,Team Operations,Hiring,Expense,2026-03-08,09:54:46,2026-03-08 09:54:46,168171.04,INR,-168171.04,APK Owner,,,MAESTRO-APK-BUSINESS-TEAM_OPERATIONS-3474 | Hiring | 168171.04,Android,B70,STRESS_3001_3500,CREATED,idem-20260902-apk-3474
3475,MTR-APK-3475,Personal,Personal,Future Building,Emergency Fund,Transfer,2026-06-12,08:14:56,2026-06-12 08:14:56,12068.99,INR,0.0,APK Owner,,,MAESTRO-APK-PERSONAL-FUTURE_BUILDING-3475 | Emergency Fund | 12068.99,Android,B70,STRESS_3001_3500,CREATED,idem-20260902-apk-3475
3476,MTR-APK-3476,Group,Shared Living,Custom Living,Custom Expense,Expense,2025-10-18,18:34:55,2025-10-18 18:34:55,24418.54,INR,-24418.54,APK Owner,3,EXACT,MAESTRO-APK-GROUP-CUSTOM_LIVING-3476 | Custom Expense | 24418.54,Android,B70,STRESS_3001_3500,CREATED,idem-20260902-apk-3476
3477,MTR-APK-3477,Business,Business,Team Operations,Team Meal,Expense,2025-12-15,02:40:44,2025-12-15 02:40:44,99514.8,INR,-99514.8,APK Owner,,,MAESTRO-APK-BUSINESS-TEAM_OPERATIONS-3477 | Team Meal | 99514.80,Android,B70,STRESS_3001_3500,CREATED,idem-20260902-apk-3477
3478,MTR-APK-3478,Personal,Personal,Future Building,Investments,Investment,2026-05-02,13:55:41,2026-05-02 13:55:41,999.99,INR,0.0,APK Owner,,,MAESTRO-APK-PERSONAL-FUTURE_BUILDING-3478 | Investments | 999.99,Android,B70,STRESS_3001_3500,CREATED,idem-20260902-apk-3478
3479,MTR-APK-3479,Group,Shared Living,Custom Living,Custom Contribution,Contribution,2026-06-18,13:45:23,2026-06-18 13:45:23,11287.23,INR,11287.23,APK Aarav,3,SHARES,MAESTRO-APK-GROUP-CUSTOM_LIVING-3479 | Custom Contribution | 11287.23,Android,B70,STRESS_3001_3500,CREATED,idem-20260902-apk-3479
3480,MTR-APK-3480,Business,Business,Team Operations,Travel,Expense,2025-09-16,03:59:32,2025-09-16 03:59:32,36574.59,INR,-36574.59,APK Owner,,,MAESTRO-APK-BUSINESS-TEAM_OPERATIONS-3480 | Travel | 36574.59,Android,B70,STRESS_3001_3500,CREATED,idem-20260902-apk-3480
3481,MTR-APK-3481,Personal,Personal,Future Building,Education,Expense,2026-04-16,16:44:25,2026-04-16 16:44:25,6799.55,INR,-6799.55,APK Owner,,,MAESTRO-APK-PERSONAL-FUTURE_BUILDING-3481 | Education | 6799.55,Android,B70,STRESS_3001_3500,CREATED,idem-20260902-apk-3481
3482,MTR-APK-3482,Group,Shared Experience,Trip,Travel,Expense,2025-10-20,10:31:34,2025-10-20 10:31:34,14039.18,INR,-14039.18,APK Meera,3,EQUAL,MAESTRO-APK-GROUP-TRIP-3482 | Travel | 14039.18,Android,B70,STRESS_3001_3500,CREATED,idem-20260902-apk-3482
3483,MTR-APK-3483,Business,Business,Team Operations,Training,Expense,2026-06-19,20:49:36,2026-06-19 20:49:36,156722.62,INR,-156722.62,APK Owner,,,MAESTRO-APK-BUSINESS-TEAM_OPERATIONS-3483 | Training | 156722.62,Android,B70,STRESS_3001_3500,CREATED,idem-20260902-apk-3483
3484,MTR-APK-3484,Personal,Personal,Future Building,Goal Contribution,Transfer,2025-11-10,01:03:45,2025-11-10 01:03:45,2205.12,INR,0.0,APK Owner,,,MAESTRO-APK-PERSONAL-FUTURE_BUILDING-3484 | Goal Contribution | 2205.12,Android,B70,STRESS_3001_3500,CREATED,idem-20260902-apk-3484
3485,MTR-APK-3485,Group,Shared Experience,Trip,Stay,Expense,2026-08-24,15:07:13,2026-08-24 15:07:13,28049.77,INR,-28049.77,APK Owner,3,PERCENTAGE,MAESTRO-APK-GROUP-TRIP-3485 | Stay | 28049.77,Android,B70,STRESS_3001_3500,CREATED,idem-20260902-apk-3485
3486,MTR-APK-3486,Business,Business,Team Operations,Tools,Expense,2025-10-02,01:13:10,2025-10-02 01:13:10,63789.8,INR,-63789.8,APK Owner,,,MAESTRO-APK-BUSINESS-TEAM_OPERATIONS-3486 | Tools | 63789.80,Android,B70,STRESS_3001_3500,CREATED,idem-20260902-apk-3486
3487,MTR-APK-3487,Personal,Personal,Lifestyle,Dining,Expense,2026-04-09,09:49:03,2026-04-09 09:49:03,5223.92,INR,-5223.92,APK Owner,,,MAESTRO-APK-PERSONAL-LIFESTYLE-3487 | Dining | 5223.92,Android,B70,STRESS_3001_3500,CREATED,idem-20260902-apk-3487
3488,MTR-APK-3488,Group,Shared Experience,Trip,Food,Expense,2026-04-26,23:15:06,2026-04-26 23:15:06,16027.09,INR,-16027.09,APK Aarav,3,EXACT,MAESTRO-APK-GROUP-TRIP-3488 | Food | 16027.09,Android,B70,STRESS_3001_3500,CREATED,idem-20260902-apk-3488
3489,MTR-APK-3489,Business,Business,Business Runway,Funding,Income,2025-09-16,20:24:35,2025-09-16 20:24:35,122494.83,INR,122494.83,APK Owner,,,MAESTRO-APK-BUSINESS-BUSINESS_RUNWAY-3489 | Funding | 122494.83,Android,B70,STRESS_3001_3500,CREATED,idem-20260902-apk-3489
3490,MTR-APK-3490,Personal,Personal,Lifestyle,Shopping,Expense,2026-02-02,08:34:04,2026-02-02 08:34:04,3811.19,INR,-3811.19,APK Owner,,,MAESTRO-APK-PERSONAL-LIFESTYLE-3490 | Shopping | 3811.19,Android,B70,STRESS_3001_3500,CREATED,idem-20260902-apk-3490
3491,MTR-APK-3491,Group,Shared Experience,Trip,Local Transport,Expense,2026-08-24,19:41:20,2026-08-24 19:41:20,28138.73,INR,-28138.73,APK Meera,3,SHARES,MAESTRO-APK-GROUP-TRIP-3491 | Local Transport | 28138.73,Android,B70,STRESS_3001_3500,CREATED,idem-20260902-apk-3491
3492,MTR-APK-3492,Business,Business,Business Runway,Revenue,Income,2025-09-02,15:30:44,2025-09-02 15:30:44,142801.73,INR,142801.73,APK Owner,,,MAESTRO-APK-BUSINESS-BUSINESS_RUNWAY-3492 | Revenue | 142801.73,Android,B70,STRESS_3001_3500,CREATED,idem-20260902-apk-3492
3493,MTR-APK-3493,Personal,Personal,Lifestyle,Entertainment,Expense,2025-12-14,22:49:46,2025-12-14 22:49:46,9732.19,INR,-9732.19,APK Owner,,,MAESTRO-APK-PERSONAL-LIFESTYLE-3493 | Entertainment | 9732.19,Android,B70,STRESS_3001_3500,CREATED,idem-20260902-apk-3493
3494,MTR-APK-3494,Group,Shared Experience,Trip,Activities,Expense,2025-10-10,18:05:08,2025-10-10 18:05:08,8976.52,INR,-8976.52,APK Owner,3,EQUAL,MAESTRO-APK-GROUP-TRIP-3494 | Activities | 8976.52,Android,B70,STRESS_3001_3500,CREATED,idem-20260902-apk-3494
3495,MTR-APK-3495,Business,Business,Business Runway,Burn,Expense,2026-02-12,07:24:32,2026-02-12 07:24:32,170283.63,INR,-170283.63,APK Owner,,,MAESTRO-APK-BUSINESS-BUSINESS_RUNWAY-3495 | Burn | 170283.63,Android,B70,STRESS_3001_3500,CREATED,idem-20260902-apk-3495
3496,MTR-APK-3496,Personal,Personal,Lifestyle,Travel,Expense,2025-09-19,17:42:10,2025-09-19 17:42:10,1273.1,INR,-1273.1,APK Owner,,,MAESTRO-APK-PERSONAL-LIFESTYLE-3496 | Travel | 1273.10,Android,B70,STRESS_3001_3500,CREATED,idem-20260902-apk-3496
3497,MTR-APK-3497,Group,Shared Experience,Trip,Shopping,Expense,2026-02-08,13:21:17,2026-02-08 13:21:17,16236.52,INR,-16236.52,APK Aarav,3,PERCENTAGE,MAESTRO-APK-GROUP-TRIP-3497 | Shopping | 16236.52,Android,B70,STRESS_3001_3500,CREATED,idem-20260902-apk-3497
3498,MTR-APK-3498,Business,Business,Business Runway,Reserve,Transfer,2025-09-05,04:19:42,2025-09-05 04:19:42,31126.98,INR,0.0,APK Owner,,,MAESTRO-APK-BUSINESS-BUSINESS_RUNWAY-3498 | Reserve | 31126.98,Android,B70,STRESS_3001_3500,CREATED,idem-20260902-apk-3498
3499,MTR-APK-3499,Personal,Personal,Lifestyle,Fitness,Expense,2025-09-12,13:19:33,2025-09-12 13:19:33,5736.63,INR,-5736.63,APK Owner,,,MAESTRO-APK-PERSONAL-LIFESTYLE-3499 | Fitness | 5736.63,Android,B70,STRESS_3001_3500,CREATED,idem-20260902-apk-3499
3500,MTR-APK-3500,Group,Shared Experience,Trip,Other,Expense,2025-11-24,08:31:49,2025-11-24 08:31:49,27747.83,INR,-27747.83,APK Meera,3,EXACT,MAESTRO-APK-GROUP-TRIP-3500 | Other | 27747.83,Android,B70,STRESS_3001_3500,CREATED,idem-20260902-apk-3500
