Sequence,Txn_ID,Mode,Family,Moment,Quick_Add,Semantic_Type,Txn_Date,Txn_Time,Timestamp,Amount,Currency,Expected_Signed_Amount,Paid_By,Participant_Count,Split_Method,Description,Device_Target,Run_Batch,Backend_Load_Band,Expected_Status,Idempotency_Key
1,MTR-IOS-0001,Personal,Personal,Life Operations,Groceries,Expense,2026-01-20,05:40:34,2026-01-20 05:40:34,14066.5,INR,-14066.5,IOS Owner,,,MAESTRO-IOS-PERSONAL-LIFE_OPERATIONS-0001 | Groceries | 14066.50,iPhone,B01,BASELINE_1_500,CREATED,idem-20260902-ios-0001
2,MTR-IOS-0002,Group,Shared Experience,Trip,Travel,Expense,2026-01-01,17:33:29,2026-01-01 17:33:29,26868.32,INR,-26868.32,IOS Owner,3,EQUAL,MAESTRO-IOS-GROUP-TRIP-0002 | Travel | 26868.32,iPhone,B01,BASELINE_1_500,CREATED,idem-20260902-ios-0002
3,MTR-IOS-0003,Business,Business,Team Operations,Payroll,Expense,2026-04-19,12:08:42,2026-04-19 12:08:42,57453.63,INR,-57453.63,IOS Owner,,,MAESTRO-IOS-BUSINESS-TEAM_OPERATIONS-0003 | Payroll | 57453.63,iPhone,B01,BASELINE_1_500,CREATED,idem-20260902-ios-0003
4,MTR-IOS-0004,Personal,Personal,Life Operations,Rent,Expense,2026-05-25,04:30:57,2026-05-25 04:30:57,2414.9,INR,-2414.9,IOS Owner,,,MAESTRO-IOS-PERSONAL-LIFE_OPERATIONS-0004 | Rent | 2414.90,iPhone,B01,BASELINE_1_500,CREATED,idem-20260902-ios-0004
5,MTR-IOS-0005,Group,Shared Experience,Trip,Stay,Expense,2026-07-28,08:16:22,2026-07-28 08:16:22,18351.21,INR,-18351.21,IOS Aarav,3,PERCENTAGE,MAESTRO-IOS-GROUP-TRIP-0005 | Stay | 18351.21,iPhone,B01,BASELINE_1_500,CREATED,idem-20260902-ios-0005
6,MTR-IOS-0006,Business,Business,Team Operations,Contractor,Expense,2025-09-13,09:54:55,2025-09-13 09:54:55,109737.08,INR,-109737.08,IOS Owner,,,MAESTRO-IOS-BUSINESS-TEAM_OPERATIONS-0006 | Contractor | 109737.08,iPhone,B01,BASELINE_1_500,CREATED,idem-20260902-ios-0006
7,MTR-IOS-0007,Personal,Personal,Life Operations,Bills,Expense,2026-01-22,02:25:22,2026-01-22 02:25:22,7285.65,INR,-7285.65,IOS Owner,,,MAESTRO-IOS-PERSONAL-LIFE_OPERATIONS-0007 | Bills | 7285.65,iPhone,B01,BASELINE_1_500,CREATED,idem-20260902-ios-0007
8,MTR-IOS-0008,Group,Shared Experience,Trip,Food,Expense,2025-11-02,09:34:17,2025-11-02 09:34:17,25422.15,INR,-25422.15,IOS Meera,3,EXACT,MAESTRO-IOS-GROUP-TRIP-0008 | Food | 25422.15,iPhone,B01,BASELINE_1_500,CREATED,idem-20260902-ios-0008
9,MTR-IOS-0009,Business,Business,Team Operations,Hiring,Expense,2025-11-29,08:26:29,2025-11-29 08:26:29,142974.65,INR,-142974.65,IOS Owner,,,MAESTRO-IOS-BUSINESS-TEAM_OPERATIONS-0009 | Hiring | 142974.65,iPhone,B01,BASELINE_1_500,CREATED,idem-20260902-ios-0009
10,MTR-IOS-0010,Personal,Personal,Life Operations,Transport,Expense,2025-11-14,21:54:54,2025-11-14 21:54:54,13838.38,INR,-13838.38,IOS Owner,,,MAESTRO-IOS-PERSONAL-LIFE_OPERATIONS-0010 | Transport | 13838.38,iPhone,B01,BASELINE_1_500,CREATED,idem-20260902-ios-0010
11,MTR-IOS-0011,Group,Shared Experience,Trip,Local Transport,Expense,2026-06-20,01:17:01,2026-06-20 01:17:01,20814.45,INR,-20814.45,IOS Owner,3,SHARES,MAESTRO-IOS-GROUP-TRIP-0011 | Local Transport | 20814.45,iPhone,B01,BASELINE_1_500,CREATED,idem-20260902-ios-0011
12,MTR-IOS-0012,Business,Business,Team Operations,Team Meal,Expense,2025-11-11,17:19:55,2025-11-11 17:19:55,153816.21,INR,-153816.21,IOS Owner,,,MAESTRO-IOS-BUSINESS-TEAM_OPERATIONS-0012 | Team Meal | 153816.21,iPhone,B01,BASELINE_1_500,CREATED,idem-20260902-ios-0012
13,MTR-IOS-0013,Personal,Personal,Life Operations,Healthcare,Expense,2025-11-09,08:56:35,2025-11-09 08:56:35,12883.33,INR,-12883.33,IOS Owner,,,MAESTRO-IOS-PERSONAL-LIFE_OPERATIONS-0013 | Healthcare | 12883.33,iPhone,B01,BASELINE_1_500,CREATED,idem-20260902-ios-0013
14,MTR-IOS-0014,Group,Shared Experience,Trip,Activities,Expense,2026-06-03,00:50:46,2026-06-03 00:50:46,8585.78,INR,-8585.78,IOS Aarav,3,EQUAL,MAESTRO-IOS-GROUP-TRIP-0014 | Activities | 8585.78,iPhone,B01,BASELINE_1_500,CREATED,idem-20260902-ios-0014
15,MTR-IOS-0015,Business,Business,Team Operations,Travel,Expense,2026-04-03,04:52:28,2026-04-03 04:52:28,126238.94,INR,-126238.94,IOS Owner,,,MAESTRO-IOS-BUSINESS-TEAM_OPERATIONS-0015 | Travel | 126238.94,iPhone,B01,BASELINE_1_500,CREATED,idem-20260902-ios-0015
16,MTR-IOS-0016,Personal,Personal,Life Operations,Subscriptions,Expense,2025-12-19,15:44:33,2025-12-19 15:44:33,12564.33,INR,-12564.33,IOS Owner,,,MAESTRO-IOS-PERSONAL-LIFE_OPERATIONS-0016 | Subscriptions | 12564.33,iPhone,B01,BASELINE_1_500,CREATED,idem-20260902-ios-0016
17,MTR-IOS-0017,Group,Shared Experience,Trip,Shopping,Expense,2026-07-13,17:19:07,2026-07-13 17:19:07,14891.49,INR,-14891.49,IOS Meera,3,PERCENTAGE,MAESTRO-IOS-GROUP-TRIP-0017 | Shopping | 14891.49,iPhone,B01,BASELINE_1_500,CREATED,idem-20260902-ios-0017
18,MTR-IOS-0018,Business,Business,Team Operations,Training,Expense,2025-12-06,21:22:54,2025-12-06 21:22:54,77896.48,INR,-77896.48,IOS Owner,,,MAESTRO-IOS-BUSINESS-TEAM_OPERATIONS-0018 | Training | 77896.48,iPhone,B01,BASELINE_1_500,CREATED,idem-20260902-ios-0018
19,MTR-IOS-0019,Personal,Personal,Life Operations,Repairs,Expense,2026-01-04,12:54:47,2026-01-04 12:54:47,17848.59,INR,-17848.59,IOS Owner,,,MAESTRO-IOS-PERSONAL-LIFE_OPERATIONS-0019 | Repairs | 17848.59,iPhone,B01,BASELINE_1_500,CREATED,idem-20260902-ios-0019
20,MTR-IOS-0020,Group,Shared Experience,Trip,Other,Expense,2026-07-10,02:41:12,2026-07-10 02:41:12,16125.67,INR,-16125.67,IOS Owner,3,EXACT,MAESTRO-IOS-GROUP-TRIP-0020 | Other | 16125.67,iPhone,B01,BASELINE_1_500,CREATED,idem-20260902-ios-0020
21,MTR-IOS-0021,Business,Business,Team Operations,Tools,Expense,2026-08-30,21:03:27,2026-08-30 21:03:27,135446.27,INR,-135446.27,IOS Owner,,,MAESTRO-IOS-BUSINESS-TEAM_OPERATIONS-0021 | Tools | 135446.27,iPhone,B01,BASELINE_1_500,CREATED,idem-20260902-ios-0021
22,MTR-IOS-0022,Personal,Personal,Future Building,Savings,Transfer,2026-08-18,12:31:57,2026-08-18 12:31:57,16827.67,INR,0.0,IOS Owner,,,MAESTRO-IOS-PERSONAL-FUTURE_BUILDING-0022 | Savings | 16827.67,iPhone,B01,BASELINE_1_500,CREATED,idem-20260902-ios-0022
23,MTR-IOS-0023,Group,Shared Experience,Wedding,Venue,Expense,2026-06-01,20:52:46,2026-06-01 20:52:46,24925.16,INR,-24925.16,IOS Aarav,3,SHARES,MAESTRO-IOS-GROUP-WEDDING-0023 | Venue | 24925.16,iPhone,B01,BASELINE_1_500,CREATED,idem-20260902-ios-0023
24,MTR-IOS-0024,Business,Business,Business Runway,Funding,Income,2025-12-22,12:33:06,2025-12-22 12:33:06,121141.46,INR,121141.46,IOS Owner,,,MAESTRO-IOS-BUSINESS-BUSINESS_RUNWAY-0024 | Funding | 121141.46,iPhone,B01,BASELINE_1_500,CREATED,idem-20260902-ios-0024
25,MTR-IOS-0025,Personal,Personal,Future Building,Emergency Fund,Transfer,2025-11-21,03:01:08,2025-11-21 03:01:08,4005.71,INR,0.0,IOS Owner,,,MAESTRO-IOS-PERSONAL-FUTURE_BUILDING-0025 | Emergency Fund | 4005.71,iPhone,B01,BASELINE_1_500,CREATED,idem-20260902-ios-0025
26,MTR-IOS-0026,Group,Shared Experience,Wedding,Catering,Expense,2026-06-13,12:22:45,2026-06-13 12:22:45,19704.71,INR,-19704.71,IOS Meera,3,EQUAL,MAESTRO-IOS-GROUP-WEDDING-0026 | Catering | 19704.71,iPhone,B01,BASELINE_1_500,CREATED,idem-20260902-ios-0026
27,MTR-IOS-0027,Business,Business,Business Runway,Revenue,Income,2025-12-03,06:00:42,2025-12-03 06:00:42,144069.9,INR,144069.9,IOS Owner,,,MAESTRO-IOS-BUSINESS-BUSINESS_RUNWAY-0027 | Revenue | 144069.90,iPhone,B01,BASELINE_1_500,CREATED,idem-20260902-ios-0027
28,MTR-IOS-0028,Personal,Personal,Future Building,Investments,Investment,2025-10-04,22:40:03,2025-10-04 22:40:03,4161.04,INR,0.0,IOS Owner,,,MAESTRO-IOS-PERSONAL-FUTURE_BUILDING-0028 | Investments | 4161.04,iPhone,B01,BASELINE_1_500,CREATED,idem-20260902-ios-0028
29,MTR-IOS-0029,Group,Shared Experience,Wedding,Decor,Expense,2026-04-01,16:03:33,2026-04-01 16:03:33,15620.75,INR,-15620.75,IOS Owner,3,PERCENTAGE,MAESTRO-IOS-GROUP-WEDDING-0029 | Decor | 15620.75,iPhone,B01,BASELINE_1_500,CREATED,idem-20260902-ios-0029
30,MTR-IOS-0030,Business,Business,Business Runway,Burn,Expense,2026-05-28,08:13:09,2026-05-28 08:13:09,142385.1,INR,-142385.1,IOS Owner,,,MAESTRO-IOS-BUSINESS-BUSINESS_RUNWAY-0030 | Burn | 142385.10,iPhone,B01,BASELINE_1_500,CREATED,idem-20260902-ios-0030
31,MTR-IOS-0031,Personal,Personal,Future Building,Education,Expense,2025-10-01,22:40:13,2025-10-01 22:40:13,6294.62,INR,-6294.62,IOS Owner,,,MAESTRO-IOS-PERSONAL-FUTURE_BUILDING-0031 | Education | 6294.62,iPhone,B01,BASELINE_1_500,CREATED,idem-20260902-ios-0031
32,MTR-IOS-0032,Group,Shared Experience,Wedding,Travel,Expense,2025-12-08,02:39:00,2025-12-08 02:39:00,16472.62,INR,-16472.62,IOS Aarav,3,EXACT,MAESTRO-IOS-GROUP-WEDDING-0032 | Travel | 16472.62,iPhone,B01,BASELINE_1_500,CREATED,idem-20260902-ios-0032
33,MTR-IOS-0033,Business,Business,Business Runway,Reserve,Transfer,2026-02-26,12:20:25,2026-02-26 12:20:25,827.54,INR,0.0,IOS Owner,,,MAESTRO-IOS-BUSINESS-BUSINESS_RUNWAY-0033 | Reserve | 827.54,iPhone,B01,BASELINE_1_500,CREATED,idem-20260902-ios-0033
34,MTR-IOS-0034,Personal,Personal,Future Building,Goal Contribution,Transfer,2026-06-19,03:26:47,2026-06-19 03:26:47,10116.79,INR,0.0,IOS Owner,,,MAESTRO-IOS-PERSONAL-FUTURE_BUILDING-0034 | Goal Contribution | 10116.79,iPhone,B01,BASELINE_1_500,CREATED,idem-20260902-ios-0034
35,MTR-IOS-0035,Group,Shared Experience,Wedding,Gifts,Expense,2025-11-23,03:38:36,2025-11-23 03:38:36,18821.96,INR,-18821.96,IOS Meera,3,SHARES,MAESTRO-IOS-GROUP-WEDDING-0035 | Gifts | 18821.96,iPhone,B01,BASELINE_1_500,CREATED,idem-20260902-ios-0035
36,MTR-IOS-0036,Business,Business,Business Runway,Loan,Income,2026-03-06,23:55:25,2026-03-06 23:55:25,122441.2,INR,122441.2,IOS Owner,,,MAESTRO-IOS-BUSINESS-BUSINESS_RUNWAY-0036 | Loan | 122441.20,iPhone,B01,BASELINE_1_500,CREATED,idem-20260902-ios-0036
37,MTR-IOS-0037,Personal,Personal,Lifestyle,Dining,Expense,2026-04-06,17:23:47,2026-04-06 17:23:47,1.0,INR,-1.0,IOS Owner,,,MAESTRO-IOS-PERSONAL-LIFESTYLE-0037 | Dining | 1.00,iPhone,B01,BASELINE_1_500,CREATED,idem-20260902-ios-0037
38,MTR-IOS-0038,Group,Shared Experience,Wedding,Photography,Expense,2026-03-27,02:06:48,2026-03-27 02:06:48,6824.65,INR,-6824.65,IOS Owner,3,EQUAL,MAESTRO-IOS-GROUP-WEDDING-0038 | Photography | 6824.65,iPhone,B01,BASELINE_1_500,CREATED,idem-20260902-ios-0038
39,MTR-IOS-0039,Business,Business,Business Runway,Investment,Income,2026-07-28,16:32:18,2026-07-28 16:32:18,161177.11,INR,161177.11,IOS Owner,,,MAESTRO-IOS-BUSINESS-BUSINESS_RUNWAY-0039 | Investment | 161177.11,iPhone,B01,BASELINE_1_500,CREATED,idem-20260902-ios-0039
40,MTR-IOS-0040,Personal,Personal,Lifestyle,Shopping,Expense,2026-06-25,22:20:44,2026-06-25 22:20:44,8933.08,INR,-8933.08,IOS Owner,,,MAESTRO-IOS-PERSONAL-LIFESTYLE-0040 | Shopping | 8933.08,iPhone,B01,BASELINE_1_500,CREATED,idem-20260902-ios-0040
41,MTR-IOS-0041,Group,Shared Experience,Wedding,Other,Expense,2025-10-26,13:47:32,2025-10-26 13:47:32,18392.39,INR,-18392.39,IOS Aarav,3,PERCENTAGE,MAESTRO-IOS-GROUP-WEDDING-0041 | Other | 18392.39,iPhone,B01,BASELINE_1_500,CREATED,idem-20260902-ios-0041
42,MTR-IOS-0042,Business,Business,Business Operations,Software,Expense,2026-04-15,13:34:21,2026-04-15 13:34:21,31212.26,INR,-31212.26,IOS Owner,,,MAESTRO-IOS-BUSINESS-BUSINESS_OPERATIONS-0042 | Software | 31212.26,iPhone,B01,BASELINE_1_500,CREATED,idem-20260902-ios-0042
43,MTR-IOS-0043,Personal,Personal,Lifestyle,Entertainment,Expense,2025-12-07,04:36:53,2025-12-07 04:36:53,3405.74,INR,-3405.74,IOS Owner,,,MAESTRO-IOS-PERSONAL-LIFESTYLE-0043 | Entertainment | 3405.74,iPhone,B01,BASELINE_1_500,CREATED,idem-20260902-ios-0043
44,MTR-IOS-0044,Group,Shared Experience,Office Outing,Food,Expense,2026-05-16,04:50:46,2026-05-16 04:50:46,24075.67,INR,-24075.67,IOS Meera,3,EXACT,MAESTRO-IOS-GROUP-OFFICE_OUTING-0044 | Food | 24075.67,iPhone,B01,BASELINE_1_500,CREATED,idem-20260902-ios-0044
45,MTR-IOS-0045,Business,Business,Business Operations,Rent,Expense,2026-02-01,18:14:19,2026-02-01 18:14:19,115020.15,INR,-115020.15,IOS Owner,,,MAESTRO-IOS-BUSINESS-BUSINESS_OPERATIONS-0045 | Rent | 115020.15,iPhone,B01,BASELINE_1_500,CREATED,idem-20260902-ios-0045
46,MTR-IOS-0046,Personal,Personal,Lifestyle,Travel,Expense,2026-05-24,01:04:42,2026-05-24 01:04:42,2690.2,INR,-2690.2,IOS Owner,,,MAESTRO-IOS-PERSONAL-LIFESTYLE-0046 | Travel | 2690.20,iPhone,B01,BASELINE_1_500,CREATED,idem-20260902-ios-0046
47,MTR-IOS-0047,Group,Shared Experience,Office Outing,Travel,Expense,2026-06-29,09:31:51,2026-06-29 09:31:51,26939.54,INR,-26939.54,IOS Owner,3,SHARES,MAESTRO-IOS-GROUP-OFFICE_OUTING-0047 | Travel | 26939.54,iPhone,B01,BASELINE_1_500,CREATED,idem-20260902-ios-0047
48,MTR-IOS-0048,Business,Business,Business Operations,Marketing,Expense,2026-03-11,09:51:36,2026-03-11 09:51:36,13101.49,INR,-13101.49,IOS Owner,,,MAESTRO-IOS-BUSINESS-BUSINESS_OPERATIONS-0048 | Marketing | 13101.49,iPhone,B01,BASELINE_1_500,CREATED,idem-20260902-ios-0048
49,MTR-IOS-0049,Personal,Personal,Lifestyle,Fitness,Expense,2026-06-15,19:33:03,2026-06-15 19:33:03,11242.4,INR,-11242.4,IOS Owner,,,MAESTRO-IOS-PERSONAL-LIFESTYLE-0049 | Fitness | 11242.40,iPhone,B01,BASELINE_1_500,CREATED,idem-20260902-ios-0049
50,MTR-IOS-0050,Group,Shared Experience,Office Outing,Activities,Expense,2026-05-07,18:51:27,2026-05-07 18:51:27,23929.09,INR,-23929.09,IOS Aarav,3,EQUAL,MAESTRO-IOS-GROUP-OFFICE_OUTING-0050 | Activities | 23929.09,iPhone,B01,BASELINE_1_500,CREATED,idem-20260902-ios-0050
51,MTR-IOS-0051,Business,Business,Business Operations,Legal,Expense,2026-05-02,08:30:40,2026-05-02 08:30:40,129560.87,INR,-129560.87,IOS Owner,,,MAESTRO-IOS-BUSINESS-BUSINESS_OPERATIONS-0051 | Legal | 129560.87,iPhone,B02,BASELINE_1_500,CREATED,idem-20260902-ios-0051
52,MTR-IOS-0052,Personal,Personal,Lifestyle,Hobbies,Expense,2026-04-13,00:36:48,2026-04-13 00:36:48,12569.92,INR,-12569.92,IOS Owner,,,MAESTRO-IOS-PERSONAL-LIFESTYLE-0052 | Hobbies | 12569.92,iPhone,B02,BASELINE_1_500,CREATED,idem-20260902-ios-0052
53,MTR-IOS-0053,Group,Shared Experience,Office Outing,Venue,Expense,2026-08-13,01:11:13,2026-08-13 01:11:13,4138.0,INR,-4138.0,IOS Meera,3,PERCENTAGE,MAESTRO-IOS-GROUP-OFFICE_OUTING-0053 | Venue | 4138.00,iPhone,B02,BASELINE_1_500,CREATED,idem-20260902-ios-0053
54,MTR-IOS-0054,Business,Business,Business Operations,Accounting,Expense,2026-02-11,21:57:02,2026-02-11 21:57:02,56575.85,INR,-56575.85,IOS Owner,,,MAESTRO-IOS-BUSINESS-BUSINESS_OPERATIONS-0054 | Accounting | 56575.85,iPhone,B02,BASELINE_1_500,CREATED,idem-20260902-ios-0054
55,MTR-IOS-0055,Personal,Personal,Relationships,Gifts,Expense,2025-12-06,17:47:44,2025-12-06 17:47:44,11894.24,INR,-11894.24,IOS Owner,,,MAESTRO-IOS-PERSONAL-RELATIONSHIPS-0055 | Gifts | 11894.24,iPhone,B02,BASELINE_1_500,CREATED,idem-20260902-ios-0055
56,MTR-IOS-0056,Group,Shared Experience,Office Outing,Other,Expense,2026-01-28,19:37:42,2026-01-28 19:37:42,2675.67,INR,-2675.67,IOS Owner,3,EXACT,MAESTRO-IOS-GROUP-OFFICE_OUTING-0056 | Other | 2675.67,iPhone,B02,BASELINE_1_500,CREATED,idem-20260902-ios-0056
57,MTR-IOS-0057,Business,Business,Business Operations,Equipment,Expense,2026-04-07,20:42:09,2026-04-07 20:42:09,133277.16,INR,-133277.16,IOS Owner,,,MAESTRO-IOS-BUSINESS-BUSINESS_OPERATIONS-0057 | Equipment | 133277.16,iPhone,B02,BASELINE_1_500,CREATED,idem-20260902-ios-0057
58,MTR-IOS-0058,Personal,Personal,Relationships,Dates,Expense,2026-03-17,23:28:00,2026-03-17 23:28:00,9526.28,INR,-9526.28,IOS Owner,,,MAESTRO-IOS-PERSONAL-RELATIONSHIPS-0058 | Dates | 9526.28,iPhone,B02,BASELINE_1_500,CREATED,idem-20260902-ios-0058
59,MTR-IOS-0059,Group,Shared Experience,House Party,Food,Expense,2026-03-02,00:23:06,2026-03-02 00:23:06,645.28,INR,-645.28,IOS Aarav,3,SHARES,MAESTRO-IOS-GROUP-HOUSE_PARTY-0059 | Food | 645.28,iPhone,B02,BASELINE_1_500,CREATED,idem-20260902-ios-0059
60,MTR-IOS-0060,Business,Business,Business Operations,Vendor,Expense,2025-11-13,07:17:40,2025-11-13 07:17:40,56257.61,INR,-56257.61,IOS Owner,,,MAESTRO-IOS-BUSINESS-BUSINESS_OPERATIONS-0060 | Vendor | 56257.61,iPhone,B02,BASELINE_1_500,CREATED,idem-20260902-ios-0060
61,MTR-IOS-0061,Personal,Personal,Relationships,Family,Expense,2025-12-08,04:04:37,2025-12-08 04:04:37,15808.23,INR,-15808.23,IOS Owner,,,MAESTRO-IOS-PERSONAL-RELATIONSHIPS-0061 | Family | 15808.23,iPhone,B02,BASELINE_1_500,CREATED,idem-20260902-ios-0061
62,MTR-IOS-0062,Group,Shared Experience,House Party,Drinks,Expense,2026-03-20,09:39:48,2026-03-20 09:39:48,16257.19,INR,-16257.19,IOS Meera,3,EQUAL,MAESTRO-IOS-GROUP-HOUSE_PARTY-0062 | Drinks | 16257.19,iPhone,B02,BASELINE_1_500,CREATED,idem-20260902-ios-0062
63,MTR-IOS-0063,Business,Business,Business Operations,Tax,Expense,2026-04-08,16:29:47,2026-04-08 16:29:47,139365.36,INR,-139365.36,IOS Owner,,,MAESTRO-IOS-BUSINESS-BUSINESS_OPERATIONS-0063 | Tax | 139365.36,iPhone,B02,BASELINE_1_500,CREATED,idem-20260902-ios-0063
64,MTR-IOS-0064,Personal,Personal,Relationships,Friends,Expense,2025-10-31,19:21:55,2025-10-31 19:21:55,14580.17,INR,-14580.17,IOS Owner,,,MAESTRO-IOS-PERSONAL-RELATIONSHIPS-0064 | Friends | 14580.17,iPhone,B02,BASELINE_1_500,CREATED,idem-20260902-ios-0064
65,MTR-IOS-0065,Group,Shared Experience,House Party,Decor,Expense,2026-04-30,08:28:10,2026-04-30 08:28:10,6500.81,INR,-6500.81,IOS Owner,3,PERCENTAGE,MAESTRO-IOS-GROUP-HOUSE_PARTY-0065 | Decor | 6500.81,iPhone,B02,BASELINE_1_500,CREATED,idem-20260902-ios-0065
66,MTR-IOS-0066,Business,Business,Team Operations,Payroll,Expense,2026-08-28,16:54:37,2026-08-28 16:54:37,113953.26,INR,-113953.26,IOS Owner,,,MAESTRO-IOS-BUSINESS-TEAM_OPERATIONS-0066 | Payroll | 113953.26,iPhone,B02,BASELINE_1_500,CREATED,idem-20260902-ios-0066
67,MTR-IOS-0067,Personal,Personal,Relationships,Celebrations,Expense,2026-01-22,02:50:04,2026-01-22 02:50:04,9094.31,INR,-9094.31,IOS Owner,,,MAESTRO-IOS-PERSONAL-RELATIONSHIPS-0067 | Celebrations | 9094.31,iPhone,B02,BASELINE_1_500,CREATED,idem-20260902-ios-0067
68,MTR-IOS-0068,Group,Shared Experience,House Party,Supplies,Expense,2025-09-04,03:21:24,2025-09-04 03:21:24,12595.83,INR,-12595.83,IOS Aarav,3,EXACT,MAESTRO-IOS-GROUP-HOUSE_PARTY-0068 | Supplies | 12595.83,iPhone,B02,BASELINE_1_500,CREATED,idem-20260902-ios-0068
69,MTR-IOS-0069,Business,Business,Team Operations,Contractor,Expense,2026-05-20,08:08:58,2026-05-20 08:08:58,136731.74,INR,-136731.74,IOS Owner,,,MAESTRO-IOS-BUSINESS-TEAM_OPERATIONS-0069 | Contractor | 136731.74,iPhone,B02,BASELINE_1_500,CREATED,idem-20260902-ios-0069
70,MTR-IOS-0070,Personal,Personal,Life Operations,Groceries,Expense,2026-04-27,06:43:45,2026-04-27 06:43:45,1050.87,INR,-1050.87,IOS Owner,,,MAESTRO-IOS-PERSONAL-LIFE_OPERATIONS-0070 | Groceries | 1050.87,iPhone,B02,BASELINE_1_500,CREATED,idem-20260902-ios-0070
71,MTR-IOS-0071,Group,Shared Experience,House Party,Other,Expense,2026-08-01,15:48:31,2026-08-01 15:48:31,22932.1,INR,-22932.1,IOS Meera,3,SHARES,MAESTRO-IOS-GROUP-HOUSE_PARTY-0071 | Other | 22932.10,iPhone,B02,BASELINE_1_500,CREATED,idem-20260902-ios-0071
72,MTR-IOS-0072,Business,Business,Team Operations,Hiring,Expense,2026-04-19,13:52:49,2026-04-19 13:52:49,101440.72,INR,-101440.72,IOS Owner,,,MAESTRO-IOS-BUSINESS-TEAM_OPERATIONS-0072 | Hiring | 101440.72,iPhone,B02,BASELINE_1_500,CREATED,idem-20260902-ios-0072
73,MTR-IOS-0073,Personal,Personal,Life Operations,Rent,Expense,2026-08-03,17:48:39,2026-08-03 17:48:39,2637.28,INR,-2637.28,IOS Owner,,,MAESTRO-IOS-PERSONAL-LIFE_OPERATIONS-0073 | Rent | 2637.28,iPhone,B02,BASELINE_1_500,CREATED,idem-20260902-ios-0073
74,MTR-IOS-0074,Group,Shared Purchase,Gift Pool,Contribution,Contribution,2026-08-26,08:31:00,2026-08-26 08:31:00,99.99,INR,99.99,IOS Owner,3,EQUAL,MAESTRO-IOS-GROUP-GIFT_POOL-0074 | Contribution | 99.99,iPhone,B02,BASELINE_1_500,CREATED,idem-20260902-ios-0074
75,MTR-IOS-0075,Business,Business,Team Operations,Team Meal,Expense,2026-05-06,09:23:33,2026-05-06 09:23:33,31526.73,INR,-31526.73,IOS Owner,,,MAESTRO-IOS-BUSINESS-TEAM_OPERATIONS-0075 | Team Meal | 31526.73,iPhone,B02,BASELINE_1_500,CREATED,idem-20260902-ios-0075
76,MTR-IOS-0076,Personal,Personal,Life Operations,Bills,Expense,2026-04-20,06:13:46,2026-04-20 06:13:46,12479.77,INR,-12479.77,IOS Owner,,,MAESTRO-IOS-PERSONAL-LIFE_OPERATIONS-0076 | Bills | 12479.77,iPhone,B02,BASELINE_1_500,CREATED,idem-20260902-ios-0076
77,MTR-IOS-0077,Group,Shared Purchase,Gift Pool,Gift Purchase,Expense,2025-10-22,21:55:33,2025-10-22 21:55:33,10652.95,INR,-10652.95,IOS Aarav,3,PERCENTAGE,MAESTRO-IOS-GROUP-GIFT_POOL-0077 | Gift Purchase | 10652.95,iPhone,B02,BASELINE_1_500,CREATED,idem-20260902-ios-0077
78,MTR-IOS-0078,Business,Business,Team Operations,Travel,Expense,2026-02-19,19:51:07,2026-02-19 19:51:07,122605.77,INR,-122605.77,IOS Owner,,,MAESTRO-IOS-BUSINESS-TEAM_OPERATIONS-0078 | Travel | 122605.77,iPhone,B02,BASELINE_1_500,CREATED,idem-20260902-ios-0078
79,MTR-IOS-0079,Personal,Personal,Life Operations,Transport,Expense,2026-08-21,08:44:49,2026-08-21 08:44:49,7262.27,INR,-7262.27,IOS Owner,,,MAESTRO-IOS-PERSONAL-LIFE_OPERATIONS-0079 | Transport | 7262.27,iPhone,B02,BASELINE_1_500,CREATED,idem-20260902-ios-0079
80,MTR-IOS-0080,Group,Shared Purchase,Gift Pool,Delivery,Expense,2026-02-22,18:44:03,2026-02-22 18:44:03,5391.57,INR,-5391.57,IOS Meera,3,EXACT,MAESTRO-IOS-GROUP-GIFT_POOL-0080 | Delivery | 5391.57,iPhone,B02,BASELINE_1_500,CREATED,idem-20260902-ios-0080
81,MTR-IOS-0081,Business,Business,Team Operations,Training,Expense,2025-12-31,20:08:42,2025-12-31 20:08:42,91592.45,INR,-91592.45,IOS Owner,,,MAESTRO-IOS-BUSINESS-TEAM_OPERATIONS-0081 | Training | 91592.45,iPhone,B02,BASELINE_1_500,CREATED,idem-20260902-ios-0081
82,MTR-IOS-0082,Personal,Personal,Life Operations,Healthcare,Expense,2025-10-15,21:12:15,2025-10-15 21:12:15,16572.13,INR,-16572.13,IOS Owner,,,MAESTRO-IOS-PERSONAL-LIFE_OPERATIONS-0082 | Healthcare | 16572.13,iPhone,B02,BASELINE_1_500,CREATED,idem-20260902-ios-0082
83,MTR-IOS-0083,Group,Shared Purchase,Gift Pool,Other,Expense,2026-08-14,00:28:05,2026-08-14 00:28:05,22439.56,INR,-22439.56,IOS Owner,3,SHARES,MAESTRO-IOS-GROUP-GIFT_POOL-0083 | Other | 22439.56,iPhone,B02,BASELINE_1_500,CREATED,idem-20260902-ios-0083
84,MTR-IOS-0084,Business,Business,Team Operations,Tools,Expense,2025-11-15,10:56:32,2025-11-15 10:56:32,28921.75,INR,-28921.75,IOS Owner,,,MAESTRO-IOS-BUSINESS-TEAM_OPERATIONS-0084 | Tools | 28921.75,iPhone,B02,BASELINE_1_500,CREATED,idem-20260902-ios-0084
85,MTR-IOS-0085,Personal,Personal,Life Operations,Subscriptions,Expense,2025-12-01,14:32:19,2025-12-01 14:32:19,888.95,INR,-888.95,IOS Owner,,,MAESTRO-IOS-PERSONAL-LIFE_OPERATIONS-0085 | Subscriptions | 888.95,iPhone,B02,BASELINE_1_500,CREATED,idem-20260902-ios-0085
86,MTR-IOS-0086,Group,Shared Purchase,Purchase,Item,Expense,2026-05-02,20:36:35,2026-05-02 20:36:35,1987.64,INR,-1987.64,IOS Aarav,3,EQUAL,MAESTRO-IOS-GROUP-PURCHASE-0086 | Item | 1987.64,iPhone,B02,BASELINE_1_500,CREATED,idem-20260902-ios-0086
87,MTR-IOS-0087,Business,Business,Business Runway,Funding,Income,2025-09-24,16:51:55,2025-09-24 16:51:55,106112.85,INR,106112.85,IOS Owner,,,MAESTRO-IOS-BUSINESS-BUSINESS_RUNWAY-0087 | Funding | 106112.85,iPhone,B02,BASELINE_1_500,CREATED,idem-20260902-ios-0087
88,MTR-IOS-0088,Personal,Personal,Life Operations,Repairs,Expense,2025-09-05,00:22:10,2025-09-05 00:22:10,508.87,INR,-508.87,IOS Owner,,,MAESTRO-IOS-PERSONAL-LIFE_OPERATIONS-0088 | Repairs | 508.87,iPhone,B02,BASELINE_1_500,CREATED,idem-20260902-ios-0088
89,MTR-IOS-0089,Group,Shared Purchase,Purchase,Shipping,Expense,2025-12-20,22:49:37,2025-12-20 22:49:37,8397.3,INR,-8397.3,IOS Meera,3,PERCENTAGE,MAESTRO-IOS-GROUP-PURCHASE-0089 | Shipping | 8397.30,iPhone,B02,BASELINE_1_500,CREATED,idem-20260902-ios-0089
90,MTR-IOS-0090,Business,Business,Business Runway,Revenue,Income,2026-07-03,11:47:13,2026-07-03 11:47:13,164732.5,INR,164732.5,IOS Owner,,,MAESTRO-IOS-BUSINESS-BUSINESS_RUNWAY-0090 | Revenue | 164732.50,iPhone,B02,BASELINE_1_500,CREATED,idem-20260902-ios-0090
91,MTR-IOS-0091,Personal,Personal,Future Building,Savings,Transfer,2026-07-04,16:10:37,2026-07-04 16:10:37,1047.28,INR,0.0,IOS Owner,,,MAESTRO-IOS-PERSONAL-FUTURE_BUILDING-0091 | Savings | 1047.28,iPhone,B02,BASELINE_1_500,CREATED,idem-20260902-ios-0091
92,MTR-IOS-0092,Group,Shared Purchase,Purchase,Tax,Expense,2026-03-16,05:49:09,2026-03-16 05:49:09,22954.16,INR,-22954.16,IOS Owner,3,EXACT,MAESTRO-IOS-GROUP-PURCHASE-0092 | Tax | 22954.16,iPhone,B02,BASELINE_1_500,CREATED,idem-20260902-ios-0092
93,MTR-IOS-0093,Business,Business,Business Runway,Burn,Expense,2025-10-10,21:42:20,2025-10-10 21:42:20,87834.75,INR,-87834.75,IOS Owner,,,MAESTRO-IOS-BUSINESS-BUSINESS_RUNWAY-0093 | Burn | 87834.75,iPhone,B02,BASELINE_1_500,CREATED,idem-20260902-ios-0093
94,MTR-IOS-0094,Personal,Personal,Future Building,Emergency Fund,Transfer,2025-12-01,12:21:14,2025-12-01 12:21:14,16467.85,INR,0.0,IOS Owner,,,MAESTRO-IOS-PERSONAL-FUTURE_BUILDING-0094 | Emergency Fund | 16467.85,iPhone,B02,BASELINE_1_500,CREATED,idem-20260902-ios-0094
95,MTR-IOS-0095,Group,Shared Purchase,Purchase,Other,Expense,2025-11-24,13:07:06,2025-11-24 13:07:06,25633.17,INR,-25633.17,IOS Aarav,3,SHARES,MAESTRO-IOS-GROUP-PURCHASE-0095 | Other | 25633.17,iPhone,B02,BASELINE_1_500,CREATED,idem-20260902-ios-0095
96,MTR-IOS-0096,Business,Business,Business Runway,Reserve,Transfer,2025-11-08,09:55:51,2025-11-08 09:55:51,91780.94,INR,0.0,IOS Owner,,,MAESTRO-IOS-BUSINESS-BUSINESS_RUNWAY-0096 | Reserve | 91780.94,iPhone,B02,BASELINE_1_500,CREATED,idem-20260902-ios-0096
97,MTR-IOS-0097,Personal,Personal,Future Building,Investments,Investment,2026-05-23,03:52:14,2026-05-23 03:52:14,14426.24,INR,0.0,IOS Owner,,,MAESTRO-IOS-PERSONAL-FUTURE_BUILDING-0097 | Investments | 14426.24,iPhone,B02,BASELINE_1_500,CREATED,idem-20260902-ios-0097
98,MTR-IOS-0098,Group,Shared Purchase,Assets,Purchase,Expense,2026-05-21,23:59:52,2026-05-21 23:59:52,20917.42,INR,-20917.42,IOS Meera,3,EQUAL,MAESTRO-IOS-GROUP-ASSETS-0098 | Purchase | 20917.42,iPhone,B02,BASELINE_1_500,CREATED,idem-20260902-ios-0098
99,MTR-IOS-0099,Business,Business,Business Runway,Loan,Income,2026-04-02,19:00:33,2026-04-02 19:00:33,9873.35,INR,9873.35,IOS Owner,,,MAESTRO-IOS-BUSINESS-BUSINESS_RUNWAY-0099 | Loan | 9873.35,iPhone,B02,BASELINE_1_500,CREATED,idem-20260902-ios-0099
100,MTR-IOS-0100,Personal,Personal,Future Building,Education,Expense,2026-05-04,08:08:42,2026-05-04 08:08:42,16161.79,INR,-16161.79,IOS Owner,,,MAESTRO-IOS-PERSONAL-FUTURE_BUILDING-0100 | Education | 16161.79,iPhone,B02,BASELINE_1_500,CREATED,idem-20260902-ios-0100
101,MTR-IOS-0101,Group,Shared Purchase,Assets,Maintenance,Expense,2026-01-12,02:50:52,2026-01-12 02:50:52,21681.29,INR,-21681.29,IOS Owner,3,PERCENTAGE,MAESTRO-IOS-GROUP-ASSETS-0101 | Maintenance | 21681.29,iPhone,B03,BASELINE_1_500,CREATED,idem-20260902-ios-0101
102,MTR-IOS-0102,Business,Business,Business Runway,Investment,Income,2026-04-30,09:31:22,2026-04-30 09:31:22,148459.45,INR,148459.45,IOS Owner,,,MAESTRO-IOS-BUSINESS-BUSINESS_RUNWAY-0102 | Investment | 148459.45,iPhone,B03,BASELINE_1_500,CREATED,idem-20260902-ios-0102
103,MTR-IOS-0103,Personal,Personal,Future Building,Goal Contribution,Transfer,2025-11-25,22:58:49,2025-11-25 22:58:49,13732.74,INR,0.0,IOS Owner,,,MAESTRO-IOS-PERSONAL-FUTURE_BUILDING-0103 | Goal Contribution | 13732.74,iPhone,B03,BASELINE_1_500,CREATED,idem-20260902-ios-0103
104,MTR-IOS-0104,Group,Shared Purchase,Assets,Repair,Expense,2026-04-05,02:18:13,2026-04-05 02:18:13,23860.34,INR,-23860.34,IOS Aarav,3,EXACT,MAESTRO-IOS-GROUP-ASSETS-0104 | Repair | 23860.34,iPhone,B03,BASELINE_1_500,CREATED,idem-20260902-ios-0104
105,MTR-IOS-0105,Business,Business,Business Operations,Software,Expense,2025-12-17,05:13:42,2025-12-17 05:13:42,109716.24,INR,-109716.24,IOS Owner,,,MAESTRO-IOS-BUSINESS-BUSINESS_OPERATIONS-0105 | Software | 109716.24,iPhone,B03,BASELINE_1_500,CREATED,idem-20260902-ios-0105
106,MTR-IOS-0106,Personal,Personal,Lifestyle,Dining,Expense,2026-08-20,03:30:15,2026-08-20 03:30:15,3093.0,INR,-3093.0,IOS Owner,,,MAESTRO-IOS-PERSONAL-LIFESTYLE-0106 | Dining | 3093.00,iPhone,B03,BASELINE_1_500,CREATED,idem-20260902-ios-0106
107,MTR-IOS-0107,Group,Shared Purchase,Assets,Insurance,Expense,2026-07-06,00:37:40,2026-07-06 00:37:40,16865.3,INR,-16865.3,IOS Meera,3,SHARES,MAESTRO-IOS-GROUP-ASSETS-0107 | Insurance | 16865.30,iPhone,B03,BASELINE_1_500,CREATED,idem-20260902-ios-0107
108,MTR-IOS-0108,Business,Business,Business Operations,Rent,Expense,2025-11-08,14:53:34,2025-11-08 14:53:34,105825.15,INR,-105825.15,IOS Owner,,,MAESTRO-IOS-BUSINESS-BUSINESS_OPERATIONS-0108 | Rent | 105825.15,iPhone,B03,BASELINE_1_500,CREATED,idem-20260902-ios-0108
109,MTR-IOS-0109,Personal,Personal,Lifestyle,Shopping,Expense,2026-02-09,19:24:12,2026-02-09 19:24:12,16207.58,INR,-16207.58,IOS Owner,,,MAESTRO-IOS-PERSONAL-LIFESTYLE-0109 | Shopping | 16207.58,iPhone,B03,BASELINE_1_500,CREATED,idem-20260902-ios-0109
110,MTR-IOS-0110,Group,Shared Purchase,Assets,Other,Expense,2026-05-15,04:06:46,2026-05-15 04:06:46,2670.61,INR,-2670.61,IOS Owner,3,EQUAL,MAESTRO-IOS-GROUP-ASSETS-0110 | Other | 2670.61,iPhone,B03,BASELINE_1_500,CREATED,idem-20260902-ios-0110
111,MTR-IOS-0111,Business,Business,Business Operations,Marketing,Expense,2026-08-19,05:56:24,2026-08-19 05:56:24,100.0,INR,-100.0,IOS Owner,,,MAESTRO-IOS-BUSINESS-BUSINESS_OPERATIONS-0111 | Marketing | 100.00,iPhone,B03,BASELINE_1_500,CREATED,idem-20260902-ios-0111
112,MTR-IOS-0112,Personal,Personal,Lifestyle,Entertainment,Expense,2026-03-30,18:54:18,2026-03-30 18:54:18,14904.21,INR,-14904.21,IOS Owner,,,MAESTRO-IOS-PERSONAL-LIFESTYLE-0112 | Entertainment | 14904.21,iPhone,B03,BASELINE_1_500,CREATED,idem-20260902-ios-0112
113,MTR-IOS-0113,Group,Shared Purchase,Custom Purchase,Custom Expense,Expense,2026-03-21,10:49:03,2026-03-21 10:49:03,12012.0,INR,-12012.0,IOS Aarav,3,PERCENTAGE,MAESTRO-IOS-GROUP-CUSTOM_PURCHASE-0113 | Custom Expense | 12012.00,iPhone,B03,BASELINE_1_500,CREATED,idem-20260902-ios-0113
114,MTR-IOS-0114,Business,Business,Business Operations,Legal,Expense,2026-02-05,15:50:08,2026-02-05 15:50:08,97844.99,INR,-97844.99,IOS Owner,,,MAESTRO-IOS-BUSINESS-BUSINESS_OPERATIONS-0114 | Legal | 97844.99,iPhone,B03,BASELINE_1_500,CREATED,idem-20260902-ios-0114
115,MTR-IOS-0115,Personal,Personal,Lifestyle,Travel,Expense,2026-03-21,10:05:43,2026-03-21 10:05:43,110.04,INR,-110.04,IOS Owner,,,MAESTRO-IOS-PERSONAL-LIFESTYLE-0115 | Travel | 110.04,iPhone,B03,BASELINE_1_500,CREATED,idem-20260902-ios-0115
116,MTR-IOS-0116,Group,Shared Purchase,Custom Purchase,Custom Contribution,Contribution,2026-08-16,09:00:14,2026-08-16 09:00:14,23361.36,INR,23361.36,IOS Meera,3,EXACT,MAESTRO-IOS-GROUP-CUSTOM_PURCHASE-0116 | Custom Contribution | 23361.36,iPhone,B03,BASELINE_1_500,CREATED,idem-20260902-ios-0116
117,MTR-IOS-0117,Business,Business,Business Operations,Accounting,Expense,2025-10-14,01:19:58,2025-10-14 01:19:58,12783.36,INR,-12783.36,IOS Owner,,,MAESTRO-IOS-BUSINESS-BUSINESS_OPERATIONS-0117 | Accounting | 12783.36,iPhone,B03,BASELINE_1_500,CREATED,idem-20260902-ios-0117
118,MTR-IOS-0118,Personal,Personal,Lifestyle,Fitness,Expense,2025-11-05,07:44:01,2025-11-05 07:44:01,9923.61,INR,-9923.61,IOS Owner,,,MAESTRO-IOS-PERSONAL-LIFESTYLE-0118 | Fitness | 9923.61,iPhone,B03,BASELINE_1_500,CREATED,idem-20260902-ios-0118
119,MTR-IOS-0119,Group,Shared Living,Flatmates,Rent,Expense,2026-04-19,22:02:39,2026-04-19 22:02:39,15229.04,INR,-15229.04,IOS Owner,3,SHARES,MAESTRO-IOS-GROUP-FLATMATES-0119 | Rent | 15229.04,iPhone,B03,BASELINE_1_500,CREATED,idem-20260902-ios-0119
120,MTR-IOS-0120,Business,Business,Business Operations,Equipment,Expense,2026-01-20,07:28:00,2026-01-20 07:28:00,100774.25,INR,-100774.25,IOS Owner,,,MAESTRO-IOS-BUSINESS-BUSINESS_OPERATIONS-0120 | Equipment | 100774.25,iPhone,B03,BASELINE_1_500,CREATED,idem-20260902-ios-0120
121,MTR-IOS-0121,Personal,Personal,Lifestyle,Hobbies,Expense,2026-06-19,13:05:33,2026-06-19 13:05:33,7452.91,INR,-7452.91,IOS Owner,,,MAESTRO-IOS-PERSONAL-LIFESTYLE-0121 | Hobbies | 7452.91,iPhone,B03,BASELINE_1_500,CREATED,idem-20260902-ios-0121
122,MTR-IOS-0122,Group,Shared Living,Flatmates,Utilities,Expense,2025-09-27,23:26:38,2025-09-27 23:26:38,4951.63,INR,-4951.63,IOS Aarav,3,EQUAL,MAESTRO-IOS-GROUP-FLATMATES-0122 | Utilities | 4951.63,iPhone,B03,BASELINE_1_500,CREATED,idem-20260902-ios-0122
123,MTR-IOS-0123,Business,Business,Business Operations,Vendor,Expense,2026-02-14,02:41:08,2026-02-14 02:41:08,95373.75,INR,-95373.75,IOS Owner,,,MAESTRO-IOS-BUSINESS-BUSINESS_OPERATIONS-0123 | Vendor | 95373.75,iPhone,B03,BASELINE_1_500,CREATED,idem-20260902-ios-0123
124,MTR-IOS-0124,Personal,Personal,Relationships,Gifts,Expense,2026-08-11,21:41:10,2026-08-11 21:41:10,16450.12,INR,-16450.12,IOS Owner,,,MAESTRO-IOS-PERSONAL-RELATIONSHIPS-0124 | Gifts | 16450.12,iPhone,B03,BASELINE_1_500,CREATED,idem-20260902-ios-0124
125,MTR-IOS-0125,Group,Shared Living,Flatmates,Groceries,Expense,2026-05-19,07:22:52,2026-05-19 07:22:52,6259.59,INR,-6259.59,IOS Meera,3,PERCENTAGE,MAESTRO-IOS-GROUP-FLATMATES-0125 | Groceries | 6259.59,iPhone,B03,BASELINE_1_500,CREATED,idem-20260902-ios-0125
126,MTR-IOS-0126,Business,Business,Business Operations,Tax,Expense,2025-11-20,19:24:30,2025-11-20 19:24:30,147664.79,INR,-147664.79,IOS Owner,,,MAESTRO-IOS-BUSINESS-BUSINESS_OPERATIONS-0126 | Tax | 147664.79,iPhone,B03,BASELINE_1_500,CREATED,idem-20260902-ios-0126
127,MTR-IOS-0127,Personal,Personal,Relationships,Dates,Expense,2026-05-08,18:25:17,2026-05-08 18:25:17,5226.1,INR,-5226.1,IOS Owner,,,MAESTRO-IOS-PERSONAL-RELATIONSHIPS-0127 | Dates | 5226.10,iPhone,B03,BASELINE_1_500,CREATED,idem-20260902-ios-0127
128,MTR-IOS-0128,Group,Shared Living,Flatmates,Internet,Expense,2025-10-31,20:13:10,2025-10-31 20:13:10,21504.53,INR,-21504.53,IOS Owner,3,EXACT,MAESTRO-IOS-GROUP-FLATMATES-0128 | Internet | 21504.53,iPhone,B03,BASELINE_1_500,CREATED,idem-20260902-ios-0128
129,MTR-IOS-0129,Business,Business,Team Operations,Payroll,Expense,2026-04-18,03:03:17,2026-04-18 03:03:17,145801.42,INR,-145801.42,IOS Owner,,,MAESTRO-IOS-BUSINESS-TEAM_OPERATIONS-0129 | Payroll | 145801.42,iPhone,B03,BASELINE_1_500,CREATED,idem-20260902-ios-0129
130,MTR-IOS-0130,Personal,Personal,Relationships,Family,Expense,2026-02-10,10:06:13,2026-02-10 10:06:13,3511.53,INR,-3511.53,IOS Owner,,,MAESTRO-IOS-PERSONAL-RELATIONSHIPS-0130 | Family | 3511.53,iPhone,B03,BASELINE_1_500,CREATED,idem-20260902-ios-0130
131,MTR-IOS-0131,Group,Shared Living,Flatmates,House Supplies,Expense,2026-04-10,06:35:07,2026-04-10 06:35:07,20374.27,INR,-20374.27,IOS Aarav,3,SHARES,MAESTRO-IOS-GROUP-FLATMATES-0131 | House Supplies | 20374.27,iPhone,B03,BASELINE_1_500,CREATED,idem-20260902-ios-0131
132,MTR-IOS-0132,Business,Business,Team Operations,Contractor,Expense,2025-10-18,07:54:57,2025-10-18 07:54:57,50810.92,INR,-50810.92,IOS Owner,,,MAESTRO-IOS-BUSINESS-TEAM_OPERATIONS-0132 | Contractor | 50810.92,iPhone,B03,BASELINE_1_500,CREATED,idem-20260902-ios-0132
133,MTR-IOS-0133,Personal,Personal,Relationships,Friends,Expense,2025-10-29,06:49:05,2025-10-29 06:49:05,5211.63,INR,-5211.63,IOS Owner,,,MAESTRO-IOS-PERSONAL-RELATIONSHIPS-0133 | Friends | 5211.63,iPhone,B03,BASELINE_1_500,CREATED,idem-20260902-ios-0133
134,MTR-IOS-0134,Group,Shared Living,Flatmates,Repairs,Expense,2026-04-03,09:03:48,2026-04-03 09:03:48,5377.39,INR,-5377.39,IOS Meera,3,EQUAL,MAESTRO-IOS-GROUP-FLATMATES-0134 | Repairs | 5377.39,iPhone,B03,BASELINE_1_500,CREATED,idem-20260902-ios-0134
135,MTR-IOS-0135,Business,Business,Team Operations,Hiring,Expense,2025-10-11,10:22:36,2025-10-11 10:22:36,23755.77,INR,-23755.77,IOS Owner,,,MAESTRO-IOS-BUSINESS-TEAM_OPERATIONS-0135 | Hiring | 23755.77,iPhone,B03,BASELINE_1_500,CREATED,idem-20260902-ios-0135
136,MTR-IOS-0136,Personal,Personal,Relationships,Celebrations,Expense,2025-11-21,00:05:45,2025-11-21 00:05:45,5772.26,INR,-5772.26,IOS Owner,,,MAESTRO-IOS-PERSONAL-RELATIONSHIPS-0136 | Celebrations | 5772.26,iPhone,B03,BASELINE_1_500,CREATED,idem-20260902-ios-0136
137,MTR-IOS-0137,Group,Shared Living,Shared Living,Rent,Expense,2025-10-24,19:24:14,2025-10-24 19:24:14,14722.69,INR,-14722.69,IOS Owner,3,PERCENTAGE,MAESTRO-IOS-GROUP-SHARED_LIVING-0137 | Rent | 14722.69,iPhone,B03,BASELINE_1_500,CREATED,idem-20260902-ios-0137
138,MTR-IOS-0138,Business,Business,Team Operations,Team Meal,Expense,2026-05-04,03:14:44,2026-05-04 03:14:44,111815.52,INR,-111815.52,IOS Owner,,,MAESTRO-IOS-BUSINESS-TEAM_OPERATIONS-0138 | Team Meal | 111815.52,iPhone,B03,BASELINE_1_500,CREATED,idem-20260902-ios-0138
139,MTR-IOS-0139,Personal,Personal,Life Operations,Groceries,Expense,2026-07-11,20:19:16,2026-07-11 20:19:16,10801.91,INR,-10801.91,IOS Owner,,,MAESTRO-IOS-PERSONAL-LIFE_OPERATIONS-0139 | Groceries | 10801.91,iPhone,B03,BASELINE_1_500,CREATED,idem-20260902-ios-0139
140,MTR-IOS-0140,Group,Shared Living,Shared Living,Utilities,Expense,2026-04-08,07:51:26,2026-04-08 07:51:26,17152.95,INR,-17152.95,IOS Aarav,3,EXACT,MAESTRO-IOS-GROUP-SHARED_LIVING-0140 | Utilities | 17152.95,iPhone,B03,BASELINE_1_500,CREATED,idem-20260902-ios-0140
141,MTR-IOS-0141,Business,Business,Team Operations,Travel,Expense,2026-06-22,13:27:09,2026-06-22 13:27:09,65923.33,INR,-65923.33,IOS Owner,,,MAESTRO-IOS-BUSINESS-TEAM_OPERATIONS-0141 | Travel | 65923.33,iPhone,B03,BASELINE_1_500,CREATED,idem-20260902-ios-0141
142,MTR-IOS-0142,Personal,Personal,Life Operations,Rent,Expense,2025-12-18,09:37:01,2025-12-18 09:37:01,12878.9,INR,-12878.9,IOS Owner,,,MAESTRO-IOS-PERSONAL-LIFE_OPERATIONS-0142 | Rent | 12878.90,iPhone,B03,BASELINE_1_500,CREATED,idem-20260902-ios-0142
143,MTR-IOS-0143,Group,Shared Living,Shared Living,Groceries,Expense,2026-08-17,10:35:35,2026-08-17 10:35:35,23736.03,INR,-23736.03,IOS Meera,3,SHARES,MAESTRO-IOS-GROUP-SHARED_LIVING-0143 | Groceries | 23736.03,iPhone,B03,BASELINE_1_500,CREATED,idem-20260902-ios-0143
144,MTR-IOS-0144,Business,Business,Team Operations,Training,Expense,2026-03-20,10:38:17,2026-03-20 10:38:17,146788.26,INR,-146788.26,IOS Owner,,,MAESTRO-IOS-BUSINESS-TEAM_OPERATIONS-0144 | Training | 146788.26,iPhone,B03,BASELINE_1_500,CREATED,idem-20260902-ios-0144
145,MTR-IOS-0145,Personal,Personal,Life Operations,Bills,Expense,2026-04-22,12:56:10,2026-04-22 12:56:10,7474.05,INR,-7474.05,IOS Owner,,,MAESTRO-IOS-PERSONAL-LIFE_OPERATIONS-0145 | Bills | 7474.05,iPhone,B03,BASELINE_1_500,CREATED,idem-20260902-ios-0145
146,MTR-IOS-0146,Group,Shared Living,Shared Living,Maintenance,Expense,2026-02-18,06:02:21,2026-02-18 06:02:21,10279.0,INR,-10279.0,IOS Owner,3,EQUAL,MAESTRO-IOS-GROUP-SHARED_LIVING-0146 | Maintenance | 10279.00,iPhone,B03,BASELINE_1_500,CREATED,idem-20260902-ios-0146
147,MTR-IOS-0147,Business,Business,Team Operations,Tools,Expense,2026-08-03,09:31:33,2026-08-03 09:31:33,93638.52,INR,-93638.52,IOS Owner,,,MAESTRO-IOS-BUSINESS-TEAM_OPERATIONS-0147 | Tools | 93638.52,iPhone,B03,BASELINE_1_500,CREATED,idem-20260902-ios-0147
148,MTR-IOS-0148,Personal,Personal,Life Operations,Transport,Expense,2026-06-16,21:29:16,2026-06-16 21:29:16,999.99,INR,-999.99,IOS Owner,,,MAESTRO-IOS-PERSONAL-LIFE_OPERATIONS-0148 | Transport | 999.99,iPhone,B03,BASELINE_1_500,CREATED,idem-20260902-ios-0148
149,MTR-IOS-0149,Group,Shared Living,Shared Living,Other,Expense,2026-06-08,12:56:42,2026-06-08 12:56:42,16826.75,INR,-16826.75,IOS Aarav,3,PERCENTAGE,MAESTRO-IOS-GROUP-SHARED_LIVING-0149 | Other | 16826.75,iPhone,B03,BASELINE_1_500,CREATED,idem-20260902-ios-0149
150,MTR-IOS-0150,Business,Business,Business Runway,Funding,Income,2026-06-19,21:57:29,2026-06-19 21:57:29,46466.32,INR,46466.32,IOS Owner,,,MAESTRO-IOS-BUSINESS-BUSINESS_RUNWAY-0150 | Funding | 46466.32,iPhone,B03,BASELINE_1_500,CREATED,idem-20260902-ios-0150
151,MTR-IOS-0151,Personal,Personal,Life Operations,Healthcare,Expense,2026-08-02,23:17:00,2026-08-02 23:17:00,10274.72,INR,-10274.72,IOS Owner,,,MAESTRO-IOS-PERSONAL-LIFE_OPERATIONS-0151 | Healthcare | 10274.72,iPhone,B04,BASELINE_1_500,CREATED,idem-20260902-ios-0151
152,MTR-IOS-0152,Group,Shared Living,Family Household,Rent,Expense,2026-03-23,03:56:37,2026-03-23 03:56:37,15708.48,INR,-15708.48,IOS Meera,3,EXACT,MAESTRO-IOS-GROUP-FAMILY_HOUSEHOLD-0152 | Rent | 15708.48,iPhone,B04,BASELINE_1_500,CREATED,idem-20260902-ios-0152
153,MTR-IOS-0153,Business,Business,Business Runway,Revenue,Income,2026-02-26,01:09:11,2026-02-26 01:09:11,62765.08,INR,62765.08,IOS Owner,,,MAESTRO-IOS-BUSINESS-BUSINESS_RUNWAY-0153 | Revenue | 62765.08,iPhone,B04,BASELINE_1_500,CREATED,idem-20260902-ios-0153
154,MTR-IOS-0154,Personal,Personal,Life Operations,Subscriptions,Expense,2026-02-22,22:20:44,2026-02-22 22:20:44,6690.3,INR,-6690.3,IOS Owner,,,MAESTRO-IOS-PERSONAL-LIFE_OPERATIONS-0154 | Subscriptions | 6690.30,iPhone,B04,BASELINE_1_500,CREATED,idem-20260902-ios-0154
155,MTR-IOS-0155,Group,Shared Living,Family Household,Groceries,Expense,2026-03-31,06:33:10,2026-03-31 06:33:10,12976.19,INR,-12976.19,IOS Owner,3,SHARES,MAESTRO-IOS-GROUP-FAMILY_HOUSEHOLD-0155 | Groceries | 12976.19,iPhone,B04,BASELINE_1_500,CREATED,idem-20260902-ios-0155
156,MTR-IOS-0156,Business,Business,Business Runway,Burn,Expense,2025-10-05,16:19:49,2025-10-05 16:19:49,93486.41,INR,-93486.41,IOS Owner,,,MAESTRO-IOS-BUSINESS-BUSINESS_RUNWAY-0156 | Burn | 93486.41,iPhone,B04,BASELINE_1_500,CREATED,idem-20260902-ios-0156
157,MTR-IOS-0157,Personal,Personal,Life Operations,Repairs,Expense,2025-09-29,08:06:46,2025-09-29 08:06:46,10719.83,INR,-10719.83,IOS Owner,,,MAESTRO-IOS-PERSONAL-LIFE_OPERATIONS-0157 | Repairs | 10719.83,iPhone,B04,BASELINE_1_500,CREATED,idem-20260902-ios-0157
158,MTR-IOS-0158,Group,Shared Living,Family Household,Transport,Expense,2026-05-09,16:37:46,2026-05-09 16:37:46,26260.83,INR,-26260.83,IOS Aarav,3,EQUAL,MAESTRO-IOS-GROUP-FAMILY_HOUSEHOLD-0158 | Transport | 26260.83,iPhone,B04,BASELINE_1_500,CREATED,idem-20260902-ios-0158
159,MTR-IOS-0159,Business,Business,Business Runway,Reserve,Transfer,2025-12-15,13:33:47,2025-12-15 13:33:47,58015.12,INR,0.0,IOS Owner,,,MAESTRO-IOS-BUSINESS-BUSINESS_RUNWAY-0159 | Reserve | 58015.12,iPhone,B04,BASELINE_1_500,CREATED,idem-20260902-ios-0159
160,MTR-IOS-0160,Personal,Personal,Future Building,Savings,Transfer,2026-02-28,19:33:12,2026-02-28 19:33:12,10202.14,INR,0.0,IOS Owner,,,MAESTRO-IOS-PERSONAL-FUTURE_BUILDING-0160 | Savings | 10202.14,iPhone,B04,BASELINE_1_500,CREATED,idem-20260902-ios-0160
161,MTR-IOS-0161,Group,Shared Living,Family Household,Bills,Expense,2026-02-05,08:20:49,2026-02-05 08:20:49,15494.7,INR,-15494.7,IOS Meera,3,PERCENTAGE,MAESTRO-IOS-GROUP-FAMILY_HOUSEHOLD-0161 | Bills | 15494.70,iPhone,B04,BASELINE_1_500,CREATED,idem-20260902-ios-0161
162,MTR-IOS-0162,Business,Business,Business Runway,Loan,Income,2025-10-02,06:40:18,2025-10-02 06:40:18,101981.99,INR,101981.99,IOS Owner,,,MAESTRO-IOS-BUSINESS-BUSINESS_RUNWAY-0162 | Loan | 101981.99,iPhone,B04,BASELINE_1_500,CREATED,idem-20260902-ios-0162
163,MTR-IOS-0163,Personal,Personal,Future Building,Emergency Fund,Transfer,2025-12-15,23:31:21,2025-12-15 23:31:21,4396.48,INR,0.0,IOS Owner,,,MAESTRO-IOS-PERSONAL-FUTURE_BUILDING-0163 | Emergency Fund | 4396.48,iPhone,B04,BASELINE_1_500,CREATED,idem-20260902-ios-0163
164,MTR-IOS-0164,Group,Shared Living,Family Household,Utilities,Expense,2026-03-26,11:10:10,2026-03-26 11:10:10,7216.51,INR,-7216.51,IOS Owner,3,EXACT,MAESTRO-IOS-GROUP-FAMILY_HOUSEHOLD-0164 | Utilities | 7216.51,iPhone,B04,BASELINE_1_500,CREATED,idem-20260902-ios-0164
165,MTR-IOS-0165,Business,Business,Business Runway,Investment,Income,2026-04-17,06:30:13,2026-04-17 06:30:13,97120.68,INR,97120.68,IOS Owner,,,MAESTRO-IOS-BUSINESS-BUSINESS_RUNWAY-0165 | Investment | 97120.68,iPhone,B04,BASELINE_1_500,CREATED,idem-20260902-ios-0165
166,MTR-IOS-0166,Personal,Personal,Future Building,Investments,Investment,2025-09-06,18:18:44,2025-09-06 18:18:44,2055.08,INR,0.0,IOS Owner,,,MAESTRO-IOS-PERSONAL-FUTURE_BUILDING-0166 | Investments | 2055.08,iPhone,B04,BASELINE_1_500,CREATED,idem-20260902-ios-0166
167,MTR-IOS-0167,Group,Shared Living,Family Household,Healthcare,Expense,2026-08-02,14:30:07,2026-08-02 14:30:07,5909.24,INR,-5909.24,IOS Aarav,3,SHARES,MAESTRO-IOS-GROUP-FAMILY_HOUSEHOLD-0167 | Healthcare | 5909.24,iPhone,B04,BASELINE_1_500,CREATED,idem-20260902-ios-0167
168,MTR-IOS-0168,Business,Business,Business Operations,Software,Expense,2026-08-31,18:30:30,2026-08-31 18:30:30,67031.19,INR,-67031.19,IOS Owner,,,MAESTRO-IOS-BUSINESS-BUSINESS_OPERATIONS-0168 | Software | 67031.19,iPhone,B04,BASELINE_1_500,CREATED,idem-20260902-ios-0168
169,MTR-IOS-0169,Personal,Personal,Future Building,Education,Expense,2026-07-02,21:13:42,2026-07-02 21:13:42,16850.8,INR,-16850.8,IOS Owner,,,MAESTRO-IOS-PERSONAL-FUTURE_BUILDING-0169 | Education | 16850.80,iPhone,B04,BASELINE_1_500,CREATED,idem-20260902-ios-0169
170,MTR-IOS-0170,Group,Shared Living,Custom Living,Custom Expense,Expense,2025-10-02,08:57:31,2025-10-02 08:57:31,6518.51,INR,-6518.51,IOS Meera,3,EQUAL,MAESTRO-IOS-GROUP-CUSTOM_LIVING-0170 | Custom Expense | 6518.51,iPhone,B04,BASELINE_1_500,CREATED,idem-20260902-ios-0170
171,MTR-IOS-0171,Business,Business,Business Operations,Rent,Expense,2026-08-16,19:31:49,2026-08-16 19:31:49,135639.59,INR,-135639.59,IOS Owner,,,MAESTRO-IOS-BUSINESS-BUSINESS_OPERATIONS-0171 | Rent | 135639.59,iPhone,B04,BASELINE_1_500,CREATED,idem-20260902-ios-0171
172,MTR-IOS-0172,Personal,Personal,Future Building,Goal Contribution,Transfer,2026-08-31,04:38:07,2026-08-31 04:38:07,15522.76,INR,0.0,IOS Owner,,,MAESTRO-IOS-PERSONAL-FUTURE_BUILDING-0172 | Goal Contribution | 15522.76,iPhone,B04,BASELINE_1_500,CREATED,idem-20260902-ios-0172
173,MTR-IOS-0173,Group,Shared Living,Custom Living,Custom Contribution,Contribution,2025-10-16,23:38:22,2025-10-16 23:38:22,11183.99,INR,11183.99,IOS Owner,3,PERCENTAGE,MAESTRO-IOS-GROUP-CUSTOM_LIVING-0173 | Custom Contribution | 11183.99,iPhone,B04,BASELINE_1_500,CREATED,idem-20260902-ios-0173
174,MTR-IOS-0174,Business,Business,Business Operations,Marketing,Expense,2026-06-23,07:42:30,2026-06-23 07:42:30,78643.26,INR,-78643.26,IOS Owner,,,MAESTRO-IOS-BUSINESS-BUSINESS_OPERATIONS-0174 | Marketing | 78643.26,iPhone,B04,BASELINE_1_500,CREATED,idem-20260902-ios-0174
175,MTR-IOS-0175,Personal,Personal,Lifestyle,Dining,Expense,2026-03-11,11:07:11,2026-03-11 11:07:11,7899.13,INR,-7899.13,IOS Owner,,,MAESTRO-IOS-PERSONAL-LIFESTYLE-0175 | Dining | 7899.13,iPhone,B04,BASELINE_1_500,CREATED,idem-20260902-ios-0175
176,MTR-IOS-0176,Group,Shared Experience,Trip,Travel,Expense,2026-01-25,11:53:14,2026-01-25 11:53:14,2166.1,INR,-2166.1,IOS Aarav,3,EXACT,MAESTRO-IOS-GROUP-TRIP-0176 | Travel | 2166.10,iPhone,B04,BASELINE_1_500,CREATED,idem-20260902-ios-0176
177,MTR-IOS-0177,Business,Business,Business Operations,Legal,Expense,2026-03-30,16:36:57,2026-03-30 16:36:57,61147.29,INR,-61147.29,IOS Owner,,,MAESTRO-IOS-BUSINESS-BUSINESS_OPERATIONS-0177 | Legal | 61147.29,iPhone,B04,BASELINE_1_500,CREATED,idem-20260902-ios-0177
178,MTR-IOS-0178,Personal,Personal,Lifestyle,Shopping,Expense,2026-05-18,19:54:51,2026-05-18 19:54:51,5657.47,INR,-5657.47,IOS Owner,,,MAESTRO-IOS-PERSONAL-LIFESTYLE-0178 | Shopping | 5657.47,iPhone,B04,BASELINE_1_500,CREATED,idem-20260902-ios-0178
179,MTR-IOS-0179,Group,Shared Experience,Trip,Stay,Expense,2026-08-02,10:38:25,2026-08-02 10:38:25,6603.2,INR,-6603.2,IOS Meera,3,SHARES,MAESTRO-IOS-GROUP-TRIP-0179 | Stay | 6603.20,iPhone,B04,BASELINE_1_500,CREATED,idem-20260902-ios-0179
180,MTR-IOS-0180,Business,Business,Business Operations,Accounting,Expense,2026-08-27,20:42:38,2026-08-27 20:42:38,62879.88,INR,-62879.88,IOS Owner,,,MAESTRO-IOS-BUSINESS-BUSINESS_OPERATIONS-0180 | Accounting | 62879.88,iPhone,B04,BASELINE_1_500,CREATED,idem-20260902-ios-0180
181,MTR-IOS-0181,Personal,Personal,Lifestyle,Entertainment,Expense,2026-03-22,20:00:36,2026-03-22 20:00:36,777.25,INR,-777.25,IOS Owner,,,MAESTRO-IOS-PERSONAL-LIFESTYLE-0181 | Entertainment | 777.25,iPhone,B04,BASELINE_1_500,CREATED,idem-20260902-ios-0181
182,MTR-IOS-0182,Group,Shared Experience,Trip,Food,Expense,2026-01-02,02:45:57,2026-01-02 02:45:57,17792.66,INR,-17792.66,IOS Owner,3,EQUAL,MAESTRO-IOS-GROUP-TRIP-0182 | Food | 17792.66,iPhone,B04,BASELINE_1_500,CREATED,idem-20260902-ios-0182
183,MTR-IOS-0183,Business,Business,Business Operations,Equipment,Expense,2026-05-14,03:04:25,2026-05-14 03:04:25,117344.54,INR,-117344.54,IOS Owner,,,MAESTRO-IOS-BUSINESS-BUSINESS_OPERATIONS-0183 | Equipment | 117344.54,iPhone,B04,BASELINE_1_500,CREATED,idem-20260902-ios-0183
184,MTR-IOS-0184,Personal,Personal,Lifestyle,Travel,Expense,2026-05-18,05:28:14,2026-05-18 05:28:14,10885.86,INR,-10885.86,IOS Owner,,,MAESTRO-IOS-PERSONAL-LIFESTYLE-0184 | Travel | 10885.86,iPhone,B04,BASELINE_1_500,CREATED,idem-20260902-ios-0184
185,MTR-IOS-0185,Group,Shared Experience,Trip,Local Transport,Expense,2025-09-29,09:19:37,2025-09-29 09:19:37,10000.0,INR,-10000.0,IOS Aarav,3,PERCENTAGE,MAESTRO-IOS-GROUP-TRIP-0185 | Local Transport | 10000.00,iPhone,B04,BASELINE_1_500,CREATED,idem-20260902-ios-0185
186,MTR-IOS-0186,Business,Business,Business Operations,Vendor,Expense,2025-09-14,12:18:18,2025-09-14 12:18:18,68985.53,INR,-68985.53,IOS Owner,,,MAESTRO-IOS-BUSINESS-BUSINESS_OPERATIONS-0186 | Vendor | 68985.53,iPhone,B04,BASELINE_1_500,CREATED,idem-20260902-ios-0186
187,MTR-IOS-0187,Personal,Personal,Lifestyle,Fitness,Expense,2025-11-28,11:11:54,2025-11-28 11:11:54,12943.32,INR,-12943.32,IOS Owner,,,MAESTRO-IOS-PERSONAL-LIFESTYLE-0187 | Fitness | 12943.32,iPhone,B04,BASELINE_1_500,CREATED,idem-20260902-ios-0187
188,MTR-IOS-0188,Group,Shared Experience,Trip,Activities,Expense,2026-01-06,00:05:56,2026-01-06 00:05:56,7309.68,INR,-7309.68,IOS Meera,3,EXACT,MAESTRO-IOS-GROUP-TRIP-0188 | Activities | 7309.68,iPhone,B04,BASELINE_1_500,CREATED,idem-20260902-ios-0188
189,MTR-IOS-0189,Business,Business,Business Operations,Tax,Expense,2026-05-25,18:20:41,2026-05-25 18:20:41,49872.54,INR,-49872.54,IOS Owner,,,MAESTRO-IOS-BUSINESS-BUSINESS_OPERATIONS-0189 | Tax | 49872.54,iPhone,B04,BASELINE_1_500,CREATED,idem-20260902-ios-0189
190,MTR-IOS-0190,Personal,Personal,Lifestyle,Hobbies,Expense,2026-07-21,04:08:50,2026-07-21 04:08:50,11527.0,INR,-11527.0,IOS Owner,,,MAESTRO-IOS-PERSONAL-LIFESTYLE-0190 | Hobbies | 11527.00,iPhone,B04,BASELINE_1_500,CREATED,idem-20260902-ios-0190
191,MTR-IOS-0191,Group,Shared Experience,Trip,Shopping,Expense,2025-10-27,17:36:31,2025-10-27 17:36:31,17401.75,INR,-17401.75,IOS Owner,3,SHARES,MAESTRO-IOS-GROUP-TRIP-0191 | Shopping | 17401.75,iPhone,B04,BASELINE_1_500,CREATED,idem-20260902-ios-0191
192,MTR-IOS-0192,Business,Business,Team Operations,Payroll,Expense,2025-09-28,04:48:17,2025-09-28 04:48:17,112911.32,INR,-112911.32,IOS Owner,,,MAESTRO-IOS-BUSINESS-TEAM_OPERATIONS-0192 | Payroll | 112911.32,iPhone,B04,BASELINE_1_500,CREATED,idem-20260902-ios-0192
193,MTR-IOS-0193,Personal,Personal,Relationships,Gifts,Expense,2025-12-22,21:39:41,2025-12-22 21:39:41,11696.22,INR,-11696.22,IOS Owner,,,MAESTRO-IOS-PERSONAL-RELATIONSHIPS-0193 | Gifts | 11696.22,iPhone,B04,BASELINE_1_500,CREATED,idem-20260902-ios-0193
194,MTR-IOS-0194,Group,Shared Experience,Trip,Other,Expense,2026-05-25,05:21:23,2026-05-25 05:21:23,11110.31,INR,-11110.31,IOS Aarav,3,EQUAL,MAESTRO-IOS-GROUP-TRIP-0194 | Other | 11110.31,iPhone,B04,BASELINE_1_500,CREATED,idem-20260902-ios-0194
195,MTR-IOS-0195,Business,Business,Team Operations,Contractor,Expense,2026-07-28,16:52:25,2026-07-28 16:52:25,18718.25,INR,-18718.25,IOS Owner,,,MAESTRO-IOS-BUSINESS-TEAM_OPERATIONS-0195 | Contractor | 18718.25,iPhone,B04,BASELINE_1_500,CREATED,idem-20260902-ios-0195
196,MTR-IOS-0196,Personal,Personal,Relationships,Dates,Expense,2026-08-19,15:18:59,2026-08-19 15:18:59,17565.0,INR,-17565.0,IOS Owner,,,MAESTRO-IOS-PERSONAL-RELATIONSHIPS-0196 | Dates | 17565.00,iPhone,B04,BASELINE_1_500,CREATED,idem-20260902-ios-0196
197,MTR-IOS-0197,Group,Shared Experience,Wedding,Venue,Expense,2026-01-15,05:04:31,2026-01-15 05:04:31,3385.73,INR,-3385.73,IOS Meera,3,PERCENTAGE,MAESTRO-IOS-GROUP-WEDDING-0197 | Venue | 3385.73,iPhone,B04,BASELINE_1_500,CREATED,idem-20260902-ios-0197
198,MTR-IOS-0198,Business,Business,Team Operations,Hiring,Expense,2025-09-06,21:32:09,2025-09-06 21:32:09,65142.73,INR,-65142.73,IOS Owner,,,MAESTRO-IOS-BUSINESS-TEAM_OPERATIONS-0198 | Hiring | 65142.73,iPhone,B04,BASELINE_1_500,CREATED,idem-20260902-ios-0198
199,MTR-IOS-0199,Personal,Personal,Relationships,Family,Expense,2025-09-10,01:59:13,2025-09-10 01:59:13,10432.68,INR,-10432.68,IOS Owner,,,MAESTRO-IOS-PERSONAL-RELATIONSHIPS-0199 | Family | 10432.68,iPhone,B04,BASELINE_1_500,CREATED,idem-20260902-ios-0199
200,MTR-IOS-0200,Group,Shared Experience,Wedding,Catering,Expense,2026-02-18,20:51:09,2026-02-18 20:51:09,9035.43,INR,-9035.43,IOS Owner,3,EXACT,MAESTRO-IOS-GROUP-WEDDING-0200 | Catering | 9035.43,iPhone,B04,BASELINE_1_500,CREATED,idem-20260902-ios-0200
201,MTR-IOS-0201,Business,Business,Team Operations,Team Meal,Expense,2026-01-01,00:08:42,2026-01-01 00:08:42,29009.96,INR,-29009.96,IOS Owner,,,MAESTRO-IOS-BUSINESS-TEAM_OPERATIONS-0201 | Team Meal | 29009.96,iPhone,B05,BASELINE_1_500,CREATED,idem-20260902-ios-0201
202,MTR-IOS-0202,Personal,Personal,Relationships,Friends,Expense,2025-10-25,15:11:14,2025-10-25 15:11:14,4829.67,INR,-4829.67,IOS Owner,,,MAESTRO-IOS-PERSONAL-RELATIONSHIPS-0202 | Friends | 4829.67,iPhone,B05,BASELINE_1_500,CREATED,idem-20260902-ios-0202
203,MTR-IOS-0203,Group,Shared Experience,Wedding,Decor,Expense,2026-01-07,12:24:47,2026-01-07 12:24:47,14089.12,INR,-14089.12,IOS Aarav,3,SHARES,MAESTRO-IOS-GROUP-WEDDING-0203 | Decor | 14089.12,iPhone,B05,BASELINE_1_500,CREATED,idem-20260902-ios-0203
204,MTR-IOS-0204,Business,Business,Team Operations,Travel,Expense,2026-06-16,21:38:39,2026-06-16 21:38:39,141787.26,INR,-141787.26,IOS Owner,,,MAESTRO-IOS-BUSINESS-TEAM_OPERATIONS-0204 | Travel | 141787.26,iPhone,B05,BASELINE_1_500,CREATED,idem-20260902-ios-0204
205,MTR-IOS-0205,Personal,Personal,Relationships,Celebrations,Expense,2026-01-04,14:47:55,2026-01-04 14:47:55,3977.56,INR,-3977.56,IOS Owner,,,MAESTRO-IOS-PERSONAL-RELATIONSHIPS-0205 | Celebrations | 3977.56,iPhone,B05,BASELINE_1_500,CREATED,idem-20260902-ios-0205
206,MTR-IOS-0206,Group,Shared Experience,Wedding,Travel,Expense,2025-09-05,03:34:49,2025-09-05 03:34:49,13925.5,INR,-13925.5,IOS Meera,3,EQUAL,MAESTRO-IOS-GROUP-WEDDING-0206 | Travel | 13925.50,iPhone,B05,BASELINE_1_500,CREATED,idem-20260902-ios-0206
207,MTR-IOS-0207,Business,Business,Team Operations,Training,Expense,2026-03-17,23:36:17,2026-03-17 23:36:17,102659.76,INR,-102659.76,IOS Owner,,,MAESTRO-IOS-BUSINESS-TEAM_OPERATIONS-0207 | Training | 102659.76,iPhone,B05,BASELINE_1_500,CREATED,idem-20260902-ios-0207
208,MTR-IOS-0208,Personal,Personal,Life Operations,Groceries,Expense,2026-04-26,22:57:54,2026-04-26 22:57:54,10367.13,INR,-10367.13,IOS Owner,,,MAESTRO-IOS-PERSONAL-LIFE_OPERATIONS-0208 | Groceries | 10367.13,iPhone,B05,BASELINE_1_500,CREATED,idem-20260902-ios-0208
209,MTR-IOS-0209,Group,Shared Experience,Wedding,Gifts,Expense,2025-11-07,03:05:35,2025-11-07 03:05:35,26113.74,INR,-26113.74,IOS Owner,3,PERCENTAGE,MAESTRO-IOS-GROUP-WEDDING-0209 | Gifts | 26113.74,iPhone,B05,BASELINE_1_500,CREATED,idem-20260902-ios-0209
210,MTR-IOS-0210,Business,Business,Team Operations,Tools,Expense,2025-11-21,11:13:30,2025-11-21 11:13:30,12020.39,INR,-12020.39,IOS Owner,,,MAESTRO-IOS-BUSINESS-TEAM_OPERATIONS-0210 | Tools | 12020.39,iPhone,B05,BASELINE_1_500,CREATED,idem-20260902-ios-0210
211,MTR-IOS-0211,Personal,Personal,Life Operations,Rent,Expense,2026-06-29,10:26:52,2026-06-29 10:26:52,12789.01,INR,-12789.01,IOS Owner,,,MAESTRO-IOS-PERSONAL-LIFE_OPERATIONS-0211 | Rent | 12789.01,iPhone,B05,BASELINE_1_500,CREATED,idem-20260902-ios-0211
212,MTR-IOS-0212,Group,Shared Experience,Wedding,Photography,Expense,2026-07-16,16:46:05,2026-07-16 16:46:05,338.55,INR,-338.55,IOS Aarav,3,EXACT,MAESTRO-IOS-GROUP-WEDDING-0212 | Photography | 338.55,iPhone,B05,BASELINE_1_500,CREATED,idem-20260902-ios-0212
213,MTR-IOS-0213,Business,Business,Business Runway,Funding,Income,2026-05-15,07:52:43,2026-05-15 07:52:43,150823.97,INR,150823.97,IOS Owner,,,MAESTRO-IOS-BUSINESS-BUSINESS_RUNWAY-0213 | Funding | 150823.97,iPhone,B05,BASELINE_1_500,CREATED,idem-20260902-ios-0213
214,MTR-IOS-0214,Personal,Personal,Life Operations,Bills,Expense,2025-09-11,10:58:25,2025-09-11 10:58:25,6142.84,INR,-6142.84,IOS Owner,,,MAESTRO-IOS-PERSONAL-LIFE_OPERATIONS-0214 | Bills | 6142.84,iPhone,B05,BASELINE_1_500,CREATED,idem-20260902-ios-0214
215,MTR-IOS-0215,Group,Shared Experience,Wedding,Other,Expense,2026-08-28,21:46:33,2026-08-28 21:46:33,24110.99,INR,-24110.99,IOS Meera,3,SHARES,MAESTRO-IOS-GROUP-WEDDING-0215 | Other | 24110.99,iPhone,B05,BASELINE_1_500,CREATED,idem-20260902-ios-0215
216,MTR-IOS-0216,Business,Business,Business Runway,Revenue,Income,2025-10-18,18:59:39,2025-10-18 18:59:39,71822.9,INR,71822.9,IOS Owner,,,MAESTRO-IOS-BUSINESS-BUSINESS_RUNWAY-0216 | Revenue | 71822.90,iPhone,B05,BASELINE_1_500,CREATED,idem-20260902-ios-0216
217,MTR-IOS-0217,Personal,Personal,Life Operations,Transport,Expense,2026-07-18,06:17:19,2026-07-18 06:17:19,932.99,INR,-932.99,IOS Owner,,,MAESTRO-IOS-PERSONAL-LIFE_OPERATIONS-0217 | Transport | 932.99,iPhone,B05,BASELINE_1_500,CREATED,idem-20260902-ios-0217
218,MTR-IOS-0218,Group,Shared Experience,Office Outing,Food,Expense,2026-06-11,20:53:40,2026-06-11 20:53:40,13122.27,INR,-13122.27,IOS Owner,3,EQUAL,MAESTRO-IOS-GROUP-OFFICE_OUTING-0218 | Food | 13122.27,iPhone,B05,BASELINE_1_500,CREATED,idem-20260902-ios-0218
219,MTR-IOS-0219,Business,Business,Business Runway,Burn,Expense,2026-03-18,21:55:40,2026-03-18 21:55:40,36982.47,INR,-36982.47,IOS Owner,,,MAESTRO-IOS-BUSINESS-BUSINESS_RUNWAY-0219 | Burn | 36982.47,iPhone,B05,BASELINE_1_500,CREATED,idem-20260902-ios-0219
220,MTR-IOS-0220,Personal,Personal,Life Operations,Healthcare,Expense,2026-01-18,18:21:01,2026-01-18 18:21:01,2377.65,INR,-2377.65,IOS Owner,,,MAESTRO-IOS-PERSONAL-LIFE_OPERATIONS-0220 | Healthcare | 2377.65,iPhone,B05,BASELINE_1_500,CREATED,idem-20260902-ios-0220
221,MTR-IOS-0221,Group,Shared Experience,Office Outing,Travel,Expense,2025-09-21,21:54:03,2025-09-21 21:54:03,24244.95,INR,-24244.95,IOS Aarav,3,PERCENTAGE,MAESTRO-IOS-GROUP-OFFICE_OUTING-0221 | Travel | 24244.95,iPhone,B05,BASELINE_1_500,CREATED,idem-20260902-ios-0221
222,MTR-IOS-0222,Business,Business,Business Runway,Reserve,Transfer,2026-06-02,23:50:27,2026-06-02 23:50:27,0.01,INR,0.0,IOS Owner,,,MAESTRO-IOS-BUSINESS-BUSINESS_RUNWAY-0222 | Reserve | 0.01,iPhone,B05,BASELINE_1_500,CREATED,idem-20260902-ios-0222
223,MTR-IOS-0223,Personal,Personal,Life Operations,Subscriptions,Expense,2025-11-04,16:54:34,2025-11-04 16:54:34,9357.82,INR,-9357.82,IOS Owner,,,MAESTRO-IOS-PERSONAL-LIFE_OPERATIONS-0223 | Subscriptions | 9357.82,iPhone,B05,BASELINE_1_500,CREATED,idem-20260902-ios-0223
224,MTR-IOS-0224,Group,Shared Experience,Office Outing,Activities,Expense,2026-03-01,09:45:02,2026-03-01 09:45:02,4140.64,INR,-4140.64,IOS Meera,3,EXACT,MAESTRO-IOS-GROUP-OFFICE_OUTING-0224 | Activities | 4140.64,iPhone,B05,BASELINE_1_500,CREATED,idem-20260902-ios-0224
225,MTR-IOS-0225,Business,Business,Business Runway,Loan,Income,2025-09-26,11:14:25,2025-09-26 11:14:25,30702.93,INR,30702.93,IOS Owner,,,MAESTRO-IOS-BUSINESS-BUSINESS_RUNWAY-0225 | Loan | 30702.93,iPhone,B05,BASELINE_1_500,CREATED,idem-20260902-ios-0225
226,MTR-IOS-0226,Personal,Personal,Life Operations,Repairs,Expense,2025-09-12,07:28:17,2025-09-12 07:28:17,4389.78,INR,-4389.78,IOS Owner,,,MAESTRO-IOS-PERSONAL-LIFE_OPERATIONS-0226 | Repairs | 4389.78,iPhone,B05,BASELINE_1_500,CREATED,idem-20260902-ios-0226
227,MTR-IOS-0227,Group,Shared Experience,Office Outing,Venue,Expense,2026-01-15,06:59:57,2026-01-15 06:59:57,25883.88,INR,-25883.88,IOS Owner,3,SHARES,MAESTRO-IOS-GROUP-OFFICE_OUTING-0227 | Venue | 25883.88,iPhone,B05,BASELINE_1_500,CREATED,idem-20260902-ios-0227
228,MTR-IOS-0228,Business,Business,Business Runway,Investment,Income,2026-07-14,04:12:46,2026-07-14 04:12:46,5858.7,INR,5858.7,IOS Owner,,,MAESTRO-IOS-BUSINESS-BUSINESS_RUNWAY-0228 | Investment | 5858.70,iPhone,B05,BASELINE_1_500,CREATED,idem-20260902-ios-0228
229,MTR-IOS-0229,Personal,Personal,Future Building,Savings,Transfer,2026-05-09,01:08:51,2026-05-09 01:08:51,14106.16,INR,0.0,IOS Owner,,,MAESTRO-IOS-PERSONAL-FUTURE_BUILDING-0229 | Savings | 14106.16,iPhone,B05,BASELINE_1_500,CREATED,idem-20260902-ios-0229
230,MTR-IOS-0230,Group,Shared Experience,Office Outing,Other,Expense,2025-10-30,20:58:18,2025-10-30 20:58:18,2122.17,INR,-2122.17,IOS Aarav,3,EQUAL,MAESTRO-IOS-GROUP-OFFICE_OUTING-0230 | Other | 2122.17,iPhone,B05,BASELINE_1_500,CREATED,idem-20260902-ios-0230
231,MTR-IOS-0231,Business,Business,Business Operations,Software,Expense,2026-02-13,14:42:54,2026-02-13 14:42:54,131467.35,INR,-131467.35,IOS Owner,,,MAESTRO-IOS-BUSINESS-BUSINESS_OPERATIONS-0231 | Software | 131467.35,iPhone,B05,BASELINE_1_500,CREATED,idem-20260902-ios-0231
232,MTR-IOS-0232,Personal,Personal,Future Building,Emergency Fund,Transfer,2026-08-28,10:32:06,2026-08-28 10:32:06,1815.43,INR,0.0,IOS Owner,,,MAESTRO-IOS-PERSONAL-FUTURE_BUILDING-0232 | Emergency Fund | 1815.43,iPhone,B05,BASELINE_1_500,CREATED,idem-20260902-ios-0232
233,MTR-IOS-0233,Group,Shared Experience,House Party,Food,Expense,2025-12-06,11:14:51,2025-12-06 11:14:51,25219.85,INR,-25219.85,IOS Meera,3,PERCENTAGE,MAESTRO-IOS-GROUP-HOUSE_PARTY-0233 | Food | 25219.85,iPhone,B05,BASELINE_1_500,CREATED,idem-20260902-ios-0233
234,MTR-IOS-0234,Business,Business,Business Operations,Rent,Expense,2025-10-13,23:26:57,2025-10-13 23:26:57,145928.31,INR,-145928.31,IOS Owner,,,MAESTRO-IOS-BUSINESS-BUSINESS_OPERATIONS-0234 | Rent | 145928.31,iPhone,B05,BASELINE_1_500,CREATED,idem-20260902-ios-0234
235,MTR-IOS-0235,Personal,Personal,Future Building,Investments,Investment,2025-11-06,18:24:49,2025-11-06 18:24:49,748.68,INR,0.0,IOS Owner,,,MAESTRO-IOS-PERSONAL-FUTURE_BUILDING-0235 | Investments | 748.68,iPhone,B05,BASELINE_1_500,CREATED,idem-20260902-ios-0235
236,MTR-IOS-0236,Group,Shared Experience,House Party,Drinks,Expense,2026-05-16,06:08:55,2026-05-16 06:08:55,25493.74,INR,-25493.74,IOS Owner,3,EXACT,MAESTRO-IOS-GROUP-HOUSE_PARTY-0236 | Drinks | 25493.74,iPhone,B05,BASELINE_1_500,CREATED,idem-20260902-ios-0236
237,MTR-IOS-0237,Business,Business,Business Operations,Marketing,Expense,2025-10-11,02:25:58,2025-10-11 02:25:58,129268.79,INR,-129268.79,IOS Owner,,,MAESTRO-IOS-BUSINESS-BUSINESS_OPERATIONS-0237 | Marketing | 129268.79,iPhone,B05,BASELINE_1_500,CREATED,idem-20260902-ios-0237
238,MTR-IOS-0238,Personal,Personal,Future Building,Education,Expense,2025-12-05,06:02:52,2025-12-05 06:02:52,8900.45,INR,-8900.45,IOS Owner,,,MAESTRO-IOS-PERSONAL-FUTURE_BUILDING-0238 | Education | 8900.45,iPhone,B05,BASELINE_1_500,CREATED,idem-20260902-ios-0238
239,MTR-IOS-0239,Group,Shared Experience,House Party,Decor,Expense,2025-12-05,16:00:57,2025-12-05 16:00:57,3397.68,INR,-3397.68,IOS Aarav,3,SHARES,MAESTRO-IOS-GROUP-HOUSE_PARTY-0239 | Decor | 3397.68,iPhone,B05,BASELINE_1_500,CREATED,idem-20260902-ios-0239
240,MTR-IOS-0240,Business,Business,Business Operations,Legal,Expense,2026-03-14,13:26:01,2026-03-14 13:26:01,71306.11,INR,-71306.11,IOS Owner,,,MAESTRO-IOS-BUSINESS-BUSINESS_OPERATIONS-0240 | Legal | 71306.11,iPhone,B05,BASELINE_1_500,CREATED,idem-20260902-ios-0240
241,MTR-IOS-0241,Personal,Personal,Future Building,Goal Contribution,Transfer,2026-03-22,09:16:48,2026-03-22 09:16:48,14587.95,INR,0.0,IOS Owner,,,MAESTRO-IOS-PERSONAL-FUTURE_BUILDING-0241 | Goal Contribution | 14587.95,iPhone,B05,BASELINE_1_500,CREATED,idem-20260902-ios-0241
242,MTR-IOS-0242,Group,Shared Experience,House Party,Supplies,Expense,2025-12-19,00:11:44,2025-12-19 00:11:44,5144.52,INR,-5144.52,IOS Meera,3,EQUAL,MAESTRO-IOS-GROUP-HOUSE_PARTY-0242 | Supplies | 5144.52,iPhone,B05,BASELINE_1_500,CREATED,idem-20260902-ios-0242
243,MTR-IOS-0243,Business,Business,Business Operations,Accounting,Expense,2026-05-29,19:50:17,2026-05-29 19:50:17,29167.01,INR,-29167.01,IOS Owner,,,MAESTRO-IOS-BUSINESS-BUSINESS_OPERATIONS-0243 | Accounting | 29167.01,iPhone,B05,BASELINE_1_500,CREATED,idem-20260902-ios-0243
244,MTR-IOS-0244,Personal,Personal,Lifestyle,Dining,Expense,2026-02-15,07:24:59,2026-02-15 07:24:59,6999.08,INR,-6999.08,IOS Owner,,,MAESTRO-IOS-PERSONAL-LIFESTYLE-0244 | Dining | 6999.08,iPhone,B05,BASELINE_1_500,CREATED,idem-20260902-ios-0244
245,MTR-IOS-0245,Group,Shared Experience,House Party,Other,Expense,2026-01-17,20:45:29,2026-01-17 20:45:29,26303.07,INR,-26303.07,IOS Owner,3,PERCENTAGE,MAESTRO-IOS-GROUP-HOUSE_PARTY-0245 | Other | 26303.07,iPhone,B05,BASELINE_1_500,CREATED,idem-20260902-ios-0245
246,MTR-IOS-0246,Business,Business,Business Operations,Equipment,Expense,2025-10-25,16:14:32,2025-10-25 16:14:32,36231.77,INR,-36231.77,IOS Owner,,,MAESTRO-IOS-BUSINESS-BUSINESS_OPERATIONS-0246 | Equipment | 36231.77,iPhone,B05,BASELINE_1_500,CREATED,idem-20260902-ios-0246
247,MTR-IOS-0247,Personal,Personal,Lifestyle,Shopping,Expense,2026-06-17,11:03:01,2026-06-17 11:03:01,13704.06,INR,-13704.06,IOS Owner,,,MAESTRO-IOS-PERSONAL-LIFESTYLE-0247 | Shopping | 13704.06,iPhone,B05,BASELINE_1_500,CREATED,idem-20260902-ios-0247
248,MTR-IOS-0248,Group,Shared Purchase,Gift Pool,Contribution,Contribution,2025-10-16,03:48:35,2025-10-16 03:48:35,3559.52,INR,3559.52,IOS Aarav,3,EXACT,MAESTRO-IOS-GROUP-GIFT_POOL-0248 | Contribution | 3559.52,iPhone,B05,BASELINE_1_500,CREATED,idem-20260902-ios-0248
249,MTR-IOS-0249,Business,Business,Business Operations,Vendor,Expense,2026-04-28,11:49:23,2026-04-28 11:49:23,3151.11,INR,-3151.11,IOS Owner,,,MAESTRO-IOS-BUSINESS-BUSINESS_OPERATIONS-0249 | Vendor | 3151.11,iPhone,B05,BASELINE_1_500,CREATED,idem-20260902-ios-0249
250,MTR-IOS-0250,Personal,Personal,Lifestyle,Entertainment,Expense,2026-04-14,02:56:39,2026-04-14 02:56:39,1549.49,INR,-1549.49,IOS Owner,,,MAESTRO-IOS-PERSONAL-LIFESTYLE-0250 | Entertainment | 1549.49,iPhone,B05,BASELINE_1_500,CREATED,idem-20260902-ios-0250
251,MTR-IOS-0251,Group,Shared Purchase,Gift Pool,Gift Purchase,Expense,2026-05-06,16:04:25,2026-05-06 16:04:25,5744.22,INR,-5744.22,IOS Meera,3,SHARES,MAESTRO-IOS-GROUP-GIFT_POOL-0251 | Gift Purchase | 5744.22,iPhone,B06,BASELINE_1_500,CREATED,idem-20260902-ios-0251
252,MTR-IOS-0252,Business,Business,Business Operations,Tax,Expense,2025-09-25,04:03:22,2025-09-25 04:03:22,96076.7,INR,-96076.7,IOS Owner,,,MAESTRO-IOS-BUSINESS-BUSINESS_OPERATIONS-0252 | Tax | 96076.70,iPhone,B06,BASELINE_1_500,CREATED,idem-20260902-ios-0252
253,MTR-IOS-0253,Personal,Personal,Lifestyle,Travel,Expense,2026-06-28,02:07:46,2026-06-28 02:07:46,5402.08,INR,-5402.08,IOS Owner,,,MAESTRO-IOS-PERSONAL-LIFESTYLE-0253 | Travel | 5402.08,iPhone,B06,BASELINE_1_500,CREATED,idem-20260902-ios-0253
254,MTR-IOS-0254,Group,Shared Purchase,Gift Pool,Delivery,Expense,2026-07-08,11:05:47,2026-07-08 11:05:47,19482.92,INR,-19482.92,IOS Owner,3,EQUAL,MAESTRO-IOS-GROUP-GIFT_POOL-0254 | Delivery | 19482.92,iPhone,B06,BASELINE_1_500,CREATED,idem-20260902-ios-0254
255,MTR-IOS-0255,Business,Business,Team Operations,Payroll,Expense,2026-06-25,07:02:37,2026-06-25 07:02:37,116332.46,INR,-116332.46,IOS Owner,,,MAESTRO-IOS-BUSINESS-TEAM_OPERATIONS-0255 | Payroll | 116332.46,iPhone,B06,BASELINE_1_500,CREATED,idem-20260902-ios-0255
256,MTR-IOS-0256,Personal,Personal,Lifestyle,Fitness,Expense,2026-02-04,11:25:01,2026-02-04 11:25:01,6469.28,INR,-6469.28,IOS Owner,,,MAESTRO-IOS-PERSONAL-LIFESTYLE-0256 | Fitness | 6469.28,iPhone,B06,BASELINE_1_500,CREATED,idem-20260902-ios-0256
257,MTR-IOS-0257,Group,Shared Purchase,Gift Pool,Other,Expense,2026-03-18,03:33:32,2026-03-18 03:33:32,14984.45,INR,-14984.45,IOS Aarav,3,PERCENTAGE,MAESTRO-IOS-GROUP-GIFT_POOL-0257 | Other | 14984.45,iPhone,B06,BASELINE_1_500,CREATED,idem-20260902-ios-0257
258,MTR-IOS-0258,Business,Business,Team Operations,Contractor,Expense,2026-04-02,04:19:25,2026-04-02 04:19:25,18431.52,INR,-18431.52,IOS Owner,,,MAESTRO-IOS-BUSINESS-TEAM_OPERATIONS-0258 | Contractor | 18431.52,iPhone,B06,BASELINE_1_500,CREATED,idem-20260902-ios-0258
259,MTR-IOS-0259,Personal,Personal,Lifestyle,Hobbies,Expense,2025-11-12,22:40:59,2025-11-12 22:40:59,1.0,INR,-1.0,IOS Owner,,,MAESTRO-IOS-PERSONAL-LIFESTYLE-0259 | Hobbies | 1.00,iPhone,B06,BASELINE_1_500,CREATED,idem-20260902-ios-0259
260,MTR-IOS-0260,Group,Shared Purchase,Purchase,Item,Expense,2026-07-29,08:55:15,2026-07-29 08:55:15,22552.2,INR,-22552.2,IOS Meera,3,EXACT,MAESTRO-IOS-GROUP-PURCHASE-0260 | Item | 22552.20,iPhone,B06,BASELINE_1_500,CREATED,idem-20260902-ios-0260
261,MTR-IOS-0261,Business,Business,Team Operations,Hiring,Expense,2025-12-25,09:18:40,2025-12-25 09:18:40,15938.59,INR,-15938.59,IOS Owner,,,MAESTRO-IOS-BUSINESS-TEAM_OPERATIONS-0261 | Hiring | 15938.59,iPhone,B06,BASELINE_1_500,CREATED,idem-20260902-ios-0261
262,MTR-IOS-0262,Personal,Personal,Relationships,Gifts,Expense,2026-08-23,17:18:03,2026-08-23 17:18:03,506.33,INR,-506.33,IOS Owner,,,MAESTRO-IOS-PERSONAL-RELATIONSHIPS-0262 | Gifts | 506.33,iPhone,B06,BASELINE_1_500,CREATED,idem-20260902-ios-0262
263,MTR-IOS-0263,Group,Shared Purchase,Purchase,Shipping,Expense,2026-08-04,10:46:49,2026-08-04 10:46:49,10911.16,INR,-10911.16,IOS Owner,3,SHARES,MAESTRO-IOS-GROUP-PURCHASE-0263 | Shipping | 10911.16,iPhone,B06,BASELINE_1_500,CREATED,idem-20260902-ios-0263
264,MTR-IOS-0264,Business,Business,Team Operations,Team Meal,Expense,2026-02-25,23:49:31,2026-02-25 23:49:31,33632.79,INR,-33632.79,IOS Owner,,,MAESTRO-IOS-BUSINESS-TEAM_OPERATIONS-0264 | Team Meal | 33632.79,iPhone,B06,BASELINE_1_500,CREATED,idem-20260902-ios-0264
265,MTR-IOS-0265,Personal,Personal,Relationships,Dates,Expense,2026-07-22,18:54:38,2026-07-22 18:54:38,9511.3,INR,-9511.3,IOS Owner,,,MAESTRO-IOS-PERSONAL-RELATIONSHIPS-0265 | Dates | 9511.30,iPhone,B06,BASELINE_1_500,CREATED,idem-20260902-ios-0265
266,MTR-IOS-0266,Group,Shared Purchase,Purchase,Tax,Expense,2026-02-18,21:05:01,2026-02-18 21:05:01,20835.17,INR,-20835.17,IOS Aarav,3,EQUAL,MAESTRO-IOS-GROUP-PURCHASE-0266 | Tax | 20835.17,iPhone,B06,BASELINE_1_500,CREATED,idem-20260902-ios-0266
267,MTR-IOS-0267,Business,Business,Team Operations,Travel,Expense,2026-05-11,22:08:46,2026-05-11 22:08:46,60034.72,INR,-60034.72,IOS Owner,,,MAESTRO-IOS-BUSINESS-TEAM_OPERATIONS-0267 | Travel | 60034.72,iPhone,B06,BASELINE_1_500,CREATED,idem-20260902-ios-0267
268,MTR-IOS-0268,Personal,Personal,Relationships,Family,Expense,2026-05-16,06:23:14,2026-05-16 06:23:14,11878.71,INR,-11878.71,IOS Owner,,,MAESTRO-IOS-PERSONAL-RELATIONSHIPS-0268 | Family | 11878.71,iPhone,B06,BASELINE_1_500,CREATED,idem-20260902-ios-0268
269,MTR-IOS-0269,Group,Shared Purchase,Purchase,Other,Expense,2026-03-19,23:00:53,2026-03-19 23:00:53,7185.47,INR,-7185.47,IOS Meera,3,PERCENTAGE,MAESTRO-IOS-GROUP-PURCHASE-0269 | Other | 7185.47,iPhone,B06,BASELINE_1_500,CREATED,idem-20260902-ios-0269
270,MTR-IOS-0270,Business,Business,Team Operations,Training,Expense,2025-11-27,05:31:16,2025-11-27 05:31:16,7332.04,INR,-7332.04,IOS Owner,,,MAESTRO-IOS-BUSINESS-TEAM_OPERATIONS-0270 | Training | 7332.04,iPhone,B06,BASELINE_1_500,CREATED,idem-20260902-ios-0270
271,MTR-IOS-0271,Personal,Personal,Relationships,Friends,Expense,2026-08-21,12:00:00,2026-08-21 12:00:00,4398.61,INR,-4398.61,IOS Owner,,,MAESTRO-IOS-PERSONAL-RELATIONSHIPS-0271 | Friends | 4398.61,iPhone,B06,BASELINE_1_500,CREATED,idem-20260902-ios-0271
272,MTR-IOS-0272,Group,Shared Purchase,Assets,Purchase,Expense,2026-02-22,10:40:59,2026-02-22 10:40:59,13337.69,INR,-13337.69,IOS Owner,3,EXACT,MAESTRO-IOS-GROUP-ASSETS-0272 | Purchase | 13337.69,iPhone,B06,BASELINE_1_500,CREATED,idem-20260902-ios-0272
273,MTR-IOS-0273,Business,Business,Team Operations,Tools,Expense,2026-05-17,04:21:35,2026-05-17 04:21:35,134438.24,INR,-134438.24,IOS Owner,,,MAESTRO-IOS-BUSINESS-TEAM_OPERATIONS-0273 | Tools | 134438.24,iPhone,B06,BASELINE_1_500,CREATED,idem-20260902-ios-0273
274,MTR-IOS-0274,Personal,Personal,Relationships,Celebrations,Expense,2026-04-15,16:59:29,2026-04-15 16:59:29,14827.17,INR,-14827.17,IOS Owner,,,MAESTRO-IOS-PERSONAL-RELATIONSHIPS-0274 | Celebrations | 14827.17,iPhone,B06,BASELINE_1_500,CREATED,idem-20260902-ios-0274
275,MTR-IOS-0275,Group,Shared Purchase,Assets,Maintenance,Expense,2025-09-22,18:07:01,2025-09-22 18:07:01,5682.01,INR,-5682.01,IOS Aarav,3,SHARES,MAESTRO-IOS-GROUP-ASSETS-0275 | Maintenance | 5682.01,iPhone,B06,BASELINE_1_500,CREATED,idem-20260902-ios-0275
276,MTR-IOS-0276,Business,Business,Business Runway,Funding,Income,2026-01-10,18:26:28,2026-01-10 18:26:28,134066.94,INR,134066.94,IOS Owner,,,MAESTRO-IOS-BUSINESS-BUSINESS_RUNWAY-0276 | Funding | 134066.94,iPhone,B06,BASELINE_1_500,CREATED,idem-20260902-ios-0276
277,MTR-IOS-0277,Personal,Personal,Life Operations,Groceries,Expense,2026-08-11,07:08:52,2026-08-11 07:08:52,5592.82,INR,-5592.82,IOS Owner,,,MAESTRO-IOS-PERSONAL-LIFE_OPERATIONS-0277 | Groceries | 5592.82,iPhone,B06,BASELINE_1_500,CREATED,idem-20260902-ios-0277
278,MTR-IOS-0278,Group,Shared Purchase,Assets,Repair,Expense,2026-06-17,23:02:10,2026-06-17 23:02:10,25797.51,INR,-25797.51,IOS Meera,3,EQUAL,MAESTRO-IOS-GROUP-ASSETS-0278 | Repair | 25797.51,iPhone,B06,BASELINE_1_500,CREATED,idem-20260902-ios-0278
279,MTR-IOS-0279,Business,Business,Business Runway,Revenue,Income,2025-10-06,22:59:50,2025-10-06 22:59:50,56460.54,INR,56460.54,IOS Owner,,,MAESTRO-IOS-BUSINESS-BUSINESS_RUNWAY-0279 | Revenue | 56460.54,iPhone,B06,BASELINE_1_500,CREATED,idem-20260902-ios-0279
280,MTR-IOS-0280,Personal,Personal,Life Operations,Rent,Expense,2026-08-19,08:35:08,2026-08-19 08:35:08,11549.52,INR,-11549.52,IOS Owner,,,MAESTRO-IOS-PERSONAL-LIFE_OPERATIONS-0280 | Rent | 11549.52,iPhone,B06,BASELINE_1_500,CREATED,idem-20260902-ios-0280
281,MTR-IOS-0281,Group,Shared Purchase,Assets,Insurance,Expense,2025-11-14,02:11:02,2025-11-14 02:11:02,325.85,INR,-325.85,IOS Owner,3,PERCENTAGE,MAESTRO-IOS-GROUP-ASSETS-0281 | Insurance | 325.85,iPhone,B06,BASELINE_1_500,CREATED,idem-20260902-ios-0281
282,MTR-IOS-0282,Business,Business,Business Runway,Burn,Expense,2026-02-22,18:20:18,2026-02-22 18:20:18,110941.69,INR,-110941.69,IOS Owner,,,MAESTRO-IOS-BUSINESS-BUSINESS_RUNWAY-0282 | Burn | 110941.69,iPhone,B06,BASELINE_1_500,CREATED,idem-20260902-ios-0282
283,MTR-IOS-0283,Personal,Personal,Life Operations,Bills,Expense,2025-10-24,03:37:30,2025-10-24 03:37:30,14882.51,INR,-14882.51,IOS Owner,,,MAESTRO-IOS-PERSONAL-LIFE_OPERATIONS-0283 | Bills | 14882.51,iPhone,B06,BASELINE_1_500,CREATED,idem-20260902-ios-0283
284,MTR-IOS-0284,Group,Shared Purchase,Assets,Other,Expense,2026-02-20,15:50:20,2026-02-20 15:50:20,10697.13,INR,-10697.13,IOS Aarav,3,EXACT,MAESTRO-IOS-GROUP-ASSETS-0284 | Other | 10697.13,iPhone,B06,BASELINE_1_500,CREATED,idem-20260902-ios-0284
285,MTR-IOS-0285,Business,Business,Business Runway,Reserve,Transfer,2026-02-08,14:07:23,2026-02-08 14:07:23,112784.57,INR,0.0,IOS Owner,,,MAESTRO-IOS-BUSINESS-BUSINESS_RUNWAY-0285 | Reserve | 112784.57,iPhone,B06,BASELINE_1_500,CREATED,idem-20260902-ios-0285
286,MTR-IOS-0286,Personal,Personal,Life Operations,Transport,Expense,2026-08-02,08:14:46,2026-08-02 08:14:46,9729.48,INR,-9729.48,IOS Owner,,,MAESTRO-IOS-PERSONAL-LIFE_OPERATIONS-0286 | Transport | 9729.48,iPhone,B06,BASELINE_1_500,CREATED,idem-20260902-ios-0286
287,MTR-IOS-0287,Group,Shared Purchase,Custom Purchase,Custom Expense,Expense,2025-09-09,00:29:39,2025-09-09 00:29:39,21347.47,INR,-21347.47,IOS Meera,3,SHARES,MAESTRO-IOS-GROUP-CUSTOM_PURCHASE-0287 | Custom Expense | 21347.47,iPhone,B06,BASELINE_1_500,CREATED,idem-20260902-ios-0287
288,MTR-IOS-0288,Business,Business,Business Runway,Loan,Income,2026-04-27,11:14:53,2026-04-27 11:14:53,77071.73,INR,77071.73,IOS Owner,,,MAESTRO-IOS-BUSINESS-BUSINESS_RUNWAY-0288 | Loan | 77071.73,iPhone,B06,BASELINE_1_500,CREATED,idem-20260902-ios-0288
289,MTR-IOS-0289,Personal,Personal,Life Operations,Healthcare,Expense,2026-03-02,13:35:08,2026-03-02 13:35:08,16085.69,INR,-16085.69,IOS Owner,,,MAESTRO-IOS-PERSONAL-LIFE_OPERATIONS-0289 | Healthcare | 16085.69,iPhone,B06,BASELINE_1_500,CREATED,idem-20260902-ios-0289
290,MTR-IOS-0290,Group,Shared Purchase,Custom Purchase,Custom Contribution,Contribution,2026-03-30,22:43:03,2026-03-30 22:43:03,9774.29,INR,9774.29,IOS Owner,3,EQUAL,MAESTRO-IOS-GROUP-CUSTOM_PURCHASE-0290 | Custom Contribution | 9774.29,iPhone,B06,BASELINE_1_500,CREATED,idem-20260902-ios-0290
291,MTR-IOS-0291,Business,Business,Business Runway,Investment,Income,2026-01-01,02:49:06,2026-01-01 02:49:06,57205.57,INR,57205.57,IOS Owner,,,MAESTRO-IOS-BUSINESS-BUSINESS_RUNWAY-0291 | Investment | 57205.57,iPhone,B06,BASELINE_1_500,CREATED,idem-20260902-ios-0291
292,MTR-IOS-0292,Personal,Personal,Life Operations,Subscriptions,Expense,2025-10-06,13:19:44,2025-10-06 13:19:44,7371.63,INR,-7371.63,IOS Owner,,,MAESTRO-IOS-PERSONAL-LIFE_OPERATIONS-0292 | Subscriptions | 7371.63,iPhone,B06,BASELINE_1_500,CREATED,idem-20260902-ios-0292
293,MTR-IOS-0293,Group,Shared Living,Flatmates,Rent,Expense,2025-10-06,03:29:10,2025-10-06 03:29:10,25125.18,INR,-25125.18,IOS Aarav,3,PERCENTAGE,MAESTRO-IOS-GROUP-FLATMATES-0293 | Rent | 25125.18,iPhone,B06,BASELINE_1_500,CREATED,idem-20260902-ios-0293
294,MTR-IOS-0294,Business,Business,Business Operations,Software,Expense,2026-01-11,16:33:20,2026-01-11 16:33:20,107467.51,INR,-107467.51,IOS Owner,,,MAESTRO-IOS-BUSINESS-BUSINESS_OPERATIONS-0294 | Software | 107467.51,iPhone,B06,BASELINE_1_500,CREATED,idem-20260902-ios-0294
295,MTR-IOS-0295,Personal,Personal,Life Operations,Repairs,Expense,2025-12-20,21:20:06,2025-12-20 21:20:06,2441.06,INR,-2441.06,IOS Owner,,,MAESTRO-IOS-PERSONAL-LIFE_OPERATIONS-0295 | Repairs | 2441.06,iPhone,B06,BASELINE_1_500,CREATED,idem-20260902-ios-0295
296,MTR-IOS-0296,Group,Shared Living,Flatmates,Utilities,Expense,2025-11-05,19:14:53,2025-11-05 19:14:53,99.99,INR,-99.99,IOS Meera,3,EXACT,MAESTRO-IOS-GROUP-FLATMATES-0296 | Utilities | 99.99,iPhone,B06,BASELINE_1_500,CREATED,idem-20260902-ios-0296
297,MTR-IOS-0297,Business,Business,Business Operations,Rent,Expense,2026-04-17,01:04:32,2026-04-17 01:04:32,36571.42,INR,-36571.42,IOS Owner,,,MAESTRO-IOS-BUSINESS-BUSINESS_OPERATIONS-0297 | Rent | 36571.42,iPhone,B06,BASELINE_1_500,CREATED,idem-20260902-ios-0297
298,MTR-IOS-0298,Personal,Personal,Future Building,Savings,Transfer,2026-07-13,21:22:48,2026-07-13 21:22:48,12711.96,INR,0.0,IOS Owner,,,MAESTRO-IOS-PERSONAL-FUTURE_BUILDING-0298 | Savings | 12711.96,iPhone,B06,BASELINE_1_500,CREATED,idem-20260902-ios-0298
299,MTR-IOS-0299,Group,Shared Living,Flatmates,Groceries,Expense,2026-02-04,07:58:25,2026-02-04 07:58:25,18077.99,INR,-18077.99,IOS Owner,3,SHARES,MAESTRO-IOS-GROUP-FLATMATES-0299 | Groceries | 18077.99,iPhone,B06,BASELINE_1_500,CREATED,idem-20260902-ios-0299
300,MTR-IOS-0300,Business,Business,Business Operations,Marketing,Expense,2026-05-21,09:22:49,2026-05-21 09:22:49,33783.66,INR,-33783.66,IOS Owner,,,MAESTRO-IOS-BUSINESS-BUSINESS_OPERATIONS-0300 | Marketing | 33783.66,iPhone,B06,BASELINE_1_500,CREATED,idem-20260902-ios-0300
301,MTR-IOS-0301,Personal,Personal,Future Building,Emergency Fund,Transfer,2026-08-08,12:42:32,2026-08-08 12:42:32,9488.33,INR,0.0,IOS Owner,,,MAESTRO-IOS-PERSONAL-FUTURE_BUILDING-0301 | Emergency Fund | 9488.33,iPhone,B07,BASELINE_1_500,CREATED,idem-20260902-ios-0301
302,MTR-IOS-0302,Group,Shared Living,Flatmates,Internet,Expense,2025-10-05,04:41:28,2025-10-05 04:41:28,308.75,INR,-308.75,IOS Aarav,3,EQUAL,MAESTRO-IOS-GROUP-FLATMATES-0302 | Internet | 308.75,iPhone,B07,BASELINE_1_500,CREATED,idem-20260902-ios-0302
303,MTR-IOS-0303,Business,Business,Business Operations,Legal,Expense,2026-08-20,19:34:25,2026-08-20 19:34:25,104511.21,INR,-104511.21,IOS Owner,,,MAESTRO-IOS-BUSINESS-BUSINESS_OPERATIONS-0303 | Legal | 104511.21,iPhone,B07,BASELINE_1_500,CREATED,idem-20260902-ios-0303
304,MTR-IOS-0304,Personal,Personal,Future Building,Investments,Investment,2026-04-29,06:16:19,2026-04-29 06:16:19,2794.17,INR,0.0,IOS Owner,,,MAESTRO-IOS-PERSONAL-FUTURE_BUILDING-0304 | Investments | 2794.17,iPhone,B07,BASELINE_1_500,CREATED,idem-20260902-ios-0304
305,MTR-IOS-0305,Group,Shared Living,Flatmates,House Supplies,Expense,2025-11-04,06:54:05,2025-11-04 06:54:05,21035.19,INR,-21035.19,IOS Meera,3,PERCENTAGE,MAESTRO-IOS-GROUP-FLATMATES-0305 | House Supplies | 21035.19,iPhone,B07,BASELINE_1_500,CREATED,idem-20260902-ios-0305
306,MTR-IOS-0306,Business,Business,Business Operations,Accounting,Expense,2026-08-15,06:56:24,2026-08-15 06:56:24,163472.03,INR,-163472.03,IOS Owner,,,MAESTRO-IOS-BUSINESS-BUSINESS_OPERATIONS-0306 | Accounting | 163472.03,iPhone,B07,BASELINE_1_500,CREATED,idem-20260902-ios-0306
307,MTR-IOS-0307,Personal,Personal,Future Building,Education,Expense,2026-05-13,00:10:12,2026-05-13 00:10:12,107.59,INR,-107.59,IOS Owner,,,MAESTRO-IOS-PERSONAL-FUTURE_BUILDING-0307 | Education | 107.59,iPhone,B07,BASELINE_1_500,CREATED,idem-20260902-ios-0307
308,MTR-IOS-0308,Group,Shared Living,Flatmates,Repairs,Expense,2026-05-13,11:11:13,2026-05-13 11:11:13,8538.32,INR,-8538.32,IOS Owner,3,EXACT,MAESTRO-IOS-GROUP-FLATMATES-0308 | Repairs | 8538.32,iPhone,B07,BASELINE_1_500,CREATED,idem-20260902-ios-0308
309,MTR-IOS-0309,Business,Business,Business Operations,Equipment,Expense,2025-11-17,21:36:18,2025-11-17 21:36:18,164742.8,INR,-164742.8,IOS Owner,,,MAESTRO-IOS-BUSINESS-BUSINESS_OPERATIONS-0309 | Equipment | 164742.80,iPhone,B07,BASELINE_1_500,CREATED,idem-20260902-ios-0309
310,MTR-IOS-0310,Personal,Personal,Future Building,Goal Contribution,Transfer,2026-07-30,02:26:00,2026-07-30 02:26:00,3276.39,INR,0.0,IOS Owner,,,MAESTRO-IOS-PERSONAL-FUTURE_BUILDING-0310 | Goal Contribution | 3276.39,iPhone,B07,BASELINE_1_500,CREATED,idem-20260902-ios-0310
311,MTR-IOS-0311,Group,Shared Living,Shared Living,Rent,Expense,2026-01-31,01:41:03,2026-01-31 01:41:03,15767.35,INR,-15767.35,IOS Aarav,3,SHARES,MAESTRO-IOS-GROUP-SHARED_LIVING-0311 | Rent | 15767.35,iPhone,B07,BASELINE_1_500,CREATED,idem-20260902-ios-0311
312,MTR-IOS-0312,Business,Business,Business Operations,Vendor,Expense,2026-06-26,05:26:05,2026-06-26 05:26:05,160141.82,INR,-160141.82,IOS Owner,,,MAESTRO-IOS-BUSINESS-BUSINESS_OPERATIONS-0312 | Vendor | 160141.82,iPhone,B07,BASELINE_1_500,CREATED,idem-20260902-ios-0312
313,MTR-IOS-0313,Personal,Personal,Lifestyle,Dining,Expense,2026-07-07,23:08:54,2026-07-07 23:08:54,12783.22,INR,-12783.22,IOS Owner,,,MAESTRO-IOS-PERSONAL-LIFESTYLE-0313 | Dining | 12783.22,iPhone,B07,BASELINE_1_500,CREATED,idem-20260902-ios-0313
314,MTR-IOS-0314,Group,Shared Living,Shared Living,Utilities,Expense,2026-04-05,10:53:07,2026-04-05 10:53:07,1701.74,INR,-1701.74,IOS Meera,3,EQUAL,MAESTRO-IOS-GROUP-SHARED_LIVING-0314 | Utilities | 1701.74,iPhone,B07,BASELINE_1_500,CREATED,idem-20260902-ios-0314
315,MTR-IOS-0315,Business,Business,Business Operations,Tax,Expense,2026-05-08,14:25:21,2026-05-08 14:25:21,137200.68,INR,-137200.68,IOS Owner,,,MAESTRO-IOS-BUSINESS-BUSINESS_OPERATIONS-0315 | Tax | 137200.68,iPhone,B07,BASELINE_1_500,CREATED,idem-20260902-ios-0315
316,MTR-IOS-0316,Personal,Personal,Lifestyle,Shopping,Expense,2026-03-03,07:23:33,2026-03-03 07:23:33,9348.82,INR,-9348.82,IOS Owner,,,MAESTRO-IOS-PERSONAL-LIFESTYLE-0316 | Shopping | 9348.82,iPhone,B07,BASELINE_1_500,CREATED,idem-20260902-ios-0316
317,MTR-IOS-0317,Group,Shared Living,Shared Living,Groceries,Expense,2026-08-11,07:31:19,2026-08-11 07:31:19,4985.51,INR,-4985.51,IOS Owner,3,PERCENTAGE,MAESTRO-IOS-GROUP-SHARED_LIVING-0317 | Groceries | 4985.51,iPhone,B07,BASELINE_1_500,CREATED,idem-20260902-ios-0317
318,MTR-IOS-0318,Business,Business,Team Operations,Payroll,Expense,2026-08-07,16:34:17,2026-08-07 16:34:17,19059.36,INR,-19059.36,IOS Owner,,,MAESTRO-IOS-BUSINESS-TEAM_OPERATIONS-0318 | Payroll | 19059.36,iPhone,B07,BASELINE_1_500,CREATED,idem-20260902-ios-0318
319,MTR-IOS-0319,Personal,Personal,Lifestyle,Entertainment,Expense,2025-12-25,05:37:55,2025-12-25 05:37:55,4961.61,INR,-4961.61,IOS Owner,,,MAESTRO-IOS-PERSONAL-LIFESTYLE-0319 | Entertainment | 4961.61,iPhone,B07,BASELINE_1_500,CREATED,idem-20260902-ios-0319
320,MTR-IOS-0320,Group,Shared Living,Shared Living,Maintenance,Expense,2026-04-10,15:17:49,2026-04-10 15:17:49,5889.92,INR,-5889.92,IOS Aarav,3,EXACT,MAESTRO-IOS-GROUP-SHARED_LIVING-0320 | Maintenance | 5889.92,iPhone,B07,BASELINE_1_500,CREATED,idem-20260902-ios-0320
321,MTR-IOS-0321,Business,Business,Team Operations,Contractor,Expense,2025-10-09,07:26:44,2025-10-09 07:26:44,48191.3,INR,-48191.3,IOS Owner,,,MAESTRO-IOS-BUSINESS-TEAM_OPERATIONS-0321 | Contractor | 48191.30,iPhone,B07,BASELINE_1_500,CREATED,idem-20260902-ios-0321
322,MTR-IOS-0322,Personal,Personal,Lifestyle,Travel,Expense,2025-11-30,04:08:59,2025-11-30 04:08:59,8717.02,INR,-8717.02,IOS Owner,,,MAESTRO-IOS-PERSONAL-LIFESTYLE-0322 | Travel | 8717.02,iPhone,B07,BASELINE_1_500,CREATED,idem-20260902-ios-0322
323,MTR-IOS-0323,Group,Shared Living,Shared Living,Other,Expense,2026-08-13,20:59:38,2026-08-13 20:59:38,5755.9,INR,-5755.9,IOS Meera,3,SHARES,MAESTRO-IOS-GROUP-SHARED_LIVING-0323 | Other | 5755.90,iPhone,B07,BASELINE_1_500,CREATED,idem-20260902-ios-0323
324,MTR-IOS-0324,Business,Business,Team Operations,Hiring,Expense,2026-06-09,06:04:44,2026-06-09 06:04:44,131213.76,INR,-131213.76,IOS Owner,,,MAESTRO-IOS-BUSINESS-TEAM_OPERATIONS-0324 | Hiring | 131213.76,iPhone,B07,BASELINE_1_500,CREATED,idem-20260902-ios-0324
325,MTR-IOS-0325,Personal,Personal,Lifestyle,Fitness,Expense,2026-02-05,10:27:13,2026-02-05 10:27:13,9077.91,INR,-9077.91,IOS Owner,,,MAESTRO-IOS-PERSONAL-LIFESTYLE-0325 | Fitness | 9077.91,iPhone,B07,BASELINE_1_500,CREATED,idem-20260902-ios-0325
326,MTR-IOS-0326,Group,Shared Living,Family Household,School,Expense,2025-10-29,01:39:39,2025-10-29 01:39:39,295.7,INR,-295.7,IOS Owner,3,EQUAL,MAESTRO-IOS-GROUP-FAMILY_HOUSEHOLD-0326 | School | 295.70,iPhone,B07,BASELINE_1_500,CREATED,idem-20260902-ios-0326
327,MTR-IOS-0327,Business,Business,Team Operations,Team Meal,Expense,2026-02-23,15:51:18,2026-02-23 15:51:18,57961.3,INR,-57961.3,IOS Owner,,,MAESTRO-IOS-BUSINESS-TEAM_OPERATIONS-0327 | Team Meal | 57961.30,iPhone,B07,BASELINE_1_500,CREATED,idem-20260902-ios-0327
328,MTR-IOS-0328,Personal,Personal,Lifestyle,Hobbies,Expense,2026-07-29,02:46:58,2026-07-29 02:46:58,1158.29,INR,-1158.29,IOS Owner,,,MAESTRO-IOS-PERSONAL-LIFESTYLE-0328 | Hobbies | 1158.29,iPhone,B07,BASELINE_1_500,CREATED,idem-20260902-ios-0328
329,MTR-IOS-0329,Group,Shared Living,Family Household,Other,Expense,2026-06-06,03:30:18,2026-06-06 03:30:18,6671.33,INR,-6671.33,IOS Aarav,3,PERCENTAGE,MAESTRO-IOS-GROUP-FAMILY_HOUSEHOLD-0329 | Other | 6671.33,iPhone,B07,BASELINE_1_500,CREATED,idem-20260902-ios-0329
330,MTR-IOS-0330,Business,Business,Team Operations,Travel,Expense,2025-09-07,22:48:45,2025-09-07 22:48:45,163231.59,INR,-163231.59,IOS Owner,,,MAESTRO-IOS-BUSINESS-TEAM_OPERATIONS-0330 | Travel | 163231.59,iPhone,B07,BASELINE_1_500,CREATED,idem-20260902-ios-0330
331,MTR-IOS-0331,Personal,Personal,Relationships,Gifts,Expense,2025-10-16,15:36:28,2025-10-16 15:36:28,9057.81,INR,-9057.81,IOS Owner,,,MAESTRO-IOS-PERSONAL-RELATIONSHIPS-0331 | Gifts | 9057.81,iPhone,B07,BASELINE_1_500,CREATED,idem-20260902-ios-0331
332,MTR-IOS-0332,Group,Shared Living,Family Household,Rent,Expense,2026-04-16,11:39:54,2026-04-16 11:39:54,1392.0,INR,-1392.0,IOS Meera,3,EXACT,MAESTRO-IOS-GROUP-FAMILY_HOUSEHOLD-0332 | Rent | 1392.00,iPhone,B07,BASELINE_1_500,CREATED,idem-20260902-ios-0332
333,MTR-IOS-0333,Business,Business,Team Operations,Training,Expense,2026-04-28,17:46:57,2026-04-28 17:46:57,100.0,INR,-100.0,IOS Owner,,,MAESTRO-IOS-BUSINESS-TEAM_OPERATIONS-0333 | Training | 100.00,iPhone,B07,BASELINE_1_500,CREATED,idem-20260902-ios-0333
334,MTR-IOS-0334,Personal,Personal,Relationships,Dates,Expense,2026-06-16,05:47:22,2026-06-16 05:47:22,4156.33,INR,-4156.33,IOS Owner,,,MAESTRO-IOS-PERSONAL-RELATIONSHIPS-0334 | Dates | 4156.33,iPhone,B07,BASELINE_1_500,CREATED,idem-20260902-ios-0334
335,MTR-IOS-0335,Group,Shared Living,Family Household,Groceries,Expense,2026-03-14,15:09:37,2026-03-14 15:09:37,11897.85,INR,-11897.85,IOS Owner,3,SHARES,MAESTRO-IOS-GROUP-FAMILY_HOUSEHOLD-0335 | Groceries | 11897.85,iPhone,B07,BASELINE_1_500,CREATED,idem-20260902-ios-0335
336,MTR-IOS-0336,Business,Business,Team Operations,Tools,Expense,2025-09-24,14:45:01,2025-09-24 14:45:01,156108.48,INR,-156108.48,IOS Owner,,,MAESTRO-IOS-BUSINESS-TEAM_OPERATIONS-0336 | Tools | 156108.48,iPhone,B07,BASELINE_1_500,CREATED,idem-20260902-ios-0336
337,MTR-IOS-0337,Personal,Personal,Relationships,Family,Expense,2025-11-27,20:39:31,2025-11-27 20:39:31,12797.71,INR,-12797.71,IOS Owner,,,MAESTRO-IOS-PERSONAL-RELATIONSHIPS-0337 | Family | 12797.71,iPhone,B07,BASELINE_1_500,CREATED,idem-20260902-ios-0337
338,MTR-IOS-0338,Group,Shared Living,Family Household,Transport,Expense,2026-07-12,12:59:31,2026-07-12 12:59:31,8898.84,INR,-8898.84,IOS Aarav,3,EQUAL,MAESTRO-IOS-GROUP-FAMILY_HOUSEHOLD-0338 | Transport | 8898.84,iPhone,B07,BASELINE_1_500,CREATED,idem-20260902-ios-0338
339,MTR-IOS-0339,Business,Business,Business Runway,Funding,Income,2026-07-11,16:23:09,2026-07-11 16:23:09,161396.3,INR,161396.3,IOS Owner,,,MAESTRO-IOS-BUSINESS-BUSINESS_RUNWAY-0339 | Funding | 161396.30,iPhone,B07,BASELINE_1_500,CREATED,idem-20260902-ios-0339
340,MTR-IOS-0340,Personal,Personal,Relationships,Friends,Expense,2025-11-25,21:34:09,2025-11-25 21:34:09,1327.72,INR,-1327.72,IOS Owner,,,MAESTRO-IOS-PERSONAL-RELATIONSHIPS-0340 | Friends | 1327.72,iPhone,B07,BASELINE_1_500,CREATED,idem-20260902-ios-0340
341,MTR-IOS-0341,Group,Shared Living,Family Household,Bills,Expense,2025-11-05,21:05:14,2025-11-05 21:05:14,24254.23,INR,-24254.23,IOS Meera,3,PERCENTAGE,MAESTRO-IOS-GROUP-FAMILY_HOUSEHOLD-0341 | Bills | 24254.23,iPhone,B07,BASELINE_1_500,CREATED,idem-20260902-ios-0341
342,MTR-IOS-0342,Business,Business,Business Runway,Revenue,Income,2025-09-05,12:00:45,2025-09-05 12:00:45,124440.75,INR,124440.75,IOS Owner,,,MAESTRO-IOS-BUSINESS-BUSINESS_RUNWAY-0342 | Revenue | 124440.75,iPhone,B07,BASELINE_1_500,CREATED,idem-20260902-ios-0342
343,MTR-IOS-0343,Personal,Personal,Relationships,Celebrations,Expense,2026-07-24,05:13:24,2026-07-24 05:13:24,8340.26,INR,-8340.26,IOS Owner,,,MAESTRO-IOS-PERSONAL-RELATIONSHIPS-0343 | Celebrations | 8340.26,iPhone,B07,BASELINE_1_500,CREATED,idem-20260902-ios-0343
344,MTR-IOS-0344,Group,Shared Living,Custom Living,Custom Expense,Expense,2026-01-18,05:49:17,2026-01-18 05:49:17,19090.95,INR,-19090.95,IOS Owner,3,EXACT,MAESTRO-IOS-GROUP-CUSTOM_LIVING-0344 | Custom Expense | 19090.95,iPhone,B07,BASELINE_1_500,CREATED,idem-20260902-ios-0344
345,MTR-IOS-0345,Business,Business,Business Runway,Burn,Expense,2026-05-29,22:50:59,2026-05-29 22:50:59,103311.44,INR,-103311.44,IOS Owner,,,MAESTRO-IOS-BUSINESS-BUSINESS_RUNWAY-0345 | Burn | 103311.44,iPhone,B07,BASELINE_1_500,CREATED,idem-20260902-ios-0345
346,MTR-IOS-0346,Personal,Personal,Life Operations,Groceries,Expense,2026-08-07,21:43:42,2026-08-07 21:43:42,12336.92,INR,-12336.92,IOS Owner,,,MAESTRO-IOS-PERSONAL-LIFE_OPERATIONS-0346 | Groceries | 12336.92,iPhone,B07,BASELINE_1_500,CREATED,idem-20260902-ios-0346
347,MTR-IOS-0347,Group,Shared Living,Custom Living,Custom Contribution,Contribution,2026-05-05,20:14:45,2026-05-05 20:14:45,10821.75,INR,10821.75,IOS Aarav,3,SHARES,MAESTRO-IOS-GROUP-CUSTOM_LIVING-0347 | Custom Contribution | 10821.75,iPhone,B07,BASELINE_1_500,CREATED,idem-20260902-ios-0347
348,MTR-IOS-0348,Business,Business,Business Runway,Reserve,Transfer,2026-02-07,18:50:12,2026-02-07 18:50:12,96515.7,INR,0.0,IOS Owner,,,MAESTRO-IOS-BUSINESS-BUSINESS_RUNWAY-0348 | Reserve | 96515.70,iPhone,B07,BASELINE_1_500,CREATED,idem-20260902-ios-0348
349,MTR-IOS-0349,Personal,Personal,Life Operations,Rent,Expense,2026-03-07,11:10:44,2026-03-07 11:10:44,8091.29,INR,-8091.29,IOS Owner,,,MAESTRO-IOS-PERSONAL-LIFE_OPERATIONS-0349 | Rent | 8091.29,iPhone,B07,BASELINE_1_500,CREATED,idem-20260902-ios-0349
350,MTR-IOS-0350,Group,Shared Experience,Trip,Travel,Expense,2026-02-28,10:44:17,2026-02-28 10:44:17,11938.96,INR,-11938.96,IOS Meera,3,EQUAL,MAESTRO-IOS-GROUP-TRIP-0350 | Travel | 11938.96,iPhone,B07,BASELINE_1_500,CREATED,idem-20260902-ios-0350
351,MTR-IOS-0351,Business,Business,Business Runway,Loan,Income,2025-09-10,02:18:22,2025-09-10 02:18:22,37243.44,INR,37243.44,IOS Owner,,,MAESTRO-IOS-BUSINESS-BUSINESS_RUNWAY-0351 | Loan | 37243.44,iPhone,B08,BASELINE_1_500,CREATED,idem-20260902-ios-0351
352,MTR-IOS-0352,Personal,Personal,Life Operations,Bills,Expense,2026-06-16,09:10:44,2026-06-16 09:10:44,14194.84,INR,-14194.84,IOS Owner,,,MAESTRO-IOS-PERSONAL-LIFE_OPERATIONS-0352 | Bills | 14194.84,iPhone,B08,BASELINE_1_500,CREATED,idem-20260902-ios-0352
353,MTR-IOS-0353,Group,Shared Experience,Trip,Stay,Expense,2026-02-18,09:49:35,2026-02-18 09:49:35,4462.15,INR,-4462.15,IOS Owner,3,PERCENTAGE,MAESTRO-IOS-GROUP-TRIP-0353 | Stay | 4462.15,iPhone,B08,BASELINE_1_500,CREATED,idem-20260902-ios-0353
354,MTR-IOS-0354,Business,Business,Business Runway,Investment,Income,2026-02-20,18:21:23,2026-02-20 18:21:23,84091.09,INR,84091.09,IOS Owner,,,MAESTRO-IOS-BUSINESS-BUSINESS_RUNWAY-0354 | Investment | 84091.09,iPhone,B08,BASELINE_1_500,CREATED,idem-20260902-ios-0354
355,MTR-IOS-0355,Personal,Personal,Life Operations,Transport,Expense,2026-03-19,14:50:10,2026-03-19 14:50:10,4459.95,INR,-4459.95,IOS Owner,,,MAESTRO-IOS-PERSONAL-LIFE_OPERATIONS-0355 | Transport | 4459.95,iPhone,B08,BASELINE_1_500,CREATED,idem-20260902-ios-0355
356,MTR-IOS-0356,Group,Shared Experience,Trip,Food,Expense,2026-06-08,09:08:03,2026-06-08 09:08:03,6546.0,INR,-6546.0,IOS Aarav,3,EXACT,MAESTRO-IOS-GROUP-TRIP-0356 | Food | 6546.00,iPhone,B08,BASELINE_1_500,CREATED,idem-20260902-ios-0356
357,MTR-IOS-0357,Business,Business,Business Operations,Software,Expense,2026-04-16,14:16:01,2026-04-16 14:16:01,164774.78,INR,-164774.78,IOS Owner,,,MAESTRO-IOS-BUSINESS-BUSINESS_OPERATIONS-0357 | Software | 164774.78,iPhone,B08,BASELINE_1_500,CREATED,idem-20260902-ios-0357
358,MTR-IOS-0358,Personal,Personal,Life Operations,Healthcare,Expense,2025-10-30,08:07:09,2025-10-30 08:07:09,8130.87,INR,-8130.87,IOS Owner,,,MAESTRO-IOS-PERSONAL-LIFE_OPERATIONS-0358 | Healthcare | 8130.87,iPhone,B08,BASELINE_1_500,CREATED,idem-20260902-ios-0358
359,MTR-IOS-0359,Group,Shared Experience,Trip,Local Transport,Expense,2025-11-15,16:30:27,2025-11-15 16:30:27,7770.15,INR,-7770.15,IOS Meera,3,SHARES,MAESTRO-IOS-GROUP-TRIP-0359 | Local Transport | 7770.15,iPhone,B08,BASELINE_1_500,CREATED,idem-20260902-ios-0359
360,MTR-IOS-0360,Business,Business,Business Operations,Rent,Expense,2025-09-20,04:15:41,2025-09-20 04:15:41,75488.29,INR,-75488.29,IOS Owner,,,MAESTRO-IOS-BUSINESS-BUSINESS_OPERATIONS-0360 | Rent | 75488.29,iPhone,B08,BASELINE_1_500,CREATED,idem-20260902-ios-0360
361,MTR-IOS-0361,Personal,Personal,Life Operations,Subscriptions,Expense,2026-05-19,09:52:43,2026-05-19 09:52:43,840.9,INR,-840.9,IOS Owner,,,MAESTRO-IOS-PERSONAL-LIFE_OPERATIONS-0361 | Subscriptions | 840.90,iPhone,B08,BASELINE_1_500,CREATED,idem-20260902-ios-0361
362,MTR-IOS-0362,Group,Shared Experience,Trip,Activities,Expense,2026-08-22,04:06:14,2026-08-22 04:06:14,13215.49,INR,-13215.49,IOS Owner,3,EQUAL,MAESTRO-IOS-GROUP-TRIP-0362 | Activities | 13215.49,iPhone,B08,BASELINE_1_500,CREATED,idem-20260902-ios-0362
363,MTR-IOS-0363,Business,Business,Business Operations,Marketing,Expense,2026-06-19,02:58:34,2026-06-19 02:58:34,147978.31,INR,-147978.31,IOS Owner,,,MAESTRO-IOS-BUSINESS-BUSINESS_OPERATIONS-0363 | Marketing | 147978.31,iPhone,B08,BASELINE_1_500,CREATED,idem-20260902-ios-0363
364,MTR-IOS-0364,Personal,Personal,Life Operations,Repairs,Expense,2025-12-29,22:41:41,2025-12-29 22:41:41,2120.4,INR,-2120.4,IOS Owner,,,MAESTRO-IOS-PERSONAL-LIFE_OPERATIONS-0364 | Repairs | 2120.40,iPhone,B08,BASELINE_1_500,CREATED,idem-20260902-ios-0364
365,MTR-IOS-0365,Group,Shared Experience,Trip,Shopping,Expense,2025-09-09,04:36:12,2025-09-09 04:36:12,22196.23,INR,-22196.23,IOS Aarav,3,PERCENTAGE,MAESTRO-IOS-GROUP-TRIP-0365 | Shopping | 22196.23,iPhone,B08,BASELINE_1_500,CREATED,idem-20260902-ios-0365
366,MTR-IOS-0366,Business,Business,Business Operations,Legal,Expense,2026-01-21,10:47:49,2026-01-21 10:47:49,63943.45,INR,-63943.45,IOS Owner,,,MAESTRO-IOS-BUSINESS-BUSINESS_OPERATIONS-0366 | Legal | 63943.45,iPhone,B08,BASELINE_1_500,CREATED,idem-20260902-ios-0366
367,MTR-IOS-0367,Personal,Personal,Future Building,Savings,Transfer,2025-11-12,17:31:08,2025-11-12 17:31:08,2396.78,INR,0.0,IOS Owner,,,MAESTRO-IOS-PERSONAL-FUTURE_BUILDING-0367 | Savings | 2396.78,iPhone,B08,BASELINE_1_500,CREATED,idem-20260902-ios-0367
368,MTR-IOS-0368,Group,Shared Experience,Trip,Other,Expense,2026-06-13,04:12:25,2026-06-13 04:12:25,24153.02,INR,-24153.02,IOS Meera,3,EXACT,MAESTRO-IOS-GROUP-TRIP-0368 | Other | 24153.02,iPhone,B08,BASELINE_1_500,CREATED,idem-20260902-ios-0368
369,MTR-IOS-0369,Business,Business,Business Operations,Accounting,Expense,2026-05-03,17:18:18,2026-05-03 17:18:18,126622.5,INR,-126622.5,IOS Owner,,,MAESTRO-IOS-BUSINESS-BUSINESS_OPERATIONS-0369 | Accounting | 126622.50,iPhone,B08,BASELINE_1_500,CREATED,idem-20260902-ios-0369
370,MTR-IOS-0370,Personal,Personal,Future Building,Emergency Fund,Transfer,2025-09-12,03:51:33,2025-09-12 03:51:33,999.99,INR,0.0,IOS Owner,,,MAESTRO-IOS-PERSONAL-FUTURE_BUILDING-0370 | Emergency Fund | 999.99,iPhone,B08,BASELINE_1_500,CREATED,idem-20260902-ios-0370
371,MTR-IOS-0371,Group,Shared Experience,Wedding,Venue,Expense,2025-09-20,05:12:05,2025-09-20 05:12:05,21281.27,INR,-21281.27,IOS Owner,3,SHARES,MAESTRO-IOS-GROUP-WEDDING-0371 | Venue | 21281.27,iPhone,B08,BASELINE_1_500,CREATED,idem-20260902-ios-0371
372,MTR-IOS-0372,Business,Business,Business Operations,Equipment,Expense,2026-04-10,09:04:21,2026-04-10 09:04:21,51812.89,INR,-51812.89,IOS Owner,,,MAESTRO-IOS-BUSINESS-BUSINESS_OPERATIONS-0372 | Equipment | 51812.89,iPhone,B08,BASELINE_1_500,CREATED,idem-20260902-ios-0372
373,MTR-IOS-0373,Personal,Personal,Future Building,Investments,Investment,2026-06-09,20:37:04,2026-06-09 20:37:04,3915.81,INR,0.0,IOS Owner,,,MAESTRO-IOS-PERSONAL-FUTURE_BUILDING-0373 | Investments | 3915.81,iPhone,B08,BASELINE_1_500,CREATED,idem-20260902-ios-0373
374,MTR-IOS-0374,Group,Shared Experience,Wedding,Catering,Expense,2025-11-04,01:30:28,2025-11-04 01:30:28,13875.58,INR,-13875.58,IOS Aarav,3,EQUAL,MAESTRO-IOS-GROUP-WEDDING-0374 | Catering | 13875.58,iPhone,B08,BASELINE_1_500,CREATED,idem-20260902-ios-0374
375,MTR-IOS-0375,Business,Business,Business Operations,Vendor,Expense,2026-03-10,18:42:08,2026-03-10 18:42:08,138576.85,INR,-138576.85,IOS Owner,,,MAESTRO-IOS-BUSINESS-BUSINESS_OPERATIONS-0375 | Vendor | 138576.85,iPhone,B08,BASELINE_1_500,CREATED,idem-20260902-ios-0375
376,MTR-IOS-0376,Personal,Personal,Future Building,Education,Expense,2026-04-03,03:16:14,2026-04-03 03:16:14,7552.41,INR,-7552.41,IOS Owner,,,MAESTRO-IOS-PERSONAL-FUTURE_BUILDING-0376 | Education | 7552.41,iPhone,B08,BASELINE_1_500,CREATED,idem-20260902-ios-0376
377,MTR-IOS-0377,Group,Shared Experience,Wedding,Decor,Expense,2025-10-15,20:46:45,2025-10-15 20:46:45,24743.93,INR,-24743.93,IOS Meera,3,PERCENTAGE,MAESTRO-IOS-GROUP-WEDDING-0377 | Decor | 24743.93,iPhone,B08,BASELINE_1_500,CREATED,idem-20260902-ios-0377
378,MTR-IOS-0378,Business,Business,Business Operations,Tax,Expense,2026-01-22,19:26:25,2026-01-22 19:26:25,4327.32,INR,-4327.32,IOS Owner,,,MAESTRO-IOS-BUSINESS-BUSINESS_OPERATIONS-0378 | Tax | 4327.32,iPhone,B08,BASELINE_1_500,CREATED,idem-20260902-ios-0378
379,MTR-IOS-0379,Personal,Personal,Future Building,Goal Contribution,Transfer,2026-07-07,20:57:44,2026-07-07 20:57:44,6526.54,INR,0.0,IOS Owner,,,MAESTRO-IOS-PERSONAL-FUTURE_BUILDING-0379 | Goal Contribution | 6526.54,iPhone,B08,BASELINE_1_500,CREATED,idem-20260902-ios-0379
380,MTR-IOS-0380,Group,Shared Experience,Wedding,Travel,Expense,2025-10-30,03:30:59,2025-10-30 03:30:59,9606.29,INR,-9606.29,IOS Owner,3,EXACT,MAESTRO-IOS-GROUP-WEDDING-0380 | Travel | 9606.29,iPhone,B08,BASELINE_1_500,CREATED,idem-20260902-ios-0380
381,MTR-IOS-0381,Business,Business,Team Operations,Payroll,Expense,2026-01-07,08:01:53,2026-01-07 08:01:53,19541.06,INR,-19541.06,IOS Owner,,,MAESTRO-IOS-BUSINESS-TEAM_OPERATIONS-0381 | Payroll | 19541.06,iPhone,B08,BASELINE_1_500,CREATED,idem-20260902-ios-0381
382,MTR-IOS-0382,Personal,Personal,Lifestyle,Dining,Expense,2026-03-13,09:55:45,2026-03-13 09:55:45,3453.89,INR,-3453.89,IOS Owner,,,MAESTRO-IOS-PERSONAL-LIFESTYLE-0382 | Dining | 3453.89,iPhone,B08,BASELINE_1_500,CREATED,idem-20260902-ios-0382
383,MTR-IOS-0383,Group,Shared Experience,Wedding,Gifts,Expense,2026-03-17,02:19:08,2026-03-17 02:19:08,10181.97,INR,-10181.97,IOS Aarav,3,SHARES,MAESTRO-IOS-GROUP-WEDDING-0383 | Gifts | 10181.97,iPhone,B08,BASELINE_1_500,CREATED,idem-20260902-ios-0383
384,MTR-IOS-0384,Business,Business,Team Operations,Contractor,Expense,2026-01-29,22:22:41,2026-01-29 22:22:41,96904.12,INR,-96904.12,IOS Owner,,,MAESTRO-IOS-BUSINESS-TEAM_OPERATIONS-0384 | Contractor | 96904.12,iPhone,B08,BASELINE_1_500,CREATED,idem-20260902-ios-0384
385,MTR-IOS-0385,Personal,Personal,Lifestyle,Shopping,Expense,2025-12-13,07:12:48,2025-12-13 07:12:48,17007.58,INR,-17007.58,IOS Owner,,,MAESTRO-IOS-PERSONAL-LIFESTYLE-0385 | Shopping | 17007.58,iPhone,B08,BASELINE_1_500,CREATED,idem-20260902-ios-0385
386,MTR-IOS-0386,Group,Shared Experience,Wedding,Photography,Expense,2026-08-29,17:45:25,2026-08-29 17:45:25,8068.47,INR,-8068.47,IOS Meera,3,EQUAL,MAESTRO-IOS-GROUP-WEDDING-0386 | Photography | 8068.47,iPhone,B08,BASELINE_1_500,CREATED,idem-20260902-ios-0386
387,MTR-IOS-0387,Business,Business,Team Operations,Hiring,Expense,2026-07-29,21:46:30,2026-07-29 21:46:30,27486.35,INR,-27486.35,IOS Owner,,,MAESTRO-IOS-BUSINESS-TEAM_OPERATIONS-0387 | Hiring | 27486.35,iPhone,B08,BASELINE_1_500,CREATED,idem-20260902-ios-0387
388,MTR-IOS-0388,Personal,Personal,Lifestyle,Entertainment,Expense,2025-10-30,18:20:16,2025-10-30 18:20:16,4242.81,INR,-4242.81,IOS Owner,,,MAESTRO-IOS-PERSONAL-LIFESTYLE-0388 | Entertainment | 4242.81,iPhone,B08,BASELINE_1_500,CREATED,idem-20260902-ios-0388
389,MTR-IOS-0389,Group,Shared Experience,Wedding,Other,Expense,2026-05-14,10:34:16,2026-05-14 10:34:16,19014.31,INR,-19014.31,IOS Owner,3,PERCENTAGE,MAESTRO-IOS-GROUP-WEDDING-0389 | Other | 19014.31,iPhone,B08,BASELINE_1_500,CREATED,idem-20260902-ios-0389
390,MTR-IOS-0390,Business,Business,Team Operations,Team Meal,Expense,2026-05-06,18:27:39,2026-05-06 18:27:39,129614.6,INR,-129614.6,IOS Owner,,,MAESTRO-IOS-BUSINESS-TEAM_OPERATIONS-0390 | Team Meal | 129614.60,iPhone,B08,BASELINE_1_500,CREATED,idem-20260902-ios-0390
391,MTR-IOS-0391,Personal,Personal,Lifestyle,Travel,Expense,2025-09-11,02:17:18,2025-09-11 02:17:18,4579.13,INR,-4579.13,IOS Owner,,,MAESTRO-IOS-PERSONAL-LIFESTYLE-0391 | Travel | 4579.13,iPhone,B08,BASELINE_1_500,CREATED,idem-20260902-ios-0391
392,MTR-IOS-0392,Group,Shared Experience,Office Outing,Food,Expense,2026-05-07,20:09:25,2026-05-07 20:09:25,12577.48,INR,-12577.48,IOS Aarav,3,EXACT,MAESTRO-IOS-GROUP-OFFICE_OUTING-0392 | Food | 12577.48,iPhone,B08,BASELINE_1_500,CREATED,idem-20260902-ios-0392
393,MTR-IOS-0393,Business,Business,Team Operations,Travel,Expense,2026-06-01,19:52:27,2026-06-01 19:52:27,65826.23,INR,-65826.23,IOS Owner,,,MAESTRO-IOS-BUSINESS-TEAM_OPERATIONS-0393 | Travel | 65826.23,iPhone,B08,BASELINE_1_500,CREATED,idem-20260902-ios-0393
394,MTR-IOS-0394,Personal,Personal,Lifestyle,Fitness,Expense,2025-12-16,03:17:59,2025-12-16 03:17:59,7218.02,INR,-7218.02,IOS Owner,,,MAESTRO-IOS-PERSONAL-LIFESTYLE-0394 | Fitness | 7218.02,iPhone,B08,BASELINE_1_500,CREATED,idem-20260902-ios-0394
395,MTR-IOS-0395,Group,Shared Experience,Office Outing,Travel,Expense,2026-05-19,20:39:42,2026-05-19 20:39:42,25683.24,INR,-25683.24,IOS Meera,3,SHARES,MAESTRO-IOS-GROUP-OFFICE_OUTING-0395 | Travel | 25683.24,iPhone,B08,BASELINE_1_500,CREATED,idem-20260902-ios-0395
396,MTR-IOS-0396,Business,Business,Team Operations,Training,Expense,2025-11-27,05:49:41,2025-11-27 05:49:41,28188.88,INR,-28188.88,IOS Owner,,,MAESTRO-IOS-BUSINESS-TEAM_OPERATIONS-0396 | Training | 28188.88,iPhone,B08,BASELINE_1_500,CREATED,idem-20260902-ios-0396
397,MTR-IOS-0397,Personal,Personal,Lifestyle,Hobbies,Expense,2026-04-14,11:32:17,2026-04-14 11:32:17,9642.32,INR,-9642.32,IOS Owner,,,MAESTRO-IOS-PERSONAL-LIFESTYLE-0397 | Hobbies | 9642.32,iPhone,B08,BASELINE_1_500,CREATED,idem-20260902-ios-0397
398,MTR-IOS-0398,Group,Shared Experience,Office Outing,Activities,Expense,2026-02-26,02:12:15,2026-02-26 02:12:15,13413.27,INR,-13413.27,IOS Owner,3,EQUAL,MAESTRO-IOS-GROUP-OFFICE_OUTING-0398 | Activities | 13413.27,iPhone,B08,BASELINE_1_500,CREATED,idem-20260902-ios-0398
399,MTR-IOS-0399,Business,Business,Team Operations,Tools,Expense,2026-05-03,10:52:23,2026-05-03 10:52:23,94057.88,INR,-94057.88,IOS Owner,,,MAESTRO-IOS-BUSINESS-TEAM_OPERATIONS-0399 | Tools | 94057.88,iPhone,B08,BASELINE_1_500,CREATED,idem-20260902-ios-0399
400,MTR-IOS-0400,Personal,Personal,Relationships,Gifts,Expense,2026-03-01,16:20:28,2026-03-01 16:20:28,549.86,INR,-549.86,IOS Owner,,,MAESTRO-IOS-PERSONAL-RELATIONSHIPS-0400 | Gifts | 549.86,iPhone,B08,BASELINE_1_500,CREATED,idem-20260902-ios-0400
401,MTR-IOS-0401,Group,Shared Experience,Office Outing,Venue,Expense,2026-05-08,15:30:19,2026-05-08 15:30:19,21674.55,INR,-21674.55,IOS Aarav,3,PERCENTAGE,MAESTRO-IOS-GROUP-OFFICE_OUTING-0401 | Venue | 21674.55,iPhone,B09,BASELINE_1_500,CREATED,idem-20260902-ios-0401
402,MTR-IOS-0402,Business,Business,Business Runway,Funding,Income,2026-06-02,02:45:03,2026-06-02 02:45:03,53498.76,INR,53498.76,IOS Owner,,,MAESTRO-IOS-BUSINESS-BUSINESS_RUNWAY-0402 | Funding | 53498.76,iPhone,B09,BASELINE_1_500,CREATED,idem-20260902-ios-0402
403,MTR-IOS-0403,Personal,Personal,Relationships,Dates,Expense,2025-09-16,05:30:56,2025-09-16 05:30:56,11459.56,INR,-11459.56,IOS Owner,,,MAESTRO-IOS-PERSONAL-RELATIONSHIPS-0403 | Dates | 11459.56,iPhone,B09,BASELINE_1_500,CREATED,idem-20260902-ios-0403
404,MTR-IOS-0404,Group,Shared Experience,Office Outing,Other,Expense,2025-10-24,22:34:08,2025-10-24 22:34:08,11009.01,INR,-11009.01,IOS Meera,3,EXACT,MAESTRO-IOS-GROUP-OFFICE_OUTING-0404 | Other | 11009.01,iPhone,B09,BASELINE_1_500,CREATED,idem-20260902-ios-0404
405,MTR-IOS-0405,Business,Business,Business Runway,Revenue,Income,2026-03-30,20:58:04,2026-03-30 20:58:04,28028.26,INR,28028.26,IOS Owner,,,MAESTRO-IOS-BUSINESS-BUSINESS_RUNWAY-0405 | Revenue | 28028.26,iPhone,B09,BASELINE_1_500,CREATED,idem-20260902-ios-0405
406,MTR-IOS-0406,Personal,Personal,Relationships,Family,Expense,2025-12-10,09:43:17,2025-12-10 09:43:17,2477.84,INR,-2477.84,IOS Owner,,,MAESTRO-IOS-PERSONAL-RELATIONSHIPS-0406 | Family | 2477.84,iPhone,B09,BASELINE_1_500,CREATED,idem-20260902-ios-0406
407,MTR-IOS-0407,Group,Shared Experience,House Party,Food,Expense,2026-08-28,23:21:27,2026-08-28 23:21:27,10000.0,INR,-10000.0,IOS Owner,3,SHARES,MAESTRO-IOS-GROUP-HOUSE_PARTY-0407 | Food | 10000.00,iPhone,B09,BASELINE_1_500,CREATED,idem-20260902-ios-0407
408,MTR-IOS-0408,Business,Business,Business Runway,Burn,Expense,2026-04-04,14:29:37,2026-04-04 14:29:37,62466.94,INR,-62466.94,IOS Owner,,,MAESTRO-IOS-BUSINESS-BUSINESS_RUNWAY-0408 | Burn | 62466.94,iPhone,B09,BASELINE_1_500,CREATED,idem-20260902-ios-0408
409,MTR-IOS-0409,Personal,Personal,Relationships,Friends,Expense,2025-10-13,06:26:00,2025-10-13 06:26:00,10584.4,INR,-10584.4,IOS Owner,,,MAESTRO-IOS-PERSONAL-RELATIONSHIPS-0409 | Friends | 10584.40,iPhone,B09,BASELINE_1_500,CREATED,idem-20260902-ios-0409
410,MTR-IOS-0410,Group,Shared Experience,House Party,Drinks,Expense,2026-05-08,03:23:13,2026-05-08 03:23:13,5532.72,INR,-5532.72,IOS Aarav,3,EQUAL,MAESTRO-IOS-GROUP-HOUSE_PARTY-0410 | Drinks | 5532.72,iPhone,B09,BASELINE_1_500,CREATED,idem-20260902-ios-0410
411,MTR-IOS-0411,Business,Business,Business Runway,Reserve,Transfer,2026-03-13,02:46:24,2026-03-13 02:46:24,98278.75,INR,0.0,IOS Owner,,,MAESTRO-IOS-BUSINESS-BUSINESS_RUNWAY-0411 | Reserve | 98278.75,iPhone,B09,BASELINE_1_500,CREATED,idem-20260902-ios-0411
412,MTR-IOS-0412,Personal,Personal,Relationships,Celebrations,Expense,2025-12-15,14:30:01,2025-12-15 14:30:01,17706.72,INR,-17706.72,IOS Owner,,,MAESTRO-IOS-PERSONAL-RELATIONSHIPS-0412 | Celebrations | 17706.72,iPhone,B09,BASELINE_1_500,CREATED,idem-20260902-ios-0412
413,MTR-IOS-0413,Group,Shared Experience,House Party,Decor,Expense,2026-07-17,22:50:14,2026-07-17 22:50:14,19183.81,INR,-19183.81,IOS Meera,3,PERCENTAGE,MAESTRO-IOS-GROUP-HOUSE_PARTY-0413 | Decor | 19183.81,iPhone,B09,BASELINE_1_500,CREATED,idem-20260902-ios-0413
414,MTR-IOS-0414,Business,Business,Business Runway,Loan,Income,2026-02-12,08:19:40,2026-02-12 08:19:40,47240.01,INR,47240.01,IOS Owner,,,MAESTRO-IOS-BUSINESS-BUSINESS_RUNWAY-0414 | Loan | 47240.01,iPhone,B09,BASELINE_1_500,CREATED,idem-20260902-ios-0414
415,MTR-IOS-0415,Personal,Personal,Life Operations,Groceries,Expense,2025-11-30,02:06:06,2025-11-30 02:06:06,8213.56,INR,-8213.56,IOS Owner,,,MAESTRO-IOS-PERSONAL-LIFE_OPERATIONS-0415 | Groceries | 8213.56,iPhone,B09,BASELINE_1_500,CREATED,idem-20260902-ios-0415
416,MTR-IOS-0416,Group,Shared Experience,House Party,Supplies,Expense,2025-09-19,15:34:14,2025-09-19 15:34:14,9262.69,INR,-9262.69,IOS Owner,3,EXACT,MAESTRO-IOS-GROUP-HOUSE_PARTY-0416 | Supplies | 9262.69,iPhone,B09,BASELINE_1_500,CREATED,idem-20260902-ios-0416
417,MTR-IOS-0417,Business,Business,Business Runway,Investment,Income,2025-12-23,11:14:09,2025-12-23 11:14:09,51130.59,INR,51130.59,IOS Owner,,,MAESTRO-IOS-BUSINESS-BUSINESS_RUNWAY-0417 | Investment | 51130.59,iPhone,B09,BASELINE_1_500,CREATED,idem-20260902-ios-0417
418,MTR-IOS-0418,Personal,Personal,Life Operations,Rent,Expense,2026-04-13,07:16:37,2026-04-13 07:16:37,30.46,INR,-30.46,IOS Owner,,,MAESTRO-IOS-PERSONAL-LIFE_OPERATIONS-0418 | Rent | 30.46,iPhone,B09,BASELINE_1_500,CREATED,idem-20260902-ios-0418
419,MTR-IOS-0419,Group,Shared Experience,House Party,Other,Expense,2026-05-29,09:41:51,2026-05-29 09:41:51,14544.51,INR,-14544.51,IOS Aarav,3,SHARES,MAESTRO-IOS-GROUP-HOUSE_PARTY-0419 | Other | 14544.51,iPhone,B09,BASELINE_1_500,CREATED,idem-20260902-ios-0419
420,MTR-IOS-0420,Business,Business,Business Operations,Software,Expense,2025-11-16,23:20:20,2025-11-16 23:20:20,38092.97,INR,-38092.97,IOS Owner,,,MAESTRO-IOS-BUSINESS-BUSINESS_OPERATIONS-0420 | Software | 38092.97,iPhone,B09,BASELINE_1_500,CREATED,idem-20260902-ios-0420
421,MTR-IOS-0421,Personal,Personal,Life Operations,Bills,Expense,2026-05-29,03:07:33,2026-05-29 03:07:33,4609.13,INR,-4609.13,IOS Owner,,,MAESTRO-IOS-PERSONAL-LIFE_OPERATIONS-0421 | Bills | 4609.13,iPhone,B09,BASELINE_1_500,CREATED,idem-20260902-ios-0421
422,MTR-IOS-0422,Group,Shared Purchase,Gift Pool,Contribution,Contribution,2026-02-16,03:02:31,2026-02-16 03:02:31,24561.16,INR,24561.16,IOS Meera,3,EQUAL,MAESTRO-IOS-GROUP-GIFT_POOL-0422 | Contribution | 24561.16,iPhone,B09,BASELINE_1_500,CREATED,idem-20260902-ios-0422
423,MTR-IOS-0423,Business,Business,Business Operations,Rent,Expense,2025-12-26,00:16:46,2025-12-26 00:16:46,107947.76,INR,-107947.76,IOS Owner,,,MAESTRO-IOS-BUSINESS-BUSINESS_OPERATIONS-0423 | Rent | 107947.76,iPhone,B09,BASELINE_1_500,CREATED,idem-20260902-ios-0423
424,MTR-IOS-0424,Personal,Personal,Life Operations,Transport,Expense,2025-12-10,03:03:36,2025-12-10 03:03:36,5252.31,INR,-5252.31,IOS Owner,,,MAESTRO-IOS-PERSONAL-LIFE_OPERATIONS-0424 | Transport | 5252.31,iPhone,B09,BASELINE_1_500,CREATED,idem-20260902-ios-0424
425,MTR-IOS-0425,Group,Shared Purchase,Gift Pool,Gift Purchase,Expense,2025-12-07,13:39:52,2025-12-07 13:39:52,4434.72,INR,-4434.72,IOS Owner,3,PERCENTAGE,MAESTRO-IOS-GROUP-GIFT_POOL-0425 | Gift Purchase | 4434.72,iPhone,B09,BASELINE_1_500,CREATED,idem-20260902-ios-0425
426,MTR-IOS-0426,Business,Business,Business Operations,Marketing,Expense,2025-11-28,07:25:29,2025-11-28 07:25:29,17986.18,INR,-17986.18,IOS Owner,,,MAESTRO-IOS-BUSINESS-BUSINESS_OPERATIONS-0426 | Marketing | 17986.18,iPhone,B09,BASELINE_1_500,CREATED,idem-20260902-ios-0426
427,MTR-IOS-0427,Personal,Personal,Life Operations,Healthcare,Expense,2026-02-03,10:45:19,2026-02-03 10:45:19,11337.61,INR,-11337.61,IOS Owner,,,MAESTRO-IOS-PERSONAL-LIFE_OPERATIONS-0427 | Healthcare | 11337.61,iPhone,B09,BASELINE_1_500,CREATED,idem-20260902-ios-0427
428,MTR-IOS-0428,Group,Shared Purchase,Gift Pool,Delivery,Expense,2025-11-14,06:30:52,2025-11-14 06:30:52,17199.11,INR,-17199.11,IOS Aarav,3,EXACT,MAESTRO-IOS-GROUP-GIFT_POOL-0428 | Delivery | 17199.11,iPhone,B09,BASELINE_1_500,CREATED,idem-20260902-ios-0428
429,MTR-IOS-0429,Business,Business,Business Operations,Legal,Expense,2025-11-23,09:10:10,2025-11-23 09:10:10,56929.33,INR,-56929.33,IOS Owner,,,MAESTRO-IOS-BUSINESS-BUSINESS_OPERATIONS-0429 | Legal | 56929.33,iPhone,B09,BASELINE_1_500,CREATED,idem-20260902-ios-0429
430,MTR-IOS-0430,Personal,Personal,Life Operations,Subscriptions,Expense,2026-04-07,05:05:29,2026-04-07 05:05:29,10010.82,INR,-10010.82,IOS Owner,,,MAESTRO-IOS-PERSONAL-LIFE_OPERATIONS-0430 | Subscriptions | 10010.82,iPhone,B09,BASELINE_1_500,CREATED,idem-20260902-ios-0430
431,MTR-IOS-0431,Group,Shared Purchase,Gift Pool,Other,Expense,2026-05-02,17:55:08,2026-05-02 17:55:08,8805.56,INR,-8805.56,IOS Meera,3,SHARES,MAESTRO-IOS-GROUP-GIFT_POOL-0431 | Other | 8805.56,iPhone,B09,BASELINE_1_500,CREATED,idem-20260902-ios-0431
432,MTR-IOS-0432,Business,Business,Business Operations,Accounting,Expense,2026-08-20,21:54:04,2026-08-20 21:54:04,113276.5,INR,-113276.5,IOS Owner,,,MAESTRO-IOS-BUSINESS-BUSINESS_OPERATIONS-0432 | Accounting | 113276.50,iPhone,B09,BASELINE_1_500,CREATED,idem-20260902-ios-0432
433,MTR-IOS-0433,Personal,Personal,Life Operations,Repairs,Expense,2026-07-31,21:26:25,2026-07-31 21:26:25,9929.88,INR,-9929.88,IOS Owner,,,MAESTRO-IOS-PERSONAL-LIFE_OPERATIONS-0433 | Repairs | 9929.88,iPhone,B09,BASELINE_1_500,CREATED,idem-20260902-ios-0433
434,MTR-IOS-0434,Group,Shared Purchase,Purchase,Item,Expense,2026-06-09,04:20:10,2026-06-09 04:20:10,20412.85,INR,-20412.85,IOS Owner,3,EQUAL,MAESTRO-IOS-GROUP-PURCHASE-0434 | Item | 20412.85,iPhone,B09,BASELINE_1_500,CREATED,idem-20260902-ios-0434
435,MTR-IOS-0435,Business,Business,Business Operations,Equipment,Expense,2026-03-12,07:50:22,2026-03-12 07:50:22,46800.73,INR,-46800.73,IOS Owner,,,MAESTRO-IOS-BUSINESS-BUSINESS_OPERATIONS-0435 | Equipment | 46800.73,iPhone,B09,BASELINE_1_500,CREATED,idem-20260902-ios-0435
436,MTR-IOS-0436,Personal,Personal,Future Building,Savings,Transfer,2026-04-11,08:21:57,2026-04-11 08:21:57,1368.64,INR,0.0,IOS Owner,,,MAESTRO-IOS-PERSONAL-FUTURE_BUILDING-0436 | Savings | 1368.64,iPhone,B09,BASELINE_1_500,CREATED,idem-20260902-ios-0436
437,MTR-IOS-0437,Group,Shared Purchase,Purchase,Shipping,Expense,2026-03-30,13:35:07,2026-03-30 13:35:07,13270.79,INR,-13270.79,IOS Aarav,3,PERCENTAGE,MAESTRO-IOS-GROUP-PURCHASE-0437 | Shipping | 13270.79,iPhone,B09,BASELINE_1_500,CREATED,idem-20260902-ios-0437
438,MTR-IOS-0438,Business,Business,Business Operations,Vendor,Expense,2025-09-15,05:38:02,2025-09-15 05:38:02,135659.13,INR,-135659.13,IOS Owner,,,MAESTRO-IOS-BUSINESS-BUSINESS_OPERATIONS-0438 | Vendor | 135659.13,iPhone,B09,BASELINE_1_500,CREATED,idem-20260902-ios-0438
439,MTR-IOS-0439,Personal,Personal,Future Building,Emergency Fund,Transfer,2025-11-14,17:45:00,2025-11-14 17:45:00,10707.72,INR,0.0,IOS Owner,,,MAESTRO-IOS-PERSONAL-FUTURE_BUILDING-0439 | Emergency Fund | 10707.72,iPhone,B09,BASELINE_1_500,CREATED,idem-20260902-ios-0439
440,MTR-IOS-0440,Group,Shared Purchase,Purchase,Tax,Expense,2026-06-27,21:43:56,2026-06-27 21:43:56,4529.41,INR,-4529.41,IOS Meera,3,EXACT,MAESTRO-IOS-GROUP-PURCHASE-0440 | Tax | 4529.41,iPhone,B09,BASELINE_1_500,CREATED,idem-20260902-ios-0440
441,MTR-IOS-0441,Business,Business,Business Operations,Tax,Expense,2026-04-27,00:28:12,2026-04-27 00:28:12,125690.78,INR,-125690.78,IOS Owner,,,MAESTRO-IOS-BUSINESS-BUSINESS_OPERATIONS-0441 | Tax | 125690.78,iPhone,B09,BASELINE_1_500,CREATED,idem-20260902-ios-0441
442,MTR-IOS-0442,Personal,Personal,Future Building,Investments,Investment,2026-02-24,01:29:21,2026-02-24 01:29:21,8713.62,INR,0.0,IOS Owner,,,MAESTRO-IOS-PERSONAL-FUTURE_BUILDING-0442 | Investments | 8713.62,iPhone,B09,BASELINE_1_500,CREATED,idem-20260902-ios-0442
443,MTR-IOS-0443,Group,Shared Purchase,Purchase,Other,Expense,2025-12-31,00:27:27,2025-12-31 00:27:27,4612.25,INR,-4612.25,IOS Owner,3,SHARES,MAESTRO-IOS-GROUP-PURCHASE-0443 | Other | 4612.25,iPhone,B09,BASELINE_1_500,CREATED,idem-20260902-ios-0443
444,MTR-IOS-0444,Business,Business,Team Operations,Payroll,Expense,2025-12-21,09:25:24,2025-12-21 09:25:24,0.01,INR,-0.01,IOS Owner,,,MAESTRO-IOS-BUSINESS-TEAM_OPERATIONS-0444 | Payroll | 0.01,iPhone,B09,BASELINE_1_500,CREATED,idem-20260902-ios-0444
445,MTR-IOS-0445,Personal,Personal,Future Building,Education,Expense,2025-11-07,13:04:10,2025-11-07 13:04:10,7262.84,INR,-7262.84,IOS Owner,,,MAESTRO-IOS-PERSONAL-FUTURE_BUILDING-0445 | Education | 7262.84,iPhone,B09,BASELINE_1_500,CREATED,idem-20260902-ios-0445
446,MTR-IOS-0446,Group,Shared Purchase,Assets,Purchase,Expense,2026-03-19,11:38:21,2026-03-19 11:38:21,10059.0,INR,-10059.0,IOS Aarav,3,EQUAL,MAESTRO-IOS-GROUP-ASSETS-0446 | Purchase | 10059.00,iPhone,B09,BASELINE_1_500,CREATED,idem-20260902-ios-0446
447,MTR-IOS-0447,Business,Business,Team Operations,Contractor,Expense,2026-07-14,09:04:52,2026-07-14 09:04:52,92859.62,INR,-92859.62,IOS Owner,,,MAESTRO-IOS-BUSINESS-TEAM_OPERATIONS-0447 | Contractor | 92859.62,iPhone,B09,BASELINE_1_500,CREATED,idem-20260902-ios-0447
448,MTR-IOS-0448,Personal,Personal,Future Building,Goal Contribution,Transfer,2025-09-12,02:18:06,2025-09-12 02:18:06,7555.12,INR,0.0,IOS Owner,,,MAESTRO-IOS-PERSONAL-FUTURE_BUILDING-0448 | Goal Contribution | 7555.12,iPhone,B09,BASELINE_1_500,CREATED,idem-20260902-ios-0448
449,MTR-IOS-0449,Group,Shared Purchase,Assets,Maintenance,Expense,2025-11-29,04:34:23,2025-11-29 04:34:23,922.4,INR,-922.4,IOS Meera,3,PERCENTAGE,MAESTRO-IOS-GROUP-ASSETS-0449 | Maintenance | 922.40,iPhone,B09,BASELINE_1_500,CREATED,idem-20260902-ios-0449
450,MTR-IOS-0450,Business,Business,Team Operations,Hiring,Expense,2026-01-07,22:09:11,2026-01-07 22:09:11,37950.44,INR,-37950.44,IOS Owner,,,MAESTRO-IOS-BUSINESS-TEAM_OPERATIONS-0450 | Hiring | 37950.44,iPhone,B09,BASELINE_1_500,CREATED,idem-20260902-ios-0450
451,MTR-IOS-0451,Personal,Personal,Lifestyle,Dining,Expense,2026-07-03,05:59:34,2026-07-03 05:59:34,14994.41,INR,-14994.41,IOS Owner,,,MAESTRO-IOS-PERSONAL-LIFESTYLE-0451 | Dining | 14994.41,iPhone,B10,BASELINE_1_500,CREATED,idem-20260902-ios-0451
452,MTR-IOS-0452,Group,Shared Purchase,Assets,Repair,Expense,2026-03-29,21:01:03,2026-03-29 21:01:03,21974.48,INR,-21974.48,IOS Owner,3,EXACT,MAESTRO-IOS-GROUP-ASSETS-0452 | Repair | 21974.48,iPhone,B10,BASELINE_1_500,CREATED,idem-20260902-ios-0452
453,MTR-IOS-0453,Business,Business,Team Operations,Team Meal,Expense,2026-06-17,19:30:36,2026-06-17 19:30:36,46032.29,INR,-46032.29,IOS Owner,,,MAESTRO-IOS-BUSINESS-TEAM_OPERATIONS-0453 | Team Meal | 46032.29,iPhone,B10,BASELINE_1_500,CREATED,idem-20260902-ios-0453
454,MTR-IOS-0454,Personal,Personal,Lifestyle,Shopping,Expense,2026-05-30,20:53:47,2026-05-30 20:53:47,17448.33,INR,-17448.33,IOS Owner,,,MAESTRO-IOS-PERSONAL-LIFESTYLE-0454 | Shopping | 17448.33,iPhone,B10,BASELINE_1_500,CREATED,idem-20260902-ios-0454
455,MTR-IOS-0455,Group,Shared Purchase,Assets,Insurance,Expense,2025-11-26,12:12:40,2025-11-26 12:12:40,21419.35,INR,-21419.35,IOS Aarav,3,SHARES,MAESTRO-IOS-GROUP-ASSETS-0455 | Insurance | 21419.35,iPhone,B10,BASELINE_1_500,CREATED,idem-20260902-ios-0455
456,MTR-IOS-0456,Business,Business,Team Operations,Travel,Expense,2026-04-01,22:12:13,2026-04-01 22:12:13,100656.7,INR,-100656.7,IOS Owner,,,MAESTRO-IOS-BUSINESS-TEAM_OPERATIONS-0456 | Travel | 100656.70,iPhone,B10,BASELINE_1_500,CREATED,idem-20260902-ios-0456
457,MTR-IOS-0457,Personal,Personal,Lifestyle,Entertainment,Expense,2026-07-25,01:05:22,2026-07-25 01:05:22,3389.91,INR,-3389.91,IOS Owner,,,MAESTRO-IOS-PERSONAL-LIFESTYLE-0457 | Entertainment | 3389.91,iPhone,B10,BASELINE_1_500,CREATED,idem-20260902-ios-0457
458,MTR-IOS-0458,Group,Shared Purchase,Assets,Other,Expense,2025-09-06,00:18:13,2025-09-06 00:18:13,26005.71,INR,-26005.71,IOS Meera,3,EQUAL,MAESTRO-IOS-GROUP-ASSETS-0458 | Other | 26005.71,iPhone,B10,BASELINE_1_500,CREATED,idem-20260902-ios-0458
459,MTR-IOS-0459,Business,Business,Team Operations,Training,Expense,2026-01-14,03:43:54,2026-01-14 03:43:54,40006.81,INR,-40006.81,IOS Owner,,,MAESTRO-IOS-BUSINESS-TEAM_OPERATIONS-0459 | Training | 40006.81,iPhone,B10,BASELINE_1_500,CREATED,idem-20260902-ios-0459
460,MTR-IOS-0460,Personal,Personal,Lifestyle,Travel,Expense,2025-10-05,06:04:39,2025-10-05 06:04:39,2116.46,INR,-2116.46,IOS Owner,,,MAESTRO-IOS-PERSONAL-LIFESTYLE-0460 | Travel | 2116.46,iPhone,B10,BASELINE_1_500,CREATED,idem-20260902-ios-0460
461,MTR-IOS-0461,Group,Shared Purchase,Custom Purchase,Custom Expense,Expense,2026-06-25,17:45:29,2026-06-25 17:45:29,21413.66,INR,-21413.66,IOS Owner,3,PERCENTAGE,MAESTRO-IOS-GROUP-CUSTOM_PURCHASE-0461 | Custom Expense | 21413.66,iPhone,B10,BASELINE_1_500,CREATED,idem-20260902-ios-0461
462,MTR-IOS-0462,Business,Business,Team Operations,Tools,Expense,2025-12-01,13:29:48,2025-12-01 13:29:48,61434.11,INR,-61434.11,IOS Owner,,,MAESTRO-IOS-BUSINESS-TEAM_OPERATIONS-0462 | Tools | 61434.11,iPhone,B10,BASELINE_1_500,CREATED,idem-20260902-ios-0462
463,MTR-IOS-0463,Personal,Personal,Lifestyle,Fitness,Expense,2025-12-15,02:57:36,2025-12-15 02:57:36,3379.73,INR,-3379.73,IOS Owner,,,MAESTRO-IOS-PERSONAL-LIFESTYLE-0463 | Fitness | 3379.73,iPhone,B10,BASELINE_1_500,CREATED,idem-20260902-ios-0463
464,MTR-IOS-0464,Group,Shared Purchase,Custom Purchase,Custom Contribution,Contribution,2026-08-30,19:49:04,2026-08-30 19:49:04,3789.99,INR,3789.99,IOS Aarav,3,EXACT,MAESTRO-IOS-GROUP-CUSTOM_PURCHASE-0464 | Custom Contribution | 3789.99,iPhone,B10,BASELINE_1_500,CREATED,idem-20260902-ios-0464
465,MTR-IOS-0465,Business,Business,Business Runway,Funding,Income,2026-04-07,17:20:23,2026-04-07 17:20:23,160164.33,INR,160164.33,IOS Owner,,,MAESTRO-IOS-BUSINESS-BUSINESS_RUNWAY-0465 | Funding | 160164.33,iPhone,B10,BASELINE_1_500,CREATED,idem-20260902-ios-0465
466,MTR-IOS-0466,Personal,Personal,Lifestyle,Hobbies,Expense,2025-10-02,23:49:47,2025-10-02 23:49:47,17330.9,INR,-17330.9,IOS Owner,,,MAESTRO-IOS-PERSONAL-LIFESTYLE-0466 | Hobbies | 17330.90,iPhone,B10,BASELINE_1_500,CREATED,idem-20260902-ios-0466
467,MTR-IOS-0467,Group,Shared Living,Flatmates,Rent,Expense,2026-03-12,14:55:54,2026-03-12 14:55:54,7817.0,INR,-7817.0,IOS Meera,3,SHARES,MAESTRO-IOS-GROUP-FLATMATES-0467 | Rent | 7817.00,iPhone,B10,BASELINE_1_500,CREATED,idem-20260902-ios-0467
468,MTR-IOS-0468,Business,Business,Business Runway,Revenue,Income,2026-07-24,15:50:31,2026-07-24 15:50:31,116049.11,INR,116049.11,IOS Owner,,,MAESTRO-IOS-BUSINESS-BUSINESS_RUNWAY-0468 | Revenue | 116049.11,iPhone,B10,BASELINE_1_500,CREATED,idem-20260902-ios-0468
469,MTR-IOS-0469,Personal,Personal,Relationships,Gifts,Expense,2026-06-17,02:58:27,2026-06-17 02:58:27,10765.2,INR,-10765.2,IOS Owner,,,MAESTRO-IOS-PERSONAL-RELATIONSHIPS-0469 | Gifts | 10765.20,iPhone,B10,BASELINE_1_500,CREATED,idem-20260902-ios-0469
470,MTR-IOS-0470,Group,Shared Living,Flatmates,Utilities,Expense,2026-04-04,13:06:15,2026-04-04 13:06:15,2360.02,INR,-2360.02,IOS Owner,3,EQUAL,MAESTRO-IOS-GROUP-FLATMATES-0470 | Utilities | 2360.02,iPhone,B10,BASELINE_1_500,CREATED,idem-20260902-ios-0470
471,MTR-IOS-0471,Business,Business,Business Runway,Burn,Expense,2026-05-27,10:12:58,2026-05-27 10:12:58,147990.25,INR,-147990.25,IOS Owner,,,MAESTRO-IOS-BUSINESS-BUSINESS_RUNWAY-0471 | Burn | 147990.25,iPhone,B10,BASELINE_1_500,CREATED,idem-20260902-ios-0471
472,MTR-IOS-0472,Personal,Personal,Relationships,Dates,Expense,2026-07-14,22:37:57,2026-07-14 22:37:57,2079.39,INR,-2079.39,IOS Owner,,,MAESTRO-IOS-PERSONAL-RELATIONSHIPS-0472 | Dates | 2079.39,iPhone,B10,BASELINE_1_500,CREATED,idem-20260902-ios-0472
473,MTR-IOS-0473,Group,Shared Living,Flatmates,Groceries,Expense,2026-06-01,03:02:10,2026-06-01 03:02:10,14536.73,INR,-14536.73,IOS Aarav,3,PERCENTAGE,MAESTRO-IOS-GROUP-FLATMATES-0473 | Groceries | 14536.73,iPhone,B10,BASELINE_1_500,CREATED,idem-20260902-ios-0473
474,MTR-IOS-0474,Business,Business,Business Runway,Reserve,Transfer,2026-04-09,13:26:44,2026-04-09 13:26:44,104544.56,INR,0.0,IOS Owner,,,MAESTRO-IOS-BUSINESS-BUSINESS_RUNWAY-0474 | Reserve | 104544.56,iPhone,B10,BASELINE_1_500,CREATED,idem-20260902-ios-0474
475,MTR-IOS-0475,Personal,Personal,Relationships,Family,Expense,2025-09-25,00:46:37,2025-09-25 00:46:37,4389.55,INR,-4389.55,IOS Owner,,,MAESTRO-IOS-PERSONAL-RELATIONSHIPS-0475 | Family | 4389.55,iPhone,B10,BASELINE_1_500,CREATED,idem-20260902-ios-0475
476,MTR-IOS-0476,Group,Shared Living,Flatmates,Internet,Expense,2026-07-08,16:45:36,2026-07-08 16:45:36,6715.64,INR,-6715.64,IOS Meera,3,EXACT,MAESTRO-IOS-GROUP-FLATMATES-0476 | Internet | 6715.64,iPhone,B10,BASELINE_1_500,CREATED,idem-20260902-ios-0476
477,MTR-IOS-0477,Business,Business,Business Runway,Loan,Income,2025-11-08,05:44:58,2025-11-08 05:44:58,37323.2,INR,37323.2,IOS Owner,,,MAESTRO-IOS-BUSINESS-BUSINESS_RUNWAY-0477 | Loan | 37323.20,iPhone,B10,BASELINE_1_500,CREATED,idem-20260902-ios-0477
478,MTR-IOS-0478,Personal,Personal,Relationships,Friends,Expense,2026-03-21,16:36:03,2026-03-21 16:36:03,3430.69,INR,-3430.69,IOS Owner,,,MAESTRO-IOS-PERSONAL-RELATIONSHIPS-0478 | Friends | 3430.69,iPhone,B10,BASELINE_1_500,CREATED,idem-20260902-ios-0478
479,MTR-IOS-0479,Group,Shared Living,Flatmates,House Supplies,Expense,2026-01-09,05:57:16,2026-01-09 05:57:16,10908.23,INR,-10908.23,IOS Owner,3,SHARES,MAESTRO-IOS-GROUP-FLATMATES-0479 | House Supplies | 10908.23,iPhone,B10,BASELINE_1_500,CREATED,idem-20260902-ios-0479
480,MTR-IOS-0480,Business,Business,Business Runway,Investment,Income,2026-07-17,14:52:46,2026-07-17 14:52:46,2009.12,INR,2009.12,IOS Owner,,,MAESTRO-IOS-BUSINESS-BUSINESS_RUNWAY-0480 | Investment | 2009.12,iPhone,B10,BASELINE_1_500,CREATED,idem-20260902-ios-0480
481,MTR-IOS-0481,Personal,Personal,Relationships,Celebrations,Expense,2025-09-05,09:23:41,2025-09-05 09:23:41,1.0,INR,-1.0,IOS Owner,,,MAESTRO-IOS-PERSONAL-RELATIONSHIPS-0481 | Celebrations | 1.00,iPhone,B10,BASELINE_1_500,CREATED,idem-20260902-ios-0481
482,MTR-IOS-0482,Group,Shared Living,Flatmates,Repairs,Expense,2026-04-08,18:16:19,2026-04-08 18:16:19,20617.72,INR,-20617.72,IOS Aarav,3,EQUAL,MAESTRO-IOS-GROUP-FLATMATES-0482 | Repairs | 20617.72,iPhone,B10,BASELINE_1_500,CREATED,idem-20260902-ios-0482
483,MTR-IOS-0483,Business,Business,Business Operations,Software,Expense,2025-09-15,22:19:04,2025-09-15 22:19:04,152674.27,INR,-152674.27,IOS Owner,,,MAESTRO-IOS-BUSINESS-BUSINESS_OPERATIONS-0483 | Software | 152674.27,iPhone,B10,BASELINE_1_500,CREATED,idem-20260902-ios-0483
484,MTR-IOS-0484,Personal,Personal,Life Operations,Groceries,Expense,2026-06-11,18:28:50,2026-06-11 18:28:50,9335.51,INR,-9335.51,IOS Owner,,,MAESTRO-IOS-PERSONAL-LIFE_OPERATIONS-0484 | Groceries | 9335.51,iPhone,B10,BASELINE_1_500,CREATED,idem-20260902-ios-0484
485,MTR-IOS-0485,Group,Shared Living,Shared Living,Rent,Expense,2026-08-08,12:00:00,2026-08-08 12:00:00,21822.95,INR,-21822.95,IOS Meera,3,PERCENTAGE,MAESTRO-IOS-GROUP-SHARED_LIVING-0485 | Rent | 21822.95,iPhone,B10,BASELINE_1_500,CREATED,idem-20260902-ios-0485
486,MTR-IOS-0486,Business,Business,Business Operations,Rent,Expense,2026-04-01,07:35:50,2026-04-01 07:35:50,127892.09,INR,-127892.09,IOS Owner,,,MAESTRO-IOS-BUSINESS-BUSINESS_OPERATIONS-0486 | Rent | 127892.09,iPhone,B10,BASELINE_1_500,CREATED,idem-20260902-ios-0486
487,MTR-IOS-0487,Personal,Personal,Life Operations,Rent,Expense,2025-11-09,09:15:56,2025-11-09 09:15:56,1946.89,INR,-1946.89,IOS Owner,,,MAESTRO-IOS-PERSONAL-LIFE_OPERATIONS-0487 | Rent | 1946.89,iPhone,B10,BASELINE_1_500,CREATED,idem-20260902-ios-0487
488,MTR-IOS-0488,Group,Shared Living,Shared Living,Utilities,Expense,2026-01-03,08:53:44,2026-01-03 08:53:44,5684.17,INR,-5684.17,IOS Owner,3,EXACT,MAESTRO-IOS-GROUP-SHARED_LIVING-0488 | Utilities | 5684.17,iPhone,B10,BASELINE_1_500,CREATED,idem-20260902-ios-0488
489,MTR-IOS-0489,Business,Business,Business Operations,Marketing,Expense,2026-03-06,15:40:23,2026-03-06 15:40:23,95540.04,INR,-95540.04,IOS Owner,,,MAESTRO-IOS-BUSINESS-BUSINESS_OPERATIONS-0489 | Marketing | 95540.04,iPhone,B10,BASELINE_1_500,CREATED,idem-20260902-ios-0489
490,MTR-IOS-0490,Personal,Personal,Life Operations,Bills,Expense,2026-06-09,21:14:40,2026-06-09 21:14:40,11090.5,INR,-11090.5,IOS Owner,,,MAESTRO-IOS-PERSONAL-LIFE_OPERATIONS-0490 | Bills | 11090.50,iPhone,B10,BASELINE_1_500,CREATED,idem-20260902-ios-0490
491,MTR-IOS-0491,Group,Shared Living,Shared Living,Groceries,Expense,2025-11-12,23:41:25,2025-11-12 23:41:25,17985.42,INR,-17985.42,IOS Aarav,3,SHARES,MAESTRO-IOS-GROUP-SHARED_LIVING-0491 | Groceries | 17985.42,iPhone,B10,BASELINE_1_500,CREATED,idem-20260902-ios-0491
492,MTR-IOS-0492,Business,Business,Business Operations,Legal,Expense,2026-01-30,15:22:10,2026-01-30 15:22:10,144921.79,INR,-144921.79,IOS Owner,,,MAESTRO-IOS-BUSINESS-BUSINESS_OPERATIONS-0492 | Legal | 144921.79,iPhone,B10,BASELINE_1_500,CREATED,idem-20260902-ios-0492
493,MTR-IOS-0493,Personal,Personal,Life Operations,Transport,Expense,2025-11-22,07:28:40,2025-11-22 07:28:40,5940.29,INR,-5940.29,IOS Owner,,,MAESTRO-IOS-PERSONAL-LIFE_OPERATIONS-0493 | Transport | 5940.29,iPhone,B10,BASELINE_1_500,CREATED,idem-20260902-ios-0493
494,MTR-IOS-0494,Group,Shared Living,Shared Living,Maintenance,Expense,2026-04-11,16:58:21,2026-04-11 16:58:21,10322.21,INR,-10322.21,IOS Meera,3,EQUAL,MAESTRO-IOS-GROUP-SHARED_LIVING-0494 | Maintenance | 10322.21,iPhone,B10,BASELINE_1_500,CREATED,idem-20260902-ios-0494
495,MTR-IOS-0495,Business,Business,Business Operations,Accounting,Expense,2025-09-12,15:27:48,2025-09-12 15:27:48,104100.75,INR,-104100.75,IOS Owner,,,MAESTRO-IOS-BUSINESS-BUSINESS_OPERATIONS-0495 | Accounting | 104100.75,iPhone,B10,BASELINE_1_500,CREATED,idem-20260902-ios-0495
496,MTR-IOS-0496,Personal,Personal,Life Operations,Healthcare,Expense,2026-05-22,07:49:42,2026-05-22 07:49:42,2920.77,INR,-2920.77,IOS Owner,,,MAESTRO-IOS-PERSONAL-LIFE_OPERATIONS-0496 | Healthcare | 2920.77,iPhone,B10,BASELINE_1_500,CREATED,idem-20260902-ios-0496
497,MTR-IOS-0497,Group,Shared Living,Shared Living,Other,Expense,2025-12-11,17:37:15,2025-12-11 17:37:15,24598.59,INR,-24598.59,IOS Owner,3,PERCENTAGE,MAESTRO-IOS-GROUP-SHARED_LIVING-0497 | Other | 24598.59,iPhone,B10,BASELINE_1_500,CREATED,idem-20260902-ios-0497
498,MTR-IOS-0498,Business,Business,Business Operations,Equipment,Expense,2025-09-24,18:54:22,2025-09-24 18:54:22,88583.41,INR,-88583.41,IOS Owner,,,MAESTRO-IOS-BUSINESS-BUSINESS_OPERATIONS-0498 | Equipment | 88583.41,iPhone,B10,BASELINE_1_500,CREATED,idem-20260902-ios-0498
499,MTR-IOS-0499,Personal,Personal,Life Operations,Subscriptions,Expense,2025-11-17,04:54:45,2025-11-17 04:54:45,7948.26,INR,-7948.26,IOS Owner,,,MAESTRO-IOS-PERSONAL-LIFE_OPERATIONS-0499 | Subscriptions | 7948.26,iPhone,B10,BASELINE_1_500,CREATED,idem-20260902-ios-0499
500,MTR-IOS-0500,Group,Shared Living,Family Household,Utilities,Expense,2025-11-06,13:04:23,2025-11-06 13:04:23,6277.82,INR,-6277.82,IOS Aarav,3,EXACT,MAESTRO-IOS-GROUP-FAMILY_HOUSEHOLD-0500 | Utilities | 6277.82,iPhone,B10,BASELINE_1_500,CREATED,idem-20260902-ios-0500
501,MTR-IOS-0501,Business,Business,Business Operations,Vendor,Expense,2025-10-19,20:52:44,2025-10-19 20:52:44,149924.95,INR,-149924.95,IOS Owner,,,MAESTRO-IOS-BUSINESS-BUSINESS_OPERATIONS-0501 | Vendor | 149924.95,iPhone,B11,RAMP_501_1500,CREATED,idem-20260902-ios-0501
502,MTR-IOS-0502,Personal,Personal,Life Operations,Repairs,Expense,2026-06-12,11:37:10,2026-06-12 11:37:10,11762.54,INR,-11762.54,IOS Owner,,,MAESTRO-IOS-PERSONAL-LIFE_OPERATIONS-0502 | Repairs | 11762.54,iPhone,B11,RAMP_501_1500,CREATED,idem-20260902-ios-0502
503,MTR-IOS-0503,Group,Shared Living,Family Household,Healthcare,Expense,2026-03-23,01:27:27,2026-03-23 01:27:27,23613.28,INR,-23613.28,IOS Meera,3,SHARES,MAESTRO-IOS-GROUP-FAMILY_HOUSEHOLD-0503 | Healthcare | 23613.28,iPhone,B11,RAMP_501_1500,CREATED,idem-20260902-ios-0503
504,MTR-IOS-0504,Business,Business,Business Operations,Tax,Expense,2025-09-12,05:22:35,2025-09-12 05:22:35,16856.11,INR,-16856.11,IOS Owner,,,MAESTRO-IOS-BUSINESS-BUSINESS_OPERATIONS-0504 | Tax | 16856.11,iPhone,B11,RAMP_501_1500,CREATED,idem-20260902-ios-0504
505,MTR-IOS-0505,Personal,Personal,Future Building,Savings,Transfer,2025-12-11,10:28:12,2025-12-11 10:28:12,11123.78,INR,0.0,IOS Owner,,,MAESTRO-IOS-PERSONAL-FUTURE_BUILDING-0505 | Savings | 11123.78,iPhone,B11,RAMP_501_1500,CREATED,idem-20260902-ios-0505
506,MTR-IOS-0506,Group,Shared Living,Family Household,School,Expense,2026-07-25,09:59:57,2026-07-25 09:59:57,1216.54,INR,-1216.54,IOS Owner,3,EQUAL,MAESTRO-IOS-GROUP-FAMILY_HOUSEHOLD-0506 | School | 1216.54,iPhone,B11,RAMP_501_1500,CREATED,idem-20260902-ios-0506
507,MTR-IOS-0507,Business,Business,Team Operations,Payroll,Expense,2026-07-07,02:42:22,2026-07-07 02:42:22,38876.26,INR,-38876.26,IOS Owner,,,MAESTRO-IOS-BUSINESS-TEAM_OPERATIONS-0507 | Payroll | 38876.26,iPhone,B11,RAMP_501_1500,CREATED,idem-20260902-ios-0507
508,MTR-IOS-0508,Personal,Personal,Future Building,Emergency Fund,Transfer,2025-12-09,08:15:30,2025-12-09 08:15:30,4665.94,INR,0.0,IOS Owner,,,MAESTRO-IOS-PERSONAL-FUTURE_BUILDING-0508 | Emergency Fund | 4665.94,iPhone,B11,RAMP_501_1500,CREATED,idem-20260902-ios-0508
509,MTR-IOS-0509,Group,Shared Living,Family Household,Other,Expense,2026-04-08,01:19:16,2026-04-08 01:19:16,5220.62,INR,-5220.62,IOS Aarav,3,PERCENTAGE,MAESTRO-IOS-GROUP-FAMILY_HOUSEHOLD-0509 | Other | 5220.62,iPhone,B11,RAMP_501_1500,CREATED,idem-20260902-ios-0509
510,MTR-IOS-0510,Business,Business,Team Operations,Contractor,Expense,2026-07-21,19:07:41,2026-07-21 19:07:41,104981.7,INR,-104981.7,IOS Owner,,,MAESTRO-IOS-BUSINESS-TEAM_OPERATIONS-0510 | Contractor | 104981.70,iPhone,B11,RAMP_501_1500,CREATED,idem-20260902-ios-0510
511,MTR-IOS-0511,Personal,Personal,Future Building,Investments,Investment,2025-10-30,01:45:00,2025-10-30 01:45:00,2402.74,INR,0.0,IOS Owner,,,MAESTRO-IOS-PERSONAL-FUTURE_BUILDING-0511 | Investments | 2402.74,iPhone,B11,RAMP_501_1500,CREATED,idem-20260902-ios-0511
512,MTR-IOS-0512,Group,Shared Living,Family Household,Rent,Expense,2025-09-22,01:28:35,2025-09-22 01:28:35,951.35,INR,-951.35,IOS Meera,3,EXACT,MAESTRO-IOS-GROUP-FAMILY_HOUSEHOLD-0512 | Rent | 951.35,iPhone,B11,RAMP_501_1500,CREATED,idem-20260902-ios-0512
513,MTR-IOS-0513,Business,Business,Team Operations,Hiring,Expense,2026-07-10,04:05:51,2026-07-10 04:05:51,101116.98,INR,-101116.98,IOS Owner,,,MAESTRO-IOS-BUSINESS-TEAM_OPERATIONS-0513 | Hiring | 101116.98,iPhone,B11,RAMP_501_1500,CREATED,idem-20260902-ios-0513
514,MTR-IOS-0514,Personal,Personal,Future Building,Education,Expense,2026-05-25,22:31:50,2026-05-25 22:31:50,17884.14,INR,-17884.14,IOS Owner,,,MAESTRO-IOS-PERSONAL-FUTURE_BUILDING-0514 | Education | 17884.14,iPhone,B11,RAMP_501_1500,CREATED,idem-20260902-ios-0514
515,MTR-IOS-0515,Group,Shared Living,Family Household,Groceries,Expense,2025-10-15,11:52:57,2025-10-15 11:52:57,25779.67,INR,-25779.67,IOS Owner,3,SHARES,MAESTRO-IOS-GROUP-FAMILY_HOUSEHOLD-0515 | Groceries | 25779.67,iPhone,B11,RAMP_501_1500,CREATED,idem-20260902-ios-0515
516,MTR-IOS-0516,Business,Business,Team Operations,Team Meal,Expense,2025-10-28,02:18:25,2025-10-28 02:18:25,86653.95,INR,-86653.95,IOS Owner,,,MAESTRO-IOS-BUSINESS-TEAM_OPERATIONS-0516 | Team Meal | 86653.95,iPhone,B11,RAMP_501_1500,CREATED,idem-20260902-ios-0516
517,MTR-IOS-0517,Personal,Personal,Future Building,Goal Contribution,Transfer,2026-03-22,06:29:37,2026-03-22 06:29:37,11333.54,INR,0.0,IOS Owner,,,MAESTRO-IOS-PERSONAL-FUTURE_BUILDING-0517 | Goal Contribution | 11333.54,iPhone,B11,RAMP_501_1500,CREATED,idem-20260902-ios-0517
518,MTR-IOS-0518,Group,Shared Living,Custom Living,Custom Expense,Expense,2026-04-13,05:33:08,2026-04-13 05:33:08,99.99,INR,-99.99,IOS Aarav,3,EQUAL,MAESTRO-IOS-GROUP-CUSTOM_LIVING-0518 | Custom Expense | 99.99,iPhone,B11,RAMP_501_1500,CREATED,idem-20260902-ios-0518
519,MTR-IOS-0519,Business,Business,Team Operations,Travel,Expense,2026-05-09,16:26:40,2026-05-09 16:26:40,5977.75,INR,-5977.75,IOS Owner,,,MAESTRO-IOS-BUSINESS-TEAM_OPERATIONS-0519 | Travel | 5977.75,iPhone,B11,RAMP_501_1500,CREATED,idem-20260902-ios-0519
520,MTR-IOS-0520,Personal,Personal,Lifestyle,Dining,Expense,2025-09-11,09:02:47,2025-09-11 09:02:47,5945.99,INR,-5945.99,IOS Owner,,,MAESTRO-IOS-PERSONAL-LIFESTYLE-0520 | Dining | 5945.99,iPhone,B11,RAMP_501_1500,CREATED,idem-20260902-ios-0520
521,MTR-IOS-0521,Group,Shared Living,Custom Living,Custom Contribution,Contribution,2026-06-01,19:29:58,2026-06-01 19:29:58,23621.37,INR,23621.37,IOS Meera,3,PERCENTAGE,MAESTRO-IOS-GROUP-CUSTOM_LIVING-0521 | Custom Contribution | 23621.37,iPhone,B11,RAMP_501_1500,CREATED,idem-20260902-ios-0521
522,MTR-IOS-0522,Business,Business,Team Operations,Training,Expense,2026-04-15,11:59:20,2026-04-15 11:59:20,99575.54,INR,-99575.54,IOS Owner,,,MAESTRO-IOS-BUSINESS-TEAM_OPERATIONS-0522 | Training | 99575.54,iPhone,B11,RAMP_501_1500,CREATED,idem-20260902-ios-0522
523,MTR-IOS-0523,Personal,Personal,Lifestyle,Shopping,Expense,2026-05-08,06:10:59,2026-05-08 06:10:59,10364.22,INR,-10364.22,IOS Owner,,,MAESTRO-IOS-PERSONAL-LIFESTYLE-0523 | Shopping | 10364.22,iPhone,B11,RAMP_501_1500,CREATED,idem-20260902-ios-0523
524,MTR-IOS-0524,Group,Shared Experience,Trip,Travel,Expense,2026-05-22,09:04:36,2026-05-22 09:04:36,18277.44,INR,-18277.44,IOS Owner,3,EXACT,MAESTRO-IOS-GROUP-TRIP-0524 | Travel | 18277.44,iPhone,B11,RAMP_501_1500,CREATED,idem-20260902-ios-0524
525,MTR-IOS-0525,Business,Business,Team Operations,Tools,Expense,2026-04-24,21:50:50,2026-04-24 21:50:50,38316.73,INR,-38316.73,IOS Owner,,,MAESTRO-IOS-BUSINESS-TEAM_OPERATIONS-0525 | Tools | 38316.73,iPhone,B11,RAMP_501_1500,CREATED,idem-20260902-ios-0525
526,MTR-IOS-0526,Personal,Personal,Lifestyle,Entertainment,Expense,2026-08-21,13:04:43,2026-08-21 13:04:43,15832.88,INR,-15832.88,IOS Owner,,,MAESTRO-IOS-PERSONAL-LIFESTYLE-0526 | Entertainment | 15832.88,iPhone,B11,RAMP_501_1500,CREATED,idem-20260902-ios-0526
527,MTR-IOS-0527,Group,Shared Experience,Trip,Stay,Expense,2026-04-19,18:11:50,2026-04-19 18:11:50,24059.04,INR,-24059.04,IOS Aarav,3,SHARES,MAESTRO-IOS-GROUP-TRIP-0527 | Stay | 24059.04,iPhone,B11,RAMP_501_1500,CREATED,idem-20260902-ios-0527
528,MTR-IOS-0528,Business,Business,Business Runway,Funding,Income,2026-05-29,01:00:17,2026-05-29 01:00:17,77684.68,INR,77684.68,IOS Owner,,,MAESTRO-IOS-BUSINESS-BUSINESS_RUNWAY-0528 | Funding | 77684.68,iPhone,B11,RAMP_501_1500,CREATED,idem-20260902-ios-0528
529,MTR-IOS-0529,Personal,Personal,Lifestyle,Travel,Expense,2026-07-26,20:53:03,2026-07-26 20:53:03,4856.42,INR,-4856.42,IOS Owner,,,MAESTRO-IOS-PERSONAL-LIFESTYLE-0529 | Travel | 4856.42,iPhone,B11,RAMP_501_1500,CREATED,idem-20260902-ios-0529
530,MTR-IOS-0530,Group,Shared Experience,Trip,Food,Expense,2026-07-11,02:47:40,2026-07-11 02:47:40,17464.22,INR,-17464.22,IOS Meera,3,EQUAL,MAESTRO-IOS-GROUP-TRIP-0530 | Food | 17464.22,iPhone,B11,RAMP_501_1500,CREATED,idem-20260902-ios-0530
531,MTR-IOS-0531,Business,Business,Business Runway,Revenue,Income,2026-01-09,15:22:04,2026-01-09 15:22:04,141141.87,INR,141141.87,IOS Owner,,,MAESTRO-IOS-BUSINESS-BUSINESS_RUNWAY-0531 | Revenue | 141141.87,iPhone,B11,RAMP_501_1500,CREATED,idem-20260902-ios-0531
532,MTR-IOS-0532,Personal,Personal,Lifestyle,Fitness,Expense,2025-12-30,11:16:33,2025-12-30 11:16:33,14618.5,INR,-14618.5,IOS Owner,,,MAESTRO-IOS-PERSONAL-LIFESTYLE-0532 | Fitness | 14618.50,iPhone,B11,RAMP_501_1500,CREATED,idem-20260902-ios-0532
533,MTR-IOS-0533,Group,Shared Experience,Trip,Local Transport,Expense,2026-06-24,06:40:32,2026-06-24 06:40:32,24222.35,INR,-24222.35,IOS Owner,3,PERCENTAGE,MAESTRO-IOS-GROUP-TRIP-0533 | Local Transport | 24222.35,iPhone,B11,RAMP_501_1500,CREATED,idem-20260902-ios-0533
534,MTR-IOS-0534,Business,Business,Business Runway,Burn,Expense,2025-11-06,20:52:56,2025-11-06 20:52:56,108759.54,INR,-108759.54,IOS Owner,,,MAESTRO-IOS-BUSINESS-BUSINESS_RUNWAY-0534 | Burn | 108759.54,iPhone,B11,RAMP_501_1500,CREATED,idem-20260902-ios-0534
535,MTR-IOS-0535,Personal,Personal,Lifestyle,Hobbies,Expense,2025-10-02,09:42:08,2025-10-02 09:42:08,6478.85,INR,-6478.85,IOS Owner,,,MAESTRO-IOS-PERSONAL-LIFESTYLE-0535 | Hobbies | 6478.85,iPhone,B11,RAMP_501_1500,CREATED,idem-20260902-ios-0535
536,MTR-IOS-0536,Group,Shared Experience,Trip,Activities,Expense,2025-09-28,14:18:22,2025-09-28 14:18:22,3459.16,INR,-3459.16,IOS Aarav,3,EXACT,MAESTRO-IOS-GROUP-TRIP-0536 | Activities | 3459.16,iPhone,B11,RAMP_501_1500,CREATED,idem-20260902-ios-0536
537,MTR-IOS-0537,Business,Business,Business Runway,Reserve,Transfer,2025-11-11,14:51:41,2025-11-11 14:51:41,162782.23,INR,0.0,IOS Owner,,,MAESTRO-IOS-BUSINESS-BUSINESS_RUNWAY-0537 | Reserve | 162782.23,iPhone,B11,RAMP_501_1500,CREATED,idem-20260902-ios-0537
538,MTR-IOS-0538,Personal,Personal,Relationships,Gifts,Expense,2026-01-24,14:46:03,2026-01-24 14:46:03,3380.46,INR,-3380.46,IOS Owner,,,MAESTRO-IOS-PERSONAL-RELATIONSHIPS-0538 | Gifts | 3380.46,iPhone,B11,RAMP_501_1500,CREATED,idem-20260902-ios-0538
539,MTR-IOS-0539,Group,Shared Experience,Trip,Shopping,Expense,2025-11-03,19:47:02,2025-11-03 19:47:02,468.24,INR,-468.24,IOS Meera,3,SHARES,MAESTRO-IOS-GROUP-TRIP-0539 | Shopping | 468.24,iPhone,B11,RAMP_501_1500,CREATED,idem-20260902-ios-0539
540,MTR-IOS-0540,Business,Business,Business Runway,Loan,Income,2026-07-26,20:38:03,2026-07-26 20:38:03,90761.07,INR,90761.07,IOS Owner,,,MAESTRO-IOS-BUSINESS-BUSINESS_RUNWAY-0540 | Loan | 90761.07,iPhone,B11,RAMP_501_1500,CREATED,idem-20260902-ios-0540
541,MTR-IOS-0541,Personal,Personal,Relationships,Dates,Expense,2026-05-26,04:16:42,2026-05-26 04:16:42,4734.81,INR,-4734.81,IOS Owner,,,MAESTRO-IOS-PERSONAL-RELATIONSHIPS-0541 | Dates | 4734.81,iPhone,B11,RAMP_501_1500,CREATED,idem-20260902-ios-0541
542,MTR-IOS-0542,Group,Shared Experience,Trip,Other,Expense,2025-12-22,03:47:17,2025-12-22 03:47:17,2675.69,INR,-2675.69,IOS Owner,3,EQUAL,MAESTRO-IOS-GROUP-TRIP-0542 | Other | 2675.69,iPhone,B11,RAMP_501_1500,CREATED,idem-20260902-ios-0542
543,MTR-IOS-0543,Business,Business,Business Runway,Investment,Income,2025-11-26,10:26:51,2025-11-26 10:26:51,83981.4,INR,83981.4,IOS Owner,,,MAESTRO-IOS-BUSINESS-BUSINESS_RUNWAY-0543 | Investment | 83981.40,iPhone,B11,RAMP_501_1500,CREATED,idem-20260902-ios-0543
544,MTR-IOS-0544,Personal,Personal,Relationships,Family,Expense,2026-01-03,05:53:37,2026-01-03 05:53:37,9469.28,INR,-9469.28,IOS Owner,,,MAESTRO-IOS-PERSONAL-RELATIONSHIPS-0544 | Family | 9469.28,iPhone,B11,RAMP_501_1500,CREATED,idem-20260902-ios-0544
545,MTR-IOS-0545,Group,Shared Experience,Wedding,Venue,Expense,2026-08-25,09:12:43,2026-08-25 09:12:43,2138.81,INR,-2138.81,IOS Aarav,3,PERCENTAGE,MAESTRO-IOS-GROUP-WEDDING-0545 | Venue | 2138.81,iPhone,B11,RAMP_501_1500,CREATED,idem-20260902-ios-0545
546,MTR-IOS-0546,Business,Business,Business Operations,Software,Expense,2025-11-13,21:08:55,2025-11-13 21:08:55,28446.05,INR,-28446.05,IOS Owner,,,MAESTRO-IOS-BUSINESS-BUSINESS_OPERATIONS-0546 | Software | 28446.05,iPhone,B11,RAMP_501_1500,CREATED,idem-20260902-ios-0546
547,MTR-IOS-0547,Personal,Personal,Relationships,Friends,Expense,2026-05-14,07:16:14,2026-05-14 07:16:14,483.99,INR,-483.99,IOS Owner,,,MAESTRO-IOS-PERSONAL-RELATIONSHIPS-0547 | Friends | 483.99,iPhone,B11,RAMP_501_1500,CREATED,idem-20260902-ios-0547
548,MTR-IOS-0548,Group,Shared Experience,Wedding,Catering,Expense,2025-12-24,23:05:35,2025-12-24 23:05:35,384.73,INR,-384.73,IOS Meera,3,EXACT,MAESTRO-IOS-GROUP-WEDDING-0548 | Catering | 384.73,iPhone,B11,RAMP_501_1500,CREATED,idem-20260902-ios-0548
549,MTR-IOS-0549,Business,Business,Business Operations,Rent,Expense,2026-04-06,17:18:59,2026-04-06 17:18:59,134778.36,INR,-134778.36,IOS Owner,,,MAESTRO-IOS-BUSINESS-BUSINESS_OPERATIONS-0549 | Rent | 134778.36,iPhone,B11,RAMP_501_1500,CREATED,idem-20260902-ios-0549
550,MTR-IOS-0550,Personal,Personal,Relationships,Celebrations,Expense,2026-02-03,09:06:03,2026-02-03 09:06:03,5608.18,INR,-5608.18,IOS Owner,,,MAESTRO-IOS-PERSONAL-RELATIONSHIPS-0550 | Celebrations | 5608.18,iPhone,B11,RAMP_501_1500,CREATED,idem-20260902-ios-0550
551,MTR-IOS-0551,Group,Shared Experience,Wedding,Decor,Expense,2026-05-23,20:23:40,2026-05-23 20:23:40,25205.46,INR,-25205.46,IOS Owner,3,SHARES,MAESTRO-IOS-GROUP-WEDDING-0551 | Decor | 25205.46,iPhone,B12,RAMP_501_1500,CREATED,idem-20260902-ios-0551
552,MTR-IOS-0552,Business,Business,Business Operations,Marketing,Expense,2026-01-08,06:45:44,2026-01-08 06:45:44,64560.56,INR,-64560.56,IOS Owner,,,MAESTRO-IOS-BUSINESS-BUSINESS_OPERATIONS-0552 | Marketing | 64560.56,iPhone,B12,RAMP_501_1500,CREATED,idem-20260902-ios-0552
553,MTR-IOS-0553,Personal,Personal,Life Operations,Groceries,Expense,2025-12-02,14:07:21,2025-12-02 14:07:21,11336.32,INR,-11336.32,IOS Owner,,,MAESTRO-IOS-PERSONAL-LIFE_OPERATIONS-0553 | Groceries | 11336.32,iPhone,B12,RAMP_501_1500,CREATED,idem-20260902-ios-0553
554,MTR-IOS-0554,Group,Shared Experience,Wedding,Travel,Expense,2026-07-12,16:16:00,2026-07-12 16:16:00,3297.35,INR,-3297.35,IOS Aarav,3,EQUAL,MAESTRO-IOS-GROUP-WEDDING-0554 | Travel | 3297.35,iPhone,B12,RAMP_501_1500,CREATED,idem-20260902-ios-0554
555,MTR-IOS-0555,Business,Business,Business Operations,Legal,Expense,2025-12-08,15:54:35,2025-12-08 15:54:35,100.0,INR,-100.0,IOS Owner,,,MAESTRO-IOS-BUSINESS-BUSINESS_OPERATIONS-0555 | Legal | 100.00,iPhone,B12,RAMP_501_1500,CREATED,idem-20260902-ios-0555
556,MTR-IOS-0556,Personal,Personal,Life Operations,Rent,Expense,2026-07-27,14:14:16,2026-07-27 14:14:16,5502.66,INR,-5502.66,IOS Owner,,,MAESTRO-IOS-PERSONAL-LIFE_OPERATIONS-0556 | Rent | 5502.66,iPhone,B12,RAMP_501_1500,CREATED,idem-20260902-ios-0556
557,MTR-IOS-0557,Group,Shared Experience,Wedding,Gifts,Expense,2026-08-26,15:52:47,2026-08-26 15:52:47,17760.78,INR,-17760.78,IOS Meera,3,PERCENTAGE,MAESTRO-IOS-GROUP-WEDDING-0557 | Gifts | 17760.78,iPhone,B12,RAMP_501_1500,CREATED,idem-20260902-ios-0557
558,MTR-IOS-0558,Business,Business,Business Operations,Accounting,Expense,2026-05-21,11:14:28,2026-05-21 11:14:28,136525.6,INR,-136525.6,IOS Owner,,,MAESTRO-IOS-BUSINESS-BUSINESS_OPERATIONS-0558 | Accounting | 136525.60,iPhone,B12,RAMP_501_1500,CREATED,idem-20260902-ios-0558
559,MTR-IOS-0559,Personal,Personal,Life Operations,Bills,Expense,2026-07-11,06:00:18,2026-07-11 06:00:18,9685.73,INR,-9685.73,IOS Owner,,,MAESTRO-IOS-PERSONAL-LIFE_OPERATIONS-0559 | Bills | 9685.73,iPhone,B12,RAMP_501_1500,CREATED,idem-20260902-ios-0559
560,MTR-IOS-0560,Group,Shared Experience,Wedding,Photography,Expense,2025-11-12,07:03:52,2025-11-12 07:03:52,10303.38,INR,-10303.38,IOS Owner,3,EXACT,MAESTRO-IOS-GROUP-WEDDING-0560 | Photography | 10303.38,iPhone,B12,RAMP_501_1500,CREATED,idem-20260902-ios-0560
561,MTR-IOS-0561,Business,Business,Business Operations,Equipment,Expense,2026-01-24,09:05:58,2026-01-24 09:05:58,76900.43,INR,-76900.43,IOS Owner,,,MAESTRO-IOS-BUSINESS-BUSINESS_OPERATIONS-0561 | Equipment | 76900.43,iPhone,B12,RAMP_501_1500,CREATED,idem-20260902-ios-0561
562,MTR-IOS-0562,Personal,Personal,Life Operations,Transport,Expense,2026-02-23,04:42:00,2026-02-23 04:42:00,13366.37,INR,-13366.37,IOS Owner,,,MAESTRO-IOS-PERSONAL-LIFE_OPERATIONS-0562 | Transport | 13366.37,iPhone,B12,RAMP_501_1500,CREATED,idem-20260902-ios-0562
563,MTR-IOS-0563,Group,Shared Experience,Wedding,Other,Expense,2025-09-07,12:19:24,2025-09-07 12:19:24,18746.66,INR,-18746.66,IOS Aarav,3,SHARES,MAESTRO-IOS-GROUP-WEDDING-0563 | Other | 18746.66,iPhone,B12,RAMP_501_1500,CREATED,idem-20260902-ios-0563
564,MTR-IOS-0564,Business,Business,Business Operations,Vendor,Expense,2026-07-09,20:10:25,2026-07-09 20:10:25,5157.89,INR,-5157.89,IOS Owner,,,MAESTRO-IOS-BUSINESS-BUSINESS_OPERATIONS-0564 | Vendor | 5157.89,iPhone,B12,RAMP_501_1500,CREATED,idem-20260902-ios-0564
565,MTR-IOS-0565,Personal,Personal,Life Operations,Healthcare,Expense,2026-03-19,07:33:04,2026-03-19 07:33:04,15676.53,INR,-15676.53,IOS Owner,,,MAESTRO-IOS-PERSONAL-LIFE_OPERATIONS-0565 | Healthcare | 15676.53,iPhone,B12,RAMP_501_1500,CREATED,idem-20260902-ios-0565
566,MTR-IOS-0566,Group,Shared Experience,Office Outing,Food,Expense,2026-03-23,09:11:06,2026-03-23 09:11:06,20585.49,INR,-20585.49,IOS Meera,3,EQUAL,MAESTRO-IOS-GROUP-OFFICE_OUTING-0566 | Food | 20585.49,iPhone,B12,RAMP_501_1500,CREATED,idem-20260902-ios-0566
567,MTR-IOS-0567,Business,Business,Business Operations,Tax,Expense,2025-09-17,19:29:48,2025-09-17 19:29:48,51587.42,INR,-51587.42,IOS Owner,,,MAESTRO-IOS-BUSINESS-BUSINESS_OPERATIONS-0567 | Tax | 51587.42,iPhone,B12,RAMP_501_1500,CREATED,idem-20260902-ios-0567
568,MTR-IOS-0568,Personal,Personal,Life Operations,Subscriptions,Expense,2026-01-27,16:19:12,2026-01-27 16:19:12,198.23,INR,-198.23,IOS Owner,,,MAESTRO-IOS-PERSONAL-LIFE_OPERATIONS-0568 | Subscriptions | 198.23,iPhone,B12,RAMP_501_1500,CREATED,idem-20260902-ios-0568
569,MTR-IOS-0569,Group,Shared Experience,Office Outing,Travel,Expense,2026-03-13,06:39:16,2026-03-13 06:39:16,19065.06,INR,-19065.06,IOS Owner,3,PERCENTAGE,MAESTRO-IOS-GROUP-OFFICE_OUTING-0569 | Travel | 19065.06,iPhone,B12,RAMP_501_1500,CREATED,idem-20260902-ios-0569
570,MTR-IOS-0570,Business,Business,Team Operations,Payroll,Expense,2026-08-27,18:20:30,2026-08-27 18:20:30,84539.02,INR,-84539.02,IOS Owner,,,MAESTRO-IOS-BUSINESS-TEAM_OPERATIONS-0570 | Payroll | 84539.02,iPhone,B12,RAMP_501_1500,CREATED,idem-20260902-ios-0570
571,MTR-IOS-0571,Personal,Personal,Life Operations,Repairs,Expense,2026-07-07,14:42:20,2026-07-07 14:42:20,3685.26,INR,-3685.26,IOS Owner,,,MAESTRO-IOS-PERSONAL-LIFE_OPERATIONS-0571 | Repairs | 3685.26,iPhone,B12,RAMP_501_1500,CREATED,idem-20260902-ios-0571
572,MTR-IOS-0572,Group,Shared Experience,Office Outing,Activities,Expense,2025-12-12,03:40:56,2025-12-12 03:40:56,9827.8,INR,-9827.8,IOS Aarav,3,EXACT,MAESTRO-IOS-GROUP-OFFICE_OUTING-0572 | Activities | 9827.80,iPhone,B12,RAMP_501_1500,CREATED,idem-20260902-ios-0572
573,MTR-IOS-0573,Business,Business,Team Operations,Contractor,Expense,2026-02-16,05:39:31,2026-02-16 05:39:31,152796.41,INR,-152796.41,IOS Owner,,,MAESTRO-IOS-BUSINESS-TEAM_OPERATIONS-0573 | Contractor | 152796.41,iPhone,B12,RAMP_501_1500,CREATED,idem-20260902-ios-0573
574,MTR-IOS-0574,Personal,Personal,Future Building,Savings,Transfer,2026-02-12,14:11:55,2026-02-12 14:11:55,7463.81,INR,0.0,IOS Owner,,,MAESTRO-IOS-PERSONAL-FUTURE_BUILDING-0574 | Savings | 7463.81,iPhone,B12,RAMP_501_1500,CREATED,idem-20260902-ios-0574
575,MTR-IOS-0575,Group,Shared Experience,Office Outing,Venue,Expense,2026-07-26,11:24:49,2026-07-26 11:24:49,84.77,INR,-84.77,IOS Meera,3,SHARES,MAESTRO-IOS-GROUP-OFFICE_OUTING-0575 | Venue | 84.77,iPhone,B12,RAMP_501_1500,CREATED,idem-20260902-ios-0575
576,MTR-IOS-0576,Business,Business,Team Operations,Hiring,Expense,2025-12-16,04:37:16,2025-12-16 04:37:16,150848.4,INR,-150848.4,IOS Owner,,,MAESTRO-IOS-BUSINESS-TEAM_OPERATIONS-0576 | Hiring | 150848.40,iPhone,B12,RAMP_501_1500,CREATED,idem-20260902-ios-0576
577,MTR-IOS-0577,Personal,Personal,Future Building,Emergency Fund,Transfer,2025-12-03,16:06:11,2025-12-03 16:06:11,4027.98,INR,0.0,IOS Owner,,,MAESTRO-IOS-PERSONAL-FUTURE_BUILDING-0577 | Emergency Fund | 4027.98,iPhone,B12,RAMP_501_1500,CREATED,idem-20260902-ios-0577
578,MTR-IOS-0578,Group,Shared Experience,Office Outing,Other,Expense,2025-10-23,20:10:32,2025-10-23 20:10:32,419.29,INR,-419.29,IOS Owner,3,EQUAL,MAESTRO-IOS-GROUP-OFFICE_OUTING-0578 | Other | 419.29,iPhone,B12,RAMP_501_1500,CREATED,idem-20260902-ios-0578
579,MTR-IOS-0579,Business,Business,Team Operations,Team Meal,Expense,2026-06-23,20:03:13,2026-06-23 20:03:13,45744.78,INR,-45744.78,IOS Owner,,,MAESTRO-IOS-BUSINESS-TEAM_OPERATIONS-0579 | Team Meal | 45744.78,iPhone,B12,RAMP_501_1500,CREATED,idem-20260902-ios-0579
580,MTR-IOS-0580,Personal,Personal,Future Building,Investments,Investment,2025-09-19,03:47:53,2025-09-19 03:47:53,12676.47,INR,0.0,IOS Owner,,,MAESTRO-IOS-PERSONAL-FUTURE_BUILDING-0580 | Investments | 12676.47,iPhone,B12,RAMP_501_1500,CREATED,idem-20260902-ios-0580
581,MTR-IOS-0581,Group,Shared Experience,House Party,Food,Expense,2026-02-06,15:30:02,2026-02-06 15:30:02,2033.2,INR,-2033.2,IOS Aarav,3,PERCENTAGE,MAESTRO-IOS-GROUP-HOUSE_PARTY-0581 | Food | 2033.20,iPhone,B12,RAMP_501_1500,CREATED,idem-20260902-ios-0581
582,MTR-IOS-0582,Business,Business,Team Operations,Travel,Expense,2026-07-10,09:37:51,2026-07-10 09:37:51,58970.47,INR,-58970.47,IOS Owner,,,MAESTRO-IOS-BUSINESS-TEAM_OPERATIONS-0582 | Travel | 58970.47,iPhone,B12,RAMP_501_1500,CREATED,idem-20260902-ios-0582
583,MTR-IOS-0583,Personal,Personal,Future Building,Education,Expense,2025-12-10,07:53:24,2025-12-10 07:53:24,8299.0,INR,-8299.0,IOS Owner,,,MAESTRO-IOS-PERSONAL-FUTURE_BUILDING-0583 | Education | 8299.00,iPhone,B12,RAMP_501_1500,CREATED,idem-20260902-ios-0583
584,MTR-IOS-0584,Group,Shared Experience,House Party,Drinks,Expense,2026-04-01,00:23:42,2026-04-01 00:23:42,11477.96,INR,-11477.96,IOS Meera,3,EXACT,MAESTRO-IOS-GROUP-HOUSE_PARTY-0584 | Drinks | 11477.96,iPhone,B12,RAMP_501_1500,CREATED,idem-20260902-ios-0584
585,MTR-IOS-0585,Business,Business,Team Operations,Training,Expense,2025-10-01,21:33:04,2025-10-01 21:33:04,132351.26,INR,-132351.26,IOS Owner,,,MAESTRO-IOS-BUSINESS-TEAM_OPERATIONS-0585 | Training | 132351.26,iPhone,B12,RAMP_501_1500,CREATED,idem-20260902-ios-0585
586,MTR-IOS-0586,Personal,Personal,Future Building,Goal Contribution,Transfer,2026-08-31,05:22:57,2026-08-31 05:22:57,7479.81,INR,0.0,IOS Owner,,,MAESTRO-IOS-PERSONAL-FUTURE_BUILDING-0586 | Goal Contribution | 7479.81,iPhone,B12,RAMP_501_1500,CREATED,idem-20260902-ios-0586
587,MTR-IOS-0587,Group,Shared Experience,House Party,Decor,Expense,2025-12-24,03:18:27,2025-12-24 03:18:27,21960.55,INR,-21960.55,IOS Owner,3,SHARES,MAESTRO-IOS-GROUP-HOUSE_PARTY-0587 | Decor | 21960.55,iPhone,B12,RAMP_501_1500,CREATED,idem-20260902-ios-0587
588,MTR-IOS-0588,Business,Business,Team Operations,Tools,Expense,2026-06-10,03:37:49,2026-06-10 03:37:49,145428.15,INR,-145428.15,IOS Owner,,,MAESTRO-IOS-BUSINESS-TEAM_OPERATIONS-0588 | Tools | 145428.15,iPhone,B12,RAMP_501_1500,CREATED,idem-20260902-ios-0588
589,MTR-IOS-0589,Personal,Personal,Lifestyle,Dining,Expense,2025-10-15,15:43:11,2025-10-15 15:43:11,16504.03,INR,-16504.03,IOS Owner,,,MAESTRO-IOS-PERSONAL-LIFESTYLE-0589 | Dining | 16504.03,iPhone,B12,RAMP_501_1500,CREATED,idem-20260902-ios-0589
590,MTR-IOS-0590,Group,Shared Experience,House Party,Supplies,Expense,2025-12-09,18:23:06,2025-12-09 18:23:06,6551.22,INR,-6551.22,IOS Aarav,3,EQUAL,MAESTRO-IOS-GROUP-HOUSE_PARTY-0590 | Supplies | 6551.22,iPhone,B12,RAMP_501_1500,CREATED,idem-20260902-ios-0590
591,MTR-IOS-0591,Business,Business,Business Runway,Funding,Income,2026-05-29,18:11:18,2026-05-29 18:11:18,126911.75,INR,126911.75,IOS Owner,,,MAESTRO-IOS-BUSINESS-BUSINESS_RUNWAY-0591 | Funding | 126911.75,iPhone,B12,RAMP_501_1500,CREATED,idem-20260902-ios-0591
592,MTR-IOS-0592,Personal,Personal,Lifestyle,Shopping,Expense,2026-02-13,14:43:05,2026-02-13 14:43:05,999.99,INR,-999.99,IOS Owner,,,MAESTRO-IOS-PERSONAL-LIFESTYLE-0592 | Shopping | 999.99,iPhone,B12,RAMP_501_1500,CREATED,idem-20260902-ios-0592
593,MTR-IOS-0593,Group,Shared Experience,House Party,Other,Expense,2026-04-23,00:02:16,2026-04-23 00:02:16,11102.48,INR,-11102.48,IOS Meera,3,PERCENTAGE,MAESTRO-IOS-GROUP-HOUSE_PARTY-0593 | Other | 11102.48,iPhone,B12,RAMP_501_1500,CREATED,idem-20260902-ios-0593
594,MTR-IOS-0594,Business,Business,Business Runway,Revenue,Income,2026-03-25,06:24:32,2026-03-25 06:24:32,89244.51,INR,89244.51,IOS Owner,,,MAESTRO-IOS-BUSINESS-BUSINESS_RUNWAY-0594 | Revenue | 89244.51,iPhone,B12,RAMP_501_1500,CREATED,idem-20260902-ios-0594
595,MTR-IOS-0595,Personal,Personal,Lifestyle,Entertainment,Expense,2026-03-11,04:23:19,2026-03-11 04:23:19,17862.21,INR,-17862.21,IOS Owner,,,MAESTRO-IOS-PERSONAL-LIFESTYLE-0595 | Entertainment | 17862.21,iPhone,B12,RAMP_501_1500,CREATED,idem-20260902-ios-0595
596,MTR-IOS-0596,Group,Shared Purchase,Gift Pool,Contribution,Contribution,2025-10-04,12:09:15,2025-10-04 12:09:15,1096.86,INR,1096.86,IOS Owner,3,EXACT,MAESTRO-IOS-GROUP-GIFT_POOL-0596 | Contribution | 1096.86,iPhone,B12,RAMP_501_1500,CREATED,idem-20260902-ios-0596
597,MTR-IOS-0597,Business,Business,Business Runway,Burn,Expense,2026-03-19,05:26:06,2026-03-19 05:26:06,28203.59,INR,-28203.59,IOS Owner,,,MAESTRO-IOS-BUSINESS-BUSINESS_RUNWAY-0597 | Burn | 28203.59,iPhone,B12,RAMP_501_1500,CREATED,idem-20260902-ios-0597
598,MTR-IOS-0598,Personal,Personal,Lifestyle,Travel,Expense,2026-06-01,14:30:23,2026-06-01 14:30:23,17185.3,INR,-17185.3,IOS Owner,,,MAESTRO-IOS-PERSONAL-LIFESTYLE-0598 | Travel | 17185.30,iPhone,B12,RAMP_501_1500,CREATED,idem-20260902-ios-0598
599,MTR-IOS-0599,Group,Shared Purchase,Gift Pool,Gift Purchase,Expense,2026-07-28,13:17:32,2026-07-28 13:17:32,6955.64,INR,-6955.64,IOS Aarav,3,SHARES,MAESTRO-IOS-GROUP-GIFT_POOL-0599 | Gift Purchase | 6955.64,iPhone,B12,RAMP_501_1500,CREATED,idem-20260902-ios-0599
600,MTR-IOS-0600,Business,Business,Business Runway,Reserve,Transfer,2025-09-27,21:00:06,2025-09-27 21:00:06,103457.56,INR,0.0,IOS Owner,,,MAESTRO-IOS-BUSINESS-BUSINESS_RUNWAY-0600 | Reserve | 103457.56,iPhone,B12,RAMP_501_1500,CREATED,idem-20260902-ios-0600
601,MTR-IOS-0601,Personal,Personal,Lifestyle,Fitness,Expense,2026-01-20,22:28:49,2026-01-20 22:28:49,11481.79,INR,-11481.79,IOS Owner,,,MAESTRO-IOS-PERSONAL-LIFESTYLE-0601 | Fitness | 11481.79,iPhone,B13,RAMP_501_1500,CREATED,idem-20260902-ios-0601
602,MTR-IOS-0602,Group,Shared Purchase,Gift Pool,Delivery,Expense,2026-03-01,00:45:02,2026-03-01 00:45:02,16551.8,INR,-16551.8,IOS Meera,3,EQUAL,MAESTRO-IOS-GROUP-GIFT_POOL-0602 | Delivery | 16551.80,iPhone,B13,RAMP_501_1500,CREATED,idem-20260902-ios-0602
603,MTR-IOS-0603,Business,Business,Business Runway,Loan,Income,2025-09-17,02:16:50,2025-09-17 02:16:50,26296.26,INR,26296.26,IOS Owner,,,MAESTRO-IOS-BUSINESS-BUSINESS_RUNWAY-0603 | Loan | 26296.26,iPhone,B13,RAMP_501_1500,CREATED,idem-20260902-ios-0603
604,MTR-IOS-0604,Personal,Personal,Lifestyle,Hobbies,Expense,2026-04-10,09:05:54,2026-04-10 09:05:54,7591.34,INR,-7591.34,IOS Owner,,,MAESTRO-IOS-PERSONAL-LIFESTYLE-0604 | Hobbies | 7591.34,iPhone,B13,RAMP_501_1500,CREATED,idem-20260902-ios-0604
605,MTR-IOS-0605,Group,Shared Purchase,Gift Pool,Other,Expense,2026-08-07,13:30:32,2026-08-07 13:30:32,16551.48,INR,-16551.48,IOS Owner,3,PERCENTAGE,MAESTRO-IOS-GROUP-GIFT_POOL-0605 | Other | 16551.48,iPhone,B13,RAMP_501_1500,CREATED,idem-20260902-ios-0605
606,MTR-IOS-0606,Business,Business,Business Runway,Investment,Income,2026-07-10,04:09:54,2026-07-10 04:09:54,95656.63,INR,95656.63,IOS Owner,,,MAESTRO-IOS-BUSINESS-BUSINESS_RUNWAY-0606 | Investment | 95656.63,iPhone,B13,RAMP_501_1500,CREATED,idem-20260902-ios-0606
607,MTR-IOS-0607,Personal,Personal,Relationships,Gifts,Expense,2026-08-25,06:15:54,2026-08-25 06:15:54,9526.71,INR,-9526.71,IOS Owner,,,MAESTRO-IOS-PERSONAL-RELATIONSHIPS-0607 | Gifts | 9526.71,iPhone,B13,RAMP_501_1500,CREATED,idem-20260902-ios-0607
608,MTR-IOS-0608,Group,Shared Purchase,Purchase,Item,Expense,2026-05-19,19:35:27,2026-05-19 19:35:27,4168.3,INR,-4168.3,IOS Aarav,3,EXACT,MAESTRO-IOS-GROUP-PURCHASE-0608 | Item | 4168.30,iPhone,B13,RAMP_501_1500,CREATED,idem-20260902-ios-0608
609,MTR-IOS-0609,Business,Business,Business Operations,Software,Expense,2025-09-11,03:02:50,2025-09-11 03:02:50,156650.57,INR,-156650.57,IOS Owner,,,MAESTRO-IOS-BUSINESS-BUSINESS_OPERATIONS-0609 | Software | 156650.57,iPhone,B13,RAMP_501_1500,CREATED,idem-20260902-ios-0609
610,MTR-IOS-0610,Personal,Personal,Relationships,Dates,Expense,2025-09-21,14:36:39,2025-09-21 14:36:39,1840.74,INR,-1840.74,IOS Owner,,,MAESTRO-IOS-PERSONAL-RELATIONSHIPS-0610 | Dates | 1840.74,iPhone,B13,RAMP_501_1500,CREATED,idem-20260902-ios-0610
611,MTR-IOS-0611,Group,Shared Purchase,Purchase,Shipping,Expense,2025-10-08,07:19:59,2025-10-08 07:19:59,22837.72,INR,-22837.72,IOS Meera,3,SHARES,MAESTRO-IOS-GROUP-PURCHASE-0611 | Shipping | 22837.72,iPhone,B13,RAMP_501_1500,CREATED,idem-20260902-ios-0611
612,MTR-IOS-0612,Business,Business,Business Operations,Rent,Expense,2025-09-24,00:03:50,2025-09-24 00:03:50,101478.04,INR,-101478.04,IOS Owner,,,MAESTRO-IOS-BUSINESS-BUSINESS_OPERATIONS-0612 | Rent | 101478.04,iPhone,B13,RAMP_501_1500,CREATED,idem-20260902-ios-0612
613,MTR-IOS-0613,Personal,Personal,Relationships,Family,Expense,2026-01-25,07:34:56,2026-01-25 07:34:56,10846.07,INR,-10846.07,IOS Owner,,,MAESTRO-IOS-PERSONAL-RELATIONSHIPS-0613 | Family | 10846.07,iPhone,B13,RAMP_501_1500,CREATED,idem-20260902-ios-0613
614,MTR-IOS-0614,Group,Shared Purchase,Purchase,Tax,Expense,2025-12-11,11:10:50,2025-12-11 11:10:50,24505.96,INR,-24505.96,IOS Owner,3,EQUAL,MAESTRO-IOS-GROUP-PURCHASE-0614 | Tax | 24505.96,iPhone,B13,RAMP_501_1500,CREATED,idem-20260902-ios-0614
615,MTR-IOS-0615,Business,Business,Business Operations,Marketing,Expense,2026-08-06,12:00:00,2026-08-06 12:00:00,50081.47,INR,-50081.47,IOS Owner,,,MAESTRO-IOS-BUSINESS-BUSINESS_OPERATIONS-0615 | Marketing | 50081.47,iPhone,B13,RAMP_501_1500,CREATED,idem-20260902-ios-0615
616,MTR-IOS-0616,Personal,Personal,Relationships,Friends,Expense,2026-04-21,23:04:49,2026-04-21 23:04:49,1451.92,INR,-1451.92,IOS Owner,,,MAESTRO-IOS-PERSONAL-RELATIONSHIPS-0616 | Friends | 1451.92,iPhone,B13,RAMP_501_1500,CREATED,idem-20260902-ios-0616
617,MTR-IOS-0617,Group,Shared Purchase,Purchase,Other,Expense,2026-07-24,18:46:51,2026-07-24 18:46:51,13391.74,INR,-13391.74,IOS Aarav,3,PERCENTAGE,MAESTRO-IOS-GROUP-PURCHASE-0617 | Other | 13391.74,iPhone,B13,RAMP_501_1500,CREATED,idem-20260902-ios-0617
618,MTR-IOS-0618,Business,Business,Business Operations,Legal,Expense,2026-01-16,23:33:22,2026-01-16 23:33:22,115076.85,INR,-115076.85,IOS Owner,,,MAESTRO-IOS-BUSINESS-BUSINESS_OPERATIONS-0618 | Legal | 115076.85,iPhone,B13,RAMP_501_1500,CREATED,idem-20260902-ios-0618
619,MTR-IOS-0619,Personal,Personal,Relationships,Celebrations,Expense,2026-08-14,08:29:18,2026-08-14 08:29:18,7649.64,INR,-7649.64,IOS Owner,,,MAESTRO-IOS-PERSONAL-RELATIONSHIPS-0619 | Celebrations | 7649.64,iPhone,B13,RAMP_501_1500,CREATED,idem-20260902-ios-0619
620,MTR-IOS-0620,Group,Shared Purchase,Assets,Purchase,Expense,2025-12-03,11:07:52,2025-12-03 11:07:52,1012.42,INR,-1012.42,IOS Meera,3,EXACT,MAESTRO-IOS-GROUP-ASSETS-0620 | Purchase | 1012.42,iPhone,B13,RAMP_501_1500,CREATED,idem-20260902-ios-0620
621,MTR-IOS-0621,Business,Business,Business Operations,Accounting,Expense,2026-07-12,01:45:48,2026-07-12 01:45:48,2881.94,INR,-2881.94,IOS Owner,,,MAESTRO-IOS-BUSINESS-BUSINESS_OPERATIONS-0621 | Accounting | 2881.94,iPhone,B13,RAMP_501_1500,CREATED,idem-20260902-ios-0621
622,MTR-IOS-0622,Personal,Personal,Life Operations,Groceries,Expense,2025-12-29,16:54:55,2025-12-29 16:54:55,16435.9,INR,-16435.9,IOS Owner,,,MAESTRO-IOS-PERSONAL-LIFE_OPERATIONS-0622 | Groceries | 16435.90,iPhone,B13,RAMP_501_1500,CREATED,idem-20260902-ios-0622
623,MTR-IOS-0623,Group,Shared Purchase,Assets,Maintenance,Expense,2026-04-16,06:22:38,2026-04-16 06:22:38,13034.89,INR,-13034.89,IOS Owner,3,SHARES,MAESTRO-IOS-GROUP-ASSETS-0623 | Maintenance | 13034.89,iPhone,B13,RAMP_501_1500,CREATED,idem-20260902-ios-0623
624,MTR-IOS-0624,Business,Business,Business Operations,Equipment,Expense,2026-04-14,06:49:20,2026-04-14 06:49:20,86576.31,INR,-86576.31,IOS Owner,,,MAESTRO-IOS-BUSINESS-BUSINESS_OPERATIONS-0624 | Equipment | 86576.31,iPhone,B13,RAMP_501_1500,CREATED,idem-20260902-ios-0624
625,MTR-IOS-0625,Personal,Personal,Life Operations,Rent,Expense,2026-06-25,08:10:28,2026-06-25 08:10:28,13936.98,INR,-13936.98,IOS Owner,,,MAESTRO-IOS-PERSONAL-LIFE_OPERATIONS-0625 | Rent | 13936.98,iPhone,B13,RAMP_501_1500,CREATED,idem-20260902-ios-0625
626,MTR-IOS-0626,Group,Shared Purchase,Assets,Repair,Expense,2026-06-26,16:35:58,2026-06-26 16:35:58,23283.77,INR,-23283.77,IOS Aarav,3,EQUAL,MAESTRO-IOS-GROUP-ASSETS-0626 | Repair | 23283.77,iPhone,B13,RAMP_501_1500,CREATED,idem-20260902-ios-0626
627,MTR-IOS-0627,Business,Business,Business Operations,Vendor,Expense,2025-12-19,01:49:21,2025-12-19 01:49:21,37462.12,INR,-37462.12,IOS Owner,,,MAESTRO-IOS-BUSINESS-BUSINESS_OPERATIONS-0627 | Vendor | 37462.12,iPhone,B13,RAMP_501_1500,CREATED,idem-20260902-ios-0627
628,MTR-IOS-0628,Personal,Personal,Life Operations,Bills,Expense,2025-12-17,11:26:07,2025-12-17 11:26:07,13166.69,INR,-13166.69,IOS Owner,,,MAESTRO-IOS-PERSONAL-LIFE_OPERATIONS-0628 | Bills | 13166.69,iPhone,B13,RAMP_501_1500,CREATED,idem-20260902-ios-0628
629,MTR-IOS-0629,Group,Shared Purchase,Assets,Insurance,Expense,2026-02-03,12:12:17,2026-02-03 12:12:17,10000.0,INR,-10000.0,IOS Meera,3,PERCENTAGE,MAESTRO-IOS-GROUP-ASSETS-0629 | Insurance | 10000.00,iPhone,B13,RAMP_501_1500,CREATED,idem-20260902-ios-0629
630,MTR-IOS-0630,Business,Business,Business Operations,Tax,Expense,2025-11-03,03:09:09,2025-11-03 03:09:09,113547.7,INR,-113547.7,IOS Owner,,,MAESTRO-IOS-BUSINESS-BUSINESS_OPERATIONS-0630 | Tax | 113547.70,iPhone,B13,RAMP_501_1500,CREATED,idem-20260902-ios-0630
631,MTR-IOS-0631,Personal,Personal,Life Operations,Transport,Expense,2025-10-30,12:08:34,2025-10-30 12:08:34,732.91,INR,-732.91,IOS Owner,,,MAESTRO-IOS-PERSONAL-LIFE_OPERATIONS-0631 | Transport | 732.91,iPhone,B13,RAMP_501_1500,CREATED,idem-20260902-ios-0631
632,MTR-IOS-0632,Group,Shared Purchase,Assets,Other,Expense,2026-02-24,10:45:44,2026-02-24 10:45:44,23455.44,INR,-23455.44,IOS Owner,3,EXACT,MAESTRO-IOS-GROUP-ASSETS-0632 | Other | 23455.44,iPhone,B13,RAMP_501_1500,CREATED,idem-20260902-ios-0632
633,MTR-IOS-0633,Business,Business,Team Operations,Payroll,Expense,2025-09-18,22:25:10,2025-09-18 22:25:10,73021.27,INR,-73021.27,IOS Owner,,,MAESTRO-IOS-BUSINESS-TEAM_OPERATIONS-0633 | Payroll | 73021.27,iPhone,B13,RAMP_501_1500,CREATED,idem-20260902-ios-0633
634,MTR-IOS-0634,Personal,Personal,Life Operations,Healthcare,Expense,2025-12-13,12:06:33,2025-12-13 12:06:33,10600.42,INR,-10600.42,IOS Owner,,,MAESTRO-IOS-PERSONAL-LIFE_OPERATIONS-0634 | Healthcare | 10600.42,iPhone,B13,RAMP_501_1500,CREATED,idem-20260902-ios-0634
635,MTR-IOS-0635,Group,Shared Purchase,Custom Purchase,Custom Expense,Expense,2025-12-10,05:55:03,2025-12-10 05:55:03,21706.95,INR,-21706.95,IOS Aarav,3,SHARES,MAESTRO-IOS-GROUP-CUSTOM_PURCHASE-0635 | Custom Expense | 21706.95,iPhone,B13,RAMP_501_1500,CREATED,idem-20260902-ios-0635
636,MTR-IOS-0636,Business,Business,Team Operations,Contractor,Expense,2026-04-07,02:10:11,2026-04-07 02:10:11,158475.94,INR,-158475.94,IOS Owner,,,MAESTRO-IOS-BUSINESS-TEAM_OPERATIONS-0636 | Contractor | 158475.94,iPhone,B13,RAMP_501_1500,CREATED,idem-20260902-ios-0636
637,MTR-IOS-0637,Personal,Personal,Life Operations,Subscriptions,Expense,2026-08-06,02:10:53,2026-08-06 02:10:53,17186.58,INR,-17186.58,IOS Owner,,,MAESTRO-IOS-PERSONAL-LIFE_OPERATIONS-0637 | Subscriptions | 17186.58,iPhone,B13,RAMP_501_1500,CREATED,idem-20260902-ios-0637
638,MTR-IOS-0638,Group,Shared Purchase,Custom Purchase,Custom Contribution,Contribution,2026-05-23,04:58:12,2026-05-23 04:58:12,8516.85,INR,8516.85,IOS Meera,3,EQUAL,MAESTRO-IOS-GROUP-CUSTOM_PURCHASE-0638 | Custom Contribution | 8516.85,iPhone,B13,RAMP_501_1500,CREATED,idem-20260902-ios-0638
639,MTR-IOS-0639,Business,Business,Team Operations,Hiring,Expense,2026-05-10,07:51:14,2026-05-10 07:51:14,113980.06,INR,-113980.06,IOS Owner,,,MAESTRO-IOS-BUSINESS-TEAM_OPERATIONS-0639 | Hiring | 113980.06,iPhone,B13,RAMP_501_1500,CREATED,idem-20260902-ios-0639
640,MTR-IOS-0640,Personal,Personal,Life Operations,Repairs,Expense,2026-07-20,04:35:47,2026-07-20 04:35:47,12981.26,INR,-12981.26,IOS Owner,,,MAESTRO-IOS-PERSONAL-LIFE_OPERATIONS-0640 | Repairs | 12981.26,iPhone,B13,RAMP_501_1500,CREATED,idem-20260902-ios-0640
641,MTR-IOS-0641,Group,Shared Living,Flatmates,Rent,Expense,2025-12-25,12:00:43,2025-12-25 12:00:43,17267.12,INR,-17267.12,IOS Owner,3,PERCENTAGE,MAESTRO-IOS-GROUP-FLATMATES-0641 | Rent | 17267.12,iPhone,B13,RAMP_501_1500,CREATED,idem-20260902-ios-0641
642,MTR-IOS-0642,Business,Business,Team Operations,Team Meal,Expense,2025-09-19,19:12:25,2025-09-19 19:12:25,39146.32,INR,-39146.32,IOS Owner,,,MAESTRO-IOS-BUSINESS-TEAM_OPERATIONS-0642 | Team Meal | 39146.32,iPhone,B13,RAMP_501_1500,CREATED,idem-20260902-ios-0642
643,MTR-IOS-0643,Personal,Personal,Future Building,Savings,Transfer,2025-09-07,10:34:15,2025-09-07 10:34:15,7255.28,INR,0.0,IOS Owner,,,MAESTRO-IOS-PERSONAL-FUTURE_BUILDING-0643 | Savings | 7255.28,iPhone,B13,RAMP_501_1500,CREATED,idem-20260902-ios-0643
644,MTR-IOS-0644,Group,Shared Living,Flatmates,Utilities,Expense,2025-12-15,07:11:19,2025-12-15 07:11:19,14029.33,INR,-14029.33,IOS Aarav,3,EXACT,MAESTRO-IOS-GROUP-FLATMATES-0644 | Utilities | 14029.33,iPhone,B13,RAMP_501_1500,CREATED,idem-20260902-ios-0644
645,MTR-IOS-0645,Business,Business,Team Operations,Travel,Expense,2026-08-24,10:30:14,2026-08-24 10:30:14,110744.17,INR,-110744.17,IOS Owner,,,MAESTRO-IOS-BUSINESS-TEAM_OPERATIONS-0645 | Travel | 110744.17,iPhone,B13,RAMP_501_1500,CREATED,idem-20260902-ios-0645
646,MTR-IOS-0646,Personal,Personal,Future Building,Emergency Fund,Transfer,2026-01-14,19:02:38,2026-01-14 19:02:38,14330.2,INR,0.0,IOS Owner,,,MAESTRO-IOS-PERSONAL-FUTURE_BUILDING-0646 | Emergency Fund | 14330.20,iPhone,B13,RAMP_501_1500,CREATED,idem-20260902-ios-0646
647,MTR-IOS-0647,Group,Shared Living,Flatmates,Groceries,Expense,2026-05-12,20:11:37,2026-05-12 20:11:37,7284.49,INR,-7284.49,IOS Meera,3,SHARES,MAESTRO-IOS-GROUP-FLATMATES-0647 | Groceries | 7284.49,iPhone,B13,RAMP_501_1500,CREATED,idem-20260902-ios-0647
648,MTR-IOS-0648,Business,Business,Team Operations,Training,Expense,2026-02-28,21:06:38,2026-02-28 21:06:38,116121.95,INR,-116121.95,IOS Owner,,,MAESTRO-IOS-BUSINESS-TEAM_OPERATIONS-0648 | Training | 116121.95,iPhone,B13,RAMP_501_1500,CREATED,idem-20260902-ios-0648
649,MTR-IOS-0649,Personal,Personal,Future Building,Investments,Investment,2026-04-18,16:54:43,2026-04-18 16:54:43,12140.13,INR,0.0,IOS Owner,,,MAESTRO-IOS-PERSONAL-FUTURE_BUILDING-0649 | Investments | 12140.13,iPhone,B13,RAMP_501_1500,CREATED,idem-20260902-ios-0649
650,MTR-IOS-0650,Group,Shared Living,Flatmates,Internet,Expense,2026-04-07,02:54:24,2026-04-07 02:54:24,10859.57,INR,-10859.57,IOS Owner,3,EQUAL,MAESTRO-IOS-GROUP-FLATMATES-0650 | Internet | 10859.57,iPhone,B13,RAMP_501_1500,CREATED,idem-20260902-ios-0650
651,MTR-IOS-0651,Business,Business,Team Operations,Tools,Expense,2025-10-18,17:30:20,2025-10-18 17:30:20,77257.32,INR,-77257.32,IOS Owner,,,MAESTRO-IOS-BUSINESS-TEAM_OPERATIONS-0651 | Tools | 77257.32,iPhone,B14,RAMP_501_1500,CREATED,idem-20260902-ios-0651
652,MTR-IOS-0652,Personal,Personal,Future Building,Education,Expense,2026-03-24,15:35:29,2026-03-24 15:35:29,10191.41,INR,-10191.41,IOS Owner,,,MAESTRO-IOS-PERSONAL-FUTURE_BUILDING-0652 | Education | 10191.41,iPhone,B14,RAMP_501_1500,CREATED,idem-20260902-ios-0652
653,MTR-IOS-0653,Group,Shared Living,Flatmates,House Supplies,Expense,2026-05-26,06:28:42,2026-05-26 06:28:42,10478.53,INR,-10478.53,IOS Aarav,3,PERCENTAGE,MAESTRO-IOS-GROUP-FLATMATES-0653 | House Supplies | 10478.53,iPhone,B14,RAMP_501_1500,CREATED,idem-20260902-ios-0653
654,MTR-IOS-0654,Business,Business,Business Runway,Funding,Income,2026-06-18,01:34:21,2026-06-18 01:34:21,17416.81,INR,17416.81,IOS Owner,,,MAESTRO-IOS-BUSINESS-BUSINESS_RUNWAY-0654 | Funding | 17416.81,iPhone,B14,RAMP_501_1500,CREATED,idem-20260902-ios-0654
655,MTR-IOS-0655,Personal,Personal,Future Building,Goal Contribution,Transfer,2026-01-20,11:06:32,2026-01-20 11:06:32,3056.43,INR,0.0,IOS Owner,,,MAESTRO-IOS-PERSONAL-FUTURE_BUILDING-0655 | Goal Contribution | 3056.43,iPhone,B14,RAMP_501_1500,CREATED,idem-20260902-ios-0655
656,MTR-IOS-0656,Group,Shared Living,Flatmates,Repairs,Expense,2026-01-29,12:34:45,2026-01-29 12:34:45,25866.47,INR,-25866.47,IOS Meera,3,EXACT,MAESTRO-IOS-GROUP-FLATMATES-0656 | Repairs | 25866.47,iPhone,B14,RAMP_501_1500,CREATED,idem-20260902-ios-0656
657,MTR-IOS-0657,Business,Business,Business Runway,Revenue,Income,2025-12-10,10:16:55,2025-12-10 10:16:55,156133.13,INR,156133.13,IOS Owner,,,MAESTRO-IOS-BUSINESS-BUSINESS_RUNWAY-0657 | Revenue | 156133.13,iPhone,B14,RAMP_501_1500,CREATED,idem-20260902-ios-0657
658,MTR-IOS-0658,Personal,Personal,Lifestyle,Dining,Expense,2026-02-04,12:39:42,2026-02-04 12:39:42,16337.08,INR,-16337.08,IOS Owner,,,MAESTRO-IOS-PERSONAL-LIFESTYLE-0658 | Dining | 16337.08,iPhone,B14,RAMP_501_1500,CREATED,idem-20260902-ios-0658
659,MTR-IOS-0659,Group,Shared Living,Shared Living,Rent,Expense,2026-02-14,06:59:32,2026-02-14 06:59:32,23329.24,INR,-23329.24,IOS Owner,3,SHARES,MAESTRO-IOS-GROUP-SHARED_LIVING-0659 | Rent | 23329.24,iPhone,B14,RAMP_501_1500,CREATED,idem-20260902-ios-0659
660,MTR-IOS-0660,Business,Business,Business Runway,Burn,Expense,2025-12-08,12:43:59,2025-12-08 12:43:59,45200.28,INR,-45200.28,IOS Owner,,,MAESTRO-IOS-BUSINESS-BUSINESS_RUNWAY-0660 | Burn | 45200.28,iPhone,B14,RAMP_501_1500,CREATED,idem-20260902-ios-0660
661,MTR-IOS-0661,Personal,Personal,Lifestyle,Shopping,Expense,2026-01-30,18:41:25,2026-01-30 18:41:25,2514.51,INR,-2514.51,IOS Owner,,,MAESTRO-IOS-PERSONAL-LIFESTYLE-0661 | Shopping | 2514.51,iPhone,B14,RAMP_501_1500,CREATED,idem-20260902-ios-0661
662,MTR-IOS-0662,Group,Shared Living,Shared Living,Utilities,Expense,2026-03-09,06:02:17,2026-03-09 06:02:17,14423.91,INR,-14423.91,IOS Aarav,3,EQUAL,MAESTRO-IOS-GROUP-SHARED_LIVING-0662 | Utilities | 14423.91,iPhone,B14,RAMP_501_1500,CREATED,idem-20260902-ios-0662
663,MTR-IOS-0663,Business,Business,Business Runway,Reserve,Transfer,2026-07-26,18:33:52,2026-07-26 18:33:52,63590.72,INR,0.0,IOS Owner,,,MAESTRO-IOS-BUSINESS-BUSINESS_RUNWAY-0663 | Reserve | 63590.72,iPhone,B14,RAMP_501_1500,CREATED,idem-20260902-ios-0663
664,MTR-IOS-0664,Personal,Personal,Lifestyle,Entertainment,Expense,2026-05-03,14:30:38,2026-05-03 14:30:38,16640.07,INR,-16640.07,IOS Owner,,,MAESTRO-IOS-PERSONAL-LIFESTYLE-0664 | Entertainment | 16640.07,iPhone,B14,RAMP_501_1500,CREATED,idem-20260902-ios-0664
665,MTR-IOS-0665,Group,Shared Living,Shared Living,Groceries,Expense,2026-07-18,00:02:20,2026-07-18 00:02:20,25181.9,INR,-25181.9,IOS Meera,3,PERCENTAGE,MAESTRO-IOS-GROUP-SHARED_LIVING-0665 | Groceries | 25181.90,iPhone,B14,RAMP_501_1500,CREATED,idem-20260902-ios-0665
666,MTR-IOS-0666,Business,Business,Business Runway,Loan,Income,2025-09-13,00:13:07,2025-09-13 00:13:07,0.01,INR,0.01,IOS Owner,,,MAESTRO-IOS-BUSINESS-BUSINESS_RUNWAY-0666 | Loan | 0.01,iPhone,B14,RAMP_501_1500,CREATED,idem-20260902-ios-0666
667,MTR-IOS-0667,Personal,Personal,Lifestyle,Travel,Expense,2026-01-13,04:42:58,2026-01-13 04:42:58,7243.96,INR,-7243.96,IOS Owner,,,MAESTRO-IOS-PERSONAL-LIFESTYLE-0667 | Travel | 7243.96,iPhone,B14,RAMP_501_1500,CREATED,idem-20260902-ios-0667
668,MTR-IOS-0668,Group,Shared Living,Shared Living,Maintenance,Expense,2026-03-27,13:46:24,2026-03-27 13:46:24,23437.48,INR,-23437.48,IOS Owner,3,EXACT,MAESTRO-IOS-GROUP-SHARED_LIVING-0668 | Maintenance | 23437.48,iPhone,B14,RAMP_501_1500,CREATED,idem-20260902-ios-0668
669,MTR-IOS-0669,Business,Business,Business Runway,Investment,Income,2026-06-18,14:39:53,2026-06-18 14:39:53,105148.78,INR,105148.78,IOS Owner,,,MAESTRO-IOS-BUSINESS-BUSINESS_RUNWAY-0669 | Investment | 105148.78,iPhone,B14,RAMP_501_1500,CREATED,idem-20260902-ios-0669
670,MTR-IOS-0670,Personal,Personal,Lifestyle,Fitness,Expense,2026-02-04,19:48:18,2026-02-04 19:48:18,4358.27,INR,-4358.27,IOS Owner,,,MAESTRO-IOS-PERSONAL-LIFESTYLE-0670 | Fitness | 4358.27,iPhone,B14,RAMP_501_1500,CREATED,idem-20260902-ios-0670
671,MTR-IOS-0671,Group,Shared Living,Shared Living,Other,Expense,2025-11-23,14:16:31,2025-11-23 14:16:31,14876.55,INR,-14876.55,IOS Aarav,3,SHARES,MAESTRO-IOS-GROUP-SHARED_LIVING-0671 | Other | 14876.55,iPhone,B14,RAMP_501_1500,CREATED,idem-20260902-ios-0671
672,MTR-IOS-0672,Business,Business,Business Operations,Software,Expense,2026-01-26,19:19:11,2026-01-26 19:19:11,79573.49,INR,-79573.49,IOS Owner,,,MAESTRO-IOS-BUSINESS-BUSINESS_OPERATIONS-0672 | Software | 79573.49,iPhone,B14,RAMP_501_1500,CREATED,idem-20260902-ios-0672
673,MTR-IOS-0673,Personal,Personal,Lifestyle,Hobbies,Expense,2025-12-27,00:56:38,2025-12-27 00:56:38,17463.77,INR,-17463.77,IOS Owner,,,MAESTRO-IOS-PERSONAL-LIFESTYLE-0673 | Hobbies | 17463.77,iPhone,B14,RAMP_501_1500,CREATED,idem-20260902-ios-0673
674,MTR-IOS-0674,Group,Shared Living,Family Household,Transport,Expense,2026-06-13,01:03:20,2026-06-13 01:03:20,8750.79,INR,-8750.79,IOS Meera,3,EQUAL,MAESTRO-IOS-GROUP-FAMILY_HOUSEHOLD-0674 | Transport | 8750.79,iPhone,B14,RAMP_501_1500,CREATED,idem-20260902-ios-0674
675,MTR-IOS-0675,Business,Business,Business Operations,Rent,Expense,2026-06-22,07:20:01,2026-06-22 07:20:01,90412.63,INR,-90412.63,IOS Owner,,,MAESTRO-IOS-BUSINESS-BUSINESS_OPERATIONS-0675 | Rent | 90412.63,iPhone,B14,RAMP_501_1500,CREATED,idem-20260902-ios-0675
676,MTR-IOS-0676,Personal,Personal,Relationships,Gifts,Expense,2025-11-24,20:24:14,2025-11-24 20:24:14,11351.96,INR,-11351.96,IOS Owner,,,MAESTRO-IOS-PERSONAL-RELATIONSHIPS-0676 | Gifts | 11351.96,iPhone,B14,RAMP_501_1500,CREATED,idem-20260902-ios-0676
677,MTR-IOS-0677,Group,Shared Living,Family Household,Bills,Expense,2026-01-13,01:30:50,2026-01-13 01:30:50,18927.92,INR,-18927.92,IOS Owner,3,PERCENTAGE,MAESTRO-IOS-GROUP-FAMILY_HOUSEHOLD-0677 | Bills | 18927.92,iPhone,B14,RAMP_501_1500,CREATED,idem-20260902-ios-0677
678,MTR-IOS-0678,Business,Business,Business Operations,Marketing,Expense,2026-04-12,09:13:02,2026-04-12 09:13:02,106145.75,INR,-106145.75,IOS Owner,,,MAESTRO-IOS-BUSINESS-BUSINESS_OPERATIONS-0678 | Marketing | 106145.75,iPhone,B14,RAMP_501_1500,CREATED,idem-20260902-ios-0678
679,MTR-IOS-0679,Personal,Personal,Relationships,Dates,Expense,2026-03-16,20:11:04,2026-03-16 20:11:04,12471.96,INR,-12471.96,IOS Owner,,,MAESTRO-IOS-PERSONAL-RELATIONSHIPS-0679 | Dates | 12471.96,iPhone,B14,RAMP_501_1500,CREATED,idem-20260902-ios-0679
680,MTR-IOS-0680,Group,Shared Living,Family Household,Utilities,Expense,2026-01-27,19:25:19,2026-01-27 19:25:19,24620.33,INR,-24620.33,IOS Aarav,3,EXACT,MAESTRO-IOS-GROUP-FAMILY_HOUSEHOLD-0680 | Utilities | 24620.33,iPhone,B14,RAMP_501_1500,CREATED,idem-20260902-ios-0680
681,MTR-IOS-0681,Business,Business,Business Operations,Legal,Expense,2025-11-20,01:20:06,2025-11-20 01:20:06,66718.7,INR,-66718.7,IOS Owner,,,MAESTRO-IOS-BUSINESS-BUSINESS_OPERATIONS-0681 | Legal | 66718.70,iPhone,B14,RAMP_501_1500,CREATED,idem-20260902-ios-0681
682,MTR-IOS-0682,Personal,Personal,Relationships,Family,Expense,2025-12-25,11:36:05,2025-12-25 11:36:05,12715.36,INR,-12715.36,IOS Owner,,,MAESTRO-IOS-PERSONAL-RELATIONSHIPS-0682 | Family | 12715.36,iPhone,B14,RAMP_501_1500,CREATED,idem-20260902-ios-0682
683,MTR-IOS-0683,Group,Shared Living,Family Household,Healthcare,Expense,2025-12-12,20:04:11,2025-12-12 20:04:11,14560.41,INR,-14560.41,IOS Meera,3,SHARES,MAESTRO-IOS-GROUP-FAMILY_HOUSEHOLD-0683 | Healthcare | 14560.41,iPhone,B14,RAMP_501_1500,CREATED,idem-20260902-ios-0683
684,MTR-IOS-0684,Business,Business,Business Operations,Accounting,Expense,2026-03-11,21:17:09,2026-03-11 21:17:09,45441.68,INR,-45441.68,IOS Owner,,,MAESTRO-IOS-BUSINESS-BUSINESS_OPERATIONS-0684 | Accounting | 45441.68,iPhone,B14,RAMP_501_1500,CREATED,idem-20260902-ios-0684
685,MTR-IOS-0685,Personal,Personal,Relationships,Friends,Expense,2026-03-29,22:25:34,2026-03-29 22:25:34,2768.7,INR,-2768.7,IOS Owner,,,MAESTRO-IOS-PERSONAL-RELATIONSHIPS-0685 | Friends | 2768.70,iPhone,B14,RAMP_501_1500,CREATED,idem-20260902-ios-0685
686,MTR-IOS-0686,Group,Shared Living,Family Household,School,Expense,2025-10-09,01:13:47,2025-10-09 01:13:47,16747.63,INR,-16747.63,IOS Owner,3,EQUAL,MAESTRO-IOS-GROUP-FAMILY_HOUSEHOLD-0686 | School | 16747.63,iPhone,B14,RAMP_501_1500,CREATED,idem-20260902-ios-0686
687,MTR-IOS-0687,Business,Business,Business Operations,Equipment,Expense,2026-06-29,17:48:23,2026-06-29 17:48:23,156479.18,INR,-156479.18,IOS Owner,,,MAESTRO-IOS-BUSINESS-BUSINESS_OPERATIONS-0687 | Equipment | 156479.18,iPhone,B14,RAMP_501_1500,CREATED,idem-20260902-ios-0687
688,MTR-IOS-0688,Personal,Personal,Relationships,Celebrations,Expense,2026-03-22,14:54:48,2026-03-22 14:54:48,2924.18,INR,-2924.18,IOS Owner,,,MAESTRO-IOS-PERSONAL-RELATIONSHIPS-0688 | Celebrations | 2924.18,iPhone,B14,RAMP_501_1500,CREATED,idem-20260902-ios-0688
689,MTR-IOS-0689,Group,Shared Living,Family Household,Other,Expense,2026-04-01,23:20:46,2026-04-01 23:20:46,4309.21,INR,-4309.21,IOS Aarav,3,PERCENTAGE,MAESTRO-IOS-GROUP-FAMILY_HOUSEHOLD-0689 | Other | 4309.21,iPhone,B14,RAMP_501_1500,CREATED,idem-20260902-ios-0689
690,MTR-IOS-0690,Business,Business,Business Operations,Vendor,Expense,2026-02-27,13:06:54,2026-02-27 13:06:54,54000.51,INR,-54000.51,IOS Owner,,,MAESTRO-IOS-BUSINESS-BUSINESS_OPERATIONS-0690 | Vendor | 54000.51,iPhone,B14,RAMP_501_1500,CREATED,idem-20260902-ios-0690
691,MTR-IOS-0691,Personal,Personal,Life Operations,Groceries,Expense,2026-05-30,20:21:25,2026-05-30 20:21:25,1047.76,INR,-1047.76,IOS Owner,,,MAESTRO-IOS-PERSONAL-LIFE_OPERATIONS-0691 | Groceries | 1047.76,iPhone,B14,RAMP_501_1500,CREATED,idem-20260902-ios-0691
692,MTR-IOS-0692,Group,Shared Living,Custom Living,Custom Expense,Expense,2026-07-22,22:06:44,2026-07-22 22:06:44,3797.62,INR,-3797.62,IOS Meera,3,EXACT,MAESTRO-IOS-GROUP-CUSTOM_LIVING-0692 | Custom Expense | 3797.62,iPhone,B14,RAMP_501_1500,CREATED,idem-20260902-ios-0692
693,MTR-IOS-0693,Business,Business,Business Operations,Tax,Expense,2026-02-27,04:14:57,2026-02-27 04:14:57,103463.52,INR,-103463.52,IOS Owner,,,MAESTRO-IOS-BUSINESS-BUSINESS_OPERATIONS-0693 | Tax | 103463.52,iPhone,B14,RAMP_501_1500,CREATED,idem-20260902-ios-0693
694,MTR-IOS-0694,Personal,Personal,Life Operations,Rent,Expense,2025-10-17,03:04:46,2025-10-17 03:04:46,17524.19,INR,-17524.19,IOS Owner,,,MAESTRO-IOS-PERSONAL-LIFE_OPERATIONS-0694 | Rent | 17524.19,iPhone,B14,RAMP_501_1500,CREATED,idem-20260902-ios-0694
695,MTR-IOS-0695,Group,Shared Living,Custom Living,Custom Contribution,Contribution,2026-07-14,10:37:33,2026-07-14 10:37:33,15542.73,INR,15542.73,IOS Owner,3,SHARES,MAESTRO-IOS-GROUP-CUSTOM_LIVING-0695 | Custom Contribution | 15542.73,iPhone,B14,RAMP_501_1500,CREATED,idem-20260902-ios-0695
696,MTR-IOS-0696,Business,Business,Team Operations,Payroll,Expense,2026-04-10,07:05:10,2026-04-10 07:05:10,103715.04,INR,-103715.04,IOS Owner,,,MAESTRO-IOS-BUSINESS-TEAM_OPERATIONS-0696 | Payroll | 103715.04,iPhone,B14,RAMP_501_1500,CREATED,idem-20260902-ios-0696
697,MTR-IOS-0697,Personal,Personal,Life Operations,Bills,Expense,2026-05-25,17:28:55,2026-05-25 17:28:55,16131.41,INR,-16131.41,IOS Owner,,,MAESTRO-IOS-PERSONAL-LIFE_OPERATIONS-0697 | Bills | 16131.41,iPhone,B14,RAMP_501_1500,CREATED,idem-20260902-ios-0697
698,MTR-IOS-0698,Group,Shared Experience,Trip,Travel,Expense,2026-01-27,17:38:36,2026-01-27 17:38:36,14568.64,INR,-14568.64,IOS Aarav,3,EQUAL,MAESTRO-IOS-GROUP-TRIP-0698 | Travel | 14568.64,iPhone,B14,RAMP_501_1500,CREATED,idem-20260902-ios-0698
699,MTR-IOS-0699,Business,Business,Team Operations,Contractor,Expense,2026-07-26,09:39:53,2026-07-26 09:39:53,55338.53,INR,-55338.53,IOS Owner,,,MAESTRO-IOS-BUSINESS-TEAM_OPERATIONS-0699 | Contractor | 55338.53,iPhone,B14,RAMP_501_1500,CREATED,idem-20260902-ios-0699
700,MTR-IOS-0700,Personal,Personal,Life Operations,Transport,Expense,2026-04-06,17:49:39,2026-04-06 17:49:39,437.1,INR,-437.1,IOS Owner,,,MAESTRO-IOS-PERSONAL-LIFE_OPERATIONS-0700 | Transport | 437.10,iPhone,B14,RAMP_501_1500,CREATED,idem-20260902-ios-0700
701,MTR-IOS-0701,Group,Shared Experience,Trip,Stay,Expense,2025-11-08,22:57:34,2025-11-08 22:57:34,19775.46,INR,-19775.46,IOS Meera,3,PERCENTAGE,MAESTRO-IOS-GROUP-TRIP-0701 | Stay | 19775.46,iPhone,B15,RAMP_501_1500,CREATED,idem-20260902-ios-0701
702,MTR-IOS-0702,Business,Business,Team Operations,Hiring,Expense,2026-03-29,09:05:31,2026-03-29 09:05:31,10190.11,INR,-10190.11,IOS Owner,,,MAESTRO-IOS-BUSINESS-TEAM_OPERATIONS-0702 | Hiring | 10190.11,iPhone,B15,RAMP_501_1500,CREATED,idem-20260902-ios-0702
703,MTR-IOS-0703,Personal,Personal,Life Operations,Healthcare,Expense,2026-08-27,21:16:17,2026-08-27 21:16:17,1.0,INR,-1.0,IOS Owner,,,MAESTRO-IOS-PERSONAL-LIFE_OPERATIONS-0703 | Healthcare | 1.00,iPhone,B15,RAMP_501_1500,CREATED,idem-20260902-ios-0703
704,MTR-IOS-0704,Group,Shared Experience,Trip,Food,Expense,2026-05-20,11:13:35,2026-05-20 11:13:35,19361.31,INR,-19361.31,IOS Owner,3,EXACT,MAESTRO-IOS-GROUP-TRIP-0704 | Food | 19361.31,iPhone,B15,RAMP_501_1500,CREATED,idem-20260902-ios-0704
705,MTR-IOS-0705,Business,Business,Team Operations,Team Meal,Expense,2026-03-18,20:38:14,2026-03-18 20:38:14,150844.06,INR,-150844.06,IOS Owner,,,MAESTRO-IOS-BUSINESS-TEAM_OPERATIONS-0705 | Team Meal | 150844.06,iPhone,B15,RAMP_501_1500,CREATED,idem-20260902-ios-0705
706,MTR-IOS-0706,Personal,Personal,Life Operations,Subscriptions,Expense,2025-10-17,07:34:25,2025-10-17 07:34:25,8937.23,INR,-8937.23,IOS Owner,,,MAESTRO-IOS-PERSONAL-LIFE_OPERATIONS-0706 | Subscriptions | 8937.23,iPhone,B15,RAMP_501_1500,CREATED,idem-20260902-ios-0706
707,MTR-IOS-0707,Group,Shared Experience,Trip,Local Transport,Expense,2025-09-25,05:03:55,2025-09-25 05:03:55,4297.14,INR,-4297.14,IOS Aarav,3,SHARES,MAESTRO-IOS-GROUP-TRIP-0707 | Local Transport | 4297.14,iPhone,B15,RAMP_501_1500,CREATED,idem-20260902-ios-0707
708,MTR-IOS-0708,Business,Business,Team Operations,Travel,Expense,2025-11-14,07:25:07,2025-11-14 07:25:07,6816.0,INR,-6816.0,IOS Owner,,,MAESTRO-IOS-BUSINESS-TEAM_OPERATIONS-0708 | Travel | 6816.00,iPhone,B15,RAMP_501_1500,CREATED,idem-20260902-ios-0708
709,MTR-IOS-0709,Personal,Personal,Life Operations,Repairs,Expense,2026-07-24,10:04:18,2026-07-24 10:04:18,5359.78,INR,-5359.78,IOS Owner,,,MAESTRO-IOS-PERSONAL-LIFE_OPERATIONS-0709 | Repairs | 5359.78,iPhone,B15,RAMP_501_1500,CREATED,idem-20260902-ios-0709
710,MTR-IOS-0710,Group,Shared Experience,Trip,Activities,Expense,2026-07-13,14:23:07,2026-07-13 14:23:07,20209.87,INR,-20209.87,IOS Meera,3,EQUAL,MAESTRO-IOS-GROUP-TRIP-0710 | Activities | 20209.87,iPhone,B15,RAMP_501_1500,CREATED,idem-20260902-ios-0710
711,MTR-IOS-0711,Business,Business,Team Operations,Training,Expense,2025-12-22,04:23:08,2025-12-22 04:23:08,89853.31,INR,-89853.31,IOS Owner,,,MAESTRO-IOS-BUSINESS-TEAM_OPERATIONS-0711 | Training | 89853.31,iPhone,B15,RAMP_501_1500,CREATED,idem-20260902-ios-0711
712,MTR-IOS-0712,Personal,Personal,Future Building,Savings,Transfer,2026-03-18,11:38:44,2026-03-18 11:38:44,16214.63,INR,0.0,IOS Owner,,,MAESTRO-IOS-PERSONAL-FUTURE_BUILDING-0712 | Savings | 16214.63,iPhone,B15,RAMP_501_1500,CREATED,idem-20260902-ios-0712
713,MTR-IOS-0713,Group,Shared Experience,Trip,Shopping,Expense,2026-02-23,09:36:32,2026-02-23 09:36:32,19645.05,INR,-19645.05,IOS Owner,3,PERCENTAGE,MAESTRO-IOS-GROUP-TRIP-0713 | Shopping | 19645.05,iPhone,B15,RAMP_501_1500,CREATED,idem-20260902-ios-0713
714,MTR-IOS-0714,Business,Business,Team Operations,Tools,Expense,2026-07-09,18:43:02,2026-07-09 18:43:02,158190.71,INR,-158190.71,IOS Owner,,,MAESTRO-IOS-BUSINESS-TEAM_OPERATIONS-0714 | Tools | 158190.71,iPhone,B15,RAMP_501_1500,CREATED,idem-20260902-ios-0714
715,MTR-IOS-0715,Personal,Personal,Future Building,Emergency Fund,Transfer,2026-05-23,13:49:28,2026-05-23 13:49:28,1733.85,INR,0.0,IOS Owner,,,MAESTRO-IOS-PERSONAL-FUTURE_BUILDING-0715 | Emergency Fund | 1733.85,iPhone,B15,RAMP_501_1500,CREATED,idem-20260902-ios-0715
716,MTR-IOS-0716,Group,Shared Experience,Trip,Other,Expense,2025-12-13,05:56:18,2025-12-13 05:56:18,6347.16,INR,-6347.16,IOS Aarav,3,EXACT,MAESTRO-IOS-GROUP-TRIP-0716 | Other | 6347.16,iPhone,B15,RAMP_501_1500,CREATED,idem-20260902-ios-0716
717,MTR-IOS-0717,Business,Business,Business Runway,Funding,Income,2025-09-25,09:36:58,2025-09-25 09:36:58,147493.0,INR,147493.0,IOS Owner,,,MAESTRO-IOS-BUSINESS-BUSINESS_RUNWAY-0717 | Funding | 147493.00,iPhone,B15,RAMP_501_1500,CREATED,idem-20260902-ios-0717
718,MTR-IOS-0718,Personal,Personal,Future Building,Investments,Investment,2026-05-28,11:33:29,2026-05-28 11:33:29,6967.55,INR,0.0,IOS Owner,,,MAESTRO-IOS-PERSONAL-FUTURE_BUILDING-0718 | Investments | 6967.55,iPhone,B15,RAMP_501_1500,CREATED,idem-20260902-ios-0718
719,MTR-IOS-0719,Group,Shared Experience,Wedding,Venue,Expense,2026-06-05,06:24:41,2026-06-05 06:24:41,21269.75,INR,-21269.75,IOS Meera,3,SHARES,MAESTRO-IOS-GROUP-WEDDING-0719 | Venue | 21269.75,iPhone,B15,RAMP_501_1500,CREATED,idem-20260902-ios-0719
720,MTR-IOS-0720,Business,Business,Business Runway,Revenue,Income,2025-09-09,11:15:17,2025-09-09 11:15:17,8064.37,INR,8064.37,IOS Owner,,,MAESTRO-IOS-BUSINESS-BUSINESS_RUNWAY-0720 | Revenue | 8064.37,iPhone,B15,RAMP_501_1500,CREATED,idem-20260902-ios-0720
721,MTR-IOS-0721,Personal,Personal,Future Building,Education,Expense,2026-02-22,21:47:30,2026-02-22 21:47:30,14677.29,INR,-14677.29,IOS Owner,,,MAESTRO-IOS-PERSONAL-FUTURE_BUILDING-0721 | Education | 14677.29,iPhone,B15,RAMP_501_1500,CREATED,idem-20260902-ios-0721
722,MTR-IOS-0722,Group,Shared Experience,Wedding,Catering,Expense,2026-01-21,01:50:00,2026-01-21 01:50:00,4701.97,INR,-4701.97,IOS Owner,3,EQUAL,MAESTRO-IOS-GROUP-WEDDING-0722 | Catering | 4701.97,iPhone,B15,RAMP_501_1500,CREATED,idem-20260902-ios-0722
723,MTR-IOS-0723,Business,Business,Business Runway,Burn,Expense,2026-08-09,21:06:51,2026-08-09 21:06:51,49946.97,INR,-49946.97,IOS Owner,,,MAESTRO-IOS-BUSINESS-BUSINESS_RUNWAY-0723 | Burn | 49946.97,iPhone,B15,RAMP_501_1500,CREATED,idem-20260902-ios-0723
724,MTR-IOS-0724,Personal,Personal,Future Building,Goal Contribution,Transfer,2025-11-07,06:33:38,2025-11-07 06:33:38,10016.45,INR,0.0,IOS Owner,,,MAESTRO-IOS-PERSONAL-FUTURE_BUILDING-0724 | Goal Contribution | 10016.45,iPhone,B15,RAMP_501_1500,CREATED,idem-20260902-ios-0724
725,MTR-IOS-0725,Group,Shared Experience,Wedding,Decor,Expense,2025-09-25,15:05:34,2025-09-25 15:05:34,9738.32,INR,-9738.32,IOS Aarav,3,PERCENTAGE,MAESTRO-IOS-GROUP-WEDDING-0725 | Decor | 9738.32,iPhone,B15,RAMP_501_1500,CREATED,idem-20260902-ios-0725
726,MTR-IOS-0726,Business,Business,Business Runway,Reserve,Transfer,2026-04-22,00:49:53,2026-04-22 00:49:53,153038.66,INR,0.0,IOS Owner,,,MAESTRO-IOS-BUSINESS-BUSINESS_RUNWAY-0726 | Reserve | 153038.66,iPhone,B15,RAMP_501_1500,CREATED,idem-20260902-ios-0726
727,MTR-IOS-0727,Personal,Personal,Lifestyle,Dining,Expense,2026-08-25,01:25:49,2026-08-25 01:25:49,9084.07,INR,-9084.07,IOS Owner,,,MAESTRO-IOS-PERSONAL-LIFESTYLE-0727 | Dining | 9084.07,iPhone,B15,RAMP_501_1500,CREATED,idem-20260902-ios-0727
728,MTR-IOS-0728,Group,Shared Experience,Wedding,Travel,Expense,2026-08-09,08:10:48,2026-08-09 08:10:48,6227.89,INR,-6227.89,IOS Meera,3,EXACT,MAESTRO-IOS-GROUP-WEDDING-0728 | Travel | 6227.89,iPhone,B15,RAMP_501_1500,CREATED,idem-20260902-ios-0728
729,MTR-IOS-0729,Business,Business,Business Runway,Loan,Income,2026-03-26,06:15:36,2026-03-26 06:15:36,153951.13,INR,153951.13,IOS Owner,,,MAESTRO-IOS-BUSINESS-BUSINESS_RUNWAY-0729 | Loan | 153951.13,iPhone,B15,RAMP_501_1500,CREATED,idem-20260902-ios-0729
730,MTR-IOS-0730,Personal,Personal,Lifestyle,Shopping,Expense,2026-08-25,07:38:54,2026-08-25 07:38:54,17362.93,INR,-17362.93,IOS Owner,,,MAESTRO-IOS-PERSONAL-LIFESTYLE-0730 | Shopping | 17362.93,iPhone,B15,RAMP_501_1500,CREATED,idem-20260902-ios-0730
731,MTR-IOS-0731,Group,Shared Experience,Wedding,Gifts,Expense,2026-06-26,18:35:13,2026-06-26 18:35:13,21170.4,INR,-21170.4,IOS Owner,3,SHARES,MAESTRO-IOS-GROUP-WEDDING-0731 | Gifts | 21170.40,iPhone,B15,RAMP_501_1500,CREATED,idem-20260902-ios-0731
732,MTR-IOS-0732,Business,Business,Business Runway,Investment,Income,2025-11-18,04:07:00,2025-11-18 04:07:00,97906.29,INR,97906.29,IOS Owner,,,MAESTRO-IOS-BUSINESS-BUSINESS_RUNWAY-0732 | Investment | 97906.29,iPhone,B15,RAMP_501_1500,CREATED,idem-20260902-ios-0732
733,MTR-IOS-0733,Personal,Personal,Lifestyle,Entertainment,Expense,2026-03-27,14:34:19,2026-03-27 14:34:19,15358.89,INR,-15358.89,IOS Owner,,,MAESTRO-IOS-PERSONAL-LIFESTYLE-0733 | Entertainment | 15358.89,iPhone,B15,RAMP_501_1500,CREATED,idem-20260902-ios-0733
734,MTR-IOS-0734,Group,Shared Experience,Wedding,Photography,Expense,2026-06-16,16:33:55,2026-06-16 16:33:55,1628.58,INR,-1628.58,IOS Aarav,3,EQUAL,MAESTRO-IOS-GROUP-WEDDING-0734 | Photography | 1628.58,iPhone,B15,RAMP_501_1500,CREATED,idem-20260902-ios-0734
735,MTR-IOS-0735,Business,Business,Business Operations,Software,Expense,2025-12-12,02:59:31,2025-12-12 02:59:31,136529.31,INR,-136529.31,IOS Owner,,,MAESTRO-IOS-BUSINESS-BUSINESS_OPERATIONS-0735 | Software | 136529.31,iPhone,B15,RAMP_501_1500,CREATED,idem-20260902-ios-0735
736,MTR-IOS-0736,Personal,Personal,Lifestyle,Travel,Expense,2026-05-30,11:19:12,2026-05-30 11:19:12,535.57,INR,-535.57,IOS Owner,,,MAESTRO-IOS-PERSONAL-LIFESTYLE-0736 | Travel | 535.57,iPhone,B15,RAMP_501_1500,CREATED,idem-20260902-ios-0736
737,MTR-IOS-0737,Group,Shared Experience,Wedding,Other,Expense,2025-09-18,23:52:51,2025-09-18 23:52:51,24412.88,INR,-24412.88,IOS Meera,3,PERCENTAGE,MAESTRO-IOS-GROUP-WEDDING-0737 | Other | 24412.88,iPhone,B15,RAMP_501_1500,CREATED,idem-20260902-ios-0737
738,MTR-IOS-0738,Business,Business,Business Operations,Rent,Expense,2025-12-16,19:44:13,2025-12-16 19:44:13,160362.52,INR,-160362.52,IOS Owner,,,MAESTRO-IOS-BUSINESS-BUSINESS_OPERATIONS-0738 | Rent | 160362.52,iPhone,B15,RAMP_501_1500,CREATED,idem-20260902-ios-0738
739,MTR-IOS-0739,Personal,Personal,Lifestyle,Fitness,Expense,2026-08-16,17:02:20,2026-08-16 17:02:20,2004.96,INR,-2004.96,IOS Owner,,,MAESTRO-IOS-PERSONAL-LIFESTYLE-0739 | Fitness | 2004.96,iPhone,B15,RAMP_501_1500,CREATED,idem-20260902-ios-0739
740,MTR-IOS-0740,Group,Shared Experience,Office Outing,Food,Expense,2026-05-25,15:21:05,2026-05-25 15:21:05,99.99,INR,-99.99,IOS Owner,3,EXACT,MAESTRO-IOS-GROUP-OFFICE_OUTING-0740 | Food | 99.99,iPhone,B15,RAMP_501_1500,CREATED,idem-20260902-ios-0740
741,MTR-IOS-0741,Business,Business,Business Operations,Marketing,Expense,2026-06-22,00:40:07,2026-06-22 00:40:07,135306.51,INR,-135306.51,IOS Owner,,,MAESTRO-IOS-BUSINESS-BUSINESS_OPERATIONS-0741 | Marketing | 135306.51,iPhone,B15,RAMP_501_1500,CREATED,idem-20260902-ios-0741
742,MTR-IOS-0742,Personal,Personal,Lifestyle,Hobbies,Expense,2026-08-06,02:31:40,2026-08-06 02:31:40,17468.71,INR,-17468.71,IOS Owner,,,MAESTRO-IOS-PERSONAL-LIFESTYLE-0742 | Hobbies | 17468.71,iPhone,B15,RAMP_501_1500,CREATED,idem-20260902-ios-0742
743,MTR-IOS-0743,Group,Shared Experience,Office Outing,Travel,Expense,2025-11-03,01:39:18,2025-11-03 01:39:18,2545.06,INR,-2545.06,IOS Aarav,3,SHARES,MAESTRO-IOS-GROUP-OFFICE_OUTING-0743 | Travel | 2545.06,iPhone,B15,RAMP_501_1500,CREATED,idem-20260902-ios-0743
744,MTR-IOS-0744,Business,Business,Business Operations,Legal,Expense,2025-11-01,20:33:51,2025-11-01 20:33:51,46733.45,INR,-46733.45,IOS Owner,,,MAESTRO-IOS-BUSINESS-BUSINESS_OPERATIONS-0744 | Legal | 46733.45,iPhone,B15,RAMP_501_1500,CREATED,idem-20260902-ios-0744
745,MTR-IOS-0745,Personal,Personal,Relationships,Gifts,Expense,2025-11-22,14:52:15,2025-11-22 14:52:15,11141.95,INR,-11141.95,IOS Owner,,,MAESTRO-IOS-PERSONAL-RELATIONSHIPS-0745 | Gifts | 11141.95,iPhone,B15,RAMP_501_1500,CREATED,idem-20260902-ios-0745
746,MTR-IOS-0746,Group,Shared Experience,Office Outing,Activities,Expense,2026-04-13,22:33:58,2026-04-13 22:33:58,13181.29,INR,-13181.29,IOS Meera,3,EQUAL,MAESTRO-IOS-GROUP-OFFICE_OUTING-0746 | Activities | 13181.29,iPhone,B15,RAMP_501_1500,CREATED,idem-20260902-ios-0746
747,MTR-IOS-0747,Business,Business,Business Operations,Accounting,Expense,2026-02-17,08:05:34,2026-02-17 08:05:34,36428.09,INR,-36428.09,IOS Owner,,,MAESTRO-IOS-BUSINESS-BUSINESS_OPERATIONS-0747 | Accounting | 36428.09,iPhone,B15,RAMP_501_1500,CREATED,idem-20260902-ios-0747
748,MTR-IOS-0748,Personal,Personal,Relationships,Dates,Expense,2026-02-17,23:53:35,2026-02-17 23:53:35,12105.01,INR,-12105.01,IOS Owner,,,MAESTRO-IOS-PERSONAL-RELATIONSHIPS-0748 | Dates | 12105.01,iPhone,B15,RAMP_501_1500,CREATED,idem-20260902-ios-0748
749,MTR-IOS-0749,Group,Shared Experience,Office Outing,Venue,Expense,2026-01-11,04:14:06,2026-01-11 04:14:06,26012.96,INR,-26012.96,IOS Owner,3,PERCENTAGE,MAESTRO-IOS-GROUP-OFFICE_OUTING-0749 | Venue | 26012.96,iPhone,B15,RAMP_501_1500,CREATED,idem-20260902-ios-0749
750,MTR-IOS-0750,Business,Business,Business Operations,Equipment,Expense,2025-12-11,07:21:23,2025-12-11 07:21:23,130801.18,INR,-130801.18,IOS Owner,,,MAESTRO-IOS-BUSINESS-BUSINESS_OPERATIONS-0750 | Equipment | 130801.18,iPhone,B15,RAMP_501_1500,CREATED,idem-20260902-ios-0750
751,MTR-IOS-0751,Personal,Personal,Relationships,Family,Expense,2026-02-25,08:24:31,2026-02-25 08:24:31,13321.15,INR,-13321.15,IOS Owner,,,MAESTRO-IOS-PERSONAL-RELATIONSHIPS-0751 | Family | 13321.15,iPhone,B16,RAMP_501_1500,CREATED,idem-20260902-ios-0751
752,MTR-IOS-0752,Group,Shared Experience,Office Outing,Other,Expense,2026-01-04,09:04:58,2026-01-04 09:04:58,20495.83,INR,-20495.83,IOS Aarav,3,EXACT,MAESTRO-IOS-GROUP-OFFICE_OUTING-0752 | Other | 20495.83,iPhone,B16,RAMP_501_1500,CREATED,idem-20260902-ios-0752
753,MTR-IOS-0753,Business,Business,Business Operations,Vendor,Expense,2026-04-10,16:06:19,2026-04-10 16:06:19,88653.11,INR,-88653.11,IOS Owner,,,MAESTRO-IOS-BUSINESS-BUSINESS_OPERATIONS-0753 | Vendor | 88653.11,iPhone,B16,RAMP_501_1500,CREATED,idem-20260902-ios-0753
754,MTR-IOS-0754,Personal,Personal,Relationships,Friends,Expense,2025-11-02,22:56:18,2025-11-02 22:56:18,4424.1,INR,-4424.1,IOS Owner,,,MAESTRO-IOS-PERSONAL-RELATIONSHIPS-0754 | Friends | 4424.10,iPhone,B16,RAMP_501_1500,CREATED,idem-20260902-ios-0754
755,MTR-IOS-0755,Group,Shared Experience,House Party,Food,Expense,2026-06-22,21:46:11,2026-06-22 21:46:11,7797.1,INR,-7797.1,IOS Meera,3,SHARES,MAESTRO-IOS-GROUP-HOUSE_PARTY-0755 | Food | 7797.10,iPhone,B16,RAMP_501_1500,CREATED,idem-20260902-ios-0755
756,MTR-IOS-0756,Business,Business,Business Operations,Tax,Expense,2026-01-04,17:11:26,2026-01-04 17:11:26,38962.46,INR,-38962.46,IOS Owner,,,MAESTRO-IOS-BUSINESS-BUSINESS_OPERATIONS-0756 | Tax | 38962.46,iPhone,B16,RAMP_501_1500,CREATED,idem-20260902-ios-0756
757,MTR-IOS-0757,Personal,Personal,Relationships,Celebrations,Expense,2026-03-01,20:54:48,2026-03-01 20:54:48,3957.3,INR,-3957.3,IOS Owner,,,MAESTRO-IOS-PERSONAL-RELATIONSHIPS-0757 | Celebrations | 3957.30,iPhone,B16,RAMP_501_1500,CREATED,idem-20260902-ios-0757
758,MTR-IOS-0758,Group,Shared Experience,House Party,Drinks,Expense,2025-12-26,08:51:32,2025-12-26 08:51:32,6832.39,INR,-6832.39,IOS Owner,3,EQUAL,MAESTRO-IOS-GROUP-HOUSE_PARTY-0758 | Drinks | 6832.39,iPhone,B16,RAMP_501_1500,CREATED,idem-20260902-ios-0758
759,MTR-IOS-0759,Business,Business,Team Operations,Payroll,Expense,2026-05-28,19:23:21,2026-05-28 19:23:21,20344.27,INR,-20344.27,IOS Owner,,,MAESTRO-IOS-BUSINESS-TEAM_OPERATIONS-0759 | Payroll | 20344.27,iPhone,B16,RAMP_501_1500,CREATED,idem-20260902-ios-0759
760,MTR-IOS-0760,Personal,Personal,Life Operations,Groceries,Expense,2025-11-19,03:18:05,2025-11-19 03:18:05,12032.67,INR,-12032.67,IOS Owner,,,MAESTRO-IOS-PERSONAL-LIFE_OPERATIONS-0760 | Groceries | 12032.67,iPhone,B16,RAMP_501_1500,CREATED,idem-20260902-ios-0760
761,MTR-IOS-0761,Group,Shared Experience,House Party,Decor,Expense,2026-06-15,09:08:14,2026-06-15 09:08:14,8485.51,INR,-8485.51,IOS Aarav,3,PERCENTAGE,MAESTRO-IOS-GROUP-HOUSE_PARTY-0761 | Decor | 8485.51,iPhone,B16,RAMP_501_1500,CREATED,idem-20260902-ios-0761
762,MTR-IOS-0762,Business,Business,Team Operations,Contractor,Expense,2026-03-03,05:45:43,2026-03-03 05:45:43,159498.48,INR,-159498.48,IOS Owner,,,MAESTRO-IOS-BUSINESS-TEAM_OPERATIONS-0762 | Contractor | 159498.48,iPhone,B16,RAMP_501_1500,CREATED,idem-20260902-ios-0762
763,MTR-IOS-0763,Personal,Personal,Life Operations,Rent,Expense,2025-11-24,01:14:55,2025-11-24 01:14:55,16501.95,INR,-16501.95,IOS Owner,,,MAESTRO-IOS-PERSONAL-LIFE_OPERATIONS-0763 | Rent | 16501.95,iPhone,B16,RAMP_501_1500,CREATED,idem-20260902-ios-0763
764,MTR-IOS-0764,Group,Shared Experience,House Party,Supplies,Expense,2025-10-09,00:46:00,2025-10-09 00:46:00,21912.19,INR,-21912.19,IOS Meera,3,EXACT,MAESTRO-IOS-GROUP-HOUSE_PARTY-0764 | Supplies | 21912.19,iPhone,B16,RAMP_501_1500,CREATED,idem-20260902-ios-0764
765,MTR-IOS-0765,Business,Business,Team Operations,Hiring,Expense,2026-06-12,15:52:35,2026-06-12 15:52:35,110345.2,INR,-110345.2,IOS Owner,,,MAESTRO-IOS-BUSINESS-TEAM_OPERATIONS-0765 | Hiring | 110345.20,iPhone,B16,RAMP_501_1500,CREATED,idem-20260902-ios-0765
766,MTR-IOS-0766,Personal,Personal,Life Operations,Bills,Expense,2026-06-13,15:07:12,2026-06-13 15:07:12,10565.17,INR,-10565.17,IOS Owner,,,MAESTRO-IOS-PERSONAL-LIFE_OPERATIONS-0766 | Bills | 10565.17,iPhone,B16,RAMP_501_1500,CREATED,idem-20260902-ios-0766
767,MTR-IOS-0767,Group,Shared Experience,House Party,Other,Expense,2026-01-12,02:42:22,2026-01-12 02:42:22,18929.96,INR,-18929.96,IOS Owner,3,SHARES,MAESTRO-IOS-GROUP-HOUSE_PARTY-0767 | Other | 18929.96,iPhone,B16,RAMP_501_1500,CREATED,idem-20260902-ios-0767
768,MTR-IOS-0768,Business,Business,Team Operations,Team Meal,Expense,2025-11-06,22:11:35,2025-11-06 22:11:35,14333.34,INR,-14333.34,IOS Owner,,,MAESTRO-IOS-BUSINESS-TEAM_OPERATIONS-0768 | Team Meal | 14333.34,iPhone,B16,RAMP_501_1500,CREATED,idem-20260902-ios-0768
769,MTR-IOS-0769,Personal,Personal,Life Operations,Transport,Expense,2026-06-27,22:44:26,2026-06-27 22:44:26,369.1,INR,-369.1,IOS Owner,,,MAESTRO-IOS-PERSONAL-LIFE_OPERATIONS-0769 | Transport | 369.10,iPhone,B16,RAMP_501_1500,CREATED,idem-20260902-ios-0769
770,MTR-IOS-0770,Group,Shared Purchase,Gift Pool,Contribution,Contribution,2026-06-30,23:26:55,2026-06-30 23:26:55,10416.83,INR,10416.83,IOS Aarav,3,EQUAL,MAESTRO-IOS-GROUP-GIFT_POOL-0770 | Contribution | 10416.83,iPhone,B16,RAMP_501_1500,CREATED,idem-20260902-ios-0770
771,MTR-IOS-0771,Business,Business,Team Operations,Travel,Expense,2025-12-11,22:07:42,2025-12-11 22:07:42,33055.13,INR,-33055.13,IOS Owner,,,MAESTRO-IOS-BUSINESS-TEAM_OPERATIONS-0771 | Travel | 33055.13,iPhone,B16,RAMP_501_1500,CREATED,idem-20260902-ios-0771
772,MTR-IOS-0772,Personal,Personal,Life Operations,Healthcare,Expense,2026-07-04,05:09:07,2026-07-04 05:09:07,2093.23,INR,-2093.23,IOS Owner,,,MAESTRO-IOS-PERSONAL-LIFE_OPERATIONS-0772 | Healthcare | 2093.23,iPhone,B16,RAMP_501_1500,CREATED,idem-20260902-ios-0772
773,MTR-IOS-0773,Group,Shared Purchase,Gift Pool,Gift Purchase,Expense,2025-10-29,04:28:15,2025-10-29 04:28:15,11289.5,INR,-11289.5,IOS Meera,3,PERCENTAGE,MAESTRO-IOS-GROUP-GIFT_POOL-0773 | Gift Purchase | 11289.50,iPhone,B16,RAMP_501_1500,CREATED,idem-20260902-ios-0773
774,MTR-IOS-0774,Business,Business,Team Operations,Training,Expense,2026-08-14,03:58:38,2026-08-14 03:58:38,31651.66,INR,-31651.66,IOS Owner,,,MAESTRO-IOS-BUSINESS-TEAM_OPERATIONS-0774 | Training | 31651.66,iPhone,B16,RAMP_501_1500,CREATED,idem-20260902-ios-0774
775,MTR-IOS-0775,Personal,Personal,Life Operations,Subscriptions,Expense,2026-07-28,14:51:38,2026-07-28 14:51:38,3612.25,INR,-3612.25,IOS Owner,,,MAESTRO-IOS-PERSONAL-LIFE_OPERATIONS-0775 | Subscriptions | 3612.25,iPhone,B16,RAMP_501_1500,CREATED,idem-20260902-ios-0775
776,MTR-IOS-0776,Group,Shared Purchase,Gift Pool,Delivery,Expense,2026-08-05,02:05:55,2026-08-05 02:05:55,24822.71,INR,-24822.71,IOS Owner,3,EXACT,MAESTRO-IOS-GROUP-GIFT_POOL-0776 | Delivery | 24822.71,iPhone,B16,RAMP_501_1500,CREATED,idem-20260902-ios-0776
777,MTR-IOS-0777,Business,Business,Team Operations,Tools,Expense,2026-04-03,08:29:20,2026-04-03 08:29:20,100.0,INR,-100.0,IOS Owner,,,MAESTRO-IOS-BUSINESS-TEAM_OPERATIONS-0777 | Tools | 100.00,iPhone,B16,RAMP_501_1500,CREATED,idem-20260902-ios-0777
778,MTR-IOS-0778,Personal,Personal,Life Operations,Repairs,Expense,2026-06-21,01:04:00,2026-06-21 01:04:00,6444.01,INR,-6444.01,IOS Owner,,,MAESTRO-IOS-PERSONAL-LIFE_OPERATIONS-0778 | Repairs | 6444.01,iPhone,B16,RAMP_501_1500,CREATED,idem-20260902-ios-0778
779,MTR-IOS-0779,Group,Shared Purchase,Gift Pool,Other,Expense,2026-05-09,02:24:30,2026-05-09 02:24:30,7709.54,INR,-7709.54,IOS Aarav,3,SHARES,MAESTRO-IOS-GROUP-GIFT_POOL-0779 | Other | 7709.54,iPhone,B16,RAMP_501_1500,CREATED,idem-20260902-ios-0779
780,MTR-IOS-0780,Business,Business,Business Runway,Funding,Income,2026-08-30,16:36:29,2026-08-30 16:36:29,87031.49,INR,87031.49,IOS Owner,,,MAESTRO-IOS-BUSINESS-BUSINESS_RUNWAY-0780 | Funding | 87031.49,iPhone,B16,RAMP_501_1500,CREATED,idem-20260902-ios-0780
781,MTR-IOS-0781,Personal,Personal,Future Building,Savings,Transfer,2026-01-24,22:28:41,2026-01-24 22:28:41,6472.44,INR,0.0,IOS Owner,,,MAESTRO-IOS-PERSONAL-FUTURE_BUILDING-0781 | Savings | 6472.44,iPhone,B16,RAMP_501_1500,CREATED,idem-20260902-ios-0781
782,MTR-IOS-0782,Group,Shared Purchase,Purchase,Item,Expense,2025-11-06,18:43:53,2025-11-06 18:43:53,11275.21,INR,-11275.21,IOS Meera,3,EQUAL,MAESTRO-IOS-GROUP-PURCHASE-0782 | Item | 11275.21,iPhone,B16,RAMP_501_1500,CREATED,idem-20260902-ios-0782
783,MTR-IOS-0783,Business,Business,Business Runway,Revenue,Income,2025-12-31,07:15:14,2025-12-31 07:15:14,131720.98,INR,131720.98,IOS Owner,,,MAESTRO-IOS-BUSINESS-BUSINESS_RUNWAY-0783 | Revenue | 131720.98,iPhone,B16,RAMP_501_1500,CREATED,idem-20260902-ios-0783
784,MTR-IOS-0784,Personal,Personal,Future Building,Emergency Fund,Transfer,2025-12-18,09:15:24,2025-12-18 09:15:24,4880.59,INR,0.0,IOS Owner,,,MAESTRO-IOS-PERSONAL-FUTURE_BUILDING-0784 | Emergency Fund | 4880.59,iPhone,B16,RAMP_501_1500,CREATED,idem-20260902-ios-0784
785,MTR-IOS-0785,Group,Shared Purchase,Purchase,Shipping,Expense,2026-05-23,08:43:03,2026-05-23 08:43:03,5403.62,INR,-5403.62,IOS Owner,3,PERCENTAGE,MAESTRO-IOS-GROUP-PURCHASE-0785 | Shipping | 5403.62,iPhone,B16,RAMP_501_1500,CREATED,idem-20260902-ios-0785
786,MTR-IOS-0786,Business,Business,Business Runway,Burn,Expense,2025-11-01,03:13:31,2025-11-01 03:13:31,76955.64,INR,-76955.64,IOS Owner,,,MAESTRO-IOS-BUSINESS-BUSINESS_RUNWAY-0786 | Burn | 76955.64,iPhone,B16,RAMP_501_1500,CREATED,idem-20260902-ios-0786
787,MTR-IOS-0787,Personal,Personal,Future Building,Investments,Investment,2026-04-11,20:07:43,2026-04-11 20:07:43,13529.68,INR,0.0,IOS Owner,,,MAESTRO-IOS-PERSONAL-FUTURE_BUILDING-0787 | Investments | 13529.68,iPhone,B16,RAMP_501_1500,CREATED,idem-20260902-ios-0787
788,MTR-IOS-0788,Group,Shared Purchase,Purchase,Tax,Expense,2025-10-03,13:25:35,2025-10-03 13:25:35,12564.93,INR,-12564.93,IOS Aarav,3,EXACT,MAESTRO-IOS-GROUP-PURCHASE-0788 | Tax | 12564.93,iPhone,B16,RAMP_501_1500,CREATED,idem-20260902-ios-0788
789,MTR-IOS-0789,Business,Business,Business Runway,Reserve,Transfer,2026-03-01,03:10:56,2026-03-01 03:10:56,59444.71,INR,0.0,IOS Owner,,,MAESTRO-IOS-BUSINESS-BUSINESS_RUNWAY-0789 | Reserve | 59444.71,iPhone,B16,RAMP_501_1500,CREATED,idem-20260902-ios-0789
790,MTR-IOS-0790,Personal,Personal,Future Building,Education,Expense,2026-04-12,23:51:43,2026-04-12 23:51:43,12753.85,INR,-12753.85,IOS Owner,,,MAESTRO-IOS-PERSONAL-FUTURE_BUILDING-0790 | Education | 12753.85,iPhone,B16,RAMP_501_1500,CREATED,idem-20260902-ios-0790
791,MTR-IOS-0791,Group,Shared Purchase,Purchase,Other,Expense,2026-02-19,06:51:56,2026-02-19 06:51:56,24453.0,INR,-24453.0,IOS Meera,3,SHARES,MAESTRO-IOS-GROUP-PURCHASE-0791 | Other | 24453.00,iPhone,B16,RAMP_501_1500,CREATED,idem-20260902-ios-0791
792,MTR-IOS-0792,Business,Business,Business Runway,Loan,Income,2026-07-25,03:42:10,2026-07-25 03:42:10,105313.17,INR,105313.17,IOS Owner,,,MAESTRO-IOS-BUSINESS-BUSINESS_RUNWAY-0792 | Loan | 105313.17,iPhone,B16,RAMP_501_1500,CREATED,idem-20260902-ios-0792
793,MTR-IOS-0793,Personal,Personal,Future Building,Goal Contribution,Transfer,2025-11-12,22:03:52,2025-11-12 22:03:52,7124.49,INR,0.0,IOS Owner,,,MAESTRO-IOS-PERSONAL-FUTURE_BUILDING-0793 | Goal Contribution | 7124.49,iPhone,B16,RAMP_501_1500,CREATED,idem-20260902-ios-0793
794,MTR-IOS-0794,Group,Shared Purchase,Assets,Purchase,Expense,2026-05-18,14:14:44,2026-05-18 14:14:44,7894.57,INR,-7894.57,IOS Owner,3,EQUAL,MAESTRO-IOS-GROUP-ASSETS-0794 | Purchase | 7894.57,iPhone,B16,RAMP_501_1500,CREATED,idem-20260902-ios-0794
795,MTR-IOS-0795,Business,Business,Business Runway,Investment,Income,2026-04-08,02:08:59,2026-04-08 02:08:59,62513.98,INR,62513.98,IOS Owner,,,MAESTRO-IOS-BUSINESS-BUSINESS_RUNWAY-0795 | Investment | 62513.98,iPhone,B16,RAMP_501_1500,CREATED,idem-20260902-ios-0795
796,MTR-IOS-0796,Personal,Personal,Lifestyle,Dining,Expense,2026-09-01,03:51:04,2026-09-01 03:51:04,3196.74,INR,-3196.74,IOS Owner,,,MAESTRO-IOS-PERSONAL-LIFESTYLE-0796 | Dining | 3196.74,iPhone,B16,RAMP_501_1500,CREATED,idem-20260902-ios-0796
797,MTR-IOS-0797,Group,Shared Purchase,Assets,Maintenance,Expense,2025-09-06,03:47:29,2025-09-06 03:47:29,11559.44,INR,-11559.44,IOS Aarav,3,PERCENTAGE,MAESTRO-IOS-GROUP-ASSETS-0797 | Maintenance | 11559.44,iPhone,B16,RAMP_501_1500,CREATED,idem-20260902-ios-0797
798,MTR-IOS-0798,Business,Business,Business Operations,Software,Expense,2026-05-15,12:54:11,2026-05-15 12:54:11,61804.71,INR,-61804.71,IOS Owner,,,MAESTRO-IOS-BUSINESS-BUSINESS_OPERATIONS-0798 | Software | 61804.71,iPhone,B16,RAMP_501_1500,CREATED,idem-20260902-ios-0798
799,MTR-IOS-0799,Personal,Personal,Lifestyle,Shopping,Expense,2026-01-16,20:51:41,2026-01-16 20:51:41,5969.08,INR,-5969.08,IOS Owner,,,MAESTRO-IOS-PERSONAL-LIFESTYLE-0799 | Shopping | 5969.08,iPhone,B16,RAMP_501_1500,CREATED,idem-20260902-ios-0799
800,MTR-IOS-0800,Group,Shared Purchase,Assets,Repair,Expense,2026-06-10,11:56:57,2026-06-10 11:56:57,20159.69,INR,-20159.69,IOS Meera,3,EXACT,MAESTRO-IOS-GROUP-ASSETS-0800 | Repair | 20159.69,iPhone,B16,RAMP_501_1500,CREATED,idem-20260902-ios-0800
801,MTR-IOS-0801,Business,Business,Business Operations,Rent,Expense,2025-09-16,04:27:59,2025-09-16 04:27:59,121565.26,INR,-121565.26,IOS Owner,,,MAESTRO-IOS-BUSINESS-BUSINESS_OPERATIONS-0801 | Rent | 121565.26,iPhone,B17,RAMP_501_1500,CREATED,idem-20260902-ios-0801
802,MTR-IOS-0802,Personal,Personal,Lifestyle,Entertainment,Expense,2026-08-20,17:38:41,2026-08-20 17:38:41,16517.6,INR,-16517.6,IOS Owner,,,MAESTRO-IOS-PERSONAL-LIFESTYLE-0802 | Entertainment | 16517.60,iPhone,B17,RAMP_501_1500,CREATED,idem-20260902-ios-0802
803,MTR-IOS-0803,Group,Shared Purchase,Assets,Insurance,Expense,2025-10-16,07:55:16,2025-10-16 07:55:16,19594.23,INR,-19594.23,IOS Owner,3,SHARES,MAESTRO-IOS-GROUP-ASSETS-0803 | Insurance | 19594.23,iPhone,B17,RAMP_501_1500,CREATED,idem-20260902-ios-0803
804,MTR-IOS-0804,Business,Business,Business Operations,Marketing,Expense,2026-02-26,12:46:02,2026-02-26 12:46:02,94690.02,INR,-94690.02,IOS Owner,,,MAESTRO-IOS-BUSINESS-BUSINESS_OPERATIONS-0804 | Marketing | 94690.02,iPhone,B17,RAMP_501_1500,CREATED,idem-20260902-ios-0804
805,MTR-IOS-0805,Personal,Personal,Lifestyle,Travel,Expense,2025-09-09,05:28:24,2025-09-09 05:28:24,7255.3,INR,-7255.3,IOS Owner,,,MAESTRO-IOS-PERSONAL-LIFESTYLE-0805 | Travel | 7255.30,iPhone,B17,RAMP_501_1500,CREATED,idem-20260902-ios-0805
806,MTR-IOS-0806,Group,Shared Purchase,Assets,Other,Expense,2026-01-15,17:03:34,2026-01-15 17:03:34,22246.36,INR,-22246.36,IOS Aarav,3,EQUAL,MAESTRO-IOS-GROUP-ASSETS-0806 | Other | 22246.36,iPhone,B17,RAMP_501_1500,CREATED,idem-20260902-ios-0806
807,MTR-IOS-0807,Business,Business,Business Operations,Legal,Expense,2026-04-26,09:39:49,2026-04-26 09:39:49,20906.84,INR,-20906.84,IOS Owner,,,MAESTRO-IOS-BUSINESS-BUSINESS_OPERATIONS-0807 | Legal | 20906.84,iPhone,B17,RAMP_501_1500,CREATED,idem-20260902-ios-0807
808,MTR-IOS-0808,Personal,Personal,Lifestyle,Fitness,Expense,2025-11-01,12:58:02,2025-11-01 12:58:02,9595.12,INR,-9595.12,IOS Owner,,,MAESTRO-IOS-PERSONAL-LIFESTYLE-0808 | Fitness | 9595.12,iPhone,B17,RAMP_501_1500,CREATED,idem-20260902-ios-0808
809,MTR-IOS-0809,Group,Shared Purchase,Custom Purchase,Custom Expense,Expense,2026-03-16,15:41:40,2026-03-16 15:41:40,20465.07,INR,-20465.07,IOS Meera,3,PERCENTAGE,MAESTRO-IOS-GROUP-CUSTOM_PURCHASE-0809 | Custom Expense | 20465.07,iPhone,B17,RAMP_501_1500,CREATED,idem-20260902-ios-0809
810,MTR-IOS-0810,Business,Business,Business Operations,Accounting,Expense,2025-11-06,10:49:04,2025-11-06 10:49:04,78050.6,INR,-78050.6,IOS Owner,,,MAESTRO-IOS-BUSINESS-BUSINESS_OPERATIONS-0810 | Accounting | 78050.60,iPhone,B17,RAMP_501_1500,CREATED,idem-20260902-ios-0810
811,MTR-IOS-0811,Personal,Personal,Lifestyle,Hobbies,Expense,2026-06-25,22:59:54,2026-06-25 22:59:54,1920.51,INR,-1920.51,IOS Owner,,,MAESTRO-IOS-PERSONAL-LIFESTYLE-0811 | Hobbies | 1920.51,iPhone,B17,RAMP_501_1500,CREATED,idem-20260902-ios-0811
812,MTR-IOS-0812,Group,Shared Purchase,Custom Purchase,Custom Contribution,Contribution,2026-06-04,17:37:57,2026-06-04 17:37:57,1326.0,INR,1326.0,IOS Owner,3,EXACT,MAESTRO-IOS-GROUP-CUSTOM_PURCHASE-0812 | Custom Contribution | 1326.00,iPhone,B17,RAMP_501_1500,CREATED,idem-20260902-ios-0812
813,MTR-IOS-0813,Business,Business,Business Operations,Equipment,Expense,2026-07-31,22:05:17,2026-07-31 22:05:17,22857.21,INR,-22857.21,IOS Owner,,,MAESTRO-IOS-BUSINESS-BUSINESS_OPERATIONS-0813 | Equipment | 22857.21,iPhone,B17,RAMP_501_1500,CREATED,idem-20260902-ios-0813
814,MTR-IOS-0814,Personal,Personal,Relationships,Gifts,Expense,2025-12-28,16:08:29,2025-12-28 16:08:29,999.99,INR,-999.99,IOS Owner,,,MAESTRO-IOS-PERSONAL-RELATIONSHIPS-0814 | Gifts | 999.99,iPhone,B17,RAMP_501_1500,CREATED,idem-20260902-ios-0814
815,MTR-IOS-0815,Group,Shared Living,Flatmates,Rent,Expense,2025-09-05,16:20:29,2025-09-05 16:20:29,2224.7,INR,-2224.7,IOS Aarav,3,SHARES,MAESTRO-IOS-GROUP-FLATMATES-0815 | Rent | 2224.70,iPhone,B17,RAMP_501_1500,CREATED,idem-20260902-ios-0815
816,MTR-IOS-0816,Business,Business,Business Operations,Vendor,Expense,2026-03-10,16:54:00,2026-03-10 16:54:00,126875.94,INR,-126875.94,IOS Owner,,,MAESTRO-IOS-BUSINESS-BUSINESS_OPERATIONS-0816 | Vendor | 126875.94,iPhone,B17,RAMP_501_1500,CREATED,idem-20260902-ios-0816
817,MTR-IOS-0817,Personal,Personal,Relationships,Dates,Expense,2026-05-12,21:31:52,2026-05-12 21:31:52,174.04,INR,-174.04,IOS Owner,,,MAESTRO-IOS-PERSONAL-RELATIONSHIPS-0817 | Dates | 174.04,iPhone,B17,RAMP_501_1500,CREATED,idem-20260902-ios-0817
818,MTR-IOS-0818,Group,Shared Living,Flatmates,Utilities,Expense,2026-02-12,02:14:57,2026-02-12 02:14:57,21789.61,INR,-21789.61,IOS Meera,3,EQUAL,MAESTRO-IOS-GROUP-FLATMATES-0818 | Utilities | 21789.61,iPhone,B17,RAMP_501_1500,CREATED,idem-20260902-ios-0818
819,MTR-IOS-0819,Business,Business,Business Operations,Tax,Expense,2026-08-11,21:08:34,2026-08-11 21:08:34,16965.62,INR,-16965.62,IOS Owner,,,MAESTRO-IOS-BUSINESS-BUSINESS_OPERATIONS-0819 | Tax | 16965.62,iPhone,B17,RAMP_501_1500,CREATED,idem-20260902-ios-0819
820,MTR-IOS-0820,Personal,Personal,Relationships,Family,Expense,2025-12-18,10:14:56,2025-12-18 10:14:56,6052.11,INR,-6052.11,IOS Owner,,,MAESTRO-IOS-PERSONAL-RELATIONSHIPS-0820 | Family | 6052.11,iPhone,B17,RAMP_501_1500,CREATED,idem-20260902-ios-0820
821,MTR-IOS-0821,Group,Shared Living,Flatmates,Groceries,Expense,2025-10-19,14:07:33,2025-10-19 14:07:33,1857.83,INR,-1857.83,IOS Owner,3,PERCENTAGE,MAESTRO-IOS-GROUP-FLATMATES-0821 | Groceries | 1857.83,iPhone,B17,RAMP_501_1500,CREATED,idem-20260902-ios-0821
822,MTR-IOS-0822,Business,Business,Team Operations,Payroll,Expense,2026-07-18,21:35:56,2026-07-18 21:35:56,149524.85,INR,-149524.85,IOS Owner,,,MAESTRO-IOS-BUSINESS-TEAM_OPERATIONS-0822 | Payroll | 149524.85,iPhone,B17,RAMP_501_1500,CREATED,idem-20260902-ios-0822
823,MTR-IOS-0823,Personal,Personal,Relationships,Friends,Expense,2026-03-28,03:00:48,2026-03-28 03:00:48,2557.88,INR,-2557.88,IOS Owner,,,MAESTRO-IOS-PERSONAL-RELATIONSHIPS-0823 | Friends | 2557.88,iPhone,B17,RAMP_501_1500,CREATED,idem-20260902-ios-0823
824,MTR-IOS-0824,Group,Shared Living,Flatmates,Internet,Expense,2026-02-04,16:58:05,2026-02-04 16:58:05,9574.98,INR,-9574.98,IOS Aarav,3,EXACT,MAESTRO-IOS-GROUP-FLATMATES-0824 | Internet | 9574.98,iPhone,B17,RAMP_501_1500,CREATED,idem-20260902-ios-0824
825,MTR-IOS-0825,Business,Business,Team Operations,Contractor,Expense,2026-06-28,19:40:35,2026-06-28 19:40:35,74535.0,INR,-74535.0,IOS Owner,,,MAESTRO-IOS-BUSINESS-TEAM_OPERATIONS-0825 | Contractor | 74535.00,iPhone,B17,RAMP_501_1500,CREATED,idem-20260902-ios-0825
826,MTR-IOS-0826,Personal,Personal,Relationships,Celebrations,Expense,2026-06-11,06:04:54,2026-06-11 06:04:54,14494.95,INR,-14494.95,IOS Owner,,,MAESTRO-IOS-PERSONAL-RELATIONSHIPS-0826 | Celebrations | 14494.95,iPhone,B17,RAMP_501_1500,CREATED,idem-20260902-ios-0826
827,MTR-IOS-0827,Group,Shared Living,Flatmates,House Supplies,Expense,2026-03-08,09:00:46,2026-03-08 09:00:46,15283.29,INR,-15283.29,IOS Meera,3,SHARES,MAESTRO-IOS-GROUP-FLATMATES-0827 | House Supplies | 15283.29,iPhone,B17,RAMP_501_1500,CREATED,idem-20260902-ios-0827
828,MTR-IOS-0828,Business,Business,Team Operations,Hiring,Expense,2025-09-16,04:30:18,2025-09-16 04:30:18,97722.71,INR,-97722.71,IOS Owner,,,MAESTRO-IOS-BUSINESS-TEAM_OPERATIONS-0828 | Hiring | 97722.71,iPhone,B17,RAMP_501_1500,CREATED,idem-20260902-ios-0828
829,MTR-IOS-0829,Personal,Personal,Life Operations,Groceries,Expense,2026-02-06,01:17:39,2026-02-06 01:17:39,11069.93,INR,-11069.93,IOS Owner,,,MAESTRO-IOS-PERSONAL-LIFE_OPERATIONS-0829 | Groceries | 11069.93,iPhone,B17,RAMP_501_1500,CREATED,idem-20260902-ios-0829
830,MTR-IOS-0830,Group,Shared Living,Flatmates,Repairs,Expense,2025-10-02,04:14:13,2025-10-02 04:14:13,25216.96,INR,-25216.96,IOS Owner,3,EQUAL,MAESTRO-IOS-GROUP-FLATMATES-0830 | Repairs | 25216.96,iPhone,B17,RAMP_501_1500,CREATED,idem-20260902-ios-0830
831,MTR-IOS-0831,Business,Business,Team Operations,Team Meal,Expense,2025-10-25,19:59:34,2025-10-25 19:59:34,84155.02,INR,-84155.02,IOS Owner,,,MAESTRO-IOS-BUSINESS-TEAM_OPERATIONS-0831 | Team Meal | 84155.02,iPhone,B17,RAMP_501_1500,CREATED,idem-20260902-ios-0831
832,MTR-IOS-0832,Personal,Personal,Life Operations,Rent,Expense,2026-06-14,02:47:05,2026-06-14 02:47:05,11975.11,INR,-11975.11,IOS Owner,,,MAESTRO-IOS-PERSONAL-LIFE_OPERATIONS-0832 | Rent | 11975.11,iPhone,B17,RAMP_501_1500,CREATED,idem-20260902-ios-0832
833,MTR-IOS-0833,Group,Shared Living,Shared Living,Rent,Expense,2025-11-12,00:35:46,2025-11-12 00:35:46,17042.97,INR,-17042.97,IOS Aarav,3,PERCENTAGE,MAESTRO-IOS-GROUP-SHARED_LIVING-0833 | Rent | 17042.97,iPhone,B17,RAMP_501_1500,CREATED,idem-20260902-ios-0833
834,MTR-IOS-0834,Business,Business,Team Operations,Travel,Expense,2026-03-23,00:33:14,2026-03-23 00:33:14,164073.28,INR,-164073.28,IOS Owner,,,MAESTRO-IOS-BUSINESS-TEAM_OPERATIONS-0834 | Travel | 164073.28,iPhone,B17,RAMP_501_1500,CREATED,idem-20260902-ios-0834
835,MTR-IOS-0835,Personal,Personal,Life Operations,Bills,Expense,2026-07-08,11:40:01,2026-07-08 11:40:01,3508.24,INR,-3508.24,IOS Owner,,,MAESTRO-IOS-PERSONAL-LIFE_OPERATIONS-0835 | Bills | 3508.24,iPhone,B17,RAMP_501_1500,CREATED,idem-20260902-ios-0835
836,MTR-IOS-0836,Group,Shared Living,Shared Living,Utilities,Expense,2026-03-26,01:28:49,2026-03-26 01:28:49,3167.82,INR,-3167.82,IOS Meera,3,EXACT,MAESTRO-IOS-GROUP-SHARED_LIVING-0836 | Utilities | 3167.82,iPhone,B17,RAMP_501_1500,CREATED,idem-20260902-ios-0836
837,MTR-IOS-0837,Business,Business,Team Operations,Training,Expense,2026-04-12,22:24:51,2026-04-12 22:24:51,117817.77,INR,-117817.77,IOS Owner,,,MAESTRO-IOS-BUSINESS-TEAM_OPERATIONS-0837 | Training | 117817.77,iPhone,B17,RAMP_501_1500,CREATED,idem-20260902-ios-0837
838,MTR-IOS-0838,Personal,Personal,Life Operations,Transport,Expense,2026-03-05,08:26:04,2026-03-05 08:26:04,6216.45,INR,-6216.45,IOS Owner,,,MAESTRO-IOS-PERSONAL-LIFE_OPERATIONS-0838 | Transport | 6216.45,iPhone,B17,RAMP_501_1500,CREATED,idem-20260902-ios-0838
839,MTR-IOS-0839,Group,Shared Living,Shared Living,Groceries,Expense,2025-10-21,10:30:20,2025-10-21 10:30:20,22475.65,INR,-22475.65,IOS Owner,3,SHARES,MAESTRO-IOS-GROUP-SHARED_LIVING-0839 | Groceries | 22475.65,iPhone,B17,RAMP_501_1500,CREATED,idem-20260902-ios-0839
840,MTR-IOS-0840,Business,Business,Team Operations,Tools,Expense,2025-12-31,05:53:53,2025-12-31 05:53:53,19229.34,INR,-19229.34,IOS Owner,,,MAESTRO-IOS-BUSINESS-TEAM_OPERATIONS-0840 | Tools | 19229.34,iPhone,B17,RAMP_501_1500,CREATED,idem-20260902-ios-0840
841,MTR-IOS-0841,Personal,Personal,Life Operations,Healthcare,Expense,2026-01-13,16:55:54,2026-01-13 16:55:54,7280.19,INR,-7280.19,IOS Owner,,,MAESTRO-IOS-PERSONAL-LIFE_OPERATIONS-0841 | Healthcare | 7280.19,iPhone,B17,RAMP_501_1500,CREATED,idem-20260902-ios-0841
842,MTR-IOS-0842,Group,Shared Living,Shared Living,Maintenance,Expense,2026-05-09,23:10:10,2026-05-09 23:10:10,2021.92,INR,-2021.92,IOS Aarav,3,EQUAL,MAESTRO-IOS-GROUP-SHARED_LIVING-0842 | Maintenance | 2021.92,iPhone,B17,RAMP_501_1500,CREATED,idem-20260902-ios-0842
843,MTR-IOS-0843,Business,Business,Business Runway,Funding,Income,2025-12-29,22:26:42,2025-12-29 22:26:42,59673.14,INR,59673.14,IOS Owner,,,MAESTRO-IOS-BUSINESS-BUSINESS_RUNWAY-0843 | Funding | 59673.14,iPhone,B17,RAMP_501_1500,CREATED,idem-20260902-ios-0843
844,MTR-IOS-0844,Personal,Personal,Life Operations,Subscriptions,Expense,2026-03-24,15:58:34,2026-03-24 15:58:34,17485.54,INR,-17485.54,IOS Owner,,,MAESTRO-IOS-PERSONAL-LIFE_OPERATIONS-0844 | Subscriptions | 17485.54,iPhone,B17,RAMP_501_1500,CREATED,idem-20260902-ios-0844
845,MTR-IOS-0845,Group,Shared Living,Shared Living,Other,Expense,2025-09-05,04:50:13,2025-09-05 04:50:13,2467.13,INR,-2467.13,IOS Meera,3,PERCENTAGE,MAESTRO-IOS-GROUP-SHARED_LIVING-0845 | Other | 2467.13,iPhone,B17,RAMP_501_1500,CREATED,idem-20260902-ios-0845
846,MTR-IOS-0846,Business,Business,Business Runway,Revenue,Income,2025-11-16,21:05:45,2025-11-16 21:05:45,21402.54,INR,21402.54,IOS Owner,,,MAESTRO-IOS-BUSINESS-BUSINESS_RUNWAY-0846 | Revenue | 21402.54,iPhone,B17,RAMP_501_1500,CREATED,idem-20260902-ios-0846
847,MTR-IOS-0847,Personal,Personal,Life Operations,Repairs,Expense,2026-05-13,11:21:05,2026-05-13 11:21:05,317.55,INR,-317.55,IOS Owner,,,MAESTRO-IOS-PERSONAL-LIFE_OPERATIONS-0847 | Repairs | 317.55,iPhone,B17,RAMP_501_1500,CREATED,idem-20260902-ios-0847
848,MTR-IOS-0848,Group,Shared Living,Family Household,Rent,Expense,2026-02-10,20:49:41,2026-02-10 20:49:41,24302.63,INR,-24302.63,IOS Owner,3,EXACT,MAESTRO-IOS-GROUP-FAMILY_HOUSEHOLD-0848 | Rent | 24302.63,iPhone,B17,RAMP_501_1500,CREATED,idem-20260902-ios-0848
849,MTR-IOS-0849,Business,Business,Business Runway,Burn,Expense,2026-03-31,01:08:36,2026-03-31 01:08:36,31563.98,INR,-31563.98,IOS Owner,,,MAESTRO-IOS-BUSINESS-BUSINESS_RUNWAY-0849 | Burn | 31563.98,iPhone,B17,RAMP_501_1500,CREATED,idem-20260902-ios-0849
850,MTR-IOS-0850,Personal,Personal,Future Building,Savings,Transfer,2026-05-27,15:10:08,2026-05-27 15:10:08,2352.96,INR,0.0,IOS Owner,,,MAESTRO-IOS-PERSONAL-FUTURE_BUILDING-0850 | Savings | 2352.96,iPhone,B17,RAMP_501_1500,CREATED,idem-20260902-ios-0850
851,MTR-IOS-0851,Group,Shared Living,Family Household,Groceries,Expense,2026-01-31,14:55:39,2026-01-31 14:55:39,10000.0,INR,-10000.0,IOS Aarav,3,SHARES,MAESTRO-IOS-GROUP-FAMILY_HOUSEHOLD-0851 | Groceries | 10000.00,iPhone,B18,RAMP_501_1500,CREATED,idem-20260902-ios-0851
852,MTR-IOS-0852,Business,Business,Business Runway,Reserve,Transfer,2026-05-01,09:29:59,2026-05-01 09:29:59,153346.27,INR,0.0,IOS Owner,,,MAESTRO-IOS-BUSINESS-BUSINESS_RUNWAY-0852 | Reserve | 153346.27,iPhone,B18,RAMP_501_1500,CREATED,idem-20260902-ios-0852
853,MTR-IOS-0853,Personal,Personal,Future Building,Emergency Fund,Transfer,2026-03-08,19:29:35,2026-03-08 19:29:35,2505.51,INR,0.0,IOS Owner,,,MAESTRO-IOS-PERSONAL-FUTURE_BUILDING-0853 | Emergency Fund | 2505.51,iPhone,B18,RAMP_501_1500,CREATED,idem-20260902-ios-0853
854,MTR-IOS-0854,Group,Shared Living,Family Household,Transport,Expense,2026-05-02,20:35:51,2026-05-02 20:35:51,13736.33,INR,-13736.33,IOS Meera,3,EQUAL,MAESTRO-IOS-GROUP-FAMILY_HOUSEHOLD-0854 | Transport | 13736.33,iPhone,B18,RAMP_501_1500,CREATED,idem-20260902-ios-0854
855,MTR-IOS-0855,Business,Business,Business Runway,Loan,Income,2026-06-19,22:35:02,2026-06-19 22:35:02,103867.96,INR,103867.96,IOS Owner,,,MAESTRO-IOS-BUSINESS-BUSINESS_RUNWAY-0855 | Loan | 103867.96,iPhone,B18,RAMP_501_1500,CREATED,idem-20260902-ios-0855
856,MTR-IOS-0856,Personal,Personal,Future Building,Investments,Investment,2025-11-01,05:09:02,2025-11-01 05:09:02,4257.21,INR,0.0,IOS Owner,,,MAESTRO-IOS-PERSONAL-FUTURE_BUILDING-0856 | Investments | 4257.21,iPhone,B18,RAMP_501_1500,CREATED,idem-20260902-ios-0856
857,MTR-IOS-0857,Group,Shared Living,Family Household,Bills,Expense,2026-08-23,20:14:00,2026-08-23 20:14:00,22984.52,INR,-22984.52,IOS Owner,3,PERCENTAGE,MAESTRO-IOS-GROUP-FAMILY_HOUSEHOLD-0857 | Bills | 22984.52,iPhone,B18,RAMP_501_1500,CREATED,idem-20260902-ios-0857
858,MTR-IOS-0858,Business,Business,Business Runway,Investment,Income,2026-06-27,16:53:56,2026-06-27 16:53:56,132289.28,INR,132289.28,IOS Owner,,,MAESTRO-IOS-BUSINESS-BUSINESS_RUNWAY-0858 | Investment | 132289.28,iPhone,B18,RAMP_501_1500,CREATED,idem-20260902-ios-0858
859,MTR-IOS-0859,Personal,Personal,Future Building,Education,Expense,2026-01-02,07:22:01,2026-01-02 07:22:01,2322.72,INR,-2322.72,IOS Owner,,,MAESTRO-IOS-PERSONAL-FUTURE_BUILDING-0859 | Education | 2322.72,iPhone,B18,RAMP_501_1500,CREATED,idem-20260902-ios-0859
860,MTR-IOS-0860,Group,Shared Living,Family Household,Utilities,Expense,2025-12-28,11:28:54,2025-12-28 11:28:54,6273.54,INR,-6273.54,IOS Aarav,3,EXACT,MAESTRO-IOS-GROUP-FAMILY_HOUSEHOLD-0860 | Utilities | 6273.54,iPhone,B18,RAMP_501_1500,CREATED,idem-20260902-ios-0860
861,MTR-IOS-0861,Business,Business,Business Operations,Software,Expense,2026-01-11,22:21:07,2026-01-11 22:21:07,134575.96,INR,-134575.96,IOS Owner,,,MAESTRO-IOS-BUSINESS-BUSINESS_OPERATIONS-0861 | Software | 134575.96,iPhone,B18,RAMP_501_1500,CREATED,idem-20260902-ios-0861
862,MTR-IOS-0862,Personal,Personal,Future Building,Goal Contribution,Transfer,2026-07-27,04:42:26,2026-07-27 04:42:26,17815.82,INR,0.0,IOS Owner,,,MAESTRO-IOS-PERSONAL-FUTURE_BUILDING-0862 | Goal Contribution | 17815.82,iPhone,B18,RAMP_501_1500,CREATED,idem-20260902-ios-0862
863,MTR-IOS-0863,Group,Shared Living,Family Household,Healthcare,Expense,2025-12-19,22:07:13,2025-12-19 22:07:13,13289.51,INR,-13289.51,IOS Meera,3,SHARES,MAESTRO-IOS-GROUP-FAMILY_HOUSEHOLD-0863 | Healthcare | 13289.51,iPhone,B18,RAMP_501_1500,CREATED,idem-20260902-ios-0863
864,MTR-IOS-0864,Business,Business,Business Operations,Rent,Expense,2026-04-22,20:52:25,2026-04-22 20:52:25,113631.59,INR,-113631.59,IOS Owner,,,MAESTRO-IOS-BUSINESS-BUSINESS_OPERATIONS-0864 | Rent | 113631.59,iPhone,B18,RAMP_501_1500,CREATED,idem-20260902-ios-0864
865,MTR-IOS-0865,Personal,Personal,Lifestyle,Dining,Expense,2026-07-28,10:37:58,2026-07-28 10:37:58,14191.17,INR,-14191.17,IOS Owner,,,MAESTRO-IOS-PERSONAL-LIFESTYLE-0865 | Dining | 14191.17,iPhone,B18,RAMP_501_1500,CREATED,idem-20260902-ios-0865
866,MTR-IOS-0866,Group,Shared Living,Custom Living,Custom Expense,Expense,2026-01-31,00:11:34,2026-01-31 00:11:34,14865.78,INR,-14865.78,IOS Owner,3,EQUAL,MAESTRO-IOS-GROUP-CUSTOM_LIVING-0866 | Custom Expense | 14865.78,iPhone,B18,RAMP_501_1500,CREATED,idem-20260902-ios-0866
867,MTR-IOS-0867,Business,Business,Business Operations,Marketing,Expense,2026-03-17,13:51:29,2026-03-17 13:51:29,134106.95,INR,-134106.95,IOS Owner,,,MAESTRO-IOS-BUSINESS-BUSINESS_OPERATIONS-0867 | Marketing | 134106.95,iPhone,B18,RAMP_501_1500,CREATED,idem-20260902-ios-0867
868,MTR-IOS-0868,Personal,Personal,Lifestyle,Shopping,Expense,2025-10-23,07:30:24,2025-10-23 07:30:24,12485.3,INR,-12485.3,IOS Owner,,,MAESTRO-IOS-PERSONAL-LIFESTYLE-0868 | Shopping | 12485.30,iPhone,B18,RAMP_501_1500,CREATED,idem-20260902-ios-0868
869,MTR-IOS-0869,Group,Shared Living,Custom Living,Custom Contribution,Contribution,2026-04-14,20:17:18,2026-04-14 20:17:18,12515.18,INR,12515.18,IOS Aarav,3,PERCENTAGE,MAESTRO-IOS-GROUP-CUSTOM_LIVING-0869 | Custom Contribution | 12515.18,iPhone,B18,RAMP_501_1500,CREATED,idem-20260902-ios-0869
870,MTR-IOS-0870,Business,Business,Business Operations,Legal,Expense,2026-04-25,12:31:17,2026-04-25 12:31:17,61077.69,INR,-61077.69,IOS Owner,,,MAESTRO-IOS-BUSINESS-BUSINESS_OPERATIONS-0870 | Legal | 61077.69,iPhone,B18,RAMP_501_1500,CREATED,idem-20260902-ios-0870
871,MTR-IOS-0871,Personal,Personal,Lifestyle,Entertainment,Expense,2026-05-22,19:43:35,2026-05-22 19:43:35,4590.41,INR,-4590.41,IOS Owner,,,MAESTRO-IOS-PERSONAL-LIFESTYLE-0871 | Entertainment | 4590.41,iPhone,B18,RAMP_501_1500,CREATED,idem-20260902-ios-0871
872,MTR-IOS-0872,Group,Shared Experience,Trip,Travel,Expense,2025-10-20,19:10:34,2025-10-20 19:10:34,25374.39,INR,-25374.39,IOS Meera,3,EXACT,MAESTRO-IOS-GROUP-TRIP-0872 | Travel | 25374.39,iPhone,B18,RAMP_501_1500,CREATED,idem-20260902-ios-0872
873,MTR-IOS-0873,Business,Business,Business Operations,Accounting,Expense,2025-09-08,22:09:20,2025-09-08 22:09:20,96365.54,INR,-96365.54,IOS Owner,,,MAESTRO-IOS-BUSINESS-BUSINESS_OPERATIONS-0873 | Accounting | 96365.54,iPhone,B18,RAMP_501_1500,CREATED,idem-20260902-ios-0873
874,MTR-IOS-0874,Personal,Personal,Lifestyle,Travel,Expense,2025-11-27,03:08:27,2025-11-27 03:08:27,13224.68,INR,-13224.68,IOS Owner,,,MAESTRO-IOS-PERSONAL-LIFESTYLE-0874 | Travel | 13224.68,iPhone,B18,RAMP_501_1500,CREATED,idem-20260902-ios-0874
875,MTR-IOS-0875,Group,Shared Experience,Trip,Stay,Expense,2025-10-16,14:36:53,2025-10-16 14:36:53,17089.33,INR,-17089.33,IOS Owner,3,SHARES,MAESTRO-IOS-GROUP-TRIP-0875 | Stay | 17089.33,iPhone,B18,RAMP_501_1500,CREATED,idem-20260902-ios-0875
876,MTR-IOS-0876,Business,Business,Business Operations,Equipment,Expense,2026-09-02,21:43:26,2026-09-02 21:43:26,48491.7,INR,-48491.7,IOS Owner,,,MAESTRO-IOS-BUSINESS-BUSINESS_OPERATIONS-0876 | Equipment | 48491.70,iPhone,B18,RAMP_501_1500,CREATED,idem-20260902-ios-0876
877,MTR-IOS-0877,Personal,Personal,Lifestyle,Fitness,Expense,2026-07-27,01:42:40,2026-07-27 01:42:40,2070.12,INR,-2070.12,IOS Owner,,,MAESTRO-IOS-PERSONAL-LIFESTYLE-0877 | Fitness | 2070.12,iPhone,B18,RAMP_501_1500,CREATED,idem-20260902-ios-0877
878,MTR-IOS-0878,Group,Shared Experience,Trip,Food,Expense,2025-11-01,00:33:47,2025-11-01 00:33:47,18352.23,INR,-18352.23,IOS Aarav,3,EQUAL,MAESTRO-IOS-GROUP-TRIP-0878 | Food | 18352.23,iPhone,B18,RAMP_501_1500,CREATED,idem-20260902-ios-0878
879,MTR-IOS-0879,Business,Business,Business Operations,Vendor,Expense,2026-06-11,18:40:14,2026-06-11 18:40:14,134634.34,INR,-134634.34,IOS Owner,,,MAESTRO-IOS-BUSINESS-BUSINESS_OPERATIONS-0879 | Vendor | 134634.34,iPhone,B18,RAMP_501_1500,CREATED,idem-20260902-ios-0879
880,MTR-IOS-0880,Personal,Personal,Lifestyle,Hobbies,Expense,2026-08-30,22:08:39,2026-08-30 22:08:39,17627.88,INR,-17627.88,IOS Owner,,,MAESTRO-IOS-PERSONAL-LIFESTYLE-0880 | Hobbies | 17627.88,iPhone,B18,RAMP_501_1500,CREATED,idem-20260902-ios-0880
881,MTR-IOS-0881,Group,Shared Experience,Trip,Local Transport,Expense,2025-11-30,11:53:08,2025-11-30 11:53:08,24796.99,INR,-24796.99,IOS Meera,3,PERCENTAGE,MAESTRO-IOS-GROUP-TRIP-0881 | Local Transport | 24796.99,iPhone,B18,RAMP_501_1500,CREATED,idem-20260902-ios-0881
882,MTR-IOS-0882,Business,Business,Business Operations,Tax,Expense,2026-08-16,01:56:44,2026-08-16 01:56:44,85993.59,INR,-85993.59,IOS Owner,,,MAESTRO-IOS-BUSINESS-BUSINESS_OPERATIONS-0882 | Tax | 85993.59,iPhone,B18,RAMP_501_1500,CREATED,idem-20260902-ios-0882
883,MTR-IOS-0883,Personal,Personal,Relationships,Gifts,Expense,2026-07-19,04:41:26,2026-07-19 04:41:26,725.44,INR,-725.44,IOS Owner,,,MAESTRO-IOS-PERSONAL-RELATIONSHIPS-0883 | Gifts | 725.44,iPhone,B18,RAMP_501_1500,CREATED,idem-20260902-ios-0883
884,MTR-IOS-0884,Group,Shared Experience,Trip,Activities,Expense,2026-01-05,06:15:30,2026-01-05 06:15:30,13689.47,INR,-13689.47,IOS Owner,3,EXACT,MAESTRO-IOS-GROUP-TRIP-0884 | Activities | 13689.47,iPhone,B18,RAMP_501_1500,CREATED,idem-20260902-ios-0884
885,MTR-IOS-0885,Business,Business,Team Operations,Payroll,Expense,2026-01-23,09:15:08,2026-01-23 09:15:08,5213.19,INR,-5213.19,IOS Owner,,,MAESTRO-IOS-BUSINESS-TEAM_OPERATIONS-0885 | Payroll | 5213.19,iPhone,B18,RAMP_501_1500,CREATED,idem-20260902-ios-0885
886,MTR-IOS-0886,Personal,Personal,Relationships,Dates,Expense,2026-07-28,14:21:08,2026-07-28 14:21:08,6645.53,INR,-6645.53,IOS Owner,,,MAESTRO-IOS-PERSONAL-RELATIONSHIPS-0886 | Dates | 6645.53,iPhone,B18,RAMP_501_1500,CREATED,idem-20260902-ios-0886
887,MTR-IOS-0887,Group,Shared Experience,Trip,Shopping,Expense,2026-04-14,08:47:11,2026-04-14 08:47:11,5391.73,INR,-5391.73,IOS Aarav,3,SHARES,MAESTRO-IOS-GROUP-TRIP-0887 | Shopping | 5391.73,iPhone,B18,RAMP_501_1500,CREATED,idem-20260902-ios-0887
888,MTR-IOS-0888,Business,Business,Team Operations,Contractor,Expense,2026-06-04,08:19:57,2026-06-04 08:19:57,0.01,INR,-0.01,IOS Owner,,,MAESTRO-IOS-BUSINESS-TEAM_OPERATIONS-0888 | Contractor | 0.01,iPhone,B18,RAMP_501_1500,CREATED,idem-20260902-ios-0888
889,MTR-IOS-0889,Personal,Personal,Relationships,Family,Expense,2026-05-10,20:18:03,2026-05-10 20:18:03,12122.94,INR,-12122.94,IOS Owner,,,MAESTRO-IOS-PERSONAL-RELATIONSHIPS-0889 | Family | 12122.94,iPhone,B18,RAMP_501_1500,CREATED,idem-20260902-ios-0889
890,MTR-IOS-0890,Group,Shared Experience,Trip,Other,Expense,2025-10-26,00:26:45,2025-10-26 00:26:45,14597.82,INR,-14597.82,IOS Meera,3,EQUAL,MAESTRO-IOS-GROUP-TRIP-0890 | Other | 14597.82,iPhone,B18,RAMP_501_1500,CREATED,idem-20260902-ios-0890
891,MTR-IOS-0891,Business,Business,Team Operations,Hiring,Expense,2025-11-19,18:48:24,2025-11-19 18:48:24,124981.34,INR,-124981.34,IOS Owner,,,MAESTRO-IOS-BUSINESS-TEAM_OPERATIONS-0891 | Hiring | 124981.34,iPhone,B18,RAMP_501_1500,CREATED,idem-20260902-ios-0891
892,MTR-IOS-0892,Personal,Personal,Relationships,Friends,Expense,2026-06-02,00:45:06,2026-06-02 00:45:06,3852.74,INR,-3852.74,IOS Owner,,,MAESTRO-IOS-PERSONAL-RELATIONSHIPS-0892 | Friends | 3852.74,iPhone,B18,RAMP_501_1500,CREATED,idem-20260902-ios-0892
893,MTR-IOS-0893,Group,Shared Experience,Wedding,Venue,Expense,2025-11-05,00:15:59,2025-11-05 00:15:59,11003.99,INR,-11003.99,IOS Owner,3,PERCENTAGE,MAESTRO-IOS-GROUP-WEDDING-0893 | Venue | 11003.99,iPhone,B18,RAMP_501_1500,CREATED,idem-20260902-ios-0893
894,MTR-IOS-0894,Business,Business,Team Operations,Team Meal,Expense,2025-12-20,03:16:04,2025-12-20 03:16:04,36560.61,INR,-36560.61,IOS Owner,,,MAESTRO-IOS-BUSINESS-TEAM_OPERATIONS-0894 | Team Meal | 36560.61,iPhone,B18,RAMP_501_1500,CREATED,idem-20260902-ios-0894
895,MTR-IOS-0895,Personal,Personal,Relationships,Celebrations,Expense,2026-07-17,14:58:34,2026-07-17 14:58:34,9809.44,INR,-9809.44,IOS Owner,,,MAESTRO-IOS-PERSONAL-RELATIONSHIPS-0895 | Celebrations | 9809.44,iPhone,B18,RAMP_501_1500,CREATED,idem-20260902-ios-0895
896,MTR-IOS-0896,Group,Shared Experience,Wedding,Catering,Expense,2026-05-18,04:58:48,2026-05-18 04:58:48,12399.58,INR,-12399.58,IOS Aarav,3,EXACT,MAESTRO-IOS-GROUP-WEDDING-0896 | Catering | 12399.58,iPhone,B18,RAMP_501_1500,CREATED,idem-20260902-ios-0896
897,MTR-IOS-0897,Business,Business,Team Operations,Travel,Expense,2025-09-17,10:52:27,2025-09-17 10:52:27,19473.15,INR,-19473.15,IOS Owner,,,MAESTRO-IOS-BUSINESS-TEAM_OPERATIONS-0897 | Travel | 19473.15,iPhone,B18,RAMP_501_1500,CREATED,idem-20260902-ios-0897
898,MTR-IOS-0898,Personal,Personal,Life Operations,Groceries,Expense,2025-09-28,18:04:11,2025-09-28 18:04:11,14347.57,INR,-14347.57,IOS Owner,,,MAESTRO-IOS-PERSONAL-LIFE_OPERATIONS-0898 | Groceries | 14347.57,iPhone,B18,RAMP_501_1500,CREATED,idem-20260902-ios-0898
899,MTR-IOS-0899,Group,Shared Experience,Wedding,Decor,Expense,2026-01-29,22:53:46,2026-01-29 22:53:46,20422.51,INR,-20422.51,IOS Meera,3,SHARES,MAESTRO-IOS-GROUP-WEDDING-0899 | Decor | 20422.51,iPhone,B18,RAMP_501_1500,CREATED,idem-20260902-ios-0899
900,MTR-IOS-0900,Business,Business,Team Operations,Training,Expense,2026-07-01,13:40:42,2026-07-01 13:40:42,33336.62,INR,-33336.62,IOS Owner,,,MAESTRO-IOS-BUSINESS-TEAM_OPERATIONS-0900 | Training | 33336.62,iPhone,B18,RAMP_501_1500,CREATED,idem-20260902-ios-0900
901,MTR-IOS-0901,Personal,Personal,Life Operations,Rent,Expense,2026-01-08,06:43:32,2026-01-08 06:43:32,1737.84,INR,-1737.84,IOS Owner,,,MAESTRO-IOS-PERSONAL-LIFE_OPERATIONS-0901 | Rent | 1737.84,iPhone,B19,RAMP_501_1500,CREATED,idem-20260902-ios-0901
902,MTR-IOS-0902,Group,Shared Experience,Wedding,Travel,Expense,2025-09-06,15:59:47,2025-09-06 15:59:47,23877.11,INR,-23877.11,IOS Owner,3,EQUAL,MAESTRO-IOS-GROUP-WEDDING-0902 | Travel | 23877.11,iPhone,B19,RAMP_501_1500,CREATED,idem-20260902-ios-0902
903,MTR-IOS-0903,Business,Business,Team Operations,Tools,Expense,2025-10-19,19:42:35,2025-10-19 19:42:35,144263.58,INR,-144263.58,IOS Owner,,,MAESTRO-IOS-BUSINESS-TEAM_OPERATIONS-0903 | Tools | 144263.58,iPhone,B19,RAMP_501_1500,CREATED,idem-20260902-ios-0903
904,MTR-IOS-0904,Personal,Personal,Life Operations,Bills,Expense,2025-09-15,21:57:32,2025-09-15 21:57:32,7350.81,INR,-7350.81,IOS Owner,,,MAESTRO-IOS-PERSONAL-LIFE_OPERATIONS-0904 | Bills | 7350.81,iPhone,B19,RAMP_501_1500,CREATED,idem-20260902-ios-0904
905,MTR-IOS-0905,Group,Shared Experience,Wedding,Gifts,Expense,2026-01-17,17:20:31,2026-01-17 17:20:31,7381.95,INR,-7381.95,IOS Aarav,3,PERCENTAGE,MAESTRO-IOS-GROUP-WEDDING-0905 | Gifts | 7381.95,iPhone,B19,RAMP_501_1500,CREATED,idem-20260902-ios-0905
906,MTR-IOS-0906,Business,Business,Business Runway,Funding,Income,2026-02-08,14:45:12,2026-02-08 14:45:12,123077.74,INR,123077.74,IOS Owner,,,MAESTRO-IOS-BUSINESS-BUSINESS_RUNWAY-0906 | Funding | 123077.74,iPhone,B19,RAMP_501_1500,CREATED,idem-20260902-ios-0906
907,MTR-IOS-0907,Personal,Personal,Life Operations,Transport,Expense,2026-01-28,07:29:36,2026-01-28 07:29:36,11564.9,INR,-11564.9,IOS Owner,,,MAESTRO-IOS-PERSONAL-LIFE_OPERATIONS-0907 | Transport | 11564.90,iPhone,B19,RAMP_501_1500,CREATED,idem-20260902-ios-0907
908,MTR-IOS-0908,Group,Shared Experience,Wedding,Photography,Expense,2026-03-18,04:07:20,2026-03-18 04:07:20,22247.99,INR,-22247.99,IOS Meera,3,EXACT,MAESTRO-IOS-GROUP-WEDDING-0908 | Photography | 22247.99,iPhone,B19,RAMP_501_1500,CREATED,idem-20260902-ios-0908
909,MTR-IOS-0909,Business,Business,Business Runway,Revenue,Income,2026-02-16,16:32:13,2026-02-16 16:32:13,148251.07,INR,148251.07,IOS Owner,,,MAESTRO-IOS-BUSINESS-BUSINESS_RUNWAY-0909 | Revenue | 148251.07,iPhone,B19,RAMP_501_1500,CREATED,idem-20260902-ios-0909
910,MTR-IOS-0910,Personal,Personal,Life Operations,Healthcare,Expense,2026-05-28,17:08:51,2026-05-28 17:08:51,9151.99,INR,-9151.99,IOS Owner,,,MAESTRO-IOS-PERSONAL-LIFE_OPERATIONS-0910 | Healthcare | 9151.99,iPhone,B19,RAMP_501_1500,CREATED,idem-20260902-ios-0910
911,MTR-IOS-0911,Group,Shared Experience,Wedding,Other,Expense,2026-03-09,08:21:16,2026-03-09 08:21:16,26400.46,INR,-26400.46,IOS Owner,3,SHARES,MAESTRO-IOS-GROUP-WEDDING-0911 | Other | 26400.46,iPhone,B19,RAMP_501_1500,CREATED,idem-20260902-ios-0911
912,MTR-IOS-0912,Business,Business,Business Runway,Burn,Expense,2026-03-07,06:29:46,2026-03-07 06:29:46,164925.51,INR,-164925.51,IOS Owner,,,MAESTRO-IOS-BUSINESS-BUSINESS_RUNWAY-0912 | Burn | 164925.51,iPhone,B19,RAMP_501_1500,CREATED,idem-20260902-ios-0912
913,MTR-IOS-0913,Personal,Personal,Life Operations,Subscriptions,Expense,2025-10-05,11:36:08,2025-10-05 11:36:08,15777.54,INR,-15777.54,IOS Owner,,,MAESTRO-IOS-PERSONAL-LIFE_OPERATIONS-0913 | Subscriptions | 15777.54,iPhone,B19,RAMP_501_1500,CREATED,idem-20260902-ios-0913
914,MTR-IOS-0914,Group,Shared Experience,Office Outing,Food,Expense,2026-02-23,19:54:06,2026-02-23 19:54:06,14277.5,INR,-14277.5,IOS Aarav,3,EQUAL,MAESTRO-IOS-GROUP-OFFICE_OUTING-0914 | Food | 14277.50,iPhone,B19,RAMP_501_1500,CREATED,idem-20260902-ios-0914
915,MTR-IOS-0915,Business,Business,Business Runway,Reserve,Transfer,2026-02-10,12:44:44,2026-02-10 12:44:44,163689.25,INR,0.0,IOS Owner,,,MAESTRO-IOS-BUSINESS-BUSINESS_RUNWAY-0915 | Reserve | 163689.25,iPhone,B19,RAMP_501_1500,CREATED,idem-20260902-ios-0915
916,MTR-IOS-0916,Personal,Personal,Life Operations,Repairs,Expense,2025-09-15,02:14:25,2025-09-15 02:14:25,8533.4,INR,-8533.4,IOS Owner,,,MAESTRO-IOS-PERSONAL-LIFE_OPERATIONS-0916 | Repairs | 8533.40,iPhone,B19,RAMP_501_1500,CREATED,idem-20260902-ios-0916
917,MTR-IOS-0917,Group,Shared Experience,Office Outing,Travel,Expense,2026-08-15,11:18:20,2026-08-15 11:18:20,24996.09,INR,-24996.09,IOS Meera,3,PERCENTAGE,MAESTRO-IOS-GROUP-OFFICE_OUTING-0917 | Travel | 24996.09,iPhone,B19,RAMP_501_1500,CREATED,idem-20260902-ios-0917
918,MTR-IOS-0918,Business,Business,Business Runway,Loan,Income,2026-07-01,18:04:31,2026-07-01 18:04:31,116773.53,INR,116773.53,IOS Owner,,,MAESTRO-IOS-BUSINESS-BUSINESS_RUNWAY-0918 | Loan | 116773.53,iPhone,B19,RAMP_501_1500,CREATED,idem-20260902-ios-0918
919,MTR-IOS-0919,Personal,Personal,Future Building,Savings,Transfer,2025-09-17,00:42:10,2025-09-17 00:42:10,17229.47,INR,0.0,IOS Owner,,,MAESTRO-IOS-PERSONAL-FUTURE_BUILDING-0919 | Savings | 17229.47,iPhone,B19,RAMP_501_1500,CREATED,idem-20260902-ios-0919
920,MTR-IOS-0920,Group,Shared Experience,Office Outing,Activities,Expense,2026-06-09,13:07:24,2026-06-09 13:07:24,19053.14,INR,-19053.14,IOS Owner,3,EXACT,MAESTRO-IOS-GROUP-OFFICE_OUTING-0920 | Activities | 19053.14,iPhone,B19,RAMP_501_1500,CREATED,idem-20260902-ios-0920
921,MTR-IOS-0921,Business,Business,Business Runway,Investment,Income,2025-12-26,00:53:46,2025-12-26 00:53:46,124575.81,INR,124575.81,IOS Owner,,,MAESTRO-IOS-BUSINESS-BUSINESS_RUNWAY-0921 | Investment | 124575.81,iPhone,B19,RAMP_501_1500,CREATED,idem-20260902-ios-0921
922,MTR-IOS-0922,Personal,Personal,Future Building,Emergency Fund,Transfer,2025-11-12,04:28:28,2025-11-12 04:28:28,11033.03,INR,0.0,IOS Owner,,,MAESTRO-IOS-PERSONAL-FUTURE_BUILDING-0922 | Emergency Fund | 11033.03,iPhone,B19,RAMP_501_1500,CREATED,idem-20260902-ios-0922
923,MTR-IOS-0923,Group,Shared Experience,Office Outing,Venue,Expense,2025-11-05,10:26:25,2025-11-05 10:26:25,23510.72,INR,-23510.72,IOS Aarav,3,SHARES,MAESTRO-IOS-GROUP-OFFICE_OUTING-0923 | Venue | 23510.72,iPhone,B19,RAMP_501_1500,CREATED,idem-20260902-ios-0923
924,MTR-IOS-0924,Business,Business,Business Operations,Software,Expense,2025-11-06,12:10:35,2025-11-06 12:10:35,122432.18,INR,-122432.18,IOS Owner,,,MAESTRO-IOS-BUSINESS-BUSINESS_OPERATIONS-0924 | Software | 122432.18,iPhone,B19,RAMP_501_1500,CREATED,idem-20260902-ios-0924
925,MTR-IOS-0925,Personal,Personal,Future Building,Investments,Investment,2026-06-29,16:52:37,2026-06-29 16:52:37,1.0,INR,0.0,IOS Owner,,,MAESTRO-IOS-PERSONAL-FUTURE_BUILDING-0925 | Investments | 1.00,iPhone,B19,RAMP_501_1500,CREATED,idem-20260902-ios-0925
926,MTR-IOS-0926,Group,Shared Experience,Office Outing,Other,Expense,2026-07-25,11:26:40,2026-07-25 11:26:40,3294.48,INR,-3294.48,IOS Meera,3,EQUAL,MAESTRO-IOS-GROUP-OFFICE_OUTING-0926 | Other | 3294.48,iPhone,B19,RAMP_501_1500,CREATED,idem-20260902-ios-0926
927,MTR-IOS-0927,Business,Business,Business Operations,Rent,Expense,2026-03-08,05:29:59,2026-03-08 05:29:59,149879.42,INR,-149879.42,IOS Owner,,,MAESTRO-IOS-BUSINESS-BUSINESS_OPERATIONS-0927 | Rent | 149879.42,iPhone,B19,RAMP_501_1500,CREATED,idem-20260902-ios-0927
928,MTR-IOS-0928,Personal,Personal,Future Building,Education,Expense,2025-10-29,02:58:27,2025-10-29 02:58:27,12533.43,INR,-12533.43,IOS Owner,,,MAESTRO-IOS-PERSONAL-FUTURE_BUILDING-0928 | Education | 12533.43,iPhone,B19,RAMP_501_1500,CREATED,idem-20260902-ios-0928
929,MTR-IOS-0929,Group,Shared Experience,House Party,Food,Expense,2026-06-02,08:00:01,2026-06-02 08:00:01,14093.19,INR,-14093.19,IOS Owner,3,PERCENTAGE,MAESTRO-IOS-GROUP-HOUSE_PARTY-0929 | Food | 14093.19,iPhone,B19,RAMP_501_1500,CREATED,idem-20260902-ios-0929
930,MTR-IOS-0930,Business,Business,Business Operations,Marketing,Expense,2026-07-23,07:12:58,2026-07-23 07:12:58,96701.77,INR,-96701.77,IOS Owner,,,MAESTRO-IOS-BUSINESS-BUSINESS_OPERATIONS-0930 | Marketing | 96701.77,iPhone,B19,RAMP_501_1500,CREATED,idem-20260902-ios-0930
931,MTR-IOS-0931,Personal,Personal,Future Building,Goal Contribution,Transfer,2026-06-22,07:27:17,2026-06-22 07:27:17,4130.92,INR,0.0,IOS Owner,,,MAESTRO-IOS-PERSONAL-FUTURE_BUILDING-0931 | Goal Contribution | 4130.92,iPhone,B19,RAMP_501_1500,CREATED,idem-20260902-ios-0931
932,MTR-IOS-0932,Group,Shared Experience,House Party,Drinks,Expense,2025-09-14,09:55:09,2025-09-14 09:55:09,13049.89,INR,-13049.89,IOS Aarav,3,EXACT,MAESTRO-IOS-GROUP-HOUSE_PARTY-0932 | Drinks | 13049.89,iPhone,B19,RAMP_501_1500,CREATED,idem-20260902-ios-0932
933,MTR-IOS-0933,Business,Business,Business Operations,Legal,Expense,2025-11-12,23:06:34,2025-11-12 23:06:34,155120.7,INR,-155120.7,IOS Owner,,,MAESTRO-IOS-BUSINESS-BUSINESS_OPERATIONS-0933 | Legal | 155120.70,iPhone,B19,RAMP_501_1500,CREATED,idem-20260902-ios-0933
934,MTR-IOS-0934,Personal,Personal,Lifestyle,Dining,Expense,2025-11-30,06:21:41,2025-11-30 06:21:41,6384.33,INR,-6384.33,IOS Owner,,,MAESTRO-IOS-PERSONAL-LIFESTYLE-0934 | Dining | 6384.33,iPhone,B19,RAMP_501_1500,CREATED,idem-20260902-ios-0934
935,MTR-IOS-0935,Group,Shared Experience,House Party,Decor,Expense,2026-05-26,17:18:08,2026-05-26 17:18:08,11636.49,INR,-11636.49,IOS Meera,3,SHARES,MAESTRO-IOS-GROUP-HOUSE_PARTY-0935 | Decor | 11636.49,iPhone,B19,RAMP_501_1500,CREATED,idem-20260902-ios-0935
936,MTR-IOS-0936,Business,Business,Business Operations,Accounting,Expense,2026-03-04,21:46:22,2026-03-04 21:46:22,98400.13,INR,-98400.13,IOS Owner,,,MAESTRO-IOS-BUSINESS-BUSINESS_OPERATIONS-0936 | Accounting | 98400.13,iPhone,B19,RAMP_501_1500,CREATED,idem-20260902-ios-0936
937,MTR-IOS-0937,Personal,Personal,Lifestyle,Shopping,Expense,2026-05-01,23:55:13,2026-05-01 23:55:13,4198.68,INR,-4198.68,IOS Owner,,,MAESTRO-IOS-PERSONAL-LIFESTYLE-0937 | Shopping | 4198.68,iPhone,B19,RAMP_501_1500,CREATED,idem-20260902-ios-0937
938,MTR-IOS-0938,Group,Shared Experience,House Party,Supplies,Expense,2025-11-12,21:38:38,2025-11-12 21:38:38,2136.52,INR,-2136.52,IOS Owner,3,EQUAL,MAESTRO-IOS-GROUP-HOUSE_PARTY-0938 | Supplies | 2136.52,iPhone,B19,RAMP_501_1500,CREATED,idem-20260902-ios-0938
939,MTR-IOS-0939,Business,Business,Business Operations,Equipment,Expense,2026-07-09,22:46:53,2026-07-09 22:46:53,99359.71,INR,-99359.71,IOS Owner,,,MAESTRO-IOS-BUSINESS-BUSINESS_OPERATIONS-0939 | Equipment | 99359.71,iPhone,B19,RAMP_501_1500,CREATED,idem-20260902-ios-0939
940,MTR-IOS-0940,Personal,Personal,Lifestyle,Entertainment,Expense,2025-11-21,04:22:26,2025-11-21 04:22:26,4236.57,INR,-4236.57,IOS Owner,,,MAESTRO-IOS-PERSONAL-LIFESTYLE-0940 | Entertainment | 4236.57,iPhone,B19,RAMP_501_1500,CREATED,idem-20260902-ios-0940
941,MTR-IOS-0941,Group,Shared Experience,House Party,Other,Expense,2026-02-25,05:59:28,2026-02-25 05:59:28,21003.97,INR,-21003.97,IOS Aarav,3,PERCENTAGE,MAESTRO-IOS-GROUP-HOUSE_PARTY-0941 | Other | 21003.97,iPhone,B19,RAMP_501_1500,CREATED,idem-20260902-ios-0941
942,MTR-IOS-0942,Business,Business,Business Operations,Vendor,Expense,2025-10-07,17:04:23,2025-10-07 17:04:23,109583.25,INR,-109583.25,IOS Owner,,,MAESTRO-IOS-BUSINESS-BUSINESS_OPERATIONS-0942 | Vendor | 109583.25,iPhone,B19,RAMP_501_1500,CREATED,idem-20260902-ios-0942
943,MTR-IOS-0943,Personal,Personal,Lifestyle,Travel,Expense,2025-09-23,10:54:07,2025-09-23 10:54:07,15671.9,INR,-15671.9,IOS Owner,,,MAESTRO-IOS-PERSONAL-LIFESTYLE-0943 | Travel | 15671.90,iPhone,B19,RAMP_501_1500,CREATED,idem-20260902-ios-0943
944,MTR-IOS-0944,Group,Shared Purchase,Gift Pool,Contribution,Contribution,2025-09-19,21:52:34,2025-09-19 21:52:34,18907.28,INR,18907.28,IOS Meera,3,EXACT,MAESTRO-IOS-GROUP-GIFT_POOL-0944 | Contribution | 18907.28,iPhone,B19,RAMP_501_1500,CREATED,idem-20260902-ios-0944
945,MTR-IOS-0945,Business,Business,Business Operations,Tax,Expense,2025-11-01,12:59:57,2025-11-01 12:59:57,85303.78,INR,-85303.78,IOS Owner,,,MAESTRO-IOS-BUSINESS-BUSINESS_OPERATIONS-0945 | Tax | 85303.78,iPhone,B19,RAMP_501_1500,CREATED,idem-20260902-ios-0945
946,MTR-IOS-0946,Personal,Personal,Lifestyle,Fitness,Expense,2026-07-01,17:51:27,2026-07-01 17:51:27,16375.27,INR,-16375.27,IOS Owner,,,MAESTRO-IOS-PERSONAL-LIFESTYLE-0946 | Fitness | 16375.27,iPhone,B19,RAMP_501_1500,CREATED,idem-20260902-ios-0946
947,MTR-IOS-0947,Group,Shared Purchase,Gift Pool,Gift Purchase,Expense,2026-02-22,00:23:06,2026-02-22 00:23:06,11841.22,INR,-11841.22,IOS Owner,3,SHARES,MAESTRO-IOS-GROUP-GIFT_POOL-0947 | Gift Purchase | 11841.22,iPhone,B19,RAMP_501_1500,CREATED,idem-20260902-ios-0947
948,MTR-IOS-0948,Business,Business,Team Operations,Payroll,Expense,2025-12-16,15:23:45,2025-12-16 15:23:45,800.16,INR,-800.16,IOS Owner,,,MAESTRO-IOS-BUSINESS-TEAM_OPERATIONS-0948 | Payroll | 800.16,iPhone,B19,RAMP_501_1500,CREATED,idem-20260902-ios-0948
949,MTR-IOS-0949,Personal,Personal,Lifestyle,Hobbies,Expense,2025-09-29,09:07:27,2025-09-29 09:07:27,4467.72,INR,-4467.72,IOS Owner,,,MAESTRO-IOS-PERSONAL-LIFESTYLE-0949 | Hobbies | 4467.72,iPhone,B19,RAMP_501_1500,CREATED,idem-20260902-ios-0949
950,MTR-IOS-0950,Group,Shared Purchase,Gift Pool,Delivery,Expense,2026-08-14,12:27:06,2026-08-14 12:27:06,20782.52,INR,-20782.52,IOS Aarav,3,EQUAL,MAESTRO-IOS-GROUP-GIFT_POOL-0950 | Delivery | 20782.52,iPhone,B19,RAMP_501_1500,CREATED,idem-20260902-ios-0950
951,MTR-IOS-0951,Business,Business,Team Operations,Contractor,Expense,2025-09-29,16:43:22,2025-09-29 16:43:22,118678.22,INR,-118678.22,IOS Owner,,,MAESTRO-IOS-BUSINESS-TEAM_OPERATIONS-0951 | Contractor | 118678.22,iPhone,B20,RAMP_501_1500,CREATED,idem-20260902-ios-0951
952,MTR-IOS-0952,Personal,Personal,Relationships,Gifts,Expense,2026-03-03,04:30:02,2026-03-03 04:30:02,8303.78,INR,-8303.78,IOS Owner,,,MAESTRO-IOS-PERSONAL-RELATIONSHIPS-0952 | Gifts | 8303.78,iPhone,B20,RAMP_501_1500,CREATED,idem-20260902-ios-0952
953,MTR-IOS-0953,Group,Shared Purchase,Gift Pool,Other,Expense,2025-09-23,13:06:46,2025-09-23 13:06:46,8343.31,INR,-8343.31,IOS Meera,3,PERCENTAGE,MAESTRO-IOS-GROUP-GIFT_POOL-0953 | Other | 8343.31,iPhone,B20,RAMP_501_1500,CREATED,idem-20260902-ios-0953
954,MTR-IOS-0954,Business,Business,Team Operations,Hiring,Expense,2026-01-16,05:53:24,2026-01-16 05:53:24,139744.57,INR,-139744.57,IOS Owner,,,MAESTRO-IOS-BUSINESS-TEAM_OPERATIONS-0954 | Hiring | 139744.57,iPhone,B20,RAMP_501_1500,CREATED,idem-20260902-ios-0954
955,MTR-IOS-0955,Personal,Personal,Relationships,Dates,Expense,2026-01-25,11:20:07,2026-01-25 11:20:07,12344.36,INR,-12344.36,IOS Owner,,,MAESTRO-IOS-PERSONAL-RELATIONSHIPS-0955 | Dates | 12344.36,iPhone,B20,RAMP_501_1500,CREATED,idem-20260902-ios-0955
956,MTR-IOS-0956,Group,Shared Purchase,Purchase,Item,Expense,2026-04-03,01:06:19,2026-04-03 01:06:19,23073.01,INR,-23073.01,IOS Owner,3,EXACT,MAESTRO-IOS-GROUP-PURCHASE-0956 | Item | 23073.01,iPhone,B20,RAMP_501_1500,CREATED,idem-20260902-ios-0956
957,MTR-IOS-0957,Business,Business,Team Operations,Team Meal,Expense,2026-02-17,19:04:01,2026-02-17 19:04:01,80075.79,INR,-80075.79,IOS Owner,,,MAESTRO-IOS-BUSINESS-TEAM_OPERATIONS-0957 | Team Meal | 80075.79,iPhone,B20,RAMP_501_1500,CREATED,idem-20260902-ios-0957
958,MTR-IOS-0958,Personal,Personal,Relationships,Family,Expense,2025-12-29,16:34:22,2025-12-29 16:34:22,1258.04,INR,-1258.04,IOS Owner,,,MAESTRO-IOS-PERSONAL-RELATIONSHIPS-0958 | Family | 1258.04,iPhone,B20,RAMP_501_1500,CREATED,idem-20260902-ios-0958
959,MTR-IOS-0959,Group,Shared Purchase,Purchase,Shipping,Expense,2026-07-25,02:04:29,2026-07-25 02:04:29,9019.7,INR,-9019.7,IOS Aarav,3,SHARES,MAESTRO-IOS-GROUP-PURCHASE-0959 | Shipping | 9019.70,iPhone,B20,RAMP_501_1500,CREATED,idem-20260902-ios-0959
960,MTR-IOS-0960,Business,Business,Team Operations,Travel,Expense,2026-03-01,12:44:33,2026-03-01 12:44:33,16504.4,INR,-16504.4,IOS Owner,,,MAESTRO-IOS-BUSINESS-TEAM_OPERATIONS-0960 | Travel | 16504.40,iPhone,B20,RAMP_501_1500,CREATED,idem-20260902-ios-0960
961,MTR-IOS-0961,Personal,Personal,Relationships,Friends,Expense,2026-04-11,06:17:01,2026-04-11 06:17:01,11025.08,INR,-11025.08,IOS Owner,,,MAESTRO-IOS-PERSONAL-RELATIONSHIPS-0961 | Friends | 11025.08,iPhone,B20,RAMP_501_1500,CREATED,idem-20260902-ios-0961
962,MTR-IOS-0962,Group,Shared Purchase,Purchase,Tax,Expense,2026-03-18,05:36:59,2026-03-18 05:36:59,99.99,INR,-99.99,IOS Meera,3,EQUAL,MAESTRO-IOS-GROUP-PURCHASE-0962 | Tax | 99.99,iPhone,B20,RAMP_501_1500,CREATED,idem-20260902-ios-0962
963,MTR-IOS-0963,Business,Business,Team Operations,Training,Expense,2026-08-05,04:37:32,2026-08-05 04:37:32,126530.08,INR,-126530.08,IOS Owner,,,MAESTRO-IOS-BUSINESS-TEAM_OPERATIONS-0963 | Training | 126530.08,iPhone,B20,RAMP_501_1500,CREATED,idem-20260902-ios-0963
964,MTR-IOS-0964,Personal,Personal,Relationships,Celebrations,Expense,2025-09-12,18:52:42,2025-09-12 18:52:42,13063.0,INR,-13063.0,IOS Owner,,,MAESTRO-IOS-PERSONAL-RELATIONSHIPS-0964 | Celebrations | 13063.00,iPhone,B20,RAMP_501_1500,CREATED,idem-20260902-ios-0964
965,MTR-IOS-0965,Group,Shared Purchase,Purchase,Other,Expense,2026-06-12,10:01:20,2026-06-12 10:01:20,17357.36,INR,-17357.36,IOS Owner,3,PERCENTAGE,MAESTRO-IOS-GROUP-PURCHASE-0965 | Other | 17357.36,iPhone,B20,RAMP_501_1500,CREATED,idem-20260902-ios-0965
966,MTR-IOS-0966,Business,Business,Team Operations,Tools,Expense,2026-02-24,19:36:58,2026-02-24 19:36:58,19595.55,INR,-19595.55,IOS Owner,,,MAESTRO-IOS-BUSINESS-TEAM_OPERATIONS-0966 | Tools | 19595.55,iPhone,B20,RAMP_501_1500,CREATED,idem-20260902-ios-0966
967,MTR-IOS-0967,Personal,Personal,Life Operations,Groceries,Expense,2026-02-22,21:57:23,2026-02-22 21:57:23,11746.29,INR,-11746.29,IOS Owner,,,MAESTRO-IOS-PERSONAL-LIFE_OPERATIONS-0967 | Groceries | 11746.29,iPhone,B20,RAMP_501_1500,CREATED,idem-20260902-ios-0967
968,MTR-IOS-0968,Group,Shared Purchase,Assets,Purchase,Expense,2026-02-21,06:08:46,2026-02-21 06:08:46,8019.57,INR,-8019.57,IOS Aarav,3,EXACT,MAESTRO-IOS-GROUP-ASSETS-0968 | Purchase | 8019.57,iPhone,B20,RAMP_501_1500,CREATED,idem-20260902-ios-0968
969,MTR-IOS-0969,Business,Business,Business Runway,Funding,Income,2026-05-13,16:00:22,2026-05-13 16:00:22,151654.18,INR,151654.18,IOS Owner,,,MAESTRO-IOS-BUSINESS-BUSINESS_RUNWAY-0969 | Funding | 151654.18,iPhone,B20,RAMP_501_1500,CREATED,idem-20260902-ios-0969
970,MTR-IOS-0970,Personal,Personal,Life Operations,Rent,Expense,2026-04-21,23:07:45,2026-04-21 23:07:45,3536.71,INR,-3536.71,IOS Owner,,,MAESTRO-IOS-PERSONAL-LIFE_OPERATIONS-0970 | Rent | 3536.71,iPhone,B20,RAMP_501_1500,CREATED,idem-20260902-ios-0970
971,MTR-IOS-0971,Group,Shared Purchase,Assets,Maintenance,Expense,2026-04-22,21:16:31,2026-04-22 21:16:31,14058.4,INR,-14058.4,IOS Meera,3,SHARES,MAESTRO-IOS-GROUP-ASSETS-0971 | Maintenance | 14058.40,iPhone,B20,RAMP_501_1500,CREATED,idem-20260902-ios-0971
972,MTR-IOS-0972,Business,Business,Business Runway,Revenue,Income,2026-09-01,16:55:58,2026-09-01 16:55:58,33825.7,INR,33825.7,IOS Owner,,,MAESTRO-IOS-BUSINESS-BUSINESS_RUNWAY-0972 | Revenue | 33825.70,iPhone,B20,RAMP_501_1500,CREATED,idem-20260902-ios-0972
973,MTR-IOS-0973,Personal,Personal,Life Operations,Bills,Expense,2025-11-14,21:41:08,2025-11-14 21:41:08,9429.86,INR,-9429.86,IOS Owner,,,MAESTRO-IOS-PERSONAL-LIFE_OPERATIONS-0973 | Bills | 9429.86,iPhone,B20,RAMP_501_1500,CREATED,idem-20260902-ios-0973
974,MTR-IOS-0974,Group,Shared Purchase,Assets,Repair,Expense,2026-07-21,17:43:20,2026-07-21 17:43:20,13193.58,INR,-13193.58,IOS Owner,3,EQUAL,MAESTRO-IOS-GROUP-ASSETS-0974 | Repair | 13193.58,iPhone,B20,RAMP_501_1500,CREATED,idem-20260902-ios-0974
975,MTR-IOS-0975,Business,Business,Business Runway,Burn,Expense,2025-09-07,11:56:25,2025-09-07 11:56:25,56157.34,INR,-56157.34,IOS Owner,,,MAESTRO-IOS-BUSINESS-BUSINESS_RUNWAY-0975 | Burn | 56157.34,iPhone,B20,RAMP_501_1500,CREATED,idem-20260902-ios-0975
976,MTR-IOS-0976,Personal,Personal,Life Operations,Transport,Expense,2026-02-22,18:33:36,2026-02-22 18:33:36,17175.86,INR,-17175.86,IOS Owner,,,MAESTRO-IOS-PERSONAL-LIFE_OPERATIONS-0976 | Transport | 17175.86,iPhone,B20,RAMP_501_1500,CREATED,idem-20260902-ios-0976
977,MTR-IOS-0977,Group,Shared Purchase,Assets,Insurance,Expense,2026-03-19,19:13:40,2026-03-19 19:13:40,14177.37,INR,-14177.37,IOS Aarav,3,PERCENTAGE,MAESTRO-IOS-GROUP-ASSETS-0977 | Insurance | 14177.37,iPhone,B20,RAMP_501_1500,CREATED,idem-20260902-ios-0977
978,MTR-IOS-0978,Business,Business,Business Runway,Reserve,Transfer,2026-03-25,12:49:49,2026-03-25 12:49:49,72153.3,INR,0.0,IOS Owner,,,MAESTRO-IOS-BUSINESS-BUSINESS_RUNWAY-0978 | Reserve | 72153.30,iPhone,B20,RAMP_501_1500,CREATED,idem-20260902-ios-0978
979,MTR-IOS-0979,Personal,Personal,Life Operations,Healthcare,Expense,2026-08-10,11:54:36,2026-08-10 11:54:36,5524.74,INR,-5524.74,IOS Owner,,,MAESTRO-IOS-PERSONAL-LIFE_OPERATIONS-0979 | Healthcare | 5524.74,iPhone,B20,RAMP_501_1500,CREATED,idem-20260902-ios-0979
980,MTR-IOS-0980,Group,Shared Purchase,Assets,Other,Expense,2026-07-09,23:20:21,2026-07-09 23:20:21,21158.34,INR,-21158.34,IOS Meera,3,EXACT,MAESTRO-IOS-GROUP-ASSETS-0980 | Other | 21158.34,iPhone,B20,RAMP_501_1500,CREATED,idem-20260902-ios-0980
981,MTR-IOS-0981,Business,Business,Business Runway,Loan,Income,2026-08-11,09:45:47,2026-08-11 09:45:47,49625.56,INR,49625.56,IOS Owner,,,MAESTRO-IOS-BUSINESS-BUSINESS_RUNWAY-0981 | Loan | 49625.56,iPhone,B20,RAMP_501_1500,CREATED,idem-20260902-ios-0981
982,MTR-IOS-0982,Personal,Personal,Life Operations,Subscriptions,Expense,2025-12-20,16:05:43,2025-12-20 16:05:43,4978.62,INR,-4978.62,IOS Owner,,,MAESTRO-IOS-PERSONAL-LIFE_OPERATIONS-0982 | Subscriptions | 4978.62,iPhone,B20,RAMP_501_1500,CREATED,idem-20260902-ios-0982
983,MTR-IOS-0983,Group,Shared Purchase,Custom Purchase,Custom Expense,Expense,2026-04-12,04:06:02,2026-04-12 04:06:02,26532.74,INR,-26532.74,IOS Owner,3,SHARES,MAESTRO-IOS-GROUP-CUSTOM_PURCHASE-0983 | Custom Expense | 26532.74,iPhone,B20,RAMP_501_1500,CREATED,idem-20260902-ios-0983
984,MTR-IOS-0984,Business,Business,Business Runway,Investment,Income,2026-01-26,02:14:31,2026-01-26 02:14:31,121300.49,INR,121300.49,IOS Owner,,,MAESTRO-IOS-BUSINESS-BUSINESS_RUNWAY-0984 | Investment | 121300.49,iPhone,B20,RAMP_501_1500,CREATED,idem-20260902-ios-0984
985,MTR-IOS-0985,Personal,Personal,Life Operations,Repairs,Expense,2026-01-30,05:45:46,2026-01-30 05:45:46,5243.03,INR,-5243.03,IOS Owner,,,MAESTRO-IOS-PERSONAL-LIFE_OPERATIONS-0985 | Repairs | 5243.03,iPhone,B20,RAMP_501_1500,CREATED,idem-20260902-ios-0985
986,MTR-IOS-0986,Group,Shared Purchase,Custom Purchase,Custom Contribution,Contribution,2026-03-19,18:07:42,2026-03-19 18:07:42,15480.16,INR,15480.16,IOS Aarav,3,EQUAL,MAESTRO-IOS-GROUP-CUSTOM_PURCHASE-0986 | Custom Contribution | 15480.16,iPhone,B20,RAMP_501_1500,CREATED,idem-20260902-ios-0986
987,MTR-IOS-0987,Business,Business,Business Operations,Software,Expense,2026-06-01,15:37:07,2026-06-01 15:37:07,47060.46,INR,-47060.46,IOS Owner,,,MAESTRO-IOS-BUSINESS-BUSINESS_OPERATIONS-0987 | Software | 47060.46,iPhone,B20,RAMP_501_1500,CREATED,idem-20260902-ios-0987
988,MTR-IOS-0988,Personal,Personal,Future Building,Savings,Transfer,2025-09-04,01:47:48,2025-09-04 01:47:48,12305.47,INR,0.0,IOS Owner,,,MAESTRO-IOS-PERSONAL-FUTURE_BUILDING-0988 | Savings | 12305.47,iPhone,B20,RAMP_501_1500,CREATED,idem-20260902-ios-0988
989,MTR-IOS-0989,Group,Shared Living,Flatmates,Rent,Expense,2026-04-29,17:21:29,2026-04-29 17:21:29,8431.33,INR,-8431.33,IOS Meera,3,PERCENTAGE,MAESTRO-IOS-GROUP-FLATMATES-0989 | Rent | 8431.33,iPhone,B20,RAMP_501_1500,CREATED,idem-20260902-ios-0989
990,MTR-IOS-0990,Business,Business,Business Operations,Rent,Expense,2026-03-14,18:11:00,2026-03-14 18:11:00,65763.51,INR,-65763.51,IOS Owner,,,MAESTRO-IOS-BUSINESS-BUSINESS_OPERATIONS-0990 | Rent | 65763.51,iPhone,B20,RAMP_501_1500,CREATED,idem-20260902-ios-0990
991,MTR-IOS-0991,Personal,Personal,Future Building,Emergency Fund,Transfer,2026-02-02,15:10:13,2026-02-02 15:10:13,4603.83,INR,0.0,IOS Owner,,,MAESTRO-IOS-PERSONAL-FUTURE_BUILDING-0991 | Emergency Fund | 4603.83,iPhone,B20,RAMP_501_1500,CREATED,idem-20260902-ios-0991
992,MTR-IOS-0992,Group,Shared Living,Flatmates,Utilities,Expense,2026-07-17,19:58:58,2026-07-17 19:58:58,4505.0,INR,-4505.0,IOS Owner,3,EXACT,MAESTRO-IOS-GROUP-FLATMATES-0992 | Utilities | 4505.00,iPhone,B20,RAMP_501_1500,CREATED,idem-20260902-ios-0992
993,MTR-IOS-0993,Business,Business,Business Operations,Marketing,Expense,2025-11-24,18:39:28,2025-11-24 18:39:28,12764.14,INR,-12764.14,IOS Owner,,,MAESTRO-IOS-BUSINESS-BUSINESS_OPERATIONS-0993 | Marketing | 12764.14,iPhone,B20,RAMP_501_1500,CREATED,idem-20260902-ios-0993
994,MTR-IOS-0994,Personal,Personal,Future Building,Investments,Investment,2026-06-08,00:06:57,2026-06-08 00:06:57,13174.57,INR,0.0,IOS Owner,,,MAESTRO-IOS-PERSONAL-FUTURE_BUILDING-0994 | Investments | 13174.57,iPhone,B20,RAMP_501_1500,CREATED,idem-20260902-ios-0994
995,MTR-IOS-0995,Group,Shared Living,Flatmates,Groceries,Expense,2026-06-08,14:21:46,2026-06-08 14:21:46,18340.57,INR,-18340.57,IOS Aarav,3,SHARES,MAESTRO-IOS-GROUP-FLATMATES-0995 | Groceries | 18340.57,iPhone,B20,RAMP_501_1500,CREATED,idem-20260902-ios-0995
996,MTR-IOS-0996,Business,Business,Business Operations,Legal,Expense,2026-01-18,18:39:54,2026-01-18 18:39:54,156834.62,INR,-156834.62,IOS Owner,,,MAESTRO-IOS-BUSINESS-BUSINESS_OPERATIONS-0996 | Legal | 156834.62,iPhone,B20,RAMP_501_1500,CREATED,idem-20260902-ios-0996
997,MTR-IOS-0997,Personal,Personal,Future Building,Education,Expense,2026-02-19,09:39:32,2026-02-19 09:39:32,16324.82,INR,-16324.82,IOS Owner,,,MAESTRO-IOS-PERSONAL-FUTURE_BUILDING-0997 | Education | 16324.82,iPhone,B20,RAMP_501_1500,CREATED,idem-20260902-ios-0997
998,MTR-IOS-0998,Group,Shared Living,Flatmates,Internet,Expense,2025-11-03,17:21:19,2025-11-03 17:21:19,11826.54,INR,-11826.54,IOS Meera,3,EQUAL,MAESTRO-IOS-GROUP-FLATMATES-0998 | Internet | 11826.54,iPhone,B20,RAMP_501_1500,CREATED,idem-20260902-ios-0998
999,MTR-IOS-0999,Business,Business,Business Operations,Accounting,Expense,2026-03-01,23:21:36,2026-03-01 23:21:36,100.0,INR,-100.0,IOS Owner,,,MAESTRO-IOS-BUSINESS-BUSINESS_OPERATIONS-0999 | Accounting | 100.00,iPhone,B20,RAMP_501_1500,CREATED,idem-20260902-ios-0999
1000,MTR-IOS-1000,Personal,Personal,Future Building,Goal Contribution,Transfer,2025-09-12,06:16:34,2025-09-12 06:16:34,1673.93,INR,0.0,IOS Owner,,,MAESTRO-IOS-PERSONAL-FUTURE_BUILDING-1000 | Goal Contribution | 1673.93,iPhone,B20,RAMP_501_1500,CREATED,idem-20260902-ios-1000
1001,MTR-IOS-1001,Group,Shared Living,Flatmates,House Supplies,Expense,2026-01-30,22:51:38,2026-01-30 22:51:38,4949.91,INR,-4949.91,IOS Owner,3,PERCENTAGE,MAESTRO-IOS-GROUP-FLATMATES-1001 | House Supplies | 4949.91,iPhone,B21,RAMP_501_1500,CREATED,idem-20260902-ios-1001
1002,MTR-IOS-1002,Business,Business,Business Operations,Equipment,Expense,2026-02-04,07:40:05,2026-02-04 07:40:05,91371.35,INR,-91371.35,IOS Owner,,,MAESTRO-IOS-BUSINESS-BUSINESS_OPERATIONS-1002 | Equipment | 91371.35,iPhone,B21,RAMP_501_1500,CREATED,idem-20260902-ios-1002
1003,MTR-IOS-1003,Personal,Personal,Lifestyle,Dining,Expense,2025-10-15,04:17:38,2025-10-15 04:17:38,14057.07,INR,-14057.07,IOS Owner,,,MAESTRO-IOS-PERSONAL-LIFESTYLE-1003 | Dining | 14057.07,iPhone,B21,RAMP_501_1500,CREATED,idem-20260902-ios-1003
1004,MTR-IOS-1004,Group,Shared Living,Flatmates,Repairs,Expense,2025-09-09,17:21:03,2025-09-09 17:21:03,18872.06,INR,-18872.06,IOS Aarav,3,EXACT,MAESTRO-IOS-GROUP-FLATMATES-1004 | Repairs | 18872.06,iPhone,B21,RAMP_501_1500,CREATED,idem-20260902-ios-1004
1005,MTR-IOS-1005,Business,Business,Business Operations,Vendor,Expense,2025-10-09,14:16:49,2025-10-09 14:16:49,156257.44,INR,-156257.44,IOS Owner,,,MAESTRO-IOS-BUSINESS-BUSINESS_OPERATIONS-1005 | Vendor | 156257.44,iPhone,B21,RAMP_501_1500,CREATED,idem-20260902-ios-1005
1006,MTR-IOS-1006,Personal,Personal,Lifestyle,Shopping,Expense,2026-08-19,14:56:11,2026-08-19 14:56:11,15685.28,INR,-15685.28,IOS Owner,,,MAESTRO-IOS-PERSONAL-LIFESTYLE-1006 | Shopping | 15685.28,iPhone,B21,RAMP_501_1500,CREATED,idem-20260902-ios-1006
1007,MTR-IOS-1007,Group,Shared Living,Shared Living,Rent,Expense,2025-09-26,15:17:54,2025-09-26 15:17:54,19604.88,INR,-19604.88,IOS Meera,3,SHARES,MAESTRO-IOS-GROUP-SHARED_LIVING-1007 | Rent | 19604.88,iPhone,B21,RAMP_501_1500,CREATED,idem-20260902-ios-1007
1008,MTR-IOS-1008,Business,Business,Business Operations,Tax,Expense,2026-07-01,20:42:51,2026-07-01 20:42:51,98578.83,INR,-98578.83,IOS Owner,,,MAESTRO-IOS-BUSINESS-BUSINESS_OPERATIONS-1008 | Tax | 98578.83,iPhone,B21,RAMP_501_1500,CREATED,idem-20260902-ios-1008
1009,MTR-IOS-1009,Personal,Personal,Lifestyle,Entertainment,Expense,2026-04-10,08:57:00,2026-04-10 08:57:00,9677.5,INR,-9677.5,IOS Owner,,,MAESTRO-IOS-PERSONAL-LIFESTYLE-1009 | Entertainment | 9677.50,iPhone,B21,RAMP_501_1500,CREATED,idem-20260902-ios-1009
1010,MTR-IOS-1010,Group,Shared Living,Shared Living,Utilities,Expense,2026-09-01,21:11:23,2026-09-01 21:11:23,7531.2,INR,-7531.2,IOS Owner,3,EQUAL,MAESTRO-IOS-GROUP-SHARED_LIVING-1010 | Utilities | 7531.20,iPhone,B21,RAMP_501_1500,CREATED,idem-20260902-ios-1010
1011,MTR-IOS-1011,Business,Business,Team Operations,Payroll,Expense,2025-11-08,06:52:35,2025-11-08 06:52:35,110608.72,INR,-110608.72,IOS Owner,,,MAESTRO-IOS-BUSINESS-TEAM_OPERATIONS-1011 | Payroll | 110608.72,iPhone,B21,RAMP_501_1500,CREATED,idem-20260902-ios-1011
1012,MTR-IOS-1012,Personal,Personal,Lifestyle,Travel,Expense,2026-05-18,12:00:37,2026-05-18 12:00:37,12998.58,INR,-12998.58,IOS Owner,,,MAESTRO-IOS-PERSONAL-LIFESTYLE-1012 | Travel | 12998.58,iPhone,B21,RAMP_501_1500,CREATED,idem-20260902-ios-1012
1013,MTR-IOS-1013,Group,Shared Living,Shared Living,Groceries,Expense,2025-11-05,21:00:31,2025-11-05 21:00:31,19375.74,INR,-19375.74,IOS Aarav,3,PERCENTAGE,MAESTRO-IOS-GROUP-SHARED_LIVING-1013 | Groceries | 19375.74,iPhone,B21,RAMP_501_1500,CREATED,idem-20260902-ios-1013
1014,MTR-IOS-1014,Business,Business,Team Operations,Contractor,Expense,2026-08-26,00:30:58,2026-08-26 00:30:58,61658.15,INR,-61658.15,IOS Owner,,,MAESTRO-IOS-BUSINESS-TEAM_OPERATIONS-1014 | Contractor | 61658.15,iPhone,B21,RAMP_501_1500,CREATED,idem-20260902-ios-1014
1015,MTR-IOS-1015,Personal,Personal,Lifestyle,Fitness,Expense,2025-12-25,04:41:01,2025-12-25 04:41:01,12464.75,INR,-12464.75,IOS Owner,,,MAESTRO-IOS-PERSONAL-LIFESTYLE-1015 | Fitness | 12464.75,iPhone,B21,RAMP_501_1500,CREATED,idem-20260902-ios-1015
1016,MTR-IOS-1016,Group,Shared Living,Shared Living,Maintenance,Expense,2026-07-09,01:47:10,2026-07-09 01:47:10,18585.29,INR,-18585.29,IOS Meera,3,EXACT,MAESTRO-IOS-GROUP-SHARED_LIVING-1016 | Maintenance | 18585.29,iPhone,B21,RAMP_501_1500,CREATED,idem-20260902-ios-1016
1017,MTR-IOS-1017,Business,Business,Team Operations,Hiring,Expense,2026-07-15,02:00:22,2026-07-15 02:00:22,16814.47,INR,-16814.47,IOS Owner,,,MAESTRO-IOS-BUSINESS-TEAM_OPERATIONS-1017 | Hiring | 16814.47,iPhone,B21,RAMP_501_1500,CREATED,idem-20260902-ios-1017
1018,MTR-IOS-1018,Personal,Personal,Lifestyle,Hobbies,Expense,2025-11-14,19:25:52,2025-11-14 19:25:52,1421.3,INR,-1421.3,IOS Owner,,,MAESTRO-IOS-PERSONAL-LIFESTYLE-1018 | Hobbies | 1421.30,iPhone,B21,RAMP_501_1500,CREATED,idem-20260902-ios-1018
1019,MTR-IOS-1019,Group,Shared Living,Shared Living,Other,Expense,2026-08-30,10:36:27,2026-08-30 10:36:27,22445.97,INR,-22445.97,IOS Owner,3,SHARES,MAESTRO-IOS-GROUP-SHARED_LIVING-1019 | Other | 22445.97,iPhone,B21,RAMP_501_1500,CREATED,idem-20260902-ios-1019
1020,MTR-IOS-1020,Business,Business,Team Operations,Team Meal,Expense,2025-09-19,01:03:50,2025-09-19 01:03:50,56941.96,INR,-56941.96,IOS Owner,,,MAESTRO-IOS-BUSINESS-TEAM_OPERATIONS-1020 | Team Meal | 56941.96,iPhone,B21,RAMP_501_1500,CREATED,idem-20260902-ios-1020
1021,MTR-IOS-1021,Personal,Personal,Relationships,Gifts,Expense,2026-08-15,06:24:20,2026-08-15 06:24:20,11856.82,INR,-11856.82,IOS Owner,,,MAESTRO-IOS-PERSONAL-RELATIONSHIPS-1021 | Gifts | 11856.82,iPhone,B21,RAMP_501_1500,CREATED,idem-20260902-ios-1021
1022,MTR-IOS-1022,Group,Shared Living,Family Household,School,Expense,2025-11-07,11:18:52,2025-11-07 11:18:52,14794.74,INR,-14794.74,IOS Aarav,3,EQUAL,MAESTRO-IOS-GROUP-FAMILY_HOUSEHOLD-1022 | School | 14794.74,iPhone,B21,RAMP_501_1500,CREATED,idem-20260902-ios-1022
1023,MTR-IOS-1023,Business,Business,Team Operations,Travel,Expense,2026-07-23,17:53:09,2026-07-23 17:53:09,161328.48,INR,-161328.48,IOS Owner,,,MAESTRO-IOS-BUSINESS-TEAM_OPERATIONS-1023 | Travel | 161328.48,iPhone,B21,RAMP_501_1500,CREATED,idem-20260902-ios-1023
1024,MTR-IOS-1024,Personal,Personal,Relationships,Dates,Expense,2026-02-13,00:42:50,2026-02-13 00:42:50,8626.82,INR,-8626.82,IOS Owner,,,MAESTRO-IOS-PERSONAL-RELATIONSHIPS-1024 | Dates | 8626.82,iPhone,B21,RAMP_501_1500,CREATED,idem-20260902-ios-1024
1025,MTR-IOS-1025,Group,Shared Living,Family Household,Other,Expense,2026-07-31,02:27:58,2026-07-31 02:27:58,13977.75,INR,-13977.75,IOS Meera,3,PERCENTAGE,MAESTRO-IOS-GROUP-FAMILY_HOUSEHOLD-1025 | Other | 13977.75,iPhone,B21,RAMP_501_1500,CREATED,idem-20260902-ios-1025
1026,MTR-IOS-1026,Business,Business,Team Operations,Training,Expense,2025-11-15,01:01:00,2025-11-15 01:01:00,63900.25,INR,-63900.25,IOS Owner,,,MAESTRO-IOS-BUSINESS-TEAM_OPERATIONS-1026 | Training | 63900.25,iPhone,B21,RAMP_501_1500,CREATED,idem-20260902-ios-1026
1027,MTR-IOS-1027,Personal,Personal,Relationships,Family,Expense,2026-03-28,17:36:28,2026-03-28 17:36:28,7474.74,INR,-7474.74,IOS Owner,,,MAESTRO-IOS-PERSONAL-RELATIONSHIPS-1027 | Family | 7474.74,iPhone,B21,RAMP_501_1500,CREATED,idem-20260902-ios-1027
1028,MTR-IOS-1028,Group,Shared Living,Family Household,Rent,Expense,2026-07-26,07:48:54,2026-07-26 07:48:54,7608.98,INR,-7608.98,IOS Owner,3,EXACT,MAESTRO-IOS-GROUP-FAMILY_HOUSEHOLD-1028 | Rent | 7608.98,iPhone,B21,RAMP_501_1500,CREATED,idem-20260902-ios-1028
1029,MTR-IOS-1029,Business,Business,Team Operations,Tools,Expense,2026-04-11,04:38:40,2026-04-11 04:38:40,112790.1,INR,-112790.1,IOS Owner,,,MAESTRO-IOS-BUSINESS-TEAM_OPERATIONS-1029 | Tools | 112790.10,iPhone,B21,RAMP_501_1500,CREATED,idem-20260902-ios-1029
1030,MTR-IOS-1030,Personal,Personal,Relationships,Friends,Expense,2026-07-25,04:39:05,2026-07-25 04:39:05,10611.74,INR,-10611.74,IOS Owner,,,MAESTRO-IOS-PERSONAL-RELATIONSHIPS-1030 | Friends | 10611.74,iPhone,B21,RAMP_501_1500,CREATED,idem-20260902-ios-1030
1031,MTR-IOS-1031,Group,Shared Living,Family Household,Groceries,Expense,2025-09-06,13:16:04,2025-09-06 13:16:04,2917.35,INR,-2917.35,IOS Aarav,3,SHARES,MAESTRO-IOS-GROUP-FAMILY_HOUSEHOLD-1031 | Groceries | 2917.35,iPhone,B21,RAMP_501_1500,CREATED,idem-20260902-ios-1031
1032,MTR-IOS-1032,Business,Business,Business Runway,Funding,Income,2026-07-26,04:08:32,2026-07-26 04:08:32,101125.97,INR,101125.97,IOS Owner,,,MAESTRO-IOS-BUSINESS-BUSINESS_RUNWAY-1032 | Funding | 101125.97,iPhone,B21,RAMP_501_1500,CREATED,idem-20260902-ios-1032
1033,MTR-IOS-1033,Personal,Personal,Relationships,Celebrations,Expense,2026-05-01,18:12:54,2026-05-01 18:12:54,4661.53,INR,-4661.53,IOS Owner,,,MAESTRO-IOS-PERSONAL-RELATIONSHIPS-1033 | Celebrations | 4661.53,iPhone,B21,RAMP_501_1500,CREATED,idem-20260902-ios-1033
1034,MTR-IOS-1034,Group,Shared Living,Family Household,Transport,Expense,2025-09-04,16:58:17,2025-09-04 16:58:17,17252.22,INR,-17252.22,IOS Meera,3,EQUAL,MAESTRO-IOS-GROUP-FAMILY_HOUSEHOLD-1034 | Transport | 17252.22,iPhone,B21,RAMP_501_1500,CREATED,idem-20260902-ios-1034
1035,MTR-IOS-1035,Business,Business,Business Runway,Revenue,Income,2025-09-11,09:08:28,2025-09-11 09:08:28,49523.0,INR,49523.0,IOS Owner,,,MAESTRO-IOS-BUSINESS-BUSINESS_RUNWAY-1035 | Revenue | 49523.00,iPhone,B21,RAMP_501_1500,CREATED,idem-20260902-ios-1035
1036,MTR-IOS-1036,Personal,Personal,Life Operations,Groceries,Expense,2026-01-11,22:44:43,2026-01-11 22:44:43,999.99,INR,-999.99,IOS Owner,,,MAESTRO-IOS-PERSONAL-LIFE_OPERATIONS-1036 | Groceries | 999.99,iPhone,B21,RAMP_501_1500,CREATED,idem-20260902-ios-1036
1037,MTR-IOS-1037,Group,Shared Living,Family Household,Bills,Expense,2026-04-04,23:44:15,2026-04-04 23:44:15,5335.0,INR,-5335.0,IOS Owner,3,PERCENTAGE,MAESTRO-IOS-GROUP-FAMILY_HOUSEHOLD-1037 | Bills | 5335.00,iPhone,B21,RAMP_501_1500,CREATED,idem-20260902-ios-1037
1038,MTR-IOS-1038,Business,Business,Business Runway,Burn,Expense,2026-04-08,15:22:30,2026-04-08 15:22:30,111757.73,INR,-111757.73,IOS Owner,,,MAESTRO-IOS-BUSINESS-BUSINESS_RUNWAY-1038 | Burn | 111757.73,iPhone,B21,RAMP_501_1500,CREATED,idem-20260902-ios-1038
1039,MTR-IOS-1039,Personal,Personal,Life Operations,Rent,Expense,2026-06-07,02:21:01,2026-06-07 02:21:01,10204.93,INR,-10204.93,IOS Owner,,,MAESTRO-IOS-PERSONAL-LIFE_OPERATIONS-1039 | Rent | 10204.93,iPhone,B21,RAMP_501_1500,CREATED,idem-20260902-ios-1039
1040,MTR-IOS-1040,Group,Shared Living,Custom Living,Custom Expense,Expense,2026-08-26,00:32:18,2026-08-26 00:32:18,17896.86,INR,-17896.86,IOS Aarav,3,EXACT,MAESTRO-IOS-GROUP-CUSTOM_LIVING-1040 | Custom Expense | 17896.86,iPhone,B21,RAMP_501_1500,CREATED,idem-20260902-ios-1040
1041,MTR-IOS-1041,Business,Business,Business Runway,Reserve,Transfer,2025-11-21,08:26:07,2025-11-21 08:26:07,91949.98,INR,0.0,IOS Owner,,,MAESTRO-IOS-BUSINESS-BUSINESS_RUNWAY-1041 | Reserve | 91949.98,iPhone,B21,RAMP_501_1500,CREATED,idem-20260902-ios-1041
1042,MTR-IOS-1042,Personal,Personal,Life Operations,Bills,Expense,2025-11-11,11:13:32,2025-11-11 11:13:32,12928.25,INR,-12928.25,IOS Owner,,,MAESTRO-IOS-PERSONAL-LIFE_OPERATIONS-1042 | Bills | 12928.25,iPhone,B21,RAMP_501_1500,CREATED,idem-20260902-ios-1042
1043,MTR-IOS-1043,Group,Shared Living,Custom Living,Custom Contribution,Contribution,2026-02-10,05:41:54,2026-02-10 05:41:54,880.49,INR,880.49,IOS Meera,3,SHARES,MAESTRO-IOS-GROUP-CUSTOM_LIVING-1043 | Custom Contribution | 880.49,iPhone,B21,RAMP_501_1500,CREATED,idem-20260902-ios-1043
1044,MTR-IOS-1044,Business,Business,Business Runway,Loan,Income,2026-01-24,20:51:25,2026-01-24 20:51:25,134633.13,INR,134633.13,IOS Owner,,,MAESTRO-IOS-BUSINESS-BUSINESS_RUNWAY-1044 | Loan | 134633.13,iPhone,B21,RAMP_501_1500,CREATED,idem-20260902-ios-1044
1045,MTR-IOS-1045,Personal,Personal,Life Operations,Transport,Expense,2026-04-18,03:01:20,2026-04-18 03:01:20,16292.19,INR,-16292.19,IOS Owner,,,MAESTRO-IOS-PERSONAL-LIFE_OPERATIONS-1045 | Transport | 16292.19,iPhone,B21,RAMP_501_1500,CREATED,idem-20260902-ios-1045
1046,MTR-IOS-1046,Group,Shared Experience,Trip,Travel,Expense,2026-06-02,21:34:48,2026-06-02 21:34:48,16471.21,INR,-16471.21,IOS Owner,3,EQUAL,MAESTRO-IOS-GROUP-TRIP-1046 | Travel | 16471.21,iPhone,B21,RAMP_501_1500,CREATED,idem-20260902-ios-1046
1047,MTR-IOS-1047,Business,Business,Business Runway,Investment,Income,2026-08-23,17:02:40,2026-08-23 17:02:40,49310.78,INR,49310.78,IOS Owner,,,MAESTRO-IOS-BUSINESS-BUSINESS_RUNWAY-1047 | Investment | 49310.78,iPhone,B21,RAMP_501_1500,CREATED,idem-20260902-ios-1047
1048,MTR-IOS-1048,Personal,Personal,Life Operations,Healthcare,Expense,2026-06-11,03:08:17,2026-06-11 03:08:17,16820.06,INR,-16820.06,IOS Owner,,,MAESTRO-IOS-PERSONAL-LIFE_OPERATIONS-1048 | Healthcare | 16820.06,iPhone,B21,RAMP_501_1500,CREATED,idem-20260902-ios-1048
1049,MTR-IOS-1049,Group,Shared Experience,Trip,Stay,Expense,2025-11-24,22:25:35,2025-11-24 22:25:35,24557.28,INR,-24557.28,IOS Aarav,3,PERCENTAGE,MAESTRO-IOS-GROUP-TRIP-1049 | Stay | 24557.28,iPhone,B21,RAMP_501_1500,CREATED,idem-20260902-ios-1049
1050,MTR-IOS-1050,Business,Business,Business Operations,Software,Expense,2026-09-02,12:00:00,2026-09-02 12:00:00,40430.14,INR,-40430.14,IOS Owner,,,MAESTRO-IOS-BUSINESS-BUSINESS_OPERATIONS-1050 | Software | 40430.14,iPhone,B21,RAMP_501_1500,CREATED,idem-20260902-ios-1050
1051,MTR-IOS-1051,Personal,Personal,Life Operations,Subscriptions,Expense,2026-06-07,00:24:38,2026-06-07 00:24:38,14592.97,INR,-14592.97,IOS Owner,,,MAESTRO-IOS-PERSONAL-LIFE_OPERATIONS-1051 | Subscriptions | 14592.97,iPhone,B22,RAMP_501_1500,CREATED,idem-20260902-ios-1051
1052,MTR-IOS-1052,Group,Shared Experience,Trip,Food,Expense,2026-07-29,18:19:08,2026-07-29 18:19:08,17147.21,INR,-17147.21,IOS Meera,3,EXACT,MAESTRO-IOS-GROUP-TRIP-1052 | Food | 17147.21,iPhone,B22,RAMP_501_1500,CREATED,idem-20260902-ios-1052
1053,MTR-IOS-1053,Business,Business,Business Operations,Rent,Expense,2025-09-28,08:49:33,2025-09-28 08:49:33,164271.09,INR,-164271.09,IOS Owner,,,MAESTRO-IOS-BUSINESS-BUSINESS_OPERATIONS-1053 | Rent | 164271.09,iPhone,B22,RAMP_501_1500,CREATED,idem-20260902-ios-1053
1054,MTR-IOS-1054,Personal,Personal,Life Operations,Repairs,Expense,2025-09-08,03:02:33,2025-09-08 03:02:33,16364.77,INR,-16364.77,IOS Owner,,,MAESTRO-IOS-PERSONAL-LIFE_OPERATIONS-1054 | Repairs | 16364.77,iPhone,B22,RAMP_501_1500,CREATED,idem-20260902-ios-1054
1055,MTR-IOS-1055,Group,Shared Experience,Trip,Local Transport,Expense,2025-11-22,20:33:42,2025-11-22 20:33:42,11921.61,INR,-11921.61,IOS Owner,3,SHARES,MAESTRO-IOS-GROUP-TRIP-1055 | Local Transport | 11921.61,iPhone,B22,RAMP_501_1500,CREATED,idem-20260902-ios-1055
1056,MTR-IOS-1056,Business,Business,Business Operations,Marketing,Expense,2026-02-12,07:01:02,2026-02-12 07:01:02,26174.95,INR,-26174.95,IOS Owner,,,MAESTRO-IOS-BUSINESS-BUSINESS_OPERATIONS-1056 | Marketing | 26174.95,iPhone,B22,RAMP_501_1500,CREATED,idem-20260902-ios-1056
1057,MTR-IOS-1057,Personal,Personal,Future Building,Savings,Transfer,2026-06-04,23:53:41,2026-06-04 23:53:41,5588.88,INR,0.0,IOS Owner,,,MAESTRO-IOS-PERSONAL-FUTURE_BUILDING-1057 | Savings | 5588.88,iPhone,B22,RAMP_501_1500,CREATED,idem-20260902-ios-1057
1058,MTR-IOS-1058,Group,Shared Experience,Trip,Activities,Expense,2025-10-20,03:59:23,2025-10-20 03:59:23,13717.8,INR,-13717.8,IOS Aarav,3,EQUAL,MAESTRO-IOS-GROUP-TRIP-1058 | Activities | 13717.80,iPhone,B22,RAMP_501_1500,CREATED,idem-20260902-ios-1058
1059,MTR-IOS-1059,Business,Business,Business Operations,Legal,Expense,2026-08-29,03:08:28,2026-08-29 03:08:28,130126.6,INR,-130126.6,IOS Owner,,,MAESTRO-IOS-BUSINESS-BUSINESS_OPERATIONS-1059 | Legal | 130126.60,iPhone,B22,RAMP_501_1500,CREATED,idem-20260902-ios-1059
1060,MTR-IOS-1060,Personal,Personal,Future Building,Emergency Fund,Transfer,2025-12-06,16:30:51,2025-12-06 16:30:51,3964.94,INR,0.0,IOS Owner,,,MAESTRO-IOS-PERSONAL-FUTURE_BUILDING-1060 | Emergency Fund | 3964.94,iPhone,B22,RAMP_501_1500,CREATED,idem-20260902-ios-1060
1061,MTR-IOS-1061,Group,Shared Experience,Trip,Shopping,Expense,2026-07-25,14:33:50,2026-07-25 14:33:50,17460.27,INR,-17460.27,IOS Meera,3,PERCENTAGE,MAESTRO-IOS-GROUP-TRIP-1061 | Shopping | 17460.27,iPhone,B22,RAMP_501_1500,CREATED,idem-20260902-ios-1061
1062,MTR-IOS-1062,Business,Business,Business Operations,Accounting,Expense,2025-10-01,22:43:10,2025-10-01 22:43:10,48253.3,INR,-48253.3,IOS Owner,,,MAESTRO-IOS-BUSINESS-BUSINESS_OPERATIONS-1062 | Accounting | 48253.30,iPhone,B22,RAMP_501_1500,CREATED,idem-20260902-ios-1062
1063,MTR-IOS-1063,Personal,Personal,Future Building,Investments,Investment,2026-03-23,06:35:45,2026-03-23 06:35:45,6005.05,INR,0.0,IOS Owner,,,MAESTRO-IOS-PERSONAL-FUTURE_BUILDING-1063 | Investments | 6005.05,iPhone,B22,RAMP_501_1500,CREATED,idem-20260902-ios-1063
1064,MTR-IOS-1064,Group,Shared Experience,Trip,Other,Expense,2026-08-02,19:13:02,2026-08-02 19:13:02,4241.15,INR,-4241.15,IOS Owner,3,EXACT,MAESTRO-IOS-GROUP-TRIP-1064 | Other | 4241.15,iPhone,B22,RAMP_501_1500,CREATED,idem-20260902-ios-1064
1065,MTR-IOS-1065,Business,Business,Business Operations,Equipment,Expense,2025-12-08,15:16:35,2025-12-08 15:16:35,47505.67,INR,-47505.67,IOS Owner,,,MAESTRO-IOS-BUSINESS-BUSINESS_OPERATIONS-1065 | Equipment | 47505.67,iPhone,B22,RAMP_501_1500,CREATED,idem-20260902-ios-1065
1066,MTR-IOS-1066,Personal,Personal,Future Building,Education,Expense,2026-07-12,08:04:57,2026-07-12 08:04:57,13713.15,INR,-13713.15,IOS Owner,,,MAESTRO-IOS-PERSONAL-FUTURE_BUILDING-1066 | Education | 13713.15,iPhone,B22,RAMP_501_1500,CREATED,idem-20260902-ios-1066
1067,MTR-IOS-1067,Group,Shared Experience,Wedding,Venue,Expense,2026-04-18,00:05:43,2026-04-18 00:05:43,1064.27,INR,-1064.27,IOS Aarav,3,SHARES,MAESTRO-IOS-GROUP-WEDDING-1067 | Venue | 1064.27,iPhone,B22,RAMP_501_1500,CREATED,idem-20260902-ios-1067
1068,MTR-IOS-1068,Business,Business,Business Operations,Vendor,Expense,2026-03-17,12:11:29,2026-03-17 12:11:29,161359.82,INR,-161359.82,IOS Owner,,,MAESTRO-IOS-BUSINESS-BUSINESS_OPERATIONS-1068 | Vendor | 161359.82,iPhone,B22,RAMP_501_1500,CREATED,idem-20260902-ios-1068
1069,MTR-IOS-1069,Personal,Personal,Future Building,Goal Contribution,Transfer,2026-08-10,09:28:03,2026-08-10 09:28:03,7014.22,INR,0.0,IOS Owner,,,MAESTRO-IOS-PERSONAL-FUTURE_BUILDING-1069 | Goal Contribution | 7014.22,iPhone,B22,RAMP_501_1500,CREATED,idem-20260902-ios-1069
1070,MTR-IOS-1070,Group,Shared Experience,Wedding,Catering,Expense,2025-10-11,14:15:37,2025-10-11 14:15:37,3571.1,INR,-3571.1,IOS Meera,3,EQUAL,MAESTRO-IOS-GROUP-WEDDING-1070 | Catering | 3571.10,iPhone,B22,RAMP_501_1500,CREATED,idem-20260902-ios-1070
1071,MTR-IOS-1071,Business,Business,Business Operations,Tax,Expense,2026-06-22,19:30:22,2026-06-22 19:30:22,163393.04,INR,-163393.04,IOS Owner,,,MAESTRO-IOS-BUSINESS-BUSINESS_OPERATIONS-1071 | Tax | 163393.04,iPhone,B22,RAMP_501_1500,CREATED,idem-20260902-ios-1071
1072,MTR-IOS-1072,Personal,Personal,Lifestyle,Dining,Expense,2025-10-21,20:32:45,2025-10-21 20:32:45,3813.91,INR,-3813.91,IOS Owner,,,MAESTRO-IOS-PERSONAL-LIFESTYLE-1072 | Dining | 3813.91,iPhone,B22,RAMP_501_1500,CREATED,idem-20260902-ios-1072
1073,MTR-IOS-1073,Group,Shared Experience,Wedding,Decor,Expense,2026-06-12,06:25:06,2026-06-12 06:25:06,10000.0,INR,-10000.0,IOS Owner,3,PERCENTAGE,MAESTRO-IOS-GROUP-WEDDING-1073 | Decor | 10000.00,iPhone,B22,RAMP_501_1500,CREATED,idem-20260902-ios-1073
1074,MTR-IOS-1074,Business,Business,Team Operations,Payroll,Expense,2026-03-11,15:43:40,2026-03-11 15:43:40,24566.23,INR,-24566.23,IOS Owner,,,MAESTRO-IOS-BUSINESS-TEAM_OPERATIONS-1074 | Payroll | 24566.23,iPhone,B22,RAMP_501_1500,CREATED,idem-20260902-ios-1074
1075,MTR-IOS-1075,Personal,Personal,Lifestyle,Shopping,Expense,2025-11-27,22:01:09,2025-11-27 22:01:09,2064.01,INR,-2064.01,IOS Owner,,,MAESTRO-IOS-PERSONAL-LIFESTYLE-1075 | Shopping | 2064.01,iPhone,B22,RAMP_501_1500,CREATED,idem-20260902-ios-1075
1076,MTR-IOS-1076,Group,Shared Experience,Wedding,Travel,Expense,2026-03-23,17:45:15,2026-03-23 17:45:15,15325.11,INR,-15325.11,IOS Aarav,3,EXACT,MAESTRO-IOS-GROUP-WEDDING-1076 | Travel | 15325.11,iPhone,B22,RAMP_501_1500,CREATED,idem-20260902-ios-1076
1077,MTR-IOS-1077,Business,Business,Team Operations,Contractor,Expense,2025-09-07,23:47:51,2025-09-07 23:47:51,54600.25,INR,-54600.25,IOS Owner,,,MAESTRO-IOS-BUSINESS-TEAM_OPERATIONS-1077 | Contractor | 54600.25,iPhone,B22,RAMP_501_1500,CREATED,idem-20260902-ios-1077
1078,MTR-IOS-1078,Personal,Personal,Lifestyle,Entertainment,Expense,2025-09-19,01:02:08,2025-09-19 01:02:08,9262.98,INR,-9262.98,IOS Owner,,,MAESTRO-IOS-PERSONAL-LIFESTYLE-1078 | Entertainment | 9262.98,iPhone,B22,RAMP_501_1500,CREATED,idem-20260902-ios-1078
1079,MTR-IOS-1079,Group,Shared Experience,Wedding,Gifts,Expense,2026-04-27,19:42:29,2026-04-27 19:42:29,7674.04,INR,-7674.04,IOS Meera,3,SHARES,MAESTRO-IOS-GROUP-WEDDING-1079 | Gifts | 7674.04,iPhone,B22,RAMP_501_1500,CREATED,idem-20260902-ios-1079
1080,MTR-IOS-1080,Business,Business,Team Operations,Hiring,Expense,2025-12-17,06:35:19,2025-12-17 06:35:19,79381.72,INR,-79381.72,IOS Owner,,,MAESTRO-IOS-BUSINESS-TEAM_OPERATIONS-1080 | Hiring | 79381.72,iPhone,B22,RAMP_501_1500,CREATED,idem-20260902-ios-1080
1081,MTR-IOS-1081,Personal,Personal,Lifestyle,Travel,Expense,2025-09-05,06:53:30,2025-09-05 06:53:30,17223.6,INR,-17223.6,IOS Owner,,,MAESTRO-IOS-PERSONAL-LIFESTYLE-1081 | Travel | 17223.60,iPhone,B22,RAMP_501_1500,CREATED,idem-20260902-ios-1081
1082,MTR-IOS-1082,Group,Shared Experience,Wedding,Photography,Expense,2025-12-25,00:24:32,2025-12-25 00:24:32,14618.9,INR,-14618.9,IOS Owner,3,EQUAL,MAESTRO-IOS-GROUP-WEDDING-1082 | Photography | 14618.90,iPhone,B22,RAMP_501_1500,CREATED,idem-20260902-ios-1082
1083,MTR-IOS-1083,Business,Business,Team Operations,Team Meal,Expense,2025-11-12,15:21:01,2025-11-12 15:21:01,11571.35,INR,-11571.35,IOS Owner,,,MAESTRO-IOS-BUSINESS-TEAM_OPERATIONS-1083 | Team Meal | 11571.35,iPhone,B22,RAMP_501_1500,CREATED,idem-20260902-ios-1083
1084,MTR-IOS-1084,Personal,Personal,Lifestyle,Fitness,Expense,2026-05-30,04:41:31,2026-05-30 04:41:31,16123.39,INR,-16123.39,IOS Owner,,,MAESTRO-IOS-PERSONAL-LIFESTYLE-1084 | Fitness | 16123.39,iPhone,B22,RAMP_501_1500,CREATED,idem-20260902-ios-1084
1085,MTR-IOS-1085,Group,Shared Experience,Wedding,Other,Expense,2025-12-29,08:54:19,2025-12-29 08:54:19,568.25,INR,-568.25,IOS Aarav,3,PERCENTAGE,MAESTRO-IOS-GROUP-WEDDING-1085 | Other | 568.25,iPhone,B22,RAMP_501_1500,CREATED,idem-20260902-ios-1085
1086,MTR-IOS-1086,Business,Business,Team Operations,Travel,Expense,2026-01-24,05:05:14,2026-01-24 05:05:14,142759.97,INR,-142759.97,IOS Owner,,,MAESTRO-IOS-BUSINESS-TEAM_OPERATIONS-1086 | Travel | 142759.97,iPhone,B22,RAMP_501_1500,CREATED,idem-20260902-ios-1086
1087,MTR-IOS-1087,Personal,Personal,Lifestyle,Hobbies,Expense,2025-09-24,03:59:24,2025-09-24 03:59:24,16587.41,INR,-16587.41,IOS Owner,,,MAESTRO-IOS-PERSONAL-LIFESTYLE-1087 | Hobbies | 16587.41,iPhone,B22,RAMP_501_1500,CREATED,idem-20260902-ios-1087
1088,MTR-IOS-1088,Group,Shared Experience,Office Outing,Food,Expense,2025-11-30,03:12:43,2025-11-30 03:12:43,21716.96,INR,-21716.96,IOS Meera,3,EXACT,MAESTRO-IOS-GROUP-OFFICE_OUTING-1088 | Food | 21716.96,iPhone,B22,RAMP_501_1500,CREATED,idem-20260902-ios-1088
1089,MTR-IOS-1089,Business,Business,Team Operations,Training,Expense,2026-08-13,14:24:01,2026-08-13 14:24:01,72671.85,INR,-72671.85,IOS Owner,,,MAESTRO-IOS-BUSINESS-TEAM_OPERATIONS-1089 | Training | 72671.85,iPhone,B22,RAMP_501_1500,CREATED,idem-20260902-ios-1089
1090,MTR-IOS-1090,Personal,Personal,Relationships,Gifts,Expense,2025-11-18,12:40:08,2025-11-18 12:40:08,542.48,INR,-542.48,IOS Owner,,,MAESTRO-IOS-PERSONAL-RELATIONSHIPS-1090 | Gifts | 542.48,iPhone,B22,RAMP_501_1500,CREATED,idem-20260902-ios-1090
1091,MTR-IOS-1091,Group,Shared Experience,Office Outing,Travel,Expense,2026-04-03,11:56:58,2026-04-03 11:56:58,6263.04,INR,-6263.04,IOS Owner,3,SHARES,MAESTRO-IOS-GROUP-OFFICE_OUTING-1091 | Travel | 6263.04,iPhone,B22,RAMP_501_1500,CREATED,idem-20260902-ios-1091
1092,MTR-IOS-1092,Business,Business,Team Operations,Tools,Expense,2025-09-30,06:08:13,2025-09-30 06:08:13,79755.86,INR,-79755.86,IOS Owner,,,MAESTRO-IOS-BUSINESS-TEAM_OPERATIONS-1092 | Tools | 79755.86,iPhone,B22,RAMP_501_1500,CREATED,idem-20260902-ios-1092
1093,MTR-IOS-1093,Personal,Personal,Relationships,Dates,Expense,2026-07-06,09:02:30,2026-07-06 09:02:30,7522.58,INR,-7522.58,IOS Owner,,,MAESTRO-IOS-PERSONAL-RELATIONSHIPS-1093 | Dates | 7522.58,iPhone,B22,RAMP_501_1500,CREATED,idem-20260902-ios-1093
1094,MTR-IOS-1094,Group,Shared Experience,Office Outing,Activities,Expense,2026-02-28,10:12:02,2026-02-28 10:12:02,12477.28,INR,-12477.28,IOS Aarav,3,EQUAL,MAESTRO-IOS-GROUP-OFFICE_OUTING-1094 | Activities | 12477.28,iPhone,B22,RAMP_501_1500,CREATED,idem-20260902-ios-1094
1095,MTR-IOS-1095,Business,Business,Business Runway,Funding,Income,2026-04-22,13:22:49,2026-04-22 13:22:49,15762.67,INR,15762.67,IOS Owner,,,MAESTRO-IOS-BUSINESS-BUSINESS_RUNWAY-1095 | Funding | 15762.67,iPhone,B22,RAMP_501_1500,CREATED,idem-20260902-ios-1095
1096,MTR-IOS-1096,Personal,Personal,Relationships,Family,Expense,2026-02-20,13:01:52,2026-02-20 13:01:52,15181.91,INR,-15181.91,IOS Owner,,,MAESTRO-IOS-PERSONAL-RELATIONSHIPS-1096 | Family | 15181.91,iPhone,B22,RAMP_501_1500,CREATED,idem-20260902-ios-1096
1097,MTR-IOS-1097,Group,Shared Experience,Office Outing,Venue,Expense,2026-08-28,19:45:45,2026-08-28 19:45:45,13526.76,INR,-13526.76,IOS Meera,3,PERCENTAGE,MAESTRO-IOS-GROUP-OFFICE_OUTING-1097 | Venue | 13526.76,iPhone,B22,RAMP_501_1500,CREATED,idem-20260902-ios-1097
1098,MTR-IOS-1098,Business,Business,Business Runway,Revenue,Income,2026-08-04,20:11:16,2026-08-04 20:11:16,65653.47,INR,65653.47,IOS Owner,,,MAESTRO-IOS-BUSINESS-BUSINESS_RUNWAY-1098 | Revenue | 65653.47,iPhone,B22,RAMP_501_1500,CREATED,idem-20260902-ios-1098
1099,MTR-IOS-1099,Personal,Personal,Relationships,Friends,Expense,2026-04-28,16:45:40,2026-04-28 16:45:40,12624.26,INR,-12624.26,IOS Owner,,,MAESTRO-IOS-PERSONAL-RELATIONSHIPS-1099 | Friends | 12624.26,iPhone,B22,RAMP_501_1500,CREATED,idem-20260902-ios-1099
1100,MTR-IOS-1100,Group,Shared Experience,Office Outing,Other,Expense,2025-11-14,18:15:55,2025-11-14 18:15:55,17701.06,INR,-17701.06,IOS Owner,3,EXACT,MAESTRO-IOS-GROUP-OFFICE_OUTING-1100 | Other | 17701.06,iPhone,B22,RAMP_501_1500,CREATED,idem-20260902-ios-1100
1101,MTR-IOS-1101,Business,Business,Business Runway,Burn,Expense,2025-11-23,18:40:30,2025-11-23 18:40:30,11480.14,INR,-11480.14,IOS Owner,,,MAESTRO-IOS-BUSINESS-BUSINESS_RUNWAY-1101 | Burn | 11480.14,iPhone,B23,RAMP_501_1500,CREATED,idem-20260902-ios-1101
1102,MTR-IOS-1102,Personal,Personal,Relationships,Celebrations,Expense,2025-11-04,21:53:14,2025-11-04 21:53:14,907.65,INR,-907.65,IOS Owner,,,MAESTRO-IOS-PERSONAL-RELATIONSHIPS-1102 | Celebrations | 907.65,iPhone,B23,RAMP_501_1500,CREATED,idem-20260902-ios-1102
1103,MTR-IOS-1103,Group,Shared Experience,House Party,Food,Expense,2026-01-10,21:28:17,2026-01-10 21:28:17,9453.34,INR,-9453.34,IOS Aarav,3,SHARES,MAESTRO-IOS-GROUP-HOUSE_PARTY-1103 | Food | 9453.34,iPhone,B23,RAMP_501_1500,CREATED,idem-20260902-ios-1103
1104,MTR-IOS-1104,Business,Business,Business Runway,Reserve,Transfer,2025-12-18,18:26:21,2025-12-18 18:26:21,75400.96,INR,0.0,IOS Owner,,,MAESTRO-IOS-BUSINESS-BUSINESS_RUNWAY-1104 | Reserve | 75400.96,iPhone,B23,RAMP_501_1500,CREATED,idem-20260902-ios-1104
1105,MTR-IOS-1105,Personal,Personal,Life Operations,Groceries,Expense,2026-04-15,07:37:25,2026-04-15 07:37:25,10670.48,INR,-10670.48,IOS Owner,,,MAESTRO-IOS-PERSONAL-LIFE_OPERATIONS-1105 | Groceries | 10670.48,iPhone,B23,RAMP_501_1500,CREATED,idem-20260902-ios-1105
1106,MTR-IOS-1106,Group,Shared Experience,House Party,Drinks,Expense,2026-07-02,18:19:44,2026-07-02 18:19:44,7443.12,INR,-7443.12,IOS Meera,3,EQUAL,MAESTRO-IOS-GROUP-HOUSE_PARTY-1106 | Drinks | 7443.12,iPhone,B23,RAMP_501_1500,CREATED,idem-20260902-ios-1106
1107,MTR-IOS-1107,Business,Business,Business Runway,Loan,Income,2025-12-25,02:00:15,2025-12-25 02:00:15,82638.64,INR,82638.64,IOS Owner,,,MAESTRO-IOS-BUSINESS-BUSINESS_RUNWAY-1107 | Loan | 82638.64,iPhone,B23,RAMP_501_1500,CREATED,idem-20260902-ios-1107
1108,MTR-IOS-1108,Personal,Personal,Life Operations,Rent,Expense,2025-11-03,21:37:57,2025-11-03 21:37:57,11947.02,INR,-11947.02,IOS Owner,,,MAESTRO-IOS-PERSONAL-LIFE_OPERATIONS-1108 | Rent | 11947.02,iPhone,B23,RAMP_501_1500,CREATED,idem-20260902-ios-1108
1109,MTR-IOS-1109,Group,Shared Experience,House Party,Decor,Expense,2026-02-27,01:33:43,2026-02-27 01:33:43,8165.38,INR,-8165.38,IOS Owner,3,PERCENTAGE,MAESTRO-IOS-GROUP-HOUSE_PARTY-1109 | Decor | 8165.38,iPhone,B23,RAMP_501_1500,CREATED,idem-20260902-ios-1109
1110,MTR-IOS-1110,Business,Business,Business Runway,Investment,Income,2026-07-06,15:06:17,2026-07-06 15:06:17,0.01,INR,0.01,IOS Owner,,,MAESTRO-IOS-BUSINESS-BUSINESS_RUNWAY-1110 | Investment | 0.01,iPhone,B23,RAMP_501_1500,CREATED,idem-20260902-ios-1110
1111,MTR-IOS-1111,Personal,Personal,Life Operations,Bills,Expense,2026-01-11,13:14:59,2026-01-11 13:14:59,4001.37,INR,-4001.37,IOS Owner,,,MAESTRO-IOS-PERSONAL-LIFE_OPERATIONS-1111 | Bills | 4001.37,iPhone,B23,RAMP_501_1500,CREATED,idem-20260902-ios-1111
1112,MTR-IOS-1112,Group,Shared Experience,House Party,Supplies,Expense,2026-06-29,23:04:09,2026-06-29 23:04:09,8333.66,INR,-8333.66,IOS Aarav,3,EXACT,MAESTRO-IOS-GROUP-HOUSE_PARTY-1112 | Supplies | 8333.66,iPhone,B23,RAMP_501_1500,CREATED,idem-20260902-ios-1112
1113,MTR-IOS-1113,Business,Business,Business Operations,Software,Expense,2026-01-30,09:31:14,2026-01-30 09:31:14,40255.06,INR,-40255.06,IOS Owner,,,MAESTRO-IOS-BUSINESS-BUSINESS_OPERATIONS-1113 | Software | 40255.06,iPhone,B23,RAMP_501_1500,CREATED,idem-20260902-ios-1113
1114,MTR-IOS-1114,Personal,Personal,Life Operations,Transport,Expense,2026-02-23,23:17:33,2026-02-23 23:17:33,5194.84,INR,-5194.84,IOS Owner,,,MAESTRO-IOS-PERSONAL-LIFE_OPERATIONS-1114 | Transport | 5194.84,iPhone,B23,RAMP_501_1500,CREATED,idem-20260902-ios-1114
1115,MTR-IOS-1115,Group,Shared Experience,House Party,Other,Expense,2026-07-24,10:33:42,2026-07-24 10:33:42,22722.92,INR,-22722.92,IOS Meera,3,SHARES,MAESTRO-IOS-GROUP-HOUSE_PARTY-1115 | Other | 22722.92,iPhone,B23,RAMP_501_1500,CREATED,idem-20260902-ios-1115
1116,MTR-IOS-1116,Business,Business,Business Operations,Rent,Expense,2026-05-17,04:05:55,2026-05-17 04:05:55,14299.62,INR,-14299.62,IOS Owner,,,MAESTRO-IOS-BUSINESS-BUSINESS_OPERATIONS-1116 | Rent | 14299.62,iPhone,B23,RAMP_501_1500,CREATED,idem-20260902-ios-1116
1117,MTR-IOS-1117,Personal,Personal,Life Operations,Healthcare,Expense,2026-03-29,22:00:31,2026-03-29 22:00:31,16272.1,INR,-16272.1,IOS Owner,,,MAESTRO-IOS-PERSONAL-LIFE_OPERATIONS-1117 | Healthcare | 16272.10,iPhone,B23,RAMP_501_1500,CREATED,idem-20260902-ios-1117
1118,MTR-IOS-1118,Group,Shared Purchase,Gift Pool,Contribution,Contribution,2026-08-28,04:30:31,2026-08-28 04:30:31,14698.93,INR,14698.93,IOS Owner,3,EQUAL,MAESTRO-IOS-GROUP-GIFT_POOL-1118 | Contribution | 14698.93,iPhone,B23,RAMP_501_1500,CREATED,idem-20260902-ios-1118
1119,MTR-IOS-1119,Business,Business,Business Operations,Marketing,Expense,2026-06-21,18:33:28,2026-06-21 18:33:28,54230.71,INR,-54230.71,IOS Owner,,,MAESTRO-IOS-BUSINESS-BUSINESS_OPERATIONS-1119 | Marketing | 54230.71,iPhone,B23,RAMP_501_1500,CREATED,idem-20260902-ios-1119
1120,MTR-IOS-1120,Personal,Personal,Life Operations,Subscriptions,Expense,2026-02-09,08:07:19,2026-02-09 08:07:19,11718.74,INR,-11718.74,IOS Owner,,,MAESTRO-IOS-PERSONAL-LIFE_OPERATIONS-1120 | Subscriptions | 11718.74,iPhone,B23,RAMP_501_1500,CREATED,idem-20260902-ios-1120
1121,MTR-IOS-1121,Group,Shared Purchase,Gift Pool,Gift Purchase,Expense,2025-10-08,00:37:34,2025-10-08 00:37:34,2683.11,INR,-2683.11,IOS Aarav,3,PERCENTAGE,MAESTRO-IOS-GROUP-GIFT_POOL-1121 | Gift Purchase | 2683.11,iPhone,B23,RAMP_501_1500,CREATED,idem-20260902-ios-1121
1122,MTR-IOS-1122,Business,Business,Business Operations,Legal,Expense,2026-06-13,04:21:28,2026-06-13 04:21:28,13995.14,INR,-13995.14,IOS Owner,,,MAESTRO-IOS-BUSINESS-BUSINESS_OPERATIONS-1122 | Legal | 13995.14,iPhone,B23,RAMP_501_1500,CREATED,idem-20260902-ios-1122
1123,MTR-IOS-1123,Personal,Personal,Life Operations,Repairs,Expense,2025-09-12,19:20:15,2025-09-12 19:20:15,11248.86,INR,-11248.86,IOS Owner,,,MAESTRO-IOS-PERSONAL-LIFE_OPERATIONS-1123 | Repairs | 11248.86,iPhone,B23,RAMP_501_1500,CREATED,idem-20260902-ios-1123
1124,MTR-IOS-1124,Group,Shared Purchase,Gift Pool,Delivery,Expense,2025-12-13,01:56:32,2025-12-13 01:56:32,10311.59,INR,-10311.59,IOS Meera,3,EXACT,MAESTRO-IOS-GROUP-GIFT_POOL-1124 | Delivery | 10311.59,iPhone,B23,RAMP_501_1500,CREATED,idem-20260902-ios-1124
1125,MTR-IOS-1125,Business,Business,Business Operations,Accounting,Expense,2026-05-25,07:46:45,2026-05-25 07:46:45,152712.08,INR,-152712.08,IOS Owner,,,MAESTRO-IOS-BUSINESS-BUSINESS_OPERATIONS-1125 | Accounting | 152712.08,iPhone,B23,RAMP_501_1500,CREATED,idem-20260902-ios-1125
1126,MTR-IOS-1126,Personal,Personal,Future Building,Savings,Transfer,2026-03-18,16:27:13,2026-03-18 16:27:13,6609.56,INR,0.0,IOS Owner,,,MAESTRO-IOS-PERSONAL-FUTURE_BUILDING-1126 | Savings | 6609.56,iPhone,B23,RAMP_501_1500,CREATED,idem-20260902-ios-1126
1127,MTR-IOS-1127,Group,Shared Purchase,Gift Pool,Other,Expense,2025-12-22,21:31:11,2025-12-22 21:31:11,22082.09,INR,-22082.09,IOS Owner,3,SHARES,MAESTRO-IOS-GROUP-GIFT_POOL-1127 | Other | 22082.09,iPhone,B23,RAMP_501_1500,CREATED,idem-20260902-ios-1127
1128,MTR-IOS-1128,Business,Business,Business Operations,Equipment,Expense,2025-10-18,07:08:52,2025-10-18 07:08:52,50126.16,INR,-50126.16,IOS Owner,,,MAESTRO-IOS-BUSINESS-BUSINESS_OPERATIONS-1128 | Equipment | 50126.16,iPhone,B23,RAMP_501_1500,CREATED,idem-20260902-ios-1128
1129,MTR-IOS-1129,Personal,Personal,Future Building,Emergency Fund,Transfer,2026-06-19,14:22:42,2026-06-19 14:22:42,3187.5,INR,0.0,IOS Owner,,,MAESTRO-IOS-PERSONAL-FUTURE_BUILDING-1129 | Emergency Fund | 3187.50,iPhone,B23,RAMP_501_1500,CREATED,idem-20260902-ios-1129
1130,MTR-IOS-1130,Group,Shared Purchase,Purchase,Item,Expense,2025-11-09,19:55:26,2025-11-09 19:55:26,7882.48,INR,-7882.48,IOS Aarav,3,EQUAL,MAESTRO-IOS-GROUP-PURCHASE-1130 | Item | 7882.48,iPhone,B23,RAMP_501_1500,CREATED,idem-20260902-ios-1130
1131,MTR-IOS-1131,Business,Business,Business Operations,Vendor,Expense,2026-05-15,20:35:33,2026-05-15 20:35:33,163817.51,INR,-163817.51,IOS Owner,,,MAESTRO-IOS-BUSINESS-BUSINESS_OPERATIONS-1131 | Vendor | 163817.51,iPhone,B23,RAMP_501_1500,CREATED,idem-20260902-ios-1131
1132,MTR-IOS-1132,Personal,Personal,Future Building,Investments,Investment,2026-06-22,05:23:24,2026-06-22 05:23:24,8556.22,INR,0.0,IOS Owner,,,MAESTRO-IOS-PERSONAL-FUTURE_BUILDING-1132 | Investments | 8556.22,iPhone,B23,RAMP_501_1500,CREATED,idem-20260902-ios-1132
1133,MTR-IOS-1133,Group,Shared Purchase,Purchase,Shipping,Expense,2026-03-11,12:54:15,2026-03-11 12:54:15,20634.49,INR,-20634.49,IOS Meera,3,PERCENTAGE,MAESTRO-IOS-GROUP-PURCHASE-1133 | Shipping | 20634.49,iPhone,B23,RAMP_501_1500,CREATED,idem-20260902-ios-1133
1134,MTR-IOS-1134,Business,Business,Business Operations,Tax,Expense,2026-07-06,08:01:07,2026-07-06 08:01:07,74333.59,INR,-74333.59,IOS Owner,,,MAESTRO-IOS-BUSINESS-BUSINESS_OPERATIONS-1134 | Tax | 74333.59,iPhone,B23,RAMP_501_1500,CREATED,idem-20260902-ios-1134
1135,MTR-IOS-1135,Personal,Personal,Future Building,Education,Expense,2026-04-23,05:57:55,2026-04-23 05:57:55,13086.86,INR,-13086.86,IOS Owner,,,MAESTRO-IOS-PERSONAL-FUTURE_BUILDING-1135 | Education | 13086.86,iPhone,B23,RAMP_501_1500,CREATED,idem-20260902-ios-1135
1136,MTR-IOS-1136,Group,Shared Purchase,Purchase,Tax,Expense,2025-09-25,14:12:25,2025-09-25 14:12:25,12854.28,INR,-12854.28,IOS Owner,3,EXACT,MAESTRO-IOS-GROUP-PURCHASE-1136 | Tax | 12854.28,iPhone,B23,RAMP_501_1500,CREATED,idem-20260902-ios-1136
1137,MTR-IOS-1137,Business,Business,Team Operations,Payroll,Expense,2025-11-17,17:58:30,2025-11-17 17:58:30,74258.56,INR,-74258.56,IOS Owner,,,MAESTRO-IOS-BUSINESS-TEAM_OPERATIONS-1137 | Payroll | 74258.56,iPhone,B23,RAMP_501_1500,CREATED,idem-20260902-ios-1137
1138,MTR-IOS-1138,Personal,Personal,Future Building,Goal Contribution,Transfer,2026-05-04,14:51:35,2026-05-04 14:51:35,8939.47,INR,0.0,IOS Owner,,,MAESTRO-IOS-PERSONAL-FUTURE_BUILDING-1138 | Goal Contribution | 8939.47,iPhone,B23,RAMP_501_1500,CREATED,idem-20260902-ios-1138
1139,MTR-IOS-1139,Group,Shared Purchase,Purchase,Other,Expense,2025-12-03,09:00:57,2025-12-03 09:00:57,26037.55,INR,-26037.55,IOS Aarav,3,SHARES,MAESTRO-IOS-GROUP-PURCHASE-1139 | Other | 26037.55,iPhone,B23,RAMP_501_1500,CREATED,idem-20260902-ios-1139
1140,MTR-IOS-1140,Business,Business,Team Operations,Contractor,Expense,2025-12-14,04:18:56,2025-12-14 04:18:56,38340.19,INR,-38340.19,IOS Owner,,,MAESTRO-IOS-BUSINESS-TEAM_OPERATIONS-1140 | Contractor | 38340.19,iPhone,B23,RAMP_501_1500,CREATED,idem-20260902-ios-1140
1141,MTR-IOS-1141,Personal,Personal,Lifestyle,Dining,Expense,2025-12-09,13:52:38,2025-12-09 13:52:38,6507.49,INR,-6507.49,IOS Owner,,,MAESTRO-IOS-PERSONAL-LIFESTYLE-1141 | Dining | 6507.49,iPhone,B23,RAMP_501_1500,CREATED,idem-20260902-ios-1141
1142,MTR-IOS-1142,Group,Shared Purchase,Assets,Purchase,Expense,2025-09-18,12:10:48,2025-09-18 12:10:48,18022.19,INR,-18022.19,IOS Meera,3,EQUAL,MAESTRO-IOS-GROUP-ASSETS-1142 | Purchase | 18022.19,iPhone,B23,RAMP_501_1500,CREATED,idem-20260902-ios-1142
1143,MTR-IOS-1143,Business,Business,Team Operations,Hiring,Expense,2025-11-21,01:03:30,2025-11-21 01:03:30,73682.63,INR,-73682.63,IOS Owner,,,MAESTRO-IOS-BUSINESS-TEAM_OPERATIONS-1143 | Hiring | 73682.63,iPhone,B23,RAMP_501_1500,CREATED,idem-20260902-ios-1143
1144,MTR-IOS-1144,Personal,Personal,Lifestyle,Shopping,Expense,2025-11-27,00:01:24,2025-11-27 00:01:24,5484.04,INR,-5484.04,IOS Owner,,,MAESTRO-IOS-PERSONAL-LIFESTYLE-1144 | Shopping | 5484.04,iPhone,B23,RAMP_501_1500,CREATED,idem-20260902-ios-1144
1145,MTR-IOS-1145,Group,Shared Purchase,Assets,Maintenance,Expense,2026-07-18,16:25:03,2026-07-18 16:25:03,22480.75,INR,-22480.75,IOS Owner,3,PERCENTAGE,MAESTRO-IOS-GROUP-ASSETS-1145 | Maintenance | 22480.75,iPhone,B23,RAMP_501_1500,CREATED,idem-20260902-ios-1145
1146,MTR-IOS-1146,Business,Business,Team Operations,Team Meal,Expense,2025-10-11,11:46:42,2025-10-11 11:46:42,137773.36,INR,-137773.36,IOS Owner,,,MAESTRO-IOS-BUSINESS-TEAM_OPERATIONS-1146 | Team Meal | 137773.36,iPhone,B23,RAMP_501_1500,CREATED,idem-20260902-ios-1146
1147,MTR-IOS-1147,Personal,Personal,Lifestyle,Entertainment,Expense,2026-05-04,03:37:42,2026-05-04 03:37:42,1.0,INR,-1.0,IOS Owner,,,MAESTRO-IOS-PERSONAL-LIFESTYLE-1147 | Entertainment | 1.00,iPhone,B23,RAMP_501_1500,CREATED,idem-20260902-ios-1147
1148,MTR-IOS-1148,Group,Shared Purchase,Assets,Repair,Expense,2026-03-25,03:04:24,2026-03-25 03:04:24,22351.17,INR,-22351.17,IOS Aarav,3,EXACT,MAESTRO-IOS-GROUP-ASSETS-1148 | Repair | 22351.17,iPhone,B23,RAMP_501_1500,CREATED,idem-20260902-ios-1148
1149,MTR-IOS-1149,Business,Business,Team Operations,Travel,Expense,2026-01-09,00:00:06,2026-01-09 00:00:06,65096.23,INR,-65096.23,IOS Owner,,,MAESTRO-IOS-BUSINESS-TEAM_OPERATIONS-1149 | Travel | 65096.23,iPhone,B23,RAMP_501_1500,CREATED,idem-20260902-ios-1149
1150,MTR-IOS-1150,Personal,Personal,Lifestyle,Travel,Expense,2026-02-22,10:48:33,2026-02-22 10:48:33,16247.96,INR,-16247.96,IOS Owner,,,MAESTRO-IOS-PERSONAL-LIFESTYLE-1150 | Travel | 16247.96,iPhone,B23,RAMP_501_1500,CREATED,idem-20260902-ios-1150
1151,MTR-IOS-1151,Group,Shared Purchase,Assets,Insurance,Expense,2026-07-30,13:29:57,2026-07-30 13:29:57,18811.45,INR,-18811.45,IOS Meera,3,SHARES,MAESTRO-IOS-GROUP-ASSETS-1151 | Insurance | 18811.45,iPhone,B24,RAMP_501_1500,CREATED,idem-20260902-ios-1151
1152,MTR-IOS-1152,Business,Business,Team Operations,Training,Expense,2025-11-26,06:45:18,2025-11-26 06:45:18,71789.61,INR,-71789.61,IOS Owner,,,MAESTRO-IOS-BUSINESS-TEAM_OPERATIONS-1152 | Training | 71789.61,iPhone,B24,RAMP_501_1500,CREATED,idem-20260902-ios-1152
1153,MTR-IOS-1153,Personal,Personal,Lifestyle,Fitness,Expense,2026-03-18,14:34:21,2026-03-18 14:34:21,11795.57,INR,-11795.57,IOS Owner,,,MAESTRO-IOS-PERSONAL-LIFESTYLE-1153 | Fitness | 11795.57,iPhone,B24,RAMP_501_1500,CREATED,idem-20260902-ios-1153
1154,MTR-IOS-1154,Group,Shared Purchase,Assets,Other,Expense,2025-11-19,03:39:05,2025-11-19 03:39:05,19897.44,INR,-19897.44,IOS Owner,3,EQUAL,MAESTRO-IOS-GROUP-ASSETS-1154 | Other | 19897.44,iPhone,B24,RAMP_501_1500,CREATED,idem-20260902-ios-1154
1155,MTR-IOS-1155,Business,Business,Team Operations,Tools,Expense,2026-07-07,14:42:19,2026-07-07 14:42:19,54600.69,INR,-54600.69,IOS Owner,,,MAESTRO-IOS-BUSINESS-TEAM_OPERATIONS-1155 | Tools | 54600.69,iPhone,B24,RAMP_501_1500,CREATED,idem-20260902-ios-1155
1156,MTR-IOS-1156,Personal,Personal,Lifestyle,Hobbies,Expense,2025-11-11,01:38:33,2025-11-11 01:38:33,3366.46,INR,-3366.46,IOS Owner,,,MAESTRO-IOS-PERSONAL-LIFESTYLE-1156 | Hobbies | 3366.46,iPhone,B24,RAMP_501_1500,CREATED,idem-20260902-ios-1156
1157,MTR-IOS-1157,Group,Shared Purchase,Custom Purchase,Custom Expense,Expense,2025-10-22,17:34:39,2025-10-22 17:34:39,17998.34,INR,-17998.34,IOS Aarav,3,PERCENTAGE,MAESTRO-IOS-GROUP-CUSTOM_PURCHASE-1157 | Custom Expense | 17998.34,iPhone,B24,RAMP_501_1500,CREATED,idem-20260902-ios-1157
1158,MTR-IOS-1158,Business,Business,Business Runway,Funding,Income,2025-11-21,10:00:20,2025-11-21 10:00:20,67710.09,INR,67710.09,IOS Owner,,,MAESTRO-IOS-BUSINESS-BUSINESS_RUNWAY-1158 | Funding | 67710.09,iPhone,B24,RAMP_501_1500,CREATED,idem-20260902-ios-1158
1159,MTR-IOS-1159,Personal,Personal,Relationships,Gifts,Expense,2026-01-25,02:15:37,2026-01-25 02:15:37,6619.46,INR,-6619.46,IOS Owner,,,MAESTRO-IOS-PERSONAL-RELATIONSHIPS-1159 | Gifts | 6619.46,iPhone,B24,RAMP_501_1500,CREATED,idem-20260902-ios-1159
1160,MTR-IOS-1160,Group,Shared Purchase,Custom Purchase,Custom Contribution,Contribution,2025-11-21,06:16:20,2025-11-21 06:16:20,16351.34,INR,16351.34,IOS Meera,3,EXACT,MAESTRO-IOS-GROUP-CUSTOM_PURCHASE-1160 | Custom Contribution | 16351.34,iPhone,B24,RAMP_501_1500,CREATED,idem-20260902-ios-1160
1161,MTR-IOS-1161,Business,Business,Business Runway,Revenue,Income,2026-03-04,20:00:10,2026-03-04 20:00:10,102733.31,INR,102733.31,IOS Owner,,,MAESTRO-IOS-BUSINESS-BUSINESS_RUNWAY-1161 | Revenue | 102733.31,iPhone,B24,RAMP_501_1500,CREATED,idem-20260902-ios-1161
1162,MTR-IOS-1162,Personal,Personal,Relationships,Dates,Expense,2026-08-25,03:32:12,2026-08-25 03:32:12,15085.45,INR,-15085.45,IOS Owner,,,MAESTRO-IOS-PERSONAL-RELATIONSHIPS-1162 | Dates | 15085.45,iPhone,B24,RAMP_501_1500,CREATED,idem-20260902-ios-1162
1163,MTR-IOS-1163,Group,Shared Living,Flatmates,Rent,Expense,2026-05-21,16:52:37,2026-05-21 16:52:37,2757.45,INR,-2757.45,IOS Owner,3,SHARES,MAESTRO-IOS-GROUP-FLATMATES-1163 | Rent | 2757.45,iPhone,B24,RAMP_501_1500,CREATED,idem-20260902-ios-1163
1164,MTR-IOS-1164,Business,Business,Business Runway,Burn,Expense,2025-09-21,03:13:55,2025-09-21 03:13:55,151797.19,INR,-151797.19,IOS Owner,,,MAESTRO-IOS-BUSINESS-BUSINESS_RUNWAY-1164 | Burn | 151797.19,iPhone,B24,RAMP_501_1500,CREATED,idem-20260902-ios-1164
1165,MTR-IOS-1165,Personal,Personal,Relationships,Family,Expense,2026-03-12,11:03:08,2026-03-12 11:03:08,14125.32,INR,-14125.32,IOS Owner,,,MAESTRO-IOS-PERSONAL-RELATIONSHIPS-1165 | Family | 14125.32,iPhone,B24,RAMP_501_1500,CREATED,idem-20260902-ios-1165
1166,MTR-IOS-1166,Group,Shared Living,Flatmates,Utilities,Expense,2026-05-08,11:40:23,2026-05-08 11:40:23,8512.15,INR,-8512.15,IOS Aarav,3,EQUAL,MAESTRO-IOS-GROUP-FLATMATES-1166 | Utilities | 8512.15,iPhone,B24,RAMP_501_1500,CREATED,idem-20260902-ios-1166
1167,MTR-IOS-1167,Business,Business,Business Runway,Reserve,Transfer,2026-04-20,11:23:15,2026-04-20 11:23:15,102097.33,INR,0.0,IOS Owner,,,MAESTRO-IOS-BUSINESS-BUSINESS_RUNWAY-1167 | Reserve | 102097.33,iPhone,B24,RAMP_501_1500,CREATED,idem-20260902-ios-1167
1168,MTR-IOS-1168,Personal,Personal,Relationships,Friends,Expense,2025-09-21,13:34:20,2025-09-21 13:34:20,6505.2,INR,-6505.2,IOS Owner,,,MAESTRO-IOS-PERSONAL-RELATIONSHIPS-1168 | Friends | 6505.20,iPhone,B24,RAMP_501_1500,CREATED,idem-20260902-ios-1168
1169,MTR-IOS-1169,Group,Shared Living,Flatmates,Groceries,Expense,2026-06-04,21:33:28,2026-06-04 21:33:28,26103.76,INR,-26103.76,IOS Meera,3,PERCENTAGE,MAESTRO-IOS-GROUP-FLATMATES-1169 | Groceries | 26103.76,iPhone,B24,RAMP_501_1500,CREATED,idem-20260902-ios-1169
1170,MTR-IOS-1170,Business,Business,Business Runway,Loan,Income,2026-08-27,11:42:15,2026-08-27 11:42:15,106767.96,INR,106767.96,IOS Owner,,,MAESTRO-IOS-BUSINESS-BUSINESS_RUNWAY-1170 | Loan | 106767.96,iPhone,B24,RAMP_501_1500,CREATED,idem-20260902-ios-1170
1171,MTR-IOS-1171,Personal,Personal,Relationships,Celebrations,Expense,2026-03-06,05:23:08,2026-03-06 05:23:08,11306.62,INR,-11306.62,IOS Owner,,,MAESTRO-IOS-PERSONAL-RELATIONSHIPS-1171 | Celebrations | 11306.62,iPhone,B24,RAMP_501_1500,CREATED,idem-20260902-ios-1171
1172,MTR-IOS-1172,Group,Shared Living,Flatmates,Internet,Expense,2026-07-04,03:04:54,2026-07-04 03:04:54,13526.9,INR,-13526.9,IOS Owner,3,EXACT,MAESTRO-IOS-GROUP-FLATMATES-1172 | Internet | 13526.90,iPhone,B24,RAMP_501_1500,CREATED,idem-20260902-ios-1172
1173,MTR-IOS-1173,Business,Business,Business Runway,Investment,Income,2026-06-03,21:29:17,2026-06-03 21:29:17,97833.72,INR,97833.72,IOS Owner,,,MAESTRO-IOS-BUSINESS-BUSINESS_RUNWAY-1173 | Investment | 97833.72,iPhone,B24,RAMP_501_1500,CREATED,idem-20260902-ios-1173
1174,MTR-IOS-1174,Personal,Personal,Life Operations,Groceries,Expense,2026-03-30,15:29:38,2026-03-30 15:29:38,10367.61,INR,-10367.61,IOS Owner,,,MAESTRO-IOS-PERSONAL-LIFE_OPERATIONS-1174 | Groceries | 10367.61,iPhone,B24,RAMP_501_1500,CREATED,idem-20260902-ios-1174
1175,MTR-IOS-1175,Group,Shared Living,Flatmates,House Supplies,Expense,2026-05-29,08:51:34,2026-05-29 08:51:34,13277.83,INR,-13277.83,IOS Aarav,3,SHARES,MAESTRO-IOS-GROUP-FLATMATES-1175 | House Supplies | 13277.83,iPhone,B24,RAMP_501_1500,CREATED,idem-20260902-ios-1175
1176,MTR-IOS-1176,Business,Business,Business Operations,Software,Expense,2025-10-24,13:01:13,2025-10-24 13:01:13,36082.79,INR,-36082.79,IOS Owner,,,MAESTRO-IOS-BUSINESS-BUSINESS_OPERATIONS-1176 | Software | 36082.79,iPhone,B24,RAMP_501_1500,CREATED,idem-20260902-ios-1176
1177,MTR-IOS-1177,Personal,Personal,Life Operations,Rent,Expense,2026-04-15,07:37:18,2026-04-15 07:37:18,2282.68,INR,-2282.68,IOS Owner,,,MAESTRO-IOS-PERSONAL-LIFE_OPERATIONS-1177 | Rent | 2282.68,iPhone,B24,RAMP_501_1500,CREATED,idem-20260902-ios-1177
1178,MTR-IOS-1178,Group,Shared Living,Flatmates,Repairs,Expense,2025-10-08,23:56:31,2025-10-08 23:56:31,5640.88,INR,-5640.88,IOS Meera,3,EQUAL,MAESTRO-IOS-GROUP-FLATMATES-1178 | Repairs | 5640.88,iPhone,B24,RAMP_501_1500,CREATED,idem-20260902-ios-1178
1179,MTR-IOS-1179,Business,Business,Business Operations,Rent,Expense,2026-01-05,08:24:08,2026-01-05 08:24:08,127015.72,INR,-127015.72,IOS Owner,,,MAESTRO-IOS-BUSINESS-BUSINESS_OPERATIONS-1179 | Rent | 127015.72,iPhone,B24,RAMP_501_1500,CREATED,idem-20260902-ios-1179
1180,MTR-IOS-1180,Personal,Personal,Life Operations,Bills,Expense,2026-04-19,23:12:23,2026-04-19 23:12:23,3549.55,INR,-3549.55,IOS Owner,,,MAESTRO-IOS-PERSONAL-LIFE_OPERATIONS-1180 | Bills | 3549.55,iPhone,B24,RAMP_501_1500,CREATED,idem-20260902-ios-1180
1181,MTR-IOS-1181,Group,Shared Living,Shared Living,Rent,Expense,2026-06-14,11:40:43,2026-06-14 11:40:43,11742.93,INR,-11742.93,IOS Owner,3,PERCENTAGE,MAESTRO-IOS-GROUP-SHARED_LIVING-1181 | Rent | 11742.93,iPhone,B24,RAMP_501_1500,CREATED,idem-20260902-ios-1181
1182,MTR-IOS-1182,Business,Business,Business Operations,Marketing,Expense,2026-03-08,09:13:51,2026-03-08 09:13:51,31083.8,INR,-31083.8,IOS Owner,,,MAESTRO-IOS-BUSINESS-BUSINESS_OPERATIONS-1182 | Marketing | 31083.80,iPhone,B24,RAMP_501_1500,CREATED,idem-20260902-ios-1182
1183,MTR-IOS-1183,Personal,Personal,Life Operations,Transport,Expense,2025-09-30,19:44:49,2025-09-30 19:44:49,13519.92,INR,-13519.92,IOS Owner,,,MAESTRO-IOS-PERSONAL-LIFE_OPERATIONS-1183 | Transport | 13519.92,iPhone,B24,RAMP_501_1500,CREATED,idem-20260902-ios-1183
1184,MTR-IOS-1184,Group,Shared Living,Shared Living,Utilities,Expense,2025-11-16,05:27:16,2025-11-16 05:27:16,99.99,INR,-99.99,IOS Aarav,3,EXACT,MAESTRO-IOS-GROUP-SHARED_LIVING-1184 | Utilities | 99.99,iPhone,B24,RAMP_501_1500,CREATED,idem-20260902-ios-1184
1185,MTR-IOS-1185,Business,Business,Business Operations,Legal,Expense,2026-06-15,08:25:17,2026-06-15 08:25:17,138635.49,INR,-138635.49,IOS Owner,,,MAESTRO-IOS-BUSINESS-BUSINESS_OPERATIONS-1185 | Legal | 138635.49,iPhone,B24,RAMP_501_1500,CREATED,idem-20260902-ios-1185
1186,MTR-IOS-1186,Personal,Personal,Life Operations,Healthcare,Expense,2026-07-07,20:24:01,2026-07-07 20:24:01,4510.48,INR,-4510.48,IOS Owner,,,MAESTRO-IOS-PERSONAL-LIFE_OPERATIONS-1186 | Healthcare | 4510.48,iPhone,B24,RAMP_501_1500,CREATED,idem-20260902-ios-1186
1187,MTR-IOS-1187,Group,Shared Living,Shared Living,Groceries,Expense,2026-01-24,21:33:25,2026-01-24 21:33:25,17308.4,INR,-17308.4,IOS Meera,3,SHARES,MAESTRO-IOS-GROUP-SHARED_LIVING-1187 | Groceries | 17308.40,iPhone,B24,RAMP_501_1500,CREATED,idem-20260902-ios-1187
1188,MTR-IOS-1188,Business,Business,Business Operations,Accounting,Expense,2026-08-09,12:00:00,2026-08-09 12:00:00,138167.83,INR,-138167.83,IOS Owner,,,MAESTRO-IOS-BUSINESS-BUSINESS_OPERATIONS-1188 | Accounting | 138167.83,iPhone,B24,RAMP_501_1500,CREATED,idem-20260902-ios-1188
1189,MTR-IOS-1189,Personal,Personal,Life Operations,Subscriptions,Expense,2026-03-16,15:04:40,2026-03-16 15:04:40,6190.43,INR,-6190.43,IOS Owner,,,MAESTRO-IOS-PERSONAL-LIFE_OPERATIONS-1189 | Subscriptions | 6190.43,iPhone,B24,RAMP_501_1500,CREATED,idem-20260902-ios-1189
1190,MTR-IOS-1190,Group,Shared Living,Shared Living,Maintenance,Expense,2026-03-04,16:14:01,2026-03-04 16:14:01,25102.56,INR,-25102.56,IOS Owner,3,EQUAL,MAESTRO-IOS-GROUP-SHARED_LIVING-1190 | Maintenance | 25102.56,iPhone,B24,RAMP_501_1500,CREATED,idem-20260902-ios-1190
1191,MTR-IOS-1191,Business,Business,Business Operations,Equipment,Expense,2026-06-15,17:16:05,2026-06-15 17:16:05,10806.81,INR,-10806.81,IOS Owner,,,MAESTRO-IOS-BUSINESS-BUSINESS_OPERATIONS-1191 | Equipment | 10806.81,iPhone,B24,RAMP_501_1500,CREATED,idem-20260902-ios-1191
1192,MTR-IOS-1192,Personal,Personal,Life Operations,Repairs,Expense,2025-11-30,15:37:51,2025-11-30 15:37:51,4871.81,INR,-4871.81,IOS Owner,,,MAESTRO-IOS-PERSONAL-LIFE_OPERATIONS-1192 | Repairs | 4871.81,iPhone,B24,RAMP_501_1500,CREATED,idem-20260902-ios-1192
1193,MTR-IOS-1193,Group,Shared Living,Shared Living,Other,Expense,2026-01-02,07:39:51,2026-01-02 07:39:51,2759.32,INR,-2759.32,IOS Aarav,3,PERCENTAGE,MAESTRO-IOS-GROUP-SHARED_LIVING-1193 | Other | 2759.32,iPhone,B24,RAMP_501_1500,CREATED,idem-20260902-ios-1193
1194,MTR-IOS-1194,Business,Business,Business Operations,Vendor,Expense,2026-01-28,05:08:36,2026-01-28 05:08:36,21981.27,INR,-21981.27,IOS Owner,,,MAESTRO-IOS-BUSINESS-BUSINESS_OPERATIONS-1194 | Vendor | 21981.27,iPhone,B24,RAMP_501_1500,CREATED,idem-20260902-ios-1194
1195,MTR-IOS-1195,Personal,Personal,Future Building,Savings,Transfer,2026-05-15,11:22:35,2026-05-15 11:22:35,12911.76,INR,0.0,IOS Owner,,,MAESTRO-IOS-PERSONAL-FUTURE_BUILDING-1195 | Savings | 12911.76,iPhone,B24,RAMP_501_1500,CREATED,idem-20260902-ios-1195
1196,MTR-IOS-1196,Group,Shared Living,Family Household,Utilities,Expense,2025-12-18,22:00:01,2025-12-18 22:00:01,10550.52,INR,-10550.52,IOS Meera,3,EXACT,MAESTRO-IOS-GROUP-FAMILY_HOUSEHOLD-1196 | Utilities | 10550.52,iPhone,B24,RAMP_501_1500,CREATED,idem-20260902-ios-1196
1197,MTR-IOS-1197,Business,Business,Business Operations,Tax,Expense,2025-11-12,03:44:07,2025-11-12 03:44:07,92742.52,INR,-92742.52,IOS Owner,,,MAESTRO-IOS-BUSINESS-BUSINESS_OPERATIONS-1197 | Tax | 92742.52,iPhone,B24,RAMP_501_1500,CREATED,idem-20260902-ios-1197
1198,MTR-IOS-1198,Personal,Personal,Future Building,Emergency Fund,Transfer,2026-01-14,03:33:50,2026-01-14 03:33:50,5.83,INR,0.0,IOS Owner,,,MAESTRO-IOS-PERSONAL-FUTURE_BUILDING-1198 | Emergency Fund | 5.83,iPhone,B24,RAMP_501_1500,CREATED,idem-20260902-ios-1198
1199,MTR-IOS-1199,Group,Shared Living,Family Household,Healthcare,Expense,2026-08-16,12:00:00,2026-08-16 12:00:00,157.37,INR,-157.37,IOS Owner,3,SHARES,MAESTRO-IOS-GROUP-FAMILY_HOUSEHOLD-1199 | Healthcare | 157.37,iPhone,B24,RAMP_501_1500,CREATED,idem-20260902-ios-1199
1200,MTR-IOS-1200,Business,Business,Team Operations,Payroll,Expense,2026-07-25,11:52:11,2026-07-25 11:52:11,122299.37,INR,-122299.37,IOS Owner,,,MAESTRO-IOS-BUSINESS-TEAM_OPERATIONS-1200 | Payroll | 122299.37,iPhone,B24,RAMP_501_1500,CREATED,idem-20260902-ios-1200
1201,MTR-IOS-1201,Personal,Personal,Future Building,Investments,Investment,2025-10-23,09:58:47,2025-10-23 09:58:47,16503.89,INR,0.0,IOS Owner,,,MAESTRO-IOS-PERSONAL-FUTURE_BUILDING-1201 | Investments | 16503.89,iPhone,B25,RAMP_501_1500,CREATED,idem-20260902-ios-1201
1202,MTR-IOS-1202,Group,Shared Living,Family Household,School,Expense,2026-03-23,22:54:35,2026-03-23 22:54:35,17931.08,INR,-17931.08,IOS Aarav,3,EQUAL,MAESTRO-IOS-GROUP-FAMILY_HOUSEHOLD-1202 | School | 17931.08,iPhone,B25,RAMP_501_1500,CREATED,idem-20260902-ios-1202
1203,MTR-IOS-1203,Business,Business,Team Operations,Contractor,Expense,2026-01-13,06:41:14,2026-01-13 06:41:14,101146.02,INR,-101146.02,IOS Owner,,,MAESTRO-IOS-BUSINESS-TEAM_OPERATIONS-1203 | Contractor | 101146.02,iPhone,B25,RAMP_501_1500,CREATED,idem-20260902-ios-1203
1204,MTR-IOS-1204,Personal,Personal,Future Building,Education,Expense,2025-11-27,20:19:25,2025-11-27 20:19:25,10268.89,INR,-10268.89,IOS Owner,,,MAESTRO-IOS-PERSONAL-FUTURE_BUILDING-1204 | Education | 10268.89,iPhone,B25,RAMP_501_1500,CREATED,idem-20260902-ios-1204
1205,MTR-IOS-1205,Group,Shared Living,Family Household,Other,Expense,2026-08-26,18:50:04,2026-08-26 18:50:04,14056.61,INR,-14056.61,IOS Meera,3,PERCENTAGE,MAESTRO-IOS-GROUP-FAMILY_HOUSEHOLD-1205 | Other | 14056.61,iPhone,B25,RAMP_501_1500,CREATED,idem-20260902-ios-1205
1206,MTR-IOS-1206,Business,Business,Team Operations,Hiring,Expense,2025-09-13,02:50:28,2025-09-13 02:50:28,127150.9,INR,-127150.9,IOS Owner,,,MAESTRO-IOS-BUSINESS-TEAM_OPERATIONS-1206 | Hiring | 127150.90,iPhone,B25,RAMP_501_1500,CREATED,idem-20260902-ios-1206
1207,MTR-IOS-1207,Personal,Personal,Future Building,Goal Contribution,Transfer,2026-03-04,23:39:46,2026-03-04 23:39:46,1496.54,INR,0.0,IOS Owner,,,MAESTRO-IOS-PERSONAL-FUTURE_BUILDING-1207 | Goal Contribution | 1496.54,iPhone,B25,RAMP_501_1500,CREATED,idem-20260902-ios-1207
1208,MTR-IOS-1208,Group,Shared Living,Family Household,Rent,Expense,2026-06-09,15:38:51,2026-06-09 15:38:51,5458.31,INR,-5458.31,IOS Owner,3,EXACT,MAESTRO-IOS-GROUP-FAMILY_HOUSEHOLD-1208 | Rent | 5458.31,iPhone,B25,RAMP_501_1500,CREATED,idem-20260902-ios-1208
1209,MTR-IOS-1209,Business,Business,Team Operations,Team Meal,Expense,2026-04-14,22:07:41,2026-04-14 22:07:41,121795.48,INR,-121795.48,IOS Owner,,,MAESTRO-IOS-BUSINESS-TEAM_OPERATIONS-1209 | Team Meal | 121795.48,iPhone,B25,RAMP_501_1500,CREATED,idem-20260902-ios-1209
1210,MTR-IOS-1210,Personal,Personal,Lifestyle,Dining,Expense,2026-03-23,11:43:09,2026-03-23 11:43:09,595.79,INR,-595.79,IOS Owner,,,MAESTRO-IOS-PERSONAL-LIFESTYLE-1210 | Dining | 595.79,iPhone,B25,RAMP_501_1500,CREATED,idem-20260902-ios-1210
1211,MTR-IOS-1211,Group,Shared Living,Family Household,Groceries,Expense,2026-04-24,02:01:47,2026-04-24 02:01:47,1109.69,INR,-1109.69,IOS Aarav,3,SHARES,MAESTRO-IOS-GROUP-FAMILY_HOUSEHOLD-1211 | Groceries | 1109.69,iPhone,B25,RAMP_501_1500,CREATED,idem-20260902-ios-1211
1212,MTR-IOS-1212,Business,Business,Team Operations,Travel,Expense,2026-06-17,03:03:31,2026-06-17 03:03:31,39987.29,INR,-39987.29,IOS Owner,,,MAESTRO-IOS-BUSINESS-TEAM_OPERATIONS-1212 | Travel | 39987.29,iPhone,B25,RAMP_501_1500,CREATED,idem-20260902-ios-1212
1213,MTR-IOS-1213,Personal,Personal,Lifestyle,Shopping,Expense,2026-01-29,09:40:28,2026-01-29 09:40:28,15877.26,INR,-15877.26,IOS Owner,,,MAESTRO-IOS-PERSONAL-LIFESTYLE-1213 | Shopping | 15877.26,iPhone,B25,RAMP_501_1500,CREATED,idem-20260902-ios-1213
1214,MTR-IOS-1214,Group,Shared Living,Custom Living,Custom Expense,Expense,2026-02-26,23:51:58,2026-02-26 23:51:58,9238.32,INR,-9238.32,IOS Meera,3,EQUAL,MAESTRO-IOS-GROUP-CUSTOM_LIVING-1214 | Custom Expense | 9238.32,iPhone,B25,RAMP_501_1500,CREATED,idem-20260902-ios-1214
1215,MTR-IOS-1215,Business,Business,Team Operations,Training,Expense,2026-06-10,21:03:11,2026-06-10 21:03:11,43688.05,INR,-43688.05,IOS Owner,,,MAESTRO-IOS-BUSINESS-TEAM_OPERATIONS-1215 | Training | 43688.05,iPhone,B25,RAMP_501_1500,CREATED,idem-20260902-ios-1215
1216,MTR-IOS-1216,Personal,Personal,Lifestyle,Entertainment,Expense,2026-07-23,17:35:39,2026-07-23 17:35:39,3358.55,INR,-3358.55,IOS Owner,,,MAESTRO-IOS-PERSONAL-LIFESTYLE-1216 | Entertainment | 3358.55,iPhone,B25,RAMP_501_1500,CREATED,idem-20260902-ios-1216
1217,MTR-IOS-1217,Group,Shared Living,Custom Living,Custom Contribution,Contribution,2026-07-06,22:28:32,2026-07-06 22:28:32,24877.54,INR,24877.54,IOS Owner,3,PERCENTAGE,MAESTRO-IOS-GROUP-CUSTOM_LIVING-1217 | Custom Contribution | 24877.54,iPhone,B25,RAMP_501_1500,CREATED,idem-20260902-ios-1217
1218,MTR-IOS-1218,Business,Business,Team Operations,Tools,Expense,2026-05-23,07:29:07,2026-05-23 07:29:07,93135.29,INR,-93135.29,IOS Owner,,,MAESTRO-IOS-BUSINESS-TEAM_OPERATIONS-1218 | Tools | 93135.29,iPhone,B25,RAMP_501_1500,CREATED,idem-20260902-ios-1218
1219,MTR-IOS-1219,Personal,Personal,Lifestyle,Travel,Expense,2025-10-04,10:18:32,2025-10-04 10:18:32,6992.7,INR,-6992.7,IOS Owner,,,MAESTRO-IOS-PERSONAL-LIFESTYLE-1219 | Travel | 6992.70,iPhone,B25,RAMP_501_1500,CREATED,idem-20260902-ios-1219
1220,MTR-IOS-1220,Group,Shared Experience,Trip,Travel,Expense,2026-06-16,21:29:55,2026-06-16 21:29:55,4372.35,INR,-4372.35,IOS Aarav,3,EXACT,MAESTRO-IOS-GROUP-TRIP-1220 | Travel | 4372.35,iPhone,B25,RAMP_501_1500,CREATED,idem-20260902-ios-1220
1221,MTR-IOS-1221,Business,Business,Business Runway,Funding,Income,2025-09-15,15:31:15,2025-09-15 15:31:15,100.0,INR,100.0,IOS Owner,,,MAESTRO-IOS-BUSINESS-BUSINESS_RUNWAY-1221 | Funding | 100.00,iPhone,B25,RAMP_501_1500,CREATED,idem-20260902-ios-1221
1222,MTR-IOS-1222,Personal,Personal,Lifestyle,Fitness,Expense,2025-10-26,15:11:10,2025-10-26 15:11:10,16549.79,INR,-16549.79,IOS Owner,,,MAESTRO-IOS-PERSONAL-LIFESTYLE-1222 | Fitness | 16549.79,iPhone,B25,RAMP_501_1500,CREATED,idem-20260902-ios-1222
1223,MTR-IOS-1223,Group,Shared Experience,Trip,Stay,Expense,2025-09-28,22:47:28,2025-09-28 22:47:28,22300.5,INR,-22300.5,IOS Meera,3,SHARES,MAESTRO-IOS-GROUP-TRIP-1223 | Stay | 22300.50,iPhone,B25,RAMP_501_1500,CREATED,idem-20260902-ios-1223
1224,MTR-IOS-1224,Business,Business,Business Runway,Revenue,Income,2026-03-29,12:38:00,2026-03-29 12:38:00,81490.38,INR,81490.38,IOS Owner,,,MAESTRO-IOS-BUSINESS-BUSINESS_RUNWAY-1224 | Revenue | 81490.38,iPhone,B25,RAMP_501_1500,CREATED,idem-20260902-ios-1224
1225,MTR-IOS-1225,Personal,Personal,Lifestyle,Hobbies,Expense,2026-01-25,20:20:56,2026-01-25 20:20:56,12175.21,INR,-12175.21,IOS Owner,,,MAESTRO-IOS-PERSONAL-LIFESTYLE-1225 | Hobbies | 12175.21,iPhone,B25,RAMP_501_1500,CREATED,idem-20260902-ios-1225
1226,MTR-IOS-1226,Group,Shared Experience,Trip,Food,Expense,2025-12-22,18:30:35,2025-12-22 18:30:35,22803.04,INR,-22803.04,IOS Owner,3,EQUAL,MAESTRO-IOS-GROUP-TRIP-1226 | Food | 22803.04,iPhone,B25,RAMP_501_1500,CREATED,idem-20260902-ios-1226
1227,MTR-IOS-1227,Business,Business,Business Runway,Burn,Expense,2025-10-08,20:23:47,2025-10-08 20:23:47,69851.37,INR,-69851.37,IOS Owner,,,MAESTRO-IOS-BUSINESS-BUSINESS_RUNWAY-1227 | Burn | 69851.37,iPhone,B25,RAMP_501_1500,CREATED,idem-20260902-ios-1227
1228,MTR-IOS-1228,Personal,Personal,Relationships,Gifts,Expense,2026-06-20,14:28:52,2026-06-20 14:28:52,369.8,INR,-369.8,IOS Owner,,,MAESTRO-IOS-PERSONAL-RELATIONSHIPS-1228 | Gifts | 369.80,iPhone,B25,RAMP_501_1500,CREATED,idem-20260902-ios-1228
1229,MTR-IOS-1229,Group,Shared Experience,Trip,Local Transport,Expense,2025-09-25,22:35:31,2025-09-25 22:35:31,19577.15,INR,-19577.15,IOS Aarav,3,PERCENTAGE,MAESTRO-IOS-GROUP-TRIP-1229 | Local Transport | 19577.15,iPhone,B25,RAMP_501_1500,CREATED,idem-20260902-ios-1229
1230,MTR-IOS-1230,Business,Business,Business Runway,Reserve,Transfer,2026-06-08,09:08:53,2026-06-08 09:08:53,80581.05,INR,0.0,IOS Owner,,,MAESTRO-IOS-BUSINESS-BUSINESS_RUNWAY-1230 | Reserve | 80581.05,iPhone,B25,RAMP_501_1500,CREATED,idem-20260902-ios-1230
1231,MTR-IOS-1231,Personal,Personal,Relationships,Dates,Expense,2026-07-31,07:34:41,2026-07-31 07:34:41,11060.55,INR,-11060.55,IOS Owner,,,MAESTRO-IOS-PERSONAL-RELATIONSHIPS-1231 | Dates | 11060.55,iPhone,B25,RAMP_501_1500,CREATED,idem-20260902-ios-1231
1232,MTR-IOS-1232,Group,Shared Experience,Trip,Activities,Expense,2026-06-22,15:45:18,2026-06-22 15:45:18,1370.93,INR,-1370.93,IOS Meera,3,EXACT,MAESTRO-IOS-GROUP-TRIP-1232 | Activities | 1370.93,iPhone,B25,RAMP_501_1500,CREATED,idem-20260902-ios-1232
1233,MTR-IOS-1233,Business,Business,Business Runway,Loan,Income,2026-04-08,13:49:16,2026-04-08 13:49:16,122689.0,INR,122689.0,IOS Owner,,,MAESTRO-IOS-BUSINESS-BUSINESS_RUNWAY-1233 | Loan | 122689.00,iPhone,B25,RAMP_501_1500,CREATED,idem-20260902-ios-1233
1234,MTR-IOS-1234,Personal,Personal,Relationships,Family,Expense,2026-02-02,23:24:09,2026-02-02 23:24:09,15917.49,INR,-15917.49,IOS Owner,,,MAESTRO-IOS-PERSONAL-RELATIONSHIPS-1234 | Family | 15917.49,iPhone,B25,RAMP_501_1500,CREATED,idem-20260902-ios-1234
1235,MTR-IOS-1235,Group,Shared Experience,Trip,Shopping,Expense,2026-05-30,22:32:37,2026-05-30 22:32:37,25577.46,INR,-25577.46,IOS Owner,3,SHARES,MAESTRO-IOS-GROUP-TRIP-1235 | Shopping | 25577.46,iPhone,B25,RAMP_501_1500,CREATED,idem-20260902-ios-1235
1236,MTR-IOS-1236,Business,Business,Business Runway,Investment,Income,2026-02-22,08:53:55,2026-02-22 08:53:55,94708.83,INR,94708.83,IOS Owner,,,MAESTRO-IOS-BUSINESS-BUSINESS_RUNWAY-1236 | Investment | 94708.83,iPhone,B25,RAMP_501_1500,CREATED,idem-20260902-ios-1236
1237,MTR-IOS-1237,Personal,Personal,Relationships,Friends,Expense,2025-11-22,07:06:15,2025-11-22 07:06:15,10937.56,INR,-10937.56,IOS Owner,,,MAESTRO-IOS-PERSONAL-RELATIONSHIPS-1237 | Friends | 10937.56,iPhone,B25,RAMP_501_1500,CREATED,idem-20260902-ios-1237
1238,MTR-IOS-1238,Group,Shared Experience,Trip,Other,Expense,2026-07-16,20:10:24,2026-07-16 20:10:24,11584.86,INR,-11584.86,IOS Aarav,3,EQUAL,MAESTRO-IOS-GROUP-TRIP-1238 | Other | 11584.86,iPhone,B25,RAMP_501_1500,CREATED,idem-20260902-ios-1238
1239,MTR-IOS-1239,Business,Business,Business Operations,Software,Expense,2026-08-06,17:48:19,2026-08-06 17:48:19,71128.25,INR,-71128.25,IOS Owner,,,MAESTRO-IOS-BUSINESS-BUSINESS_OPERATIONS-1239 | Software | 71128.25,iPhone,B25,RAMP_501_1500,CREATED,idem-20260902-ios-1239
1240,MTR-IOS-1240,Personal,Personal,Relationships,Celebrations,Expense,2026-07-03,11:47:46,2026-07-03 11:47:46,2623.74,INR,-2623.74,IOS Owner,,,MAESTRO-IOS-PERSONAL-RELATIONSHIPS-1240 | Celebrations | 2623.74,iPhone,B25,RAMP_501_1500,CREATED,idem-20260902-ios-1240
1241,MTR-IOS-1241,Group,Shared Experience,Wedding,Venue,Expense,2026-05-28,10:55:24,2026-05-28 10:55:24,17192.22,INR,-17192.22,IOS Meera,3,PERCENTAGE,MAESTRO-IOS-GROUP-WEDDING-1241 | Venue | 17192.22,iPhone,B25,RAMP_501_1500,CREATED,idem-20260902-ios-1241
1242,MTR-IOS-1242,Business,Business,Business Operations,Rent,Expense,2025-10-29,19:37:28,2025-10-29 19:37:28,81565.84,INR,-81565.84,IOS Owner,,,MAESTRO-IOS-BUSINESS-BUSINESS_OPERATIONS-1242 | Rent | 81565.84,iPhone,B25,RAMP_501_1500,CREATED,idem-20260902-ios-1242
1243,MTR-IOS-1243,Personal,Personal,Life Operations,Groceries,Expense,2026-03-10,08:08:51,2026-03-10 08:08:51,235.95,INR,-235.95,IOS Owner,,,MAESTRO-IOS-PERSONAL-LIFE_OPERATIONS-1243 | Groceries | 235.95,iPhone,B25,RAMP_501_1500,CREATED,idem-20260902-ios-1243
1244,MTR-IOS-1244,Group,Shared Experience,Wedding,Catering,Expense,2026-03-03,04:28:01,2026-03-03 04:28:01,834.44,INR,-834.44,IOS Owner,3,EXACT,MAESTRO-IOS-GROUP-WEDDING-1244 | Catering | 834.44,iPhone,B25,RAMP_501_1500,CREATED,idem-20260902-ios-1244
1245,MTR-IOS-1245,Business,Business,Business Operations,Marketing,Expense,2026-05-27,12:45:10,2026-05-27 12:45:10,68614.14,INR,-68614.14,IOS Owner,,,MAESTRO-IOS-BUSINESS-BUSINESS_OPERATIONS-1245 | Marketing | 68614.14,iPhone,B25,RAMP_501_1500,CREATED,idem-20260902-ios-1245
1246,MTR-IOS-1246,Personal,Personal,Life Operations,Rent,Expense,2026-04-05,00:01:41,2026-04-05 00:01:41,15463.42,INR,-15463.42,IOS Owner,,,MAESTRO-IOS-PERSONAL-LIFE_OPERATIONS-1246 | Rent | 15463.42,iPhone,B25,RAMP_501_1500,CREATED,idem-20260902-ios-1246
1247,MTR-IOS-1247,Group,Shared Experience,Wedding,Decor,Expense,2025-12-25,00:29:16,2025-12-25 00:29:16,5406.49,INR,-5406.49,IOS Aarav,3,SHARES,MAESTRO-IOS-GROUP-WEDDING-1247 | Decor | 5406.49,iPhone,B25,RAMP_501_1500,CREATED,idem-20260902-ios-1247
1248,MTR-IOS-1248,Business,Business,Business Operations,Legal,Expense,2026-03-23,03:58:30,2026-03-23 03:58:30,113535.28,INR,-113535.28,IOS Owner,,,MAESTRO-IOS-BUSINESS-BUSINESS_OPERATIONS-1248 | Legal | 113535.28,iPhone,B25,RAMP_501_1500,CREATED,idem-20260902-ios-1248
1249,MTR-IOS-1249,Personal,Personal,Life Operations,Bills,Expense,2025-12-28,01:29:30,2025-12-28 01:29:30,17459.76,INR,-17459.76,IOS Owner,,,MAESTRO-IOS-PERSONAL-LIFE_OPERATIONS-1249 | Bills | 17459.76,iPhone,B25,RAMP_501_1500,CREATED,idem-20260902-ios-1249
1250,MTR-IOS-1250,Group,Shared Experience,Wedding,Travel,Expense,2026-03-10,00:09:04,2026-03-10 00:09:04,10898.25,INR,-10898.25,IOS Meera,3,EQUAL,MAESTRO-IOS-GROUP-WEDDING-1250 | Travel | 10898.25,iPhone,B25,RAMP_501_1500,CREATED,idem-20260902-ios-1250
1251,MTR-IOS-1251,Business,Business,Business Operations,Accounting,Expense,2025-11-24,12:03:46,2025-11-24 12:03:46,73667.35,INR,-73667.35,IOS Owner,,,MAESTRO-IOS-BUSINESS-BUSINESS_OPERATIONS-1251 | Accounting | 73667.35,iPhone,B26,RAMP_501_1500,CREATED,idem-20260902-ios-1251
1252,MTR-IOS-1252,Personal,Personal,Life Operations,Transport,Expense,2025-10-19,12:01:07,2025-10-19 12:01:07,7566.31,INR,-7566.31,IOS Owner,,,MAESTRO-IOS-PERSONAL-LIFE_OPERATIONS-1252 | Transport | 7566.31,iPhone,B26,RAMP_501_1500,CREATED,idem-20260902-ios-1252
1253,MTR-IOS-1253,Group,Shared Experience,Wedding,Gifts,Expense,2026-01-28,19:27:05,2026-01-28 19:27:05,22610.63,INR,-22610.63,IOS Owner,3,PERCENTAGE,MAESTRO-IOS-GROUP-WEDDING-1253 | Gifts | 22610.63,iPhone,B26,RAMP_501_1500,CREATED,idem-20260902-ios-1253
1254,MTR-IOS-1254,Business,Business,Business Operations,Equipment,Expense,2025-10-05,02:32:34,2025-10-05 02:32:34,109206.12,INR,-109206.12,IOS Owner,,,MAESTRO-IOS-BUSINESS-BUSINESS_OPERATIONS-1254 | Equipment | 109206.12,iPhone,B26,RAMP_501_1500,CREATED,idem-20260902-ios-1254
1255,MTR-IOS-1255,Personal,Personal,Life Operations,Healthcare,Expense,2026-05-05,11:57:25,2026-05-05 11:57:25,10673.8,INR,-10673.8,IOS Owner,,,MAESTRO-IOS-PERSONAL-LIFE_OPERATIONS-1255 | Healthcare | 10673.80,iPhone,B26,RAMP_501_1500,CREATED,idem-20260902-ios-1255
1256,MTR-IOS-1256,Group,Shared Experience,Wedding,Photography,Expense,2026-03-20,03:14:18,2026-03-20 03:14:18,1285.64,INR,-1285.64,IOS Aarav,3,EXACT,MAESTRO-IOS-GROUP-WEDDING-1256 | Photography | 1285.64,iPhone,B26,RAMP_501_1500,CREATED,idem-20260902-ios-1256
1257,MTR-IOS-1257,Business,Business,Business Operations,Vendor,Expense,2025-11-19,05:44:31,2025-11-19 05:44:31,102565.63,INR,-102565.63,IOS Owner,,,MAESTRO-IOS-BUSINESS-BUSINESS_OPERATIONS-1257 | Vendor | 102565.63,iPhone,B26,RAMP_501_1500,CREATED,idem-20260902-ios-1257
1258,MTR-IOS-1258,Personal,Personal,Life Operations,Subscriptions,Expense,2026-07-19,08:55:24,2026-07-19 08:55:24,999.99,INR,-999.99,IOS Owner,,,MAESTRO-IOS-PERSONAL-LIFE_OPERATIONS-1258 | Subscriptions | 999.99,iPhone,B26,RAMP_501_1500,CREATED,idem-20260902-ios-1258
1259,MTR-IOS-1259,Group,Shared Experience,Wedding,Other,Expense,2025-10-03,09:34:57,2025-10-03 09:34:57,9350.95,INR,-9350.95,IOS Meera,3,SHARES,MAESTRO-IOS-GROUP-WEDDING-1259 | Other | 9350.95,iPhone,B26,RAMP_501_1500,CREATED,idem-20260902-ios-1259
1260,MTR-IOS-1260,Business,Business,Business Operations,Tax,Expense,2025-09-07,15:37:42,2025-09-07 15:37:42,88326.07,INR,-88326.07,IOS Owner,,,MAESTRO-IOS-BUSINESS-BUSINESS_OPERATIONS-1260 | Tax | 88326.07,iPhone,B26,RAMP_501_1500,CREATED,idem-20260902-ios-1260
1261,MTR-IOS-1261,Personal,Personal,Life Operations,Repairs,Expense,2025-10-17,22:49:55,2025-10-17 22:49:55,17786.98,INR,-17786.98,IOS Owner,,,MAESTRO-IOS-PERSONAL-LIFE_OPERATIONS-1261 | Repairs | 17786.98,iPhone,B26,RAMP_501_1500,CREATED,idem-20260902-ios-1261
1262,MTR-IOS-1262,Group,Shared Experience,Office Outing,Food,Expense,2026-07-04,06:35:27,2026-07-04 06:35:27,21957.13,INR,-21957.13,IOS Owner,3,EQUAL,MAESTRO-IOS-GROUP-OFFICE_OUTING-1262 | Food | 21957.13,iPhone,B26,RAMP_501_1500,CREATED,idem-20260902-ios-1262
1263,MTR-IOS-1263,Business,Business,Team Operations,Payroll,Expense,2025-10-26,00:37:43,2025-10-26 00:37:43,161316.55,INR,-161316.55,IOS Owner,,,MAESTRO-IOS-BUSINESS-TEAM_OPERATIONS-1263 | Payroll | 161316.55,iPhone,B26,RAMP_501_1500,CREATED,idem-20260902-ios-1263
1264,MTR-IOS-1264,Personal,Personal,Future Building,Savings,Transfer,2025-10-19,12:38:13,2025-10-19 12:38:13,13956.39,INR,0.0,IOS Owner,,,MAESTRO-IOS-PERSONAL-FUTURE_BUILDING-1264 | Savings | 13956.39,iPhone,B26,RAMP_501_1500,CREATED,idem-20260902-ios-1264
1265,MTR-IOS-1265,Group,Shared Experience,Office Outing,Travel,Expense,2026-04-28,21:17:12,2026-04-28 21:17:12,16355.43,INR,-16355.43,IOS Aarav,3,PERCENTAGE,MAESTRO-IOS-GROUP-OFFICE_OUTING-1265 | Travel | 16355.43,iPhone,B26,RAMP_501_1500,CREATED,idem-20260902-ios-1265
1266,MTR-IOS-1266,Business,Business,Team Operations,Contractor,Expense,2025-11-15,20:03:12,2025-11-15 20:03:12,45881.84,INR,-45881.84,IOS Owner,,,MAESTRO-IOS-BUSINESS-TEAM_OPERATIONS-1266 | Contractor | 45881.84,iPhone,B26,RAMP_501_1500,CREATED,idem-20260902-ios-1266
1267,MTR-IOS-1267,Personal,Personal,Future Building,Emergency Fund,Transfer,2026-05-13,02:05:03,2026-05-13 02:05:03,6172.04,INR,0.0,IOS Owner,,,MAESTRO-IOS-PERSONAL-FUTURE_BUILDING-1267 | Emergency Fund | 6172.04,iPhone,B26,RAMP_501_1500,CREATED,idem-20260902-ios-1267
1268,MTR-IOS-1268,Group,Shared Experience,Office Outing,Activities,Expense,2025-12-23,19:07:58,2025-12-23 19:07:58,23579.49,INR,-23579.49,IOS Meera,3,EXACT,MAESTRO-IOS-GROUP-OFFICE_OUTING-1268 | Activities | 23579.49,iPhone,B26,RAMP_501_1500,CREATED,idem-20260902-ios-1268
1269,MTR-IOS-1269,Business,Business,Team Operations,Hiring,Expense,2026-03-31,01:40:21,2026-03-31 01:40:21,1780.13,INR,-1780.13,IOS Owner,,,MAESTRO-IOS-BUSINESS-TEAM_OPERATIONS-1269 | Hiring | 1780.13,iPhone,B26,RAMP_501_1500,CREATED,idem-20260902-ios-1269
1270,MTR-IOS-1270,Personal,Personal,Future Building,Investments,Investment,2026-03-25,04:31:05,2026-03-25 04:31:05,438.73,INR,0.0,IOS Owner,,,MAESTRO-IOS-PERSONAL-FUTURE_BUILDING-1270 | Investments | 438.73,iPhone,B26,RAMP_501_1500,CREATED,idem-20260902-ios-1270
1271,MTR-IOS-1271,Group,Shared Experience,Office Outing,Venue,Expense,2026-06-25,22:32:59,2026-06-25 22:32:59,3440.83,INR,-3440.83,IOS Owner,3,SHARES,MAESTRO-IOS-GROUP-OFFICE_OUTING-1271 | Venue | 3440.83,iPhone,B26,RAMP_501_1500,CREATED,idem-20260902-ios-1271
1272,MTR-IOS-1272,Business,Business,Team Operations,Team Meal,Expense,2026-08-26,08:19:37,2026-08-26 08:19:37,33965.31,INR,-33965.31,IOS Owner,,,MAESTRO-IOS-BUSINESS-TEAM_OPERATIONS-1272 | Team Meal | 33965.31,iPhone,B26,RAMP_501_1500,CREATED,idem-20260902-ios-1272
1273,MTR-IOS-1273,Personal,Personal,Future Building,Education,Expense,2025-11-02,12:46:52,2025-11-02 12:46:52,13965.37,INR,-13965.37,IOS Owner,,,MAESTRO-IOS-PERSONAL-FUTURE_BUILDING-1273 | Education | 13965.37,iPhone,B26,RAMP_501_1500,CREATED,idem-20260902-ios-1273
1274,MTR-IOS-1274,Group,Shared Experience,Office Outing,Other,Expense,2025-09-30,02:19:39,2025-09-30 02:19:39,19516.35,INR,-19516.35,IOS Aarav,3,EQUAL,MAESTRO-IOS-GROUP-OFFICE_OUTING-1274 | Other | 19516.35,iPhone,B26,RAMP_501_1500,CREATED,idem-20260902-ios-1274
1275,MTR-IOS-1275,Business,Business,Team Operations,Travel,Expense,2025-09-04,23:21:44,2025-09-04 23:21:44,62238.13,INR,-62238.13,IOS Owner,,,MAESTRO-IOS-BUSINESS-TEAM_OPERATIONS-1275 | Travel | 62238.13,iPhone,B26,RAMP_501_1500,CREATED,idem-20260902-ios-1275
1276,MTR-IOS-1276,Personal,Personal,Future Building,Goal Contribution,Transfer,2025-12-21,03:15:58,2025-12-21 03:15:58,13369.65,INR,0.0,IOS Owner,,,MAESTRO-IOS-PERSONAL-FUTURE_BUILDING-1276 | Goal Contribution | 13369.65,iPhone,B26,RAMP_501_1500,CREATED,idem-20260902-ios-1276
1277,MTR-IOS-1277,Group,Shared Experience,House Party,Food,Expense,2026-05-02,02:48:35,2026-05-02 02:48:35,15207.54,INR,-15207.54,IOS Meera,3,PERCENTAGE,MAESTRO-IOS-GROUP-HOUSE_PARTY-1277 | Food | 15207.54,iPhone,B26,RAMP_501_1500,CREATED,idem-20260902-ios-1277
1278,MTR-IOS-1278,Business,Business,Team Operations,Training,Expense,2026-02-08,03:17:38,2026-02-08 03:17:38,125188.9,INR,-125188.9,IOS Owner,,,MAESTRO-IOS-BUSINESS-TEAM_OPERATIONS-1278 | Training | 125188.90,iPhone,B26,RAMP_501_1500,CREATED,idem-20260902-ios-1278
1279,MTR-IOS-1279,Personal,Personal,Lifestyle,Dining,Expense,2026-03-11,08:07:17,2026-03-11 08:07:17,6942.02,INR,-6942.02,IOS Owner,,,MAESTRO-IOS-PERSONAL-LIFESTYLE-1279 | Dining | 6942.02,iPhone,B26,RAMP_501_1500,CREATED,idem-20260902-ios-1279
1280,MTR-IOS-1280,Group,Shared Experience,House Party,Drinks,Expense,2025-09-16,00:33:26,2025-09-16 00:33:26,22153.48,INR,-22153.48,IOS Owner,3,EXACT,MAESTRO-IOS-GROUP-HOUSE_PARTY-1280 | Drinks | 22153.48,iPhone,B26,RAMP_501_1500,CREATED,idem-20260902-ios-1280
1281,MTR-IOS-1281,Business,Business,Team Operations,Tools,Expense,2026-02-14,06:08:36,2026-02-14 06:08:36,23668.83,INR,-23668.83,IOS Owner,,,MAESTRO-IOS-BUSINESS-TEAM_OPERATIONS-1281 | Tools | 23668.83,iPhone,B26,RAMP_501_1500,CREATED,idem-20260902-ios-1281
1282,MTR-IOS-1282,Personal,Personal,Lifestyle,Shopping,Expense,2025-12-16,00:34:32,2025-12-16 00:34:32,11264.2,INR,-11264.2,IOS Owner,,,MAESTRO-IOS-PERSONAL-LIFESTYLE-1282 | Shopping | 11264.20,iPhone,B26,RAMP_501_1500,CREATED,idem-20260902-ios-1282
1283,MTR-IOS-1283,Group,Shared Experience,House Party,Decor,Expense,2025-11-02,01:47:42,2025-11-02 01:47:42,3023.49,INR,-3023.49,IOS Aarav,3,SHARES,MAESTRO-IOS-GROUP-HOUSE_PARTY-1283 | Decor | 3023.49,iPhone,B26,RAMP_501_1500,CREATED,idem-20260902-ios-1283
1284,MTR-IOS-1284,Business,Business,Business Runway,Funding,Income,2026-04-12,20:14:55,2026-04-12 20:14:55,29104.39,INR,29104.39,IOS Owner,,,MAESTRO-IOS-BUSINESS-BUSINESS_RUNWAY-1284 | Funding | 29104.39,iPhone,B26,RAMP_501_1500,CREATED,idem-20260902-ios-1284
1285,MTR-IOS-1285,Personal,Personal,Lifestyle,Entertainment,Expense,2026-03-03,20:57:06,2026-03-03 20:57:06,17663.28,INR,-17663.28,IOS Owner,,,MAESTRO-IOS-PERSONAL-LIFESTYLE-1285 | Entertainment | 17663.28,iPhone,B26,RAMP_501_1500,CREATED,idem-20260902-ios-1285
1286,MTR-IOS-1286,Group,Shared Experience,House Party,Supplies,Expense,2026-05-09,04:24:39,2026-05-09 04:24:39,3255.2,INR,-3255.2,IOS Meera,3,EQUAL,MAESTRO-IOS-GROUP-HOUSE_PARTY-1286 | Supplies | 3255.20,iPhone,B26,RAMP_501_1500,CREATED,idem-20260902-ios-1286
1287,MTR-IOS-1287,Business,Business,Business Runway,Revenue,Income,2026-07-22,05:24:52,2026-07-22 05:24:52,84116.81,INR,84116.81,IOS Owner,,,MAESTRO-IOS-BUSINESS-BUSINESS_RUNWAY-1287 | Revenue | 84116.81,iPhone,B26,RAMP_501_1500,CREATED,idem-20260902-ios-1287
1288,MTR-IOS-1288,Personal,Personal,Lifestyle,Travel,Expense,2025-10-13,16:14:25,2025-10-13 16:14:25,6574.43,INR,-6574.43,IOS Owner,,,MAESTRO-IOS-PERSONAL-LIFESTYLE-1288 | Travel | 6574.43,iPhone,B26,RAMP_501_1500,CREATED,idem-20260902-ios-1288
1289,MTR-IOS-1289,Group,Shared Experience,House Party,Other,Expense,2025-11-04,02:57:45,2025-11-04 02:57:45,3122.31,INR,-3122.31,IOS Owner,3,PERCENTAGE,MAESTRO-IOS-GROUP-HOUSE_PARTY-1289 | Other | 3122.31,iPhone,B26,RAMP_501_1500,CREATED,idem-20260902-ios-1289
1290,MTR-IOS-1290,Business,Business,Business Runway,Burn,Expense,2025-09-21,17:05:49,2025-09-21 17:05:49,164810.85,INR,-164810.85,IOS Owner,,,MAESTRO-IOS-BUSINESS-BUSINESS_RUNWAY-1290 | Burn | 164810.85,iPhone,B26,RAMP_501_1500,CREATED,idem-20260902-ios-1290
1291,MTR-IOS-1291,Personal,Personal,Lifestyle,Fitness,Expense,2026-01-21,19:48:38,2026-01-21 19:48:38,11638.06,INR,-11638.06,IOS Owner,,,MAESTRO-IOS-PERSONAL-LIFESTYLE-1291 | Fitness | 11638.06,iPhone,B26,RAMP_501_1500,CREATED,idem-20260902-ios-1291
1292,MTR-IOS-1292,Group,Shared Purchase,Gift Pool,Contribution,Contribution,2026-04-10,20:56:32,2026-04-10 20:56:32,13605.46,INR,13605.46,IOS Aarav,3,EXACT,MAESTRO-IOS-GROUP-GIFT_POOL-1292 | Contribution | 13605.46,iPhone,B26,RAMP_501_1500,CREATED,idem-20260902-ios-1292
1293,MTR-IOS-1293,Business,Business,Business Runway,Reserve,Transfer,2025-09-22,13:48:34,2025-09-22 13:48:34,140988.07,INR,0.0,IOS Owner,,,MAESTRO-IOS-BUSINESS-BUSINESS_RUNWAY-1293 | Reserve | 140988.07,iPhone,B26,RAMP_501_1500,CREATED,idem-20260902-ios-1293
1294,MTR-IOS-1294,Personal,Personal,Lifestyle,Hobbies,Expense,2026-04-03,05:18:51,2026-04-03 05:18:51,2376.39,INR,-2376.39,IOS Owner,,,MAESTRO-IOS-PERSONAL-LIFESTYLE-1294 | Hobbies | 2376.39,iPhone,B26,RAMP_501_1500,CREATED,idem-20260902-ios-1294
1295,MTR-IOS-1295,Group,Shared Purchase,Gift Pool,Gift Purchase,Expense,2026-07-28,23:21:58,2026-07-28 23:21:58,10000.0,INR,-10000.0,IOS Meera,3,SHARES,MAESTRO-IOS-GROUP-GIFT_POOL-1295 | Gift Purchase | 10000.00,iPhone,B26,RAMP_501_1500,CREATED,idem-20260902-ios-1295
1296,MTR-IOS-1296,Business,Business,Business Runway,Loan,Income,2026-01-24,00:02:26,2026-01-24 00:02:26,24448.63,INR,24448.63,IOS Owner,,,MAESTRO-IOS-BUSINESS-BUSINESS_RUNWAY-1296 | Loan | 24448.63,iPhone,B26,RAMP_501_1500,CREATED,idem-20260902-ios-1296
1297,MTR-IOS-1297,Personal,Personal,Relationships,Gifts,Expense,2025-09-26,12:28:39,2025-09-26 12:28:39,9586.55,INR,-9586.55,IOS Owner,,,MAESTRO-IOS-PERSONAL-RELATIONSHIPS-1297 | Gifts | 9586.55,iPhone,B26,RAMP_501_1500,CREATED,idem-20260902-ios-1297
1298,MTR-IOS-1298,Group,Shared Purchase,Gift Pool,Delivery,Expense,2025-10-13,13:08:39,2025-10-13 13:08:39,4532.23,INR,-4532.23,IOS Owner,3,EQUAL,MAESTRO-IOS-GROUP-GIFT_POOL-1298 | Delivery | 4532.23,iPhone,B26,RAMP_501_1500,CREATED,idem-20260902-ios-1298
1299,MTR-IOS-1299,Business,Business,Business Runway,Investment,Income,2026-04-09,04:59:19,2026-04-09 04:59:19,53865.33,INR,53865.33,IOS Owner,,,MAESTRO-IOS-BUSINESS-BUSINESS_RUNWAY-1299 | Investment | 53865.33,iPhone,B26,RAMP_501_1500,CREATED,idem-20260902-ios-1299
1300,MTR-IOS-1300,Personal,Personal,Relationships,Dates,Expense,2026-04-23,01:38:24,2026-04-23 01:38:24,10342.35,INR,-10342.35,IOS Owner,,,MAESTRO-IOS-PERSONAL-RELATIONSHIPS-1300 | Dates | 10342.35,iPhone,B26,RAMP_501_1500,CREATED,idem-20260902-ios-1300
1301,MTR-IOS-1301,Group,Shared Purchase,Gift Pool,Other,Expense,2026-04-02,11:58:30,2026-04-02 11:58:30,23599.44,INR,-23599.44,IOS Aarav,3,PERCENTAGE,MAESTRO-IOS-GROUP-GIFT_POOL-1301 | Other | 23599.44,iPhone,B27,RAMP_501_1500,CREATED,idem-20260902-ios-1301
1302,MTR-IOS-1302,Business,Business,Business Operations,Software,Expense,2025-11-16,23:47:18,2025-11-16 23:47:18,150469.0,INR,-150469.0,IOS Owner,,,MAESTRO-IOS-BUSINESS-BUSINESS_OPERATIONS-1302 | Software | 150469.00,iPhone,B27,RAMP_501_1500,CREATED,idem-20260902-ios-1302
1303,MTR-IOS-1303,Personal,Personal,Relationships,Family,Expense,2025-11-20,00:13:31,2025-11-20 00:13:31,16435.66,INR,-16435.66,IOS Owner,,,MAESTRO-IOS-PERSONAL-RELATIONSHIPS-1303 | Family | 16435.66,iPhone,B27,RAMP_501_1500,CREATED,idem-20260902-ios-1303
1304,MTR-IOS-1304,Group,Shared Purchase,Purchase,Item,Expense,2025-11-01,04:26:49,2025-11-01 04:26:49,20879.95,INR,-20879.95,IOS Meera,3,EXACT,MAESTRO-IOS-GROUP-PURCHASE-1304 | Item | 20879.95,iPhone,B27,RAMP_501_1500,CREATED,idem-20260902-ios-1304
1305,MTR-IOS-1305,Business,Business,Business Operations,Rent,Expense,2026-04-05,07:36:07,2026-04-05 07:36:07,163733.15,INR,-163733.15,IOS Owner,,,MAESTRO-IOS-BUSINESS-BUSINESS_OPERATIONS-1305 | Rent | 163733.15,iPhone,B27,RAMP_501_1500,CREATED,idem-20260902-ios-1305
1306,MTR-IOS-1306,Personal,Personal,Relationships,Friends,Expense,2025-10-09,00:17:11,2025-10-09 00:17:11,412.66,INR,-412.66,IOS Owner,,,MAESTRO-IOS-PERSONAL-RELATIONSHIPS-1306 | Friends | 412.66,iPhone,B27,RAMP_501_1500,CREATED,idem-20260902-ios-1306
1307,MTR-IOS-1307,Group,Shared Purchase,Purchase,Shipping,Expense,2026-08-21,07:41:53,2026-08-21 07:41:53,8425.84,INR,-8425.84,IOS Owner,3,SHARES,MAESTRO-IOS-GROUP-PURCHASE-1307 | Shipping | 8425.84,iPhone,B27,RAMP_501_1500,CREATED,idem-20260902-ios-1307
1308,MTR-IOS-1308,Business,Business,Business Operations,Marketing,Expense,2025-11-23,19:26:11,2025-11-23 19:26:11,144194.87,INR,-144194.87,IOS Owner,,,MAESTRO-IOS-BUSINESS-BUSINESS_OPERATIONS-1308 | Marketing | 144194.87,iPhone,B27,RAMP_501_1500,CREATED,idem-20260902-ios-1308
1309,MTR-IOS-1309,Personal,Personal,Relationships,Celebrations,Expense,2026-01-26,17:54:29,2026-01-26 17:54:29,5969.97,INR,-5969.97,IOS Owner,,,MAESTRO-IOS-PERSONAL-RELATIONSHIPS-1309 | Celebrations | 5969.97,iPhone,B27,RAMP_501_1500,CREATED,idem-20260902-ios-1309
1310,MTR-IOS-1310,Group,Shared Purchase,Purchase,Tax,Expense,2026-01-06,17:15:40,2026-01-06 17:15:40,3151.29,INR,-3151.29,IOS Aarav,3,EQUAL,MAESTRO-IOS-GROUP-PURCHASE-1310 | Tax | 3151.29,iPhone,B27,RAMP_501_1500,CREATED,idem-20260902-ios-1310
1311,MTR-IOS-1311,Business,Business,Business Operations,Legal,Expense,2026-09-01,23:06:42,2026-09-01 23:06:42,60943.37,INR,-60943.37,IOS Owner,,,MAESTRO-IOS-BUSINESS-BUSINESS_OPERATIONS-1311 | Legal | 60943.37,iPhone,B27,RAMP_501_1500,CREATED,idem-20260902-ios-1311
1312,MTR-IOS-1312,Personal,Personal,Life Operations,Groceries,Expense,2026-05-11,17:19:28,2026-05-11 17:19:28,1271.08,INR,-1271.08,IOS Owner,,,MAESTRO-IOS-PERSONAL-LIFE_OPERATIONS-1312 | Groceries | 1271.08,iPhone,B27,RAMP_501_1500,CREATED,idem-20260902-ios-1312
1313,MTR-IOS-1313,Group,Shared Purchase,Purchase,Other,Expense,2025-09-08,11:37:09,2025-09-08 11:37:09,14275.9,INR,-14275.9,IOS Meera,3,PERCENTAGE,MAESTRO-IOS-GROUP-PURCHASE-1313 | Other | 14275.90,iPhone,B27,RAMP_501_1500,CREATED,idem-20260902-ios-1313
1314,MTR-IOS-1314,Business,Business,Business Operations,Accounting,Expense,2026-04-11,10:30:49,2026-04-11 10:30:49,32193.7,INR,-32193.7,IOS Owner,,,MAESTRO-IOS-BUSINESS-BUSINESS_OPERATIONS-1314 | Accounting | 32193.70,iPhone,B27,RAMP_501_1500,CREATED,idem-20260902-ios-1314
1315,MTR-IOS-1315,Personal,Personal,Life Operations,Rent,Expense,2026-05-10,06:17:56,2026-05-10 06:17:56,12766.64,INR,-12766.64,IOS Owner,,,MAESTRO-IOS-PERSONAL-LIFE_OPERATIONS-1315 | Rent | 12766.64,iPhone,B27,RAMP_501_1500,CREATED,idem-20260902-ios-1315
1316,MTR-IOS-1316,Group,Shared Purchase,Assets,Purchase,Expense,2025-11-25,16:38:05,2025-11-25 16:38:05,9786.2,INR,-9786.2,IOS Owner,3,EXACT,MAESTRO-IOS-GROUP-ASSETS-1316 | Purchase | 9786.20,iPhone,B27,RAMP_501_1500,CREATED,idem-20260902-ios-1316
1317,MTR-IOS-1317,Business,Business,Business Operations,Equipment,Expense,2025-11-25,06:50:08,2025-11-25 06:50:08,73061.16,INR,-73061.16,IOS Owner,,,MAESTRO-IOS-BUSINESS-BUSINESS_OPERATIONS-1317 | Equipment | 73061.16,iPhone,B27,RAMP_501_1500,CREATED,idem-20260902-ios-1317
1318,MTR-IOS-1318,Personal,Personal,Life Operations,Bills,Expense,2025-10-29,12:15:49,2025-10-29 12:15:49,2367.76,INR,-2367.76,IOS Owner,,,MAESTRO-IOS-PERSONAL-LIFE_OPERATIONS-1318 | Bills | 2367.76,iPhone,B27,RAMP_501_1500,CREATED,idem-20260902-ios-1318
1319,MTR-IOS-1319,Group,Shared Purchase,Assets,Maintenance,Expense,2026-08-24,12:00:00,2026-08-24 12:00:00,9360.78,INR,-9360.78,IOS Aarav,3,SHARES,MAESTRO-IOS-GROUP-ASSETS-1319 | Maintenance | 9360.78,iPhone,B27,RAMP_501_1500,CREATED,idem-20260902-ios-1319
1320,MTR-IOS-1320,Business,Business,Business Operations,Vendor,Expense,2026-07-06,08:26:45,2026-07-06 08:26:45,136180.09,INR,-136180.09,IOS Owner,,,MAESTRO-IOS-BUSINESS-BUSINESS_OPERATIONS-1320 | Vendor | 136180.09,iPhone,B27,RAMP_501_1500,CREATED,idem-20260902-ios-1320
1321,MTR-IOS-1321,Personal,Personal,Life Operations,Transport,Expense,2026-06-20,21:46:18,2026-06-20 21:46:18,7262.03,INR,-7262.03,IOS Owner,,,MAESTRO-IOS-PERSONAL-LIFE_OPERATIONS-1321 | Transport | 7262.03,iPhone,B27,RAMP_501_1500,CREATED,idem-20260902-ios-1321
1322,MTR-IOS-1322,Group,Shared Purchase,Assets,Repair,Expense,2026-02-17,12:36:42,2026-02-17 12:36:42,20493.82,INR,-20493.82,IOS Meera,3,EQUAL,MAESTRO-IOS-GROUP-ASSETS-1322 | Repair | 20493.82,iPhone,B27,RAMP_501_1500,CREATED,idem-20260902-ios-1322
1323,MTR-IOS-1323,Business,Business,Business Operations,Tax,Expense,2026-02-18,12:24:25,2026-02-18 12:24:25,74648.66,INR,-74648.66,IOS Owner,,,MAESTRO-IOS-BUSINESS-BUSINESS_OPERATIONS-1323 | Tax | 74648.66,iPhone,B27,RAMP_501_1500,CREATED,idem-20260902-ios-1323
1324,MTR-IOS-1324,Personal,Personal,Life Operations,Healthcare,Expense,2026-06-12,11:57:59,2026-06-12 11:57:59,6304.52,INR,-6304.52,IOS Owner,,,MAESTRO-IOS-PERSONAL-LIFE_OPERATIONS-1324 | Healthcare | 6304.52,iPhone,B27,RAMP_501_1500,CREATED,idem-20260902-ios-1324
1325,MTR-IOS-1325,Group,Shared Purchase,Assets,Insurance,Expense,2026-03-05,23:34:46,2026-03-05 23:34:46,20239.06,INR,-20239.06,IOS Owner,3,PERCENTAGE,MAESTRO-IOS-GROUP-ASSETS-1325 | Insurance | 20239.06,iPhone,B27,RAMP_501_1500,CREATED,idem-20260902-ios-1325
1326,MTR-IOS-1326,Business,Business,Team Operations,Payroll,Expense,2025-12-05,10:33:08,2025-12-05 10:33:08,19883.7,INR,-19883.7,IOS Owner,,,MAESTRO-IOS-BUSINESS-TEAM_OPERATIONS-1326 | Payroll | 19883.70,iPhone,B27,RAMP_501_1500,CREATED,idem-20260902-ios-1326
1327,MTR-IOS-1327,Personal,Personal,Life Operations,Subscriptions,Expense,2026-05-06,19:56:35,2026-05-06 19:56:35,1512.01,INR,-1512.01,IOS Owner,,,MAESTRO-IOS-PERSONAL-LIFE_OPERATIONS-1327 | Subscriptions | 1512.01,iPhone,B27,RAMP_501_1500,CREATED,idem-20260902-ios-1327
1328,MTR-IOS-1328,Group,Shared Purchase,Assets,Other,Expense,2026-06-15,14:58:09,2026-06-15 14:58:09,13327.98,INR,-13327.98,IOS Aarav,3,EXACT,MAESTRO-IOS-GROUP-ASSETS-1328 | Other | 13327.98,iPhone,B27,RAMP_501_1500,CREATED,idem-20260902-ios-1328
1329,MTR-IOS-1329,Business,Business,Team Operations,Contractor,Expense,2025-10-16,15:46:24,2025-10-16 15:46:24,69898.65,INR,-69898.65,IOS Owner,,,MAESTRO-IOS-BUSINESS-TEAM_OPERATIONS-1329 | Contractor | 69898.65,iPhone,B27,RAMP_501_1500,CREATED,idem-20260902-ios-1329
1330,MTR-IOS-1330,Personal,Personal,Life Operations,Repairs,Expense,2025-12-03,06:21:40,2025-12-03 06:21:40,1779.79,INR,-1779.79,IOS Owner,,,MAESTRO-IOS-PERSONAL-LIFE_OPERATIONS-1330 | Repairs | 1779.79,iPhone,B27,RAMP_501_1500,CREATED,idem-20260902-ios-1330
1331,MTR-IOS-1331,Group,Shared Purchase,Custom Purchase,Custom Expense,Expense,2025-09-12,14:00:01,2025-09-12 14:00:01,6540.22,INR,-6540.22,IOS Meera,3,SHARES,MAESTRO-IOS-GROUP-CUSTOM_PURCHASE-1331 | Custom Expense | 6540.22,iPhone,B27,RAMP_501_1500,CREATED,idem-20260902-ios-1331
1332,MTR-IOS-1332,Business,Business,Team Operations,Hiring,Expense,2026-03-13,08:28:57,2026-03-13 08:28:57,0.01,INR,-0.01,IOS Owner,,,MAESTRO-IOS-BUSINESS-TEAM_OPERATIONS-1332 | Hiring | 0.01,iPhone,B27,RAMP_501_1500,CREATED,idem-20260902-ios-1332
1333,MTR-IOS-1333,Personal,Personal,Future Building,Savings,Transfer,2025-10-27,17:17:02,2025-10-27 17:17:02,961.08,INR,0.0,IOS Owner,,,MAESTRO-IOS-PERSONAL-FUTURE_BUILDING-1333 | Savings | 961.08,iPhone,B27,RAMP_501_1500,CREATED,idem-20260902-ios-1333
1334,MTR-IOS-1334,Group,Shared Purchase,Custom Purchase,Custom Contribution,Contribution,2026-01-15,06:54:15,2026-01-15 06:54:15,26733.84,INR,26733.84,IOS Owner,3,EQUAL,MAESTRO-IOS-GROUP-CUSTOM_PURCHASE-1334 | Custom Contribution | 26733.84,iPhone,B27,RAMP_501_1500,CREATED,idem-20260902-ios-1334
1335,MTR-IOS-1335,Business,Business,Team Operations,Team Meal,Expense,2025-09-07,03:49:24,2025-09-07 03:49:24,95109.1,INR,-95109.1,IOS Owner,,,MAESTRO-IOS-BUSINESS-TEAM_OPERATIONS-1335 | Team Meal | 95109.10,iPhone,B27,RAMP_501_1500,CREATED,idem-20260902-ios-1335
1336,MTR-IOS-1336,Personal,Personal,Future Building,Emergency Fund,Transfer,2026-01-10,22:21:43,2026-01-10 22:21:43,303.75,INR,0.0,IOS Owner,,,MAESTRO-IOS-PERSONAL-FUTURE_BUILDING-1336 | Emergency Fund | 303.75,iPhone,B27,RAMP_501_1500,CREATED,idem-20260902-ios-1336
1337,MTR-IOS-1337,Group,Shared Living,Flatmates,Rent,Expense,2025-10-25,02:50:36,2025-10-25 02:50:36,22747.82,INR,-22747.82,IOS Aarav,3,PERCENTAGE,MAESTRO-IOS-GROUP-FLATMATES-1337 | Rent | 22747.82,iPhone,B27,RAMP_501_1500,CREATED,idem-20260902-ios-1337
1338,MTR-IOS-1338,Business,Business,Team Operations,Travel,Expense,2026-07-05,00:17:59,2026-07-05 00:17:59,90351.28,INR,-90351.28,IOS Owner,,,MAESTRO-IOS-BUSINESS-TEAM_OPERATIONS-1338 | Travel | 90351.28,iPhone,B27,RAMP_501_1500,CREATED,idem-20260902-ios-1338
1339,MTR-IOS-1339,Personal,Personal,Future Building,Investments,Investment,2025-10-10,17:43:22,2025-10-10 17:43:22,16415.23,INR,0.0,IOS Owner,,,MAESTRO-IOS-PERSONAL-FUTURE_BUILDING-1339 | Investments | 16415.23,iPhone,B27,RAMP_501_1500,CREATED,idem-20260902-ios-1339
1340,MTR-IOS-1340,Group,Shared Living,Flatmates,Utilities,Expense,2025-09-22,07:54:11,2025-09-22 07:54:11,9600.53,INR,-9600.53,IOS Meera,3,EXACT,MAESTRO-IOS-GROUP-FLATMATES-1340 | Utilities | 9600.53,iPhone,B27,RAMP_501_1500,CREATED,idem-20260902-ios-1340
1341,MTR-IOS-1341,Business,Business,Team Operations,Training,Expense,2026-01-13,15:08:11,2026-01-13 15:08:11,67132.26,INR,-67132.26,IOS Owner,,,MAESTRO-IOS-BUSINESS-TEAM_OPERATIONS-1341 | Training | 67132.26,iPhone,B27,RAMP_501_1500,CREATED,idem-20260902-ios-1341
1342,MTR-IOS-1342,Personal,Personal,Future Building,Education,Expense,2026-06-26,10:08:53,2026-06-26 10:08:53,4004.81,INR,-4004.81,IOS Owner,,,MAESTRO-IOS-PERSONAL-FUTURE_BUILDING-1342 | Education | 4004.81,iPhone,B27,RAMP_501_1500,CREATED,idem-20260902-ios-1342
1343,MTR-IOS-1343,Group,Shared Living,Flatmates,Groceries,Expense,2025-11-08,08:20:40,2025-11-08 08:20:40,17672.09,INR,-17672.09,IOS Owner,3,SHARES,MAESTRO-IOS-GROUP-FLATMATES-1343 | Groceries | 17672.09,iPhone,B27,RAMP_501_1500,CREATED,idem-20260902-ios-1343
1344,MTR-IOS-1344,Business,Business,Team Operations,Tools,Expense,2026-01-19,12:39:20,2026-01-19 12:39:20,35818.25,INR,-35818.25,IOS Owner,,,MAESTRO-IOS-BUSINESS-TEAM_OPERATIONS-1344 | Tools | 35818.25,iPhone,B27,RAMP_501_1500,CREATED,idem-20260902-ios-1344
1345,MTR-IOS-1345,Personal,Personal,Future Building,Goal Contribution,Transfer,2026-07-07,02:51:17,2026-07-07 02:51:17,3977.12,INR,0.0,IOS Owner,,,MAESTRO-IOS-PERSONAL-FUTURE_BUILDING-1345 | Goal Contribution | 3977.12,iPhone,B27,RAMP_501_1500,CREATED,idem-20260902-ios-1345
1346,MTR-IOS-1346,Group,Shared Living,Flatmates,Internet,Expense,2025-10-17,13:51:23,2025-10-17 13:51:23,24654.24,INR,-24654.24,IOS Aarav,3,EQUAL,MAESTRO-IOS-GROUP-FLATMATES-1346 | Internet | 24654.24,iPhone,B27,RAMP_501_1500,CREATED,idem-20260902-ios-1346
1347,MTR-IOS-1347,Business,Business,Business Runway,Funding,Income,2026-02-28,23:54:47,2026-02-28 23:54:47,15204.85,INR,15204.85,IOS Owner,,,MAESTRO-IOS-BUSINESS-BUSINESS_RUNWAY-1347 | Funding | 15204.85,iPhone,B27,RAMP_501_1500,CREATED,idem-20260902-ios-1347
1348,MTR-IOS-1348,Personal,Personal,Lifestyle,Dining,Expense,2026-06-30,09:47:34,2026-06-30 09:47:34,17030.74,INR,-17030.74,IOS Owner,,,MAESTRO-IOS-PERSONAL-LIFESTYLE-1348 | Dining | 17030.74,iPhone,B27,RAMP_501_1500,CREATED,idem-20260902-ios-1348
1349,MTR-IOS-1349,Group,Shared Living,Flatmates,House Supplies,Expense,2025-09-25,08:54:20,2025-09-25 08:54:20,20882.51,INR,-20882.51,IOS Meera,3,PERCENTAGE,MAESTRO-IOS-GROUP-FLATMATES-1349 | House Supplies | 20882.51,iPhone,B27,RAMP_501_1500,CREATED,idem-20260902-ios-1349
1350,MTR-IOS-1350,Business,Business,Business Runway,Revenue,Income,2026-05-13,17:08:11,2026-05-13 17:08:11,45211.74,INR,45211.74,IOS Owner,,,MAESTRO-IOS-BUSINESS-BUSINESS_RUNWAY-1350 | Revenue | 45211.74,iPhone,B27,RAMP_501_1500,CREATED,idem-20260902-ios-1350
1351,MTR-IOS-1351,Personal,Personal,Lifestyle,Shopping,Expense,2025-11-17,17:05:57,2025-11-17 17:05:57,14807.8,INR,-14807.8,IOS Owner,,,MAESTRO-IOS-PERSONAL-LIFESTYLE-1351 | Shopping | 14807.80,iPhone,B28,RAMP_501_1500,CREATED,idem-20260902-ios-1351
1352,MTR-IOS-1352,Group,Shared Living,Flatmates,Repairs,Expense,2026-07-24,03:27:44,2026-07-24 03:27:44,22704.5,INR,-22704.5,IOS Owner,3,EXACT,MAESTRO-IOS-GROUP-FLATMATES-1352 | Repairs | 22704.50,iPhone,B28,RAMP_501_1500,CREATED,idem-20260902-ios-1352
1353,MTR-IOS-1353,Business,Business,Business Runway,Burn,Expense,2026-06-29,03:01:19,2026-06-29 03:01:19,137549.28,INR,-137549.28,IOS Owner,,,MAESTRO-IOS-BUSINESS-BUSINESS_RUNWAY-1353 | Burn | 137549.28,iPhone,B28,RAMP_501_1500,CREATED,idem-20260902-ios-1353
1354,MTR-IOS-1354,Personal,Personal,Lifestyle,Entertainment,Expense,2025-09-18,03:51:28,2025-09-18 03:51:28,12985.02,INR,-12985.02,IOS Owner,,,MAESTRO-IOS-PERSONAL-LIFESTYLE-1354 | Entertainment | 12985.02,iPhone,B28,RAMP_501_1500,CREATED,idem-20260902-ios-1354
1355,MTR-IOS-1355,Group,Shared Living,Shared Living,Rent,Expense,2026-03-08,06:32:52,2026-03-08 06:32:52,17232.77,INR,-17232.77,IOS Aarav,3,SHARES,MAESTRO-IOS-GROUP-SHARED_LIVING-1355 | Rent | 17232.77,iPhone,B28,RAMP_501_1500,CREATED,idem-20260902-ios-1355
1356,MTR-IOS-1356,Business,Business,Business Runway,Reserve,Transfer,2026-05-17,23:26:18,2026-05-17 23:26:18,72955.35,INR,0.0,IOS Owner,,,MAESTRO-IOS-BUSINESS-BUSINESS_RUNWAY-1356 | Reserve | 72955.35,iPhone,B28,RAMP_501_1500,CREATED,idem-20260902-ios-1356
1357,MTR-IOS-1357,Personal,Personal,Lifestyle,Travel,Expense,2026-05-15,02:27:51,2026-05-15 02:27:51,17102.84,INR,-17102.84,IOS Owner,,,MAESTRO-IOS-PERSONAL-LIFESTYLE-1357 | Travel | 17102.84,iPhone,B28,RAMP_501_1500,CREATED,idem-20260902-ios-1357
1358,MTR-IOS-1358,Group,Shared Living,Shared Living,Utilities,Expense,2025-10-20,10:00:30,2025-10-20 10:00:30,9822.55,INR,-9822.55,IOS Meera,3,EQUAL,MAESTRO-IOS-GROUP-SHARED_LIVING-1358 | Utilities | 9822.55,iPhone,B28,RAMP_501_1500,CREATED,idem-20260902-ios-1358
1359,MTR-IOS-1359,Business,Business,Business Runway,Loan,Income,2025-11-05,00:54:45,2025-11-05 00:54:45,81790.39,INR,81790.39,IOS Owner,,,MAESTRO-IOS-BUSINESS-BUSINESS_RUNWAY-1359 | Loan | 81790.39,iPhone,B28,RAMP_501_1500,CREATED,idem-20260902-ios-1359
1360,MTR-IOS-1360,Personal,Personal,Lifestyle,Fitness,Expense,2025-12-12,08:36:56,2025-12-12 08:36:56,15381.84,INR,-15381.84,IOS Owner,,,MAESTRO-IOS-PERSONAL-LIFESTYLE-1360 | Fitness | 15381.84,iPhone,B28,RAMP_501_1500,CREATED,idem-20260902-ios-1360
1361,MTR-IOS-1361,Group,Shared Living,Shared Living,Groceries,Expense,2026-03-22,17:26:23,2026-03-22 17:26:23,146.12,INR,-146.12,IOS Owner,3,PERCENTAGE,MAESTRO-IOS-GROUP-SHARED_LIVING-1361 | Groceries | 146.12,iPhone,B28,RAMP_501_1500,CREATED,idem-20260902-ios-1361
1362,MTR-IOS-1362,Business,Business,Business Runway,Investment,Income,2025-12-18,00:32:20,2025-12-18 00:32:20,119785.23,INR,119785.23,IOS Owner,,,MAESTRO-IOS-BUSINESS-BUSINESS_RUNWAY-1362 | Investment | 119785.23,iPhone,B28,RAMP_501_1500,CREATED,idem-20260902-ios-1362
1363,MTR-IOS-1363,Personal,Personal,Lifestyle,Hobbies,Expense,2026-03-16,03:50:13,2026-03-16 03:50:13,12021.17,INR,-12021.17,IOS Owner,,,MAESTRO-IOS-PERSONAL-LIFESTYLE-1363 | Hobbies | 12021.17,iPhone,B28,RAMP_501_1500,CREATED,idem-20260902-ios-1363
1364,MTR-IOS-1364,Group,Shared Living,Shared Living,Maintenance,Expense,2026-04-20,23:51:15,2026-04-20 23:51:15,23784.02,INR,-23784.02,IOS Aarav,3,EXACT,MAESTRO-IOS-GROUP-SHARED_LIVING-1364 | Maintenance | 23784.02,iPhone,B28,RAMP_501_1500,CREATED,idem-20260902-ios-1364
1365,MTR-IOS-1365,Business,Business,Business Operations,Software,Expense,2026-04-23,14:40:41,2026-04-23 14:40:41,67423.48,INR,-67423.48,IOS Owner,,,MAESTRO-IOS-BUSINESS-BUSINESS_OPERATIONS-1365 | Software | 67423.48,iPhone,B28,RAMP_501_1500,CREATED,idem-20260902-ios-1365
1366,MTR-IOS-1366,Personal,Personal,Relationships,Gifts,Expense,2026-04-05,15:46:06,2026-04-05 15:46:06,9123.8,INR,-9123.8,IOS Owner,,,MAESTRO-IOS-PERSONAL-RELATIONSHIPS-1366 | Gifts | 9123.80,iPhone,B28,RAMP_501_1500,CREATED,idem-20260902-ios-1366
1367,MTR-IOS-1367,Group,Shared Living,Shared Living,Other,Expense,2026-06-13,00:39:58,2026-06-13 00:39:58,15894.32,INR,-15894.32,IOS Meera,3,SHARES,MAESTRO-IOS-GROUP-SHARED_LIVING-1367 | Other | 15894.32,iPhone,B28,RAMP_501_1500,CREATED,idem-20260902-ios-1367
1368,MTR-IOS-1368,Business,Business,Business Operations,Rent,Expense,2025-12-20,15:47:33,2025-12-20 15:47:33,110859.51,INR,-110859.51,IOS Owner,,,MAESTRO-IOS-BUSINESS-BUSINESS_OPERATIONS-1368 | Rent | 110859.51,iPhone,B28,RAMP_501_1500,CREATED,idem-20260902-ios-1368
1369,MTR-IOS-1369,Personal,Personal,Relationships,Dates,Expense,2025-10-02,21:08:20,2025-10-02 21:08:20,1.0,INR,-1.0,IOS Owner,,,MAESTRO-IOS-PERSONAL-RELATIONSHIPS-1369 | Dates | 1.00,iPhone,B28,RAMP_501_1500,CREATED,idem-20260902-ios-1369
1370,MTR-IOS-1370,Group,Shared Living,Family Household,Transport,Expense,2025-12-01,19:35:44,2025-12-01 19:35:44,18371.46,INR,-18371.46,IOS Owner,3,EQUAL,MAESTRO-IOS-GROUP-FAMILY_HOUSEHOLD-1370 | Transport | 18371.46,iPhone,B28,RAMP_501_1500,CREATED,idem-20260902-ios-1370
1371,MTR-IOS-1371,Business,Business,Business Operations,Marketing,Expense,2025-10-28,21:51:41,2025-10-28 21:51:41,48737.79,INR,-48737.79,IOS Owner,,,MAESTRO-IOS-BUSINESS-BUSINESS_OPERATIONS-1371 | Marketing | 48737.79,iPhone,B28,RAMP_501_1500,CREATED,idem-20260902-ios-1371
1372,MTR-IOS-1372,Personal,Personal,Relationships,Family,Expense,2026-05-19,20:25:17,2026-05-19 20:25:17,12294.67,INR,-12294.67,IOS Owner,,,MAESTRO-IOS-PERSONAL-RELATIONSHIPS-1372 | Family | 12294.67,iPhone,B28,RAMP_501_1500,CREATED,idem-20260902-ios-1372
1373,MTR-IOS-1373,Group,Shared Living,Family Household,Bills,Expense,2026-01-22,17:10:41,2026-01-22 17:10:41,2295.9,INR,-2295.9,IOS Aarav,3,PERCENTAGE,MAESTRO-IOS-GROUP-FAMILY_HOUSEHOLD-1373 | Bills | 2295.90,iPhone,B28,RAMP_501_1500,CREATED,idem-20260902-ios-1373
1374,MTR-IOS-1374,Business,Business,Business Operations,Legal,Expense,2026-06-26,02:24:44,2026-06-26 02:24:44,72408.41,INR,-72408.41,IOS Owner,,,MAESTRO-IOS-BUSINESS-BUSINESS_OPERATIONS-1374 | Legal | 72408.41,iPhone,B28,RAMP_501_1500,CREATED,idem-20260902-ios-1374
1375,MTR-IOS-1375,Personal,Personal,Relationships,Friends,Expense,2026-01-25,18:29:13,2026-01-25 18:29:13,1233.42,INR,-1233.42,IOS Owner,,,MAESTRO-IOS-PERSONAL-RELATIONSHIPS-1375 | Friends | 1233.42,iPhone,B28,RAMP_501_1500,CREATED,idem-20260902-ios-1375
1376,MTR-IOS-1376,Group,Shared Living,Family Household,Utilities,Expense,2026-07-11,17:33:50,2026-07-11 17:33:50,259.15,INR,-259.15,IOS Meera,3,EXACT,MAESTRO-IOS-GROUP-FAMILY_HOUSEHOLD-1376 | Utilities | 259.15,iPhone,B28,RAMP_501_1500,CREATED,idem-20260902-ios-1376
1377,MTR-IOS-1377,Business,Business,Business Operations,Accounting,Expense,2026-06-25,01:50:25,2026-06-25 01:50:25,42185.94,INR,-42185.94,IOS Owner,,,MAESTRO-IOS-BUSINESS-BUSINESS_OPERATIONS-1377 | Accounting | 42185.94,iPhone,B28,RAMP_501_1500,CREATED,idem-20260902-ios-1377
1378,MTR-IOS-1378,Personal,Personal,Relationships,Celebrations,Expense,2025-09-16,02:44:53,2025-09-16 02:44:53,9374.29,INR,-9374.29,IOS Owner,,,MAESTRO-IOS-PERSONAL-RELATIONSHIPS-1378 | Celebrations | 9374.29,iPhone,B28,RAMP_501_1500,CREATED,idem-20260902-ios-1378
1379,MTR-IOS-1379,Group,Shared Living,Family Household,Healthcare,Expense,2025-10-05,10:17:31,2025-10-05 10:17:31,3885.47,INR,-3885.47,IOS Owner,3,SHARES,MAESTRO-IOS-GROUP-FAMILY_HOUSEHOLD-1379 | Healthcare | 3885.47,iPhone,B28,RAMP_501_1500,CREATED,idem-20260902-ios-1379
1380,MTR-IOS-1380,Business,Business,Business Operations,Equipment,Expense,2026-05-27,18:59:23,2026-05-27 18:59:23,33611.22,INR,-33611.22,IOS Owner,,,MAESTRO-IOS-BUSINESS-BUSINESS_OPERATIONS-1380 | Equipment | 33611.22,iPhone,B28,RAMP_501_1500,CREATED,idem-20260902-ios-1380
1381,MTR-IOS-1381,Personal,Personal,Life Operations,Groceries,Expense,2025-10-03,22:08:41,2025-10-03 22:08:41,3270.24,INR,-3270.24,IOS Owner,,,MAESTRO-IOS-PERSONAL-LIFE_OPERATIONS-1381 | Groceries | 3270.24,iPhone,B28,RAMP_501_1500,CREATED,idem-20260902-ios-1381
1382,MTR-IOS-1382,Group,Shared Living,Family Household,School,Expense,2026-01-02,14:50:35,2026-01-02 14:50:35,9385.7,INR,-9385.7,IOS Aarav,3,EQUAL,MAESTRO-IOS-GROUP-FAMILY_HOUSEHOLD-1382 | School | 9385.70,iPhone,B28,RAMP_501_1500,CREATED,idem-20260902-ios-1382
1383,MTR-IOS-1383,Business,Business,Business Operations,Vendor,Expense,2025-11-02,21:45:15,2025-11-02 21:45:15,38159.65,INR,-38159.65,IOS Owner,,,MAESTRO-IOS-BUSINESS-BUSINESS_OPERATIONS-1383 | Vendor | 38159.65,iPhone,B28,RAMP_501_1500,CREATED,idem-20260902-ios-1383
1384,MTR-IOS-1384,Personal,Personal,Life Operations,Rent,Expense,2026-06-17,06:57:16,2026-06-17 06:57:16,6870.44,INR,-6870.44,IOS Owner,,,MAESTRO-IOS-PERSONAL-LIFE_OPERATIONS-1384 | Rent | 6870.44,iPhone,B28,RAMP_501_1500,CREATED,idem-20260902-ios-1384
1385,MTR-IOS-1385,Group,Shared Living,Family Household,Other,Expense,2026-04-05,05:00:45,2026-04-05 05:00:45,23828.13,INR,-23828.13,IOS Meera,3,PERCENTAGE,MAESTRO-IOS-GROUP-FAMILY_HOUSEHOLD-1385 | Other | 23828.13,iPhone,B28,RAMP_501_1500,CREATED,idem-20260902-ios-1385
1386,MTR-IOS-1386,Business,Business,Business Operations,Tax,Expense,2026-06-30,01:01:41,2026-06-30 01:01:41,231.65,INR,-231.65,IOS Owner,,,MAESTRO-IOS-BUSINESS-BUSINESS_OPERATIONS-1386 | Tax | 231.65,iPhone,B28,RAMP_501_1500,CREATED,idem-20260902-ios-1386
1387,MTR-IOS-1387,Personal,Personal,Life Operations,Bills,Expense,2026-04-08,15:55:10,2026-04-08 15:55:10,8266.56,INR,-8266.56,IOS Owner,,,MAESTRO-IOS-PERSONAL-LIFE_OPERATIONS-1387 | Bills | 8266.56,iPhone,B28,RAMP_501_1500,CREATED,idem-20260902-ios-1387
1388,MTR-IOS-1388,Group,Shared Living,Custom Living,Custom Expense,Expense,2026-06-02,23:26:51,2026-06-02 23:26:51,14767.16,INR,-14767.16,IOS Owner,3,EXACT,MAESTRO-IOS-GROUP-CUSTOM_LIVING-1388 | Custom Expense | 14767.16,iPhone,B28,RAMP_501_1500,CREATED,idem-20260902-ios-1388
1389,MTR-IOS-1389,Business,Business,Team Operations,Payroll,Expense,2026-08-14,17:34:24,2026-08-14 17:34:24,155746.76,INR,-155746.76,IOS Owner,,,MAESTRO-IOS-BUSINESS-TEAM_OPERATIONS-1389 | Payroll | 155746.76,iPhone,B28,RAMP_501_1500,CREATED,idem-20260902-ios-1389
1390,MTR-IOS-1390,Personal,Personal,Life Operations,Transport,Expense,2026-08-25,04:31:55,2026-08-25 04:31:55,2822.02,INR,-2822.02,IOS Owner,,,MAESTRO-IOS-PERSONAL-LIFE_OPERATIONS-1390 | Transport | 2822.02,iPhone,B28,RAMP_501_1500,CREATED,idem-20260902-ios-1390
1391,MTR-IOS-1391,Group,Shared Living,Custom Living,Custom Contribution,Contribution,2025-10-03,22:45:08,2025-10-03 22:45:08,18690.48,INR,18690.48,IOS Aarav,3,SHARES,MAESTRO-IOS-GROUP-CUSTOM_LIVING-1391 | Custom Contribution | 18690.48,iPhone,B28,RAMP_501_1500,CREATED,idem-20260902-ios-1391
1392,MTR-IOS-1392,Business,Business,Team Operations,Contractor,Expense,2026-09-01,22:43:34,2026-09-01 22:43:34,98063.56,INR,-98063.56,IOS Owner,,,MAESTRO-IOS-BUSINESS-TEAM_OPERATIONS-1392 | Contractor | 98063.56,iPhone,B28,RAMP_501_1500,CREATED,idem-20260902-ios-1392
1393,MTR-IOS-1393,Personal,Personal,Life Operations,Healthcare,Expense,2026-05-29,18:01:40,2026-05-29 18:01:40,2133.43,INR,-2133.43,IOS Owner,,,MAESTRO-IOS-PERSONAL-LIFE_OPERATIONS-1393 | Healthcare | 2133.43,iPhone,B28,RAMP_501_1500,CREATED,idem-20260902-ios-1393
1394,MTR-IOS-1394,Group,Shared Experience,Trip,Travel,Expense,2026-02-12,07:40:34,2026-02-12 07:40:34,2363.29,INR,-2363.29,IOS Meera,3,EQUAL,MAESTRO-IOS-GROUP-TRIP-1394 | Travel | 2363.29,iPhone,B28,RAMP_501_1500,CREATED,idem-20260902-ios-1394
1395,MTR-IOS-1395,Business,Business,Team Operations,Hiring,Expense,2026-06-01,21:22:04,2026-06-01 21:22:04,92520.43,INR,-92520.43,IOS Owner,,,MAESTRO-IOS-BUSINESS-TEAM_OPERATIONS-1395 | Hiring | 92520.43,iPhone,B28,RAMP_501_1500,CREATED,idem-20260902-ios-1395
1396,MTR-IOS-1396,Personal,Personal,Life Operations,Subscriptions,Expense,2026-01-25,01:09:10,2026-01-25 01:09:10,11143.19,INR,-11143.19,IOS Owner,,,MAESTRO-IOS-PERSONAL-LIFE_OPERATIONS-1396 | Subscriptions | 11143.19,iPhone,B28,RAMP_501_1500,CREATED,idem-20260902-ios-1396
1397,MTR-IOS-1397,Group,Shared Experience,Trip,Stay,Expense,2025-09-15,06:36:56,2025-09-15 06:36:56,10519.81,INR,-10519.81,IOS Owner,3,PERCENTAGE,MAESTRO-IOS-GROUP-TRIP-1397 | Stay | 10519.81,iPhone,B28,RAMP_501_1500,CREATED,idem-20260902-ios-1397
1398,MTR-IOS-1398,Business,Business,Team Operations,Team Meal,Expense,2025-10-07,15:43:03,2025-10-07 15:43:03,124644.45,INR,-124644.45,IOS Owner,,,MAESTRO-IOS-BUSINESS-TEAM_OPERATIONS-1398 | Team Meal | 124644.45,iPhone,B28,RAMP_501_1500,CREATED,idem-20260902-ios-1398
1399,MTR-IOS-1399,Personal,Personal,Life Operations,Repairs,Expense,2026-08-09,23:49:29,2026-08-09 23:49:29,15586.99,INR,-15586.99,IOS Owner,,,MAESTRO-IOS-PERSONAL-LIFE_OPERATIONS-1399 | Repairs | 15586.99,iPhone,B28,RAMP_501_1500,CREATED,idem-20260902-ios-1399
1400,MTR-IOS-1400,Group,Shared Experience,Trip,Food,Expense,2025-09-25,07:11:24,2025-09-25 07:11:24,2918.05,INR,-2918.05,IOS Aarav,3,EXACT,MAESTRO-IOS-GROUP-TRIP-1400 | Food | 2918.05,iPhone,B28,RAMP_501_1500,CREATED,idem-20260902-ios-1400
1401,MTR-IOS-1401,Business,Business,Team Operations,Travel,Expense,2026-03-08,01:27:17,2026-03-08 01:27:17,16106.48,INR,-16106.48,IOS Owner,,,MAESTRO-IOS-BUSINESS-TEAM_OPERATIONS-1401 | Travel | 16106.48,iPhone,B29,RAMP_501_1500,CREATED,idem-20260902-ios-1401
1402,MTR-IOS-1402,Personal,Personal,Future Building,Savings,Transfer,2026-02-10,03:13:02,2026-02-10 03:13:02,7899.55,INR,0.0,IOS Owner,,,MAESTRO-IOS-PERSONAL-FUTURE_BUILDING-1402 | Savings | 7899.55,iPhone,B29,RAMP_501_1500,CREATED,idem-20260902-ios-1402
1403,MTR-IOS-1403,Group,Shared Experience,Trip,Local Transport,Expense,2026-03-14,19:16:48,2026-03-14 19:16:48,26944.97,INR,-26944.97,IOS Meera,3,SHARES,MAESTRO-IOS-GROUP-TRIP-1403 | Local Transport | 26944.97,iPhone,B29,RAMP_501_1500,CREATED,idem-20260902-ios-1403
1404,MTR-IOS-1404,Business,Business,Team Operations,Training,Expense,2026-01-15,09:42:13,2026-01-15 09:42:13,159243.98,INR,-159243.98,IOS Owner,,,MAESTRO-IOS-BUSINESS-TEAM_OPERATIONS-1404 | Training | 159243.98,iPhone,B29,RAMP_501_1500,CREATED,idem-20260902-ios-1404
1405,MTR-IOS-1405,Personal,Personal,Future Building,Emergency Fund,Transfer,2025-12-28,04:57:58,2025-12-28 04:57:58,1143.51,INR,0.0,IOS Owner,,,MAESTRO-IOS-PERSONAL-FUTURE_BUILDING-1405 | Emergency Fund | 1143.51,iPhone,B29,RAMP_501_1500,CREATED,idem-20260902-ios-1405
1406,MTR-IOS-1406,Group,Shared Experience,Trip,Activities,Expense,2026-03-31,03:19:33,2026-03-31 03:19:33,99.99,INR,-99.99,IOS Owner,3,EQUAL,MAESTRO-IOS-GROUP-TRIP-1406 | Activities | 99.99,iPhone,B29,RAMP_501_1500,CREATED,idem-20260902-ios-1406
1407,MTR-IOS-1407,Business,Business,Team Operations,Tools,Expense,2025-11-10,04:39:26,2025-11-10 04:39:26,110580.42,INR,-110580.42,IOS Owner,,,MAESTRO-IOS-BUSINESS-TEAM_OPERATIONS-1407 | Tools | 110580.42,iPhone,B29,RAMP_501_1500,CREATED,idem-20260902-ios-1407
1408,MTR-IOS-1408,Personal,Personal,Future Building,Investments,Investment,2026-08-25,10:50:24,2026-08-25 10:50:24,7149.22,INR,0.0,IOS Owner,,,MAESTRO-IOS-PERSONAL-FUTURE_BUILDING-1408 | Investments | 7149.22,iPhone,B29,RAMP_501_1500,CREATED,idem-20260902-ios-1408
1409,MTR-IOS-1409,Group,Shared Experience,Trip,Shopping,Expense,2025-11-29,03:29:48,2025-11-29 03:29:48,26263.92,INR,-26263.92,IOS Aarav,3,PERCENTAGE,MAESTRO-IOS-GROUP-TRIP-1409 | Shopping | 26263.92,iPhone,B29,RAMP_501_1500,CREATED,idem-20260902-ios-1409
1410,MTR-IOS-1410,Business,Business,Business Runway,Funding,Income,2025-11-08,06:51:14,2025-11-08 06:51:14,15225.9,INR,15225.9,IOS Owner,,,MAESTRO-IOS-BUSINESS-BUSINESS_RUNWAY-1410 | Funding | 15225.90,iPhone,B29,RAMP_501_1500,CREATED,idem-20260902-ios-1410
1411,MTR-IOS-1411,Personal,Personal,Future Building,Education,Expense,2025-10-11,14:59:30,2025-10-11 14:59:30,11213.72,INR,-11213.72,IOS Owner,,,MAESTRO-IOS-PERSONAL-FUTURE_BUILDING-1411 | Education | 11213.72,iPhone,B29,RAMP_501_1500,CREATED,idem-20260902-ios-1411
1412,MTR-IOS-1412,Group,Shared Experience,Trip,Other,Expense,2025-11-11,04:21:05,2025-11-11 04:21:05,6590.71,INR,-6590.71,IOS Meera,3,EXACT,MAESTRO-IOS-GROUP-TRIP-1412 | Other | 6590.71,iPhone,B29,RAMP_501_1500,CREATED,idem-20260902-ios-1412
1413,MTR-IOS-1413,Business,Business,Business Runway,Revenue,Income,2026-06-10,09:13:13,2026-06-10 09:13:13,114074.44,INR,114074.44,IOS Owner,,,MAESTRO-IOS-BUSINESS-BUSINESS_RUNWAY-1413 | Revenue | 114074.44,iPhone,B29,RAMP_501_1500,CREATED,idem-20260902-ios-1413
1414,MTR-IOS-1414,Personal,Personal,Future Building,Goal Contribution,Transfer,2026-08-20,10:36:23,2026-08-20 10:36:23,828.56,INR,0.0,IOS Owner,,,MAESTRO-IOS-PERSONAL-FUTURE_BUILDING-1414 | Goal Contribution | 828.56,iPhone,B29,RAMP_501_1500,CREATED,idem-20260902-ios-1414
1415,MTR-IOS-1415,Group,Shared Experience,Wedding,Venue,Expense,2025-10-04,01:11:55,2025-10-04 01:11:55,10941.78,INR,-10941.78,IOS Owner,3,SHARES,MAESTRO-IOS-GROUP-WEDDING-1415 | Venue | 10941.78,iPhone,B29,RAMP_501_1500,CREATED,idem-20260902-ios-1415
1416,MTR-IOS-1416,Business,Business,Business Runway,Burn,Expense,2026-06-01,17:30:41,2026-06-01 17:30:41,129181.58,INR,-129181.58,IOS Owner,,,MAESTRO-IOS-BUSINESS-BUSINESS_RUNWAY-1416 | Burn | 129181.58,iPhone,B29,RAMP_501_1500,CREATED,idem-20260902-ios-1416
1417,MTR-IOS-1417,Personal,Personal,Lifestyle,Dining,Expense,2026-08-27,06:22:22,2026-08-27 06:22:22,13575.36,INR,-13575.36,IOS Owner,,,MAESTRO-IOS-PERSONAL-LIFESTYLE-1417 | Dining | 13575.36,iPhone,B29,RAMP_501_1500,CREATED,idem-20260902-ios-1417
1418,MTR-IOS-1418,Group,Shared Experience,Wedding,Catering,Expense,2026-08-02,19:08:46,2026-08-02 19:08:46,20985.69,INR,-20985.69,IOS Aarav,3,EQUAL,MAESTRO-IOS-GROUP-WEDDING-1418 | Catering | 20985.69,iPhone,B29,RAMP_501_1500,CREATED,idem-20260902-ios-1418
1419,MTR-IOS-1419,Business,Business,Business Runway,Reserve,Transfer,2026-01-24,22:58:22,2026-01-24 22:58:22,116249.08,INR,0.0,IOS Owner,,,MAESTRO-IOS-BUSINESS-BUSINESS_RUNWAY-1419 | Reserve | 116249.08,iPhone,B29,RAMP_501_1500,CREATED,idem-20260902-ios-1419
1420,MTR-IOS-1420,Personal,Personal,Lifestyle,Shopping,Expense,2026-01-28,11:24:10,2026-01-28 11:24:10,17791.08,INR,-17791.08,IOS Owner,,,MAESTRO-IOS-PERSONAL-LIFESTYLE-1420 | Shopping | 17791.08,iPhone,B29,RAMP_501_1500,CREATED,idem-20260902-ios-1420
1421,MTR-IOS-1421,Group,Shared Experience,Wedding,Decor,Expense,2026-05-05,05:11:39,2026-05-05 05:11:39,14140.94,INR,-14140.94,IOS Meera,3,PERCENTAGE,MAESTRO-IOS-GROUP-WEDDING-1421 | Decor | 14140.94,iPhone,B29,RAMP_501_1500,CREATED,idem-20260902-ios-1421
1422,MTR-IOS-1422,Business,Business,Business Runway,Loan,Income,2025-09-07,22:57:24,2025-09-07 22:57:24,124000.2,INR,124000.2,IOS Owner,,,MAESTRO-IOS-BUSINESS-BUSINESS_RUNWAY-1422 | Loan | 124000.20,iPhone,B29,RAMP_501_1500,CREATED,idem-20260902-ios-1422
1423,MTR-IOS-1423,Personal,Personal,Lifestyle,Entertainment,Expense,2026-06-02,22:42:30,2026-06-02 22:42:30,10977.22,INR,-10977.22,IOS Owner,,,MAESTRO-IOS-PERSONAL-LIFESTYLE-1423 | Entertainment | 10977.22,iPhone,B29,RAMP_501_1500,CREATED,idem-20260902-ios-1423
1424,MTR-IOS-1424,Group,Shared Experience,Wedding,Travel,Expense,2026-02-12,23:37:11,2026-02-12 23:37:11,15808.58,INR,-15808.58,IOS Owner,3,EXACT,MAESTRO-IOS-GROUP-WEDDING-1424 | Travel | 15808.58,iPhone,B29,RAMP_501_1500,CREATED,idem-20260902-ios-1424
1425,MTR-IOS-1425,Business,Business,Business Runway,Investment,Income,2025-10-29,22:22:08,2025-10-29 22:22:08,32699.12,INR,32699.12,IOS Owner,,,MAESTRO-IOS-BUSINESS-BUSINESS_RUNWAY-1425 | Investment | 32699.12,iPhone,B29,RAMP_501_1500,CREATED,idem-20260902-ios-1425
1426,MTR-IOS-1426,Personal,Personal,Lifestyle,Travel,Expense,2026-08-21,08:30:17,2026-08-21 08:30:17,14724.53,INR,-14724.53,IOS Owner,,,MAESTRO-IOS-PERSONAL-LIFESTYLE-1426 | Travel | 14724.53,iPhone,B29,RAMP_501_1500,CREATED,idem-20260902-ios-1426
1427,MTR-IOS-1427,Group,Shared Experience,Wedding,Gifts,Expense,2025-09-27,01:47:31,2025-09-27 01:47:31,10018.24,INR,-10018.24,IOS Aarav,3,SHARES,MAESTRO-IOS-GROUP-WEDDING-1427 | Gifts | 10018.24,iPhone,B29,RAMP_501_1500,CREATED,idem-20260902-ios-1427
1428,MTR-IOS-1428,Business,Business,Business Operations,Software,Expense,2025-12-21,18:59:15,2025-12-21 18:59:15,4618.57,INR,-4618.57,IOS Owner,,,MAESTRO-IOS-BUSINESS-BUSINESS_OPERATIONS-1428 | Software | 4618.57,iPhone,B29,RAMP_501_1500,CREATED,idem-20260902-ios-1428
1429,MTR-IOS-1429,Personal,Personal,Lifestyle,Fitness,Expense,2026-04-23,02:42:06,2026-04-23 02:42:06,17718.93,INR,-17718.93,IOS Owner,,,MAESTRO-IOS-PERSONAL-LIFESTYLE-1429 | Fitness | 17718.93,iPhone,B29,RAMP_501_1500,CREATED,idem-20260902-ios-1429
1430,MTR-IOS-1430,Group,Shared Experience,Wedding,Photography,Expense,2026-05-18,15:55:33,2026-05-18 15:55:33,25495.56,INR,-25495.56,IOS Meera,3,EQUAL,MAESTRO-IOS-GROUP-WEDDING-1430 | Photography | 25495.56,iPhone,B29,RAMP_501_1500,CREATED,idem-20260902-ios-1430
1431,MTR-IOS-1431,Business,Business,Business Operations,Rent,Expense,2026-05-15,22:36:40,2026-05-15 22:36:40,18384.88,INR,-18384.88,IOS Owner,,,MAESTRO-IOS-BUSINESS-BUSINESS_OPERATIONS-1431 | Rent | 18384.88,iPhone,B29,RAMP_501_1500,CREATED,idem-20260902-ios-1431
1432,MTR-IOS-1432,Personal,Personal,Lifestyle,Hobbies,Expense,2025-10-28,23:57:22,2025-10-28 23:57:22,9340.06,INR,-9340.06,IOS Owner,,,MAESTRO-IOS-PERSONAL-LIFESTYLE-1432 | Hobbies | 9340.06,iPhone,B29,RAMP_501_1500,CREATED,idem-20260902-ios-1432
1433,MTR-IOS-1433,Group,Shared Experience,Wedding,Other,Expense,2026-04-23,00:08:20,2026-04-23 00:08:20,18890.95,INR,-18890.95,IOS Owner,3,PERCENTAGE,MAESTRO-IOS-GROUP-WEDDING-1433 | Other | 18890.95,iPhone,B29,RAMP_501_1500,CREATED,idem-20260902-ios-1433
1434,MTR-IOS-1434,Business,Business,Business Operations,Marketing,Expense,2026-03-20,01:18:10,2026-03-20 01:18:10,124028.26,INR,-124028.26,IOS Owner,,,MAESTRO-IOS-BUSINESS-BUSINESS_OPERATIONS-1434 | Marketing | 124028.26,iPhone,B29,RAMP_501_1500,CREATED,idem-20260902-ios-1434
1435,MTR-IOS-1435,Personal,Personal,Relationships,Gifts,Expense,2026-04-05,20:32:52,2026-04-05 20:32:52,8714.33,INR,-8714.33,IOS Owner,,,MAESTRO-IOS-PERSONAL-RELATIONSHIPS-1435 | Gifts | 8714.33,iPhone,B29,RAMP_501_1500,CREATED,idem-20260902-ios-1435
1436,MTR-IOS-1436,Group,Shared Experience,Office Outing,Food,Expense,2026-01-05,12:19:41,2026-01-05 12:19:41,7643.85,INR,-7643.85,IOS Aarav,3,EXACT,MAESTRO-IOS-GROUP-OFFICE_OUTING-1436 | Food | 7643.85,iPhone,B29,RAMP_501_1500,CREATED,idem-20260902-ios-1436
1437,MTR-IOS-1437,Business,Business,Business Operations,Legal,Expense,2026-01-29,23:41:25,2026-01-29 23:41:25,162757.05,INR,-162757.05,IOS Owner,,,MAESTRO-IOS-BUSINESS-BUSINESS_OPERATIONS-1437 | Legal | 162757.05,iPhone,B29,RAMP_501_1500,CREATED,idem-20260902-ios-1437
1438,MTR-IOS-1438,Personal,Personal,Relationships,Dates,Expense,2026-06-07,17:16:31,2026-06-07 17:16:31,9072.52,INR,-9072.52,IOS Owner,,,MAESTRO-IOS-PERSONAL-RELATIONSHIPS-1438 | Dates | 9072.52,iPhone,B29,RAMP_501_1500,CREATED,idem-20260902-ios-1438
1439,MTR-IOS-1439,Group,Shared Experience,Office Outing,Travel,Expense,2026-04-01,18:32:22,2026-04-01 18:32:22,21421.08,INR,-21421.08,IOS Meera,3,SHARES,MAESTRO-IOS-GROUP-OFFICE_OUTING-1439 | Travel | 21421.08,iPhone,B29,RAMP_501_1500,CREATED,idem-20260902-ios-1439
1440,MTR-IOS-1440,Business,Business,Business Operations,Accounting,Expense,2026-01-04,01:41:12,2026-01-04 01:41:12,65314.67,INR,-65314.67,IOS Owner,,,MAESTRO-IOS-BUSINESS-BUSINESS_OPERATIONS-1440 | Accounting | 65314.67,iPhone,B29,RAMP_501_1500,CREATED,idem-20260902-ios-1440
1441,MTR-IOS-1441,Personal,Personal,Relationships,Family,Expense,2026-07-17,19:04:48,2026-07-17 19:04:48,15096.99,INR,-15096.99,IOS Owner,,,MAESTRO-IOS-PERSONAL-RELATIONSHIPS-1441 | Family | 15096.99,iPhone,B29,RAMP_501_1500,CREATED,idem-20260902-ios-1441
1442,MTR-IOS-1442,Group,Shared Experience,Office Outing,Activities,Expense,2026-01-15,16:24:11,2026-01-15 16:24:11,8052.1,INR,-8052.1,IOS Owner,3,EQUAL,MAESTRO-IOS-GROUP-OFFICE_OUTING-1442 | Activities | 8052.10,iPhone,B29,RAMP_501_1500,CREATED,idem-20260902-ios-1442
1443,MTR-IOS-1443,Business,Business,Business Operations,Equipment,Expense,2025-12-09,02:34:51,2025-12-09 02:34:51,100.0,INR,-100.0,IOS Owner,,,MAESTRO-IOS-BUSINESS-BUSINESS_OPERATIONS-1443 | Equipment | 100.00,iPhone,B29,RAMP_501_1500,CREATED,idem-20260902-ios-1443
1444,MTR-IOS-1444,Personal,Personal,Relationships,Friends,Expense,2025-09-07,11:10:21,2025-09-07 11:10:21,9732.67,INR,-9732.67,IOS Owner,,,MAESTRO-IOS-PERSONAL-RELATIONSHIPS-1444 | Friends | 9732.67,iPhone,B29,RAMP_501_1500,CREATED,idem-20260902-ios-1444
1445,MTR-IOS-1445,Group,Shared Experience,Office Outing,Venue,Expense,2026-01-07,06:12:41,2026-01-07 06:12:41,24822.94,INR,-24822.94,IOS Aarav,3,PERCENTAGE,MAESTRO-IOS-GROUP-OFFICE_OUTING-1445 | Venue | 24822.94,iPhone,B29,RAMP_501_1500,CREATED,idem-20260902-ios-1445
1446,MTR-IOS-1446,Business,Business,Business Operations,Vendor,Expense,2026-05-06,12:45:44,2026-05-06 12:45:44,72168.95,INR,-72168.95,IOS Owner,,,MAESTRO-IOS-BUSINESS-BUSINESS_OPERATIONS-1446 | Vendor | 72168.95,iPhone,B29,RAMP_501_1500,CREATED,idem-20260902-ios-1446
1447,MTR-IOS-1447,Personal,Personal,Relationships,Celebrations,Expense,2026-02-28,17:59:08,2026-02-28 17:59:08,17361.36,INR,-17361.36,IOS Owner,,,MAESTRO-IOS-PERSONAL-RELATIONSHIPS-1447 | Celebrations | 17361.36,iPhone,B29,RAMP_501_1500,CREATED,idem-20260902-ios-1447
1448,MTR-IOS-1448,Group,Shared Experience,Office Outing,Other,Expense,2026-01-30,03:55:13,2026-01-30 03:55:13,18142.22,INR,-18142.22,IOS Meera,3,EXACT,MAESTRO-IOS-GROUP-OFFICE_OUTING-1448 | Other | 18142.22,iPhone,B29,RAMP_501_1500,CREATED,idem-20260902-ios-1448
1449,MTR-IOS-1449,Business,Business,Business Operations,Tax,Expense,2025-10-20,08:54:22,2025-10-20 08:54:22,16227.92,INR,-16227.92,IOS Owner,,,MAESTRO-IOS-BUSINESS-BUSINESS_OPERATIONS-1449 | Tax | 16227.92,iPhone,B29,RAMP_501_1500,CREATED,idem-20260902-ios-1449
1450,MTR-IOS-1450,Personal,Personal,Life Operations,Groceries,Expense,2026-05-30,10:33:29,2026-05-30 10:33:29,2687.86,INR,-2687.86,IOS Owner,,,MAESTRO-IOS-PERSONAL-LIFE_OPERATIONS-1450 | Groceries | 2687.86,iPhone,B29,RAMP_501_1500,CREATED,idem-20260902-ios-1450
1451,MTR-IOS-1451,Group,Shared Experience,House Party,Food,Expense,2026-04-17,10:29:37,2026-04-17 10:29:37,9443.41,INR,-9443.41,IOS Owner,3,SHARES,MAESTRO-IOS-GROUP-HOUSE_PARTY-1451 | Food | 9443.41,iPhone,B30,RAMP_501_1500,CREATED,idem-20260902-ios-1451
1452,MTR-IOS-1452,Business,Business,Team Operations,Payroll,Expense,2026-03-19,11:26:22,2026-03-19 11:26:22,59795.05,INR,-59795.05,IOS Owner,,,MAESTRO-IOS-BUSINESS-TEAM_OPERATIONS-1452 | Payroll | 59795.05,iPhone,B30,RAMP_501_1500,CREATED,idem-20260902-ios-1452
1453,MTR-IOS-1453,Personal,Personal,Life Operations,Rent,Expense,2026-07-27,18:33:42,2026-07-27 18:33:42,15374.74,INR,-15374.74,IOS Owner,,,MAESTRO-IOS-PERSONAL-LIFE_OPERATIONS-1453 | Rent | 15374.74,iPhone,B30,RAMP_501_1500,CREATED,idem-20260902-ios-1453
1454,MTR-IOS-1454,Group,Shared Experience,House Party,Drinks,Expense,2025-09-27,07:07:39,2025-09-27 07:07:39,4058.01,INR,-4058.01,IOS Aarav,3,EQUAL,MAESTRO-IOS-GROUP-HOUSE_PARTY-1454 | Drinks | 4058.01,iPhone,B30,RAMP_501_1500,CREATED,idem-20260902-ios-1454
1455,MTR-IOS-1455,Business,Business,Team Operations,Contractor,Expense,2026-06-05,01:59:00,2026-06-05 01:59:00,21371.37,INR,-21371.37,IOS Owner,,,MAESTRO-IOS-BUSINESS-TEAM_OPERATIONS-1455 | Contractor | 21371.37,iPhone,B30,RAMP_501_1500,CREATED,idem-20260902-ios-1455
1456,MTR-IOS-1456,Personal,Personal,Life Operations,Bills,Expense,2026-01-09,13:51:07,2026-01-09 13:51:07,12910.1,INR,-12910.1,IOS Owner,,,MAESTRO-IOS-PERSONAL-LIFE_OPERATIONS-1456 | Bills | 12910.10,iPhone,B30,RAMP_501_1500,CREATED,idem-20260902-ios-1456
1457,MTR-IOS-1457,Group,Shared Experience,House Party,Decor,Expense,2026-02-10,17:04:19,2026-02-10 17:04:19,5922.86,INR,-5922.86,IOS Meera,3,PERCENTAGE,MAESTRO-IOS-GROUP-HOUSE_PARTY-1457 | Decor | 5922.86,iPhone,B30,RAMP_501_1500,CREATED,idem-20260902-ios-1457
1458,MTR-IOS-1458,Business,Business,Team Operations,Hiring,Expense,2025-11-04,20:32:26,2025-11-04 20:32:26,74187.33,INR,-74187.33,IOS Owner,,,MAESTRO-IOS-BUSINESS-TEAM_OPERATIONS-1458 | Hiring | 74187.33,iPhone,B30,RAMP_501_1500,CREATED,idem-20260902-ios-1458
1459,MTR-IOS-1459,Personal,Personal,Life Operations,Transport,Expense,2026-06-02,07:03:15,2026-06-02 07:03:15,13970.92,INR,-13970.92,IOS Owner,,,MAESTRO-IOS-PERSONAL-LIFE_OPERATIONS-1459 | Transport | 13970.92,iPhone,B30,RAMP_501_1500,CREATED,idem-20260902-ios-1459
1460,MTR-IOS-1460,Group,Shared Experience,House Party,Supplies,Expense,2025-09-26,22:30:00,2025-09-26 22:30:00,10616.17,INR,-10616.17,IOS Owner,3,EXACT,MAESTRO-IOS-GROUP-HOUSE_PARTY-1460 | Supplies | 10616.17,iPhone,B30,RAMP_501_1500,CREATED,idem-20260902-ios-1460
1461,MTR-IOS-1461,Business,Business,Team Operations,Team Meal,Expense,2025-11-14,05:02:36,2025-11-14 05:02:36,156671.64,INR,-156671.64,IOS Owner,,,MAESTRO-IOS-BUSINESS-TEAM_OPERATIONS-1461 | Team Meal | 156671.64,iPhone,B30,RAMP_501_1500,CREATED,idem-20260902-ios-1461
1462,MTR-IOS-1462,Personal,Personal,Life Operations,Healthcare,Expense,2026-01-28,16:05:18,2026-01-28 16:05:18,8859.48,INR,-8859.48,IOS Owner,,,MAESTRO-IOS-PERSONAL-LIFE_OPERATIONS-1462 | Healthcare | 8859.48,iPhone,B30,RAMP_501_1500,CREATED,idem-20260902-ios-1462
1463,MTR-IOS-1463,Group,Shared Experience,House Party,Other,Expense,2025-09-05,02:24:26,2025-09-05 02:24:26,26162.9,INR,-26162.9,IOS Aarav,3,SHARES,MAESTRO-IOS-GROUP-HOUSE_PARTY-1463 | Other | 26162.90,iPhone,B30,RAMP_501_1500,CREATED,idem-20260902-ios-1463
1464,MTR-IOS-1464,Business,Business,Team Operations,Travel,Expense,2026-03-01,20:55:28,2026-03-01 20:55:28,9780.42,INR,-9780.42,IOS Owner,,,MAESTRO-IOS-BUSINESS-TEAM_OPERATIONS-1464 | Travel | 9780.42,iPhone,B30,RAMP_501_1500,CREATED,idem-20260902-ios-1464
1465,MTR-IOS-1465,Personal,Personal,Life Operations,Subscriptions,Expense,2026-08-18,19:57:13,2026-08-18 19:57:13,6624.83,INR,-6624.83,IOS Owner,,,MAESTRO-IOS-PERSONAL-LIFE_OPERATIONS-1465 | Subscriptions | 6624.83,iPhone,B30,RAMP_501_1500,CREATED,idem-20260902-ios-1465
1466,MTR-IOS-1466,Group,Shared Purchase,Gift Pool,Contribution,Contribution,2026-08-01,23:48:54,2026-08-01 23:48:54,4976.32,INR,4976.32,IOS Meera,3,EQUAL,MAESTRO-IOS-GROUP-GIFT_POOL-1466 | Contribution | 4976.32,iPhone,B30,RAMP_501_1500,CREATED,idem-20260902-ios-1466
1467,MTR-IOS-1467,Business,Business,Team Operations,Training,Expense,2026-02-26,01:10:11,2026-02-26 01:10:11,136739.69,INR,-136739.69,IOS Owner,,,MAESTRO-IOS-BUSINESS-TEAM_OPERATIONS-1467 | Training | 136739.69,iPhone,B30,RAMP_501_1500,CREATED,idem-20260902-ios-1467
1468,MTR-IOS-1468,Personal,Personal,Life Operations,Repairs,Expense,2026-03-02,15:14:12,2026-03-02 15:14:12,3881.15,INR,-3881.15,IOS Owner,,,MAESTRO-IOS-PERSONAL-LIFE_OPERATIONS-1468 | Repairs | 3881.15,iPhone,B30,RAMP_501_1500,CREATED,idem-20260902-ios-1468
1469,MTR-IOS-1469,Group,Shared Purchase,Gift Pool,Gift Purchase,Expense,2026-08-26,07:54:04,2026-08-26 07:54:04,4001.08,INR,-4001.08,IOS Owner,3,PERCENTAGE,MAESTRO-IOS-GROUP-GIFT_POOL-1469 | Gift Purchase | 4001.08,iPhone,B30,RAMP_501_1500,CREATED,idem-20260902-ios-1469
1470,MTR-IOS-1470,Business,Business,Team Operations,Tools,Expense,2025-10-16,14:55:50,2025-10-16 14:55:50,147846.92,INR,-147846.92,IOS Owner,,,MAESTRO-IOS-BUSINESS-TEAM_OPERATIONS-1470 | Tools | 147846.92,iPhone,B30,RAMP_501_1500,CREATED,idem-20260902-ios-1470
1471,MTR-IOS-1471,Personal,Personal,Future Building,Savings,Transfer,2026-08-02,05:14:29,2026-08-02 05:14:29,11425.96,INR,0.0,IOS Owner,,,MAESTRO-IOS-PERSONAL-FUTURE_BUILDING-1471 | Savings | 11425.96,iPhone,B30,RAMP_501_1500,CREATED,idem-20260902-ios-1471
1472,MTR-IOS-1472,Group,Shared Purchase,Gift Pool,Delivery,Expense,2026-07-11,12:48:39,2026-07-11 12:48:39,645.93,INR,-645.93,IOS Aarav,3,EXACT,MAESTRO-IOS-GROUP-GIFT_POOL-1472 | Delivery | 645.93,iPhone,B30,RAMP_501_1500,CREATED,idem-20260902-ios-1472
1473,MTR-IOS-1473,Business,Business,Business Runway,Funding,Income,2026-02-20,00:07:06,2026-02-20 00:07:06,23885.87,INR,23885.87,IOS Owner,,,MAESTRO-IOS-BUSINESS-BUSINESS_RUNWAY-1473 | Funding | 23885.87,iPhone,B30,RAMP_501_1500,CREATED,idem-20260902-ios-1473
1474,MTR-IOS-1474,Personal,Personal,Future Building,Emergency Fund,Transfer,2026-04-17,06:35:41,2026-04-17 06:35:41,2258.84,INR,0.0,IOS Owner,,,MAESTRO-IOS-PERSONAL-FUTURE_BUILDING-1474 | Emergency Fund | 2258.84,iPhone,B30,RAMP_501_1500,CREATED,idem-20260902-ios-1474
1475,MTR-IOS-1475,Group,Shared Purchase,Gift Pool,Other,Expense,2025-12-10,18:16:43,2025-12-10 18:16:43,19065.51,INR,-19065.51,IOS Meera,3,SHARES,MAESTRO-IOS-GROUP-GIFT_POOL-1475 | Other | 19065.51,iPhone,B30,RAMP_501_1500,CREATED,idem-20260902-ios-1475
1476,MTR-IOS-1476,Business,Business,Business Runway,Revenue,Income,2026-08-28,21:33:39,2026-08-28 21:33:39,29293.72,INR,29293.72,IOS Owner,,,MAESTRO-IOS-BUSINESS-BUSINESS_RUNWAY-1476 | Revenue | 29293.72,iPhone,B30,RAMP_501_1500,CREATED,idem-20260902-ios-1476
1477,MTR-IOS-1477,Personal,Personal,Future Building,Investments,Investment,2026-03-22,17:52:10,2026-03-22 17:52:10,977.31,INR,0.0,IOS Owner,,,MAESTRO-IOS-PERSONAL-FUTURE_BUILDING-1477 | Investments | 977.31,iPhone,B30,RAMP_501_1500,CREATED,idem-20260902-ios-1477
1478,MTR-IOS-1478,Group,Shared Purchase,Purchase,Item,Expense,2026-02-03,15:33:33,2026-02-03 15:33:33,16573.81,INR,-16573.81,IOS Owner,3,EQUAL,MAESTRO-IOS-GROUP-PURCHASE-1478 | Item | 16573.81,iPhone,B30,RAMP_501_1500,CREATED,idem-20260902-ios-1478
1479,MTR-IOS-1479,Business,Business,Business Runway,Burn,Expense,2026-05-19,10:47:40,2026-05-19 10:47:40,97610.42,INR,-97610.42,IOS Owner,,,MAESTRO-IOS-BUSINESS-BUSINESS_RUNWAY-1479 | Burn | 97610.42,iPhone,B30,RAMP_501_1500,CREATED,idem-20260902-ios-1479
1480,MTR-IOS-1480,Personal,Personal,Future Building,Education,Expense,2026-09-01,22:31:39,2026-09-01 22:31:39,999.99,INR,-999.99,IOS Owner,,,MAESTRO-IOS-PERSONAL-FUTURE_BUILDING-1480 | Education | 999.99,iPhone,B30,RAMP_501_1500,CREATED,idem-20260902-ios-1480
1481,MTR-IOS-1481,Group,Shared Purchase,Purchase,Shipping,Expense,2025-11-18,04:52:08,2025-11-18 04:52:08,2492.46,INR,-2492.46,IOS Aarav,3,PERCENTAGE,MAESTRO-IOS-GROUP-PURCHASE-1481 | Shipping | 2492.46,iPhone,B30,RAMP_501_1500,CREATED,idem-20260902-ios-1481
1482,MTR-IOS-1482,Business,Business,Business Runway,Reserve,Transfer,2026-05-21,18:05:07,2026-05-21 18:05:07,58190.99,INR,0.0,IOS Owner,,,MAESTRO-IOS-BUSINESS-BUSINESS_RUNWAY-1482 | Reserve | 58190.99,iPhone,B30,RAMP_501_1500,CREATED,idem-20260902-ios-1482
1483,MTR-IOS-1483,Personal,Personal,Future Building,Goal Contribution,Transfer,2026-08-31,18:38:19,2026-08-31 18:38:19,1233.6,INR,0.0,IOS Owner,,,MAESTRO-IOS-PERSONAL-FUTURE_BUILDING-1483 | Goal Contribution | 1233.60,iPhone,B30,RAMP_501_1500,CREATED,idem-20260902-ios-1483
1484,MTR-IOS-1484,Group,Shared Purchase,Purchase,Tax,Expense,2026-01-04,00:35:04,2026-01-04 00:35:04,21390.01,INR,-21390.01,IOS Meera,3,EXACT,MAESTRO-IOS-GROUP-PURCHASE-1484 | Tax | 21390.01,iPhone,B30,RAMP_501_1500,CREATED,idem-20260902-ios-1484
1485,MTR-IOS-1485,Business,Business,Business Runway,Loan,Income,2026-08-29,01:45:54,2026-08-29 01:45:54,78392.04,INR,78392.04,IOS Owner,,,MAESTRO-IOS-BUSINESS-BUSINESS_RUNWAY-1485 | Loan | 78392.04,iPhone,B30,RAMP_501_1500,CREATED,idem-20260902-ios-1485
1486,MTR-IOS-1486,Personal,Personal,Lifestyle,Dining,Expense,2026-04-04,17:50:52,2026-04-04 17:50:52,5720.85,INR,-5720.85,IOS Owner,,,MAESTRO-IOS-PERSONAL-LIFESTYLE-1486 | Dining | 5720.85,iPhone,B30,RAMP_501_1500,CREATED,idem-20260902-ios-1486
1487,MTR-IOS-1487,Group,Shared Purchase,Purchase,Other,Expense,2026-04-13,02:17:02,2026-04-13 02:17:02,25297.25,INR,-25297.25,IOS Owner,3,SHARES,MAESTRO-IOS-GROUP-PURCHASE-1487 | Other | 25297.25,iPhone,B30,RAMP_501_1500,CREATED,idem-20260902-ios-1487
1488,MTR-IOS-1488,Business,Business,Business Runway,Investment,Income,2026-03-09,20:32:28,2026-03-09 20:32:28,5719.47,INR,5719.47,IOS Owner,,,MAESTRO-IOS-BUSINESS-BUSINESS_RUNWAY-1488 | Investment | 5719.47,iPhone,B30,RAMP_501_1500,CREATED,idem-20260902-ios-1488
1489,MTR-IOS-1489,Personal,Personal,Lifestyle,Shopping,Expense,2026-07-13,08:09:40,2026-07-13 08:09:40,6785.17,INR,-6785.17,IOS Owner,,,MAESTRO-IOS-PERSONAL-LIFESTYLE-1489 | Shopping | 6785.17,iPhone,B30,RAMP_501_1500,CREATED,idem-20260902-ios-1489
1490,MTR-IOS-1490,Group,Shared Purchase,Assets,Purchase,Expense,2026-07-30,00:05:35,2026-07-30 00:05:35,17951.38,INR,-17951.38,IOS Aarav,3,EQUAL,MAESTRO-IOS-GROUP-ASSETS-1490 | Purchase | 17951.38,iPhone,B30,RAMP_501_1500,CREATED,idem-20260902-ios-1490
1491,MTR-IOS-1491,Business,Business,Business Operations,Software,Expense,2026-02-21,16:56:15,2026-02-21 16:56:15,65620.4,INR,-65620.4,IOS Owner,,,MAESTRO-IOS-BUSINESS-BUSINESS_OPERATIONS-1491 | Software | 65620.40,iPhone,B30,RAMP_501_1500,CREATED,idem-20260902-ios-1491
1492,MTR-IOS-1492,Personal,Personal,Lifestyle,Entertainment,Expense,2025-12-23,14:43:56,2025-12-23 14:43:56,6519.19,INR,-6519.19,IOS Owner,,,MAESTRO-IOS-PERSONAL-LIFESTYLE-1492 | Entertainment | 6519.19,iPhone,B30,RAMP_501_1500,CREATED,idem-20260902-ios-1492
1493,MTR-IOS-1493,Group,Shared Purchase,Assets,Maintenance,Expense,2025-10-07,07:32:04,2025-10-07 07:32:04,19792.25,INR,-19792.25,IOS Meera,3,PERCENTAGE,MAESTRO-IOS-GROUP-ASSETS-1493 | Maintenance | 19792.25,iPhone,B30,RAMP_501_1500,CREATED,idem-20260902-ios-1493
1494,MTR-IOS-1494,Business,Business,Business Operations,Rent,Expense,2026-02-05,11:49:44,2026-02-05 11:49:44,6938.93,INR,-6938.93,IOS Owner,,,MAESTRO-IOS-BUSINESS-BUSINESS_OPERATIONS-1494 | Rent | 6938.93,iPhone,B30,RAMP_501_1500,CREATED,idem-20260902-ios-1494
1495,MTR-IOS-1495,Personal,Personal,Lifestyle,Travel,Expense,2025-10-20,14:37:11,2025-10-20 14:37:11,2189.79,INR,-2189.79,IOS Owner,,,MAESTRO-IOS-PERSONAL-LIFESTYLE-1495 | Travel | 2189.79,iPhone,B30,RAMP_501_1500,CREATED,idem-20260902-ios-1495
1496,MTR-IOS-1496,Group,Shared Purchase,Assets,Repair,Expense,2026-06-28,03:03:00,2026-06-28 03:03:00,21322.32,INR,-21322.32,IOS Owner,3,EXACT,MAESTRO-IOS-GROUP-ASSETS-1496 | Repair | 21322.32,iPhone,B30,RAMP_501_1500,CREATED,idem-20260902-ios-1496
1497,MTR-IOS-1497,Business,Business,Business Operations,Marketing,Expense,2025-11-18,08:16:27,2025-11-18 08:16:27,20627.31,INR,-20627.31,IOS Owner,,,MAESTRO-IOS-BUSINESS-BUSINESS_OPERATIONS-1497 | Marketing | 20627.31,iPhone,B30,RAMP_501_1500,CREATED,idem-20260902-ios-1497
1498,MTR-IOS-1498,Personal,Personal,Lifestyle,Fitness,Expense,2025-09-27,12:58:04,2025-09-27 12:58:04,11775.66,INR,-11775.66,IOS Owner,,,MAESTRO-IOS-PERSONAL-LIFESTYLE-1498 | Fitness | 11775.66,iPhone,B30,RAMP_501_1500,CREATED,idem-20260902-ios-1498
1499,MTR-IOS-1499,Group,Shared Purchase,Assets,Insurance,Expense,2025-10-09,09:10:23,2025-10-09 09:10:23,24038.77,INR,-24038.77,IOS Aarav,3,SHARES,MAESTRO-IOS-GROUP-ASSETS-1499 | Insurance | 24038.77,iPhone,B30,RAMP_501_1500,CREATED,idem-20260902-ios-1499
1500,MTR-IOS-1500,Business,Business,Business Operations,Legal,Expense,2026-06-24,04:01:01,2026-06-24 04:01:01,15990.23,INR,-15990.23,IOS Owner,,,MAESTRO-IOS-BUSINESS-BUSINESS_OPERATIONS-1500 | Legal | 15990.23,iPhone,B30,RAMP_501_1500,CREATED,idem-20260902-ios-1500
1501,MTR-IOS-1501,Personal,Personal,Lifestyle,Hobbies,Expense,2025-10-24,00:53:09,2025-10-24 00:53:09,15409.4,INR,-15409.4,IOS Owner,,,MAESTRO-IOS-PERSONAL-LIFESTYLE-1501 | Hobbies | 15409.40,iPhone,B31,RAMP_1501_2500,CREATED,idem-20260902-ios-1501
1502,MTR-IOS-1502,Group,Shared Purchase,Assets,Other,Expense,2025-12-20,21:51:33,2025-12-20 21:51:33,15560.56,INR,-15560.56,IOS Meera,3,EQUAL,MAESTRO-IOS-GROUP-ASSETS-1502 | Other | 15560.56,iPhone,B31,RAMP_1501_2500,CREATED,idem-20260902-ios-1502
1503,MTR-IOS-1503,Business,Business,Business Operations,Accounting,Expense,2026-08-10,21:36:45,2026-08-10 21:36:45,103849.04,INR,-103849.04,IOS Owner,,,MAESTRO-IOS-BUSINESS-BUSINESS_OPERATIONS-1503 | Accounting | 103849.04,iPhone,B31,RAMP_1501_2500,CREATED,idem-20260902-ios-1503
1504,MTR-IOS-1504,Personal,Personal,Relationships,Gifts,Expense,2025-11-29,22:13:30,2025-11-29 22:13:30,8565.32,INR,-8565.32,IOS Owner,,,MAESTRO-IOS-PERSONAL-RELATIONSHIPS-1504 | Gifts | 8565.32,iPhone,B31,RAMP_1501_2500,CREATED,idem-20260902-ios-1504
1505,MTR-IOS-1505,Group,Shared Purchase,Custom Purchase,Custom Expense,Expense,2025-12-22,13:05:34,2025-12-22 13:05:34,15447.87,INR,-15447.87,IOS Owner,3,PERCENTAGE,MAESTRO-IOS-GROUP-CUSTOM_PURCHASE-1505 | Custom Expense | 15447.87,iPhone,B31,RAMP_1501_2500,CREATED,idem-20260902-ios-1505
1506,MTR-IOS-1506,Business,Business,Business Operations,Equipment,Expense,2026-06-26,16:13:25,2026-06-26 16:13:25,72607.63,INR,-72607.63,IOS Owner,,,MAESTRO-IOS-BUSINESS-BUSINESS_OPERATIONS-1506 | Equipment | 72607.63,iPhone,B31,RAMP_1501_2500,CREATED,idem-20260902-ios-1506
1507,MTR-IOS-1507,Personal,Personal,Relationships,Dates,Expense,2026-06-01,23:33:24,2026-06-01 23:33:24,2610.15,INR,-2610.15,IOS Owner,,,MAESTRO-IOS-PERSONAL-RELATIONSHIPS-1507 | Dates | 2610.15,iPhone,B31,RAMP_1501_2500,CREATED,idem-20260902-ios-1507
1508,MTR-IOS-1508,Group,Shared Purchase,Custom Purchase,Custom Contribution,Contribution,2026-05-13,11:21:38,2026-05-13 11:21:38,5437.85,INR,5437.85,IOS Aarav,3,EXACT,MAESTRO-IOS-GROUP-CUSTOM_PURCHASE-1508 | Custom Contribution | 5437.85,iPhone,B31,RAMP_1501_2500,CREATED,idem-20260902-ios-1508
1509,MTR-IOS-1509,Business,Business,Business Operations,Vendor,Expense,2026-06-06,23:00:56,2026-06-06 23:00:56,89707.71,INR,-89707.71,IOS Owner,,,MAESTRO-IOS-BUSINESS-BUSINESS_OPERATIONS-1509 | Vendor | 89707.71,iPhone,B31,RAMP_1501_2500,CREATED,idem-20260902-ios-1509
1510,MTR-IOS-1510,Personal,Personal,Relationships,Family,Expense,2026-01-20,22:26:53,2026-01-20 22:26:53,4638.83,INR,-4638.83,IOS Owner,,,MAESTRO-IOS-PERSONAL-RELATIONSHIPS-1510 | Family | 4638.83,iPhone,B31,RAMP_1501_2500,CREATED,idem-20260902-ios-1510
1511,MTR-IOS-1511,Group,Shared Living,Flatmates,Rent,Expense,2025-12-20,21:32:37,2025-12-20 21:32:37,19289.71,INR,-19289.71,IOS Meera,3,SHARES,MAESTRO-IOS-GROUP-FLATMATES-1511 | Rent | 19289.71,iPhone,B31,RAMP_1501_2500,CREATED,idem-20260902-ios-1511
1512,MTR-IOS-1512,Business,Business,Business Operations,Tax,Expense,2026-07-10,06:58:52,2026-07-10 06:58:52,120386.41,INR,-120386.41,IOS Owner,,,MAESTRO-IOS-BUSINESS-BUSINESS_OPERATIONS-1512 | Tax | 120386.41,iPhone,B31,RAMP_1501_2500,CREATED,idem-20260902-ios-1512
1513,MTR-IOS-1513,Personal,Personal,Relationships,Friends,Expense,2026-06-13,10:28:33,2026-06-13 10:28:33,14538.19,INR,-14538.19,IOS Owner,,,MAESTRO-IOS-PERSONAL-RELATIONSHIPS-1513 | Friends | 14538.19,iPhone,B31,RAMP_1501_2500,CREATED,idem-20260902-ios-1513
1514,MTR-IOS-1514,Group,Shared Living,Flatmates,Utilities,Expense,2025-10-19,10:34:18,2025-10-19 10:34:18,2249.01,INR,-2249.01,IOS Owner,3,EQUAL,MAESTRO-IOS-GROUP-FLATMATES-1514 | Utilities | 2249.01,iPhone,B31,RAMP_1501_2500,CREATED,idem-20260902-ios-1514
1515,MTR-IOS-1515,Business,Business,Team Operations,Payroll,Expense,2025-10-10,12:30:51,2025-10-10 12:30:51,121929.55,INR,-121929.55,IOS Owner,,,MAESTRO-IOS-BUSINESS-TEAM_OPERATIONS-1515 | Payroll | 121929.55,iPhone,B31,RAMP_1501_2500,CREATED,idem-20260902-ios-1515
1516,MTR-IOS-1516,Personal,Personal,Relationships,Celebrations,Expense,2026-01-26,15:58:55,2026-01-26 15:58:55,7433.79,INR,-7433.79,IOS Owner,,,MAESTRO-IOS-PERSONAL-RELATIONSHIPS-1516 | Celebrations | 7433.79,iPhone,B31,RAMP_1501_2500,CREATED,idem-20260902-ios-1516
1517,MTR-IOS-1517,Group,Shared Living,Flatmates,Groceries,Expense,2026-05-19,12:50:26,2026-05-19 12:50:26,10000.0,INR,-10000.0,IOS Aarav,3,PERCENTAGE,MAESTRO-IOS-GROUP-FLATMATES-1517 | Groceries | 10000.00,iPhone,B31,RAMP_1501_2500,CREATED,idem-20260902-ios-1517
1518,MTR-IOS-1518,Business,Business,Team Operations,Contractor,Expense,2026-08-02,22:07:21,2026-08-02 22:07:21,4650.54,INR,-4650.54,IOS Owner,,,MAESTRO-IOS-BUSINESS-TEAM_OPERATIONS-1518 | Contractor | 4650.54,iPhone,B31,RAMP_1501_2500,CREATED,idem-20260902-ios-1518
1519,MTR-IOS-1519,Personal,Personal,Life Operations,Groceries,Expense,2025-12-25,23:12:37,2025-12-25 23:12:37,12786.74,INR,-12786.74,IOS Owner,,,MAESTRO-IOS-PERSONAL-LIFE_OPERATIONS-1519 | Groceries | 12786.74,iPhone,B31,RAMP_1501_2500,CREATED,idem-20260902-ios-1519
1520,MTR-IOS-1520,Group,Shared Living,Flatmates,Internet,Expense,2025-12-29,20:34:53,2025-12-29 20:34:53,17494.83,INR,-17494.83,IOS Meera,3,EXACT,MAESTRO-IOS-GROUP-FLATMATES-1520 | Internet | 17494.83,iPhone,B31,RAMP_1501_2500,CREATED,idem-20260902-ios-1520
1521,MTR-IOS-1521,Business,Business,Team Operations,Hiring,Expense,2025-11-17,17:01:14,2025-11-17 17:01:14,149665.94,INR,-149665.94,IOS Owner,,,MAESTRO-IOS-BUSINESS-TEAM_OPERATIONS-1521 | Hiring | 149665.94,iPhone,B31,RAMP_1501_2500,CREATED,idem-20260902-ios-1521
1522,MTR-IOS-1522,Personal,Personal,Life Operations,Rent,Expense,2026-07-17,19:31:25,2026-07-17 19:31:25,5964.24,INR,-5964.24,IOS Owner,,,MAESTRO-IOS-PERSONAL-LIFE_OPERATIONS-1522 | Rent | 5964.24,iPhone,B31,RAMP_1501_2500,CREATED,idem-20260902-ios-1522
1523,MTR-IOS-1523,Group,Shared Living,Flatmates,House Supplies,Expense,2026-03-28,09:57:13,2026-03-28 09:57:13,6263.2,INR,-6263.2,IOS Owner,3,SHARES,MAESTRO-IOS-GROUP-FLATMATES-1523 | House Supplies | 6263.20,iPhone,B31,RAMP_1501_2500,CREATED,idem-20260902-ios-1523
1524,MTR-IOS-1524,Business,Business,Team Operations,Team Meal,Expense,2025-11-07,04:13:04,2025-11-07 04:13:04,99256.64,INR,-99256.64,IOS Owner,,,MAESTRO-IOS-BUSINESS-TEAM_OPERATIONS-1524 | Team Meal | 99256.64,iPhone,B31,RAMP_1501_2500,CREATED,idem-20260902-ios-1524
1525,MTR-IOS-1525,Personal,Personal,Life Operations,Bills,Expense,2026-09-01,19:43:58,2026-09-01 19:43:58,7471.54,INR,-7471.54,IOS Owner,,,MAESTRO-IOS-PERSONAL-LIFE_OPERATIONS-1525 | Bills | 7471.54,iPhone,B31,RAMP_1501_2500,CREATED,idem-20260902-ios-1525
1526,MTR-IOS-1526,Group,Shared Living,Flatmates,Repairs,Expense,2025-12-15,03:32:35,2025-12-15 03:32:35,5352.78,INR,-5352.78,IOS Aarav,3,EQUAL,MAESTRO-IOS-GROUP-FLATMATES-1526 | Repairs | 5352.78,iPhone,B31,RAMP_1501_2500,CREATED,idem-20260902-ios-1526
1527,MTR-IOS-1527,Business,Business,Team Operations,Travel,Expense,2026-05-03,16:49:36,2026-05-03 16:49:36,71029.71,INR,-71029.71,IOS Owner,,,MAESTRO-IOS-BUSINESS-TEAM_OPERATIONS-1527 | Travel | 71029.71,iPhone,B31,RAMP_1501_2500,CREATED,idem-20260902-ios-1527
1528,MTR-IOS-1528,Personal,Personal,Life Operations,Transport,Expense,2026-05-09,14:28:35,2026-05-09 14:28:35,2934.47,INR,-2934.47,IOS Owner,,,MAESTRO-IOS-PERSONAL-LIFE_OPERATIONS-1528 | Transport | 2934.47,iPhone,B31,RAMP_1501_2500,CREATED,idem-20260902-ios-1528
1529,MTR-IOS-1529,Group,Shared Living,Shared Living,Rent,Expense,2026-05-21,14:30:18,2026-05-21 14:30:18,20325.13,INR,-20325.13,IOS Meera,3,PERCENTAGE,MAESTRO-IOS-GROUP-SHARED_LIVING-1529 | Rent | 20325.13,iPhone,B31,RAMP_1501_2500,CREATED,idem-20260902-ios-1529
1530,MTR-IOS-1530,Business,Business,Team Operations,Training,Expense,2026-05-19,21:22:44,2026-05-19 21:22:44,59647.42,INR,-59647.42,IOS Owner,,,MAESTRO-IOS-BUSINESS-TEAM_OPERATIONS-1530 | Training | 59647.42,iPhone,B31,RAMP_1501_2500,CREATED,idem-20260902-ios-1530
1531,MTR-IOS-1531,Personal,Personal,Life Operations,Healthcare,Expense,2025-09-08,13:11:38,2025-09-08 13:11:38,4084.33,INR,-4084.33,IOS Owner,,,MAESTRO-IOS-PERSONAL-LIFE_OPERATIONS-1531 | Healthcare | 4084.33,iPhone,B31,RAMP_1501_2500,CREATED,idem-20260902-ios-1531
1532,MTR-IOS-1532,Group,Shared Living,Shared Living,Utilities,Expense,2025-11-20,22:28:13,2025-11-20 22:28:13,26042.82,INR,-26042.82,IOS Owner,3,EXACT,MAESTRO-IOS-GROUP-SHARED_LIVING-1532 | Utilities | 26042.82,iPhone,B31,RAMP_1501_2500,CREATED,idem-20260902-ios-1532
1533,MTR-IOS-1533,Business,Business,Team Operations,Tools,Expense,2026-07-05,07:06:24,2026-07-05 07:06:24,21068.0,INR,-21068.0,IOS Owner,,,MAESTRO-IOS-BUSINESS-TEAM_OPERATIONS-1533 | Tools | 21068.00,iPhone,B31,RAMP_1501_2500,CREATED,idem-20260902-ios-1533
1534,MTR-IOS-1534,Personal,Personal,Life Operations,Subscriptions,Expense,2026-02-15,17:56:17,2026-02-15 17:56:17,1108.86,INR,-1108.86,IOS Owner,,,MAESTRO-IOS-PERSONAL-LIFE_OPERATIONS-1534 | Subscriptions | 1108.86,iPhone,B31,RAMP_1501_2500,CREATED,idem-20260902-ios-1534
1535,MTR-IOS-1535,Group,Shared Living,Shared Living,Groceries,Expense,2025-12-07,11:19:33,2025-12-07 11:19:33,24772.0,INR,-24772.0,IOS Aarav,3,SHARES,MAESTRO-IOS-GROUP-SHARED_LIVING-1535 | Groceries | 24772.00,iPhone,B31,RAMP_1501_2500,CREATED,idem-20260902-ios-1535
1536,MTR-IOS-1536,Business,Business,Business Runway,Funding,Income,2026-07-05,18:19:16,2026-07-05 18:19:16,11878.23,INR,11878.23,IOS Owner,,,MAESTRO-IOS-BUSINESS-BUSINESS_RUNWAY-1536 | Funding | 11878.23,iPhone,B31,RAMP_1501_2500,CREATED,idem-20260902-ios-1536
1537,MTR-IOS-1537,Personal,Personal,Life Operations,Repairs,Expense,2026-04-18,21:18:20,2026-04-18 21:18:20,9240.18,INR,-9240.18,IOS Owner,,,MAESTRO-IOS-PERSONAL-LIFE_OPERATIONS-1537 | Repairs | 9240.18,iPhone,B31,RAMP_1501_2500,CREATED,idem-20260902-ios-1537
1538,MTR-IOS-1538,Group,Shared Living,Shared Living,Maintenance,Expense,2025-09-20,15:52:49,2025-09-20 15:52:49,3058.56,INR,-3058.56,IOS Meera,3,EQUAL,MAESTRO-IOS-GROUP-SHARED_LIVING-1538 | Maintenance | 3058.56,iPhone,B31,RAMP_1501_2500,CREATED,idem-20260902-ios-1538
1539,MTR-IOS-1539,Business,Business,Business Runway,Revenue,Income,2026-02-26,13:25:18,2026-02-26 13:25:18,73202.33,INR,73202.33,IOS Owner,,,MAESTRO-IOS-BUSINESS-BUSINESS_RUNWAY-1539 | Revenue | 73202.33,iPhone,B31,RAMP_1501_2500,CREATED,idem-20260902-ios-1539
1540,MTR-IOS-1540,Personal,Personal,Future Building,Savings,Transfer,2025-12-02,10:07:03,2025-12-02 10:07:03,13923.64,INR,0.0,IOS Owner,,,MAESTRO-IOS-PERSONAL-FUTURE_BUILDING-1540 | Savings | 13923.64,iPhone,B31,RAMP_1501_2500,CREATED,idem-20260902-ios-1540
1541,MTR-IOS-1541,Group,Shared Living,Shared Living,Other,Expense,2026-06-29,17:49:40,2026-06-29 17:49:40,15071.81,INR,-15071.81,IOS Owner,3,PERCENTAGE,MAESTRO-IOS-GROUP-SHARED_LIVING-1541 | Other | 15071.81,iPhone,B31,RAMP_1501_2500,CREATED,idem-20260902-ios-1541
1542,MTR-IOS-1542,Business,Business,Business Runway,Burn,Expense,2026-05-10,01:49:53,2026-05-10 01:49:53,105717.55,INR,-105717.55,IOS Owner,,,MAESTRO-IOS-BUSINESS-BUSINESS_RUNWAY-1542 | Burn | 105717.55,iPhone,B31,RAMP_1501_2500,CREATED,idem-20260902-ios-1542
1543,MTR-IOS-1543,Personal,Personal,Future Building,Emergency Fund,Transfer,2025-12-17,12:13:08,2025-12-17 12:13:08,8057.52,INR,0.0,IOS Owner,,,MAESTRO-IOS-PERSONAL-FUTURE_BUILDING-1543 | Emergency Fund | 8057.52,iPhone,B31,RAMP_1501_2500,CREATED,idem-20260902-ios-1543
1544,MTR-IOS-1544,Group,Shared Living,Family Household,Rent,Expense,2026-07-23,23:38:39,2026-07-23 23:38:39,22497.21,INR,-22497.21,IOS Aarav,3,EXACT,MAESTRO-IOS-GROUP-FAMILY_HOUSEHOLD-1544 | Rent | 22497.21,iPhone,B31,RAMP_1501_2500,CREATED,idem-20260902-ios-1544
1545,MTR-IOS-1545,Business,Business,Business Runway,Reserve,Transfer,2026-08-15,07:41:32,2026-08-15 07:41:32,69342.02,INR,0.0,IOS Owner,,,MAESTRO-IOS-BUSINESS-BUSINESS_RUNWAY-1545 | Reserve | 69342.02,iPhone,B31,RAMP_1501_2500,CREATED,idem-20260902-ios-1545
1546,MTR-IOS-1546,Personal,Personal,Future Building,Investments,Investment,2026-02-25,23:18:53,2026-02-25 23:18:53,8433.8,INR,0.0,IOS Owner,,,MAESTRO-IOS-PERSONAL-FUTURE_BUILDING-1546 | Investments | 8433.80,iPhone,B31,RAMP_1501_2500,CREATED,idem-20260902-ios-1546
1547,MTR-IOS-1547,Group,Shared Living,Family Household,Groceries,Expense,2025-09-19,10:11:31,2025-09-19 10:11:31,20938.62,INR,-20938.62,IOS Meera,3,SHARES,MAESTRO-IOS-GROUP-FAMILY_HOUSEHOLD-1547 | Groceries | 20938.62,iPhone,B31,RAMP_1501_2500,CREATED,idem-20260902-ios-1547
1548,MTR-IOS-1548,Business,Business,Business Runway,Loan,Income,2026-08-06,03:47:49,2026-08-06 03:47:49,137688.86,INR,137688.86,IOS Owner,,,MAESTRO-IOS-BUSINESS-BUSINESS_RUNWAY-1548 | Loan | 137688.86,iPhone,B31,RAMP_1501_2500,CREATED,idem-20260902-ios-1548
1549,MTR-IOS-1549,Personal,Personal,Future Building,Education,Expense,2025-11-20,06:31:44,2025-11-20 06:31:44,8991.08,INR,-8991.08,IOS Owner,,,MAESTRO-IOS-PERSONAL-FUTURE_BUILDING-1549 | Education | 8991.08,iPhone,B31,RAMP_1501_2500,CREATED,idem-20260902-ios-1549
1550,MTR-IOS-1550,Group,Shared Living,Family Household,Transport,Expense,2025-11-08,01:44:31,2025-11-08 01:44:31,22826.99,INR,-22826.99,IOS Owner,3,EQUAL,MAESTRO-IOS-GROUP-FAMILY_HOUSEHOLD-1550 | Transport | 22826.99,iPhone,B31,RAMP_1501_2500,CREATED,idem-20260902-ios-1550
1551,MTR-IOS-1551,Business,Business,Business Runway,Investment,Income,2026-03-02,10:42:30,2026-03-02 10:42:30,88222.16,INR,88222.16,IOS Owner,,,MAESTRO-IOS-BUSINESS-BUSINESS_RUNWAY-1551 | Investment | 88222.16,iPhone,B32,RAMP_1501_2500,CREATED,idem-20260902-ios-1551
1552,MTR-IOS-1552,Personal,Personal,Future Building,Goal Contribution,Transfer,2026-02-05,09:59:38,2026-02-05 09:59:38,12384.67,INR,0.0,IOS Owner,,,MAESTRO-IOS-PERSONAL-FUTURE_BUILDING-1552 | Goal Contribution | 12384.67,iPhone,B32,RAMP_1501_2500,CREATED,idem-20260902-ios-1552
1553,MTR-IOS-1553,Group,Shared Living,Family Household,Bills,Expense,2026-04-04,08:05:47,2026-04-04 08:05:47,16241.04,INR,-16241.04,IOS Aarav,3,PERCENTAGE,MAESTRO-IOS-GROUP-FAMILY_HOUSEHOLD-1553 | Bills | 16241.04,iPhone,B32,RAMP_1501_2500,CREATED,idem-20260902-ios-1553
1554,MTR-IOS-1554,Business,Business,Business Operations,Software,Expense,2026-05-02,07:35:13,2026-05-02 07:35:13,0.01,INR,-0.01,IOS Owner,,,MAESTRO-IOS-BUSINESS-BUSINESS_OPERATIONS-1554 | Software | 0.01,iPhone,B32,RAMP_1501_2500,CREATED,idem-20260902-ios-1554
1555,MTR-IOS-1555,Personal,Personal,Lifestyle,Dining,Expense,2025-12-08,21:33:58,2025-12-08 21:33:58,5994.0,INR,-5994.0,IOS Owner,,,MAESTRO-IOS-PERSONAL-LIFESTYLE-1555 | Dining | 5994.00,iPhone,B32,RAMP_1501_2500,CREATED,idem-20260902-ios-1555
1556,MTR-IOS-1556,Group,Shared Living,Family Household,Utilities,Expense,2025-12-18,12:30:36,2025-12-18 12:30:36,18389.78,INR,-18389.78,IOS Meera,3,EXACT,MAESTRO-IOS-GROUP-FAMILY_HOUSEHOLD-1556 | Utilities | 18389.78,iPhone,B32,RAMP_1501_2500,CREATED,idem-20260902-ios-1556
1557,MTR-IOS-1557,Business,Business,Business Operations,Rent,Expense,2026-02-28,00:09:57,2026-02-28 00:09:57,42698.04,INR,-42698.04,IOS Owner,,,MAESTRO-IOS-BUSINESS-BUSINESS_OPERATIONS-1557 | Rent | 42698.04,iPhone,B32,RAMP_1501_2500,CREATED,idem-20260902-ios-1557
1558,MTR-IOS-1558,Personal,Personal,Lifestyle,Shopping,Expense,2026-02-18,13:57:23,2026-02-18 13:57:23,2114.77,INR,-2114.77,IOS Owner,,,MAESTRO-IOS-PERSONAL-LIFESTYLE-1558 | Shopping | 2114.77,iPhone,B32,RAMP_1501_2500,CREATED,idem-20260902-ios-1558
1559,MTR-IOS-1559,Group,Shared Living,Family Household,Healthcare,Expense,2026-03-31,14:28:32,2026-03-31 14:28:32,6056.48,INR,-6056.48,IOS Owner,3,SHARES,MAESTRO-IOS-GROUP-FAMILY_HOUSEHOLD-1559 | Healthcare | 6056.48,iPhone,B32,RAMP_1501_2500,CREATED,idem-20260902-ios-1559
1560,MTR-IOS-1560,Business,Business,Business Operations,Marketing,Expense,2025-11-23,10:17:10,2025-11-23 10:17:10,148616.89,INR,-148616.89,IOS Owner,,,MAESTRO-IOS-BUSINESS-BUSINESS_OPERATIONS-1560 | Marketing | 148616.89,iPhone,B32,RAMP_1501_2500,CREATED,idem-20260902-ios-1560
1561,MTR-IOS-1561,Personal,Personal,Lifestyle,Entertainment,Expense,2025-11-02,00:00:37,2025-11-02 00:00:37,9304.33,INR,-9304.33,IOS Owner,,,MAESTRO-IOS-PERSONAL-LIFESTYLE-1561 | Entertainment | 9304.33,iPhone,B32,RAMP_1501_2500,CREATED,idem-20260902-ios-1561
1562,MTR-IOS-1562,Group,Shared Living,Custom Living,Custom Expense,Expense,2026-04-28,18:06:30,2026-04-28 18:06:30,20938.51,INR,-20938.51,IOS Aarav,3,EQUAL,MAESTRO-IOS-GROUP-CUSTOM_LIVING-1562 | Custom Expense | 20938.51,iPhone,B32,RAMP_1501_2500,CREATED,idem-20260902-ios-1562
1563,MTR-IOS-1563,Business,Business,Business Operations,Legal,Expense,2026-01-13,11:41:02,2026-01-13 11:41:02,128868.51,INR,-128868.51,IOS Owner,,,MAESTRO-IOS-BUSINESS-BUSINESS_OPERATIONS-1563 | Legal | 128868.51,iPhone,B32,RAMP_1501_2500,CREATED,idem-20260902-ios-1563
1564,MTR-IOS-1564,Personal,Personal,Lifestyle,Travel,Expense,2025-10-26,10:13:04,2025-10-26 10:13:04,4489.02,INR,-4489.02,IOS Owner,,,MAESTRO-IOS-PERSONAL-LIFESTYLE-1564 | Travel | 4489.02,iPhone,B32,RAMP_1501_2500,CREATED,idem-20260902-ios-1564
1565,MTR-IOS-1565,Group,Shared Living,Custom Living,Custom Contribution,Contribution,2026-07-23,18:14:27,2026-07-23 18:14:27,7023.14,INR,7023.14,IOS Meera,3,PERCENTAGE,MAESTRO-IOS-GROUP-CUSTOM_LIVING-1565 | Custom Contribution | 7023.14,iPhone,B32,RAMP_1501_2500,CREATED,idem-20260902-ios-1565
1566,MTR-IOS-1566,Business,Business,Business Operations,Accounting,Expense,2026-09-01,14:10:11,2026-09-01 14:10:11,42614.2,INR,-42614.2,IOS Owner,,,MAESTRO-IOS-BUSINESS-BUSINESS_OPERATIONS-1566 | Accounting | 42614.20,iPhone,B32,RAMP_1501_2500,CREATED,idem-20260902-ios-1566
1567,MTR-IOS-1567,Personal,Personal,Lifestyle,Fitness,Expense,2026-07-27,00:37:04,2026-07-27 00:37:04,1722.13,INR,-1722.13,IOS Owner,,,MAESTRO-IOS-PERSONAL-LIFESTYLE-1567 | Fitness | 1722.13,iPhone,B32,RAMP_1501_2500,CREATED,idem-20260902-ios-1567
1568,MTR-IOS-1568,Group,Shared Experience,Trip,Travel,Expense,2026-04-19,17:23:27,2026-04-19 17:23:27,18855.94,INR,-18855.94,IOS Owner,3,EXACT,MAESTRO-IOS-GROUP-TRIP-1568 | Travel | 18855.94,iPhone,B32,RAMP_1501_2500,CREATED,idem-20260902-ios-1568
1569,MTR-IOS-1569,Business,Business,Business Operations,Equipment,Expense,2026-08-07,14:51:18,2026-08-07 14:51:18,67356.68,INR,-67356.68,IOS Owner,,,MAESTRO-IOS-BUSINESS-BUSINESS_OPERATIONS-1569 | Equipment | 67356.68,iPhone,B32,RAMP_1501_2500,CREATED,idem-20260902-ios-1569
1570,MTR-IOS-1570,Personal,Personal,Lifestyle,Hobbies,Expense,2026-08-12,07:50:23,2026-08-12 07:50:23,16497.25,INR,-16497.25,IOS Owner,,,MAESTRO-IOS-PERSONAL-LIFESTYLE-1570 | Hobbies | 16497.25,iPhone,B32,RAMP_1501_2500,CREATED,idem-20260902-ios-1570
1571,MTR-IOS-1571,Group,Shared Experience,Trip,Stay,Expense,2026-07-17,14:56:01,2026-07-17 14:56:01,23419.17,INR,-23419.17,IOS Aarav,3,SHARES,MAESTRO-IOS-GROUP-TRIP-1571 | Stay | 23419.17,iPhone,B32,RAMP_1501_2500,CREATED,idem-20260902-ios-1571
1572,MTR-IOS-1572,Business,Business,Business Operations,Vendor,Expense,2026-08-19,18:25:21,2026-08-19 18:25:21,129393.08,INR,-129393.08,IOS Owner,,,MAESTRO-IOS-BUSINESS-BUSINESS_OPERATIONS-1572 | Vendor | 129393.08,iPhone,B32,RAMP_1501_2500,CREATED,idem-20260902-ios-1572
1573,MTR-IOS-1573,Personal,Personal,Relationships,Gifts,Expense,2026-08-08,13:19:03,2026-08-08 13:19:03,10386.39,INR,-10386.39,IOS Owner,,,MAESTRO-IOS-PERSONAL-RELATIONSHIPS-1573 | Gifts | 10386.39,iPhone,B32,RAMP_1501_2500,CREATED,idem-20260902-ios-1573
1574,MTR-IOS-1574,Group,Shared Experience,Trip,Food,Expense,2025-12-26,16:15:41,2025-12-26 16:15:41,18379.27,INR,-18379.27,IOS Meera,3,EQUAL,MAESTRO-IOS-GROUP-TRIP-1574 | Food | 18379.27,iPhone,B32,RAMP_1501_2500,CREATED,idem-20260902-ios-1574
1575,MTR-IOS-1575,Business,Business,Business Operations,Tax,Expense,2025-09-04,13:28:09,2025-09-04 13:28:09,140539.02,INR,-140539.02,IOS Owner,,,MAESTRO-IOS-BUSINESS-BUSINESS_OPERATIONS-1575 | Tax | 140539.02,iPhone,B32,RAMP_1501_2500,CREATED,idem-20260902-ios-1575
1576,MTR-IOS-1576,Personal,Personal,Relationships,Dates,Expense,2026-01-25,23:47:04,2026-01-25 23:47:04,12516.37,INR,-12516.37,IOS Owner,,,MAESTRO-IOS-PERSONAL-RELATIONSHIPS-1576 | Dates | 12516.37,iPhone,B32,RAMP_1501_2500,CREATED,idem-20260902-ios-1576
1577,MTR-IOS-1577,Group,Shared Experience,Trip,Local Transport,Expense,2026-07-27,18:21:30,2026-07-27 18:21:30,16331.59,INR,-16331.59,IOS Owner,3,PERCENTAGE,MAESTRO-IOS-GROUP-TRIP-1577 | Local Transport | 16331.59,iPhone,B32,RAMP_1501_2500,CREATED,idem-20260902-ios-1577
1578,MTR-IOS-1578,Business,Business,Team Operations,Payroll,Expense,2025-10-04,04:11:21,2025-10-04 04:11:21,164177.45,INR,-164177.45,IOS Owner,,,MAESTRO-IOS-BUSINESS-TEAM_OPERATIONS-1578 | Payroll | 164177.45,iPhone,B32,RAMP_1501_2500,CREATED,idem-20260902-ios-1578
1579,MTR-IOS-1579,Personal,Personal,Relationships,Family,Expense,2026-05-14,00:36:50,2026-05-14 00:36:50,14467.93,INR,-14467.93,IOS Owner,,,MAESTRO-IOS-PERSONAL-RELATIONSHIPS-1579 | Family | 14467.93,iPhone,B32,RAMP_1501_2500,CREATED,idem-20260902-ios-1579
1580,MTR-IOS-1580,Group,Shared Experience,Trip,Activities,Expense,2025-09-20,09:21:45,2025-09-20 09:21:45,2452.23,INR,-2452.23,IOS Aarav,3,EXACT,MAESTRO-IOS-GROUP-TRIP-1580 | Activities | 2452.23,iPhone,B32,RAMP_1501_2500,CREATED,idem-20260902-ios-1580
1581,MTR-IOS-1581,Business,Business,Team Operations,Contractor,Expense,2026-07-18,15:39:55,2026-07-18 15:39:55,96399.27,INR,-96399.27,IOS Owner,,,MAESTRO-IOS-BUSINESS-TEAM_OPERATIONS-1581 | Contractor | 96399.27,iPhone,B32,RAMP_1501_2500,CREATED,idem-20260902-ios-1581
1582,MTR-IOS-1582,Personal,Personal,Relationships,Friends,Expense,2026-04-18,02:46:41,2026-04-18 02:46:41,2220.62,INR,-2220.62,IOS Owner,,,MAESTRO-IOS-PERSONAL-RELATIONSHIPS-1582 | Friends | 2220.62,iPhone,B32,RAMP_1501_2500,CREATED,idem-20260902-ios-1582
1583,MTR-IOS-1583,Group,Shared Experience,Trip,Shopping,Expense,2025-12-02,13:37:09,2025-12-02 13:37:09,13455.56,INR,-13455.56,IOS Meera,3,SHARES,MAESTRO-IOS-GROUP-TRIP-1583 | Shopping | 13455.56,iPhone,B32,RAMP_1501_2500,CREATED,idem-20260902-ios-1583
1584,MTR-IOS-1584,Business,Business,Team Operations,Hiring,Expense,2026-03-17,13:22:18,2026-03-17 13:22:18,8891.9,INR,-8891.9,IOS Owner,,,MAESTRO-IOS-BUSINESS-TEAM_OPERATIONS-1584 | Hiring | 8891.90,iPhone,B32,RAMP_1501_2500,CREATED,idem-20260902-ios-1584
1585,MTR-IOS-1585,Personal,Personal,Relationships,Celebrations,Expense,2025-10-03,23:23:10,2025-10-03 23:23:10,17621.68,INR,-17621.68,IOS Owner,,,MAESTRO-IOS-PERSONAL-RELATIONSHIPS-1585 | Celebrations | 17621.68,iPhone,B32,RAMP_1501_2500,CREATED,idem-20260902-ios-1585
1586,MTR-IOS-1586,Group,Shared Experience,Trip,Other,Expense,2026-08-06,22:38:52,2026-08-06 22:38:52,21798.18,INR,-21798.18,IOS Owner,3,EQUAL,MAESTRO-IOS-GROUP-TRIP-1586 | Other | 21798.18,iPhone,B32,RAMP_1501_2500,CREATED,idem-20260902-ios-1586
1587,MTR-IOS-1587,Business,Business,Team Operations,Team Meal,Expense,2026-07-08,14:29:15,2026-07-08 14:29:15,78137.04,INR,-78137.04,IOS Owner,,,MAESTRO-IOS-BUSINESS-TEAM_OPERATIONS-1587 | Team Meal | 78137.04,iPhone,B32,RAMP_1501_2500,CREATED,idem-20260902-ios-1587
1588,MTR-IOS-1588,Personal,Personal,Life Operations,Groceries,Expense,2026-01-22,00:01:11,2026-01-22 00:01:11,1882.85,INR,-1882.85,IOS Owner,,,MAESTRO-IOS-PERSONAL-LIFE_OPERATIONS-1588 | Groceries | 1882.85,iPhone,B32,RAMP_1501_2500,CREATED,idem-20260902-ios-1588
1589,MTR-IOS-1589,Group,Shared Experience,Wedding,Venue,Expense,2025-10-02,08:08:44,2025-10-02 08:08:44,4962.56,INR,-4962.56,IOS Aarav,3,PERCENTAGE,MAESTRO-IOS-GROUP-WEDDING-1589 | Venue | 4962.56,iPhone,B32,RAMP_1501_2500,CREATED,idem-20260902-ios-1589
1590,MTR-IOS-1590,Business,Business,Team Operations,Travel,Expense,2026-02-02,23:13:54,2026-02-02 23:13:54,12129.73,INR,-12129.73,IOS Owner,,,MAESTRO-IOS-BUSINESS-TEAM_OPERATIONS-1590 | Travel | 12129.73,iPhone,B32,RAMP_1501_2500,CREATED,idem-20260902-ios-1590
1591,MTR-IOS-1591,Personal,Personal,Life Operations,Rent,Expense,2026-08-19,20:59:10,2026-08-19 20:59:10,1.0,INR,-1.0,IOS Owner,,,MAESTRO-IOS-PERSONAL-LIFE_OPERATIONS-1591 | Rent | 1.00,iPhone,B32,RAMP_1501_2500,CREATED,idem-20260902-ios-1591
1592,MTR-IOS-1592,Group,Shared Experience,Wedding,Catering,Expense,2026-01-07,23:12:02,2026-01-07 23:12:02,23185.18,INR,-23185.18,IOS Meera,3,EXACT,MAESTRO-IOS-GROUP-WEDDING-1592 | Catering | 23185.18,iPhone,B32,RAMP_1501_2500,CREATED,idem-20260902-ios-1592
1593,MTR-IOS-1593,Business,Business,Team Operations,Training,Expense,2026-03-07,00:37:11,2026-03-07 00:37:11,133076.47,INR,-133076.47,IOS Owner,,,MAESTRO-IOS-BUSINESS-TEAM_OPERATIONS-1593 | Training | 133076.47,iPhone,B32,RAMP_1501_2500,CREATED,idem-20260902-ios-1593
1594,MTR-IOS-1594,Personal,Personal,Life Operations,Bills,Expense,2025-11-10,08:47:33,2025-11-10 08:47:33,10936.61,INR,-10936.61,IOS Owner,,,MAESTRO-IOS-PERSONAL-LIFE_OPERATIONS-1594 | Bills | 10936.61,iPhone,B32,RAMP_1501_2500,CREATED,idem-20260902-ios-1594
1595,MTR-IOS-1595,Group,Shared Experience,Wedding,Decor,Expense,2026-03-10,17:37:10,2026-03-10 17:37:10,13200.09,INR,-13200.09,IOS Owner,3,SHARES,MAESTRO-IOS-GROUP-WEDDING-1595 | Decor | 13200.09,iPhone,B32,RAMP_1501_2500,CREATED,idem-20260902-ios-1595
1596,MTR-IOS-1596,Business,Business,Team Operations,Tools,Expense,2026-05-22,04:14:30,2026-05-22 04:14:30,159282.53,INR,-159282.53,IOS Owner,,,MAESTRO-IOS-BUSINESS-TEAM_OPERATIONS-1596 | Tools | 159282.53,iPhone,B32,RAMP_1501_2500,CREATED,idem-20260902-ios-1596
1597,MTR-IOS-1597,Personal,Personal,Life Operations,Transport,Expense,2026-05-23,16:54:09,2026-05-23 16:54:09,4892.55,INR,-4892.55,IOS Owner,,,MAESTRO-IOS-PERSONAL-LIFE_OPERATIONS-1597 | Transport | 4892.55,iPhone,B32,RAMP_1501_2500,CREATED,idem-20260902-ios-1597
1598,MTR-IOS-1598,Group,Shared Experience,Wedding,Travel,Expense,2026-03-21,10:09:02,2026-03-21 10:09:02,18487.85,INR,-18487.85,IOS Aarav,3,EQUAL,MAESTRO-IOS-GROUP-WEDDING-1598 | Travel | 18487.85,iPhone,B32,RAMP_1501_2500,CREATED,idem-20260902-ios-1598
1599,MTR-IOS-1599,Business,Business,Business Runway,Funding,Income,2025-11-18,06:00:08,2025-11-18 06:00:08,127627.36,INR,127627.36,IOS Owner,,,MAESTRO-IOS-BUSINESS-BUSINESS_RUNWAY-1599 | Funding | 127627.36,iPhone,B32,RAMP_1501_2500,CREATED,idem-20260902-ios-1599
1600,MTR-IOS-1600,Personal,Personal,Life Operations,Healthcare,Expense,2026-01-19,08:52:59,2026-01-19 08:52:59,5431.47,INR,-5431.47,IOS Owner,,,MAESTRO-IOS-PERSONAL-LIFE_OPERATIONS-1600 | Healthcare | 5431.47,iPhone,B32,RAMP_1501_2500,CREATED,idem-20260902-ios-1600
1601,MTR-IOS-1601,Group,Shared Experience,Wedding,Gifts,Expense,2026-03-01,08:29:39,2026-03-01 08:29:39,14306.45,INR,-14306.45,IOS Meera,3,PERCENTAGE,MAESTRO-IOS-GROUP-WEDDING-1601 | Gifts | 14306.45,iPhone,B33,RAMP_1501_2500,CREATED,idem-20260902-ios-1601
1602,MTR-IOS-1602,Business,Business,Business Runway,Revenue,Income,2026-02-03,05:57:17,2026-02-03 05:57:17,78033.42,INR,78033.42,IOS Owner,,,MAESTRO-IOS-BUSINESS-BUSINESS_RUNWAY-1602 | Revenue | 78033.42,iPhone,B33,RAMP_1501_2500,CREATED,idem-20260902-ios-1602
1603,MTR-IOS-1603,Personal,Personal,Life Operations,Subscriptions,Expense,2026-05-26,03:56:25,2026-05-26 03:56:25,15012.81,INR,-15012.81,IOS Owner,,,MAESTRO-IOS-PERSONAL-LIFE_OPERATIONS-1603 | Subscriptions | 15012.81,iPhone,B33,RAMP_1501_2500,CREATED,idem-20260902-ios-1603
1604,MTR-IOS-1604,Group,Shared Experience,Wedding,Photography,Expense,2026-06-17,18:47:45,2026-06-17 18:47:45,5433.13,INR,-5433.13,IOS Owner,3,EXACT,MAESTRO-IOS-GROUP-WEDDING-1604 | Photography | 5433.13,iPhone,B33,RAMP_1501_2500,CREATED,idem-20260902-ios-1604
1605,MTR-IOS-1605,Business,Business,Business Runway,Burn,Expense,2026-06-06,08:28:38,2026-06-06 08:28:38,36009.52,INR,-36009.52,IOS Owner,,,MAESTRO-IOS-BUSINESS-BUSINESS_RUNWAY-1605 | Burn | 36009.52,iPhone,B33,RAMP_1501_2500,CREATED,idem-20260902-ios-1605
1606,MTR-IOS-1606,Personal,Personal,Life Operations,Repairs,Expense,2025-11-11,07:51:30,2025-11-11 07:51:30,516.9,INR,-516.9,IOS Owner,,,MAESTRO-IOS-PERSONAL-LIFE_OPERATIONS-1606 | Repairs | 516.90,iPhone,B33,RAMP_1501_2500,CREATED,idem-20260902-ios-1606
1607,MTR-IOS-1607,Group,Shared Experience,Wedding,Other,Expense,2025-10-03,11:12:58,2025-10-03 11:12:58,10884.72,INR,-10884.72,IOS Aarav,3,SHARES,MAESTRO-IOS-GROUP-WEDDING-1607 | Other | 10884.72,iPhone,B33,RAMP_1501_2500,CREATED,idem-20260902-ios-1607
1608,MTR-IOS-1608,Business,Business,Business Runway,Reserve,Transfer,2025-12-14,06:13:35,2025-12-14 06:13:35,116245.32,INR,0.0,IOS Owner,,,MAESTRO-IOS-BUSINESS-BUSINESS_RUNWAY-1608 | Reserve | 116245.32,iPhone,B33,RAMP_1501_2500,CREATED,idem-20260902-ios-1608
1609,MTR-IOS-1609,Personal,Personal,Future Building,Savings,Transfer,2026-03-20,08:29:47,2026-03-20 08:29:47,16776.88,INR,0.0,IOS Owner,,,MAESTRO-IOS-PERSONAL-FUTURE_BUILDING-1609 | Savings | 16776.88,iPhone,B33,RAMP_1501_2500,CREATED,idem-20260902-ios-1609
1610,MTR-IOS-1610,Group,Shared Experience,Office Outing,Food,Expense,2025-10-20,08:44:27,2025-10-20 08:44:27,20443.62,INR,-20443.62,IOS Meera,3,EQUAL,MAESTRO-IOS-GROUP-OFFICE_OUTING-1610 | Food | 20443.62,iPhone,B33,RAMP_1501_2500,CREATED,idem-20260902-ios-1610
1611,MTR-IOS-1611,Business,Business,Business Runway,Loan,Income,2026-08-25,15:47:31,2026-08-25 15:47:31,53077.7,INR,53077.7,IOS Owner,,,MAESTRO-IOS-BUSINESS-BUSINESS_RUNWAY-1611 | Loan | 53077.70,iPhone,B33,RAMP_1501_2500,CREATED,idem-20260902-ios-1611
1612,MTR-IOS-1612,Personal,Personal,Future Building,Emergency Fund,Transfer,2026-08-27,23:18:07,2026-08-27 23:18:07,11619.93,INR,0.0,IOS Owner,,,MAESTRO-IOS-PERSONAL-FUTURE_BUILDING-1612 | Emergency Fund | 11619.93,iPhone,B33,RAMP_1501_2500,CREATED,idem-20260902-ios-1612
1613,MTR-IOS-1613,Group,Shared Experience,Office Outing,Travel,Expense,2026-02-25,23:31:29,2026-02-25 23:31:29,21464.89,INR,-21464.89,IOS Owner,3,PERCENTAGE,MAESTRO-IOS-GROUP-OFFICE_OUTING-1613 | Travel | 21464.89,iPhone,B33,RAMP_1501_2500,CREATED,idem-20260902-ios-1613
1614,MTR-IOS-1614,Business,Business,Business Runway,Investment,Income,2026-05-08,09:04:05,2026-05-08 09:04:05,48719.55,INR,48719.55,IOS Owner,,,MAESTRO-IOS-BUSINESS-BUSINESS_RUNWAY-1614 | Investment | 48719.55,iPhone,B33,RAMP_1501_2500,CREATED,idem-20260902-ios-1614
1615,MTR-IOS-1615,Personal,Personal,Future Building,Investments,Investment,2026-07-01,10:37:59,2026-07-01 10:37:59,966.74,INR,0.0,IOS Owner,,,MAESTRO-IOS-PERSONAL-FUTURE_BUILDING-1615 | Investments | 966.74,iPhone,B33,RAMP_1501_2500,CREATED,idem-20260902-ios-1615
1616,MTR-IOS-1616,Group,Shared Experience,Office Outing,Activities,Expense,2026-03-02,17:40:22,2026-03-02 17:40:22,22321.64,INR,-22321.64,IOS Aarav,3,EXACT,MAESTRO-IOS-GROUP-OFFICE_OUTING-1616 | Activities | 22321.64,iPhone,B33,RAMP_1501_2500,CREATED,idem-20260902-ios-1616
1617,MTR-IOS-1617,Business,Business,Business Operations,Software,Expense,2026-04-04,01:13:34,2026-04-04 01:13:34,80884.12,INR,-80884.12,IOS Owner,,,MAESTRO-IOS-BUSINESS-BUSINESS_OPERATIONS-1617 | Software | 80884.12,iPhone,B33,RAMP_1501_2500,CREATED,idem-20260902-ios-1617
1618,MTR-IOS-1618,Personal,Personal,Future Building,Education,Expense,2026-07-16,09:08:54,2026-07-16 09:08:54,3583.81,INR,-3583.81,IOS Owner,,,MAESTRO-IOS-PERSONAL-FUTURE_BUILDING-1618 | Education | 3583.81,iPhone,B33,RAMP_1501_2500,CREATED,idem-20260902-ios-1618
1619,MTR-IOS-1619,Group,Shared Experience,Office Outing,Venue,Expense,2025-12-18,18:24:48,2025-12-18 18:24:48,25906.16,INR,-25906.16,IOS Meera,3,SHARES,MAESTRO-IOS-GROUP-OFFICE_OUTING-1619 | Venue | 25906.16,iPhone,B33,RAMP_1501_2500,CREATED,idem-20260902-ios-1619
1620,MTR-IOS-1620,Business,Business,Business Operations,Rent,Expense,2026-04-14,17:49:54,2026-04-14 17:49:54,24617.82,INR,-24617.82,IOS Owner,,,MAESTRO-IOS-BUSINESS-BUSINESS_OPERATIONS-1620 | Rent | 24617.82,iPhone,B33,RAMP_1501_2500,CREATED,idem-20260902-ios-1620
1621,MTR-IOS-1621,Personal,Personal,Future Building,Goal Contribution,Transfer,2025-09-26,02:51:00,2025-09-26 02:51:00,8563.36,INR,0.0,IOS Owner,,,MAESTRO-IOS-PERSONAL-FUTURE_BUILDING-1621 | Goal Contribution | 8563.36,iPhone,B33,RAMP_1501_2500,CREATED,idem-20260902-ios-1621
1622,MTR-IOS-1622,Group,Shared Experience,Office Outing,Other,Expense,2026-07-15,09:08:18,2026-07-15 09:08:18,22398.34,INR,-22398.34,IOS Owner,3,EQUAL,MAESTRO-IOS-GROUP-OFFICE_OUTING-1622 | Other | 22398.34,iPhone,B33,RAMP_1501_2500,CREATED,idem-20260902-ios-1622
1623,MTR-IOS-1623,Business,Business,Business Operations,Marketing,Expense,2026-08-20,08:12:48,2026-08-20 08:12:48,54497.26,INR,-54497.26,IOS Owner,,,MAESTRO-IOS-BUSINESS-BUSINESS_OPERATIONS-1623 | Marketing | 54497.26,iPhone,B33,RAMP_1501_2500,CREATED,idem-20260902-ios-1623
1624,MTR-IOS-1624,Personal,Personal,Lifestyle,Dining,Expense,2025-12-27,17:11:15,2025-12-27 17:11:15,5301.06,INR,-5301.06,IOS Owner,,,MAESTRO-IOS-PERSONAL-LIFESTYLE-1624 | Dining | 5301.06,iPhone,B33,RAMP_1501_2500,CREATED,idem-20260902-ios-1624
1625,MTR-IOS-1625,Group,Shared Experience,House Party,Food,Expense,2026-07-30,14:18:52,2026-07-30 14:18:52,13039.88,INR,-13039.88,IOS Aarav,3,PERCENTAGE,MAESTRO-IOS-GROUP-HOUSE_PARTY-1625 | Food | 13039.88,iPhone,B33,RAMP_1501_2500,CREATED,idem-20260902-ios-1625
1626,MTR-IOS-1626,Business,Business,Business Operations,Legal,Expense,2026-07-24,20:59:40,2026-07-24 20:59:40,27390.23,INR,-27390.23,IOS Owner,,,MAESTRO-IOS-BUSINESS-BUSINESS_OPERATIONS-1626 | Legal | 27390.23,iPhone,B33,RAMP_1501_2500,CREATED,idem-20260902-ios-1626
1627,MTR-IOS-1627,Personal,Personal,Lifestyle,Shopping,Expense,2025-11-10,11:37:40,2025-11-10 11:37:40,77.48,INR,-77.48,IOS Owner,,,MAESTRO-IOS-PERSONAL-LIFESTYLE-1627 | Shopping | 77.48,iPhone,B33,RAMP_1501_2500,CREATED,idem-20260902-ios-1627
1628,MTR-IOS-1628,Group,Shared Experience,House Party,Drinks,Expense,2026-04-30,02:17:49,2026-04-30 02:17:49,99.99,INR,-99.99,IOS Meera,3,EXACT,MAESTRO-IOS-GROUP-HOUSE_PARTY-1628 | Drinks | 99.99,iPhone,B33,RAMP_1501_2500,CREATED,idem-20260902-ios-1628
1629,MTR-IOS-1629,Business,Business,Business Operations,Accounting,Expense,2025-11-15,10:06:32,2025-11-15 10:06:32,154139.79,INR,-154139.79,IOS Owner,,,MAESTRO-IOS-BUSINESS-BUSINESS_OPERATIONS-1629 | Accounting | 154139.79,iPhone,B33,RAMP_1501_2500,CREATED,idem-20260902-ios-1629
1630,MTR-IOS-1630,Personal,Personal,Lifestyle,Entertainment,Expense,2026-06-17,04:58:43,2026-06-17 04:58:43,1152.75,INR,-1152.75,IOS Owner,,,MAESTRO-IOS-PERSONAL-LIFESTYLE-1630 | Entertainment | 1152.75,iPhone,B33,RAMP_1501_2500,CREATED,idem-20260902-ios-1630
1631,MTR-IOS-1631,Group,Shared Experience,House Party,Decor,Expense,2026-04-24,14:46:58,2026-04-24 14:46:58,24086.98,INR,-24086.98,IOS Owner,3,SHARES,MAESTRO-IOS-GROUP-HOUSE_PARTY-1631 | Decor | 24086.98,iPhone,B33,RAMP_1501_2500,CREATED,idem-20260902-ios-1631
1632,MTR-IOS-1632,Business,Business,Business Operations,Equipment,Expense,2026-02-14,18:07:58,2026-02-14 18:07:58,12952.4,INR,-12952.4,IOS Owner,,,MAESTRO-IOS-BUSINESS-BUSINESS_OPERATIONS-1632 | Equipment | 12952.40,iPhone,B33,RAMP_1501_2500,CREATED,idem-20260902-ios-1632
1633,MTR-IOS-1633,Personal,Personal,Lifestyle,Travel,Expense,2025-09-24,22:11:06,2025-09-24 22:11:06,15000.34,INR,-15000.34,IOS Owner,,,MAESTRO-IOS-PERSONAL-LIFESTYLE-1633 | Travel | 15000.34,iPhone,B33,RAMP_1501_2500,CREATED,idem-20260902-ios-1633
1634,MTR-IOS-1634,Group,Shared Experience,House Party,Supplies,Expense,2026-04-08,06:49:21,2026-04-08 06:49:21,20791.16,INR,-20791.16,IOS Aarav,3,EQUAL,MAESTRO-IOS-GROUP-HOUSE_PARTY-1634 | Supplies | 20791.16,iPhone,B33,RAMP_1501_2500,CREATED,idem-20260902-ios-1634
1635,MTR-IOS-1635,Business,Business,Business Operations,Vendor,Expense,2026-03-02,04:08:51,2026-03-02 04:08:51,41963.66,INR,-41963.66,IOS Owner,,,MAESTRO-IOS-BUSINESS-BUSINESS_OPERATIONS-1635 | Vendor | 41963.66,iPhone,B33,RAMP_1501_2500,CREATED,idem-20260902-ios-1635
1636,MTR-IOS-1636,Personal,Personal,Lifestyle,Fitness,Expense,2026-07-20,14:43:45,2026-07-20 14:43:45,8171.44,INR,-8171.44,IOS Owner,,,MAESTRO-IOS-PERSONAL-LIFESTYLE-1636 | Fitness | 8171.44,iPhone,B33,RAMP_1501_2500,CREATED,idem-20260902-ios-1636
1637,MTR-IOS-1637,Group,Shared Experience,House Party,Other,Expense,2026-02-19,20:04:27,2026-02-19 20:04:27,16284.05,INR,-16284.05,IOS Meera,3,PERCENTAGE,MAESTRO-IOS-GROUP-HOUSE_PARTY-1637 | Other | 16284.05,iPhone,B33,RAMP_1501_2500,CREATED,idem-20260902-ios-1637
1638,MTR-IOS-1638,Business,Business,Business Operations,Tax,Expense,2025-12-29,03:29:04,2025-12-29 03:29:04,6057.04,INR,-6057.04,IOS Owner,,,MAESTRO-IOS-BUSINESS-BUSINESS_OPERATIONS-1638 | Tax | 6057.04,iPhone,B33,RAMP_1501_2500,CREATED,idem-20260902-ios-1638
1639,MTR-IOS-1639,Personal,Personal,Lifestyle,Hobbies,Expense,2026-01-08,17:08:13,2026-01-08 17:08:13,5407.78,INR,-5407.78,IOS Owner,,,MAESTRO-IOS-PERSONAL-LIFESTYLE-1639 | Hobbies | 5407.78,iPhone,B33,RAMP_1501_2500,CREATED,idem-20260902-ios-1639
1640,MTR-IOS-1640,Group,Shared Purchase,Gift Pool,Contribution,Contribution,2025-10-15,00:10:35,2025-10-15 00:10:35,19280.27,INR,19280.27,IOS Owner,3,EXACT,MAESTRO-IOS-GROUP-GIFT_POOL-1640 | Contribution | 19280.27,iPhone,B33,RAMP_1501_2500,CREATED,idem-20260902-ios-1640
1641,MTR-IOS-1641,Business,Business,Team Operations,Payroll,Expense,2026-07-31,23:43:55,2026-07-31 23:43:55,63959.82,INR,-63959.82,IOS Owner,,,MAESTRO-IOS-BUSINESS-TEAM_OPERATIONS-1641 | Payroll | 63959.82,iPhone,B33,RAMP_1501_2500,CREATED,idem-20260902-ios-1641
1642,MTR-IOS-1642,Personal,Personal,Relationships,Gifts,Expense,2026-04-05,00:20:40,2026-04-05 00:20:40,1403.62,INR,-1403.62,IOS Owner,,,MAESTRO-IOS-PERSONAL-RELATIONSHIPS-1642 | Gifts | 1403.62,iPhone,B33,RAMP_1501_2500,CREATED,idem-20260902-ios-1642
1643,MTR-IOS-1643,Group,Shared Purchase,Gift Pool,Gift Purchase,Expense,2026-08-12,18:29:41,2026-08-12 18:29:41,1065.63,INR,-1065.63,IOS Aarav,3,SHARES,MAESTRO-IOS-GROUP-GIFT_POOL-1643 | Gift Purchase | 1065.63,iPhone,B33,RAMP_1501_2500,CREATED,idem-20260902-ios-1643
1644,MTR-IOS-1644,Business,Business,Team Operations,Contractor,Expense,2026-03-24,20:02:55,2026-03-24 20:02:55,123043.97,INR,-123043.97,IOS Owner,,,MAESTRO-IOS-BUSINESS-TEAM_OPERATIONS-1644 | Contractor | 123043.97,iPhone,B33,RAMP_1501_2500,CREATED,idem-20260902-ios-1644
1645,MTR-IOS-1645,Personal,Personal,Relationships,Dates,Expense,2025-09-19,03:14:23,2025-09-19 03:14:23,16912.75,INR,-16912.75,IOS Owner,,,MAESTRO-IOS-PERSONAL-RELATIONSHIPS-1645 | Dates | 16912.75,iPhone,B33,RAMP_1501_2500,CREATED,idem-20260902-ios-1645
1646,MTR-IOS-1646,Group,Shared Purchase,Gift Pool,Delivery,Expense,2026-01-08,00:24:39,2026-01-08 00:24:39,15815.5,INR,-15815.5,IOS Meera,3,EQUAL,MAESTRO-IOS-GROUP-GIFT_POOL-1646 | Delivery | 15815.50,iPhone,B33,RAMP_1501_2500,CREATED,idem-20260902-ios-1646
1647,MTR-IOS-1647,Business,Business,Team Operations,Hiring,Expense,2026-01-26,07:21:51,2026-01-26 07:21:51,163110.79,INR,-163110.79,IOS Owner,,,MAESTRO-IOS-BUSINESS-TEAM_OPERATIONS-1647 | Hiring | 163110.79,iPhone,B33,RAMP_1501_2500,CREATED,idem-20260902-ios-1647
1648,MTR-IOS-1648,Personal,Personal,Relationships,Family,Expense,2026-06-15,21:23:15,2026-06-15 21:23:15,10121.45,INR,-10121.45,IOS Owner,,,MAESTRO-IOS-PERSONAL-RELATIONSHIPS-1648 | Family | 10121.45,iPhone,B33,RAMP_1501_2500,CREATED,idem-20260902-ios-1648
1649,MTR-IOS-1649,Group,Shared Purchase,Gift Pool,Other,Expense,2026-06-10,05:51:05,2026-06-10 05:51:05,13329.01,INR,-13329.01,IOS Owner,3,PERCENTAGE,MAESTRO-IOS-GROUP-GIFT_POOL-1649 | Other | 13329.01,iPhone,B33,RAMP_1501_2500,CREATED,idem-20260902-ios-1649
1650,MTR-IOS-1650,Business,Business,Team Operations,Team Meal,Expense,2026-07-11,04:59:16,2026-07-11 04:59:16,146969.73,INR,-146969.73,IOS Owner,,,MAESTRO-IOS-BUSINESS-TEAM_OPERATIONS-1650 | Team Meal | 146969.73,iPhone,B33,RAMP_1501_2500,CREATED,idem-20260902-ios-1650
1651,MTR-IOS-1651,Personal,Personal,Relationships,Friends,Expense,2026-02-07,10:13:47,2026-02-07 10:13:47,12701.95,INR,-12701.95,IOS Owner,,,MAESTRO-IOS-PERSONAL-RELATIONSHIPS-1651 | Friends | 12701.95,iPhone,B34,RAMP_1501_2500,CREATED,idem-20260902-ios-1651
1652,MTR-IOS-1652,Group,Shared Purchase,Purchase,Item,Expense,2025-12-14,00:48:54,2025-12-14 00:48:54,22932.93,INR,-22932.93,IOS Aarav,3,EXACT,MAESTRO-IOS-GROUP-PURCHASE-1652 | Item | 22932.93,iPhone,B34,RAMP_1501_2500,CREATED,idem-20260902-ios-1652
1653,MTR-IOS-1653,Business,Business,Team Operations,Travel,Expense,2026-06-11,16:13:56,2026-06-11 16:13:56,4994.08,INR,-4994.08,IOS Owner,,,MAESTRO-IOS-BUSINESS-TEAM_OPERATIONS-1653 | Travel | 4994.08,iPhone,B34,RAMP_1501_2500,CREATED,idem-20260902-ios-1653
1654,MTR-IOS-1654,Personal,Personal,Relationships,Celebrations,Expense,2026-08-31,12:09:45,2026-08-31 12:09:45,8134.02,INR,-8134.02,IOS Owner,,,MAESTRO-IOS-PERSONAL-RELATIONSHIPS-1654 | Celebrations | 8134.02,iPhone,B34,RAMP_1501_2500,CREATED,idem-20260902-ios-1654
1655,MTR-IOS-1655,Group,Shared Purchase,Purchase,Shipping,Expense,2025-10-24,04:13:27,2025-10-24 04:13:27,9343.57,INR,-9343.57,IOS Meera,3,SHARES,MAESTRO-IOS-GROUP-PURCHASE-1655 | Shipping | 9343.57,iPhone,B34,RAMP_1501_2500,CREATED,idem-20260902-ios-1655
1656,MTR-IOS-1656,Business,Business,Team Operations,Training,Expense,2025-12-24,19:34:22,2025-12-24 19:34:22,63976.29,INR,-63976.29,IOS Owner,,,MAESTRO-IOS-BUSINESS-TEAM_OPERATIONS-1656 | Training | 63976.29,iPhone,B34,RAMP_1501_2500,CREATED,idem-20260902-ios-1656
1657,MTR-IOS-1657,Personal,Personal,Life Operations,Groceries,Expense,2026-08-24,15:50:19,2026-08-24 15:50:19,1874.13,INR,-1874.13,IOS Owner,,,MAESTRO-IOS-PERSONAL-LIFE_OPERATIONS-1657 | Groceries | 1874.13,iPhone,B34,RAMP_1501_2500,CREATED,idem-20260902-ios-1657
1658,MTR-IOS-1658,Group,Shared Purchase,Purchase,Tax,Expense,2026-04-12,04:49:56,2026-04-12 04:49:56,13900.64,INR,-13900.64,IOS Owner,3,EQUAL,MAESTRO-IOS-GROUP-PURCHASE-1658 | Tax | 13900.64,iPhone,B34,RAMP_1501_2500,CREATED,idem-20260902-ios-1658
1659,MTR-IOS-1659,Business,Business,Team Operations,Tools,Expense,2026-06-09,11:39:31,2026-06-09 11:39:31,44421.05,INR,-44421.05,IOS Owner,,,MAESTRO-IOS-BUSINESS-TEAM_OPERATIONS-1659 | Tools | 44421.05,iPhone,B34,RAMP_1501_2500,CREATED,idem-20260902-ios-1659
1660,MTR-IOS-1660,Personal,Personal,Life Operations,Rent,Expense,2026-04-25,05:06:37,2026-04-25 05:06:37,7618.07,INR,-7618.07,IOS Owner,,,MAESTRO-IOS-PERSONAL-LIFE_OPERATIONS-1660 | Rent | 7618.07,iPhone,B34,RAMP_1501_2500,CREATED,idem-20260902-ios-1660
1661,MTR-IOS-1661,Group,Shared Purchase,Purchase,Other,Expense,2025-11-04,16:20:04,2025-11-04 16:20:04,19074.07,INR,-19074.07,IOS Aarav,3,PERCENTAGE,MAESTRO-IOS-GROUP-PURCHASE-1661 | Other | 19074.07,iPhone,B34,RAMP_1501_2500,CREATED,idem-20260902-ios-1661
1662,MTR-IOS-1662,Business,Business,Business Runway,Funding,Income,2025-11-01,06:51:07,2025-11-01 06:51:07,59612.03,INR,59612.03,IOS Owner,,,MAESTRO-IOS-BUSINESS-BUSINESS_RUNWAY-1662 | Funding | 59612.03,iPhone,B34,RAMP_1501_2500,CREATED,idem-20260902-ios-1662
1663,MTR-IOS-1663,Personal,Personal,Life Operations,Bills,Expense,2025-09-07,16:16:11,2025-09-07 16:16:11,15414.32,INR,-15414.32,IOS Owner,,,MAESTRO-IOS-PERSONAL-LIFE_OPERATIONS-1663 | Bills | 15414.32,iPhone,B34,RAMP_1501_2500,CREATED,idem-20260902-ios-1663
1664,MTR-IOS-1664,Group,Shared Purchase,Assets,Purchase,Expense,2026-04-09,18:03:14,2026-04-09 18:03:14,23010.09,INR,-23010.09,IOS Meera,3,EXACT,MAESTRO-IOS-GROUP-ASSETS-1664 | Purchase | 23010.09,iPhone,B34,RAMP_1501_2500,CREATED,idem-20260902-ios-1664
1665,MTR-IOS-1665,Business,Business,Business Runway,Revenue,Income,2026-01-04,11:19:01,2026-01-04 11:19:01,100.0,INR,100.0,IOS Owner,,,MAESTRO-IOS-BUSINESS-BUSINESS_RUNWAY-1665 | Revenue | 100.00,iPhone,B34,RAMP_1501_2500,CREATED,idem-20260902-ios-1665
1666,MTR-IOS-1666,Personal,Personal,Life Operations,Transport,Expense,2026-03-26,20:42:41,2026-03-26 20:42:41,12266.07,INR,-12266.07,IOS Owner,,,MAESTRO-IOS-PERSONAL-LIFE_OPERATIONS-1666 | Transport | 12266.07,iPhone,B34,RAMP_1501_2500,CREATED,idem-20260902-ios-1666
1667,MTR-IOS-1667,Group,Shared Purchase,Assets,Maintenance,Expense,2025-12-16,17:46:24,2025-12-16 17:46:24,10282.26,INR,-10282.26,IOS Owner,3,SHARES,MAESTRO-IOS-GROUP-ASSETS-1667 | Maintenance | 10282.26,iPhone,B34,RAMP_1501_2500,CREATED,idem-20260902-ios-1667
1668,MTR-IOS-1668,Business,Business,Business Runway,Burn,Expense,2025-10-02,10:58:36,2025-10-02 10:58:36,78874.72,INR,-78874.72,IOS Owner,,,MAESTRO-IOS-BUSINESS-BUSINESS_RUNWAY-1668 | Burn | 78874.72,iPhone,B34,RAMP_1501_2500,CREATED,idem-20260902-ios-1668
1669,MTR-IOS-1669,Personal,Personal,Life Operations,Healthcare,Expense,2026-02-06,13:54:50,2026-02-06 13:54:50,1290.8,INR,-1290.8,IOS Owner,,,MAESTRO-IOS-PERSONAL-LIFE_OPERATIONS-1669 | Healthcare | 1290.80,iPhone,B34,RAMP_1501_2500,CREATED,idem-20260902-ios-1669
1670,MTR-IOS-1670,Group,Shared Purchase,Assets,Repair,Expense,2025-10-16,23:04:23,2025-10-16 23:04:23,23683.88,INR,-23683.88,IOS Aarav,3,EQUAL,MAESTRO-IOS-GROUP-ASSETS-1670 | Repair | 23683.88,iPhone,B34,RAMP_1501_2500,CREATED,idem-20260902-ios-1670
1671,MTR-IOS-1671,Business,Business,Business Runway,Reserve,Transfer,2026-08-30,17:08:13,2026-08-30 17:08:13,72835.28,INR,0.0,IOS Owner,,,MAESTRO-IOS-BUSINESS-BUSINESS_RUNWAY-1671 | Reserve | 72835.28,iPhone,B34,RAMP_1501_2500,CREATED,idem-20260902-ios-1671
1672,MTR-IOS-1672,Personal,Personal,Life Operations,Subscriptions,Expense,2026-08-20,06:37:49,2026-08-20 06:37:49,6229.09,INR,-6229.09,IOS Owner,,,MAESTRO-IOS-PERSONAL-LIFE_OPERATIONS-1672 | Subscriptions | 6229.09,iPhone,B34,RAMP_1501_2500,CREATED,idem-20260902-ios-1672
1673,MTR-IOS-1673,Group,Shared Purchase,Assets,Insurance,Expense,2026-08-19,14:01:12,2026-08-19 14:01:12,23777.99,INR,-23777.99,IOS Meera,3,PERCENTAGE,MAESTRO-IOS-GROUP-ASSETS-1673 | Insurance | 23777.99,iPhone,B34,RAMP_1501_2500,CREATED,idem-20260902-ios-1673
1674,MTR-IOS-1674,Business,Business,Business Runway,Loan,Income,2026-06-05,14:12:58,2026-06-05 14:12:58,132841.16,INR,132841.16,IOS Owner,,,MAESTRO-IOS-BUSINESS-BUSINESS_RUNWAY-1674 | Loan | 132841.16,iPhone,B34,RAMP_1501_2500,CREATED,idem-20260902-ios-1674
1675,MTR-IOS-1675,Personal,Personal,Life Operations,Repairs,Expense,2026-05-25,07:58:06,2026-05-25 07:58:06,13227.61,INR,-13227.61,IOS Owner,,,MAESTRO-IOS-PERSONAL-LIFE_OPERATIONS-1675 | Repairs | 13227.61,iPhone,B34,RAMP_1501_2500,CREATED,idem-20260902-ios-1675
1676,MTR-IOS-1676,Group,Shared Purchase,Assets,Other,Expense,2025-11-16,08:11:30,2025-11-16 08:11:30,16087.03,INR,-16087.03,IOS Owner,3,EXACT,MAESTRO-IOS-GROUP-ASSETS-1676 | Other | 16087.03,iPhone,B34,RAMP_1501_2500,CREATED,idem-20260902-ios-1676
1677,MTR-IOS-1677,Business,Business,Business Runway,Investment,Income,2026-01-02,04:14:11,2026-01-02 04:14:11,77295.58,INR,77295.58,IOS Owner,,,MAESTRO-IOS-BUSINESS-BUSINESS_RUNWAY-1677 | Investment | 77295.58,iPhone,B34,RAMP_1501_2500,CREATED,idem-20260902-ios-1677
1678,MTR-IOS-1678,Personal,Personal,Future Building,Savings,Transfer,2026-05-16,12:43:38,2026-05-16 12:43:38,9090.56,INR,0.0,IOS Owner,,,MAESTRO-IOS-PERSONAL-FUTURE_BUILDING-1678 | Savings | 9090.56,iPhone,B34,RAMP_1501_2500,CREATED,idem-20260902-ios-1678
1679,MTR-IOS-1679,Group,Shared Purchase,Custom Purchase,Custom Expense,Expense,2026-04-10,13:55:32,2026-04-10 13:55:32,11000.8,INR,-11000.8,IOS Aarav,3,SHARES,MAESTRO-IOS-GROUP-CUSTOM_PURCHASE-1679 | Custom Expense | 11000.80,iPhone,B34,RAMP_1501_2500,CREATED,idem-20260902-ios-1679
1680,MTR-IOS-1680,Business,Business,Business Operations,Software,Expense,2026-06-08,00:42:59,2026-06-08 00:42:59,161326.32,INR,-161326.32,IOS Owner,,,MAESTRO-IOS-BUSINESS-BUSINESS_OPERATIONS-1680 | Software | 161326.32,iPhone,B34,RAMP_1501_2500,CREATED,idem-20260902-ios-1680
1681,MTR-IOS-1681,Personal,Personal,Future Building,Emergency Fund,Transfer,2026-02-10,00:50:24,2026-02-10 00:50:24,17809.47,INR,0.0,IOS Owner,,,MAESTRO-IOS-PERSONAL-FUTURE_BUILDING-1681 | Emergency Fund | 17809.47,iPhone,B34,RAMP_1501_2500,CREATED,idem-20260902-ios-1681
1682,MTR-IOS-1682,Group,Shared Purchase,Custom Purchase,Custom Contribution,Contribution,2026-07-24,02:06:28,2026-07-24 02:06:28,20177.18,INR,20177.18,IOS Meera,3,EQUAL,MAESTRO-IOS-GROUP-CUSTOM_PURCHASE-1682 | Custom Contribution | 20177.18,iPhone,B34,RAMP_1501_2500,CREATED,idem-20260902-ios-1682
1683,MTR-IOS-1683,Business,Business,Business Operations,Rent,Expense,2026-07-09,21:35:50,2026-07-09 21:35:50,122248.81,INR,-122248.81,IOS Owner,,,MAESTRO-IOS-BUSINESS-BUSINESS_OPERATIONS-1683 | Rent | 122248.81,iPhone,B34,RAMP_1501_2500,CREATED,idem-20260902-ios-1683
1684,MTR-IOS-1684,Personal,Personal,Future Building,Investments,Investment,2025-09-06,01:52:20,2025-09-06 01:52:20,2280.7,INR,0.0,IOS Owner,,,MAESTRO-IOS-PERSONAL-FUTURE_BUILDING-1684 | Investments | 2280.70,iPhone,B34,RAMP_1501_2500,CREATED,idem-20260902-ios-1684
1685,MTR-IOS-1685,Group,Shared Living,Flatmates,Rent,Expense,2025-11-18,16:25:49,2025-11-18 16:25:49,26914.08,INR,-26914.08,IOS Owner,3,PERCENTAGE,MAESTRO-IOS-GROUP-FLATMATES-1685 | Rent | 26914.08,iPhone,B34,RAMP_1501_2500,CREATED,idem-20260902-ios-1685
1686,MTR-IOS-1686,Business,Business,Business Operations,Marketing,Expense,2025-09-23,06:19:56,2025-09-23 06:19:56,114559.95,INR,-114559.95,IOS Owner,,,MAESTRO-IOS-BUSINESS-BUSINESS_OPERATIONS-1686 | Marketing | 114559.95,iPhone,B34,RAMP_1501_2500,CREATED,idem-20260902-ios-1686
1687,MTR-IOS-1687,Personal,Personal,Future Building,Education,Expense,2026-04-15,00:55:42,2026-04-15 00:55:42,17247.48,INR,-17247.48,IOS Owner,,,MAESTRO-IOS-PERSONAL-FUTURE_BUILDING-1687 | Education | 17247.48,iPhone,B34,RAMP_1501_2500,CREATED,idem-20260902-ios-1687
1688,MTR-IOS-1688,Group,Shared Living,Flatmates,Utilities,Expense,2025-10-11,22:53:34,2025-10-11 22:53:34,26634.28,INR,-26634.28,IOS Aarav,3,EXACT,MAESTRO-IOS-GROUP-FLATMATES-1688 | Utilities | 26634.28,iPhone,B34,RAMP_1501_2500,CREATED,idem-20260902-ios-1688
1689,MTR-IOS-1689,Business,Business,Business Operations,Legal,Expense,2026-03-24,13:26:07,2026-03-24 13:26:07,104130.94,INR,-104130.94,IOS Owner,,,MAESTRO-IOS-BUSINESS-BUSINESS_OPERATIONS-1689 | Legal | 104130.94,iPhone,B34,RAMP_1501_2500,CREATED,idem-20260902-ios-1689
1690,MTR-IOS-1690,Personal,Personal,Future Building,Goal Contribution,Transfer,2026-07-08,07:17:45,2026-07-08 07:17:45,8544.63,INR,0.0,IOS Owner,,,MAESTRO-IOS-PERSONAL-FUTURE_BUILDING-1690 | Goal Contribution | 8544.63,iPhone,B34,RAMP_1501_2500,CREATED,idem-20260902-ios-1690
1691,MTR-IOS-1691,Group,Shared Living,Flatmates,Groceries,Expense,2026-01-23,08:14:22,2026-01-23 08:14:22,7867.74,INR,-7867.74,IOS Meera,3,SHARES,MAESTRO-IOS-GROUP-FLATMATES-1691 | Groceries | 7867.74,iPhone,B34,RAMP_1501_2500,CREATED,idem-20260902-ios-1691
1692,MTR-IOS-1692,Business,Business,Business Operations,Accounting,Expense,2025-12-17,22:41:38,2025-12-17 22:41:38,113506.89,INR,-113506.89,IOS Owner,,,MAESTRO-IOS-BUSINESS-BUSINESS_OPERATIONS-1692 | Accounting | 113506.89,iPhone,B34,RAMP_1501_2500,CREATED,idem-20260902-ios-1692
1693,MTR-IOS-1693,Personal,Personal,Lifestyle,Dining,Expense,2025-09-07,22:13:17,2025-09-07 22:13:17,15695.46,INR,-15695.46,IOS Owner,,,MAESTRO-IOS-PERSONAL-LIFESTYLE-1693 | Dining | 15695.46,iPhone,B34,RAMP_1501_2500,CREATED,idem-20260902-ios-1693
1694,MTR-IOS-1694,Group,Shared Living,Flatmates,Internet,Expense,2025-12-10,08:11:03,2025-12-10 08:11:03,5200.74,INR,-5200.74,IOS Owner,3,EQUAL,MAESTRO-IOS-GROUP-FLATMATES-1694 | Internet | 5200.74,iPhone,B34,RAMP_1501_2500,CREATED,idem-20260902-ios-1694
1695,MTR-IOS-1695,Business,Business,Business Operations,Equipment,Expense,2025-10-07,19:33:01,2025-10-07 19:33:01,33693.74,INR,-33693.74,IOS Owner,,,MAESTRO-IOS-BUSINESS-BUSINESS_OPERATIONS-1695 | Equipment | 33693.74,iPhone,B34,RAMP_1501_2500,CREATED,idem-20260902-ios-1695
1696,MTR-IOS-1696,Personal,Personal,Lifestyle,Shopping,Expense,2025-11-20,20:40:41,2025-11-20 20:40:41,3733.24,INR,-3733.24,IOS Owner,,,MAESTRO-IOS-PERSONAL-LIFESTYLE-1696 | Shopping | 3733.24,iPhone,B34,RAMP_1501_2500,CREATED,idem-20260902-ios-1696
1697,MTR-IOS-1697,Group,Shared Living,Flatmates,House Supplies,Expense,2026-07-01,15:40:51,2026-07-01 15:40:51,2269.1,INR,-2269.1,IOS Aarav,3,PERCENTAGE,MAESTRO-IOS-GROUP-FLATMATES-1697 | House Supplies | 2269.10,iPhone,B34,RAMP_1501_2500,CREATED,idem-20260902-ios-1697
1698,MTR-IOS-1698,Business,Business,Business Operations,Vendor,Expense,2025-11-21,21:30:44,2025-11-21 21:30:44,149993.28,INR,-149993.28,IOS Owner,,,MAESTRO-IOS-BUSINESS-BUSINESS_OPERATIONS-1698 | Vendor | 149993.28,iPhone,B34,RAMP_1501_2500,CREATED,idem-20260902-ios-1698
1699,MTR-IOS-1699,Personal,Personal,Lifestyle,Entertainment,Expense,2026-03-02,05:48:01,2026-03-02 05:48:01,4438.3,INR,-4438.3,IOS Owner,,,MAESTRO-IOS-PERSONAL-LIFESTYLE-1699 | Entertainment | 4438.30,iPhone,B34,RAMP_1501_2500,CREATED,idem-20260902-ios-1699
1700,MTR-IOS-1700,Group,Shared Living,Flatmates,Repairs,Expense,2026-07-22,00:03:46,2026-07-22 00:03:46,15676.34,INR,-15676.34,IOS Meera,3,EXACT,MAESTRO-IOS-GROUP-FLATMATES-1700 | Repairs | 15676.34,iPhone,B34,RAMP_1501_2500,CREATED,idem-20260902-ios-1700
1701,MTR-IOS-1701,Business,Business,Business Operations,Tax,Expense,2025-11-09,18:58:23,2025-11-09 18:58:23,58888.56,INR,-58888.56,IOS Owner,,,MAESTRO-IOS-BUSINESS-BUSINESS_OPERATIONS-1701 | Tax | 58888.56,iPhone,B35,RAMP_1501_2500,CREATED,idem-20260902-ios-1701
1702,MTR-IOS-1702,Personal,Personal,Lifestyle,Travel,Expense,2026-07-15,01:39:09,2026-07-15 01:39:09,999.99,INR,-999.99,IOS Owner,,,MAESTRO-IOS-PERSONAL-LIFESTYLE-1702 | Travel | 999.99,iPhone,B35,RAMP_1501_2500,CREATED,idem-20260902-ios-1702
1703,MTR-IOS-1703,Group,Shared Living,Shared Living,Rent,Expense,2025-09-20,14:50:44,2025-09-20 14:50:44,20869.27,INR,-20869.27,IOS Owner,3,SHARES,MAESTRO-IOS-GROUP-SHARED_LIVING-1703 | Rent | 20869.27,iPhone,B35,RAMP_1501_2500,CREATED,idem-20260902-ios-1703
1704,MTR-IOS-1704,Business,Business,Team Operations,Payroll,Expense,2025-10-04,22:49:32,2025-10-04 22:49:32,30953.51,INR,-30953.51,IOS Owner,,,MAESTRO-IOS-BUSINESS-TEAM_OPERATIONS-1704 | Payroll | 30953.51,iPhone,B35,RAMP_1501_2500,CREATED,idem-20260902-ios-1704
1705,MTR-IOS-1705,Personal,Personal,Lifestyle,Fitness,Expense,2026-03-07,08:59:00,2026-03-07 08:59:00,12563.36,INR,-12563.36,IOS Owner,,,MAESTRO-IOS-PERSONAL-LIFESTYLE-1705 | Fitness | 12563.36,iPhone,B35,RAMP_1501_2500,CREATED,idem-20260902-ios-1705
1706,MTR-IOS-1706,Group,Shared Living,Shared Living,Utilities,Expense,2026-01-21,19:24:35,2026-01-21 19:24:35,25655.5,INR,-25655.5,IOS Aarav,3,EQUAL,MAESTRO-IOS-GROUP-SHARED_LIVING-1706 | Utilities | 25655.50,iPhone,B35,RAMP_1501_2500,CREATED,idem-20260902-ios-1706
1707,MTR-IOS-1707,Business,Business,Team Operations,Contractor,Expense,2026-06-10,06:16:38,2026-06-10 06:16:38,145538.59,INR,-145538.59,IOS Owner,,,MAESTRO-IOS-BUSINESS-TEAM_OPERATIONS-1707 | Contractor | 145538.59,iPhone,B35,RAMP_1501_2500,CREATED,idem-20260902-ios-1707
1708,MTR-IOS-1708,Personal,Personal,Lifestyle,Hobbies,Expense,2026-04-18,16:40:10,2026-04-18 16:40:10,5262.55,INR,-5262.55,IOS Owner,,,MAESTRO-IOS-PERSONAL-LIFESTYLE-1708 | Hobbies | 5262.55,iPhone,B35,RAMP_1501_2500,CREATED,idem-20260902-ios-1708
1709,MTR-IOS-1709,Group,Shared Living,Shared Living,Groceries,Expense,2026-03-11,04:59:11,2026-03-11 04:59:11,18416.55,INR,-18416.55,IOS Meera,3,PERCENTAGE,MAESTRO-IOS-GROUP-SHARED_LIVING-1709 | Groceries | 18416.55,iPhone,B35,RAMP_1501_2500,CREATED,idem-20260902-ios-1709
1710,MTR-IOS-1710,Business,Business,Team Operations,Hiring,Expense,2026-07-09,04:50:14,2026-07-09 04:50:14,94434.17,INR,-94434.17,IOS Owner,,,MAESTRO-IOS-BUSINESS-TEAM_OPERATIONS-1710 | Hiring | 94434.17,iPhone,B35,RAMP_1501_2500,CREATED,idem-20260902-ios-1710
1711,MTR-IOS-1711,Personal,Personal,Relationships,Gifts,Expense,2026-08-04,05:54:24,2026-08-04 05:54:24,16204.75,INR,-16204.75,IOS Owner,,,MAESTRO-IOS-PERSONAL-RELATIONSHIPS-1711 | Gifts | 16204.75,iPhone,B35,RAMP_1501_2500,CREATED,idem-20260902-ios-1711
1712,MTR-IOS-1712,Group,Shared Living,Shared Living,Maintenance,Expense,2026-07-11,02:33:47,2026-07-11 02:33:47,7595.74,INR,-7595.74,IOS Owner,3,EXACT,MAESTRO-IOS-GROUP-SHARED_LIVING-1712 | Maintenance | 7595.74,iPhone,B35,RAMP_1501_2500,CREATED,idem-20260902-ios-1712
1713,MTR-IOS-1713,Business,Business,Team Operations,Team Meal,Expense,2026-03-13,20:12:19,2026-03-13 20:12:19,120396.8,INR,-120396.8,IOS Owner,,,MAESTRO-IOS-BUSINESS-TEAM_OPERATIONS-1713 | Team Meal | 120396.80,iPhone,B35,RAMP_1501_2500,CREATED,idem-20260902-ios-1713
1714,MTR-IOS-1714,Personal,Personal,Relationships,Dates,Expense,2026-08-01,09:06:03,2026-08-01 09:06:03,6883.88,INR,-6883.88,IOS Owner,,,MAESTRO-IOS-PERSONAL-RELATIONSHIPS-1714 | Dates | 6883.88,iPhone,B35,RAMP_1501_2500,CREATED,idem-20260902-ios-1714
1715,MTR-IOS-1715,Group,Shared Living,Shared Living,Other,Expense,2025-09-26,10:30:18,2025-09-26 10:30:18,25711.24,INR,-25711.24,IOS Aarav,3,SHARES,MAESTRO-IOS-GROUP-SHARED_LIVING-1715 | Other | 25711.24,iPhone,B35,RAMP_1501_2500,CREATED,idem-20260902-ios-1715
1716,MTR-IOS-1716,Business,Business,Team Operations,Travel,Expense,2025-12-19,05:20:12,2025-12-19 05:20:12,108472.7,INR,-108472.7,IOS Owner,,,MAESTRO-IOS-BUSINESS-TEAM_OPERATIONS-1716 | Travel | 108472.70,iPhone,B35,RAMP_1501_2500,CREATED,idem-20260902-ios-1716
1717,MTR-IOS-1717,Personal,Personal,Relationships,Family,Expense,2026-03-09,21:42:02,2026-03-09 21:42:02,9131.94,INR,-9131.94,IOS Owner,,,MAESTRO-IOS-PERSONAL-RELATIONSHIPS-1717 | Family | 9131.94,iPhone,B35,RAMP_1501_2500,CREATED,idem-20260902-ios-1717
1718,MTR-IOS-1718,Group,Shared Living,Family Household,School,Expense,2026-03-30,15:13:12,2026-03-30 15:13:12,22024.59,INR,-22024.59,IOS Meera,3,EQUAL,MAESTRO-IOS-GROUP-FAMILY_HOUSEHOLD-1718 | School | 22024.59,iPhone,B35,RAMP_1501_2500,CREATED,idem-20260902-ios-1718
1719,MTR-IOS-1719,Business,Business,Team Operations,Training,Expense,2025-10-01,15:26:24,2025-10-01 15:26:24,28520.0,INR,-28520.0,IOS Owner,,,MAESTRO-IOS-BUSINESS-TEAM_OPERATIONS-1719 | Training | 28520.00,iPhone,B35,RAMP_1501_2500,CREATED,idem-20260902-ios-1719
1720,MTR-IOS-1720,Personal,Personal,Relationships,Friends,Expense,2026-06-21,00:03:57,2026-06-21 00:03:57,10369.47,INR,-10369.47,IOS Owner,,,MAESTRO-IOS-PERSONAL-RELATIONSHIPS-1720 | Friends | 10369.47,iPhone,B35,RAMP_1501_2500,CREATED,idem-20260902-ios-1720
1721,MTR-IOS-1721,Group,Shared Living,Family Household,Other,Expense,2026-06-22,06:35:23,2026-06-22 06:35:23,8715.26,INR,-8715.26,IOS Owner,3,PERCENTAGE,MAESTRO-IOS-GROUP-FAMILY_HOUSEHOLD-1721 | Other | 8715.26,iPhone,B35,RAMP_1501_2500,CREATED,idem-20260902-ios-1721
1722,MTR-IOS-1722,Business,Business,Team Operations,Tools,Expense,2025-12-16,09:10:00,2025-12-16 09:10:00,92705.69,INR,-92705.69,IOS Owner,,,MAESTRO-IOS-BUSINESS-TEAM_OPERATIONS-1722 | Tools | 92705.69,iPhone,B35,RAMP_1501_2500,CREATED,idem-20260902-ios-1722
1723,MTR-IOS-1723,Personal,Personal,Relationships,Celebrations,Expense,2026-02-20,20:53:08,2026-02-20 20:53:08,17887.75,INR,-17887.75,IOS Owner,,,MAESTRO-IOS-PERSONAL-RELATIONSHIPS-1723 | Celebrations | 17887.75,iPhone,B35,RAMP_1501_2500,CREATED,idem-20260902-ios-1723
1724,MTR-IOS-1724,Group,Shared Living,Family Household,Rent,Expense,2026-01-11,02:35:47,2026-01-11 02:35:47,25761.67,INR,-25761.67,IOS Aarav,3,EXACT,MAESTRO-IOS-GROUP-FAMILY_HOUSEHOLD-1724 | Rent | 25761.67,iPhone,B35,RAMP_1501_2500,CREATED,idem-20260902-ios-1724
1725,MTR-IOS-1725,Business,Business,Business Runway,Funding,Income,2026-03-18,09:26:12,2026-03-18 09:26:12,44136.7,INR,44136.7,IOS Owner,,,MAESTRO-IOS-BUSINESS-BUSINESS_RUNWAY-1725 | Funding | 44136.70,iPhone,B35,RAMP_1501_2500,CREATED,idem-20260902-ios-1725
1726,MTR-IOS-1726,Personal,Personal,Life Operations,Groceries,Expense,2026-08-24,12:00:00,2026-08-24 12:00:00,5104.32,INR,-5104.32,IOS Owner,,,MAESTRO-IOS-PERSONAL-LIFE_OPERATIONS-1726 | Groceries | 5104.32,iPhone,B35,RAMP_1501_2500,CREATED,idem-20260902-ios-1726
1727,MTR-IOS-1727,Group,Shared Living,Family Household,Groceries,Expense,2026-03-24,17:40:56,2026-03-24 17:40:56,9451.0,INR,-9451.0,IOS Meera,3,SHARES,MAESTRO-IOS-GROUP-FAMILY_HOUSEHOLD-1727 | Groceries | 9451.00,iPhone,B35,RAMP_1501_2500,CREATED,idem-20260902-ios-1727
1728,MTR-IOS-1728,Business,Business,Business Runway,Revenue,Income,2025-10-30,16:32:18,2025-10-30 16:32:18,27724.4,INR,27724.4,IOS Owner,,,MAESTRO-IOS-BUSINESS-BUSINESS_RUNWAY-1728 | Revenue | 27724.40,iPhone,B35,RAMP_1501_2500,CREATED,idem-20260902-ios-1728
1729,MTR-IOS-1729,Personal,Personal,Life Operations,Rent,Expense,2026-07-02,05:00:15,2026-07-02 05:00:15,15167.47,INR,-15167.47,IOS Owner,,,MAESTRO-IOS-PERSONAL-LIFE_OPERATIONS-1729 | Rent | 15167.47,iPhone,B35,RAMP_1501_2500,CREATED,idem-20260902-ios-1729
1730,MTR-IOS-1730,Group,Shared Living,Family Household,Transport,Expense,2026-02-28,09:03:31,2026-02-28 09:03:31,11400.18,INR,-11400.18,IOS Owner,3,EQUAL,MAESTRO-IOS-GROUP-FAMILY_HOUSEHOLD-1730 | Transport | 11400.18,iPhone,B35,RAMP_1501_2500,CREATED,idem-20260902-ios-1730
1731,MTR-IOS-1731,Business,Business,Business Runway,Burn,Expense,2025-12-29,09:45:47,2025-12-29 09:45:47,14414.46,INR,-14414.46,IOS Owner,,,MAESTRO-IOS-BUSINESS-BUSINESS_RUNWAY-1731 | Burn | 14414.46,iPhone,B35,RAMP_1501_2500,CREATED,idem-20260902-ios-1731
1732,MTR-IOS-1732,Personal,Personal,Life Operations,Bills,Expense,2025-10-02,17:45:52,2025-10-02 17:45:52,15575.36,INR,-15575.36,IOS Owner,,,MAESTRO-IOS-PERSONAL-LIFE_OPERATIONS-1732 | Bills | 15575.36,iPhone,B35,RAMP_1501_2500,CREATED,idem-20260902-ios-1732
1733,MTR-IOS-1733,Group,Shared Living,Family Household,Bills,Expense,2026-07-30,01:51:52,2026-07-30 01:51:52,8262.62,INR,-8262.62,IOS Aarav,3,PERCENTAGE,MAESTRO-IOS-GROUP-FAMILY_HOUSEHOLD-1733 | Bills | 8262.62,iPhone,B35,RAMP_1501_2500,CREATED,idem-20260902-ios-1733
1734,MTR-IOS-1734,Business,Business,Business Runway,Reserve,Transfer,2026-08-08,17:23:21,2026-08-08 17:23:21,126907.52,INR,0.0,IOS Owner,,,MAESTRO-IOS-BUSINESS-BUSINESS_RUNWAY-1734 | Reserve | 126907.52,iPhone,B35,RAMP_1501_2500,CREATED,idem-20260902-ios-1734
1735,MTR-IOS-1735,Personal,Personal,Life Operations,Transport,Expense,2026-03-08,04:07:43,2026-03-08 04:07:43,11786.79,INR,-11786.79,IOS Owner,,,MAESTRO-IOS-PERSONAL-LIFE_OPERATIONS-1735 | Transport | 11786.79,iPhone,B35,RAMP_1501_2500,CREATED,idem-20260902-ios-1735
1736,MTR-IOS-1736,Group,Shared Living,Custom Living,Custom Expense,Expense,2026-02-17,08:29:02,2026-02-17 08:29:02,4442.53,INR,-4442.53,IOS Meera,3,EXACT,MAESTRO-IOS-GROUP-CUSTOM_LIVING-1736 | Custom Expense | 4442.53,iPhone,B35,RAMP_1501_2500,CREATED,idem-20260902-ios-1736
1737,MTR-IOS-1737,Business,Business,Business Runway,Loan,Income,2026-01-15,06:59:41,2026-01-15 06:59:41,109354.31,INR,109354.31,IOS Owner,,,MAESTRO-IOS-BUSINESS-BUSINESS_RUNWAY-1737 | Loan | 109354.31,iPhone,B35,RAMP_1501_2500,CREATED,idem-20260902-ios-1737
1738,MTR-IOS-1738,Personal,Personal,Life Operations,Healthcare,Expense,2026-06-20,03:44:27,2026-06-20 03:44:27,1909.99,INR,-1909.99,IOS Owner,,,MAESTRO-IOS-PERSONAL-LIFE_OPERATIONS-1738 | Healthcare | 1909.99,iPhone,B35,RAMP_1501_2500,CREATED,idem-20260902-ios-1738
1739,MTR-IOS-1739,Group,Shared Living,Custom Living,Custom Contribution,Contribution,2026-02-14,01:29:04,2026-02-14 01:29:04,10000.0,INR,10000.0,IOS Owner,3,SHARES,MAESTRO-IOS-GROUP-CUSTOM_LIVING-1739 | Custom Contribution | 10000.00,iPhone,B35,RAMP_1501_2500,CREATED,idem-20260902-ios-1739
1740,MTR-IOS-1740,Business,Business,Business Runway,Investment,Income,2025-12-22,12:52:44,2025-12-22 12:52:44,977.03,INR,977.03,IOS Owner,,,MAESTRO-IOS-BUSINESS-BUSINESS_RUNWAY-1740 | Investment | 977.03,iPhone,B35,RAMP_1501_2500,CREATED,idem-20260902-ios-1740
1741,MTR-IOS-1741,Personal,Personal,Life Operations,Subscriptions,Expense,2025-11-24,12:43:16,2025-11-24 12:43:16,5838.8,INR,-5838.8,IOS Owner,,,MAESTRO-IOS-PERSONAL-LIFE_OPERATIONS-1741 | Subscriptions | 5838.80,iPhone,B35,RAMP_1501_2500,CREATED,idem-20260902-ios-1741
1742,MTR-IOS-1742,Group,Shared Experience,Trip,Travel,Expense,2026-04-30,08:23:46,2026-04-30 08:23:46,17244.38,INR,-17244.38,IOS Aarav,3,EQUAL,MAESTRO-IOS-GROUP-TRIP-1742 | Travel | 17244.38,iPhone,B35,RAMP_1501_2500,CREATED,idem-20260902-ios-1742
1743,MTR-IOS-1743,Business,Business,Business Operations,Software,Expense,2025-10-09,19:33:35,2025-10-09 19:33:35,159649.2,INR,-159649.2,IOS Owner,,,MAESTRO-IOS-BUSINESS-BUSINESS_OPERATIONS-1743 | Software | 159649.20,iPhone,B35,RAMP_1501_2500,CREATED,idem-20260902-ios-1743
1744,MTR-IOS-1744,Personal,Personal,Life Operations,Repairs,Expense,2026-06-14,01:47:03,2026-06-14 01:47:03,9982.4,INR,-9982.4,IOS Owner,,,MAESTRO-IOS-PERSONAL-LIFE_OPERATIONS-1744 | Repairs | 9982.40,iPhone,B35,RAMP_1501_2500,CREATED,idem-20260902-ios-1744
1745,MTR-IOS-1745,Group,Shared Experience,Trip,Stay,Expense,2025-11-21,12:34:37,2025-11-21 12:34:37,20716.03,INR,-20716.03,IOS Meera,3,PERCENTAGE,MAESTRO-IOS-GROUP-TRIP-1745 | Stay | 20716.03,iPhone,B35,RAMP_1501_2500,CREATED,idem-20260902-ios-1745
1746,MTR-IOS-1746,Business,Business,Business Operations,Rent,Expense,2026-03-25,16:16:31,2026-03-25 16:16:31,85295.38,INR,-85295.38,IOS Owner,,,MAESTRO-IOS-BUSINESS-BUSINESS_OPERATIONS-1746 | Rent | 85295.38,iPhone,B35,RAMP_1501_2500,CREATED,idem-20260902-ios-1746
1747,MTR-IOS-1747,Personal,Personal,Future Building,Savings,Transfer,2026-06-10,09:00:53,2026-06-10 09:00:53,1251.62,INR,0.0,IOS Owner,,,MAESTRO-IOS-PERSONAL-FUTURE_BUILDING-1747 | Savings | 1251.62,iPhone,B35,RAMP_1501_2500,CREATED,idem-20260902-ios-1747
1748,MTR-IOS-1748,Group,Shared Experience,Trip,Food,Expense,2026-03-03,07:43:43,2026-03-03 07:43:43,4722.27,INR,-4722.27,IOS Owner,3,EXACT,MAESTRO-IOS-GROUP-TRIP-1748 | Food | 4722.27,iPhone,B35,RAMP_1501_2500,CREATED,idem-20260902-ios-1748
1749,MTR-IOS-1749,Business,Business,Business Operations,Marketing,Expense,2026-05-29,20:22:26,2026-05-29 20:22:26,146892.38,INR,-146892.38,IOS Owner,,,MAESTRO-IOS-BUSINESS-BUSINESS_OPERATIONS-1749 | Marketing | 146892.38,iPhone,B35,RAMP_1501_2500,CREATED,idem-20260902-ios-1749
1750,MTR-IOS-1750,Personal,Personal,Future Building,Emergency Fund,Transfer,2026-05-29,18:30:42,2026-05-29 18:30:42,1419.69,INR,0.0,IOS Owner,,,MAESTRO-IOS-PERSONAL-FUTURE_BUILDING-1750 | Emergency Fund | 1419.69,iPhone,B35,RAMP_1501_2500,CREATED,idem-20260902-ios-1750
1751,MTR-IOS-1751,Group,Shared Experience,Trip,Local Transport,Expense,2026-06-22,02:13:08,2026-06-22 02:13:08,7360.27,INR,-7360.27,IOS Aarav,3,SHARES,MAESTRO-IOS-GROUP-TRIP-1751 | Local Transport | 7360.27,iPhone,B36,RAMP_1501_2500,CREATED,idem-20260902-ios-1751
1752,MTR-IOS-1752,Business,Business,Business Operations,Legal,Expense,2026-02-18,00:04:23,2026-02-18 00:04:23,4738.9,INR,-4738.9,IOS Owner,,,MAESTRO-IOS-BUSINESS-BUSINESS_OPERATIONS-1752 | Legal | 4738.90,iPhone,B36,RAMP_1501_2500,CREATED,idem-20260902-ios-1752
1753,MTR-IOS-1753,Personal,Personal,Future Building,Investments,Investment,2025-12-08,01:22:57,2025-12-08 01:22:57,9485.3,INR,0.0,IOS Owner,,,MAESTRO-IOS-PERSONAL-FUTURE_BUILDING-1753 | Investments | 9485.30,iPhone,B36,RAMP_1501_2500,CREATED,idem-20260902-ios-1753
1754,MTR-IOS-1754,Group,Shared Experience,Trip,Activities,Expense,2026-05-01,20:16:31,2026-05-01 20:16:31,11483.6,INR,-11483.6,IOS Meera,3,EQUAL,MAESTRO-IOS-GROUP-TRIP-1754 | Activities | 11483.60,iPhone,B36,RAMP_1501_2500,CREATED,idem-20260902-ios-1754
1755,MTR-IOS-1755,Business,Business,Business Operations,Accounting,Expense,2026-01-07,12:13:28,2026-01-07 12:13:28,58427.92,INR,-58427.92,IOS Owner,,,MAESTRO-IOS-BUSINESS-BUSINESS_OPERATIONS-1755 | Accounting | 58427.92,iPhone,B36,RAMP_1501_2500,CREATED,idem-20260902-ios-1755
1756,MTR-IOS-1756,Personal,Personal,Future Building,Education,Expense,2026-03-16,07:51:21,2026-03-16 07:51:21,13644.51,INR,-13644.51,IOS Owner,,,MAESTRO-IOS-PERSONAL-FUTURE_BUILDING-1756 | Education | 13644.51,iPhone,B36,RAMP_1501_2500,CREATED,idem-20260902-ios-1756
1757,MTR-IOS-1757,Group,Shared Experience,Trip,Shopping,Expense,2026-08-16,02:26:37,2026-08-16 02:26:37,19552.66,INR,-19552.66,IOS Owner,3,PERCENTAGE,MAESTRO-IOS-GROUP-TRIP-1757 | Shopping | 19552.66,iPhone,B36,RAMP_1501_2500,CREATED,idem-20260902-ios-1757
1758,MTR-IOS-1758,Business,Business,Business Operations,Equipment,Expense,2025-12-31,03:45:26,2025-12-31 03:45:26,94391.77,INR,-94391.77,IOS Owner,,,MAESTRO-IOS-BUSINESS-BUSINESS_OPERATIONS-1758 | Equipment | 94391.77,iPhone,B36,RAMP_1501_2500,CREATED,idem-20260902-ios-1758
1759,MTR-IOS-1759,Personal,Personal,Future Building,Goal Contribution,Transfer,2026-03-05,17:26:04,2026-03-05 17:26:04,3241.42,INR,0.0,IOS Owner,,,MAESTRO-IOS-PERSONAL-FUTURE_BUILDING-1759 | Goal Contribution | 3241.42,iPhone,B36,RAMP_1501_2500,CREATED,idem-20260902-ios-1759
1760,MTR-IOS-1760,Group,Shared Experience,Trip,Other,Expense,2025-10-17,12:34:39,2025-10-17 12:34:39,8535.0,INR,-8535.0,IOS Aarav,3,EXACT,MAESTRO-IOS-GROUP-TRIP-1760 | Other | 8535.00,iPhone,B36,RAMP_1501_2500,CREATED,idem-20260902-ios-1760
1761,MTR-IOS-1761,Business,Business,Business Operations,Vendor,Expense,2026-01-15,18:29:45,2026-01-15 18:29:45,70613.64,INR,-70613.64,IOS Owner,,,MAESTRO-IOS-BUSINESS-BUSINESS_OPERATIONS-1761 | Vendor | 70613.64,iPhone,B36,RAMP_1501_2500,CREATED,idem-20260902-ios-1761
1762,MTR-IOS-1762,Personal,Personal,Lifestyle,Dining,Expense,2025-09-12,23:24:12,2025-09-12 23:24:12,9024.88,INR,-9024.88,IOS Owner,,,MAESTRO-IOS-PERSONAL-LIFESTYLE-1762 | Dining | 9024.88,iPhone,B36,RAMP_1501_2500,CREATED,idem-20260902-ios-1762
1763,MTR-IOS-1763,Group,Shared Experience,Wedding,Venue,Expense,2026-02-21,22:12:37,2026-02-21 22:12:37,4596.58,INR,-4596.58,IOS Meera,3,SHARES,MAESTRO-IOS-GROUP-WEDDING-1763 | Venue | 4596.58,iPhone,B36,RAMP_1501_2500,CREATED,idem-20260902-ios-1763
1764,MTR-IOS-1764,Business,Business,Business Operations,Tax,Expense,2026-06-21,02:33:52,2026-06-21 02:33:52,26285.03,INR,-26285.03,IOS Owner,,,MAESTRO-IOS-BUSINESS-BUSINESS_OPERATIONS-1764 | Tax | 26285.03,iPhone,B36,RAMP_1501_2500,CREATED,idem-20260902-ios-1764
1765,MTR-IOS-1765,Personal,Personal,Lifestyle,Shopping,Expense,2026-06-28,03:56:48,2026-06-28 03:56:48,675.17,INR,-675.17,IOS Owner,,,MAESTRO-IOS-PERSONAL-LIFESTYLE-1765 | Shopping | 675.17,iPhone,B36,RAMP_1501_2500,CREATED,idem-20260902-ios-1765
1766,MTR-IOS-1766,Group,Shared Experience,Wedding,Catering,Expense,2026-03-01,23:33:36,2026-03-01 23:33:36,19937.51,INR,-19937.51,IOS Owner,3,EQUAL,MAESTRO-IOS-GROUP-WEDDING-1766 | Catering | 19937.51,iPhone,B36,RAMP_1501_2500,CREATED,idem-20260902-ios-1766
1767,MTR-IOS-1767,Business,Business,Team Operations,Payroll,Expense,2026-08-03,04:30:29,2026-08-03 04:30:29,131129.65,INR,-131129.65,IOS Owner,,,MAESTRO-IOS-BUSINESS-TEAM_OPERATIONS-1767 | Payroll | 131129.65,iPhone,B36,RAMP_1501_2500,CREATED,idem-20260902-ios-1767
1768,MTR-IOS-1768,Personal,Personal,Lifestyle,Entertainment,Expense,2026-08-31,15:05:31,2026-08-31 15:05:31,13447.2,INR,-13447.2,IOS Owner,,,MAESTRO-IOS-PERSONAL-LIFESTYLE-1768 | Entertainment | 13447.20,iPhone,B36,RAMP_1501_2500,CREATED,idem-20260902-ios-1768
1769,MTR-IOS-1769,Group,Shared Experience,Wedding,Decor,Expense,2026-08-11,00:02:16,2026-08-11 00:02:16,10524.58,INR,-10524.58,IOS Aarav,3,PERCENTAGE,MAESTRO-IOS-GROUP-WEDDING-1769 | Decor | 10524.58,iPhone,B36,RAMP_1501_2500,CREATED,idem-20260902-ios-1769
1770,MTR-IOS-1770,Business,Business,Team Operations,Contractor,Expense,2025-12-23,02:17:16,2025-12-23 02:17:16,110498.36,INR,-110498.36,IOS Owner,,,MAESTRO-IOS-BUSINESS-TEAM_OPERATIONS-1770 | Contractor | 110498.36,iPhone,B36,RAMP_1501_2500,CREATED,idem-20260902-ios-1770
1771,MTR-IOS-1771,Personal,Personal,Lifestyle,Travel,Expense,2025-09-12,20:51:00,2025-09-12 20:51:00,6437.12,INR,-6437.12,IOS Owner,,,MAESTRO-IOS-PERSONAL-LIFESTYLE-1771 | Travel | 6437.12,iPhone,B36,RAMP_1501_2500,CREATED,idem-20260902-ios-1771
1772,MTR-IOS-1772,Group,Shared Experience,Wedding,Travel,Expense,2026-01-19,11:39:29,2026-01-19 11:39:29,15046.99,INR,-15046.99,IOS Meera,3,EXACT,MAESTRO-IOS-GROUP-WEDDING-1772 | Travel | 15046.99,iPhone,B36,RAMP_1501_2500,CREATED,idem-20260902-ios-1772
1773,MTR-IOS-1773,Business,Business,Team Operations,Hiring,Expense,2026-07-22,01:57:42,2026-07-22 01:57:42,105443.29,INR,-105443.29,IOS Owner,,,MAESTRO-IOS-BUSINESS-TEAM_OPERATIONS-1773 | Hiring | 105443.29,iPhone,B36,RAMP_1501_2500,CREATED,idem-20260902-ios-1773
1774,MTR-IOS-1774,Personal,Personal,Lifestyle,Fitness,Expense,2026-01-31,20:36:34,2026-01-31 20:36:34,7975.87,INR,-7975.87,IOS Owner,,,MAESTRO-IOS-PERSONAL-LIFESTYLE-1774 | Fitness | 7975.87,iPhone,B36,RAMP_1501_2500,CREATED,idem-20260902-ios-1774
1775,MTR-IOS-1775,Group,Shared Experience,Wedding,Gifts,Expense,2026-08-28,05:43:45,2026-08-28 05:43:45,10519.09,INR,-10519.09,IOS Owner,3,SHARES,MAESTRO-IOS-GROUP-WEDDING-1775 | Gifts | 10519.09,iPhone,B36,RAMP_1501_2500,CREATED,idem-20260902-ios-1775
1776,MTR-IOS-1776,Business,Business,Team Operations,Team Meal,Expense,2026-03-08,15:56:58,2026-03-08 15:56:58,0.01,INR,-0.01,IOS Owner,,,MAESTRO-IOS-BUSINESS-TEAM_OPERATIONS-1776 | Team Meal | 0.01,iPhone,B36,RAMP_1501_2500,CREATED,idem-20260902-ios-1776
1777,MTR-IOS-1777,Personal,Personal,Lifestyle,Hobbies,Expense,2025-12-22,10:37:39,2025-12-22 10:37:39,1555.76,INR,-1555.76,IOS Owner,,,MAESTRO-IOS-PERSONAL-LIFESTYLE-1777 | Hobbies | 1555.76,iPhone,B36,RAMP_1501_2500,CREATED,idem-20260902-ios-1777
1778,MTR-IOS-1778,Group,Shared Experience,Wedding,Photography,Expense,2026-03-22,12:05:32,2026-03-22 12:05:32,6343.55,INR,-6343.55,IOS Aarav,3,EQUAL,MAESTRO-IOS-GROUP-WEDDING-1778 | Photography | 6343.55,iPhone,B36,RAMP_1501_2500,CREATED,idem-20260902-ios-1778
1779,MTR-IOS-1779,Business,Business,Team Operations,Travel,Expense,2026-04-04,11:38:35,2026-04-04 11:38:35,131041.02,INR,-131041.02,IOS Owner,,,MAESTRO-IOS-BUSINESS-TEAM_OPERATIONS-1779 | Travel | 131041.02,iPhone,B36,RAMP_1501_2500,CREATED,idem-20260902-ios-1779
1780,MTR-IOS-1780,Personal,Personal,Relationships,Gifts,Expense,2026-02-06,14:57:28,2026-02-06 14:57:28,5064.41,INR,-5064.41,IOS Owner,,,MAESTRO-IOS-PERSONAL-RELATIONSHIPS-1780 | Gifts | 5064.41,iPhone,B36,RAMP_1501_2500,CREATED,idem-20260902-ios-1780
1781,MTR-IOS-1781,Group,Shared Experience,Wedding,Other,Expense,2026-05-31,18:49:07,2026-05-31 18:49:07,11155.48,INR,-11155.48,IOS Meera,3,PERCENTAGE,MAESTRO-IOS-GROUP-WEDDING-1781 | Other | 11155.48,iPhone,B36,RAMP_1501_2500,CREATED,idem-20260902-ios-1781
1782,MTR-IOS-1782,Business,Business,Team Operations,Training,Expense,2026-01-24,21:31:31,2026-01-24 21:31:31,27890.47,INR,-27890.47,IOS Owner,,,MAESTRO-IOS-BUSINESS-TEAM_OPERATIONS-1782 | Training | 27890.47,iPhone,B36,RAMP_1501_2500,CREATED,idem-20260902-ios-1782
1783,MTR-IOS-1783,Personal,Personal,Relationships,Dates,Expense,2025-12-07,03:25:47,2025-12-07 03:25:47,10932.92,INR,-10932.92,IOS Owner,,,MAESTRO-IOS-PERSONAL-RELATIONSHIPS-1783 | Dates | 10932.92,iPhone,B36,RAMP_1501_2500,CREATED,idem-20260902-ios-1783
1784,MTR-IOS-1784,Group,Shared Experience,Office Outing,Food,Expense,2025-09-23,09:19:10,2025-09-23 09:19:10,4386.48,INR,-4386.48,IOS Owner,3,EXACT,MAESTRO-IOS-GROUP-OFFICE_OUTING-1784 | Food | 4386.48,iPhone,B36,RAMP_1501_2500,CREATED,idem-20260902-ios-1784
1785,MTR-IOS-1785,Business,Business,Team Operations,Tools,Expense,2025-11-14,20:05:12,2025-11-14 20:05:12,22725.97,INR,-22725.97,IOS Owner,,,MAESTRO-IOS-BUSINESS-TEAM_OPERATIONS-1785 | Tools | 22725.97,iPhone,B36,RAMP_1501_2500,CREATED,idem-20260902-ios-1785
1786,MTR-IOS-1786,Personal,Personal,Relationships,Family,Expense,2025-12-28,08:32:18,2025-12-28 08:32:18,15116.46,INR,-15116.46,IOS Owner,,,MAESTRO-IOS-PERSONAL-RELATIONSHIPS-1786 | Family | 15116.46,iPhone,B36,RAMP_1501_2500,CREATED,idem-20260902-ios-1786
1787,MTR-IOS-1787,Group,Shared Experience,Office Outing,Travel,Expense,2026-07-02,17:13:31,2026-07-02 17:13:31,2811.16,INR,-2811.16,IOS Aarav,3,SHARES,MAESTRO-IOS-GROUP-OFFICE_OUTING-1787 | Travel | 2811.16,iPhone,B36,RAMP_1501_2500,CREATED,idem-20260902-ios-1787
1788,MTR-IOS-1788,Business,Business,Business Runway,Funding,Income,2026-04-08,23:08:36,2026-04-08 23:08:36,3168.84,INR,3168.84,IOS Owner,,,MAESTRO-IOS-BUSINESS-BUSINESS_RUNWAY-1788 | Funding | 3168.84,iPhone,B36,RAMP_1501_2500,CREATED,idem-20260902-ios-1788
1789,MTR-IOS-1789,Personal,Personal,Relationships,Friends,Expense,2026-06-05,14:10:02,2026-06-05 14:10:02,16758.69,INR,-16758.69,IOS Owner,,,MAESTRO-IOS-PERSONAL-RELATIONSHIPS-1789 | Friends | 16758.69,iPhone,B36,RAMP_1501_2500,CREATED,idem-20260902-ios-1789
1790,MTR-IOS-1790,Group,Shared Experience,Office Outing,Activities,Expense,2026-04-27,22:21:43,2026-04-27 22:21:43,9911.83,INR,-9911.83,IOS Meera,3,EQUAL,MAESTRO-IOS-GROUP-OFFICE_OUTING-1790 | Activities | 9911.83,iPhone,B36,RAMP_1501_2500,CREATED,idem-20260902-ios-1790
1791,MTR-IOS-1791,Business,Business,Business Runway,Revenue,Income,2025-10-02,10:23:44,2025-10-02 10:23:44,158549.95,INR,158549.95,IOS Owner,,,MAESTRO-IOS-BUSINESS-BUSINESS_RUNWAY-1791 | Revenue | 158549.95,iPhone,B36,RAMP_1501_2500,CREATED,idem-20260902-ios-1791
1792,MTR-IOS-1792,Personal,Personal,Relationships,Celebrations,Expense,2026-05-29,07:21:11,2026-05-29 07:21:11,6655.76,INR,-6655.76,IOS Owner,,,MAESTRO-IOS-PERSONAL-RELATIONSHIPS-1792 | Celebrations | 6655.76,iPhone,B36,RAMP_1501_2500,CREATED,idem-20260902-ios-1792
1793,MTR-IOS-1793,Group,Shared Experience,Office Outing,Venue,Expense,2026-07-27,07:07:26,2026-07-27 07:07:26,10877.1,INR,-10877.1,IOS Owner,3,PERCENTAGE,MAESTRO-IOS-GROUP-OFFICE_OUTING-1793 | Venue | 10877.10,iPhone,B36,RAMP_1501_2500,CREATED,idem-20260902-ios-1793
1794,MTR-IOS-1794,Business,Business,Business Runway,Burn,Expense,2026-02-08,22:46:30,2026-02-08 22:46:30,8929.46,INR,-8929.46,IOS Owner,,,MAESTRO-IOS-BUSINESS-BUSINESS_RUNWAY-1794 | Burn | 8929.46,iPhone,B36,RAMP_1501_2500,CREATED,idem-20260902-ios-1794
1795,MTR-IOS-1795,Personal,Personal,Life Operations,Groceries,Expense,2026-02-16,20:53:31,2026-02-16 20:53:31,4417.0,INR,-4417.0,IOS Owner,,,MAESTRO-IOS-PERSONAL-LIFE_OPERATIONS-1795 | Groceries | 4417.00,iPhone,B36,RAMP_1501_2500,CREATED,idem-20260902-ios-1795
1796,MTR-IOS-1796,Group,Shared Experience,Office Outing,Other,Expense,2026-03-06,04:49:35,2026-03-06 04:49:35,5694.27,INR,-5694.27,IOS Aarav,3,EXACT,MAESTRO-IOS-GROUP-OFFICE_OUTING-1796 | Other | 5694.27,iPhone,B36,RAMP_1501_2500,CREATED,idem-20260902-ios-1796
1797,MTR-IOS-1797,Business,Business,Business Runway,Reserve,Transfer,2026-03-23,01:42:30,2026-03-23 01:42:30,19020.63,INR,0.0,IOS Owner,,,MAESTRO-IOS-BUSINESS-BUSINESS_RUNWAY-1797 | Reserve | 19020.63,iPhone,B36,RAMP_1501_2500,CREATED,idem-20260902-ios-1797
1798,MTR-IOS-1798,Personal,Personal,Life Operations,Rent,Expense,2026-07-27,03:46:48,2026-07-27 03:46:48,13811.0,INR,-13811.0,IOS Owner,,,MAESTRO-IOS-PERSONAL-LIFE_OPERATIONS-1798 | Rent | 13811.00,iPhone,B36,RAMP_1501_2500,CREATED,idem-20260902-ios-1798
1799,MTR-IOS-1799,Group,Shared Experience,House Party,Food,Expense,2025-09-27,03:40:43,2025-09-27 03:40:43,23006.26,INR,-23006.26,IOS Meera,3,SHARES,MAESTRO-IOS-GROUP-HOUSE_PARTY-1799 | Food | 23006.26,iPhone,B36,RAMP_1501_2500,CREATED,idem-20260902-ios-1799
1800,MTR-IOS-1800,Business,Business,Business Runway,Loan,Income,2025-11-06,03:20:28,2025-11-06 03:20:28,54695.93,INR,54695.93,IOS Owner,,,MAESTRO-IOS-BUSINESS-BUSINESS_RUNWAY-1800 | Loan | 54695.93,iPhone,B36,RAMP_1501_2500,CREATED,idem-20260902-ios-1800
1801,MTR-IOS-1801,Personal,Personal,Life Operations,Bills,Expense,2026-04-24,10:43:32,2026-04-24 10:43:32,6424.63,INR,-6424.63,IOS Owner,,,MAESTRO-IOS-PERSONAL-LIFE_OPERATIONS-1801 | Bills | 6424.63,iPhone,B37,RAMP_1501_2500,CREATED,idem-20260902-ios-1801
1802,MTR-IOS-1802,Group,Shared Experience,House Party,Drinks,Expense,2026-05-25,05:20:31,2026-05-25 05:20:31,18870.76,INR,-18870.76,IOS Owner,3,EQUAL,MAESTRO-IOS-GROUP-HOUSE_PARTY-1802 | Drinks | 18870.76,iPhone,B37,RAMP_1501_2500,CREATED,idem-20260902-ios-1802
1803,MTR-IOS-1803,Business,Business,Business Runway,Investment,Income,2026-08-18,21:52:48,2026-08-18 21:52:48,124142.37,INR,124142.37,IOS Owner,,,MAESTRO-IOS-BUSINESS-BUSINESS_RUNWAY-1803 | Investment | 124142.37,iPhone,B37,RAMP_1501_2500,CREATED,idem-20260902-ios-1803
1804,MTR-IOS-1804,Personal,Personal,Life Operations,Transport,Expense,2025-11-26,07:15:41,2025-11-26 07:15:41,12164.8,INR,-12164.8,IOS Owner,,,MAESTRO-IOS-PERSONAL-LIFE_OPERATIONS-1804 | Transport | 12164.80,iPhone,B37,RAMP_1501_2500,CREATED,idem-20260902-ios-1804
1805,MTR-IOS-1805,Group,Shared Experience,House Party,Decor,Expense,2026-04-03,19:47:56,2026-04-03 19:47:56,7195.27,INR,-7195.27,IOS Aarav,3,PERCENTAGE,MAESTRO-IOS-GROUP-HOUSE_PARTY-1805 | Decor | 7195.27,iPhone,B37,RAMP_1501_2500,CREATED,idem-20260902-ios-1805
1806,MTR-IOS-1806,Business,Business,Business Operations,Software,Expense,2026-06-09,01:13:37,2026-06-09 01:13:37,63298.63,INR,-63298.63,IOS Owner,,,MAESTRO-IOS-BUSINESS-BUSINESS_OPERATIONS-1806 | Software | 63298.63,iPhone,B37,RAMP_1501_2500,CREATED,idem-20260902-ios-1806
1807,MTR-IOS-1807,Personal,Personal,Life Operations,Healthcare,Expense,2026-04-23,18:21:10,2026-04-23 18:21:10,5311.88,INR,-5311.88,IOS Owner,,,MAESTRO-IOS-PERSONAL-LIFE_OPERATIONS-1807 | Healthcare | 5311.88,iPhone,B37,RAMP_1501_2500,CREATED,idem-20260902-ios-1807
1808,MTR-IOS-1808,Group,Shared Experience,House Party,Supplies,Expense,2026-02-25,07:14:50,2026-02-25 07:14:50,3649.58,INR,-3649.58,IOS Meera,3,EXACT,MAESTRO-IOS-GROUP-HOUSE_PARTY-1808 | Supplies | 3649.58,iPhone,B37,RAMP_1501_2500,CREATED,idem-20260902-ios-1808
1809,MTR-IOS-1809,Business,Business,Business Operations,Rent,Expense,2026-05-25,09:41:50,2026-05-25 09:41:50,37045.62,INR,-37045.62,IOS Owner,,,MAESTRO-IOS-BUSINESS-BUSINESS_OPERATIONS-1809 | Rent | 37045.62,iPhone,B37,RAMP_1501_2500,CREATED,idem-20260902-ios-1809
1810,MTR-IOS-1810,Personal,Personal,Life Operations,Subscriptions,Expense,2026-04-17,22:06:09,2026-04-17 22:06:09,11648.87,INR,-11648.87,IOS Owner,,,MAESTRO-IOS-PERSONAL-LIFE_OPERATIONS-1810 | Subscriptions | 11648.87,iPhone,B37,RAMP_1501_2500,CREATED,idem-20260902-ios-1810
1811,MTR-IOS-1811,Group,Shared Experience,House Party,Other,Expense,2026-05-08,17:58:50,2026-05-08 17:58:50,420.17,INR,-420.17,IOS Owner,3,SHARES,MAESTRO-IOS-GROUP-HOUSE_PARTY-1811 | Other | 420.17,iPhone,B37,RAMP_1501_2500,CREATED,idem-20260902-ios-1811
1812,MTR-IOS-1812,Business,Business,Business Operations,Marketing,Expense,2026-07-15,04:56:16,2026-07-15 04:56:16,79302.04,INR,-79302.04,IOS Owner,,,MAESTRO-IOS-BUSINESS-BUSINESS_OPERATIONS-1812 | Marketing | 79302.04,iPhone,B37,RAMP_1501_2500,CREATED,idem-20260902-ios-1812
1813,MTR-IOS-1813,Personal,Personal,Life Operations,Repairs,Expense,2025-11-26,21:57:52,2025-11-26 21:57:52,1.0,INR,-1.0,IOS Owner,,,MAESTRO-IOS-PERSONAL-LIFE_OPERATIONS-1813 | Repairs | 1.00,iPhone,B37,RAMP_1501_2500,CREATED,idem-20260902-ios-1813
1814,MTR-IOS-1814,Group,Shared Purchase,Gift Pool,Contribution,Contribution,2026-05-09,12:38:54,2026-05-09 12:38:54,9249.78,INR,9249.78,IOS Aarav,3,EQUAL,MAESTRO-IOS-GROUP-GIFT_POOL-1814 | Contribution | 9249.78,iPhone,B37,RAMP_1501_2500,CREATED,idem-20260902-ios-1814
1815,MTR-IOS-1815,Business,Business,Business Operations,Legal,Expense,2026-08-31,20:36:29,2026-08-31 20:36:29,112008.81,INR,-112008.81,IOS Owner,,,MAESTRO-IOS-BUSINESS-BUSINESS_OPERATIONS-1815 | Legal | 112008.81,iPhone,B37,RAMP_1501_2500,CREATED,idem-20260902-ios-1815
1816,MTR-IOS-1816,Personal,Personal,Future Building,Savings,Transfer,2026-03-17,19:30:34,2026-03-17 19:30:34,13075.43,INR,0.0,IOS Owner,,,MAESTRO-IOS-PERSONAL-FUTURE_BUILDING-1816 | Savings | 13075.43,iPhone,B37,RAMP_1501_2500,CREATED,idem-20260902-ios-1816
1817,MTR-IOS-1817,Group,Shared Purchase,Gift Pool,Gift Purchase,Expense,2026-05-24,07:04:27,2026-05-24 07:04:27,23519.39,INR,-23519.39,IOS Meera,3,PERCENTAGE,MAESTRO-IOS-GROUP-GIFT_POOL-1817 | Gift Purchase | 23519.39,iPhone,B37,RAMP_1501_2500,CREATED,idem-20260902-ios-1817
1818,MTR-IOS-1818,Business,Business,Business Operations,Accounting,Expense,2026-03-09,13:26:54,2026-03-09 13:26:54,101170.32,INR,-101170.32,IOS Owner,,,MAESTRO-IOS-BUSINESS-BUSINESS_OPERATIONS-1818 | Accounting | 101170.32,iPhone,B37,RAMP_1501_2500,CREATED,idem-20260902-ios-1818
1819,MTR-IOS-1819,Personal,Personal,Future Building,Emergency Fund,Transfer,2025-11-15,19:08:05,2025-11-15 19:08:05,16587.69,INR,0.0,IOS Owner,,,MAESTRO-IOS-PERSONAL-FUTURE_BUILDING-1819 | Emergency Fund | 16587.69,iPhone,B37,RAMP_1501_2500,CREATED,idem-20260902-ios-1819
1820,MTR-IOS-1820,Group,Shared Purchase,Gift Pool,Delivery,Expense,2026-06-26,14:21:52,2026-06-26 14:21:52,23524.32,INR,-23524.32,IOS Owner,3,EXACT,MAESTRO-IOS-GROUP-GIFT_POOL-1820 | Delivery | 23524.32,iPhone,B37,RAMP_1501_2500,CREATED,idem-20260902-ios-1820
1821,MTR-IOS-1821,Business,Business,Business Operations,Equipment,Expense,2025-09-14,06:14:30,2025-09-14 06:14:30,104608.34,INR,-104608.34,IOS Owner,,,MAESTRO-IOS-BUSINESS-BUSINESS_OPERATIONS-1821 | Equipment | 104608.34,iPhone,B37,RAMP_1501_2500,CREATED,idem-20260902-ios-1821
1822,MTR-IOS-1822,Personal,Personal,Future Building,Investments,Investment,2026-04-10,21:49:13,2026-04-10 21:49:13,5372.99,INR,0.0,IOS Owner,,,MAESTRO-IOS-PERSONAL-FUTURE_BUILDING-1822 | Investments | 5372.99,iPhone,B37,RAMP_1501_2500,CREATED,idem-20260902-ios-1822
1823,MTR-IOS-1823,Group,Shared Purchase,Gift Pool,Other,Expense,2026-03-14,02:38:12,2026-03-14 02:38:12,21314.4,INR,-21314.4,IOS Aarav,3,SHARES,MAESTRO-IOS-GROUP-GIFT_POOL-1823 | Other | 21314.40,iPhone,B37,RAMP_1501_2500,CREATED,idem-20260902-ios-1823
1824,MTR-IOS-1824,Business,Business,Business Operations,Vendor,Expense,2025-11-10,14:01:41,2025-11-10 14:01:41,136076.15,INR,-136076.15,IOS Owner,,,MAESTRO-IOS-BUSINESS-BUSINESS_OPERATIONS-1824 | Vendor | 136076.15,iPhone,B37,RAMP_1501_2500,CREATED,idem-20260902-ios-1824
1825,MTR-IOS-1825,Personal,Personal,Future Building,Education,Expense,2025-11-09,04:06:00,2025-11-09 04:06:00,8771.17,INR,-8771.17,IOS Owner,,,MAESTRO-IOS-PERSONAL-FUTURE_BUILDING-1825 | Education | 8771.17,iPhone,B37,RAMP_1501_2500,CREATED,idem-20260902-ios-1825
1826,MTR-IOS-1826,Group,Shared Purchase,Purchase,Item,Expense,2026-05-07,02:08:50,2026-05-07 02:08:50,26379.77,INR,-26379.77,IOS Meera,3,EQUAL,MAESTRO-IOS-GROUP-PURCHASE-1826 | Item | 26379.77,iPhone,B37,RAMP_1501_2500,CREATED,idem-20260902-ios-1826
1827,MTR-IOS-1827,Business,Business,Business Operations,Tax,Expense,2026-01-02,09:41:17,2026-01-02 09:41:17,43958.31,INR,-43958.31,IOS Owner,,,MAESTRO-IOS-BUSINESS-BUSINESS_OPERATIONS-1827 | Tax | 43958.31,iPhone,B37,RAMP_1501_2500,CREATED,idem-20260902-ios-1827
1828,MTR-IOS-1828,Personal,Personal,Future Building,Goal Contribution,Transfer,2026-03-23,09:24:37,2026-03-23 09:24:37,6973.06,INR,0.0,IOS Owner,,,MAESTRO-IOS-PERSONAL-FUTURE_BUILDING-1828 | Goal Contribution | 6973.06,iPhone,B37,RAMP_1501_2500,CREATED,idem-20260902-ios-1828
1829,MTR-IOS-1829,Group,Shared Purchase,Purchase,Shipping,Expense,2026-05-29,16:55:39,2026-05-29 16:55:39,21427.39,INR,-21427.39,IOS Owner,3,PERCENTAGE,MAESTRO-IOS-GROUP-PURCHASE-1829 | Shipping | 21427.39,iPhone,B37,RAMP_1501_2500,CREATED,idem-20260902-ios-1829
1830,MTR-IOS-1830,Business,Business,Team Operations,Payroll,Expense,2026-02-28,13:17:24,2026-02-28 13:17:24,67869.85,INR,-67869.85,IOS Owner,,,MAESTRO-IOS-BUSINESS-TEAM_OPERATIONS-1830 | Payroll | 67869.85,iPhone,B37,RAMP_1501_2500,CREATED,idem-20260902-ios-1830
1831,MTR-IOS-1831,Personal,Personal,Lifestyle,Dining,Expense,2025-10-23,08:11:33,2025-10-23 08:11:33,1172.47,INR,-1172.47,IOS Owner,,,MAESTRO-IOS-PERSONAL-LIFESTYLE-1831 | Dining | 1172.47,iPhone,B37,RAMP_1501_2500,CREATED,idem-20260902-ios-1831
1832,MTR-IOS-1832,Group,Shared Purchase,Purchase,Tax,Expense,2025-12-14,11:23:31,2025-12-14 11:23:31,10197.64,INR,-10197.64,IOS Aarav,3,EXACT,MAESTRO-IOS-GROUP-PURCHASE-1832 | Tax | 10197.64,iPhone,B37,RAMP_1501_2500,CREATED,idem-20260902-ios-1832
1833,MTR-IOS-1833,Business,Business,Team Operations,Contractor,Expense,2025-11-16,14:17:52,2025-11-16 14:17:52,4473.32,INR,-4473.32,IOS Owner,,,MAESTRO-IOS-BUSINESS-TEAM_OPERATIONS-1833 | Contractor | 4473.32,iPhone,B37,RAMP_1501_2500,CREATED,idem-20260902-ios-1833
1834,MTR-IOS-1834,Personal,Personal,Lifestyle,Shopping,Expense,2025-12-31,02:59:32,2025-12-31 02:59:32,12921.43,INR,-12921.43,IOS Owner,,,MAESTRO-IOS-PERSONAL-LIFESTYLE-1834 | Shopping | 12921.43,iPhone,B37,RAMP_1501_2500,CREATED,idem-20260902-ios-1834
1835,MTR-IOS-1835,Group,Shared Purchase,Purchase,Other,Expense,2025-10-30,23:48:27,2025-10-30 23:48:27,10535.16,INR,-10535.16,IOS Meera,3,SHARES,MAESTRO-IOS-GROUP-PURCHASE-1835 | Other | 10535.16,iPhone,B37,RAMP_1501_2500,CREATED,idem-20260902-ios-1835
1836,MTR-IOS-1836,Business,Business,Team Operations,Hiring,Expense,2026-01-07,11:13:16,2026-01-07 11:13:16,58801.82,INR,-58801.82,IOS Owner,,,MAESTRO-IOS-BUSINESS-TEAM_OPERATIONS-1836 | Hiring | 58801.82,iPhone,B37,RAMP_1501_2500,CREATED,idem-20260902-ios-1836
1837,MTR-IOS-1837,Personal,Personal,Lifestyle,Entertainment,Expense,2026-06-16,03:53:58,2026-06-16 03:53:58,15319.31,INR,-15319.31,IOS Owner,,,MAESTRO-IOS-PERSONAL-LIFESTYLE-1837 | Entertainment | 15319.31,iPhone,B37,RAMP_1501_2500,CREATED,idem-20260902-ios-1837
1838,MTR-IOS-1838,Group,Shared Purchase,Assets,Purchase,Expense,2025-11-15,03:59:58,2025-11-15 03:59:58,16870.07,INR,-16870.07,IOS Owner,3,EQUAL,MAESTRO-IOS-GROUP-ASSETS-1838 | Purchase | 16870.07,iPhone,B37,RAMP_1501_2500,CREATED,idem-20260902-ios-1838
1839,MTR-IOS-1839,Business,Business,Team Operations,Team Meal,Expense,2026-07-05,18:06:57,2026-07-05 18:06:57,131892.04,INR,-131892.04,IOS Owner,,,MAESTRO-IOS-BUSINESS-TEAM_OPERATIONS-1839 | Team Meal | 131892.04,iPhone,B37,RAMP_1501_2500,CREATED,idem-20260902-ios-1839
1840,MTR-IOS-1840,Personal,Personal,Lifestyle,Travel,Expense,2026-04-22,21:46:58,2026-04-22 21:46:58,4807.24,INR,-4807.24,IOS Owner,,,MAESTRO-IOS-PERSONAL-LIFESTYLE-1840 | Travel | 4807.24,iPhone,B37,RAMP_1501_2500,CREATED,idem-20260902-ios-1840
1841,MTR-IOS-1841,Group,Shared Purchase,Assets,Maintenance,Expense,2026-08-23,10:09:40,2026-08-23 10:09:40,23990.53,INR,-23990.53,IOS Aarav,3,PERCENTAGE,MAESTRO-IOS-GROUP-ASSETS-1841 | Maintenance | 23990.53,iPhone,B37,RAMP_1501_2500,CREATED,idem-20260902-ios-1841
1842,MTR-IOS-1842,Business,Business,Team Operations,Travel,Expense,2025-11-15,23:18:34,2025-11-15 23:18:34,90692.11,INR,-90692.11,IOS Owner,,,MAESTRO-IOS-BUSINESS-TEAM_OPERATIONS-1842 | Travel | 90692.11,iPhone,B37,RAMP_1501_2500,CREATED,idem-20260902-ios-1842
1843,MTR-IOS-1843,Personal,Personal,Lifestyle,Fitness,Expense,2026-02-16,23:50:16,2026-02-16 23:50:16,14082.38,INR,-14082.38,IOS Owner,,,MAESTRO-IOS-PERSONAL-LIFESTYLE-1843 | Fitness | 14082.38,iPhone,B37,RAMP_1501_2500,CREATED,idem-20260902-ios-1843
1844,MTR-IOS-1844,Group,Shared Purchase,Assets,Repair,Expense,2026-05-29,12:18:52,2026-05-29 12:18:52,13600.27,INR,-13600.27,IOS Meera,3,EXACT,MAESTRO-IOS-GROUP-ASSETS-1844 | Repair | 13600.27,iPhone,B37,RAMP_1501_2500,CREATED,idem-20260902-ios-1844
1845,MTR-IOS-1845,Business,Business,Team Operations,Training,Expense,2026-01-10,12:01:39,2026-01-10 12:01:39,108937.9,INR,-108937.9,IOS Owner,,,MAESTRO-IOS-BUSINESS-TEAM_OPERATIONS-1845 | Training | 108937.90,iPhone,B37,RAMP_1501_2500,CREATED,idem-20260902-ios-1845
1846,MTR-IOS-1846,Personal,Personal,Lifestyle,Hobbies,Expense,2026-03-22,20:18:46,2026-03-22 20:18:46,11717.33,INR,-11717.33,IOS Owner,,,MAESTRO-IOS-PERSONAL-LIFESTYLE-1846 | Hobbies | 11717.33,iPhone,B37,RAMP_1501_2500,CREATED,idem-20260902-ios-1846
1847,MTR-IOS-1847,Group,Shared Purchase,Assets,Insurance,Expense,2025-12-06,16:38:55,2025-12-06 16:38:55,7518.8,INR,-7518.8,IOS Owner,3,SHARES,MAESTRO-IOS-GROUP-ASSETS-1847 | Insurance | 7518.80,iPhone,B37,RAMP_1501_2500,CREATED,idem-20260902-ios-1847
1848,MTR-IOS-1848,Business,Business,Team Operations,Tools,Expense,2025-10-25,04:06:06,2025-10-25 04:06:06,115228.39,INR,-115228.39,IOS Owner,,,MAESTRO-IOS-BUSINESS-TEAM_OPERATIONS-1848 | Tools | 115228.39,iPhone,B37,RAMP_1501_2500,CREATED,idem-20260902-ios-1848
1849,MTR-IOS-1849,Personal,Personal,Relationships,Gifts,Expense,2026-05-17,01:21:23,2026-05-17 01:21:23,15008.41,INR,-15008.41,IOS Owner,,,MAESTRO-IOS-PERSONAL-RELATIONSHIPS-1849 | Gifts | 15008.41,iPhone,B37,RAMP_1501_2500,CREATED,idem-20260902-ios-1849
1850,MTR-IOS-1850,Group,Shared Purchase,Assets,Other,Expense,2025-10-17,09:42:28,2025-10-17 09:42:28,99.99,INR,-99.99,IOS Aarav,3,EQUAL,MAESTRO-IOS-GROUP-ASSETS-1850 | Other | 99.99,iPhone,B37,RAMP_1501_2500,CREATED,idem-20260902-ios-1850
1851,MTR-IOS-1851,Business,Business,Business Runway,Funding,Income,2026-01-21,22:44:55,2026-01-21 22:44:55,126105.03,INR,126105.03,IOS Owner,,,MAESTRO-IOS-BUSINESS-BUSINESS_RUNWAY-1851 | Funding | 126105.03,iPhone,B38,RAMP_1501_2500,CREATED,idem-20260902-ios-1851
1852,MTR-IOS-1852,Personal,Personal,Relationships,Dates,Expense,2026-03-13,14:28:47,2026-03-13 14:28:47,5955.97,INR,-5955.97,IOS Owner,,,MAESTRO-IOS-PERSONAL-RELATIONSHIPS-1852 | Dates | 5955.97,iPhone,B38,RAMP_1501_2500,CREATED,idem-20260902-ios-1852
1853,MTR-IOS-1853,Group,Shared Purchase,Custom Purchase,Custom Expense,Expense,2025-09-07,20:58:50,2025-09-07 20:58:50,17357.49,INR,-17357.49,IOS Meera,3,PERCENTAGE,MAESTRO-IOS-GROUP-CUSTOM_PURCHASE-1853 | Custom Expense | 17357.49,iPhone,B38,RAMP_1501_2500,CREATED,idem-20260902-ios-1853
1854,MTR-IOS-1854,Business,Business,Business Runway,Revenue,Income,2026-03-22,20:48:40,2026-03-22 20:48:40,137377.81,INR,137377.81,IOS Owner,,,MAESTRO-IOS-BUSINESS-BUSINESS_RUNWAY-1854 | Revenue | 137377.81,iPhone,B38,RAMP_1501_2500,CREATED,idem-20260902-ios-1854
1855,MTR-IOS-1855,Personal,Personal,Relationships,Family,Expense,2026-03-12,18:15:44,2026-03-12 18:15:44,11822.76,INR,-11822.76,IOS Owner,,,MAESTRO-IOS-PERSONAL-RELATIONSHIPS-1855 | Family | 11822.76,iPhone,B38,RAMP_1501_2500,CREATED,idem-20260902-ios-1855
1856,MTR-IOS-1856,Group,Shared Purchase,Custom Purchase,Custom Contribution,Contribution,2026-01-20,00:16:39,2026-01-20 00:16:39,17258.15,INR,17258.15,IOS Owner,3,EXACT,MAESTRO-IOS-GROUP-CUSTOM_PURCHASE-1856 | Custom Contribution | 17258.15,iPhone,B38,RAMP_1501_2500,CREATED,idem-20260902-ios-1856
1857,MTR-IOS-1857,Business,Business,Business Runway,Burn,Expense,2026-06-22,15:31:10,2026-06-22 15:31:10,57225.65,INR,-57225.65,IOS Owner,,,MAESTRO-IOS-BUSINESS-BUSINESS_RUNWAY-1857 | Burn | 57225.65,iPhone,B38,RAMP_1501_2500,CREATED,idem-20260902-ios-1857
1858,MTR-IOS-1858,Personal,Personal,Relationships,Friends,Expense,2026-04-06,23:55:45,2026-04-06 23:55:45,1559.84,INR,-1559.84,IOS Owner,,,MAESTRO-IOS-PERSONAL-RELATIONSHIPS-1858 | Friends | 1559.84,iPhone,B38,RAMP_1501_2500,CREATED,idem-20260902-ios-1858
1859,MTR-IOS-1859,Group,Shared Living,Flatmates,Rent,Expense,2026-02-02,09:26:37,2026-02-02 09:26:37,24010.1,INR,-24010.1,IOS Aarav,3,SHARES,MAESTRO-IOS-GROUP-FLATMATES-1859 | Rent | 24010.10,iPhone,B38,RAMP_1501_2500,CREATED,idem-20260902-ios-1859
1860,MTR-IOS-1860,Business,Business,Business Runway,Reserve,Transfer,2026-08-19,01:45:06,2026-08-19 01:45:06,35644.28,INR,0.0,IOS Owner,,,MAESTRO-IOS-BUSINESS-BUSINESS_RUNWAY-1860 | Reserve | 35644.28,iPhone,B38,RAMP_1501_2500,CREATED,idem-20260902-ios-1860
1861,MTR-IOS-1861,Personal,Personal,Relationships,Celebrations,Expense,2026-05-04,04:53:35,2026-05-04 04:53:35,1768.88,INR,-1768.88,IOS Owner,,,MAESTRO-IOS-PERSONAL-RELATIONSHIPS-1861 | Celebrations | 1768.88,iPhone,B38,RAMP_1501_2500,CREATED,idem-20260902-ios-1861
1862,MTR-IOS-1862,Group,Shared Living,Flatmates,Utilities,Expense,2026-04-09,13:47:51,2026-04-09 13:47:51,3347.85,INR,-3347.85,IOS Meera,3,EQUAL,MAESTRO-IOS-GROUP-FLATMATES-1862 | Utilities | 3347.85,iPhone,B38,RAMP_1501_2500,CREATED,idem-20260902-ios-1862
1863,MTR-IOS-1863,Business,Business,Business Runway,Loan,Income,2025-10-02,12:09:11,2025-10-02 12:09:11,123673.6,INR,123673.6,IOS Owner,,,MAESTRO-IOS-BUSINESS-BUSINESS_RUNWAY-1863 | Loan | 123673.60,iPhone,B38,RAMP_1501_2500,CREATED,idem-20260902-ios-1863
1864,MTR-IOS-1864,Personal,Personal,Life Operations,Groceries,Expense,2025-11-06,17:47:40,2025-11-06 17:47:40,10905.23,INR,-10905.23,IOS Owner,,,MAESTRO-IOS-PERSONAL-LIFE_OPERATIONS-1864 | Groceries | 10905.23,iPhone,B38,RAMP_1501_2500,CREATED,idem-20260902-ios-1864
1865,MTR-IOS-1865,Group,Shared Living,Flatmates,Groceries,Expense,2026-07-25,23:13:22,2026-07-25 23:13:22,20409.32,INR,-20409.32,IOS Owner,3,PERCENTAGE,MAESTRO-IOS-GROUP-FLATMATES-1865 | Groceries | 20409.32,iPhone,B38,RAMP_1501_2500,CREATED,idem-20260902-ios-1865
1866,MTR-IOS-1866,Business,Business,Business Runway,Investment,Income,2025-10-17,03:21:50,2025-10-17 03:21:50,156871.91,INR,156871.91,IOS Owner,,,MAESTRO-IOS-BUSINESS-BUSINESS_RUNWAY-1866 | Investment | 156871.91,iPhone,B38,RAMP_1501_2500,CREATED,idem-20260902-ios-1866
1867,MTR-IOS-1867,Personal,Personal,Life Operations,Rent,Expense,2025-09-15,01:23:39,2025-09-15 01:23:39,11811.31,INR,-11811.31,IOS Owner,,,MAESTRO-IOS-PERSONAL-LIFE_OPERATIONS-1867 | Rent | 11811.31,iPhone,B38,RAMP_1501_2500,CREATED,idem-20260902-ios-1867
1868,MTR-IOS-1868,Group,Shared Living,Flatmates,Internet,Expense,2026-04-29,23:45:23,2026-04-29 23:45:23,18364.79,INR,-18364.79,IOS Aarav,3,EXACT,MAESTRO-IOS-GROUP-FLATMATES-1868 | Internet | 18364.79,iPhone,B38,RAMP_1501_2500,CREATED,idem-20260902-ios-1868
1869,MTR-IOS-1869,Business,Business,Business Operations,Software,Expense,2026-08-31,12:00:00,2026-08-31 12:00:00,58100.14,INR,-58100.14,IOS Owner,,,MAESTRO-IOS-BUSINESS-BUSINESS_OPERATIONS-1869 | Software | 58100.14,iPhone,B38,RAMP_1501_2500,CREATED,idem-20260902-ios-1869
1870,MTR-IOS-1870,Personal,Personal,Life Operations,Bills,Expense,2025-12-07,03:37:45,2025-12-07 03:37:45,7093.88,INR,-7093.88,IOS Owner,,,MAESTRO-IOS-PERSONAL-LIFE_OPERATIONS-1870 | Bills | 7093.88,iPhone,B38,RAMP_1501_2500,CREATED,idem-20260902-ios-1870
1871,MTR-IOS-1871,Group,Shared Living,Flatmates,House Supplies,Expense,2026-04-24,02:10:27,2026-04-24 02:10:27,8129.2,INR,-8129.2,IOS Meera,3,SHARES,MAESTRO-IOS-GROUP-FLATMATES-1871 | House Supplies | 8129.20,iPhone,B38,RAMP_1501_2500,CREATED,idem-20260902-ios-1871
1872,MTR-IOS-1872,Business,Business,Business Operations,Rent,Expense,2025-10-13,16:03:41,2025-10-13 16:03:41,123641.68,INR,-123641.68,IOS Owner,,,MAESTRO-IOS-BUSINESS-BUSINESS_OPERATIONS-1872 | Rent | 123641.68,iPhone,B38,RAMP_1501_2500,CREATED,idem-20260902-ios-1872
1873,MTR-IOS-1873,Personal,Personal,Life Operations,Transport,Expense,2026-03-29,18:56:00,2026-03-29 18:56:00,14776.74,INR,-14776.74,IOS Owner,,,MAESTRO-IOS-PERSONAL-LIFE_OPERATIONS-1873 | Transport | 14776.74,iPhone,B38,RAMP_1501_2500,CREATED,idem-20260902-ios-1873
1874,MTR-IOS-1874,Group,Shared Living,Flatmates,Repairs,Expense,2025-10-25,00:31:44,2025-10-25 00:31:44,6879.19,INR,-6879.19,IOS Owner,3,EQUAL,MAESTRO-IOS-GROUP-FLATMATES-1874 | Repairs | 6879.19,iPhone,B38,RAMP_1501_2500,CREATED,idem-20260902-ios-1874
1875,MTR-IOS-1875,Business,Business,Business Operations,Marketing,Expense,2026-01-28,02:47:20,2026-01-28 02:47:20,17620.66,INR,-17620.66,IOS Owner,,,MAESTRO-IOS-BUSINESS-BUSINESS_OPERATIONS-1875 | Marketing | 17620.66,iPhone,B38,RAMP_1501_2500,CREATED,idem-20260902-ios-1875
1876,MTR-IOS-1876,Personal,Personal,Life Operations,Healthcare,Expense,2026-04-02,02:04:33,2026-04-02 02:04:33,10794.2,INR,-10794.2,IOS Owner,,,MAESTRO-IOS-PERSONAL-LIFE_OPERATIONS-1876 | Healthcare | 10794.20,iPhone,B38,RAMP_1501_2500,CREATED,idem-20260902-ios-1876
1877,MTR-IOS-1877,Group,Shared Living,Shared Living,Rent,Expense,2026-04-04,20:30:28,2026-04-04 20:30:28,16621.87,INR,-16621.87,IOS Aarav,3,PERCENTAGE,MAESTRO-IOS-GROUP-SHARED_LIVING-1877 | Rent | 16621.87,iPhone,B38,RAMP_1501_2500,CREATED,idem-20260902-ios-1877
1878,MTR-IOS-1878,Business,Business,Business Operations,Legal,Expense,2026-06-01,19:41:05,2026-06-01 19:41:05,87972.91,INR,-87972.91,IOS Owner,,,MAESTRO-IOS-BUSINESS-BUSINESS_OPERATIONS-1878 | Legal | 87972.91,iPhone,B38,RAMP_1501_2500,CREATED,idem-20260902-ios-1878
1879,MTR-IOS-1879,Personal,Personal,Life Operations,Subscriptions,Expense,2025-10-27,03:46:50,2025-10-27 03:46:50,2799.65,INR,-2799.65,IOS Owner,,,MAESTRO-IOS-PERSONAL-LIFE_OPERATIONS-1879 | Subscriptions | 2799.65,iPhone,B38,RAMP_1501_2500,CREATED,idem-20260902-ios-1879
1880,MTR-IOS-1880,Group,Shared Living,Shared Living,Utilities,Expense,2026-08-16,14:35:03,2026-08-16 14:35:03,18682.82,INR,-18682.82,IOS Meera,3,EXACT,MAESTRO-IOS-GROUP-SHARED_LIVING-1880 | Utilities | 18682.82,iPhone,B38,RAMP_1501_2500,CREATED,idem-20260902-ios-1880
1881,MTR-IOS-1881,Business,Business,Business Operations,Accounting,Expense,2026-08-31,12:00:00,2026-08-31 12:00:00,98113.02,INR,-98113.02,IOS Owner,,,MAESTRO-IOS-BUSINESS-BUSINESS_OPERATIONS-1881 | Accounting | 98113.02,iPhone,B38,RAMP_1501_2500,CREATED,idem-20260902-ios-1881
1882,MTR-IOS-1882,Personal,Personal,Life Operations,Repairs,Expense,2025-12-28,12:08:41,2025-12-28 12:08:41,2939.76,INR,-2939.76,IOS Owner,,,MAESTRO-IOS-PERSONAL-LIFE_OPERATIONS-1882 | Repairs | 2939.76,iPhone,B38,RAMP_1501_2500,CREATED,idem-20260902-ios-1882
1883,MTR-IOS-1883,Group,Shared Living,Shared Living,Groceries,Expense,2026-04-29,08:51:27,2026-04-29 08:51:27,17075.27,INR,-17075.27,IOS Owner,3,SHARES,MAESTRO-IOS-GROUP-SHARED_LIVING-1883 | Groceries | 17075.27,iPhone,B38,RAMP_1501_2500,CREATED,idem-20260902-ios-1883
1884,MTR-IOS-1884,Business,Business,Business Operations,Equipment,Expense,2026-01-19,10:07:14,2026-01-19 10:07:14,103112.11,INR,-103112.11,IOS Owner,,,MAESTRO-IOS-BUSINESS-BUSINESS_OPERATIONS-1884 | Equipment | 103112.11,iPhone,B38,RAMP_1501_2500,CREATED,idem-20260902-ios-1884
1885,MTR-IOS-1885,Personal,Personal,Future Building,Savings,Transfer,2025-09-16,04:03:16,2025-09-16 04:03:16,11953.62,INR,0.0,IOS Owner,,,MAESTRO-IOS-PERSONAL-FUTURE_BUILDING-1885 | Savings | 11953.62,iPhone,B38,RAMP_1501_2500,CREATED,idem-20260902-ios-1885
1886,MTR-IOS-1886,Group,Shared Living,Shared Living,Maintenance,Expense,2026-05-10,15:24:36,2026-05-10 15:24:36,13829.79,INR,-13829.79,IOS Aarav,3,EQUAL,MAESTRO-IOS-GROUP-SHARED_LIVING-1886 | Maintenance | 13829.79,iPhone,B38,RAMP_1501_2500,CREATED,idem-20260902-ios-1886
1887,MTR-IOS-1887,Business,Business,Business Operations,Vendor,Expense,2026-01-11,11:23:16,2026-01-11 11:23:16,100.0,INR,-100.0,IOS Owner,,,MAESTRO-IOS-BUSINESS-BUSINESS_OPERATIONS-1887 | Vendor | 100.00,iPhone,B38,RAMP_1501_2500,CREATED,idem-20260902-ios-1887
1888,MTR-IOS-1888,Personal,Personal,Future Building,Emergency Fund,Transfer,2026-04-08,20:08:45,2026-04-08 20:08:45,12250.05,INR,0.0,IOS Owner,,,MAESTRO-IOS-PERSONAL-FUTURE_BUILDING-1888 | Emergency Fund | 12250.05,iPhone,B38,RAMP_1501_2500,CREATED,idem-20260902-ios-1888
1889,MTR-IOS-1889,Group,Shared Living,Shared Living,Other,Expense,2026-06-05,13:43:23,2026-06-05 13:43:23,23829.03,INR,-23829.03,IOS Meera,3,PERCENTAGE,MAESTRO-IOS-GROUP-SHARED_LIVING-1889 | Other | 23829.03,iPhone,B38,RAMP_1501_2500,CREATED,idem-20260902-ios-1889
1890,MTR-IOS-1890,Business,Business,Business Operations,Tax,Expense,2026-04-16,07:05:04,2026-04-16 07:05:04,99052.56,INR,-99052.56,IOS Owner,,,MAESTRO-IOS-BUSINESS-BUSINESS_OPERATIONS-1890 | Tax | 99052.56,iPhone,B38,RAMP_1501_2500,CREATED,idem-20260902-ios-1890
1891,MTR-IOS-1891,Personal,Personal,Future Building,Investments,Investment,2026-05-02,19:53:21,2026-05-02 19:53:21,7748.8,INR,0.0,IOS Owner,,,MAESTRO-IOS-PERSONAL-FUTURE_BUILDING-1891 | Investments | 7748.80,iPhone,B38,RAMP_1501_2500,CREATED,idem-20260902-ios-1891
1892,MTR-IOS-1892,Group,Shared Living,Family Household,Utilities,Expense,2026-06-28,07:00:15,2026-06-28 07:00:15,16523.12,INR,-16523.12,IOS Owner,3,EXACT,MAESTRO-IOS-GROUP-FAMILY_HOUSEHOLD-1892 | Utilities | 16523.12,iPhone,B38,RAMP_1501_2500,CREATED,idem-20260902-ios-1892
1893,MTR-IOS-1893,Business,Business,Team Operations,Payroll,Expense,2026-07-18,18:29:12,2026-07-18 18:29:12,95730.22,INR,-95730.22,IOS Owner,,,MAESTRO-IOS-BUSINESS-TEAM_OPERATIONS-1893 | Payroll | 95730.22,iPhone,B38,RAMP_1501_2500,CREATED,idem-20260902-ios-1893
1894,MTR-IOS-1894,Personal,Personal,Future Building,Education,Expense,2026-04-12,21:34:06,2026-04-12 21:34:06,3582.85,INR,-3582.85,IOS Owner,,,MAESTRO-IOS-PERSONAL-FUTURE_BUILDING-1894 | Education | 3582.85,iPhone,B38,RAMP_1501_2500,CREATED,idem-20260902-ios-1894
1895,MTR-IOS-1895,Group,Shared Living,Family Household,Healthcare,Expense,2026-06-29,07:48:58,2026-06-29 07:48:58,419.43,INR,-419.43,IOS Aarav,3,SHARES,MAESTRO-IOS-GROUP-FAMILY_HOUSEHOLD-1895 | Healthcare | 419.43,iPhone,B38,RAMP_1501_2500,CREATED,idem-20260902-ios-1895
1896,MTR-IOS-1896,Business,Business,Team Operations,Contractor,Expense,2026-01-28,06:11:17,2026-01-28 06:11:17,58783.26,INR,-58783.26,IOS Owner,,,MAESTRO-IOS-BUSINESS-TEAM_OPERATIONS-1896 | Contractor | 58783.26,iPhone,B38,RAMP_1501_2500,CREATED,idem-20260902-ios-1896
1897,MTR-IOS-1897,Personal,Personal,Future Building,Goal Contribution,Transfer,2025-10-17,05:45:26,2025-10-17 05:45:26,17381.14,INR,0.0,IOS Owner,,,MAESTRO-IOS-PERSONAL-FUTURE_BUILDING-1897 | Goal Contribution | 17381.14,iPhone,B38,RAMP_1501_2500,CREATED,idem-20260902-ios-1897
1898,MTR-IOS-1898,Group,Shared Living,Family Household,School,Expense,2026-02-13,19:19:37,2026-02-13 19:19:37,20212.91,INR,-20212.91,IOS Meera,3,EQUAL,MAESTRO-IOS-GROUP-FAMILY_HOUSEHOLD-1898 | School | 20212.91,iPhone,B38,RAMP_1501_2500,CREATED,idem-20260902-ios-1898
1899,MTR-IOS-1899,Business,Business,Team Operations,Hiring,Expense,2026-03-25,09:56:19,2026-03-25 09:56:19,104108.08,INR,-104108.08,IOS Owner,,,MAESTRO-IOS-BUSINESS-TEAM_OPERATIONS-1899 | Hiring | 104108.08,iPhone,B38,RAMP_1501_2500,CREATED,idem-20260902-ios-1899
1900,MTR-IOS-1900,Personal,Personal,Lifestyle,Dining,Expense,2026-07-22,04:09:05,2026-07-22 04:09:05,6944.64,INR,-6944.64,IOS Owner,,,MAESTRO-IOS-PERSONAL-LIFESTYLE-1900 | Dining | 6944.64,iPhone,B38,RAMP_1501_2500,CREATED,idem-20260902-ios-1900
1901,MTR-IOS-1901,Group,Shared Living,Family Household,Other,Expense,2026-08-01,11:41:30,2026-08-01 11:41:30,1085.07,INR,-1085.07,IOS Owner,3,PERCENTAGE,MAESTRO-IOS-GROUP-FAMILY_HOUSEHOLD-1901 | Other | 1085.07,iPhone,B39,RAMP_1501_2500,CREATED,idem-20260902-ios-1901
1902,MTR-IOS-1902,Business,Business,Team Operations,Team Meal,Expense,2026-03-07,21:54:08,2026-03-07 21:54:08,138850.47,INR,-138850.47,IOS Owner,,,MAESTRO-IOS-BUSINESS-TEAM_OPERATIONS-1902 | Team Meal | 138850.47,iPhone,B39,RAMP_1501_2500,CREATED,idem-20260902-ios-1902
1903,MTR-IOS-1903,Personal,Personal,Lifestyle,Shopping,Expense,2026-07-31,14:30:43,2026-07-31 14:30:43,9122.7,INR,-9122.7,IOS Owner,,,MAESTRO-IOS-PERSONAL-LIFESTYLE-1903 | Shopping | 9122.70,iPhone,B39,RAMP_1501_2500,CREATED,idem-20260902-ios-1903
1904,MTR-IOS-1904,Group,Shared Living,Family Household,Rent,Expense,2026-05-08,11:32:05,2026-05-08 11:32:05,23586.14,INR,-23586.14,IOS Aarav,3,EXACT,MAESTRO-IOS-GROUP-FAMILY_HOUSEHOLD-1904 | Rent | 23586.14,iPhone,B39,RAMP_1501_2500,CREATED,idem-20260902-ios-1904
1905,MTR-IOS-1905,Business,Business,Team Operations,Travel,Expense,2026-01-17,05:49:53,2026-01-17 05:49:53,179.29,INR,-179.29,IOS Owner,,,MAESTRO-IOS-BUSINESS-TEAM_OPERATIONS-1905 | Travel | 179.29,iPhone,B39,RAMP_1501_2500,CREATED,idem-20260902-ios-1905
1906,MTR-IOS-1906,Personal,Personal,Lifestyle,Entertainment,Expense,2026-02-15,13:34:01,2026-02-15 13:34:01,1509.76,INR,-1509.76,IOS Owner,,,MAESTRO-IOS-PERSONAL-LIFESTYLE-1906 | Entertainment | 1509.76,iPhone,B39,RAMP_1501_2500,CREATED,idem-20260902-ios-1906
1907,MTR-IOS-1907,Group,Shared Living,Family Household,Groceries,Expense,2026-02-11,03:36:17,2026-02-11 03:36:17,7215.22,INR,-7215.22,IOS Meera,3,SHARES,MAESTRO-IOS-GROUP-FAMILY_HOUSEHOLD-1907 | Groceries | 7215.22,iPhone,B39,RAMP_1501_2500,CREATED,idem-20260902-ios-1907
1908,MTR-IOS-1908,Business,Business,Team Operations,Training,Expense,2026-08-19,17:55:15,2026-08-19 17:55:15,54809.42,INR,-54809.42,IOS Owner,,,MAESTRO-IOS-BUSINESS-TEAM_OPERATIONS-1908 | Training | 54809.42,iPhone,B39,RAMP_1501_2500,CREATED,idem-20260902-ios-1908
1909,MTR-IOS-1909,Personal,Personal,Lifestyle,Travel,Expense,2025-11-15,05:52:23,2025-11-15 05:52:23,6430.31,INR,-6430.31,IOS Owner,,,MAESTRO-IOS-PERSONAL-LIFESTYLE-1909 | Travel | 6430.31,iPhone,B39,RAMP_1501_2500,CREATED,idem-20260902-ios-1909
1910,MTR-IOS-1910,Group,Shared Living,Custom Living,Custom Expense,Expense,2026-06-12,05:58:06,2026-06-12 05:58:06,3571.88,INR,-3571.88,IOS Owner,3,EQUAL,MAESTRO-IOS-GROUP-CUSTOM_LIVING-1910 | Custom Expense | 3571.88,iPhone,B39,RAMP_1501_2500,CREATED,idem-20260902-ios-1910
1911,MTR-IOS-1911,Business,Business,Team Operations,Tools,Expense,2025-12-30,20:57:20,2025-12-30 20:57:20,15895.28,INR,-15895.28,IOS Owner,,,MAESTRO-IOS-BUSINESS-TEAM_OPERATIONS-1911 | Tools | 15895.28,iPhone,B39,RAMP_1501_2500,CREATED,idem-20260902-ios-1911
1912,MTR-IOS-1912,Personal,Personal,Lifestyle,Fitness,Expense,2026-01-25,10:27:30,2026-01-25 10:27:30,121.26,INR,-121.26,IOS Owner,,,MAESTRO-IOS-PERSONAL-LIFESTYLE-1912 | Fitness | 121.26,iPhone,B39,RAMP_1501_2500,CREATED,idem-20260902-ios-1912
1913,MTR-IOS-1913,Group,Shared Living,Custom Living,Custom Contribution,Contribution,2025-12-30,06:19:06,2025-12-30 06:19:06,19224.8,INR,19224.8,IOS Aarav,3,PERCENTAGE,MAESTRO-IOS-GROUP-CUSTOM_LIVING-1913 | Custom Contribution | 19224.80,iPhone,B39,RAMP_1501_2500,CREATED,idem-20260902-ios-1913
1914,MTR-IOS-1914,Business,Business,Business Runway,Funding,Income,2025-12-12,22:25:42,2025-12-12 22:25:42,84268.11,INR,84268.11,IOS Owner,,,MAESTRO-IOS-BUSINESS-BUSINESS_RUNWAY-1914 | Funding | 84268.11,iPhone,B39,RAMP_1501_2500,CREATED,idem-20260902-ios-1914
1915,MTR-IOS-1915,Personal,Personal,Lifestyle,Hobbies,Expense,2025-09-28,13:02:31,2025-09-28 13:02:31,10705.2,INR,-10705.2,IOS Owner,,,MAESTRO-IOS-PERSONAL-LIFESTYLE-1915 | Hobbies | 10705.20,iPhone,B39,RAMP_1501_2500,CREATED,idem-20260902-ios-1915
1916,MTR-IOS-1916,Group,Shared Experience,Trip,Travel,Expense,2026-01-01,03:29:06,2026-01-01 03:29:06,12105.77,INR,-12105.77,IOS Meera,3,EXACT,MAESTRO-IOS-GROUP-TRIP-1916 | Travel | 12105.77,iPhone,B39,RAMP_1501_2500,CREATED,idem-20260902-ios-1916
1917,MTR-IOS-1917,Business,Business,Business Runway,Revenue,Income,2026-04-21,05:40:03,2026-04-21 05:40:03,133608.73,INR,133608.73,IOS Owner,,,MAESTRO-IOS-BUSINESS-BUSINESS_RUNWAY-1917 | Revenue | 133608.73,iPhone,B39,RAMP_1501_2500,CREATED,idem-20260902-ios-1917
1918,MTR-IOS-1918,Personal,Personal,Relationships,Gifts,Expense,2026-05-01,06:35:09,2026-05-01 06:35:09,9794.56,INR,-9794.56,IOS Owner,,,MAESTRO-IOS-PERSONAL-RELATIONSHIPS-1918 | Gifts | 9794.56,iPhone,B39,RAMP_1501_2500,CREATED,idem-20260902-ios-1918
1919,MTR-IOS-1919,Group,Shared Experience,Trip,Stay,Expense,2026-05-11,02:56:21,2026-05-11 02:56:21,17476.5,INR,-17476.5,IOS Owner,3,SHARES,MAESTRO-IOS-GROUP-TRIP-1919 | Stay | 17476.50,iPhone,B39,RAMP_1501_2500,CREATED,idem-20260902-ios-1919
1920,MTR-IOS-1920,Business,Business,Business Runway,Burn,Expense,2026-04-27,01:35:13,2026-04-27 01:35:13,71900.56,INR,-71900.56,IOS Owner,,,MAESTRO-IOS-BUSINESS-BUSINESS_RUNWAY-1920 | Burn | 71900.56,iPhone,B39,RAMP_1501_2500,CREATED,idem-20260902-ios-1920
1921,MTR-IOS-1921,Personal,Personal,Relationships,Dates,Expense,2025-12-22,00:37:13,2025-12-22 00:37:13,8605.55,INR,-8605.55,IOS Owner,,,MAESTRO-IOS-PERSONAL-RELATIONSHIPS-1921 | Dates | 8605.55,iPhone,B39,RAMP_1501_2500,CREATED,idem-20260902-ios-1921
1922,MTR-IOS-1922,Group,Shared Experience,Trip,Food,Expense,2026-07-20,19:19:27,2026-07-20 19:19:27,17854.37,INR,-17854.37,IOS Aarav,3,EQUAL,MAESTRO-IOS-GROUP-TRIP-1922 | Food | 17854.37,iPhone,B39,RAMP_1501_2500,CREATED,idem-20260902-ios-1922
1923,MTR-IOS-1923,Business,Business,Business Runway,Reserve,Transfer,2025-11-08,18:15:26,2025-11-08 18:15:26,97510.54,INR,0.0,IOS Owner,,,MAESTRO-IOS-BUSINESS-BUSINESS_RUNWAY-1923 | Reserve | 97510.54,iPhone,B39,RAMP_1501_2500,CREATED,idem-20260902-ios-1923
1924,MTR-IOS-1924,Personal,Personal,Relationships,Family,Expense,2026-07-31,07:31:39,2026-07-31 07:31:39,999.99,INR,-999.99,IOS Owner,,,MAESTRO-IOS-PERSONAL-RELATIONSHIPS-1924 | Family | 999.99,iPhone,B39,RAMP_1501_2500,CREATED,idem-20260902-ios-1924
1925,MTR-IOS-1925,Group,Shared Experience,Trip,Local Transport,Expense,2026-08-27,20:42:58,2026-08-27 20:42:58,12090.89,INR,-12090.89,IOS Meera,3,PERCENTAGE,MAESTRO-IOS-GROUP-TRIP-1925 | Local Transport | 12090.89,iPhone,B39,RAMP_1501_2500,CREATED,idem-20260902-ios-1925
1926,MTR-IOS-1926,Business,Business,Business Runway,Loan,Income,2026-01-26,11:47:46,2026-01-26 11:47:46,124951.66,INR,124951.66,IOS Owner,,,MAESTRO-IOS-BUSINESS-BUSINESS_RUNWAY-1926 | Loan | 124951.66,iPhone,B39,RAMP_1501_2500,CREATED,idem-20260902-ios-1926
1927,MTR-IOS-1927,Personal,Personal,Relationships,Friends,Expense,2026-04-15,15:51:41,2026-04-15 15:51:41,1643.81,INR,-1643.81,IOS Owner,,,MAESTRO-IOS-PERSONAL-RELATIONSHIPS-1927 | Friends | 1643.81,iPhone,B39,RAMP_1501_2500,CREATED,idem-20260902-ios-1927
1928,MTR-IOS-1928,Group,Shared Experience,Trip,Activities,Expense,2026-01-20,23:34:01,2026-01-20 23:34:01,134.18,INR,-134.18,IOS Owner,3,EXACT,MAESTRO-IOS-GROUP-TRIP-1928 | Activities | 134.18,iPhone,B39,RAMP_1501_2500,CREATED,idem-20260902-ios-1928
1929,MTR-IOS-1929,Business,Business,Business Runway,Investment,Income,2026-06-06,08:03:18,2026-06-06 08:03:18,125674.54,INR,125674.54,IOS Owner,,,MAESTRO-IOS-BUSINESS-BUSINESS_RUNWAY-1929 | Investment | 125674.54,iPhone,B39,RAMP_1501_2500,CREATED,idem-20260902-ios-1929
1930,MTR-IOS-1930,Personal,Personal,Relationships,Celebrations,Expense,2025-10-24,13:48:48,2025-10-24 13:48:48,10020.81,INR,-10020.81,IOS Owner,,,MAESTRO-IOS-PERSONAL-RELATIONSHIPS-1930 | Celebrations | 10020.81,iPhone,B39,RAMP_1501_2500,CREATED,idem-20260902-ios-1930
1931,MTR-IOS-1931,Group,Shared Experience,Trip,Shopping,Expense,2026-08-31,16:56:34,2026-08-31 16:56:34,4955.56,INR,-4955.56,IOS Aarav,3,SHARES,MAESTRO-IOS-GROUP-TRIP-1931 | Shopping | 4955.56,iPhone,B39,RAMP_1501_2500,CREATED,idem-20260902-ios-1931
1932,MTR-IOS-1932,Business,Business,Business Operations,Software,Expense,2025-12-24,20:41:37,2025-12-24 20:41:37,99678.42,INR,-99678.42,IOS Owner,,,MAESTRO-IOS-BUSINESS-BUSINESS_OPERATIONS-1932 | Software | 99678.42,iPhone,B39,RAMP_1501_2500,CREATED,idem-20260902-ios-1932
1933,MTR-IOS-1933,Personal,Personal,Life Operations,Groceries,Expense,2025-12-30,20:16:52,2025-12-30 20:16:52,17690.08,INR,-17690.08,IOS Owner,,,MAESTRO-IOS-PERSONAL-LIFE_OPERATIONS-1933 | Groceries | 17690.08,iPhone,B39,RAMP_1501_2500,CREATED,idem-20260902-ios-1933
1934,MTR-IOS-1934,Group,Shared Experience,Trip,Other,Expense,2026-01-22,07:18:13,2026-01-22 07:18:13,14568.73,INR,-14568.73,IOS Meera,3,EQUAL,MAESTRO-IOS-GROUP-TRIP-1934 | Other | 14568.73,iPhone,B39,RAMP_1501_2500,CREATED,idem-20260902-ios-1934
1935,MTR-IOS-1935,Business,Business,Business Operations,Rent,Expense,2026-02-18,21:55:06,2026-02-18 21:55:06,59347.05,INR,-59347.05,IOS Owner,,,MAESTRO-IOS-BUSINESS-BUSINESS_OPERATIONS-1935 | Rent | 59347.05,iPhone,B39,RAMP_1501_2500,CREATED,idem-20260902-ios-1935
1936,MTR-IOS-1936,Personal,Personal,Life Operations,Rent,Expense,2026-02-23,21:35:09,2026-02-23 21:35:09,3186.31,INR,-3186.31,IOS Owner,,,MAESTRO-IOS-PERSONAL-LIFE_OPERATIONS-1936 | Rent | 3186.31,iPhone,B39,RAMP_1501_2500,CREATED,idem-20260902-ios-1936
1937,MTR-IOS-1937,Group,Shared Experience,Wedding,Venue,Expense,2025-10-01,20:42:04,2025-10-01 20:42:04,15466.79,INR,-15466.79,IOS Owner,3,PERCENTAGE,MAESTRO-IOS-GROUP-WEDDING-1937 | Venue | 15466.79,iPhone,B39,RAMP_1501_2500,CREATED,idem-20260902-ios-1937
1938,MTR-IOS-1938,Business,Business,Business Operations,Marketing,Expense,2025-10-10,16:20:54,2025-10-10 16:20:54,63069.44,INR,-63069.44,IOS Owner,,,MAESTRO-IOS-BUSINESS-BUSINESS_OPERATIONS-1938 | Marketing | 63069.44,iPhone,B39,RAMP_1501_2500,CREATED,idem-20260902-ios-1938
1939,MTR-IOS-1939,Personal,Personal,Life Operations,Bills,Expense,2026-01-18,18:42:41,2026-01-18 18:42:41,63.17,INR,-63.17,IOS Owner,,,MAESTRO-IOS-PERSONAL-LIFE_OPERATIONS-1939 | Bills | 63.17,iPhone,B39,RAMP_1501_2500,CREATED,idem-20260902-ios-1939
1940,MTR-IOS-1940,Group,Shared Experience,Wedding,Catering,Expense,2025-10-30,11:58:41,2025-10-30 11:58:41,7289.73,INR,-7289.73,IOS Aarav,3,EXACT,MAESTRO-IOS-GROUP-WEDDING-1940 | Catering | 7289.73,iPhone,B39,RAMP_1501_2500,CREATED,idem-20260902-ios-1940
1941,MTR-IOS-1941,Business,Business,Business Operations,Legal,Expense,2026-05-21,10:45:21,2026-05-21 10:45:21,44794.63,INR,-44794.63,IOS Owner,,,MAESTRO-IOS-BUSINESS-BUSINESS_OPERATIONS-1941 | Legal | 44794.63,iPhone,B39,RAMP_1501_2500,CREATED,idem-20260902-ios-1941
1942,MTR-IOS-1942,Personal,Personal,Life Operations,Transport,Expense,2026-03-07,04:59:14,2026-03-07 04:59:14,9340.97,INR,-9340.97,IOS Owner,,,MAESTRO-IOS-PERSONAL-LIFE_OPERATIONS-1942 | Transport | 9340.97,iPhone,B39,RAMP_1501_2500,CREATED,idem-20260902-ios-1942
1943,MTR-IOS-1943,Group,Shared Experience,Wedding,Decor,Expense,2026-01-25,09:38:53,2026-01-25 09:38:53,23573.33,INR,-23573.33,IOS Meera,3,SHARES,MAESTRO-IOS-GROUP-WEDDING-1943 | Decor | 23573.33,iPhone,B39,RAMP_1501_2500,CREATED,idem-20260902-ios-1943
1944,MTR-IOS-1944,Business,Business,Business Operations,Accounting,Expense,2026-06-30,09:00:50,2026-06-30 09:00:50,48663.15,INR,-48663.15,IOS Owner,,,MAESTRO-IOS-BUSINESS-BUSINESS_OPERATIONS-1944 | Accounting | 48663.15,iPhone,B39,RAMP_1501_2500,CREATED,idem-20260902-ios-1944
1945,MTR-IOS-1945,Personal,Personal,Life Operations,Healthcare,Expense,2026-08-09,20:35:06,2026-08-09 20:35:06,13307.27,INR,-13307.27,IOS Owner,,,MAESTRO-IOS-PERSONAL-LIFE_OPERATIONS-1945 | Healthcare | 13307.27,iPhone,B39,RAMP_1501_2500,CREATED,idem-20260902-ios-1945
1946,MTR-IOS-1946,Group,Shared Experience,Wedding,Travel,Expense,2026-02-25,00:52:00,2026-02-25 00:52:00,23061.14,INR,-23061.14,IOS Owner,3,EQUAL,MAESTRO-IOS-GROUP-WEDDING-1946 | Travel | 23061.14,iPhone,B39,RAMP_1501_2500,CREATED,idem-20260902-ios-1946
1947,MTR-IOS-1947,Business,Business,Business Operations,Equipment,Expense,2025-10-28,13:55:03,2025-10-28 13:55:03,65172.45,INR,-65172.45,IOS Owner,,,MAESTRO-IOS-BUSINESS-BUSINESS_OPERATIONS-1947 | Equipment | 65172.45,iPhone,B39,RAMP_1501_2500,CREATED,idem-20260902-ios-1947
1948,MTR-IOS-1948,Personal,Personal,Life Operations,Subscriptions,Expense,2026-02-18,15:43:45,2026-02-18 15:43:45,17485.45,INR,-17485.45,IOS Owner,,,MAESTRO-IOS-PERSONAL-LIFE_OPERATIONS-1948 | Subscriptions | 17485.45,iPhone,B39,RAMP_1501_2500,CREATED,idem-20260902-ios-1948
1949,MTR-IOS-1949,Group,Shared Experience,Wedding,Gifts,Expense,2026-08-11,09:27:13,2026-08-11 09:27:13,14232.56,INR,-14232.56,IOS Aarav,3,PERCENTAGE,MAESTRO-IOS-GROUP-WEDDING-1949 | Gifts | 14232.56,iPhone,B39,RAMP_1501_2500,CREATED,idem-20260902-ios-1949
1950,MTR-IOS-1950,Business,Business,Business Operations,Vendor,Expense,2026-05-30,08:55:06,2026-05-30 08:55:06,80041.08,INR,-80041.08,IOS Owner,,,MAESTRO-IOS-BUSINESS-BUSINESS_OPERATIONS-1950 | Vendor | 80041.08,iPhone,B39,RAMP_1501_2500,CREATED,idem-20260902-ios-1950
1951,MTR-IOS-1951,Personal,Personal,Life Operations,Repairs,Expense,2025-09-07,07:53:14,2025-09-07 07:53:14,9064.17,INR,-9064.17,IOS Owner,,,MAESTRO-IOS-PERSONAL-LIFE_OPERATIONS-1951 | Repairs | 9064.17,iPhone,B40,RAMP_1501_2500,CREATED,idem-20260902-ios-1951
1952,MTR-IOS-1952,Group,Shared Experience,Wedding,Photography,Expense,2025-09-25,09:16:53,2025-09-25 09:16:53,19091.41,INR,-19091.41,IOS Meera,3,EXACT,MAESTRO-IOS-GROUP-WEDDING-1952 | Photography | 19091.41,iPhone,B40,RAMP_1501_2500,CREATED,idem-20260902-ios-1952
1953,MTR-IOS-1953,Business,Business,Business Operations,Tax,Expense,2025-09-30,07:48:52,2025-09-30 07:48:52,45944.91,INR,-45944.91,IOS Owner,,,MAESTRO-IOS-BUSINESS-BUSINESS_OPERATIONS-1953 | Tax | 45944.91,iPhone,B40,RAMP_1501_2500,CREATED,idem-20260902-ios-1953
1954,MTR-IOS-1954,Personal,Personal,Future Building,Savings,Transfer,2026-05-20,23:48:49,2026-05-20 23:48:49,9455.22,INR,0.0,IOS Owner,,,MAESTRO-IOS-PERSONAL-FUTURE_BUILDING-1954 | Savings | 9455.22,iPhone,B40,RAMP_1501_2500,CREATED,idem-20260902-ios-1954
1955,MTR-IOS-1955,Group,Shared Experience,Wedding,Other,Expense,2026-02-22,23:31:15,2026-02-22 23:31:15,16099.75,INR,-16099.75,IOS Owner,3,SHARES,MAESTRO-IOS-GROUP-WEDDING-1955 | Other | 16099.75,iPhone,B40,RAMP_1501_2500,CREATED,idem-20260902-ios-1955
1956,MTR-IOS-1956,Business,Business,Team Operations,Payroll,Expense,2025-11-03,13:08:13,2025-11-03 13:08:13,162988.18,INR,-162988.18,IOS Owner,,,MAESTRO-IOS-BUSINESS-TEAM_OPERATIONS-1956 | Payroll | 162988.18,iPhone,B40,RAMP_1501_2500,CREATED,idem-20260902-ios-1956
1957,MTR-IOS-1957,Personal,Personal,Future Building,Emergency Fund,Transfer,2026-02-01,03:20:36,2026-02-01 03:20:36,13469.09,INR,0.0,IOS Owner,,,MAESTRO-IOS-PERSONAL-FUTURE_BUILDING-1957 | Emergency Fund | 13469.09,iPhone,B40,RAMP_1501_2500,CREATED,idem-20260902-ios-1957
1958,MTR-IOS-1958,Group,Shared Experience,Office Outing,Food,Expense,2025-12-17,14:25:38,2025-12-17 14:25:38,1584.34,INR,-1584.34,IOS Aarav,3,EQUAL,MAESTRO-IOS-GROUP-OFFICE_OUTING-1958 | Food | 1584.34,iPhone,B40,RAMP_1501_2500,CREATED,idem-20260902-ios-1958
1959,MTR-IOS-1959,Business,Business,Team Operations,Contractor,Expense,2025-10-12,12:01:06,2025-10-12 12:01:06,35343.96,INR,-35343.96,IOS Owner,,,MAESTRO-IOS-BUSINESS-TEAM_OPERATIONS-1959 | Contractor | 35343.96,iPhone,B40,RAMP_1501_2500,CREATED,idem-20260902-ios-1959
1960,MTR-IOS-1960,Personal,Personal,Future Building,Investments,Investment,2026-08-01,19:21:32,2026-08-01 19:21:32,15892.32,INR,0.0,IOS Owner,,,MAESTRO-IOS-PERSONAL-FUTURE_BUILDING-1960 | Investments | 15892.32,iPhone,B40,RAMP_1501_2500,CREATED,idem-20260902-ios-1960
1961,MTR-IOS-1961,Group,Shared Experience,Office Outing,Travel,Expense,2025-09-30,14:45:03,2025-09-30 14:45:03,10000.0,INR,-10000.0,IOS Meera,3,PERCENTAGE,MAESTRO-IOS-GROUP-OFFICE_OUTING-1961 | Travel | 10000.00,iPhone,B40,RAMP_1501_2500,CREATED,idem-20260902-ios-1961
1962,MTR-IOS-1962,Business,Business,Team Operations,Hiring,Expense,2026-07-17,10:19:16,2026-07-17 10:19:16,157591.45,INR,-157591.45,IOS Owner,,,MAESTRO-IOS-BUSINESS-TEAM_OPERATIONS-1962 | Hiring | 157591.45,iPhone,B40,RAMP_1501_2500,CREATED,idem-20260902-ios-1962
1963,MTR-IOS-1963,Personal,Personal,Future Building,Education,Expense,2026-01-26,18:39:22,2026-01-26 18:39:22,4273.13,INR,-4273.13,IOS Owner,,,MAESTRO-IOS-PERSONAL-FUTURE_BUILDING-1963 | Education | 4273.13,iPhone,B40,RAMP_1501_2500,CREATED,idem-20260902-ios-1963
1964,MTR-IOS-1964,Group,Shared Experience,Office Outing,Activities,Expense,2026-01-10,06:13:00,2026-01-10 06:13:00,2010.14,INR,-2010.14,IOS Owner,3,EXACT,MAESTRO-IOS-GROUP-OFFICE_OUTING-1964 | Activities | 2010.14,iPhone,B40,RAMP_1501_2500,CREATED,idem-20260902-ios-1964
1965,MTR-IOS-1965,Business,Business,Team Operations,Team Meal,Expense,2026-03-07,14:26:59,2026-03-07 14:26:59,145434.25,INR,-145434.25,IOS Owner,,,MAESTRO-IOS-BUSINESS-TEAM_OPERATIONS-1965 | Team Meal | 145434.25,iPhone,B40,RAMP_1501_2500,CREATED,idem-20260902-ios-1965
1966,MTR-IOS-1966,Personal,Personal,Future Building,Goal Contribution,Transfer,2025-09-13,13:45:55,2025-09-13 13:45:55,2105.03,INR,0.0,IOS Owner,,,MAESTRO-IOS-PERSONAL-FUTURE_BUILDING-1966 | Goal Contribution | 2105.03,iPhone,B40,RAMP_1501_2500,CREATED,idem-20260902-ios-1966
1967,MTR-IOS-1967,Group,Shared Experience,Office Outing,Venue,Expense,2026-01-16,07:58:15,2026-01-16 07:58:15,20560.07,INR,-20560.07,IOS Aarav,3,SHARES,MAESTRO-IOS-GROUP-OFFICE_OUTING-1967 | Venue | 20560.07,iPhone,B40,RAMP_1501_2500,CREATED,idem-20260902-ios-1967
1968,MTR-IOS-1968,Business,Business,Team Operations,Travel,Expense,2026-07-08,00:07:48,2026-07-08 00:07:48,111045.26,INR,-111045.26,IOS Owner,,,MAESTRO-IOS-BUSINESS-TEAM_OPERATIONS-1968 | Travel | 111045.26,iPhone,B40,RAMP_1501_2500,CREATED,idem-20260902-ios-1968
1969,MTR-IOS-1969,Personal,Personal,Lifestyle,Dining,Expense,2026-01-10,12:08:17,2026-01-10 12:08:17,1109.15,INR,-1109.15,IOS Owner,,,MAESTRO-IOS-PERSONAL-LIFESTYLE-1969 | Dining | 1109.15,iPhone,B40,RAMP_1501_2500,CREATED,idem-20260902-ios-1969
1970,MTR-IOS-1970,Group,Shared Experience,Office Outing,Other,Expense,2026-01-10,21:45:37,2026-01-10 21:45:37,22772.83,INR,-22772.83,IOS Meera,3,EQUAL,MAESTRO-IOS-GROUP-OFFICE_OUTING-1970 | Other | 22772.83,iPhone,B40,RAMP_1501_2500,CREATED,idem-20260902-ios-1970
1971,MTR-IOS-1971,Business,Business,Team Operations,Training,Expense,2026-05-10,20:15:24,2026-05-10 20:15:24,42176.94,INR,-42176.94,IOS Owner,,,MAESTRO-IOS-BUSINESS-TEAM_OPERATIONS-1971 | Training | 42176.94,iPhone,B40,RAMP_1501_2500,CREATED,idem-20260902-ios-1971
1972,MTR-IOS-1972,Personal,Personal,Lifestyle,Shopping,Expense,2026-07-23,16:49:15,2026-07-23 16:49:15,3384.39,INR,-3384.39,IOS Owner,,,MAESTRO-IOS-PERSONAL-LIFESTYLE-1972 | Shopping | 3384.39,iPhone,B40,RAMP_1501_2500,CREATED,idem-20260902-ios-1972
1973,MTR-IOS-1973,Group,Shared Experience,House Party,Food,Expense,2026-06-25,11:48:39,2026-06-25 11:48:39,22397.76,INR,-22397.76,IOS Owner,3,PERCENTAGE,MAESTRO-IOS-GROUP-HOUSE_PARTY-1973 | Food | 22397.76,iPhone,B40,RAMP_1501_2500,CREATED,idem-20260902-ios-1973
1974,MTR-IOS-1974,Business,Business,Team Operations,Tools,Expense,2026-07-31,22:08:39,2026-07-31 22:08:39,97330.38,INR,-97330.38,IOS Owner,,,MAESTRO-IOS-BUSINESS-TEAM_OPERATIONS-1974 | Tools | 97330.38,iPhone,B40,RAMP_1501_2500,CREATED,idem-20260902-ios-1974
1975,MTR-IOS-1975,Personal,Personal,Lifestyle,Entertainment,Expense,2026-01-27,02:09:45,2026-01-27 02:09:45,6783.49,INR,-6783.49,IOS Owner,,,MAESTRO-IOS-PERSONAL-LIFESTYLE-1975 | Entertainment | 6783.49,iPhone,B40,RAMP_1501_2500,CREATED,idem-20260902-ios-1975
1976,MTR-IOS-1976,Group,Shared Experience,House Party,Drinks,Expense,2026-03-30,08:31:48,2026-03-30 08:31:48,17358.45,INR,-17358.45,IOS Aarav,3,EXACT,MAESTRO-IOS-GROUP-HOUSE_PARTY-1976 | Drinks | 17358.45,iPhone,B40,RAMP_1501_2500,CREATED,idem-20260902-ios-1976
1977,MTR-IOS-1977,Business,Business,Business Runway,Funding,Income,2025-12-24,17:56:24,2025-12-24 17:56:24,108479.49,INR,108479.49,IOS Owner,,,MAESTRO-IOS-BUSINESS-BUSINESS_RUNWAY-1977 | Funding | 108479.49,iPhone,B40,RAMP_1501_2500,CREATED,idem-20260902-ios-1977
1978,MTR-IOS-1978,Personal,Personal,Lifestyle,Travel,Expense,2025-09-23,03:23:38,2025-09-23 03:23:38,7291.3,INR,-7291.3,IOS Owner,,,MAESTRO-IOS-PERSONAL-LIFESTYLE-1978 | Travel | 7291.30,iPhone,B40,RAMP_1501_2500,CREATED,idem-20260902-ios-1978
1979,MTR-IOS-1979,Group,Shared Experience,House Party,Decor,Expense,2025-11-04,01:23:54,2025-11-04 01:23:54,2166.09,INR,-2166.09,IOS Meera,3,SHARES,MAESTRO-IOS-GROUP-HOUSE_PARTY-1979 | Decor | 2166.09,iPhone,B40,RAMP_1501_2500,CREATED,idem-20260902-ios-1979
1980,MTR-IOS-1980,Business,Business,Business Runway,Revenue,Income,2025-11-02,10:21:44,2025-11-02 10:21:44,16876.08,INR,16876.08,IOS Owner,,,MAESTRO-IOS-BUSINESS-BUSINESS_RUNWAY-1980 | Revenue | 16876.08,iPhone,B40,RAMP_1501_2500,CREATED,idem-20260902-ios-1980
1981,MTR-IOS-1981,Personal,Personal,Lifestyle,Fitness,Expense,2026-05-11,18:44:10,2026-05-11 18:44:10,5358.92,INR,-5358.92,IOS Owner,,,MAESTRO-IOS-PERSONAL-LIFESTYLE-1981 | Fitness | 5358.92,iPhone,B40,RAMP_1501_2500,CREATED,idem-20260902-ios-1981
1982,MTR-IOS-1982,Group,Shared Experience,House Party,Supplies,Expense,2026-05-04,18:34:42,2026-05-04 18:34:42,19418.6,INR,-19418.6,IOS Owner,3,EQUAL,MAESTRO-IOS-GROUP-HOUSE_PARTY-1982 | Supplies | 19418.60,iPhone,B40,RAMP_1501_2500,CREATED,idem-20260902-ios-1982
1983,MTR-IOS-1983,Business,Business,Business Runway,Burn,Expense,2026-01-26,11:00:30,2026-01-26 11:00:30,141174.78,INR,-141174.78,IOS Owner,,,MAESTRO-IOS-BUSINESS-BUSINESS_RUNWAY-1983 | Burn | 141174.78,iPhone,B40,RAMP_1501_2500,CREATED,idem-20260902-ios-1983
1984,MTR-IOS-1984,Personal,Personal,Lifestyle,Hobbies,Expense,2025-09-07,14:37:37,2025-09-07 14:37:37,1073.57,INR,-1073.57,IOS Owner,,,MAESTRO-IOS-PERSONAL-LIFESTYLE-1984 | Hobbies | 1073.57,iPhone,B40,RAMP_1501_2500,CREATED,idem-20260902-ios-1984
1985,MTR-IOS-1985,Group,Shared Experience,House Party,Other,Expense,2026-02-11,00:12:55,2026-02-11 00:12:55,7312.48,INR,-7312.48,IOS Aarav,3,PERCENTAGE,MAESTRO-IOS-GROUP-HOUSE_PARTY-1985 | Other | 7312.48,iPhone,B40,RAMP_1501_2500,CREATED,idem-20260902-ios-1985
1986,MTR-IOS-1986,Business,Business,Business Runway,Reserve,Transfer,2025-11-19,17:11:55,2025-11-19 17:11:55,127965.49,INR,0.0,IOS Owner,,,MAESTRO-IOS-BUSINESS-BUSINESS_RUNWAY-1986 | Reserve | 127965.49,iPhone,B40,RAMP_1501_2500,CREATED,idem-20260902-ios-1986
1987,MTR-IOS-1987,Personal,Personal,Relationships,Gifts,Expense,2026-06-27,04:08:02,2026-06-27 04:08:02,15590.09,INR,-15590.09,IOS Owner,,,MAESTRO-IOS-PERSONAL-RELATIONSHIPS-1987 | Gifts | 15590.09,iPhone,B40,RAMP_1501_2500,CREATED,idem-20260902-ios-1987
1988,MTR-IOS-1988,Group,Shared Purchase,Gift Pool,Contribution,Contribution,2026-02-10,01:42:30,2026-02-10 01:42:30,7370.46,INR,7370.46,IOS Meera,3,EXACT,MAESTRO-IOS-GROUP-GIFT_POOL-1988 | Contribution | 7370.46,iPhone,B40,RAMP_1501_2500,CREATED,idem-20260902-ios-1988
1989,MTR-IOS-1989,Business,Business,Business Runway,Loan,Income,2026-02-11,10:22:44,2026-02-11 10:22:44,34299.67,INR,34299.67,IOS Owner,,,MAESTRO-IOS-BUSINESS-BUSINESS_RUNWAY-1989 | Loan | 34299.67,iPhone,B40,RAMP_1501_2500,CREATED,idem-20260902-ios-1989
1990,MTR-IOS-1990,Personal,Personal,Relationships,Dates,Expense,2026-08-20,21:23:08,2026-08-20 21:23:08,1581.2,INR,-1581.2,IOS Owner,,,MAESTRO-IOS-PERSONAL-RELATIONSHIPS-1990 | Dates | 1581.20,iPhone,B40,RAMP_1501_2500,CREATED,idem-20260902-ios-1990
1991,MTR-IOS-1991,Group,Shared Purchase,Gift Pool,Gift Purchase,Expense,2026-02-19,11:23:08,2026-02-19 11:23:08,14124.49,INR,-14124.49,IOS Owner,3,SHARES,MAESTRO-IOS-GROUP-GIFT_POOL-1991 | Gift Purchase | 14124.49,iPhone,B40,RAMP_1501_2500,CREATED,idem-20260902-ios-1991
1992,MTR-IOS-1992,Business,Business,Business Runway,Investment,Income,2025-09-05,20:34:59,2025-09-05 20:34:59,13843.11,INR,13843.11,IOS Owner,,,MAESTRO-IOS-BUSINESS-BUSINESS_RUNWAY-1992 | Investment | 13843.11,iPhone,B40,RAMP_1501_2500,CREATED,idem-20260902-ios-1992
1993,MTR-IOS-1993,Personal,Personal,Relationships,Family,Expense,2025-10-04,18:09:30,2025-10-04 18:09:30,6721.12,INR,-6721.12,IOS Owner,,,MAESTRO-IOS-PERSONAL-RELATIONSHIPS-1993 | Family | 6721.12,iPhone,B40,RAMP_1501_2500,CREATED,idem-20260902-ios-1993
1994,MTR-IOS-1994,Group,Shared Purchase,Gift Pool,Delivery,Expense,2025-10-12,22:12:40,2025-10-12 22:12:40,2661.52,INR,-2661.52,IOS Aarav,3,EQUAL,MAESTRO-IOS-GROUP-GIFT_POOL-1994 | Delivery | 2661.52,iPhone,B40,RAMP_1501_2500,CREATED,idem-20260902-ios-1994
1995,MTR-IOS-1995,Business,Business,Business Operations,Software,Expense,2026-08-10,05:55:09,2026-08-10 05:55:09,21888.4,INR,-21888.4,IOS Owner,,,MAESTRO-IOS-BUSINESS-BUSINESS_OPERATIONS-1995 | Software | 21888.40,iPhone,B40,RAMP_1501_2500,CREATED,idem-20260902-ios-1995
1996,MTR-IOS-1996,Personal,Personal,Relationships,Friends,Expense,2026-05-14,10:46:43,2026-05-14 10:46:43,13567.46,INR,-13567.46,IOS Owner,,,MAESTRO-IOS-PERSONAL-RELATIONSHIPS-1996 | Friends | 13567.46,iPhone,B40,RAMP_1501_2500,CREATED,idem-20260902-ios-1996
1997,MTR-IOS-1997,Group,Shared Purchase,Gift Pool,Other,Expense,2026-05-15,12:18:40,2026-05-15 12:18:40,2593.25,INR,-2593.25,IOS Meera,3,PERCENTAGE,MAESTRO-IOS-GROUP-GIFT_POOL-1997 | Other | 2593.25,iPhone,B40,RAMP_1501_2500,CREATED,idem-20260902-ios-1997
1998,MTR-IOS-1998,Business,Business,Business Operations,Rent,Expense,2026-03-09,04:12:19,2026-03-09 04:12:19,0.01,INR,-0.01,IOS Owner,,,MAESTRO-IOS-BUSINESS-BUSINESS_OPERATIONS-1998 | Rent | 0.01,iPhone,B40,RAMP_1501_2500,CREATED,idem-20260902-ios-1998
1999,MTR-IOS-1999,Personal,Personal,Relationships,Celebrations,Expense,2026-02-13,18:55:45,2026-02-13 18:55:45,16370.65,INR,-16370.65,IOS Owner,,,MAESTRO-IOS-PERSONAL-RELATIONSHIPS-1999 | Celebrations | 16370.65,iPhone,B40,RAMP_1501_2500,CREATED,idem-20260902-ios-1999
2000,MTR-IOS-2000,Group,Shared Purchase,Purchase,Item,Expense,2026-07-01,07:26:49,2026-07-01 07:26:49,13877.26,INR,-13877.26,IOS Owner,3,EXACT,MAESTRO-IOS-GROUP-PURCHASE-2000 | Item | 13877.26,iPhone,B40,RAMP_1501_2500,CREATED,idem-20260902-ios-2000
2001,MTR-IOS-2001,Business,Business,Business Operations,Marketing,Expense,2026-04-20,01:21:01,2026-04-20 01:21:01,82549.89,INR,-82549.89,IOS Owner,,,MAESTRO-IOS-BUSINESS-BUSINESS_OPERATIONS-2001 | Marketing | 82549.89,iPhone,B41,RAMP_1501_2500,CREATED,idem-20260902-ios-2001
2002,MTR-IOS-2002,Personal,Personal,Life Operations,Groceries,Expense,2025-09-08,09:19:24,2025-09-08 09:19:24,10248.31,INR,-10248.31,IOS Owner,,,MAESTRO-IOS-PERSONAL-LIFE_OPERATIONS-2002 | Groceries | 10248.31,iPhone,B41,RAMP_1501_2500,CREATED,idem-20260902-ios-2002
2003,MTR-IOS-2003,Group,Shared Purchase,Purchase,Shipping,Expense,2025-10-11,17:31:47,2025-10-11 17:31:47,3630.76,INR,-3630.76,IOS Aarav,3,SHARES,MAESTRO-IOS-GROUP-PURCHASE-2003 | Shipping | 3630.76,iPhone,B41,RAMP_1501_2500,CREATED,idem-20260902-ios-2003
2004,MTR-IOS-2004,Business,Business,Business Operations,Legal,Expense,2026-03-18,18:16:36,2026-03-18 18:16:36,159051.18,INR,-159051.18,IOS Owner,,,MAESTRO-IOS-BUSINESS-BUSINESS_OPERATIONS-2004 | Legal | 159051.18,iPhone,B41,RAMP_1501_2500,CREATED,idem-20260902-ios-2004
2005,MTR-IOS-2005,Personal,Personal,Life Operations,Rent,Expense,2026-03-06,17:20:36,2026-03-06 17:20:36,10230.21,INR,-10230.21,IOS Owner,,,MAESTRO-IOS-PERSONAL-LIFE_OPERATIONS-2005 | Rent | 10230.21,iPhone,B41,RAMP_1501_2500,CREATED,idem-20260902-ios-2005
2006,MTR-IOS-2006,Group,Shared Purchase,Purchase,Tax,Expense,2025-11-12,02:11:42,2025-11-12 02:11:42,25822.45,INR,-25822.45,IOS Meera,3,EQUAL,MAESTRO-IOS-GROUP-PURCHASE-2006 | Tax | 25822.45,iPhone,B41,RAMP_1501_2500,CREATED,idem-20260902-ios-2006
2007,MTR-IOS-2007,Business,Business,Business Operations,Accounting,Expense,2026-01-03,20:13:50,2026-01-03 20:13:50,97574.0,INR,-97574.0,IOS Owner,,,MAESTRO-IOS-BUSINESS-BUSINESS_OPERATIONS-2007 | Accounting | 97574.00,iPhone,B41,RAMP_1501_2500,CREATED,idem-20260902-ios-2007
2008,MTR-IOS-2008,Personal,Personal,Life Operations,Bills,Expense,2026-05-31,17:31:58,2026-05-31 17:31:58,11909.45,INR,-11909.45,IOS Owner,,,MAESTRO-IOS-PERSONAL-LIFE_OPERATIONS-2008 | Bills | 11909.45,iPhone,B41,RAMP_1501_2500,CREATED,idem-20260902-ios-2008
2009,MTR-IOS-2009,Group,Shared Purchase,Purchase,Other,Expense,2025-12-31,14:06:58,2025-12-31 14:06:58,6808.39,INR,-6808.39,IOS Owner,3,PERCENTAGE,MAESTRO-IOS-GROUP-PURCHASE-2009 | Other | 6808.39,iPhone,B41,RAMP_1501_2500,CREATED,idem-20260902-ios-2009
2010,MTR-IOS-2010,Business,Business,Business Operations,Equipment,Expense,2025-11-28,18:55:41,2025-11-28 18:55:41,75114.25,INR,-75114.25,IOS Owner,,,MAESTRO-IOS-BUSINESS-BUSINESS_OPERATIONS-2010 | Equipment | 75114.25,iPhone,B41,RAMP_1501_2500,CREATED,idem-20260902-ios-2010
2011,MTR-IOS-2011,Personal,Personal,Life Operations,Transport,Expense,2025-10-26,06:00:09,2025-10-26 06:00:09,2583.07,INR,-2583.07,IOS Owner,,,MAESTRO-IOS-PERSONAL-LIFE_OPERATIONS-2011 | Transport | 2583.07,iPhone,B41,RAMP_1501_2500,CREATED,idem-20260902-ios-2011
2012,MTR-IOS-2012,Group,Shared Purchase,Assets,Purchase,Expense,2026-07-25,18:32:31,2026-07-25 18:32:31,17303.32,INR,-17303.32,IOS Aarav,3,EXACT,MAESTRO-IOS-GROUP-ASSETS-2012 | Purchase | 17303.32,iPhone,B41,RAMP_1501_2500,CREATED,idem-20260902-ios-2012
2013,MTR-IOS-2013,Business,Business,Business Operations,Vendor,Expense,2025-12-20,16:34:11,2025-12-20 16:34:11,108420.55,INR,-108420.55,IOS Owner,,,MAESTRO-IOS-BUSINESS-BUSINESS_OPERATIONS-2013 | Vendor | 108420.55,iPhone,B41,RAMP_1501_2500,CREATED,idem-20260902-ios-2013
2014,MTR-IOS-2014,Personal,Personal,Life Operations,Healthcare,Expense,2026-02-16,06:28:09,2026-02-16 06:28:09,5356.91,INR,-5356.91,IOS Owner,,,MAESTRO-IOS-PERSONAL-LIFE_OPERATIONS-2014 | Healthcare | 5356.91,iPhone,B41,RAMP_1501_2500,CREATED,idem-20260902-ios-2014
2015,MTR-IOS-2015,Group,Shared Purchase,Assets,Maintenance,Expense,2026-07-02,09:20:30,2026-07-02 09:20:30,6977.59,INR,-6977.59,IOS Meera,3,SHARES,MAESTRO-IOS-GROUP-ASSETS-2015 | Maintenance | 6977.59,iPhone,B41,RAMP_1501_2500,CREATED,idem-20260902-ios-2015
2016,MTR-IOS-2016,Business,Business,Business Operations,Tax,Expense,2026-07-06,09:47:14,2026-07-06 09:47:14,158672.25,INR,-158672.25,IOS Owner,,,MAESTRO-IOS-BUSINESS-BUSINESS_OPERATIONS-2016 | Tax | 158672.25,iPhone,B41,RAMP_1501_2500,CREATED,idem-20260902-ios-2016
2017,MTR-IOS-2017,Personal,Personal,Life Operations,Subscriptions,Expense,2025-09-28,04:51:20,2025-09-28 04:51:20,13575.45,INR,-13575.45,IOS Owner,,,MAESTRO-IOS-PERSONAL-LIFE_OPERATIONS-2017 | Subscriptions | 13575.45,iPhone,B41,RAMP_1501_2500,CREATED,idem-20260902-ios-2017
2018,MTR-IOS-2018,Group,Shared Purchase,Assets,Repair,Expense,2026-07-31,16:00:29,2026-07-31 16:00:29,15893.49,INR,-15893.49,IOS Owner,3,EQUAL,MAESTRO-IOS-GROUP-ASSETS-2018 | Repair | 15893.49,iPhone,B41,RAMP_1501_2500,CREATED,idem-20260902-ios-2018
2019,MTR-IOS-2019,Business,Business,Team Operations,Payroll,Expense,2026-02-21,14:09:44,2026-02-21 14:09:44,78626.94,INR,-78626.94,IOS Owner,,,MAESTRO-IOS-BUSINESS-TEAM_OPERATIONS-2019 | Payroll | 78626.94,iPhone,B41,RAMP_1501_2500,CREATED,idem-20260902-ios-2019
2020,MTR-IOS-2020,Personal,Personal,Life Operations,Repairs,Expense,2026-05-23,11:07:50,2026-05-23 11:07:50,17065.18,INR,-17065.18,IOS Owner,,,MAESTRO-IOS-PERSONAL-LIFE_OPERATIONS-2020 | Repairs | 17065.18,iPhone,B41,RAMP_1501_2500,CREATED,idem-20260902-ios-2020
2021,MTR-IOS-2021,Group,Shared Purchase,Assets,Insurance,Expense,2026-03-23,01:38:15,2026-03-23 01:38:15,9436.26,INR,-9436.26,IOS Aarav,3,PERCENTAGE,MAESTRO-IOS-GROUP-ASSETS-2021 | Insurance | 9436.26,iPhone,B41,RAMP_1501_2500,CREATED,idem-20260902-ios-2021
2022,MTR-IOS-2022,Business,Business,Team Operations,Contractor,Expense,2025-12-16,18:47:56,2025-12-16 18:47:56,64510.32,INR,-64510.32,IOS Owner,,,MAESTRO-IOS-BUSINESS-TEAM_OPERATIONS-2022 | Contractor | 64510.32,iPhone,B41,RAMP_1501_2500,CREATED,idem-20260902-ios-2022
2023,MTR-IOS-2023,Personal,Personal,Future Building,Savings,Transfer,2026-02-16,15:20:15,2026-02-16 15:20:15,3826.05,INR,0.0,IOS Owner,,,MAESTRO-IOS-PERSONAL-FUTURE_BUILDING-2023 | Savings | 3826.05,iPhone,B41,RAMP_1501_2500,CREATED,idem-20260902-ios-2023
2024,MTR-IOS-2024,Group,Shared Purchase,Assets,Other,Expense,2026-02-21,13:03:03,2026-02-21 13:03:03,11990.41,INR,-11990.41,IOS Meera,3,EXACT,MAESTRO-IOS-GROUP-ASSETS-2024 | Other | 11990.41,iPhone,B41,RAMP_1501_2500,CREATED,idem-20260902-ios-2024
2025,MTR-IOS-2025,Business,Business,Team Operations,Hiring,Expense,2026-05-02,20:22:10,2026-05-02 20:22:10,122136.85,INR,-122136.85,IOS Owner,,,MAESTRO-IOS-BUSINESS-TEAM_OPERATIONS-2025 | Hiring | 122136.85,iPhone,B41,RAMP_1501_2500,CREATED,idem-20260902-ios-2025
2026,MTR-IOS-2026,Personal,Personal,Future Building,Emergency Fund,Transfer,2026-05-01,12:50:30,2026-05-01 12:50:30,5262.56,INR,0.0,IOS Owner,,,MAESTRO-IOS-PERSONAL-FUTURE_BUILDING-2026 | Emergency Fund | 5262.56,iPhone,B41,RAMP_1501_2500,CREATED,idem-20260902-ios-2026
2027,MTR-IOS-2027,Group,Shared Purchase,Custom Purchase,Custom Expense,Expense,2025-09-26,02:17:01,2025-09-26 02:17:01,7059.72,INR,-7059.72,IOS Owner,3,SHARES,MAESTRO-IOS-GROUP-CUSTOM_PURCHASE-2027 | Custom Expense | 7059.72,iPhone,B41,RAMP_1501_2500,CREATED,idem-20260902-ios-2027
2028,MTR-IOS-2028,Business,Business,Team Operations,Team Meal,Expense,2025-10-15,10:06:13,2025-10-15 10:06:13,113639.95,INR,-113639.95,IOS Owner,,,MAESTRO-IOS-BUSINESS-TEAM_OPERATIONS-2028 | Team Meal | 113639.95,iPhone,B41,RAMP_1501_2500,CREATED,idem-20260902-ios-2028
2029,MTR-IOS-2029,Personal,Personal,Future Building,Investments,Investment,2026-02-17,15:50:56,2026-02-17 15:50:56,16698.55,INR,0.0,IOS Owner,,,MAESTRO-IOS-PERSONAL-FUTURE_BUILDING-2029 | Investments | 16698.55,iPhone,B41,RAMP_1501_2500,CREATED,idem-20260902-ios-2029
2030,MTR-IOS-2030,Group,Shared Purchase,Custom Purchase,Custom Contribution,Contribution,2025-12-02,16:26:17,2025-12-02 16:26:17,3539.58,INR,3539.58,IOS Aarav,3,EQUAL,MAESTRO-IOS-GROUP-CUSTOM_PURCHASE-2030 | Custom Contribution | 3539.58,iPhone,B41,RAMP_1501_2500,CREATED,idem-20260902-ios-2030
2031,MTR-IOS-2031,Business,Business,Team Operations,Travel,Expense,2025-11-11,18:01:14,2025-11-11 18:01:14,48089.9,INR,-48089.9,IOS Owner,,,MAESTRO-IOS-BUSINESS-TEAM_OPERATIONS-2031 | Travel | 48089.90,iPhone,B41,RAMP_1501_2500,CREATED,idem-20260902-ios-2031
2032,MTR-IOS-2032,Personal,Personal,Future Building,Education,Expense,2026-08-11,01:55:37,2026-08-11 01:55:37,1190.91,INR,-1190.91,IOS Owner,,,MAESTRO-IOS-PERSONAL-FUTURE_BUILDING-2032 | Education | 1190.91,iPhone,B41,RAMP_1501_2500,CREATED,idem-20260902-ios-2032
2033,MTR-IOS-2033,Group,Shared Living,Flatmates,Rent,Expense,2026-07-26,20:20:07,2026-07-26 20:20:07,26087.13,INR,-26087.13,IOS Meera,3,PERCENTAGE,MAESTRO-IOS-GROUP-FLATMATES-2033 | Rent | 26087.13,iPhone,B41,RAMP_1501_2500,CREATED,idem-20260902-ios-2033
2034,MTR-IOS-2034,Business,Business,Team Operations,Training,Expense,2025-10-17,22:48:45,2025-10-17 22:48:45,154639.01,INR,-154639.01,IOS Owner,,,MAESTRO-IOS-BUSINESS-TEAM_OPERATIONS-2034 | Training | 154639.01,iPhone,B41,RAMP_1501_2500,CREATED,idem-20260902-ios-2034
2035,MTR-IOS-2035,Personal,Personal,Future Building,Goal Contribution,Transfer,2026-05-23,21:11:31,2026-05-23 21:11:31,1.0,INR,0.0,IOS Owner,,,MAESTRO-IOS-PERSONAL-FUTURE_BUILDING-2035 | Goal Contribution | 1.00,iPhone,B41,RAMP_1501_2500,CREATED,idem-20260902-ios-2035
2036,MTR-IOS-2036,Group,Shared Living,Flatmates,Utilities,Expense,2025-10-22,07:58:25,2025-10-22 07:58:25,13101.08,INR,-13101.08,IOS Owner,3,EXACT,MAESTRO-IOS-GROUP-FLATMATES-2036 | Utilities | 13101.08,iPhone,B41,RAMP_1501_2500,CREATED,idem-20260902-ios-2036
2037,MTR-IOS-2037,Business,Business,Team Operations,Tools,Expense,2025-10-14,03:31:32,2025-10-14 03:31:32,97857.96,INR,-97857.96,IOS Owner,,,MAESTRO-IOS-BUSINESS-TEAM_OPERATIONS-2037 | Tools | 97857.96,iPhone,B41,RAMP_1501_2500,CREATED,idem-20260902-ios-2037
2038,MTR-IOS-2038,Personal,Personal,Lifestyle,Dining,Expense,2026-01-24,17:04:00,2026-01-24 17:04:00,16837.01,INR,-16837.01,IOS Owner,,,MAESTRO-IOS-PERSONAL-LIFESTYLE-2038 | Dining | 16837.01,iPhone,B41,RAMP_1501_2500,CREATED,idem-20260902-ios-2038
2039,MTR-IOS-2039,Group,Shared Living,Flatmates,Groceries,Expense,2026-08-03,23:25:49,2026-08-03 23:25:49,15190.44,INR,-15190.44,IOS Aarav,3,SHARES,MAESTRO-IOS-GROUP-FLATMATES-2039 | Groceries | 15190.44,iPhone,B41,RAMP_1501_2500,CREATED,idem-20260902-ios-2039
2040,MTR-IOS-2040,Business,Business,Business Runway,Funding,Income,2026-04-17,05:56:36,2026-04-17 05:56:36,129883.31,INR,129883.31,IOS Owner,,,MAESTRO-IOS-BUSINESS-BUSINESS_RUNWAY-2040 | Funding | 129883.31,iPhone,B41,RAMP_1501_2500,CREATED,idem-20260902-ios-2040
2041,MTR-IOS-2041,Personal,Personal,Lifestyle,Shopping,Expense,2026-02-03,05:43:12,2026-02-03 05:43:12,17885.78,INR,-17885.78,IOS Owner,,,MAESTRO-IOS-PERSONAL-LIFESTYLE-2041 | Shopping | 17885.78,iPhone,B41,RAMP_1501_2500,CREATED,idem-20260902-ios-2041
2042,MTR-IOS-2042,Group,Shared Living,Flatmates,Internet,Expense,2026-03-21,23:17:06,2026-03-21 23:17:06,3852.12,INR,-3852.12,IOS Meera,3,EQUAL,MAESTRO-IOS-GROUP-FLATMATES-2042 | Internet | 3852.12,iPhone,B41,RAMP_1501_2500,CREATED,idem-20260902-ios-2042
2043,MTR-IOS-2043,Business,Business,Business Runway,Revenue,Income,2026-03-28,02:05:31,2026-03-28 02:05:31,20109.13,INR,20109.13,IOS Owner,,,MAESTRO-IOS-BUSINESS-BUSINESS_RUNWAY-2043 | Revenue | 20109.13,iPhone,B41,RAMP_1501_2500,CREATED,idem-20260902-ios-2043
2044,MTR-IOS-2044,Personal,Personal,Lifestyle,Entertainment,Expense,2025-10-26,18:45:41,2025-10-26 18:45:41,4455.15,INR,-4455.15,IOS Owner,,,MAESTRO-IOS-PERSONAL-LIFESTYLE-2044 | Entertainment | 4455.15,iPhone,B41,RAMP_1501_2500,CREATED,idem-20260902-ios-2044
2045,MTR-IOS-2045,Group,Shared Living,Flatmates,House Supplies,Expense,2026-05-25,14:05:47,2026-05-25 14:05:47,10528.44,INR,-10528.44,IOS Owner,3,PERCENTAGE,MAESTRO-IOS-GROUP-FLATMATES-2045 | House Supplies | 10528.44,iPhone,B41,RAMP_1501_2500,CREATED,idem-20260902-ios-2045
2046,MTR-IOS-2046,Business,Business,Business Runway,Burn,Expense,2026-06-03,13:03:28,2026-06-03 13:03:28,99642.47,INR,-99642.47,IOS Owner,,,MAESTRO-IOS-BUSINESS-BUSINESS_RUNWAY-2046 | Burn | 99642.47,iPhone,B41,RAMP_1501_2500,CREATED,idem-20260902-ios-2046
2047,MTR-IOS-2047,Personal,Personal,Lifestyle,Travel,Expense,2025-12-09,17:15:56,2025-12-09 17:15:56,6718.46,INR,-6718.46,IOS Owner,,,MAESTRO-IOS-PERSONAL-LIFESTYLE-2047 | Travel | 6718.46,iPhone,B41,RAMP_1501_2500,CREATED,idem-20260902-ios-2047
2048,MTR-IOS-2048,Group,Shared Living,Flatmates,Repairs,Expense,2026-03-22,07:37:35,2026-03-22 07:37:35,13600.28,INR,-13600.28,IOS Aarav,3,EXACT,MAESTRO-IOS-GROUP-FLATMATES-2048 | Repairs | 13600.28,iPhone,B41,RAMP_1501_2500,CREATED,idem-20260902-ios-2048
2049,MTR-IOS-2049,Business,Business,Business Runway,Reserve,Transfer,2026-02-09,11:09:41,2026-02-09 11:09:41,63234.84,INR,0.0,IOS Owner,,,MAESTRO-IOS-BUSINESS-BUSINESS_RUNWAY-2049 | Reserve | 63234.84,iPhone,B41,RAMP_1501_2500,CREATED,idem-20260902-ios-2049
2050,MTR-IOS-2050,Personal,Personal,Lifestyle,Fitness,Expense,2025-12-01,01:27:58,2025-12-01 01:27:58,6282.36,INR,-6282.36,IOS Owner,,,MAESTRO-IOS-PERSONAL-LIFESTYLE-2050 | Fitness | 6282.36,iPhone,B41,RAMP_1501_2500,CREATED,idem-20260902-ios-2050
2051,MTR-IOS-2051,Group,Shared Living,Shared Living,Rent,Expense,2026-09-02,23:00:30,2026-09-02 23:00:30,22772.43,INR,-22772.43,IOS Meera,3,SHARES,MAESTRO-IOS-GROUP-SHARED_LIVING-2051 | Rent | 22772.43,iPhone,B42,RAMP_1501_2500,CREATED,idem-20260902-ios-2051
2052,MTR-IOS-2052,Business,Business,Business Runway,Loan,Income,2025-11-03,20:33:46,2025-11-03 20:33:46,67434.68,INR,67434.68,IOS Owner,,,MAESTRO-IOS-BUSINESS-BUSINESS_RUNWAY-2052 | Loan | 67434.68,iPhone,B42,RAMP_1501_2500,CREATED,idem-20260902-ios-2052
2053,MTR-IOS-2053,Personal,Personal,Lifestyle,Hobbies,Expense,2026-04-17,08:33:39,2026-04-17 08:33:39,8404.44,INR,-8404.44,IOS Owner,,,MAESTRO-IOS-PERSONAL-LIFESTYLE-2053 | Hobbies | 8404.44,iPhone,B42,RAMP_1501_2500,CREATED,idem-20260902-ios-2053
2054,MTR-IOS-2054,Group,Shared Living,Shared Living,Utilities,Expense,2026-05-09,11:26:32,2026-05-09 11:26:32,6095.17,INR,-6095.17,IOS Owner,3,EQUAL,MAESTRO-IOS-GROUP-SHARED_LIVING-2054 | Utilities | 6095.17,iPhone,B42,RAMP_1501_2500,CREATED,idem-20260902-ios-2054
2055,MTR-IOS-2055,Business,Business,Business Runway,Investment,Income,2026-03-09,08:32:44,2026-03-09 08:32:44,10087.13,INR,10087.13,IOS Owner,,,MAESTRO-IOS-BUSINESS-BUSINESS_RUNWAY-2055 | Investment | 10087.13,iPhone,B42,RAMP_1501_2500,CREATED,idem-20260902-ios-2055
2056,MTR-IOS-2056,Personal,Personal,Relationships,Gifts,Expense,2026-03-12,09:26:41,2026-03-12 09:26:41,5377.68,INR,-5377.68,IOS Owner,,,MAESTRO-IOS-PERSONAL-RELATIONSHIPS-2056 | Gifts | 5377.68,iPhone,B42,RAMP_1501_2500,CREATED,idem-20260902-ios-2056
2057,MTR-IOS-2057,Group,Shared Living,Shared Living,Groceries,Expense,2026-07-09,17:59:52,2026-07-09 17:59:52,3275.88,INR,-3275.88,IOS Aarav,3,PERCENTAGE,MAESTRO-IOS-GROUP-SHARED_LIVING-2057 | Groceries | 3275.88,iPhone,B42,RAMP_1501_2500,CREATED,idem-20260902-ios-2057
2058,MTR-IOS-2058,Business,Business,Business Operations,Software,Expense,2026-05-11,07:41:17,2026-05-11 07:41:17,125390.43,INR,-125390.43,IOS Owner,,,MAESTRO-IOS-BUSINESS-BUSINESS_OPERATIONS-2058 | Software | 125390.43,iPhone,B42,RAMP_1501_2500,CREATED,idem-20260902-ios-2058
2059,MTR-IOS-2059,Personal,Personal,Relationships,Dates,Expense,2025-11-25,03:01:41,2025-11-25 03:01:41,14930.6,INR,-14930.6,IOS Owner,,,MAESTRO-IOS-PERSONAL-RELATIONSHIPS-2059 | Dates | 14930.60,iPhone,B42,RAMP_1501_2500,CREATED,idem-20260902-ios-2059
2060,MTR-IOS-2060,Group,Shared Living,Shared Living,Maintenance,Expense,2026-02-06,16:22:08,2026-02-06 16:22:08,2637.65,INR,-2637.65,IOS Meera,3,EXACT,MAESTRO-IOS-GROUP-SHARED_LIVING-2060 | Maintenance | 2637.65,iPhone,B42,RAMP_1501_2500,CREATED,idem-20260902-ios-2060
2061,MTR-IOS-2061,Business,Business,Business Operations,Rent,Expense,2025-12-24,11:23:53,2025-12-24 11:23:53,111844.67,INR,-111844.67,IOS Owner,,,MAESTRO-IOS-BUSINESS-BUSINESS_OPERATIONS-2061 | Rent | 111844.67,iPhone,B42,RAMP_1501_2500,CREATED,idem-20260902-ios-2061
2062,MTR-IOS-2062,Personal,Personal,Relationships,Family,Expense,2025-12-24,02:40:44,2025-12-24 02:40:44,2318.76,INR,-2318.76,IOS Owner,,,MAESTRO-IOS-PERSONAL-RELATIONSHIPS-2062 | Family | 2318.76,iPhone,B42,RAMP_1501_2500,CREATED,idem-20260902-ios-2062
2063,MTR-IOS-2063,Group,Shared Living,Shared Living,Other,Expense,2025-10-08,05:21:35,2025-10-08 05:21:35,4785.65,INR,-4785.65,IOS Owner,3,SHARES,MAESTRO-IOS-GROUP-SHARED_LIVING-2063 | Other | 4785.65,iPhone,B42,RAMP_1501_2500,CREATED,idem-20260902-ios-2063
2064,MTR-IOS-2064,Business,Business,Business Operations,Marketing,Expense,2025-11-11,18:21:51,2025-11-11 18:21:51,148929.98,INR,-148929.98,IOS Owner,,,MAESTRO-IOS-BUSINESS-BUSINESS_OPERATIONS-2064 | Marketing | 148929.98,iPhone,B42,RAMP_1501_2500,CREATED,idem-20260902-ios-2064
2065,MTR-IOS-2065,Personal,Personal,Relationships,Friends,Expense,2026-05-10,04:14:19,2026-05-10 04:14:19,4272.48,INR,-4272.48,IOS Owner,,,MAESTRO-IOS-PERSONAL-RELATIONSHIPS-2065 | Friends | 4272.48,iPhone,B42,RAMP_1501_2500,CREATED,idem-20260902-ios-2065
2066,MTR-IOS-2066,Group,Shared Living,Family Household,Transport,Expense,2026-06-27,11:07:00,2026-06-27 11:07:00,14357.86,INR,-14357.86,IOS Aarav,3,EQUAL,MAESTRO-IOS-GROUP-FAMILY_HOUSEHOLD-2066 | Transport | 14357.86,iPhone,B42,RAMP_1501_2500,CREATED,idem-20260902-ios-2066
2067,MTR-IOS-2067,Business,Business,Business Operations,Legal,Expense,2025-12-19,14:12:11,2025-12-19 14:12:11,116968.65,INR,-116968.65,IOS Owner,,,MAESTRO-IOS-BUSINESS-BUSINESS_OPERATIONS-2067 | Legal | 116968.65,iPhone,B42,RAMP_1501_2500,CREATED,idem-20260902-ios-2067
2068,MTR-IOS-2068,Personal,Personal,Relationships,Celebrations,Expense,2026-05-14,12:10:18,2026-05-14 12:10:18,15998.96,INR,-15998.96,IOS Owner,,,MAESTRO-IOS-PERSONAL-RELATIONSHIPS-2068 | Celebrations | 15998.96,iPhone,B42,RAMP_1501_2500,CREATED,idem-20260902-ios-2068
2069,MTR-IOS-2069,Group,Shared Living,Family Household,Bills,Expense,2026-02-15,06:53:41,2026-02-15 06:53:41,9001.91,INR,-9001.91,IOS Meera,3,PERCENTAGE,MAESTRO-IOS-GROUP-FAMILY_HOUSEHOLD-2069 | Bills | 9001.91,iPhone,B42,RAMP_1501_2500,CREATED,idem-20260902-ios-2069
2070,MTR-IOS-2070,Business,Business,Business Operations,Accounting,Expense,2025-10-01,13:48:10,2025-10-01 13:48:10,91510.35,INR,-91510.35,IOS Owner,,,MAESTRO-IOS-BUSINESS-BUSINESS_OPERATIONS-2070 | Accounting | 91510.35,iPhone,B42,RAMP_1501_2500,CREATED,idem-20260902-ios-2070
2071,MTR-IOS-2071,Personal,Personal,Life Operations,Groceries,Expense,2026-07-13,13:35:27,2026-07-13 13:35:27,3437.87,INR,-3437.87,IOS Owner,,,MAESTRO-IOS-PERSONAL-LIFE_OPERATIONS-2071 | Groceries | 3437.87,iPhone,B42,RAMP_1501_2500,CREATED,idem-20260902-ios-2071
2072,MTR-IOS-2072,Group,Shared Living,Family Household,Utilities,Expense,2026-03-08,13:22:25,2026-03-08 13:22:25,99.99,INR,-99.99,IOS Owner,3,EXACT,MAESTRO-IOS-GROUP-FAMILY_HOUSEHOLD-2072 | Utilities | 99.99,iPhone,B42,RAMP_1501_2500,CREATED,idem-20260902-ios-2072
2073,MTR-IOS-2073,Business,Business,Business Operations,Equipment,Expense,2025-09-07,03:48:43,2025-09-07 03:48:43,97818.91,INR,-97818.91,IOS Owner,,,MAESTRO-IOS-BUSINESS-BUSINESS_OPERATIONS-2073 | Equipment | 97818.91,iPhone,B42,RAMP_1501_2500,CREATED,idem-20260902-ios-2073
2074,MTR-IOS-2074,Personal,Personal,Life Operations,Rent,Expense,2026-04-13,12:09:28,2026-04-13 12:09:28,11014.61,INR,-11014.61,IOS Owner,,,MAESTRO-IOS-PERSONAL-LIFE_OPERATIONS-2074 | Rent | 11014.61,iPhone,B42,RAMP_1501_2500,CREATED,idem-20260902-ios-2074
2075,MTR-IOS-2075,Group,Shared Living,Family Household,Healthcare,Expense,2025-10-15,18:55:40,2025-10-15 18:55:40,8018.12,INR,-8018.12,IOS Aarav,3,SHARES,MAESTRO-IOS-GROUP-FAMILY_HOUSEHOLD-2075 | Healthcare | 8018.12,iPhone,B42,RAMP_1501_2500,CREATED,idem-20260902-ios-2075
2076,MTR-IOS-2076,Business,Business,Business Operations,Vendor,Expense,2026-01-08,06:04:38,2026-01-08 06:04:38,6344.71,INR,-6344.71,IOS Owner,,,MAESTRO-IOS-BUSINESS-BUSINESS_OPERATIONS-2076 | Vendor | 6344.71,iPhone,B42,RAMP_1501_2500,CREATED,idem-20260902-ios-2076
2077,MTR-IOS-2077,Personal,Personal,Life Operations,Bills,Expense,2026-02-18,20:55:54,2026-02-18 20:55:54,8012.98,INR,-8012.98,IOS Owner,,,MAESTRO-IOS-PERSONAL-LIFE_OPERATIONS-2077 | Bills | 8012.98,iPhone,B42,RAMP_1501_2500,CREATED,idem-20260902-ios-2077
2078,MTR-IOS-2078,Group,Shared Living,Family Household,School,Expense,2025-10-31,07:36:26,2025-10-31 07:36:26,20003.98,INR,-20003.98,IOS Meera,3,EQUAL,MAESTRO-IOS-GROUP-FAMILY_HOUSEHOLD-2078 | School | 20003.98,iPhone,B42,RAMP_1501_2500,CREATED,idem-20260902-ios-2078
2079,MTR-IOS-2079,Business,Business,Business Operations,Tax,Expense,2026-07-29,17:38:05,2026-07-29 17:38:05,136554.52,INR,-136554.52,IOS Owner,,,MAESTRO-IOS-BUSINESS-BUSINESS_OPERATIONS-2079 | Tax | 136554.52,iPhone,B42,RAMP_1501_2500,CREATED,idem-20260902-ios-2079
2080,MTR-IOS-2080,Personal,Personal,Life Operations,Transport,Expense,2026-01-15,08:56:04,2026-01-15 08:56:04,11147.79,INR,-11147.79,IOS Owner,,,MAESTRO-IOS-PERSONAL-LIFE_OPERATIONS-2080 | Transport | 11147.79,iPhone,B42,RAMP_1501_2500,CREATED,idem-20260902-ios-2080
2081,MTR-IOS-2081,Group,Shared Living,Family Household,Other,Expense,2025-09-06,00:25:34,2025-09-06 00:25:34,26923.31,INR,-26923.31,IOS Owner,3,PERCENTAGE,MAESTRO-IOS-GROUP-FAMILY_HOUSEHOLD-2081 | Other | 26923.31,iPhone,B42,RAMP_1501_2500,CREATED,idem-20260902-ios-2081
2082,MTR-IOS-2082,Business,Business,Team Operations,Payroll,Expense,2026-08-01,21:01:58,2026-08-01 21:01:58,26568.21,INR,-26568.21,IOS Owner,,,MAESTRO-IOS-BUSINESS-TEAM_OPERATIONS-2082 | Payroll | 26568.21,iPhone,B42,RAMP_1501_2500,CREATED,idem-20260902-ios-2082
2083,MTR-IOS-2083,Personal,Personal,Life Operations,Healthcare,Expense,2026-08-20,10:54:24,2026-08-20 10:54:24,3704.93,INR,-3704.93,IOS Owner,,,MAESTRO-IOS-PERSONAL-LIFE_OPERATIONS-2083 | Healthcare | 3704.93,iPhone,B42,RAMP_1501_2500,CREATED,idem-20260902-ios-2083
2084,MTR-IOS-2084,Group,Shared Living,Custom Living,Custom Expense,Expense,2026-03-13,02:50:14,2026-03-13 02:50:14,24096.38,INR,-24096.38,IOS Aarav,3,EXACT,MAESTRO-IOS-GROUP-CUSTOM_LIVING-2084 | Custom Expense | 24096.38,iPhone,B42,RAMP_1501_2500,CREATED,idem-20260902-ios-2084
2085,MTR-IOS-2085,Business,Business,Team Operations,Contractor,Expense,2026-08-22,18:23:20,2026-08-22 18:23:20,70819.52,INR,-70819.52,IOS Owner,,,MAESTRO-IOS-BUSINESS-TEAM_OPERATIONS-2085 | Contractor | 70819.52,iPhone,B42,RAMP_1501_2500,CREATED,idem-20260902-ios-2085
2086,MTR-IOS-2086,Personal,Personal,Life Operations,Subscriptions,Expense,2026-06-21,17:13:36,2026-06-21 17:13:36,15148.36,INR,-15148.36,IOS Owner,,,MAESTRO-IOS-PERSONAL-LIFE_OPERATIONS-2086 | Subscriptions | 15148.36,iPhone,B42,RAMP_1501_2500,CREATED,idem-20260902-ios-2086
2087,MTR-IOS-2087,Group,Shared Living,Custom Living,Custom Contribution,Contribution,2026-03-12,00:07:31,2026-03-12 00:07:31,17377.04,INR,17377.04,IOS Meera,3,SHARES,MAESTRO-IOS-GROUP-CUSTOM_LIVING-2087 | Custom Contribution | 17377.04,iPhone,B42,RAMP_1501_2500,CREATED,idem-20260902-ios-2087
2088,MTR-IOS-2088,Business,Business,Team Operations,Hiring,Expense,2026-06-24,09:17:59,2026-06-24 09:17:59,144135.97,INR,-144135.97,IOS Owner,,,MAESTRO-IOS-BUSINESS-TEAM_OPERATIONS-2088 | Hiring | 144135.97,iPhone,B42,RAMP_1501_2500,CREATED,idem-20260902-ios-2088
2089,MTR-IOS-2089,Personal,Personal,Life Operations,Repairs,Expense,2026-01-27,17:11:22,2026-01-27 17:11:22,15632.72,INR,-15632.72,IOS Owner,,,MAESTRO-IOS-PERSONAL-LIFE_OPERATIONS-2089 | Repairs | 15632.72,iPhone,B42,RAMP_1501_2500,CREATED,idem-20260902-ios-2089
2090,MTR-IOS-2090,Group,Shared Experience,Trip,Travel,Expense,2026-08-11,15:13:22,2026-08-11 15:13:22,1603.17,INR,-1603.17,IOS Owner,3,EQUAL,MAESTRO-IOS-GROUP-TRIP-2090 | Travel | 1603.17,iPhone,B42,RAMP_1501_2500,CREATED,idem-20260902-ios-2090
2091,MTR-IOS-2091,Business,Business,Team Operations,Team Meal,Expense,2026-07-07,19:17:08,2026-07-07 19:17:08,104735.79,INR,-104735.79,IOS Owner,,,MAESTRO-IOS-BUSINESS-TEAM_OPERATIONS-2091 | Team Meal | 104735.79,iPhone,B42,RAMP_1501_2500,CREATED,idem-20260902-ios-2091
2092,MTR-IOS-2092,Personal,Personal,Future Building,Savings,Transfer,2025-11-08,00:01:34,2025-11-08 00:01:34,12401.37,INR,0.0,IOS Owner,,,MAESTRO-IOS-PERSONAL-FUTURE_BUILDING-2092 | Savings | 12401.37,iPhone,B42,RAMP_1501_2500,CREATED,idem-20260902-ios-2092
2093,MTR-IOS-2093,Group,Shared Experience,Trip,Stay,Expense,2026-06-13,21:08:12,2026-06-13 21:08:12,21487.89,INR,-21487.89,IOS Aarav,3,PERCENTAGE,MAESTRO-IOS-GROUP-TRIP-2093 | Stay | 21487.89,iPhone,B42,RAMP_1501_2500,CREATED,idem-20260902-ios-2093
2094,MTR-IOS-2094,Business,Business,Team Operations,Travel,Expense,2026-08-05,09:04:58,2026-08-05 09:04:58,21909.21,INR,-21909.21,IOS Owner,,,MAESTRO-IOS-BUSINESS-TEAM_OPERATIONS-2094 | Travel | 21909.21,iPhone,B42,RAMP_1501_2500,CREATED,idem-20260902-ios-2094
2095,MTR-IOS-2095,Personal,Personal,Future Building,Emergency Fund,Transfer,2025-10-14,15:06:21,2025-10-14 15:06:21,7313.96,INR,0.0,IOS Owner,,,MAESTRO-IOS-PERSONAL-FUTURE_BUILDING-2095 | Emergency Fund | 7313.96,iPhone,B42,RAMP_1501_2500,CREATED,idem-20260902-ios-2095
2096,MTR-IOS-2096,Group,Shared Experience,Trip,Food,Expense,2026-03-14,00:21:00,2026-03-14 00:21:00,12135.63,INR,-12135.63,IOS Meera,3,EXACT,MAESTRO-IOS-GROUP-TRIP-2096 | Food | 12135.63,iPhone,B42,RAMP_1501_2500,CREATED,idem-20260902-ios-2096
2097,MTR-IOS-2097,Business,Business,Team Operations,Training,Expense,2026-03-15,12:45:30,2026-03-15 12:45:30,116380.42,INR,-116380.42,IOS Owner,,,MAESTRO-IOS-BUSINESS-TEAM_OPERATIONS-2097 | Training | 116380.42,iPhone,B42,RAMP_1501_2500,CREATED,idem-20260902-ios-2097
2098,MTR-IOS-2098,Personal,Personal,Future Building,Investments,Investment,2025-12-25,18:18:48,2025-12-25 18:18:48,16546.46,INR,0.0,IOS Owner,,,MAESTRO-IOS-PERSONAL-FUTURE_BUILDING-2098 | Investments | 16546.46,iPhone,B42,RAMP_1501_2500,CREATED,idem-20260902-ios-2098
2099,MTR-IOS-2099,Group,Shared Experience,Trip,Local Transport,Expense,2025-11-24,16:49:08,2025-11-24 16:49:08,14596.29,INR,-14596.29,IOS Owner,3,SHARES,MAESTRO-IOS-GROUP-TRIP-2099 | Local Transport | 14596.29,iPhone,B42,RAMP_1501_2500,CREATED,idem-20260902-ios-2099
2100,MTR-IOS-2100,Business,Business,Team Operations,Tools,Expense,2025-12-06,22:20:13,2025-12-06 22:20:13,71192.45,INR,-71192.45,IOS Owner,,,MAESTRO-IOS-BUSINESS-TEAM_OPERATIONS-2100 | Tools | 71192.45,iPhone,B42,RAMP_1501_2500,CREATED,idem-20260902-ios-2100
2101,MTR-IOS-2101,Personal,Personal,Future Building,Education,Expense,2026-04-03,11:57:48,2026-04-03 11:57:48,8293.99,INR,-8293.99,IOS Owner,,,MAESTRO-IOS-PERSONAL-FUTURE_BUILDING-2101 | Education | 8293.99,iPhone,B43,RAMP_1501_2500,CREATED,idem-20260902-ios-2101
2102,MTR-IOS-2102,Group,Shared Experience,Trip,Activities,Expense,2026-07-23,03:58:19,2026-07-23 03:58:19,1910.22,INR,-1910.22,IOS Aarav,3,EQUAL,MAESTRO-IOS-GROUP-TRIP-2102 | Activities | 1910.22,iPhone,B43,RAMP_1501_2500,CREATED,idem-20260902-ios-2102
2103,MTR-IOS-2103,Business,Business,Business Runway,Funding,Income,2026-01-19,06:51:56,2026-01-19 06:51:56,159526.1,INR,159526.1,IOS Owner,,,MAESTRO-IOS-BUSINESS-BUSINESS_RUNWAY-2103 | Funding | 159526.10,iPhone,B43,RAMP_1501_2500,CREATED,idem-20260902-ios-2103
2104,MTR-IOS-2104,Personal,Personal,Future Building,Goal Contribution,Transfer,2026-04-15,00:42:20,2026-04-15 00:42:20,2804.31,INR,0.0,IOS Owner,,,MAESTRO-IOS-PERSONAL-FUTURE_BUILDING-2104 | Goal Contribution | 2804.31,iPhone,B43,RAMP_1501_2500,CREATED,idem-20260902-ios-2104
2105,MTR-IOS-2105,Group,Shared Experience,Trip,Shopping,Expense,2025-12-04,23:14:11,2025-12-04 23:14:11,21959.21,INR,-21959.21,IOS Meera,3,PERCENTAGE,MAESTRO-IOS-GROUP-TRIP-2105 | Shopping | 21959.21,iPhone,B43,RAMP_1501_2500,CREATED,idem-20260902-ios-2105
2106,MTR-IOS-2106,Business,Business,Business Runway,Revenue,Income,2026-04-23,19:34:24,2026-04-23 19:34:24,65800.32,INR,65800.32,IOS Owner,,,MAESTRO-IOS-BUSINESS-BUSINESS_RUNWAY-2106 | Revenue | 65800.32,iPhone,B43,RAMP_1501_2500,CREATED,idem-20260902-ios-2106
2107,MTR-IOS-2107,Personal,Personal,Lifestyle,Dining,Expense,2026-02-10,04:09:30,2026-02-10 04:09:30,2682.38,INR,-2682.38,IOS Owner,,,MAESTRO-IOS-PERSONAL-LIFESTYLE-2107 | Dining | 2682.38,iPhone,B43,RAMP_1501_2500,CREATED,idem-20260902-ios-2107
2108,MTR-IOS-2108,Group,Shared Experience,Trip,Other,Expense,2026-05-16,15:46:06,2026-05-16 15:46:06,26398.3,INR,-26398.3,IOS Owner,3,EXACT,MAESTRO-IOS-GROUP-TRIP-2108 | Other | 26398.30,iPhone,B43,RAMP_1501_2500,CREATED,idem-20260902-ios-2108
2109,MTR-IOS-2109,Business,Business,Business Runway,Burn,Expense,2025-09-23,04:57:54,2025-09-23 04:57:54,100.0,INR,-100.0,IOS Owner,,,MAESTRO-IOS-BUSINESS-BUSINESS_RUNWAY-2109 | Burn | 100.00,iPhone,B43,RAMP_1501_2500,CREATED,idem-20260902-ios-2109
2110,MTR-IOS-2110,Personal,Personal,Lifestyle,Shopping,Expense,2026-05-08,23:31:54,2026-05-08 23:31:54,12818.62,INR,-12818.62,IOS Owner,,,MAESTRO-IOS-PERSONAL-LIFESTYLE-2110 | Shopping | 12818.62,iPhone,B43,RAMP_1501_2500,CREATED,idem-20260902-ios-2110
2111,MTR-IOS-2111,Group,Shared Experience,Wedding,Venue,Expense,2026-01-13,17:44:37,2026-01-13 17:44:37,1224.33,INR,-1224.33,IOS Aarav,3,SHARES,MAESTRO-IOS-GROUP-WEDDING-2111 | Venue | 1224.33,iPhone,B43,RAMP_1501_2500,CREATED,idem-20260902-ios-2111
2112,MTR-IOS-2112,Business,Business,Business Runway,Reserve,Transfer,2026-01-04,21:18:48,2026-01-04 21:18:48,159185.45,INR,0.0,IOS Owner,,,MAESTRO-IOS-BUSINESS-BUSINESS_RUNWAY-2112 | Reserve | 159185.45,iPhone,B43,RAMP_1501_2500,CREATED,idem-20260902-ios-2112
2113,MTR-IOS-2113,Personal,Personal,Lifestyle,Entertainment,Expense,2026-04-20,20:36:23,2026-04-20 20:36:23,7782.39,INR,-7782.39,IOS Owner,,,MAESTRO-IOS-PERSONAL-LIFESTYLE-2113 | Entertainment | 7782.39,iPhone,B43,RAMP_1501_2500,CREATED,idem-20260902-ios-2113
2114,MTR-IOS-2114,Group,Shared Experience,Wedding,Catering,Expense,2025-10-12,05:48:29,2025-10-12 05:48:29,15961.44,INR,-15961.44,IOS Meera,3,EQUAL,MAESTRO-IOS-GROUP-WEDDING-2114 | Catering | 15961.44,iPhone,B43,RAMP_1501_2500,CREATED,idem-20260902-ios-2114
2115,MTR-IOS-2115,Business,Business,Business Runway,Loan,Income,2025-10-31,07:56:06,2025-10-31 07:56:06,120319.85,INR,120319.85,IOS Owner,,,MAESTRO-IOS-BUSINESS-BUSINESS_RUNWAY-2115 | Loan | 120319.85,iPhone,B43,RAMP_1501_2500,CREATED,idem-20260902-ios-2115
2116,MTR-IOS-2116,Personal,Personal,Lifestyle,Travel,Expense,2026-07-03,18:11:06,2026-07-03 18:11:06,5693.97,INR,-5693.97,IOS Owner,,,MAESTRO-IOS-PERSONAL-LIFESTYLE-2116 | Travel | 5693.97,iPhone,B43,RAMP_1501_2500,CREATED,idem-20260902-ios-2116
2117,MTR-IOS-2117,Group,Shared Experience,Wedding,Decor,Expense,2025-11-19,02:27:44,2025-11-19 02:27:44,17636.07,INR,-17636.07,IOS Owner,3,PERCENTAGE,MAESTRO-IOS-GROUP-WEDDING-2117 | Decor | 17636.07,iPhone,B43,RAMP_1501_2500,CREATED,idem-20260902-ios-2117
2118,MTR-IOS-2118,Business,Business,Business Runway,Investment,Income,2025-12-31,17:35:47,2025-12-31 17:35:47,19609.27,INR,19609.27,IOS Owner,,,MAESTRO-IOS-BUSINESS-BUSINESS_RUNWAY-2118 | Investment | 19609.27,iPhone,B43,RAMP_1501_2500,CREATED,idem-20260902-ios-2118
2119,MTR-IOS-2119,Personal,Personal,Lifestyle,Fitness,Expense,2025-11-11,18:47:38,2025-11-11 18:47:38,1185.76,INR,-1185.76,IOS Owner,,,MAESTRO-IOS-PERSONAL-LIFESTYLE-2119 | Fitness | 1185.76,iPhone,B43,RAMP_1501_2500,CREATED,idem-20260902-ios-2119
2120,MTR-IOS-2120,Group,Shared Experience,Wedding,Travel,Expense,2026-03-12,21:46:39,2026-03-12 21:46:39,19747.52,INR,-19747.52,IOS Aarav,3,EXACT,MAESTRO-IOS-GROUP-WEDDING-2120 | Travel | 19747.52,iPhone,B43,RAMP_1501_2500,CREATED,idem-20260902-ios-2120
2121,MTR-IOS-2121,Business,Business,Business Operations,Software,Expense,2026-07-27,21:50:54,2026-07-27 21:50:54,105455.84,INR,-105455.84,IOS Owner,,,MAESTRO-IOS-BUSINESS-BUSINESS_OPERATIONS-2121 | Software | 105455.84,iPhone,B43,RAMP_1501_2500,CREATED,idem-20260902-ios-2121
2122,MTR-IOS-2122,Personal,Personal,Lifestyle,Hobbies,Expense,2026-02-26,22:28:58,2026-02-26 22:28:58,14854.08,INR,-14854.08,IOS Owner,,,MAESTRO-IOS-PERSONAL-LIFESTYLE-2122 | Hobbies | 14854.08,iPhone,B43,RAMP_1501_2500,CREATED,idem-20260902-ios-2122
2123,MTR-IOS-2123,Group,Shared Experience,Wedding,Gifts,Expense,2025-11-09,06:15:19,2025-11-09 06:15:19,26318.36,INR,-26318.36,IOS Meera,3,SHARES,MAESTRO-IOS-GROUP-WEDDING-2123 | Gifts | 26318.36,iPhone,B43,RAMP_1501_2500,CREATED,idem-20260902-ios-2123
2124,MTR-IOS-2124,Business,Business,Business Operations,Rent,Expense,2026-06-27,01:29:14,2026-06-27 01:29:14,5352.17,INR,-5352.17,IOS Owner,,,MAESTRO-IOS-BUSINESS-BUSINESS_OPERATIONS-2124 | Rent | 5352.17,iPhone,B43,RAMP_1501_2500,CREATED,idem-20260902-ios-2124
2125,MTR-IOS-2125,Personal,Personal,Relationships,Gifts,Expense,2025-11-22,10:56:05,2025-11-22 10:56:05,13997.04,INR,-13997.04,IOS Owner,,,MAESTRO-IOS-PERSONAL-RELATIONSHIPS-2125 | Gifts | 13997.04,iPhone,B43,RAMP_1501_2500,CREATED,idem-20260902-ios-2125
2126,MTR-IOS-2126,Group,Shared Experience,Wedding,Photography,Expense,2026-08-09,09:55:02,2026-08-09 09:55:02,16683.61,INR,-16683.61,IOS Owner,3,EQUAL,MAESTRO-IOS-GROUP-WEDDING-2126 | Photography | 16683.61,iPhone,B43,RAMP_1501_2500,CREATED,idem-20260902-ios-2126
2127,MTR-IOS-2127,Business,Business,Business Operations,Marketing,Expense,2025-10-04,23:13:00,2025-10-04 23:13:00,135544.78,INR,-135544.78,IOS Owner,,,MAESTRO-IOS-BUSINESS-BUSINESS_OPERATIONS-2127 | Marketing | 135544.78,iPhone,B43,RAMP_1501_2500,CREATED,idem-20260902-ios-2127
2128,MTR-IOS-2128,Personal,Personal,Relationships,Dates,Expense,2026-02-11,07:37:58,2026-02-11 07:37:58,2053.87,INR,-2053.87,IOS Owner,,,MAESTRO-IOS-PERSONAL-RELATIONSHIPS-2128 | Dates | 2053.87,iPhone,B43,RAMP_1501_2500,CREATED,idem-20260902-ios-2128
2129,MTR-IOS-2129,Group,Shared Experience,Wedding,Other,Expense,2025-12-22,17:52:02,2025-12-22 17:52:02,18120.07,INR,-18120.07,IOS Aarav,3,PERCENTAGE,MAESTRO-IOS-GROUP-WEDDING-2129 | Other | 18120.07,iPhone,B43,RAMP_1501_2500,CREATED,idem-20260902-ios-2129
2130,MTR-IOS-2130,Business,Business,Business Operations,Legal,Expense,2025-09-17,20:16:08,2025-09-17 20:16:08,32666.37,INR,-32666.37,IOS Owner,,,MAESTRO-IOS-BUSINESS-BUSINESS_OPERATIONS-2130 | Legal | 32666.37,iPhone,B43,RAMP_1501_2500,CREATED,idem-20260902-ios-2130
2131,MTR-IOS-2131,Personal,Personal,Relationships,Family,Expense,2026-07-02,09:37:45,2026-07-02 09:37:45,12761.83,INR,-12761.83,IOS Owner,,,MAESTRO-IOS-PERSONAL-RELATIONSHIPS-2131 | Family | 12761.83,iPhone,B43,RAMP_1501_2500,CREATED,idem-20260902-ios-2131
2132,MTR-IOS-2132,Group,Shared Experience,Office Outing,Food,Expense,2026-01-03,23:01:34,2026-01-03 23:01:34,22241.8,INR,-22241.8,IOS Meera,3,EXACT,MAESTRO-IOS-GROUP-OFFICE_OUTING-2132 | Food | 22241.80,iPhone,B43,RAMP_1501_2500,CREATED,idem-20260902-ios-2132
2133,MTR-IOS-2133,Business,Business,Business Operations,Accounting,Expense,2026-02-11,12:17:13,2026-02-11 12:17:13,75542.43,INR,-75542.43,IOS Owner,,,MAESTRO-IOS-BUSINESS-BUSINESS_OPERATIONS-2133 | Accounting | 75542.43,iPhone,B43,RAMP_1501_2500,CREATED,idem-20260902-ios-2133
2134,MTR-IOS-2134,Personal,Personal,Relationships,Friends,Expense,2026-03-09,21:56:29,2026-03-09 21:56:29,7296.44,INR,-7296.44,IOS Owner,,,MAESTRO-IOS-PERSONAL-RELATIONSHIPS-2134 | Friends | 7296.44,iPhone,B43,RAMP_1501_2500,CREATED,idem-20260902-ios-2134
2135,MTR-IOS-2135,Group,Shared Experience,Office Outing,Travel,Expense,2025-10-25,20:56:57,2025-10-25 20:56:57,6944.63,INR,-6944.63,IOS Owner,3,SHARES,MAESTRO-IOS-GROUP-OFFICE_OUTING-2135 | Travel | 6944.63,iPhone,B43,RAMP_1501_2500,CREATED,idem-20260902-ios-2135
2136,MTR-IOS-2136,Business,Business,Business Operations,Equipment,Expense,2025-11-17,21:06:34,2025-11-17 21:06:34,49899.43,INR,-49899.43,IOS Owner,,,MAESTRO-IOS-BUSINESS-BUSINESS_OPERATIONS-2136 | Equipment | 49899.43,iPhone,B43,RAMP_1501_2500,CREATED,idem-20260902-ios-2136
2137,MTR-IOS-2137,Personal,Personal,Relationships,Celebrations,Expense,2026-01-26,04:30:27,2026-01-26 04:30:27,10381.01,INR,-10381.01,IOS Owner,,,MAESTRO-IOS-PERSONAL-RELATIONSHIPS-2137 | Celebrations | 10381.01,iPhone,B43,RAMP_1501_2500,CREATED,idem-20260902-ios-2137
2138,MTR-IOS-2138,Group,Shared Experience,Office Outing,Activities,Expense,2026-02-02,20:53:25,2026-02-02 20:53:25,19403.76,INR,-19403.76,IOS Aarav,3,EQUAL,MAESTRO-IOS-GROUP-OFFICE_OUTING-2138 | Activities | 19403.76,iPhone,B43,RAMP_1501_2500,CREATED,idem-20260902-ios-2138
2139,MTR-IOS-2139,Business,Business,Business Operations,Vendor,Expense,2025-11-26,11:45:28,2025-11-26 11:45:28,119941.7,INR,-119941.7,IOS Owner,,,MAESTRO-IOS-BUSINESS-BUSINESS_OPERATIONS-2139 | Vendor | 119941.70,iPhone,B43,RAMP_1501_2500,CREATED,idem-20260902-ios-2139
2140,MTR-IOS-2140,Personal,Personal,Life Operations,Groceries,Expense,2026-04-27,12:37:22,2026-04-27 12:37:22,17031.73,INR,-17031.73,IOS Owner,,,MAESTRO-IOS-PERSONAL-LIFE_OPERATIONS-2140 | Groceries | 17031.73,iPhone,B43,RAMP_1501_2500,CREATED,idem-20260902-ios-2140
2141,MTR-IOS-2141,Group,Shared Experience,Office Outing,Venue,Expense,2025-11-18,18:40:15,2025-11-18 18:40:15,26098.37,INR,-26098.37,IOS Meera,3,PERCENTAGE,MAESTRO-IOS-GROUP-OFFICE_OUTING-2141 | Venue | 26098.37,iPhone,B43,RAMP_1501_2500,CREATED,idem-20260902-ios-2141
2142,MTR-IOS-2142,Business,Business,Business Operations,Tax,Expense,2025-10-01,17:01:09,2025-10-01 17:01:09,3322.75,INR,-3322.75,IOS Owner,,,MAESTRO-IOS-BUSINESS-BUSINESS_OPERATIONS-2142 | Tax | 3322.75,iPhone,B43,RAMP_1501_2500,CREATED,idem-20260902-ios-2142
2143,MTR-IOS-2143,Personal,Personal,Life Operations,Rent,Expense,2025-10-26,17:27:22,2025-10-26 17:27:22,12916.42,INR,-12916.42,IOS Owner,,,MAESTRO-IOS-PERSONAL-LIFE_OPERATIONS-2143 | Rent | 12916.42,iPhone,B43,RAMP_1501_2500,CREATED,idem-20260902-ios-2143
2144,MTR-IOS-2144,Group,Shared Experience,Office Outing,Other,Expense,2025-11-07,00:32:57,2025-11-07 00:32:57,10807.79,INR,-10807.79,IOS Owner,3,EXACT,MAESTRO-IOS-GROUP-OFFICE_OUTING-2144 | Other | 10807.79,iPhone,B43,RAMP_1501_2500,CREATED,idem-20260902-ios-2144
2145,MTR-IOS-2145,Business,Business,Team Operations,Payroll,Expense,2025-10-23,22:10:24,2025-10-23 22:10:24,20508.51,INR,-20508.51,IOS Owner,,,MAESTRO-IOS-BUSINESS-TEAM_OPERATIONS-2145 | Payroll | 20508.51,iPhone,B43,RAMP_1501_2500,CREATED,idem-20260902-ios-2145
2146,MTR-IOS-2146,Personal,Personal,Life Operations,Bills,Expense,2025-10-04,10:15:43,2025-10-04 10:15:43,999.99,INR,-999.99,IOS Owner,,,MAESTRO-IOS-PERSONAL-LIFE_OPERATIONS-2146 | Bills | 999.99,iPhone,B43,RAMP_1501_2500,CREATED,idem-20260902-ios-2146
2147,MTR-IOS-2147,Group,Shared Experience,House Party,Food,Expense,2025-09-23,11:37:03,2025-09-23 11:37:03,22590.27,INR,-22590.27,IOS Aarav,3,SHARES,MAESTRO-IOS-GROUP-HOUSE_PARTY-2147 | Food | 22590.27,iPhone,B43,RAMP_1501_2500,CREATED,idem-20260902-ios-2147
2148,MTR-IOS-2148,Business,Business,Team Operations,Contractor,Expense,2026-07-03,21:46:12,2026-07-03 21:46:12,80583.91,INR,-80583.91,IOS Owner,,,MAESTRO-IOS-BUSINESS-TEAM_OPERATIONS-2148 | Contractor | 80583.91,iPhone,B43,RAMP_1501_2500,CREATED,idem-20260902-ios-2148
2149,MTR-IOS-2149,Personal,Personal,Life Operations,Transport,Expense,2026-05-29,19:51:16,2026-05-29 19:51:16,9243.41,INR,-9243.41,IOS Owner,,,MAESTRO-IOS-PERSONAL-LIFE_OPERATIONS-2149 | Transport | 9243.41,iPhone,B43,RAMP_1501_2500,CREATED,idem-20260902-ios-2149
2150,MTR-IOS-2150,Group,Shared Experience,House Party,Drinks,Expense,2026-06-15,17:29:31,2026-06-15 17:29:31,18589.34,INR,-18589.34,IOS Meera,3,EQUAL,MAESTRO-IOS-GROUP-HOUSE_PARTY-2150 | Drinks | 18589.34,iPhone,B43,RAMP_1501_2500,CREATED,idem-20260902-ios-2150
2151,MTR-IOS-2151,Business,Business,Team Operations,Hiring,Expense,2026-03-16,18:03:20,2026-03-16 18:03:20,104384.2,INR,-104384.2,IOS Owner,,,MAESTRO-IOS-BUSINESS-TEAM_OPERATIONS-2151 | Hiring | 104384.20,iPhone,B44,RAMP_1501_2500,CREATED,idem-20260902-ios-2151
2152,MTR-IOS-2152,Personal,Personal,Life Operations,Healthcare,Expense,2026-01-31,20:47:01,2026-01-31 20:47:01,9096.22,INR,-9096.22,IOS Owner,,,MAESTRO-IOS-PERSONAL-LIFE_OPERATIONS-2152 | Healthcare | 9096.22,iPhone,B44,RAMP_1501_2500,CREATED,idem-20260902-ios-2152
2153,MTR-IOS-2153,Group,Shared Experience,House Party,Decor,Expense,2025-09-16,09:39:31,2025-09-16 09:39:31,7566.29,INR,-7566.29,IOS Owner,3,PERCENTAGE,MAESTRO-IOS-GROUP-HOUSE_PARTY-2153 | Decor | 7566.29,iPhone,B44,RAMP_1501_2500,CREATED,idem-20260902-ios-2153
2154,MTR-IOS-2154,Business,Business,Team Operations,Team Meal,Expense,2026-07-14,17:21:18,2026-07-14 17:21:18,86876.3,INR,-86876.3,IOS Owner,,,MAESTRO-IOS-BUSINESS-TEAM_OPERATIONS-2154 | Team Meal | 86876.30,iPhone,B44,RAMP_1501_2500,CREATED,idem-20260902-ios-2154
2155,MTR-IOS-2155,Personal,Personal,Life Operations,Subscriptions,Expense,2026-08-25,12:00:00,2026-08-25 12:00:00,11242.2,INR,-11242.2,IOS Owner,,,MAESTRO-IOS-PERSONAL-LIFE_OPERATIONS-2155 | Subscriptions | 11242.20,iPhone,B44,RAMP_1501_2500,CREATED,idem-20260902-ios-2155
2156,MTR-IOS-2156,Group,Shared Experience,House Party,Supplies,Expense,2026-06-22,19:50:16,2026-06-22 19:50:16,20343.15,INR,-20343.15,IOS Aarav,3,EXACT,MAESTRO-IOS-GROUP-HOUSE_PARTY-2156 | Supplies | 20343.15,iPhone,B44,RAMP_1501_2500,CREATED,idem-20260902-ios-2156
2157,MTR-IOS-2157,Business,Business,Team Operations,Travel,Expense,2026-08-02,07:18:37,2026-08-02 07:18:37,28058.99,INR,-28058.99,IOS Owner,,,MAESTRO-IOS-BUSINESS-TEAM_OPERATIONS-2157 | Travel | 28058.99,iPhone,B44,RAMP_1501_2500,CREATED,idem-20260902-ios-2157
2158,MTR-IOS-2158,Personal,Personal,Life Operations,Repairs,Expense,2025-11-06,15:37:00,2025-11-06 15:37:00,8276.61,INR,-8276.61,IOS Owner,,,MAESTRO-IOS-PERSONAL-LIFE_OPERATIONS-2158 | Repairs | 8276.61,iPhone,B44,RAMP_1501_2500,CREATED,idem-20260902-ios-2158
2159,MTR-IOS-2159,Group,Shared Experience,House Party,Other,Expense,2026-02-15,21:03:40,2026-02-15 21:03:40,19743.71,INR,-19743.71,IOS Meera,3,SHARES,MAESTRO-IOS-GROUP-HOUSE_PARTY-2159 | Other | 19743.71,iPhone,B44,RAMP_1501_2500,CREATED,idem-20260902-ios-2159
2160,MTR-IOS-2160,Business,Business,Team Operations,Training,Expense,2026-01-26,18:22:43,2026-01-26 18:22:43,54179.91,INR,-54179.91,IOS Owner,,,MAESTRO-IOS-BUSINESS-TEAM_OPERATIONS-2160 | Training | 54179.91,iPhone,B44,RAMP_1501_2500,CREATED,idem-20260902-ios-2160
2161,MTR-IOS-2161,Personal,Personal,Future Building,Savings,Transfer,2026-02-06,13:41:16,2026-02-06 13:41:16,16782.96,INR,0.0,IOS Owner,,,MAESTRO-IOS-PERSONAL-FUTURE_BUILDING-2161 | Savings | 16782.96,iPhone,B44,RAMP_1501_2500,CREATED,idem-20260902-ios-2161
2162,MTR-IOS-2162,Group,Shared Purchase,Gift Pool,Contribution,Contribution,2026-01-21,13:57:21,2026-01-21 13:57:21,25631.33,INR,25631.33,IOS Owner,3,EQUAL,MAESTRO-IOS-GROUP-GIFT_POOL-2162 | Contribution | 25631.33,iPhone,B44,RAMP_1501_2500,CREATED,idem-20260902-ios-2162
2163,MTR-IOS-2163,Business,Business,Team Operations,Tools,Expense,2026-06-05,14:09:27,2026-06-05 14:09:27,1634.89,INR,-1634.89,IOS Owner,,,MAESTRO-IOS-BUSINESS-TEAM_OPERATIONS-2163 | Tools | 1634.89,iPhone,B44,RAMP_1501_2500,CREATED,idem-20260902-ios-2163
2164,MTR-IOS-2164,Personal,Personal,Future Building,Emergency Fund,Transfer,2026-08-08,16:18:11,2026-08-08 16:18:11,2769.68,INR,0.0,IOS Owner,,,MAESTRO-IOS-PERSONAL-FUTURE_BUILDING-2164 | Emergency Fund | 2769.68,iPhone,B44,RAMP_1501_2500,CREATED,idem-20260902-ios-2164
2165,MTR-IOS-2165,Group,Shared Purchase,Gift Pool,Gift Purchase,Expense,2026-02-26,05:41:31,2026-02-26 05:41:31,4654.46,INR,-4654.46,IOS Aarav,3,PERCENTAGE,MAESTRO-IOS-GROUP-GIFT_POOL-2165 | Gift Purchase | 4654.46,iPhone,B44,RAMP_1501_2500,CREATED,idem-20260902-ios-2165
2166,MTR-IOS-2166,Business,Business,Business Runway,Funding,Income,2026-07-15,17:19:41,2026-07-15 17:19:41,116069.88,INR,116069.88,IOS Owner,,,MAESTRO-IOS-BUSINESS-BUSINESS_RUNWAY-2166 | Funding | 116069.88,iPhone,B44,RAMP_1501_2500,CREATED,idem-20260902-ios-2166
2167,MTR-IOS-2167,Personal,Personal,Future Building,Investments,Investment,2025-12-24,05:37:11,2025-12-24 05:37:11,13940.6,INR,0.0,IOS Owner,,,MAESTRO-IOS-PERSONAL-FUTURE_BUILDING-2167 | Investments | 13940.60,iPhone,B44,RAMP_1501_2500,CREATED,idem-20260902-ios-2167
2168,MTR-IOS-2168,Group,Shared Purchase,Gift Pool,Delivery,Expense,2025-12-22,09:46:33,2025-12-22 09:46:33,105.78,INR,-105.78,IOS Meera,3,EXACT,MAESTRO-IOS-GROUP-GIFT_POOL-2168 | Delivery | 105.78,iPhone,B44,RAMP_1501_2500,CREATED,idem-20260902-ios-2168
2169,MTR-IOS-2169,Business,Business,Business Runway,Revenue,Income,2025-10-05,13:09:40,2025-10-05 13:09:40,110769.03,INR,110769.03,IOS Owner,,,MAESTRO-IOS-BUSINESS-BUSINESS_RUNWAY-2169 | Revenue | 110769.03,iPhone,B44,RAMP_1501_2500,CREATED,idem-20260902-ios-2169
2170,MTR-IOS-2170,Personal,Personal,Future Building,Education,Expense,2026-07-30,09:15:11,2026-07-30 09:15:11,14678.39,INR,-14678.39,IOS Owner,,,MAESTRO-IOS-PERSONAL-FUTURE_BUILDING-2170 | Education | 14678.39,iPhone,B44,RAMP_1501_2500,CREATED,idem-20260902-ios-2170
2171,MTR-IOS-2171,Group,Shared Purchase,Gift Pool,Other,Expense,2026-04-10,17:21:42,2026-04-10 17:21:42,23623.64,INR,-23623.64,IOS Owner,3,SHARES,MAESTRO-IOS-GROUP-GIFT_POOL-2171 | Other | 23623.64,iPhone,B44,RAMP_1501_2500,CREATED,idem-20260902-ios-2171
2172,MTR-IOS-2172,Business,Business,Business Runway,Burn,Expense,2025-11-25,11:14:56,2025-11-25 11:14:56,151438.81,INR,-151438.81,IOS Owner,,,MAESTRO-IOS-BUSINESS-BUSINESS_RUNWAY-2172 | Burn | 151438.81,iPhone,B44,RAMP_1501_2500,CREATED,idem-20260902-ios-2172
2173,MTR-IOS-2173,Personal,Personal,Future Building,Goal Contribution,Transfer,2026-04-07,19:10:27,2026-04-07 19:10:27,9999.66,INR,0.0,IOS Owner,,,MAESTRO-IOS-PERSONAL-FUTURE_BUILDING-2173 | Goal Contribution | 9999.66,iPhone,B44,RAMP_1501_2500,CREATED,idem-20260902-ios-2173
2174,MTR-IOS-2174,Group,Shared Purchase,Purchase,Item,Expense,2026-04-13,00:31:58,2026-04-13 00:31:58,18906.99,INR,-18906.99,IOS Aarav,3,EQUAL,MAESTRO-IOS-GROUP-PURCHASE-2174 | Item | 18906.99,iPhone,B44,RAMP_1501_2500,CREATED,idem-20260902-ios-2174
2175,MTR-IOS-2175,Business,Business,Business Runway,Reserve,Transfer,2026-07-31,21:40:21,2026-07-31 21:40:21,22340.97,INR,0.0,IOS Owner,,,MAESTRO-IOS-BUSINESS-BUSINESS_RUNWAY-2175 | Reserve | 22340.97,iPhone,B44,RAMP_1501_2500,CREATED,idem-20260902-ios-2175
2176,MTR-IOS-2176,Personal,Personal,Lifestyle,Dining,Expense,2026-01-29,17:19:10,2026-01-29 17:19:10,1966.24,INR,-1966.24,IOS Owner,,,MAESTRO-IOS-PERSONAL-LIFESTYLE-2176 | Dining | 1966.24,iPhone,B44,RAMP_1501_2500,CREATED,idem-20260902-ios-2176
2177,MTR-IOS-2177,Group,Shared Purchase,Purchase,Shipping,Expense,2026-07-31,13:52:32,2026-07-31 13:52:32,6741.32,INR,-6741.32,IOS Meera,3,PERCENTAGE,MAESTRO-IOS-GROUP-PURCHASE-2177 | Shipping | 6741.32,iPhone,B44,RAMP_1501_2500,CREATED,idem-20260902-ios-2177
2178,MTR-IOS-2178,Business,Business,Business Runway,Loan,Income,2026-04-15,14:48:14,2026-04-15 14:48:14,150103.67,INR,150103.67,IOS Owner,,,MAESTRO-IOS-BUSINESS-BUSINESS_RUNWAY-2178 | Loan | 150103.67,iPhone,B44,RAMP_1501_2500,CREATED,idem-20260902-ios-2178
2179,MTR-IOS-2179,Personal,Personal,Lifestyle,Shopping,Expense,2026-05-14,20:04:00,2026-05-14 20:04:00,7783.19,INR,-7783.19,IOS Owner,,,MAESTRO-IOS-PERSONAL-LIFESTYLE-2179 | Shopping | 7783.19,iPhone,B44,RAMP_1501_2500,CREATED,idem-20260902-ios-2179
2180,MTR-IOS-2180,Group,Shared Purchase,Purchase,Tax,Expense,2026-06-24,04:02:01,2026-06-24 04:02:01,752.41,INR,-752.41,IOS Owner,3,EXACT,MAESTRO-IOS-GROUP-PURCHASE-2180 | Tax | 752.41,iPhone,B44,RAMP_1501_2500,CREATED,idem-20260902-ios-2180
2181,MTR-IOS-2181,Business,Business,Business Runway,Investment,Income,2026-02-09,04:12:44,2026-02-09 04:12:44,107259.27,INR,107259.27,IOS Owner,,,MAESTRO-IOS-BUSINESS-BUSINESS_RUNWAY-2181 | Investment | 107259.27,iPhone,B44,RAMP_1501_2500,CREATED,idem-20260902-ios-2181
2182,MTR-IOS-2182,Personal,Personal,Lifestyle,Entertainment,Expense,2026-08-04,05:05:34,2026-08-04 05:05:34,1224.29,INR,-1224.29,IOS Owner,,,MAESTRO-IOS-PERSONAL-LIFESTYLE-2182 | Entertainment | 1224.29,iPhone,B44,RAMP_1501_2500,CREATED,idem-20260902-ios-2182
2183,MTR-IOS-2183,Group,Shared Purchase,Purchase,Other,Expense,2026-06-07,17:25:14,2026-06-07 17:25:14,10000.0,INR,-10000.0,IOS Aarav,3,SHARES,MAESTRO-IOS-GROUP-PURCHASE-2183 | Other | 10000.00,iPhone,B44,RAMP_1501_2500,CREATED,idem-20260902-ios-2183
2184,MTR-IOS-2184,Business,Business,Business Operations,Software,Expense,2025-10-05,00:21:02,2025-10-05 00:21:02,75603.46,INR,-75603.46,IOS Owner,,,MAESTRO-IOS-BUSINESS-BUSINESS_OPERATIONS-2184 | Software | 75603.46,iPhone,B44,RAMP_1501_2500,CREATED,idem-20260902-ios-2184
2185,MTR-IOS-2185,Personal,Personal,Lifestyle,Travel,Expense,2026-05-30,12:20:56,2026-05-30 12:20:56,10194.35,INR,-10194.35,IOS Owner,,,MAESTRO-IOS-PERSONAL-LIFESTYLE-2185 | Travel | 10194.35,iPhone,B44,RAMP_1501_2500,CREATED,idem-20260902-ios-2185
2186,MTR-IOS-2186,Group,Shared Purchase,Assets,Purchase,Expense,2025-10-11,17:58:59,2025-10-11 17:58:59,131.1,INR,-131.1,IOS Meera,3,EQUAL,MAESTRO-IOS-GROUP-ASSETS-2186 | Purchase | 131.10,iPhone,B44,RAMP_1501_2500,CREATED,idem-20260902-ios-2186
2187,MTR-IOS-2187,Business,Business,Business Operations,Rent,Expense,2026-06-16,06:38:49,2026-06-16 06:38:49,162912.76,INR,-162912.76,IOS Owner,,,MAESTRO-IOS-BUSINESS-BUSINESS_OPERATIONS-2187 | Rent | 162912.76,iPhone,B44,RAMP_1501_2500,CREATED,idem-20260902-ios-2187
2188,MTR-IOS-2188,Personal,Personal,Lifestyle,Fitness,Expense,2026-02-24,07:43:17,2026-02-24 07:43:17,17544.23,INR,-17544.23,IOS Owner,,,MAESTRO-IOS-PERSONAL-LIFESTYLE-2188 | Fitness | 17544.23,iPhone,B44,RAMP_1501_2500,CREATED,idem-20260902-ios-2188
2189,MTR-IOS-2189,Group,Shared Purchase,Assets,Maintenance,Expense,2026-06-25,23:57:01,2026-06-25 23:57:01,14475.33,INR,-14475.33,IOS Owner,3,PERCENTAGE,MAESTRO-IOS-GROUP-ASSETS-2189 | Maintenance | 14475.33,iPhone,B44,RAMP_1501_2500,CREATED,idem-20260902-ios-2189
2190,MTR-IOS-2190,Business,Business,Business Operations,Marketing,Expense,2025-12-11,16:15:42,2025-12-11 16:15:42,124607.32,INR,-124607.32,IOS Owner,,,MAESTRO-IOS-BUSINESS-BUSINESS_OPERATIONS-2190 | Marketing | 124607.32,iPhone,B44,RAMP_1501_2500,CREATED,idem-20260902-ios-2190
2191,MTR-IOS-2191,Personal,Personal,Lifestyle,Hobbies,Expense,2025-09-27,21:21:19,2025-09-27 21:21:19,3924.69,INR,-3924.69,IOS Owner,,,MAESTRO-IOS-PERSONAL-LIFESTYLE-2191 | Hobbies | 3924.69,iPhone,B44,RAMP_1501_2500,CREATED,idem-20260902-ios-2191
2192,MTR-IOS-2192,Group,Shared Purchase,Assets,Repair,Expense,2026-01-01,11:33:51,2026-01-01 11:33:51,1534.34,INR,-1534.34,IOS Aarav,3,EXACT,MAESTRO-IOS-GROUP-ASSETS-2192 | Repair | 1534.34,iPhone,B44,RAMP_1501_2500,CREATED,idem-20260902-ios-2192
2193,MTR-IOS-2193,Business,Business,Business Operations,Legal,Expense,2025-11-25,21:32:37,2025-11-25 21:32:37,30646.29,INR,-30646.29,IOS Owner,,,MAESTRO-IOS-BUSINESS-BUSINESS_OPERATIONS-2193 | Legal | 30646.29,iPhone,B44,RAMP_1501_2500,CREATED,idem-20260902-ios-2193
2194,MTR-IOS-2194,Personal,Personal,Relationships,Gifts,Expense,2026-06-20,20:38:18,2026-06-20 20:38:18,11851.23,INR,-11851.23,IOS Owner,,,MAESTRO-IOS-PERSONAL-RELATIONSHIPS-2194 | Gifts | 11851.23,iPhone,B44,RAMP_1501_2500,CREATED,idem-20260902-ios-2194
2195,MTR-IOS-2195,Group,Shared Purchase,Assets,Insurance,Expense,2026-08-11,15:16:55,2026-08-11 15:16:55,8104.27,INR,-8104.27,IOS Meera,3,SHARES,MAESTRO-IOS-GROUP-ASSETS-2195 | Insurance | 8104.27,iPhone,B44,RAMP_1501_2500,CREATED,idem-20260902-ios-2195
2196,MTR-IOS-2196,Business,Business,Business Operations,Accounting,Expense,2026-08-23,05:52:04,2026-08-23 05:52:04,12804.86,INR,-12804.86,IOS Owner,,,MAESTRO-IOS-BUSINESS-BUSINESS_OPERATIONS-2196 | Accounting | 12804.86,iPhone,B44,RAMP_1501_2500,CREATED,idem-20260902-ios-2196
2197,MTR-IOS-2197,Personal,Personal,Relationships,Dates,Expense,2026-06-19,14:12:03,2026-06-19 14:12:03,2855.95,INR,-2855.95,IOS Owner,,,MAESTRO-IOS-PERSONAL-RELATIONSHIPS-2197 | Dates | 2855.95,iPhone,B44,RAMP_1501_2500,CREATED,idem-20260902-ios-2197
2198,MTR-IOS-2198,Group,Shared Purchase,Assets,Other,Expense,2026-03-05,22:26:53,2026-03-05 22:26:53,5267.78,INR,-5267.78,IOS Owner,3,EQUAL,MAESTRO-IOS-GROUP-ASSETS-2198 | Other | 5267.78,iPhone,B44,RAMP_1501_2500,CREATED,idem-20260902-ios-2198
2199,MTR-IOS-2199,Business,Business,Business Operations,Equipment,Expense,2026-08-24,05:24:12,2026-08-24 05:24:12,41207.12,INR,-41207.12,IOS Owner,,,MAESTRO-IOS-BUSINESS-BUSINESS_OPERATIONS-2199 | Equipment | 41207.12,iPhone,B44,RAMP_1501_2500,CREATED,idem-20260902-ios-2199
2200,MTR-IOS-2200,Personal,Personal,Relationships,Family,Expense,2026-08-19,21:57:11,2026-08-19 21:57:11,17690.02,INR,-17690.02,IOS Owner,,,MAESTRO-IOS-PERSONAL-RELATIONSHIPS-2200 | Family | 17690.02,iPhone,B44,RAMP_1501_2500,CREATED,idem-20260902-ios-2200
2201,MTR-IOS-2201,Group,Shared Purchase,Custom Purchase,Custom Expense,Expense,2025-10-21,03:24:34,2025-10-21 03:24:34,13524.05,INR,-13524.05,IOS Aarav,3,PERCENTAGE,MAESTRO-IOS-GROUP-CUSTOM_PURCHASE-2201 | Custom Expense | 13524.05,iPhone,B45,RAMP_1501_2500,CREATED,idem-20260902-ios-2201
2202,MTR-IOS-2202,Business,Business,Business Operations,Vendor,Expense,2025-11-12,12:00:20,2025-11-12 12:00:20,146739.45,INR,-146739.45,IOS Owner,,,MAESTRO-IOS-BUSINESS-BUSINESS_OPERATIONS-2202 | Vendor | 146739.45,iPhone,B45,RAMP_1501_2500,CREATED,idem-20260902-ios-2202
2203,MTR-IOS-2203,Personal,Personal,Relationships,Friends,Expense,2025-10-31,02:39:05,2025-10-31 02:39:05,2115.4,INR,-2115.4,IOS Owner,,,MAESTRO-IOS-PERSONAL-RELATIONSHIPS-2203 | Friends | 2115.40,iPhone,B45,RAMP_1501_2500,CREATED,idem-20260902-ios-2203
2204,MTR-IOS-2204,Group,Shared Purchase,Custom Purchase,Custom Contribution,Contribution,2026-05-14,00:58:05,2026-05-14 00:58:05,14680.63,INR,14680.63,IOS Meera,3,EXACT,MAESTRO-IOS-GROUP-CUSTOM_PURCHASE-2204 | Custom Contribution | 14680.63,iPhone,B45,RAMP_1501_2500,CREATED,idem-20260902-ios-2204
2205,MTR-IOS-2205,Business,Business,Business Operations,Tax,Expense,2026-04-03,19:43:21,2026-04-03 19:43:21,101164.73,INR,-101164.73,IOS Owner,,,MAESTRO-IOS-BUSINESS-BUSINESS_OPERATIONS-2205 | Tax | 101164.73,iPhone,B45,RAMP_1501_2500,CREATED,idem-20260902-ios-2205
2206,MTR-IOS-2206,Personal,Personal,Relationships,Celebrations,Expense,2025-12-15,05:22:56,2025-12-15 05:22:56,13338.49,INR,-13338.49,IOS Owner,,,MAESTRO-IOS-PERSONAL-RELATIONSHIPS-2206 | Celebrations | 13338.49,iPhone,B45,RAMP_1501_2500,CREATED,idem-20260902-ios-2206
2207,MTR-IOS-2207,Group,Shared Living,Flatmates,Rent,Expense,2026-08-17,13:11:34,2026-08-17 13:11:34,2006.72,INR,-2006.72,IOS Owner,3,SHARES,MAESTRO-IOS-GROUP-FLATMATES-2207 | Rent | 2006.72,iPhone,B45,RAMP_1501_2500,CREATED,idem-20260902-ios-2207
2208,MTR-IOS-2208,Business,Business,Team Operations,Payroll,Expense,2025-12-31,08:56:28,2025-12-31 08:56:28,17252.62,INR,-17252.62,IOS Owner,,,MAESTRO-IOS-BUSINESS-TEAM_OPERATIONS-2208 | Payroll | 17252.62,iPhone,B45,RAMP_1501_2500,CREATED,idem-20260902-ios-2208
2209,MTR-IOS-2209,Personal,Personal,Life Operations,Groceries,Expense,2026-06-20,02:18:33,2026-06-20 02:18:33,1522.89,INR,-1522.89,IOS Owner,,,MAESTRO-IOS-PERSONAL-LIFE_OPERATIONS-2209 | Groceries | 1522.89,iPhone,B45,RAMP_1501_2500,CREATED,idem-20260902-ios-2209
2210,MTR-IOS-2210,Group,Shared Living,Flatmates,Utilities,Expense,2026-01-14,22:56:19,2026-01-14 22:56:19,11321.78,INR,-11321.78,IOS Aarav,3,EQUAL,MAESTRO-IOS-GROUP-FLATMATES-2210 | Utilities | 11321.78,iPhone,B45,RAMP_1501_2500,CREATED,idem-20260902-ios-2210
2211,MTR-IOS-2211,Business,Business,Team Operations,Contractor,Expense,2026-01-13,05:45:01,2026-01-13 05:45:01,66634.08,INR,-66634.08,IOS Owner,,,MAESTRO-IOS-BUSINESS-TEAM_OPERATIONS-2211 | Contractor | 66634.08,iPhone,B45,RAMP_1501_2500,CREATED,idem-20260902-ios-2211
2212,MTR-IOS-2212,Personal,Personal,Life Operations,Rent,Expense,2026-01-16,02:46:44,2026-01-16 02:46:44,961.64,INR,-961.64,IOS Owner,,,MAESTRO-IOS-PERSONAL-LIFE_OPERATIONS-2212 | Rent | 961.64,iPhone,B45,RAMP_1501_2500,CREATED,idem-20260902-ios-2212
2213,MTR-IOS-2213,Group,Shared Living,Flatmates,Groceries,Expense,2025-10-29,16:28:23,2025-10-29 16:28:23,12617.19,INR,-12617.19,IOS Meera,3,PERCENTAGE,MAESTRO-IOS-GROUP-FLATMATES-2213 | Groceries | 12617.19,iPhone,B45,RAMP_1501_2500,CREATED,idem-20260902-ios-2213
2214,MTR-IOS-2214,Business,Business,Team Operations,Hiring,Expense,2026-03-06,05:31:09,2026-03-06 05:31:09,88649.43,INR,-88649.43,IOS Owner,,,MAESTRO-IOS-BUSINESS-TEAM_OPERATIONS-2214 | Hiring | 88649.43,iPhone,B45,RAMP_1501_2500,CREATED,idem-20260902-ios-2214
2215,MTR-IOS-2215,Personal,Personal,Life Operations,Bills,Expense,2026-07-01,00:48:22,2026-07-01 00:48:22,9995.92,INR,-9995.92,IOS Owner,,,MAESTRO-IOS-PERSONAL-LIFE_OPERATIONS-2215 | Bills | 9995.92,iPhone,B45,RAMP_1501_2500,CREATED,idem-20260902-ios-2215
2216,MTR-IOS-2216,Group,Shared Living,Flatmates,Internet,Expense,2026-08-08,15:11:17,2026-08-08 15:11:17,16842.15,INR,-16842.15,IOS Owner,3,EXACT,MAESTRO-IOS-GROUP-FLATMATES-2216 | Internet | 16842.15,iPhone,B45,RAMP_1501_2500,CREATED,idem-20260902-ios-2216
2217,MTR-IOS-2217,Business,Business,Team Operations,Team Meal,Expense,2025-11-25,10:10:33,2025-11-25 10:10:33,83721.1,INR,-83721.1,IOS Owner,,,MAESTRO-IOS-BUSINESS-TEAM_OPERATIONS-2217 | Team Meal | 83721.10,iPhone,B45,RAMP_1501_2500,CREATED,idem-20260902-ios-2217
2218,MTR-IOS-2218,Personal,Personal,Life Operations,Transport,Expense,2025-10-20,12:33:48,2025-10-20 12:33:48,12857.55,INR,-12857.55,IOS Owner,,,MAESTRO-IOS-PERSONAL-LIFE_OPERATIONS-2218 | Transport | 12857.55,iPhone,B45,RAMP_1501_2500,CREATED,idem-20260902-ios-2218
2219,MTR-IOS-2219,Group,Shared Living,Flatmates,House Supplies,Expense,2026-07-12,18:04:18,2026-07-12 18:04:18,17165.12,INR,-17165.12,IOS Aarav,3,SHARES,MAESTRO-IOS-GROUP-FLATMATES-2219 | House Supplies | 17165.12,iPhone,B45,RAMP_1501_2500,CREATED,idem-20260902-ios-2219
2220,MTR-IOS-2220,Business,Business,Team Operations,Travel,Expense,2026-04-27,06:14:38,2026-04-27 06:14:38,0.01,INR,-0.01,IOS Owner,,,MAESTRO-IOS-BUSINESS-TEAM_OPERATIONS-2220 | Travel | 0.01,iPhone,B45,RAMP_1501_2500,CREATED,idem-20260902-ios-2220
2221,MTR-IOS-2221,Personal,Personal,Life Operations,Healthcare,Expense,2026-05-10,15:10:13,2026-05-10 15:10:13,1445.85,INR,-1445.85,IOS Owner,,,MAESTRO-IOS-PERSONAL-LIFE_OPERATIONS-2221 | Healthcare | 1445.85,iPhone,B45,RAMP_1501_2500,CREATED,idem-20260902-ios-2221
2222,MTR-IOS-2222,Group,Shared Living,Flatmates,Repairs,Expense,2026-01-10,00:10:22,2026-01-10 00:10:22,26562.4,INR,-26562.4,IOS Meera,3,EQUAL,MAESTRO-IOS-GROUP-FLATMATES-2222 | Repairs | 26562.40,iPhone,B45,RAMP_1501_2500,CREATED,idem-20260902-ios-2222
2223,MTR-IOS-2223,Business,Business,Team Operations,Training,Expense,2026-06-26,20:11:22,2026-06-26 20:11:22,32334.84,INR,-32334.84,IOS Owner,,,MAESTRO-IOS-BUSINESS-TEAM_OPERATIONS-2223 | Training | 32334.84,iPhone,B45,RAMP_1501_2500,CREATED,idem-20260902-ios-2223
2224,MTR-IOS-2224,Personal,Personal,Life Operations,Subscriptions,Expense,2025-10-19,00:56:41,2025-10-19 00:56:41,401.63,INR,-401.63,IOS Owner,,,MAESTRO-IOS-PERSONAL-LIFE_OPERATIONS-2224 | Subscriptions | 401.63,iPhone,B45,RAMP_1501_2500,CREATED,idem-20260902-ios-2224
2225,MTR-IOS-2225,Group,Shared Living,Shared Living,Rent,Expense,2026-02-16,05:16:08,2026-02-16 05:16:08,3681.9,INR,-3681.9,IOS Owner,3,PERCENTAGE,MAESTRO-IOS-GROUP-SHARED_LIVING-2225 | Rent | 3681.90,iPhone,B45,RAMP_1501_2500,CREATED,idem-20260902-ios-2225
2226,MTR-IOS-2226,Business,Business,Team Operations,Tools,Expense,2026-08-18,12:10:47,2026-08-18 12:10:47,28067.5,INR,-28067.5,IOS Owner,,,MAESTRO-IOS-BUSINESS-TEAM_OPERATIONS-2226 | Tools | 28067.50,iPhone,B45,RAMP_1501_2500,CREATED,idem-20260902-ios-2226
2227,MTR-IOS-2227,Personal,Personal,Life Operations,Repairs,Expense,2026-02-15,05:42:34,2026-02-15 05:42:34,11908.28,INR,-11908.28,IOS Owner,,,MAESTRO-IOS-PERSONAL-LIFE_OPERATIONS-2227 | Repairs | 11908.28,iPhone,B45,RAMP_1501_2500,CREATED,idem-20260902-ios-2227
2228,MTR-IOS-2228,Group,Shared Living,Shared Living,Utilities,Expense,2026-08-26,02:46:29,2026-08-26 02:46:29,11317.84,INR,-11317.84,IOS Aarav,3,EXACT,MAESTRO-IOS-GROUP-SHARED_LIVING-2228 | Utilities | 11317.84,iPhone,B45,RAMP_1501_2500,CREATED,idem-20260902-ios-2228
2229,MTR-IOS-2229,Business,Business,Business Runway,Funding,Income,2025-12-25,15:48:05,2025-12-25 15:48:05,9514.69,INR,9514.69,IOS Owner,,,MAESTRO-IOS-BUSINESS-BUSINESS_RUNWAY-2229 | Funding | 9514.69,iPhone,B45,RAMP_1501_2500,CREATED,idem-20260902-ios-2229
2230,MTR-IOS-2230,Personal,Personal,Future Building,Savings,Transfer,2026-07-14,15:00:24,2026-07-14 15:00:24,7802.75,INR,0.0,IOS Owner,,,MAESTRO-IOS-PERSONAL-FUTURE_BUILDING-2230 | Savings | 7802.75,iPhone,B45,RAMP_1501_2500,CREATED,idem-20260902-ios-2230
2231,MTR-IOS-2231,Group,Shared Living,Shared Living,Groceries,Expense,2026-08-24,09:20:06,2026-08-24 09:20:06,23481.83,INR,-23481.83,IOS Meera,3,SHARES,MAESTRO-IOS-GROUP-SHARED_LIVING-2231 | Groceries | 23481.83,iPhone,B45,RAMP_1501_2500,CREATED,idem-20260902-ios-2231
2232,MTR-IOS-2232,Business,Business,Business Runway,Revenue,Income,2025-11-12,10:35:44,2025-11-12 10:35:44,140507.19,INR,140507.19,IOS Owner,,,MAESTRO-IOS-BUSINESS-BUSINESS_RUNWAY-2232 | Revenue | 140507.19,iPhone,B45,RAMP_1501_2500,CREATED,idem-20260902-ios-2232
2233,MTR-IOS-2233,Personal,Personal,Future Building,Emergency Fund,Transfer,2026-06-20,17:36:25,2026-06-20 17:36:25,13263.86,INR,0.0,IOS Owner,,,MAESTRO-IOS-PERSONAL-FUTURE_BUILDING-2233 | Emergency Fund | 13263.86,iPhone,B45,RAMP_1501_2500,CREATED,idem-20260902-ios-2233
2234,MTR-IOS-2234,Group,Shared Living,Shared Living,Maintenance,Expense,2025-10-21,17:29:47,2025-10-21 17:29:47,13047.37,INR,-13047.37,IOS Owner,3,EQUAL,MAESTRO-IOS-GROUP-SHARED_LIVING-2234 | Maintenance | 13047.37,iPhone,B45,RAMP_1501_2500,CREATED,idem-20260902-ios-2234
2235,MTR-IOS-2235,Business,Business,Business Runway,Burn,Expense,2025-12-01,10:05:57,2025-12-01 10:05:57,95080.82,INR,-95080.82,IOS Owner,,,MAESTRO-IOS-BUSINESS-BUSINESS_RUNWAY-2235 | Burn | 95080.82,iPhone,B45,RAMP_1501_2500,CREATED,idem-20260902-ios-2235
2236,MTR-IOS-2236,Personal,Personal,Future Building,Investments,Investment,2026-01-21,14:16:50,2026-01-21 14:16:50,4608.13,INR,0.0,IOS Owner,,,MAESTRO-IOS-PERSONAL-FUTURE_BUILDING-2236 | Investments | 4608.13,iPhone,B45,RAMP_1501_2500,CREATED,idem-20260902-ios-2236
2237,MTR-IOS-2237,Group,Shared Living,Shared Living,Other,Expense,2026-01-12,00:23:05,2026-01-12 00:23:05,4595.79,INR,-4595.79,IOS Aarav,3,PERCENTAGE,MAESTRO-IOS-GROUP-SHARED_LIVING-2237 | Other | 4595.79,iPhone,B45,RAMP_1501_2500,CREATED,idem-20260902-ios-2237
2238,MTR-IOS-2238,Business,Business,Business Runway,Reserve,Transfer,2026-02-19,05:15:05,2026-02-19 05:15:05,133964.31,INR,0.0,IOS Owner,,,MAESTRO-IOS-BUSINESS-BUSINESS_RUNWAY-2238 | Reserve | 133964.31,iPhone,B45,RAMP_1501_2500,CREATED,idem-20260902-ios-2238
2239,MTR-IOS-2239,Personal,Personal,Future Building,Education,Expense,2026-07-06,06:09:17,2026-07-06 06:09:17,8011.42,INR,-8011.42,IOS Owner,,,MAESTRO-IOS-PERSONAL-FUTURE_BUILDING-2239 | Education | 8011.42,iPhone,B45,RAMP_1501_2500,CREATED,idem-20260902-ios-2239
2240,MTR-IOS-2240,Group,Shared Living,Family Household,Rent,Expense,2026-02-01,14:03:51,2026-02-01 14:03:51,7488.69,INR,-7488.69,IOS Meera,3,EXACT,MAESTRO-IOS-GROUP-FAMILY_HOUSEHOLD-2240 | Rent | 7488.69,iPhone,B45,RAMP_1501_2500,CREATED,idem-20260902-ios-2240
2241,MTR-IOS-2241,Business,Business,Business Runway,Loan,Income,2026-04-08,22:36:33,2026-04-08 22:36:33,15940.14,INR,15940.14,IOS Owner,,,MAESTRO-IOS-BUSINESS-BUSINESS_RUNWAY-2241 | Loan | 15940.14,iPhone,B45,RAMP_1501_2500,CREATED,idem-20260902-ios-2241
2242,MTR-IOS-2242,Personal,Personal,Future Building,Goal Contribution,Transfer,2026-07-06,06:26:41,2026-07-06 06:26:41,5114.03,INR,0.0,IOS Owner,,,MAESTRO-IOS-PERSONAL-FUTURE_BUILDING-2242 | Goal Contribution | 5114.03,iPhone,B45,RAMP_1501_2500,CREATED,idem-20260902-ios-2242
2243,MTR-IOS-2243,Group,Shared Living,Family Household,Groceries,Expense,2025-10-22,21:15:48,2025-10-22 21:15:48,3102.36,INR,-3102.36,IOS Owner,3,SHARES,MAESTRO-IOS-GROUP-FAMILY_HOUSEHOLD-2243 | Groceries | 3102.36,iPhone,B45,RAMP_1501_2500,CREATED,idem-20260902-ios-2243
2244,MTR-IOS-2244,Business,Business,Business Runway,Investment,Income,2026-03-09,23:28:41,2026-03-09 23:28:41,95176.76,INR,95176.76,IOS Owner,,,MAESTRO-IOS-BUSINESS-BUSINESS_RUNWAY-2244 | Investment | 95176.76,iPhone,B45,RAMP_1501_2500,CREATED,idem-20260902-ios-2244
2245,MTR-IOS-2245,Personal,Personal,Lifestyle,Dining,Expense,2026-03-08,13:38:29,2026-03-08 13:38:29,12617.84,INR,-12617.84,IOS Owner,,,MAESTRO-IOS-PERSONAL-LIFESTYLE-2245 | Dining | 12617.84,iPhone,B45,RAMP_1501_2500,CREATED,idem-20260902-ios-2245
2246,MTR-IOS-2246,Group,Shared Living,Family Household,Transport,Expense,2025-12-24,13:40:45,2025-12-24 13:40:45,8504.81,INR,-8504.81,IOS Aarav,3,EQUAL,MAESTRO-IOS-GROUP-FAMILY_HOUSEHOLD-2246 | Transport | 8504.81,iPhone,B45,RAMP_1501_2500,CREATED,idem-20260902-ios-2246
2247,MTR-IOS-2247,Business,Business,Business Operations,Software,Expense,2025-10-29,23:58:27,2025-10-29 23:58:27,74652.16,INR,-74652.16,IOS Owner,,,MAESTRO-IOS-BUSINESS-BUSINESS_OPERATIONS-2247 | Software | 74652.16,iPhone,B45,RAMP_1501_2500,CREATED,idem-20260902-ios-2247
2248,MTR-IOS-2248,Personal,Personal,Lifestyle,Shopping,Expense,2026-02-25,09:07:07,2026-02-25 09:07:07,9933.05,INR,-9933.05,IOS Owner,,,MAESTRO-IOS-PERSONAL-LIFESTYLE-2248 | Shopping | 9933.05,iPhone,B45,RAMP_1501_2500,CREATED,idem-20260902-ios-2248
2249,MTR-IOS-2249,Group,Shared Living,Family Household,Bills,Expense,2025-12-21,12:30:28,2025-12-21 12:30:28,19298.82,INR,-19298.82,IOS Meera,3,PERCENTAGE,MAESTRO-IOS-GROUP-FAMILY_HOUSEHOLD-2249 | Bills | 19298.82,iPhone,B45,RAMP_1501_2500,CREATED,idem-20260902-ios-2249
2250,MTR-IOS-2250,Business,Business,Business Operations,Rent,Expense,2025-11-27,01:24:45,2025-11-27 01:24:45,116554.17,INR,-116554.17,IOS Owner,,,MAESTRO-IOS-BUSINESS-BUSINESS_OPERATIONS-2250 | Rent | 116554.17,iPhone,B45,RAMP_1501_2500,CREATED,idem-20260902-ios-2250
2251,MTR-IOS-2251,Personal,Personal,Lifestyle,Entertainment,Expense,2025-10-25,09:25:18,2025-10-25 09:25:18,14313.17,INR,-14313.17,IOS Owner,,,MAESTRO-IOS-PERSONAL-LIFESTYLE-2251 | Entertainment | 14313.17,iPhone,B46,RAMP_1501_2500,CREATED,idem-20260902-ios-2251
2252,MTR-IOS-2252,Group,Shared Living,Family Household,Utilities,Expense,2025-12-14,02:56:44,2025-12-14 02:56:44,15415.05,INR,-15415.05,IOS Owner,3,EXACT,MAESTRO-IOS-GROUP-FAMILY_HOUSEHOLD-2252 | Utilities | 15415.05,iPhone,B46,RAMP_1501_2500,CREATED,idem-20260902-ios-2252
2253,MTR-IOS-2253,Business,Business,Business Operations,Marketing,Expense,2026-02-13,12:15:58,2026-02-13 12:15:58,83300.41,INR,-83300.41,IOS Owner,,,MAESTRO-IOS-BUSINESS-BUSINESS_OPERATIONS-2253 | Marketing | 83300.41,iPhone,B46,RAMP_1501_2500,CREATED,idem-20260902-ios-2253
2254,MTR-IOS-2254,Personal,Personal,Lifestyle,Travel,Expense,2026-06-10,15:23:21,2026-06-10 15:23:21,4603.25,INR,-4603.25,IOS Owner,,,MAESTRO-IOS-PERSONAL-LIFESTYLE-2254 | Travel | 4603.25,iPhone,B46,RAMP_1501_2500,CREATED,idem-20260902-ios-2254
2255,MTR-IOS-2255,Group,Shared Living,Family Household,Healthcare,Expense,2026-08-11,21:04:43,2026-08-11 21:04:43,165.75,INR,-165.75,IOS Aarav,3,SHARES,MAESTRO-IOS-GROUP-FAMILY_HOUSEHOLD-2255 | Healthcare | 165.75,iPhone,B46,RAMP_1501_2500,CREATED,idem-20260902-ios-2255
2256,MTR-IOS-2256,Business,Business,Business Operations,Legal,Expense,2026-08-09,07:36:42,2026-08-09 07:36:42,17493.4,INR,-17493.4,IOS Owner,,,MAESTRO-IOS-BUSINESS-BUSINESS_OPERATIONS-2256 | Legal | 17493.40,iPhone,B46,RAMP_1501_2500,CREATED,idem-20260902-ios-2256
2257,MTR-IOS-2257,Personal,Personal,Lifestyle,Fitness,Expense,2025-11-17,06:11:10,2025-11-17 06:11:10,1.0,INR,-1.0,IOS Owner,,,MAESTRO-IOS-PERSONAL-LIFESTYLE-2257 | Fitness | 1.00,iPhone,B46,RAMP_1501_2500,CREATED,idem-20260902-ios-2257
2258,MTR-IOS-2258,Group,Shared Living,Custom Living,Custom Expense,Expense,2026-03-30,08:44:31,2026-03-30 08:44:31,9365.96,INR,-9365.96,IOS Meera,3,EQUAL,MAESTRO-IOS-GROUP-CUSTOM_LIVING-2258 | Custom Expense | 9365.96,iPhone,B46,RAMP_1501_2500,CREATED,idem-20260902-ios-2258
2259,MTR-IOS-2259,Business,Business,Business Operations,Accounting,Expense,2026-01-30,16:43:59,2026-01-30 16:43:59,150609.21,INR,-150609.21,IOS Owner,,,MAESTRO-IOS-BUSINESS-BUSINESS_OPERATIONS-2259 | Accounting | 150609.21,iPhone,B46,RAMP_1501_2500,CREATED,idem-20260902-ios-2259
2260,MTR-IOS-2260,Personal,Personal,Lifestyle,Hobbies,Expense,2026-03-21,03:46:27,2026-03-21 03:46:27,6738.61,INR,-6738.61,IOS Owner,,,MAESTRO-IOS-PERSONAL-LIFESTYLE-2260 | Hobbies | 6738.61,iPhone,B46,RAMP_1501_2500,CREATED,idem-20260902-ios-2260
2261,MTR-IOS-2261,Group,Shared Living,Custom Living,Custom Contribution,Contribution,2026-06-11,02:39:31,2026-06-11 02:39:31,25411.55,INR,25411.55,IOS Owner,3,PERCENTAGE,MAESTRO-IOS-GROUP-CUSTOM_LIVING-2261 | Custom Contribution | 25411.55,iPhone,B46,RAMP_1501_2500,CREATED,idem-20260902-ios-2261
2262,MTR-IOS-2262,Business,Business,Business Operations,Equipment,Expense,2026-06-05,03:29:13,2026-06-05 03:29:13,76339.95,INR,-76339.95,IOS Owner,,,MAESTRO-IOS-BUSINESS-BUSINESS_OPERATIONS-2262 | Equipment | 76339.95,iPhone,B46,RAMP_1501_2500,CREATED,idem-20260902-ios-2262
2263,MTR-IOS-2263,Personal,Personal,Relationships,Gifts,Expense,2026-06-16,14:33:26,2026-06-16 14:33:26,13272.14,INR,-13272.14,IOS Owner,,,MAESTRO-IOS-PERSONAL-RELATIONSHIPS-2263 | Gifts | 13272.14,iPhone,B46,RAMP_1501_2500,CREATED,idem-20260902-ios-2263
2264,MTR-IOS-2264,Group,Shared Experience,Trip,Travel,Expense,2025-10-29,22:14:41,2025-10-29 22:14:41,18844.24,INR,-18844.24,IOS Aarav,3,EXACT,MAESTRO-IOS-GROUP-TRIP-2264 | Travel | 18844.24,iPhone,B46,RAMP_1501_2500,CREATED,idem-20260902-ios-2264
2265,MTR-IOS-2265,Business,Business,Business Operations,Vendor,Expense,2026-02-05,02:07:33,2026-02-05 02:07:33,146466.46,INR,-146466.46,IOS Owner,,,MAESTRO-IOS-BUSINESS-BUSINESS_OPERATIONS-2265 | Vendor | 146466.46,iPhone,B46,RAMP_1501_2500,CREATED,idem-20260902-ios-2265
2266,MTR-IOS-2266,Personal,Personal,Relationships,Dates,Expense,2026-02-01,19:15:29,2026-02-01 19:15:29,9774.13,INR,-9774.13,IOS Owner,,,MAESTRO-IOS-PERSONAL-RELATIONSHIPS-2266 | Dates | 9774.13,iPhone,B46,RAMP_1501_2500,CREATED,idem-20260902-ios-2266
2267,MTR-IOS-2267,Group,Shared Experience,Trip,Stay,Expense,2026-06-12,10:53:47,2026-06-12 10:53:47,11087.51,INR,-11087.51,IOS Meera,3,SHARES,MAESTRO-IOS-GROUP-TRIP-2267 | Stay | 11087.51,iPhone,B46,RAMP_1501_2500,CREATED,idem-20260902-ios-2267
2268,MTR-IOS-2268,Business,Business,Business Operations,Tax,Expense,2026-04-23,04:11:02,2026-04-23 04:11:02,134614.07,INR,-134614.07,IOS Owner,,,MAESTRO-IOS-BUSINESS-BUSINESS_OPERATIONS-2268 | Tax | 134614.07,iPhone,B46,RAMP_1501_2500,CREATED,idem-20260902-ios-2268
2269,MTR-IOS-2269,Personal,Personal,Relationships,Family,Expense,2026-01-09,03:56:43,2026-01-09 03:56:43,8137.49,INR,-8137.49,IOS Owner,,,MAESTRO-IOS-PERSONAL-RELATIONSHIPS-2269 | Family | 8137.49,iPhone,B46,RAMP_1501_2500,CREATED,idem-20260902-ios-2269
2270,MTR-IOS-2270,Group,Shared Experience,Trip,Food,Expense,2025-10-11,14:36:50,2025-10-11 14:36:50,2382.8,INR,-2382.8,IOS Owner,3,EQUAL,MAESTRO-IOS-GROUP-TRIP-2270 | Food | 2382.80,iPhone,B46,RAMP_1501_2500,CREATED,idem-20260902-ios-2270
2271,MTR-IOS-2271,Business,Business,Team Operations,Payroll,Expense,2025-09-27,10:25:11,2025-09-27 10:25:11,79500.53,INR,-79500.53,IOS Owner,,,MAESTRO-IOS-BUSINESS-TEAM_OPERATIONS-2271 | Payroll | 79500.53,iPhone,B46,RAMP_1501_2500,CREATED,idem-20260902-ios-2271
2272,MTR-IOS-2272,Personal,Personal,Relationships,Friends,Expense,2025-09-12,10:33:18,2025-09-12 10:33:18,326.24,INR,-326.24,IOS Owner,,,MAESTRO-IOS-PERSONAL-RELATIONSHIPS-2272 | Friends | 326.24,iPhone,B46,RAMP_1501_2500,CREATED,idem-20260902-ios-2272
2273,MTR-IOS-2273,Group,Shared Experience,Trip,Local Transport,Expense,2026-07-04,23:56:52,2026-07-04 23:56:52,16838.33,INR,-16838.33,IOS Aarav,3,PERCENTAGE,MAESTRO-IOS-GROUP-TRIP-2273 | Local Transport | 16838.33,iPhone,B46,RAMP_1501_2500,CREATED,idem-20260902-ios-2273
2274,MTR-IOS-2274,Business,Business,Team Operations,Contractor,Expense,2026-07-11,17:31:58,2026-07-11 17:31:58,81006.49,INR,-81006.49,IOS Owner,,,MAESTRO-IOS-BUSINESS-TEAM_OPERATIONS-2274 | Contractor | 81006.49,iPhone,B46,RAMP_1501_2500,CREATED,idem-20260902-ios-2274
2275,MTR-IOS-2275,Personal,Personal,Relationships,Celebrations,Expense,2026-07-01,10:25:24,2026-07-01 10:25:24,15694.02,INR,-15694.02,IOS Owner,,,MAESTRO-IOS-PERSONAL-RELATIONSHIPS-2275 | Celebrations | 15694.02,iPhone,B46,RAMP_1501_2500,CREATED,idem-20260902-ios-2275
2276,MTR-IOS-2276,Group,Shared Experience,Trip,Activities,Expense,2025-11-10,00:26:22,2025-11-10 00:26:22,3431.53,INR,-3431.53,IOS Meera,3,EXACT,MAESTRO-IOS-GROUP-TRIP-2276 | Activities | 3431.53,iPhone,B46,RAMP_1501_2500,CREATED,idem-20260902-ios-2276
2277,MTR-IOS-2277,Business,Business,Team Operations,Hiring,Expense,2026-01-13,14:56:19,2026-01-13 14:56:19,76109.25,INR,-76109.25,IOS Owner,,,MAESTRO-IOS-BUSINESS-TEAM_OPERATIONS-2277 | Hiring | 76109.25,iPhone,B46,RAMP_1501_2500,CREATED,idem-20260902-ios-2277
2278,MTR-IOS-2278,Personal,Personal,Life Operations,Groceries,Expense,2025-12-22,23:32:58,2025-12-22 23:32:58,12276.3,INR,-12276.3,IOS Owner,,,MAESTRO-IOS-PERSONAL-LIFE_OPERATIONS-2278 | Groceries | 12276.30,iPhone,B46,RAMP_1501_2500,CREATED,idem-20260902-ios-2278
2279,MTR-IOS-2279,Group,Shared Experience,Trip,Shopping,Expense,2026-03-19,08:45:41,2026-03-19 08:45:41,21926.81,INR,-21926.81,IOS Owner,3,SHARES,MAESTRO-IOS-GROUP-TRIP-2279 | Shopping | 21926.81,iPhone,B46,RAMP_1501_2500,CREATED,idem-20260902-ios-2279
2280,MTR-IOS-2280,Business,Business,Team Operations,Team Meal,Expense,2026-01-02,00:39:53,2026-01-02 00:39:53,157058.35,INR,-157058.35,IOS Owner,,,MAESTRO-IOS-BUSINESS-TEAM_OPERATIONS-2280 | Team Meal | 157058.35,iPhone,B46,RAMP_1501_2500,CREATED,idem-20260902-ios-2280
2281,MTR-IOS-2281,Personal,Personal,Life Operations,Rent,Expense,2025-11-09,03:23:10,2025-11-09 03:23:10,1567.8,INR,-1567.8,IOS Owner,,,MAESTRO-IOS-PERSONAL-LIFE_OPERATIONS-2281 | Rent | 1567.80,iPhone,B46,RAMP_1501_2500,CREATED,idem-20260902-ios-2281
2282,MTR-IOS-2282,Group,Shared Experience,Trip,Other,Expense,2025-10-20,19:26:23,2025-10-20 19:26:23,8508.13,INR,-8508.13,IOS Aarav,3,EQUAL,MAESTRO-IOS-GROUP-TRIP-2282 | Other | 8508.13,iPhone,B46,RAMP_1501_2500,CREATED,idem-20260902-ios-2282
2283,MTR-IOS-2283,Business,Business,Team Operations,Travel,Expense,2025-12-20,07:18:44,2025-12-20 07:18:44,35372.21,INR,-35372.21,IOS Owner,,,MAESTRO-IOS-BUSINESS-TEAM_OPERATIONS-2283 | Travel | 35372.21,iPhone,B46,RAMP_1501_2500,CREATED,idem-20260902-ios-2283
2284,MTR-IOS-2284,Personal,Personal,Life Operations,Bills,Expense,2025-11-27,23:24:03,2025-11-27 23:24:03,15211.33,INR,-15211.33,IOS Owner,,,MAESTRO-IOS-PERSONAL-LIFE_OPERATIONS-2284 | Bills | 15211.33,iPhone,B46,RAMP_1501_2500,CREATED,idem-20260902-ios-2284
2285,MTR-IOS-2285,Group,Shared Experience,Wedding,Venue,Expense,2025-12-20,21:54:35,2025-12-20 21:54:35,18685.87,INR,-18685.87,IOS Meera,3,PERCENTAGE,MAESTRO-IOS-GROUP-WEDDING-2285 | Venue | 18685.87,iPhone,B46,RAMP_1501_2500,CREATED,idem-20260902-ios-2285
2286,MTR-IOS-2286,Business,Business,Team Operations,Training,Expense,2026-03-14,21:01:45,2026-03-14 21:01:45,74139.59,INR,-74139.59,IOS Owner,,,MAESTRO-IOS-BUSINESS-TEAM_OPERATIONS-2286 | Training | 74139.59,iPhone,B46,RAMP_1501_2500,CREATED,idem-20260902-ios-2286
2287,MTR-IOS-2287,Personal,Personal,Life Operations,Transport,Expense,2025-09-05,09:35:31,2025-09-05 09:35:31,3153.07,INR,-3153.07,IOS Owner,,,MAESTRO-IOS-PERSONAL-LIFE_OPERATIONS-2287 | Transport | 3153.07,iPhone,B46,RAMP_1501_2500,CREATED,idem-20260902-ios-2287
2288,MTR-IOS-2288,Group,Shared Experience,Wedding,Catering,Expense,2026-08-23,03:55:35,2026-08-23 03:55:35,5001.39,INR,-5001.39,IOS Owner,3,EXACT,MAESTRO-IOS-GROUP-WEDDING-2288 | Catering | 5001.39,iPhone,B46,RAMP_1501_2500,CREATED,idem-20260902-ios-2288
2289,MTR-IOS-2289,Business,Business,Team Operations,Tools,Expense,2026-01-05,23:42:41,2026-01-05 23:42:41,104778.14,INR,-104778.14,IOS Owner,,,MAESTRO-IOS-BUSINESS-TEAM_OPERATIONS-2289 | Tools | 104778.14,iPhone,B46,RAMP_1501_2500,CREATED,idem-20260902-ios-2289
2290,MTR-IOS-2290,Personal,Personal,Life Operations,Healthcare,Expense,2025-10-07,20:37:31,2025-10-07 20:37:31,16978.81,INR,-16978.81,IOS Owner,,,MAESTRO-IOS-PERSONAL-LIFE_OPERATIONS-2290 | Healthcare | 16978.81,iPhone,B46,RAMP_1501_2500,CREATED,idem-20260902-ios-2290
2291,MTR-IOS-2291,Group,Shared Experience,Wedding,Decor,Expense,2026-01-14,06:13:56,2026-01-14 06:13:56,15997.71,INR,-15997.71,IOS Aarav,3,SHARES,MAESTRO-IOS-GROUP-WEDDING-2291 | Decor | 15997.71,iPhone,B46,RAMP_1501_2500,CREATED,idem-20260902-ios-2291
2292,MTR-IOS-2292,Business,Business,Business Runway,Funding,Income,2026-03-08,08:27:09,2026-03-08 08:27:09,54441.19,INR,54441.19,IOS Owner,,,MAESTRO-IOS-BUSINESS-BUSINESS_RUNWAY-2292 | Funding | 54441.19,iPhone,B46,RAMP_1501_2500,CREATED,idem-20260902-ios-2292
2293,MTR-IOS-2293,Personal,Personal,Life Operations,Subscriptions,Expense,2025-12-15,23:45:29,2025-12-15 23:45:29,15804.4,INR,-15804.4,IOS Owner,,,MAESTRO-IOS-PERSONAL-LIFE_OPERATIONS-2293 | Subscriptions | 15804.40,iPhone,B46,RAMP_1501_2500,CREATED,idem-20260902-ios-2293
2294,MTR-IOS-2294,Group,Shared Experience,Wedding,Travel,Expense,2026-04-17,02:06:48,2026-04-17 02:06:48,99.99,INR,-99.99,IOS Meera,3,EQUAL,MAESTRO-IOS-GROUP-WEDDING-2294 | Travel | 99.99,iPhone,B46,RAMP_1501_2500,CREATED,idem-20260902-ios-2294
2295,MTR-IOS-2295,Business,Business,Business Runway,Revenue,Income,2026-06-13,09:10:25,2026-06-13 09:10:25,48911.79,INR,48911.79,IOS Owner,,,MAESTRO-IOS-BUSINESS-BUSINESS_RUNWAY-2295 | Revenue | 48911.79,iPhone,B46,RAMP_1501_2500,CREATED,idem-20260902-ios-2295
2296,MTR-IOS-2296,Personal,Personal,Life Operations,Repairs,Expense,2026-04-08,06:55:51,2026-04-08 06:55:51,7132.01,INR,-7132.01,IOS Owner,,,MAESTRO-IOS-PERSONAL-LIFE_OPERATIONS-2296 | Repairs | 7132.01,iPhone,B46,RAMP_1501_2500,CREATED,idem-20260902-ios-2296
2297,MTR-IOS-2297,Group,Shared Experience,Wedding,Gifts,Expense,2026-04-16,19:48:19,2026-04-16 19:48:19,3299.52,INR,-3299.52,IOS Owner,3,PERCENTAGE,MAESTRO-IOS-GROUP-WEDDING-2297 | Gifts | 3299.52,iPhone,B46,RAMP_1501_2500,CREATED,idem-20260902-ios-2297
2298,MTR-IOS-2298,Business,Business,Business Runway,Burn,Expense,2026-07-15,08:47:40,2026-07-15 08:47:40,126030.13,INR,-126030.13,IOS Owner,,,MAESTRO-IOS-BUSINESS-BUSINESS_RUNWAY-2298 | Burn | 126030.13,iPhone,B46,RAMP_1501_2500,CREATED,idem-20260902-ios-2298
2299,MTR-IOS-2299,Personal,Personal,Future Building,Savings,Transfer,2026-03-22,08:37:27,2026-03-22 08:37:27,8548.25,INR,0.0,IOS Owner,,,MAESTRO-IOS-PERSONAL-FUTURE_BUILDING-2299 | Savings | 8548.25,iPhone,B46,RAMP_1501_2500,CREATED,idem-20260902-ios-2299
2300,MTR-IOS-2300,Group,Shared Experience,Wedding,Photography,Expense,2026-01-25,01:56:20,2026-01-25 01:56:20,7418.78,INR,-7418.78,IOS Aarav,3,EXACT,MAESTRO-IOS-GROUP-WEDDING-2300 | Photography | 7418.78,iPhone,B46,RAMP_1501_2500,CREATED,idem-20260902-ios-2300
2301,MTR-IOS-2301,Business,Business,Business Runway,Reserve,Transfer,2026-07-26,08:26:12,2026-07-26 08:26:12,8518.96,INR,0.0,IOS Owner,,,MAESTRO-IOS-BUSINESS-BUSINESS_RUNWAY-2301 | Reserve | 8518.96,iPhone,B47,RAMP_1501_2500,CREATED,idem-20260902-ios-2301
2302,MTR-IOS-2302,Personal,Personal,Future Building,Emergency Fund,Transfer,2025-09-16,16:47:25,2025-09-16 16:47:25,6236.69,INR,0.0,IOS Owner,,,MAESTRO-IOS-PERSONAL-FUTURE_BUILDING-2302 | Emergency Fund | 6236.69,iPhone,B47,RAMP_1501_2500,CREATED,idem-20260902-ios-2302
2303,MTR-IOS-2303,Group,Shared Experience,Wedding,Other,Expense,2026-08-24,00:34:45,2026-08-24 00:34:45,18867.85,INR,-18867.85,IOS Meera,3,SHARES,MAESTRO-IOS-GROUP-WEDDING-2303 | Other | 18867.85,iPhone,B47,RAMP_1501_2500,CREATED,idem-20260902-ios-2303
2304,MTR-IOS-2304,Business,Business,Business Runway,Loan,Income,2026-06-09,14:39:42,2026-06-09 14:39:42,96945.56,INR,96945.56,IOS Owner,,,MAESTRO-IOS-BUSINESS-BUSINESS_RUNWAY-2304 | Loan | 96945.56,iPhone,B47,RAMP_1501_2500,CREATED,idem-20260902-ios-2304
2305,MTR-IOS-2305,Personal,Personal,Future Building,Investments,Investment,2026-06-04,01:06:01,2026-06-04 01:06:01,8356.02,INR,0.0,IOS Owner,,,MAESTRO-IOS-PERSONAL-FUTURE_BUILDING-2305 | Investments | 8356.02,iPhone,B47,RAMP_1501_2500,CREATED,idem-20260902-ios-2305
2306,MTR-IOS-2306,Group,Shared Experience,Office Outing,Food,Expense,2026-02-28,10:18:14,2026-02-28 10:18:14,4565.88,INR,-4565.88,IOS Owner,3,EQUAL,MAESTRO-IOS-GROUP-OFFICE_OUTING-2306 | Food | 4565.88,iPhone,B47,RAMP_1501_2500,CREATED,idem-20260902-ios-2306
2307,MTR-IOS-2307,Business,Business,Business Runway,Investment,Income,2025-09-25,23:54:29,2025-09-25 23:54:29,103053.74,INR,103053.74,IOS Owner,,,MAESTRO-IOS-BUSINESS-BUSINESS_RUNWAY-2307 | Investment | 103053.74,iPhone,B47,RAMP_1501_2500,CREATED,idem-20260902-ios-2307
2308,MTR-IOS-2308,Personal,Personal,Future Building,Education,Expense,2025-10-03,23:41:28,2025-10-03 23:41:28,10579.89,INR,-10579.89,IOS Owner,,,MAESTRO-IOS-PERSONAL-FUTURE_BUILDING-2308 | Education | 10579.89,iPhone,B47,RAMP_1501_2500,CREATED,idem-20260902-ios-2308
2309,MTR-IOS-2309,Group,Shared Experience,Office Outing,Travel,Expense,2025-10-02,08:12:49,2025-10-02 08:12:49,20349.3,INR,-20349.3,IOS Aarav,3,PERCENTAGE,MAESTRO-IOS-GROUP-OFFICE_OUTING-2309 | Travel | 20349.30,iPhone,B47,RAMP_1501_2500,CREATED,idem-20260902-ios-2309
2310,MTR-IOS-2310,Business,Business,Business Operations,Software,Expense,2026-05-08,19:33:18,2026-05-08 19:33:18,47147.58,INR,-47147.58,IOS Owner,,,MAESTRO-IOS-BUSINESS-BUSINESS_OPERATIONS-2310 | Software | 47147.58,iPhone,B47,RAMP_1501_2500,CREATED,idem-20260902-ios-2310
2311,MTR-IOS-2311,Personal,Personal,Future Building,Goal Contribution,Transfer,2026-05-31,20:23:24,2026-05-31 20:23:24,13640.21,INR,0.0,IOS Owner,,,MAESTRO-IOS-PERSONAL-FUTURE_BUILDING-2311 | Goal Contribution | 13640.21,iPhone,B47,RAMP_1501_2500,CREATED,idem-20260902-ios-2311
2312,MTR-IOS-2312,Group,Shared Experience,Office Outing,Activities,Expense,2025-09-29,07:43:14,2025-09-29 07:43:14,5045.1,INR,-5045.1,IOS Meera,3,EXACT,MAESTRO-IOS-GROUP-OFFICE_OUTING-2312 | Activities | 5045.10,iPhone,B47,RAMP_1501_2500,CREATED,idem-20260902-ios-2312
2313,MTR-IOS-2313,Business,Business,Business Operations,Rent,Expense,2026-02-21,03:23:12,2026-02-21 03:23:12,17054.78,INR,-17054.78,IOS Owner,,,MAESTRO-IOS-BUSINESS-BUSINESS_OPERATIONS-2313 | Rent | 17054.78,iPhone,B47,RAMP_1501_2500,CREATED,idem-20260902-ios-2313
2314,MTR-IOS-2314,Personal,Personal,Lifestyle,Dining,Expense,2025-10-02,21:12:25,2025-10-02 21:12:25,3692.45,INR,-3692.45,IOS Owner,,,MAESTRO-IOS-PERSONAL-LIFESTYLE-2314 | Dining | 3692.45,iPhone,B47,RAMP_1501_2500,CREATED,idem-20260902-ios-2314
2315,MTR-IOS-2315,Group,Shared Experience,Office Outing,Venue,Expense,2026-06-24,23:36:46,2026-06-24 23:36:46,19692.96,INR,-19692.96,IOS Owner,3,SHARES,MAESTRO-IOS-GROUP-OFFICE_OUTING-2315 | Venue | 19692.96,iPhone,B47,RAMP_1501_2500,CREATED,idem-20260902-ios-2315
2316,MTR-IOS-2316,Business,Business,Business Operations,Marketing,Expense,2025-09-19,05:06:11,2025-09-19 05:06:11,96105.76,INR,-96105.76,IOS Owner,,,MAESTRO-IOS-BUSINESS-BUSINESS_OPERATIONS-2316 | Marketing | 96105.76,iPhone,B47,RAMP_1501_2500,CREATED,idem-20260902-ios-2316
2317,MTR-IOS-2317,Personal,Personal,Lifestyle,Shopping,Expense,2026-01-07,10:21:08,2026-01-07 10:21:08,6357.6,INR,-6357.6,IOS Owner,,,MAESTRO-IOS-PERSONAL-LIFESTYLE-2317 | Shopping | 6357.60,iPhone,B47,RAMP_1501_2500,CREATED,idem-20260902-ios-2317
2318,MTR-IOS-2318,Group,Shared Experience,Office Outing,Other,Expense,2025-10-13,11:27:52,2025-10-13 11:27:52,25271.2,INR,-25271.2,IOS Aarav,3,EQUAL,MAESTRO-IOS-GROUP-OFFICE_OUTING-2318 | Other | 25271.20,iPhone,B47,RAMP_1501_2500,CREATED,idem-20260902-ios-2318
2319,MTR-IOS-2319,Business,Business,Business Operations,Legal,Expense,2025-10-27,13:29:49,2025-10-27 13:29:49,94849.99,INR,-94849.99,IOS Owner,,,MAESTRO-IOS-BUSINESS-BUSINESS_OPERATIONS-2319 | Legal | 94849.99,iPhone,B47,RAMP_1501_2500,CREATED,idem-20260902-ios-2319
2320,MTR-IOS-2320,Personal,Personal,Lifestyle,Entertainment,Expense,2026-02-22,17:26:38,2026-02-22 17:26:38,16350.89,INR,-16350.89,IOS Owner,,,MAESTRO-IOS-PERSONAL-LIFESTYLE-2320 | Entertainment | 16350.89,iPhone,B47,RAMP_1501_2500,CREATED,idem-20260902-ios-2320
2321,MTR-IOS-2321,Group,Shared Experience,House Party,Food,Expense,2026-08-17,12:00:00,2026-08-17 12:00:00,19306.27,INR,-19306.27,IOS Meera,3,PERCENTAGE,MAESTRO-IOS-GROUP-HOUSE_PARTY-2321 | Food | 19306.27,iPhone,B47,RAMP_1501_2500,CREATED,idem-20260902-ios-2321
2322,MTR-IOS-2322,Business,Business,Business Operations,Accounting,Expense,2026-01-26,22:25:40,2026-01-26 22:25:40,118544.79,INR,-118544.79,IOS Owner,,,MAESTRO-IOS-BUSINESS-BUSINESS_OPERATIONS-2322 | Accounting | 118544.79,iPhone,B47,RAMP_1501_2500,CREATED,idem-20260902-ios-2322
2323,MTR-IOS-2323,Personal,Personal,Lifestyle,Travel,Expense,2026-06-15,02:07:00,2026-06-15 02:07:00,4528.37,INR,-4528.37,IOS Owner,,,MAESTRO-IOS-PERSONAL-LIFESTYLE-2323 | Travel | 4528.37,iPhone,B47,RAMP_1501_2500,CREATED,idem-20260902-ios-2323
2324,MTR-IOS-2324,Group,Shared Experience,House Party,Drinks,Expense,2025-09-27,19:17:25,2025-09-27 19:17:25,4362.77,INR,-4362.77,IOS Owner,3,EXACT,MAESTRO-IOS-GROUP-HOUSE_PARTY-2324 | Drinks | 4362.77,iPhone,B47,RAMP_1501_2500,CREATED,idem-20260902-ios-2324
2325,MTR-IOS-2325,Business,Business,Business Operations,Equipment,Expense,2026-04-15,23:42:00,2026-04-15 23:42:00,36667.33,INR,-36667.33,IOS Owner,,,MAESTRO-IOS-BUSINESS-BUSINESS_OPERATIONS-2325 | Equipment | 36667.33,iPhone,B47,RAMP_1501_2500,CREATED,idem-20260902-ios-2325
2326,MTR-IOS-2326,Personal,Personal,Lifestyle,Fitness,Expense,2026-03-07,13:21:26,2026-03-07 13:21:26,3963.87,INR,-3963.87,IOS Owner,,,MAESTRO-IOS-PERSONAL-LIFESTYLE-2326 | Fitness | 3963.87,iPhone,B47,RAMP_1501_2500,CREATED,idem-20260902-ios-2326
2327,MTR-IOS-2327,Group,Shared Experience,House Party,Decor,Expense,2026-05-16,08:19:03,2026-05-16 08:19:03,17125.64,INR,-17125.64,IOS Aarav,3,SHARES,MAESTRO-IOS-GROUP-HOUSE_PARTY-2327 | Decor | 17125.64,iPhone,B47,RAMP_1501_2500,CREATED,idem-20260902-ios-2327
2328,MTR-IOS-2328,Business,Business,Business Operations,Vendor,Expense,2025-11-23,02:15:49,2025-11-23 02:15:49,144709.36,INR,-144709.36,IOS Owner,,,MAESTRO-IOS-BUSINESS-BUSINESS_OPERATIONS-2328 | Vendor | 144709.36,iPhone,B47,RAMP_1501_2500,CREATED,idem-20260902-ios-2328
2329,MTR-IOS-2329,Personal,Personal,Lifestyle,Hobbies,Expense,2025-11-02,21:25:22,2025-11-02 21:25:22,8675.83,INR,-8675.83,IOS Owner,,,MAESTRO-IOS-PERSONAL-LIFESTYLE-2329 | Hobbies | 8675.83,iPhone,B47,RAMP_1501_2500,CREATED,idem-20260902-ios-2329
2330,MTR-IOS-2330,Group,Shared Experience,House Party,Supplies,Expense,2026-02-06,20:53:34,2026-02-06 20:53:34,5561.21,INR,-5561.21,IOS Meera,3,EQUAL,MAESTRO-IOS-GROUP-HOUSE_PARTY-2330 | Supplies | 5561.21,iPhone,B47,RAMP_1501_2500,CREATED,idem-20260902-ios-2330
2331,MTR-IOS-2331,Business,Business,Business Operations,Tax,Expense,2026-07-12,09:33:08,2026-07-12 09:33:08,100.0,INR,-100.0,IOS Owner,,,MAESTRO-IOS-BUSINESS-BUSINESS_OPERATIONS-2331 | Tax | 100.00,iPhone,B47,RAMP_1501_2500,CREATED,idem-20260902-ios-2331
2332,MTR-IOS-2332,Personal,Personal,Relationships,Gifts,Expense,2025-10-14,10:39:42,2025-10-14 10:39:42,14324.68,INR,-14324.68,IOS Owner,,,MAESTRO-IOS-PERSONAL-RELATIONSHIPS-2332 | Gifts | 14324.68,iPhone,B47,RAMP_1501_2500,CREATED,idem-20260902-ios-2332
2333,MTR-IOS-2333,Group,Shared Experience,House Party,Other,Expense,2026-06-04,16:06:01,2026-06-04 16:06:01,11258.53,INR,-11258.53,IOS Owner,3,PERCENTAGE,MAESTRO-IOS-GROUP-HOUSE_PARTY-2333 | Other | 11258.53,iPhone,B47,RAMP_1501_2500,CREATED,idem-20260902-ios-2333
2334,MTR-IOS-2334,Business,Business,Team Operations,Payroll,Expense,2026-04-08,16:28:28,2026-04-08 16:28:28,128895.18,INR,-128895.18,IOS Owner,,,MAESTRO-IOS-BUSINESS-TEAM_OPERATIONS-2334 | Payroll | 128895.18,iPhone,B47,RAMP_1501_2500,CREATED,idem-20260902-ios-2334
2335,MTR-IOS-2335,Personal,Personal,Relationships,Dates,Expense,2025-09-18,15:24:11,2025-09-18 15:24:11,15335.41,INR,-15335.41,IOS Owner,,,MAESTRO-IOS-PERSONAL-RELATIONSHIPS-2335 | Dates | 15335.41,iPhone,B47,RAMP_1501_2500,CREATED,idem-20260902-ios-2335
2336,MTR-IOS-2336,Group,Shared Purchase,Gift Pool,Contribution,Contribution,2026-07-20,10:14:27,2026-07-20 10:14:27,707.63,INR,707.63,IOS Aarav,3,EXACT,MAESTRO-IOS-GROUP-GIFT_POOL-2336 | Contribution | 707.63,iPhone,B47,RAMP_1501_2500,CREATED,idem-20260902-ios-2336
2337,MTR-IOS-2337,Business,Business,Team Operations,Contractor,Expense,2026-04-14,07:38:05,2026-04-14 07:38:05,71410.88,INR,-71410.88,IOS Owner,,,MAESTRO-IOS-BUSINESS-TEAM_OPERATIONS-2337 | Contractor | 71410.88,iPhone,B47,RAMP_1501_2500,CREATED,idem-20260902-ios-2337
2338,MTR-IOS-2338,Personal,Personal,Relationships,Family,Expense,2026-04-20,01:36:57,2026-04-20 01:36:57,12438.29,INR,-12438.29,IOS Owner,,,MAESTRO-IOS-PERSONAL-RELATIONSHIPS-2338 | Family | 12438.29,iPhone,B47,RAMP_1501_2500,CREATED,idem-20260902-ios-2338
2339,MTR-IOS-2339,Group,Shared Purchase,Gift Pool,Gift Purchase,Expense,2026-04-05,04:17:37,2026-04-05 04:17:37,8689.38,INR,-8689.38,IOS Meera,3,SHARES,MAESTRO-IOS-GROUP-GIFT_POOL-2339 | Gift Purchase | 8689.38,iPhone,B47,RAMP_1501_2500,CREATED,idem-20260902-ios-2339
2340,MTR-IOS-2340,Business,Business,Team Operations,Hiring,Expense,2025-11-05,03:31:02,2025-11-05 03:31:02,138304.71,INR,-138304.71,IOS Owner,,,MAESTRO-IOS-BUSINESS-TEAM_OPERATIONS-2340 | Hiring | 138304.71,iPhone,B47,RAMP_1501_2500,CREATED,idem-20260902-ios-2340
2341,MTR-IOS-2341,Personal,Personal,Relationships,Friends,Expense,2026-02-01,01:16:28,2026-02-01 01:16:28,9423.33,INR,-9423.33,IOS Owner,,,MAESTRO-IOS-PERSONAL-RELATIONSHIPS-2341 | Friends | 9423.33,iPhone,B47,RAMP_1501_2500,CREATED,idem-20260902-ios-2341
2342,MTR-IOS-2342,Group,Shared Purchase,Gift Pool,Delivery,Expense,2025-11-20,15:10:44,2025-11-20 15:10:44,15191.17,INR,-15191.17,IOS Owner,3,EQUAL,MAESTRO-IOS-GROUP-GIFT_POOL-2342 | Delivery | 15191.17,iPhone,B47,RAMP_1501_2500,CREATED,idem-20260902-ios-2342
2343,MTR-IOS-2343,Business,Business,Team Operations,Team Meal,Expense,2025-10-08,23:36:09,2025-10-08 23:36:09,86208.21,INR,-86208.21,IOS Owner,,,MAESTRO-IOS-BUSINESS-TEAM_OPERATIONS-2343 | Team Meal | 86208.21,iPhone,B47,RAMP_1501_2500,CREATED,idem-20260902-ios-2343
2344,MTR-IOS-2344,Personal,Personal,Relationships,Celebrations,Expense,2026-03-12,15:19:52,2026-03-12 15:19:52,10746.74,INR,-10746.74,IOS Owner,,,MAESTRO-IOS-PERSONAL-RELATIONSHIPS-2344 | Celebrations | 10746.74,iPhone,B47,RAMP_1501_2500,CREATED,idem-20260902-ios-2344
2345,MTR-IOS-2345,Group,Shared Purchase,Gift Pool,Other,Expense,2026-07-06,12:58:35,2026-07-06 12:58:35,19043.09,INR,-19043.09,IOS Aarav,3,PERCENTAGE,MAESTRO-IOS-GROUP-GIFT_POOL-2345 | Other | 19043.09,iPhone,B47,RAMP_1501_2500,CREATED,idem-20260902-ios-2345
2346,MTR-IOS-2346,Business,Business,Team Operations,Travel,Expense,2026-07-14,11:05:56,2026-07-14 11:05:56,47001.31,INR,-47001.31,IOS Owner,,,MAESTRO-IOS-BUSINESS-TEAM_OPERATIONS-2346 | Travel | 47001.31,iPhone,B47,RAMP_1501_2500,CREATED,idem-20260902-ios-2346
2347,MTR-IOS-2347,Personal,Personal,Life Operations,Groceries,Expense,2026-02-17,09:38:08,2026-02-17 09:38:08,3051.35,INR,-3051.35,IOS Owner,,,MAESTRO-IOS-PERSONAL-LIFE_OPERATIONS-2347 | Groceries | 3051.35,iPhone,B47,RAMP_1501_2500,CREATED,idem-20260902-ios-2347
2348,MTR-IOS-2348,Group,Shared Purchase,Purchase,Item,Expense,2026-01-30,08:36:23,2026-01-30 08:36:23,23300.71,INR,-23300.71,IOS Meera,3,EXACT,MAESTRO-IOS-GROUP-PURCHASE-2348 | Item | 23300.71,iPhone,B47,RAMP_1501_2500,CREATED,idem-20260902-ios-2348
2349,MTR-IOS-2349,Business,Business,Team Operations,Training,Expense,2026-03-10,04:39:17,2026-03-10 04:39:17,32923.65,INR,-32923.65,IOS Owner,,,MAESTRO-IOS-BUSINESS-TEAM_OPERATIONS-2349 | Training | 32923.65,iPhone,B47,RAMP_1501_2500,CREATED,idem-20260902-ios-2349
2350,MTR-IOS-2350,Personal,Personal,Life Operations,Rent,Expense,2026-03-17,22:53:48,2026-03-17 22:53:48,14541.08,INR,-14541.08,IOS Owner,,,MAESTRO-IOS-PERSONAL-LIFE_OPERATIONS-2350 | Rent | 14541.08,iPhone,B47,RAMP_1501_2500,CREATED,idem-20260902-ios-2350
2351,MTR-IOS-2351,Group,Shared Purchase,Purchase,Shipping,Expense,2026-02-10,05:53:51,2026-02-10 05:53:51,14874.32,INR,-14874.32,IOS Owner,3,SHARES,MAESTRO-IOS-GROUP-PURCHASE-2351 | Shipping | 14874.32,iPhone,B48,RAMP_1501_2500,CREATED,idem-20260902-ios-2351
2352,MTR-IOS-2352,Business,Business,Team Operations,Tools,Expense,2025-10-15,17:15:11,2025-10-15 17:15:11,14392.28,INR,-14392.28,IOS Owner,,,MAESTRO-IOS-BUSINESS-TEAM_OPERATIONS-2352 | Tools | 14392.28,iPhone,B48,RAMP_1501_2500,CREATED,idem-20260902-ios-2352
2353,MTR-IOS-2353,Personal,Personal,Life Operations,Bills,Expense,2026-06-22,07:47:11,2026-06-22 07:47:11,7699.75,INR,-7699.75,IOS Owner,,,MAESTRO-IOS-PERSONAL-LIFE_OPERATIONS-2353 | Bills | 7699.75,iPhone,B48,RAMP_1501_2500,CREATED,idem-20260902-ios-2353
2354,MTR-IOS-2354,Group,Shared Purchase,Purchase,Tax,Expense,2026-06-19,17:20:49,2026-06-19 17:20:49,11000.97,INR,-11000.97,IOS Aarav,3,EQUAL,MAESTRO-IOS-GROUP-PURCHASE-2354 | Tax | 11000.97,iPhone,B48,RAMP_1501_2500,CREATED,idem-20260902-ios-2354
2355,MTR-IOS-2355,Business,Business,Business Runway,Funding,Income,2026-07-17,23:09:20,2026-07-17 23:09:20,95798.09,INR,95798.09,IOS Owner,,,MAESTRO-IOS-BUSINESS-BUSINESS_RUNWAY-2355 | Funding | 95798.09,iPhone,B48,RAMP_1501_2500,CREATED,idem-20260902-ios-2355
2356,MTR-IOS-2356,Personal,Personal,Life Operations,Transport,Expense,2026-04-23,03:03:00,2026-04-23 03:03:00,12469.92,INR,-12469.92,IOS Owner,,,MAESTRO-IOS-PERSONAL-LIFE_OPERATIONS-2356 | Transport | 12469.92,iPhone,B48,RAMP_1501_2500,CREATED,idem-20260902-ios-2356
2357,MTR-IOS-2357,Group,Shared Purchase,Purchase,Other,Expense,2026-05-05,12:24:58,2026-05-05 12:24:58,19162.42,INR,-19162.42,IOS Meera,3,PERCENTAGE,MAESTRO-IOS-GROUP-PURCHASE-2357 | Other | 19162.42,iPhone,B48,RAMP_1501_2500,CREATED,idem-20260902-ios-2357
2358,MTR-IOS-2358,Business,Business,Business Runway,Revenue,Income,2026-05-22,07:06:55,2026-05-22 07:06:55,149176.04,INR,149176.04,IOS Owner,,,MAESTRO-IOS-BUSINESS-BUSINESS_RUNWAY-2358 | Revenue | 149176.04,iPhone,B48,RAMP_1501_2500,CREATED,idem-20260902-ios-2358
2359,MTR-IOS-2359,Personal,Personal,Life Operations,Healthcare,Expense,2026-08-08,07:43:29,2026-08-08 07:43:29,1414.41,INR,-1414.41,IOS Owner,,,MAESTRO-IOS-PERSONAL-LIFE_OPERATIONS-2359 | Healthcare | 1414.41,iPhone,B48,RAMP_1501_2500,CREATED,idem-20260902-ios-2359
2360,MTR-IOS-2360,Group,Shared Purchase,Assets,Purchase,Expense,2025-12-11,02:31:57,2025-12-11 02:31:57,4143.44,INR,-4143.44,IOS Owner,3,EXACT,MAESTRO-IOS-GROUP-ASSETS-2360 | Purchase | 4143.44,iPhone,B48,RAMP_1501_2500,CREATED,idem-20260902-ios-2360
2361,MTR-IOS-2361,Business,Business,Business Runway,Burn,Expense,2026-06-29,19:28:56,2026-06-29 19:28:56,81492.0,INR,-81492.0,IOS Owner,,,MAESTRO-IOS-BUSINESS-BUSINESS_RUNWAY-2361 | Burn | 81492.00,iPhone,B48,RAMP_1501_2500,CREATED,idem-20260902-ios-2361
2362,MTR-IOS-2362,Personal,Personal,Life Operations,Subscriptions,Expense,2026-04-18,18:36:15,2026-04-18 18:36:15,5911.01,INR,-5911.01,IOS Owner,,,MAESTRO-IOS-PERSONAL-LIFE_OPERATIONS-2362 | Subscriptions | 5911.01,iPhone,B48,RAMP_1501_2500,CREATED,idem-20260902-ios-2362
2363,MTR-IOS-2363,Group,Shared Purchase,Assets,Maintenance,Expense,2026-05-26,05:01:39,2026-05-26 05:01:39,17822.86,INR,-17822.86,IOS Aarav,3,SHARES,MAESTRO-IOS-GROUP-ASSETS-2363 | Maintenance | 17822.86,iPhone,B48,RAMP_1501_2500,CREATED,idem-20260902-ios-2363
2364,MTR-IOS-2364,Business,Business,Business Runway,Reserve,Transfer,2025-11-26,02:32:56,2025-11-26 02:32:56,121993.59,INR,0.0,IOS Owner,,,MAESTRO-IOS-BUSINESS-BUSINESS_RUNWAY-2364 | Reserve | 121993.59,iPhone,B48,RAMP_1501_2500,CREATED,idem-20260902-ios-2364
2365,MTR-IOS-2365,Personal,Personal,Life Operations,Repairs,Expense,2025-12-14,17:25:01,2025-12-14 17:25:01,2034.75,INR,-2034.75,IOS Owner,,,MAESTRO-IOS-PERSONAL-LIFE_OPERATIONS-2365 | Repairs | 2034.75,iPhone,B48,RAMP_1501_2500,CREATED,idem-20260902-ios-2365
2366,MTR-IOS-2366,Group,Shared Purchase,Assets,Repair,Expense,2025-10-10,08:58:47,2025-10-10 08:58:47,4148.82,INR,-4148.82,IOS Meera,3,EQUAL,MAESTRO-IOS-GROUP-ASSETS-2366 | Repair | 4148.82,iPhone,B48,RAMP_1501_2500,CREATED,idem-20260902-ios-2366
2367,MTR-IOS-2367,Business,Business,Business Runway,Loan,Income,2025-12-13,17:05:11,2025-12-13 17:05:11,53652.16,INR,53652.16,IOS Owner,,,MAESTRO-IOS-BUSINESS-BUSINESS_RUNWAY-2367 | Loan | 53652.16,iPhone,B48,RAMP_1501_2500,CREATED,idem-20260902-ios-2367
2368,MTR-IOS-2368,Personal,Personal,Future Building,Savings,Transfer,2026-05-26,22:23:35,2026-05-26 22:23:35,999.99,INR,0.0,IOS Owner,,,MAESTRO-IOS-PERSONAL-FUTURE_BUILDING-2368 | Savings | 999.99,iPhone,B48,RAMP_1501_2500,CREATED,idem-20260902-ios-2368
2369,MTR-IOS-2369,Group,Shared Purchase,Assets,Insurance,Expense,2026-01-01,13:52:47,2026-01-01 13:52:47,24466.51,INR,-24466.51,IOS Owner,3,PERCENTAGE,MAESTRO-IOS-GROUP-ASSETS-2369 | Insurance | 24466.51,iPhone,B48,RAMP_1501_2500,CREATED,idem-20260902-ios-2369
2370,MTR-IOS-2370,Business,Business,Business Runway,Investment,Income,2025-12-04,20:04:07,2025-12-04 20:04:07,127249.32,INR,127249.32,IOS Owner,,,MAESTRO-IOS-BUSINESS-BUSINESS_RUNWAY-2370 | Investment | 127249.32,iPhone,B48,RAMP_1501_2500,CREATED,idem-20260902-ios-2370
2371,MTR-IOS-2371,Personal,Personal,Future Building,Emergency Fund,Transfer,2026-02-28,19:12:32,2026-02-28 19:12:32,2101.49,INR,0.0,IOS Owner,,,MAESTRO-IOS-PERSONAL-FUTURE_BUILDING-2371 | Emergency Fund | 2101.49,iPhone,B48,RAMP_1501_2500,CREATED,idem-20260902-ios-2371
2372,MTR-IOS-2372,Group,Shared Purchase,Assets,Other,Expense,2025-10-26,00:24:45,2025-10-26 00:24:45,1124.2,INR,-1124.2,IOS Aarav,3,EXACT,MAESTRO-IOS-GROUP-ASSETS-2372 | Other | 1124.20,iPhone,B48,RAMP_1501_2500,CREATED,idem-20260902-ios-2372
2373,MTR-IOS-2373,Business,Business,Business Operations,Software,Expense,2025-10-13,00:53:55,2025-10-13 00:53:55,88275.1,INR,-88275.1,IOS Owner,,,MAESTRO-IOS-BUSINESS-BUSINESS_OPERATIONS-2373 | Software | 88275.10,iPhone,B48,RAMP_1501_2500,CREATED,idem-20260902-ios-2373
2374,MTR-IOS-2374,Personal,Personal,Future Building,Investments,Investment,2025-11-02,19:35:37,2025-11-02 19:35:37,1728.97,INR,0.0,IOS Owner,,,MAESTRO-IOS-PERSONAL-FUTURE_BUILDING-2374 | Investments | 1728.97,iPhone,B48,RAMP_1501_2500,CREATED,idem-20260902-ios-2374
2375,MTR-IOS-2375,Group,Shared Purchase,Custom Purchase,Custom Expense,Expense,2025-10-07,07:26:26,2025-10-07 07:26:26,25300.84,INR,-25300.84,IOS Meera,3,SHARES,MAESTRO-IOS-GROUP-CUSTOM_PURCHASE-2375 | Custom Expense | 25300.84,iPhone,B48,RAMP_1501_2500,CREATED,idem-20260902-ios-2375
2376,MTR-IOS-2376,Business,Business,Business Operations,Rent,Expense,2026-01-12,21:37:02,2026-01-12 21:37:02,152543.17,INR,-152543.17,IOS Owner,,,MAESTRO-IOS-BUSINESS-BUSINESS_OPERATIONS-2376 | Rent | 152543.17,iPhone,B48,RAMP_1501_2500,CREATED,idem-20260902-ios-2376
2377,MTR-IOS-2377,Personal,Personal,Future Building,Education,Expense,2026-01-18,12:45:15,2026-01-18 12:45:15,2295.78,INR,-2295.78,IOS Owner,,,MAESTRO-IOS-PERSONAL-FUTURE_BUILDING-2377 | Education | 2295.78,iPhone,B48,RAMP_1501_2500,CREATED,idem-20260902-ios-2377
2378,MTR-IOS-2378,Group,Shared Purchase,Custom Purchase,Custom Contribution,Contribution,2026-05-23,13:52:08,2026-05-23 13:52:08,12420.63,INR,12420.63,IOS Owner,3,EQUAL,MAESTRO-IOS-GROUP-CUSTOM_PURCHASE-2378 | Custom Contribution | 12420.63,iPhone,B48,RAMP_1501_2500,CREATED,idem-20260902-ios-2378
2379,MTR-IOS-2379,Business,Business,Business Operations,Marketing,Expense,2026-07-24,17:08:06,2026-07-24 17:08:06,36636.36,INR,-36636.36,IOS Owner,,,MAESTRO-IOS-BUSINESS-BUSINESS_OPERATIONS-2379 | Marketing | 36636.36,iPhone,B48,RAMP_1501_2500,CREATED,idem-20260902-ios-2379
2380,MTR-IOS-2380,Personal,Personal,Future Building,Goal Contribution,Transfer,2025-11-23,19:00:29,2025-11-23 19:00:29,12341.27,INR,0.0,IOS Owner,,,MAESTRO-IOS-PERSONAL-FUTURE_BUILDING-2380 | Goal Contribution | 12341.27,iPhone,B48,RAMP_1501_2500,CREATED,idem-20260902-ios-2380
2381,MTR-IOS-2381,Group,Shared Living,Flatmates,Rent,Expense,2026-05-19,01:21:22,2026-05-19 01:21:22,20036.52,INR,-20036.52,IOS Aarav,3,PERCENTAGE,MAESTRO-IOS-GROUP-FLATMATES-2381 | Rent | 20036.52,iPhone,B48,RAMP_1501_2500,CREATED,idem-20260902-ios-2381
2382,MTR-IOS-2382,Business,Business,Business Operations,Legal,Expense,2025-09-14,08:10:56,2025-09-14 08:10:56,19935.0,INR,-19935.0,IOS Owner,,,MAESTRO-IOS-BUSINESS-BUSINESS_OPERATIONS-2382 | Legal | 19935.00,iPhone,B48,RAMP_1501_2500,CREATED,idem-20260902-ios-2382
2383,MTR-IOS-2383,Personal,Personal,Lifestyle,Dining,Expense,2026-02-25,13:36:24,2026-02-25 13:36:24,12215.51,INR,-12215.51,IOS Owner,,,MAESTRO-IOS-PERSONAL-LIFESTYLE-2383 | Dining | 12215.51,iPhone,B48,RAMP_1501_2500,CREATED,idem-20260902-ios-2383
2384,MTR-IOS-2384,Group,Shared Living,Flatmates,Utilities,Expense,2026-02-27,20:38:47,2026-02-27 20:38:47,15938.4,INR,-15938.4,IOS Meera,3,EXACT,MAESTRO-IOS-GROUP-FLATMATES-2384 | Utilities | 15938.40,iPhone,B48,RAMP_1501_2500,CREATED,idem-20260902-ios-2384
2385,MTR-IOS-2385,Business,Business,Business Operations,Accounting,Expense,2026-07-20,06:11:21,2026-07-20 06:11:21,43182.93,INR,-43182.93,IOS Owner,,,MAESTRO-IOS-BUSINESS-BUSINESS_OPERATIONS-2385 | Accounting | 43182.93,iPhone,B48,RAMP_1501_2500,CREATED,idem-20260902-ios-2385
2386,MTR-IOS-2386,Personal,Personal,Lifestyle,Shopping,Expense,2026-08-09,18:14:40,2026-08-09 18:14:40,8200.32,INR,-8200.32,IOS Owner,,,MAESTRO-IOS-PERSONAL-LIFESTYLE-2386 | Shopping | 8200.32,iPhone,B48,RAMP_1501_2500,CREATED,idem-20260902-ios-2386
2387,MTR-IOS-2387,Group,Shared Living,Flatmates,Groceries,Expense,2026-06-01,15:26:31,2026-06-01 15:26:31,2008.72,INR,-2008.72,IOS Owner,3,SHARES,MAESTRO-IOS-GROUP-FLATMATES-2387 | Groceries | 2008.72,iPhone,B48,RAMP_1501_2500,CREATED,idem-20260902-ios-2387
2388,MTR-IOS-2388,Business,Business,Business Operations,Equipment,Expense,2026-08-25,21:39:11,2026-08-25 21:39:11,21161.32,INR,-21161.32,IOS Owner,,,MAESTRO-IOS-BUSINESS-BUSINESS_OPERATIONS-2388 | Equipment | 21161.32,iPhone,B48,RAMP_1501_2500,CREATED,idem-20260902-ios-2388
2389,MTR-IOS-2389,Personal,Personal,Lifestyle,Entertainment,Expense,2026-01-10,03:21:18,2026-01-10 03:21:18,6598.03,INR,-6598.03,IOS Owner,,,MAESTRO-IOS-PERSONAL-LIFESTYLE-2389 | Entertainment | 6598.03,iPhone,B48,RAMP_1501_2500,CREATED,idem-20260902-ios-2389
2390,MTR-IOS-2390,Group,Shared Living,Flatmates,Internet,Expense,2026-07-17,14:50:22,2026-07-17 14:50:22,16759.59,INR,-16759.59,IOS Aarav,3,EQUAL,MAESTRO-IOS-GROUP-FLATMATES-2390 | Internet | 16759.59,iPhone,B48,RAMP_1501_2500,CREATED,idem-20260902-ios-2390
2391,MTR-IOS-2391,Business,Business,Business Operations,Vendor,Expense,2025-11-02,01:00:33,2025-11-02 01:00:33,114241.94,INR,-114241.94,IOS Owner,,,MAESTRO-IOS-BUSINESS-BUSINESS_OPERATIONS-2391 | Vendor | 114241.94,iPhone,B48,RAMP_1501_2500,CREATED,idem-20260902-ios-2391
2392,MTR-IOS-2392,Personal,Personal,Lifestyle,Travel,Expense,2026-07-02,07:56:14,2026-07-02 07:56:14,1321.84,INR,-1321.84,IOS Owner,,,MAESTRO-IOS-PERSONAL-LIFESTYLE-2392 | Travel | 1321.84,iPhone,B48,RAMP_1501_2500,CREATED,idem-20260902-ios-2392
2393,MTR-IOS-2393,Group,Shared Living,Flatmates,House Supplies,Expense,2026-04-27,12:49:08,2026-04-27 12:49:08,12895.83,INR,-12895.83,IOS Meera,3,PERCENTAGE,MAESTRO-IOS-GROUP-FLATMATES-2393 | House Supplies | 12895.83,iPhone,B48,RAMP_1501_2500,CREATED,idem-20260902-ios-2393
2394,MTR-IOS-2394,Business,Business,Business Operations,Tax,Expense,2026-01-23,19:32:05,2026-01-23 19:32:05,28320.65,INR,-28320.65,IOS Owner,,,MAESTRO-IOS-BUSINESS-BUSINESS_OPERATIONS-2394 | Tax | 28320.65,iPhone,B48,RAMP_1501_2500,CREATED,idem-20260902-ios-2394
2395,MTR-IOS-2395,Personal,Personal,Lifestyle,Fitness,Expense,2026-04-22,03:24:31,2026-04-22 03:24:31,17766.14,INR,-17766.14,IOS Owner,,,MAESTRO-IOS-PERSONAL-LIFESTYLE-2395 | Fitness | 17766.14,iPhone,B48,RAMP_1501_2500,CREATED,idem-20260902-ios-2395
2396,MTR-IOS-2396,Group,Shared Living,Flatmates,Repairs,Expense,2026-05-04,23:07:16,2026-05-04 23:07:16,16594.55,INR,-16594.55,IOS Owner,3,EXACT,MAESTRO-IOS-GROUP-FLATMATES-2396 | Repairs | 16594.55,iPhone,B48,RAMP_1501_2500,CREATED,idem-20260902-ios-2396
2397,MTR-IOS-2397,Business,Business,Team Operations,Payroll,Expense,2026-05-28,17:51:00,2026-05-28 17:51:00,90138.21,INR,-90138.21,IOS Owner,,,MAESTRO-IOS-BUSINESS-TEAM_OPERATIONS-2397 | Payroll | 90138.21,iPhone,B48,RAMP_1501_2500,CREATED,idem-20260902-ios-2397
2398,MTR-IOS-2398,Personal,Personal,Lifestyle,Hobbies,Expense,2025-12-12,02:47:16,2025-12-12 02:47:16,14267.63,INR,-14267.63,IOS Owner,,,MAESTRO-IOS-PERSONAL-LIFESTYLE-2398 | Hobbies | 14267.63,iPhone,B48,RAMP_1501_2500,CREATED,idem-20260902-ios-2398
2399,MTR-IOS-2399,Group,Shared Living,Shared Living,Rent,Expense,2026-07-07,10:07:39,2026-07-07 10:07:39,3109.56,INR,-3109.56,IOS Aarav,3,SHARES,MAESTRO-IOS-GROUP-SHARED_LIVING-2399 | Rent | 3109.56,iPhone,B48,RAMP_1501_2500,CREATED,idem-20260902-ios-2399
2400,MTR-IOS-2400,Business,Business,Team Operations,Contractor,Expense,2026-04-26,09:04:35,2026-04-26 09:04:35,4217.98,INR,-4217.98,IOS Owner,,,MAESTRO-IOS-BUSINESS-TEAM_OPERATIONS-2400 | Contractor | 4217.98,iPhone,B48,RAMP_1501_2500,CREATED,idem-20260902-ios-2400
2401,MTR-IOS-2401,Personal,Personal,Relationships,Gifts,Expense,2026-05-02,19:44:09,2026-05-02 19:44:09,1886.87,INR,-1886.87,IOS Owner,,,MAESTRO-IOS-PERSONAL-RELATIONSHIPS-2401 | Gifts | 1886.87,iPhone,B49,RAMP_1501_2500,CREATED,idem-20260902-ios-2401
2402,MTR-IOS-2402,Group,Shared Living,Shared Living,Utilities,Expense,2026-02-12,15:54:54,2026-02-12 15:54:54,5529.66,INR,-5529.66,IOS Meera,3,EQUAL,MAESTRO-IOS-GROUP-SHARED_LIVING-2402 | Utilities | 5529.66,iPhone,B49,RAMP_1501_2500,CREATED,idem-20260902-ios-2402
2403,MTR-IOS-2403,Business,Business,Team Operations,Hiring,Expense,2026-05-12,08:37:08,2026-05-12 08:37:08,119294.9,INR,-119294.9,IOS Owner,,,MAESTRO-IOS-BUSINESS-TEAM_OPERATIONS-2403 | Hiring | 119294.90,iPhone,B49,RAMP_1501_2500,CREATED,idem-20260902-ios-2403
2404,MTR-IOS-2404,Personal,Personal,Relationships,Dates,Expense,2026-07-11,15:43:25,2026-07-11 15:43:25,9797.86,INR,-9797.86,IOS Owner,,,MAESTRO-IOS-PERSONAL-RELATIONSHIPS-2404 | Dates | 9797.86,iPhone,B49,RAMP_1501_2500,CREATED,idem-20260902-ios-2404
2405,MTR-IOS-2405,Group,Shared Living,Shared Living,Groceries,Expense,2025-11-17,15:55:21,2025-11-17 15:55:21,10000.0,INR,-10000.0,IOS Owner,3,PERCENTAGE,MAESTRO-IOS-GROUP-SHARED_LIVING-2405 | Groceries | 10000.00,iPhone,B49,RAMP_1501_2500,CREATED,idem-20260902-ios-2405
2406,MTR-IOS-2406,Business,Business,Team Operations,Team Meal,Expense,2025-10-06,23:33:52,2025-10-06 23:33:52,90999.2,INR,-90999.2,IOS Owner,,,MAESTRO-IOS-BUSINESS-TEAM_OPERATIONS-2406 | Team Meal | 90999.20,iPhone,B49,RAMP_1501_2500,CREATED,idem-20260902-ios-2406
2407,MTR-IOS-2407,Personal,Personal,Relationships,Family,Expense,2026-08-12,18:20:21,2026-08-12 18:20:21,3205.19,INR,-3205.19,IOS Owner,,,MAESTRO-IOS-PERSONAL-RELATIONSHIPS-2407 | Family | 3205.19,iPhone,B49,RAMP_1501_2500,CREATED,idem-20260902-ios-2407
2408,MTR-IOS-2408,Group,Shared Living,Shared Living,Maintenance,Expense,2026-02-08,16:38:42,2026-02-08 16:38:42,2793.37,INR,-2793.37,IOS Aarav,3,EXACT,MAESTRO-IOS-GROUP-SHARED_LIVING-2408 | Maintenance | 2793.37,iPhone,B49,RAMP_1501_2500,CREATED,idem-20260902-ios-2408
2409,MTR-IOS-2409,Business,Business,Team Operations,Travel,Expense,2026-04-02,07:46:48,2026-04-02 07:46:48,98926.82,INR,-98926.82,IOS Owner,,,MAESTRO-IOS-BUSINESS-TEAM_OPERATIONS-2409 | Travel | 98926.82,iPhone,B49,RAMP_1501_2500,CREATED,idem-20260902-ios-2409
2410,MTR-IOS-2410,Personal,Personal,Relationships,Friends,Expense,2026-05-21,07:21:30,2026-05-21 07:21:30,8482.25,INR,-8482.25,IOS Owner,,,MAESTRO-IOS-PERSONAL-RELATIONSHIPS-2410 | Friends | 8482.25,iPhone,B49,RAMP_1501_2500,CREATED,idem-20260902-ios-2410
2411,MTR-IOS-2411,Group,Shared Living,Shared Living,Other,Expense,2026-08-21,04:37:01,2026-08-21 04:37:01,1748.08,INR,-1748.08,IOS Meera,3,SHARES,MAESTRO-IOS-GROUP-SHARED_LIVING-2411 | Other | 1748.08,iPhone,B49,RAMP_1501_2500,CREATED,idem-20260902-ios-2411
2412,MTR-IOS-2412,Business,Business,Team Operations,Training,Expense,2026-06-08,15:41:12,2026-06-08 15:41:12,150923.04,INR,-150923.04,IOS Owner,,,MAESTRO-IOS-BUSINESS-TEAM_OPERATIONS-2412 | Training | 150923.04,iPhone,B49,RAMP_1501_2500,CREATED,idem-20260902-ios-2412
2413,MTR-IOS-2413,Personal,Personal,Relationships,Celebrations,Expense,2025-10-06,16:27:09,2025-10-06 16:27:09,7062.33,INR,-7062.33,IOS Owner,,,MAESTRO-IOS-PERSONAL-RELATIONSHIPS-2413 | Celebrations | 7062.33,iPhone,B49,RAMP_1501_2500,CREATED,idem-20260902-ios-2413
2414,MTR-IOS-2414,Group,Shared Living,Family Household,School,Expense,2026-03-01,03:02:42,2026-03-01 03:02:42,23010.5,INR,-23010.5,IOS Owner,3,EQUAL,MAESTRO-IOS-GROUP-FAMILY_HOUSEHOLD-2414 | School | 23010.50,iPhone,B49,RAMP_1501_2500,CREATED,idem-20260902-ios-2414
2415,MTR-IOS-2415,Business,Business,Team Operations,Tools,Expense,2026-02-18,20:08:41,2026-02-18 20:08:41,6647.96,INR,-6647.96,IOS Owner,,,MAESTRO-IOS-BUSINESS-TEAM_OPERATIONS-2415 | Tools | 6647.96,iPhone,B49,RAMP_1501_2500,CREATED,idem-20260902-ios-2415
2416,MTR-IOS-2416,Personal,Personal,Life Operations,Groceries,Expense,2025-12-16,07:34:31,2025-12-16 07:34:31,342.65,INR,-342.65,IOS Owner,,,MAESTRO-IOS-PERSONAL-LIFE_OPERATIONS-2416 | Groceries | 342.65,iPhone,B49,RAMP_1501_2500,CREATED,idem-20260902-ios-2416
2417,MTR-IOS-2417,Group,Shared Living,Family Household,Other,Expense,2026-05-19,16:32:22,2026-05-19 16:32:22,10572.75,INR,-10572.75,IOS Aarav,3,PERCENTAGE,MAESTRO-IOS-GROUP-FAMILY_HOUSEHOLD-2417 | Other | 10572.75,iPhone,B49,RAMP_1501_2500,CREATED,idem-20260902-ios-2417
2418,MTR-IOS-2418,Business,Business,Business Runway,Funding,Income,2026-01-27,06:37:21,2026-01-27 06:37:21,57911.5,INR,57911.5,IOS Owner,,,MAESTRO-IOS-BUSINESS-BUSINESS_RUNWAY-2418 | Funding | 57911.50,iPhone,B49,RAMP_1501_2500,CREATED,idem-20260902-ios-2418
2419,MTR-IOS-2419,Personal,Personal,Life Operations,Rent,Expense,2025-12-12,22:00:42,2025-12-12 22:00:42,2405.3,INR,-2405.3,IOS Owner,,,MAESTRO-IOS-PERSONAL-LIFE_OPERATIONS-2419 | Rent | 2405.30,iPhone,B49,RAMP_1501_2500,CREATED,idem-20260902-ios-2419
2420,MTR-IOS-2420,Group,Shared Living,Family Household,Rent,Expense,2025-11-04,11:26:50,2025-11-04 11:26:50,5171.84,INR,-5171.84,IOS Meera,3,EXACT,MAESTRO-IOS-GROUP-FAMILY_HOUSEHOLD-2420 | Rent | 5171.84,iPhone,B49,RAMP_1501_2500,CREATED,idem-20260902-ios-2420
2421,MTR-IOS-2421,Business,Business,Business Runway,Revenue,Income,2025-11-26,22:18:35,2025-11-26 22:18:35,6253.77,INR,6253.77,IOS Owner,,,MAESTRO-IOS-BUSINESS-BUSINESS_RUNWAY-2421 | Revenue | 6253.77,iPhone,B49,RAMP_1501_2500,CREATED,idem-20260902-ios-2421
2422,MTR-IOS-2422,Personal,Personal,Life Operations,Bills,Expense,2026-05-16,21:52:39,2026-05-16 21:52:39,1599.43,INR,-1599.43,IOS Owner,,,MAESTRO-IOS-PERSONAL-LIFE_OPERATIONS-2422 | Bills | 1599.43,iPhone,B49,RAMP_1501_2500,CREATED,idem-20260902-ios-2422
2423,MTR-IOS-2423,Group,Shared Living,Family Household,Groceries,Expense,2025-12-10,23:46:43,2025-12-10 23:46:43,3973.85,INR,-3973.85,IOS Owner,3,SHARES,MAESTRO-IOS-GROUP-FAMILY_HOUSEHOLD-2423 | Groceries | 3973.85,iPhone,B49,RAMP_1501_2500,CREATED,idem-20260902-ios-2423
2424,MTR-IOS-2424,Business,Business,Business Runway,Burn,Expense,2026-03-25,10:16:43,2026-03-25 10:16:43,91203.62,INR,-91203.62,IOS Owner,,,MAESTRO-IOS-BUSINESS-BUSINESS_RUNWAY-2424 | Burn | 91203.62,iPhone,B49,RAMP_1501_2500,CREATED,idem-20260902-ios-2424
2425,MTR-IOS-2425,Personal,Personal,Life Operations,Transport,Expense,2026-08-29,22:04:45,2026-08-29 22:04:45,1718.17,INR,-1718.17,IOS Owner,,,MAESTRO-IOS-PERSONAL-LIFE_OPERATIONS-2425 | Transport | 1718.17,iPhone,B49,RAMP_1501_2500,CREATED,idem-20260902-ios-2425
2426,MTR-IOS-2426,Group,Shared Living,Family Household,Transport,Expense,2026-02-04,01:42:46,2026-02-04 01:42:46,7330.18,INR,-7330.18,IOS Aarav,3,EQUAL,MAESTRO-IOS-GROUP-FAMILY_HOUSEHOLD-2426 | Transport | 7330.18,iPhone,B49,RAMP_1501_2500,CREATED,idem-20260902-ios-2426
2427,MTR-IOS-2427,Business,Business,Business Runway,Reserve,Transfer,2026-06-05,14:25:16,2026-06-05 14:25:16,41690.07,INR,0.0,IOS Owner,,,MAESTRO-IOS-BUSINESS-BUSINESS_RUNWAY-2427 | Reserve | 41690.07,iPhone,B49,RAMP_1501_2500,CREATED,idem-20260902-ios-2427
2428,MTR-IOS-2428,Personal,Personal,Life Operations,Healthcare,Expense,2026-02-15,23:38:22,2026-02-15 23:38:22,6677.92,INR,-6677.92,IOS Owner,,,MAESTRO-IOS-PERSONAL-LIFE_OPERATIONS-2428 | Healthcare | 6677.92,iPhone,B49,RAMP_1501_2500,CREATED,idem-20260902-ios-2428
2429,MTR-IOS-2429,Group,Shared Living,Family Household,Bills,Expense,2025-10-08,23:36:27,2025-10-08 23:36:27,15773.91,INR,-15773.91,IOS Meera,3,PERCENTAGE,MAESTRO-IOS-GROUP-FAMILY_HOUSEHOLD-2429 | Bills | 15773.91,iPhone,B49,RAMP_1501_2500,CREATED,idem-20260902-ios-2429
2430,MTR-IOS-2430,Business,Business,Business Runway,Loan,Income,2026-08-03,01:34:57,2026-08-03 01:34:57,75858.37,INR,75858.37,IOS Owner,,,MAESTRO-IOS-BUSINESS-BUSINESS_RUNWAY-2430 | Loan | 75858.37,iPhone,B49,RAMP_1501_2500,CREATED,idem-20260902-ios-2430
2431,MTR-IOS-2431,Personal,Personal,Life Operations,Subscriptions,Expense,2025-09-21,16:13:49,2025-09-21 16:13:49,4646.11,INR,-4646.11,IOS Owner,,,MAESTRO-IOS-PERSONAL-LIFE_OPERATIONS-2431 | Subscriptions | 4646.11,iPhone,B49,RAMP_1501_2500,CREATED,idem-20260902-ios-2431
2432,MTR-IOS-2432,Group,Shared Living,Custom Living,Custom Expense,Expense,2025-12-06,08:15:06,2025-12-06 08:15:06,20364.28,INR,-20364.28,IOS Owner,3,EXACT,MAESTRO-IOS-GROUP-CUSTOM_LIVING-2432 | Custom Expense | 20364.28,iPhone,B49,RAMP_1501_2500,CREATED,idem-20260902-ios-2432
2433,MTR-IOS-2433,Business,Business,Business Runway,Investment,Income,2026-01-25,15:36:04,2026-01-25 15:36:04,155008.49,INR,155008.49,IOS Owner,,,MAESTRO-IOS-BUSINESS-BUSINESS_RUNWAY-2433 | Investment | 155008.49,iPhone,B49,RAMP_1501_2500,CREATED,idem-20260902-ios-2433
2434,MTR-IOS-2434,Personal,Personal,Life Operations,Repairs,Expense,2026-05-13,17:57:29,2026-05-13 17:57:29,17773.67,INR,-17773.67,IOS Owner,,,MAESTRO-IOS-PERSONAL-LIFE_OPERATIONS-2434 | Repairs | 17773.67,iPhone,B49,RAMP_1501_2500,CREATED,idem-20260902-ios-2434
2435,MTR-IOS-2435,Group,Shared Living,Custom Living,Custom Contribution,Contribution,2025-10-16,22:22:56,2025-10-16 22:22:56,11284.48,INR,11284.48,IOS Aarav,3,SHARES,MAESTRO-IOS-GROUP-CUSTOM_LIVING-2435 | Custom Contribution | 11284.48,iPhone,B49,RAMP_1501_2500,CREATED,idem-20260902-ios-2435
2436,MTR-IOS-2436,Business,Business,Business Operations,Software,Expense,2025-10-17,12:03:12,2025-10-17 12:03:12,93335.86,INR,-93335.86,IOS Owner,,,MAESTRO-IOS-BUSINESS-BUSINESS_OPERATIONS-2436 | Software | 93335.86,iPhone,B49,RAMP_1501_2500,CREATED,idem-20260902-ios-2436
2437,MTR-IOS-2437,Personal,Personal,Future Building,Savings,Transfer,2026-07-18,20:03:08,2026-07-18 20:03:08,8405.05,INR,0.0,IOS Owner,,,MAESTRO-IOS-PERSONAL-FUTURE_BUILDING-2437 | Savings | 8405.05,iPhone,B49,RAMP_1501_2500,CREATED,idem-20260902-ios-2437
2438,MTR-IOS-2438,Group,Shared Experience,Trip,Travel,Expense,2026-06-27,02:48:00,2026-06-27 02:48:00,629.24,INR,-629.24,IOS Meera,3,EQUAL,MAESTRO-IOS-GROUP-TRIP-2438 | Travel | 629.24,iPhone,B49,RAMP_1501_2500,CREATED,idem-20260902-ios-2438
2439,MTR-IOS-2439,Business,Business,Business Operations,Rent,Expense,2026-07-13,04:39:06,2026-07-13 04:39:06,54521.87,INR,-54521.87,IOS Owner,,,MAESTRO-IOS-BUSINESS-BUSINESS_OPERATIONS-2439 | Rent | 54521.87,iPhone,B49,RAMP_1501_2500,CREATED,idem-20260902-ios-2439
2440,MTR-IOS-2440,Personal,Personal,Future Building,Emergency Fund,Transfer,2026-01-18,05:20:42,2026-01-18 05:20:42,7119.2,INR,0.0,IOS Owner,,,MAESTRO-IOS-PERSONAL-FUTURE_BUILDING-2440 | Emergency Fund | 7119.20,iPhone,B49,RAMP_1501_2500,CREATED,idem-20260902-ios-2440
2441,MTR-IOS-2441,Group,Shared Experience,Trip,Stay,Expense,2026-02-03,01:12:06,2026-02-03 01:12:06,23783.79,INR,-23783.79,IOS Owner,3,PERCENTAGE,MAESTRO-IOS-GROUP-TRIP-2441 | Stay | 23783.79,iPhone,B49,RAMP_1501_2500,CREATED,idem-20260902-ios-2441
2442,MTR-IOS-2442,Business,Business,Business Operations,Marketing,Expense,2025-09-18,00:09:09,2025-09-18 00:09:09,0.01,INR,-0.01,IOS Owner,,,MAESTRO-IOS-BUSINESS-BUSINESS_OPERATIONS-2442 | Marketing | 0.01,iPhone,B49,RAMP_1501_2500,CREATED,idem-20260902-ios-2442
2443,MTR-IOS-2443,Personal,Personal,Future Building,Investments,Investment,2025-12-27,09:28:48,2025-12-27 09:28:48,11417.57,INR,0.0,IOS Owner,,,MAESTRO-IOS-PERSONAL-FUTURE_BUILDING-2443 | Investments | 11417.57,iPhone,B49,RAMP_1501_2500,CREATED,idem-20260902-ios-2443
2444,MTR-IOS-2444,Group,Shared Experience,Trip,Food,Expense,2026-04-26,03:05:26,2026-04-26 03:05:26,8786.5,INR,-8786.5,IOS Aarav,3,EXACT,MAESTRO-IOS-GROUP-TRIP-2444 | Food | 8786.50,iPhone,B49,RAMP_1501_2500,CREATED,idem-20260902-ios-2444
2445,MTR-IOS-2445,Business,Business,Business Operations,Legal,Expense,2026-08-10,15:17:48,2026-08-10 15:17:48,20782.05,INR,-20782.05,IOS Owner,,,MAESTRO-IOS-BUSINESS-BUSINESS_OPERATIONS-2445 | Legal | 20782.05,iPhone,B49,RAMP_1501_2500,CREATED,idem-20260902-ios-2445
2446,MTR-IOS-2446,Personal,Personal,Future Building,Education,Expense,2025-09-10,05:07:52,2025-09-10 05:07:52,14236.54,INR,-14236.54,IOS Owner,,,MAESTRO-IOS-PERSONAL-FUTURE_BUILDING-2446 | Education | 14236.54,iPhone,B49,RAMP_1501_2500,CREATED,idem-20260902-ios-2446
2447,MTR-IOS-2447,Group,Shared Experience,Trip,Local Transport,Expense,2025-12-22,21:49:46,2025-12-22 21:49:46,26683.39,INR,-26683.39,IOS Meera,3,SHARES,MAESTRO-IOS-GROUP-TRIP-2447 | Local Transport | 26683.39,iPhone,B49,RAMP_1501_2500,CREATED,idem-20260902-ios-2447
2448,MTR-IOS-2448,Business,Business,Business Operations,Accounting,Expense,2025-12-26,06:41:36,2025-12-26 06:41:36,150647.88,INR,-150647.88,IOS Owner,,,MAESTRO-IOS-BUSINESS-BUSINESS_OPERATIONS-2448 | Accounting | 150647.88,iPhone,B49,RAMP_1501_2500,CREATED,idem-20260902-ios-2448
2449,MTR-IOS-2449,Personal,Personal,Future Building,Goal Contribution,Transfer,2026-05-13,06:20:14,2026-05-13 06:20:14,14292.85,INR,0.0,IOS Owner,,,MAESTRO-IOS-PERSONAL-FUTURE_BUILDING-2449 | Goal Contribution | 14292.85,iPhone,B49,RAMP_1501_2500,CREATED,idem-20260902-ios-2449
2450,MTR-IOS-2450,Group,Shared Experience,Trip,Activities,Expense,2025-10-28,08:04:06,2025-10-28 08:04:06,26235.92,INR,-26235.92,IOS Owner,3,EQUAL,MAESTRO-IOS-GROUP-TRIP-2450 | Activities | 26235.92,iPhone,B49,RAMP_1501_2500,CREATED,idem-20260902-ios-2450
2451,MTR-IOS-2451,Business,Business,Business Operations,Equipment,Expense,2025-10-06,19:44:44,2025-10-06 19:44:44,13674.09,INR,-13674.09,IOS Owner,,,MAESTRO-IOS-BUSINESS-BUSINESS_OPERATIONS-2451 | Equipment | 13674.09,iPhone,B50,RAMP_1501_2500,CREATED,idem-20260902-ios-2451
2452,MTR-IOS-2452,Personal,Personal,Lifestyle,Dining,Expense,2025-10-09,23:37:51,2025-10-09 23:37:51,15734.18,INR,-15734.18,IOS Owner,,,MAESTRO-IOS-PERSONAL-LIFESTYLE-2452 | Dining | 15734.18,iPhone,B50,RAMP_1501_2500,CREATED,idem-20260902-ios-2452
2453,MTR-IOS-2453,Group,Shared Experience,Trip,Shopping,Expense,2025-12-07,11:51:30,2025-12-07 11:51:30,23656.02,INR,-23656.02,IOS Aarav,3,PERCENTAGE,MAESTRO-IOS-GROUP-TRIP-2453 | Shopping | 23656.02,iPhone,B50,RAMP_1501_2500,CREATED,idem-20260902-ios-2453
2454,MTR-IOS-2454,Business,Business,Business Operations,Vendor,Expense,2026-04-26,11:01:00,2026-04-26 11:01:00,54114.42,INR,-54114.42,IOS Owner,,,MAESTRO-IOS-BUSINESS-BUSINESS_OPERATIONS-2454 | Vendor | 54114.42,iPhone,B50,RAMP_1501_2500,CREATED,idem-20260902-ios-2454
2455,MTR-IOS-2455,Personal,Personal,Lifestyle,Shopping,Expense,2026-05-08,06:44:19,2026-05-08 06:44:19,14060.97,INR,-14060.97,IOS Owner,,,MAESTRO-IOS-PERSONAL-LIFESTYLE-2455 | Shopping | 14060.97,iPhone,B50,RAMP_1501_2500,CREATED,idem-20260902-ios-2455
2456,MTR-IOS-2456,Group,Shared Experience,Trip,Other,Expense,2026-06-28,07:44:45,2026-06-28 07:44:45,14915.78,INR,-14915.78,IOS Meera,3,EXACT,MAESTRO-IOS-GROUP-TRIP-2456 | Other | 14915.78,iPhone,B50,RAMP_1501_2500,CREATED,idem-20260902-ios-2456
2457,MTR-IOS-2457,Business,Business,Business Operations,Tax,Expense,2025-11-16,18:00:51,2025-11-16 18:00:51,55770.06,INR,-55770.06,IOS Owner,,,MAESTRO-IOS-BUSINESS-BUSINESS_OPERATIONS-2457 | Tax | 55770.06,iPhone,B50,RAMP_1501_2500,CREATED,idem-20260902-ios-2457
2458,MTR-IOS-2458,Personal,Personal,Lifestyle,Entertainment,Expense,2026-08-16,01:43:05,2026-08-16 01:43:05,10298.59,INR,-10298.59,IOS Owner,,,MAESTRO-IOS-PERSONAL-LIFESTYLE-2458 | Entertainment | 10298.59,iPhone,B50,RAMP_1501_2500,CREATED,idem-20260902-ios-2458
2459,MTR-IOS-2459,Group,Shared Experience,Wedding,Venue,Expense,2026-03-14,22:35:23,2026-03-14 22:35:23,11649.9,INR,-11649.9,IOS Owner,3,SHARES,MAESTRO-IOS-GROUP-WEDDING-2459 | Venue | 11649.90,iPhone,B50,RAMP_1501_2500,CREATED,idem-20260902-ios-2459
2460,MTR-IOS-2460,Business,Business,Team Operations,Payroll,Expense,2026-02-19,15:10:20,2026-02-19 15:10:20,88726.57,INR,-88726.57,IOS Owner,,,MAESTRO-IOS-BUSINESS-TEAM_OPERATIONS-2460 | Payroll | 88726.57,iPhone,B50,RAMP_1501_2500,CREATED,idem-20260902-ios-2460
2461,MTR-IOS-2461,Personal,Personal,Lifestyle,Travel,Expense,2026-03-20,01:18:36,2026-03-20 01:18:36,16810.72,INR,-16810.72,IOS Owner,,,MAESTRO-IOS-PERSONAL-LIFESTYLE-2461 | Travel | 16810.72,iPhone,B50,RAMP_1501_2500,CREATED,idem-20260902-ios-2461
2462,MTR-IOS-2462,Group,Shared Experience,Wedding,Catering,Expense,2026-03-02,01:09:49,2026-03-02 01:09:49,23670.62,INR,-23670.62,IOS Aarav,3,EQUAL,MAESTRO-IOS-GROUP-WEDDING-2462 | Catering | 23670.62,iPhone,B50,RAMP_1501_2500,CREATED,idem-20260902-ios-2462
2463,MTR-IOS-2463,Business,Business,Team Operations,Contractor,Expense,2026-02-23,10:39:34,2026-02-23 10:39:34,44949.52,INR,-44949.52,IOS Owner,,,MAESTRO-IOS-BUSINESS-TEAM_OPERATIONS-2463 | Contractor | 44949.52,iPhone,B50,RAMP_1501_2500,CREATED,idem-20260902-ios-2463
2464,MTR-IOS-2464,Personal,Personal,Lifestyle,Fitness,Expense,2026-05-07,00:53:13,2026-05-07 00:53:13,13302.54,INR,-13302.54,IOS Owner,,,MAESTRO-IOS-PERSONAL-LIFESTYLE-2464 | Fitness | 13302.54,iPhone,B50,RAMP_1501_2500,CREATED,idem-20260902-ios-2464
2465,MTR-IOS-2465,Group,Shared Experience,Wedding,Decor,Expense,2025-11-02,09:45:04,2025-11-02 09:45:04,959.69,INR,-959.69,IOS Meera,3,PERCENTAGE,MAESTRO-IOS-GROUP-WEDDING-2465 | Decor | 959.69,iPhone,B50,RAMP_1501_2500,CREATED,idem-20260902-ios-2465
2466,MTR-IOS-2466,Business,Business,Team Operations,Hiring,Expense,2026-08-14,12:11:28,2026-08-14 12:11:28,86784.22,INR,-86784.22,IOS Owner,,,MAESTRO-IOS-BUSINESS-TEAM_OPERATIONS-2466 | Hiring | 86784.22,iPhone,B50,RAMP_1501_2500,CREATED,idem-20260902-ios-2466
2467,MTR-IOS-2467,Personal,Personal,Lifestyle,Hobbies,Expense,2026-07-05,14:05:46,2026-07-05 14:05:46,3212.44,INR,-3212.44,IOS Owner,,,MAESTRO-IOS-PERSONAL-LIFESTYLE-2467 | Hobbies | 3212.44,iPhone,B50,RAMP_1501_2500,CREATED,idem-20260902-ios-2467
2468,MTR-IOS-2468,Group,Shared Experience,Wedding,Travel,Expense,2025-10-30,18:49:43,2025-10-30 18:49:43,19887.6,INR,-19887.6,IOS Owner,3,EXACT,MAESTRO-IOS-GROUP-WEDDING-2468 | Travel | 19887.60,iPhone,B50,RAMP_1501_2500,CREATED,idem-20260902-ios-2468
2469,MTR-IOS-2469,Business,Business,Team Operations,Team Meal,Expense,2025-12-24,16:22:58,2025-12-24 16:22:58,76770.17,INR,-76770.17,IOS Owner,,,MAESTRO-IOS-BUSINESS-TEAM_OPERATIONS-2469 | Team Meal | 76770.17,iPhone,B50,RAMP_1501_2500,CREATED,idem-20260902-ios-2469
2470,MTR-IOS-2470,Personal,Personal,Relationships,Gifts,Expense,2025-11-16,21:12:24,2025-11-16 21:12:24,12076.9,INR,-12076.9,IOS Owner,,,MAESTRO-IOS-PERSONAL-RELATIONSHIPS-2470 | Gifts | 12076.90,iPhone,B50,RAMP_1501_2500,CREATED,idem-20260902-ios-2470
2471,MTR-IOS-2471,Group,Shared Experience,Wedding,Gifts,Expense,2026-01-25,00:44:57,2026-01-25 00:44:57,17859.72,INR,-17859.72,IOS Aarav,3,SHARES,MAESTRO-IOS-GROUP-WEDDING-2471 | Gifts | 17859.72,iPhone,B50,RAMP_1501_2500,CREATED,idem-20260902-ios-2471
2472,MTR-IOS-2472,Business,Business,Team Operations,Travel,Expense,2026-06-11,16:18:01,2026-06-11 16:18:01,49439.08,INR,-49439.08,IOS Owner,,,MAESTRO-IOS-BUSINESS-TEAM_OPERATIONS-2472 | Travel | 49439.08,iPhone,B50,RAMP_1501_2500,CREATED,idem-20260902-ios-2472
2473,MTR-IOS-2473,Personal,Personal,Relationships,Dates,Expense,2026-03-11,15:12:50,2026-03-11 15:12:50,13058.68,INR,-13058.68,IOS Owner,,,MAESTRO-IOS-PERSONAL-RELATIONSHIPS-2473 | Dates | 13058.68,iPhone,B50,RAMP_1501_2500,CREATED,idem-20260902-ios-2473
2474,MTR-IOS-2474,Group,Shared Experience,Wedding,Photography,Expense,2026-03-24,00:01:30,2026-03-24 00:01:30,5752.63,INR,-5752.63,IOS Meera,3,EQUAL,MAESTRO-IOS-GROUP-WEDDING-2474 | Photography | 5752.63,iPhone,B50,RAMP_1501_2500,CREATED,idem-20260902-ios-2474
2475,MTR-IOS-2475,Business,Business,Team Operations,Training,Expense,2026-01-06,10:56:02,2026-01-06 10:56:02,127653.14,INR,-127653.14,IOS Owner,,,MAESTRO-IOS-BUSINESS-TEAM_OPERATIONS-2475 | Training | 127653.14,iPhone,B50,RAMP_1501_2500,CREATED,idem-20260902-ios-2475
2476,MTR-IOS-2476,Personal,Personal,Relationships,Family,Expense,2026-04-19,15:33:37,2026-04-19 15:33:37,4867.09,INR,-4867.09,IOS Owner,,,MAESTRO-IOS-PERSONAL-RELATIONSHIPS-2476 | Family | 4867.09,iPhone,B50,RAMP_1501_2500,CREATED,idem-20260902-ios-2476
2477,MTR-IOS-2477,Group,Shared Experience,Wedding,Other,Expense,2026-05-29,22:11:31,2026-05-29 22:11:31,654.03,INR,-654.03,IOS Owner,3,PERCENTAGE,MAESTRO-IOS-GROUP-WEDDING-2477 | Other | 654.03,iPhone,B50,RAMP_1501_2500,CREATED,idem-20260902-ios-2477
2478,MTR-IOS-2478,Business,Business,Team Operations,Tools,Expense,2025-09-16,12:34:45,2025-09-16 12:34:45,91407.26,INR,-91407.26,IOS Owner,,,MAESTRO-IOS-BUSINESS-TEAM_OPERATIONS-2478 | Tools | 91407.26,iPhone,B50,RAMP_1501_2500,CREATED,idem-20260902-ios-2478
2479,MTR-IOS-2479,Personal,Personal,Relationships,Friends,Expense,2026-03-16,06:46:45,2026-03-16 06:46:45,1.0,INR,-1.0,IOS Owner,,,MAESTRO-IOS-PERSONAL-RELATIONSHIPS-2479 | Friends | 1.00,iPhone,B50,RAMP_1501_2500,CREATED,idem-20260902-ios-2479
2480,MTR-IOS-2480,Group,Shared Experience,Office Outing,Food,Expense,2026-05-03,16:28:36,2026-05-03 16:28:36,20006.86,INR,-20006.86,IOS Aarav,3,EXACT,MAESTRO-IOS-GROUP-OFFICE_OUTING-2480 | Food | 20006.86,iPhone,B50,RAMP_1501_2500,CREATED,idem-20260902-ios-2480
2481,MTR-IOS-2481,Business,Business,Business Runway,Funding,Income,2026-02-26,07:13:12,2026-02-26 07:13:12,33787.9,INR,33787.9,IOS Owner,,,MAESTRO-IOS-BUSINESS-BUSINESS_RUNWAY-2481 | Funding | 33787.90,iPhone,B50,RAMP_1501_2500,CREATED,idem-20260902-ios-2481
2482,MTR-IOS-2482,Personal,Personal,Relationships,Celebrations,Expense,2026-07-13,04:42:26,2026-07-13 04:42:26,3413.39,INR,-3413.39,IOS Owner,,,MAESTRO-IOS-PERSONAL-RELATIONSHIPS-2482 | Celebrations | 3413.39,iPhone,B50,RAMP_1501_2500,CREATED,idem-20260902-ios-2482
2483,MTR-IOS-2483,Group,Shared Experience,Office Outing,Travel,Expense,2026-06-01,05:35:39,2026-06-01 05:35:39,26648.08,INR,-26648.08,IOS Meera,3,SHARES,MAESTRO-IOS-GROUP-OFFICE_OUTING-2483 | Travel | 26648.08,iPhone,B50,RAMP_1501_2500,CREATED,idem-20260902-ios-2483
2484,MTR-IOS-2484,Business,Business,Business Runway,Revenue,Income,2026-05-26,03:50:16,2026-05-26 03:50:16,105984.88,INR,105984.88,IOS Owner,,,MAESTRO-IOS-BUSINESS-BUSINESS_RUNWAY-2484 | Revenue | 105984.88,iPhone,B50,RAMP_1501_2500,CREATED,idem-20260902-ios-2484
2485,MTR-IOS-2485,Personal,Personal,Life Operations,Groceries,Expense,2026-08-10,10:21:09,2026-08-10 10:21:09,6330.15,INR,-6330.15,IOS Owner,,,MAESTRO-IOS-PERSONAL-LIFE_OPERATIONS-2485 | Groceries | 6330.15,iPhone,B50,RAMP_1501_2500,CREATED,idem-20260902-ios-2485
2486,MTR-IOS-2486,Group,Shared Experience,Office Outing,Activities,Expense,2025-09-07,02:18:45,2025-09-07 02:18:45,362.11,INR,-362.11,IOS Owner,3,EQUAL,MAESTRO-IOS-GROUP-OFFICE_OUTING-2486 | Activities | 362.11,iPhone,B50,RAMP_1501_2500,CREATED,idem-20260902-ios-2486
2487,MTR-IOS-2487,Business,Business,Business Runway,Burn,Expense,2025-12-09,12:08:55,2025-12-09 12:08:55,90636.59,INR,-90636.59,IOS Owner,,,MAESTRO-IOS-BUSINESS-BUSINESS_RUNWAY-2487 | Burn | 90636.59,iPhone,B50,RAMP_1501_2500,CREATED,idem-20260902-ios-2487
2488,MTR-IOS-2488,Personal,Personal,Life Operations,Rent,Expense,2025-10-15,21:58:59,2025-10-15 21:58:59,16343.17,INR,-16343.17,IOS Owner,,,MAESTRO-IOS-PERSONAL-LIFE_OPERATIONS-2488 | Rent | 16343.17,iPhone,B50,RAMP_1501_2500,CREATED,idem-20260902-ios-2488
2489,MTR-IOS-2489,Group,Shared Experience,Office Outing,Venue,Expense,2026-04-09,00:09:38,2026-04-09 00:09:38,13150.44,INR,-13150.44,IOS Aarav,3,PERCENTAGE,MAESTRO-IOS-GROUP-OFFICE_OUTING-2489 | Venue | 13150.44,iPhone,B50,RAMP_1501_2500,CREATED,idem-20260902-ios-2489
2490,MTR-IOS-2490,Business,Business,Business Runway,Reserve,Transfer,2026-08-10,06:10:24,2026-08-10 06:10:24,70667.56,INR,0.0,IOS Owner,,,MAESTRO-IOS-BUSINESS-BUSINESS_RUNWAY-2490 | Reserve | 70667.56,iPhone,B50,RAMP_1501_2500,CREATED,idem-20260902-ios-2490
2491,MTR-IOS-2491,Personal,Personal,Life Operations,Bills,Expense,2025-12-11,14:58:45,2025-12-11 14:58:45,10734.18,INR,-10734.18,IOS Owner,,,MAESTRO-IOS-PERSONAL-LIFE_OPERATIONS-2491 | Bills | 10734.18,iPhone,B50,RAMP_1501_2500,CREATED,idem-20260902-ios-2491
2492,MTR-IOS-2492,Group,Shared Experience,Office Outing,Other,Expense,2025-10-28,14:30:56,2025-10-28 14:30:56,9648.88,INR,-9648.88,IOS Meera,3,EXACT,MAESTRO-IOS-GROUP-OFFICE_OUTING-2492 | Other | 9648.88,iPhone,B50,RAMP_1501_2500,CREATED,idem-20260902-ios-2492
2493,MTR-IOS-2493,Business,Business,Business Runway,Loan,Income,2025-10-30,12:55:49,2025-10-30 12:55:49,124367.14,INR,124367.14,IOS Owner,,,MAESTRO-IOS-BUSINESS-BUSINESS_RUNWAY-2493 | Loan | 124367.14,iPhone,B50,RAMP_1501_2500,CREATED,idem-20260902-ios-2493
2494,MTR-IOS-2494,Personal,Personal,Life Operations,Transport,Expense,2026-03-03,08:20:51,2026-03-03 08:20:51,12073.94,INR,-12073.94,IOS Owner,,,MAESTRO-IOS-PERSONAL-LIFE_OPERATIONS-2494 | Transport | 12073.94,iPhone,B50,RAMP_1501_2500,CREATED,idem-20260902-ios-2494
2495,MTR-IOS-2495,Group,Shared Experience,House Party,Food,Expense,2026-06-30,15:05:55,2026-06-30 15:05:55,1090.82,INR,-1090.82,IOS Owner,3,SHARES,MAESTRO-IOS-GROUP-HOUSE_PARTY-2495 | Food | 1090.82,iPhone,B50,RAMP_1501_2500,CREATED,idem-20260902-ios-2495
2496,MTR-IOS-2496,Business,Business,Business Runway,Investment,Income,2025-10-20,18:36:26,2025-10-20 18:36:26,162873.0,INR,162873.0,IOS Owner,,,MAESTRO-IOS-BUSINESS-BUSINESS_RUNWAY-2496 | Investment | 162873.00,iPhone,B50,RAMP_1501_2500,CREATED,idem-20260902-ios-2496
2497,MTR-IOS-2497,Personal,Personal,Life Operations,Healthcare,Expense,2026-01-20,00:15:41,2026-01-20 00:15:41,11708.29,INR,-11708.29,IOS Owner,,,MAESTRO-IOS-PERSONAL-LIFE_OPERATIONS-2497 | Healthcare | 11708.29,iPhone,B50,RAMP_1501_2500,CREATED,idem-20260902-ios-2497
2498,MTR-IOS-2498,Group,Shared Experience,House Party,Drinks,Expense,2026-03-30,04:26:22,2026-03-30 04:26:22,7214.48,INR,-7214.48,IOS Aarav,3,EQUAL,MAESTRO-IOS-GROUP-HOUSE_PARTY-2498 | Drinks | 7214.48,iPhone,B50,RAMP_1501_2500,CREATED,idem-20260902-ios-2498
2499,MTR-IOS-2499,Business,Business,Business Operations,Software,Expense,2026-02-07,10:15:46,2026-02-07 10:15:46,16797.59,INR,-16797.59,IOS Owner,,,MAESTRO-IOS-BUSINESS-BUSINESS_OPERATIONS-2499 | Software | 16797.59,iPhone,B50,RAMP_1501_2500,CREATED,idem-20260902-ios-2499
2500,MTR-IOS-2500,Personal,Personal,Life Operations,Subscriptions,Expense,2026-05-24,21:10:40,2026-05-24 21:10:40,12009.56,INR,-12009.56,IOS Owner,,,MAESTRO-IOS-PERSONAL-LIFE_OPERATIONS-2500 | Subscriptions | 12009.56,iPhone,B50,RAMP_1501_2500,CREATED,idem-20260902-ios-2500
2501,MTR-IOS-2501,Group,Shared Experience,House Party,Decor,Expense,2025-11-14,02:45:18,2025-11-14 02:45:18,807.61,INR,-807.61,IOS Meera,3,PERCENTAGE,MAESTRO-IOS-GROUP-HOUSE_PARTY-2501 | Decor | 807.61,iPhone,B51,HIGH_2501_3000,CREATED,idem-20260902-ios-2501
2502,MTR-IOS-2502,Business,Business,Business Operations,Rent,Expense,2026-04-13,14:23:09,2026-04-13 14:23:09,96426.98,INR,-96426.98,IOS Owner,,,MAESTRO-IOS-BUSINESS-BUSINESS_OPERATIONS-2502 | Rent | 96426.98,iPhone,B51,HIGH_2501_3000,CREATED,idem-20260902-ios-2502
2503,MTR-IOS-2503,Personal,Personal,Life Operations,Repairs,Expense,2026-04-23,04:51:44,2026-04-23 04:51:44,12454.82,INR,-12454.82,IOS Owner,,,MAESTRO-IOS-PERSONAL-LIFE_OPERATIONS-2503 | Repairs | 12454.82,iPhone,B51,HIGH_2501_3000,CREATED,idem-20260902-ios-2503
2504,MTR-IOS-2504,Group,Shared Experience,House Party,Supplies,Expense,2026-08-29,22:41:07,2026-08-29 22:41:07,22687.27,INR,-22687.27,IOS Owner,3,EXACT,MAESTRO-IOS-GROUP-HOUSE_PARTY-2504 | Supplies | 22687.27,iPhone,B51,HIGH_2501_3000,CREATED,idem-20260902-ios-2504
2505,MTR-IOS-2505,Business,Business,Business Operations,Marketing,Expense,2025-12-17,05:14:33,2025-12-17 05:14:33,136057.63,INR,-136057.63,IOS Owner,,,MAESTRO-IOS-BUSINESS-BUSINESS_OPERATIONS-2505 | Marketing | 136057.63,iPhone,B51,HIGH_2501_3000,CREATED,idem-20260902-ios-2505
2506,MTR-IOS-2506,Personal,Personal,Future Building,Savings,Transfer,2026-04-03,13:02:10,2026-04-03 13:02:10,9019.61,INR,0.0,IOS Owner,,,MAESTRO-IOS-PERSONAL-FUTURE_BUILDING-2506 | Savings | 9019.61,iPhone,B51,HIGH_2501_3000,CREATED,idem-20260902-ios-2506
2507,MTR-IOS-2507,Group,Shared Experience,House Party,Other,Expense,2026-07-30,07:10:08,2026-07-30 07:10:08,26250.48,INR,-26250.48,IOS Aarav,3,SHARES,MAESTRO-IOS-GROUP-HOUSE_PARTY-2507 | Other | 26250.48,iPhone,B51,HIGH_2501_3000,CREATED,idem-20260902-ios-2507
2508,MTR-IOS-2508,Business,Business,Business Operations,Legal,Expense,2026-08-10,16:49:26,2026-08-10 16:49:26,91362.97,INR,-91362.97,IOS Owner,,,MAESTRO-IOS-BUSINESS-BUSINESS_OPERATIONS-2508 | Legal | 91362.97,iPhone,B51,HIGH_2501_3000,CREATED,idem-20260902-ios-2508
2509,MTR-IOS-2509,Personal,Personal,Future Building,Emergency Fund,Transfer,2025-11-21,06:41:28,2025-11-21 06:41:28,1325.92,INR,0.0,IOS Owner,,,MAESTRO-IOS-PERSONAL-FUTURE_BUILDING-2509 | Emergency Fund | 1325.92,iPhone,B51,HIGH_2501_3000,CREATED,idem-20260902-ios-2509
2510,MTR-IOS-2510,Group,Shared Purchase,Gift Pool,Contribution,Contribution,2026-01-14,04:20:57,2026-01-14 04:20:57,25977.37,INR,25977.37,IOS Meera,3,EQUAL,MAESTRO-IOS-GROUP-GIFT_POOL-2510 | Contribution | 25977.37,iPhone,B51,HIGH_2501_3000,CREATED,idem-20260902-ios-2510
2511,MTR-IOS-2511,Business,Business,Business Operations,Accounting,Expense,2026-02-06,19:01:50,2026-02-06 19:01:50,46902.77,INR,-46902.77,IOS Owner,,,MAESTRO-IOS-BUSINESS-BUSINESS_OPERATIONS-2511 | Accounting | 46902.77,iPhone,B51,HIGH_2501_3000,CREATED,idem-20260902-ios-2511
2512,MTR-IOS-2512,Personal,Personal,Future Building,Investments,Investment,2025-11-14,14:27:20,2025-11-14 14:27:20,1748.92,INR,0.0,IOS Owner,,,MAESTRO-IOS-PERSONAL-FUTURE_BUILDING-2512 | Investments | 1748.92,iPhone,B51,HIGH_2501_3000,CREATED,idem-20260902-ios-2512
2513,MTR-IOS-2513,Group,Shared Purchase,Gift Pool,Gift Purchase,Expense,2026-07-31,02:25:03,2026-07-31 02:25:03,13659.13,INR,-13659.13,IOS Owner,3,PERCENTAGE,MAESTRO-IOS-GROUP-GIFT_POOL-2513 | Gift Purchase | 13659.13,iPhone,B51,HIGH_2501_3000,CREATED,idem-20260902-ios-2513
2514,MTR-IOS-2514,Business,Business,Business Operations,Equipment,Expense,2026-06-28,03:26:36,2026-06-28 03:26:36,36866.44,INR,-36866.44,IOS Owner,,,MAESTRO-IOS-BUSINESS-BUSINESS_OPERATIONS-2514 | Equipment | 36866.44,iPhone,B51,HIGH_2501_3000,CREATED,idem-20260902-ios-2514
2515,MTR-IOS-2515,Personal,Personal,Future Building,Education,Expense,2025-10-24,12:45:02,2025-10-24 12:45:02,4849.46,INR,-4849.46,IOS Owner,,,MAESTRO-IOS-PERSONAL-FUTURE_BUILDING-2515 | Education | 4849.46,iPhone,B51,HIGH_2501_3000,CREATED,idem-20260902-ios-2515
2516,MTR-IOS-2516,Group,Shared Purchase,Gift Pool,Delivery,Expense,2026-02-06,02:13:05,2026-02-06 02:13:05,99.99,INR,-99.99,IOS Aarav,3,EXACT,MAESTRO-IOS-GROUP-GIFT_POOL-2516 | Delivery | 99.99,iPhone,B51,HIGH_2501_3000,CREATED,idem-20260902-ios-2516
2517,MTR-IOS-2517,Business,Business,Business Operations,Vendor,Expense,2025-11-05,04:24:19,2025-11-05 04:24:19,43121.78,INR,-43121.78,IOS Owner,,,MAESTRO-IOS-BUSINESS-BUSINESS_OPERATIONS-2517 | Vendor | 43121.78,iPhone,B51,HIGH_2501_3000,CREATED,idem-20260902-ios-2517
2518,MTR-IOS-2518,Personal,Personal,Future Building,Goal Contribution,Transfer,2026-02-08,04:25:22,2026-02-08 04:25:22,13505.4,INR,0.0,IOS Owner,,,MAESTRO-IOS-PERSONAL-FUTURE_BUILDING-2518 | Goal Contribution | 13505.40,iPhone,B51,HIGH_2501_3000,CREATED,idem-20260902-ios-2518
2519,MTR-IOS-2519,Group,Shared Purchase,Gift Pool,Other,Expense,2026-07-15,06:15:51,2026-07-15 06:15:51,24074.48,INR,-24074.48,IOS Meera,3,SHARES,MAESTRO-IOS-GROUP-GIFT_POOL-2519 | Other | 24074.48,iPhone,B51,HIGH_2501_3000,CREATED,idem-20260902-ios-2519
2520,MTR-IOS-2520,Business,Business,Business Operations,Tax,Expense,2026-05-09,22:59:52,2026-05-09 22:59:52,88252.07,INR,-88252.07,IOS Owner,,,MAESTRO-IOS-BUSINESS-BUSINESS_OPERATIONS-2520 | Tax | 88252.07,iPhone,B51,HIGH_2501_3000,CREATED,idem-20260902-ios-2520
2521,MTR-IOS-2521,Personal,Personal,Lifestyle,Dining,Expense,2026-02-10,08:39:01,2026-02-10 08:39:01,4076.7,INR,-4076.7,IOS Owner,,,MAESTRO-IOS-PERSONAL-LIFESTYLE-2521 | Dining | 4076.70,iPhone,B51,HIGH_2501_3000,CREATED,idem-20260902-ios-2521
2522,MTR-IOS-2522,Group,Shared Purchase,Purchase,Item,Expense,2026-08-22,01:34:11,2026-08-22 01:34:11,14184.94,INR,-14184.94,IOS Owner,3,EQUAL,MAESTRO-IOS-GROUP-PURCHASE-2522 | Item | 14184.94,iPhone,B51,HIGH_2501_3000,CREATED,idem-20260902-ios-2522
2523,MTR-IOS-2523,Business,Business,Team Operations,Payroll,Expense,2026-05-22,21:40:29,2026-05-22 21:40:29,14295.08,INR,-14295.08,IOS Owner,,,MAESTRO-IOS-BUSINESS-TEAM_OPERATIONS-2523 | Payroll | 14295.08,iPhone,B51,HIGH_2501_3000,CREATED,idem-20260902-ios-2523
2524,MTR-IOS-2524,Personal,Personal,Lifestyle,Shopping,Expense,2026-02-02,14:38:30,2026-02-02 14:38:30,7719.63,INR,-7719.63,IOS Owner,,,MAESTRO-IOS-PERSONAL-LIFESTYLE-2524 | Shopping | 7719.63,iPhone,B51,HIGH_2501_3000,CREATED,idem-20260902-ios-2524
2525,MTR-IOS-2525,Group,Shared Purchase,Purchase,Shipping,Expense,2026-03-15,22:33:40,2026-03-15 22:33:40,22134.68,INR,-22134.68,IOS Aarav,3,PERCENTAGE,MAESTRO-IOS-GROUP-PURCHASE-2525 | Shipping | 22134.68,iPhone,B51,HIGH_2501_3000,CREATED,idem-20260902-ios-2525
2526,MTR-IOS-2526,Business,Business,Team Operations,Contractor,Expense,2026-07-08,11:00:58,2026-07-08 11:00:58,132426.96,INR,-132426.96,IOS Owner,,,MAESTRO-IOS-BUSINESS-TEAM_OPERATIONS-2526 | Contractor | 132426.96,iPhone,B51,HIGH_2501_3000,CREATED,idem-20260902-ios-2526
2527,MTR-IOS-2527,Personal,Personal,Lifestyle,Entertainment,Expense,2026-04-02,15:19:19,2026-04-02 15:19:19,13013.99,INR,-13013.99,IOS Owner,,,MAESTRO-IOS-PERSONAL-LIFESTYLE-2527 | Entertainment | 13013.99,iPhone,B51,HIGH_2501_3000,CREATED,idem-20260902-ios-2527
2528,MTR-IOS-2528,Group,Shared Purchase,Purchase,Tax,Expense,2026-07-03,15:28:47,2026-07-03 15:28:47,789.65,INR,-789.65,IOS Meera,3,EXACT,MAESTRO-IOS-GROUP-PURCHASE-2528 | Tax | 789.65,iPhone,B51,HIGH_2501_3000,CREATED,idem-20260902-ios-2528
2529,MTR-IOS-2529,Business,Business,Team Operations,Hiring,Expense,2026-06-28,22:59:18,2026-06-28 22:59:18,75952.88,INR,-75952.88,IOS Owner,,,MAESTRO-IOS-BUSINESS-TEAM_OPERATIONS-2529 | Hiring | 75952.88,iPhone,B51,HIGH_2501_3000,CREATED,idem-20260902-ios-2529
2530,MTR-IOS-2530,Personal,Personal,Lifestyle,Travel,Expense,2026-02-18,20:59:20,2026-02-18 20:59:20,258.24,INR,-258.24,IOS Owner,,,MAESTRO-IOS-PERSONAL-LIFESTYLE-2530 | Travel | 258.24,iPhone,B51,HIGH_2501_3000,CREATED,idem-20260902-ios-2530
2531,MTR-IOS-2531,Group,Shared Purchase,Purchase,Other,Expense,2025-12-06,23:54:36,2025-12-06 23:54:36,10636.98,INR,-10636.98,IOS Owner,3,SHARES,MAESTRO-IOS-GROUP-PURCHASE-2531 | Other | 10636.98,iPhone,B51,HIGH_2501_3000,CREATED,idem-20260902-ios-2531
2532,MTR-IOS-2532,Business,Business,Team Operations,Team Meal,Expense,2026-03-18,19:54:51,2026-03-18 19:54:51,103020.32,INR,-103020.32,IOS Owner,,,MAESTRO-IOS-BUSINESS-TEAM_OPERATIONS-2532 | Team Meal | 103020.32,iPhone,B51,HIGH_2501_3000,CREATED,idem-20260902-ios-2532
2533,MTR-IOS-2533,Personal,Personal,Lifestyle,Fitness,Expense,2025-12-25,11:52:20,2025-12-25 11:52:20,11553.76,INR,-11553.76,IOS Owner,,,MAESTRO-IOS-PERSONAL-LIFESTYLE-2533 | Fitness | 11553.76,iPhone,B51,HIGH_2501_3000,CREATED,idem-20260902-ios-2533
2534,MTR-IOS-2534,Group,Shared Purchase,Assets,Purchase,Expense,2026-01-27,23:12:31,2026-01-27 23:12:31,24199.2,INR,-24199.2,IOS Aarav,3,EQUAL,MAESTRO-IOS-GROUP-ASSETS-2534 | Purchase | 24199.20,iPhone,B51,HIGH_2501_3000,CREATED,idem-20260902-ios-2534
2535,MTR-IOS-2535,Business,Business,Team Operations,Travel,Expense,2025-09-23,00:02:41,2025-09-23 00:02:41,32294.09,INR,-32294.09,IOS Owner,,,MAESTRO-IOS-BUSINESS-TEAM_OPERATIONS-2535 | Travel | 32294.09,iPhone,B51,HIGH_2501_3000,CREATED,idem-20260902-ios-2535
2536,MTR-IOS-2536,Personal,Personal,Lifestyle,Hobbies,Expense,2025-11-14,14:17:40,2025-11-14 14:17:40,6643.04,INR,-6643.04,IOS Owner,,,MAESTRO-IOS-PERSONAL-LIFESTYLE-2536 | Hobbies | 6643.04,iPhone,B51,HIGH_2501_3000,CREATED,idem-20260902-ios-2536
2537,MTR-IOS-2537,Group,Shared Purchase,Assets,Maintenance,Expense,2026-02-06,11:04:29,2026-02-06 11:04:29,15226.97,INR,-15226.97,IOS Meera,3,PERCENTAGE,MAESTRO-IOS-GROUP-ASSETS-2537 | Maintenance | 15226.97,iPhone,B51,HIGH_2501_3000,CREATED,idem-20260902-ios-2537
2538,MTR-IOS-2538,Business,Business,Team Operations,Training,Expense,2026-01-18,13:20:37,2026-01-18 13:20:37,153354.98,INR,-153354.98,IOS Owner,,,MAESTRO-IOS-BUSINESS-TEAM_OPERATIONS-2538 | Training | 153354.98,iPhone,B51,HIGH_2501_3000,CREATED,idem-20260902-ios-2538
2539,MTR-IOS-2539,Personal,Personal,Relationships,Gifts,Expense,2026-03-11,22:44:43,2026-03-11 22:44:43,5020.71,INR,-5020.71,IOS Owner,,,MAESTRO-IOS-PERSONAL-RELATIONSHIPS-2539 | Gifts | 5020.71,iPhone,B51,HIGH_2501_3000,CREATED,idem-20260902-ios-2539
2540,MTR-IOS-2540,Group,Shared Purchase,Assets,Repair,Expense,2026-08-12,01:25:36,2026-08-12 01:25:36,695.47,INR,-695.47,IOS Owner,3,EXACT,MAESTRO-IOS-GROUP-ASSETS-2540 | Repair | 695.47,iPhone,B51,HIGH_2501_3000,CREATED,idem-20260902-ios-2540
2541,MTR-IOS-2541,Business,Business,Team Operations,Tools,Expense,2025-10-06,20:23:24,2025-10-06 20:23:24,136503.06,INR,-136503.06,IOS Owner,,,MAESTRO-IOS-BUSINESS-TEAM_OPERATIONS-2541 | Tools | 136503.06,iPhone,B51,HIGH_2501_3000,CREATED,idem-20260902-ios-2541
2542,MTR-IOS-2542,Personal,Personal,Relationships,Dates,Expense,2026-03-13,23:52:54,2026-03-13 23:52:54,12765.5,INR,-12765.5,IOS Owner,,,MAESTRO-IOS-PERSONAL-RELATIONSHIPS-2542 | Dates | 12765.50,iPhone,B51,HIGH_2501_3000,CREATED,idem-20260902-ios-2542
2543,MTR-IOS-2543,Group,Shared Purchase,Assets,Insurance,Expense,2026-06-25,03:41:37,2026-06-25 03:41:37,20736.95,INR,-20736.95,IOS Aarav,3,SHARES,MAESTRO-IOS-GROUP-ASSETS-2543 | Insurance | 20736.95,iPhone,B51,HIGH_2501_3000,CREATED,idem-20260902-ios-2543
2544,MTR-IOS-2544,Business,Business,Business Runway,Funding,Income,2026-04-29,07:16:10,2026-04-29 07:16:10,45270.05,INR,45270.05,IOS Owner,,,MAESTRO-IOS-BUSINESS-BUSINESS_RUNWAY-2544 | Funding | 45270.05,iPhone,B51,HIGH_2501_3000,CREATED,idem-20260902-ios-2544
2545,MTR-IOS-2545,Personal,Personal,Relationships,Family,Expense,2026-04-22,15:21:56,2026-04-22 15:21:56,326.22,INR,-326.22,IOS Owner,,,MAESTRO-IOS-PERSONAL-RELATIONSHIPS-2545 | Family | 326.22,iPhone,B51,HIGH_2501_3000,CREATED,idem-20260902-ios-2545
2546,MTR-IOS-2546,Group,Shared Purchase,Assets,Other,Expense,2025-09-20,17:00:44,2025-09-20 17:00:44,19154.54,INR,-19154.54,IOS Meera,3,EQUAL,MAESTRO-IOS-GROUP-ASSETS-2546 | Other | 19154.54,iPhone,B51,HIGH_2501_3000,CREATED,idem-20260902-ios-2546
2547,MTR-IOS-2547,Business,Business,Business Runway,Revenue,Income,2025-09-10,09:25:03,2025-09-10 09:25:03,29997.61,INR,29997.61,IOS Owner,,,MAESTRO-IOS-BUSINESS-BUSINESS_RUNWAY-2547 | Revenue | 29997.61,iPhone,B51,HIGH_2501_3000,CREATED,idem-20260902-ios-2547
2548,MTR-IOS-2548,Personal,Personal,Relationships,Friends,Expense,2026-08-25,10:41:56,2026-08-25 10:41:56,13439.18,INR,-13439.18,IOS Owner,,,MAESTRO-IOS-PERSONAL-RELATIONSHIPS-2548 | Friends | 13439.18,iPhone,B51,HIGH_2501_3000,CREATED,idem-20260902-ios-2548
2549,MTR-IOS-2549,Group,Shared Purchase,Custom Purchase,Custom Expense,Expense,2026-03-23,19:21:58,2026-03-23 19:21:58,21739.38,INR,-21739.38,IOS Owner,3,PERCENTAGE,MAESTRO-IOS-GROUP-CUSTOM_PURCHASE-2549 | Custom Expense | 21739.38,iPhone,B51,HIGH_2501_3000,CREATED,idem-20260902-ios-2549
2550,MTR-IOS-2550,Business,Business,Business Runway,Burn,Expense,2026-07-06,11:13:26,2026-07-06 11:13:26,60201.27,INR,-60201.27,IOS Owner,,,MAESTRO-IOS-BUSINESS-BUSINESS_RUNWAY-2550 | Burn | 60201.27,iPhone,B51,HIGH_2501_3000,CREATED,idem-20260902-ios-2550
2551,MTR-IOS-2551,Personal,Personal,Relationships,Celebrations,Expense,2026-07-23,08:13:01,2026-07-23 08:13:01,11182.97,INR,-11182.97,IOS Owner,,,MAESTRO-IOS-PERSONAL-RELATIONSHIPS-2551 | Celebrations | 11182.97,iPhone,B52,HIGH_2501_3000,CREATED,idem-20260902-ios-2551
2552,MTR-IOS-2552,Group,Shared Purchase,Custom Purchase,Custom Contribution,Contribution,2026-02-27,22:24:32,2026-02-27 22:24:32,17484.85,INR,17484.85,IOS Aarav,3,EXACT,MAESTRO-IOS-GROUP-CUSTOM_PURCHASE-2552 | Custom Contribution | 17484.85,iPhone,B52,HIGH_2501_3000,CREATED,idem-20260902-ios-2552
2553,MTR-IOS-2553,Business,Business,Business Runway,Reserve,Transfer,2026-04-08,19:09:45,2026-04-08 19:09:45,100.0,INR,0.0,IOS Owner,,,MAESTRO-IOS-BUSINESS-BUSINESS_RUNWAY-2553 | Reserve | 100.00,iPhone,B52,HIGH_2501_3000,CREATED,idem-20260902-ios-2553
2554,MTR-IOS-2554,Personal,Personal,Life Operations,Groceries,Expense,2026-08-01,02:58:21,2026-08-01 02:58:21,2127.85,INR,-2127.85,IOS Owner,,,MAESTRO-IOS-PERSONAL-LIFE_OPERATIONS-2554 | Groceries | 2127.85,iPhone,B52,HIGH_2501_3000,CREATED,idem-20260902-ios-2554
2555,MTR-IOS-2555,Group,Shared Living,Flatmates,Rent,Expense,2025-10-04,01:10:32,2025-10-04 01:10:32,19697.66,INR,-19697.66,IOS Meera,3,SHARES,MAESTRO-IOS-GROUP-FLATMATES-2555 | Rent | 19697.66,iPhone,B52,HIGH_2501_3000,CREATED,idem-20260902-ios-2555
2556,MTR-IOS-2556,Business,Business,Business Runway,Loan,Income,2026-03-09,08:21:29,2026-03-09 08:21:29,149737.37,INR,149737.37,IOS Owner,,,MAESTRO-IOS-BUSINESS-BUSINESS_RUNWAY-2556 | Loan | 149737.37,iPhone,B52,HIGH_2501_3000,CREATED,idem-20260902-ios-2556
2557,MTR-IOS-2557,Personal,Personal,Life Operations,Rent,Expense,2025-10-28,12:37:52,2025-10-28 12:37:52,16020.14,INR,-16020.14,IOS Owner,,,MAESTRO-IOS-PERSONAL-LIFE_OPERATIONS-2557 | Rent | 16020.14,iPhone,B52,HIGH_2501_3000,CREATED,idem-20260902-ios-2557
2558,MTR-IOS-2558,Group,Shared Living,Flatmates,Utilities,Expense,2026-04-06,15:12:23,2026-04-06 15:12:23,3806.71,INR,-3806.71,IOS Owner,3,EQUAL,MAESTRO-IOS-GROUP-FLATMATES-2558 | Utilities | 3806.71,iPhone,B52,HIGH_2501_3000,CREATED,idem-20260902-ios-2558
2559,MTR-IOS-2559,Business,Business,Business Runway,Investment,Income,2025-09-15,14:00:16,2025-09-15 14:00:16,68481.49,INR,68481.49,IOS Owner,,,MAESTRO-IOS-BUSINESS-BUSINESS_RUNWAY-2559 | Investment | 68481.49,iPhone,B52,HIGH_2501_3000,CREATED,idem-20260902-ios-2559
2560,MTR-IOS-2560,Personal,Personal,Life Operations,Bills,Expense,2026-08-15,23:14:26,2026-08-15 23:14:26,11775.7,INR,-11775.7,IOS Owner,,,MAESTRO-IOS-PERSONAL-LIFE_OPERATIONS-2560 | Bills | 11775.70,iPhone,B52,HIGH_2501_3000,CREATED,idem-20260902-ios-2560
2561,MTR-IOS-2561,Group,Shared Living,Flatmates,Groceries,Expense,2025-09-15,17:38:00,2025-09-15 17:38:00,22006.07,INR,-22006.07,IOS Aarav,3,PERCENTAGE,MAESTRO-IOS-GROUP-FLATMATES-2561 | Groceries | 22006.07,iPhone,B52,HIGH_2501_3000,CREATED,idem-20260902-ios-2561
2562,MTR-IOS-2562,Business,Business,Business Operations,Software,Expense,2025-09-20,07:17:14,2025-09-20 07:17:14,105169.96,INR,-105169.96,IOS Owner,,,MAESTRO-IOS-BUSINESS-BUSINESS_OPERATIONS-2562 | Software | 105169.96,iPhone,B52,HIGH_2501_3000,CREATED,idem-20260902-ios-2562
2563,MTR-IOS-2563,Personal,Personal,Life Operations,Transport,Expense,2026-05-25,17:52:14,2026-05-25 17:52:14,374.52,INR,-374.52,IOS Owner,,,MAESTRO-IOS-PERSONAL-LIFE_OPERATIONS-2563 | Transport | 374.52,iPhone,B52,HIGH_2501_3000,CREATED,idem-20260902-ios-2563
2564,MTR-IOS-2564,Group,Shared Living,Flatmates,Internet,Expense,2026-01-22,18:19:56,2026-01-22 18:19:56,15713.27,INR,-15713.27,IOS Meera,3,EXACT,MAESTRO-IOS-GROUP-FLATMATES-2564 | Internet | 15713.27,iPhone,B52,HIGH_2501_3000,CREATED,idem-20260902-ios-2564
2565,MTR-IOS-2565,Business,Business,Business Operations,Rent,Expense,2026-04-29,09:45:33,2026-04-29 09:45:33,115150.86,INR,-115150.86,IOS Owner,,,MAESTRO-IOS-BUSINESS-BUSINESS_OPERATIONS-2565 | Rent | 115150.86,iPhone,B52,HIGH_2501_3000,CREATED,idem-20260902-ios-2565
2566,MTR-IOS-2566,Personal,Personal,Life Operations,Healthcare,Expense,2026-02-10,23:32:44,2026-02-10 23:32:44,2480.86,INR,-2480.86,IOS Owner,,,MAESTRO-IOS-PERSONAL-LIFE_OPERATIONS-2566 | Healthcare | 2480.86,iPhone,B52,HIGH_2501_3000,CREATED,idem-20260902-ios-2566
2567,MTR-IOS-2567,Group,Shared Living,Flatmates,House Supplies,Expense,2026-08-29,00:38:38,2026-08-29 00:38:38,24829.37,INR,-24829.37,IOS Owner,3,SHARES,MAESTRO-IOS-GROUP-FLATMATES-2567 | House Supplies | 24829.37,iPhone,B52,HIGH_2501_3000,CREATED,idem-20260902-ios-2567
2568,MTR-IOS-2568,Business,Business,Business Operations,Marketing,Expense,2026-02-21,09:02:27,2026-02-21 09:02:27,116091.1,INR,-116091.1,IOS Owner,,,MAESTRO-IOS-BUSINESS-BUSINESS_OPERATIONS-2568 | Marketing | 116091.10,iPhone,B52,HIGH_2501_3000,CREATED,idem-20260902-ios-2568
2569,MTR-IOS-2569,Personal,Personal,Life Operations,Subscriptions,Expense,2025-12-31,20:40:18,2025-12-31 20:40:18,10537.5,INR,-10537.5,IOS Owner,,,MAESTRO-IOS-PERSONAL-LIFE_OPERATIONS-2569 | Subscriptions | 10537.50,iPhone,B52,HIGH_2501_3000,CREATED,idem-20260902-ios-2569
2570,MTR-IOS-2570,Group,Shared Living,Flatmates,Repairs,Expense,2026-01-03,20:37:12,2026-01-03 20:37:12,21512.65,INR,-21512.65,IOS Aarav,3,EQUAL,MAESTRO-IOS-GROUP-FLATMATES-2570 | Repairs | 21512.65,iPhone,B52,HIGH_2501_3000,CREATED,idem-20260902-ios-2570
2571,MTR-IOS-2571,Business,Business,Business Operations,Legal,Expense,2026-06-14,00:31:05,2026-06-14 00:31:05,65339.59,INR,-65339.59,IOS Owner,,,MAESTRO-IOS-BUSINESS-BUSINESS_OPERATIONS-2571 | Legal | 65339.59,iPhone,B52,HIGH_2501_3000,CREATED,idem-20260902-ios-2571
2572,MTR-IOS-2572,Personal,Personal,Life Operations,Repairs,Expense,2025-12-23,02:29:41,2025-12-23 02:29:41,4163.24,INR,-4163.24,IOS Owner,,,MAESTRO-IOS-PERSONAL-LIFE_OPERATIONS-2572 | Repairs | 4163.24,iPhone,B52,HIGH_2501_3000,CREATED,idem-20260902-ios-2572
2573,MTR-IOS-2573,Group,Shared Living,Shared Living,Rent,Expense,2025-10-17,03:35:49,2025-10-17 03:35:49,4262.82,INR,-4262.82,IOS Meera,3,PERCENTAGE,MAESTRO-IOS-GROUP-SHARED_LIVING-2573 | Rent | 4262.82,iPhone,B52,HIGH_2501_3000,CREATED,idem-20260902-ios-2573
2574,MTR-IOS-2574,Business,Business,Business Operations,Accounting,Expense,2026-01-15,09:17:29,2026-01-15 09:17:29,43857.68,INR,-43857.68,IOS Owner,,,MAESTRO-IOS-BUSINESS-BUSINESS_OPERATIONS-2574 | Accounting | 43857.68,iPhone,B52,HIGH_2501_3000,CREATED,idem-20260902-ios-2574
2575,MTR-IOS-2575,Personal,Personal,Future Building,Savings,Transfer,2026-04-28,21:53:50,2026-04-28 21:53:50,360.75,INR,0.0,IOS Owner,,,MAESTRO-IOS-PERSONAL-FUTURE_BUILDING-2575 | Savings | 360.75,iPhone,B52,HIGH_2501_3000,CREATED,idem-20260902-ios-2575
2576,MTR-IOS-2576,Group,Shared Living,Shared Living,Utilities,Expense,2026-08-09,03:48:45,2026-08-09 03:48:45,12296.71,INR,-12296.71,IOS Owner,3,EXACT,MAESTRO-IOS-GROUP-SHARED_LIVING-2576 | Utilities | 12296.71,iPhone,B52,HIGH_2501_3000,CREATED,idem-20260902-ios-2576
2577,MTR-IOS-2577,Business,Business,Business Operations,Equipment,Expense,2025-10-18,08:09:53,2025-10-18 08:09:53,59560.26,INR,-59560.26,IOS Owner,,,MAESTRO-IOS-BUSINESS-BUSINESS_OPERATIONS-2577 | Equipment | 59560.26,iPhone,B52,HIGH_2501_3000,CREATED,idem-20260902-ios-2577
2578,MTR-IOS-2578,Personal,Personal,Future Building,Emergency Fund,Transfer,2026-02-11,22:42:46,2026-02-11 22:42:46,11345.28,INR,0.0,IOS Owner,,,MAESTRO-IOS-PERSONAL-FUTURE_BUILDING-2578 | Emergency Fund | 11345.28,iPhone,B52,HIGH_2501_3000,CREATED,idem-20260902-ios-2578
2579,MTR-IOS-2579,Group,Shared Living,Shared Living,Groceries,Expense,2026-02-19,11:54:50,2026-02-19 11:54:50,8518.3,INR,-8518.3,IOS Aarav,3,SHARES,MAESTRO-IOS-GROUP-SHARED_LIVING-2579 | Groceries | 8518.30,iPhone,B52,HIGH_2501_3000,CREATED,idem-20260902-ios-2579
2580,MTR-IOS-2580,Business,Business,Business Operations,Vendor,Expense,2026-03-07,00:42:40,2026-03-07 00:42:40,19972.33,INR,-19972.33,IOS Owner,,,MAESTRO-IOS-BUSINESS-BUSINESS_OPERATIONS-2580 | Vendor | 19972.33,iPhone,B52,HIGH_2501_3000,CREATED,idem-20260902-ios-2580
2581,MTR-IOS-2581,Personal,Personal,Future Building,Investments,Investment,2026-02-27,15:33:59,2026-02-27 15:33:59,14914.33,INR,0.0,IOS Owner,,,MAESTRO-IOS-PERSONAL-FUTURE_BUILDING-2581 | Investments | 14914.33,iPhone,B52,HIGH_2501_3000,CREATED,idem-20260902-ios-2581
2582,MTR-IOS-2582,Group,Shared Living,Shared Living,Maintenance,Expense,2026-01-29,06:16:13,2026-01-29 06:16:13,2596.18,INR,-2596.18,IOS Meera,3,EQUAL,MAESTRO-IOS-GROUP-SHARED_LIVING-2582 | Maintenance | 2596.18,iPhone,B52,HIGH_2501_3000,CREATED,idem-20260902-ios-2582
2583,MTR-IOS-2583,Business,Business,Business Operations,Tax,Expense,2026-02-23,16:13:46,2026-02-23 16:13:46,136352.42,INR,-136352.42,IOS Owner,,,MAESTRO-IOS-BUSINESS-BUSINESS_OPERATIONS-2583 | Tax | 136352.42,iPhone,B52,HIGH_2501_3000,CREATED,idem-20260902-ios-2583
2584,MTR-IOS-2584,Personal,Personal,Future Building,Education,Expense,2026-05-14,22:41:54,2026-05-14 22:41:54,11867.59,INR,-11867.59,IOS Owner,,,MAESTRO-IOS-PERSONAL-FUTURE_BUILDING-2584 | Education | 11867.59,iPhone,B52,HIGH_2501_3000,CREATED,idem-20260902-ios-2584
2585,MTR-IOS-2585,Group,Shared Living,Shared Living,Other,Expense,2026-05-14,20:56:41,2026-05-14 20:56:41,20821.38,INR,-20821.38,IOS Owner,3,PERCENTAGE,MAESTRO-IOS-GROUP-SHARED_LIVING-2585 | Other | 20821.38,iPhone,B52,HIGH_2501_3000,CREATED,idem-20260902-ios-2585
2586,MTR-IOS-2586,Business,Business,Team Operations,Payroll,Expense,2026-04-21,17:27:00,2026-04-21 17:27:00,127445.51,INR,-127445.51,IOS Owner,,,MAESTRO-IOS-BUSINESS-TEAM_OPERATIONS-2586 | Payroll | 127445.51,iPhone,B52,HIGH_2501_3000,CREATED,idem-20260902-ios-2586
2587,MTR-IOS-2587,Personal,Personal,Future Building,Goal Contribution,Transfer,2026-01-24,11:26:34,2026-01-24 11:26:34,13685.89,INR,0.0,IOS Owner,,,MAESTRO-IOS-PERSONAL-FUTURE_BUILDING-2587 | Goal Contribution | 13685.89,iPhone,B52,HIGH_2501_3000,CREATED,idem-20260902-ios-2587
2588,MTR-IOS-2588,Group,Shared Living,Family Household,Utilities,Expense,2025-11-25,01:45:23,2025-11-25 01:45:23,17536.55,INR,-17536.55,IOS Aarav,3,EXACT,MAESTRO-IOS-GROUP-FAMILY_HOUSEHOLD-2588 | Utilities | 17536.55,iPhone,B52,HIGH_2501_3000,CREATED,idem-20260902-ios-2588
2589,MTR-IOS-2589,Business,Business,Team Operations,Contractor,Expense,2025-12-20,14:18:26,2025-12-20 14:18:26,93585.93,INR,-93585.93,IOS Owner,,,MAESTRO-IOS-BUSINESS-TEAM_OPERATIONS-2589 | Contractor | 93585.93,iPhone,B52,HIGH_2501_3000,CREATED,idem-20260902-ios-2589
2590,MTR-IOS-2590,Personal,Personal,Lifestyle,Dining,Expense,2026-06-27,22:40:53,2026-06-27 22:40:53,999.99,INR,-999.99,IOS Owner,,,MAESTRO-IOS-PERSONAL-LIFESTYLE-2590 | Dining | 999.99,iPhone,B52,HIGH_2501_3000,CREATED,idem-20260902-ios-2590
2591,MTR-IOS-2591,Group,Shared Living,Family Household,Healthcare,Expense,2025-12-08,17:18:34,2025-12-08 17:18:34,11053.35,INR,-11053.35,IOS Meera,3,SHARES,MAESTRO-IOS-GROUP-FAMILY_HOUSEHOLD-2591 | Healthcare | 11053.35,iPhone,B52,HIGH_2501_3000,CREATED,idem-20260902-ios-2591
2592,MTR-IOS-2592,Business,Business,Team Operations,Hiring,Expense,2025-11-10,10:48:37,2025-11-10 10:48:37,149098.68,INR,-149098.68,IOS Owner,,,MAESTRO-IOS-BUSINESS-TEAM_OPERATIONS-2592 | Hiring | 149098.68,iPhone,B52,HIGH_2501_3000,CREATED,idem-20260902-ios-2592
2593,MTR-IOS-2593,Personal,Personal,Lifestyle,Shopping,Expense,2025-10-04,15:16:48,2025-10-04 15:16:48,12218.26,INR,-12218.26,IOS Owner,,,MAESTRO-IOS-PERSONAL-LIFESTYLE-2593 | Shopping | 12218.26,iPhone,B52,HIGH_2501_3000,CREATED,idem-20260902-ios-2593
2594,MTR-IOS-2594,Group,Shared Living,Family Household,School,Expense,2025-09-27,00:03:58,2025-09-27 00:03:58,25469.31,INR,-25469.31,IOS Owner,3,EQUAL,MAESTRO-IOS-GROUP-FAMILY_HOUSEHOLD-2594 | School | 25469.31,iPhone,B52,HIGH_2501_3000,CREATED,idem-20260902-ios-2594
2595,MTR-IOS-2595,Business,Business,Team Operations,Team Meal,Expense,2026-01-26,06:00:05,2026-01-26 06:00:05,108976.48,INR,-108976.48,IOS Owner,,,MAESTRO-IOS-BUSINESS-TEAM_OPERATIONS-2595 | Team Meal | 108976.48,iPhone,B52,HIGH_2501_3000,CREATED,idem-20260902-ios-2595
2596,MTR-IOS-2596,Personal,Personal,Lifestyle,Entertainment,Expense,2026-01-10,15:51:37,2026-01-10 15:51:37,17439.15,INR,-17439.15,IOS Owner,,,MAESTRO-IOS-PERSONAL-LIFESTYLE-2596 | Entertainment | 17439.15,iPhone,B52,HIGH_2501_3000,CREATED,idem-20260902-ios-2596
2597,MTR-IOS-2597,Group,Shared Living,Family Household,Other,Expense,2026-04-27,05:02:14,2026-04-27 05:02:14,18455.93,INR,-18455.93,IOS Aarav,3,PERCENTAGE,MAESTRO-IOS-GROUP-FAMILY_HOUSEHOLD-2597 | Other | 18455.93,iPhone,B52,HIGH_2501_3000,CREATED,idem-20260902-ios-2597
2598,MTR-IOS-2598,Business,Business,Team Operations,Travel,Expense,2026-03-08,02:49:39,2026-03-08 02:49:39,22931.56,INR,-22931.56,IOS Owner,,,MAESTRO-IOS-BUSINESS-TEAM_OPERATIONS-2598 | Travel | 22931.56,iPhone,B52,HIGH_2501_3000,CREATED,idem-20260902-ios-2598
2599,MTR-IOS-2599,Personal,Personal,Lifestyle,Travel,Expense,2026-03-13,11:07:15,2026-03-13 11:07:15,332.69,INR,-332.69,IOS Owner,,,MAESTRO-IOS-PERSONAL-LIFESTYLE-2599 | Travel | 332.69,iPhone,B52,HIGH_2501_3000,CREATED,idem-20260902-ios-2599
2600,MTR-IOS-2600,Group,Shared Living,Family Household,Rent,Expense,2026-06-14,09:16:30,2026-06-14 09:16:30,6947.85,INR,-6947.85,IOS Meera,3,EXACT,MAESTRO-IOS-GROUP-FAMILY_HOUSEHOLD-2600 | Rent | 6947.85,iPhone,B52,HIGH_2501_3000,CREATED,idem-20260902-ios-2600
2601,MTR-IOS-2601,Business,Business,Team Operations,Training,Expense,2026-08-08,10:38:56,2026-08-08 10:38:56,119824.15,INR,-119824.15,IOS Owner,,,MAESTRO-IOS-BUSINESS-TEAM_OPERATIONS-2601 | Training | 119824.15,iPhone,B53,HIGH_2501_3000,CREATED,idem-20260902-ios-2601
2602,MTR-IOS-2602,Personal,Personal,Lifestyle,Fitness,Expense,2026-08-28,22:39:08,2026-08-28 22:39:08,2925.53,INR,-2925.53,IOS Owner,,,MAESTRO-IOS-PERSONAL-LIFESTYLE-2602 | Fitness | 2925.53,iPhone,B53,HIGH_2501_3000,CREATED,idem-20260902-ios-2602
2603,MTR-IOS-2603,Group,Shared Living,Family Household,Groceries,Expense,2025-11-28,21:51:36,2025-11-28 21:51:36,11586.76,INR,-11586.76,IOS Owner,3,SHARES,MAESTRO-IOS-GROUP-FAMILY_HOUSEHOLD-2603 | Groceries | 11586.76,iPhone,B53,HIGH_2501_3000,CREATED,idem-20260902-ios-2603
2604,MTR-IOS-2604,Business,Business,Team Operations,Tools,Expense,2026-05-22,14:12:23,2026-05-22 14:12:23,24418.15,INR,-24418.15,IOS Owner,,,MAESTRO-IOS-BUSINESS-TEAM_OPERATIONS-2604 | Tools | 24418.15,iPhone,B53,HIGH_2501_3000,CREATED,idem-20260902-ios-2604
2605,MTR-IOS-2605,Personal,Personal,Lifestyle,Hobbies,Expense,2025-10-05,20:06:54,2025-10-05 20:06:54,16896.19,INR,-16896.19,IOS Owner,,,MAESTRO-IOS-PERSONAL-LIFESTYLE-2605 | Hobbies | 16896.19,iPhone,B53,HIGH_2501_3000,CREATED,idem-20260902-ios-2605
2606,MTR-IOS-2606,Group,Shared Living,Custom Living,Custom Expense,Expense,2026-02-22,05:16:45,2026-02-22 05:16:45,13223.93,INR,-13223.93,IOS Aarav,3,EQUAL,MAESTRO-IOS-GROUP-CUSTOM_LIVING-2606 | Custom Expense | 13223.93,iPhone,B53,HIGH_2501_3000,CREATED,idem-20260902-ios-2606
2607,MTR-IOS-2607,Business,Business,Business Runway,Funding,Income,2026-04-04,13:26:30,2026-04-04 13:26:30,126554.69,INR,126554.69,IOS Owner,,,MAESTRO-IOS-BUSINESS-BUSINESS_RUNWAY-2607 | Funding | 126554.69,iPhone,B53,HIGH_2501_3000,CREATED,idem-20260902-ios-2607
2608,MTR-IOS-2608,Personal,Personal,Relationships,Gifts,Expense,2026-05-14,23:19:15,2026-05-14 23:19:15,3799.47,INR,-3799.47,IOS Owner,,,MAESTRO-IOS-PERSONAL-RELATIONSHIPS-2608 | Gifts | 3799.47,iPhone,B53,HIGH_2501_3000,CREATED,idem-20260902-ios-2608
2609,MTR-IOS-2609,Group,Shared Living,Custom Living,Custom Contribution,Contribution,2026-03-30,16:36:13,2026-03-30 16:36:13,4718.58,INR,4718.58,IOS Meera,3,PERCENTAGE,MAESTRO-IOS-GROUP-CUSTOM_LIVING-2609 | Custom Contribution | 4718.58,iPhone,B53,HIGH_2501_3000,CREATED,idem-20260902-ios-2609
2610,MTR-IOS-2610,Business,Business,Business Runway,Revenue,Income,2026-06-12,18:19:22,2026-06-12 18:19:22,11474.63,INR,11474.63,IOS Owner,,,MAESTRO-IOS-BUSINESS-BUSINESS_RUNWAY-2610 | Revenue | 11474.63,iPhone,B53,HIGH_2501_3000,CREATED,idem-20260902-ios-2610
2611,MTR-IOS-2611,Personal,Personal,Relationships,Dates,Expense,2026-06-19,10:12:32,2026-06-19 10:12:32,896.18,INR,-896.18,IOS Owner,,,MAESTRO-IOS-PERSONAL-RELATIONSHIPS-2611 | Dates | 896.18,iPhone,B53,HIGH_2501_3000,CREATED,idem-20260902-ios-2611
2612,MTR-IOS-2612,Group,Shared Experience,Trip,Travel,Expense,2025-10-18,06:19:17,2025-10-18 06:19:17,15724.66,INR,-15724.66,IOS Owner,3,EXACT,MAESTRO-IOS-GROUP-TRIP-2612 | Travel | 15724.66,iPhone,B53,HIGH_2501_3000,CREATED,idem-20260902-ios-2612
2613,MTR-IOS-2613,Business,Business,Business Runway,Burn,Expense,2026-01-27,20:22:01,2026-01-27 20:22:01,78319.1,INR,-78319.1,IOS Owner,,,MAESTRO-IOS-BUSINESS-BUSINESS_RUNWAY-2613 | Burn | 78319.10,iPhone,B53,HIGH_2501_3000,CREATED,idem-20260902-ios-2613
2614,MTR-IOS-2614,Personal,Personal,Relationships,Family,Expense,2026-07-29,12:17:38,2026-07-29 12:17:38,3090.07,INR,-3090.07,IOS Owner,,,MAESTRO-IOS-PERSONAL-RELATIONSHIPS-2614 | Family | 3090.07,iPhone,B53,HIGH_2501_3000,CREATED,idem-20260902-ios-2614
2615,MTR-IOS-2615,Group,Shared Experience,Trip,Stay,Expense,2025-12-05,05:29:27,2025-12-05 05:29:27,5423.7,INR,-5423.7,IOS Aarav,3,SHARES,MAESTRO-IOS-GROUP-TRIP-2615 | Stay | 5423.70,iPhone,B53,HIGH_2501_3000,CREATED,idem-20260902-ios-2615
2616,MTR-IOS-2616,Business,Business,Business Runway,Reserve,Transfer,2026-06-10,15:55:44,2026-06-10 15:55:44,563.86,INR,0.0,IOS Owner,,,MAESTRO-IOS-BUSINESS-BUSINESS_RUNWAY-2616 | Reserve | 563.86,iPhone,B53,HIGH_2501_3000,CREATED,idem-20260902-ios-2616
2617,MTR-IOS-2617,Personal,Personal,Relationships,Friends,Expense,2026-03-23,02:42:52,2026-03-23 02:42:52,11073.18,INR,-11073.18,IOS Owner,,,MAESTRO-IOS-PERSONAL-RELATIONSHIPS-2617 | Friends | 11073.18,iPhone,B53,HIGH_2501_3000,CREATED,idem-20260902-ios-2617
2618,MTR-IOS-2618,Group,Shared Experience,Trip,Food,Expense,2025-11-11,18:15:29,2025-11-11 18:15:29,8221.03,INR,-8221.03,IOS Meera,3,EQUAL,MAESTRO-IOS-GROUP-TRIP-2618 | Food | 8221.03,iPhone,B53,HIGH_2501_3000,CREATED,idem-20260902-ios-2618
2619,MTR-IOS-2619,Business,Business,Business Runway,Loan,Income,2025-10-25,13:40:11,2025-10-25 13:40:11,120015.85,INR,120015.85,IOS Owner,,,MAESTRO-IOS-BUSINESS-BUSINESS_RUNWAY-2619 | Loan | 120015.85,iPhone,B53,HIGH_2501_3000,CREATED,idem-20260902-ios-2619
2620,MTR-IOS-2620,Personal,Personal,Relationships,Celebrations,Expense,2026-05-26,01:15:56,2026-05-26 01:15:56,14553.89,INR,-14553.89,IOS Owner,,,MAESTRO-IOS-PERSONAL-RELATIONSHIPS-2620 | Celebrations | 14553.89,iPhone,B53,HIGH_2501_3000,CREATED,idem-20260902-ios-2620
2621,MTR-IOS-2621,Group,Shared Experience,Trip,Local Transport,Expense,2026-08-18,21:56:51,2026-08-18 21:56:51,25279.74,INR,-25279.74,IOS Owner,3,PERCENTAGE,MAESTRO-IOS-GROUP-TRIP-2621 | Local Transport | 25279.74,iPhone,B53,HIGH_2501_3000,CREATED,idem-20260902-ios-2621
2622,MTR-IOS-2622,Business,Business,Business Runway,Investment,Income,2026-07-08,14:43:12,2026-07-08 14:43:12,47086.45,INR,47086.45,IOS Owner,,,MAESTRO-IOS-BUSINESS-BUSINESS_RUNWAY-2622 | Investment | 47086.45,iPhone,B53,HIGH_2501_3000,CREATED,idem-20260902-ios-2622
2623,MTR-IOS-2623,Personal,Personal,Life Operations,Groceries,Expense,2026-05-02,01:27:18,2026-05-02 01:27:18,6855.58,INR,-6855.58,IOS Owner,,,MAESTRO-IOS-PERSONAL-LIFE_OPERATIONS-2623 | Groceries | 6855.58,iPhone,B53,HIGH_2501_3000,CREATED,idem-20260902-ios-2623
2624,MTR-IOS-2624,Group,Shared Experience,Trip,Activities,Expense,2026-02-15,16:24:45,2026-02-15 16:24:45,11599.16,INR,-11599.16,IOS Aarav,3,EXACT,MAESTRO-IOS-GROUP-TRIP-2624 | Activities | 11599.16,iPhone,B53,HIGH_2501_3000,CREATED,idem-20260902-ios-2624
2625,MTR-IOS-2625,Business,Business,Business Operations,Software,Expense,2026-04-08,07:38:28,2026-04-08 07:38:28,162860.58,INR,-162860.58,IOS Owner,,,MAESTRO-IOS-BUSINESS-BUSINESS_OPERATIONS-2625 | Software | 162860.58,iPhone,B53,HIGH_2501_3000,CREATED,idem-20260902-ios-2625
2626,MTR-IOS-2626,Personal,Personal,Life Operations,Rent,Expense,2025-09-18,22:39:08,2025-09-18 22:39:08,17839.22,INR,-17839.22,IOS Owner,,,MAESTRO-IOS-PERSONAL-LIFE_OPERATIONS-2626 | Rent | 17839.22,iPhone,B53,HIGH_2501_3000,CREATED,idem-20260902-ios-2626
2627,MTR-IOS-2627,Group,Shared Experience,Trip,Shopping,Expense,2025-12-07,21:59:49,2025-12-07 21:59:49,10000.0,INR,-10000.0,IOS Meera,3,SHARES,MAESTRO-IOS-GROUP-TRIP-2627 | Shopping | 10000.00,iPhone,B53,HIGH_2501_3000,CREATED,idem-20260902-ios-2627
2628,MTR-IOS-2628,Business,Business,Business Operations,Rent,Expense,2026-02-22,12:03:58,2026-02-22 12:03:58,1451.79,INR,-1451.79,IOS Owner,,,MAESTRO-IOS-BUSINESS-BUSINESS_OPERATIONS-2628 | Rent | 1451.79,iPhone,B53,HIGH_2501_3000,CREATED,idem-20260902-ios-2628
2629,MTR-IOS-2629,Personal,Personal,Life Operations,Bills,Expense,2026-06-12,01:48:48,2026-06-12 01:48:48,14269.43,INR,-14269.43,IOS Owner,,,MAESTRO-IOS-PERSONAL-LIFE_OPERATIONS-2629 | Bills | 14269.43,iPhone,B53,HIGH_2501_3000,CREATED,idem-20260902-ios-2629
2630,MTR-IOS-2630,Group,Shared Experience,Trip,Other,Expense,2026-06-03,06:30:12,2026-06-03 06:30:12,18372.68,INR,-18372.68,IOS Owner,3,EQUAL,MAESTRO-IOS-GROUP-TRIP-2630 | Other | 18372.68,iPhone,B53,HIGH_2501_3000,CREATED,idem-20260902-ios-2630
2631,MTR-IOS-2631,Business,Business,Business Operations,Marketing,Expense,2026-05-27,00:56:58,2026-05-27 00:56:58,137367.14,INR,-137367.14,IOS Owner,,,MAESTRO-IOS-BUSINESS-BUSINESS_OPERATIONS-2631 | Marketing | 137367.14,iPhone,B53,HIGH_2501_3000,CREATED,idem-20260902-ios-2631
2632,MTR-IOS-2632,Personal,Personal,Life Operations,Transport,Expense,2026-03-23,02:22:55,2026-03-23 02:22:55,10319.83,INR,-10319.83,IOS Owner,,,MAESTRO-IOS-PERSONAL-LIFE_OPERATIONS-2632 | Transport | 10319.83,iPhone,B53,HIGH_2501_3000,CREATED,idem-20260902-ios-2632
2633,MTR-IOS-2633,Group,Shared Experience,Wedding,Venue,Expense,2025-09-15,22:50:30,2025-09-15 22:50:30,23541.18,INR,-23541.18,IOS Aarav,3,PERCENTAGE,MAESTRO-IOS-GROUP-WEDDING-2633 | Venue | 23541.18,iPhone,B53,HIGH_2501_3000,CREATED,idem-20260902-ios-2633
2634,MTR-IOS-2634,Business,Business,Business Operations,Legal,Expense,2026-03-06,01:38:16,2026-03-06 01:38:16,109920.76,INR,-109920.76,IOS Owner,,,MAESTRO-IOS-BUSINESS-BUSINESS_OPERATIONS-2634 | Legal | 109920.76,iPhone,B53,HIGH_2501_3000,CREATED,idem-20260902-ios-2634
2635,MTR-IOS-2635,Personal,Personal,Life Operations,Healthcare,Expense,2026-07-28,03:35:34,2026-07-28 03:35:34,8212.23,INR,-8212.23,IOS Owner,,,MAESTRO-IOS-PERSONAL-LIFE_OPERATIONS-2635 | Healthcare | 8212.23,iPhone,B53,HIGH_2501_3000,CREATED,idem-20260902-ios-2635
2636,MTR-IOS-2636,Group,Shared Experience,Wedding,Catering,Expense,2026-08-05,16:17:39,2026-08-05 16:17:39,5471.42,INR,-5471.42,IOS Meera,3,EXACT,MAESTRO-IOS-GROUP-WEDDING-2636 | Catering | 5471.42,iPhone,B53,HIGH_2501_3000,CREATED,idem-20260902-ios-2636
2637,MTR-IOS-2637,Business,Business,Business Operations,Accounting,Expense,2025-10-12,02:58:16,2025-10-12 02:58:16,146499.46,INR,-146499.46,IOS Owner,,,MAESTRO-IOS-BUSINESS-BUSINESS_OPERATIONS-2637 | Accounting | 146499.46,iPhone,B53,HIGH_2501_3000,CREATED,idem-20260902-ios-2637
2638,MTR-IOS-2638,Personal,Personal,Life Operations,Subscriptions,Expense,2026-01-04,22:52:02,2026-01-04 22:52:02,16137.55,INR,-16137.55,IOS Owner,,,MAESTRO-IOS-PERSONAL-LIFE_OPERATIONS-2638 | Subscriptions | 16137.55,iPhone,B53,HIGH_2501_3000,CREATED,idem-20260902-ios-2638
2639,MTR-IOS-2639,Group,Shared Experience,Wedding,Decor,Expense,2026-01-29,13:08:53,2026-01-29 13:08:53,20803.67,INR,-20803.67,IOS Owner,3,SHARES,MAESTRO-IOS-GROUP-WEDDING-2639 | Decor | 20803.67,iPhone,B53,HIGH_2501_3000,CREATED,idem-20260902-ios-2639
2640,MTR-IOS-2640,Business,Business,Business Operations,Equipment,Expense,2026-06-21,02:20:10,2026-06-21 02:20:10,89728.62,INR,-89728.62,IOS Owner,,,MAESTRO-IOS-BUSINESS-BUSINESS_OPERATIONS-2640 | Equipment | 89728.62,iPhone,B53,HIGH_2501_3000,CREATED,idem-20260902-ios-2640
2641,MTR-IOS-2641,Personal,Personal,Life Operations,Repairs,Expense,2026-04-05,17:13:04,2026-04-05 17:13:04,16582.16,INR,-16582.16,IOS Owner,,,MAESTRO-IOS-PERSONAL-LIFE_OPERATIONS-2641 | Repairs | 16582.16,iPhone,B53,HIGH_2501_3000,CREATED,idem-20260902-ios-2641
2642,MTR-IOS-2642,Group,Shared Experience,Wedding,Travel,Expense,2025-10-18,22:28:13,2025-10-18 22:28:13,13443.76,INR,-13443.76,IOS Aarav,3,EQUAL,MAESTRO-IOS-GROUP-WEDDING-2642 | Travel | 13443.76,iPhone,B53,HIGH_2501_3000,CREATED,idem-20260902-ios-2642
2643,MTR-IOS-2643,Business,Business,Business Operations,Vendor,Expense,2026-01-12,00:12:08,2026-01-12 00:12:08,99712.11,INR,-99712.11,IOS Owner,,,MAESTRO-IOS-BUSINESS-BUSINESS_OPERATIONS-2643 | Vendor | 99712.11,iPhone,B53,HIGH_2501_3000,CREATED,idem-20260902-ios-2643
2644,MTR-IOS-2644,Personal,Personal,Future Building,Savings,Transfer,2026-07-16,07:43:27,2026-07-16 07:43:27,11504.33,INR,0.0,IOS Owner,,,MAESTRO-IOS-PERSONAL-FUTURE_BUILDING-2644 | Savings | 11504.33,iPhone,B53,HIGH_2501_3000,CREATED,idem-20260902-ios-2644
2645,MTR-IOS-2645,Group,Shared Experience,Wedding,Gifts,Expense,2026-04-11,00:59:15,2026-04-11 00:59:15,18123.29,INR,-18123.29,IOS Meera,3,PERCENTAGE,MAESTRO-IOS-GROUP-WEDDING-2645 | Gifts | 18123.29,iPhone,B53,HIGH_2501_3000,CREATED,idem-20260902-ios-2645
2646,MTR-IOS-2646,Business,Business,Business Operations,Tax,Expense,2026-06-04,00:17:01,2026-06-04 00:17:01,150103.78,INR,-150103.78,IOS Owner,,,MAESTRO-IOS-BUSINESS-BUSINESS_OPERATIONS-2646 | Tax | 150103.78,iPhone,B53,HIGH_2501_3000,CREATED,idem-20260902-ios-2646
2647,MTR-IOS-2647,Personal,Personal,Future Building,Emergency Fund,Transfer,2026-01-27,13:46:09,2026-01-27 13:46:09,908.63,INR,0.0,IOS Owner,,,MAESTRO-IOS-PERSONAL-FUTURE_BUILDING-2647 | Emergency Fund | 908.63,iPhone,B53,HIGH_2501_3000,CREATED,idem-20260902-ios-2647
2648,MTR-IOS-2648,Group,Shared Experience,Wedding,Photography,Expense,2026-06-18,10:39:46,2026-06-18 10:39:46,14925.25,INR,-14925.25,IOS Owner,3,EXACT,MAESTRO-IOS-GROUP-WEDDING-2648 | Photography | 14925.25,iPhone,B53,HIGH_2501_3000,CREATED,idem-20260902-ios-2648
2649,MTR-IOS-2649,Business,Business,Team Operations,Payroll,Expense,2026-07-04,11:19:15,2026-07-04 11:19:15,81963.01,INR,-81963.01,IOS Owner,,,MAESTRO-IOS-BUSINESS-TEAM_OPERATIONS-2649 | Payroll | 81963.01,iPhone,B53,HIGH_2501_3000,CREATED,idem-20260902-ios-2649
2650,MTR-IOS-2650,Personal,Personal,Future Building,Investments,Investment,2026-03-06,20:49:58,2026-03-06 20:49:58,14199.12,INR,0.0,IOS Owner,,,MAESTRO-IOS-PERSONAL-FUTURE_BUILDING-2650 | Investments | 14199.12,iPhone,B53,HIGH_2501_3000,CREATED,idem-20260902-ios-2650
2651,MTR-IOS-2651,Group,Shared Experience,Wedding,Other,Expense,2026-04-04,04:41:49,2026-04-04 04:41:49,9935.69,INR,-9935.69,IOS Aarav,3,SHARES,MAESTRO-IOS-GROUP-WEDDING-2651 | Other | 9935.69,iPhone,B54,HIGH_2501_3000,CREATED,idem-20260902-ios-2651
2652,MTR-IOS-2652,Business,Business,Team Operations,Contractor,Expense,2026-05-17,19:23:34,2026-05-17 19:23:34,46383.8,INR,-46383.8,IOS Owner,,,MAESTRO-IOS-BUSINESS-TEAM_OPERATIONS-2652 | Contractor | 46383.80,iPhone,B54,HIGH_2501_3000,CREATED,idem-20260902-ios-2652
2653,MTR-IOS-2653,Personal,Personal,Future Building,Education,Expense,2026-03-13,17:48:47,2026-03-13 17:48:47,15627.0,INR,-15627.0,IOS Owner,,,MAESTRO-IOS-PERSONAL-FUTURE_BUILDING-2653 | Education | 15627.00,iPhone,B54,HIGH_2501_3000,CREATED,idem-20260902-ios-2653
2654,MTR-IOS-2654,Group,Shared Experience,Office Outing,Food,Expense,2026-07-20,03:24:39,2026-07-20 03:24:39,26556.17,INR,-26556.17,IOS Meera,3,EQUAL,MAESTRO-IOS-GROUP-OFFICE_OUTING-2654 | Food | 26556.17,iPhone,B54,HIGH_2501_3000,CREATED,idem-20260902-ios-2654
2655,MTR-IOS-2655,Business,Business,Team Operations,Hiring,Expense,2025-10-01,13:50:05,2025-10-01 13:50:05,74478.62,INR,-74478.62,IOS Owner,,,MAESTRO-IOS-BUSINESS-TEAM_OPERATIONS-2655 | Hiring | 74478.62,iPhone,B54,HIGH_2501_3000,CREATED,idem-20260902-ios-2655
2656,MTR-IOS-2656,Personal,Personal,Future Building,Goal Contribution,Transfer,2025-11-21,23:05:58,2025-11-21 23:05:58,11487.42,INR,0.0,IOS Owner,,,MAESTRO-IOS-PERSONAL-FUTURE_BUILDING-2656 | Goal Contribution | 11487.42,iPhone,B54,HIGH_2501_3000,CREATED,idem-20260902-ios-2656
2657,MTR-IOS-2657,Group,Shared Experience,Office Outing,Travel,Expense,2026-03-18,14:49:58,2026-03-18 14:49:58,623.61,INR,-623.61,IOS Owner,3,PERCENTAGE,MAESTRO-IOS-GROUP-OFFICE_OUTING-2657 | Travel | 623.61,iPhone,B54,HIGH_2501_3000,CREATED,idem-20260902-ios-2657
2658,MTR-IOS-2658,Business,Business,Team Operations,Team Meal,Expense,2026-08-15,07:50:26,2026-08-15 07:50:26,61590.76,INR,-61590.76,IOS Owner,,,MAESTRO-IOS-BUSINESS-TEAM_OPERATIONS-2658 | Team Meal | 61590.76,iPhone,B54,HIGH_2501_3000,CREATED,idem-20260902-ios-2658
2659,MTR-IOS-2659,Personal,Personal,Lifestyle,Dining,Expense,2026-07-25,19:32:56,2026-07-25 19:32:56,4375.59,INR,-4375.59,IOS Owner,,,MAESTRO-IOS-PERSONAL-LIFESTYLE-2659 | Dining | 4375.59,iPhone,B54,HIGH_2501_3000,CREATED,idem-20260902-ios-2659
2660,MTR-IOS-2660,Group,Shared Experience,Office Outing,Activities,Expense,2025-10-18,14:41:34,2025-10-18 14:41:34,13564.32,INR,-13564.32,IOS Aarav,3,EXACT,MAESTRO-IOS-GROUP-OFFICE_OUTING-2660 | Activities | 13564.32,iPhone,B54,HIGH_2501_3000,CREATED,idem-20260902-ios-2660
2661,MTR-IOS-2661,Business,Business,Team Operations,Travel,Expense,2026-06-02,04:33:22,2026-06-02 04:33:22,39357.11,INR,-39357.11,IOS Owner,,,MAESTRO-IOS-BUSINESS-TEAM_OPERATIONS-2661 | Travel | 39357.11,iPhone,B54,HIGH_2501_3000,CREATED,idem-20260902-ios-2661
2662,MTR-IOS-2662,Personal,Personal,Lifestyle,Shopping,Expense,2025-12-24,19:42:04,2025-12-24 19:42:04,5977.82,INR,-5977.82,IOS Owner,,,MAESTRO-IOS-PERSONAL-LIFESTYLE-2662 | Shopping | 5977.82,iPhone,B54,HIGH_2501_3000,CREATED,idem-20260902-ios-2662
2663,MTR-IOS-2663,Group,Shared Experience,Office Outing,Venue,Expense,2025-10-15,05:03:41,2025-10-15 05:03:41,9758.76,INR,-9758.76,IOS Meera,3,SHARES,MAESTRO-IOS-GROUP-OFFICE_OUTING-2663 | Venue | 9758.76,iPhone,B54,HIGH_2501_3000,CREATED,idem-20260902-ios-2663
2664,MTR-IOS-2664,Business,Business,Team Operations,Training,Expense,2026-05-10,06:30:39,2026-05-10 06:30:39,0.01,INR,-0.01,IOS Owner,,,MAESTRO-IOS-BUSINESS-TEAM_OPERATIONS-2664 | Training | 0.01,iPhone,B54,HIGH_2501_3000,CREATED,idem-20260902-ios-2664
2665,MTR-IOS-2665,Personal,Personal,Lifestyle,Entertainment,Expense,2025-12-22,07:42:25,2025-12-22 07:42:25,6376.48,INR,-6376.48,IOS Owner,,,MAESTRO-IOS-PERSONAL-LIFESTYLE-2665 | Entertainment | 6376.48,iPhone,B54,HIGH_2501_3000,CREATED,idem-20260902-ios-2665
2666,MTR-IOS-2666,Group,Shared Experience,Office Outing,Other,Expense,2026-05-10,18:21:37,2026-05-10 18:21:37,25894.31,INR,-25894.31,IOS Owner,3,EQUAL,MAESTRO-IOS-GROUP-OFFICE_OUTING-2666 | Other | 25894.31,iPhone,B54,HIGH_2501_3000,CREATED,idem-20260902-ios-2666
2667,MTR-IOS-2667,Business,Business,Team Operations,Tools,Expense,2025-10-12,13:45:37,2025-10-12 13:45:37,26711.59,INR,-26711.59,IOS Owner,,,MAESTRO-IOS-BUSINESS-TEAM_OPERATIONS-2667 | Tools | 26711.59,iPhone,B54,HIGH_2501_3000,CREATED,idem-20260902-ios-2667
2668,MTR-IOS-2668,Personal,Personal,Lifestyle,Travel,Expense,2025-11-25,09:44:51,2025-11-25 09:44:51,10689.36,INR,-10689.36,IOS Owner,,,MAESTRO-IOS-PERSONAL-LIFESTYLE-2668 | Travel | 10689.36,iPhone,B54,HIGH_2501_3000,CREATED,idem-20260902-ios-2668
2669,MTR-IOS-2669,Group,Shared Experience,House Party,Food,Expense,2025-09-05,21:13:36,2025-09-05 21:13:36,1801.33,INR,-1801.33,IOS Aarav,3,PERCENTAGE,MAESTRO-IOS-GROUP-HOUSE_PARTY-2669 | Food | 1801.33,iPhone,B54,HIGH_2501_3000,CREATED,idem-20260902-ios-2669
2670,MTR-IOS-2670,Business,Business,Business Runway,Funding,Income,2025-11-13,16:37:03,2025-11-13 16:37:03,153305.56,INR,153305.56,IOS Owner,,,MAESTRO-IOS-BUSINESS-BUSINESS_RUNWAY-2670 | Funding | 153305.56,iPhone,B54,HIGH_2501_3000,CREATED,idem-20260902-ios-2670
2671,MTR-IOS-2671,Personal,Personal,Lifestyle,Fitness,Expense,2026-02-09,12:10:29,2026-02-09 12:10:29,12227.08,INR,-12227.08,IOS Owner,,,MAESTRO-IOS-PERSONAL-LIFESTYLE-2671 | Fitness | 12227.08,iPhone,B54,HIGH_2501_3000,CREATED,idem-20260902-ios-2671
2672,MTR-IOS-2672,Group,Shared Experience,House Party,Drinks,Expense,2026-07-21,23:42:50,2026-07-21 23:42:50,17183.14,INR,-17183.14,IOS Meera,3,EXACT,MAESTRO-IOS-GROUP-HOUSE_PARTY-2672 | Drinks | 17183.14,iPhone,B54,HIGH_2501_3000,CREATED,idem-20260902-ios-2672
2673,MTR-IOS-2673,Business,Business,Business Runway,Revenue,Income,2025-09-16,05:00:58,2025-09-16 05:00:58,145312.71,INR,145312.71,IOS Owner,,,MAESTRO-IOS-BUSINESS-BUSINESS_RUNWAY-2673 | Revenue | 145312.71,iPhone,B54,HIGH_2501_3000,CREATED,idem-20260902-ios-2673
2674,MTR-IOS-2674,Personal,Personal,Lifestyle,Hobbies,Expense,2025-10-31,09:00:17,2025-10-31 09:00:17,10108.81,INR,-10108.81,IOS Owner,,,MAESTRO-IOS-PERSONAL-LIFESTYLE-2674 | Hobbies | 10108.81,iPhone,B54,HIGH_2501_3000,CREATED,idem-20260902-ios-2674
2675,MTR-IOS-2675,Group,Shared Experience,House Party,Decor,Expense,2026-08-22,17:55:33,2026-08-22 17:55:33,5355.77,INR,-5355.77,IOS Owner,3,SHARES,MAESTRO-IOS-GROUP-HOUSE_PARTY-2675 | Decor | 5355.77,iPhone,B54,HIGH_2501_3000,CREATED,idem-20260902-ios-2675
2676,MTR-IOS-2676,Business,Business,Business Runway,Burn,Expense,2025-09-15,16:12:01,2025-09-15 16:12:01,153603.37,INR,-153603.37,IOS Owner,,,MAESTRO-IOS-BUSINESS-BUSINESS_RUNWAY-2676 | Burn | 153603.37,iPhone,B54,HIGH_2501_3000,CREATED,idem-20260902-ios-2676
2677,MTR-IOS-2677,Personal,Personal,Relationships,Gifts,Expense,2026-06-19,20:34:18,2026-06-19 20:34:18,6615.95,INR,-6615.95,IOS Owner,,,MAESTRO-IOS-PERSONAL-RELATIONSHIPS-2677 | Gifts | 6615.95,iPhone,B54,HIGH_2501_3000,CREATED,idem-20260902-ios-2677
2678,MTR-IOS-2678,Group,Shared Experience,House Party,Supplies,Expense,2026-03-25,05:55:54,2026-03-25 05:55:54,1652.37,INR,-1652.37,IOS Aarav,3,EQUAL,MAESTRO-IOS-GROUP-HOUSE_PARTY-2678 | Supplies | 1652.37,iPhone,B54,HIGH_2501_3000,CREATED,idem-20260902-ios-2678
2679,MTR-IOS-2679,Business,Business,Business Runway,Reserve,Transfer,2026-07-29,02:52:59,2026-07-29 02:52:59,58575.32,INR,0.0,IOS Owner,,,MAESTRO-IOS-BUSINESS-BUSINESS_RUNWAY-2679 | Reserve | 58575.32,iPhone,B54,HIGH_2501_3000,CREATED,idem-20260902-ios-2679
2680,MTR-IOS-2680,Personal,Personal,Relationships,Dates,Expense,2025-09-11,04:13:50,2025-09-11 04:13:50,1072.63,INR,-1072.63,IOS Owner,,,MAESTRO-IOS-PERSONAL-RELATIONSHIPS-2680 | Dates | 1072.63,iPhone,B54,HIGH_2501_3000,CREATED,idem-20260902-ios-2680
2681,MTR-IOS-2681,Group,Shared Experience,House Party,Other,Expense,2026-07-17,11:12:37,2026-07-17 11:12:37,26743.0,INR,-26743.0,IOS Meera,3,PERCENTAGE,MAESTRO-IOS-GROUP-HOUSE_PARTY-2681 | Other | 26743.00,iPhone,B54,HIGH_2501_3000,CREATED,idem-20260902-ios-2681
2682,MTR-IOS-2682,Business,Business,Business Runway,Loan,Income,2026-03-21,17:07:20,2026-03-21 17:07:20,128576.72,INR,128576.72,IOS Owner,,,MAESTRO-IOS-BUSINESS-BUSINESS_RUNWAY-2682 | Loan | 128576.72,iPhone,B54,HIGH_2501_3000,CREATED,idem-20260902-ios-2682
2683,MTR-IOS-2683,Personal,Personal,Relationships,Family,Expense,2026-03-12,18:25:30,2026-03-12 18:25:30,8344.44,INR,-8344.44,IOS Owner,,,MAESTRO-IOS-PERSONAL-RELATIONSHIPS-2683 | Family | 8344.44,iPhone,B54,HIGH_2501_3000,CREATED,idem-20260902-ios-2683
2684,MTR-IOS-2684,Group,Shared Purchase,Gift Pool,Contribution,Contribution,2026-07-14,10:48:17,2026-07-14 10:48:17,8610.06,INR,8610.06,IOS Owner,3,EXACT,MAESTRO-IOS-GROUP-GIFT_POOL-2684 | Contribution | 8610.06,iPhone,B54,HIGH_2501_3000,CREATED,idem-20260902-ios-2684
2685,MTR-IOS-2685,Business,Business,Business Runway,Investment,Income,2026-06-06,01:49:33,2026-06-06 01:49:33,147344.83,INR,147344.83,IOS Owner,,,MAESTRO-IOS-BUSINESS-BUSINESS_RUNWAY-2685 | Investment | 147344.83,iPhone,B54,HIGH_2501_3000,CREATED,idem-20260902-ios-2685
2686,MTR-IOS-2686,Personal,Personal,Relationships,Friends,Expense,2025-10-04,00:12:17,2025-10-04 00:12:17,1852.75,INR,-1852.75,IOS Owner,,,MAESTRO-IOS-PERSONAL-RELATIONSHIPS-2686 | Friends | 1852.75,iPhone,B54,HIGH_2501_3000,CREATED,idem-20260902-ios-2686
2687,MTR-IOS-2687,Group,Shared Purchase,Gift Pool,Gift Purchase,Expense,2026-07-14,15:20:44,2026-07-14 15:20:44,1870.25,INR,-1870.25,IOS Aarav,3,SHARES,MAESTRO-IOS-GROUP-GIFT_POOL-2687 | Gift Purchase | 1870.25,iPhone,B54,HIGH_2501_3000,CREATED,idem-20260902-ios-2687
2688,MTR-IOS-2688,Business,Business,Business Operations,Software,Expense,2025-12-24,05:18:13,2025-12-24 05:18:13,89119.28,INR,-89119.28,IOS Owner,,,MAESTRO-IOS-BUSINESS-BUSINESS_OPERATIONS-2688 | Software | 89119.28,iPhone,B54,HIGH_2501_3000,CREATED,idem-20260902-ios-2688
2689,MTR-IOS-2689,Personal,Personal,Relationships,Celebrations,Expense,2026-06-05,18:59:27,2026-06-05 18:59:27,15881.65,INR,-15881.65,IOS Owner,,,MAESTRO-IOS-PERSONAL-RELATIONSHIPS-2689 | Celebrations | 15881.65,iPhone,B54,HIGH_2501_3000,CREATED,idem-20260902-ios-2689
2690,MTR-IOS-2690,Group,Shared Purchase,Gift Pool,Delivery,Expense,2026-02-25,04:01:21,2026-02-25 04:01:21,12958.68,INR,-12958.68,IOS Meera,3,EQUAL,MAESTRO-IOS-GROUP-GIFT_POOL-2690 | Delivery | 12958.68,iPhone,B54,HIGH_2501_3000,CREATED,idem-20260902-ios-2690
2691,MTR-IOS-2691,Business,Business,Business Operations,Rent,Expense,2025-12-29,15:51:46,2025-12-29 15:51:46,10425.93,INR,-10425.93,IOS Owner,,,MAESTRO-IOS-BUSINESS-BUSINESS_OPERATIONS-2691 | Rent | 10425.93,iPhone,B54,HIGH_2501_3000,CREATED,idem-20260902-ios-2691
2692,MTR-IOS-2692,Personal,Personal,Life Operations,Groceries,Expense,2025-09-30,09:36:40,2025-09-30 09:36:40,13826.87,INR,-13826.87,IOS Owner,,,MAESTRO-IOS-PERSONAL-LIFE_OPERATIONS-2692 | Groceries | 13826.87,iPhone,B54,HIGH_2501_3000,CREATED,idem-20260902-ios-2692
2693,MTR-IOS-2693,Group,Shared Purchase,Gift Pool,Other,Expense,2026-02-24,10:58:49,2026-02-24 10:58:49,12568.28,INR,-12568.28,IOS Owner,3,PERCENTAGE,MAESTRO-IOS-GROUP-GIFT_POOL-2693 | Other | 12568.28,iPhone,B54,HIGH_2501_3000,CREATED,idem-20260902-ios-2693
2694,MTR-IOS-2694,Business,Business,Business Operations,Marketing,Expense,2025-10-31,15:30:06,2025-10-31 15:30:06,57041.72,INR,-57041.72,IOS Owner,,,MAESTRO-IOS-BUSINESS-BUSINESS_OPERATIONS-2694 | Marketing | 57041.72,iPhone,B54,HIGH_2501_3000,CREATED,idem-20260902-ios-2694
2695,MTR-IOS-2695,Personal,Personal,Life Operations,Rent,Expense,2026-06-26,00:32:50,2026-06-26 00:32:50,4386.84,INR,-4386.84,IOS Owner,,,MAESTRO-IOS-PERSONAL-LIFE_OPERATIONS-2695 | Rent | 4386.84,iPhone,B54,HIGH_2501_3000,CREATED,idem-20260902-ios-2695
2696,MTR-IOS-2696,Group,Shared Purchase,Purchase,Item,Expense,2026-05-16,06:15:51,2026-05-16 06:15:51,1197.57,INR,-1197.57,IOS Aarav,3,EXACT,MAESTRO-IOS-GROUP-PURCHASE-2696 | Item | 1197.57,iPhone,B54,HIGH_2501_3000,CREATED,idem-20260902-ios-2696
2697,MTR-IOS-2697,Business,Business,Business Operations,Legal,Expense,2026-02-18,08:36:25,2026-02-18 08:36:25,7397.77,INR,-7397.77,IOS Owner,,,MAESTRO-IOS-BUSINESS-BUSINESS_OPERATIONS-2697 | Legal | 7397.77,iPhone,B54,HIGH_2501_3000,CREATED,idem-20260902-ios-2697
2698,MTR-IOS-2698,Personal,Personal,Life Operations,Bills,Expense,2026-03-11,08:55:43,2026-03-11 08:55:43,7431.42,INR,-7431.42,IOS Owner,,,MAESTRO-IOS-PERSONAL-LIFE_OPERATIONS-2698 | Bills | 7431.42,iPhone,B54,HIGH_2501_3000,CREATED,idem-20260902-ios-2698
2699,MTR-IOS-2699,Group,Shared Purchase,Purchase,Shipping,Expense,2026-05-08,14:21:36,2026-05-08 14:21:36,21905.58,INR,-21905.58,IOS Meera,3,SHARES,MAESTRO-IOS-GROUP-PURCHASE-2699 | Shipping | 21905.58,iPhone,B54,HIGH_2501_3000,CREATED,idem-20260902-ios-2699
2700,MTR-IOS-2700,Business,Business,Business Operations,Accounting,Expense,2026-02-06,10:44:22,2026-02-06 10:44:22,34900.26,INR,-34900.26,IOS Owner,,,MAESTRO-IOS-BUSINESS-BUSINESS_OPERATIONS-2700 | Accounting | 34900.26,iPhone,B54,HIGH_2501_3000,CREATED,idem-20260902-ios-2700
2701,MTR-IOS-2701,Personal,Personal,Life Operations,Transport,Expense,2026-01-29,18:49:33,2026-01-29 18:49:33,1.0,INR,-1.0,IOS Owner,,,MAESTRO-IOS-PERSONAL-LIFE_OPERATIONS-2701 | Transport | 1.00,iPhone,B55,HIGH_2501_3000,CREATED,idem-20260902-ios-2701
2702,MTR-IOS-2702,Group,Shared Purchase,Purchase,Tax,Expense,2026-01-25,01:39:44,2026-01-25 01:39:44,23431.49,INR,-23431.49,IOS Owner,3,EQUAL,MAESTRO-IOS-GROUP-PURCHASE-2702 | Tax | 23431.49,iPhone,B55,HIGH_2501_3000,CREATED,idem-20260902-ios-2702
2703,MTR-IOS-2703,Business,Business,Business Operations,Equipment,Expense,2026-08-05,11:46:19,2026-08-05 11:46:19,66170.33,INR,-66170.33,IOS Owner,,,MAESTRO-IOS-BUSINESS-BUSINESS_OPERATIONS-2703 | Equipment | 66170.33,iPhone,B55,HIGH_2501_3000,CREATED,idem-20260902-ios-2703
2704,MTR-IOS-2704,Personal,Personal,Life Operations,Healthcare,Expense,2026-04-08,06:55:36,2026-04-08 06:55:36,8784.02,INR,-8784.02,IOS Owner,,,MAESTRO-IOS-PERSONAL-LIFE_OPERATIONS-2704 | Healthcare | 8784.02,iPhone,B55,HIGH_2501_3000,CREATED,idem-20260902-ios-2704
2705,MTR-IOS-2705,Group,Shared Purchase,Purchase,Other,Expense,2026-07-30,09:01:12,2026-07-30 09:01:12,23253.88,INR,-23253.88,IOS Aarav,3,PERCENTAGE,MAESTRO-IOS-GROUP-PURCHASE-2705 | Other | 23253.88,iPhone,B55,HIGH_2501_3000,CREATED,idem-20260902-ios-2705
2706,MTR-IOS-2706,Business,Business,Business Operations,Vendor,Expense,2025-11-28,07:51:33,2025-11-28 07:51:33,28014.84,INR,-28014.84,IOS Owner,,,MAESTRO-IOS-BUSINESS-BUSINESS_OPERATIONS-2706 | Vendor | 28014.84,iPhone,B55,HIGH_2501_3000,CREATED,idem-20260902-ios-2706
2707,MTR-IOS-2707,Personal,Personal,Life Operations,Subscriptions,Expense,2026-01-02,03:20:42,2026-01-02 03:20:42,5189.3,INR,-5189.3,IOS Owner,,,MAESTRO-IOS-PERSONAL-LIFE_OPERATIONS-2707 | Subscriptions | 5189.30,iPhone,B55,HIGH_2501_3000,CREATED,idem-20260902-ios-2707
2708,MTR-IOS-2708,Group,Shared Purchase,Assets,Purchase,Expense,2026-02-17,02:17:00,2026-02-17 02:17:00,3576.41,INR,-3576.41,IOS Meera,3,EXACT,MAESTRO-IOS-GROUP-ASSETS-2708 | Purchase | 3576.41,iPhone,B55,HIGH_2501_3000,CREATED,idem-20260902-ios-2708
2709,MTR-IOS-2709,Business,Business,Business Operations,Tax,Expense,2026-08-26,22:55:01,2026-08-26 22:55:01,145933.59,INR,-145933.59,IOS Owner,,,MAESTRO-IOS-BUSINESS-BUSINESS_OPERATIONS-2709 | Tax | 145933.59,iPhone,B55,HIGH_2501_3000,CREATED,idem-20260902-ios-2709
2710,MTR-IOS-2710,Personal,Personal,Life Operations,Repairs,Expense,2026-08-17,01:22:09,2026-08-17 01:22:09,11396.48,INR,-11396.48,IOS Owner,,,MAESTRO-IOS-PERSONAL-LIFE_OPERATIONS-2710 | Repairs | 11396.48,iPhone,B55,HIGH_2501_3000,CREATED,idem-20260902-ios-2710
2711,MTR-IOS-2711,Group,Shared Purchase,Assets,Maintenance,Expense,2026-03-28,22:50:03,2026-03-28 22:50:03,23726.31,INR,-23726.31,IOS Owner,3,SHARES,MAESTRO-IOS-GROUP-ASSETS-2711 | Maintenance | 23726.31,iPhone,B55,HIGH_2501_3000,CREATED,idem-20260902-ios-2711
2712,MTR-IOS-2712,Business,Business,Team Operations,Payroll,Expense,2026-04-09,10:03:08,2026-04-09 10:03:08,119379.68,INR,-119379.68,IOS Owner,,,MAESTRO-IOS-BUSINESS-TEAM_OPERATIONS-2712 | Payroll | 119379.68,iPhone,B55,HIGH_2501_3000,CREATED,idem-20260902-ios-2712
2713,MTR-IOS-2713,Personal,Personal,Future Building,Savings,Transfer,2026-08-03,21:11:47,2026-08-03 21:11:47,15681.21,INR,0.0,IOS Owner,,,MAESTRO-IOS-PERSONAL-FUTURE_BUILDING-2713 | Savings | 15681.21,iPhone,B55,HIGH_2501_3000,CREATED,idem-20260902-ios-2713
2714,MTR-IOS-2714,Group,Shared Purchase,Assets,Repair,Expense,2026-06-10,05:31:53,2026-06-10 05:31:53,4367.84,INR,-4367.84,IOS Aarav,3,EQUAL,MAESTRO-IOS-GROUP-ASSETS-2714 | Repair | 4367.84,iPhone,B55,HIGH_2501_3000,CREATED,idem-20260902-ios-2714
2715,MTR-IOS-2715,Business,Business,Team Operations,Contractor,Expense,2026-05-03,12:44:31,2026-05-03 12:44:31,31566.61,INR,-31566.61,IOS Owner,,,MAESTRO-IOS-BUSINESS-TEAM_OPERATIONS-2715 | Contractor | 31566.61,iPhone,B55,HIGH_2501_3000,CREATED,idem-20260902-ios-2715
2716,MTR-IOS-2716,Personal,Personal,Future Building,Emergency Fund,Transfer,2026-01-30,13:01:34,2026-01-30 13:01:34,6176.3,INR,0.0,IOS Owner,,,MAESTRO-IOS-PERSONAL-FUTURE_BUILDING-2716 | Emergency Fund | 6176.30,iPhone,B55,HIGH_2501_3000,CREATED,idem-20260902-ios-2716
2717,MTR-IOS-2717,Group,Shared Purchase,Assets,Insurance,Expense,2025-12-21,20:08:52,2025-12-21 20:08:52,20976.55,INR,-20976.55,IOS Meera,3,PERCENTAGE,MAESTRO-IOS-GROUP-ASSETS-2717 | Insurance | 20976.55,iPhone,B55,HIGH_2501_3000,CREATED,idem-20260902-ios-2717
2718,MTR-IOS-2718,Business,Business,Team Operations,Hiring,Expense,2026-03-26,01:47:03,2026-03-26 01:47:03,86082.63,INR,-86082.63,IOS Owner,,,MAESTRO-IOS-BUSINESS-TEAM_OPERATIONS-2718 | Hiring | 86082.63,iPhone,B55,HIGH_2501_3000,CREATED,idem-20260902-ios-2718
2719,MTR-IOS-2719,Personal,Personal,Future Building,Investments,Investment,2026-02-04,05:34:27,2026-02-04 05:34:27,3837.51,INR,0.0,IOS Owner,,,MAESTRO-IOS-PERSONAL-FUTURE_BUILDING-2719 | Investments | 3837.51,iPhone,B55,HIGH_2501_3000,CREATED,idem-20260902-ios-2719
2720,MTR-IOS-2720,Group,Shared Purchase,Assets,Other,Expense,2025-11-30,22:38:10,2025-11-30 22:38:10,16264.76,INR,-16264.76,IOS Owner,3,EXACT,MAESTRO-IOS-GROUP-ASSETS-2720 | Other | 16264.76,iPhone,B55,HIGH_2501_3000,CREATED,idem-20260902-ios-2720
2721,MTR-IOS-2721,Business,Business,Team Operations,Team Meal,Expense,2025-09-15,22:12:56,2025-09-15 22:12:56,106016.66,INR,-106016.66,IOS Owner,,,MAESTRO-IOS-BUSINESS-TEAM_OPERATIONS-2721 | Team Meal | 106016.66,iPhone,B55,HIGH_2501_3000,CREATED,idem-20260902-ios-2721
2722,MTR-IOS-2722,Personal,Personal,Future Building,Education,Expense,2025-12-24,00:29:11,2025-12-24 00:29:11,9621.18,INR,-9621.18,IOS Owner,,,MAESTRO-IOS-PERSONAL-FUTURE_BUILDING-2722 | Education | 9621.18,iPhone,B55,HIGH_2501_3000,CREATED,idem-20260902-ios-2722
2723,MTR-IOS-2723,Group,Shared Purchase,Custom Purchase,Custom Expense,Expense,2026-08-08,08:52:36,2026-08-08 08:52:36,7163.52,INR,-7163.52,IOS Aarav,3,SHARES,MAESTRO-IOS-GROUP-CUSTOM_PURCHASE-2723 | Custom Expense | 7163.52,iPhone,B55,HIGH_2501_3000,CREATED,idem-20260902-ios-2723
2724,MTR-IOS-2724,Business,Business,Team Operations,Travel,Expense,2026-02-27,00:19:01,2026-02-27 00:19:01,145436.2,INR,-145436.2,IOS Owner,,,MAESTRO-IOS-BUSINESS-TEAM_OPERATIONS-2724 | Travel | 145436.20,iPhone,B55,HIGH_2501_3000,CREATED,idem-20260902-ios-2724
2725,MTR-IOS-2725,Personal,Personal,Future Building,Goal Contribution,Transfer,2026-04-28,09:13:19,2026-04-28 09:13:19,11401.75,INR,0.0,IOS Owner,,,MAESTRO-IOS-PERSONAL-FUTURE_BUILDING-2725 | Goal Contribution | 11401.75,iPhone,B55,HIGH_2501_3000,CREATED,idem-20260902-ios-2725
2726,MTR-IOS-2726,Group,Shared Purchase,Custom Purchase,Custom Contribution,Contribution,2025-12-18,07:26:52,2025-12-18 07:26:52,16976.24,INR,16976.24,IOS Meera,3,EQUAL,MAESTRO-IOS-GROUP-CUSTOM_PURCHASE-2726 | Custom Contribution | 16976.24,iPhone,B55,HIGH_2501_3000,CREATED,idem-20260902-ios-2726
2727,MTR-IOS-2727,Business,Business,Team Operations,Training,Expense,2026-06-16,02:14:13,2026-06-16 02:14:13,74317.12,INR,-74317.12,IOS Owner,,,MAESTRO-IOS-BUSINESS-TEAM_OPERATIONS-2727 | Training | 74317.12,iPhone,B55,HIGH_2501_3000,CREATED,idem-20260902-ios-2727
2728,MTR-IOS-2728,Personal,Personal,Lifestyle,Dining,Expense,2025-11-27,03:39:32,2025-11-27 03:39:32,6054.94,INR,-6054.94,IOS Owner,,,MAESTRO-IOS-PERSONAL-LIFESTYLE-2728 | Dining | 6054.94,iPhone,B55,HIGH_2501_3000,CREATED,idem-20260902-ios-2728
2729,MTR-IOS-2729,Group,Shared Living,Flatmates,Rent,Expense,2026-02-16,12:21:58,2026-02-16 12:21:58,24181.51,INR,-24181.51,IOS Owner,3,PERCENTAGE,MAESTRO-IOS-GROUP-FLATMATES-2729 | Rent | 24181.51,iPhone,B55,HIGH_2501_3000,CREATED,idem-20260902-ios-2729
2730,MTR-IOS-2730,Business,Business,Team Operations,Tools,Expense,2026-04-01,20:12:30,2026-04-01 20:12:30,117280.61,INR,-117280.61,IOS Owner,,,MAESTRO-IOS-BUSINESS-TEAM_OPERATIONS-2730 | Tools | 117280.61,iPhone,B55,HIGH_2501_3000,CREATED,idem-20260902-ios-2730
2731,MTR-IOS-2731,Personal,Personal,Lifestyle,Shopping,Expense,2025-09-27,17:55:29,2025-09-27 17:55:29,7567.01,INR,-7567.01,IOS Owner,,,MAESTRO-IOS-PERSONAL-LIFESTYLE-2731 | Shopping | 7567.01,iPhone,B55,HIGH_2501_3000,CREATED,idem-20260902-ios-2731
2732,MTR-IOS-2732,Group,Shared Living,Flatmates,Utilities,Expense,2026-05-11,23:13:50,2026-05-11 23:13:50,762.25,INR,-762.25,IOS Aarav,3,EXACT,MAESTRO-IOS-GROUP-FLATMATES-2732 | Utilities | 762.25,iPhone,B55,HIGH_2501_3000,CREATED,idem-20260902-ios-2732
2733,MTR-IOS-2733,Business,Business,Business Runway,Funding,Income,2026-06-24,20:06:41,2026-06-24 20:06:41,46823.24,INR,46823.24,IOS Owner,,,MAESTRO-IOS-BUSINESS-BUSINESS_RUNWAY-2733 | Funding | 46823.24,iPhone,B55,HIGH_2501_3000,CREATED,idem-20260902-ios-2733
2734,MTR-IOS-2734,Personal,Personal,Lifestyle,Entertainment,Expense,2026-03-30,00:10:03,2026-03-30 00:10:03,6359.98,INR,-6359.98,IOS Owner,,,MAESTRO-IOS-PERSONAL-LIFESTYLE-2734 | Entertainment | 6359.98,iPhone,B55,HIGH_2501_3000,CREATED,idem-20260902-ios-2734
2735,MTR-IOS-2735,Group,Shared Living,Flatmates,Groceries,Expense,2026-04-17,14:48:26,2026-04-17 14:48:26,8205.04,INR,-8205.04,IOS Meera,3,SHARES,MAESTRO-IOS-GROUP-FLATMATES-2735 | Groceries | 8205.04,iPhone,B55,HIGH_2501_3000,CREATED,idem-20260902-ios-2735
2736,MTR-IOS-2736,Business,Business,Business Runway,Revenue,Income,2025-10-19,15:59:29,2025-10-19 15:59:29,48652.75,INR,48652.75,IOS Owner,,,MAESTRO-IOS-BUSINESS-BUSINESS_RUNWAY-2736 | Revenue | 48652.75,iPhone,B55,HIGH_2501_3000,CREATED,idem-20260902-ios-2736
2737,MTR-IOS-2737,Personal,Personal,Lifestyle,Travel,Expense,2026-06-03,13:48:07,2026-06-03 13:48:07,1477.7,INR,-1477.7,IOS Owner,,,MAESTRO-IOS-PERSONAL-LIFESTYLE-2737 | Travel | 1477.70,iPhone,B55,HIGH_2501_3000,CREATED,idem-20260902-ios-2737
2738,MTR-IOS-2738,Group,Shared Living,Flatmates,Internet,Expense,2025-11-09,23:28:48,2025-11-09 23:28:48,99.99,INR,-99.99,IOS Owner,3,EQUAL,MAESTRO-IOS-GROUP-FLATMATES-2738 | Internet | 99.99,iPhone,B55,HIGH_2501_3000,CREATED,idem-20260902-ios-2738
2739,MTR-IOS-2739,Business,Business,Business Runway,Burn,Expense,2026-08-24,06:31:38,2026-08-24 06:31:38,31067.88,INR,-31067.88,IOS Owner,,,MAESTRO-IOS-BUSINESS-BUSINESS_RUNWAY-2739 | Burn | 31067.88,iPhone,B55,HIGH_2501_3000,CREATED,idem-20260902-ios-2739
2740,MTR-IOS-2740,Personal,Personal,Lifestyle,Fitness,Expense,2025-11-11,04:19:01,2025-11-11 04:19:01,7578.3,INR,-7578.3,IOS Owner,,,MAESTRO-IOS-PERSONAL-LIFESTYLE-2740 | Fitness | 7578.30,iPhone,B55,HIGH_2501_3000,CREATED,idem-20260902-ios-2740
2741,MTR-IOS-2741,Group,Shared Living,Flatmates,House Supplies,Expense,2025-12-15,19:05:11,2025-12-15 19:05:11,7849.35,INR,-7849.35,IOS Aarav,3,PERCENTAGE,MAESTRO-IOS-GROUP-FLATMATES-2741 | House Supplies | 7849.35,iPhone,B55,HIGH_2501_3000,CREATED,idem-20260902-ios-2741
2742,MTR-IOS-2742,Business,Business,Business Runway,Reserve,Transfer,2025-10-11,12:14:43,2025-10-11 12:14:43,53563.82,INR,0.0,IOS Owner,,,MAESTRO-IOS-BUSINESS-BUSINESS_RUNWAY-2742 | Reserve | 53563.82,iPhone,B55,HIGH_2501_3000,CREATED,idem-20260902-ios-2742
2743,MTR-IOS-2743,Personal,Personal,Lifestyle,Hobbies,Expense,2026-08-03,18:56:26,2026-08-03 18:56:26,7200.07,INR,-7200.07,IOS Owner,,,MAESTRO-IOS-PERSONAL-LIFESTYLE-2743 | Hobbies | 7200.07,iPhone,B55,HIGH_2501_3000,CREATED,idem-20260902-ios-2743
2744,MTR-IOS-2744,Group,Shared Living,Flatmates,Repairs,Expense,2026-04-02,23:37:31,2026-04-02 23:37:31,3479.7,INR,-3479.7,IOS Meera,3,EXACT,MAESTRO-IOS-GROUP-FLATMATES-2744 | Repairs | 3479.70,iPhone,B55,HIGH_2501_3000,CREATED,idem-20260902-ios-2744
2745,MTR-IOS-2745,Business,Business,Business Runway,Loan,Income,2026-04-06,19:20:23,2026-04-06 19:20:23,53629.72,INR,53629.72,IOS Owner,,,MAESTRO-IOS-BUSINESS-BUSINESS_RUNWAY-2745 | Loan | 53629.72,iPhone,B55,HIGH_2501_3000,CREATED,idem-20260902-ios-2745
2746,MTR-IOS-2746,Personal,Personal,Relationships,Gifts,Expense,2025-12-15,12:51:42,2025-12-15 12:51:42,9410.47,INR,-9410.47,IOS Owner,,,MAESTRO-IOS-PERSONAL-RELATIONSHIPS-2746 | Gifts | 9410.47,iPhone,B55,HIGH_2501_3000,CREATED,idem-20260902-ios-2746
2747,MTR-IOS-2747,Group,Shared Living,Shared Living,Rent,Expense,2026-08-20,14:52:48,2026-08-20 14:52:48,26313.06,INR,-26313.06,IOS Owner,3,SHARES,MAESTRO-IOS-GROUP-SHARED_LIVING-2747 | Rent | 26313.06,iPhone,B55,HIGH_2501_3000,CREATED,idem-20260902-ios-2747
2748,MTR-IOS-2748,Business,Business,Business Runway,Investment,Income,2025-11-27,18:03:14,2025-11-27 18:03:14,125131.73,INR,125131.73,IOS Owner,,,MAESTRO-IOS-BUSINESS-BUSINESS_RUNWAY-2748 | Investment | 125131.73,iPhone,B55,HIGH_2501_3000,CREATED,idem-20260902-ios-2748
2749,MTR-IOS-2749,Personal,Personal,Relationships,Dates,Expense,2026-04-01,07:29:27,2026-04-01 07:29:27,12064.78,INR,-12064.78,IOS Owner,,,MAESTRO-IOS-PERSONAL-RELATIONSHIPS-2749 | Dates | 12064.78,iPhone,B55,HIGH_2501_3000,CREATED,idem-20260902-ios-2749
2750,MTR-IOS-2750,Group,Shared Living,Shared Living,Utilities,Expense,2026-04-30,03:01:31,2026-04-30 03:01:31,20035.65,INR,-20035.65,IOS Aarav,3,EQUAL,MAESTRO-IOS-GROUP-SHARED_LIVING-2750 | Utilities | 20035.65,iPhone,B55,HIGH_2501_3000,CREATED,idem-20260902-ios-2750
2751,MTR-IOS-2751,Business,Business,Business Operations,Software,Expense,2026-07-15,06:16:23,2026-07-15 06:16:23,148082.6,INR,-148082.6,IOS Owner,,,MAESTRO-IOS-BUSINESS-BUSINESS_OPERATIONS-2751 | Software | 148082.60,iPhone,B56,HIGH_2501_3000,CREATED,idem-20260902-ios-2751
2752,MTR-IOS-2752,Personal,Personal,Relationships,Family,Expense,2025-09-04,18:59:51,2025-09-04 18:59:51,7496.82,INR,-7496.82,IOS Owner,,,MAESTRO-IOS-PERSONAL-RELATIONSHIPS-2752 | Family | 7496.82,iPhone,B56,HIGH_2501_3000,CREATED,idem-20260902-ios-2752
2753,MTR-IOS-2753,Group,Shared Living,Shared Living,Groceries,Expense,2025-10-11,14:33:00,2025-10-11 14:33:00,3769.1,INR,-3769.1,IOS Meera,3,PERCENTAGE,MAESTRO-IOS-GROUP-SHARED_LIVING-2753 | Groceries | 3769.10,iPhone,B56,HIGH_2501_3000,CREATED,idem-20260902-ios-2753
2754,MTR-IOS-2754,Business,Business,Business Operations,Rent,Expense,2025-12-14,06:37:51,2025-12-14 06:37:51,141074.86,INR,-141074.86,IOS Owner,,,MAESTRO-IOS-BUSINESS-BUSINESS_OPERATIONS-2754 | Rent | 141074.86,iPhone,B56,HIGH_2501_3000,CREATED,idem-20260902-ios-2754
2755,MTR-IOS-2755,Personal,Personal,Relationships,Friends,Expense,2025-11-03,06:51:19,2025-11-03 06:51:19,13667.77,INR,-13667.77,IOS Owner,,,MAESTRO-IOS-PERSONAL-RELATIONSHIPS-2755 | Friends | 13667.77,iPhone,B56,HIGH_2501_3000,CREATED,idem-20260902-ios-2755
2756,MTR-IOS-2756,Group,Shared Living,Shared Living,Maintenance,Expense,2025-11-27,08:02:30,2025-11-27 08:02:30,7137.5,INR,-7137.5,IOS Owner,3,EXACT,MAESTRO-IOS-GROUP-SHARED_LIVING-2756 | Maintenance | 7137.50,iPhone,B56,HIGH_2501_3000,CREATED,idem-20260902-ios-2756
2757,MTR-IOS-2757,Business,Business,Business Operations,Marketing,Expense,2026-07-01,19:58:38,2026-07-01 19:58:38,145515.27,INR,-145515.27,IOS Owner,,,MAESTRO-IOS-BUSINESS-BUSINESS_OPERATIONS-2757 | Marketing | 145515.27,iPhone,B56,HIGH_2501_3000,CREATED,idem-20260902-ios-2757
2758,MTR-IOS-2758,Personal,Personal,Relationships,Celebrations,Expense,2026-01-17,08:52:28,2026-01-17 08:52:28,3872.85,INR,-3872.85,IOS Owner,,,MAESTRO-IOS-PERSONAL-RELATIONSHIPS-2758 | Celebrations | 3872.85,iPhone,B56,HIGH_2501_3000,CREATED,idem-20260902-ios-2758
2759,MTR-IOS-2759,Group,Shared Living,Shared Living,Other,Expense,2026-06-20,14:01:13,2026-06-20 14:01:13,21814.23,INR,-21814.23,IOS Aarav,3,SHARES,MAESTRO-IOS-GROUP-SHARED_LIVING-2759 | Other | 21814.23,iPhone,B56,HIGH_2501_3000,CREATED,idem-20260902-ios-2759
2760,MTR-IOS-2760,Business,Business,Business Operations,Legal,Expense,2025-10-12,07:16:44,2025-10-12 07:16:44,66625.52,INR,-66625.52,IOS Owner,,,MAESTRO-IOS-BUSINESS-BUSINESS_OPERATIONS-2760 | Legal | 66625.52,iPhone,B56,HIGH_2501_3000,CREATED,idem-20260902-ios-2760
2761,MTR-IOS-2761,Personal,Personal,Life Operations,Groceries,Expense,2026-07-03,08:58:58,2026-07-03 08:58:58,16650.13,INR,-16650.13,IOS Owner,,,MAESTRO-IOS-PERSONAL-LIFE_OPERATIONS-2761 | Groceries | 16650.13,iPhone,B56,HIGH_2501_3000,CREATED,idem-20260902-ios-2761
2762,MTR-IOS-2762,Group,Shared Living,Family Household,Transport,Expense,2025-12-09,07:32:53,2025-12-09 07:32:53,6107.85,INR,-6107.85,IOS Meera,3,EQUAL,MAESTRO-IOS-GROUP-FAMILY_HOUSEHOLD-2762 | Transport | 6107.85,iPhone,B56,HIGH_2501_3000,CREATED,idem-20260902-ios-2762
2763,MTR-IOS-2763,Business,Business,Business Operations,Accounting,Expense,2025-09-17,14:14:01,2025-09-17 14:14:01,18750.04,INR,-18750.04,IOS Owner,,,MAESTRO-IOS-BUSINESS-BUSINESS_OPERATIONS-2763 | Accounting | 18750.04,iPhone,B56,HIGH_2501_3000,CREATED,idem-20260902-ios-2763
2764,MTR-IOS-2764,Personal,Personal,Life Operations,Rent,Expense,2026-04-07,21:53:39,2026-04-07 21:53:39,13123.41,INR,-13123.41,IOS Owner,,,MAESTRO-IOS-PERSONAL-LIFE_OPERATIONS-2764 | Rent | 13123.41,iPhone,B56,HIGH_2501_3000,CREATED,idem-20260902-ios-2764
2765,MTR-IOS-2765,Group,Shared Living,Family Household,Bills,Expense,2026-03-01,08:48:44,2026-03-01 08:48:44,7363.24,INR,-7363.24,IOS Owner,3,PERCENTAGE,MAESTRO-IOS-GROUP-FAMILY_HOUSEHOLD-2765 | Bills | 7363.24,iPhone,B56,HIGH_2501_3000,CREATED,idem-20260902-ios-2765
2766,MTR-IOS-2766,Business,Business,Business Operations,Equipment,Expense,2026-08-09,19:06:59,2026-08-09 19:06:59,13000.8,INR,-13000.8,IOS Owner,,,MAESTRO-IOS-BUSINESS-BUSINESS_OPERATIONS-2766 | Equipment | 13000.80,iPhone,B56,HIGH_2501_3000,CREATED,idem-20260902-ios-2766
2767,MTR-IOS-2767,Personal,Personal,Life Operations,Bills,Expense,2026-06-14,13:41:19,2026-06-14 13:41:19,14224.54,INR,-14224.54,IOS Owner,,,MAESTRO-IOS-PERSONAL-LIFE_OPERATIONS-2767 | Bills | 14224.54,iPhone,B56,HIGH_2501_3000,CREATED,idem-20260902-ios-2767
2768,MTR-IOS-2768,Group,Shared Living,Family Household,Utilities,Expense,2025-12-23,16:44:15,2025-12-23 16:44:15,18511.04,INR,-18511.04,IOS Aarav,3,EXACT,MAESTRO-IOS-GROUP-FAMILY_HOUSEHOLD-2768 | Utilities | 18511.04,iPhone,B56,HIGH_2501_3000,CREATED,idem-20260902-ios-2768
2769,MTR-IOS-2769,Business,Business,Business Operations,Vendor,Expense,2026-01-07,08:19:20,2026-01-07 08:19:20,85507.51,INR,-85507.51,IOS Owner,,,MAESTRO-IOS-BUSINESS-BUSINESS_OPERATIONS-2769 | Vendor | 85507.51,iPhone,B56,HIGH_2501_3000,CREATED,idem-20260902-ios-2769
2770,MTR-IOS-2770,Personal,Personal,Life Operations,Transport,Expense,2025-12-22,18:29:45,2025-12-22 18:29:45,5874.42,INR,-5874.42,IOS Owner,,,MAESTRO-IOS-PERSONAL-LIFE_OPERATIONS-2770 | Transport | 5874.42,iPhone,B56,HIGH_2501_3000,CREATED,idem-20260902-ios-2770
2771,MTR-IOS-2771,Group,Shared Living,Family Household,Healthcare,Expense,2026-08-18,01:30:06,2026-08-18 01:30:06,5387.21,INR,-5387.21,IOS Meera,3,SHARES,MAESTRO-IOS-GROUP-FAMILY_HOUSEHOLD-2771 | Healthcare | 5387.21,iPhone,B56,HIGH_2501_3000,CREATED,idem-20260902-ios-2771
2772,MTR-IOS-2772,Business,Business,Business Operations,Tax,Expense,2026-04-29,23:39:17,2026-04-29 23:39:17,152308.12,INR,-152308.12,IOS Owner,,,MAESTRO-IOS-BUSINESS-BUSINESS_OPERATIONS-2772 | Tax | 152308.12,iPhone,B56,HIGH_2501_3000,CREATED,idem-20260902-ios-2772
2773,MTR-IOS-2773,Personal,Personal,Life Operations,Healthcare,Expense,2026-05-16,03:18:06,2026-05-16 03:18:06,5331.27,INR,-5331.27,IOS Owner,,,MAESTRO-IOS-PERSONAL-LIFE_OPERATIONS-2773 | Healthcare | 5331.27,iPhone,B56,HIGH_2501_3000,CREATED,idem-20260902-ios-2773
2774,MTR-IOS-2774,Group,Shared Living,Family Household,School,Expense,2026-04-27,10:53:52,2026-04-27 10:53:52,1238.9,INR,-1238.9,IOS Owner,3,EQUAL,MAESTRO-IOS-GROUP-FAMILY_HOUSEHOLD-2774 | School | 1238.90,iPhone,B56,HIGH_2501_3000,CREATED,idem-20260902-ios-2774
2775,MTR-IOS-2775,Business,Business,Team Operations,Payroll,Expense,2025-10-13,07:17:51,2025-10-13 07:17:51,100.0,INR,-100.0,IOS Owner,,,MAESTRO-IOS-BUSINESS-TEAM_OPERATIONS-2775 | Payroll | 100.00,iPhone,B56,HIGH_2501_3000,CREATED,idem-20260902-ios-2775
2776,MTR-IOS-2776,Personal,Personal,Life Operations,Subscriptions,Expense,2026-08-12,15:59:42,2026-08-12 15:59:42,15780.13,INR,-15780.13,IOS Owner,,,MAESTRO-IOS-PERSONAL-LIFE_OPERATIONS-2776 | Subscriptions | 15780.13,iPhone,B56,HIGH_2501_3000,CREATED,idem-20260902-ios-2776
2777,MTR-IOS-2777,Group,Shared Living,Family Household,Other,Expense,2026-08-25,03:34:01,2026-08-25 03:34:01,9174.24,INR,-9174.24,IOS Aarav,3,PERCENTAGE,MAESTRO-IOS-GROUP-FAMILY_HOUSEHOLD-2777 | Other | 9174.24,iPhone,B56,HIGH_2501_3000,CREATED,idem-20260902-ios-2777
2778,MTR-IOS-2778,Business,Business,Team Operations,Contractor,Expense,2026-03-03,05:04:58,2026-03-03 05:04:58,75869.25,INR,-75869.25,IOS Owner,,,MAESTRO-IOS-BUSINESS-TEAM_OPERATIONS-2778 | Contractor | 75869.25,iPhone,B56,HIGH_2501_3000,CREATED,idem-20260902-ios-2778
2779,MTR-IOS-2779,Personal,Personal,Life Operations,Repairs,Expense,2026-02-02,22:40:31,2026-02-02 22:40:31,1243.35,INR,-1243.35,IOS Owner,,,MAESTRO-IOS-PERSONAL-LIFE_OPERATIONS-2779 | Repairs | 1243.35,iPhone,B56,HIGH_2501_3000,CREATED,idem-20260902-ios-2779
2780,MTR-IOS-2780,Group,Shared Living,Custom Living,Custom Expense,Expense,2026-04-17,20:31:57,2026-04-17 20:31:57,3158.43,INR,-3158.43,IOS Meera,3,EXACT,MAESTRO-IOS-GROUP-CUSTOM_LIVING-2780 | Custom Expense | 3158.43,iPhone,B56,HIGH_2501_3000,CREATED,idem-20260902-ios-2780
2781,MTR-IOS-2781,Business,Business,Team Operations,Hiring,Expense,2026-05-04,20:21:02,2026-05-04 20:21:02,82814.04,INR,-82814.04,IOS Owner,,,MAESTRO-IOS-BUSINESS-TEAM_OPERATIONS-2781 | Hiring | 82814.04,iPhone,B56,HIGH_2501_3000,CREATED,idem-20260902-ios-2781
2782,MTR-IOS-2782,Personal,Personal,Future Building,Savings,Transfer,2025-09-29,07:51:55,2025-09-29 07:51:55,9822.72,INR,0.0,IOS Owner,,,MAESTRO-IOS-PERSONAL-FUTURE_BUILDING-2782 | Savings | 9822.72,iPhone,B56,HIGH_2501_3000,CREATED,idem-20260902-ios-2782
2783,MTR-IOS-2783,Group,Shared Living,Custom Living,Custom Contribution,Contribution,2026-08-19,11:44:29,2026-08-19 11:44:29,11948.93,INR,11948.93,IOS Owner,3,SHARES,MAESTRO-IOS-GROUP-CUSTOM_LIVING-2783 | Custom Contribution | 11948.93,iPhone,B56,HIGH_2501_3000,CREATED,idem-20260902-ios-2783
2784,MTR-IOS-2784,Business,Business,Team Operations,Team Meal,Expense,2026-03-06,22:21:58,2026-03-06 22:21:58,152715.25,INR,-152715.25,IOS Owner,,,MAESTRO-IOS-BUSINESS-TEAM_OPERATIONS-2784 | Team Meal | 152715.25,iPhone,B56,HIGH_2501_3000,CREATED,idem-20260902-ios-2784
2785,MTR-IOS-2785,Personal,Personal,Future Building,Emergency Fund,Transfer,2026-04-15,10:56:29,2026-04-15 10:56:29,12781.06,INR,0.0,IOS Owner,,,MAESTRO-IOS-PERSONAL-FUTURE_BUILDING-2785 | Emergency Fund | 12781.06,iPhone,B56,HIGH_2501_3000,CREATED,idem-20260902-ios-2785
2786,MTR-IOS-2786,Group,Shared Experience,Trip,Travel,Expense,2025-12-04,07:46:02,2025-12-04 07:46:02,4675.44,INR,-4675.44,IOS Aarav,3,EQUAL,MAESTRO-IOS-GROUP-TRIP-2786 | Travel | 4675.44,iPhone,B56,HIGH_2501_3000,CREATED,idem-20260902-ios-2786
2787,MTR-IOS-2787,Business,Business,Team Operations,Travel,Expense,2026-06-05,23:15:57,2026-06-05 23:15:57,125366.08,INR,-125366.08,IOS Owner,,,MAESTRO-IOS-BUSINESS-TEAM_OPERATIONS-2787 | Travel | 125366.08,iPhone,B56,HIGH_2501_3000,CREATED,idem-20260902-ios-2787
2788,MTR-IOS-2788,Personal,Personal,Future Building,Investments,Investment,2026-06-26,07:30:21,2026-06-26 07:30:21,3013.6,INR,0.0,IOS Owner,,,MAESTRO-IOS-PERSONAL-FUTURE_BUILDING-2788 | Investments | 3013.60,iPhone,B56,HIGH_2501_3000,CREATED,idem-20260902-ios-2788
2789,MTR-IOS-2789,Group,Shared Experience,Trip,Stay,Expense,2026-03-25,20:54:28,2026-03-25 20:54:28,5073.31,INR,-5073.31,IOS Meera,3,PERCENTAGE,MAESTRO-IOS-GROUP-TRIP-2789 | Stay | 5073.31,iPhone,B56,HIGH_2501_3000,CREATED,idem-20260902-ios-2789
2790,MTR-IOS-2790,Business,Business,Team Operations,Training,Expense,2025-09-15,09:05:36,2025-09-15 09:05:36,7042.43,INR,-7042.43,IOS Owner,,,MAESTRO-IOS-BUSINESS-TEAM_OPERATIONS-2790 | Training | 7042.43,iPhone,B56,HIGH_2501_3000,CREATED,idem-20260902-ios-2790
2791,MTR-IOS-2791,Personal,Personal,Future Building,Education,Expense,2025-10-24,08:52:24,2025-10-24 08:52:24,10364.1,INR,-10364.1,IOS Owner,,,MAESTRO-IOS-PERSONAL-FUTURE_BUILDING-2791 | Education | 10364.10,iPhone,B56,HIGH_2501_3000,CREATED,idem-20260902-ios-2791
2792,MTR-IOS-2792,Group,Shared Experience,Trip,Food,Expense,2026-02-07,14:00:30,2026-02-07 14:00:30,6576.42,INR,-6576.42,IOS Owner,3,EXACT,MAESTRO-IOS-GROUP-TRIP-2792 | Food | 6576.42,iPhone,B56,HIGH_2501_3000,CREATED,idem-20260902-ios-2792
2793,MTR-IOS-2793,Business,Business,Team Operations,Tools,Expense,2025-11-11,06:35:54,2025-11-11 06:35:54,22212.81,INR,-22212.81,IOS Owner,,,MAESTRO-IOS-BUSINESS-TEAM_OPERATIONS-2793 | Tools | 22212.81,iPhone,B56,HIGH_2501_3000,CREATED,idem-20260902-ios-2793
2794,MTR-IOS-2794,Personal,Personal,Future Building,Goal Contribution,Transfer,2026-05-21,22:07:25,2026-05-21 22:07:25,1941.84,INR,0.0,IOS Owner,,,MAESTRO-IOS-PERSONAL-FUTURE_BUILDING-2794 | Goal Contribution | 1941.84,iPhone,B56,HIGH_2501_3000,CREATED,idem-20260902-ios-2794
2795,MTR-IOS-2795,Group,Shared Experience,Trip,Local Transport,Expense,2025-11-04,22:11:06,2025-11-04 22:11:06,22788.88,INR,-22788.88,IOS Aarav,3,SHARES,MAESTRO-IOS-GROUP-TRIP-2795 | Local Transport | 22788.88,iPhone,B56,HIGH_2501_3000,CREATED,idem-20260902-ios-2795
2796,MTR-IOS-2796,Business,Business,Business Runway,Funding,Income,2026-01-16,17:01:13,2026-01-16 17:01:13,99246.48,INR,99246.48,IOS Owner,,,MAESTRO-IOS-BUSINESS-BUSINESS_RUNWAY-2796 | Funding | 99246.48,iPhone,B56,HIGH_2501_3000,CREATED,idem-20260902-ios-2796
2797,MTR-IOS-2797,Personal,Personal,Lifestyle,Dining,Expense,2026-01-06,04:14:57,2026-01-06 04:14:57,12129.8,INR,-12129.8,IOS Owner,,,MAESTRO-IOS-PERSONAL-LIFESTYLE-2797 | Dining | 12129.80,iPhone,B56,HIGH_2501_3000,CREATED,idem-20260902-ios-2797
2798,MTR-IOS-2798,Group,Shared Experience,Trip,Activities,Expense,2026-03-04,02:38:03,2026-03-04 02:38:03,11471.79,INR,-11471.79,IOS Meera,3,EQUAL,MAESTRO-IOS-GROUP-TRIP-2798 | Activities | 11471.79,iPhone,B56,HIGH_2501_3000,CREATED,idem-20260902-ios-2798
2799,MTR-IOS-2799,Business,Business,Business Runway,Revenue,Income,2026-08-03,13:58:16,2026-08-03 13:58:16,52747.46,INR,52747.46,IOS Owner,,,MAESTRO-IOS-BUSINESS-BUSINESS_RUNWAY-2799 | Revenue | 52747.46,iPhone,B56,HIGH_2501_3000,CREATED,idem-20260902-ios-2799
2800,MTR-IOS-2800,Personal,Personal,Lifestyle,Shopping,Expense,2025-10-15,15:39:53,2025-10-15 15:39:53,10427.6,INR,-10427.6,IOS Owner,,,MAESTRO-IOS-PERSONAL-LIFESTYLE-2800 | Shopping | 10427.60,iPhone,B56,HIGH_2501_3000,CREATED,idem-20260902-ios-2800
2801,MTR-IOS-2801,Group,Shared Experience,Trip,Shopping,Expense,2026-08-01,07:47:18,2026-08-01 07:47:18,14416.29,INR,-14416.29,IOS Owner,3,PERCENTAGE,MAESTRO-IOS-GROUP-TRIP-2801 | Shopping | 14416.29,iPhone,B57,HIGH_2501_3000,CREATED,idem-20260902-ios-2801
2802,MTR-IOS-2802,Business,Business,Business Runway,Burn,Expense,2026-01-08,13:21:25,2026-01-08 13:21:25,18549.32,INR,-18549.32,IOS Owner,,,MAESTRO-IOS-BUSINESS-BUSINESS_RUNWAY-2802 | Burn | 18549.32,iPhone,B57,HIGH_2501_3000,CREATED,idem-20260902-ios-2802
2803,MTR-IOS-2803,Personal,Personal,Lifestyle,Entertainment,Expense,2026-03-11,01:24:58,2026-03-11 01:24:58,4288.2,INR,-4288.2,IOS Owner,,,MAESTRO-IOS-PERSONAL-LIFESTYLE-2803 | Entertainment | 4288.20,iPhone,B57,HIGH_2501_3000,CREATED,idem-20260902-ios-2803
2804,MTR-IOS-2804,Group,Shared Experience,Trip,Other,Expense,2026-06-28,02:59:20,2026-06-28 02:59:20,26470.61,INR,-26470.61,IOS Aarav,3,EXACT,MAESTRO-IOS-GROUP-TRIP-2804 | Other | 26470.61,iPhone,B57,HIGH_2501_3000,CREATED,idem-20260902-ios-2804
2805,MTR-IOS-2805,Business,Business,Business Runway,Reserve,Transfer,2026-09-01,21:10:10,2026-09-01 21:10:10,70861.4,INR,0.0,IOS Owner,,,MAESTRO-IOS-BUSINESS-BUSINESS_RUNWAY-2805 | Reserve | 70861.40,iPhone,B57,HIGH_2501_3000,CREATED,idem-20260902-ios-2805
2806,MTR-IOS-2806,Personal,Personal,Lifestyle,Travel,Expense,2026-01-20,09:22:13,2026-01-20 09:22:13,1144.67,INR,-1144.67,IOS Owner,,,MAESTRO-IOS-PERSONAL-LIFESTYLE-2806 | Travel | 1144.67,iPhone,B57,HIGH_2501_3000,CREATED,idem-20260902-ios-2806
2807,MTR-IOS-2807,Group,Shared Experience,Wedding,Venue,Expense,2026-08-10,14:39:10,2026-08-10 14:39:10,13070.78,INR,-13070.78,IOS Meera,3,SHARES,MAESTRO-IOS-GROUP-WEDDING-2807 | Venue | 13070.78,iPhone,B57,HIGH_2501_3000,CREATED,idem-20260902-ios-2807
2808,MTR-IOS-2808,Business,Business,Business Runway,Loan,Income,2026-07-24,07:09:18,2026-07-24 07:09:18,66631.97,INR,66631.97,IOS Owner,,,MAESTRO-IOS-BUSINESS-BUSINESS_RUNWAY-2808 | Loan | 66631.97,iPhone,B57,HIGH_2501_3000,CREATED,idem-20260902-ios-2808
2809,MTR-IOS-2809,Personal,Personal,Lifestyle,Fitness,Expense,2025-12-09,02:50:22,2025-12-09 02:50:22,3046.23,INR,-3046.23,IOS Owner,,,MAESTRO-IOS-PERSONAL-LIFESTYLE-2809 | Fitness | 3046.23,iPhone,B57,HIGH_2501_3000,CREATED,idem-20260902-ios-2809
2810,MTR-IOS-2810,Group,Shared Experience,Wedding,Catering,Expense,2026-06-12,07:41:49,2026-06-12 07:41:49,7790.9,INR,-7790.9,IOS Owner,3,EQUAL,MAESTRO-IOS-GROUP-WEDDING-2810 | Catering | 7790.90,iPhone,B57,HIGH_2501_3000,CREATED,idem-20260902-ios-2810
2811,MTR-IOS-2811,Business,Business,Business Runway,Investment,Income,2026-08-12,16:51:59,2026-08-12 16:51:59,49109.33,INR,49109.33,IOS Owner,,,MAESTRO-IOS-BUSINESS-BUSINESS_RUNWAY-2811 | Investment | 49109.33,iPhone,B57,HIGH_2501_3000,CREATED,idem-20260902-ios-2811
2812,MTR-IOS-2812,Personal,Personal,Lifestyle,Hobbies,Expense,2026-05-19,11:22:28,2026-05-19 11:22:28,999.99,INR,-999.99,IOS Owner,,,MAESTRO-IOS-PERSONAL-LIFESTYLE-2812 | Hobbies | 999.99,iPhone,B57,HIGH_2501_3000,CREATED,idem-20260902-ios-2812
2813,MTR-IOS-2813,Group,Shared Experience,Wedding,Decor,Expense,2026-07-08,14:27:28,2026-07-08 14:27:28,9839.77,INR,-9839.77,IOS Aarav,3,PERCENTAGE,MAESTRO-IOS-GROUP-WEDDING-2813 | Decor | 9839.77,iPhone,B57,HIGH_2501_3000,CREATED,idem-20260902-ios-2813
2814,MTR-IOS-2814,Business,Business,Business Operations,Software,Expense,2025-12-15,19:55:55,2025-12-15 19:55:55,85768.6,INR,-85768.6,IOS Owner,,,MAESTRO-IOS-BUSINESS-BUSINESS_OPERATIONS-2814 | Software | 85768.60,iPhone,B57,HIGH_2501_3000,CREATED,idem-20260902-ios-2814
2815,MTR-IOS-2815,Personal,Personal,Relationships,Gifts,Expense,2026-06-29,06:31:50,2026-06-29 06:31:50,3057.44,INR,-3057.44,IOS Owner,,,MAESTRO-IOS-PERSONAL-RELATIONSHIPS-2815 | Gifts | 3057.44,iPhone,B57,HIGH_2501_3000,CREATED,idem-20260902-ios-2815
2816,MTR-IOS-2816,Group,Shared Experience,Wedding,Travel,Expense,2025-09-21,14:37:49,2025-09-21 14:37:49,2058.85,INR,-2058.85,IOS Meera,3,EXACT,MAESTRO-IOS-GROUP-WEDDING-2816 | Travel | 2058.85,iPhone,B57,HIGH_2501_3000,CREATED,idem-20260902-ios-2816
2817,MTR-IOS-2817,Business,Business,Business Operations,Rent,Expense,2026-02-17,06:42:36,2026-02-17 06:42:36,46736.05,INR,-46736.05,IOS Owner,,,MAESTRO-IOS-BUSINESS-BUSINESS_OPERATIONS-2817 | Rent | 46736.05,iPhone,B57,HIGH_2501_3000,CREATED,idem-20260902-ios-2817
2818,MTR-IOS-2818,Personal,Personal,Relationships,Dates,Expense,2026-03-15,09:51:00,2026-03-15 09:51:00,2440.5,INR,-2440.5,IOS Owner,,,MAESTRO-IOS-PERSONAL-RELATIONSHIPS-2818 | Dates | 2440.50,iPhone,B57,HIGH_2501_3000,CREATED,idem-20260902-ios-2818
2819,MTR-IOS-2819,Group,Shared Experience,Wedding,Gifts,Expense,2025-11-15,14:03:47,2025-11-15 14:03:47,23753.89,INR,-23753.89,IOS Owner,3,SHARES,MAESTRO-IOS-GROUP-WEDDING-2819 | Gifts | 23753.89,iPhone,B57,HIGH_2501_3000,CREATED,idem-20260902-ios-2819
2820,MTR-IOS-2820,Business,Business,Business Operations,Marketing,Expense,2025-11-17,15:07:34,2025-11-17 15:07:34,97260.6,INR,-97260.6,IOS Owner,,,MAESTRO-IOS-BUSINESS-BUSINESS_OPERATIONS-2820 | Marketing | 97260.60,iPhone,B57,HIGH_2501_3000,CREATED,idem-20260902-ios-2820
2821,MTR-IOS-2821,Personal,Personal,Relationships,Family,Expense,2026-06-20,09:13:23,2026-06-20 09:13:23,4393.41,INR,-4393.41,IOS Owner,,,MAESTRO-IOS-PERSONAL-RELATIONSHIPS-2821 | Family | 4393.41,iPhone,B57,HIGH_2501_3000,CREATED,idem-20260902-ios-2821
2822,MTR-IOS-2822,Group,Shared Experience,Wedding,Photography,Expense,2026-01-13,08:33:10,2026-01-13 08:33:10,12022.01,INR,-12022.01,IOS Aarav,3,EQUAL,MAESTRO-IOS-GROUP-WEDDING-2822 | Photography | 12022.01,iPhone,B57,HIGH_2501_3000,CREATED,idem-20260902-ios-2822
2823,MTR-IOS-2823,Business,Business,Business Operations,Legal,Expense,2026-02-19,12:46:26,2026-02-19 12:46:26,160661.94,INR,-160661.94,IOS Owner,,,MAESTRO-IOS-BUSINESS-BUSINESS_OPERATIONS-2823 | Legal | 160661.94,iPhone,B57,HIGH_2501_3000,CREATED,idem-20260902-ios-2823
2824,MTR-IOS-2824,Personal,Personal,Relationships,Friends,Expense,2025-09-13,20:46:43,2025-09-13 20:46:43,2908.6,INR,-2908.6,IOS Owner,,,MAESTRO-IOS-PERSONAL-RELATIONSHIPS-2824 | Friends | 2908.60,iPhone,B57,HIGH_2501_3000,CREATED,idem-20260902-ios-2824
2825,MTR-IOS-2825,Group,Shared Experience,Wedding,Other,Expense,2025-12-13,11:51:15,2025-12-13 11:51:15,24637.16,INR,-24637.16,IOS Meera,3,PERCENTAGE,MAESTRO-IOS-GROUP-WEDDING-2825 | Other | 24637.16,iPhone,B57,HIGH_2501_3000,CREATED,idem-20260902-ios-2825
2826,MTR-IOS-2826,Business,Business,Business Operations,Accounting,Expense,2026-02-09,11:13:29,2026-02-09 11:13:29,62228.27,INR,-62228.27,IOS Owner,,,MAESTRO-IOS-BUSINESS-BUSINESS_OPERATIONS-2826 | Accounting | 62228.27,iPhone,B57,HIGH_2501_3000,CREATED,idem-20260902-ios-2826
2827,MTR-IOS-2827,Personal,Personal,Relationships,Celebrations,Expense,2026-02-10,05:40:00,2026-02-10 05:40:00,17731.91,INR,-17731.91,IOS Owner,,,MAESTRO-IOS-PERSONAL-RELATIONSHIPS-2827 | Celebrations | 17731.91,iPhone,B57,HIGH_2501_3000,CREATED,idem-20260902-ios-2827
2828,MTR-IOS-2828,Group,Shared Experience,Office Outing,Food,Expense,2026-04-19,17:44:41,2026-04-19 17:44:41,9889.25,INR,-9889.25,IOS Owner,3,EXACT,MAESTRO-IOS-GROUP-OFFICE_OUTING-2828 | Food | 9889.25,iPhone,B57,HIGH_2501_3000,CREATED,idem-20260902-ios-2828
2829,MTR-IOS-2829,Business,Business,Business Operations,Equipment,Expense,2025-12-23,07:23:31,2025-12-23 07:23:31,92113.72,INR,-92113.72,IOS Owner,,,MAESTRO-IOS-BUSINESS-BUSINESS_OPERATIONS-2829 | Equipment | 92113.72,iPhone,B57,HIGH_2501_3000,CREATED,idem-20260902-ios-2829
2830,MTR-IOS-2830,Personal,Personal,Life Operations,Groceries,Expense,2025-09-23,05:32:54,2025-09-23 05:32:54,3000.95,INR,-3000.95,IOS Owner,,,MAESTRO-IOS-PERSONAL-LIFE_OPERATIONS-2830 | Groceries | 3000.95,iPhone,B57,HIGH_2501_3000,CREATED,idem-20260902-ios-2830
2831,MTR-IOS-2831,Group,Shared Experience,Office Outing,Travel,Expense,2025-12-11,06:22:39,2025-12-11 06:22:39,25586.85,INR,-25586.85,IOS Aarav,3,SHARES,MAESTRO-IOS-GROUP-OFFICE_OUTING-2831 | Travel | 25586.85,iPhone,B57,HIGH_2501_3000,CREATED,idem-20260902-ios-2831
2832,MTR-IOS-2832,Business,Business,Business Operations,Vendor,Expense,2025-09-14,20:22:52,2025-09-14 20:22:52,71381.64,INR,-71381.64,IOS Owner,,,MAESTRO-IOS-BUSINESS-BUSINESS_OPERATIONS-2832 | Vendor | 71381.64,iPhone,B57,HIGH_2501_3000,CREATED,idem-20260902-ios-2832
2833,MTR-IOS-2833,Personal,Personal,Life Operations,Rent,Expense,2026-07-23,08:29:02,2026-07-23 08:29:02,7823.63,INR,-7823.63,IOS Owner,,,MAESTRO-IOS-PERSONAL-LIFE_OPERATIONS-2833 | Rent | 7823.63,iPhone,B57,HIGH_2501_3000,CREATED,idem-20260902-ios-2833
2834,MTR-IOS-2834,Group,Shared Experience,Office Outing,Activities,Expense,2026-03-09,11:22:15,2026-03-09 11:22:15,20032.75,INR,-20032.75,IOS Meera,3,EQUAL,MAESTRO-IOS-GROUP-OFFICE_OUTING-2834 | Activities | 20032.75,iPhone,B57,HIGH_2501_3000,CREATED,idem-20260902-ios-2834
2835,MTR-IOS-2835,Business,Business,Business Operations,Tax,Expense,2026-06-09,22:39:31,2026-06-09 22:39:31,80056.79,INR,-80056.79,IOS Owner,,,MAESTRO-IOS-BUSINESS-BUSINESS_OPERATIONS-2835 | Tax | 80056.79,iPhone,B57,HIGH_2501_3000,CREATED,idem-20260902-ios-2835
2836,MTR-IOS-2836,Personal,Personal,Life Operations,Bills,Expense,2026-03-14,15:48:23,2026-03-14 15:48:23,10037.53,INR,-10037.53,IOS Owner,,,MAESTRO-IOS-PERSONAL-LIFE_OPERATIONS-2836 | Bills | 10037.53,iPhone,B57,HIGH_2501_3000,CREATED,idem-20260902-ios-2836
2837,MTR-IOS-2837,Group,Shared Experience,Office Outing,Venue,Expense,2026-04-12,15:29:11,2026-04-12 15:29:11,3184.56,INR,-3184.56,IOS Owner,3,PERCENTAGE,MAESTRO-IOS-GROUP-OFFICE_OUTING-2837 | Venue | 3184.56,iPhone,B57,HIGH_2501_3000,CREATED,idem-20260902-ios-2837
2838,MTR-IOS-2838,Business,Business,Team Operations,Payroll,Expense,2025-10-02,16:47:11,2025-10-02 16:47:11,85276.42,INR,-85276.42,IOS Owner,,,MAESTRO-IOS-BUSINESS-TEAM_OPERATIONS-2838 | Payroll | 85276.42,iPhone,B57,HIGH_2501_3000,CREATED,idem-20260902-ios-2838
2839,MTR-IOS-2839,Personal,Personal,Life Operations,Transport,Expense,2025-11-27,05:17:56,2025-11-27 05:17:56,8735.97,INR,-8735.97,IOS Owner,,,MAESTRO-IOS-PERSONAL-LIFE_OPERATIONS-2839 | Transport | 8735.97,iPhone,B57,HIGH_2501_3000,CREATED,idem-20260902-ios-2839
2840,MTR-IOS-2840,Group,Shared Experience,Office Outing,Other,Expense,2025-09-25,11:46:48,2025-09-25 11:46:48,26607.08,INR,-26607.08,IOS Aarav,3,EXACT,MAESTRO-IOS-GROUP-OFFICE_OUTING-2840 | Other | 26607.08,iPhone,B57,HIGH_2501_3000,CREATED,idem-20260902-ios-2840
2841,MTR-IOS-2841,Business,Business,Team Operations,Contractor,Expense,2026-04-05,00:18:36,2026-04-05 00:18:36,135576.98,INR,-135576.98,IOS Owner,,,MAESTRO-IOS-BUSINESS-TEAM_OPERATIONS-2841 | Contractor | 135576.98,iPhone,B57,HIGH_2501_3000,CREATED,idem-20260902-ios-2841
2842,MTR-IOS-2842,Personal,Personal,Life Operations,Healthcare,Expense,2025-12-04,13:33:21,2025-12-04 13:33:21,4186.24,INR,-4186.24,IOS Owner,,,MAESTRO-IOS-PERSONAL-LIFE_OPERATIONS-2842 | Healthcare | 4186.24,iPhone,B57,HIGH_2501_3000,CREATED,idem-20260902-ios-2842
2843,MTR-IOS-2843,Group,Shared Experience,House Party,Food,Expense,2026-02-04,13:45:58,2026-02-04 13:45:58,11429.06,INR,-11429.06,IOS Meera,3,SHARES,MAESTRO-IOS-GROUP-HOUSE_PARTY-2843 | Food | 11429.06,iPhone,B57,HIGH_2501_3000,CREATED,idem-20260902-ios-2843
2844,MTR-IOS-2844,Business,Business,Team Operations,Hiring,Expense,2026-05-14,13:51:13,2026-05-14 13:51:13,122674.65,INR,-122674.65,IOS Owner,,,MAESTRO-IOS-BUSINESS-TEAM_OPERATIONS-2844 | Hiring | 122674.65,iPhone,B57,HIGH_2501_3000,CREATED,idem-20260902-ios-2844
2845,MTR-IOS-2845,Personal,Personal,Life Operations,Subscriptions,Expense,2026-08-15,03:12:13,2026-08-15 03:12:13,13064.2,INR,-13064.2,IOS Owner,,,MAESTRO-IOS-PERSONAL-LIFE_OPERATIONS-2845 | Subscriptions | 13064.20,iPhone,B57,HIGH_2501_3000,CREATED,idem-20260902-ios-2845
2846,MTR-IOS-2846,Group,Shared Experience,House Party,Drinks,Expense,2026-03-11,22:59:28,2026-03-11 22:59:28,9939.24,INR,-9939.24,IOS Owner,3,EQUAL,MAESTRO-IOS-GROUP-HOUSE_PARTY-2846 | Drinks | 9939.24,iPhone,B57,HIGH_2501_3000,CREATED,idem-20260902-ios-2846
2847,MTR-IOS-2847,Business,Business,Team Operations,Team Meal,Expense,2026-05-27,17:52:39,2026-05-27 17:52:39,38908.23,INR,-38908.23,IOS Owner,,,MAESTRO-IOS-BUSINESS-TEAM_OPERATIONS-2847 | Team Meal | 38908.23,iPhone,B57,HIGH_2501_3000,CREATED,idem-20260902-ios-2847
2848,MTR-IOS-2848,Personal,Personal,Life Operations,Repairs,Expense,2025-10-14,18:39:37,2025-10-14 18:39:37,490.97,INR,-490.97,IOS Owner,,,MAESTRO-IOS-PERSONAL-LIFE_OPERATIONS-2848 | Repairs | 490.97,iPhone,B57,HIGH_2501_3000,CREATED,idem-20260902-ios-2848
2849,MTR-IOS-2849,Group,Shared Experience,House Party,Decor,Expense,2026-05-26,01:19:30,2026-05-26 01:19:30,10000.0,INR,-10000.0,IOS Aarav,3,PERCENTAGE,MAESTRO-IOS-GROUP-HOUSE_PARTY-2849 | Decor | 10000.00,iPhone,B57,HIGH_2501_3000,CREATED,idem-20260902-ios-2849
2850,MTR-IOS-2850,Business,Business,Team Operations,Travel,Expense,2026-05-11,16:03:49,2026-05-11 16:03:49,136535.2,INR,-136535.2,IOS Owner,,,MAESTRO-IOS-BUSINESS-TEAM_OPERATIONS-2850 | Travel | 136535.20,iPhone,B57,HIGH_2501_3000,CREATED,idem-20260902-ios-2850
2851,MTR-IOS-2851,Personal,Personal,Future Building,Savings,Transfer,2026-07-14,20:10:28,2026-07-14 20:10:28,5068.4,INR,0.0,IOS Owner,,,MAESTRO-IOS-PERSONAL-FUTURE_BUILDING-2851 | Savings | 5068.40,iPhone,B58,HIGH_2501_3000,CREATED,idem-20260902-ios-2851
2852,MTR-IOS-2852,Group,Shared Experience,House Party,Supplies,Expense,2026-07-14,14:55:19,2026-07-14 14:55:19,4515.72,INR,-4515.72,IOS Meera,3,EXACT,MAESTRO-IOS-GROUP-HOUSE_PARTY-2852 | Supplies | 4515.72,iPhone,B58,HIGH_2501_3000,CREATED,idem-20260902-ios-2852
2853,MTR-IOS-2853,Business,Business,Team Operations,Training,Expense,2026-05-16,22:42:54,2026-05-16 22:42:54,87244.77,INR,-87244.77,IOS Owner,,,MAESTRO-IOS-BUSINESS-TEAM_OPERATIONS-2853 | Training | 87244.77,iPhone,B58,HIGH_2501_3000,CREATED,idem-20260902-ios-2853
2854,MTR-IOS-2854,Personal,Personal,Future Building,Emergency Fund,Transfer,2026-04-21,21:23:36,2026-04-21 21:23:36,8818.4,INR,0.0,IOS Owner,,,MAESTRO-IOS-PERSONAL-FUTURE_BUILDING-2854 | Emergency Fund | 8818.40,iPhone,B58,HIGH_2501_3000,CREATED,idem-20260902-ios-2854
2855,MTR-IOS-2855,Group,Shared Experience,House Party,Other,Expense,2026-01-18,07:33:52,2026-01-18 07:33:52,25072.38,INR,-25072.38,IOS Owner,3,SHARES,MAESTRO-IOS-GROUP-HOUSE_PARTY-2855 | Other | 25072.38,iPhone,B58,HIGH_2501_3000,CREATED,idem-20260902-ios-2855
2856,MTR-IOS-2856,Business,Business,Team Operations,Tools,Expense,2026-02-08,05:31:19,2026-02-08 05:31:19,30877.46,INR,-30877.46,IOS Owner,,,MAESTRO-IOS-BUSINESS-TEAM_OPERATIONS-2856 | Tools | 30877.46,iPhone,B58,HIGH_2501_3000,CREATED,idem-20260902-ios-2856
2857,MTR-IOS-2857,Personal,Personal,Future Building,Investments,Investment,2026-02-02,01:28:03,2026-02-02 01:28:03,4111.79,INR,0.0,IOS Owner,,,MAESTRO-IOS-PERSONAL-FUTURE_BUILDING-2857 | Investments | 4111.79,iPhone,B58,HIGH_2501_3000,CREATED,idem-20260902-ios-2857
2858,MTR-IOS-2858,Group,Shared Purchase,Gift Pool,Contribution,Contribution,2026-03-24,18:23:38,2026-03-24 18:23:38,20903.62,INR,20903.62,IOS Aarav,3,EQUAL,MAESTRO-IOS-GROUP-GIFT_POOL-2858 | Contribution | 20903.62,iPhone,B58,HIGH_2501_3000,CREATED,idem-20260902-ios-2858
2859,MTR-IOS-2859,Business,Business,Business Runway,Funding,Income,2026-01-20,16:31:17,2026-01-20 16:31:17,136029.47,INR,136029.47,IOS Owner,,,MAESTRO-IOS-BUSINESS-BUSINESS_RUNWAY-2859 | Funding | 136029.47,iPhone,B58,HIGH_2501_3000,CREATED,idem-20260902-ios-2859
2860,MTR-IOS-2860,Personal,Personal,Future Building,Education,Expense,2025-10-03,22:57:06,2025-10-03 22:57:06,12081.63,INR,-12081.63,IOS Owner,,,MAESTRO-IOS-PERSONAL-FUTURE_BUILDING-2860 | Education | 12081.63,iPhone,B58,HIGH_2501_3000,CREATED,idem-20260902-ios-2860
2861,MTR-IOS-2861,Group,Shared Purchase,Gift Pool,Gift Purchase,Expense,2026-04-12,07:57:43,2026-04-12 07:57:43,23999.78,INR,-23999.78,IOS Meera,3,PERCENTAGE,MAESTRO-IOS-GROUP-GIFT_POOL-2861 | Gift Purchase | 23999.78,iPhone,B58,HIGH_2501_3000,CREATED,idem-20260902-ios-2861
2862,MTR-IOS-2862,Business,Business,Business Runway,Revenue,Income,2026-09-01,22:15:08,2026-09-01 22:15:08,66956.7,INR,66956.7,IOS Owner,,,MAESTRO-IOS-BUSINESS-BUSINESS_RUNWAY-2862 | Revenue | 66956.70,iPhone,B58,HIGH_2501_3000,CREATED,idem-20260902-ios-2862
2863,MTR-IOS-2863,Personal,Personal,Future Building,Goal Contribution,Transfer,2025-09-30,13:16:36,2025-09-30 13:16:36,10784.06,INR,0.0,IOS Owner,,,MAESTRO-IOS-PERSONAL-FUTURE_BUILDING-2863 | Goal Contribution | 10784.06,iPhone,B58,HIGH_2501_3000,CREATED,idem-20260902-ios-2863
2864,MTR-IOS-2864,Group,Shared Purchase,Gift Pool,Delivery,Expense,2026-06-14,15:40:51,2026-06-14 15:40:51,12944.84,INR,-12944.84,IOS Owner,3,EXACT,MAESTRO-IOS-GROUP-GIFT_POOL-2864 | Delivery | 12944.84,iPhone,B58,HIGH_2501_3000,CREATED,idem-20260902-ios-2864
2865,MTR-IOS-2865,Business,Business,Business Runway,Burn,Expense,2026-08-06,11:10:10,2026-08-06 11:10:10,151257.34,INR,-151257.34,IOS Owner,,,MAESTRO-IOS-BUSINESS-BUSINESS_RUNWAY-2865 | Burn | 151257.34,iPhone,B58,HIGH_2501_3000,CREATED,idem-20260902-ios-2865
2866,MTR-IOS-2866,Personal,Personal,Lifestyle,Dining,Expense,2025-09-14,21:24:18,2025-09-14 21:24:18,11225.56,INR,-11225.56,IOS Owner,,,MAESTRO-IOS-PERSONAL-LIFESTYLE-2866 | Dining | 11225.56,iPhone,B58,HIGH_2501_3000,CREATED,idem-20260902-ios-2866
2867,MTR-IOS-2867,Group,Shared Purchase,Gift Pool,Other,Expense,2026-06-04,02:22:54,2026-06-04 02:22:54,11569.38,INR,-11569.38,IOS Aarav,3,SHARES,MAESTRO-IOS-GROUP-GIFT_POOL-2867 | Other | 11569.38,iPhone,B58,HIGH_2501_3000,CREATED,idem-20260902-ios-2867
2868,MTR-IOS-2868,Business,Business,Business Runway,Reserve,Transfer,2026-05-28,02:17:20,2026-05-28 02:17:20,145721.49,INR,0.0,IOS Owner,,,MAESTRO-IOS-BUSINESS-BUSINESS_RUNWAY-2868 | Reserve | 145721.49,iPhone,B58,HIGH_2501_3000,CREATED,idem-20260902-ios-2868
2869,MTR-IOS-2869,Personal,Personal,Lifestyle,Shopping,Expense,2026-04-19,06:53:59,2026-04-19 06:53:59,2265.39,INR,-2265.39,IOS Owner,,,MAESTRO-IOS-PERSONAL-LIFESTYLE-2869 | Shopping | 2265.39,iPhone,B58,HIGH_2501_3000,CREATED,idem-20260902-ios-2869
2870,MTR-IOS-2870,Group,Shared Purchase,Purchase,Item,Expense,2026-08-07,03:02:18,2026-08-07 03:02:18,26339.76,INR,-26339.76,IOS Meera,3,EQUAL,MAESTRO-IOS-GROUP-PURCHASE-2870 | Item | 26339.76,iPhone,B58,HIGH_2501_3000,CREATED,idem-20260902-ios-2870
2871,MTR-IOS-2871,Business,Business,Business Runway,Loan,Income,2025-12-14,12:42:43,2025-12-14 12:42:43,162211.21,INR,162211.21,IOS Owner,,,MAESTRO-IOS-BUSINESS-BUSINESS_RUNWAY-2871 | Loan | 162211.21,iPhone,B58,HIGH_2501_3000,CREATED,idem-20260902-ios-2871
2872,MTR-IOS-2872,Personal,Personal,Lifestyle,Entertainment,Expense,2026-02-22,13:42:32,2026-02-22 13:42:32,403.67,INR,-403.67,IOS Owner,,,MAESTRO-IOS-PERSONAL-LIFESTYLE-2872 | Entertainment | 403.67,iPhone,B58,HIGH_2501_3000,CREATED,idem-20260902-ios-2872
2873,MTR-IOS-2873,Group,Shared Purchase,Purchase,Shipping,Expense,2025-09-19,17:47:47,2025-09-19 17:47:47,7917.48,INR,-7917.48,IOS Owner,3,PERCENTAGE,MAESTRO-IOS-GROUP-PURCHASE-2873 | Shipping | 7917.48,iPhone,B58,HIGH_2501_3000,CREATED,idem-20260902-ios-2873
2874,MTR-IOS-2874,Business,Business,Business Runway,Investment,Income,2026-05-03,10:51:54,2026-05-03 10:51:54,154766.06,INR,154766.06,IOS Owner,,,MAESTRO-IOS-BUSINESS-BUSINESS_RUNWAY-2874 | Investment | 154766.06,iPhone,B58,HIGH_2501_3000,CREATED,idem-20260902-ios-2874
2875,MTR-IOS-2875,Personal,Personal,Lifestyle,Travel,Expense,2026-04-01,05:35:40,2026-04-01 05:35:40,670.06,INR,-670.06,IOS Owner,,,MAESTRO-IOS-PERSONAL-LIFESTYLE-2875 | Travel | 670.06,iPhone,B58,HIGH_2501_3000,CREATED,idem-20260902-ios-2875
2876,MTR-IOS-2876,Group,Shared Purchase,Purchase,Tax,Expense,2026-01-14,20:05:36,2026-01-14 20:05:36,19416.8,INR,-19416.8,IOS Aarav,3,EXACT,MAESTRO-IOS-GROUP-PURCHASE-2876 | Tax | 19416.80,iPhone,B58,HIGH_2501_3000,CREATED,idem-20260902-ios-2876
2877,MTR-IOS-2877,Business,Business,Business Operations,Software,Expense,2026-04-15,00:16:03,2026-04-15 00:16:03,130891.01,INR,-130891.01,IOS Owner,,,MAESTRO-IOS-BUSINESS-BUSINESS_OPERATIONS-2877 | Software | 130891.01,iPhone,B58,HIGH_2501_3000,CREATED,idem-20260902-ios-2877
2878,MTR-IOS-2878,Personal,Personal,Lifestyle,Fitness,Expense,2026-06-11,18:29:30,2026-06-11 18:29:30,16723.64,INR,-16723.64,IOS Owner,,,MAESTRO-IOS-PERSONAL-LIFESTYLE-2878 | Fitness | 16723.64,iPhone,B58,HIGH_2501_3000,CREATED,idem-20260902-ios-2878
2879,MTR-IOS-2879,Group,Shared Purchase,Purchase,Other,Expense,2025-09-29,01:58:30,2025-09-29 01:58:30,7529.47,INR,-7529.47,IOS Meera,3,SHARES,MAESTRO-IOS-GROUP-PURCHASE-2879 | Other | 7529.47,iPhone,B58,HIGH_2501_3000,CREATED,idem-20260902-ios-2879
2880,MTR-IOS-2880,Business,Business,Business Operations,Rent,Expense,2025-09-16,13:39:47,2025-09-16 13:39:47,37112.74,INR,-37112.74,IOS Owner,,,MAESTRO-IOS-BUSINESS-BUSINESS_OPERATIONS-2880 | Rent | 37112.74,iPhone,B58,HIGH_2501_3000,CREATED,idem-20260902-ios-2880
2881,MTR-IOS-2881,Personal,Personal,Lifestyle,Hobbies,Expense,2026-01-28,04:01:47,2026-01-28 04:01:47,13378.72,INR,-13378.72,IOS Owner,,,MAESTRO-IOS-PERSONAL-LIFESTYLE-2881 | Hobbies | 13378.72,iPhone,B58,HIGH_2501_3000,CREATED,idem-20260902-ios-2881
2882,MTR-IOS-2882,Group,Shared Purchase,Assets,Purchase,Expense,2026-08-09,12:00:00,2026-08-09 12:00:00,8027.55,INR,-8027.55,IOS Owner,3,EQUAL,MAESTRO-IOS-GROUP-ASSETS-2882 | Purchase | 8027.55,iPhone,B58,HIGH_2501_3000,CREATED,idem-20260902-ios-2882
2883,MTR-IOS-2883,Business,Business,Business Operations,Marketing,Expense,2026-08-02,11:13:22,2026-08-02 11:13:22,157848.44,INR,-157848.44,IOS Owner,,,MAESTRO-IOS-BUSINESS-BUSINESS_OPERATIONS-2883 | Marketing | 157848.44,iPhone,B58,HIGH_2501_3000,CREATED,idem-20260902-ios-2883
2884,MTR-IOS-2884,Personal,Personal,Relationships,Gifts,Expense,2026-04-15,14:53:51,2026-04-15 14:53:51,5732.7,INR,-5732.7,IOS Owner,,,MAESTRO-IOS-PERSONAL-RELATIONSHIPS-2884 | Gifts | 5732.70,iPhone,B58,HIGH_2501_3000,CREATED,idem-20260902-ios-2884
2885,MTR-IOS-2885,Group,Shared Purchase,Assets,Maintenance,Expense,2026-06-04,17:45:26,2026-06-04 17:45:26,5386.22,INR,-5386.22,IOS Aarav,3,PERCENTAGE,MAESTRO-IOS-GROUP-ASSETS-2885 | Maintenance | 5386.22,iPhone,B58,HIGH_2501_3000,CREATED,idem-20260902-ios-2885
2886,MTR-IOS-2886,Business,Business,Business Operations,Legal,Expense,2026-03-02,06:00:05,2026-03-02 06:00:05,0.01,INR,-0.01,IOS Owner,,,MAESTRO-IOS-BUSINESS-BUSINESS_OPERATIONS-2886 | Legal | 0.01,iPhone,B58,HIGH_2501_3000,CREATED,idem-20260902-ios-2886
2887,MTR-IOS-2887,Personal,Personal,Relationships,Dates,Expense,2026-06-13,04:20:24,2026-06-13 04:20:24,14533.51,INR,-14533.51,IOS Owner,,,MAESTRO-IOS-PERSONAL-RELATIONSHIPS-2887 | Dates | 14533.51,iPhone,B58,HIGH_2501_3000,CREATED,idem-20260902-ios-2887
2888,MTR-IOS-2888,Group,Shared Purchase,Assets,Repair,Expense,2025-12-03,15:33:32,2025-12-03 15:33:32,1485.34,INR,-1485.34,IOS Meera,3,EXACT,MAESTRO-IOS-GROUP-ASSETS-2888 | Repair | 1485.34,iPhone,B58,HIGH_2501_3000,CREATED,idem-20260902-ios-2888
2889,MTR-IOS-2889,Business,Business,Business Operations,Accounting,Expense,2025-12-12,18:43:14,2025-12-12 18:43:14,155127.85,INR,-155127.85,IOS Owner,,,MAESTRO-IOS-BUSINESS-BUSINESS_OPERATIONS-2889 | Accounting | 155127.85,iPhone,B58,HIGH_2501_3000,CREATED,idem-20260902-ios-2889
2890,MTR-IOS-2890,Personal,Personal,Relationships,Family,Expense,2026-04-02,02:19:54,2026-04-02 02:19:54,17355.29,INR,-17355.29,IOS Owner,,,MAESTRO-IOS-PERSONAL-RELATIONSHIPS-2890 | Family | 17355.29,iPhone,B58,HIGH_2501_3000,CREATED,idem-20260902-ios-2890
2891,MTR-IOS-2891,Group,Shared Purchase,Assets,Insurance,Expense,2026-03-04,06:46:23,2026-03-04 06:46:23,19079.31,INR,-19079.31,IOS Owner,3,SHARES,MAESTRO-IOS-GROUP-ASSETS-2891 | Insurance | 19079.31,iPhone,B58,HIGH_2501_3000,CREATED,idem-20260902-ios-2891
2892,MTR-IOS-2892,Business,Business,Business Operations,Equipment,Expense,2026-05-10,23:51:51,2026-05-10 23:51:51,90790.56,INR,-90790.56,IOS Owner,,,MAESTRO-IOS-BUSINESS-BUSINESS_OPERATIONS-2892 | Equipment | 90790.56,iPhone,B58,HIGH_2501_3000,CREATED,idem-20260902-ios-2892
2893,MTR-IOS-2893,Personal,Personal,Relationships,Friends,Expense,2025-11-18,20:14:16,2025-11-18 20:14:16,8963.4,INR,-8963.4,IOS Owner,,,MAESTRO-IOS-PERSONAL-RELATIONSHIPS-2893 | Friends | 8963.40,iPhone,B58,HIGH_2501_3000,CREATED,idem-20260902-ios-2893
2894,MTR-IOS-2894,Group,Shared Purchase,Assets,Other,Expense,2026-07-18,09:07:34,2026-07-18 09:07:34,1379.58,INR,-1379.58,IOS Aarav,3,EQUAL,MAESTRO-IOS-GROUP-ASSETS-2894 | Other | 1379.58,iPhone,B58,HIGH_2501_3000,CREATED,idem-20260902-ios-2894
2895,MTR-IOS-2895,Business,Business,Business Operations,Vendor,Expense,2026-05-07,14:17:07,2026-05-07 14:17:07,136797.33,INR,-136797.33,IOS Owner,,,MAESTRO-IOS-BUSINESS-BUSINESS_OPERATIONS-2895 | Vendor | 136797.33,iPhone,B58,HIGH_2501_3000,CREATED,idem-20260902-ios-2895
2896,MTR-IOS-2896,Personal,Personal,Relationships,Celebrations,Expense,2026-06-19,16:09:26,2026-06-19 16:09:26,2270.69,INR,-2270.69,IOS Owner,,,MAESTRO-IOS-PERSONAL-RELATIONSHIPS-2896 | Celebrations | 2270.69,iPhone,B58,HIGH_2501_3000,CREATED,idem-20260902-ios-2896
2897,MTR-IOS-2897,Group,Shared Purchase,Custom Purchase,Custom Expense,Expense,2026-01-28,16:16:02,2026-01-28 16:16:02,15061.06,INR,-15061.06,IOS Meera,3,PERCENTAGE,MAESTRO-IOS-GROUP-CUSTOM_PURCHASE-2897 | Custom Expense | 15061.06,iPhone,B58,HIGH_2501_3000,CREATED,idem-20260902-ios-2897
2898,MTR-IOS-2898,Business,Business,Business Operations,Tax,Expense,2026-08-14,04:24:43,2026-08-14 04:24:43,679.49,INR,-679.49,IOS Owner,,,MAESTRO-IOS-BUSINESS-BUSINESS_OPERATIONS-2898 | Tax | 679.49,iPhone,B58,HIGH_2501_3000,CREATED,idem-20260902-ios-2898
2899,MTR-IOS-2899,Personal,Personal,Life Operations,Groceries,Expense,2025-09-20,22:31:53,2025-09-20 22:31:53,1996.09,INR,-1996.09,IOS Owner,,,MAESTRO-IOS-PERSONAL-LIFE_OPERATIONS-2899 | Groceries | 1996.09,iPhone,B58,HIGH_2501_3000,CREATED,idem-20260902-ios-2899
2900,MTR-IOS-2900,Group,Shared Purchase,Custom Purchase,Custom Contribution,Contribution,2026-03-24,21:20:13,2026-03-24 21:20:13,12523.4,INR,12523.4,IOS Owner,3,EXACT,MAESTRO-IOS-GROUP-CUSTOM_PURCHASE-2900 | Custom Contribution | 12523.40,iPhone,B58,HIGH_2501_3000,CREATED,idem-20260902-ios-2900
2901,MTR-IOS-2901,Business,Business,Team Operations,Payroll,Expense,2026-01-17,17:49:43,2026-01-17 17:49:43,91624.13,INR,-91624.13,IOS Owner,,,MAESTRO-IOS-BUSINESS-TEAM_OPERATIONS-2901 | Payroll | 91624.13,iPhone,B59,HIGH_2501_3000,CREATED,idem-20260902-ios-2901
2902,MTR-IOS-2902,Personal,Personal,Life Operations,Rent,Expense,2026-07-20,14:55:46,2026-07-20 14:55:46,2340.93,INR,-2340.93,IOS Owner,,,MAESTRO-IOS-PERSONAL-LIFE_OPERATIONS-2902 | Rent | 2340.93,iPhone,B59,HIGH_2501_3000,CREATED,idem-20260902-ios-2902
2903,MTR-IOS-2903,Group,Shared Living,Flatmates,Rent,Expense,2026-08-13,21:02:26,2026-08-13 21:02:26,14740.87,INR,-14740.87,IOS Aarav,3,SHARES,MAESTRO-IOS-GROUP-FLATMATES-2903 | Rent | 14740.87,iPhone,B59,HIGH_2501_3000,CREATED,idem-20260902-ios-2903
2904,MTR-IOS-2904,Business,Business,Team Operations,Contractor,Expense,2026-02-24,09:34:44,2026-02-24 09:34:44,121869.6,INR,-121869.6,IOS Owner,,,MAESTRO-IOS-BUSINESS-TEAM_OPERATIONS-2904 | Contractor | 121869.60,iPhone,B59,HIGH_2501_3000,CREATED,idem-20260902-ios-2904
2905,MTR-IOS-2905,Personal,Personal,Life Operations,Bills,Expense,2025-11-18,01:22:54,2025-11-18 01:22:54,14933.16,INR,-14933.16,IOS Owner,,,MAESTRO-IOS-PERSONAL-LIFE_OPERATIONS-2905 | Bills | 14933.16,iPhone,B59,HIGH_2501_3000,CREATED,idem-20260902-ios-2905
2906,MTR-IOS-2906,Group,Shared Living,Flatmates,Utilities,Expense,2025-09-17,02:40:36,2025-09-17 02:40:36,4765.67,INR,-4765.67,IOS Meera,3,EQUAL,MAESTRO-IOS-GROUP-FLATMATES-2906 | Utilities | 4765.67,iPhone,B59,HIGH_2501_3000,CREATED,idem-20260902-ios-2906
2907,MTR-IOS-2907,Business,Business,Team Operations,Hiring,Expense,2026-04-24,18:46:59,2026-04-24 18:46:59,16291.63,INR,-16291.63,IOS Owner,,,MAESTRO-IOS-BUSINESS-TEAM_OPERATIONS-2907 | Hiring | 16291.63,iPhone,B59,HIGH_2501_3000,CREATED,idem-20260902-ios-2907
2908,MTR-IOS-2908,Personal,Personal,Life Operations,Transport,Expense,2026-05-31,21:19:53,2026-05-31 21:19:53,17722.71,INR,-17722.71,IOS Owner,,,MAESTRO-IOS-PERSONAL-LIFE_OPERATIONS-2908 | Transport | 17722.71,iPhone,B59,HIGH_2501_3000,CREATED,idem-20260902-ios-2908
2909,MTR-IOS-2909,Group,Shared Living,Flatmates,Groceries,Expense,2026-03-15,14:41:16,2026-03-15 14:41:16,7273.29,INR,-7273.29,IOS Owner,3,PERCENTAGE,MAESTRO-IOS-GROUP-FLATMATES-2909 | Groceries | 7273.29,iPhone,B59,HIGH_2501_3000,CREATED,idem-20260902-ios-2909
2910,MTR-IOS-2910,Business,Business,Team Operations,Team Meal,Expense,2025-10-11,16:17:23,2025-10-11 16:17:23,99430.89,INR,-99430.89,IOS Owner,,,MAESTRO-IOS-BUSINESS-TEAM_OPERATIONS-2910 | Team Meal | 99430.89,iPhone,B59,HIGH_2501_3000,CREATED,idem-20260902-ios-2910
2911,MTR-IOS-2911,Personal,Personal,Life Operations,Healthcare,Expense,2026-08-16,12:00:00,2026-08-16 12:00:00,2916.22,INR,-2916.22,IOS Owner,,,MAESTRO-IOS-PERSONAL-LIFE_OPERATIONS-2911 | Healthcare | 2916.22,iPhone,B59,HIGH_2501_3000,CREATED,idem-20260902-ios-2911
2912,MTR-IOS-2912,Group,Shared Living,Flatmates,Internet,Expense,2026-05-17,13:04:58,2026-05-17 13:04:58,24806.95,INR,-24806.95,IOS Aarav,3,EXACT,MAESTRO-IOS-GROUP-FLATMATES-2912 | Internet | 24806.95,iPhone,B59,HIGH_2501_3000,CREATED,idem-20260902-ios-2912
2913,MTR-IOS-2913,Business,Business,Team Operations,Travel,Expense,2026-05-26,12:59:22,2026-05-26 12:59:22,131906.61,INR,-131906.61,IOS Owner,,,MAESTRO-IOS-BUSINESS-TEAM_OPERATIONS-2913 | Travel | 131906.61,iPhone,B59,HIGH_2501_3000,CREATED,idem-20260902-ios-2913
2914,MTR-IOS-2914,Personal,Personal,Life Operations,Subscriptions,Expense,2025-11-30,17:31:04,2025-11-30 17:31:04,16970.15,INR,-16970.15,IOS Owner,,,MAESTRO-IOS-PERSONAL-LIFE_OPERATIONS-2914 | Subscriptions | 16970.15,iPhone,B59,HIGH_2501_3000,CREATED,idem-20260902-ios-2914
2915,MTR-IOS-2915,Group,Shared Living,Flatmates,House Supplies,Expense,2025-12-20,02:43:39,2025-12-20 02:43:39,13930.57,INR,-13930.57,IOS Meera,3,SHARES,MAESTRO-IOS-GROUP-FLATMATES-2915 | House Supplies | 13930.57,iPhone,B59,HIGH_2501_3000,CREATED,idem-20260902-ios-2915
2916,MTR-IOS-2916,Business,Business,Team Operations,Training,Expense,2026-02-22,07:08:06,2026-02-22 07:08:06,42209.66,INR,-42209.66,IOS Owner,,,MAESTRO-IOS-BUSINESS-TEAM_OPERATIONS-2916 | Training | 42209.66,iPhone,B59,HIGH_2501_3000,CREATED,idem-20260902-ios-2916
2917,MTR-IOS-2917,Personal,Personal,Life Operations,Repairs,Expense,2026-07-19,04:12:07,2026-07-19 04:12:07,3416.34,INR,-3416.34,IOS Owner,,,MAESTRO-IOS-PERSONAL-LIFE_OPERATIONS-2917 | Repairs | 3416.34,iPhone,B59,HIGH_2501_3000,CREATED,idem-20260902-ios-2917
2918,MTR-IOS-2918,Group,Shared Living,Flatmates,Repairs,Expense,2026-01-03,08:51:08,2026-01-03 08:51:08,14912.06,INR,-14912.06,IOS Owner,3,EQUAL,MAESTRO-IOS-GROUP-FLATMATES-2918 | Repairs | 14912.06,iPhone,B59,HIGH_2501_3000,CREATED,idem-20260902-ios-2918
2919,MTR-IOS-2919,Business,Business,Team Operations,Tools,Expense,2026-08-28,15:31:38,2026-08-28 15:31:38,91704.35,INR,-91704.35,IOS Owner,,,MAESTRO-IOS-BUSINESS-TEAM_OPERATIONS-2919 | Tools | 91704.35,iPhone,B59,HIGH_2501_3000,CREATED,idem-20260902-ios-2919
2920,MTR-IOS-2920,Personal,Personal,Future Building,Savings,Transfer,2026-08-04,13:28:29,2026-08-04 13:28:29,10574.88,INR,0.0,IOS Owner,,,MAESTRO-IOS-PERSONAL-FUTURE_BUILDING-2920 | Savings | 10574.88,iPhone,B59,HIGH_2501_3000,CREATED,idem-20260902-ios-2920
2921,MTR-IOS-2921,Group,Shared Living,Shared Living,Rent,Expense,2026-05-20,17:31:06,2026-05-20 17:31:06,7084.03,INR,-7084.03,IOS Aarav,3,PERCENTAGE,MAESTRO-IOS-GROUP-SHARED_LIVING-2921 | Rent | 7084.03,iPhone,B59,HIGH_2501_3000,CREATED,idem-20260902-ios-2921
2922,MTR-IOS-2922,Business,Business,Business Runway,Funding,Income,2026-08-01,02:35:05,2026-08-01 02:35:05,49718.38,INR,49718.38,IOS Owner,,,MAESTRO-IOS-BUSINESS-BUSINESS_RUNWAY-2922 | Funding | 49718.38,iPhone,B59,HIGH_2501_3000,CREATED,idem-20260902-ios-2922
2923,MTR-IOS-2923,Personal,Personal,Future Building,Emergency Fund,Transfer,2025-12-07,14:57:52,2025-12-07 14:57:52,1.0,INR,0.0,IOS Owner,,,MAESTRO-IOS-PERSONAL-FUTURE_BUILDING-2923 | Emergency Fund | 1.00,iPhone,B59,HIGH_2501_3000,CREATED,idem-20260902-ios-2923
2924,MTR-IOS-2924,Group,Shared Living,Shared Living,Utilities,Expense,2026-03-27,03:58:12,2026-03-27 03:58:12,13988.77,INR,-13988.77,IOS Meera,3,EXACT,MAESTRO-IOS-GROUP-SHARED_LIVING-2924 | Utilities | 13988.77,iPhone,B59,HIGH_2501_3000,CREATED,idem-20260902-ios-2924
2925,MTR-IOS-2925,Business,Business,Business Runway,Revenue,Income,2025-12-02,22:09:17,2025-12-02 22:09:17,92993.94,INR,92993.94,IOS Owner,,,MAESTRO-IOS-BUSINESS-BUSINESS_RUNWAY-2925 | Revenue | 92993.94,iPhone,B59,HIGH_2501_3000,CREATED,idem-20260902-ios-2925
2926,MTR-IOS-2926,Personal,Personal,Future Building,Investments,Investment,2026-07-18,15:47:14,2026-07-18 15:47:14,6710.52,INR,0.0,IOS Owner,,,MAESTRO-IOS-PERSONAL-FUTURE_BUILDING-2926 | Investments | 6710.52,iPhone,B59,HIGH_2501_3000,CREATED,idem-20260902-ios-2926
2927,MTR-IOS-2927,Group,Shared Living,Shared Living,Groceries,Expense,2026-03-27,02:17:44,2026-03-27 02:17:44,19586.77,INR,-19586.77,IOS Owner,3,SHARES,MAESTRO-IOS-GROUP-SHARED_LIVING-2927 | Groceries | 19586.77,iPhone,B59,HIGH_2501_3000,CREATED,idem-20260902-ios-2927
2928,MTR-IOS-2928,Business,Business,Business Runway,Burn,Expense,2026-01-29,00:12:58,2026-01-29 00:12:58,54789.51,INR,-54789.51,IOS Owner,,,MAESTRO-IOS-BUSINESS-BUSINESS_RUNWAY-2928 | Burn | 54789.51,iPhone,B59,HIGH_2501_3000,CREATED,idem-20260902-ios-2928
2929,MTR-IOS-2929,Personal,Personal,Future Building,Education,Expense,2025-09-19,20:07:20,2025-09-19 20:07:20,9957.52,INR,-9957.52,IOS Owner,,,MAESTRO-IOS-PERSONAL-FUTURE_BUILDING-2929 | Education | 9957.52,iPhone,B59,HIGH_2501_3000,CREATED,idem-20260902-ios-2929
2930,MTR-IOS-2930,Group,Shared Living,Shared Living,Maintenance,Expense,2025-11-23,20:29:14,2025-11-23 20:29:14,13822.97,INR,-13822.97,IOS Aarav,3,EQUAL,MAESTRO-IOS-GROUP-SHARED_LIVING-2930 | Maintenance | 13822.97,iPhone,B59,HIGH_2501_3000,CREATED,idem-20260902-ios-2930
2931,MTR-IOS-2931,Business,Business,Business Runway,Reserve,Transfer,2026-06-04,11:52:30,2026-06-04 11:52:30,99049.77,INR,0.0,IOS Owner,,,MAESTRO-IOS-BUSINESS-BUSINESS_RUNWAY-2931 | Reserve | 99049.77,iPhone,B59,HIGH_2501_3000,CREATED,idem-20260902-ios-2931
2932,MTR-IOS-2932,Personal,Personal,Future Building,Goal Contribution,Transfer,2026-09-01,06:48:33,2026-09-01 06:48:33,8595.81,INR,0.0,IOS Owner,,,MAESTRO-IOS-PERSONAL-FUTURE_BUILDING-2932 | Goal Contribution | 8595.81,iPhone,B59,HIGH_2501_3000,CREATED,idem-20260902-ios-2932
2933,MTR-IOS-2933,Group,Shared Living,Shared Living,Other,Expense,2026-08-27,02:38:50,2026-08-27 02:38:50,25272.17,INR,-25272.17,IOS Meera,3,PERCENTAGE,MAESTRO-IOS-GROUP-SHARED_LIVING-2933 | Other | 25272.17,iPhone,B59,HIGH_2501_3000,CREATED,idem-20260902-ios-2933
2934,MTR-IOS-2934,Business,Business,Business Runway,Loan,Income,2026-08-16,00:53:13,2026-08-16 00:53:13,142537.52,INR,142537.52,IOS Owner,,,MAESTRO-IOS-BUSINESS-BUSINESS_RUNWAY-2934 | Loan | 142537.52,iPhone,B59,HIGH_2501_3000,CREATED,idem-20260902-ios-2934
2935,MTR-IOS-2935,Personal,Personal,Lifestyle,Dining,Expense,2025-11-24,17:25:46,2025-11-24 17:25:46,5666.19,INR,-5666.19,IOS Owner,,,MAESTRO-IOS-PERSONAL-LIFESTYLE-2935 | Dining | 5666.19,iPhone,B59,HIGH_2501_3000,CREATED,idem-20260902-ios-2935
2936,MTR-IOS-2936,Group,Shared Living,Family Household,Rent,Expense,2026-03-17,19:53:01,2026-03-17 19:53:01,17633.34,INR,-17633.34,IOS Owner,3,EXACT,MAESTRO-IOS-GROUP-FAMILY_HOUSEHOLD-2936 | Rent | 17633.34,iPhone,B59,HIGH_2501_3000,CREATED,idem-20260902-ios-2936
2937,MTR-IOS-2937,Business,Business,Business Runway,Investment,Income,2026-08-29,02:56:56,2026-08-29 02:56:56,87959.99,INR,87959.99,IOS Owner,,,MAESTRO-IOS-BUSINESS-BUSINESS_RUNWAY-2937 | Investment | 87959.99,iPhone,B59,HIGH_2501_3000,CREATED,idem-20260902-ios-2937
2938,MTR-IOS-2938,Personal,Personal,Lifestyle,Shopping,Expense,2026-08-25,15:21:12,2026-08-25 15:21:12,4062.98,INR,-4062.98,IOS Owner,,,MAESTRO-IOS-PERSONAL-LIFESTYLE-2938 | Shopping | 4062.98,iPhone,B59,HIGH_2501_3000,CREATED,idem-20260902-ios-2938
2939,MTR-IOS-2939,Group,Shared Living,Family Household,Groceries,Expense,2026-08-07,08:47:12,2026-08-07 08:47:12,23378.39,INR,-23378.39,IOS Aarav,3,SHARES,MAESTRO-IOS-GROUP-FAMILY_HOUSEHOLD-2939 | Groceries | 23378.39,iPhone,B59,HIGH_2501_3000,CREATED,idem-20260902-ios-2939
2940,MTR-IOS-2940,Business,Business,Business Operations,Software,Expense,2026-03-10,01:27:36,2026-03-10 01:27:36,75173.04,INR,-75173.04,IOS Owner,,,MAESTRO-IOS-BUSINESS-BUSINESS_OPERATIONS-2940 | Software | 75173.04,iPhone,B59,HIGH_2501_3000,CREATED,idem-20260902-ios-2940
2941,MTR-IOS-2941,Personal,Personal,Lifestyle,Entertainment,Expense,2026-05-27,14:02:43,2026-05-27 14:02:43,1024.68,INR,-1024.68,IOS Owner,,,MAESTRO-IOS-PERSONAL-LIFESTYLE-2941 | Entertainment | 1024.68,iPhone,B59,HIGH_2501_3000,CREATED,idem-20260902-ios-2941
2942,MTR-IOS-2942,Group,Shared Living,Family Household,Transport,Expense,2026-02-16,22:10:09,2026-02-16 22:10:09,11144.44,INR,-11144.44,IOS Meera,3,EQUAL,MAESTRO-IOS-GROUP-FAMILY_HOUSEHOLD-2942 | Transport | 11144.44,iPhone,B59,HIGH_2501_3000,CREATED,idem-20260902-ios-2942
2943,MTR-IOS-2943,Business,Business,Business Operations,Rent,Expense,2026-05-27,22:28:52,2026-05-27 22:28:52,140249.95,INR,-140249.95,IOS Owner,,,MAESTRO-IOS-BUSINESS-BUSINESS_OPERATIONS-2943 | Rent | 140249.95,iPhone,B59,HIGH_2501_3000,CREATED,idem-20260902-ios-2943
2944,MTR-IOS-2944,Personal,Personal,Lifestyle,Travel,Expense,2025-12-08,23:03:27,2025-12-08 23:03:27,13787.66,INR,-13787.66,IOS Owner,,,MAESTRO-IOS-PERSONAL-LIFESTYLE-2944 | Travel | 13787.66,iPhone,B59,HIGH_2501_3000,CREATED,idem-20260902-ios-2944
2945,MTR-IOS-2945,Group,Shared Living,Family Household,Bills,Expense,2026-02-10,01:03:09,2026-02-10 01:03:09,26283.0,INR,-26283.0,IOS Owner,3,PERCENTAGE,MAESTRO-IOS-GROUP-FAMILY_HOUSEHOLD-2945 | Bills | 26283.00,iPhone,B59,HIGH_2501_3000,CREATED,idem-20260902-ios-2945
2946,MTR-IOS-2946,Business,Business,Business Operations,Marketing,Expense,2026-05-25,22:17:16,2026-05-25 22:17:16,55204.29,INR,-55204.29,IOS Owner,,,MAESTRO-IOS-BUSINESS-BUSINESS_OPERATIONS-2946 | Marketing | 55204.29,iPhone,B59,HIGH_2501_3000,CREATED,idem-20260902-ios-2946
2947,MTR-IOS-2947,Personal,Personal,Lifestyle,Fitness,Expense,2026-01-14,05:45:21,2026-01-14 05:45:21,8946.92,INR,-8946.92,IOS Owner,,,MAESTRO-IOS-PERSONAL-LIFESTYLE-2947 | Fitness | 8946.92,iPhone,B59,HIGH_2501_3000,CREATED,idem-20260902-ios-2947
2948,MTR-IOS-2948,Group,Shared Living,Family Household,Utilities,Expense,2026-06-03,15:52:33,2026-06-03 15:52:33,6475.47,INR,-6475.47,IOS Aarav,3,EXACT,MAESTRO-IOS-GROUP-FAMILY_HOUSEHOLD-2948 | Utilities | 6475.47,iPhone,B59,HIGH_2501_3000,CREATED,idem-20260902-ios-2948
2949,MTR-IOS-2949,Business,Business,Business Operations,Legal,Expense,2026-07-21,20:51:54,2026-07-21 20:51:54,81598.74,INR,-81598.74,IOS Owner,,,MAESTRO-IOS-BUSINESS-BUSINESS_OPERATIONS-2949 | Legal | 81598.74,iPhone,B59,HIGH_2501_3000,CREATED,idem-20260902-ios-2949
2950,MTR-IOS-2950,Personal,Personal,Lifestyle,Hobbies,Expense,2026-07-03,14:26:15,2026-07-03 14:26:15,8080.27,INR,-8080.27,IOS Owner,,,MAESTRO-IOS-PERSONAL-LIFESTYLE-2950 | Hobbies | 8080.27,iPhone,B59,HIGH_2501_3000,CREATED,idem-20260902-ios-2950
2951,MTR-IOS-2951,Group,Shared Living,Family Household,Healthcare,Expense,2025-12-21,08:55:54,2025-12-21 08:55:54,15376.76,INR,-15376.76,IOS Meera,3,SHARES,MAESTRO-IOS-GROUP-FAMILY_HOUSEHOLD-2951 | Healthcare | 15376.76,iPhone,B60,HIGH_2501_3000,CREATED,idem-20260902-ios-2951
2952,MTR-IOS-2952,Business,Business,Business Operations,Accounting,Expense,2025-10-25,05:04:28,2025-10-25 05:04:28,156548.56,INR,-156548.56,IOS Owner,,,MAESTRO-IOS-BUSINESS-BUSINESS_OPERATIONS-2952 | Accounting | 156548.56,iPhone,B60,HIGH_2501_3000,CREATED,idem-20260902-ios-2952
2953,MTR-IOS-2953,Personal,Personal,Relationships,Gifts,Expense,2025-09-12,04:33:47,2025-09-12 04:33:47,11958.33,INR,-11958.33,IOS Owner,,,MAESTRO-IOS-PERSONAL-RELATIONSHIPS-2953 | Gifts | 11958.33,iPhone,B60,HIGH_2501_3000,CREATED,idem-20260902-ios-2953
2954,MTR-IOS-2954,Group,Shared Living,Custom Living,Custom Expense,Expense,2026-04-14,03:09:21,2026-04-14 03:09:21,10689.41,INR,-10689.41,IOS Owner,3,EQUAL,MAESTRO-IOS-GROUP-CUSTOM_LIVING-2954 | Custom Expense | 10689.41,iPhone,B60,HIGH_2501_3000,CREATED,idem-20260902-ios-2954
2955,MTR-IOS-2955,Business,Business,Business Operations,Equipment,Expense,2025-10-26,06:52:40,2025-10-26 06:52:40,85759.52,INR,-85759.52,IOS Owner,,,MAESTRO-IOS-BUSINESS-BUSINESS_OPERATIONS-2955 | Equipment | 85759.52,iPhone,B60,HIGH_2501_3000,CREATED,idem-20260902-ios-2955
2956,MTR-IOS-2956,Personal,Personal,Relationships,Dates,Expense,2026-06-15,00:58:47,2026-06-15 00:58:47,6846.77,INR,-6846.77,IOS Owner,,,MAESTRO-IOS-PERSONAL-RELATIONSHIPS-2956 | Dates | 6846.77,iPhone,B60,HIGH_2501_3000,CREATED,idem-20260902-ios-2956
2957,MTR-IOS-2957,Group,Shared Living,Custom Living,Custom Contribution,Contribution,2025-09-12,12:50:21,2025-09-12 12:50:21,18337.42,INR,18337.42,IOS Aarav,3,PERCENTAGE,MAESTRO-IOS-GROUP-CUSTOM_LIVING-2957 | Custom Contribution | 18337.42,iPhone,B60,HIGH_2501_3000,CREATED,idem-20260902-ios-2957
2958,MTR-IOS-2958,Business,Business,Business Operations,Vendor,Expense,2026-01-11,07:28:57,2026-01-11 07:28:57,110537.14,INR,-110537.14,IOS Owner,,,MAESTRO-IOS-BUSINESS-BUSINESS_OPERATIONS-2958 | Vendor | 110537.14,iPhone,B60,HIGH_2501_3000,CREATED,idem-20260902-ios-2958
2959,MTR-IOS-2959,Personal,Personal,Relationships,Family,Expense,2026-04-13,09:36:15,2026-04-13 09:36:15,262.75,INR,-262.75,IOS Owner,,,MAESTRO-IOS-PERSONAL-RELATIONSHIPS-2959 | Family | 262.75,iPhone,B60,HIGH_2501_3000,CREATED,idem-20260902-ios-2959
2960,MTR-IOS-2960,Group,Shared Experience,Trip,Travel,Expense,2025-09-05,18:14:04,2025-09-05 18:14:04,99.99,INR,-99.99,IOS Meera,3,EXACT,MAESTRO-IOS-GROUP-TRIP-2960 | Travel | 99.99,iPhone,B60,HIGH_2501_3000,CREATED,idem-20260902-ios-2960
2961,MTR-IOS-2961,Business,Business,Business Operations,Tax,Expense,2026-01-17,14:44:29,2026-01-17 14:44:29,65871.27,INR,-65871.27,IOS Owner,,,MAESTRO-IOS-BUSINESS-BUSINESS_OPERATIONS-2961 | Tax | 65871.27,iPhone,B60,HIGH_2501_3000,CREATED,idem-20260902-ios-2961
2962,MTR-IOS-2962,Personal,Personal,Relationships,Friends,Expense,2026-02-21,15:23:49,2026-02-21 15:23:49,4858.2,INR,-4858.2,IOS Owner,,,MAESTRO-IOS-PERSONAL-RELATIONSHIPS-2962 | Friends | 4858.20,iPhone,B60,HIGH_2501_3000,CREATED,idem-20260902-ios-2962
2963,MTR-IOS-2963,Group,Shared Experience,Trip,Stay,Expense,2026-04-10,12:30:02,2026-04-10 12:30:02,25559.06,INR,-25559.06,IOS Owner,3,SHARES,MAESTRO-IOS-GROUP-TRIP-2963 | Stay | 25559.06,iPhone,B60,HIGH_2501_3000,CREATED,idem-20260902-ios-2963
2964,MTR-IOS-2964,Business,Business,Team Operations,Payroll,Expense,2025-10-31,05:56:16,2025-10-31 05:56:16,12558.38,INR,-12558.38,IOS Owner,,,MAESTRO-IOS-BUSINESS-TEAM_OPERATIONS-2964 | Payroll | 12558.38,iPhone,B60,HIGH_2501_3000,CREATED,idem-20260902-ios-2964
2965,MTR-IOS-2965,Personal,Personal,Relationships,Celebrations,Expense,2026-01-24,07:51:42,2026-01-24 07:51:42,11623.65,INR,-11623.65,IOS Owner,,,MAESTRO-IOS-PERSONAL-RELATIONSHIPS-2965 | Celebrations | 11623.65,iPhone,B60,HIGH_2501_3000,CREATED,idem-20260902-ios-2965
2966,MTR-IOS-2966,Group,Shared Experience,Trip,Food,Expense,2026-04-18,19:26:37,2026-04-18 19:26:37,1341.96,INR,-1341.96,IOS Aarav,3,EQUAL,MAESTRO-IOS-GROUP-TRIP-2966 | Food | 1341.96,iPhone,B60,HIGH_2501_3000,CREATED,idem-20260902-ios-2966
2967,MTR-IOS-2967,Business,Business,Team Operations,Contractor,Expense,2026-04-16,06:22:57,2026-04-16 06:22:57,141725.11,INR,-141725.11,IOS Owner,,,MAESTRO-IOS-BUSINESS-TEAM_OPERATIONS-2967 | Contractor | 141725.11,iPhone,B60,HIGH_2501_3000,CREATED,idem-20260902-ios-2967
2968,MTR-IOS-2968,Personal,Personal,Life Operations,Groceries,Expense,2026-05-09,23:55:17,2026-05-09 23:55:17,5553.61,INR,-5553.61,IOS Owner,,,MAESTRO-IOS-PERSONAL-LIFE_OPERATIONS-2968 | Groceries | 5553.61,iPhone,B60,HIGH_2501_3000,CREATED,idem-20260902-ios-2968
2969,MTR-IOS-2969,Group,Shared Experience,Trip,Local Transport,Expense,2026-04-24,19:08:36,2026-04-24 19:08:36,10808.51,INR,-10808.51,IOS Meera,3,PERCENTAGE,MAESTRO-IOS-GROUP-TRIP-2969 | Local Transport | 10808.51,iPhone,B60,HIGH_2501_3000,CREATED,idem-20260902-ios-2969
2970,MTR-IOS-2970,Business,Business,Team Operations,Hiring,Expense,2026-05-25,14:41:35,2026-05-25 14:41:35,23327.09,INR,-23327.09,IOS Owner,,,MAESTRO-IOS-BUSINESS-TEAM_OPERATIONS-2970 | Hiring | 23327.09,iPhone,B60,HIGH_2501_3000,CREATED,idem-20260902-ios-2970
2971,MTR-IOS-2971,Personal,Personal,Life Operations,Rent,Expense,2025-10-26,21:50:14,2025-10-26 21:50:14,1510.98,INR,-1510.98,IOS Owner,,,MAESTRO-IOS-PERSONAL-LIFE_OPERATIONS-2971 | Rent | 1510.98,iPhone,B60,HIGH_2501_3000,CREATED,idem-20260902-ios-2971
2972,MTR-IOS-2972,Group,Shared Experience,Trip,Activities,Expense,2025-09-13,22:58:14,2025-09-13 22:58:14,20260.15,INR,-20260.15,IOS Owner,3,EXACT,MAESTRO-IOS-GROUP-TRIP-2972 | Activities | 20260.15,iPhone,B60,HIGH_2501_3000,CREATED,idem-20260902-ios-2972
2973,MTR-IOS-2973,Business,Business,Team Operations,Team Meal,Expense,2026-04-05,05:08:02,2026-04-05 05:08:02,34401.13,INR,-34401.13,IOS Owner,,,MAESTRO-IOS-BUSINESS-TEAM_OPERATIONS-2973 | Team Meal | 34401.13,iPhone,B60,HIGH_2501_3000,CREATED,idem-20260902-ios-2973
2974,MTR-IOS-2974,Personal,Personal,Life Operations,Bills,Expense,2025-12-30,17:19:46,2025-12-30 17:19:46,8006.46,INR,-8006.46,IOS Owner,,,MAESTRO-IOS-PERSONAL-LIFE_OPERATIONS-2974 | Bills | 8006.46,iPhone,B60,HIGH_2501_3000,CREATED,idem-20260902-ios-2974
2975,MTR-IOS-2975,Group,Shared Experience,Trip,Shopping,Expense,2025-10-06,14:42:56,2025-10-06 14:42:56,15185.74,INR,-15185.74,IOS Aarav,3,SHARES,MAESTRO-IOS-GROUP-TRIP-2975 | Shopping | 15185.74,iPhone,B60,HIGH_2501_3000,CREATED,idem-20260902-ios-2975
2976,MTR-IOS-2976,Business,Business,Team Operations,Travel,Expense,2025-09-22,23:05:17,2025-09-22 23:05:17,8573.16,INR,-8573.16,IOS Owner,,,MAESTRO-IOS-BUSINESS-TEAM_OPERATIONS-2976 | Travel | 8573.16,iPhone,B60,HIGH_2501_3000,CREATED,idem-20260902-ios-2976
2977,MTR-IOS-2977,Personal,Personal,Life Operations,Transport,Expense,2025-11-25,11:03:18,2025-11-25 11:03:18,2698.35,INR,-2698.35,IOS Owner,,,MAESTRO-IOS-PERSONAL-LIFE_OPERATIONS-2977 | Transport | 2698.35,iPhone,B60,HIGH_2501_3000,CREATED,idem-20260902-ios-2977
2978,MTR-IOS-2978,Group,Shared Experience,Trip,Other,Expense,2026-07-04,20:17:11,2026-07-04 20:17:11,18004.49,INR,-18004.49,IOS Meera,3,EQUAL,MAESTRO-IOS-GROUP-TRIP-2978 | Other | 18004.49,iPhone,B60,HIGH_2501_3000,CREATED,idem-20260902-ios-2978
2979,MTR-IOS-2979,Business,Business,Team Operations,Training,Expense,2025-09-10,03:16:55,2025-09-10 03:16:55,15849.08,INR,-15849.08,IOS Owner,,,MAESTRO-IOS-BUSINESS-TEAM_OPERATIONS-2979 | Training | 15849.08,iPhone,B60,HIGH_2501_3000,CREATED,idem-20260902-ios-2979
2980,MTR-IOS-2980,Personal,Personal,Life Operations,Healthcare,Expense,2026-02-17,02:54:17,2026-02-17 02:54:17,5962.19,INR,-5962.19,IOS Owner,,,MAESTRO-IOS-PERSONAL-LIFE_OPERATIONS-2980 | Healthcare | 5962.19,iPhone,B60,HIGH_2501_3000,CREATED,idem-20260902-ios-2980
2981,MTR-IOS-2981,Group,Shared Experience,Wedding,Venue,Expense,2026-03-18,10:57:27,2026-03-18 10:57:27,9628.24,INR,-9628.24,IOS Owner,3,PERCENTAGE,MAESTRO-IOS-GROUP-WEDDING-2981 | Venue | 9628.24,iPhone,B60,HIGH_2501_3000,CREATED,idem-20260902-ios-2981
2982,MTR-IOS-2982,Business,Business,Team Operations,Tools,Expense,2025-09-28,23:08:49,2025-09-28 23:08:49,129648.8,INR,-129648.8,IOS Owner,,,MAESTRO-IOS-BUSINESS-TEAM_OPERATIONS-2982 | Tools | 129648.80,iPhone,B60,HIGH_2501_3000,CREATED,idem-20260902-ios-2982
2983,MTR-IOS-2983,Personal,Personal,Life Operations,Subscriptions,Expense,2026-06-10,07:27:48,2026-06-10 07:27:48,7926.26,INR,-7926.26,IOS Owner,,,MAESTRO-IOS-PERSONAL-LIFE_OPERATIONS-2983 | Subscriptions | 7926.26,iPhone,B60,HIGH_2501_3000,CREATED,idem-20260902-ios-2983
2984,MTR-IOS-2984,Group,Shared Experience,Wedding,Catering,Expense,2026-03-02,14:51:11,2026-03-02 14:51:11,6667.19,INR,-6667.19,IOS Aarav,3,EXACT,MAESTRO-IOS-GROUP-WEDDING-2984 | Catering | 6667.19,iPhone,B60,HIGH_2501_3000,CREATED,idem-20260902-ios-2984
2985,MTR-IOS-2985,Business,Business,Business Runway,Funding,Income,2026-05-06,17:21:20,2026-05-06 17:21:20,39580.12,INR,39580.12,IOS Owner,,,MAESTRO-IOS-BUSINESS-BUSINESS_RUNWAY-2985 | Funding | 39580.12,iPhone,B60,HIGH_2501_3000,CREATED,idem-20260902-ios-2985
2986,MTR-IOS-2986,Personal,Personal,Life Operations,Repairs,Expense,2026-05-17,08:10:09,2026-05-17 08:10:09,14052.54,INR,-14052.54,IOS Owner,,,MAESTRO-IOS-PERSONAL-LIFE_OPERATIONS-2986 | Repairs | 14052.54,iPhone,B60,HIGH_2501_3000,CREATED,idem-20260902-ios-2986
2987,MTR-IOS-2987,Group,Shared Experience,Wedding,Decor,Expense,2026-02-19,02:50:09,2026-02-19 02:50:09,8143.15,INR,-8143.15,IOS Meera,3,SHARES,MAESTRO-IOS-GROUP-WEDDING-2987 | Decor | 8143.15,iPhone,B60,HIGH_2501_3000,CREATED,idem-20260902-ios-2987
2988,MTR-IOS-2988,Business,Business,Business Runway,Revenue,Income,2025-12-18,09:24:24,2025-12-18 09:24:24,124082.31,INR,124082.31,IOS Owner,,,MAESTRO-IOS-BUSINESS-BUSINESS_RUNWAY-2988 | Revenue | 124082.31,iPhone,B60,HIGH_2501_3000,CREATED,idem-20260902-ios-2988
2989,MTR-IOS-2989,Personal,Personal,Future Building,Savings,Transfer,2026-06-28,03:32:28,2026-06-28 03:32:28,3076.98,INR,0.0,IOS Owner,,,MAESTRO-IOS-PERSONAL-FUTURE_BUILDING-2989 | Savings | 3076.98,iPhone,B60,HIGH_2501_3000,CREATED,idem-20260902-ios-2989
2990,MTR-IOS-2990,Group,Shared Experience,Wedding,Travel,Expense,2026-06-14,04:43:07,2026-06-14 04:43:07,21300.8,INR,-21300.8,IOS Owner,3,EQUAL,MAESTRO-IOS-GROUP-WEDDING-2990 | Travel | 21300.80,iPhone,B60,HIGH_2501_3000,CREATED,idem-20260902-ios-2990
2991,MTR-IOS-2991,Business,Business,Business Runway,Burn,Expense,2026-02-12,20:54:46,2026-02-12 20:54:46,36834.93,INR,-36834.93,IOS Owner,,,MAESTRO-IOS-BUSINESS-BUSINESS_RUNWAY-2991 | Burn | 36834.93,iPhone,B60,HIGH_2501_3000,CREATED,idem-20260902-ios-2991
2992,MTR-IOS-2992,Personal,Personal,Future Building,Emergency Fund,Transfer,2025-09-10,09:25:58,2025-09-10 09:25:58,3449.96,INR,0.0,IOS Owner,,,MAESTRO-IOS-PERSONAL-FUTURE_BUILDING-2992 | Emergency Fund | 3449.96,iPhone,B60,HIGH_2501_3000,CREATED,idem-20260902-ios-2992
2993,MTR-IOS-2993,Group,Shared Experience,Wedding,Gifts,Expense,2026-07-13,18:37:57,2026-07-13 18:37:57,8531.38,INR,-8531.38,IOS Aarav,3,PERCENTAGE,MAESTRO-IOS-GROUP-WEDDING-2993 | Gifts | 8531.38,iPhone,B60,HIGH_2501_3000,CREATED,idem-20260902-ios-2993
2994,MTR-IOS-2994,Business,Business,Business Runway,Reserve,Transfer,2026-02-22,18:10:27,2026-02-22 18:10:27,3274.74,INR,0.0,IOS Owner,,,MAESTRO-IOS-BUSINESS-BUSINESS_RUNWAY-2994 | Reserve | 3274.74,iPhone,B60,HIGH_2501_3000,CREATED,idem-20260902-ios-2994
2995,MTR-IOS-2995,Personal,Personal,Future Building,Investments,Investment,2025-12-09,22:05:27,2025-12-09 22:05:27,4860.56,INR,0.0,IOS Owner,,,MAESTRO-IOS-PERSONAL-FUTURE_BUILDING-2995 | Investments | 4860.56,iPhone,B60,HIGH_2501_3000,CREATED,idem-20260902-ios-2995
2996,MTR-IOS-2996,Group,Shared Experience,Wedding,Photography,Expense,2025-11-07,11:36:55,2025-11-07 11:36:55,10015.58,INR,-10015.58,IOS Meera,3,EXACT,MAESTRO-IOS-GROUP-WEDDING-2996 | Photography | 10015.58,iPhone,B60,HIGH_2501_3000,CREATED,idem-20260902-ios-2996
2997,MTR-IOS-2997,Business,Business,Business Runway,Loan,Income,2025-12-02,16:06:42,2025-12-02 16:06:42,100.0,INR,100.0,IOS Owner,,,MAESTRO-IOS-BUSINESS-BUSINESS_RUNWAY-2997 | Loan | 100.00,iPhone,B60,HIGH_2501_3000,CREATED,idem-20260902-ios-2997
2998,MTR-IOS-2998,Personal,Personal,Future Building,Education,Expense,2026-01-31,03:43:31,2026-01-31 03:43:31,4984.63,INR,-4984.63,IOS Owner,,,MAESTRO-IOS-PERSONAL-FUTURE_BUILDING-2998 | Education | 4984.63,iPhone,B60,HIGH_2501_3000,CREATED,idem-20260902-ios-2998
2999,MTR-IOS-2999,Group,Shared Experience,Wedding,Other,Expense,2025-09-26,07:24:19,2025-09-26 07:24:19,3846.99,INR,-3846.99,IOS Owner,3,SHARES,MAESTRO-IOS-GROUP-WEDDING-2999 | Other | 3846.99,iPhone,B60,HIGH_2501_3000,CREATED,idem-20260902-ios-2999
3000,MTR-IOS-3000,Business,Business,Business Runway,Investment,Income,2026-06-17,04:15:55,2026-06-17 04:15:55,70692.01,INR,70692.01,IOS Owner,,,MAESTRO-IOS-BUSINESS-BUSINESS_RUNWAY-3000 | Investment | 70692.01,iPhone,B60,HIGH_2501_3000,CREATED,idem-20260902-ios-3000
3001,MTR-IOS-3001,Personal,Personal,Future Building,Goal Contribution,Transfer,2026-07-15,03:51:39,2026-07-15 03:51:39,3960.24,INR,0.0,IOS Owner,,,MAESTRO-IOS-PERSONAL-FUTURE_BUILDING-3001 | Goal Contribution | 3960.24,iPhone,B61,STRESS_3001_3500,CREATED,idem-20260902-ios-3001
3002,MTR-IOS-3002,Group,Shared Experience,Office Outing,Food,Expense,2025-10-23,16:06:10,2025-10-23 16:06:10,14584.62,INR,-14584.62,IOS Aarav,3,EQUAL,MAESTRO-IOS-GROUP-OFFICE_OUTING-3002 | Food | 14584.62,iPhone,B61,STRESS_3001_3500,CREATED,idem-20260902-ios-3002
3003,MTR-IOS-3003,Business,Business,Business Operations,Software,Expense,2026-02-17,06:23:56,2026-02-17 06:23:56,22456.06,INR,-22456.06,IOS Owner,,,MAESTRO-IOS-BUSINESS-BUSINESS_OPERATIONS-3003 | Software | 22456.06,iPhone,B61,STRESS_3001_3500,CREATED,idem-20260902-ios-3003
3004,MTR-IOS-3004,Personal,Personal,Lifestyle,Dining,Expense,2026-07-25,08:50:23,2026-07-25 08:50:23,4652.27,INR,-4652.27,IOS Owner,,,MAESTRO-IOS-PERSONAL-LIFESTYLE-3004 | Dining | 4652.27,iPhone,B61,STRESS_3001_3500,CREATED,idem-20260902-ios-3004
3005,MTR-IOS-3005,Group,Shared Experience,Office Outing,Travel,Expense,2026-06-13,05:26:04,2026-06-13 05:26:04,5761.03,INR,-5761.03,IOS Meera,3,PERCENTAGE,MAESTRO-IOS-GROUP-OFFICE_OUTING-3005 | Travel | 5761.03,iPhone,B61,STRESS_3001_3500,CREATED,idem-20260902-ios-3005
3006,MTR-IOS-3006,Business,Business,Business Operations,Rent,Expense,2025-11-14,20:18:46,2025-11-14 20:18:46,87046.55,INR,-87046.55,IOS Owner,,,MAESTRO-IOS-BUSINESS-BUSINESS_OPERATIONS-3006 | Rent | 87046.55,iPhone,B61,STRESS_3001_3500,CREATED,idem-20260902-ios-3006
3007,MTR-IOS-3007,Personal,Personal,Lifestyle,Shopping,Expense,2025-12-30,10:15:22,2025-12-30 10:15:22,5862.35,INR,-5862.35,IOS Owner,,,MAESTRO-IOS-PERSONAL-LIFESTYLE-3007 | Shopping | 5862.35,iPhone,B61,STRESS_3001_3500,CREATED,idem-20260902-ios-3007
3008,MTR-IOS-3008,Group,Shared Experience,Office Outing,Activities,Expense,2026-04-02,05:50:30,2026-04-02 05:50:30,6972.76,INR,-6972.76,IOS Owner,3,EXACT,MAESTRO-IOS-GROUP-OFFICE_OUTING-3008 | Activities | 6972.76,iPhone,B61,STRESS_3001_3500,CREATED,idem-20260902-ios-3008
3009,MTR-IOS-3009,Business,Business,Business Operations,Marketing,Expense,2026-03-02,07:42:01,2026-03-02 07:42:01,53560.31,INR,-53560.31,IOS Owner,,,MAESTRO-IOS-BUSINESS-BUSINESS_OPERATIONS-3009 | Marketing | 53560.31,iPhone,B61,STRESS_3001_3500,CREATED,idem-20260902-ios-3009
3010,MTR-IOS-3010,Personal,Personal,Lifestyle,Entertainment,Expense,2026-06-28,12:16:35,2026-06-28 12:16:35,12151.92,INR,-12151.92,IOS Owner,,,MAESTRO-IOS-PERSONAL-LIFESTYLE-3010 | Entertainment | 12151.92,iPhone,B61,STRESS_3001_3500,CREATED,idem-20260902-ios-3010
3011,MTR-IOS-3011,Group,Shared Experience,Office Outing,Venue,Expense,2026-06-02,10:42:59,2026-06-02 10:42:59,3706.44,INR,-3706.44,IOS Aarav,3,SHARES,MAESTRO-IOS-GROUP-OFFICE_OUTING-3011 | Venue | 3706.44,iPhone,B61,STRESS_3001_3500,CREATED,idem-20260902-ios-3011
3012,MTR-IOS-3012,Business,Business,Business Operations,Legal,Expense,2026-03-06,00:52:56,2026-03-06 00:52:56,145938.18,INR,-145938.18,IOS Owner,,,MAESTRO-IOS-BUSINESS-BUSINESS_OPERATIONS-3012 | Legal | 145938.18,iPhone,B61,STRESS_3001_3500,CREATED,idem-20260902-ios-3012
3013,MTR-IOS-3013,Personal,Personal,Lifestyle,Travel,Expense,2026-02-23,12:08:32,2026-02-23 12:08:32,7069.2,INR,-7069.2,IOS Owner,,,MAESTRO-IOS-PERSONAL-LIFESTYLE-3013 | Travel | 7069.20,iPhone,B61,STRESS_3001_3500,CREATED,idem-20260902-ios-3013
3014,MTR-IOS-3014,Group,Shared Experience,Office Outing,Other,Expense,2025-09-22,09:26:27,2025-09-22 09:26:27,20067.63,INR,-20067.63,IOS Meera,3,EQUAL,MAESTRO-IOS-GROUP-OFFICE_OUTING-3014 | Other | 20067.63,iPhone,B61,STRESS_3001_3500,CREATED,idem-20260902-ios-3014
3015,MTR-IOS-3015,Business,Business,Business Operations,Accounting,Expense,2026-08-01,05:34:45,2026-08-01 05:34:45,48960.24,INR,-48960.24,IOS Owner,,,MAESTRO-IOS-BUSINESS-BUSINESS_OPERATIONS-3015 | Accounting | 48960.24,iPhone,B61,STRESS_3001_3500,CREATED,idem-20260902-ios-3015
3016,MTR-IOS-3016,Personal,Personal,Lifestyle,Fitness,Expense,2026-04-15,00:53:50,2026-04-15 00:53:50,6581.19,INR,-6581.19,IOS Owner,,,MAESTRO-IOS-PERSONAL-LIFESTYLE-3016 | Fitness | 6581.19,iPhone,B61,STRESS_3001_3500,CREATED,idem-20260902-ios-3016
3017,MTR-IOS-3017,Group,Shared Experience,House Party,Food,Expense,2026-07-17,07:48:04,2026-07-17 07:48:04,19741.47,INR,-19741.47,IOS Owner,3,PERCENTAGE,MAESTRO-IOS-GROUP-HOUSE_PARTY-3017 | Food | 19741.47,iPhone,B61,STRESS_3001_3500,CREATED,idem-20260902-ios-3017
3018,MTR-IOS-3018,Business,Business,Business Operations,Equipment,Expense,2026-07-05,10:51:06,2026-07-05 10:51:06,110309.05,INR,-110309.05,IOS Owner,,,MAESTRO-IOS-BUSINESS-BUSINESS_OPERATIONS-3018 | Equipment | 110309.05,iPhone,B61,STRESS_3001_3500,CREATED,idem-20260902-ios-3018
3019,MTR-IOS-3019,Personal,Personal,Lifestyle,Hobbies,Expense,2026-03-23,00:21:00,2026-03-23 00:21:00,2218.85,INR,-2218.85,IOS Owner,,,MAESTRO-IOS-PERSONAL-LIFESTYLE-3019 | Hobbies | 2218.85,iPhone,B61,STRESS_3001_3500,CREATED,idem-20260902-ios-3019
3020,MTR-IOS-3020,Group,Shared Experience,House Party,Drinks,Expense,2025-09-09,13:40:16,2025-09-09 13:40:16,23200.0,INR,-23200.0,IOS Aarav,3,EXACT,MAESTRO-IOS-GROUP-HOUSE_PARTY-3020 | Drinks | 23200.00,iPhone,B61,STRESS_3001_3500,CREATED,idem-20260902-ios-3020
3021,MTR-IOS-3021,Business,Business,Business Operations,Vendor,Expense,2026-04-29,06:39:02,2026-04-29 06:39:02,158228.45,INR,-158228.45,IOS Owner,,,MAESTRO-IOS-BUSINESS-BUSINESS_OPERATIONS-3021 | Vendor | 158228.45,iPhone,B61,STRESS_3001_3500,CREATED,idem-20260902-ios-3021
3022,MTR-IOS-3022,Personal,Personal,Relationships,Gifts,Expense,2026-06-21,02:50:57,2026-06-21 02:50:57,6776.68,INR,-6776.68,IOS Owner,,,MAESTRO-IOS-PERSONAL-RELATIONSHIPS-3022 | Gifts | 6776.68,iPhone,B61,STRESS_3001_3500,CREATED,idem-20260902-ios-3022
3023,MTR-IOS-3023,Group,Shared Experience,House Party,Decor,Expense,2026-01-01,17:59:39,2026-01-01 17:59:39,12398.63,INR,-12398.63,IOS Meera,3,SHARES,MAESTRO-IOS-GROUP-HOUSE_PARTY-3023 | Decor | 12398.63,iPhone,B61,STRESS_3001_3500,CREATED,idem-20260902-ios-3023
3024,MTR-IOS-3024,Business,Business,Business Operations,Tax,Expense,2026-04-04,05:48:25,2026-04-04 05:48:25,92203.2,INR,-92203.2,IOS Owner,,,MAESTRO-IOS-BUSINESS-BUSINESS_OPERATIONS-3024 | Tax | 92203.20,iPhone,B61,STRESS_3001_3500,CREATED,idem-20260902-ios-3024
3025,MTR-IOS-3025,Personal,Personal,Relationships,Dates,Expense,2025-10-13,06:02:02,2025-10-13 06:02:02,11967.89,INR,-11967.89,IOS Owner,,,MAESTRO-IOS-PERSONAL-RELATIONSHIPS-3025 | Dates | 11967.89,iPhone,B61,STRESS_3001_3500,CREATED,idem-20260902-ios-3025
3026,MTR-IOS-3026,Group,Shared Experience,House Party,Supplies,Expense,2026-06-11,19:40:31,2026-06-11 19:40:31,5125.02,INR,-5125.02,IOS Owner,3,EQUAL,MAESTRO-IOS-GROUP-HOUSE_PARTY-3026 | Supplies | 5125.02,iPhone,B61,STRESS_3001_3500,CREATED,idem-20260902-ios-3026
3027,MTR-IOS-3027,Business,Business,Team Operations,Payroll,Expense,2026-01-25,15:51:43,2026-01-25 15:51:43,151618.36,INR,-151618.36,IOS Owner,,,MAESTRO-IOS-BUSINESS-TEAM_OPERATIONS-3027 | Payroll | 151618.36,iPhone,B61,STRESS_3001_3500,CREATED,idem-20260902-ios-3027
3028,MTR-IOS-3028,Personal,Personal,Relationships,Family,Expense,2026-04-17,12:10:25,2026-04-17 12:10:25,2865.98,INR,-2865.98,IOS Owner,,,MAESTRO-IOS-PERSONAL-RELATIONSHIPS-3028 | Family | 2865.98,iPhone,B61,STRESS_3001_3500,CREATED,idem-20260902-ios-3028
3029,MTR-IOS-3029,Group,Shared Experience,House Party,Other,Expense,2025-11-10,07:40:46,2025-11-10 07:40:46,26136.19,INR,-26136.19,IOS Aarav,3,PERCENTAGE,MAESTRO-IOS-GROUP-HOUSE_PARTY-3029 | Other | 26136.19,iPhone,B61,STRESS_3001_3500,CREATED,idem-20260902-ios-3029
3030,MTR-IOS-3030,Business,Business,Team Operations,Contractor,Expense,2026-03-19,04:16:07,2026-03-19 04:16:07,18107.7,INR,-18107.7,IOS Owner,,,MAESTRO-IOS-BUSINESS-TEAM_OPERATIONS-3030 | Contractor | 18107.70,iPhone,B61,STRESS_3001_3500,CREATED,idem-20260902-ios-3030
3031,MTR-IOS-3031,Personal,Personal,Relationships,Friends,Expense,2026-07-07,21:44:06,2026-07-07 21:44:06,6464.99,INR,-6464.99,IOS Owner,,,MAESTRO-IOS-PERSONAL-RELATIONSHIPS-3031 | Friends | 6464.99,iPhone,B61,STRESS_3001_3500,CREATED,idem-20260902-ios-3031
3032,MTR-IOS-3032,Group,Shared Purchase,Gift Pool,Contribution,Contribution,2026-01-08,11:48:48,2026-01-08 11:48:48,17663.31,INR,17663.31,IOS Meera,3,EXACT,MAESTRO-IOS-GROUP-GIFT_POOL-3032 | Contribution | 17663.31,iPhone,B61,STRESS_3001_3500,CREATED,idem-20260902-ios-3032
3033,MTR-IOS-3033,Business,Business,Team Operations,Hiring,Expense,2026-07-29,09:55:17,2026-07-29 09:55:17,142445.52,INR,-142445.52,IOS Owner,,,MAESTRO-IOS-BUSINESS-TEAM_OPERATIONS-3033 | Hiring | 142445.52,iPhone,B61,STRESS_3001_3500,CREATED,idem-20260902-ios-3033
3034,MTR-IOS-3034,Personal,Personal,Relationships,Celebrations,Expense,2026-03-07,01:19:45,2026-03-07 01:19:45,999.99,INR,-999.99,IOS Owner,,,MAESTRO-IOS-PERSONAL-RELATIONSHIPS-3034 | Celebrations | 999.99,iPhone,B61,STRESS_3001_3500,CREATED,idem-20260902-ios-3034
3035,MTR-IOS-3035,Group,Shared Purchase,Gift Pool,Gift Purchase,Expense,2025-12-05,06:22:23,2025-12-05 06:22:23,11280.85,INR,-11280.85,IOS Owner,3,SHARES,MAESTRO-IOS-GROUP-GIFT_POOL-3035 | Gift Purchase | 11280.85,iPhone,B61,STRESS_3001_3500,CREATED,idem-20260902-ios-3035
3036,MTR-IOS-3036,Business,Business,Team Operations,Team Meal,Expense,2026-07-06,11:44:55,2026-07-06 11:44:55,108481.96,INR,-108481.96,IOS Owner,,,MAESTRO-IOS-BUSINESS-TEAM_OPERATIONS-3036 | Team Meal | 108481.96,iPhone,B61,STRESS_3001_3500,CREATED,idem-20260902-ios-3036
3037,MTR-IOS-3037,Personal,Personal,Life Operations,Groceries,Expense,2026-07-08,20:23:35,2026-07-08 20:23:35,10736.65,INR,-10736.65,IOS Owner,,,MAESTRO-IOS-PERSONAL-LIFE_OPERATIONS-3037 | Groceries | 10736.65,iPhone,B61,STRESS_3001_3500,CREATED,idem-20260902-ios-3037
3038,MTR-IOS-3038,Group,Shared Purchase,Gift Pool,Delivery,Expense,2026-03-06,17:53:34,2026-03-06 17:53:34,8028.92,INR,-8028.92,IOS Aarav,3,EQUAL,MAESTRO-IOS-GROUP-GIFT_POOL-3038 | Delivery | 8028.92,iPhone,B61,STRESS_3001_3500,CREATED,idem-20260902-ios-3038
3039,MTR-IOS-3039,Business,Business,Team Operations,Travel,Expense,2025-12-07,21:12:45,2025-12-07 21:12:45,11921.92,INR,-11921.92,IOS Owner,,,MAESTRO-IOS-BUSINESS-TEAM_OPERATIONS-3039 | Travel | 11921.92,iPhone,B61,STRESS_3001_3500,CREATED,idem-20260902-ios-3039
3040,MTR-IOS-3040,Personal,Personal,Life Operations,Rent,Expense,2025-09-07,18:33:09,2025-09-07 18:33:09,11839.99,INR,-11839.99,IOS Owner,,,MAESTRO-IOS-PERSONAL-LIFE_OPERATIONS-3040 | Rent | 11839.99,iPhone,B61,STRESS_3001_3500,CREATED,idem-20260902-ios-3040
3041,MTR-IOS-3041,Group,Shared Purchase,Gift Pool,Other,Expense,2026-02-21,21:46:25,2026-02-21 21:46:25,24835.47,INR,-24835.47,IOS Meera,3,PERCENTAGE,MAESTRO-IOS-GROUP-GIFT_POOL-3041 | Other | 24835.47,iPhone,B61,STRESS_3001_3500,CREATED,idem-20260902-ios-3041
3042,MTR-IOS-3042,Business,Business,Team Operations,Training,Expense,2026-07-07,08:46:28,2026-07-07 08:46:28,15230.05,INR,-15230.05,IOS Owner,,,MAESTRO-IOS-BUSINESS-TEAM_OPERATIONS-3042 | Training | 15230.05,iPhone,B61,STRESS_3001_3500,CREATED,idem-20260902-ios-3042
3043,MTR-IOS-3043,Personal,Personal,Life Operations,Bills,Expense,2025-12-22,02:42:10,2025-12-22 02:42:10,9481.31,INR,-9481.31,IOS Owner,,,MAESTRO-IOS-PERSONAL-LIFE_OPERATIONS-3043 | Bills | 9481.31,iPhone,B61,STRESS_3001_3500,CREATED,idem-20260902-ios-3043
3044,MTR-IOS-3044,Group,Shared Purchase,Purchase,Item,Expense,2026-04-26,16:46:25,2026-04-26 16:46:25,20407.15,INR,-20407.15,IOS Owner,3,EXACT,MAESTRO-IOS-GROUP-PURCHASE-3044 | Item | 20407.15,iPhone,B61,STRESS_3001_3500,CREATED,idem-20260902-ios-3044
3045,MTR-IOS-3045,Business,Business,Team Operations,Tools,Expense,2026-07-07,16:12:21,2026-07-07 16:12:21,90822.49,INR,-90822.49,IOS Owner,,,MAESTRO-IOS-BUSINESS-TEAM_OPERATIONS-3045 | Tools | 90822.49,iPhone,B61,STRESS_3001_3500,CREATED,idem-20260902-ios-3045
3046,MTR-IOS-3046,Personal,Personal,Life Operations,Transport,Expense,2026-03-06,23:56:49,2026-03-06 23:56:49,7209.02,INR,-7209.02,IOS Owner,,,MAESTRO-IOS-PERSONAL-LIFE_OPERATIONS-3046 | Transport | 7209.02,iPhone,B61,STRESS_3001_3500,CREATED,idem-20260902-ios-3046
3047,MTR-IOS-3047,Group,Shared Purchase,Purchase,Shipping,Expense,2026-08-09,07:58:50,2026-08-09 07:58:50,9106.28,INR,-9106.28,IOS Aarav,3,SHARES,MAESTRO-IOS-GROUP-PURCHASE-3047 | Shipping | 9106.28,iPhone,B61,STRESS_3001_3500,CREATED,idem-20260902-ios-3047
3048,MTR-IOS-3048,Business,Business,Business Runway,Funding,Income,2026-05-23,19:51:23,2026-05-23 19:51:23,32799.01,INR,32799.01,IOS Owner,,,MAESTRO-IOS-BUSINESS-BUSINESS_RUNWAY-3048 | Funding | 32799.01,iPhone,B61,STRESS_3001_3500,CREATED,idem-20260902-ios-3048
3049,MTR-IOS-3049,Personal,Personal,Life Operations,Healthcare,Expense,2025-10-01,20:31:03,2025-10-01 20:31:03,13607.44,INR,-13607.44,IOS Owner,,,MAESTRO-IOS-PERSONAL-LIFE_OPERATIONS-3049 | Healthcare | 13607.44,iPhone,B61,STRESS_3001_3500,CREATED,idem-20260902-ios-3049
3050,MTR-IOS-3050,Group,Shared Purchase,Purchase,Tax,Expense,2026-05-04,17:23:01,2026-05-04 17:23:01,13057.16,INR,-13057.16,IOS Meera,3,EQUAL,MAESTRO-IOS-GROUP-PURCHASE-3050 | Tax | 13057.16,iPhone,B61,STRESS_3001_3500,CREATED,idem-20260902-ios-3050
3051,MTR-IOS-3051,Business,Business,Business Runway,Revenue,Income,2026-08-10,03:03:05,2026-08-10 03:03:05,109569.48,INR,109569.48,IOS Owner,,,MAESTRO-IOS-BUSINESS-BUSINESS_RUNWAY-3051 | Revenue | 109569.48,iPhone,B62,STRESS_3001_3500,CREATED,idem-20260902-ios-3051
3052,MTR-IOS-3052,Personal,Personal,Life Operations,Subscriptions,Expense,2025-12-16,15:04:04,2025-12-16 15:04:04,2266.64,INR,-2266.64,IOS Owner,,,MAESTRO-IOS-PERSONAL-LIFE_OPERATIONS-3052 | Subscriptions | 2266.64,iPhone,B62,STRESS_3001_3500,CREATED,idem-20260902-ios-3052
3053,MTR-IOS-3053,Group,Shared Purchase,Purchase,Other,Expense,2025-10-12,00:44:56,2025-10-12 00:44:56,5555.98,INR,-5555.98,IOS Owner,3,PERCENTAGE,MAESTRO-IOS-GROUP-PURCHASE-3053 | Other | 5555.98,iPhone,B62,STRESS_3001_3500,CREATED,idem-20260902-ios-3053
3054,MTR-IOS-3054,Business,Business,Business Runway,Burn,Expense,2025-10-29,09:34:25,2025-10-29 09:34:25,152796.17,INR,-152796.17,IOS Owner,,,MAESTRO-IOS-BUSINESS-BUSINESS_RUNWAY-3054 | Burn | 152796.17,iPhone,B62,STRESS_3001_3500,CREATED,idem-20260902-ios-3054
3055,MTR-IOS-3055,Personal,Personal,Life Operations,Repairs,Expense,2025-10-26,06:23:59,2025-10-26 06:23:59,11009.36,INR,-11009.36,IOS Owner,,,MAESTRO-IOS-PERSONAL-LIFE_OPERATIONS-3055 | Repairs | 11009.36,iPhone,B62,STRESS_3001_3500,CREATED,idem-20260902-ios-3055
3056,MTR-IOS-3056,Group,Shared Purchase,Assets,Purchase,Expense,2026-05-15,10:22:09,2026-05-15 10:22:09,594.76,INR,-594.76,IOS Aarav,3,EXACT,MAESTRO-IOS-GROUP-ASSETS-3056 | Purchase | 594.76,iPhone,B62,STRESS_3001_3500,CREATED,idem-20260902-ios-3056
3057,MTR-IOS-3057,Business,Business,Business Runway,Reserve,Transfer,2026-04-01,05:59:00,2026-04-01 05:59:00,121790.71,INR,0.0,IOS Owner,,,MAESTRO-IOS-BUSINESS-BUSINESS_RUNWAY-3057 | Reserve | 121790.71,iPhone,B62,STRESS_3001_3500,CREATED,idem-20260902-ios-3057
3058,MTR-IOS-3058,Personal,Personal,Future Building,Savings,Transfer,2026-07-12,11:25:18,2026-07-12 11:25:18,4815.93,INR,0.0,IOS Owner,,,MAESTRO-IOS-PERSONAL-FUTURE_BUILDING-3058 | Savings | 4815.93,iPhone,B62,STRESS_3001_3500,CREATED,idem-20260902-ios-3058
3059,MTR-IOS-3059,Group,Shared Purchase,Assets,Maintenance,Expense,2026-06-04,22:47:24,2026-06-04 22:47:24,17963.47,INR,-17963.47,IOS Meera,3,SHARES,MAESTRO-IOS-GROUP-ASSETS-3059 | Maintenance | 17963.47,iPhone,B62,STRESS_3001_3500,CREATED,idem-20260902-ios-3059
3060,MTR-IOS-3060,Business,Business,Business Runway,Loan,Income,2025-11-16,21:56:29,2025-11-16 21:56:29,95390.77,INR,95390.77,IOS Owner,,,MAESTRO-IOS-BUSINESS-BUSINESS_RUNWAY-3060 | Loan | 95390.77,iPhone,B62,STRESS_3001_3500,CREATED,idem-20260902-ios-3060
3061,MTR-IOS-3061,Personal,Personal,Future Building,Emergency Fund,Transfer,2026-07-07,06:00:28,2026-07-07 06:00:28,4053.35,INR,0.0,IOS Owner,,,MAESTRO-IOS-PERSONAL-FUTURE_BUILDING-3061 | Emergency Fund | 4053.35,iPhone,B62,STRESS_3001_3500,CREATED,idem-20260902-ios-3061
3062,MTR-IOS-3062,Group,Shared Purchase,Assets,Repair,Expense,2025-09-12,04:52:02,2025-09-12 04:52:02,14999.74,INR,-14999.74,IOS Owner,3,EQUAL,MAESTRO-IOS-GROUP-ASSETS-3062 | Repair | 14999.74,iPhone,B62,STRESS_3001_3500,CREATED,idem-20260902-ios-3062
3063,MTR-IOS-3063,Business,Business,Business Runway,Investment,Income,2025-12-17,04:09:01,2025-12-17 04:09:01,43250.48,INR,43250.48,IOS Owner,,,MAESTRO-IOS-BUSINESS-BUSINESS_RUNWAY-3063 | Investment | 43250.48,iPhone,B62,STRESS_3001_3500,CREATED,idem-20260902-ios-3063
3064,MTR-IOS-3064,Personal,Personal,Future Building,Investments,Investment,2026-01-01,18:31:13,2026-01-01 18:31:13,6093.35,INR,0.0,IOS Owner,,,MAESTRO-IOS-PERSONAL-FUTURE_BUILDING-3064 | Investments | 6093.35,iPhone,B62,STRESS_3001_3500,CREATED,idem-20260902-ios-3064
3065,MTR-IOS-3065,Group,Shared Purchase,Assets,Insurance,Expense,2026-08-31,21:44:02,2026-08-31 21:44:02,7844.71,INR,-7844.71,IOS Aarav,3,PERCENTAGE,MAESTRO-IOS-GROUP-ASSETS-3065 | Insurance | 7844.71,iPhone,B62,STRESS_3001_3500,CREATED,idem-20260902-ios-3065
3066,MTR-IOS-3066,Business,Business,Business Operations,Software,Expense,2025-11-27,07:13:04,2025-11-27 07:13:04,134707.22,INR,-134707.22,IOS Owner,,,MAESTRO-IOS-BUSINESS-BUSINESS_OPERATIONS-3066 | Software | 134707.22,iPhone,B62,STRESS_3001_3500,CREATED,idem-20260902-ios-3066
3067,MTR-IOS-3067,Personal,Personal,Future Building,Education,Expense,2025-12-02,01:30:34,2025-12-02 01:30:34,11770.86,INR,-11770.86,IOS Owner,,,MAESTRO-IOS-PERSONAL-FUTURE_BUILDING-3067 | Education | 11770.86,iPhone,B62,STRESS_3001_3500,CREATED,idem-20260902-ios-3067
3068,MTR-IOS-3068,Group,Shared Purchase,Assets,Other,Expense,2026-03-29,14:36:31,2026-03-29 14:36:31,16885.37,INR,-16885.37,IOS Meera,3,EXACT,MAESTRO-IOS-GROUP-ASSETS-3068 | Other | 16885.37,iPhone,B62,STRESS_3001_3500,CREATED,idem-20260902-ios-3068
3069,MTR-IOS-3069,Business,Business,Business Operations,Rent,Expense,2026-07-13,05:41:05,2026-07-13 05:41:05,111171.99,INR,-111171.99,IOS Owner,,,MAESTRO-IOS-BUSINESS-BUSINESS_OPERATIONS-3069 | Rent | 111171.99,iPhone,B62,STRESS_3001_3500,CREATED,idem-20260902-ios-3069
3070,MTR-IOS-3070,Personal,Personal,Future Building,Goal Contribution,Transfer,2026-07-26,23:36:02,2026-07-26 23:36:02,12655.99,INR,0.0,IOS Owner,,,MAESTRO-IOS-PERSONAL-FUTURE_BUILDING-3070 | Goal Contribution | 12655.99,iPhone,B62,STRESS_3001_3500,CREATED,idem-20260902-ios-3070
3071,MTR-IOS-3071,Group,Shared Purchase,Custom Purchase,Custom Expense,Expense,2026-06-16,16:38:14,2026-06-16 16:38:14,10000.0,INR,-10000.0,IOS Owner,3,SHARES,MAESTRO-IOS-GROUP-CUSTOM_PURCHASE-3071 | Custom Expense | 10000.00,iPhone,B62,STRESS_3001_3500,CREATED,idem-20260902-ios-3071
3072,MTR-IOS-3072,Business,Business,Business Operations,Marketing,Expense,2026-02-05,15:04:48,2026-02-05 15:04:48,116339.22,INR,-116339.22,IOS Owner,,,MAESTRO-IOS-BUSINESS-BUSINESS_OPERATIONS-3072 | Marketing | 116339.22,iPhone,B62,STRESS_3001_3500,CREATED,idem-20260902-ios-3072
3073,MTR-IOS-3073,Personal,Personal,Lifestyle,Dining,Expense,2026-07-11,10:34:43,2026-07-11 10:34:43,13065.3,INR,-13065.3,IOS Owner,,,MAESTRO-IOS-PERSONAL-LIFESTYLE-3073 | Dining | 13065.30,iPhone,B62,STRESS_3001_3500,CREATED,idem-20260902-ios-3073
3074,MTR-IOS-3074,Group,Shared Purchase,Custom Purchase,Custom Contribution,Contribution,2025-12-07,23:40:40,2025-12-07 23:40:40,16537.47,INR,16537.47,IOS Aarav,3,EQUAL,MAESTRO-IOS-GROUP-CUSTOM_PURCHASE-3074 | Custom Contribution | 16537.47,iPhone,B62,STRESS_3001_3500,CREATED,idem-20260902-ios-3074
3075,MTR-IOS-3075,Business,Business,Business Operations,Legal,Expense,2026-07-19,10:40:59,2026-07-19 10:40:59,56144.31,INR,-56144.31,IOS Owner,,,MAESTRO-IOS-BUSINESS-BUSINESS_OPERATIONS-3075 | Legal | 56144.31,iPhone,B62,STRESS_3001_3500,CREATED,idem-20260902-ios-3075
3076,MTR-IOS-3076,Personal,Personal,Lifestyle,Shopping,Expense,2026-07-17,03:30:41,2026-07-17 03:30:41,2366.46,INR,-2366.46,IOS Owner,,,MAESTRO-IOS-PERSONAL-LIFESTYLE-3076 | Shopping | 2366.46,iPhone,B62,STRESS_3001_3500,CREATED,idem-20260902-ios-3076
3077,MTR-IOS-3077,Group,Shared Living,Flatmates,Rent,Expense,2026-01-13,11:27:25,2026-01-13 11:27:25,2955.88,INR,-2955.88,IOS Meera,3,PERCENTAGE,MAESTRO-IOS-GROUP-FLATMATES-3077 | Rent | 2955.88,iPhone,B62,STRESS_3001_3500,CREATED,idem-20260902-ios-3077
3078,MTR-IOS-3078,Business,Business,Business Operations,Accounting,Expense,2025-11-08,15:13:28,2025-11-08 15:13:28,148309.27,INR,-148309.27,IOS Owner,,,MAESTRO-IOS-BUSINESS-BUSINESS_OPERATIONS-3078 | Accounting | 148309.27,iPhone,B62,STRESS_3001_3500,CREATED,idem-20260902-ios-3078
3079,MTR-IOS-3079,Personal,Personal,Lifestyle,Entertainment,Expense,2025-10-16,10:02:13,2025-10-16 10:02:13,866.59,INR,-866.59,IOS Owner,,,MAESTRO-IOS-PERSONAL-LIFESTYLE-3079 | Entertainment | 866.59,iPhone,B62,STRESS_3001_3500,CREATED,idem-20260902-ios-3079
3080,MTR-IOS-3080,Group,Shared Living,Flatmates,Utilities,Expense,2026-05-27,15:07:23,2026-05-27 15:07:23,20099.22,INR,-20099.22,IOS Owner,3,EXACT,MAESTRO-IOS-GROUP-FLATMATES-3080 | Utilities | 20099.22,iPhone,B62,STRESS_3001_3500,CREATED,idem-20260902-ios-3080
3081,MTR-IOS-3081,Business,Business,Business Operations,Equipment,Expense,2026-07-15,12:12:37,2026-07-15 12:12:37,137375.58,INR,-137375.58,IOS Owner,,,MAESTRO-IOS-BUSINESS-BUSINESS_OPERATIONS-3081 | Equipment | 137375.58,iPhone,B62,STRESS_3001_3500,CREATED,idem-20260902-ios-3081
3082,MTR-IOS-3082,Personal,Personal,Lifestyle,Travel,Expense,2025-12-17,05:54:03,2025-12-17 05:54:03,6736.33,INR,-6736.33,IOS Owner,,,MAESTRO-IOS-PERSONAL-LIFESTYLE-3082 | Travel | 6736.33,iPhone,B62,STRESS_3001_3500,CREATED,idem-20260902-ios-3082
3083,MTR-IOS-3083,Group,Shared Living,Flatmates,Groceries,Expense,2026-06-05,22:50:28,2026-06-05 22:50:28,18115.37,INR,-18115.37,IOS Aarav,3,SHARES,MAESTRO-IOS-GROUP-FLATMATES-3083 | Groceries | 18115.37,iPhone,B62,STRESS_3001_3500,CREATED,idem-20260902-ios-3083
3084,MTR-IOS-3084,Business,Business,Business Operations,Vendor,Expense,2026-08-14,07:58:40,2026-08-14 07:58:40,38193.13,INR,-38193.13,IOS Owner,,,MAESTRO-IOS-BUSINESS-BUSINESS_OPERATIONS-3084 | Vendor | 38193.13,iPhone,B62,STRESS_3001_3500,CREATED,idem-20260902-ios-3084
3085,MTR-IOS-3085,Personal,Personal,Lifestyle,Fitness,Expense,2026-06-24,19:26:59,2026-06-24 19:26:59,14080.42,INR,-14080.42,IOS Owner,,,MAESTRO-IOS-PERSONAL-LIFESTYLE-3085 | Fitness | 14080.42,iPhone,B62,STRESS_3001_3500,CREATED,idem-20260902-ios-3085
3086,MTR-IOS-3086,Group,Shared Living,Flatmates,Internet,Expense,2026-08-19,14:10:46,2026-08-19 14:10:46,6368.95,INR,-6368.95,IOS Meera,3,EQUAL,MAESTRO-IOS-GROUP-FLATMATES-3086 | Internet | 6368.95,iPhone,B62,STRESS_3001_3500,CREATED,idem-20260902-ios-3086
3087,MTR-IOS-3087,Business,Business,Business Operations,Tax,Expense,2025-11-20,15:38:37,2025-11-20 15:38:37,48549.72,INR,-48549.72,IOS Owner,,,MAESTRO-IOS-BUSINESS-BUSINESS_OPERATIONS-3087 | Tax | 48549.72,iPhone,B62,STRESS_3001_3500,CREATED,idem-20260902-ios-3087
3088,MTR-IOS-3088,Personal,Personal,Lifestyle,Hobbies,Expense,2026-05-05,08:05:57,2026-05-05 08:05:57,12583.41,INR,-12583.41,IOS Owner,,,MAESTRO-IOS-PERSONAL-LIFESTYLE-3088 | Hobbies | 12583.41,iPhone,B62,STRESS_3001_3500,CREATED,idem-20260902-ios-3088
3089,MTR-IOS-3089,Group,Shared Living,Flatmates,House Supplies,Expense,2025-09-23,13:07:17,2025-09-23 13:07:17,26483.92,INR,-26483.92,IOS Owner,3,PERCENTAGE,MAESTRO-IOS-GROUP-FLATMATES-3089 | House Supplies | 26483.92,iPhone,B62,STRESS_3001_3500,CREATED,idem-20260902-ios-3089
3090,MTR-IOS-3090,Business,Business,Team Operations,Payroll,Expense,2026-08-02,14:43:39,2026-08-02 14:43:39,16038.77,INR,-16038.77,IOS Owner,,,MAESTRO-IOS-BUSINESS-TEAM_OPERATIONS-3090 | Payroll | 16038.77,iPhone,B62,STRESS_3001_3500,CREATED,idem-20260902-ios-3090
3091,MTR-IOS-3091,Personal,Personal,Relationships,Gifts,Expense,2026-05-01,23:55:24,2026-05-01 23:55:24,13722.18,INR,-13722.18,IOS Owner,,,MAESTRO-IOS-PERSONAL-RELATIONSHIPS-3091 | Gifts | 13722.18,iPhone,B62,STRESS_3001_3500,CREATED,idem-20260902-ios-3091
3092,MTR-IOS-3092,Group,Shared Living,Flatmates,Repairs,Expense,2025-11-27,03:30:50,2025-11-27 03:30:50,1456.23,INR,-1456.23,IOS Aarav,3,EXACT,MAESTRO-IOS-GROUP-FLATMATES-3092 | Repairs | 1456.23,iPhone,B62,STRESS_3001_3500,CREATED,idem-20260902-ios-3092
3093,MTR-IOS-3093,Business,Business,Team Operations,Contractor,Expense,2026-05-18,09:44:34,2026-05-18 09:44:34,48254.08,INR,-48254.08,IOS Owner,,,MAESTRO-IOS-BUSINESS-TEAM_OPERATIONS-3093 | Contractor | 48254.08,iPhone,B62,STRESS_3001_3500,CREATED,idem-20260902-ios-3093
3094,MTR-IOS-3094,Personal,Personal,Relationships,Dates,Expense,2026-04-20,11:11:58,2026-04-20 11:11:58,12786.28,INR,-12786.28,IOS Owner,,,MAESTRO-IOS-PERSONAL-RELATIONSHIPS-3094 | Dates | 12786.28,iPhone,B62,STRESS_3001_3500,CREATED,idem-20260902-ios-3094
3095,MTR-IOS-3095,Group,Shared Living,Shared Living,Rent,Expense,2025-11-16,16:46:06,2025-11-16 16:46:06,7466.73,INR,-7466.73,IOS Meera,3,SHARES,MAESTRO-IOS-GROUP-SHARED_LIVING-3095 | Rent | 7466.73,iPhone,B62,STRESS_3001_3500,CREATED,idem-20260902-ios-3095
3096,MTR-IOS-3096,Business,Business,Team Operations,Hiring,Expense,2025-11-11,15:17:53,2025-11-11 15:17:53,96926.75,INR,-96926.75,IOS Owner,,,MAESTRO-IOS-BUSINESS-TEAM_OPERATIONS-3096 | Hiring | 96926.75,iPhone,B62,STRESS_3001_3500,CREATED,idem-20260902-ios-3096
3097,MTR-IOS-3097,Personal,Personal,Relationships,Family,Expense,2026-07-29,17:45:20,2026-07-29 17:45:20,6843.77,INR,-6843.77,IOS Owner,,,MAESTRO-IOS-PERSONAL-RELATIONSHIPS-3097 | Family | 6843.77,iPhone,B62,STRESS_3001_3500,CREATED,idem-20260902-ios-3097
3098,MTR-IOS-3098,Group,Shared Living,Shared Living,Utilities,Expense,2025-09-09,04:53:00,2025-09-09 04:53:00,17933.77,INR,-17933.77,IOS Owner,3,EQUAL,MAESTRO-IOS-GROUP-SHARED_LIVING-3098 | Utilities | 17933.77,iPhone,B62,STRESS_3001_3500,CREATED,idem-20260902-ios-3098
3099,MTR-IOS-3099,Business,Business,Team Operations,Team Meal,Expense,2026-01-03,10:41:32,2026-01-03 10:41:32,89854.11,INR,-89854.11,IOS Owner,,,MAESTRO-IOS-BUSINESS-TEAM_OPERATIONS-3099 | Team Meal | 89854.11,iPhone,B62,STRESS_3001_3500,CREATED,idem-20260902-ios-3099
3100,MTR-IOS-3100,Personal,Personal,Relationships,Friends,Expense,2025-12-19,20:28:39,2025-12-19 20:28:39,9505.97,INR,-9505.97,IOS Owner,,,MAESTRO-IOS-PERSONAL-RELATIONSHIPS-3100 | Friends | 9505.97,iPhone,B62,STRESS_3001_3500,CREATED,idem-20260902-ios-3100
3101,MTR-IOS-3101,Group,Shared Living,Shared Living,Groceries,Expense,2026-04-17,15:10:53,2026-04-17 15:10:53,20018.83,INR,-20018.83,IOS Aarav,3,PERCENTAGE,MAESTRO-IOS-GROUP-SHARED_LIVING-3101 | Groceries | 20018.83,iPhone,B63,STRESS_3001_3500,CREATED,idem-20260902-ios-3101
3102,MTR-IOS-3102,Business,Business,Team Operations,Travel,Expense,2026-02-17,23:57:20,2026-02-17 23:57:20,134124.94,INR,-134124.94,IOS Owner,,,MAESTRO-IOS-BUSINESS-TEAM_OPERATIONS-3102 | Travel | 134124.94,iPhone,B63,STRESS_3001_3500,CREATED,idem-20260902-ios-3102
3103,MTR-IOS-3103,Personal,Personal,Relationships,Celebrations,Expense,2026-03-24,18:46:42,2026-03-24 18:46:42,8501.06,INR,-8501.06,IOS Owner,,,MAESTRO-IOS-PERSONAL-RELATIONSHIPS-3103 | Celebrations | 8501.06,iPhone,B63,STRESS_3001_3500,CREATED,idem-20260902-ios-3103
3104,MTR-IOS-3104,Group,Shared Living,Shared Living,Maintenance,Expense,2026-03-02,16:29:30,2026-03-02 16:29:30,13523.09,INR,-13523.09,IOS Meera,3,EXACT,MAESTRO-IOS-GROUP-SHARED_LIVING-3104 | Maintenance | 13523.09,iPhone,B63,STRESS_3001_3500,CREATED,idem-20260902-ios-3104
3105,MTR-IOS-3105,Business,Business,Team Operations,Training,Expense,2026-02-19,21:54:25,2026-02-19 21:54:25,84981.31,INR,-84981.31,IOS Owner,,,MAESTRO-IOS-BUSINESS-TEAM_OPERATIONS-3105 | Training | 84981.31,iPhone,B63,STRESS_3001_3500,CREATED,idem-20260902-ios-3105
3106,MTR-IOS-3106,Personal,Personal,Life Operations,Groceries,Expense,2025-10-12,01:03:32,2025-10-12 01:03:32,14963.53,INR,-14963.53,IOS Owner,,,MAESTRO-IOS-PERSONAL-LIFE_OPERATIONS-3106 | Groceries | 14963.53,iPhone,B63,STRESS_3001_3500,CREATED,idem-20260902-ios-3106
3107,MTR-IOS-3107,Group,Shared Living,Shared Living,Other,Expense,2026-02-15,11:39:18,2026-02-15 11:39:18,17307.1,INR,-17307.1,IOS Owner,3,SHARES,MAESTRO-IOS-GROUP-SHARED_LIVING-3107 | Other | 17307.10,iPhone,B63,STRESS_3001_3500,CREATED,idem-20260902-ios-3107
3108,MTR-IOS-3108,Business,Business,Team Operations,Tools,Expense,2026-02-13,10:10:45,2026-02-13 10:10:45,0.01,INR,-0.01,IOS Owner,,,MAESTRO-IOS-BUSINESS-TEAM_OPERATIONS-3108 | Tools | 0.01,iPhone,B63,STRESS_3001_3500,CREATED,idem-20260902-ios-3108
3109,MTR-IOS-3109,Personal,Personal,Life Operations,Rent,Expense,2025-10-22,16:26:26,2025-10-22 16:26:26,6119.84,INR,-6119.84,IOS Owner,,,MAESTRO-IOS-PERSONAL-LIFE_OPERATIONS-3109 | Rent | 6119.84,iPhone,B63,STRESS_3001_3500,CREATED,idem-20260902-ios-3109
3110,MTR-IOS-3110,Group,Shared Living,Family Household,School,Expense,2026-03-03,13:07:08,2026-03-03 13:07:08,26473.19,INR,-26473.19,IOS Aarav,3,EQUAL,MAESTRO-IOS-GROUP-FAMILY_HOUSEHOLD-3110 | School | 26473.19,iPhone,B63,STRESS_3001_3500,CREATED,idem-20260902-ios-3110
3111,MTR-IOS-3111,Business,Business,Business Runway,Funding,Income,2026-07-04,19:20:51,2026-07-04 19:20:51,129496.97,INR,129496.97,IOS Owner,,,MAESTRO-IOS-BUSINESS-BUSINESS_RUNWAY-3111 | Funding | 129496.97,iPhone,B63,STRESS_3001_3500,CREATED,idem-20260902-ios-3111
3112,MTR-IOS-3112,Personal,Personal,Life Operations,Bills,Expense,2026-07-04,15:55:13,2026-07-04 15:55:13,9539.38,INR,-9539.38,IOS Owner,,,MAESTRO-IOS-PERSONAL-LIFE_OPERATIONS-3112 | Bills | 9539.38,iPhone,B63,STRESS_3001_3500,CREATED,idem-20260902-ios-3112
3113,MTR-IOS-3113,Group,Shared Living,Family Household,Other,Expense,2026-01-26,15:48:38,2026-01-26 15:48:38,2859.32,INR,-2859.32,IOS Meera,3,PERCENTAGE,MAESTRO-IOS-GROUP-FAMILY_HOUSEHOLD-3113 | Other | 2859.32,iPhone,B63,STRESS_3001_3500,CREATED,idem-20260902-ios-3113
3114,MTR-IOS-3114,Business,Business,Business Runway,Revenue,Income,2026-08-11,19:54:05,2026-08-11 19:54:05,30245.29,INR,30245.29,IOS Owner,,,MAESTRO-IOS-BUSINESS-BUSINESS_RUNWAY-3114 | Revenue | 30245.29,iPhone,B63,STRESS_3001_3500,CREATED,idem-20260902-ios-3114
3115,MTR-IOS-3115,Personal,Personal,Life Operations,Transport,Expense,2026-06-24,09:31:11,2026-06-24 09:31:11,2952.68,INR,-2952.68,IOS Owner,,,MAESTRO-IOS-PERSONAL-LIFE_OPERATIONS-3115 | Transport | 2952.68,iPhone,B63,STRESS_3001_3500,CREATED,idem-20260902-ios-3115
3116,MTR-IOS-3116,Group,Shared Living,Family Household,Rent,Expense,2026-04-14,18:50:54,2026-04-14 18:50:54,19687.75,INR,-19687.75,IOS Owner,3,EXACT,MAESTRO-IOS-GROUP-FAMILY_HOUSEHOLD-3116 | Rent | 19687.75,iPhone,B63,STRESS_3001_3500,CREATED,idem-20260902-ios-3116
3117,MTR-IOS-3117,Business,Business,Business Runway,Burn,Expense,2025-10-17,05:59:54,2025-10-17 05:59:54,28678.07,INR,-28678.07,IOS Owner,,,MAESTRO-IOS-BUSINESS-BUSINESS_RUNWAY-3117 | Burn | 28678.07,iPhone,B63,STRESS_3001_3500,CREATED,idem-20260902-ios-3117
3118,MTR-IOS-3118,Personal,Personal,Life Operations,Healthcare,Expense,2025-10-24,16:25:49,2025-10-24 16:25:49,1093.71,INR,-1093.71,IOS Owner,,,MAESTRO-IOS-PERSONAL-LIFE_OPERATIONS-3118 | Healthcare | 1093.71,iPhone,B63,STRESS_3001_3500,CREATED,idem-20260902-ios-3118
3119,MTR-IOS-3119,Group,Shared Living,Family Household,Groceries,Expense,2026-01-05,04:26:18,2026-01-05 04:26:18,14087.21,INR,-14087.21,IOS Aarav,3,SHARES,MAESTRO-IOS-GROUP-FAMILY_HOUSEHOLD-3119 | Groceries | 14087.21,iPhone,B63,STRESS_3001_3500,CREATED,idem-20260902-ios-3119
3120,MTR-IOS-3120,Business,Business,Business Runway,Reserve,Transfer,2025-09-27,08:04:18,2025-09-27 08:04:18,25892.37,INR,0.0,IOS Owner,,,MAESTRO-IOS-BUSINESS-BUSINESS_RUNWAY-3120 | Reserve | 25892.37,iPhone,B63,STRESS_3001_3500,CREATED,idem-20260902-ios-3120
3121,MTR-IOS-3121,Personal,Personal,Life Operations,Subscriptions,Expense,2026-03-16,21:25:29,2026-03-16 21:25:29,12158.34,INR,-12158.34,IOS Owner,,,MAESTRO-IOS-PERSONAL-LIFE_OPERATIONS-3121 | Subscriptions | 12158.34,iPhone,B63,STRESS_3001_3500,CREATED,idem-20260902-ios-3121
3122,MTR-IOS-3122,Group,Shared Living,Family Household,Transport,Expense,2025-10-23,16:57:07,2025-10-23 16:57:07,8948.11,INR,-8948.11,IOS Meera,3,EQUAL,MAESTRO-IOS-GROUP-FAMILY_HOUSEHOLD-3122 | Transport | 8948.11,iPhone,B63,STRESS_3001_3500,CREATED,idem-20260902-ios-3122
3123,MTR-IOS-3123,Business,Business,Business Runway,Loan,Income,2025-10-12,11:37:41,2025-10-12 11:37:41,131136.76,INR,131136.76,IOS Owner,,,MAESTRO-IOS-BUSINESS-BUSINESS_RUNWAY-3123 | Loan | 131136.76,iPhone,B63,STRESS_3001_3500,CREATED,idem-20260902-ios-3123
3124,MTR-IOS-3124,Personal,Personal,Life Operations,Repairs,Expense,2026-05-19,10:11:01,2026-05-19 10:11:01,8626.43,INR,-8626.43,IOS Owner,,,MAESTRO-IOS-PERSONAL-LIFE_OPERATIONS-3124 | Repairs | 8626.43,iPhone,B63,STRESS_3001_3500,CREATED,idem-20260902-ios-3124
3125,MTR-IOS-3125,Group,Shared Living,Family Household,Bills,Expense,2025-10-23,01:54:32,2025-10-23 01:54:32,8412.7,INR,-8412.7,IOS Owner,3,PERCENTAGE,MAESTRO-IOS-GROUP-FAMILY_HOUSEHOLD-3125 | Bills | 8412.70,iPhone,B63,STRESS_3001_3500,CREATED,idem-20260902-ios-3125
3126,MTR-IOS-3126,Business,Business,Business Runway,Investment,Income,2026-06-02,14:30:21,2026-06-02 14:30:21,160431.28,INR,160431.28,IOS Owner,,,MAESTRO-IOS-BUSINESS-BUSINESS_RUNWAY-3126 | Investment | 160431.28,iPhone,B63,STRESS_3001_3500,CREATED,idem-20260902-ios-3126
3127,MTR-IOS-3127,Personal,Personal,Future Building,Savings,Transfer,2026-05-17,16:36:55,2026-05-17 16:36:55,16254.08,INR,0.0,IOS Owner,,,MAESTRO-IOS-PERSONAL-FUTURE_BUILDING-3127 | Savings | 16254.08,iPhone,B63,STRESS_3001_3500,CREATED,idem-20260902-ios-3127
3128,MTR-IOS-3128,Group,Shared Living,Custom Living,Custom Expense,Expense,2026-05-19,09:51:55,2026-05-19 09:51:55,9229.32,INR,-9229.32,IOS Aarav,3,EXACT,MAESTRO-IOS-GROUP-CUSTOM_LIVING-3128 | Custom Expense | 9229.32,iPhone,B63,STRESS_3001_3500,CREATED,idem-20260902-ios-3128
3129,MTR-IOS-3129,Business,Business,Business Operations,Software,Expense,2026-09-01,14:25:34,2026-09-01 14:25:34,158169.26,INR,-158169.26,IOS Owner,,,MAESTRO-IOS-BUSINESS-BUSINESS_OPERATIONS-3129 | Software | 158169.26,iPhone,B63,STRESS_3001_3500,CREATED,idem-20260902-ios-3129
3130,MTR-IOS-3130,Personal,Personal,Future Building,Emergency Fund,Transfer,2026-06-17,07:38:02,2026-06-17 07:38:02,5157.34,INR,0.0,IOS Owner,,,MAESTRO-IOS-PERSONAL-FUTURE_BUILDING-3130 | Emergency Fund | 5157.34,iPhone,B63,STRESS_3001_3500,CREATED,idem-20260902-ios-3130
3131,MTR-IOS-3131,Group,Shared Living,Custom Living,Custom Contribution,Contribution,2026-04-28,05:43:48,2026-04-28 05:43:48,24327.82,INR,24327.82,IOS Meera,3,SHARES,MAESTRO-IOS-GROUP-CUSTOM_LIVING-3131 | Custom Contribution | 24327.82,iPhone,B63,STRESS_3001_3500,CREATED,idem-20260902-ios-3131
3132,MTR-IOS-3132,Business,Business,Business Operations,Rent,Expense,2025-10-02,08:40:37,2025-10-02 08:40:37,161198.19,INR,-161198.19,IOS Owner,,,MAESTRO-IOS-BUSINESS-BUSINESS_OPERATIONS-3132 | Rent | 161198.19,iPhone,B63,STRESS_3001_3500,CREATED,idem-20260902-ios-3132
3133,MTR-IOS-3133,Personal,Personal,Future Building,Investments,Investment,2026-04-23,22:41:56,2026-04-23 22:41:56,17063.19,INR,0.0,IOS Owner,,,MAESTRO-IOS-PERSONAL-FUTURE_BUILDING-3133 | Investments | 17063.19,iPhone,B63,STRESS_3001_3500,CREATED,idem-20260902-ios-3133
3134,MTR-IOS-3134,Group,Shared Experience,Trip,Travel,Expense,2026-02-04,02:55:49,2026-02-04 02:55:49,13916.29,INR,-13916.29,IOS Owner,3,EQUAL,MAESTRO-IOS-GROUP-TRIP-3134 | Travel | 13916.29,iPhone,B63,STRESS_3001_3500,CREATED,idem-20260902-ios-3134
3135,MTR-IOS-3135,Business,Business,Business Operations,Marketing,Expense,2025-12-30,16:08:42,2025-12-30 16:08:42,26003.76,INR,-26003.76,IOS Owner,,,MAESTRO-IOS-BUSINESS-BUSINESS_OPERATIONS-3135 | Marketing | 26003.76,iPhone,B63,STRESS_3001_3500,CREATED,idem-20260902-ios-3135
3136,MTR-IOS-3136,Personal,Personal,Future Building,Education,Expense,2025-09-14,00:01:47,2025-09-14 00:01:47,9525.41,INR,-9525.41,IOS Owner,,,MAESTRO-IOS-PERSONAL-FUTURE_BUILDING-3136 | Education | 9525.41,iPhone,B63,STRESS_3001_3500,CREATED,idem-20260902-ios-3136
3137,MTR-IOS-3137,Group,Shared Experience,Trip,Stay,Expense,2026-05-20,20:15:04,2026-05-20 20:15:04,17659.79,INR,-17659.79,IOS Aarav,3,PERCENTAGE,MAESTRO-IOS-GROUP-TRIP-3137 | Stay | 17659.79,iPhone,B63,STRESS_3001_3500,CREATED,idem-20260902-ios-3137
3138,MTR-IOS-3138,Business,Business,Business Operations,Legal,Expense,2026-07-25,22:05:28,2026-07-25 22:05:28,145363.66,INR,-145363.66,IOS Owner,,,MAESTRO-IOS-BUSINESS-BUSINESS_OPERATIONS-3138 | Legal | 145363.66,iPhone,B63,STRESS_3001_3500,CREATED,idem-20260902-ios-3138
3139,MTR-IOS-3139,Personal,Personal,Future Building,Goal Contribution,Transfer,2026-06-06,07:14:59,2026-06-06 07:14:59,5006.97,INR,0.0,IOS Owner,,,MAESTRO-IOS-PERSONAL-FUTURE_BUILDING-3139 | Goal Contribution | 5006.97,iPhone,B63,STRESS_3001_3500,CREATED,idem-20260902-ios-3139
3140,MTR-IOS-3140,Group,Shared Experience,Trip,Food,Expense,2025-11-26,06:33:30,2025-11-26 06:33:30,20944.0,INR,-20944.0,IOS Meera,3,EXACT,MAESTRO-IOS-GROUP-TRIP-3140 | Food | 20944.00,iPhone,B63,STRESS_3001_3500,CREATED,idem-20260902-ios-3140
3141,MTR-IOS-3141,Business,Business,Business Operations,Accounting,Expense,2026-05-22,11:01:54,2026-05-22 11:01:54,162491.2,INR,-162491.2,IOS Owner,,,MAESTRO-IOS-BUSINESS-BUSINESS_OPERATIONS-3141 | Accounting | 162491.20,iPhone,B63,STRESS_3001_3500,CREATED,idem-20260902-ios-3141
3142,MTR-IOS-3142,Personal,Personal,Lifestyle,Dining,Expense,2025-11-19,17:59:29,2025-11-19 17:59:29,1422.49,INR,-1422.49,IOS Owner,,,MAESTRO-IOS-PERSONAL-LIFESTYLE-3142 | Dining | 1422.49,iPhone,B63,STRESS_3001_3500,CREATED,idem-20260902-ios-3142
3143,MTR-IOS-3143,Group,Shared Experience,Trip,Local Transport,Expense,2026-03-11,08:18:13,2026-03-11 08:18:13,22009.06,INR,-22009.06,IOS Owner,3,SHARES,MAESTRO-IOS-GROUP-TRIP-3143 | Local Transport | 22009.06,iPhone,B63,STRESS_3001_3500,CREATED,idem-20260902-ios-3143
3144,MTR-IOS-3144,Business,Business,Business Operations,Equipment,Expense,2025-10-28,18:42:52,2025-10-28 18:42:52,106307.31,INR,-106307.31,IOS Owner,,,MAESTRO-IOS-BUSINESS-BUSINESS_OPERATIONS-3144 | Equipment | 106307.31,iPhone,B63,STRESS_3001_3500,CREATED,idem-20260902-ios-3144
3145,MTR-IOS-3145,Personal,Personal,Lifestyle,Shopping,Expense,2025-11-02,14:06:30,2025-11-02 14:06:30,1.0,INR,-1.0,IOS Owner,,,MAESTRO-IOS-PERSONAL-LIFESTYLE-3145 | Shopping | 1.00,iPhone,B63,STRESS_3001_3500,CREATED,idem-20260902-ios-3145
3146,MTR-IOS-3146,Group,Shared Experience,Trip,Activities,Expense,2026-04-28,12:41:52,2026-04-28 12:41:52,7644.58,INR,-7644.58,IOS Aarav,3,EQUAL,MAESTRO-IOS-GROUP-TRIP-3146 | Activities | 7644.58,iPhone,B63,STRESS_3001_3500,CREATED,idem-20260902-ios-3146
3147,MTR-IOS-3147,Business,Business,Business Operations,Vendor,Expense,2025-11-26,01:01:24,2025-11-26 01:01:24,101868.84,INR,-101868.84,IOS Owner,,,MAESTRO-IOS-BUSINESS-BUSINESS_OPERATIONS-3147 | Vendor | 101868.84,iPhone,B63,STRESS_3001_3500,CREATED,idem-20260902-ios-3147
3148,MTR-IOS-3148,Personal,Personal,Lifestyle,Entertainment,Expense,2026-03-22,18:55:10,2026-03-22 18:55:10,6436.56,INR,-6436.56,IOS Owner,,,MAESTRO-IOS-PERSONAL-LIFESTYLE-3148 | Entertainment | 6436.56,iPhone,B63,STRESS_3001_3500,CREATED,idem-20260902-ios-3148
3149,MTR-IOS-3149,Group,Shared Experience,Trip,Shopping,Expense,2026-05-23,02:44:15,2026-05-23 02:44:15,17324.05,INR,-17324.05,IOS Meera,3,PERCENTAGE,MAESTRO-IOS-GROUP-TRIP-3149 | Shopping | 17324.05,iPhone,B63,STRESS_3001_3500,CREATED,idem-20260902-ios-3149
3150,MTR-IOS-3150,Business,Business,Business Operations,Tax,Expense,2026-02-25,16:27:14,2026-02-25 16:27:14,155410.28,INR,-155410.28,IOS Owner,,,MAESTRO-IOS-BUSINESS-BUSINESS_OPERATIONS-3150 | Tax | 155410.28,iPhone,B63,STRESS_3001_3500,CREATED,idem-20260902-ios-3150
3151,MTR-IOS-3151,Personal,Personal,Lifestyle,Travel,Expense,2025-11-19,10:30:53,2025-11-19 10:30:53,1423.38,INR,-1423.38,IOS Owner,,,MAESTRO-IOS-PERSONAL-LIFESTYLE-3151 | Travel | 1423.38,iPhone,B64,STRESS_3001_3500,CREATED,idem-20260902-ios-3151
3152,MTR-IOS-3152,Group,Shared Experience,Trip,Other,Expense,2026-07-01,12:47:39,2026-07-01 12:47:39,18992.33,INR,-18992.33,IOS Owner,3,EXACT,MAESTRO-IOS-GROUP-TRIP-3152 | Other | 18992.33,iPhone,B64,STRESS_3001_3500,CREATED,idem-20260902-ios-3152
3153,MTR-IOS-3153,Business,Business,Team Operations,Payroll,Expense,2026-01-29,19:10:54,2026-01-29 19:10:54,142576.12,INR,-142576.12,IOS Owner,,,MAESTRO-IOS-BUSINESS-TEAM_OPERATIONS-3153 | Payroll | 142576.12,iPhone,B64,STRESS_3001_3500,CREATED,idem-20260902-ios-3153
3154,MTR-IOS-3154,Personal,Personal,Lifestyle,Fitness,Expense,2026-03-28,06:59:04,2026-03-28 06:59:04,9265.66,INR,-9265.66,IOS Owner,,,MAESTRO-IOS-PERSONAL-LIFESTYLE-3154 | Fitness | 9265.66,iPhone,B64,STRESS_3001_3500,CREATED,idem-20260902-ios-3154
3155,MTR-IOS-3155,Group,Shared Experience,Wedding,Venue,Expense,2025-09-22,10:00:09,2025-09-22 10:00:09,15786.43,INR,-15786.43,IOS Aarav,3,SHARES,MAESTRO-IOS-GROUP-WEDDING-3155 | Venue | 15786.43,iPhone,B64,STRESS_3001_3500,CREATED,idem-20260902-ios-3155
3156,MTR-IOS-3156,Business,Business,Team Operations,Contractor,Expense,2026-02-05,06:34:17,2026-02-05 06:34:17,125748.06,INR,-125748.06,IOS Owner,,,MAESTRO-IOS-BUSINESS-TEAM_OPERATIONS-3156 | Contractor | 125748.06,iPhone,B64,STRESS_3001_3500,CREATED,idem-20260902-ios-3156
3157,MTR-IOS-3157,Personal,Personal,Lifestyle,Hobbies,Expense,2026-04-14,22:01:54,2026-04-14 22:01:54,2092.89,INR,-2092.89,IOS Owner,,,MAESTRO-IOS-PERSONAL-LIFESTYLE-3157 | Hobbies | 2092.89,iPhone,B64,STRESS_3001_3500,CREATED,idem-20260902-ios-3157
3158,MTR-IOS-3158,Group,Shared Experience,Wedding,Catering,Expense,2025-12-26,22:51:35,2025-12-26 22:51:35,26298.11,INR,-26298.11,IOS Meera,3,EQUAL,MAESTRO-IOS-GROUP-WEDDING-3158 | Catering | 26298.11,iPhone,B64,STRESS_3001_3500,CREATED,idem-20260902-ios-3158
3159,MTR-IOS-3159,Business,Business,Team Operations,Hiring,Expense,2025-11-30,23:19:15,2025-11-30 23:19:15,54672.61,INR,-54672.61,IOS Owner,,,MAESTRO-IOS-BUSINESS-TEAM_OPERATIONS-3159 | Hiring | 54672.61,iPhone,B64,STRESS_3001_3500,CREATED,idem-20260902-ios-3159
3160,MTR-IOS-3160,Personal,Personal,Relationships,Gifts,Expense,2026-08-16,08:55:07,2026-08-16 08:55:07,2124.02,INR,-2124.02,IOS Owner,,,MAESTRO-IOS-PERSONAL-RELATIONSHIPS-3160 | Gifts | 2124.02,iPhone,B64,STRESS_3001_3500,CREATED,idem-20260902-ios-3160
3161,MTR-IOS-3161,Group,Shared Experience,Wedding,Decor,Expense,2025-11-26,02:02:54,2025-11-26 02:02:54,7155.03,INR,-7155.03,IOS Owner,3,PERCENTAGE,MAESTRO-IOS-GROUP-WEDDING-3161 | Decor | 7155.03,iPhone,B64,STRESS_3001_3500,CREATED,idem-20260902-ios-3161
3162,MTR-IOS-3162,Business,Business,Team Operations,Team Meal,Expense,2026-06-19,01:45:10,2026-06-19 01:45:10,62905.17,INR,-62905.17,IOS Owner,,,MAESTRO-IOS-BUSINESS-TEAM_OPERATIONS-3162 | Team Meal | 62905.17,iPhone,B64,STRESS_3001_3500,CREATED,idem-20260902-ios-3162
3163,MTR-IOS-3163,Personal,Personal,Relationships,Dates,Expense,2026-06-15,15:48:11,2026-06-15 15:48:11,16446.84,INR,-16446.84,IOS Owner,,,MAESTRO-IOS-PERSONAL-RELATIONSHIPS-3163 | Dates | 16446.84,iPhone,B64,STRESS_3001_3500,CREATED,idem-20260902-ios-3163
3164,MTR-IOS-3164,Group,Shared Experience,Wedding,Travel,Expense,2026-03-25,20:00:56,2026-03-25 20:00:56,22488.78,INR,-22488.78,IOS Aarav,3,EXACT,MAESTRO-IOS-GROUP-WEDDING-3164 | Travel | 22488.78,iPhone,B64,STRESS_3001_3500,CREATED,idem-20260902-ios-3164
3165,MTR-IOS-3165,Business,Business,Team Operations,Travel,Expense,2025-11-22,05:40:55,2025-11-22 05:40:55,29247.48,INR,-29247.48,IOS Owner,,,MAESTRO-IOS-BUSINESS-TEAM_OPERATIONS-3165 | Travel | 29247.48,iPhone,B64,STRESS_3001_3500,CREATED,idem-20260902-ios-3165
3166,MTR-IOS-3166,Personal,Personal,Relationships,Family,Expense,2026-01-04,08:56:31,2026-01-04 08:56:31,17833.6,INR,-17833.6,IOS Owner,,,MAESTRO-IOS-PERSONAL-RELATIONSHIPS-3166 | Family | 17833.60,iPhone,B64,STRESS_3001_3500,CREATED,idem-20260902-ios-3166
3167,MTR-IOS-3167,Group,Shared Experience,Wedding,Gifts,Expense,2025-10-15,06:53:27,2025-10-15 06:53:27,11617.56,INR,-11617.56,IOS Meera,3,SHARES,MAESTRO-IOS-GROUP-WEDDING-3167 | Gifts | 11617.56,iPhone,B64,STRESS_3001_3500,CREATED,idem-20260902-ios-3167
3168,MTR-IOS-3168,Business,Business,Team Operations,Training,Expense,2026-04-16,21:29:46,2026-04-16 21:29:46,54594.23,INR,-54594.23,IOS Owner,,,MAESTRO-IOS-BUSINESS-TEAM_OPERATIONS-3168 | Training | 54594.23,iPhone,B64,STRESS_3001_3500,CREATED,idem-20260902-ios-3168
3169,MTR-IOS-3169,Personal,Personal,Relationships,Friends,Expense,2025-11-29,04:20:52,2025-11-29 04:20:52,17160.38,INR,-17160.38,IOS Owner,,,MAESTRO-IOS-PERSONAL-RELATIONSHIPS-3169 | Friends | 17160.38,iPhone,B64,STRESS_3001_3500,CREATED,idem-20260902-ios-3169
3170,MTR-IOS-3170,Group,Shared Experience,Wedding,Photography,Expense,2026-03-07,06:50:40,2026-03-07 06:50:40,296.62,INR,-296.62,IOS Owner,3,EQUAL,MAESTRO-IOS-GROUP-WEDDING-3170 | Photography | 296.62,iPhone,B64,STRESS_3001_3500,CREATED,idem-20260902-ios-3170
3171,MTR-IOS-3171,Business,Business,Team Operations,Tools,Expense,2026-03-16,09:00:29,2026-03-16 09:00:29,73497.91,INR,-73497.91,IOS Owner,,,MAESTRO-IOS-BUSINESS-TEAM_OPERATIONS-3171 | Tools | 73497.91,iPhone,B64,STRESS_3001_3500,CREATED,idem-20260902-ios-3171
3172,MTR-IOS-3172,Personal,Personal,Relationships,Celebrations,Expense,2026-06-29,18:34:21,2026-06-29 18:34:21,5097.93,INR,-5097.93,IOS Owner,,,MAESTRO-IOS-PERSONAL-RELATIONSHIPS-3172 | Celebrations | 5097.93,iPhone,B64,STRESS_3001_3500,CREATED,idem-20260902-ios-3172
3173,MTR-IOS-3173,Group,Shared Experience,Wedding,Other,Expense,2026-05-02,10:45:19,2026-05-02 10:45:19,18264.78,INR,-18264.78,IOS Aarav,3,PERCENTAGE,MAESTRO-IOS-GROUP-WEDDING-3173 | Other | 18264.78,iPhone,B64,STRESS_3001_3500,CREATED,idem-20260902-ios-3173
3174,MTR-IOS-3174,Business,Business,Business Runway,Funding,Income,2026-08-02,05:15:05,2026-08-02 05:15:05,96925.4,INR,96925.4,IOS Owner,,,MAESTRO-IOS-BUSINESS-BUSINESS_RUNWAY-3174 | Funding | 96925.40,iPhone,B64,STRESS_3001_3500,CREATED,idem-20260902-ios-3174
3175,MTR-IOS-3175,Personal,Personal,Life Operations,Groceries,Expense,2026-05-30,23:58:20,2026-05-30 23:58:20,3630.11,INR,-3630.11,IOS Owner,,,MAESTRO-IOS-PERSONAL-LIFE_OPERATIONS-3175 | Groceries | 3630.11,iPhone,B64,STRESS_3001_3500,CREATED,idem-20260902-ios-3175
3176,MTR-IOS-3176,Group,Shared Experience,Office Outing,Food,Expense,2026-01-04,16:43:14,2026-01-04 16:43:14,21141.64,INR,-21141.64,IOS Meera,3,EXACT,MAESTRO-IOS-GROUP-OFFICE_OUTING-3176 | Food | 21141.64,iPhone,B64,STRESS_3001_3500,CREATED,idem-20260902-ios-3176
3177,MTR-IOS-3177,Business,Business,Business Runway,Revenue,Income,2026-07-12,04:48:27,2026-07-12 04:48:27,66906.55,INR,66906.55,IOS Owner,,,MAESTRO-IOS-BUSINESS-BUSINESS_RUNWAY-3177 | Revenue | 66906.55,iPhone,B64,STRESS_3001_3500,CREATED,idem-20260902-ios-3177
3178,MTR-IOS-3178,Personal,Personal,Life Operations,Rent,Expense,2025-10-01,13:07:03,2025-10-01 13:07:03,13627.45,INR,-13627.45,IOS Owner,,,MAESTRO-IOS-PERSONAL-LIFE_OPERATIONS-3178 | Rent | 13627.45,iPhone,B64,STRESS_3001_3500,CREATED,idem-20260902-ios-3178
3179,MTR-IOS-3179,Group,Shared Experience,Office Outing,Travel,Expense,2026-02-23,03:14:45,2026-02-23 03:14:45,13956.68,INR,-13956.68,IOS Owner,3,SHARES,MAESTRO-IOS-GROUP-OFFICE_OUTING-3179 | Travel | 13956.68,iPhone,B64,STRESS_3001_3500,CREATED,idem-20260902-ios-3179
3180,MTR-IOS-3180,Business,Business,Business Runway,Burn,Expense,2026-03-15,05:20:04,2026-03-15 05:20:04,133820.51,INR,-133820.51,IOS Owner,,,MAESTRO-IOS-BUSINESS-BUSINESS_RUNWAY-3180 | Burn | 133820.51,iPhone,B64,STRESS_3001_3500,CREATED,idem-20260902-ios-3180
3181,MTR-IOS-3181,Personal,Personal,Life Operations,Bills,Expense,2025-12-01,13:37:38,2025-12-01 13:37:38,15319.75,INR,-15319.75,IOS Owner,,,MAESTRO-IOS-PERSONAL-LIFE_OPERATIONS-3181 | Bills | 15319.75,iPhone,B64,STRESS_3001_3500,CREATED,idem-20260902-ios-3181
3182,MTR-IOS-3182,Group,Shared Experience,Office Outing,Activities,Expense,2026-01-17,10:36:13,2026-01-17 10:36:13,99.99,INR,-99.99,IOS Aarav,3,EQUAL,MAESTRO-IOS-GROUP-OFFICE_OUTING-3182 | Activities | 99.99,iPhone,B64,STRESS_3001_3500,CREATED,idem-20260902-ios-3182
3183,MTR-IOS-3183,Business,Business,Business Runway,Reserve,Transfer,2026-07-07,10:45:15,2026-07-07 10:45:15,26428.1,INR,0.0,IOS Owner,,,MAESTRO-IOS-BUSINESS-BUSINESS_RUNWAY-3183 | Reserve | 26428.10,iPhone,B64,STRESS_3001_3500,CREATED,idem-20260902-ios-3183
3184,MTR-IOS-3184,Personal,Personal,Life Operations,Transport,Expense,2026-01-21,03:34:33,2026-01-21 03:34:33,14557.69,INR,-14557.69,IOS Owner,,,MAESTRO-IOS-PERSONAL-LIFE_OPERATIONS-3184 | Transport | 14557.69,iPhone,B64,STRESS_3001_3500,CREATED,idem-20260902-ios-3184
3185,MTR-IOS-3185,Group,Shared Experience,Office Outing,Venue,Expense,2026-03-21,07:05:14,2026-03-21 07:05:14,1903.31,INR,-1903.31,IOS Meera,3,PERCENTAGE,MAESTRO-IOS-GROUP-OFFICE_OUTING-3185 | Venue | 1903.31,iPhone,B64,STRESS_3001_3500,CREATED,idem-20260902-ios-3185
3186,MTR-IOS-3186,Business,Business,Business Runway,Loan,Income,2026-07-12,17:10:01,2026-07-12 17:10:01,22323.11,INR,22323.11,IOS Owner,,,MAESTRO-IOS-BUSINESS-BUSINESS_RUNWAY-3186 | Loan | 22323.11,iPhone,B64,STRESS_3001_3500,CREATED,idem-20260902-ios-3186
3187,MTR-IOS-3187,Personal,Personal,Life Operations,Healthcare,Expense,2025-10-30,02:27:38,2025-10-30 02:27:38,1212.03,INR,-1212.03,IOS Owner,,,MAESTRO-IOS-PERSONAL-LIFE_OPERATIONS-3187 | Healthcare | 1212.03,iPhone,B64,STRESS_3001_3500,CREATED,idem-20260902-ios-3187
3188,MTR-IOS-3188,Group,Shared Experience,Office Outing,Other,Expense,2026-01-11,15:40:03,2026-01-11 15:40:03,11598.29,INR,-11598.29,IOS Owner,3,EXACT,MAESTRO-IOS-GROUP-OFFICE_OUTING-3188 | Other | 11598.29,iPhone,B64,STRESS_3001_3500,CREATED,idem-20260902-ios-3188
3189,MTR-IOS-3189,Business,Business,Business Runway,Investment,Income,2026-01-28,09:18:21,2026-01-28 09:18:21,81533.57,INR,81533.57,IOS Owner,,,MAESTRO-IOS-BUSINESS-BUSINESS_RUNWAY-3189 | Investment | 81533.57,iPhone,B64,STRESS_3001_3500,CREATED,idem-20260902-ios-3189
3190,MTR-IOS-3190,Personal,Personal,Life Operations,Subscriptions,Expense,2026-02-13,14:38:25,2026-02-13 14:38:25,14577.25,INR,-14577.25,IOS Owner,,,MAESTRO-IOS-PERSONAL-LIFE_OPERATIONS-3190 | Subscriptions | 14577.25,iPhone,B64,STRESS_3001_3500,CREATED,idem-20260902-ios-3190
3191,MTR-IOS-3191,Group,Shared Experience,House Party,Food,Expense,2025-09-18,14:28:36,2025-09-18 14:28:36,18927.75,INR,-18927.75,IOS Aarav,3,SHARES,MAESTRO-IOS-GROUP-HOUSE_PARTY-3191 | Food | 18927.75,iPhone,B64,STRESS_3001_3500,CREATED,idem-20260902-ios-3191
3192,MTR-IOS-3192,Business,Business,Business Operations,Software,Expense,2026-03-06,09:58:20,2026-03-06 09:58:20,127337.57,INR,-127337.57,IOS Owner,,,MAESTRO-IOS-BUSINESS-BUSINESS_OPERATIONS-3192 | Software | 127337.57,iPhone,B64,STRESS_3001_3500,CREATED,idem-20260902-ios-3192
3193,MTR-IOS-3193,Personal,Personal,Life Operations,Repairs,Expense,2026-03-09,21:47:13,2026-03-09 21:47:13,5280.67,INR,-5280.67,IOS Owner,,,MAESTRO-IOS-PERSONAL-LIFE_OPERATIONS-3193 | Repairs | 5280.67,iPhone,B64,STRESS_3001_3500,CREATED,idem-20260902-ios-3193
3194,MTR-IOS-3194,Group,Shared Experience,House Party,Drinks,Expense,2025-09-25,17:49:32,2025-09-25 17:49:32,10473.87,INR,-10473.87,IOS Meera,3,EQUAL,MAESTRO-IOS-GROUP-HOUSE_PARTY-3194 | Drinks | 10473.87,iPhone,B64,STRESS_3001_3500,CREATED,idem-20260902-ios-3194
3195,MTR-IOS-3195,Business,Business,Business Operations,Rent,Expense,2026-08-04,07:27:45,2026-08-04 07:27:45,108037.35,INR,-108037.35,IOS Owner,,,MAESTRO-IOS-BUSINESS-BUSINESS_OPERATIONS-3195 | Rent | 108037.35,iPhone,B64,STRESS_3001_3500,CREATED,idem-20260902-ios-3195
3196,MTR-IOS-3196,Personal,Personal,Future Building,Savings,Transfer,2026-06-25,15:39:05,2026-06-25 15:39:05,8953.07,INR,0.0,IOS Owner,,,MAESTRO-IOS-PERSONAL-FUTURE_BUILDING-3196 | Savings | 8953.07,iPhone,B64,STRESS_3001_3500,CREATED,idem-20260902-ios-3196
3197,MTR-IOS-3197,Group,Shared Experience,House Party,Decor,Expense,2026-01-01,08:32:46,2026-01-01 08:32:46,20535.35,INR,-20535.35,IOS Owner,3,PERCENTAGE,MAESTRO-IOS-GROUP-HOUSE_PARTY-3197 | Decor | 20535.35,iPhone,B64,STRESS_3001_3500,CREATED,idem-20260902-ios-3197
3198,MTR-IOS-3198,Business,Business,Business Operations,Marketing,Expense,2026-05-23,21:10:27,2026-05-23 21:10:27,119236.68,INR,-119236.68,IOS Owner,,,MAESTRO-IOS-BUSINESS-BUSINESS_OPERATIONS-3198 | Marketing | 119236.68,iPhone,B64,STRESS_3001_3500,CREATED,idem-20260902-ios-3198
3199,MTR-IOS-3199,Personal,Personal,Future Building,Emergency Fund,Transfer,2025-11-13,10:16:42,2025-11-13 10:16:42,16784.31,INR,0.0,IOS Owner,,,MAESTRO-IOS-PERSONAL-FUTURE_BUILDING-3199 | Emergency Fund | 16784.31,iPhone,B64,STRESS_3001_3500,CREATED,idem-20260902-ios-3199
3200,MTR-IOS-3200,Group,Shared Experience,House Party,Supplies,Expense,2025-10-10,17:27:04,2025-10-10 17:27:04,24317.49,INR,-24317.49,IOS Aarav,3,EXACT,MAESTRO-IOS-GROUP-HOUSE_PARTY-3200 | Supplies | 24317.49,iPhone,B64,STRESS_3001_3500,CREATED,idem-20260902-ios-3200
3201,MTR-IOS-3201,Business,Business,Business Operations,Legal,Expense,2026-03-09,10:11:56,2026-03-09 10:11:56,114592.74,INR,-114592.74,IOS Owner,,,MAESTRO-IOS-BUSINESS-BUSINESS_OPERATIONS-3201 | Legal | 114592.74,iPhone,B65,STRESS_3001_3500,CREATED,idem-20260902-ios-3201
3202,MTR-IOS-3202,Personal,Personal,Future Building,Investments,Investment,2025-09-23,01:58:07,2025-09-23 01:58:07,14389.91,INR,0.0,IOS Owner,,,MAESTRO-IOS-PERSONAL-FUTURE_BUILDING-3202 | Investments | 14389.91,iPhone,B65,STRESS_3001_3500,CREATED,idem-20260902-ios-3202
3203,MTR-IOS-3203,Group,Shared Experience,House Party,Other,Expense,2025-10-23,23:28:38,2025-10-23 23:28:38,23843.6,INR,-23843.6,IOS Meera,3,SHARES,MAESTRO-IOS-GROUP-HOUSE_PARTY-3203 | Other | 23843.60,iPhone,B65,STRESS_3001_3500,CREATED,idem-20260902-ios-3203
3204,MTR-IOS-3204,Business,Business,Business Operations,Accounting,Expense,2025-10-05,22:02:00,2025-10-05 22:02:00,146195.66,INR,-146195.66,IOS Owner,,,MAESTRO-IOS-BUSINESS-BUSINESS_OPERATIONS-3204 | Accounting | 146195.66,iPhone,B65,STRESS_3001_3500,CREATED,idem-20260902-ios-3204
3205,MTR-IOS-3205,Personal,Personal,Future Building,Education,Expense,2026-01-10,00:33:34,2026-01-10 00:33:34,3681.56,INR,-3681.56,IOS Owner,,,MAESTRO-IOS-PERSONAL-FUTURE_BUILDING-3205 | Education | 3681.56,iPhone,B65,STRESS_3001_3500,CREATED,idem-20260902-ios-3205
3206,MTR-IOS-3206,Group,Shared Purchase,Gift Pool,Contribution,Contribution,2026-06-01,14:19:48,2026-06-01 14:19:48,4792.7,INR,4792.7,IOS Owner,3,EQUAL,MAESTRO-IOS-GROUP-GIFT_POOL-3206 | Contribution | 4792.70,iPhone,B65,STRESS_3001_3500,CREATED,idem-20260902-ios-3206
3207,MTR-IOS-3207,Business,Business,Business Operations,Equipment,Expense,2026-06-19,22:20:02,2026-06-19 22:20:02,148837.8,INR,-148837.8,IOS Owner,,,MAESTRO-IOS-BUSINESS-BUSINESS_OPERATIONS-3207 | Equipment | 148837.80,iPhone,B65,STRESS_3001_3500,CREATED,idem-20260902-ios-3207
3208,MTR-IOS-3208,Personal,Personal,Future Building,Goal Contribution,Transfer,2025-11-07,01:15:49,2025-11-07 01:15:49,16001.35,INR,0.0,IOS Owner,,,MAESTRO-IOS-PERSONAL-FUTURE_BUILDING-3208 | Goal Contribution | 16001.35,iPhone,B65,STRESS_3001_3500,CREATED,idem-20260902-ios-3208
3209,MTR-IOS-3209,Group,Shared Purchase,Gift Pool,Gift Purchase,Expense,2025-11-05,16:16:15,2025-11-05 16:16:15,16626.89,INR,-16626.89,IOS Aarav,3,PERCENTAGE,MAESTRO-IOS-GROUP-GIFT_POOL-3209 | Gift Purchase | 16626.89,iPhone,B65,STRESS_3001_3500,CREATED,idem-20260902-ios-3209
3210,MTR-IOS-3210,Business,Business,Business Operations,Vendor,Expense,2025-10-07,18:13:17,2025-10-07 18:13:17,113648.05,INR,-113648.05,IOS Owner,,,MAESTRO-IOS-BUSINESS-BUSINESS_OPERATIONS-3210 | Vendor | 113648.05,iPhone,B65,STRESS_3001_3500,CREATED,idem-20260902-ios-3210
3211,MTR-IOS-3211,Personal,Personal,Lifestyle,Dining,Expense,2026-04-03,19:15:56,2026-04-03 19:15:56,16244.42,INR,-16244.42,IOS Owner,,,MAESTRO-IOS-PERSONAL-LIFESTYLE-3211 | Dining | 16244.42,iPhone,B65,STRESS_3001_3500,CREATED,idem-20260902-ios-3211
3212,MTR-IOS-3212,Group,Shared Purchase,Gift Pool,Delivery,Expense,2026-06-27,06:41:11,2026-06-27 06:41:11,22590.41,INR,-22590.41,IOS Meera,3,EXACT,MAESTRO-IOS-GROUP-GIFT_POOL-3212 | Delivery | 22590.41,iPhone,B65,STRESS_3001_3500,CREATED,idem-20260902-ios-3212
3213,MTR-IOS-3213,Business,Business,Business Operations,Tax,Expense,2026-04-06,15:22:23,2026-04-06 15:22:23,48400.19,INR,-48400.19,IOS Owner,,,MAESTRO-IOS-BUSINESS-BUSINESS_OPERATIONS-3213 | Tax | 48400.19,iPhone,B65,STRESS_3001_3500,CREATED,idem-20260902-ios-3213
3214,MTR-IOS-3214,Personal,Personal,Lifestyle,Shopping,Expense,2026-04-03,12:51:47,2026-04-03 12:51:47,675.44,INR,-675.44,IOS Owner,,,MAESTRO-IOS-PERSONAL-LIFESTYLE-3214 | Shopping | 675.44,iPhone,B65,STRESS_3001_3500,CREATED,idem-20260902-ios-3214
3215,MTR-IOS-3215,Group,Shared Purchase,Gift Pool,Other,Expense,2026-04-18,23:19:04,2026-04-18 23:19:04,20957.05,INR,-20957.05,IOS Owner,3,SHARES,MAESTRO-IOS-GROUP-GIFT_POOL-3215 | Other | 20957.05,iPhone,B65,STRESS_3001_3500,CREATED,idem-20260902-ios-3215
3216,MTR-IOS-3216,Business,Business,Team Operations,Payroll,Expense,2025-12-10,15:55:04,2025-12-10 15:55:04,78921.63,INR,-78921.63,IOS Owner,,,MAESTRO-IOS-BUSINESS-TEAM_OPERATIONS-3216 | Payroll | 78921.63,iPhone,B65,STRESS_3001_3500,CREATED,idem-20260902-ios-3216
3217,MTR-IOS-3217,Personal,Personal,Lifestyle,Entertainment,Expense,2026-04-01,03:49:18,2026-04-01 03:49:18,9227.54,INR,-9227.54,IOS Owner,,,MAESTRO-IOS-PERSONAL-LIFESTYLE-3217 | Entertainment | 9227.54,iPhone,B65,STRESS_3001_3500,CREATED,idem-20260902-ios-3217
3218,MTR-IOS-3218,Group,Shared Purchase,Purchase,Item,Expense,2026-08-10,15:10:54,2026-08-10 15:10:54,17280.4,INR,-17280.4,IOS Aarav,3,EQUAL,MAESTRO-IOS-GROUP-PURCHASE-3218 | Item | 17280.40,iPhone,B65,STRESS_3001_3500,CREATED,idem-20260902-ios-3218
3219,MTR-IOS-3219,Business,Business,Team Operations,Contractor,Expense,2026-04-09,11:03:59,2026-04-09 11:03:59,100.0,INR,-100.0,IOS Owner,,,MAESTRO-IOS-BUSINESS-TEAM_OPERATIONS-3219 | Contractor | 100.00,iPhone,B65,STRESS_3001_3500,CREATED,idem-20260902-ios-3219
3220,MTR-IOS-3220,Personal,Personal,Lifestyle,Travel,Expense,2025-10-06,09:20:55,2025-10-06 09:20:55,10537.51,INR,-10537.51,IOS Owner,,,MAESTRO-IOS-PERSONAL-LIFESTYLE-3220 | Travel | 10537.51,iPhone,B65,STRESS_3001_3500,CREATED,idem-20260902-ios-3220
3221,MTR-IOS-3221,Group,Shared Purchase,Purchase,Shipping,Expense,2026-07-28,16:25:00,2026-07-28 16:25:00,16239.46,INR,-16239.46,IOS Meera,3,PERCENTAGE,MAESTRO-IOS-GROUP-PURCHASE-3221 | Shipping | 16239.46,iPhone,B65,STRESS_3001_3500,CREATED,idem-20260902-ios-3221
3222,MTR-IOS-3222,Business,Business,Team Operations,Hiring,Expense,2026-04-02,13:12:14,2026-04-02 13:12:14,149167.98,INR,-149167.98,IOS Owner,,,MAESTRO-IOS-BUSINESS-TEAM_OPERATIONS-3222 | Hiring | 149167.98,iPhone,B65,STRESS_3001_3500,CREATED,idem-20260902-ios-3222
3223,MTR-IOS-3223,Personal,Personal,Lifestyle,Fitness,Expense,2026-04-24,06:09:41,2026-04-24 06:09:41,9796.03,INR,-9796.03,IOS Owner,,,MAESTRO-IOS-PERSONAL-LIFESTYLE-3223 | Fitness | 9796.03,iPhone,B65,STRESS_3001_3500,CREATED,idem-20260902-ios-3223
3224,MTR-IOS-3224,Group,Shared Purchase,Purchase,Tax,Expense,2026-06-24,06:11:17,2026-06-24 06:11:17,23040.55,INR,-23040.55,IOS Owner,3,EXACT,MAESTRO-IOS-GROUP-PURCHASE-3224 | Tax | 23040.55,iPhone,B65,STRESS_3001_3500,CREATED,idem-20260902-ios-3224
3225,MTR-IOS-3225,Business,Business,Team Operations,Team Meal,Expense,2025-11-21,09:18:21,2025-11-21 09:18:21,122658.25,INR,-122658.25,IOS Owner,,,MAESTRO-IOS-BUSINESS-TEAM_OPERATIONS-3225 | Team Meal | 122658.25,iPhone,B65,STRESS_3001_3500,CREATED,idem-20260902-ios-3225
3226,MTR-IOS-3226,Personal,Personal,Lifestyle,Hobbies,Expense,2026-04-16,10:30:38,2026-04-16 10:30:38,16897.95,INR,-16897.95,IOS Owner,,,MAESTRO-IOS-PERSONAL-LIFESTYLE-3226 | Hobbies | 16897.95,iPhone,B65,STRESS_3001_3500,CREATED,idem-20260902-ios-3226
3227,MTR-IOS-3227,Group,Shared Purchase,Purchase,Other,Expense,2026-02-23,16:09:19,2026-02-23 16:09:19,14066.58,INR,-14066.58,IOS Aarav,3,SHARES,MAESTRO-IOS-GROUP-PURCHASE-3227 | Other | 14066.58,iPhone,B65,STRESS_3001_3500,CREATED,idem-20260902-ios-3227
3228,MTR-IOS-3228,Business,Business,Team Operations,Travel,Expense,2025-11-10,01:04:41,2025-11-10 01:04:41,10175.42,INR,-10175.42,IOS Owner,,,MAESTRO-IOS-BUSINESS-TEAM_OPERATIONS-3228 | Travel | 10175.42,iPhone,B65,STRESS_3001_3500,CREATED,idem-20260902-ios-3228
3229,MTR-IOS-3229,Personal,Personal,Relationships,Gifts,Expense,2026-06-09,23:51:20,2026-06-09 23:51:20,2665.72,INR,-2665.72,IOS Owner,,,MAESTRO-IOS-PERSONAL-RELATIONSHIPS-3229 | Gifts | 2665.72,iPhone,B65,STRESS_3001_3500,CREATED,idem-20260902-ios-3229
3230,MTR-IOS-3230,Group,Shared Purchase,Assets,Purchase,Expense,2026-09-01,10:30:40,2026-09-01 10:30:40,7870.56,INR,-7870.56,IOS Meera,3,EQUAL,MAESTRO-IOS-GROUP-ASSETS-3230 | Purchase | 7870.56,iPhone,B65,STRESS_3001_3500,CREATED,idem-20260902-ios-3230
3231,MTR-IOS-3231,Business,Business,Team Operations,Training,Expense,2026-07-12,00:16:15,2026-07-12 00:16:15,103587.52,INR,-103587.52,IOS Owner,,,MAESTRO-IOS-BUSINESS-TEAM_OPERATIONS-3231 | Training | 103587.52,iPhone,B65,STRESS_3001_3500,CREATED,idem-20260902-ios-3231
3232,MTR-IOS-3232,Personal,Personal,Relationships,Dates,Expense,2026-06-05,18:29:27,2026-06-05 18:29:27,14275.98,INR,-14275.98,IOS Owner,,,MAESTRO-IOS-PERSONAL-RELATIONSHIPS-3232 | Dates | 14275.98,iPhone,B65,STRESS_3001_3500,CREATED,idem-20260902-ios-3232
3233,MTR-IOS-3233,Group,Shared Purchase,Assets,Maintenance,Expense,2025-10-18,01:52:57,2025-10-18 01:52:57,25660.35,INR,-25660.35,IOS Owner,3,PERCENTAGE,MAESTRO-IOS-GROUP-ASSETS-3233 | Maintenance | 25660.35,iPhone,B65,STRESS_3001_3500,CREATED,idem-20260902-ios-3233
3234,MTR-IOS-3234,Business,Business,Team Operations,Tools,Expense,2026-06-02,07:05:25,2026-06-02 07:05:25,89356.54,INR,-89356.54,IOS Owner,,,MAESTRO-IOS-BUSINESS-TEAM_OPERATIONS-3234 | Tools | 89356.54,iPhone,B65,STRESS_3001_3500,CREATED,idem-20260902-ios-3234
3235,MTR-IOS-3235,Personal,Personal,Relationships,Family,Expense,2026-07-20,20:46:57,2026-07-20 20:46:57,7787.95,INR,-7787.95,IOS Owner,,,MAESTRO-IOS-PERSONAL-RELATIONSHIPS-3235 | Family | 7787.95,iPhone,B65,STRESS_3001_3500,CREATED,idem-20260902-ios-3235
3236,MTR-IOS-3236,Group,Shared Purchase,Assets,Repair,Expense,2026-08-29,15:37:28,2026-08-29 15:37:28,12474.01,INR,-12474.01,IOS Aarav,3,EXACT,MAESTRO-IOS-GROUP-ASSETS-3236 | Repair | 12474.01,iPhone,B65,STRESS_3001_3500,CREATED,idem-20260902-ios-3236
3237,MTR-IOS-3237,Business,Business,Business Runway,Funding,Income,2026-03-16,05:53:11,2026-03-16 05:53:11,18512.87,INR,18512.87,IOS Owner,,,MAESTRO-IOS-BUSINESS-BUSINESS_RUNWAY-3237 | Funding | 18512.87,iPhone,B65,STRESS_3001_3500,CREATED,idem-20260902-ios-3237
3238,MTR-IOS-3238,Personal,Personal,Relationships,Friends,Expense,2026-03-05,20:40:02,2026-03-05 20:40:02,15144.44,INR,-15144.44,IOS Owner,,,MAESTRO-IOS-PERSONAL-RELATIONSHIPS-3238 | Friends | 15144.44,iPhone,B65,STRESS_3001_3500,CREATED,idem-20260902-ios-3238
3239,MTR-IOS-3239,Group,Shared Purchase,Assets,Insurance,Expense,2025-10-27,23:56:19,2025-10-27 23:56:19,6951.05,INR,-6951.05,IOS Meera,3,SHARES,MAESTRO-IOS-GROUP-ASSETS-3239 | Insurance | 6951.05,iPhone,B65,STRESS_3001_3500,CREATED,idem-20260902-ios-3239
3240,MTR-IOS-3240,Business,Business,Business Runway,Revenue,Income,2026-01-10,22:26:27,2026-01-10 22:26:27,65605.12,INR,65605.12,IOS Owner,,,MAESTRO-IOS-BUSINESS-BUSINESS_RUNWAY-3240 | Revenue | 65605.12,iPhone,B65,STRESS_3001_3500,CREATED,idem-20260902-ios-3240
3241,MTR-IOS-3241,Personal,Personal,Relationships,Celebrations,Expense,2026-07-25,21:20:18,2026-07-25 21:20:18,11576.92,INR,-11576.92,IOS Owner,,,MAESTRO-IOS-PERSONAL-RELATIONSHIPS-3241 | Celebrations | 11576.92,iPhone,B65,STRESS_3001_3500,CREATED,idem-20260902-ios-3241
3242,MTR-IOS-3242,Group,Shared Purchase,Assets,Other,Expense,2026-05-31,13:12:16,2026-05-31 13:12:16,3861.79,INR,-3861.79,IOS Owner,3,EQUAL,MAESTRO-IOS-GROUP-ASSETS-3242 | Other | 3861.79,iPhone,B65,STRESS_3001_3500,CREATED,idem-20260902-ios-3242
3243,MTR-IOS-3243,Business,Business,Business Runway,Burn,Expense,2026-06-06,04:18:55,2026-06-06 04:18:55,68664.14,INR,-68664.14,IOS Owner,,,MAESTRO-IOS-BUSINESS-BUSINESS_RUNWAY-3243 | Burn | 68664.14,iPhone,B65,STRESS_3001_3500,CREATED,idem-20260902-ios-3243
3244,MTR-IOS-3244,Personal,Personal,Life Operations,Groceries,Expense,2026-06-29,09:47:51,2026-06-29 09:47:51,8905.25,INR,-8905.25,IOS Owner,,,MAESTRO-IOS-PERSONAL-LIFE_OPERATIONS-3244 | Groceries | 8905.25,iPhone,B65,STRESS_3001_3500,CREATED,idem-20260902-ios-3244
3245,MTR-IOS-3245,Group,Shared Purchase,Custom Purchase,Custom Expense,Expense,2025-11-06,01:55:03,2025-11-06 01:55:03,8183.63,INR,-8183.63,IOS Aarav,3,PERCENTAGE,MAESTRO-IOS-GROUP-CUSTOM_PURCHASE-3245 | Custom Expense | 8183.63,iPhone,B65,STRESS_3001_3500,CREATED,idem-20260902-ios-3245
3246,MTR-IOS-3246,Business,Business,Business Runway,Reserve,Transfer,2026-04-23,00:37:13,2026-04-23 00:37:13,55908.61,INR,0.0,IOS Owner,,,MAESTRO-IOS-BUSINESS-BUSINESS_RUNWAY-3246 | Reserve | 55908.61,iPhone,B65,STRESS_3001_3500,CREATED,idem-20260902-ios-3246
3247,MTR-IOS-3247,Personal,Personal,Life Operations,Rent,Expense,2026-04-15,14:20:36,2026-04-15 14:20:36,4970.23,INR,-4970.23,IOS Owner,,,MAESTRO-IOS-PERSONAL-LIFE_OPERATIONS-3247 | Rent | 4970.23,iPhone,B65,STRESS_3001_3500,CREATED,idem-20260902-ios-3247
3248,MTR-IOS-3248,Group,Shared Purchase,Custom Purchase,Custom Contribution,Contribution,2026-05-30,13:23:21,2026-05-30 13:23:21,18379.16,INR,18379.16,IOS Meera,3,EXACT,MAESTRO-IOS-GROUP-CUSTOM_PURCHASE-3248 | Custom Contribution | 18379.16,iPhone,B65,STRESS_3001_3500,CREATED,idem-20260902-ios-3248
3249,MTR-IOS-3249,Business,Business,Business Runway,Loan,Income,2025-11-06,11:29:56,2025-11-06 11:29:56,67670.58,INR,67670.58,IOS Owner,,,MAESTRO-IOS-BUSINESS-BUSINESS_RUNWAY-3249 | Loan | 67670.58,iPhone,B65,STRESS_3001_3500,CREATED,idem-20260902-ios-3249
3250,MTR-IOS-3250,Personal,Personal,Life Operations,Bills,Expense,2025-12-01,02:47:27,2025-12-01 02:47:27,16537.54,INR,-16537.54,IOS Owner,,,MAESTRO-IOS-PERSONAL-LIFE_OPERATIONS-3250 | Bills | 16537.54,iPhone,B65,STRESS_3001_3500,CREATED,idem-20260902-ios-3250
3251,MTR-IOS-3251,Group,Shared Living,Flatmates,Rent,Expense,2025-11-18,20:39:33,2025-11-18 20:39:33,6311.45,INR,-6311.45,IOS Owner,3,SHARES,MAESTRO-IOS-GROUP-FLATMATES-3251 | Rent | 6311.45,iPhone,B66,STRESS_3001_3500,CREATED,idem-20260902-ios-3251
3252,MTR-IOS-3252,Business,Business,Business Runway,Investment,Income,2025-12-15,16:26:16,2025-12-15 16:26:16,92887.24,INR,92887.24,IOS Owner,,,MAESTRO-IOS-BUSINESS-BUSINESS_RUNWAY-3252 | Investment | 92887.24,iPhone,B66,STRESS_3001_3500,CREATED,idem-20260902-ios-3252
3253,MTR-IOS-3253,Personal,Personal,Life Operations,Transport,Expense,2026-05-02,17:40:27,2026-05-02 17:40:27,4505.99,INR,-4505.99,IOS Owner,,,MAESTRO-IOS-PERSONAL-LIFE_OPERATIONS-3253 | Transport | 4505.99,iPhone,B66,STRESS_3001_3500,CREATED,idem-20260902-ios-3253
3254,MTR-IOS-3254,Group,Shared Living,Flatmates,Utilities,Expense,2025-11-10,15:25:34,2025-11-10 15:25:34,13150.58,INR,-13150.58,IOS Aarav,3,EQUAL,MAESTRO-IOS-GROUP-FLATMATES-3254 | Utilities | 13150.58,iPhone,B66,STRESS_3001_3500,CREATED,idem-20260902-ios-3254
3255,MTR-IOS-3255,Business,Business,Business Operations,Software,Expense,2025-09-07,03:40:30,2025-09-07 03:40:30,55263.01,INR,-55263.01,IOS Owner,,,MAESTRO-IOS-BUSINESS-BUSINESS_OPERATIONS-3255 | Software | 55263.01,iPhone,B66,STRESS_3001_3500,CREATED,idem-20260902-ios-3255
3256,MTR-IOS-3256,Personal,Personal,Life Operations,Healthcare,Expense,2025-10-30,20:24:01,2025-10-30 20:24:01,999.99,INR,-999.99,IOS Owner,,,MAESTRO-IOS-PERSONAL-LIFE_OPERATIONS-3256 | Healthcare | 999.99,iPhone,B66,STRESS_3001_3500,CREATED,idem-20260902-ios-3256
3257,MTR-IOS-3257,Group,Shared Living,Flatmates,Groceries,Expense,2026-02-10,14:26:57,2026-02-10 14:26:57,22654.07,INR,-22654.07,IOS Meera,3,PERCENTAGE,MAESTRO-IOS-GROUP-FLATMATES-3257 | Groceries | 22654.07,iPhone,B66,STRESS_3001_3500,CREATED,idem-20260902-ios-3257
3258,MTR-IOS-3258,Business,Business,Business Operations,Rent,Expense,2026-08-15,00:36:00,2026-08-15 00:36:00,64855.95,INR,-64855.95,IOS Owner,,,MAESTRO-IOS-BUSINESS-BUSINESS_OPERATIONS-3258 | Rent | 64855.95,iPhone,B66,STRESS_3001_3500,CREATED,idem-20260902-ios-3258
3259,MTR-IOS-3259,Personal,Personal,Life Operations,Subscriptions,Expense,2026-08-17,20:51:25,2026-08-17 20:51:25,11866.41,INR,-11866.41,IOS Owner,,,MAESTRO-IOS-PERSONAL-LIFE_OPERATIONS-3259 | Subscriptions | 11866.41,iPhone,B66,STRESS_3001_3500,CREATED,idem-20260902-ios-3259
3260,MTR-IOS-3260,Group,Shared Living,Flatmates,Internet,Expense,2026-05-18,18:55:48,2026-05-18 18:55:48,18442.98,INR,-18442.98,IOS Owner,3,EXACT,MAESTRO-IOS-GROUP-FLATMATES-3260 | Internet | 18442.98,iPhone,B66,STRESS_3001_3500,CREATED,idem-20260902-ios-3260
3261,MTR-IOS-3261,Business,Business,Business Operations,Marketing,Expense,2025-10-06,22:41:12,2025-10-06 22:41:12,38132.29,INR,-38132.29,IOS Owner,,,MAESTRO-IOS-BUSINESS-BUSINESS_OPERATIONS-3261 | Marketing | 38132.29,iPhone,B66,STRESS_3001_3500,CREATED,idem-20260902-ios-3261
3262,MTR-IOS-3262,Personal,Personal,Life Operations,Repairs,Expense,2026-02-23,00:01:02,2026-02-23 00:01:02,9533.71,INR,-9533.71,IOS Owner,,,MAESTRO-IOS-PERSONAL-LIFE_OPERATIONS-3262 | Repairs | 9533.71,iPhone,B66,STRESS_3001_3500,CREATED,idem-20260902-ios-3262
3263,MTR-IOS-3263,Group,Shared Living,Flatmates,House Supplies,Expense,2026-08-01,16:00:16,2026-08-01 16:00:16,24687.29,INR,-24687.29,IOS Aarav,3,SHARES,MAESTRO-IOS-GROUP-FLATMATES-3263 | House Supplies | 24687.29,iPhone,B66,STRESS_3001_3500,CREATED,idem-20260902-ios-3263
3264,MTR-IOS-3264,Business,Business,Business Operations,Legal,Expense,2025-11-18,04:26:52,2025-11-18 04:26:52,86479.91,INR,-86479.91,IOS Owner,,,MAESTRO-IOS-BUSINESS-BUSINESS_OPERATIONS-3264 | Legal | 86479.91,iPhone,B66,STRESS_3001_3500,CREATED,idem-20260902-ios-3264
3265,MTR-IOS-3265,Personal,Personal,Future Building,Savings,Transfer,2026-05-31,20:15:37,2026-05-31 20:15:37,17223.94,INR,0.0,IOS Owner,,,MAESTRO-IOS-PERSONAL-FUTURE_BUILDING-3265 | Savings | 17223.94,iPhone,B66,STRESS_3001_3500,CREATED,idem-20260902-ios-3265
3266,MTR-IOS-3266,Group,Shared Living,Flatmates,Repairs,Expense,2026-07-01,23:35:27,2026-07-01 23:35:27,24639.83,INR,-24639.83,IOS Meera,3,EQUAL,MAESTRO-IOS-GROUP-FLATMATES-3266 | Repairs | 24639.83,iPhone,B66,STRESS_3001_3500,CREATED,idem-20260902-ios-3266
3267,MTR-IOS-3267,Business,Business,Business Operations,Accounting,Expense,2025-09-06,14:09:26,2025-09-06 14:09:26,71064.37,INR,-71064.37,IOS Owner,,,MAESTRO-IOS-BUSINESS-BUSINESS_OPERATIONS-3267 | Accounting | 71064.37,iPhone,B66,STRESS_3001_3500,CREATED,idem-20260902-ios-3267
3268,MTR-IOS-3268,Personal,Personal,Future Building,Emergency Fund,Transfer,2025-10-07,04:35:52,2025-10-07 04:35:52,14859.56,INR,0.0,IOS Owner,,,MAESTRO-IOS-PERSONAL-FUTURE_BUILDING-3268 | Emergency Fund | 14859.56,iPhone,B66,STRESS_3001_3500,CREATED,idem-20260902-ios-3268
3269,MTR-IOS-3269,Group,Shared Living,Shared Living,Rent,Expense,2026-04-04,12:45:32,2026-04-04 12:45:32,12304.03,INR,-12304.03,IOS Owner,3,PERCENTAGE,MAESTRO-IOS-GROUP-SHARED_LIVING-3269 | Rent | 12304.03,iPhone,B66,STRESS_3001_3500,CREATED,idem-20260902-ios-3269
3270,MTR-IOS-3270,Business,Business,Business Operations,Equipment,Expense,2026-01-08,20:50:54,2026-01-08 20:50:54,80111.42,INR,-80111.42,IOS Owner,,,MAESTRO-IOS-BUSINESS-BUSINESS_OPERATIONS-3270 | Equipment | 80111.42,iPhone,B66,STRESS_3001_3500,CREATED,idem-20260902-ios-3270
3271,MTR-IOS-3271,Personal,Personal,Future Building,Investments,Investment,2026-02-28,20:42:47,2026-02-28 20:42:47,17665.86,INR,0.0,IOS Owner,,,MAESTRO-IOS-PERSONAL-FUTURE_BUILDING-3271 | Investments | 17665.86,iPhone,B66,STRESS_3001_3500,CREATED,idem-20260902-ios-3271
3272,MTR-IOS-3272,Group,Shared Living,Shared Living,Utilities,Expense,2026-06-29,10:49:46,2026-06-29 10:49:46,14471.12,INR,-14471.12,IOS Aarav,3,EXACT,MAESTRO-IOS-GROUP-SHARED_LIVING-3272 | Utilities | 14471.12,iPhone,B66,STRESS_3001_3500,CREATED,idem-20260902-ios-3272
3273,MTR-IOS-3273,Business,Business,Business Operations,Vendor,Expense,2026-06-12,23:09:40,2026-06-12 23:09:40,9026.11,INR,-9026.11,IOS Owner,,,MAESTRO-IOS-BUSINESS-BUSINESS_OPERATIONS-3273 | Vendor | 9026.11,iPhone,B66,STRESS_3001_3500,CREATED,idem-20260902-ios-3273
3274,MTR-IOS-3274,Personal,Personal,Future Building,Education,Expense,2025-10-30,11:05:52,2025-10-30 11:05:52,15817.43,INR,-15817.43,IOS Owner,,,MAESTRO-IOS-PERSONAL-FUTURE_BUILDING-3274 | Education | 15817.43,iPhone,B66,STRESS_3001_3500,CREATED,idem-20260902-ios-3274
3275,MTR-IOS-3275,Group,Shared Living,Shared Living,Groceries,Expense,2025-10-22,13:48:58,2025-10-22 13:48:58,24554.47,INR,-24554.47,IOS Meera,3,SHARES,MAESTRO-IOS-GROUP-SHARED_LIVING-3275 | Groceries | 24554.47,iPhone,B66,STRESS_3001_3500,CREATED,idem-20260902-ios-3275
3276,MTR-IOS-3276,Business,Business,Business Operations,Tax,Expense,2025-11-14,06:28:21,2025-11-14 06:28:21,120961.99,INR,-120961.99,IOS Owner,,,MAESTRO-IOS-BUSINESS-BUSINESS_OPERATIONS-3276 | Tax | 120961.99,iPhone,B66,STRESS_3001_3500,CREATED,idem-20260902-ios-3276
3277,MTR-IOS-3277,Personal,Personal,Future Building,Goal Contribution,Transfer,2026-04-14,18:47:29,2026-04-14 18:47:29,324.81,INR,0.0,IOS Owner,,,MAESTRO-IOS-PERSONAL-FUTURE_BUILDING-3277 | Goal Contribution | 324.81,iPhone,B66,STRESS_3001_3500,CREATED,idem-20260902-ios-3277
3278,MTR-IOS-3278,Group,Shared Living,Shared Living,Maintenance,Expense,2026-06-27,18:24:00,2026-06-27 18:24:00,5425.95,INR,-5425.95,IOS Owner,3,EQUAL,MAESTRO-IOS-GROUP-SHARED_LIVING-3278 | Maintenance | 5425.95,iPhone,B66,STRESS_3001_3500,CREATED,idem-20260902-ios-3278
3279,MTR-IOS-3279,Business,Business,Team Operations,Payroll,Expense,2026-05-18,22:24:07,2026-05-18 22:24:07,50324.11,INR,-50324.11,IOS Owner,,,MAESTRO-IOS-BUSINESS-TEAM_OPERATIONS-3279 | Payroll | 50324.11,iPhone,B66,STRESS_3001_3500,CREATED,idem-20260902-ios-3279
3280,MTR-IOS-3280,Personal,Personal,Lifestyle,Dining,Expense,2026-01-31,03:47:32,2026-01-31 03:47:32,3242.27,INR,-3242.27,IOS Owner,,,MAESTRO-IOS-PERSONAL-LIFESTYLE-3280 | Dining | 3242.27,iPhone,B66,STRESS_3001_3500,CREATED,idem-20260902-ios-3280
3281,MTR-IOS-3281,Group,Shared Living,Shared Living,Other,Expense,2026-02-20,02:59:04,2026-02-20 02:59:04,15292.58,INR,-15292.58,IOS Aarav,3,PERCENTAGE,MAESTRO-IOS-GROUP-SHARED_LIVING-3281 | Other | 15292.58,iPhone,B66,STRESS_3001_3500,CREATED,idem-20260902-ios-3281
3282,MTR-IOS-3282,Business,Business,Team Operations,Contractor,Expense,2026-01-14,20:07:23,2026-01-14 20:07:23,23884.3,INR,-23884.3,IOS Owner,,,MAESTRO-IOS-BUSINESS-TEAM_OPERATIONS-3282 | Contractor | 23884.30,iPhone,B66,STRESS_3001_3500,CREATED,idem-20260902-ios-3282
3283,MTR-IOS-3283,Personal,Personal,Lifestyle,Shopping,Expense,2026-05-23,01:26:11,2026-05-23 01:26:11,14232.16,INR,-14232.16,IOS Owner,,,MAESTRO-IOS-PERSONAL-LIFESTYLE-3283 | Shopping | 14232.16,iPhone,B66,STRESS_3001_3500,CREATED,idem-20260902-ios-3283
3284,MTR-IOS-3284,Group,Shared Living,Family Household,Utilities,Expense,2026-02-15,01:37:36,2026-02-15 01:37:36,19395.02,INR,-19395.02,IOS Meera,3,EXACT,MAESTRO-IOS-GROUP-FAMILY_HOUSEHOLD-3284 | Utilities | 19395.02,iPhone,B66,STRESS_3001_3500,CREATED,idem-20260902-ios-3284
3285,MTR-IOS-3285,Business,Business,Team Operations,Hiring,Expense,2026-07-22,05:26:40,2026-07-22 05:26:40,106765.48,INR,-106765.48,IOS Owner,,,MAESTRO-IOS-BUSINESS-TEAM_OPERATIONS-3285 | Hiring | 106765.48,iPhone,B66,STRESS_3001_3500,CREATED,idem-20260902-ios-3285
3286,MTR-IOS-3286,Personal,Personal,Lifestyle,Entertainment,Expense,2025-09-09,15:50:10,2025-09-09 15:50:10,7431.27,INR,-7431.27,IOS Owner,,,MAESTRO-IOS-PERSONAL-LIFESTYLE-3286 | Entertainment | 7431.27,iPhone,B66,STRESS_3001_3500,CREATED,idem-20260902-ios-3286
3287,MTR-IOS-3287,Group,Shared Living,Family Household,Healthcare,Expense,2025-09-14,09:05:41,2025-09-14 09:05:41,17910.75,INR,-17910.75,IOS Owner,3,SHARES,MAESTRO-IOS-GROUP-FAMILY_HOUSEHOLD-3287 | Healthcare | 17910.75,iPhone,B66,STRESS_3001_3500,CREATED,idem-20260902-ios-3287
3288,MTR-IOS-3288,Business,Business,Team Operations,Team Meal,Expense,2026-03-20,18:38:13,2026-03-20 18:38:13,35409.12,INR,-35409.12,IOS Owner,,,MAESTRO-IOS-BUSINESS-TEAM_OPERATIONS-3288 | Team Meal | 35409.12,iPhone,B66,STRESS_3001_3500,CREATED,idem-20260902-ios-3288
3289,MTR-IOS-3289,Personal,Personal,Lifestyle,Travel,Expense,2025-11-06,07:20:51,2025-11-06 07:20:51,2750.38,INR,-2750.38,IOS Owner,,,MAESTRO-IOS-PERSONAL-LIFESTYLE-3289 | Travel | 2750.38,iPhone,B66,STRESS_3001_3500,CREATED,idem-20260902-ios-3289
3290,MTR-IOS-3290,Group,Shared Living,Family Household,School,Expense,2025-11-12,21:32:36,2025-11-12 21:32:36,20868.58,INR,-20868.58,IOS Aarav,3,EQUAL,MAESTRO-IOS-GROUP-FAMILY_HOUSEHOLD-3290 | School | 20868.58,iPhone,B66,STRESS_3001_3500,CREATED,idem-20260902-ios-3290
3291,MTR-IOS-3291,Business,Business,Team Operations,Travel,Expense,2025-12-05,11:41:50,2025-12-05 11:41:50,137626.29,INR,-137626.29,IOS Owner,,,MAESTRO-IOS-BUSINESS-TEAM_OPERATIONS-3291 | Travel | 137626.29,iPhone,B66,STRESS_3001_3500,CREATED,idem-20260902-ios-3291
3292,MTR-IOS-3292,Personal,Personal,Lifestyle,Fitness,Expense,2026-04-01,14:54:32,2026-04-01 14:54:32,6546.08,INR,-6546.08,IOS Owner,,,MAESTRO-IOS-PERSONAL-LIFESTYLE-3292 | Fitness | 6546.08,iPhone,B66,STRESS_3001_3500,CREATED,idem-20260902-ios-3292
3293,MTR-IOS-3293,Group,Shared Living,Family Household,Other,Expense,2025-09-20,10:56:53,2025-09-20 10:56:53,10000.0,INR,-10000.0,IOS Meera,3,PERCENTAGE,MAESTRO-IOS-GROUP-FAMILY_HOUSEHOLD-3293 | Other | 10000.00,iPhone,B66,STRESS_3001_3500,CREATED,idem-20260902-ios-3293
3294,MTR-IOS-3294,Business,Business,Team Operations,Training,Expense,2026-03-15,03:21:37,2026-03-15 03:21:37,132056.99,INR,-132056.99,IOS Owner,,,MAESTRO-IOS-BUSINESS-TEAM_OPERATIONS-3294 | Training | 132056.99,iPhone,B66,STRESS_3001_3500,CREATED,idem-20260902-ios-3294
3295,MTR-IOS-3295,Personal,Personal,Lifestyle,Hobbies,Expense,2026-03-27,15:39:41,2026-03-27 15:39:41,702.16,INR,-702.16,IOS Owner,,,MAESTRO-IOS-PERSONAL-LIFESTYLE-3295 | Hobbies | 702.16,iPhone,B66,STRESS_3001_3500,CREATED,idem-20260902-ios-3295
3296,MTR-IOS-3296,Group,Shared Living,Family Household,Rent,Expense,2026-06-05,18:14:26,2026-06-05 18:14:26,3562.26,INR,-3562.26,IOS Owner,3,EXACT,MAESTRO-IOS-GROUP-FAMILY_HOUSEHOLD-3296 | Rent | 3562.26,iPhone,B66,STRESS_3001_3500,CREATED,idem-20260902-ios-3296
3297,MTR-IOS-3297,Business,Business,Team Operations,Tools,Expense,2025-10-06,09:09:03,2025-10-06 09:09:03,93317.32,INR,-93317.32,IOS Owner,,,MAESTRO-IOS-BUSINESS-TEAM_OPERATIONS-3297 | Tools | 93317.32,iPhone,B66,STRESS_3001_3500,CREATED,idem-20260902-ios-3297
3298,MTR-IOS-3298,Personal,Personal,Relationships,Gifts,Expense,2026-07-26,22:27:29,2026-07-26 22:27:29,15665.98,INR,-15665.98,IOS Owner,,,MAESTRO-IOS-PERSONAL-RELATIONSHIPS-3298 | Gifts | 15665.98,iPhone,B66,STRESS_3001_3500,CREATED,idem-20260902-ios-3298
3299,MTR-IOS-3299,Group,Shared Living,Family Household,Groceries,Expense,2026-06-09,21:34:06,2026-06-09 21:34:06,5750.63,INR,-5750.63,IOS Aarav,3,SHARES,MAESTRO-IOS-GROUP-FAMILY_HOUSEHOLD-3299 | Groceries | 5750.63,iPhone,B66,STRESS_3001_3500,CREATED,idem-20260902-ios-3299
3300,MTR-IOS-3300,Business,Business,Business Runway,Funding,Income,2026-02-03,12:45:52,2026-02-03 12:45:52,51674.77,INR,51674.77,IOS Owner,,,MAESTRO-IOS-BUSINESS-BUSINESS_RUNWAY-3300 | Funding | 51674.77,iPhone,B66,STRESS_3001_3500,CREATED,idem-20260902-ios-3300
3301,MTR-IOS-3301,Personal,Personal,Relationships,Dates,Expense,2025-12-17,14:37:15,2025-12-17 14:37:15,2019.01,INR,-2019.01,IOS Owner,,,MAESTRO-IOS-PERSONAL-RELATIONSHIPS-3301 | Dates | 2019.01,iPhone,B67,STRESS_3001_3500,CREATED,idem-20260902-ios-3301
3302,MTR-IOS-3302,Group,Shared Living,Custom Living,Custom Expense,Expense,2025-12-03,17:52:38,2025-12-03 17:52:38,8584.71,INR,-8584.71,IOS Meera,3,EQUAL,MAESTRO-IOS-GROUP-CUSTOM_LIVING-3302 | Custom Expense | 8584.71,iPhone,B67,STRESS_3001_3500,CREATED,idem-20260902-ios-3302
3303,MTR-IOS-3303,Business,Business,Business Runway,Revenue,Income,2026-05-02,02:08:41,2026-05-02 02:08:41,96948.85,INR,96948.85,IOS Owner,,,MAESTRO-IOS-BUSINESS-BUSINESS_RUNWAY-3303 | Revenue | 96948.85,iPhone,B67,STRESS_3001_3500,CREATED,idem-20260902-ios-3303
3304,MTR-IOS-3304,Personal,Personal,Relationships,Family,Expense,2026-08-23,17:05:26,2026-08-23 17:05:26,6009.66,INR,-6009.66,IOS Owner,,,MAESTRO-IOS-PERSONAL-RELATIONSHIPS-3304 | Family | 6009.66,iPhone,B67,STRESS_3001_3500,CREATED,idem-20260902-ios-3304
3305,MTR-IOS-3305,Group,Shared Living,Custom Living,Custom Contribution,Contribution,2026-05-16,22:45:46,2026-05-16 22:45:46,7655.86,INR,7655.86,IOS Owner,3,PERCENTAGE,MAESTRO-IOS-GROUP-CUSTOM_LIVING-3305 | Custom Contribution | 7655.86,iPhone,B67,STRESS_3001_3500,CREATED,idem-20260902-ios-3305
3306,MTR-IOS-3306,Business,Business,Business Runway,Burn,Expense,2025-12-31,20:54:27,2025-12-31 20:54:27,153777.97,INR,-153777.97,IOS Owner,,,MAESTRO-IOS-BUSINESS-BUSINESS_RUNWAY-3306 | Burn | 153777.97,iPhone,B67,STRESS_3001_3500,CREATED,idem-20260902-ios-3306
3307,MTR-IOS-3307,Personal,Personal,Relationships,Friends,Expense,2025-10-16,02:50:33,2025-10-16 02:50:33,14279.91,INR,-14279.91,IOS Owner,,,MAESTRO-IOS-PERSONAL-RELATIONSHIPS-3307 | Friends | 14279.91,iPhone,B67,STRESS_3001_3500,CREATED,idem-20260902-ios-3307
3308,MTR-IOS-3308,Group,Shared Experience,Trip,Travel,Expense,2026-02-17,15:29:38,2026-02-17 15:29:38,18952.46,INR,-18952.46,IOS Aarav,3,EXACT,MAESTRO-IOS-GROUP-TRIP-3308 | Travel | 18952.46,iPhone,B67,STRESS_3001_3500,CREATED,idem-20260902-ios-3308
3309,MTR-IOS-3309,Business,Business,Business Runway,Reserve,Transfer,2026-03-08,03:41:20,2026-03-08 03:41:20,158182.89,INR,0.0,IOS Owner,,,MAESTRO-IOS-BUSINESS-BUSINESS_RUNWAY-3309 | Reserve | 158182.89,iPhone,B67,STRESS_3001_3500,CREATED,idem-20260902-ios-3309
3310,MTR-IOS-3310,Personal,Personal,Relationships,Celebrations,Expense,2026-08-14,20:41:13,2026-08-14 20:41:13,15323.51,INR,-15323.51,IOS Owner,,,MAESTRO-IOS-PERSONAL-RELATIONSHIPS-3310 | Celebrations | 15323.51,iPhone,B67,STRESS_3001_3500,CREATED,idem-20260902-ios-3310
3311,MTR-IOS-3311,Group,Shared Experience,Trip,Stay,Expense,2025-09-06,08:32:53,2025-09-06 08:32:53,25790.95,INR,-25790.95,IOS Meera,3,SHARES,MAESTRO-IOS-GROUP-TRIP-3311 | Stay | 25790.95,iPhone,B67,STRESS_3001_3500,CREATED,idem-20260902-ios-3311
3312,MTR-IOS-3312,Business,Business,Business Runway,Loan,Income,2026-02-12,01:31:10,2026-02-12 01:31:10,158772.92,INR,158772.92,IOS Owner,,,MAESTRO-IOS-BUSINESS-BUSINESS_RUNWAY-3312 | Loan | 158772.92,iPhone,B67,STRESS_3001_3500,CREATED,idem-20260902-ios-3312
3313,MTR-IOS-3313,Personal,Personal,Life Operations,Groceries,Expense,2026-07-20,17:44:31,2026-07-20 17:44:31,6850.45,INR,-6850.45,IOS Owner,,,MAESTRO-IOS-PERSONAL-LIFE_OPERATIONS-3313 | Groceries | 6850.45,iPhone,B67,STRESS_3001_3500,CREATED,idem-20260902-ios-3313
3314,MTR-IOS-3314,Group,Shared Experience,Trip,Food,Expense,2025-10-02,06:59:54,2025-10-02 06:59:54,6806.4,INR,-6806.4,IOS Owner,3,EQUAL,MAESTRO-IOS-GROUP-TRIP-3314 | Food | 6806.40,iPhone,B67,STRESS_3001_3500,CREATED,idem-20260902-ios-3314
3315,MTR-IOS-3315,Business,Business,Business Runway,Investment,Income,2026-09-01,00:29:18,2026-09-01 00:29:18,51633.91,INR,51633.91,IOS Owner,,,MAESTRO-IOS-BUSINESS-BUSINESS_RUNWAY-3315 | Investment | 51633.91,iPhone,B67,STRESS_3001_3500,CREATED,idem-20260902-ios-3315
3316,MTR-IOS-3316,Personal,Personal,Life Operations,Rent,Expense,2025-12-13,12:33:34,2025-12-13 12:33:34,12811.04,INR,-12811.04,IOS Owner,,,MAESTRO-IOS-PERSONAL-LIFE_OPERATIONS-3316 | Rent | 12811.04,iPhone,B67,STRESS_3001_3500,CREATED,idem-20260902-ios-3316
3317,MTR-IOS-3317,Group,Shared Experience,Trip,Local Transport,Expense,2025-11-17,12:17:02,2025-11-17 12:17:02,193.04,INR,-193.04,IOS Aarav,3,PERCENTAGE,MAESTRO-IOS-GROUP-TRIP-3317 | Local Transport | 193.04,iPhone,B67,STRESS_3001_3500,CREATED,idem-20260902-ios-3317
3318,MTR-IOS-3318,Business,Business,Business Operations,Software,Expense,2026-06-08,18:58:06,2026-06-08 18:58:06,11357.65,INR,-11357.65,IOS Owner,,,MAESTRO-IOS-BUSINESS-BUSINESS_OPERATIONS-3318 | Software | 11357.65,iPhone,B67,STRESS_3001_3500,CREATED,idem-20260902-ios-3318
3319,MTR-IOS-3319,Personal,Personal,Life Operations,Bills,Expense,2026-03-07,10:19:56,2026-03-07 10:19:56,6914.39,INR,-6914.39,IOS Owner,,,MAESTRO-IOS-PERSONAL-LIFE_OPERATIONS-3319 | Bills | 6914.39,iPhone,B67,STRESS_3001_3500,CREATED,idem-20260902-ios-3319
3320,MTR-IOS-3320,Group,Shared Experience,Trip,Activities,Expense,2026-04-07,22:41:04,2026-04-07 22:41:04,16892.57,INR,-16892.57,IOS Meera,3,EXACT,MAESTRO-IOS-GROUP-TRIP-3320 | Activities | 16892.57,iPhone,B67,STRESS_3001_3500,CREATED,idem-20260902-ios-3320
3321,MTR-IOS-3321,Business,Business,Business Operations,Rent,Expense,2026-02-09,11:29:34,2026-02-09 11:29:34,135213.23,INR,-135213.23,IOS Owner,,,MAESTRO-IOS-BUSINESS-BUSINESS_OPERATIONS-3321 | Rent | 135213.23,iPhone,B67,STRESS_3001_3500,CREATED,idem-20260902-ios-3321
3322,MTR-IOS-3322,Personal,Personal,Life Operations,Transport,Expense,2025-09-05,13:07:48,2025-09-05 13:07:48,1322.95,INR,-1322.95,IOS Owner,,,MAESTRO-IOS-PERSONAL-LIFE_OPERATIONS-3322 | Transport | 1322.95,iPhone,B67,STRESS_3001_3500,CREATED,idem-20260902-ios-3322
3323,MTR-IOS-3323,Group,Shared Experience,Trip,Shopping,Expense,2026-07-12,16:25:50,2026-07-12 16:25:50,12860.28,INR,-12860.28,IOS Owner,3,SHARES,MAESTRO-IOS-GROUP-TRIP-3323 | Shopping | 12860.28,iPhone,B67,STRESS_3001_3500,CREATED,idem-20260902-ios-3323
3324,MTR-IOS-3324,Business,Business,Business Operations,Marketing,Expense,2025-10-02,16:48:50,2025-10-02 16:48:50,56718.37,INR,-56718.37,IOS Owner,,,MAESTRO-IOS-BUSINESS-BUSINESS_OPERATIONS-3324 | Marketing | 56718.37,iPhone,B67,STRESS_3001_3500,CREATED,idem-20260902-ios-3324
3325,MTR-IOS-3325,Personal,Personal,Life Operations,Healthcare,Expense,2026-04-01,13:50:19,2026-04-01 13:50:19,13152.48,INR,-13152.48,IOS Owner,,,MAESTRO-IOS-PERSONAL-LIFE_OPERATIONS-3325 | Healthcare | 13152.48,iPhone,B67,STRESS_3001_3500,CREATED,idem-20260902-ios-3325
3326,MTR-IOS-3326,Group,Shared Experience,Trip,Other,Expense,2025-10-31,20:26:30,2025-10-31 20:26:30,20539.94,INR,-20539.94,IOS Aarav,3,EQUAL,MAESTRO-IOS-GROUP-TRIP-3326 | Other | 20539.94,iPhone,B67,STRESS_3001_3500,CREATED,idem-20260902-ios-3326
3327,MTR-IOS-3327,Business,Business,Business Operations,Legal,Expense,2025-10-08,02:45:18,2025-10-08 02:45:18,148678.69,INR,-148678.69,IOS Owner,,,MAESTRO-IOS-BUSINESS-BUSINESS_OPERATIONS-3327 | Legal | 148678.69,iPhone,B67,STRESS_3001_3500,CREATED,idem-20260902-ios-3327
3328,MTR-IOS-3328,Personal,Personal,Life Operations,Subscriptions,Expense,2026-06-11,16:43:57,2026-06-11 16:43:57,10971.71,INR,-10971.71,IOS Owner,,,MAESTRO-IOS-PERSONAL-LIFE_OPERATIONS-3328 | Subscriptions | 10971.71,iPhone,B67,STRESS_3001_3500,CREATED,idem-20260902-ios-3328
3329,MTR-IOS-3329,Group,Shared Experience,Wedding,Venue,Expense,2026-08-23,02:35:41,2026-08-23 02:35:41,7572.49,INR,-7572.49,IOS Meera,3,PERCENTAGE,MAESTRO-IOS-GROUP-WEDDING-3329 | Venue | 7572.49,iPhone,B67,STRESS_3001_3500,CREATED,idem-20260902-ios-3329
3330,MTR-IOS-3330,Business,Business,Business Operations,Accounting,Expense,2026-04-13,22:53:00,2026-04-13 22:53:00,0.01,INR,-0.01,IOS Owner,,,MAESTRO-IOS-BUSINESS-BUSINESS_OPERATIONS-3330 | Accounting | 0.01,iPhone,B67,STRESS_3001_3500,CREATED,idem-20260902-ios-3330
3331,MTR-IOS-3331,Personal,Personal,Life Operations,Repairs,Expense,2025-09-11,22:41:41,2025-09-11 22:41:41,1979.29,INR,-1979.29,IOS Owner,,,MAESTRO-IOS-PERSONAL-LIFE_OPERATIONS-3331 | Repairs | 1979.29,iPhone,B67,STRESS_3001_3500,CREATED,idem-20260902-ios-3331
3332,MTR-IOS-3332,Group,Shared Experience,Wedding,Catering,Expense,2026-08-21,13:44:21,2026-08-21 13:44:21,12417.84,INR,-12417.84,IOS Owner,3,EXACT,MAESTRO-IOS-GROUP-WEDDING-3332 | Catering | 12417.84,iPhone,B67,STRESS_3001_3500,CREATED,idem-20260902-ios-3332
3333,MTR-IOS-3333,Business,Business,Business Operations,Equipment,Expense,2026-03-17,04:24:08,2026-03-17 04:24:08,103102.33,INR,-103102.33,IOS Owner,,,MAESTRO-IOS-BUSINESS-BUSINESS_OPERATIONS-3333 | Equipment | 103102.33,iPhone,B67,STRESS_3001_3500,CREATED,idem-20260902-ios-3333
3334,MTR-IOS-3334,Personal,Personal,Future Building,Savings,Transfer,2026-08-09,18:17:38,2026-08-09 18:17:38,11250.94,INR,0.0,IOS Owner,,,MAESTRO-IOS-PERSONAL-FUTURE_BUILDING-3334 | Savings | 11250.94,iPhone,B67,STRESS_3001_3500,CREATED,idem-20260902-ios-3334
3335,MTR-IOS-3335,Group,Shared Experience,Wedding,Decor,Expense,2025-12-09,08:14:12,2025-12-09 08:14:12,12560.52,INR,-12560.52,IOS Aarav,3,SHARES,MAESTRO-IOS-GROUP-WEDDING-3335 | Decor | 12560.52,iPhone,B67,STRESS_3001_3500,CREATED,idem-20260902-ios-3335
3336,MTR-IOS-3336,Business,Business,Business Operations,Vendor,Expense,2026-07-30,11:06:59,2026-07-30 11:06:59,131920.33,INR,-131920.33,IOS Owner,,,MAESTRO-IOS-BUSINESS-BUSINESS_OPERATIONS-3336 | Vendor | 131920.33,iPhone,B67,STRESS_3001_3500,CREATED,idem-20260902-ios-3336
3337,MTR-IOS-3337,Personal,Personal,Future Building,Emergency Fund,Transfer,2025-12-14,01:00:17,2025-12-14 01:00:17,11242.07,INR,0.0,IOS Owner,,,MAESTRO-IOS-PERSONAL-FUTURE_BUILDING-3337 | Emergency Fund | 11242.07,iPhone,B67,STRESS_3001_3500,CREATED,idem-20260902-ios-3337
3338,MTR-IOS-3338,Group,Shared Experience,Wedding,Travel,Expense,2025-10-28,22:59:09,2025-10-28 22:59:09,7045.22,INR,-7045.22,IOS Meera,3,EQUAL,MAESTRO-IOS-GROUP-WEDDING-3338 | Travel | 7045.22,iPhone,B67,STRESS_3001_3500,CREATED,idem-20260902-ios-3338
3339,MTR-IOS-3339,Business,Business,Business Operations,Tax,Expense,2026-03-04,17:52:59,2026-03-04 17:52:59,7680.94,INR,-7680.94,IOS Owner,,,MAESTRO-IOS-BUSINESS-BUSINESS_OPERATIONS-3339 | Tax | 7680.94,iPhone,B67,STRESS_3001_3500,CREATED,idem-20260902-ios-3339
3340,MTR-IOS-3340,Personal,Personal,Future Building,Investments,Investment,2025-09-25,18:37:56,2025-09-25 18:37:56,16002.2,INR,0.0,IOS Owner,,,MAESTRO-IOS-PERSONAL-FUTURE_BUILDING-3340 | Investments | 16002.20,iPhone,B67,STRESS_3001_3500,CREATED,idem-20260902-ios-3340
3341,MTR-IOS-3341,Group,Shared Experience,Wedding,Gifts,Expense,2026-02-03,07:20:40,2026-02-03 07:20:40,23950.51,INR,-23950.51,IOS Owner,3,PERCENTAGE,MAESTRO-IOS-GROUP-WEDDING-3341 | Gifts | 23950.51,iPhone,B67,STRESS_3001_3500,CREATED,idem-20260902-ios-3341
3342,MTR-IOS-3342,Business,Business,Team Operations,Payroll,Expense,2026-03-09,22:34:14,2026-03-09 22:34:14,140697.58,INR,-140697.58,IOS Owner,,,MAESTRO-IOS-BUSINESS-TEAM_OPERATIONS-3342 | Payroll | 140697.58,iPhone,B67,STRESS_3001_3500,CREATED,idem-20260902-ios-3342
3343,MTR-IOS-3343,Personal,Personal,Future Building,Education,Expense,2025-09-21,06:26:09,2025-09-21 06:26:09,6637.95,INR,-6637.95,IOS Owner,,,MAESTRO-IOS-PERSONAL-FUTURE_BUILDING-3343 | Education | 6637.95,iPhone,B67,STRESS_3001_3500,CREATED,idem-20260902-ios-3343
3344,MTR-IOS-3344,Group,Shared Experience,Wedding,Photography,Expense,2026-01-10,14:58:26,2026-01-10 14:58:26,22669.57,INR,-22669.57,IOS Aarav,3,EXACT,MAESTRO-IOS-GROUP-WEDDING-3344 | Photography | 22669.57,iPhone,B67,STRESS_3001_3500,CREATED,idem-20260902-ios-3344
3345,MTR-IOS-3345,Business,Business,Team Operations,Contractor,Expense,2026-06-29,08:31:08,2026-06-29 08:31:08,30932.62,INR,-30932.62,IOS Owner,,,MAESTRO-IOS-BUSINESS-TEAM_OPERATIONS-3345 | Contractor | 30932.62,iPhone,B67,STRESS_3001_3500,CREATED,idem-20260902-ios-3345
3346,MTR-IOS-3346,Personal,Personal,Future Building,Goal Contribution,Transfer,2025-10-03,23:57:17,2025-10-03 23:57:17,6583.36,INR,0.0,IOS Owner,,,MAESTRO-IOS-PERSONAL-FUTURE_BUILDING-3346 | Goal Contribution | 6583.36,iPhone,B67,STRESS_3001_3500,CREATED,idem-20260902-ios-3346
3347,MTR-IOS-3347,Group,Shared Experience,Wedding,Other,Expense,2026-07-22,18:06:22,2026-07-22 18:06:22,12151.84,INR,-12151.84,IOS Meera,3,SHARES,MAESTRO-IOS-GROUP-WEDDING-3347 | Other | 12151.84,iPhone,B67,STRESS_3001_3500,CREATED,idem-20260902-ios-3347
3348,MTR-IOS-3348,Business,Business,Team Operations,Hiring,Expense,2026-04-30,04:21:41,2026-04-30 04:21:41,80666.45,INR,-80666.45,IOS Owner,,,MAESTRO-IOS-BUSINESS-TEAM_OPERATIONS-3348 | Hiring | 80666.45,iPhone,B67,STRESS_3001_3500,CREATED,idem-20260902-ios-3348
3349,MTR-IOS-3349,Personal,Personal,Lifestyle,Dining,Expense,2026-03-02,12:06:12,2026-03-02 12:06:12,14961.57,INR,-14961.57,IOS Owner,,,MAESTRO-IOS-PERSONAL-LIFESTYLE-3349 | Dining | 14961.57,iPhone,B67,STRESS_3001_3500,CREATED,idem-20260902-ios-3349
3350,MTR-IOS-3350,Group,Shared Experience,Office Outing,Food,Expense,2026-09-01,03:03:56,2026-09-01 03:03:56,20681.09,INR,-20681.09,IOS Owner,3,EQUAL,MAESTRO-IOS-GROUP-OFFICE_OUTING-3350 | Food | 20681.09,iPhone,B67,STRESS_3001_3500,CREATED,idem-20260902-ios-3350
3351,MTR-IOS-3351,Business,Business,Team Operations,Team Meal,Expense,2025-10-25,08:52:46,2025-10-25 08:52:46,106442.77,INR,-106442.77,IOS Owner,,,MAESTRO-IOS-BUSINESS-TEAM_OPERATIONS-3351 | Team Meal | 106442.77,iPhone,B68,STRESS_3001_3500,CREATED,idem-20260902-ios-3351
3352,MTR-IOS-3352,Personal,Personal,Lifestyle,Shopping,Expense,2026-01-16,18:00:58,2026-01-16 18:00:58,16592.75,INR,-16592.75,IOS Owner,,,MAESTRO-IOS-PERSONAL-LIFESTYLE-3352 | Shopping | 16592.75,iPhone,B68,STRESS_3001_3500,CREATED,idem-20260902-ios-3352
3353,MTR-IOS-3353,Group,Shared Experience,Office Outing,Travel,Expense,2025-09-17,05:30:02,2025-09-17 05:30:02,18132.72,INR,-18132.72,IOS Aarav,3,PERCENTAGE,MAESTRO-IOS-GROUP-OFFICE_OUTING-3353 | Travel | 18132.72,iPhone,B68,STRESS_3001_3500,CREATED,idem-20260902-ios-3353
3354,MTR-IOS-3354,Business,Business,Team Operations,Travel,Expense,2026-04-22,23:01:56,2026-04-22 23:01:56,3868.97,INR,-3868.97,IOS Owner,,,MAESTRO-IOS-BUSINESS-TEAM_OPERATIONS-3354 | Travel | 3868.97,iPhone,B68,STRESS_3001_3500,CREATED,idem-20260902-ios-3354
3355,MTR-IOS-3355,Personal,Personal,Lifestyle,Entertainment,Expense,2025-09-07,21:59:32,2025-09-07 21:59:32,12415.53,INR,-12415.53,IOS Owner,,,MAESTRO-IOS-PERSONAL-LIFESTYLE-3355 | Entertainment | 12415.53,iPhone,B68,STRESS_3001_3500,CREATED,idem-20260902-ios-3355
3356,MTR-IOS-3356,Group,Shared Experience,Office Outing,Activities,Expense,2026-05-15,03:58:05,2026-05-15 03:58:05,16129.08,INR,-16129.08,IOS Meera,3,EXACT,MAESTRO-IOS-GROUP-OFFICE_OUTING-3356 | Activities | 16129.08,iPhone,B68,STRESS_3001_3500,CREATED,idem-20260902-ios-3356
3357,MTR-IOS-3357,Business,Business,Team Operations,Training,Expense,2025-12-07,01:17:04,2025-12-07 01:17:04,84291.29,INR,-84291.29,IOS Owner,,,MAESTRO-IOS-BUSINESS-TEAM_OPERATIONS-3357 | Training | 84291.29,iPhone,B68,STRESS_3001_3500,CREATED,idem-20260902-ios-3357
3358,MTR-IOS-3358,Personal,Personal,Lifestyle,Travel,Expense,2026-07-10,16:12:07,2026-07-10 16:12:07,334.79,INR,-334.79,IOS Owner,,,MAESTRO-IOS-PERSONAL-LIFESTYLE-3358 | Travel | 334.79,iPhone,B68,STRESS_3001_3500,CREATED,idem-20260902-ios-3358
3359,MTR-IOS-3359,Group,Shared Experience,Office Outing,Venue,Expense,2026-08-24,08:01:49,2026-08-24 08:01:49,17110.0,INR,-17110.0,IOS Owner,3,SHARES,MAESTRO-IOS-GROUP-OFFICE_OUTING-3359 | Venue | 17110.00,iPhone,B68,STRESS_3001_3500,CREATED,idem-20260902-ios-3359
3360,MTR-IOS-3360,Business,Business,Team Operations,Tools,Expense,2025-10-24,09:19:29,2025-10-24 09:19:29,24419.88,INR,-24419.88,IOS Owner,,,MAESTRO-IOS-BUSINESS-TEAM_OPERATIONS-3360 | Tools | 24419.88,iPhone,B68,STRESS_3001_3500,CREATED,idem-20260902-ios-3360
3361,MTR-IOS-3361,Personal,Personal,Lifestyle,Fitness,Expense,2025-12-25,07:49:40,2025-12-25 07:49:40,10356.26,INR,-10356.26,IOS Owner,,,MAESTRO-IOS-PERSONAL-LIFESTYLE-3361 | Fitness | 10356.26,iPhone,B68,STRESS_3001_3500,CREATED,idem-20260902-ios-3361
3362,MTR-IOS-3362,Group,Shared Experience,Office Outing,Other,Expense,2026-01-10,21:08:49,2026-01-10 21:08:49,16237.25,INR,-16237.25,IOS Aarav,3,EQUAL,MAESTRO-IOS-GROUP-OFFICE_OUTING-3362 | Other | 16237.25,iPhone,B68,STRESS_3001_3500,CREATED,idem-20260902-ios-3362
3363,MTR-IOS-3363,Business,Business,Business Runway,Funding,Income,2026-04-07,14:13:20,2026-04-07 14:13:20,15056.58,INR,15056.58,IOS Owner,,,MAESTRO-IOS-BUSINESS-BUSINESS_RUNWAY-3363 | Funding | 15056.58,iPhone,B68,STRESS_3001_3500,CREATED,idem-20260902-ios-3363
3364,MTR-IOS-3364,Personal,Personal,Lifestyle,Hobbies,Expense,2026-07-13,03:40:54,2026-07-13 03:40:54,15006.24,INR,-15006.24,IOS Owner,,,MAESTRO-IOS-PERSONAL-LIFESTYLE-3364 | Hobbies | 15006.24,iPhone,B68,STRESS_3001_3500,CREATED,idem-20260902-ios-3364
3365,MTR-IOS-3365,Group,Shared Experience,House Party,Food,Expense,2026-01-21,00:40:46,2026-01-21 00:40:46,23931.95,INR,-23931.95,IOS Meera,3,PERCENTAGE,MAESTRO-IOS-GROUP-HOUSE_PARTY-3365 | Food | 23931.95,iPhone,B68,STRESS_3001_3500,CREATED,idem-20260902-ios-3365
3366,MTR-IOS-3366,Business,Business,Business Runway,Revenue,Income,2026-02-10,21:15:21,2026-02-10 21:15:21,56441.94,INR,56441.94,IOS Owner,,,MAESTRO-IOS-BUSINESS-BUSINESS_RUNWAY-3366 | Revenue | 56441.94,iPhone,B68,STRESS_3001_3500,CREATED,idem-20260902-ios-3366
3367,MTR-IOS-3367,Personal,Personal,Relationships,Gifts,Expense,2025-12-05,14:48:06,2025-12-05 14:48:06,1.0,INR,-1.0,IOS Owner,,,MAESTRO-IOS-PERSONAL-RELATIONSHIPS-3367 | Gifts | 1.00,iPhone,B68,STRESS_3001_3500,CREATED,idem-20260902-ios-3367
3368,MTR-IOS-3368,Group,Shared Experience,House Party,Drinks,Expense,2025-12-22,10:52:07,2025-12-22 10:52:07,18062.79,INR,-18062.79,IOS Owner,3,EXACT,MAESTRO-IOS-GROUP-HOUSE_PARTY-3368 | Drinks | 18062.79,iPhone,B68,STRESS_3001_3500,CREATED,idem-20260902-ios-3368
3369,MTR-IOS-3369,Business,Business,Business Runway,Burn,Expense,2025-12-17,12:34:04,2025-12-17 12:34:04,6809.12,INR,-6809.12,IOS Owner,,,MAESTRO-IOS-BUSINESS-BUSINESS_RUNWAY-3369 | Burn | 6809.12,iPhone,B68,STRESS_3001_3500,CREATED,idem-20260902-ios-3369
3370,MTR-IOS-3370,Personal,Personal,Relationships,Dates,Expense,2026-02-07,09:51:16,2026-02-07 09:51:16,15849.24,INR,-15849.24,IOS Owner,,,MAESTRO-IOS-PERSONAL-RELATIONSHIPS-3370 | Dates | 15849.24,iPhone,B68,STRESS_3001_3500,CREATED,idem-20260902-ios-3370
3371,MTR-IOS-3371,Group,Shared Experience,House Party,Decor,Expense,2026-06-21,21:57:05,2026-06-21 21:57:05,5969.74,INR,-5969.74,IOS Aarav,3,SHARES,MAESTRO-IOS-GROUP-HOUSE_PARTY-3371 | Decor | 5969.74,iPhone,B68,STRESS_3001_3500,CREATED,idem-20260902-ios-3371
3372,MTR-IOS-3372,Business,Business,Business Runway,Reserve,Transfer,2026-04-13,22:57:46,2026-04-13 22:57:46,67192.06,INR,0.0,IOS Owner,,,MAESTRO-IOS-BUSINESS-BUSINESS_RUNWAY-3372 | Reserve | 67192.06,iPhone,B68,STRESS_3001_3500,CREATED,idem-20260902-ios-3372
3373,MTR-IOS-3373,Personal,Personal,Relationships,Family,Expense,2026-01-16,01:11:21,2026-01-16 01:11:21,13620.91,INR,-13620.91,IOS Owner,,,MAESTRO-IOS-PERSONAL-RELATIONSHIPS-3373 | Family | 13620.91,iPhone,B68,STRESS_3001_3500,CREATED,idem-20260902-ios-3373
3374,MTR-IOS-3374,Group,Shared Experience,House Party,Supplies,Expense,2025-10-14,01:26:38,2025-10-14 01:26:38,15517.37,INR,-15517.37,IOS Meera,3,EQUAL,MAESTRO-IOS-GROUP-HOUSE_PARTY-3374 | Supplies | 15517.37,iPhone,B68,STRESS_3001_3500,CREATED,idem-20260902-ios-3374
3375,MTR-IOS-3375,Business,Business,Business Runway,Loan,Income,2026-03-23,17:45:23,2026-03-23 17:45:23,19724.61,INR,19724.61,IOS Owner,,,MAESTRO-IOS-BUSINESS-BUSINESS_RUNWAY-3375 | Loan | 19724.61,iPhone,B68,STRESS_3001_3500,CREATED,idem-20260902-ios-3375
3376,MTR-IOS-3376,Personal,Personal,Relationships,Friends,Expense,2025-11-01,17:41:06,2025-11-01 17:41:06,8736.91,INR,-8736.91,IOS Owner,,,MAESTRO-IOS-PERSONAL-RELATIONSHIPS-3376 | Friends | 8736.91,iPhone,B68,STRESS_3001_3500,CREATED,idem-20260902-ios-3376
3377,MTR-IOS-3377,Group,Shared Experience,House Party,Other,Expense,2026-03-29,09:32:57,2026-03-29 09:32:57,835.61,INR,-835.61,IOS Owner,3,PERCENTAGE,MAESTRO-IOS-GROUP-HOUSE_PARTY-3377 | Other | 835.61,iPhone,B68,STRESS_3001_3500,CREATED,idem-20260902-ios-3377
3378,MTR-IOS-3378,Business,Business,Business Runway,Investment,Income,2026-06-29,21:17:18,2026-06-29 21:17:18,69707.86,INR,69707.86,IOS Owner,,,MAESTRO-IOS-BUSINESS-BUSINESS_RUNWAY-3378 | Investment | 69707.86,iPhone,B68,STRESS_3001_3500,CREATED,idem-20260902-ios-3378
3379,MTR-IOS-3379,Personal,Personal,Relationships,Celebrations,Expense,2025-09-16,03:13:54,2025-09-16 03:13:54,13344.4,INR,-13344.4,IOS Owner,,,MAESTRO-IOS-PERSONAL-RELATIONSHIPS-3379 | Celebrations | 13344.40,iPhone,B68,STRESS_3001_3500,CREATED,idem-20260902-ios-3379
3380,MTR-IOS-3380,Group,Shared Purchase,Gift Pool,Contribution,Contribution,2026-05-18,21:46:22,2026-05-18 21:46:22,22761.31,INR,22761.31,IOS Aarav,3,EXACT,MAESTRO-IOS-GROUP-GIFT_POOL-3380 | Contribution | 22761.31,iPhone,B68,STRESS_3001_3500,CREATED,idem-20260902-ios-3380
3381,MTR-IOS-3381,Business,Business,Business Operations,Software,Expense,2025-10-18,19:14:24,2025-10-18 19:14:24,58793.03,INR,-58793.03,IOS Owner,,,MAESTRO-IOS-BUSINESS-BUSINESS_OPERATIONS-3381 | Software | 58793.03,iPhone,B68,STRESS_3001_3500,CREATED,idem-20260902-ios-3381
3382,MTR-IOS-3382,Personal,Personal,Life Operations,Groceries,Expense,2026-03-21,21:28:36,2026-03-21 21:28:36,8150.77,INR,-8150.77,IOS Owner,,,MAESTRO-IOS-PERSONAL-LIFE_OPERATIONS-3382 | Groceries | 8150.77,iPhone,B68,STRESS_3001_3500,CREATED,idem-20260902-ios-3382
3383,MTR-IOS-3383,Group,Shared Purchase,Gift Pool,Gift Purchase,Expense,2025-09-17,05:34:28,2025-09-17 05:34:28,424.3,INR,-424.3,IOS Meera,3,SHARES,MAESTRO-IOS-GROUP-GIFT_POOL-3383 | Gift Purchase | 424.30,iPhone,B68,STRESS_3001_3500,CREATED,idem-20260902-ios-3383
3384,MTR-IOS-3384,Business,Business,Business Operations,Rent,Expense,2026-07-20,09:31:11,2026-07-20 09:31:11,956.67,INR,-956.67,IOS Owner,,,MAESTRO-IOS-BUSINESS-BUSINESS_OPERATIONS-3384 | Rent | 956.67,iPhone,B68,STRESS_3001_3500,CREATED,idem-20260902-ios-3384
3385,MTR-IOS-3385,Personal,Personal,Life Operations,Rent,Expense,2025-12-21,23:04:32,2025-12-21 23:04:32,16420.22,INR,-16420.22,IOS Owner,,,MAESTRO-IOS-PERSONAL-LIFE_OPERATIONS-3385 | Rent | 16420.22,iPhone,B68,STRESS_3001_3500,CREATED,idem-20260902-ios-3385
3386,MTR-IOS-3386,Group,Shared Purchase,Gift Pool,Delivery,Expense,2025-09-11,21:02:16,2025-09-11 21:02:16,4952.77,INR,-4952.77,IOS Owner,3,EQUAL,MAESTRO-IOS-GROUP-GIFT_POOL-3386 | Delivery | 4952.77,iPhone,B68,STRESS_3001_3500,CREATED,idem-20260902-ios-3386
3387,MTR-IOS-3387,Business,Business,Business Operations,Marketing,Expense,2026-02-26,03:37:02,2026-02-26 03:37:02,117109.23,INR,-117109.23,IOS Owner,,,MAESTRO-IOS-BUSINESS-BUSINESS_OPERATIONS-3387 | Marketing | 117109.23,iPhone,B68,STRESS_3001_3500,CREATED,idem-20260902-ios-3387
3388,MTR-IOS-3388,Personal,Personal,Life Operations,Bills,Expense,2026-02-17,02:05:10,2026-02-17 02:05:10,7380.04,INR,-7380.04,IOS Owner,,,MAESTRO-IOS-PERSONAL-LIFE_OPERATIONS-3388 | Bills | 7380.04,iPhone,B68,STRESS_3001_3500,CREATED,idem-20260902-ios-3388
3389,MTR-IOS-3389,Group,Shared Purchase,Gift Pool,Other,Expense,2026-05-10,08:02:01,2026-05-10 08:02:01,14751.47,INR,-14751.47,IOS Aarav,3,PERCENTAGE,MAESTRO-IOS-GROUP-GIFT_POOL-3389 | Other | 14751.47,iPhone,B68,STRESS_3001_3500,CREATED,idem-20260902-ios-3389
3390,MTR-IOS-3390,Business,Business,Business Operations,Legal,Expense,2026-03-04,02:54:00,2026-03-04 02:54:00,89564.66,INR,-89564.66,IOS Owner,,,MAESTRO-IOS-BUSINESS-BUSINESS_OPERATIONS-3390 | Legal | 89564.66,iPhone,B68,STRESS_3001_3500,CREATED,idem-20260902-ios-3390
3391,MTR-IOS-3391,Personal,Personal,Life Operations,Transport,Expense,2026-06-26,18:40:15,2026-06-26 18:40:15,14086.94,INR,-14086.94,IOS Owner,,,MAESTRO-IOS-PERSONAL-LIFE_OPERATIONS-3391 | Transport | 14086.94,iPhone,B68,STRESS_3001_3500,CREATED,idem-20260902-ios-3391
3392,MTR-IOS-3392,Group,Shared Purchase,Purchase,Item,Expense,2026-04-21,16:06:52,2026-04-21 16:06:52,4108.7,INR,-4108.7,IOS Meera,3,EXACT,MAESTRO-IOS-GROUP-PURCHASE-3392 | Item | 4108.70,iPhone,B68,STRESS_3001_3500,CREATED,idem-20260902-ios-3392
3393,MTR-IOS-3393,Business,Business,Business Operations,Accounting,Expense,2026-08-19,06:50:12,2026-08-19 06:50:12,46312.97,INR,-46312.97,IOS Owner,,,MAESTRO-IOS-BUSINESS-BUSINESS_OPERATIONS-3393 | Accounting | 46312.97,iPhone,B68,STRESS_3001_3500,CREATED,idem-20260902-ios-3393
3394,MTR-IOS-3394,Personal,Personal,Life Operations,Healthcare,Expense,2026-04-22,15:24:55,2026-04-22 15:24:55,8937.51,INR,-8937.51,IOS Owner,,,MAESTRO-IOS-PERSONAL-LIFE_OPERATIONS-3394 | Healthcare | 8937.51,iPhone,B68,STRESS_3001_3500,CREATED,idem-20260902-ios-3394
3395,MTR-IOS-3395,Group,Shared Purchase,Purchase,Shipping,Expense,2025-09-16,10:04:30,2025-09-16 10:04:30,516.44,INR,-516.44,IOS Owner,3,SHARES,MAESTRO-IOS-GROUP-PURCHASE-3395 | Shipping | 516.44,iPhone,B68,STRESS_3001_3500,CREATED,idem-20260902-ios-3395
3396,MTR-IOS-3396,Business,Business,Business Operations,Equipment,Expense,2025-12-31,08:34:55,2025-12-31 08:34:55,154661.52,INR,-154661.52,IOS Owner,,,MAESTRO-IOS-BUSINESS-BUSINESS_OPERATIONS-3396 | Equipment | 154661.52,iPhone,B68,STRESS_3001_3500,CREATED,idem-20260902-ios-3396
3397,MTR-IOS-3397,Personal,Personal,Life Operations,Subscriptions,Expense,2026-02-10,08:15:34,2026-02-10 08:15:34,11388.31,INR,-11388.31,IOS Owner,,,MAESTRO-IOS-PERSONAL-LIFE_OPERATIONS-3397 | Subscriptions | 11388.31,iPhone,B68,STRESS_3001_3500,CREATED,idem-20260902-ios-3397
3398,MTR-IOS-3398,Group,Shared Purchase,Purchase,Tax,Expense,2025-10-15,20:54:22,2025-10-15 20:54:22,16918.22,INR,-16918.22,IOS Aarav,3,EQUAL,MAESTRO-IOS-GROUP-PURCHASE-3398 | Tax | 16918.22,iPhone,B68,STRESS_3001_3500,CREATED,idem-20260902-ios-3398
3399,MTR-IOS-3399,Business,Business,Business Operations,Vendor,Expense,2026-01-31,18:57:16,2026-01-31 18:57:16,125938.47,INR,-125938.47,IOS Owner,,,MAESTRO-IOS-BUSINESS-BUSINESS_OPERATIONS-3399 | Vendor | 125938.47,iPhone,B68,STRESS_3001_3500,CREATED,idem-20260902-ios-3399
3400,MTR-IOS-3400,Personal,Personal,Life Operations,Repairs,Expense,2026-05-11,22:56:10,2026-05-11 22:56:10,17745.36,INR,-17745.36,IOS Owner,,,MAESTRO-IOS-PERSONAL-LIFE_OPERATIONS-3400 | Repairs | 17745.36,iPhone,B68,STRESS_3001_3500,CREATED,idem-20260902-ios-3400
3401,MTR-IOS-3401,Group,Shared Purchase,Purchase,Other,Expense,2025-12-23,15:23:14,2025-12-23 15:23:14,1560.93,INR,-1560.93,IOS Meera,3,PERCENTAGE,MAESTRO-IOS-GROUP-PURCHASE-3401 | Other | 1560.93,iPhone,B69,STRESS_3001_3500,CREATED,idem-20260902-ios-3401
3402,MTR-IOS-3402,Business,Business,Business Operations,Tax,Expense,2025-12-23,06:58:34,2025-12-23 06:58:34,82047.58,INR,-82047.58,IOS Owner,,,MAESTRO-IOS-BUSINESS-BUSINESS_OPERATIONS-3402 | Tax | 82047.58,iPhone,B69,STRESS_3001_3500,CREATED,idem-20260902-ios-3402
3403,MTR-IOS-3403,Personal,Personal,Future Building,Savings,Transfer,2026-01-20,02:17:35,2026-01-20 02:17:35,16074.82,INR,0.0,IOS Owner,,,MAESTRO-IOS-PERSONAL-FUTURE_BUILDING-3403 | Savings | 16074.82,iPhone,B69,STRESS_3001_3500,CREATED,idem-20260902-ios-3403
3404,MTR-IOS-3404,Group,Shared Purchase,Assets,Purchase,Expense,2026-03-21,11:26:55,2026-03-21 11:26:55,99.99,INR,-99.99,IOS Owner,3,EXACT,MAESTRO-IOS-GROUP-ASSETS-3404 | Purchase | 99.99,iPhone,B69,STRESS_3001_3500,CREATED,idem-20260902-ios-3404
3405,MTR-IOS-3405,Business,Business,Team Operations,Payroll,Expense,2025-11-21,17:36:19,2025-11-21 17:36:19,152062.46,INR,-152062.46,IOS Owner,,,MAESTRO-IOS-BUSINESS-TEAM_OPERATIONS-3405 | Payroll | 152062.46,iPhone,B69,STRESS_3001_3500,CREATED,idem-20260902-ios-3405
3406,MTR-IOS-3406,Personal,Personal,Future Building,Emergency Fund,Transfer,2026-05-14,20:37:55,2026-05-14 20:37:55,12452.84,INR,0.0,IOS Owner,,,MAESTRO-IOS-PERSONAL-FUTURE_BUILDING-3406 | Emergency Fund | 12452.84,iPhone,B69,STRESS_3001_3500,CREATED,idem-20260902-ios-3406
3407,MTR-IOS-3407,Group,Shared Purchase,Assets,Maintenance,Expense,2026-05-28,06:32:17,2026-05-28 06:32:17,23171.42,INR,-23171.42,IOS Aarav,3,SHARES,MAESTRO-IOS-GROUP-ASSETS-3407 | Maintenance | 23171.42,iPhone,B69,STRESS_3001_3500,CREATED,idem-20260902-ios-3407
3408,MTR-IOS-3408,Business,Business,Team Operations,Contractor,Expense,2025-12-11,15:36:57,2025-12-11 15:36:57,77484.41,INR,-77484.41,IOS Owner,,,MAESTRO-IOS-BUSINESS-TEAM_OPERATIONS-3408 | Contractor | 77484.41,iPhone,B69,STRESS_3001_3500,CREATED,idem-20260902-ios-3408
3409,MTR-IOS-3409,Personal,Personal,Future Building,Investments,Investment,2026-03-02,18:43:55,2026-03-02 18:43:55,5848.21,INR,0.0,IOS Owner,,,MAESTRO-IOS-PERSONAL-FUTURE_BUILDING-3409 | Investments | 5848.21,iPhone,B69,STRESS_3001_3500,CREATED,idem-20260902-ios-3409
3410,MTR-IOS-3410,Group,Shared Purchase,Assets,Repair,Expense,2026-06-03,06:30:43,2026-06-03 06:30:43,7277.45,INR,-7277.45,IOS Meera,3,EQUAL,MAESTRO-IOS-GROUP-ASSETS-3410 | Repair | 7277.45,iPhone,B69,STRESS_3001_3500,CREATED,idem-20260902-ios-3410
3411,MTR-IOS-3411,Business,Business,Team Operations,Hiring,Expense,2026-02-21,11:59:51,2026-02-21 11:59:51,12966.72,INR,-12966.72,IOS Owner,,,MAESTRO-IOS-BUSINESS-TEAM_OPERATIONS-3411 | Hiring | 12966.72,iPhone,B69,STRESS_3001_3500,CREATED,idem-20260902-ios-3411
3412,MTR-IOS-3412,Personal,Personal,Future Building,Education,Expense,2025-09-23,06:20:02,2025-09-23 06:20:02,14032.11,INR,-14032.11,IOS Owner,,,MAESTRO-IOS-PERSONAL-FUTURE_BUILDING-3412 | Education | 14032.11,iPhone,B69,STRESS_3001_3500,CREATED,idem-20260902-ios-3412
3413,MTR-IOS-3413,Group,Shared Purchase,Assets,Insurance,Expense,2025-09-08,02:19:43,2025-09-08 02:19:43,19750.05,INR,-19750.05,IOS Owner,3,PERCENTAGE,MAESTRO-IOS-GROUP-ASSETS-3413 | Insurance | 19750.05,iPhone,B69,STRESS_3001_3500,CREATED,idem-20260902-ios-3413
3414,MTR-IOS-3414,Business,Business,Team Operations,Team Meal,Expense,2026-02-24,00:37:26,2026-02-24 00:37:26,163004.56,INR,-163004.56,IOS Owner,,,MAESTRO-IOS-BUSINESS-TEAM_OPERATIONS-3414 | Team Meal | 163004.56,iPhone,B69,STRESS_3001_3500,CREATED,idem-20260902-ios-3414
3415,MTR-IOS-3415,Personal,Personal,Future Building,Goal Contribution,Transfer,2025-09-25,12:58:09,2025-09-25 12:58:09,9129.3,INR,0.0,IOS Owner,,,MAESTRO-IOS-PERSONAL-FUTURE_BUILDING-3415 | Goal Contribution | 9129.30,iPhone,B69,STRESS_3001_3500,CREATED,idem-20260902-ios-3415
3416,MTR-IOS-3416,Group,Shared Purchase,Assets,Other,Expense,2026-08-05,10:36:49,2026-08-05 10:36:49,5504.28,INR,-5504.28,IOS Aarav,3,EXACT,MAESTRO-IOS-GROUP-ASSETS-3416 | Other | 5504.28,iPhone,B69,STRESS_3001_3500,CREATED,idem-20260902-ios-3416
3417,MTR-IOS-3417,Business,Business,Team Operations,Travel,Expense,2026-04-01,07:16:08,2026-04-01 07:16:08,91324.3,INR,-91324.3,IOS Owner,,,MAESTRO-IOS-BUSINESS-TEAM_OPERATIONS-3417 | Travel | 91324.30,iPhone,B69,STRESS_3001_3500,CREATED,idem-20260902-ios-3417
3418,MTR-IOS-3418,Personal,Personal,Lifestyle,Dining,Expense,2025-10-03,21:34:14,2025-10-03 21:34:14,17715.66,INR,-17715.66,IOS Owner,,,MAESTRO-IOS-PERSONAL-LIFESTYLE-3418 | Dining | 17715.66,iPhone,B69,STRESS_3001_3500,CREATED,idem-20260902-ios-3418
3419,MTR-IOS-3419,Group,Shared Purchase,Custom Purchase,Custom Expense,Expense,2025-11-25,00:40:23,2025-11-25 00:40:23,707.22,INR,-707.22,IOS Meera,3,SHARES,MAESTRO-IOS-GROUP-CUSTOM_PURCHASE-3419 | Custom Expense | 707.22,iPhone,B69,STRESS_3001_3500,CREATED,idem-20260902-ios-3419
3420,MTR-IOS-3420,Business,Business,Team Operations,Training,Expense,2026-01-11,09:41:17,2026-01-11 09:41:17,5232.02,INR,-5232.02,IOS Owner,,,MAESTRO-IOS-BUSINESS-TEAM_OPERATIONS-3420 | Training | 5232.02,iPhone,B69,STRESS_3001_3500,CREATED,idem-20260902-ios-3420
3421,MTR-IOS-3421,Personal,Personal,Lifestyle,Shopping,Expense,2026-01-13,14:31:16,2026-01-13 14:31:16,268.67,INR,-268.67,IOS Owner,,,MAESTRO-IOS-PERSONAL-LIFESTYLE-3421 | Shopping | 268.67,iPhone,B69,STRESS_3001_3500,CREATED,idem-20260902-ios-3421
3422,MTR-IOS-3422,Group,Shared Purchase,Custom Purchase,Custom Contribution,Contribution,2026-04-26,11:51:41,2026-04-26 11:51:41,11791.72,INR,11791.72,IOS Owner,3,EQUAL,MAESTRO-IOS-GROUP-CUSTOM_PURCHASE-3422 | Custom Contribution | 11791.72,iPhone,B69,STRESS_3001_3500,CREATED,idem-20260902-ios-3422
3423,MTR-IOS-3423,Business,Business,Team Operations,Tools,Expense,2026-02-18,12:24:45,2026-02-18 12:24:45,6795.92,INR,-6795.92,IOS Owner,,,MAESTRO-IOS-BUSINESS-TEAM_OPERATIONS-3423 | Tools | 6795.92,iPhone,B69,STRESS_3001_3500,CREATED,idem-20260902-ios-3423
3424,MTR-IOS-3424,Personal,Personal,Lifestyle,Entertainment,Expense,2026-08-17,17:31:52,2026-08-17 17:31:52,13639.1,INR,-13639.1,IOS Owner,,,MAESTRO-IOS-PERSONAL-LIFESTYLE-3424 | Entertainment | 13639.10,iPhone,B69,STRESS_3001_3500,CREATED,idem-20260902-ios-3424
3425,MTR-IOS-3425,Group,Shared Living,Flatmates,Rent,Expense,2026-06-27,15:53:02,2026-06-27 15:53:02,25545.49,INR,-25545.49,IOS Aarav,3,PERCENTAGE,MAESTRO-IOS-GROUP-FLATMATES-3425 | Rent | 25545.49,iPhone,B69,STRESS_3001_3500,CREATED,idem-20260902-ios-3425
3426,MTR-IOS-3426,Business,Business,Business Runway,Funding,Income,2026-04-24,04:21:57,2026-04-24 04:21:57,40336.78,INR,40336.78,IOS Owner,,,MAESTRO-IOS-BUSINESS-BUSINESS_RUNWAY-3426 | Funding | 40336.78,iPhone,B69,STRESS_3001_3500,CREATED,idem-20260902-ios-3426
3427,MTR-IOS-3427,Personal,Personal,Lifestyle,Travel,Expense,2025-09-19,20:09:58,2025-09-19 20:09:58,15974.24,INR,-15974.24,IOS Owner,,,MAESTRO-IOS-PERSONAL-LIFESTYLE-3427 | Travel | 15974.24,iPhone,B69,STRESS_3001_3500,CREATED,idem-20260902-ios-3427
3428,MTR-IOS-3428,Group,Shared Living,Flatmates,Utilities,Expense,2025-12-18,18:08:30,2025-12-18 18:08:30,18750.95,INR,-18750.95,IOS Meera,3,EXACT,MAESTRO-IOS-GROUP-FLATMATES-3428 | Utilities | 18750.95,iPhone,B69,STRESS_3001_3500,CREATED,idem-20260902-ios-3428
3429,MTR-IOS-3429,Business,Business,Business Runway,Revenue,Income,2026-03-06,15:02:55,2026-03-06 15:02:55,164771.99,INR,164771.99,IOS Owner,,,MAESTRO-IOS-BUSINESS-BUSINESS_RUNWAY-3429 | Revenue | 164771.99,iPhone,B69,STRESS_3001_3500,CREATED,idem-20260902-ios-3429
3430,MTR-IOS-3430,Personal,Personal,Lifestyle,Fitness,Expense,2026-02-11,07:12:13,2026-02-11 07:12:13,11781.13,INR,-11781.13,IOS Owner,,,MAESTRO-IOS-PERSONAL-LIFESTYLE-3430 | Fitness | 11781.13,iPhone,B69,STRESS_3001_3500,CREATED,idem-20260902-ios-3430
3431,MTR-IOS-3431,Group,Shared Living,Flatmates,Groceries,Expense,2025-11-12,00:35:44,2025-11-12 00:35:44,6456.44,INR,-6456.44,IOS Owner,3,SHARES,MAESTRO-IOS-GROUP-FLATMATES-3431 | Groceries | 6456.44,iPhone,B69,STRESS_3001_3500,CREATED,idem-20260902-ios-3431
3432,MTR-IOS-3432,Business,Business,Business Runway,Burn,Expense,2025-12-13,08:16:14,2025-12-13 08:16:14,66805.64,INR,-66805.64,IOS Owner,,,MAESTRO-IOS-BUSINESS-BUSINESS_RUNWAY-3432 | Burn | 66805.64,iPhone,B69,STRESS_3001_3500,CREATED,idem-20260902-ios-3432
3433,MTR-IOS-3433,Personal,Personal,Lifestyle,Hobbies,Expense,2025-10-02,16:28:56,2025-10-02 16:28:56,4558.77,INR,-4558.77,IOS Owner,,,MAESTRO-IOS-PERSONAL-LIFESTYLE-3433 | Hobbies | 4558.77,iPhone,B69,STRESS_3001_3500,CREATED,idem-20260902-ios-3433
3434,MTR-IOS-3434,Group,Shared Living,Flatmates,Internet,Expense,2026-04-19,20:51:24,2026-04-19 20:51:24,6478.0,INR,-6478.0,IOS Aarav,3,EQUAL,MAESTRO-IOS-GROUP-FLATMATES-3434 | Internet | 6478.00,iPhone,B69,STRESS_3001_3500,CREATED,idem-20260902-ios-3434
3435,MTR-IOS-3435,Business,Business,Business Runway,Reserve,Transfer,2026-06-05,15:31:41,2026-06-05 15:31:41,130064.96,INR,0.0,IOS Owner,,,MAESTRO-IOS-BUSINESS-BUSINESS_RUNWAY-3435 | Reserve | 130064.96,iPhone,B69,STRESS_3001_3500,CREATED,idem-20260902-ios-3435
3436,MTR-IOS-3436,Personal,Personal,Relationships,Gifts,Expense,2026-04-23,16:35:14,2026-04-23 16:35:14,2428.11,INR,-2428.11,IOS Owner,,,MAESTRO-IOS-PERSONAL-RELATIONSHIPS-3436 | Gifts | 2428.11,iPhone,B69,STRESS_3001_3500,CREATED,idem-20260902-ios-3436
3437,MTR-IOS-3437,Group,Shared Living,Flatmates,House Supplies,Expense,2025-11-11,01:04:05,2025-11-11 01:04:05,17459.25,INR,-17459.25,IOS Meera,3,PERCENTAGE,MAESTRO-IOS-GROUP-FLATMATES-3437 | House Supplies | 17459.25,iPhone,B69,STRESS_3001_3500,CREATED,idem-20260902-ios-3437
3438,MTR-IOS-3438,Business,Business,Business Runway,Loan,Income,2026-08-07,22:08:02,2026-08-07 22:08:02,143497.98,INR,143497.98,IOS Owner,,,MAESTRO-IOS-BUSINESS-BUSINESS_RUNWAY-3438 | Loan | 143497.98,iPhone,B69,STRESS_3001_3500,CREATED,idem-20260902-ios-3438
3439,MTR-IOS-3439,Personal,Personal,Relationships,Dates,Expense,2026-05-19,16:23:03,2026-05-19 16:23:03,11435.34,INR,-11435.34,IOS Owner,,,MAESTRO-IOS-PERSONAL-RELATIONSHIPS-3439 | Dates | 11435.34,iPhone,B69,STRESS_3001_3500,CREATED,idem-20260902-ios-3439
3440,MTR-IOS-3440,Group,Shared Living,Flatmates,Repairs,Expense,2025-09-10,12:48:32,2025-09-10 12:48:32,4303.07,INR,-4303.07,IOS Owner,3,EXACT,MAESTRO-IOS-GROUP-FLATMATES-3440 | Repairs | 4303.07,iPhone,B69,STRESS_3001_3500,CREATED,idem-20260902-ios-3440
3441,MTR-IOS-3441,Business,Business,Business Runway,Investment,Income,2025-12-13,14:00:08,2025-12-13 14:00:08,100.0,INR,100.0,IOS Owner,,,MAESTRO-IOS-BUSINESS-BUSINESS_RUNWAY-3441 | Investment | 100.00,iPhone,B69,STRESS_3001_3500,CREATED,idem-20260902-ios-3441
3442,MTR-IOS-3442,Personal,Personal,Relationships,Family,Expense,2025-11-02,00:01:20,2025-11-02 00:01:20,16058.75,INR,-16058.75,IOS Owner,,,MAESTRO-IOS-PERSONAL-RELATIONSHIPS-3442 | Family | 16058.75,iPhone,B69,STRESS_3001_3500,CREATED,idem-20260902-ios-3442
3443,MTR-IOS-3443,Group,Shared Living,Shared Living,Rent,Expense,2026-02-09,14:28:21,2026-02-09 14:28:21,26413.55,INR,-26413.55,IOS Aarav,3,SHARES,MAESTRO-IOS-GROUP-SHARED_LIVING-3443 | Rent | 26413.55,iPhone,B69,STRESS_3001_3500,CREATED,idem-20260902-ios-3443
3444,MTR-IOS-3444,Business,Business,Business Operations,Software,Expense,2025-11-13,10:52:20,2025-11-13 10:52:20,67679.98,INR,-67679.98,IOS Owner,,,MAESTRO-IOS-BUSINESS-BUSINESS_OPERATIONS-3444 | Software | 67679.98,iPhone,B69,STRESS_3001_3500,CREATED,idem-20260902-ios-3444
3445,MTR-IOS-3445,Personal,Personal,Relationships,Friends,Expense,2026-03-14,20:40:26,2026-03-14 20:40:26,1981.15,INR,-1981.15,IOS Owner,,,MAESTRO-IOS-PERSONAL-RELATIONSHIPS-3445 | Friends | 1981.15,iPhone,B69,STRESS_3001_3500,CREATED,idem-20260902-ios-3445
3446,MTR-IOS-3446,Group,Shared Living,Shared Living,Utilities,Expense,2026-06-29,04:11:23,2026-06-29 04:11:23,11172.82,INR,-11172.82,IOS Meera,3,EQUAL,MAESTRO-IOS-GROUP-SHARED_LIVING-3446 | Utilities | 11172.82,iPhone,B69,STRESS_3001_3500,CREATED,idem-20260902-ios-3446
3447,MTR-IOS-3447,Business,Business,Business Operations,Rent,Expense,2026-06-04,00:54:32,2026-06-04 00:54:32,152223.38,INR,-152223.38,IOS Owner,,,MAESTRO-IOS-BUSINESS-BUSINESS_OPERATIONS-3447 | Rent | 152223.38,iPhone,B69,STRESS_3001_3500,CREATED,idem-20260902-ios-3447
3448,MTR-IOS-3448,Personal,Personal,Relationships,Celebrations,Expense,2026-03-29,01:20:33,2026-03-29 01:20:33,3208.76,INR,-3208.76,IOS Owner,,,MAESTRO-IOS-PERSONAL-RELATIONSHIPS-3448 | Celebrations | 3208.76,iPhone,B69,STRESS_3001_3500,CREATED,idem-20260902-ios-3448
3449,MTR-IOS-3449,Group,Shared Living,Shared Living,Groceries,Expense,2026-04-23,21:21:29,2026-04-23 21:21:29,1319.78,INR,-1319.78,IOS Owner,3,PERCENTAGE,MAESTRO-IOS-GROUP-SHARED_LIVING-3449 | Groceries | 1319.78,iPhone,B69,STRESS_3001_3500,CREATED,idem-20260902-ios-3449
3450,MTR-IOS-3450,Business,Business,Business Operations,Marketing,Expense,2026-05-17,00:53:53,2026-05-17 00:53:53,116959.72,INR,-116959.72,IOS Owner,,,MAESTRO-IOS-BUSINESS-BUSINESS_OPERATIONS-3450 | Marketing | 116959.72,iPhone,B69,STRESS_3001_3500,CREATED,idem-20260902-ios-3450
3451,MTR-IOS-3451,Personal,Personal,Life Operations,Groceries,Expense,2025-11-17,05:53:32,2025-11-17 05:53:32,14818.97,INR,-14818.97,IOS Owner,,,MAESTRO-IOS-PERSONAL-LIFE_OPERATIONS-3451 | Groceries | 14818.97,iPhone,B70,STRESS_3001_3500,CREATED,idem-20260902-ios-3451
3452,MTR-IOS-3452,Group,Shared Living,Shared Living,Maintenance,Expense,2026-03-10,13:16:59,2026-03-10 13:16:59,5762.07,INR,-5762.07,IOS Aarav,3,EXACT,MAESTRO-IOS-GROUP-SHARED_LIVING-3452 | Maintenance | 5762.07,iPhone,B70,STRESS_3001_3500,CREATED,idem-20260902-ios-3452
3453,MTR-IOS-3453,Business,Business,Business Operations,Legal,Expense,2026-05-28,06:22:00,2026-05-28 06:22:00,145330.02,INR,-145330.02,IOS Owner,,,MAESTRO-IOS-BUSINESS-BUSINESS_OPERATIONS-3453 | Legal | 145330.02,iPhone,B70,STRESS_3001_3500,CREATED,idem-20260902-ios-3453
3454,MTR-IOS-3454,Personal,Personal,Life Operations,Rent,Expense,2025-11-01,11:19:39,2025-11-01 11:19:39,16492.44,INR,-16492.44,IOS Owner,,,MAESTRO-IOS-PERSONAL-LIFE_OPERATIONS-3454 | Rent | 16492.44,iPhone,B70,STRESS_3001_3500,CREATED,idem-20260902-ios-3454
3455,MTR-IOS-3455,Group,Shared Living,Shared Living,Other,Expense,2025-11-30,17:47:04,2025-11-30 17:47:04,4246.04,INR,-4246.04,IOS Meera,3,SHARES,MAESTRO-IOS-GROUP-SHARED_LIVING-3455 | Other | 4246.04,iPhone,B70,STRESS_3001_3500,CREATED,idem-20260902-ios-3455
3456,MTR-IOS-3456,Business,Business,Business Operations,Accounting,Expense,2026-08-21,07:54:29,2026-08-21 07:54:29,31220.9,INR,-31220.9,IOS Owner,,,MAESTRO-IOS-BUSINESS-BUSINESS_OPERATIONS-3456 | Accounting | 31220.90,iPhone,B70,STRESS_3001_3500,CREATED,idem-20260902-ios-3456
3457,MTR-IOS-3457,Personal,Personal,Life Operations,Bills,Expense,2026-07-28,09:25:30,2026-07-28 09:25:30,1475.78,INR,-1475.78,IOS Owner,,,MAESTRO-IOS-PERSONAL-LIFE_OPERATIONS-3457 | Bills | 1475.78,iPhone,B70,STRESS_3001_3500,CREATED,idem-20260902-ios-3457
3458,MTR-IOS-3458,Group,Shared Living,Family Household,Transport,Expense,2025-12-16,17:19:29,2025-12-16 17:19:29,22984.5,INR,-22984.5,IOS Owner,3,EQUAL,MAESTRO-IOS-GROUP-FAMILY_HOUSEHOLD-3458 | Transport | 22984.50,iPhone,B70,STRESS_3001_3500,CREATED,idem-20260902-ios-3458
3459,MTR-IOS-3459,Business,Business,Business Operations,Equipment,Expense,2025-12-01,02:37:07,2025-12-01 02:37:07,36627.08,INR,-36627.08,IOS Owner,,,MAESTRO-IOS-BUSINESS-BUSINESS_OPERATIONS-3459 | Equipment | 36627.08,iPhone,B70,STRESS_3001_3500,CREATED,idem-20260902-ios-3459
3460,MTR-IOS-3460,Personal,Personal,Life Operations,Transport,Expense,2026-04-15,11:47:49,2026-04-15 11:47:49,14867.36,INR,-14867.36,IOS Owner,,,MAESTRO-IOS-PERSONAL-LIFE_OPERATIONS-3460 | Transport | 14867.36,iPhone,B70,STRESS_3001_3500,CREATED,idem-20260902-ios-3460
3461,MTR-IOS-3461,Group,Shared Living,Family Household,Bills,Expense,2026-08-24,14:51:43,2026-08-24 14:51:43,9380.56,INR,-9380.56,IOS Aarav,3,PERCENTAGE,MAESTRO-IOS-GROUP-FAMILY_HOUSEHOLD-3461 | Bills | 9380.56,iPhone,B70,STRESS_3001_3500,CREATED,idem-20260902-ios-3461
3462,MTR-IOS-3462,Business,Business,Business Operations,Vendor,Expense,2025-12-27,14:30:45,2025-12-27 14:30:45,69729.43,INR,-69729.43,IOS Owner,,,MAESTRO-IOS-BUSINESS-BUSINESS_OPERATIONS-3462 | Vendor | 69729.43,iPhone,B70,STRESS_3001_3500,CREATED,idem-20260902-ios-3462
3463,MTR-IOS-3463,Personal,Personal,Life Operations,Healthcare,Expense,2026-01-09,00:45:42,2026-01-09 00:45:42,7783.6,INR,-7783.6,IOS Owner,,,MAESTRO-IOS-PERSONAL-LIFE_OPERATIONS-3463 | Healthcare | 7783.60,iPhone,B70,STRESS_3001_3500,CREATED,idem-20260902-ios-3463
3464,MTR-IOS-3464,Group,Shared Living,Family Household,Utilities,Expense,2025-09-17,14:22:08,2025-09-17 14:22:08,20052.1,INR,-20052.1,IOS Meera,3,EXACT,MAESTRO-IOS-GROUP-FAMILY_HOUSEHOLD-3464 | Utilities | 20052.10,iPhone,B70,STRESS_3001_3500,CREATED,idem-20260902-ios-3464
3465,MTR-IOS-3465,Business,Business,Business Operations,Tax,Expense,2026-04-27,01:29:26,2026-04-27 01:29:26,26131.05,INR,-26131.05,IOS Owner,,,MAESTRO-IOS-BUSINESS-BUSINESS_OPERATIONS-3465 | Tax | 26131.05,iPhone,B70,STRESS_3001_3500,CREATED,idem-20260902-ios-3465
3466,MTR-IOS-3466,Personal,Personal,Life Operations,Subscriptions,Expense,2026-03-18,13:29:39,2026-03-18 13:29:39,17530.28,INR,-17530.28,IOS Owner,,,MAESTRO-IOS-PERSONAL-LIFE_OPERATIONS-3466 | Subscriptions | 17530.28,iPhone,B70,STRESS_3001_3500,CREATED,idem-20260902-ios-3466
3467,MTR-IOS-3467,Group,Shared Living,Family Household,Healthcare,Expense,2026-06-09,01:24:04,2026-06-09 01:24:04,9702.92,INR,-9702.92,IOS Owner,3,SHARES,MAESTRO-IOS-GROUP-FAMILY_HOUSEHOLD-3467 | Healthcare | 9702.92,iPhone,B70,STRESS_3001_3500,CREATED,idem-20260902-ios-3467
3468,MTR-IOS-3468,Business,Business,Team Operations,Payroll,Expense,2025-11-24,14:47:21,2025-11-24 14:47:21,457.12,INR,-457.12,IOS Owner,,,MAESTRO-IOS-BUSINESS-TEAM_OPERATIONS-3468 | Payroll | 457.12,iPhone,B70,STRESS_3001_3500,CREATED,idem-20260902-ios-3468
3469,MTR-IOS-3469,Personal,Personal,Life Operations,Repairs,Expense,2026-05-20,05:44:35,2026-05-20 05:44:35,13581.23,INR,-13581.23,IOS Owner,,,MAESTRO-IOS-PERSONAL-LIFE_OPERATIONS-3469 | Repairs | 13581.23,iPhone,B70,STRESS_3001_3500,CREATED,idem-20260902-ios-3469
3470,MTR-IOS-3470,Group,Shared Living,Family Household,School,Expense,2026-05-14,06:51:01,2026-05-14 06:51:01,18566.61,INR,-18566.61,IOS Aarav,3,EQUAL,MAESTRO-IOS-GROUP-FAMILY_HOUSEHOLD-3470 | School | 18566.61,iPhone,B70,STRESS_3001_3500,CREATED,idem-20260902-ios-3470
3471,MTR-IOS-3471,Business,Business,Team Operations,Contractor,Expense,2026-01-01,15:17:57,2026-01-01 15:17:57,175.19,INR,-175.19,IOS Owner,,,MAESTRO-IOS-BUSINESS-TEAM_OPERATIONS-3471 | Contractor | 175.19,iPhone,B70,STRESS_3001_3500,CREATED,idem-20260902-ios-3471
3472,MTR-IOS-3472,Personal,Personal,Future Building,Savings,Transfer,2026-04-22,09:06:43,2026-04-22 09:06:43,13018.0,INR,0.0,IOS Owner,,,MAESTRO-IOS-PERSONAL-FUTURE_BUILDING-3472 | Savings | 13018.00,iPhone,B70,STRESS_3001_3500,CREATED,idem-20260902-ios-3472
3473,MTR-IOS-3473,Group,Shared Living,Family Household,Other,Expense,2026-05-04,18:51:33,2026-05-04 18:51:33,21578.91,INR,-21578.91,IOS Meera,3,PERCENTAGE,MAESTRO-IOS-GROUP-FAMILY_HOUSEHOLD-3473 | Other | 21578.91,iPhone,B70,STRESS_3001_3500,CREATED,idem-20260902-ios-3473
3474,MTR-IOS-3474,Business,Business,Team Operations,Hiring,Expense,2026-07-21,00:18:43,2026-07-21 00:18:43,67719.68,INR,-67719.68,IOS Owner,,,MAESTRO-IOS-BUSINESS-TEAM_OPERATIONS-3474 | Hiring | 67719.68,iPhone,B70,STRESS_3001_3500,CREATED,idem-20260902-ios-3474
3475,MTR-IOS-3475,Personal,Personal,Future Building,Emergency Fund,Transfer,2025-09-25,11:04:53,2025-09-25 11:04:53,5143.06,INR,0.0,IOS Owner,,,MAESTRO-IOS-PERSONAL-FUTURE_BUILDING-3475 | Emergency Fund | 5143.06,iPhone,B70,STRESS_3001_3500,CREATED,idem-20260902-ios-3475
3476,MTR-IOS-3476,Group,Shared Living,Custom Living,Custom Expense,Expense,2026-08-16,12:00:00,2026-08-16 12:00:00,26647.12,INR,-26647.12,IOS Owner,3,EXACT,MAESTRO-IOS-GROUP-CUSTOM_LIVING-3476 | Custom Expense | 26647.12,iPhone,B70,STRESS_3001_3500,CREATED,idem-20260902-ios-3476
3477,MTR-IOS-3477,Business,Business,Team Operations,Team Meal,Expense,2026-01-26,22:33:34,2026-01-26 22:33:34,10147.39,INR,-10147.39,IOS Owner,,,MAESTRO-IOS-BUSINESS-TEAM_OPERATIONS-3477 | Team Meal | 10147.39,iPhone,B70,STRESS_3001_3500,CREATED,idem-20260902-ios-3477
3478,MTR-IOS-3478,Personal,Personal,Future Building,Investments,Investment,2026-04-22,03:45:55,2026-04-22 03:45:55,999.99,INR,0.0,IOS Owner,,,MAESTRO-IOS-PERSONAL-FUTURE_BUILDING-3478 | Investments | 999.99,iPhone,B70,STRESS_3001_3500,CREATED,idem-20260902-ios-3478
3479,MTR-IOS-3479,Group,Shared Living,Custom Living,Custom Contribution,Contribution,2025-12-10,10:04:24,2025-12-10 10:04:24,15722.32,INR,15722.32,IOS Aarav,3,SHARES,MAESTRO-IOS-GROUP-CUSTOM_LIVING-3479 | Custom Contribution | 15722.32,iPhone,B70,STRESS_3001_3500,CREATED,idem-20260902-ios-3479
3480,MTR-IOS-3480,Business,Business,Team Operations,Travel,Expense,2026-06-04,03:15:48,2026-06-04 03:15:48,95304.75,INR,-95304.75,IOS Owner,,,MAESTRO-IOS-BUSINESS-TEAM_OPERATIONS-3480 | Travel | 95304.75,iPhone,B70,STRESS_3001_3500,CREATED,idem-20260902-ios-3480
3481,MTR-IOS-3481,Personal,Personal,Future Building,Education,Expense,2026-05-19,02:54:58,2026-05-19 02:54:58,12129.91,INR,-12129.91,IOS Owner,,,MAESTRO-IOS-PERSONAL-FUTURE_BUILDING-3481 | Education | 12129.91,iPhone,B70,STRESS_3001_3500,CREATED,idem-20260902-ios-3481
3482,MTR-IOS-3482,Group,Shared Experience,Trip,Travel,Expense,2026-07-02,15:20:14,2026-07-02 15:20:14,3176.09,INR,-3176.09,IOS Meera,3,EQUAL,MAESTRO-IOS-GROUP-TRIP-3482 | Travel | 3176.09,iPhone,B70,STRESS_3001_3500,CREATED,idem-20260902-ios-3482
3483,MTR-IOS-3483,Business,Business,Team Operations,Training,Expense,2025-10-07,17:47:22,2025-10-07 17:47:22,69731.03,INR,-69731.03,IOS Owner,,,MAESTRO-IOS-BUSINESS-TEAM_OPERATIONS-3483 | Training | 69731.03,iPhone,B70,STRESS_3001_3500,CREATED,idem-20260902-ios-3483
3484,MTR-IOS-3484,Personal,Personal,Future Building,Goal Contribution,Transfer,2026-08-12,06:00:56,2026-08-12 06:00:56,4893.78,INR,0.0,IOS Owner,,,MAESTRO-IOS-PERSONAL-FUTURE_BUILDING-3484 | Goal Contribution | 4893.78,iPhone,B70,STRESS_3001_3500,CREATED,idem-20260902-ios-3484
3485,MTR-IOS-3485,Group,Shared Experience,Trip,Stay,Expense,2026-05-27,15:35:42,2026-05-27 15:35:42,24752.73,INR,-24752.73,IOS Owner,3,PERCENTAGE,MAESTRO-IOS-GROUP-TRIP-3485 | Stay | 24752.73,iPhone,B70,STRESS_3001_3500,CREATED,idem-20260902-ios-3485
3486,MTR-IOS-3486,Business,Business,Team Operations,Tools,Expense,2026-01-12,09:59:00,2026-01-12 09:59:00,99439.38,INR,-99439.38,IOS Owner,,,MAESTRO-IOS-BUSINESS-TEAM_OPERATIONS-3486 | Tools | 99439.38,iPhone,B70,STRESS_3001_3500,CREATED,idem-20260902-ios-3486
3487,MTR-IOS-3487,Personal,Personal,Lifestyle,Dining,Expense,2025-11-03,06:31:07,2025-11-03 06:31:07,5327.25,INR,-5327.25,IOS Owner,,,MAESTRO-IOS-PERSONAL-LIFESTYLE-3487 | Dining | 5327.25,iPhone,B70,STRESS_3001_3500,CREATED,idem-20260902-ios-3487
3488,MTR-IOS-3488,Group,Shared Experience,Trip,Food,Expense,2025-11-26,11:24:14,2025-11-26 11:24:14,7373.69,INR,-7373.69,IOS Aarav,3,EXACT,MAESTRO-IOS-GROUP-TRIP-3488 | Food | 7373.69,iPhone,B70,STRESS_3001_3500,CREATED,idem-20260902-ios-3488
3489,MTR-IOS-3489,Business,Business,Business Runway,Funding,Income,2025-09-24,07:13:06,2025-09-24 07:13:06,146456.46,INR,146456.46,IOS Owner,,,MAESTRO-IOS-BUSINESS-BUSINESS_RUNWAY-3489 | Funding | 146456.46,iPhone,B70,STRESS_3001_3500,CREATED,idem-20260902-ios-3489
3490,MTR-IOS-3490,Personal,Personal,Lifestyle,Shopping,Expense,2026-01-08,09:41:24,2026-01-08 09:41:24,5930.56,INR,-5930.56,IOS Owner,,,MAESTRO-IOS-PERSONAL-LIFESTYLE-3490 | Shopping | 5930.56,iPhone,B70,STRESS_3001_3500,CREATED,idem-20260902-ios-3490
3491,MTR-IOS-3491,Group,Shared Experience,Trip,Local Transport,Expense,2026-01-25,22:34:39,2026-01-25 22:34:39,16237.35,INR,-16237.35,IOS Meera,3,SHARES,MAESTRO-IOS-GROUP-TRIP-3491 | Local Transport | 16237.35,iPhone,B70,STRESS_3001_3500,CREATED,idem-20260902-ios-3491
3492,MTR-IOS-3492,Business,Business,Business Runway,Revenue,Income,2026-02-07,22:32:02,2026-02-07 22:32:02,12511.5,INR,12511.5,IOS Owner,,,MAESTRO-IOS-BUSINESS-BUSINESS_RUNWAY-3492 | Revenue | 12511.50,iPhone,B70,STRESS_3001_3500,CREATED,idem-20260902-ios-3492
3493,MTR-IOS-3493,Personal,Personal,Lifestyle,Entertainment,Expense,2026-03-12,15:54:48,2026-03-12 15:54:48,4050.29,INR,-4050.29,IOS Owner,,,MAESTRO-IOS-PERSONAL-LIFESTYLE-3493 | Entertainment | 4050.29,iPhone,B70,STRESS_3001_3500,CREATED,idem-20260902-ios-3493
3494,MTR-IOS-3494,Group,Shared Experience,Trip,Activities,Expense,2026-08-12,08:50:51,2026-08-12 08:50:51,7757.42,INR,-7757.42,IOS Owner,3,EQUAL,MAESTRO-IOS-GROUP-TRIP-3494 | Activities | 7757.42,iPhone,B70,STRESS_3001_3500,CREATED,idem-20260902-ios-3494
3495,MTR-IOS-3495,Business,Business,Business Runway,Burn,Expense,2026-04-21,16:07:42,2026-04-21 16:07:42,124971.43,INR,-124971.43,IOS Owner,,,MAESTRO-IOS-BUSINESS-BUSINESS_RUNWAY-3495 | Burn | 124971.43,iPhone,B70,STRESS_3001_3500,CREATED,idem-20260902-ios-3495
3496,MTR-IOS-3496,Personal,Personal,Lifestyle,Travel,Expense,2026-04-16,22:02:08,2026-04-16 22:02:08,9277.89,INR,-9277.89,IOS Owner,,,MAESTRO-IOS-PERSONAL-LIFESTYLE-3496 | Travel | 9277.89,iPhone,B70,STRESS_3001_3500,CREATED,idem-20260902-ios-3496
3497,MTR-IOS-3497,Group,Shared Experience,Trip,Shopping,Expense,2026-01-08,05:20:06,2026-01-08 05:20:06,10742.68,INR,-10742.68,IOS Aarav,3,PERCENTAGE,MAESTRO-IOS-GROUP-TRIP-3497 | Shopping | 10742.68,iPhone,B70,STRESS_3001_3500,CREATED,idem-20260902-ios-3497
3498,MTR-IOS-3498,Business,Business,Business Runway,Reserve,Transfer,2026-05-10,21:49:00,2026-05-10 21:49:00,44037.85,INR,0.0,IOS Owner,,,MAESTRO-IOS-BUSINESS-BUSINESS_RUNWAY-3498 | Reserve | 44037.85,iPhone,B70,STRESS_3001_3500,CREATED,idem-20260902-ios-3498
3499,MTR-IOS-3499,Personal,Personal,Lifestyle,Fitness,Expense,2026-07-26,11:56:51,2026-07-26 11:56:51,10501.42,INR,-10501.42,IOS Owner,,,MAESTRO-IOS-PERSONAL-LIFESTYLE-3499 | Fitness | 10501.42,iPhone,B70,STRESS_3001_3500,CREATED,idem-20260902-ios-3499
3500,MTR-IOS-3500,Group,Shared Experience,Trip,Other,Expense,2026-02-11,07:51:55,2026-02-11 07:51:55,21962.77,INR,-21962.77,IOS Meera,3,EXACT,MAESTRO-IOS-GROUP-TRIP-3500 | Other | 21962.77,iPhone,B70,STRESS_3001_3500,CREATED,idem-20260902-ios-3500
